AOI_ID,AOI_geometry_hash,GEE_collection_ID,acquisition_datetime,active_source_revision,cloud_cover,exclusion_reason,experiment_design_hash,identity_correction,included,legacy_system_id,manifest_version,nominal_date,platform,processing_baseline_if_available,processing_version,product_version,query_config_hash,sensor,source_manifest_hash,system:id,system:index,system:time_start,window_end,window_start,year
AOI-00,1546767a1ff01463f1bf4ea81cd86b44fbf42ba20f48c2d45d50120a3bab3ca5,LANDSAT/LC08/C02/T1_L2,2021-07-11T03:56:01.641000+00:00,final-source-scenes-r2-asset-verified,53.93,,b21c8cc7f3d4d35e1db4dfa1c8245ff10ba657c0a0a001992b552808766cc49b,REMOVE_SYNTHETIC_MERGE_PREFIX;BIND_PLATFORM_COLLECTION;RESTORE_SYSTEM_INDEX,True,LANDSAT/LC08/C02/T1_L2/1_LC08_133034_20210711,source-scenes-v1,2021-07-20,LANDSAT_8,LPGS_15.5.0,LPGS_15.5.0,Collection 2,2ef76b08ee65ba9e04a7b72242f96fa096107e8e8fd786ef55285c06d4216fd9,landsat,d554e57d7b386431b65dfa5d321fbacd96298f029536596f43e3958252ad2938,LANDSAT/LC08/C02/T1_L2/LC08_133034_20210711,LC08_133034_20210711,1625975761641,2021-08-04,2021-07-05,2021
AOI-00,1546767a1ff01463f1bf4ea81cd86b44fbf42ba20f48c2d45d50120a3bab3ca5,LANDSAT/LC08/C02/T1_L2,2021-07-27T03:56:08.143000+00:00,final-source-scenes-r2-asset-verified,70.34,,b21c8cc7f3d4d35e1db4dfa1c8245ff10ba657c0a0a001992b552808766cc49b,REMOVE_SYNTHETIC_MERGE_PREFIX;BIND_PLATFORM_COLLECTION;RESTORE_SYSTEM_INDEX,True,LANDSAT/LC08/C02/T1_L2/1_LC08_133034_20210727,source-scenes-v1,2021-07-20,LANDSAT_8,LPGS_15.5.0,LPGS_15.5.0,Collection 2,2ef76b08ee65ba9e04a7b72242f96fa096107e8e8fd786ef55285c06d4216fd9,landsat,d554e57d7b386431b65dfa5d321fbacd96298f029536596f43e3958252ad2938,LANDSAT/LC08/C02/T1_L2/LC08_133034_20210727,LC08_133034_20210727,1627358168143,2021-08-04,2021-07-05,2021
AOI-00,1546767a1ff01463f1bf4ea81cd86b44fbf42ba20f48c2d45d50120a3bab3ca5,LANDSAT/LC08/C02/T1_L2,2021-08-12T03:56:14.867000+00:00,final-source-scenes-r2-asset-verified,74.34,OUTSIDE_NOMINAL_WINDOW,b21c8cc7f3d4d35e1db4dfa1c8245ff10ba657c0a0a001992b552808766cc49b,REMOVE_SYNTHETIC_MERGE_PREFIX;BIND_PLATFORM_COLLECTION;RESTORE_SYSTEM_INDEX,False,LANDSAT/LC08/C02/T1_L2/1_LC08_133034_20210812,source-scenes-v1,2021-07-20,LANDSAT_8,LPGS_15.5.0,LPGS_15.5.0,Collection 2,2ef76b08ee65ba9e04a7b72242f96fa096107e8e8fd786ef55285c06d4216fd9,landsat,d554e57d7b386431b65dfa5d321fbacd96298f029536596f43e3958252ad2938,LANDSAT/LC08/C02/T1_L2/LC08_133034_20210812,LC08_133034_20210812,1628740574867,2021-08-04,2021-07-05,2021
AOI-00,1546767a1ff01463f1bf4ea81cd86b44fbf42ba20f48c2d45d50120a3bab3ca5,LANDSAT/LC08/C02/T1_L2,2021-07-18T04:01:50.024000+00:00,final-source-scenes-r2-asset-verified,9.27,,b21c8cc7f3d4d35e1db4dfa1c8245ff10ba657c0a0a001992b552808766cc49b,REMOVE_SYNTHETIC_MERGE_PREFIX;BIND_PLATFORM_COLLECTION;RESTORE_SYSTEM_INDEX,True,LANDSAT/LC08/C02/T1_L2/1_LC08_134033_20210718,source-scenes-v1,2021-07-20,LANDSAT_8,LPGS_15.5.0,LPGS_15.5.0,Collection 2,2ef76b08ee65ba9e04a7b72242f96fa096107e8e8fd786ef55285c06d4216fd9,landsat,d554e57d7b386431b65dfa5d321fbacd96298f029536596f43e3958252ad2938,LANDSAT/LC08/C02/T1_L2/LC08_134033_20210718,LC08_134033_20210718,1626580910024,2021-08-04,2021-07-05,2021
AOI-00,1546767a1ff01463f1bf4ea81cd86b44fbf42ba20f48c2d45d50120a3bab3ca5,LANDSAT/LC08/C02/T1_L2,2021-08-03T04:01:58.323000+00:00,final-source-scenes-r2-asset-verified,26.4,,b21c8cc7f3d4d35e1db4dfa1c8245ff10ba657c0a0a001992b552808766cc49b,REMOVE_SYNTHETIC_MERGE_PREFIX;BIND_PLATFORM_COLLECTION;RESTORE_SYSTEM_INDEX,True,LANDSAT/LC08/C02/T1_L2/1_LC08_134033_20210803,source-scenes-v1,2021-07-20,LANDSAT_8,LPGS_15.5.0,LPGS_15.5.0,Collection 2,2ef76b08ee65ba9e04a7b72242f96fa096107e8e8fd786ef55285c06d4216fd9,landsat,d554e57d7b386431b65dfa5d321fbacd96298f029536596f43e3958252ad2938,LANDSAT/LC08/C02/T1_L2/LC08_134033_20210803,LC08_134033_20210803,1627963318323,2021-08-04,2021-07-05,2021
AOI-00,1546767a1ff01463f1bf4ea81cd86b44fbf42ba20f48c2d45d50120a3bab3ca5,LANDSAT/LC08/C02/T1_L2,2021-08-19T04:02:03.915000+00:00,final-source-scenes-r2-asset-verified,3.53,OUTSIDE_NOMINAL_WINDOW,b21c8cc7f3d4d35e1db4dfa1c8245ff10ba657c0a0a001992b552808766cc49b,REMOVE_SYNTHETIC_MERGE_PREFIX;BIND_PLATFORM_COLLECTION;RESTORE_SYSTEM_INDEX,False,LANDSAT/LC08/C02/T1_L2/1_LC08_134033_20210819,source-scenes-v1,2021-07-20,LANDSAT_8,LPGS_15.5.0,LPGS_15.5.0,Collection 2,2ef76b08ee65ba9e04a7b72242f96fa096107e8e8fd786ef55285c06d4216fd9,landsat,d554e57d7b386431b65dfa5d321fbacd96298f029536596f43e3958252ad2938,LANDSAT/LC08/C02/T1_L2/LC08_134033_20210819,LC08_134033_20210819,1629345723915,2021-08-04,2021-07-05,2021
AOI-00,1546767a1ff01463f1bf4ea81cd86b44fbf42ba20f48c2d45d50120a3bab3ca5,LANDSAT/LC08/C02/T1_L2,2021-07-18T04:02:13.911000+00:00,final-source-scenes-r2-asset-verified,11.5,,b21c8cc7f3d4d35e1db4dfa1c8245ff10ba657c0a0a001992b552808766cc49b,REMOVE_SYNTHETIC_MERGE_PREFIX;BIND_PLATFORM_COLLECTION;RESTORE_SYSTEM_INDEX,True,LANDSAT/LC08/C02/T1_L2/1_LC08_134034_20210718,source-scenes-v1,2021-07-20,LANDSAT_8,LPGS_15.5.0,LPGS_15.5.0,Collection 2,2ef76b08ee65ba9e04a7b72242f96fa096107e8e8fd786ef55285c06d4216fd9,landsat,d554e57d7b386431b65dfa5d321fbacd96298f029536596f43e3958252ad2938,LANDSAT/LC08/C02/T1_L2/LC08_134034_20210718,LC08_134034_20210718,1626580933911,2021-08-04,2021-07-05,2021
AOI-00,1546767a1ff01463f1bf4ea81cd86b44fbf42ba20f48c2d45d50120a3bab3ca5,LANDSAT/LC08/C02/T1_L2,2021-08-03T04:02:22.214000+00:00,final-source-scenes-r2-asset-verified,75.5,,b21c8cc7f3d4d35e1db4dfa1c8245ff10ba657c0a0a001992b552808766cc49b,REMOVE_SYNTHETIC_MERGE_PREFIX;BIND_PLATFORM_COLLECTION;RESTORE_SYSTEM_INDEX,True,LANDSAT/LC08/C02/T1_L2/1_LC08_134034_20210803,source-scenes-v1,2021-07-20,LANDSAT_8,LPGS_15.5.0,LPGS_15.5.0,Collection 2,2ef76b08ee65ba9e04a7b72242f96fa096107e8e8fd786ef55285c06d4216fd9,landsat,d554e57d7b386431b65dfa5d321fbacd96298f029536596f43e3958252ad2938,LANDSAT/LC08/C02/T1_L2/LC08_134034_20210803,LC08_134034_20210803,1627963342214,2021-08-04,2021-07-05,2021
AOI-00,1546767a1ff01463f1bf4ea81cd86b44fbf42ba20f48c2d45d50120a3bab3ca5,LANDSAT/LC08/C02/T1_L2,2021-08-19T04:02:27.802000+00:00,final-source-scenes-r2-asset-verified,9.21,OUTSIDE_NOMINAL_WINDOW,b21c8cc7f3d4d35e1db4dfa1c8245ff10ba657c0a0a001992b552808766cc49b,REMOVE_SYNTHETIC_MERGE_PREFIX;BIND_PLATFORM_COLLECTION;RESTORE_SYSTEM_INDEX,False,LANDSAT/LC08/C02/T1_L2/1_LC08_134034_20210819,source-scenes-v1,2021-07-20,LANDSAT_8,LPGS_15.5.0,LPGS_15.5.0,Collection 2,2ef76b08ee65ba9e04a7b72242f96fa096107e8e8fd786ef55285c06d4216fd9,landsat,d554e57d7b386431b65dfa5d321fbacd96298f029536596f43e3958252ad2938,LANDSAT/LC08/C02/T1_L2/LC08_134034_20210819,LC08_134034_20210819,1629345747802,2021-08-04,2021-07-05,2021
AOI-00,1546767a1ff01463f1bf4ea81cd86b44fbf42ba20f48c2d45d50120a3bab3ca5,LANDSAT/LC08/C02/T1_L2,2021-07-11T03:56:01.641000+00:00,final-source-scenes-r2-asset-verified,53.93,OUTSIDE_NOMINAL_WINDOW,b21c8cc7f3d4d35e1db4dfa1c8245ff10ba657c0a0a001992b552808766cc49b,REMOVE_SYNTHETIC_MERGE_PREFIX;BIND_PLATFORM_COLLECTION;RESTORE_SYSTEM_INDEX,False,LANDSAT/LC08/C02/T1_L2/1_LC08_133034_20210711,source-scenes-v1,2021-07-31,LANDSAT_8,LPGS_15.5.0,LPGS_15.5.0,Collection 2,a877cb840f64dfb8b5791aeae8a8bba199d6cb60570269c12072d22284af6c52,landsat,f817c59efe1e9935c07471310ddd41c039fc624ed857c23082e14a07e318afb1,LANDSAT/LC08/C02/T1_L2/LC08_133034_20210711,LC08_133034_20210711,1625975761641,2021-08-15,2021-07-16,2021
AOI-00,1546767a1ff01463f1bf4ea81cd86b44fbf42ba20f48c2d45d50120a3bab3ca5,LANDSAT/LC08/C02/T1_L2,2021-07-27T03:56:08.143000+00:00,final-source-scenes-r2-asset-verified,70.34,,b21c8cc7f3d4d35e1db4dfa1c8245ff10ba657c0a0a001992b552808766cc49b,REMOVE_SYNTHETIC_MERGE_PREFIX;BIND_PLATFORM_COLLECTION;RESTORE_SYSTEM_INDEX,True,LANDSAT/LC08/C02/T1_L2/1_LC08_133034_20210727,source-scenes-v1,2021-07-31,LANDSAT_8,LPGS_15.5.0,LPGS_15.5.0,Collection 2,a877cb840f64dfb8b5791aeae8a8bba199d6cb60570269c12072d22284af6c52,landsat,f817c59efe1e9935c07471310ddd41c039fc624ed857c23082e14a07e318afb1,LANDSAT/LC08/C02/T1_L2/LC08_133034_20210727,LC08_133034_20210727,1627358168143,2021-08-15,2021-07-16,2021
AOI-00,1546767a1ff01463f1bf4ea81cd86b44fbf42ba20f48c2d45d50120a3bab3ca5,LANDSAT/LC08/C02/T1_L2,2021-08-12T03:56:14.867000+00:00,final-source-scenes-r2-asset-verified,74.34,,b21c8cc7f3d4d35e1db4dfa1c8245ff10ba657c0a0a001992b552808766cc49b,REMOVE_SYNTHETIC_MERGE_PREFIX;BIND_PLATFORM_COLLECTION;RESTORE_SYSTEM_INDEX,True,LANDSAT/LC08/C02/T1_L2/1_LC08_133034_20210812,source-scenes-v1,2021-07-31,LANDSAT_8,LPGS_15.5.0,LPGS_15.5.0,Collection 2,a877cb840f64dfb8b5791aeae8a8bba199d6cb60570269c12072d22284af6c52,landsat,f817c59efe1e9935c07471310ddd41c039fc624ed857c23082e14a07e318afb1,LANDSAT/LC08/C02/T1_L2/LC08_133034_20210812,LC08_133034_20210812,1628740574867,2021-08-15,2021-07-16,2021
AOI-00,1546767a1ff01463f1bf4ea81cd86b44fbf42ba20f48c2d45d50120a3bab3ca5,LANDSAT/LC08/C02/T1_L2,2021-07-18T04:01:50.024000+00:00,final-source-scenes-r2-asset-verified,9.27,,b21c8cc7f3d4d35e1db4dfa1c8245ff10ba657c0a0a001992b552808766cc49b,REMOVE_SYNTHETIC_MERGE_PREFIX;BIND_PLATFORM_COLLECTION;RESTORE_SYSTEM_INDEX,True,LANDSAT/LC08/C02/T1_L2/1_LC08_134033_20210718,source-scenes-v1,2021-07-31,LANDSAT_8,LPGS_15.5.0,LPGS_15.5.0,Collection 2,a877cb840f64dfb8b5791aeae8a8bba199d6cb60570269c12072d22284af6c52,landsat,f817c59efe1e9935c07471310ddd41c039fc624ed857c23082e14a07e318afb1,LANDSAT/LC08/C02/T1_L2/LC08_134033_20210718,LC08_134033_20210718,1626580910024,2021-08-15,2021-07-16,2021
AOI-00,1546767a1ff01463f1bf4ea81cd86b44fbf42ba20f48c2d45d50120a3bab3ca5,LANDSAT/LC08/C02/T1_L2,2021-08-03T04:01:58.323000+00:00,final-source-scenes-r2-asset-verified,26.4,,b21c8cc7f3d4d35e1db4dfa1c8245ff10ba657c0a0a001992b552808766cc49b,REMOVE_SYNTHETIC_MERGE_PREFIX;BIND_PLATFORM_COLLECTION;RESTORE_SYSTEM_INDEX,True,LANDSAT/LC08/C02/T1_L2/1_LC08_134033_20210803,source-scenes-v1,2021-07-31,LANDSAT_8,LPGS_15.5.0,LPGS_15.5.0,Collection 2,a877cb840f64dfb8b5791aeae8a8bba199d6cb60570269c12072d22284af6c52,landsat,f817c59efe1e9935c07471310ddd41c039fc624ed857c23082e14a07e318afb1,LANDSAT/LC08/C02/T1_L2/LC08_134033_20210803,LC08_134033_20210803,1627963318323,2021-08-15,2021-07-16,2021
AOI-00,1546767a1ff01463f1bf4ea81cd86b44fbf42ba20f48c2d45d50120a3bab3ca5,LANDSAT/LC08/C02/T1_L2,2021-08-19T04:02:03.915000+00:00,final-source-scenes-r2-asset-verified,3.53,OUTSIDE_NOMINAL_WINDOW,b21c8cc7f3d4d35e1db4dfa1c8245ff10ba657c0a0a001992b552808766cc49b,REMOVE_SYNTHETIC_MERGE_PREFIX;BIND_PLATFORM_COLLECTION;RESTORE_SYSTEM_INDEX,False,LANDSAT/LC08/C02/T1_L2/1_LC08_134033_20210819,source-scenes-v1,2021-07-31,LANDSAT_8,LPGS_15.5.0,LPGS_15.5.0,Collection 2,a877cb840f64dfb8b5791aeae8a8bba199d6cb60570269c12072d22284af6c52,landsat,f817c59efe1e9935c07471310ddd41c039fc624ed857c23082e14a07e318afb1,LANDSAT/LC08/C02/T1_L2/LC08_134033_20210819,LC08_134033_20210819,1629345723915,2021-08-15,2021-07-16,2021
AOI-00,1546767a1ff01463f1bf4ea81cd86b44fbf42ba20f48c2d45d50120a3bab3ca5,LANDSAT/LC08/C02/T1_L2,2021-07-18T04:02:13.911000+00:00,final-source-scenes-r2-asset-verified,11.5,,b21c8cc7f3d4d35e1db4dfa1c8245ff10ba657c0a0a001992b552808766cc49b,REMOVE_SYNTHETIC_MERGE_PREFIX;BIND_PLATFORM_COLLECTION;RESTORE_SYSTEM_INDEX,True,LANDSAT/LC08/C02/T1_L2/1_LC08_134034_20210718,source-scenes-v1,2021-07-31,LANDSAT_8,LPGS_15.5.0,LPGS_15.5.0,Collection 2,a877cb840f64dfb8b5791aeae8a8bba199d6cb60570269c12072d22284af6c52,landsat,f817c59efe1e9935c07471310ddd41c039fc624ed857c23082e14a07e318afb1,LANDSAT/LC08/C02/T1_L2/LC08_134034_20210718,LC08_134034_20210718,1626580933911,2021-08-15,2021-07-16,2021
AOI-00,1546767a1ff01463f1bf4ea81cd86b44fbf42ba20f48c2d45d50120a3bab3ca5,LANDSAT/LC08/C02/T1_L2,2021-08-03T04:02:22.214000+00:00,final-source-scenes-r2-asset-verified,75.5,,b21c8cc7f3d4d35e1db4dfa1c8245ff10ba657c0a0a001992b552808766cc49b,REMOVE_SYNTHETIC_MERGE_PREFIX;BIND_PLATFORM_COLLECTION;RESTORE_SYSTEM_INDEX,True,LANDSAT/LC08/C02/T1_L2/1_LC08_134034_20210803,source-scenes-v1,2021-07-31,LANDSAT_8,LPGS_15.5.0,LPGS_15.5.0,Collection 2,a877cb840f64dfb8b5791aeae8a8bba199d6cb60570269c12072d22284af6c52,landsat,f817c59efe1e9935c07471310ddd41c039fc624ed857c23082e14a07e318afb1,LANDSAT/LC08/C02/T1_L2/LC08_134034_20210803,LC08_134034_20210803,1627963342214,2021-08-15,2021-07-16,2021
AOI-00,1546767a1ff01463f1bf4ea81cd86b44fbf42ba20f48c2d45d50120a3bab3ca5,LANDSAT/LC08/C02/T1_L2,2021-08-19T04:02:27.802000+00:00,final-source-scenes-r2-asset-verified,9.21,OUTSIDE_NOMINAL_WINDOW,b21c8cc7f3d4d35e1db4dfa1c8245ff10ba657c0a0a001992b552808766cc49b,REMOVE_SYNTHETIC_MERGE_PREFIX;BIND_PLATFORM_COLLECTION;RESTORE_SYSTEM_INDEX,False,LANDSAT/LC08/C02/T1_L2/1_LC08_134034_20210819,source-scenes-v1,2021-07-31,LANDSAT_8,LPGS_15.5.0,LPGS_15.5.0,Collection 2,a877cb840f64dfb8b5791aeae8a8bba199d6cb60570269c12072d22284af6c52,landsat,f817c59efe1e9935c07471310ddd41c039fc624ed857c23082e14a07e318afb1,LANDSAT/LC08/C02/T1_L2/LC08_134034_20210819,LC08_134034_20210819,1629345747802,2021-08-15,2021-07-16,2021
AOI-00,1546767a1ff01463f1bf4ea81cd86b44fbf42ba20f48c2d45d50120a3bab3ca5,LANDSAT/LC08/C02/T1_L2,2021-07-11T03:56:01.641000+00:00,final-source-scenes-r2-asset-verified,53.93,OUTSIDE_NOMINAL_WINDOW,b21c8cc7f3d4d35e1db4dfa1c8245ff10ba657c0a0a001992b552808766cc49b,REMOVE_SYNTHETIC_MERGE_PREFIX;BIND_PLATFORM_COLLECTION;RESTORE_SYSTEM_INDEX,False,LANDSAT/LC08/C02/T1_L2/1_LC08_133034_20210711,source-scenes-v1,2021-08-10,LANDSAT_8,LPGS_15.5.0,LPGS_15.5.0,Collection 2,76e28feaff3b7cf5c2f5d9f5cc9673784161963fe377426ac55a941886a15502,landsat,d355331adac9a5fe26dce9b7279a6ad9b3407fdfe6850c6824c13cb967b2221d,LANDSAT/LC08/C02/T1_L2/LC08_133034_20210711,LC08_133034_20210711,1625975761641,2021-08-25,2021-07-26,2021
AOI-00,1546767a1ff01463f1bf4ea81cd86b44fbf42ba20f48c2d45d50120a3bab3ca5,LANDSAT/LC08/C02/T1_L2,2021-07-27T03:56:08.143000+00:00,final-source-scenes-r2-asset-verified,70.34,,b21c8cc7f3d4d35e1db4dfa1c8245ff10ba657c0a0a001992b552808766cc49b,REMOVE_SYNTHETIC_MERGE_PREFIX;BIND_PLATFORM_COLLECTION;RESTORE_SYSTEM_INDEX,True,LANDSAT/LC08/C02/T1_L2/1_LC08_133034_20210727,source-scenes-v1,2021-08-10,LANDSAT_8,LPGS_15.5.0,LPGS_15.5.0,Collection 2,76e28feaff3b7cf5c2f5d9f5cc9673784161963fe377426ac55a941886a15502,landsat,d355331adac9a5fe26dce9b7279a6ad9b3407fdfe6850c6824c13cb967b2221d,LANDSAT/LC08/C02/T1_L2/LC08_133034_20210727,LC08_133034_20210727,1627358168143,2021-08-25,2021-07-26,2021
AOI-00,1546767a1ff01463f1bf4ea81cd86b44fbf42ba20f48c2d45d50120a3bab3ca5,LANDSAT/LC08/C02/T1_L2,2021-08-12T03:56:14.867000+00:00,final-source-scenes-r2-asset-verified,74.34,,b21c8cc7f3d4d35e1db4dfa1c8245ff10ba657c0a0a001992b552808766cc49b,REMOVE_SYNTHETIC_MERGE_PREFIX;BIND_PLATFORM_COLLECTION;RESTORE_SYSTEM_INDEX,True,LANDSAT/LC08/C02/T1_L2/1_LC08_133034_20210812,source-scenes-v1,2021-08-10,LANDSAT_8,LPGS_15.5.0,LPGS_15.5.0,Collection 2,76e28feaff3b7cf5c2f5d9f5cc9673784161963fe377426ac55a941886a15502,landsat,d355331adac9a5fe26dce9b7279a6ad9b3407fdfe6850c6824c13cb967b2221d,LANDSAT/LC08/C02/T1_L2/LC08_133034_20210812,LC08_133034_20210812,1628740574867,2021-08-25,2021-07-26,2021
AOI-00,1546767a1ff01463f1bf4ea81cd86b44fbf42ba20f48c2d45d50120a3bab3ca5,LANDSAT/LC08/C02/T1_L2,2021-07-18T04:01:50.024000+00:00,final-source-scenes-r2-asset-verified,9.27,OUTSIDE_NOMINAL_WINDOW,b21c8cc7f3d4d35e1db4dfa1c8245ff10ba657c0a0a001992b552808766cc49b,REMOVE_SYNTHETIC_MERGE_PREFIX;BIND_PLATFORM_COLLECTION;RESTORE_SYSTEM_INDEX,False,LANDSAT/LC08/C02/T1_L2/1_LC08_134033_20210718,source-scenes-v1,2021-08-10,LANDSAT_8,LPGS_15.5.0,LPGS_15.5.0,Collection 2,76e28feaff3b7cf5c2f5d9f5cc9673784161963fe377426ac55a941886a15502,landsat,d355331adac9a5fe26dce9b7279a6ad9b3407fdfe6850c6824c13cb967b2221d,LANDSAT/LC08/C02/T1_L2/LC08_134033_20210718,LC08_134033_20210718,1626580910024,2021-08-25,2021-07-26,2021
AOI-00,1546767a1ff01463f1bf4ea81cd86b44fbf42ba20f48c2d45d50120a3bab3ca5,LANDSAT/LC08/C02/T1_L2,2021-08-03T04:01:58.323000+00:00,final-source-scenes-r2-asset-verified,26.4,,b21c8cc7f3d4d35e1db4dfa1c8245ff10ba657c0a0a001992b552808766cc49b,REMOVE_SYNTHETIC_MERGE_PREFIX;BIND_PLATFORM_COLLECTION;RESTORE_SYSTEM_INDEX,True,LANDSAT/LC08/C02/T1_L2/1_LC08_134033_20210803,source-scenes-v1,2021-08-10,LANDSAT_8,LPGS_15.5.0,LPGS_15.5.0,Collection 2,76e28feaff3b7cf5c2f5d9f5cc9673784161963fe377426ac55a941886a15502,landsat,d355331adac9a5fe26dce9b7279a6ad9b3407fdfe6850c6824c13cb967b2221d,LANDSAT/LC08/C02/T1_L2/LC08_134033_20210803,LC08_134033_20210803,1627963318323,2021-08-25,2021-07-26,2021
AOI-00,1546767a1ff01463f1bf4ea81cd86b44fbf42ba20f48c2d45d50120a3bab3ca5,LANDSAT/LC08/C02/T1_L2,2021-08-19T04:02:03.915000+00:00,final-source-scenes-r2-asset-verified,3.53,,b21c8cc7f3d4d35e1db4dfa1c8245ff10ba657c0a0a001992b552808766cc49b,REMOVE_SYNTHETIC_MERGE_PREFIX;BIND_PLATFORM_COLLECTION;RESTORE_SYSTEM_INDEX,True,LANDSAT/LC08/C02/T1_L2/1_LC08_134033_20210819,source-scenes-v1,2021-08-10,LANDSAT_8,LPGS_15.5.0,LPGS_15.5.0,Collection 2,76e28feaff3b7cf5c2f5d9f5cc9673784161963fe377426ac55a941886a15502,landsat,d355331adac9a5fe26dce9b7279a6ad9b3407fdfe6850c6824c13cb967b2221d,LANDSAT/LC08/C02/T1_L2/LC08_134033_20210819,LC08_134033_20210819,1629345723915,2021-08-25,2021-07-26,2021
AOI-00,1546767a1ff01463f1bf4ea81cd86b44fbf42ba20f48c2d45d50120a3bab3ca5,LANDSAT/LC08/C02/T1_L2,2021-07-18T04:02:13.911000+00:00,final-source-scenes-r2-asset-verified,11.5,OUTSIDE_NOMINAL_WINDOW,b21c8cc7f3d4d35e1db4dfa1c8245ff10ba657c0a0a001992b552808766cc49b,REMOVE_SYNTHETIC_MERGE_PREFIX;BIND_PLATFORM_COLLECTION;RESTORE_SYSTEM_INDEX,False,LANDSAT/LC08/C02/T1_L2/1_LC08_134034_20210718,source-scenes-v1,2021-08-10,LANDSAT_8,LPGS_15.5.0,LPGS_15.5.0,Collection 2,76e28feaff3b7cf5c2f5d9f5cc9673784161963fe377426ac55a941886a15502,landsat,d355331adac9a5fe26dce9b7279a6ad9b3407fdfe6850c6824c13cb967b2221d,LANDSAT/LC08/C02/T1_L2/LC08_134034_20210718,LC08_134034_20210718,1626580933911,2021-08-25,2021-07-26,2021
AOI-00,1546767a1ff01463f1bf4ea81cd86b44fbf42ba20f48c2d45d50120a3bab3ca5,LANDSAT/LC08/C02/T1_L2,2021-08-03T04:02:22.214000+00:00,final-source-scenes-r2-asset-verified,75.5,,b21c8cc7f3d4d35e1db4dfa1c8245ff10ba657c0a0a001992b552808766cc49b,REMOVE_SYNTHETIC_MERGE_PREFIX;BIND_PLATFORM_COLLECTION;RESTORE_SYSTEM_INDEX,True,LANDSAT/LC08/C02/T1_L2/1_LC08_134034_20210803,source-scenes-v1,2021-08-10,LANDSAT_8,LPGS_15.5.0,LPGS_15.5.0,Collection 2,76e28feaff3b7cf5c2f5d9f5cc9673784161963fe377426ac55a941886a15502,landsat,d355331adac9a5fe26dce9b7279a6ad9b3407fdfe6850c6824c13cb967b2221d,LANDSAT/LC08/C02/T1_L2/LC08_134034_20210803,LC08_134034_20210803,1627963342214,2021-08-25,2021-07-26,2021
AOI-00,1546767a1ff01463f1bf4ea81cd86b44fbf42ba20f48c2d45d50120a3bab3ca5,LANDSAT/LC08/C02/T1_L2,2021-08-19T04:02:27.802000+00:00,final-source-scenes-r2-asset-verified,9.21,,b21c8cc7f3d4d35e1db4dfa1c8245ff10ba657c0a0a001992b552808766cc49b,REMOVE_SYNTHETIC_MERGE_PREFIX;BIND_PLATFORM_COLLECTION;RESTORE_SYSTEM_INDEX,True,LANDSAT/LC08/C02/T1_L2/1_LC08_134034_20210819,source-scenes-v1,2021-08-10,LANDSAT_8,LPGS_15.5.0,LPGS_15.5.0,Collection 2,76e28feaff3b7cf5c2f5d9f5cc9673784161963fe377426ac55a941886a15502,landsat,d355331adac9a5fe26dce9b7279a6ad9b3407fdfe6850c6824c13cb967b2221d,LANDSAT/LC08/C02/T1_L2/LC08_134034_20210819,LC08_134034_20210819,1629345747802,2021-08-25,2021-07-26,2021
AOI-00,1546767a1ff01463f1bf4ea81cd86b44fbf42ba20f48c2d45d50120a3bab3ca5,LANDSAT/LC08/C02/T1_L2,2022-07-30T03:56:31.404000+00:00,final-source-scenes-r2-asset-verified,1.34,,b21c8cc7f3d4d35e1db4dfa1c8245ff10ba657c0a0a001992b552808766cc49b,REMOVE_SYNTHETIC_MERGE_PREFIX;BIND_PLATFORM_COLLECTION;RESTORE_SYSTEM_INDEX,True,LANDSAT/LC08/C02/T1_L2/1_LC08_133034_20220730,source-scenes-v1,2022-07-20,LANDSAT_8,LPGS_16.1.0,LPGS_16.1.0,Collection 2,7fdbc42cf147eed940481530b1a560f81012daf217e90c9840fa2ff7a03caff1,landsat,1b62e9de28749908f23805c4787fab1267e0e86497c5f419b8cdd4ffc6db431d,LANDSAT/LC08/C02/T1_L2/LC08_133034_20220730,LC08_133034_20220730,1659153391404,2022-08-04,2022-07-05,2022
AOI-00,1546767a1ff01463f1bf4ea81cd86b44fbf42ba20f48c2d45d50120a3bab3ca5,LANDSAT/LC08/C02/T1_L2,2022-07-05T04:02:08.745000+00:00,final-source-scenes-r2-asset-verified,0.7,,b21c8cc7f3d4d35e1db4dfa1c8245ff10ba657c0a0a001992b552808766cc49b,REMOVE_SYNTHETIC_MERGE_PREFIX;BIND_PLATFORM_COLLECTION;RESTORE_SYSTEM_INDEX,True,LANDSAT/LC08/C02/T1_L2/1_LC08_134033_20220705,source-scenes-v1,2022-07-20,LANDSAT_8,LPGS_16.1.0,LPGS_16.1.0,Collection 2,7fdbc42cf147eed940481530b1a560f81012daf217e90c9840fa2ff7a03caff1,landsat,1b62e9de28749908f23805c4787fab1267e0e86497c5f419b8cdd4ffc6db431d,LANDSAT/LC08/C02/T1_L2/LC08_134033_20220705,LC08_134033_20220705,1656993728745,2022-08-04,2022-07-05,2022
AOI-00,1546767a1ff01463f1bf4ea81cd86b44fbf42ba20f48c2d45d50120a3bab3ca5,LANDSAT/LC08/C02/T1_L2,2022-07-21T04:02:11.959000+00:00,final-source-scenes-r2-asset-verified,76.65,,b21c8cc7f3d4d35e1db4dfa1c8245ff10ba657c0a0a001992b552808766cc49b,REMOVE_SYNTHETIC_MERGE_PREFIX;BIND_PLATFORM_COLLECTION;RESTORE_SYSTEM_INDEX,True,LANDSAT/LC08/C02/T1_L2/1_LC08_134033_20220721,source-scenes-v1,2022-07-20,LANDSAT_8,LPGS_16.1.0,LPGS_16.1.0,Collection 2,7fdbc42cf147eed940481530b1a560f81012daf217e90c9840fa2ff7a03caff1,landsat,1b62e9de28749908f23805c4787fab1267e0e86497c5f419b8cdd4ffc6db431d,LANDSAT/LC08/C02/T1_L2/LC08_134033_20220721,LC08_134033_20220721,1658376131959,2022-08-04,2022-07-05,2022
AOI-00,1546767a1ff01463f1bf4ea81cd86b44fbf42ba20f48c2d45d50120a3bab3ca5,LANDSAT/LC08/C02/T1_L2,2022-08-06T04:02:22.174000+00:00,final-source-scenes-r2-asset-verified,31.71,OUTSIDE_NOMINAL_WINDOW,b21c8cc7f3d4d35e1db4dfa1c8245ff10ba657c0a0a001992b552808766cc49b,REMOVE_SYNTHETIC_MERGE_PREFIX;BIND_PLATFORM_COLLECTION;RESTORE_SYSTEM_INDEX,False,LANDSAT/LC08/C02/T1_L2/1_LC08_134033_20220806,source-scenes-v1,2022-07-20,LANDSAT_8,LPGS_16.1.0,LPGS_16.1.0,Collection 2,7fdbc42cf147eed940481530b1a560f81012daf217e90c9840fa2ff7a03caff1,landsat,1b62e9de28749908f23805c4787fab1267e0e86497c5f419b8cdd4ffc6db431d,LANDSAT/LC08/C02/T1_L2/LC08_134033_20220806,LC08_134033_20220806,1659758542174,2022-08-04,2022-07-05,2022
AOI-00,1546767a1ff01463f1bf4ea81cd86b44fbf42ba20f48c2d45d50120a3bab3ca5,LANDSAT/LC08/C02/T1_L2,2022-07-05T04:02:32.632000+00:00,final-source-scenes-r2-asset-verified,0.58,,b21c8cc7f3d4d35e1db4dfa1c8245ff10ba657c0a0a001992b552808766cc49b,REMOVE_SYNTHETIC_MERGE_PREFIX;BIND_PLATFORM_COLLECTION;RESTORE_SYSTEM_INDEX,True,LANDSAT/LC08/C02/T1_L2/1_LC08_134034_20220705,source-scenes-v1,2022-07-20,LANDSAT_8,LPGS_16.1.0,LPGS_16.1.0,Collection 2,7fdbc42cf147eed940481530b1a560f81012daf217e90c9840fa2ff7a03caff1,landsat,1b62e9de28749908f23805c4787fab1267e0e86497c5f419b8cdd4ffc6db431d,LANDSAT/LC08/C02/T1_L2/LC08_134034_20220705,LC08_134034_20220705,1656993752632,2022-08-04,2022-07-05,2022
AOI-00,1546767a1ff01463f1bf4ea81cd86b44fbf42ba20f48c2d45d50120a3bab3ca5,LANDSAT/LC08/C02/T1_L2,2022-08-06T04:02:46.056000+00:00,final-source-scenes-r2-asset-verified,28.66,OUTSIDE_NOMINAL_WINDOW,b21c8cc7f3d4d35e1db4dfa1c8245ff10ba657c0a0a001992b552808766cc49b,REMOVE_SYNTHETIC_MERGE_PREFIX;BIND_PLATFORM_COLLECTION;RESTORE_SYSTEM_INDEX,False,LANDSAT/LC08/C02/T1_L2/1_LC08_134034_20220806,source-scenes-v1,2022-07-20,LANDSAT_8,LPGS_16.1.0,LPGS_16.1.0,Collection 2,7fdbc42cf147eed940481530b1a560f81012daf217e90c9840fa2ff7a03caff1,landsat,1b62e9de28749908f23805c4787fab1267e0e86497c5f419b8cdd4ffc6db431d,LANDSAT/LC08/C02/T1_L2/LC08_134034_20220806,LC08_134034_20220806,1659758566056,2022-08-04,2022-07-05,2022
AOI-00,1546767a1ff01463f1bf4ea81cd86b44fbf42ba20f48c2d45d50120a3bab3ca5,LANDSAT/LC08/C02/T1_L2,2022-08-22T04:02:50.176000+00:00,final-source-scenes-r2-asset-verified,69.48,OUTSIDE_NOMINAL_WINDOW,b21c8cc7f3d4d35e1db4dfa1c8245ff10ba657c0a0a001992b552808766cc49b,REMOVE_SYNTHETIC_MERGE_PREFIX;BIND_PLATFORM_COLLECTION;RESTORE_SYSTEM_INDEX,False,LANDSAT/LC08/C02/T1_L2/1_LC08_134034_20220822,source-scenes-v1,2022-07-20,LANDSAT_8,LPGS_16.1.0,LPGS_16.1.0,Collection 2,7fdbc42cf147eed940481530b1a560f81012daf217e90c9840fa2ff7a03caff1,landsat,1b62e9de28749908f23805c4787fab1267e0e86497c5f419b8cdd4ffc6db431d,LANDSAT/LC08/C02/T1_L2/LC08_134034_20220822,LC08_134034_20220822,1661140970176,2022-08-04,2022-07-05,2022
AOI-00,1546767a1ff01463f1bf4ea81cd86b44fbf42ba20f48c2d45d50120a3bab3ca5,LANDSAT/LC09/C02/T1_L2,2022-07-06T03:55:58.349000+00:00,final-source-scenes-r2-asset-verified,0.03,,b21c8cc7f3d4d35e1db4dfa1c8245ff10ba657c0a0a001992b552808766cc49b,REMOVE_SYNTHETIC_MERGE_PREFIX;BIND_PLATFORM_COLLECTION;RESTORE_SYSTEM_INDEX,True,LANDSAT/LC08/C02/T1_L2/2_LC09_133034_20220706,source-scenes-v1,2022-07-20,LANDSAT_9,LPGS_16.2.0,LPGS_16.2.0,Collection 2,7fdbc42cf147eed940481530b1a560f81012daf217e90c9840fa2ff7a03caff1,landsat,1b62e9de28749908f23805c4787fab1267e0e86497c5f419b8cdd4ffc6db431d,LANDSAT/LC09/C02/T1_L2/LC09_133034_20220706,LC09_133034_20220706,1657079758349,2022-08-04,2022-07-05,2022
AOI-00,1546767a1ff01463f1bf4ea81cd86b44fbf42ba20f48c2d45d50120a3bab3ca5,LANDSAT/LC09/C02/T1_L2,2022-07-22T03:56:02.791000+00:00,final-source-scenes-r2-asset-verified,2.59,,b21c8cc7f3d4d35e1db4dfa1c8245ff10ba657c0a0a001992b552808766cc49b,REMOVE_SYNTHETIC_MERGE_PREFIX;BIND_PLATFORM_COLLECTION;RESTORE_SYSTEM_INDEX,True,LANDSAT/LC08/C02/T1_L2/2_LC09_133034_20220722,source-scenes-v1,2022-07-20,LANDSAT_9,LPGS_16.2.0,LPGS_16.2.0,Collection 2,7fdbc42cf147eed940481530b1a560f81012daf217e90c9840fa2ff7a03caff1,landsat,1b62e9de28749908f23805c4787fab1267e0e86497c5f419b8cdd4ffc6db431d,LANDSAT/LC09/C02/T1_L2/LC09_133034_20220722,LC09_133034_20220722,1658462162791,2022-08-04,2022-07-05,2022
AOI-00,1546767a1ff01463f1bf4ea81cd86b44fbf42ba20f48c2d45d50120a3bab3ca5,LANDSAT/LC09/C02/T1_L2,2022-08-07T03:56:15.078000+00:00,final-source-scenes-r2-asset-verified,49.86,OUTSIDE_NOMINAL_WINDOW,b21c8cc7f3d4d35e1db4dfa1c8245ff10ba657c0a0a001992b552808766cc49b,REMOVE_SYNTHETIC_MERGE_PREFIX;BIND_PLATFORM_COLLECTION;RESTORE_SYSTEM_INDEX,False,LANDSAT/LC08/C02/T1_L2/2_LC09_133034_20220807,source-scenes-v1,2022-07-20,LANDSAT_9,LPGS_16.2.0,LPGS_16.2.0,Collection 2,7fdbc42cf147eed940481530b1a560f81012daf217e90c9840fa2ff7a03caff1,landsat,1b62e9de28749908f23805c4787fab1267e0e86497c5f419b8cdd4ffc6db431d,LANDSAT/LC09/C02/T1_L2/LC09_133034_20220807,LC09_133034_20220807,1659844575078,2022-08-04,2022-07-05,2022
AOI-00,1546767a1ff01463f1bf4ea81cd86b44fbf42ba20f48c2d45d50120a3bab3ca5,LANDSAT/LC09/C02/T1_L2,2022-08-23T03:56:20.808000+00:00,final-source-scenes-r2-asset-verified,69.47,OUTSIDE_NOMINAL_WINDOW,b21c8cc7f3d4d35e1db4dfa1c8245ff10ba657c0a0a001992b552808766cc49b,REMOVE_SYNTHETIC_MERGE_PREFIX;BIND_PLATFORM_COLLECTION;RESTORE_SYSTEM_INDEX,False,LANDSAT/LC08/C02/T1_L2/2_LC09_133034_20220823,source-scenes-v1,2022-07-20,LANDSAT_9,LPGS_16.2.0,LPGS_16.2.0,Collection 2,7fdbc42cf147eed940481530b1a560f81012daf217e90c9840fa2ff7a03caff1,landsat,1b62e9de28749908f23805c4787fab1267e0e86497c5f419b8cdd4ffc6db431d,LANDSAT/LC09/C02/T1_L2/LC09_133034_20220823,LC09_133034_20220823,1661226980808,2022-08-04,2022-07-05,2022
AOI-00,1546767a1ff01463f1bf4ea81cd86b44fbf42ba20f48c2d45d50120a3bab3ca5,LANDSAT/LC09/C02/T1_L2,2022-07-13T04:01:42.379000+00:00,final-source-scenes-r2-asset-verified,50.21,,b21c8cc7f3d4d35e1db4dfa1c8245ff10ba657c0a0a001992b552808766cc49b,REMOVE_SYNTHETIC_MERGE_PREFIX;BIND_PLATFORM_COLLECTION;RESTORE_SYSTEM_INDEX,True,LANDSAT/LC08/C02/T1_L2/2_LC09_134033_20220713,source-scenes-v1,2022-07-20,LANDSAT_9,LPGS_16.2.0,LPGS_16.2.0,Collection 2,7fdbc42cf147eed940481530b1a560f81012daf217e90c9840fa2ff7a03caff1,landsat,1b62e9de28749908f23805c4787fab1267e0e86497c5f419b8cdd4ffc6db431d,LANDSAT/LC09/C02/T1_L2/LC09_134033_20220713,LC09_134033_20220713,1657684902379,2022-08-04,2022-07-05,2022
AOI-00,1546767a1ff01463f1bf4ea81cd86b44fbf42ba20f48c2d45d50120a3bab3ca5,LANDSAT/LC09/C02/T1_L2,2022-07-29T04:01:55.764000+00:00,final-source-scenes-r2-asset-verified,12.1,,b21c8cc7f3d4d35e1db4dfa1c8245ff10ba657c0a0a001992b552808766cc49b,REMOVE_SYNTHETIC_MERGE_PREFIX;BIND_PLATFORM_COLLECTION;RESTORE_SYSTEM_INDEX,True,LANDSAT/LC08/C02/T1_L2/2_LC09_134033_20220729,source-scenes-v1,2022-07-20,LANDSAT_9,LPGS_16.2.0,LPGS_16.2.0,Collection 2,7fdbc42cf147eed940481530b1a560f81012daf217e90c9840fa2ff7a03caff1,landsat,1b62e9de28749908f23805c4787fab1267e0e86497c5f419b8cdd4ffc6db431d,LANDSAT/LC09/C02/T1_L2/LC09_134033_20220729,LC09_134033_20220729,1659067315764,2022-08-04,2022-07-05,2022
AOI-00,1546767a1ff01463f1bf4ea81cd86b44fbf42ba20f48c2d45d50120a3bab3ca5,LANDSAT/LC09/C02/T1_L2,2022-07-13T04:02:06.266000+00:00,final-source-scenes-r2-asset-verified,74.18,,b21c8cc7f3d4d35e1db4dfa1c8245ff10ba657c0a0a001992b552808766cc49b,REMOVE_SYNTHETIC_MERGE_PREFIX;BIND_PLATFORM_COLLECTION;RESTORE_SYSTEM_INDEX,True,LANDSAT/LC08/C02/T1_L2/2_LC09_134034_20220713,source-scenes-v1,2022-07-20,LANDSAT_9,LPGS_16.2.0,LPGS_16.2.0,Collection 2,7fdbc42cf147eed940481530b1a560f81012daf217e90c9840fa2ff7a03caff1,landsat,1b62e9de28749908f23805c4787fab1267e0e86497c5f419b8cdd4ffc6db431d,LANDSAT/LC09/C02/T1_L2/LC09_134034_20220713,LC09_134034_20220713,1657684926266,2022-08-04,2022-07-05,2022
AOI-00,1546767a1ff01463f1bf4ea81cd86b44fbf42ba20f48c2d45d50120a3bab3ca5,LANDSAT/LC09/C02/T1_L2,2022-07-29T04:02:19.650000+00:00,final-source-scenes-r2-asset-verified,6.67,,b21c8cc7f3d4d35e1db4dfa1c8245ff10ba657c0a0a001992b552808766cc49b,REMOVE_SYNTHETIC_MERGE_PREFIX;BIND_PLATFORM_COLLECTION;RESTORE_SYSTEM_INDEX,True,LANDSAT/LC08/C02/T1_L2/2_LC09_134034_20220729,source-scenes-v1,2022-07-20,LANDSAT_9,LPGS_16.2.0,LPGS_16.2.0,Collection 2,7fdbc42cf147eed940481530b1a560f81012daf217e90c9840fa2ff7a03caff1,landsat,1b62e9de28749908f23805c4787fab1267e0e86497c5f419b8cdd4ffc6db431d,LANDSAT/LC09/C02/T1_L2/LC09_134034_20220729,LC09_134034_20220729,1659067339650,2022-08-04,2022-07-05,2022
AOI-00,1546767a1ff01463f1bf4ea81cd86b44fbf42ba20f48c2d45d50120a3bab3ca5,LANDSAT/LC08/C02/T1_L2,2022-07-30T03:56:31.404000+00:00,final-source-scenes-r2-asset-verified,1.34,,b21c8cc7f3d4d35e1db4dfa1c8245ff10ba657c0a0a001992b552808766cc49b,REMOVE_SYNTHETIC_MERGE_PREFIX;BIND_PLATFORM_COLLECTION;RESTORE_SYSTEM_INDEX,True,LANDSAT/LC08/C02/T1_L2/1_LC08_133034_20220730,source-scenes-v1,2022-07-31,LANDSAT_8,LPGS_16.1.0,LPGS_16.1.0,Collection 2,eece37c956c7dbaade4120ed77188415a2ff1e59b46f2a02f4a52c31be113eb1,landsat,608fa833d1eab767fbf1ac91df20053af13fe72087f081770079a7e2bc9b7955,LANDSAT/LC08/C02/T1_L2/LC08_133034_20220730,LC08_133034_20220730,1659153391404,2022-08-15,2022-07-16,2022
AOI-00,1546767a1ff01463f1bf4ea81cd86b44fbf42ba20f48c2d45d50120a3bab3ca5,LANDSAT/LC08/C02/T1_L2,2022-07-05T04:02:08.745000+00:00,final-source-scenes-r2-asset-verified,0.7,OUTSIDE_NOMINAL_WINDOW,b21c8cc7f3d4d35e1db4dfa1c8245ff10ba657c0a0a001992b552808766cc49b,REMOVE_SYNTHETIC_MERGE_PREFIX;BIND_PLATFORM_COLLECTION;RESTORE_SYSTEM_INDEX,False,LANDSAT/LC08/C02/T1_L2/1_LC08_134033_20220705,source-scenes-v1,2022-07-31,LANDSAT_8,LPGS_16.1.0,LPGS_16.1.0,Collection 2,eece37c956c7dbaade4120ed77188415a2ff1e59b46f2a02f4a52c31be113eb1,landsat,608fa833d1eab767fbf1ac91df20053af13fe72087f081770079a7e2bc9b7955,LANDSAT/LC08/C02/T1_L2/LC08_134033_20220705,LC08_134033_20220705,1656993728745,2022-08-15,2022-07-16,2022
AOI-00,1546767a1ff01463f1bf4ea81cd86b44fbf42ba20f48c2d45d50120a3bab3ca5,LANDSAT/LC08/C02/T1_L2,2022-07-21T04:02:11.959000+00:00,final-source-scenes-r2-asset-verified,76.65,,b21c8cc7f3d4d35e1db4dfa1c8245ff10ba657c0a0a001992b552808766cc49b,REMOVE_SYNTHETIC_MERGE_PREFIX;BIND_PLATFORM_COLLECTION;RESTORE_SYSTEM_INDEX,True,LANDSAT/LC08/C02/T1_L2/1_LC08_134033_20220721,source-scenes-v1,2022-07-31,LANDSAT_8,LPGS_16.1.0,LPGS_16.1.0,Collection 2,eece37c956c7dbaade4120ed77188415a2ff1e59b46f2a02f4a52c31be113eb1,landsat,608fa833d1eab767fbf1ac91df20053af13fe72087f081770079a7e2bc9b7955,LANDSAT/LC08/C02/T1_L2/LC08_134033_20220721,LC08_134033_20220721,1658376131959,2022-08-15,2022-07-16,2022
AOI-00,1546767a1ff01463f1bf4ea81cd86b44fbf42ba20f48c2d45d50120a3bab3ca5,LANDSAT/LC08/C02/T1_L2,2022-08-06T04:02:22.174000+00:00,final-source-scenes-r2-asset-verified,31.71,,b21c8cc7f3d4d35e1db4dfa1c8245ff10ba657c0a0a001992b552808766cc49b,REMOVE_SYNTHETIC_MERGE_PREFIX;BIND_PLATFORM_COLLECTION;RESTORE_SYSTEM_INDEX,True,LANDSAT/LC08/C02/T1_L2/1_LC08_134033_20220806,source-scenes-v1,2022-07-31,LANDSAT_8,LPGS_16.1.0,LPGS_16.1.0,Collection 2,eece37c956c7dbaade4120ed77188415a2ff1e59b46f2a02f4a52c31be113eb1,landsat,608fa833d1eab767fbf1ac91df20053af13fe72087f081770079a7e2bc9b7955,LANDSAT/LC08/C02/T1_L2/LC08_134033_20220806,LC08_134033_20220806,1659758542174,2022-08-15,2022-07-16,2022
AOI-00,1546767a1ff01463f1bf4ea81cd86b44fbf42ba20f48c2d45d50120a3bab3ca5,LANDSAT/LC08/C02/T1_L2,2022-07-05T04:02:32.632000+00:00,final-source-scenes-r2-asset-verified,0.58,OUTSIDE_NOMINAL_WINDOW,b21c8cc7f3d4d35e1db4dfa1c8245ff10ba657c0a0a001992b552808766cc49b,REMOVE_SYNTHETIC_MERGE_PREFIX;BIND_PLATFORM_COLLECTION;RESTORE_SYSTEM_INDEX,False,LANDSAT/LC08/C02/T1_L2/1_LC08_134034_20220705,source-scenes-v1,2022-07-31,LANDSAT_8,LPGS_16.1.0,LPGS_16.1.0,Collection 2,eece37c956c7dbaade4120ed77188415a2ff1e59b46f2a02f4a52c31be113eb1,landsat,608fa833d1eab767fbf1ac91df20053af13fe72087f081770079a7e2bc9b7955,LANDSAT/LC08/C02/T1_L2/LC08_134034_20220705,LC08_134034_20220705,1656993752632,2022-08-15,2022-07-16,2022
AOI-00,1546767a1ff01463f1bf4ea81cd86b44fbf42ba20f48c2d45d50120a3bab3ca5,LANDSAT/LC08/C02/T1_L2,2022-08-06T04:02:46.056000+00:00,final-source-scenes-r2-asset-verified,28.66,,b21c8cc7f3d4d35e1db4dfa1c8245ff10ba657c0a0a001992b552808766cc49b,REMOVE_SYNTHETIC_MERGE_PREFIX;BIND_PLATFORM_COLLECTION;RESTORE_SYSTEM_INDEX,True,LANDSAT/LC08/C02/T1_L2/1_LC08_134034_20220806,source-scenes-v1,2022-07-31,LANDSAT_8,LPGS_16.1.0,LPGS_16.1.0,Collection 2,eece37c956c7dbaade4120ed77188415a2ff1e59b46f2a02f4a52c31be113eb1,landsat,608fa833d1eab767fbf1ac91df20053af13fe72087f081770079a7e2bc9b7955,LANDSAT/LC08/C02/T1_L2/LC08_134034_20220806,LC08_134034_20220806,1659758566056,2022-08-15,2022-07-16,2022
AOI-00,1546767a1ff01463f1bf4ea81cd86b44fbf42ba20f48c2d45d50120a3bab3ca5,LANDSAT/LC08/C02/T1_L2,2022-08-22T04:02:50.176000+00:00,final-source-scenes-r2-asset-verified,69.48,OUTSIDE_NOMINAL_WINDOW,b21c8cc7f3d4d35e1db4dfa1c8245ff10ba657c0a0a001992b552808766cc49b,REMOVE_SYNTHETIC_MERGE_PREFIX;BIND_PLATFORM_COLLECTION;RESTORE_SYSTEM_INDEX,False,LANDSAT/LC08/C02/T1_L2/1_LC08_134034_20220822,source-scenes-v1,2022-07-31,LANDSAT_8,LPGS_16.1.0,LPGS_16.1.0,Collection 2,eece37c956c7dbaade4120ed77188415a2ff1e59b46f2a02f4a52c31be113eb1,landsat,608fa833d1eab767fbf1ac91df20053af13fe72087f081770079a7e2bc9b7955,LANDSAT/LC08/C02/T1_L2/LC08_134034_20220822,LC08_134034_20220822,1661140970176,2022-08-15,2022-07-16,2022
AOI-00,1546767a1ff01463f1bf4ea81cd86b44fbf42ba20f48c2d45d50120a3bab3ca5,LANDSAT/LC09/C02/T1_L2,2022-07-06T03:55:58.349000+00:00,final-source-scenes-r2-asset-verified,0.03,OUTSIDE_NOMINAL_WINDOW,b21c8cc7f3d4d35e1db4dfa1c8245ff10ba657c0a0a001992b552808766cc49b,REMOVE_SYNTHETIC_MERGE_PREFIX;BIND_PLATFORM_COLLECTION;RESTORE_SYSTEM_INDEX,False,LANDSAT/LC08/C02/T1_L2/2_LC09_133034_20220706,source-scenes-v1,2022-07-31,LANDSAT_9,LPGS_16.2.0,LPGS_16.2.0,Collection 2,eece37c956c7dbaade4120ed77188415a2ff1e59b46f2a02f4a52c31be113eb1,landsat,608fa833d1eab767fbf1ac91df20053af13fe72087f081770079a7e2bc9b7955,LANDSAT/LC09/C02/T1_L2/LC09_133034_20220706,LC09_133034_20220706,1657079758349,2022-08-15,2022-07-16,2022
AOI-00,1546767a1ff01463f1bf4ea81cd86b44fbf42ba20f48c2d45d50120a3bab3ca5,LANDSAT/LC09/C02/T1_L2,2022-07-22T03:56:02.791000+00:00,final-source-scenes-r2-asset-verified,2.59,,b21c8cc7f3d4d35e1db4dfa1c8245ff10ba657c0a0a001992b552808766cc49b,REMOVE_SYNTHETIC_MERGE_PREFIX;BIND_PLATFORM_COLLECTION;RESTORE_SYSTEM_INDEX,True,LANDSAT/LC08/C02/T1_L2/2_LC09_133034_20220722,source-scenes-v1,2022-07-31,LANDSAT_9,LPGS_16.2.0,LPGS_16.2.0,Collection 2,eece37c956c7dbaade4120ed77188415a2ff1e59b46f2a02f4a52c31be113eb1,landsat,608fa833d1eab767fbf1ac91df20053af13fe72087f081770079a7e2bc9b7955,LANDSAT/LC09/C02/T1_L2/LC09_133034_20220722,LC09_133034_20220722,1658462162791,2022-08-15,2022-07-16,2022
AOI-00,1546767a1ff01463f1bf4ea81cd86b44fbf42ba20f48c2d45d50120a3bab3ca5,LANDSAT/LC09/C02/T1_L2,2022-08-07T03:56:15.078000+00:00,final-source-scenes-r2-asset-verified,49.86,,b21c8cc7f3d4d35e1db4dfa1c8245ff10ba657c0a0a001992b552808766cc49b,REMOVE_SYNTHETIC_MERGE_PREFIX;BIND_PLATFORM_COLLECTION;RESTORE_SYSTEM_INDEX,True,LANDSAT/LC08/C02/T1_L2/2_LC09_133034_20220807,source-scenes-v1,2022-07-31,LANDSAT_9,LPGS_16.2.0,LPGS_16.2.0,Collection 2,eece37c956c7dbaade4120ed77188415a2ff1e59b46f2a02f4a52c31be113eb1,landsat,608fa833d1eab767fbf1ac91df20053af13fe72087f081770079a7e2bc9b7955,LANDSAT/LC09/C02/T1_L2/LC09_133034_20220807,LC09_133034_20220807,1659844575078,2022-08-15,2022-07-16,2022
AOI-00,1546767a1ff01463f1bf4ea81cd86b44fbf42ba20f48c2d45d50120a3bab3ca5,LANDSAT/LC09/C02/T1_L2,2022-08-23T03:56:20.808000+00:00,final-source-scenes-r2-asset-verified,69.47,OUTSIDE_NOMINAL_WINDOW,b21c8cc7f3d4d35e1db4dfa1c8245ff10ba657c0a0a001992b552808766cc49b,REMOVE_SYNTHETIC_MERGE_PREFIX;BIND_PLATFORM_COLLECTION;RESTORE_SYSTEM_INDEX,False,LANDSAT/LC08/C02/T1_L2/2_LC09_133034_20220823,source-scenes-v1,2022-07-31,LANDSAT_9,LPGS_16.2.0,LPGS_16.2.0,Collection 2,eece37c956c7dbaade4120ed77188415a2ff1e59b46f2a02f4a52c31be113eb1,landsat,608fa833d1eab767fbf1ac91df20053af13fe72087f081770079a7e2bc9b7955,LANDSAT/LC09/C02/T1_L2/LC09_133034_20220823,LC09_133034_20220823,1661226980808,2022-08-15,2022-07-16,2022
AOI-00,1546767a1ff01463f1bf4ea81cd86b44fbf42ba20f48c2d45d50120a3bab3ca5,LANDSAT/LC09/C02/T1_L2,2022-07-13T04:01:42.379000+00:00,final-source-scenes-r2-asset-verified,50.21,OUTSIDE_NOMINAL_WINDOW,b21c8cc7f3d4d35e1db4dfa1c8245ff10ba657c0a0a001992b552808766cc49b,REMOVE_SYNTHETIC_MERGE_PREFIX;BIND_PLATFORM_COLLECTION;RESTORE_SYSTEM_INDEX,False,LANDSAT/LC08/C02/T1_L2/2_LC09_134033_20220713,source-scenes-v1,2022-07-31,LANDSAT_9,LPGS_16.2.0,LPGS_16.2.0,Collection 2,eece37c956c7dbaade4120ed77188415a2ff1e59b46f2a02f4a52c31be113eb1,landsat,608fa833d1eab767fbf1ac91df20053af13fe72087f081770079a7e2bc9b7955,LANDSAT/LC09/C02/T1_L2/LC09_134033_20220713,LC09_134033_20220713,1657684902379,2022-08-15,2022-07-16,2022
AOI-00,1546767a1ff01463f1bf4ea81cd86b44fbf42ba20f48c2d45d50120a3bab3ca5,LANDSAT/LC09/C02/T1_L2,2022-07-29T04:01:55.764000+00:00,final-source-scenes-r2-asset-verified,12.1,,b21c8cc7f3d4d35e1db4dfa1c8245ff10ba657c0a0a001992b552808766cc49b,REMOVE_SYNTHETIC_MERGE_PREFIX;BIND_PLATFORM_COLLECTION;RESTORE_SYSTEM_INDEX,True,LANDSAT/LC08/C02/T1_L2/2_LC09_134033_20220729,source-scenes-v1,2022-07-31,LANDSAT_9,LPGS_16.2.0,LPGS_16.2.0,Collection 2,eece37c956c7dbaade4120ed77188415a2ff1e59b46f2a02f4a52c31be113eb1,landsat,608fa833d1eab767fbf1ac91df20053af13fe72087f081770079a7e2bc9b7955,LANDSAT/LC09/C02/T1_L2/LC09_134033_20220729,LC09_134033_20220729,1659067315764,2022-08-15,2022-07-16,2022
AOI-00,1546767a1ff01463f1bf4ea81cd86b44fbf42ba20f48c2d45d50120a3bab3ca5,LANDSAT/LC09/C02/T1_L2,2022-07-13T04:02:06.266000+00:00,final-source-scenes-r2-asset-verified,74.18,OUTSIDE_NOMINAL_WINDOW,b21c8cc7f3d4d35e1db4dfa1c8245ff10ba657c0a0a001992b552808766cc49b,REMOVE_SYNTHETIC_MERGE_PREFIX;BIND_PLATFORM_COLLECTION;RESTORE_SYSTEM_INDEX,False,LANDSAT/LC08/C02/T1_L2/2_LC09_134034_20220713,source-scenes-v1,2022-07-31,LANDSAT_9,LPGS_16.2.0,LPGS_16.2.0,Collection 2,eece37c956c7dbaade4120ed77188415a2ff1e59b46f2a02f4a52c31be113eb1,landsat,608fa833d1eab767fbf1ac91df20053af13fe72087f081770079a7e2bc9b7955,LANDSAT/LC09/C02/T1_L2/LC09_134034_20220713,LC09_134034_20220713,1657684926266,2022-08-15,2022-07-16,2022
AOI-00,1546767a1ff01463f1bf4ea81cd86b44fbf42ba20f48c2d45d50120a3bab3ca5,LANDSAT/LC09/C02/T1_L2,2022-07-29T04:02:19.650000+00:00,final-source-scenes-r2-asset-verified,6.67,,b21c8cc7f3d4d35e1db4dfa1c8245ff10ba657c0a0a001992b552808766cc49b,REMOVE_SYNTHETIC_MERGE_PREFIX;BIND_PLATFORM_COLLECTION;RESTORE_SYSTEM_INDEX,True,LANDSAT/LC08/C02/T1_L2/2_LC09_134034_20220729,source-scenes-v1,2022-07-31,LANDSAT_9,LPGS_16.2.0,LPGS_16.2.0,Collection 2,eece37c956c7dbaade4120ed77188415a2ff1e59b46f2a02f4a52c31be113eb1,landsat,608fa833d1eab767fbf1ac91df20053af13fe72087f081770079a7e2bc9b7955,LANDSAT/LC09/C02/T1_L2/LC09_134034_20220729,LC09_134034_20220729,1659067339650,2022-08-15,2022-07-16,2022
AOI-00,1546767a1ff01463f1bf4ea81cd86b44fbf42ba20f48c2d45d50120a3bab3ca5,LANDSAT/LC08/C02/T1_L2,2022-07-30T03:56:31.404000+00:00,final-source-scenes-r2-asset-verified,1.34,,b21c8cc7f3d4d35e1db4dfa1c8245ff10ba657c0a0a001992b552808766cc49b,REMOVE_SYNTHETIC_MERGE_PREFIX;BIND_PLATFORM_COLLECTION;RESTORE_SYSTEM_INDEX,True,LANDSAT/LC08/C02/T1_L2/1_LC08_133034_20220730,source-scenes-v1,2022-08-10,LANDSAT_8,LPGS_16.1.0,LPGS_16.1.0,Collection 2,117a40bcb51c4f380ae59db6c28ee029103f08e1d0355e55ec41acdf63979058,landsat,de084c331126ea8c41954208bfc42443c110a7c0fc69dc8b831efabd1b1ae571,LANDSAT/LC08/C02/T1_L2/LC08_133034_20220730,LC08_133034_20220730,1659153391404,2022-08-25,2022-07-26,2022
AOI-00,1546767a1ff01463f1bf4ea81cd86b44fbf42ba20f48c2d45d50120a3bab3ca5,LANDSAT/LC08/C02/T1_L2,2022-07-05T04:02:08.745000+00:00,final-source-scenes-r2-asset-verified,0.7,OUTSIDE_NOMINAL_WINDOW,b21c8cc7f3d4d35e1db4dfa1c8245ff10ba657c0a0a001992b552808766cc49b,REMOVE_SYNTHETIC_MERGE_PREFIX;BIND_PLATFORM_COLLECTION;RESTORE_SYSTEM_INDEX,False,LANDSAT/LC08/C02/T1_L2/1_LC08_134033_20220705,source-scenes-v1,2022-08-10,LANDSAT_8,LPGS_16.1.0,LPGS_16.1.0,Collection 2,117a40bcb51c4f380ae59db6c28ee029103f08e1d0355e55ec41acdf63979058,landsat,de084c331126ea8c41954208bfc42443c110a7c0fc69dc8b831efabd1b1ae571,LANDSAT/LC08/C02/T1_L2/LC08_134033_20220705,LC08_134033_20220705,1656993728745,2022-08-25,2022-07-26,2022
AOI-00,1546767a1ff01463f1bf4ea81cd86b44fbf42ba20f48c2d45d50120a3bab3ca5,LANDSAT/LC08/C02/T1_L2,2022-07-21T04:02:11.959000+00:00,final-source-scenes-r2-asset-verified,76.65,OUTSIDE_NOMINAL_WINDOW,b21c8cc7f3d4d35e1db4dfa1c8245ff10ba657c0a0a001992b552808766cc49b,REMOVE_SYNTHETIC_MERGE_PREFIX;BIND_PLATFORM_COLLECTION;RESTORE_SYSTEM_INDEX,False,LANDSAT/LC08/C02/T1_L2/1_LC08_134033_20220721,source-scenes-v1,2022-08-10,LANDSAT_8,LPGS_16.1.0,LPGS_16.1.0,Collection 2,117a40bcb51c4f380ae59db6c28ee029103f08e1d0355e55ec41acdf63979058,landsat,de084c331126ea8c41954208bfc42443c110a7c0fc69dc8b831efabd1b1ae571,LANDSAT/LC08/C02/T1_L2/LC08_134033_20220721,LC08_134033_20220721,1658376131959,2022-08-25,2022-07-26,2022
AOI-00,1546767a1ff01463f1bf4ea81cd86b44fbf42ba20f48c2d45d50120a3bab3ca5,LANDSAT/LC08/C02/T1_L2,2022-08-06T04:02:22.174000+00:00,final-source-scenes-r2-asset-verified,31.71,,b21c8cc7f3d4d35e1db4dfa1c8245ff10ba657c0a0a001992b552808766cc49b,REMOVE_SYNTHETIC_MERGE_PREFIX;BIND_PLATFORM_COLLECTION;RESTORE_SYSTEM_INDEX,True,LANDSAT/LC08/C02/T1_L2/1_LC08_134033_20220806,source-scenes-v1,2022-08-10,LANDSAT_8,LPGS_16.1.0,LPGS_16.1.0,Collection 2,117a40bcb51c4f380ae59db6c28ee029103f08e1d0355e55ec41acdf63979058,landsat,de084c331126ea8c41954208bfc42443c110a7c0fc69dc8b831efabd1b1ae571,LANDSAT/LC08/C02/T1_L2/LC08_134033_20220806,LC08_134033_20220806,1659758542174,2022-08-25,2022-07-26,2022
AOI-00,1546767a1ff01463f1bf4ea81cd86b44fbf42ba20f48c2d45d50120a3bab3ca5,LANDSAT/LC08/C02/T1_L2,2022-07-05T04:02:32.632000+00:00,final-source-scenes-r2-asset-verified,0.58,OUTSIDE_NOMINAL_WINDOW,b21c8cc7f3d4d35e1db4dfa1c8245ff10ba657c0a0a001992b552808766cc49b,REMOVE_SYNTHETIC_MERGE_PREFIX;BIND_PLATFORM_COLLECTION;RESTORE_SYSTEM_INDEX,False,LANDSAT/LC08/C02/T1_L2/1_LC08_134034_20220705,source-scenes-v1,2022-08-10,LANDSAT_8,LPGS_16.1.0,LPGS_16.1.0,Collection 2,117a40bcb51c4f380ae59db6c28ee029103f08e1d0355e55ec41acdf63979058,landsat,de084c331126ea8c41954208bfc42443c110a7c0fc69dc8b831efabd1b1ae571,LANDSAT/LC08/C02/T1_L2/LC08_134034_20220705,LC08_134034_20220705,1656993752632,2022-08-25,2022-07-26,2022
AOI-00,1546767a1ff01463f1bf4ea81cd86b44fbf42ba20f48c2d45d50120a3bab3ca5,LANDSAT/LC08/C02/T1_L2,2022-08-06T04:02:46.056000+00:00,final-source-scenes-r2-asset-verified,28.66,,b21c8cc7f3d4d35e1db4dfa1c8245ff10ba657c0a0a001992b552808766cc49b,REMOVE_SYNTHETIC_MERGE_PREFIX;BIND_PLATFORM_COLLECTION;RESTORE_SYSTEM_INDEX,True,LANDSAT/LC08/C02/T1_L2/1_LC08_134034_20220806,source-scenes-v1,2022-08-10,LANDSAT_8,LPGS_16.1.0,LPGS_16.1.0,Collection 2,117a40bcb51c4f380ae59db6c28ee029103f08e1d0355e55ec41acdf63979058,landsat,de084c331126ea8c41954208bfc42443c110a7c0fc69dc8b831efabd1b1ae571,LANDSAT/LC08/C02/T1_L2/LC08_134034_20220806,LC08_134034_20220806,1659758566056,2022-08-25,2022-07-26,2022
AOI-00,1546767a1ff01463f1bf4ea81cd86b44fbf42ba20f48c2d45d50120a3bab3ca5,LANDSAT/LC08/C02/T1_L2,2022-08-22T04:02:50.176000+00:00,final-source-scenes-r2-asset-verified,69.48,,b21c8cc7f3d4d35e1db4dfa1c8245ff10ba657c0a0a001992b552808766cc49b,REMOVE_SYNTHETIC_MERGE_PREFIX;BIND_PLATFORM_COLLECTION;RESTORE_SYSTEM_INDEX,True,LANDSAT/LC08/C02/T1_L2/1_LC08_134034_20220822,source-scenes-v1,2022-08-10,LANDSAT_8,LPGS_16.1.0,LPGS_16.1.0,Collection 2,117a40bcb51c4f380ae59db6c28ee029103f08e1d0355e55ec41acdf63979058,landsat,de084c331126ea8c41954208bfc42443c110a7c0fc69dc8b831efabd1b1ae571,LANDSAT/LC08/C02/T1_L2/LC08_134034_20220822,LC08_134034_20220822,1661140970176,2022-08-25,2022-07-26,2022
AOI-00,1546767a1ff01463f1bf4ea81cd86b44fbf42ba20f48c2d45d50120a3bab3ca5,LANDSAT/LC09/C02/T1_L2,2022-07-06T03:55:58.349000+00:00,final-source-scenes-r2-asset-verified,0.03,OUTSIDE_NOMINAL_WINDOW,b21c8cc7f3d4d35e1db4dfa1c8245ff10ba657c0a0a001992b552808766cc49b,REMOVE_SYNTHETIC_MERGE_PREFIX;BIND_PLATFORM_COLLECTION;RESTORE_SYSTEM_INDEX,False,LANDSAT/LC08/C02/T1_L2/2_LC09_133034_20220706,source-scenes-v1,2022-08-10,LANDSAT_9,LPGS_16.2.0,LPGS_16.2.0,Collection 2,117a40bcb51c4f380ae59db6c28ee029103f08e1d0355e55ec41acdf63979058,landsat,de084c331126ea8c41954208bfc42443c110a7c0fc69dc8b831efabd1b1ae571,LANDSAT/LC09/C02/T1_L2/LC09_133034_20220706,LC09_133034_20220706,1657079758349,2022-08-25,2022-07-26,2022
AOI-00,1546767a1ff01463f1bf4ea81cd86b44fbf42ba20f48c2d45d50120a3bab3ca5,LANDSAT/LC09/C02/T1_L2,2022-07-22T03:56:02.791000+00:00,final-source-scenes-r2-asset-verified,2.59,OUTSIDE_NOMINAL_WINDOW,b21c8cc7f3d4d35e1db4dfa1c8245ff10ba657c0a0a001992b552808766cc49b,REMOVE_SYNTHETIC_MERGE_PREFIX;BIND_PLATFORM_COLLECTION;RESTORE_SYSTEM_INDEX,False,LANDSAT/LC08/C02/T1_L2/2_LC09_133034_20220722,source-scenes-v1,2022-08-10,LANDSAT_9,LPGS_16.2.0,LPGS_16.2.0,Collection 2,117a40bcb51c4f380ae59db6c28ee029103f08e1d0355e55ec41acdf63979058,landsat,de084c331126ea8c41954208bfc42443c110a7c0fc69dc8b831efabd1b1ae571,LANDSAT/LC09/C02/T1_L2/LC09_133034_20220722,LC09_133034_20220722,1658462162791,2022-08-25,2022-07-26,2022
AOI-00,1546767a1ff01463f1bf4ea81cd86b44fbf42ba20f48c2d45d50120a3bab3ca5,LANDSAT/LC09/C02/T1_L2,2022-08-07T03:56:15.078000+00:00,final-source-scenes-r2-asset-verified,49.86,,b21c8cc7f3d4d35e1db4dfa1c8245ff10ba657c0a0a001992b552808766cc49b,REMOVE_SYNTHETIC_MERGE_PREFIX;BIND_PLATFORM_COLLECTION;RESTORE_SYSTEM_INDEX,True,LANDSAT/LC08/C02/T1_L2/2_LC09_133034_20220807,source-scenes-v1,2022-08-10,LANDSAT_9,LPGS_16.2.0,LPGS_16.2.0,Collection 2,117a40bcb51c4f380ae59db6c28ee029103f08e1d0355e55ec41acdf63979058,landsat,de084c331126ea8c41954208bfc42443c110a7c0fc69dc8b831efabd1b1ae571,LANDSAT/LC09/C02/T1_L2/LC09_133034_20220807,LC09_133034_20220807,1659844575078,2022-08-25,2022-07-26,2022
AOI-00,1546767a1ff01463f1bf4ea81cd86b44fbf42ba20f48c2d45d50120a3bab3ca5,LANDSAT/LC09/C02/T1_L2,2022-08-23T03:56:20.808000+00:00,final-source-scenes-r2-asset-verified,69.47,,b21c8cc7f3d4d35e1db4dfa1c8245ff10ba657c0a0a001992b552808766cc49b,REMOVE_SYNTHETIC_MERGE_PREFIX;BIND_PLATFORM_COLLECTION;RESTORE_SYSTEM_INDEX,True,LANDSAT/LC08/C02/T1_L2/2_LC09_133034_20220823,source-scenes-v1,2022-08-10,LANDSAT_9,LPGS_16.2.0,LPGS_16.2.0,Collection 2,117a40bcb51c4f380ae59db6c28ee029103f08e1d0355e55ec41acdf63979058,landsat,de084c331126ea8c41954208bfc42443c110a7c0fc69dc8b831efabd1b1ae571,LANDSAT/LC09/C02/T1_L2/LC09_133034_20220823,LC09_133034_20220823,1661226980808,2022-08-25,2022-07-26,2022
AOI-00,1546767a1ff01463f1bf4ea81cd86b44fbf42ba20f48c2d45d50120a3bab3ca5,LANDSAT/LC09/C02/T1_L2,2022-07-13T04:01:42.379000+00:00,final-source-scenes-r2-asset-verified,50.21,OUTSIDE_NOMINAL_WINDOW,b21c8cc7f3d4d35e1db4dfa1c8245ff10ba657c0a0a001992b552808766cc49b,REMOVE_SYNTHETIC_MERGE_PREFIX;BIND_PLATFORM_COLLECTION;RESTORE_SYSTEM_INDEX,False,LANDSAT/LC08/C02/T1_L2/2_LC09_134033_20220713,source-scenes-v1,2022-08-10,LANDSAT_9,LPGS_16.2.0,LPGS_16.2.0,Collection 2,117a40bcb51c4f380ae59db6c28ee029103f08e1d0355e55ec41acdf63979058,landsat,de084c331126ea8c41954208bfc42443c110a7c0fc69dc8b831efabd1b1ae571,LANDSAT/LC09/C02/T1_L2/LC09_134033_20220713,LC09_134033_20220713,1657684902379,2022-08-25,2022-07-26,2022
AOI-00,1546767a1ff01463f1bf4ea81cd86b44fbf42ba20f48c2d45d50120a3bab3ca5,LANDSAT/LC09/C02/T1_L2,2022-07-29T04:01:55.764000+00:00,final-source-scenes-r2-asset-verified,12.1,,b21c8cc7f3d4d35e1db4dfa1c8245ff10ba657c0a0a001992b552808766cc49b,REMOVE_SYNTHETIC_MERGE_PREFIX;BIND_PLATFORM_COLLECTION;RESTORE_SYSTEM_INDEX,True,LANDSAT/LC08/C02/T1_L2/2_LC09_134033_20220729,source-scenes-v1,2022-08-10,LANDSAT_9,LPGS_16.2.0,LPGS_16.2.0,Collection 2,117a40bcb51c4f380ae59db6c28ee029103f08e1d0355e55ec41acdf63979058,landsat,de084c331126ea8c41954208bfc42443c110a7c0fc69dc8b831efabd1b1ae571,LANDSAT/LC09/C02/T1_L2/LC09_134033_20220729,LC09_134033_20220729,1659067315764,2022-08-25,2022-07-26,2022
AOI-00,1546767a1ff01463f1bf4ea81cd86b44fbf42ba20f48c2d45d50120a3bab3ca5,LANDSAT/LC09/C02/T1_L2,2022-07-13T04:02:06.266000+00:00,final-source-scenes-r2-asset-verified,74.18,OUTSIDE_NOMINAL_WINDOW,b21c8cc7f3d4d35e1db4dfa1c8245ff10ba657c0a0a001992b552808766cc49b,REMOVE_SYNTHETIC_MERGE_PREFIX;BIND_PLATFORM_COLLECTION;RESTORE_SYSTEM_INDEX,False,LANDSAT/LC08/C02/T1_L2/2_LC09_134034_20220713,source-scenes-v1,2022-08-10,LANDSAT_9,LPGS_16.2.0,LPGS_16.2.0,Collection 2,117a40bcb51c4f380ae59db6c28ee029103f08e1d0355e55ec41acdf63979058,landsat,de084c331126ea8c41954208bfc42443c110a7c0fc69dc8b831efabd1b1ae571,LANDSAT/LC09/C02/T1_L2/LC09_134034_20220713,LC09_134034_20220713,1657684926266,2022-08-25,2022-07-26,2022
AOI-00,1546767a1ff01463f1bf4ea81cd86b44fbf42ba20f48c2d45d50120a3bab3ca5,LANDSAT/LC09/C02/T1_L2,2022-07-29T04:02:19.650000+00:00,final-source-scenes-r2-asset-verified,6.67,,b21c8cc7f3d4d35e1db4dfa1c8245ff10ba657c0a0a001992b552808766cc49b,REMOVE_SYNTHETIC_MERGE_PREFIX;BIND_PLATFORM_COLLECTION;RESTORE_SYSTEM_INDEX,True,LANDSAT/LC08/C02/T1_L2/2_LC09_134034_20220729,source-scenes-v1,2022-08-10,LANDSAT_9,LPGS_16.2.0,LPGS_16.2.0,Collection 2,117a40bcb51c4f380ae59db6c28ee029103f08e1d0355e55ec41acdf63979058,landsat,de084c331126ea8c41954208bfc42443c110a7c0fc69dc8b831efabd1b1ae571,LANDSAT/LC09/C02/T1_L2/LC09_134034_20220729,LC09_134034_20220729,1659067339650,2022-08-25,2022-07-26,2022
AOI-00,1546767a1ff01463f1bf4ea81cd86b44fbf42ba20f48c2d45d50120a3bab3ca5,LANDSAT/LC08/C02/T1_L2,2023-07-17T03:55:49.432000+00:00,final-source-scenes-r2-asset-verified,22.84,,b21c8cc7f3d4d35e1db4dfa1c8245ff10ba657c0a0a001992b552808766cc49b,REMOVE_SYNTHETIC_MERGE_PREFIX;BIND_PLATFORM_COLLECTION;RESTORE_SYSTEM_INDEX,True,LANDSAT/LC08/C02/T1_L2/1_LC08_133034_20230717,source-scenes-v1,2023-07-20,LANDSAT_8,LPGS_16.3.0,LPGS_16.3.0,Collection 2,56ec4ab6710847bd22a2cafe3f1978c19230562f1fb2df34d746ca8739c5ebd5,landsat,97f9e7fc0de025166e78d6808f1ac1a48e13055e374f44c4a2ca838935b06ce0,LANDSAT/LC08/C02/T1_L2/LC08_133034_20230717,LC08_133034_20230717,1689566149432,2023-08-04,2023-07-05,2023
AOI-00,1546767a1ff01463f1bf4ea81cd86b44fbf42ba20f48c2d45d50120a3bab3ca5,LANDSAT/LC08/C02/T1_L2,2023-08-02T03:55:57.966000+00:00,final-source-scenes-r2-asset-verified,44.37,,b21c8cc7f3d4d35e1db4dfa1c8245ff10ba657c0a0a001992b552808766cc49b,REMOVE_SYNTHETIC_MERGE_PREFIX;BIND_PLATFORM_COLLECTION;RESTORE_SYSTEM_INDEX,True,LANDSAT/LC08/C02/T1_L2/1_LC08_133034_20230802,source-scenes-v1,2023-07-20,LANDSAT_8,LPGS_16.3.0,LPGS_16.3.0,Collection 2,56ec4ab6710847bd22a2cafe3f1978c19230562f1fb2df34d746ca8739c5ebd5,landsat,97f9e7fc0de025166e78d6808f1ac1a48e13055e374f44c4a2ca838935b06ce0,LANDSAT/LC08/C02/T1_L2/LC08_133034_20230802,LC08_133034_20230802,1690948557966,2023-08-04,2023-07-05,2023
AOI-00,1546767a1ff01463f1bf4ea81cd86b44fbf42ba20f48c2d45d50120a3bab3ca5,LANDSAT/LC08/C02/T1_L2,2023-07-08T04:01:34.777000+00:00,final-source-scenes-r2-asset-verified,11.37,,b21c8cc7f3d4d35e1db4dfa1c8245ff10ba657c0a0a001992b552808766cc49b,REMOVE_SYNTHETIC_MERGE_PREFIX;BIND_PLATFORM_COLLECTION;RESTORE_SYSTEM_INDEX,True,LANDSAT/LC08/C02/T1_L2/1_LC08_134033_20230708,source-scenes-v1,2023-07-20,LANDSAT_8,LPGS_16.3.0,LPGS_16.3.0,Collection 2,56ec4ab6710847bd22a2cafe3f1978c19230562f1fb2df34d746ca8739c5ebd5,landsat,97f9e7fc0de025166e78d6808f1ac1a48e13055e374f44c4a2ca838935b06ce0,LANDSAT/LC08/C02/T1_L2/LC08_134033_20230708,LC08_134033_20230708,1688788894777,2023-08-04,2023-07-05,2023
AOI-00,1546767a1ff01463f1bf4ea81cd86b44fbf42ba20f48c2d45d50120a3bab3ca5,LANDSAT/LC08/C02/T1_L2,2023-07-24T04:01:39.223000+00:00,final-source-scenes-r2-asset-verified,15.56,,b21c8cc7f3d4d35e1db4dfa1c8245ff10ba657c0a0a001992b552808766cc49b,REMOVE_SYNTHETIC_MERGE_PREFIX;BIND_PLATFORM_COLLECTION;RESTORE_SYSTEM_INDEX,True,LANDSAT/LC08/C02/T1_L2/1_LC08_134033_20230724,source-scenes-v1,2023-07-20,LANDSAT_8,LPGS_16.3.0,LPGS_16.3.0,Collection 2,56ec4ab6710847bd22a2cafe3f1978c19230562f1fb2df34d746ca8739c5ebd5,landsat,97f9e7fc0de025166e78d6808f1ac1a48e13055e374f44c4a2ca838935b06ce0,LANDSAT/LC08/C02/T1_L2/LC08_134033_20230724,LC08_134033_20230724,1690171299223,2023-08-04,2023-07-05,2023
AOI-00,1546767a1ff01463f1bf4ea81cd86b44fbf42ba20f48c2d45d50120a3bab3ca5,LANDSAT/LC08/C02/T1_L2,2023-08-09T04:01:45.389000+00:00,final-source-scenes-r2-asset-verified,48.4,OUTSIDE_NOMINAL_WINDOW,b21c8cc7f3d4d35e1db4dfa1c8245ff10ba657c0a0a001992b552808766cc49b,REMOVE_SYNTHETIC_MERGE_PREFIX;BIND_PLATFORM_COLLECTION;RESTORE_SYSTEM_INDEX,False,LANDSAT/LC08/C02/T1_L2/1_LC08_134033_20230809,source-scenes-v1,2023-07-20,LANDSAT_8,LPGS_16.3.0,LPGS_16.3.0,Collection 2,56ec4ab6710847bd22a2cafe3f1978c19230562f1fb2df34d746ca8739c5ebd5,landsat,97f9e7fc0de025166e78d6808f1ac1a48e13055e374f44c4a2ca838935b06ce0,LANDSAT/LC08/C02/T1_L2/LC08_134033_20230809,LC08_134033_20230809,1691553705389,2023-08-04,2023-07-05,2023
AOI-00,1546767a1ff01463f1bf4ea81cd86b44fbf42ba20f48c2d45d50120a3bab3ca5,LANDSAT/LC08/C02/T1_L2,2023-08-25T04:01:53.843000+00:00,final-source-scenes-r2-asset-verified,45.8,OUTSIDE_NOMINAL_WINDOW,b21c8cc7f3d4d35e1db4dfa1c8245ff10ba657c0a0a001992b552808766cc49b,REMOVE_SYNTHETIC_MERGE_PREFIX;BIND_PLATFORM_COLLECTION;RESTORE_SYSTEM_INDEX,False,LANDSAT/LC08/C02/T1_L2/1_LC08_134033_20230825,source-scenes-v1,2023-07-20,LANDSAT_8,LPGS_16.3.0,LPGS_16.3.0,Collection 2,56ec4ab6710847bd22a2cafe3f1978c19230562f1fb2df34d746ca8739c5ebd5,landsat,97f9e7fc0de025166e78d6808f1ac1a48e13055e374f44c4a2ca838935b06ce0,LANDSAT/LC08/C02/T1_L2/LC08_134033_20230825,LC08_134033_20230825,1692936113843,2023-08-04,2023-07-05,2023
AOI-00,1546767a1ff01463f1bf4ea81cd86b44fbf42ba20f48c2d45d50120a3bab3ca5,LANDSAT/LC08/C02/T1_L2,2023-07-08T04:01:58.664000+00:00,final-source-scenes-r2-asset-verified,35.88,,b21c8cc7f3d4d35e1db4dfa1c8245ff10ba657c0a0a001992b552808766cc49b,REMOVE_SYNTHETIC_MERGE_PREFIX;BIND_PLATFORM_COLLECTION;RESTORE_SYSTEM_INDEX,True,LANDSAT/LC08/C02/T1_L2/1_LC08_134034_20230708,source-scenes-v1,2023-07-20,LANDSAT_8,LPGS_16.3.0,LPGS_16.3.0,Collection 2,56ec4ab6710847bd22a2cafe3f1978c19230562f1fb2df34d746ca8739c5ebd5,landsat,97f9e7fc0de025166e78d6808f1ac1a48e13055e374f44c4a2ca838935b06ce0,LANDSAT/LC08/C02/T1_L2/LC08_134034_20230708,LC08_134034_20230708,1688788918664,2023-08-04,2023-07-05,2023
AOI-00,1546767a1ff01463f1bf4ea81cd86b44fbf42ba20f48c2d45d50120a3bab3ca5,LANDSAT/LC08/C02/T1_L2,2023-07-24T04:02:03.110000+00:00,final-source-scenes-r2-asset-verified,19.46,,b21c8cc7f3d4d35e1db4dfa1c8245ff10ba657c0a0a001992b552808766cc49b,REMOVE_SYNTHETIC_MERGE_PREFIX;BIND_PLATFORM_COLLECTION;RESTORE_SYSTEM_INDEX,True,LANDSAT/LC08/C02/T1_L2/1_LC08_134034_20230724,source-scenes-v1,2023-07-20,LANDSAT_8,LPGS_16.3.0,LPGS_16.3.0,Collection 2,56ec4ab6710847bd22a2cafe3f1978c19230562f1fb2df34d746ca8739c5ebd5,landsat,97f9e7fc0de025166e78d6808f1ac1a48e13055e374f44c4a2ca838935b06ce0,LANDSAT/LC08/C02/T1_L2/LC08_134034_20230724,LC08_134034_20230724,1690171323110,2023-08-04,2023-07-05,2023
AOI-00,1546767a1ff01463f1bf4ea81cd86b44fbf42ba20f48c2d45d50120a3bab3ca5,LANDSAT/LC08/C02/T1_L2,2023-08-09T04:02:09.285000+00:00,final-source-scenes-r2-asset-verified,48.62,OUTSIDE_NOMINAL_WINDOW,b21c8cc7f3d4d35e1db4dfa1c8245ff10ba657c0a0a001992b552808766cc49b,REMOVE_SYNTHETIC_MERGE_PREFIX;BIND_PLATFORM_COLLECTION;RESTORE_SYSTEM_INDEX,False,LANDSAT/LC08/C02/T1_L2/1_LC08_134034_20230809,source-scenes-v1,2023-07-20,LANDSAT_8,LPGS_16.3.0,LPGS_16.3.0,Collection 2,56ec4ab6710847bd22a2cafe3f1978c19230562f1fb2df34d746ca8739c5ebd5,landsat,97f9e7fc0de025166e78d6808f1ac1a48e13055e374f44c4a2ca838935b06ce0,LANDSAT/LC08/C02/T1_L2/LC08_134034_20230809,LC08_134034_20230809,1691553729285,2023-08-04,2023-07-05,2023
AOI-00,1546767a1ff01463f1bf4ea81cd86b44fbf42ba20f48c2d45d50120a3bab3ca5,LANDSAT/LC08/C02/T1_L2,2023-08-25T04:02:17.734000+00:00,final-source-scenes-r2-asset-verified,63.43,OUTSIDE_NOMINAL_WINDOW,b21c8cc7f3d4d35e1db4dfa1c8245ff10ba657c0a0a001992b552808766cc49b,REMOVE_SYNTHETIC_MERGE_PREFIX;BIND_PLATFORM_COLLECTION;RESTORE_SYSTEM_INDEX,False,LANDSAT/LC08/C02/T1_L2/1_LC08_134034_20230825,source-scenes-v1,2023-07-20,LANDSAT_8,LPGS_16.3.0,LPGS_16.3.0,Collection 2,56ec4ab6710847bd22a2cafe3f1978c19230562f1fb2df34d746ca8739c5ebd5,landsat,97f9e7fc0de025166e78d6808f1ac1a48e13055e374f44c4a2ca838935b06ce0,LANDSAT/LC08/C02/T1_L2/LC08_134034_20230825,LC08_134034_20230825,1692936137734,2023-08-04,2023-07-05,2023
AOI-00,1546767a1ff01463f1bf4ea81cd86b44fbf42ba20f48c2d45d50120a3bab3ca5,LANDSAT/LC09/C02/T1_L2,2023-07-09T03:55:41.290000+00:00,final-source-scenes-r2-asset-verified,7.37,,b21c8cc7f3d4d35e1db4dfa1c8245ff10ba657c0a0a001992b552808766cc49b,REMOVE_SYNTHETIC_MERGE_PREFIX;BIND_PLATFORM_COLLECTION;RESTORE_SYSTEM_INDEX,True,LANDSAT/LC08/C02/T1_L2/2_LC09_133034_20230709,source-scenes-v1,2023-07-20,LANDSAT_9,LPGS_16.3.0,LPGS_16.3.0,Collection 2,56ec4ab6710847bd22a2cafe3f1978c19230562f1fb2df34d746ca8739c5ebd5,landsat,97f9e7fc0de025166e78d6808f1ac1a48e13055e374f44c4a2ca838935b06ce0,LANDSAT/LC09/C02/T1_L2/LC09_133034_20230709,LC09_133034_20230709,1688874941290,2023-08-04,2023-07-05,2023
AOI-00,1546767a1ff01463f1bf4ea81cd86b44fbf42ba20f48c2d45d50120a3bab3ca5,LANDSAT/LC09/C02/T1_L2,2023-07-25T03:55:41.842000+00:00,final-source-scenes-r2-asset-verified,6.19,,b21c8cc7f3d4d35e1db4dfa1c8245ff10ba657c0a0a001992b552808766cc49b,REMOVE_SYNTHETIC_MERGE_PREFIX;BIND_PLATFORM_COLLECTION;RESTORE_SYSTEM_INDEX,True,LANDSAT/LC08/C02/T1_L2/2_LC09_133034_20230725,source-scenes-v1,2023-07-20,LANDSAT_9,LPGS_16.3.0,LPGS_16.3.0,Collection 2,56ec4ab6710847bd22a2cafe3f1978c19230562f1fb2df34d746ca8739c5ebd5,landsat,97f9e7fc0de025166e78d6808f1ac1a48e13055e374f44c4a2ca838935b06ce0,LANDSAT/LC09/C02/T1_L2/LC09_133034_20230725,LC09_133034_20230725,1690257341842,2023-08-04,2023-07-05,2023
AOI-00,1546767a1ff01463f1bf4ea81cd86b44fbf42ba20f48c2d45d50120a3bab3ca5,LANDSAT/LC09/C02/T1_L2,2023-07-16T04:01:30.390000+00:00,final-source-scenes-r2-asset-verified,38.25,,b21c8cc7f3d4d35e1db4dfa1c8245ff10ba657c0a0a001992b552808766cc49b,REMOVE_SYNTHETIC_MERGE_PREFIX;BIND_PLATFORM_COLLECTION;RESTORE_SYSTEM_INDEX,True,LANDSAT/LC08/C02/T1_L2/2_LC09_134033_20230716,source-scenes-v1,2023-07-20,LANDSAT_9,LPGS_16.3.0,LPGS_16.3.0,Collection 2,56ec4ab6710847bd22a2cafe3f1978c19230562f1fb2df34d746ca8739c5ebd5,landsat,97f9e7fc0de025166e78d6808f1ac1a48e13055e374f44c4a2ca838935b06ce0,LANDSAT/LC09/C02/T1_L2/LC09_134033_20230716,LC09_134033_20230716,1689480090390,2023-08-04,2023-07-05,2023
AOI-00,1546767a1ff01463f1bf4ea81cd86b44fbf42ba20f48c2d45d50120a3bab3ca5,LANDSAT/LC09/C02/T1_L2,2023-08-17T04:01:39.857000+00:00,final-source-scenes-r2-asset-verified,2.27,OUTSIDE_NOMINAL_WINDOW,b21c8cc7f3d4d35e1db4dfa1c8245ff10ba657c0a0a001992b552808766cc49b,REMOVE_SYNTHETIC_MERGE_PREFIX;BIND_PLATFORM_COLLECTION;RESTORE_SYSTEM_INDEX,False,LANDSAT/LC08/C02/T1_L2/2_LC09_134033_20230817,source-scenes-v1,2023-07-20,LANDSAT_9,LPGS_16.3.0,LPGS_16.3.0,Collection 2,56ec4ab6710847bd22a2cafe3f1978c19230562f1fb2df34d746ca8739c5ebd5,landsat,97f9e7fc0de025166e78d6808f1ac1a48e13055e374f44c4a2ca838935b06ce0,LANDSAT/LC09/C02/T1_L2/LC09_134033_20230817,LC09_134033_20230817,1692244899857,2023-08-04,2023-07-05,2023
AOI-00,1546767a1ff01463f1bf4ea81cd86b44fbf42ba20f48c2d45d50120a3bab3ca5,LANDSAT/LC09/C02/T1_L2,2023-07-16T04:01:54.281000+00:00,final-source-scenes-r2-asset-verified,20.77,,b21c8cc7f3d4d35e1db4dfa1c8245ff10ba657c0a0a001992b552808766cc49b,REMOVE_SYNTHETIC_MERGE_PREFIX;BIND_PLATFORM_COLLECTION;RESTORE_SYSTEM_INDEX,True,LANDSAT/LC08/C02/T1_L2/2_LC09_134034_20230716,source-scenes-v1,2023-07-20,LANDSAT_9,LPGS_16.3.0,LPGS_16.3.0,Collection 2,56ec4ab6710847bd22a2cafe3f1978c19230562f1fb2df34d746ca8739c5ebd5,landsat,97f9e7fc0de025166e78d6808f1ac1a48e13055e374f44c4a2ca838935b06ce0,LANDSAT/LC09/C02/T1_L2/LC09_134034_20230716,LC09_134034_20230716,1689480114281,2023-08-04,2023-07-05,2023
AOI-00,1546767a1ff01463f1bf4ea81cd86b44fbf42ba20f48c2d45d50120a3bab3ca5,LANDSAT/LC09/C02/T1_L2,2023-08-17T04:02:03.744000+00:00,final-source-scenes-r2-asset-verified,25.31,OUTSIDE_NOMINAL_WINDOW,b21c8cc7f3d4d35e1db4dfa1c8245ff10ba657c0a0a001992b552808766cc49b,REMOVE_SYNTHETIC_MERGE_PREFIX;BIND_PLATFORM_COLLECTION;RESTORE_SYSTEM_INDEX,False,LANDSAT/LC08/C02/T1_L2/2_LC09_134034_20230817,source-scenes-v1,2023-07-20,LANDSAT_9,LPGS_16.3.0,LPGS_16.3.0,Collection 2,56ec4ab6710847bd22a2cafe3f1978c19230562f1fb2df34d746ca8739c5ebd5,landsat,97f9e7fc0de025166e78d6808f1ac1a48e13055e374f44c4a2ca838935b06ce0,LANDSAT/LC09/C02/T1_L2/LC09_134034_20230817,LC09_134034_20230817,1692244923744,2023-08-04,2023-07-05,2023
AOI-00,1546767a1ff01463f1bf4ea81cd86b44fbf42ba20f48c2d45d50120a3bab3ca5,LANDSAT/LC08/C02/T1_L2,2023-07-17T03:55:49.432000+00:00,final-source-scenes-r2-asset-verified,22.84,,b21c8cc7f3d4d35e1db4dfa1c8245ff10ba657c0a0a001992b552808766cc49b,REMOVE_SYNTHETIC_MERGE_PREFIX;BIND_PLATFORM_COLLECTION;RESTORE_SYSTEM_INDEX,True,LANDSAT/LC08/C02/T1_L2/1_LC08_133034_20230717,source-scenes-v1,2023-07-31,LANDSAT_8,LPGS_16.3.0,LPGS_16.3.0,Collection 2,d4f1692988a4d655a96619c5f3be0357c13d3d0491ba7f98453fe86bc5637a5f,landsat,e0a5e331a8f0b397ddd09d9e61a95fcf353dd87ed806a2a21fdf1031b18015fb,LANDSAT/LC08/C02/T1_L2/LC08_133034_20230717,LC08_133034_20230717,1689566149432,2023-08-15,2023-07-16,2023
AOI-00,1546767a1ff01463f1bf4ea81cd86b44fbf42ba20f48c2d45d50120a3bab3ca5,LANDSAT/LC08/C02/T1_L2,2023-08-02T03:55:57.966000+00:00,final-source-scenes-r2-asset-verified,44.37,,b21c8cc7f3d4d35e1db4dfa1c8245ff10ba657c0a0a001992b552808766cc49b,REMOVE_SYNTHETIC_MERGE_PREFIX;BIND_PLATFORM_COLLECTION;RESTORE_SYSTEM_INDEX,True,LANDSAT/LC08/C02/T1_L2/1_LC08_133034_20230802,source-scenes-v1,2023-07-31,LANDSAT_8,LPGS_16.3.0,LPGS_16.3.0,Collection 2,d4f1692988a4d655a96619c5f3be0357c13d3d0491ba7f98453fe86bc5637a5f,landsat,e0a5e331a8f0b397ddd09d9e61a95fcf353dd87ed806a2a21fdf1031b18015fb,LANDSAT/LC08/C02/T1_L2/LC08_133034_20230802,LC08_133034_20230802,1690948557966,2023-08-15,2023-07-16,2023
AOI-00,1546767a1ff01463f1bf4ea81cd86b44fbf42ba20f48c2d45d50120a3bab3ca5,LANDSAT/LC08/C02/T1_L2,2023-07-08T04:01:34.777000+00:00,final-source-scenes-r2-asset-verified,11.37,OUTSIDE_NOMINAL_WINDOW,b21c8cc7f3d4d35e1db4dfa1c8245ff10ba657c0a0a001992b552808766cc49b,REMOVE_SYNTHETIC_MERGE_PREFIX;BIND_PLATFORM_COLLECTION;RESTORE_SYSTEM_INDEX,False,LANDSAT/LC08/C02/T1_L2/1_LC08_134033_20230708,source-scenes-v1,2023-07-31,LANDSAT_8,LPGS_16.3.0,LPGS_16.3.0,Collection 2,d4f1692988a4d655a96619c5f3be0357c13d3d0491ba7f98453fe86bc5637a5f,landsat,e0a5e331a8f0b397ddd09d9e61a95fcf353dd87ed806a2a21fdf1031b18015fb,LANDSAT/LC08/C02/T1_L2/LC08_134033_20230708,LC08_134033_20230708,1688788894777,2023-08-15,2023-07-16,2023
AOI-00,1546767a1ff01463f1bf4ea81cd86b44fbf42ba20f48c2d45d50120a3bab3ca5,LANDSAT/LC08/C02/T1_L2,2023-07-24T04:01:39.223000+00:00,final-source-scenes-r2-asset-verified,15.56,,b21c8cc7f3d4d35e1db4dfa1c8245ff10ba657c0a0a001992b552808766cc49b,REMOVE_SYNTHETIC_MERGE_PREFIX;BIND_PLATFORM_COLLECTION;RESTORE_SYSTEM_INDEX,True,LANDSAT/LC08/C02/T1_L2/1_LC08_134033_20230724,source-scenes-v1,2023-07-31,LANDSAT_8,LPGS_16.3.0,LPGS_16.3.0,Collection 2,d4f1692988a4d655a96619c5f3be0357c13d3d0491ba7f98453fe86bc5637a5f,landsat,e0a5e331a8f0b397ddd09d9e61a95fcf353dd87ed806a2a21fdf1031b18015fb,LANDSAT/LC08/C02/T1_L2/LC08_134033_20230724,LC08_134033_20230724,1690171299223,2023-08-15,2023-07-16,2023
AOI-00,1546767a1ff01463f1bf4ea81cd86b44fbf42ba20f48c2d45d50120a3bab3ca5,LANDSAT/LC08/C02/T1_L2,2023-08-09T04:01:45.389000+00:00,final-source-scenes-r2-asset-verified,48.4,,b21c8cc7f3d4d35e1db4dfa1c8245ff10ba657c0a0a001992b552808766cc49b,REMOVE_SYNTHETIC_MERGE_PREFIX;BIND_PLATFORM_COLLECTION;RESTORE_SYSTEM_INDEX,True,LANDSAT/LC08/C02/T1_L2/1_LC08_134033_20230809,source-scenes-v1,2023-07-31,LANDSAT_8,LPGS_16.3.0,LPGS_16.3.0,Collection 2,d4f1692988a4d655a96619c5f3be0357c13d3d0491ba7f98453fe86bc5637a5f,landsat,e0a5e331a8f0b397ddd09d9e61a95fcf353dd87ed806a2a21fdf1031b18015fb,LANDSAT/LC08/C02/T1_L2/LC08_134033_20230809,LC08_134033_20230809,1691553705389,2023-08-15,2023-07-16,2023
AOI-00,1546767a1ff01463f1bf4ea81cd86b44fbf42ba20f48c2d45d50120a3bab3ca5,LANDSAT/LC08/C02/T1_L2,2023-08-25T04:01:53.843000+00:00,final-source-scenes-r2-asset-verified,45.8,OUTSIDE_NOMINAL_WINDOW,b21c8cc7f3d4d35e1db4dfa1c8245ff10ba657c0a0a001992b552808766cc49b,REMOVE_SYNTHETIC_MERGE_PREFIX;BIND_PLATFORM_COLLECTION;RESTORE_SYSTEM_INDEX,False,LANDSAT/LC08/C02/T1_L2/1_LC08_134033_20230825,source-scenes-v1,2023-07-31,LANDSAT_8,LPGS_16.3.0,LPGS_16.3.0,Collection 2,d4f1692988a4d655a96619c5f3be0357c13d3d0491ba7f98453fe86bc5637a5f,landsat,e0a5e331a8f0b397ddd09d9e61a95fcf353dd87ed806a2a21fdf1031b18015fb,LANDSAT/LC08/C02/T1_L2/LC08_134033_20230825,LC08_134033_20230825,1692936113843,2023-08-15,2023-07-16,2023
AOI-00,1546767a1ff01463f1bf4ea81cd86b44fbf42ba20f48c2d45d50120a3bab3ca5,LANDSAT/LC08/C02/T1_L2,2023-07-08T04:01:58.664000+00:00,final-source-scenes-r2-asset-verified,35.88,OUTSIDE_NOMINAL_WINDOW,b21c8cc7f3d4d35e1db4dfa1c8245ff10ba657c0a0a001992b552808766cc49b,REMOVE_SYNTHETIC_MERGE_PREFIX;BIND_PLATFORM_COLLECTION;RESTORE_SYSTEM_INDEX,False,LANDSAT/LC08/C02/T1_L2/1_LC08_134034_20230708,source-scenes-v1,2023-07-31,LANDSAT_8,LPGS_16.3.0,LPGS_16.3.0,Collection 2,d4f1692988a4d655a96619c5f3be0357c13d3d0491ba7f98453fe86bc5637a5f,landsat,e0a5e331a8f0b397ddd09d9e61a95fcf353dd87ed806a2a21fdf1031b18015fb,LANDSAT/LC08/C02/T1_L2/LC08_134034_20230708,LC08_134034_20230708,1688788918664,2023-08-15,2023-07-16,2023
AOI-00,1546767a1ff01463f1bf4ea81cd86b44fbf42ba20f48c2d45d50120a3bab3ca5,LANDSAT/LC08/C02/T1_L2,2023-07-24T04:02:03.110000+00:00,final-source-scenes-r2-asset-verified,19.46,,b21c8cc7f3d4d35e1db4dfa1c8245ff10ba657c0a0a001992b552808766cc49b,REMOVE_SYNTHETIC_MERGE_PREFIX;BIND_PLATFORM_COLLECTION;RESTORE_SYSTEM_INDEX,True,LANDSAT/LC08/C02/T1_L2/1_LC08_134034_20230724,source-scenes-v1,2023-07-31,LANDSAT_8,LPGS_16.3.0,LPGS_16.3.0,Collection 2,d4f1692988a4d655a96619c5f3be0357c13d3d0491ba7f98453fe86bc5637a5f,landsat,e0a5e331a8f0b397ddd09d9e61a95fcf353dd87ed806a2a21fdf1031b18015fb,LANDSAT/LC08/C02/T1_L2/LC08_134034_20230724,LC08_134034_20230724,1690171323110,2023-08-15,2023-07-16,2023
AOI-00,1546767a1ff01463f1bf4ea81cd86b44fbf42ba20f48c2d45d50120a3bab3ca5,LANDSAT/LC08/C02/T1_L2,2023-08-09T04:02:09.285000+00:00,final-source-scenes-r2-asset-verified,48.62,,b21c8cc7f3d4d35e1db4dfa1c8245ff10ba657c0a0a001992b552808766cc49b,REMOVE_SYNTHETIC_MERGE_PREFIX;BIND_PLATFORM_COLLECTION;RESTORE_SYSTEM_INDEX,True,LANDSAT/LC08/C02/T1_L2/1_LC08_134034_20230809,source-scenes-v1,2023-07-31,LANDSAT_8,LPGS_16.3.0,LPGS_16.3.0,Collection 2,d4f1692988a4d655a96619c5f3be0357c13d3d0491ba7f98453fe86bc5637a5f,landsat,e0a5e331a8f0b397ddd09d9e61a95fcf353dd87ed806a2a21fdf1031b18015fb,LANDSAT/LC08/C02/T1_L2/LC08_134034_20230809,LC08_134034_20230809,1691553729285,2023-08-15,2023-07-16,2023
AOI-00,1546767a1ff01463f1bf4ea81cd86b44fbf42ba20f48c2d45d50120a3bab3ca5,LANDSAT/LC08/C02/T1_L2,2023-08-25T04:02:17.734000+00:00,final-source-scenes-r2-asset-verified,63.43,OUTSIDE_NOMINAL_WINDOW,b21c8cc7f3d4d35e1db4dfa1c8245ff10ba657c0a0a001992b552808766cc49b,REMOVE_SYNTHETIC_MERGE_PREFIX;BIND_PLATFORM_COLLECTION;RESTORE_SYSTEM_INDEX,False,LANDSAT/LC08/C02/T1_L2/1_LC08_134034_20230825,source-scenes-v1,2023-07-31,LANDSAT_8,LPGS_16.3.0,LPGS_16.3.0,Collection 2,d4f1692988a4d655a96619c5f3be0357c13d3d0491ba7f98453fe86bc5637a5f,landsat,e0a5e331a8f0b397ddd09d9e61a95fcf353dd87ed806a2a21fdf1031b18015fb,LANDSAT/LC08/C02/T1_L2/LC08_134034_20230825,LC08_134034_20230825,1692936137734,2023-08-15,2023-07-16,2023
AOI-00,1546767a1ff01463f1bf4ea81cd86b44fbf42ba20f48c2d45d50120a3bab3ca5,LANDSAT/LC09/C02/T1_L2,2023-07-09T03:55:41.290000+00:00,final-source-scenes-r2-asset-verified,7.37,OUTSIDE_NOMINAL_WINDOW,b21c8cc7f3d4d35e1db4dfa1c8245ff10ba657c0a0a001992b552808766cc49b,REMOVE_SYNTHETIC_MERGE_PREFIX;BIND_PLATFORM_COLLECTION;RESTORE_SYSTEM_INDEX,False,LANDSAT/LC08/C02/T1_L2/2_LC09_133034_20230709,source-scenes-v1,2023-07-31,LANDSAT_9,LPGS_16.3.0,LPGS_16.3.0,Collection 2,d4f1692988a4d655a96619c5f3be0357c13d3d0491ba7f98453fe86bc5637a5f,landsat,e0a5e331a8f0b397ddd09d9e61a95fcf353dd87ed806a2a21fdf1031b18015fb,LANDSAT/LC09/C02/T1_L2/LC09_133034_20230709,LC09_133034_20230709,1688874941290,2023-08-15,2023-07-16,2023
AOI-00,1546767a1ff01463f1bf4ea81cd86b44fbf42ba20f48c2d45d50120a3bab3ca5,LANDSAT/LC09/C02/T1_L2,2023-07-25T03:55:41.842000+00:00,final-source-scenes-r2-asset-verified,6.19,,b21c8cc7f3d4d35e1db4dfa1c8245ff10ba657c0a0a001992b552808766cc49b,REMOVE_SYNTHETIC_MERGE_PREFIX;BIND_PLATFORM_COLLECTION;RESTORE_SYSTEM_INDEX,True,LANDSAT/LC08/C02/T1_L2/2_LC09_133034_20230725,source-scenes-v1,2023-07-31,LANDSAT_9,LPGS_16.3.0,LPGS_16.3.0,Collection 2,d4f1692988a4d655a96619c5f3be0357c13d3d0491ba7f98453fe86bc5637a5f,landsat,e0a5e331a8f0b397ddd09d9e61a95fcf353dd87ed806a2a21fdf1031b18015fb,LANDSAT/LC09/C02/T1_L2/LC09_133034_20230725,LC09_133034_20230725,1690257341842,2023-08-15,2023-07-16,2023
AOI-00,1546767a1ff01463f1bf4ea81cd86b44fbf42ba20f48c2d45d50120a3bab3ca5,LANDSAT/LC09/C02/T1_L2,2023-07-16T04:01:30.390000+00:00,final-source-scenes-r2-asset-verified,38.25,,b21c8cc7f3d4d35e1db4dfa1c8245ff10ba657c0a0a001992b552808766cc49b,REMOVE_SYNTHETIC_MERGE_PREFIX;BIND_PLATFORM_COLLECTION;RESTORE_SYSTEM_INDEX,True,LANDSAT/LC08/C02/T1_L2/2_LC09_134033_20230716,source-scenes-v1,2023-07-31,LANDSAT_9,LPGS_16.3.0,LPGS_16.3.0,Collection 2,d4f1692988a4d655a96619c5f3be0357c13d3d0491ba7f98453fe86bc5637a5f,landsat,e0a5e331a8f0b397ddd09d9e61a95fcf353dd87ed806a2a21fdf1031b18015fb,LANDSAT/LC09/C02/T1_L2/LC09_134033_20230716,LC09_134033_20230716,1689480090390,2023-08-15,2023-07-16,2023
AOI-00,1546767a1ff01463f1bf4ea81cd86b44fbf42ba20f48c2d45d50120a3bab3ca5,LANDSAT/LC09/C02/T1_L2,2023-08-17T04:01:39.857000+00:00,final-source-scenes-r2-asset-verified,2.27,OUTSIDE_NOMINAL_WINDOW,b21c8cc7f3d4d35e1db4dfa1c8245ff10ba657c0a0a001992b552808766cc49b,REMOVE_SYNTHETIC_MERGE_PREFIX;BIND_PLATFORM_COLLECTION;RESTORE_SYSTEM_INDEX,False,LANDSAT/LC08/C02/T1_L2/2_LC09_134033_20230817,source-scenes-v1,2023-07-31,LANDSAT_9,LPGS_16.3.0,LPGS_16.3.0,Collection 2,d4f1692988a4d655a96619c5f3be0357c13d3d0491ba7f98453fe86bc5637a5f,landsat,e0a5e331a8f0b397ddd09d9e61a95fcf353dd87ed806a2a21fdf1031b18015fb,LANDSAT/LC09/C02/T1_L2/LC09_134033_20230817,LC09_134033_20230817,1692244899857,2023-08-15,2023-07-16,2023
AOI-00,1546767a1ff01463f1bf4ea81cd86b44fbf42ba20f48c2d45d50120a3bab3ca5,LANDSAT/LC09/C02/T1_L2,2023-07-16T04:01:54.281000+00:00,final-source-scenes-r2-asset-verified,20.77,,b21c8cc7f3d4d35e1db4dfa1c8245ff10ba657c0a0a001992b552808766cc49b,REMOVE_SYNTHETIC_MERGE_PREFIX;BIND_PLATFORM_COLLECTION;RESTORE_SYSTEM_INDEX,True,LANDSAT/LC08/C02/T1_L2/2_LC09_134034_20230716,source-scenes-v1,2023-07-31,LANDSAT_9,LPGS_16.3.0,LPGS_16.3.0,Collection 2,d4f1692988a4d655a96619c5f3be0357c13d3d0491ba7f98453fe86bc5637a5f,landsat,e0a5e331a8f0b397ddd09d9e61a95fcf353dd87ed806a2a21fdf1031b18015fb,LANDSAT/LC09/C02/T1_L2/LC09_134034_20230716,LC09_134034_20230716,1689480114281,2023-08-15,2023-07-16,2023
AOI-00,1546767a1ff01463f1bf4ea81cd86b44fbf42ba20f48c2d45d50120a3bab3ca5,LANDSAT/LC09/C02/T1_L2,2023-08-17T04:02:03.744000+00:00,final-source-scenes-r2-asset-verified,25.31,OUTSIDE_NOMINAL_WINDOW,b21c8cc7f3d4d35e1db4dfa1c8245ff10ba657c0a0a001992b552808766cc49b,REMOVE_SYNTHETIC_MERGE_PREFIX;BIND_PLATFORM_COLLECTION;RESTORE_SYSTEM_INDEX,False,LANDSAT/LC08/C02/T1_L2/2_LC09_134034_20230817,source-scenes-v1,2023-07-31,LANDSAT_9,LPGS_16.3.0,LPGS_16.3.0,Collection 2,d4f1692988a4d655a96619c5f3be0357c13d3d0491ba7f98453fe86bc5637a5f,landsat,e0a5e331a8f0b397ddd09d9e61a95fcf353dd87ed806a2a21fdf1031b18015fb,LANDSAT/LC09/C02/T1_L2/LC09_134034_20230817,LC09_134034_20230817,1692244923744,2023-08-15,2023-07-16,2023
AOI-00,1546767a1ff01463f1bf4ea81cd86b44fbf42ba20f48c2d45d50120a3bab3ca5,LANDSAT/LC08/C02/T1_L2,2023-07-17T03:55:49.432000+00:00,final-source-scenes-r2-asset-verified,22.84,OUTSIDE_NOMINAL_WINDOW,b21c8cc7f3d4d35e1db4dfa1c8245ff10ba657c0a0a001992b552808766cc49b,REMOVE_SYNTHETIC_MERGE_PREFIX;BIND_PLATFORM_COLLECTION;RESTORE_SYSTEM_INDEX,False,LANDSAT/LC08/C02/T1_L2/1_LC08_133034_20230717,source-scenes-v1,2023-08-10,LANDSAT_8,LPGS_16.3.0,LPGS_16.3.0,Collection 2,3f52d3bbdd65a04932722051c7d1580d989a4a75c772062fcca323c0a62e8536,landsat,414851f75522267e6c98fb4e483b864126b6a3d54527d12151b02e2b015c8574,LANDSAT/LC08/C02/T1_L2/LC08_133034_20230717,LC08_133034_20230717,1689566149432,2023-08-25,2023-07-26,2023
AOI-00,1546767a1ff01463f1bf4ea81cd86b44fbf42ba20f48c2d45d50120a3bab3ca5,LANDSAT/LC08/C02/T1_L2,2023-08-02T03:55:57.966000+00:00,final-source-scenes-r2-asset-verified,44.37,,b21c8cc7f3d4d35e1db4dfa1c8245ff10ba657c0a0a001992b552808766cc49b,REMOVE_SYNTHETIC_MERGE_PREFIX;BIND_PLATFORM_COLLECTION;RESTORE_SYSTEM_INDEX,True,LANDSAT/LC08/C02/T1_L2/1_LC08_133034_20230802,source-scenes-v1,2023-08-10,LANDSAT_8,LPGS_16.3.0,LPGS_16.3.0,Collection 2,3f52d3bbdd65a04932722051c7d1580d989a4a75c772062fcca323c0a62e8536,landsat,414851f75522267e6c98fb4e483b864126b6a3d54527d12151b02e2b015c8574,LANDSAT/LC08/C02/T1_L2/LC08_133034_20230802,LC08_133034_20230802,1690948557966,2023-08-25,2023-07-26,2023
AOI-00,1546767a1ff01463f1bf4ea81cd86b44fbf42ba20f48c2d45d50120a3bab3ca5,LANDSAT/LC08/C02/T1_L2,2023-07-08T04:01:34.777000+00:00,final-source-scenes-r2-asset-verified,11.37,OUTSIDE_NOMINAL_WINDOW,b21c8cc7f3d4d35e1db4dfa1c8245ff10ba657c0a0a001992b552808766cc49b,REMOVE_SYNTHETIC_MERGE_PREFIX;BIND_PLATFORM_COLLECTION;RESTORE_SYSTEM_INDEX,False,LANDSAT/LC08/C02/T1_L2/1_LC08_134033_20230708,source-scenes-v1,2023-08-10,LANDSAT_8,LPGS_16.3.0,LPGS_16.3.0,Collection 2,3f52d3bbdd65a04932722051c7d1580d989a4a75c772062fcca323c0a62e8536,landsat,414851f75522267e6c98fb4e483b864126b6a3d54527d12151b02e2b015c8574,LANDSAT/LC08/C02/T1_L2/LC08_134033_20230708,LC08_134033_20230708,1688788894777,2023-08-25,2023-07-26,2023
AOI-00,1546767a1ff01463f1bf4ea81cd86b44fbf42ba20f48c2d45d50120a3bab3ca5,LANDSAT/LC08/C02/T1_L2,2023-07-24T04:01:39.223000+00:00,final-source-scenes-r2-asset-verified,15.56,OUTSIDE_NOMINAL_WINDOW,b21c8cc7f3d4d35e1db4dfa1c8245ff10ba657c0a0a001992b552808766cc49b,REMOVE_SYNTHETIC_MERGE_PREFIX;BIND_PLATFORM_COLLECTION;RESTORE_SYSTEM_INDEX,False,LANDSAT/LC08/C02/T1_L2/1_LC08_134033_20230724,source-scenes-v1,2023-08-10,LANDSAT_8,LPGS_16.3.0,LPGS_16.3.0,Collection 2,3f52d3bbdd65a04932722051c7d1580d989a4a75c772062fcca323c0a62e8536,landsat,414851f75522267e6c98fb4e483b864126b6a3d54527d12151b02e2b015c8574,LANDSAT/LC08/C02/T1_L2/LC08_134033_20230724,LC08_134033_20230724,1690171299223,2023-08-25,2023-07-26,2023
AOI-00,1546767a1ff01463f1bf4ea81cd86b44fbf42ba20f48c2d45d50120a3bab3ca5,LANDSAT/LC08/C02/T1_L2,2023-08-09T04:01:45.389000+00:00,final-source-scenes-r2-asset-verified,48.4,,b21c8cc7f3d4d35e1db4dfa1c8245ff10ba657c0a0a001992b552808766cc49b,REMOVE_SYNTHETIC_MERGE_PREFIX;BIND_PLATFORM_COLLECTION;RESTORE_SYSTEM_INDEX,True,LANDSAT/LC08/C02/T1_L2/1_LC08_134033_20230809,source-scenes-v1,2023-08-10,LANDSAT_8,LPGS_16.3.0,LPGS_16.3.0,Collection 2,3f52d3bbdd65a04932722051c7d1580d989a4a75c772062fcca323c0a62e8536,landsat,414851f75522267e6c98fb4e483b864126b6a3d54527d12151b02e2b015c8574,LANDSAT/LC08/C02/T1_L2/LC08_134033_20230809,LC08_134033_20230809,1691553705389,2023-08-25,2023-07-26,2023
AOI-00,1546767a1ff01463f1bf4ea81cd86b44fbf42ba20f48c2d45d50120a3bab3ca5,LANDSAT/LC08/C02/T1_L2,2023-08-25T04:01:53.843000+00:00,final-source-scenes-r2-asset-verified,45.8,,b21c8cc7f3d4d35e1db4dfa1c8245ff10ba657c0a0a001992b552808766cc49b,REMOVE_SYNTHETIC_MERGE_PREFIX;BIND_PLATFORM_COLLECTION;RESTORE_SYSTEM_INDEX,True,LANDSAT/LC08/C02/T1_L2/1_LC08_134033_20230825,source-scenes-v1,2023-08-10,LANDSAT_8,LPGS_16.3.0,LPGS_16.3.0,Collection 2,3f52d3bbdd65a04932722051c7d1580d989a4a75c772062fcca323c0a62e8536,landsat,414851f75522267e6c98fb4e483b864126b6a3d54527d12151b02e2b015c8574,LANDSAT/LC08/C02/T1_L2/LC08_134033_20230825,LC08_134033_20230825,1692936113843,2023-08-25,2023-07-26,2023
AOI-00,1546767a1ff01463f1bf4ea81cd86b44fbf42ba20f48c2d45d50120a3bab3ca5,LANDSAT/LC08/C02/T1_L2,2023-07-08T04:01:58.664000+00:00,final-source-scenes-r2-asset-verified,35.88,OUTSIDE_NOMINAL_WINDOW,b21c8cc7f3d4d35e1db4dfa1c8245ff10ba657c0a0a001992b552808766cc49b,REMOVE_SYNTHETIC_MERGE_PREFIX;BIND_PLATFORM_COLLECTION;RESTORE_SYSTEM_INDEX,False,LANDSAT/LC08/C02/T1_L2/1_LC08_134034_20230708,source-scenes-v1,2023-08-10,LANDSAT_8,LPGS_16.3.0,LPGS_16.3.0,Collection 2,3f52d3bbdd65a04932722051c7d1580d989a4a75c772062fcca323c0a62e8536,landsat,414851f75522267e6c98fb4e483b864126b6a3d54527d12151b02e2b015c8574,LANDSAT/LC08/C02/T1_L2/LC08_134034_20230708,LC08_134034_20230708,1688788918664,2023-08-25,2023-07-26,2023
AOI-00,1546767a1ff01463f1bf4ea81cd86b44fbf42ba20f48c2d45d50120a3bab3ca5,LANDSAT/LC08/C02/T1_L2,2023-07-24T04:02:03.110000+00:00,final-source-scenes-r2-asset-verified,19.46,OUTSIDE_NOMINAL_WINDOW,b21c8cc7f3d4d35e1db4dfa1c8245ff10ba657c0a0a001992b552808766cc49b,REMOVE_SYNTHETIC_MERGE_PREFIX;BIND_PLATFORM_COLLECTION;RESTORE_SYSTEM_INDEX,False,LANDSAT/LC08/C02/T1_L2/1_LC08_134034_20230724,source-scenes-v1,2023-08-10,LANDSAT_8,LPGS_16.3.0,LPGS_16.3.0,Collection 2,3f52d3bbdd65a04932722051c7d1580d989a4a75c772062fcca323c0a62e8536,landsat,414851f75522267e6c98fb4e483b864126b6a3d54527d12151b02e2b015c8574,LANDSAT/LC08/C02/T1_L2/LC08_134034_20230724,LC08_134034_20230724,1690171323110,2023-08-25,2023-07-26,2023
AOI-00,1546767a1ff01463f1bf4ea81cd86b44fbf42ba20f48c2d45d50120a3bab3ca5,LANDSAT/LC08/C02/T1_L2,2023-08-09T04:02:09.285000+00:00,final-source-scenes-r2-asset-verified,48.62,,b21c8cc7f3d4d35e1db4dfa1c8245ff10ba657c0a0a001992b552808766cc49b,REMOVE_SYNTHETIC_MERGE_PREFIX;BIND_PLATFORM_COLLECTION;RESTORE_SYSTEM_INDEX,True,LANDSAT/LC08/C02/T1_L2/1_LC08_134034_20230809,source-scenes-v1,2023-08-10,LANDSAT_8,LPGS_16.3.0,LPGS_16.3.0,Collection 2,3f52d3bbdd65a04932722051c7d1580d989a4a75c772062fcca323c0a62e8536,landsat,414851f75522267e6c98fb4e483b864126b6a3d54527d12151b02e2b015c8574,LANDSAT/LC08/C02/T1_L2/LC08_134034_20230809,LC08_134034_20230809,1691553729285,2023-08-25,2023-07-26,2023
AOI-00,1546767a1ff01463f1bf4ea81cd86b44fbf42ba20f48c2d45d50120a3bab3ca5,LANDSAT/LC08/C02/T1_L2,2023-08-25T04:02:17.734000+00:00,final-source-scenes-r2-asset-verified,63.43,,b21c8cc7f3d4d35e1db4dfa1c8245ff10ba657c0a0a001992b552808766cc49b,REMOVE_SYNTHETIC_MERGE_PREFIX;BIND_PLATFORM_COLLECTION;RESTORE_SYSTEM_INDEX,True,LANDSAT/LC08/C02/T1_L2/1_LC08_134034_20230825,source-scenes-v1,2023-08-10,LANDSAT_8,LPGS_16.3.0,LPGS_16.3.0,Collection 2,3f52d3bbdd65a04932722051c7d1580d989a4a75c772062fcca323c0a62e8536,landsat,414851f75522267e6c98fb4e483b864126b6a3d54527d12151b02e2b015c8574,LANDSAT/LC08/C02/T1_L2/LC08_134034_20230825,LC08_134034_20230825,1692936137734,2023-08-25,2023-07-26,2023
AOI-00,1546767a1ff01463f1bf4ea81cd86b44fbf42ba20f48c2d45d50120a3bab3ca5,LANDSAT/LC09/C02/T1_L2,2023-07-09T03:55:41.290000+00:00,final-source-scenes-r2-asset-verified,7.37,OUTSIDE_NOMINAL_WINDOW,b21c8cc7f3d4d35e1db4dfa1c8245ff10ba657c0a0a001992b552808766cc49b,REMOVE_SYNTHETIC_MERGE_PREFIX;BIND_PLATFORM_COLLECTION;RESTORE_SYSTEM_INDEX,False,LANDSAT/LC08/C02/T1_L2/2_LC09_133034_20230709,source-scenes-v1,2023-08-10,LANDSAT_9,LPGS_16.3.0,LPGS_16.3.0,Collection 2,3f52d3bbdd65a04932722051c7d1580d989a4a75c772062fcca323c0a62e8536,landsat,414851f75522267e6c98fb4e483b864126b6a3d54527d12151b02e2b015c8574,LANDSAT/LC09/C02/T1_L2/LC09_133034_20230709,LC09_133034_20230709,1688874941290,2023-08-25,2023-07-26,2023
AOI-00,1546767a1ff01463f1bf4ea81cd86b44fbf42ba20f48c2d45d50120a3bab3ca5,LANDSAT/LC09/C02/T1_L2,2023-07-25T03:55:41.842000+00:00,final-source-scenes-r2-asset-verified,6.19,OUTSIDE_NOMINAL_WINDOW,b21c8cc7f3d4d35e1db4dfa1c8245ff10ba657c0a0a001992b552808766cc49b,REMOVE_SYNTHETIC_MERGE_PREFIX;BIND_PLATFORM_COLLECTION;RESTORE_SYSTEM_INDEX,False,LANDSAT/LC08/C02/T1_L2/2_LC09_133034_20230725,source-scenes-v1,2023-08-10,LANDSAT_9,LPGS_16.3.0,LPGS_16.3.0,Collection 2,3f52d3bbdd65a04932722051c7d1580d989a4a75c772062fcca323c0a62e8536,landsat,414851f75522267e6c98fb4e483b864126b6a3d54527d12151b02e2b015c8574,LANDSAT/LC09/C02/T1_L2/LC09_133034_20230725,LC09_133034_20230725,1690257341842,2023-08-25,2023-07-26,2023
AOI-00,1546767a1ff01463f1bf4ea81cd86b44fbf42ba20f48c2d45d50120a3bab3ca5,LANDSAT/LC09/C02/T1_L2,2023-07-16T04:01:30.390000+00:00,final-source-scenes-r2-asset-verified,38.25,OUTSIDE_NOMINAL_WINDOW,b21c8cc7f3d4d35e1db4dfa1c8245ff10ba657c0a0a001992b552808766cc49b,REMOVE_SYNTHETIC_MERGE_PREFIX;BIND_PLATFORM_COLLECTION;RESTORE_SYSTEM_INDEX,False,LANDSAT/LC08/C02/T1_L2/2_LC09_134033_20230716,source-scenes-v1,2023-08-10,LANDSAT_9,LPGS_16.3.0,LPGS_16.3.0,Collection 2,3f52d3bbdd65a04932722051c7d1580d989a4a75c772062fcca323c0a62e8536,landsat,414851f75522267e6c98fb4e483b864126b6a3d54527d12151b02e2b015c8574,LANDSAT/LC09/C02/T1_L2/LC09_134033_20230716,LC09_134033_20230716,1689480090390,2023-08-25,2023-07-26,2023
AOI-00,1546767a1ff01463f1bf4ea81cd86b44fbf42ba20f48c2d45d50120a3bab3ca5,LANDSAT/LC09/C02/T1_L2,2023-08-17T04:01:39.857000+00:00,final-source-scenes-r2-asset-verified,2.27,,b21c8cc7f3d4d35e1db4dfa1c8245ff10ba657c0a0a001992b552808766cc49b,REMOVE_SYNTHETIC_MERGE_PREFIX;BIND_PLATFORM_COLLECTION;RESTORE_SYSTEM_INDEX,True,LANDSAT/LC08/C02/T1_L2/2_LC09_134033_20230817,source-scenes-v1,2023-08-10,LANDSAT_9,LPGS_16.3.0,LPGS_16.3.0,Collection 2,3f52d3bbdd65a04932722051c7d1580d989a4a75c772062fcca323c0a62e8536,landsat,414851f75522267e6c98fb4e483b864126b6a3d54527d12151b02e2b015c8574,LANDSAT/LC09/C02/T1_L2/LC09_134033_20230817,LC09_134033_20230817,1692244899857,2023-08-25,2023-07-26,2023
AOI-00,1546767a1ff01463f1bf4ea81cd86b44fbf42ba20f48c2d45d50120a3bab3ca5,LANDSAT/LC09/C02/T1_L2,2023-07-16T04:01:54.281000+00:00,final-source-scenes-r2-asset-verified,20.77,OUTSIDE_NOMINAL_WINDOW,b21c8cc7f3d4d35e1db4dfa1c8245ff10ba657c0a0a001992b552808766cc49b,REMOVE_SYNTHETIC_MERGE_PREFIX;BIND_PLATFORM_COLLECTION;RESTORE_SYSTEM_INDEX,False,LANDSAT/LC08/C02/T1_L2/2_LC09_134034_20230716,source-scenes-v1,2023-08-10,LANDSAT_9,LPGS_16.3.0,LPGS_16.3.0,Collection 2,3f52d3bbdd65a04932722051c7d1580d989a4a75c772062fcca323c0a62e8536,landsat,414851f75522267e6c98fb4e483b864126b6a3d54527d12151b02e2b015c8574,LANDSAT/LC09/C02/T1_L2/LC09_134034_20230716,LC09_134034_20230716,1689480114281,2023-08-25,2023-07-26,2023
AOI-00,1546767a1ff01463f1bf4ea81cd86b44fbf42ba20f48c2d45d50120a3bab3ca5,LANDSAT/LC09/C02/T1_L2,2023-08-17T04:02:03.744000+00:00,final-source-scenes-r2-asset-verified,25.31,,b21c8cc7f3d4d35e1db4dfa1c8245ff10ba657c0a0a001992b552808766cc49b,REMOVE_SYNTHETIC_MERGE_PREFIX;BIND_PLATFORM_COLLECTION;RESTORE_SYSTEM_INDEX,True,LANDSAT/LC08/C02/T1_L2/2_LC09_134034_20230817,source-scenes-v1,2023-08-10,LANDSAT_9,LPGS_16.3.0,LPGS_16.3.0,Collection 2,3f52d3bbdd65a04932722051c7d1580d989a4a75c772062fcca323c0a62e8536,landsat,414851f75522267e6c98fb4e483b864126b6a3d54527d12151b02e2b015c8574,LANDSAT/LC09/C02/T1_L2/LC09_134034_20230817,LC09_134034_20230817,1692244923744,2023-08-25,2023-07-26,2023
AOI-00,1546767a1ff01463f1bf4ea81cd86b44fbf42ba20f48c2d45d50120a3bab3ca5,LANDSAT/LC08/C02/T1_L2,2024-07-19T03:55:40.622000+00:00,final-source-scenes-r2-asset-verified,10.41,,b21c8cc7f3d4d35e1db4dfa1c8245ff10ba657c0a0a001992b552808766cc49b,REMOVE_SYNTHETIC_MERGE_PREFIX;BIND_PLATFORM_COLLECTION;RESTORE_SYSTEM_INDEX,True,LANDSAT/LC08/C02/T1_L2/1_LC08_133034_20240719,source-scenes-v1,2024-07-20,LANDSAT_8,LPGS_16.4.0,LPGS_16.4.0,Collection 2,b823c92b7f7c562b12f03efbceefa014e735c1f403db31e2c4d72a9fcf98e88f,landsat,1178ba30922c9101fe47d4d50c77d85bd98fc38d7d582938a6b102bc67a204ae,LANDSAT/LC08/C02/T1_L2/LC08_133034_20240719,LC08_133034_20240719,1721361340622,2024-08-04,2024-07-05,2024
AOI-00,1546767a1ff01463f1bf4ea81cd86b44fbf42ba20f48c2d45d50120a3bab3ca5,LANDSAT/LC08/C02/T1_L2,2024-08-04T03:55:42.141000+00:00,final-source-scenes-r2-asset-verified,15.5,,b21c8cc7f3d4d35e1db4dfa1c8245ff10ba657c0a0a001992b552808766cc49b,REMOVE_SYNTHETIC_MERGE_PREFIX;BIND_PLATFORM_COLLECTION;RESTORE_SYSTEM_INDEX,True,LANDSAT/LC08/C02/T1_L2/1_LC08_133034_20240804,source-scenes-v1,2024-07-20,LANDSAT_8,LPGS_16.4.0,LPGS_16.4.0,Collection 2,b823c92b7f7c562b12f03efbceefa014e735c1f403db31e2c4d72a9fcf98e88f,landsat,1178ba30922c9101fe47d4d50c77d85bd98fc38d7d582938a6b102bc67a204ae,LANDSAT/LC08/C02/T1_L2/LC08_133034_20240804,LC08_133034_20240804,1722743742141,2024-08-04,2024-07-05,2024
AOI-00,1546767a1ff01463f1bf4ea81cd86b44fbf42ba20f48c2d45d50120a3bab3ca5,LANDSAT/LC08/C02/T1_L2,2024-08-20T03:55:51.863000+00:00,final-source-scenes-r2-asset-verified,0.01,OUTSIDE_NOMINAL_WINDOW,b21c8cc7f3d4d35e1db4dfa1c8245ff10ba657c0a0a001992b552808766cc49b,REMOVE_SYNTHETIC_MERGE_PREFIX;BIND_PLATFORM_COLLECTION;RESTORE_SYSTEM_INDEX,False,LANDSAT/LC08/C02/T1_L2/1_LC08_133034_20240820,source-scenes-v1,2024-07-20,LANDSAT_8,LPGS_16.4.0,LPGS_16.4.0,Collection 2,b823c92b7f7c562b12f03efbceefa014e735c1f403db31e2c4d72a9fcf98e88f,landsat,1178ba30922c9101fe47d4d50c77d85bd98fc38d7d582938a6b102bc67a204ae,LANDSAT/LC08/C02/T1_L2/LC08_133034_20240820,LC08_133034_20240820,1724126151863,2024-08-04,2024-07-05,2024
AOI-00,1546767a1ff01463f1bf4ea81cd86b44fbf42ba20f48c2d45d50120a3bab3ca5,LANDSAT/LC08/C02/T1_L2,2024-07-10T04:01:17.338000+00:00,final-source-scenes-r2-asset-verified,32.1,,b21c8cc7f3d4d35e1db4dfa1c8245ff10ba657c0a0a001992b552808766cc49b,REMOVE_SYNTHETIC_MERGE_PREFIX;BIND_PLATFORM_COLLECTION;RESTORE_SYSTEM_INDEX,True,LANDSAT/LC08/C02/T1_L2/1_LC08_134033_20240710,source-scenes-v1,2024-07-20,LANDSAT_8,LPGS_16.4.0,LPGS_16.4.0,Collection 2,b823c92b7f7c562b12f03efbceefa014e735c1f403db31e2c4d72a9fcf98e88f,landsat,1178ba30922c9101fe47d4d50c77d85bd98fc38d7d582938a6b102bc67a204ae,LANDSAT/LC08/C02/T1_L2/LC08_134033_20240710,LC08_134033_20240710,1720584077338,2024-08-04,2024-07-05,2024
AOI-00,1546767a1ff01463f1bf4ea81cd86b44fbf42ba20f48c2d45d50120a3bab3ca5,LANDSAT/LC08/C02/T1_L2,2024-08-11T04:01:30.860000+00:00,final-source-scenes-r2-asset-verified,1,OUTSIDE_NOMINAL_WINDOW,b21c8cc7f3d4d35e1db4dfa1c8245ff10ba657c0a0a001992b552808766cc49b,REMOVE_SYNTHETIC_MERGE_PREFIX;BIND_PLATFORM_COLLECTION;RESTORE_SYSTEM_INDEX,False,LANDSAT/LC08/C02/T1_L2/1_LC08_134033_20240811,source-scenes-v1,2024-07-20,LANDSAT_8,LPGS_16.4.0,LPGS_16.4.0,Collection 2,b823c92b7f7c562b12f03efbceefa014e735c1f403db31e2c4d72a9fcf98e88f,landsat,1178ba30922c9101fe47d4d50c77d85bd98fc38d7d582938a6b102bc67a204ae,LANDSAT/LC08/C02/T1_L2/LC08_134033_20240811,LC08_134033_20240811,1723348890860,2024-08-04,2024-07-05,2024
AOI-00,1546767a1ff01463f1bf4ea81cd86b44fbf42ba20f48c2d45d50120a3bab3ca5,LANDSAT/LC08/C02/T1_L2,2024-07-10T04:01:41.225000+00:00,final-source-scenes-r2-asset-verified,65.27,,b21c8cc7f3d4d35e1db4dfa1c8245ff10ba657c0a0a001992b552808766cc49b,REMOVE_SYNTHETIC_MERGE_PREFIX;BIND_PLATFORM_COLLECTION;RESTORE_SYSTEM_INDEX,True,LANDSAT/LC08/C02/T1_L2/1_LC08_134034_20240710,source-scenes-v1,2024-07-20,LANDSAT_8,LPGS_16.4.0,LPGS_16.4.0,Collection 2,b823c92b7f7c562b12f03efbceefa014e735c1f403db31e2c4d72a9fcf98e88f,landsat,1178ba30922c9101fe47d4d50c77d85bd98fc38d7d582938a6b102bc67a204ae,LANDSAT/LC08/C02/T1_L2/LC08_134034_20240710,LC08_134034_20240710,1720584101225,2024-08-04,2024-07-05,2024
AOI-00,1546767a1ff01463f1bf4ea81cd86b44fbf42ba20f48c2d45d50120a3bab3ca5,LANDSAT/LC08/C02/T1_L2,2024-08-11T04:01:54.751000+00:00,final-source-scenes-r2-asset-verified,2.03,OUTSIDE_NOMINAL_WINDOW,b21c8cc7f3d4d35e1db4dfa1c8245ff10ba657c0a0a001992b552808766cc49b,REMOVE_SYNTHETIC_MERGE_PREFIX;BIND_PLATFORM_COLLECTION;RESTORE_SYSTEM_INDEX,False,LANDSAT/LC08/C02/T1_L2/1_LC08_134034_20240811,source-scenes-v1,2024-07-20,LANDSAT_8,LPGS_16.4.0,LPGS_16.4.0,Collection 2,b823c92b7f7c562b12f03efbceefa014e735c1f403db31e2c4d72a9fcf98e88f,landsat,1178ba30922c9101fe47d4d50c77d85bd98fc38d7d582938a6b102bc67a204ae,LANDSAT/LC08/C02/T1_L2/LC08_134034_20240811,LC08_134034_20240811,1723348914751,2024-08-04,2024-07-05,2024
AOI-00,1546767a1ff01463f1bf4ea81cd86b44fbf42ba20f48c2d45d50120a3bab3ca5,LANDSAT/LC09/C02/T1_L2,2024-07-11T03:55:30.520000+00:00,final-source-scenes-r2-asset-verified,72.6,,b21c8cc7f3d4d35e1db4dfa1c8245ff10ba657c0a0a001992b552808766cc49b,REMOVE_SYNTHETIC_MERGE_PREFIX;BIND_PLATFORM_COLLECTION;RESTORE_SYSTEM_INDEX,True,LANDSAT/LC08/C02/T1_L2/2_LC09_133034_20240711,source-scenes-v1,2024-07-20,LANDSAT_9,LPGS_16.4.0,LPGS_16.4.0,Collection 2,b823c92b7f7c562b12f03efbceefa014e735c1f403db31e2c4d72a9fcf98e88f,landsat,1178ba30922c9101fe47d4d50c77d85bd98fc38d7d582938a6b102bc67a204ae,LANDSAT/LC09/C02/T1_L2/LC09_133034_20240711,LC09_133034_20240711,1720670130520,2024-08-04,2024-07-05,2024
AOI-00,1546767a1ff01463f1bf4ea81cd86b44fbf42ba20f48c2d45d50120a3bab3ca5,LANDSAT/LC09/C02/T1_L2,2024-07-27T03:55:32.818000+00:00,final-source-scenes-r2-asset-verified,66.48,,b21c8cc7f3d4d35e1db4dfa1c8245ff10ba657c0a0a001992b552808766cc49b,REMOVE_SYNTHETIC_MERGE_PREFIX;BIND_PLATFORM_COLLECTION;RESTORE_SYSTEM_INDEX,True,LANDSAT/LC08/C02/T1_L2/2_LC09_133034_20240727,source-scenes-v1,2024-07-20,LANDSAT_9,LPGS_16.4.0,LPGS_16.4.0,Collection 2,b823c92b7f7c562b12f03efbceefa014e735c1f403db31e2c4d72a9fcf98e88f,landsat,1178ba30922c9101fe47d4d50c77d85bd98fc38d7d582938a6b102bc67a204ae,LANDSAT/LC09/C02/T1_L2/LC09_133034_20240727,LC09_133034_20240727,1722052532818,2024-08-04,2024-07-05,2024
AOI-00,1546767a1ff01463f1bf4ea81cd86b44fbf42ba20f48c2d45d50120a3bab3ca5,LANDSAT/LC09/C02/T1_L2,2024-08-12T03:55:42.097000+00:00,final-source-scenes-r2-asset-verified,2.2,OUTSIDE_NOMINAL_WINDOW,b21c8cc7f3d4d35e1db4dfa1c8245ff10ba657c0a0a001992b552808766cc49b,REMOVE_SYNTHETIC_MERGE_PREFIX;BIND_PLATFORM_COLLECTION;RESTORE_SYSTEM_INDEX,False,LANDSAT/LC08/C02/T1_L2/2_LC09_133034_20240812,source-scenes-v1,2024-07-20,LANDSAT_9,LPGS_16.4.0,LPGS_16.4.0,Collection 2,b823c92b7f7c562b12f03efbceefa014e735c1f403db31e2c4d72a9fcf98e88f,landsat,1178ba30922c9101fe47d4d50c77d85bd98fc38d7d582938a6b102bc67a204ae,LANDSAT/LC09/C02/T1_L2/LC09_133034_20240812,LC09_133034_20240812,1723434942097,2024-08-04,2024-07-05,2024
AOI-00,1546767a1ff01463f1bf4ea81cd86b44fbf42ba20f48c2d45d50120a3bab3ca5,LANDSAT/LC09/C02/T1_L2,2024-07-18T04:01:21.245000+00:00,final-source-scenes-r2-asset-verified,39.81,,b21c8cc7f3d4d35e1db4dfa1c8245ff10ba657c0a0a001992b552808766cc49b,REMOVE_SYNTHETIC_MERGE_PREFIX;BIND_PLATFORM_COLLECTION;RESTORE_SYSTEM_INDEX,True,LANDSAT/LC08/C02/T1_L2/2_LC09_134033_20240718,source-scenes-v1,2024-07-20,LANDSAT_9,LPGS_16.4.0,LPGS_16.4.0,Collection 2,b823c92b7f7c562b12f03efbceefa014e735c1f403db31e2c4d72a9fcf98e88f,landsat,1178ba30922c9101fe47d4d50c77d85bd98fc38d7d582938a6b102bc67a204ae,LANDSAT/LC09/C02/T1_L2/LC09_134033_20240718,LC09_134033_20240718,1721275281245,2024-08-04,2024-07-05,2024
AOI-00,1546767a1ff01463f1bf4ea81cd86b44fbf42ba20f48c2d45d50120a3bab3ca5,LANDSAT/LC09/C02/T1_L2,2024-08-03T04:01:24.467000+00:00,final-source-scenes-r2-asset-verified,6.01,,b21c8cc7f3d4d35e1db4dfa1c8245ff10ba657c0a0a001992b552808766cc49b,REMOVE_SYNTHETIC_MERGE_PREFIX;BIND_PLATFORM_COLLECTION;RESTORE_SYSTEM_INDEX,True,LANDSAT/LC08/C02/T1_L2/2_LC09_134033_20240803,source-scenes-v1,2024-07-20,LANDSAT_9,LPGS_16.4.0,LPGS_16.4.0,Collection 2,b823c92b7f7c562b12f03efbceefa014e735c1f403db31e2c4d72a9fcf98e88f,landsat,1178ba30922c9101fe47d4d50c77d85bd98fc38d7d582938a6b102bc67a204ae,LANDSAT/LC09/C02/T1_L2/LC09_134033_20240803,LC09_134033_20240803,1722657684467,2024-08-04,2024-07-05,2024
AOI-00,1546767a1ff01463f1bf4ea81cd86b44fbf42ba20f48c2d45d50120a3bab3ca5,LANDSAT/LC09/C02/T1_L2,2024-08-19T04:01:34.822000+00:00,final-source-scenes-r2-asset-verified,0.06,OUTSIDE_NOMINAL_WINDOW,b21c8cc7f3d4d35e1db4dfa1c8245ff10ba657c0a0a001992b552808766cc49b,REMOVE_SYNTHETIC_MERGE_PREFIX;BIND_PLATFORM_COLLECTION;RESTORE_SYSTEM_INDEX,False,LANDSAT/LC08/C02/T1_L2/2_LC09_134033_20240819,source-scenes-v1,2024-07-20,LANDSAT_9,LPGS_16.4.0,LPGS_16.4.0,Collection 2,b823c92b7f7c562b12f03efbceefa014e735c1f403db31e2c4d72a9fcf98e88f,landsat,1178ba30922c9101fe47d4d50c77d85bd98fc38d7d582938a6b102bc67a204ae,LANDSAT/LC09/C02/T1_L2/LC09_134033_20240819,LC09_134033_20240819,1724040094822,2024-08-04,2024-07-05,2024
AOI-00,1546767a1ff01463f1bf4ea81cd86b44fbf42ba20f48c2d45d50120a3bab3ca5,LANDSAT/LC09/C02/T1_L2,2024-07-18T04:01:45.136000+00:00,final-source-scenes-r2-asset-verified,63.59,,b21c8cc7f3d4d35e1db4dfa1c8245ff10ba657c0a0a001992b552808766cc49b,REMOVE_SYNTHETIC_MERGE_PREFIX;BIND_PLATFORM_COLLECTION;RESTORE_SYSTEM_INDEX,True,LANDSAT/LC08/C02/T1_L2/2_LC09_134034_20240718,source-scenes-v1,2024-07-20,LANDSAT_9,LPGS_16.4.0,LPGS_16.4.0,Collection 2,b823c92b7f7c562b12f03efbceefa014e735c1f403db31e2c4d72a9fcf98e88f,landsat,1178ba30922c9101fe47d4d50c77d85bd98fc38d7d582938a6b102bc67a204ae,LANDSAT/LC09/C02/T1_L2/LC09_134034_20240718,LC09_134034_20240718,1721275305136,2024-08-04,2024-07-05,2024
AOI-00,1546767a1ff01463f1bf4ea81cd86b44fbf42ba20f48c2d45d50120a3bab3ca5,LANDSAT/LC09/C02/T1_L2,2024-08-03T04:01:48.358000+00:00,final-source-scenes-r2-asset-verified,21.9,,b21c8cc7f3d4d35e1db4dfa1c8245ff10ba657c0a0a001992b552808766cc49b,REMOVE_SYNTHETIC_MERGE_PREFIX;BIND_PLATFORM_COLLECTION;RESTORE_SYSTEM_INDEX,True,LANDSAT/LC08/C02/T1_L2/2_LC09_134034_20240803,source-scenes-v1,2024-07-20,LANDSAT_9,LPGS_16.4.0,LPGS_16.4.0,Collection 2,b823c92b7f7c562b12f03efbceefa014e735c1f403db31e2c4d72a9fcf98e88f,landsat,1178ba30922c9101fe47d4d50c77d85bd98fc38d7d582938a6b102bc67a204ae,LANDSAT/LC09/C02/T1_L2/LC09_134034_20240803,LC09_134034_20240803,1722657708358,2024-08-04,2024-07-05,2024
AOI-00,1546767a1ff01463f1bf4ea81cd86b44fbf42ba20f48c2d45d50120a3bab3ca5,LANDSAT/LC09/C02/T1_L2,2024-08-19T04:01:58.713000+00:00,final-source-scenes-r2-asset-verified,0.09,OUTSIDE_NOMINAL_WINDOW,b21c8cc7f3d4d35e1db4dfa1c8245ff10ba657c0a0a001992b552808766cc49b,REMOVE_SYNTHETIC_MERGE_PREFIX;BIND_PLATFORM_COLLECTION;RESTORE_SYSTEM_INDEX,False,LANDSAT/LC08/C02/T1_L2/2_LC09_134034_20240819,source-scenes-v1,2024-07-20,LANDSAT_9,LPGS_16.4.0,LPGS_16.4.0,Collection 2,b823c92b7f7c562b12f03efbceefa014e735c1f403db31e2c4d72a9fcf98e88f,landsat,1178ba30922c9101fe47d4d50c77d85bd98fc38d7d582938a6b102bc67a204ae,LANDSAT/LC09/C02/T1_L2/LC09_134034_20240819,LC09_134034_20240819,1724040118713,2024-08-04,2024-07-05,2024
AOI-00,1546767a1ff01463f1bf4ea81cd86b44fbf42ba20f48c2d45d50120a3bab3ca5,LANDSAT/LC08/C02/T1_L2,2024-07-19T03:55:40.622000+00:00,final-source-scenes-r2-asset-verified,10.41,,b21c8cc7f3d4d35e1db4dfa1c8245ff10ba657c0a0a001992b552808766cc49b,REMOVE_SYNTHETIC_MERGE_PREFIX;BIND_PLATFORM_COLLECTION;RESTORE_SYSTEM_INDEX,True,LANDSAT/LC08/C02/T1_L2/1_LC08_133034_20240719,source-scenes-v1,2024-07-31,LANDSAT_8,LPGS_16.4.0,LPGS_16.4.0,Collection 2,53dfebf64289001009bb59ffb96b25607fbe6657c897f111e96125f3ddd13a50,landsat,347c5b8dde35faec73646dbbc7eedc2ce47648e0b3054888a5502c2abb89e725,LANDSAT/LC08/C02/T1_L2/LC08_133034_20240719,LC08_133034_20240719,1721361340622,2024-08-15,2024-07-16,2024
AOI-00,1546767a1ff01463f1bf4ea81cd86b44fbf42ba20f48c2d45d50120a3bab3ca5,LANDSAT/LC08/C02/T1_L2,2024-08-04T03:55:42.141000+00:00,final-source-scenes-r2-asset-verified,15.5,,b21c8cc7f3d4d35e1db4dfa1c8245ff10ba657c0a0a001992b552808766cc49b,REMOVE_SYNTHETIC_MERGE_PREFIX;BIND_PLATFORM_COLLECTION;RESTORE_SYSTEM_INDEX,True,LANDSAT/LC08/C02/T1_L2/1_LC08_133034_20240804,source-scenes-v1,2024-07-31,LANDSAT_8,LPGS_16.4.0,LPGS_16.4.0,Collection 2,53dfebf64289001009bb59ffb96b25607fbe6657c897f111e96125f3ddd13a50,landsat,347c5b8dde35faec73646dbbc7eedc2ce47648e0b3054888a5502c2abb89e725,LANDSAT/LC08/C02/T1_L2/LC08_133034_20240804,LC08_133034_20240804,1722743742141,2024-08-15,2024-07-16,2024
AOI-00,1546767a1ff01463f1bf4ea81cd86b44fbf42ba20f48c2d45d50120a3bab3ca5,LANDSAT/LC08/C02/T1_L2,2024-08-20T03:55:51.863000+00:00,final-source-scenes-r2-asset-verified,0.01,OUTSIDE_NOMINAL_WINDOW,b21c8cc7f3d4d35e1db4dfa1c8245ff10ba657c0a0a001992b552808766cc49b,REMOVE_SYNTHETIC_MERGE_PREFIX;BIND_PLATFORM_COLLECTION;RESTORE_SYSTEM_INDEX,False,LANDSAT/LC08/C02/T1_L2/1_LC08_133034_20240820,source-scenes-v1,2024-07-31,LANDSAT_8,LPGS_16.4.0,LPGS_16.4.0,Collection 2,53dfebf64289001009bb59ffb96b25607fbe6657c897f111e96125f3ddd13a50,landsat,347c5b8dde35faec73646dbbc7eedc2ce47648e0b3054888a5502c2abb89e725,LANDSAT/LC08/C02/T1_L2/LC08_133034_20240820,LC08_133034_20240820,1724126151863,2024-08-15,2024-07-16,2024
AOI-00,1546767a1ff01463f1bf4ea81cd86b44fbf42ba20f48c2d45d50120a3bab3ca5,LANDSAT/LC08/C02/T1_L2,2024-07-10T04:01:17.338000+00:00,final-source-scenes-r2-asset-verified,32.1,OUTSIDE_NOMINAL_WINDOW,b21c8cc7f3d4d35e1db4dfa1c8245ff10ba657c0a0a001992b552808766cc49b,REMOVE_SYNTHETIC_MERGE_PREFIX;BIND_PLATFORM_COLLECTION;RESTORE_SYSTEM_INDEX,False,LANDSAT/LC08/C02/T1_L2/1_LC08_134033_20240710,source-scenes-v1,2024-07-31,LANDSAT_8,LPGS_16.4.0,LPGS_16.4.0,Collection 2,53dfebf64289001009bb59ffb96b25607fbe6657c897f111e96125f3ddd13a50,landsat,347c5b8dde35faec73646dbbc7eedc2ce47648e0b3054888a5502c2abb89e725,LANDSAT/LC08/C02/T1_L2/LC08_134033_20240710,LC08_134033_20240710,1720584077338,2024-08-15,2024-07-16,2024
AOI-00,1546767a1ff01463f1bf4ea81cd86b44fbf42ba20f48c2d45d50120a3bab3ca5,LANDSAT/LC08/C02/T1_L2,2024-08-11T04:01:30.860000+00:00,final-source-scenes-r2-asset-verified,1,,b21c8cc7f3d4d35e1db4dfa1c8245ff10ba657c0a0a001992b552808766cc49b,REMOVE_SYNTHETIC_MERGE_PREFIX;BIND_PLATFORM_COLLECTION;RESTORE_SYSTEM_INDEX,True,LANDSAT/LC08/C02/T1_L2/1_LC08_134033_20240811,source-scenes-v1,2024-07-31,LANDSAT_8,LPGS_16.4.0,LPGS_16.4.0,Collection 2,53dfebf64289001009bb59ffb96b25607fbe6657c897f111e96125f3ddd13a50,landsat,347c5b8dde35faec73646dbbc7eedc2ce47648e0b3054888a5502c2abb89e725,LANDSAT/LC08/C02/T1_L2/LC08_134033_20240811,LC08_134033_20240811,1723348890860,2024-08-15,2024-07-16,2024
AOI-00,1546767a1ff01463f1bf4ea81cd86b44fbf42ba20f48c2d45d50120a3bab3ca5,LANDSAT/LC08/C02/T1_L2,2024-07-10T04:01:41.225000+00:00,final-source-scenes-r2-asset-verified,65.27,OUTSIDE_NOMINAL_WINDOW,b21c8cc7f3d4d35e1db4dfa1c8245ff10ba657c0a0a001992b552808766cc49b,REMOVE_SYNTHETIC_MERGE_PREFIX;BIND_PLATFORM_COLLECTION;RESTORE_SYSTEM_INDEX,False,LANDSAT/LC08/C02/T1_L2/1_LC08_134034_20240710,source-scenes-v1,2024-07-31,LANDSAT_8,LPGS_16.4.0,LPGS_16.4.0,Collection 2,53dfebf64289001009bb59ffb96b25607fbe6657c897f111e96125f3ddd13a50,landsat,347c5b8dde35faec73646dbbc7eedc2ce47648e0b3054888a5502c2abb89e725,LANDSAT/LC08/C02/T1_L2/LC08_134034_20240710,LC08_134034_20240710,1720584101225,2024-08-15,2024-07-16,2024
AOI-00,1546767a1ff01463f1bf4ea81cd86b44fbf42ba20f48c2d45d50120a3bab3ca5,LANDSAT/LC08/C02/T1_L2,2024-08-11T04:01:54.751000+00:00,final-source-scenes-r2-asset-verified,2.03,,b21c8cc7f3d4d35e1db4dfa1c8245ff10ba657c0a0a001992b552808766cc49b,REMOVE_SYNTHETIC_MERGE_PREFIX;BIND_PLATFORM_COLLECTION;RESTORE_SYSTEM_INDEX,True,LANDSAT/LC08/C02/T1_L2/1_LC08_134034_20240811,source-scenes-v1,2024-07-31,LANDSAT_8,LPGS_16.4.0,LPGS_16.4.0,Collection 2,53dfebf64289001009bb59ffb96b25607fbe6657c897f111e96125f3ddd13a50,landsat,347c5b8dde35faec73646dbbc7eedc2ce47648e0b3054888a5502c2abb89e725,LANDSAT/LC08/C02/T1_L2/LC08_134034_20240811,LC08_134034_20240811,1723348914751,2024-08-15,2024-07-16,2024
AOI-00,1546767a1ff01463f1bf4ea81cd86b44fbf42ba20f48c2d45d50120a3bab3ca5,LANDSAT/LC09/C02/T1_L2,2024-07-11T03:55:30.520000+00:00,final-source-scenes-r2-asset-verified,72.6,OUTSIDE_NOMINAL_WINDOW,b21c8cc7f3d4d35e1db4dfa1c8245ff10ba657c0a0a001992b552808766cc49b,REMOVE_SYNTHETIC_MERGE_PREFIX;BIND_PLATFORM_COLLECTION;RESTORE_SYSTEM_INDEX,False,LANDSAT/LC08/C02/T1_L2/2_LC09_133034_20240711,source-scenes-v1,2024-07-31,LANDSAT_9,LPGS_16.4.0,LPGS_16.4.0,Collection 2,53dfebf64289001009bb59ffb96b25607fbe6657c897f111e96125f3ddd13a50,landsat,347c5b8dde35faec73646dbbc7eedc2ce47648e0b3054888a5502c2abb89e725,LANDSAT/LC09/C02/T1_L2/LC09_133034_20240711,LC09_133034_20240711,1720670130520,2024-08-15,2024-07-16,2024
AOI-00,1546767a1ff01463f1bf4ea81cd86b44fbf42ba20f48c2d45d50120a3bab3ca5,LANDSAT/LC09/C02/T1_L2,2024-07-27T03:55:32.818000+00:00,final-source-scenes-r2-asset-verified,66.48,,b21c8cc7f3d4d35e1db4dfa1c8245ff10ba657c0a0a001992b552808766cc49b,REMOVE_SYNTHETIC_MERGE_PREFIX;BIND_PLATFORM_COLLECTION;RESTORE_SYSTEM_INDEX,True,LANDSAT/LC08/C02/T1_L2/2_LC09_133034_20240727,source-scenes-v1,2024-07-31,LANDSAT_9,LPGS_16.4.0,LPGS_16.4.0,Collection 2,53dfebf64289001009bb59ffb96b25607fbe6657c897f111e96125f3ddd13a50,landsat,347c5b8dde35faec73646dbbc7eedc2ce47648e0b3054888a5502c2abb89e725,LANDSAT/LC09/C02/T1_L2/LC09_133034_20240727,LC09_133034_20240727,1722052532818,2024-08-15,2024-07-16,2024
AOI-00,1546767a1ff01463f1bf4ea81cd86b44fbf42ba20f48c2d45d50120a3bab3ca5,LANDSAT/LC09/C02/T1_L2,2024-08-12T03:55:42.097000+00:00,final-source-scenes-r2-asset-verified,2.2,,b21c8cc7f3d4d35e1db4dfa1c8245ff10ba657c0a0a001992b552808766cc49b,REMOVE_SYNTHETIC_MERGE_PREFIX;BIND_PLATFORM_COLLECTION;RESTORE_SYSTEM_INDEX,True,LANDSAT/LC08/C02/T1_L2/2_LC09_133034_20240812,source-scenes-v1,2024-07-31,LANDSAT_9,LPGS_16.4.0,LPGS_16.4.0,Collection 2,53dfebf64289001009bb59ffb96b25607fbe6657c897f111e96125f3ddd13a50,landsat,347c5b8dde35faec73646dbbc7eedc2ce47648e0b3054888a5502c2abb89e725,LANDSAT/LC09/C02/T1_L2/LC09_133034_20240812,LC09_133034_20240812,1723434942097,2024-08-15,2024-07-16,2024
AOI-00,1546767a1ff01463f1bf4ea81cd86b44fbf42ba20f48c2d45d50120a3bab3ca5,LANDSAT/LC09/C02/T1_L2,2024-07-18T04:01:21.245000+00:00,final-source-scenes-r2-asset-verified,39.81,,b21c8cc7f3d4d35e1db4dfa1c8245ff10ba657c0a0a001992b552808766cc49b,REMOVE_SYNTHETIC_MERGE_PREFIX;BIND_PLATFORM_COLLECTION;RESTORE_SYSTEM_INDEX,True,LANDSAT/LC08/C02/T1_L2/2_LC09_134033_20240718,source-scenes-v1,2024-07-31,LANDSAT_9,LPGS_16.4.0,LPGS_16.4.0,Collection 2,53dfebf64289001009bb59ffb96b25607fbe6657c897f111e96125f3ddd13a50,landsat,347c5b8dde35faec73646dbbc7eedc2ce47648e0b3054888a5502c2abb89e725,LANDSAT/LC09/C02/T1_L2/LC09_134033_20240718,LC09_134033_20240718,1721275281245,2024-08-15,2024-07-16,2024
AOI-00,1546767a1ff01463f1bf4ea81cd86b44fbf42ba20f48c2d45d50120a3bab3ca5,LANDSAT/LC09/C02/T1_L2,2024-08-03T04:01:24.467000+00:00,final-source-scenes-r2-asset-verified,6.01,,b21c8cc7f3d4d35e1db4dfa1c8245ff10ba657c0a0a001992b552808766cc49b,REMOVE_SYNTHETIC_MERGE_PREFIX;BIND_PLATFORM_COLLECTION;RESTORE_SYSTEM_INDEX,True,LANDSAT/LC08/C02/T1_L2/2_LC09_134033_20240803,source-scenes-v1,2024-07-31,LANDSAT_9,LPGS_16.4.0,LPGS_16.4.0,Collection 2,53dfebf64289001009bb59ffb96b25607fbe6657c897f111e96125f3ddd13a50,landsat,347c5b8dde35faec73646dbbc7eedc2ce47648e0b3054888a5502c2abb89e725,LANDSAT/LC09/C02/T1_L2/LC09_134033_20240803,LC09_134033_20240803,1722657684467,2024-08-15,2024-07-16,2024
AOI-00,1546767a1ff01463f1bf4ea81cd86b44fbf42ba20f48c2d45d50120a3bab3ca5,LANDSAT/LC09/C02/T1_L2,2024-08-19T04:01:34.822000+00:00,final-source-scenes-r2-asset-verified,0.06,OUTSIDE_NOMINAL_WINDOW,b21c8cc7f3d4d35e1db4dfa1c8245ff10ba657c0a0a001992b552808766cc49b,REMOVE_SYNTHETIC_MERGE_PREFIX;BIND_PLATFORM_COLLECTION;RESTORE_SYSTEM_INDEX,False,LANDSAT/LC08/C02/T1_L2/2_LC09_134033_20240819,source-scenes-v1,2024-07-31,LANDSAT_9,LPGS_16.4.0,LPGS_16.4.0,Collection 2,53dfebf64289001009bb59ffb96b25607fbe6657c897f111e96125f3ddd13a50,landsat,347c5b8dde35faec73646dbbc7eedc2ce47648e0b3054888a5502c2abb89e725,LANDSAT/LC09/C02/T1_L2/LC09_134033_20240819,LC09_134033_20240819,1724040094822,2024-08-15,2024-07-16,2024
AOI-00,1546767a1ff01463f1bf4ea81cd86b44fbf42ba20f48c2d45d50120a3bab3ca5,LANDSAT/LC09/C02/T1_L2,2024-07-18T04:01:45.136000+00:00,final-source-scenes-r2-asset-verified,63.59,,b21c8cc7f3d4d35e1db4dfa1c8245ff10ba657c0a0a001992b552808766cc49b,REMOVE_SYNTHETIC_MERGE_PREFIX;BIND_PLATFORM_COLLECTION;RESTORE_SYSTEM_INDEX,True,LANDSAT/LC08/C02/T1_L2/2_LC09_134034_20240718,source-scenes-v1,2024-07-31,LANDSAT_9,LPGS_16.4.0,LPGS_16.4.0,Collection 2,53dfebf64289001009bb59ffb96b25607fbe6657c897f111e96125f3ddd13a50,landsat,347c5b8dde35faec73646dbbc7eedc2ce47648e0b3054888a5502c2abb89e725,LANDSAT/LC09/C02/T1_L2/LC09_134034_20240718,LC09_134034_20240718,1721275305136,2024-08-15,2024-07-16,2024
AOI-00,1546767a1ff01463f1bf4ea81cd86b44fbf42ba20f48c2d45d50120a3bab3ca5,LANDSAT/LC09/C02/T1_L2,2024-08-03T04:01:48.358000+00:00,final-source-scenes-r2-asset-verified,21.9,,b21c8cc7f3d4d35e1db4dfa1c8245ff10ba657c0a0a001992b552808766cc49b,REMOVE_SYNTHETIC_MERGE_PREFIX;BIND_PLATFORM_COLLECTION;RESTORE_SYSTEM_INDEX,True,LANDSAT/LC08/C02/T1_L2/2_LC09_134034_20240803,source-scenes-v1,2024-07-31,LANDSAT_9,LPGS_16.4.0,LPGS_16.4.0,Collection 2,53dfebf64289001009bb59ffb96b25607fbe6657c897f111e96125f3ddd13a50,landsat,347c5b8dde35faec73646dbbc7eedc2ce47648e0b3054888a5502c2abb89e725,LANDSAT/LC09/C02/T1_L2/LC09_134034_20240803,LC09_134034_20240803,1722657708358,2024-08-15,2024-07-16,2024
AOI-00,1546767a1ff01463f1bf4ea81cd86b44fbf42ba20f48c2d45d50120a3bab3ca5,LANDSAT/LC09/C02/T1_L2,2024-08-19T04:01:58.713000+00:00,final-source-scenes-r2-asset-verified,0.09,OUTSIDE_NOMINAL_WINDOW,b21c8cc7f3d4d35e1db4dfa1c8245ff10ba657c0a0a001992b552808766cc49b,REMOVE_SYNTHETIC_MERGE_PREFIX;BIND_PLATFORM_COLLECTION;RESTORE_SYSTEM_INDEX,False,LANDSAT/LC08/C02/T1_L2/2_LC09_134034_20240819,source-scenes-v1,2024-07-31,LANDSAT_9,LPGS_16.4.0,LPGS_16.4.0,Collection 2,53dfebf64289001009bb59ffb96b25607fbe6657c897f111e96125f3ddd13a50,landsat,347c5b8dde35faec73646dbbc7eedc2ce47648e0b3054888a5502c2abb89e725,LANDSAT/LC09/C02/T1_L2/LC09_134034_20240819,LC09_134034_20240819,1724040118713,2024-08-15,2024-07-16,2024
AOI-00,1546767a1ff01463f1bf4ea81cd86b44fbf42ba20f48c2d45d50120a3bab3ca5,LANDSAT/LC08/C02/T1_L2,2024-07-19T03:55:40.622000+00:00,final-source-scenes-r2-asset-verified,10.41,OUTSIDE_NOMINAL_WINDOW,b21c8cc7f3d4d35e1db4dfa1c8245ff10ba657c0a0a001992b552808766cc49b,REMOVE_SYNTHETIC_MERGE_PREFIX;BIND_PLATFORM_COLLECTION;RESTORE_SYSTEM_INDEX,False,LANDSAT/LC08/C02/T1_L2/1_LC08_133034_20240719,source-scenes-v1,2024-08-10,LANDSAT_8,LPGS_16.4.0,LPGS_16.4.0,Collection 2,c08c677ee5fe4fbe4b02c4c6b56fb99ba86042f51608ac612e3f0450239dd4ad,landsat,bad942701dfff15d9082242044c15a025d07466d7bb59bf68dc5e06a949602db,LANDSAT/LC08/C02/T1_L2/LC08_133034_20240719,LC08_133034_20240719,1721361340622,2024-08-25,2024-07-26,2024
AOI-00,1546767a1ff01463f1bf4ea81cd86b44fbf42ba20f48c2d45d50120a3bab3ca5,LANDSAT/LC08/C02/T1_L2,2024-08-04T03:55:42.141000+00:00,final-source-scenes-r2-asset-verified,15.5,,b21c8cc7f3d4d35e1db4dfa1c8245ff10ba657c0a0a001992b552808766cc49b,REMOVE_SYNTHETIC_MERGE_PREFIX;BIND_PLATFORM_COLLECTION;RESTORE_SYSTEM_INDEX,True,LANDSAT/LC08/C02/T1_L2/1_LC08_133034_20240804,source-scenes-v1,2024-08-10,LANDSAT_8,LPGS_16.4.0,LPGS_16.4.0,Collection 2,c08c677ee5fe4fbe4b02c4c6b56fb99ba86042f51608ac612e3f0450239dd4ad,landsat,bad942701dfff15d9082242044c15a025d07466d7bb59bf68dc5e06a949602db,LANDSAT/LC08/C02/T1_L2/LC08_133034_20240804,LC08_133034_20240804,1722743742141,2024-08-25,2024-07-26,2024
AOI-00,1546767a1ff01463f1bf4ea81cd86b44fbf42ba20f48c2d45d50120a3bab3ca5,LANDSAT/LC08/C02/T1_L2,2024-08-20T03:55:51.863000+00:00,final-source-scenes-r2-asset-verified,0.01,,b21c8cc7f3d4d35e1db4dfa1c8245ff10ba657c0a0a001992b552808766cc49b,REMOVE_SYNTHETIC_MERGE_PREFIX;BIND_PLATFORM_COLLECTION;RESTORE_SYSTEM_INDEX,True,LANDSAT/LC08/C02/T1_L2/1_LC08_133034_20240820,source-scenes-v1,2024-08-10,LANDSAT_8,LPGS_16.4.0,LPGS_16.4.0,Collection 2,c08c677ee5fe4fbe4b02c4c6b56fb99ba86042f51608ac612e3f0450239dd4ad,landsat,bad942701dfff15d9082242044c15a025d07466d7bb59bf68dc5e06a949602db,LANDSAT/LC08/C02/T1_L2/LC08_133034_20240820,LC08_133034_20240820,1724126151863,2024-08-25,2024-07-26,2024
AOI-00,1546767a1ff01463f1bf4ea81cd86b44fbf42ba20f48c2d45d50120a3bab3ca5,LANDSAT/LC08/C02/T1_L2,2024-07-10T04:01:17.338000+00:00,final-source-scenes-r2-asset-verified,32.1,OUTSIDE_NOMINAL_WINDOW,b21c8cc7f3d4d35e1db4dfa1c8245ff10ba657c0a0a001992b552808766cc49b,REMOVE_SYNTHETIC_MERGE_PREFIX;BIND_PLATFORM_COLLECTION;RESTORE_SYSTEM_INDEX,False,LANDSAT/LC08/C02/T1_L2/1_LC08_134033_20240710,source-scenes-v1,2024-08-10,LANDSAT_8,LPGS_16.4.0,LPGS_16.4.0,Collection 2,c08c677ee5fe4fbe4b02c4c6b56fb99ba86042f51608ac612e3f0450239dd4ad,landsat,bad942701dfff15d9082242044c15a025d07466d7bb59bf68dc5e06a949602db,LANDSAT/LC08/C02/T1_L2/LC08_134033_20240710,LC08_134033_20240710,1720584077338,2024-08-25,2024-07-26,2024
AOI-00,1546767a1ff01463f1bf4ea81cd86b44fbf42ba20f48c2d45d50120a3bab3ca5,LANDSAT/LC08/C02/T1_L2,2024-08-11T04:01:30.860000+00:00,final-source-scenes-r2-asset-verified,1,,b21c8cc7f3d4d35e1db4dfa1c8245ff10ba657c0a0a001992b552808766cc49b,REMOVE_SYNTHETIC_MERGE_PREFIX;BIND_PLATFORM_COLLECTION;RESTORE_SYSTEM_INDEX,True,LANDSAT/LC08/C02/T1_L2/1_LC08_134033_20240811,source-scenes-v1,2024-08-10,LANDSAT_8,LPGS_16.4.0,LPGS_16.4.0,Collection 2,c08c677ee5fe4fbe4b02c4c6b56fb99ba86042f51608ac612e3f0450239dd4ad,landsat,bad942701dfff15d9082242044c15a025d07466d7bb59bf68dc5e06a949602db,LANDSAT/LC08/C02/T1_L2/LC08_134033_20240811,LC08_134033_20240811,1723348890860,2024-08-25,2024-07-26,2024
AOI-00,1546767a1ff01463f1bf4ea81cd86b44fbf42ba20f48c2d45d50120a3bab3ca5,LANDSAT/LC08/C02/T1_L2,2024-07-10T04:01:41.225000+00:00,final-source-scenes-r2-asset-verified,65.27,OUTSIDE_NOMINAL_WINDOW,b21c8cc7f3d4d35e1db4dfa1c8245ff10ba657c0a0a001992b552808766cc49b,REMOVE_SYNTHETIC_MERGE_PREFIX;BIND_PLATFORM_COLLECTION;RESTORE_SYSTEM_INDEX,False,LANDSAT/LC08/C02/T1_L2/1_LC08_134034_20240710,source-scenes-v1,2024-08-10,LANDSAT_8,LPGS_16.4.0,LPGS_16.4.0,Collection 2,c08c677ee5fe4fbe4b02c4c6b56fb99ba86042f51608ac612e3f0450239dd4ad,landsat,bad942701dfff15d9082242044c15a025d07466d7bb59bf68dc5e06a949602db,LANDSAT/LC08/C02/T1_L2/LC08_134034_20240710,LC08_134034_20240710,1720584101225,2024-08-25,2024-07-26,2024
AOI-00,1546767a1ff01463f1bf4ea81cd86b44fbf42ba20f48c2d45d50120a3bab3ca5,LANDSAT/LC08/C02/T1_L2,2024-08-11T04:01:54.751000+00:00,final-source-scenes-r2-asset-verified,2.03,,b21c8cc7f3d4d35e1db4dfa1c8245ff10ba657c0a0a001992b552808766cc49b,REMOVE_SYNTHETIC_MERGE_PREFIX;BIND_PLATFORM_COLLECTION;RESTORE_SYSTEM_INDEX,True,LANDSAT/LC08/C02/T1_L2/1_LC08_134034_20240811,source-scenes-v1,2024-08-10,LANDSAT_8,LPGS_16.4.0,LPGS_16.4.0,Collection 2,c08c677ee5fe4fbe4b02c4c6b56fb99ba86042f51608ac612e3f0450239dd4ad,landsat,bad942701dfff15d9082242044c15a025d07466d7bb59bf68dc5e06a949602db,LANDSAT/LC08/C02/T1_L2/LC08_134034_20240811,LC08_134034_20240811,1723348914751,2024-08-25,2024-07-26,2024
AOI-00,1546767a1ff01463f1bf4ea81cd86b44fbf42ba20f48c2d45d50120a3bab3ca5,LANDSAT/LC09/C02/T1_L2,2024-07-11T03:55:30.520000+00:00,final-source-scenes-r2-asset-verified,72.6,OUTSIDE_NOMINAL_WINDOW,b21c8cc7f3d4d35e1db4dfa1c8245ff10ba657c0a0a001992b552808766cc49b,REMOVE_SYNTHETIC_MERGE_PREFIX;BIND_PLATFORM_COLLECTION;RESTORE_SYSTEM_INDEX,False,LANDSAT/LC08/C02/T1_L2/2_LC09_133034_20240711,source-scenes-v1,2024-08-10,LANDSAT_9,LPGS_16.4.0,LPGS_16.4.0,Collection 2,c08c677ee5fe4fbe4b02c4c6b56fb99ba86042f51608ac612e3f0450239dd4ad,landsat,bad942701dfff15d9082242044c15a025d07466d7bb59bf68dc5e06a949602db,LANDSAT/LC09/C02/T1_L2/LC09_133034_20240711,LC09_133034_20240711,1720670130520,2024-08-25,2024-07-26,2024
AOI-00,1546767a1ff01463f1bf4ea81cd86b44fbf42ba20f48c2d45d50120a3bab3ca5,LANDSAT/LC09/C02/T1_L2,2024-07-27T03:55:32.818000+00:00,final-source-scenes-r2-asset-verified,66.48,,b21c8cc7f3d4d35e1db4dfa1c8245ff10ba657c0a0a001992b552808766cc49b,REMOVE_SYNTHETIC_MERGE_PREFIX;BIND_PLATFORM_COLLECTION;RESTORE_SYSTEM_INDEX,True,LANDSAT/LC08/C02/T1_L2/2_LC09_133034_20240727,source-scenes-v1,2024-08-10,LANDSAT_9,LPGS_16.4.0,LPGS_16.4.0,Collection 2,c08c677ee5fe4fbe4b02c4c6b56fb99ba86042f51608ac612e3f0450239dd4ad,landsat,bad942701dfff15d9082242044c15a025d07466d7bb59bf68dc5e06a949602db,LANDSAT/LC09/C02/T1_L2/LC09_133034_20240727,LC09_133034_20240727,1722052532818,2024-08-25,2024-07-26,2024
AOI-00,1546767a1ff01463f1bf4ea81cd86b44fbf42ba20f48c2d45d50120a3bab3ca5,LANDSAT/LC09/C02/T1_L2,2024-08-12T03:55:42.097000+00:00,final-source-scenes-r2-asset-verified,2.2,,b21c8cc7f3d4d35e1db4dfa1c8245ff10ba657c0a0a001992b552808766cc49b,REMOVE_SYNTHETIC_MERGE_PREFIX;BIND_PLATFORM_COLLECTION;RESTORE_SYSTEM_INDEX,True,LANDSAT/LC08/C02/T1_L2/2_LC09_133034_20240812,source-scenes-v1,2024-08-10,LANDSAT_9,LPGS_16.4.0,LPGS_16.4.0,Collection 2,c08c677ee5fe4fbe4b02c4c6b56fb99ba86042f51608ac612e3f0450239dd4ad,landsat,bad942701dfff15d9082242044c15a025d07466d7bb59bf68dc5e06a949602db,LANDSAT/LC09/C02/T1_L2/LC09_133034_20240812,LC09_133034_20240812,1723434942097,2024-08-25,2024-07-26,2024
AOI-00,1546767a1ff01463f1bf4ea81cd86b44fbf42ba20f48c2d45d50120a3bab3ca5,LANDSAT/LC09/C02/T1_L2,2024-07-18T04:01:21.245000+00:00,final-source-scenes-r2-asset-verified,39.81,OUTSIDE_NOMINAL_WINDOW,b21c8cc7f3d4d35e1db4dfa1c8245ff10ba657c0a0a001992b552808766cc49b,REMOVE_SYNTHETIC_MERGE_PREFIX;BIND_PLATFORM_COLLECTION;RESTORE_SYSTEM_INDEX,False,LANDSAT/LC08/C02/T1_L2/2_LC09_134033_20240718,source-scenes-v1,2024-08-10,LANDSAT_9,LPGS_16.4.0,LPGS_16.4.0,Collection 2,c08c677ee5fe4fbe4b02c4c6b56fb99ba86042f51608ac612e3f0450239dd4ad,landsat,bad942701dfff15d9082242044c15a025d07466d7bb59bf68dc5e06a949602db,LANDSAT/LC09/C02/T1_L2/LC09_134033_20240718,LC09_134033_20240718,1721275281245,2024-08-25,2024-07-26,2024
AOI-00,1546767a1ff01463f1bf4ea81cd86b44fbf42ba20f48c2d45d50120a3bab3ca5,LANDSAT/LC09/C02/T1_L2,2024-08-03T04:01:24.467000+00:00,final-source-scenes-r2-asset-verified,6.01,,b21c8cc7f3d4d35e1db4dfa1c8245ff10ba657c0a0a001992b552808766cc49b,REMOVE_SYNTHETIC_MERGE_PREFIX;BIND_PLATFORM_COLLECTION;RESTORE_SYSTEM_INDEX,True,LANDSAT/LC08/C02/T1_L2/2_LC09_134033_20240803,source-scenes-v1,2024-08-10,LANDSAT_9,LPGS_16.4.0,LPGS_16.4.0,Collection 2,c08c677ee5fe4fbe4b02c4c6b56fb99ba86042f51608ac612e3f0450239dd4ad,landsat,bad942701dfff15d9082242044c15a025d07466d7bb59bf68dc5e06a949602db,LANDSAT/LC09/C02/T1_L2/LC09_134033_20240803,LC09_134033_20240803,1722657684467,2024-08-25,2024-07-26,2024
AOI-00,1546767a1ff01463f1bf4ea81cd86b44fbf42ba20f48c2d45d50120a3bab3ca5,LANDSAT/LC09/C02/T1_L2,2024-08-19T04:01:34.822000+00:00,final-source-scenes-r2-asset-verified,0.06,,b21c8cc7f3d4d35e1db4dfa1c8245ff10ba657c0a0a001992b552808766cc49b,REMOVE_SYNTHETIC_MERGE_PREFIX;BIND_PLATFORM_COLLECTION;RESTORE_SYSTEM_INDEX,True,LANDSAT/LC08/C02/T1_L2/2_LC09_134033_20240819,source-scenes-v1,2024-08-10,LANDSAT_9,LPGS_16.4.0,LPGS_16.4.0,Collection 2,c08c677ee5fe4fbe4b02c4c6b56fb99ba86042f51608ac612e3f0450239dd4ad,landsat,bad942701dfff15d9082242044c15a025d07466d7bb59bf68dc5e06a949602db,LANDSAT/LC09/C02/T1_L2/LC09_134033_20240819,LC09_134033_20240819,1724040094822,2024-08-25,2024-07-26,2024
AOI-00,1546767a1ff01463f1bf4ea81cd86b44fbf42ba20f48c2d45d50120a3bab3ca5,LANDSAT/LC09/C02/T1_L2,2024-07-18T04:01:45.136000+00:00,final-source-scenes-r2-asset-verified,63.59,OUTSIDE_NOMINAL_WINDOW,b21c8cc7f3d4d35e1db4dfa1c8245ff10ba657c0a0a001992b552808766cc49b,REMOVE_SYNTHETIC_MERGE_PREFIX;BIND_PLATFORM_COLLECTION;RESTORE_SYSTEM_INDEX,False,LANDSAT/LC08/C02/T1_L2/2_LC09_134034_20240718,source-scenes-v1,2024-08-10,LANDSAT_9,LPGS_16.4.0,LPGS_16.4.0,Collection 2,c08c677ee5fe4fbe4b02c4c6b56fb99ba86042f51608ac612e3f0450239dd4ad,landsat,bad942701dfff15d9082242044c15a025d07466d7bb59bf68dc5e06a949602db,LANDSAT/LC09/C02/T1_L2/LC09_134034_20240718,LC09_134034_20240718,1721275305136,2024-08-25,2024-07-26,2024
AOI-00,1546767a1ff01463f1bf4ea81cd86b44fbf42ba20f48c2d45d50120a3bab3ca5,LANDSAT/LC09/C02/T1_L2,2024-08-03T04:01:48.358000+00:00,final-source-scenes-r2-asset-verified,21.9,,b21c8cc7f3d4d35e1db4dfa1c8245ff10ba657c0a0a001992b552808766cc49b,REMOVE_SYNTHETIC_MERGE_PREFIX;BIND_PLATFORM_COLLECTION;RESTORE_SYSTEM_INDEX,True,LANDSAT/LC08/C02/T1_L2/2_LC09_134034_20240803,source-scenes-v1,2024-08-10,LANDSAT_9,LPGS_16.4.0,LPGS_16.4.0,Collection 2,c08c677ee5fe4fbe4b02c4c6b56fb99ba86042f51608ac612e3f0450239dd4ad,landsat,bad942701dfff15d9082242044c15a025d07466d7bb59bf68dc5e06a949602db,LANDSAT/LC09/C02/T1_L2/LC09_134034_20240803,LC09_134034_20240803,1722657708358,2024-08-25,2024-07-26,2024
AOI-00,1546767a1ff01463f1bf4ea81cd86b44fbf42ba20f48c2d45d50120a3bab3ca5,LANDSAT/LC09/C02/T1_L2,2024-08-19T04:01:58.713000+00:00,final-source-scenes-r2-asset-verified,0.09,,b21c8cc7f3d4d35e1db4dfa1c8245ff10ba657c0a0a001992b552808766cc49b,REMOVE_SYNTHETIC_MERGE_PREFIX;BIND_PLATFORM_COLLECTION;RESTORE_SYSTEM_INDEX,True,LANDSAT/LC08/C02/T1_L2/2_LC09_134034_20240819,source-scenes-v1,2024-08-10,LANDSAT_9,LPGS_16.4.0,LPGS_16.4.0,Collection 2,c08c677ee5fe4fbe4b02c4c6b56fb99ba86042f51608ac612e3f0450239dd4ad,landsat,bad942701dfff15d9082242044c15a025d07466d7bb59bf68dc5e06a949602db,LANDSAT/LC09/C02/T1_L2/LC09_134034_20240819,LC09_134034_20240819,1724040118713,2024-08-25,2024-07-26,2024
AOI-00,1546767a1ff01463f1bf4ea81cd86b44fbf42ba20f48c2d45d50120a3bab3ca5,LANDSAT/LC08/C02/T1_L2,2025-07-06T03:55:53.002000+00:00,final-source-scenes-r2-asset-verified,43.56,,b21c8cc7f3d4d35e1db4dfa1c8245ff10ba657c0a0a001992b552808766cc49b,REMOVE_SYNTHETIC_MERGE_PREFIX;BIND_PLATFORM_COLLECTION;RESTORE_SYSTEM_INDEX,True,LANDSAT/LC08/C02/T1_L2/1_LC08_133034_20250706,source-scenes-v1,2025-07-20,LANDSAT_8,LPGS_16.5.0,LPGS_16.5.0,Collection 2,3cc95e03b44a9fe40e1500b074b9754cbc7bbd3751bcbfd32a5c69733453b2bd,landsat,02e75d85e44de7a5c850ad1260a1b10e7bb7fefa425d79388e403df5dfaf5841,LANDSAT/LC08/C02/T1_L2/LC08_133034_20250706,LC08_133034_20250706,1751774153002,2025-08-04,2025-07-05,2025
AOI-00,1546767a1ff01463f1bf4ea81cd86b44fbf42ba20f48c2d45d50120a3bab3ca5,LANDSAT/LC08/C02/T1_L2,2025-07-22T03:55:59.416000+00:00,final-source-scenes-r2-asset-verified,15.59,,b21c8cc7f3d4d35e1db4dfa1c8245ff10ba657c0a0a001992b552808766cc49b,REMOVE_SYNTHETIC_MERGE_PREFIX;BIND_PLATFORM_COLLECTION;RESTORE_SYSTEM_INDEX,True,LANDSAT/LC08/C02/T1_L2/1_LC08_133034_20250722,source-scenes-v1,2025-07-20,LANDSAT_8,LPGS_16.5.0,LPGS_16.5.0,Collection 2,3cc95e03b44a9fe40e1500b074b9754cbc7bbd3751bcbfd32a5c69733453b2bd,landsat,02e75d85e44de7a5c850ad1260a1b10e7bb7fefa425d79388e403df5dfaf5841,LANDSAT/LC08/C02/T1_L2/LC08_133034_20250722,LC08_133034_20250722,1753156559416,2025-08-04,2025-07-05,2025
AOI-00,1546767a1ff01463f1bf4ea81cd86b44fbf42ba20f48c2d45d50120a3bab3ca5,LANDSAT/LC08/C02/T1_L2,2025-08-23T03:56:10.377000+00:00,final-source-scenes-r2-asset-verified,37.93,OUTSIDE_NOMINAL_WINDOW,b21c8cc7f3d4d35e1db4dfa1c8245ff10ba657c0a0a001992b552808766cc49b,REMOVE_SYNTHETIC_MERGE_PREFIX;BIND_PLATFORM_COLLECTION;RESTORE_SYSTEM_INDEX,False,LANDSAT/LC08/C02/T1_L2/1_LC08_133034_20250823,source-scenes-v1,2025-07-20,LANDSAT_8,LPGS_16.5.0,LPGS_16.5.0,Collection 2,3cc95e03b44a9fe40e1500b074b9754cbc7bbd3751bcbfd32a5c69733453b2bd,landsat,02e75d85e44de7a5c850ad1260a1b10e7bb7fefa425d79388e403df5dfaf5841,LANDSAT/LC08/C02/T1_L2/LC08_133034_20250823,LC08_133034_20250823,1755921370377,2025-08-04,2025-07-05,2025
AOI-00,1546767a1ff01463f1bf4ea81cd86b44fbf42ba20f48c2d45d50120a3bab3ca5,LANDSAT/LC08/C02/T1_L2,2025-07-13T04:01:42.056000+00:00,final-source-scenes-r2-asset-verified,66.36,,b21c8cc7f3d4d35e1db4dfa1c8245ff10ba657c0a0a001992b552808766cc49b,REMOVE_SYNTHETIC_MERGE_PREFIX;BIND_PLATFORM_COLLECTION;RESTORE_SYSTEM_INDEX,True,LANDSAT/LC08/C02/T1_L2/1_LC08_134033_20250713,source-scenes-v1,2025-07-20,LANDSAT_8,LPGS_16.5.0,LPGS_16.5.0,Collection 2,3cc95e03b44a9fe40e1500b074b9754cbc7bbd3751bcbfd32a5c69733453b2bd,landsat,02e75d85e44de7a5c850ad1260a1b10e7bb7fefa425d79388e403df5dfaf5841,LANDSAT/LC08/C02/T1_L2/LC08_134033_20250713,LC08_134033_20250713,1752379302056,2025-08-04,2025-07-05,2025
AOI-00,1546767a1ff01463f1bf4ea81cd86b44fbf42ba20f48c2d45d50120a3bab3ca5,LANDSAT/LC08/C02/T1_L2,2025-07-29T04:01:47.139000+00:00,final-source-scenes-r2-asset-verified,1.06,,b21c8cc7f3d4d35e1db4dfa1c8245ff10ba657c0a0a001992b552808766cc49b,REMOVE_SYNTHETIC_MERGE_PREFIX;BIND_PLATFORM_COLLECTION;RESTORE_SYSTEM_INDEX,True,LANDSAT/LC08/C02/T1_L2/1_LC08_134033_20250729,source-scenes-v1,2025-07-20,LANDSAT_8,LPGS_16.5.0,LPGS_16.5.0,Collection 2,3cc95e03b44a9fe40e1500b074b9754cbc7bbd3751bcbfd32a5c69733453b2bd,landsat,02e75d85e44de7a5c850ad1260a1b10e7bb7fefa425d79388e403df5dfaf5841,LANDSAT/LC08/C02/T1_L2/LC08_134033_20250729,LC08_134033_20250729,1753761707139,2025-08-04,2025-07-05,2025
AOI-00,1546767a1ff01463f1bf4ea81cd86b44fbf42ba20f48c2d45d50120a3bab3ca5,LANDSAT/LC08/C02/T1_L2,2025-08-14T04:01:56.254000+00:00,final-source-scenes-r2-asset-verified,1.99,OUTSIDE_NOMINAL_WINDOW,b21c8cc7f3d4d35e1db4dfa1c8245ff10ba657c0a0a001992b552808766cc49b,REMOVE_SYNTHETIC_MERGE_PREFIX;BIND_PLATFORM_COLLECTION;RESTORE_SYSTEM_INDEX,False,LANDSAT/LC08/C02/T1_L2/1_LC08_134033_20250814,source-scenes-v1,2025-07-20,LANDSAT_8,LPGS_16.5.0,LPGS_16.5.0,Collection 2,3cc95e03b44a9fe40e1500b074b9754cbc7bbd3751bcbfd32a5c69733453b2bd,landsat,02e75d85e44de7a5c850ad1260a1b10e7bb7fefa425d79388e403df5dfaf5841,LANDSAT/LC08/C02/T1_L2/LC08_134033_20250814,LC08_134033_20250814,1755144116254,2025-08-04,2025-07-05,2025
AOI-00,1546767a1ff01463f1bf4ea81cd86b44fbf42ba20f48c2d45d50120a3bab3ca5,LANDSAT/LC08/C02/T1_L2,2025-07-13T04:02:05.951000+00:00,final-source-scenes-r2-asset-verified,35.21,,b21c8cc7f3d4d35e1db4dfa1c8245ff10ba657c0a0a001992b552808766cc49b,REMOVE_SYNTHETIC_MERGE_PREFIX;BIND_PLATFORM_COLLECTION;RESTORE_SYSTEM_INDEX,True,LANDSAT/LC08/C02/T1_L2/1_LC08_134034_20250713,source-scenes-v1,2025-07-20,LANDSAT_8,LPGS_16.5.0,LPGS_16.5.0,Collection 2,3cc95e03b44a9fe40e1500b074b9754cbc7bbd3751bcbfd32a5c69733453b2bd,landsat,02e75d85e44de7a5c850ad1260a1b10e7bb7fefa425d79388e403df5dfaf5841,LANDSAT/LC08/C02/T1_L2/LC08_134034_20250713,LC08_134034_20250713,1752379325951,2025-08-04,2025-07-05,2025
AOI-00,1546767a1ff01463f1bf4ea81cd86b44fbf42ba20f48c2d45d50120a3bab3ca5,LANDSAT/LC08/C02/T1_L2,2025-07-29T04:02:11.022000+00:00,final-source-scenes-r2-asset-verified,5.76,,b21c8cc7f3d4d35e1db4dfa1c8245ff10ba657c0a0a001992b552808766cc49b,REMOVE_SYNTHETIC_MERGE_PREFIX;BIND_PLATFORM_COLLECTION;RESTORE_SYSTEM_INDEX,True,LANDSAT/LC08/C02/T1_L2/1_LC08_134034_20250729,source-scenes-v1,2025-07-20,LANDSAT_8,LPGS_16.5.0,LPGS_16.5.0,Collection 2,3cc95e03b44a9fe40e1500b074b9754cbc7bbd3751bcbfd32a5c69733453b2bd,landsat,02e75d85e44de7a5c850ad1260a1b10e7bb7fefa425d79388e403df5dfaf5841,LANDSAT/LC08/C02/T1_L2/LC08_134034_20250729,LC08_134034_20250729,1753761731022,2025-08-04,2025-07-05,2025
AOI-00,1546767a1ff01463f1bf4ea81cd86b44fbf42ba20f48c2d45d50120a3bab3ca5,LANDSAT/LC08/C02/T1_L2,2025-08-14T04:02:20.149000+00:00,final-source-scenes-r2-asset-verified,3.02,OUTSIDE_NOMINAL_WINDOW,b21c8cc7f3d4d35e1db4dfa1c8245ff10ba657c0a0a001992b552808766cc49b,REMOVE_SYNTHETIC_MERGE_PREFIX;BIND_PLATFORM_COLLECTION;RESTORE_SYSTEM_INDEX,False,LANDSAT/LC08/C02/T1_L2/1_LC08_134034_20250814,source-scenes-v1,2025-07-20,LANDSAT_8,LPGS_16.5.0,LPGS_16.5.0,Collection 2,3cc95e03b44a9fe40e1500b074b9754cbc7bbd3751bcbfd32a5c69733453b2bd,landsat,02e75d85e44de7a5c850ad1260a1b10e7bb7fefa425d79388e403df5dfaf5841,LANDSAT/LC08/C02/T1_L2/LC08_134034_20250814,LC08_134034_20250814,1755144140149,2025-08-04,2025-07-05,2025
AOI-00,1546767a1ff01463f1bf4ea81cd86b44fbf42ba20f48c2d45d50120a3bab3ca5,LANDSAT/LC09/C02/T1_L2,2025-07-14T03:55:53.050000+00:00,final-source-scenes-r2-asset-verified,13.46,,b21c8cc7f3d4d35e1db4dfa1c8245ff10ba657c0a0a001992b552808766cc49b,REMOVE_SYNTHETIC_MERGE_PREFIX;BIND_PLATFORM_COLLECTION;RESTORE_SYSTEM_INDEX,True,LANDSAT/LC08/C02/T1_L2/2_LC09_133034_20250714,source-scenes-v1,2025-07-20,LANDSAT_9,LPGS_16.5.0,LPGS_16.5.0,Collection 2,3cc95e03b44a9fe40e1500b074b9754cbc7bbd3751bcbfd32a5c69733453b2bd,landsat,02e75d85e44de7a5c850ad1260a1b10e7bb7fefa425d79388e403df5dfaf5841,LANDSAT/LC09/C02/T1_L2/LC09_133034_20250714,LC09_133034_20250714,1752465353050,2025-08-04,2025-07-05,2025
AOI-00,1546767a1ff01463f1bf4ea81cd86b44fbf42ba20f48c2d45d50120a3bab3ca5,LANDSAT/LC09/C02/T1_L2,2025-07-30T03:55:59.878000+00:00,final-source-scenes-r2-asset-verified,26.91,,b21c8cc7f3d4d35e1db4dfa1c8245ff10ba657c0a0a001992b552808766cc49b,REMOVE_SYNTHETIC_MERGE_PREFIX;BIND_PLATFORM_COLLECTION;RESTORE_SYSTEM_INDEX,True,LANDSAT/LC08/C02/T1_L2/2_LC09_133034_20250730,source-scenes-v1,2025-07-20,LANDSAT_9,LPGS_16.5.0,LPGS_16.5.0,Collection 2,3cc95e03b44a9fe40e1500b074b9754cbc7bbd3751bcbfd32a5c69733453b2bd,landsat,02e75d85e44de7a5c850ad1260a1b10e7bb7fefa425d79388e403df5dfaf5841,LANDSAT/LC09/C02/T1_L2/LC09_133034_20250730,LC09_133034_20250730,1753847759878,2025-08-04,2025-07-05,2025
AOI-00,1546767a1ff01463f1bf4ea81cd86b44fbf42ba20f48c2d45d50120a3bab3ca5,LANDSAT/LC09/C02/T1_L2,2025-08-15T03:56:11.659000+00:00,final-source-scenes-r2-asset-verified,7.91,OUTSIDE_NOMINAL_WINDOW,b21c8cc7f3d4d35e1db4dfa1c8245ff10ba657c0a0a001992b552808766cc49b,REMOVE_SYNTHETIC_MERGE_PREFIX;BIND_PLATFORM_COLLECTION;RESTORE_SYSTEM_INDEX,False,LANDSAT/LC08/C02/T1_L2/2_LC09_133034_20250815,source-scenes-v1,2025-07-20,LANDSAT_9,LPGS_16.5.0,LPGS_16.5.0,Collection 2,3cc95e03b44a9fe40e1500b074b9754cbc7bbd3751bcbfd32a5c69733453b2bd,landsat,02e75d85e44de7a5c850ad1260a1b10e7bb7fefa425d79388e403df5dfaf5841,LANDSAT/LC09/C02/T1_L2/LC09_133034_20250815,LC09_133034_20250815,1755230171659,2025-08-04,2025-07-05,2025
AOI-00,1546767a1ff01463f1bf4ea81cd86b44fbf42ba20f48c2d45d50120a3bab3ca5,LANDSAT/LC09/C02/T1_L2,2025-07-05T04:01:37.406000+00:00,final-source-scenes-r2-asset-verified,67.52,,b21c8cc7f3d4d35e1db4dfa1c8245ff10ba657c0a0a001992b552808766cc49b,REMOVE_SYNTHETIC_MERGE_PREFIX;BIND_PLATFORM_COLLECTION;RESTORE_SYSTEM_INDEX,True,LANDSAT/LC08/C02/T1_L2/2_LC09_134033_20250705,source-scenes-v1,2025-07-20,LANDSAT_9,LPGS_16.5.0,LPGS_16.5.0,Collection 2,3cc95e03b44a9fe40e1500b074b9754cbc7bbd3751bcbfd32a5c69733453b2bd,landsat,02e75d85e44de7a5c850ad1260a1b10e7bb7fefa425d79388e403df5dfaf5841,LANDSAT/LC09/C02/T1_L2/LC09_134033_20250705,LC09_134033_20250705,1751688097406,2025-08-04,2025-07-05,2025
AOI-00,1546767a1ff01463f1bf4ea81cd86b44fbf42ba20f48c2d45d50120a3bab3ca5,LANDSAT/LC09/C02/T1_L2,2025-07-21T04:01:44.459000+00:00,final-source-scenes-r2-asset-verified,25.67,,b21c8cc7f3d4d35e1db4dfa1c8245ff10ba657c0a0a001992b552808766cc49b,REMOVE_SYNTHETIC_MERGE_PREFIX;BIND_PLATFORM_COLLECTION;RESTORE_SYSTEM_INDEX,True,LANDSAT/LC08/C02/T1_L2/2_LC09_134033_20250721,source-scenes-v1,2025-07-20,LANDSAT_9,LPGS_16.5.0,LPGS_16.5.0,Collection 2,3cc95e03b44a9fe40e1500b074b9754cbc7bbd3751bcbfd32a5c69733453b2bd,landsat,02e75d85e44de7a5c850ad1260a1b10e7bb7fefa425d79388e403df5dfaf5841,LANDSAT/LC09/C02/T1_L2/LC09_134033_20250721,LC09_134033_20250721,1753070504459,2025-08-04,2025-07-05,2025
AOI-00,1546767a1ff01463f1bf4ea81cd86b44fbf42ba20f48c2d45d50120a3bab3ca5,LANDSAT/LC09/C02/T1_L2,2025-08-22T04:02:00.900000+00:00,final-source-scenes-r2-asset-verified,37.06,OUTSIDE_NOMINAL_WINDOW,b21c8cc7f3d4d35e1db4dfa1c8245ff10ba657c0a0a001992b552808766cc49b,REMOVE_SYNTHETIC_MERGE_PREFIX;BIND_PLATFORM_COLLECTION;RESTORE_SYSTEM_INDEX,False,LANDSAT/LC08/C02/T1_L2/2_LC09_134033_20250822,source-scenes-v1,2025-07-20,LANDSAT_9,LPGS_16.5.0,LPGS_16.5.0,Collection 2,3cc95e03b44a9fe40e1500b074b9754cbc7bbd3751bcbfd32a5c69733453b2bd,landsat,02e75d85e44de7a5c850ad1260a1b10e7bb7fefa425d79388e403df5dfaf5841,LANDSAT/LC09/C02/T1_L2/LC09_134033_20250822,LC09_134033_20250822,1755835320900,2025-08-04,2025-07-05,2025
AOI-00,1546767a1ff01463f1bf4ea81cd86b44fbf42ba20f48c2d45d50120a3bab3ca5,LANDSAT/LC09/C02/T1_L2,2025-07-05T04:02:01.297000+00:00,final-source-scenes-r2-asset-verified,75.84,,b21c8cc7f3d4d35e1db4dfa1c8245ff10ba657c0a0a001992b552808766cc49b,REMOVE_SYNTHETIC_MERGE_PREFIX;BIND_PLATFORM_COLLECTION;RESTORE_SYSTEM_INDEX,True,LANDSAT/LC08/C02/T1_L2/2_LC09_134034_20250705,source-scenes-v1,2025-07-20,LANDSAT_9,LPGS_16.5.0,LPGS_16.5.0,Collection 2,3cc95e03b44a9fe40e1500b074b9754cbc7bbd3751bcbfd32a5c69733453b2bd,landsat,02e75d85e44de7a5c850ad1260a1b10e7bb7fefa425d79388e403df5dfaf5841,LANDSAT/LC09/C02/T1_L2/LC09_134034_20250705,LC09_134034_20250705,1751688121297,2025-08-04,2025-07-05,2025
AOI-00,1546767a1ff01463f1bf4ea81cd86b44fbf42ba20f48c2d45d50120a3bab3ca5,LANDSAT/LC09/C02/T1_L2,2025-07-21T04:02:08.350000+00:00,final-source-scenes-r2-asset-verified,49.91,,b21c8cc7f3d4d35e1db4dfa1c8245ff10ba657c0a0a001992b552808766cc49b,REMOVE_SYNTHETIC_MERGE_PREFIX;BIND_PLATFORM_COLLECTION;RESTORE_SYSTEM_INDEX,True,LANDSAT/LC08/C02/T1_L2/2_LC09_134034_20250721,source-scenes-v1,2025-07-20,LANDSAT_9,LPGS_16.5.0,LPGS_16.5.0,Collection 2,3cc95e03b44a9fe40e1500b074b9754cbc7bbd3751bcbfd32a5c69733453b2bd,landsat,02e75d85e44de7a5c850ad1260a1b10e7bb7fefa425d79388e403df5dfaf5841,LANDSAT/LC09/C02/T1_L2/LC09_134034_20250721,LC09_134034_20250721,1753070528350,2025-08-04,2025-07-05,2025
AOI-00,1546767a1ff01463f1bf4ea81cd86b44fbf42ba20f48c2d45d50120a3bab3ca5,LANDSAT/LC09/C02/T1_L2,2025-08-22T04:02:24.791000+00:00,final-source-scenes-r2-asset-verified,45.35,OUTSIDE_NOMINAL_WINDOW,b21c8cc7f3d4d35e1db4dfa1c8245ff10ba657c0a0a001992b552808766cc49b,REMOVE_SYNTHETIC_MERGE_PREFIX;BIND_PLATFORM_COLLECTION;RESTORE_SYSTEM_INDEX,False,LANDSAT/LC08/C02/T1_L2/2_LC09_134034_20250822,source-scenes-v1,2025-07-20,LANDSAT_9,LPGS_16.5.0,LPGS_16.5.0,Collection 2,3cc95e03b44a9fe40e1500b074b9754cbc7bbd3751bcbfd32a5c69733453b2bd,landsat,02e75d85e44de7a5c850ad1260a1b10e7bb7fefa425d79388e403df5dfaf5841,LANDSAT/LC09/C02/T1_L2/LC09_134034_20250822,LC09_134034_20250822,1755835344791,2025-08-04,2025-07-05,2025
AOI-00,1546767a1ff01463f1bf4ea81cd86b44fbf42ba20f48c2d45d50120a3bab3ca5,LANDSAT/LC08/C02/T1_L2,2025-07-06T03:55:53.002000+00:00,final-source-scenes-r2-asset-verified,43.56,OUTSIDE_NOMINAL_WINDOW,b21c8cc7f3d4d35e1db4dfa1c8245ff10ba657c0a0a001992b552808766cc49b,REMOVE_SYNTHETIC_MERGE_PREFIX;BIND_PLATFORM_COLLECTION;RESTORE_SYSTEM_INDEX,False,LANDSAT/LC08/C02/T1_L2/1_LC08_133034_20250706,source-scenes-v1,2025-07-31,LANDSAT_8,LPGS_16.5.0,LPGS_16.5.0,Collection 2,53ae3d84f8ea88d31f20d7c3c17df17c504e26f724f1d8ef9b33441193d3d85f,landsat,71a3fdb8c75429b157faea287850ee1a4ff1abac3d4895606ba8b90daf56e81c,LANDSAT/LC08/C02/T1_L2/LC08_133034_20250706,LC08_133034_20250706,1751774153002,2025-08-15,2025-07-16,2025
AOI-00,1546767a1ff01463f1bf4ea81cd86b44fbf42ba20f48c2d45d50120a3bab3ca5,LANDSAT/LC08/C02/T1_L2,2025-07-22T03:55:59.416000+00:00,final-source-scenes-r2-asset-verified,15.59,,b21c8cc7f3d4d35e1db4dfa1c8245ff10ba657c0a0a001992b552808766cc49b,REMOVE_SYNTHETIC_MERGE_PREFIX;BIND_PLATFORM_COLLECTION;RESTORE_SYSTEM_INDEX,True,LANDSAT/LC08/C02/T1_L2/1_LC08_133034_20250722,source-scenes-v1,2025-07-31,LANDSAT_8,LPGS_16.5.0,LPGS_16.5.0,Collection 2,53ae3d84f8ea88d31f20d7c3c17df17c504e26f724f1d8ef9b33441193d3d85f,landsat,71a3fdb8c75429b157faea287850ee1a4ff1abac3d4895606ba8b90daf56e81c,LANDSAT/LC08/C02/T1_L2/LC08_133034_20250722,LC08_133034_20250722,1753156559416,2025-08-15,2025-07-16,2025
AOI-00,1546767a1ff01463f1bf4ea81cd86b44fbf42ba20f48c2d45d50120a3bab3ca5,LANDSAT/LC08/C02/T1_L2,2025-08-23T03:56:10.377000+00:00,final-source-scenes-r2-asset-verified,37.93,OUTSIDE_NOMINAL_WINDOW,b21c8cc7f3d4d35e1db4dfa1c8245ff10ba657c0a0a001992b552808766cc49b,REMOVE_SYNTHETIC_MERGE_PREFIX;BIND_PLATFORM_COLLECTION;RESTORE_SYSTEM_INDEX,False,LANDSAT/LC08/C02/T1_L2/1_LC08_133034_20250823,source-scenes-v1,2025-07-31,LANDSAT_8,LPGS_16.5.0,LPGS_16.5.0,Collection 2,53ae3d84f8ea88d31f20d7c3c17df17c504e26f724f1d8ef9b33441193d3d85f,landsat,71a3fdb8c75429b157faea287850ee1a4ff1abac3d4895606ba8b90daf56e81c,LANDSAT/LC08/C02/T1_L2/LC08_133034_20250823,LC08_133034_20250823,1755921370377,2025-08-15,2025-07-16,2025
AOI-00,1546767a1ff01463f1bf4ea81cd86b44fbf42ba20f48c2d45d50120a3bab3ca5,LANDSAT/LC08/C02/T1_L2,2025-07-13T04:01:42.056000+00:00,final-source-scenes-r2-asset-verified,66.36,OUTSIDE_NOMINAL_WINDOW,b21c8cc7f3d4d35e1db4dfa1c8245ff10ba657c0a0a001992b552808766cc49b,REMOVE_SYNTHETIC_MERGE_PREFIX;BIND_PLATFORM_COLLECTION;RESTORE_SYSTEM_INDEX,False,LANDSAT/LC08/C02/T1_L2/1_LC08_134033_20250713,source-scenes-v1,2025-07-31,LANDSAT_8,LPGS_16.5.0,LPGS_16.5.0,Collection 2,53ae3d84f8ea88d31f20d7c3c17df17c504e26f724f1d8ef9b33441193d3d85f,landsat,71a3fdb8c75429b157faea287850ee1a4ff1abac3d4895606ba8b90daf56e81c,LANDSAT/LC08/C02/T1_L2/LC08_134033_20250713,LC08_134033_20250713,1752379302056,2025-08-15,2025-07-16,2025
AOI-00,1546767a1ff01463f1bf4ea81cd86b44fbf42ba20f48c2d45d50120a3bab3ca5,LANDSAT/LC08/C02/T1_L2,2025-07-29T04:01:47.139000+00:00,final-source-scenes-r2-asset-verified,1.06,,b21c8cc7f3d4d35e1db4dfa1c8245ff10ba657c0a0a001992b552808766cc49b,REMOVE_SYNTHETIC_MERGE_PREFIX;BIND_PLATFORM_COLLECTION;RESTORE_SYSTEM_INDEX,True,LANDSAT/LC08/C02/T1_L2/1_LC08_134033_20250729,source-scenes-v1,2025-07-31,LANDSAT_8,LPGS_16.5.0,LPGS_16.5.0,Collection 2,53ae3d84f8ea88d31f20d7c3c17df17c504e26f724f1d8ef9b33441193d3d85f,landsat,71a3fdb8c75429b157faea287850ee1a4ff1abac3d4895606ba8b90daf56e81c,LANDSAT/LC08/C02/T1_L2/LC08_134033_20250729,LC08_134033_20250729,1753761707139,2025-08-15,2025-07-16,2025
AOI-00,1546767a1ff01463f1bf4ea81cd86b44fbf42ba20f48c2d45d50120a3bab3ca5,LANDSAT/LC08/C02/T1_L2,2025-08-14T04:01:56.254000+00:00,final-source-scenes-r2-asset-verified,1.99,,b21c8cc7f3d4d35e1db4dfa1c8245ff10ba657c0a0a001992b552808766cc49b,REMOVE_SYNTHETIC_MERGE_PREFIX;BIND_PLATFORM_COLLECTION;RESTORE_SYSTEM_INDEX,True,LANDSAT/LC08/C02/T1_L2/1_LC08_134033_20250814,source-scenes-v1,2025-07-31,LANDSAT_8,LPGS_16.5.0,LPGS_16.5.0,Collection 2,53ae3d84f8ea88d31f20d7c3c17df17c504e26f724f1d8ef9b33441193d3d85f,landsat,71a3fdb8c75429b157faea287850ee1a4ff1abac3d4895606ba8b90daf56e81c,LANDSAT/LC08/C02/T1_L2/LC08_134033_20250814,LC08_134033_20250814,1755144116254,2025-08-15,2025-07-16,2025
AOI-00,1546767a1ff01463f1bf4ea81cd86b44fbf42ba20f48c2d45d50120a3bab3ca5,LANDSAT/LC08/C02/T1_L2,2025-07-13T04:02:05.951000+00:00,final-source-scenes-r2-asset-verified,35.21,OUTSIDE_NOMINAL_WINDOW,b21c8cc7f3d4d35e1db4dfa1c8245ff10ba657c0a0a001992b552808766cc49b,REMOVE_SYNTHETIC_MERGE_PREFIX;BIND_PLATFORM_COLLECTION;RESTORE_SYSTEM_INDEX,False,LANDSAT/LC08/C02/T1_L2/1_LC08_134034_20250713,source-scenes-v1,2025-07-31,LANDSAT_8,LPGS_16.5.0,LPGS_16.5.0,Collection 2,53ae3d84f8ea88d31f20d7c3c17df17c504e26f724f1d8ef9b33441193d3d85f,landsat,71a3fdb8c75429b157faea287850ee1a4ff1abac3d4895606ba8b90daf56e81c,LANDSAT/LC08/C02/T1_L2/LC08_134034_20250713,LC08_134034_20250713,1752379325951,2025-08-15,2025-07-16,2025
AOI-00,1546767a1ff01463f1bf4ea81cd86b44fbf42ba20f48c2d45d50120a3bab3ca5,LANDSAT/LC08/C02/T1_L2,2025-07-29T04:02:11.022000+00:00,final-source-scenes-r2-asset-verified,5.76,,b21c8cc7f3d4d35e1db4dfa1c8245ff10ba657c0a0a001992b552808766cc49b,REMOVE_SYNTHETIC_MERGE_PREFIX;BIND_PLATFORM_COLLECTION;RESTORE_SYSTEM_INDEX,True,LANDSAT/LC08/C02/T1_L2/1_LC08_134034_20250729,source-scenes-v1,2025-07-31,LANDSAT_8,LPGS_16.5.0,LPGS_16.5.0,Collection 2,53ae3d84f8ea88d31f20d7c3c17df17c504e26f724f1d8ef9b33441193d3d85f,landsat,71a3fdb8c75429b157faea287850ee1a4ff1abac3d4895606ba8b90daf56e81c,LANDSAT/LC08/C02/T1_L2/LC08_134034_20250729,LC08_134034_20250729,1753761731022,2025-08-15,2025-07-16,2025
AOI-00,1546767a1ff01463f1bf4ea81cd86b44fbf42ba20f48c2d45d50120a3bab3ca5,LANDSAT/LC08/C02/T1_L2,2025-08-14T04:02:20.149000+00:00,final-source-scenes-r2-asset-verified,3.02,,b21c8cc7f3d4d35e1db4dfa1c8245ff10ba657c0a0a001992b552808766cc49b,REMOVE_SYNTHETIC_MERGE_PREFIX;BIND_PLATFORM_COLLECTION;RESTORE_SYSTEM_INDEX,True,LANDSAT/LC08/C02/T1_L2/1_LC08_134034_20250814,source-scenes-v1,2025-07-31,LANDSAT_8,LPGS_16.5.0,LPGS_16.5.0,Collection 2,53ae3d84f8ea88d31f20d7c3c17df17c504e26f724f1d8ef9b33441193d3d85f,landsat,71a3fdb8c75429b157faea287850ee1a4ff1abac3d4895606ba8b90daf56e81c,LANDSAT/LC08/C02/T1_L2/LC08_134034_20250814,LC08_134034_20250814,1755144140149,2025-08-15,2025-07-16,2025
AOI-00,1546767a1ff01463f1bf4ea81cd86b44fbf42ba20f48c2d45d50120a3bab3ca5,LANDSAT/LC09/C02/T1_L2,2025-07-14T03:55:53.050000+00:00,final-source-scenes-r2-asset-verified,13.46,OUTSIDE_NOMINAL_WINDOW,b21c8cc7f3d4d35e1db4dfa1c8245ff10ba657c0a0a001992b552808766cc49b,REMOVE_SYNTHETIC_MERGE_PREFIX;BIND_PLATFORM_COLLECTION;RESTORE_SYSTEM_INDEX,False,LANDSAT/LC08/C02/T1_L2/2_LC09_133034_20250714,source-scenes-v1,2025-07-31,LANDSAT_9,LPGS_16.5.0,LPGS_16.5.0,Collection 2,53ae3d84f8ea88d31f20d7c3c17df17c504e26f724f1d8ef9b33441193d3d85f,landsat,71a3fdb8c75429b157faea287850ee1a4ff1abac3d4895606ba8b90daf56e81c,LANDSAT/LC09/C02/T1_L2/LC09_133034_20250714,LC09_133034_20250714,1752465353050,2025-08-15,2025-07-16,2025
AOI-00,1546767a1ff01463f1bf4ea81cd86b44fbf42ba20f48c2d45d50120a3bab3ca5,LANDSAT/LC09/C02/T1_L2,2025-07-30T03:55:59.878000+00:00,final-source-scenes-r2-asset-verified,26.91,,b21c8cc7f3d4d35e1db4dfa1c8245ff10ba657c0a0a001992b552808766cc49b,REMOVE_SYNTHETIC_MERGE_PREFIX;BIND_PLATFORM_COLLECTION;RESTORE_SYSTEM_INDEX,True,LANDSAT/LC08/C02/T1_L2/2_LC09_133034_20250730,source-scenes-v1,2025-07-31,LANDSAT_9,LPGS_16.5.0,LPGS_16.5.0,Collection 2,53ae3d84f8ea88d31f20d7c3c17df17c504e26f724f1d8ef9b33441193d3d85f,landsat,71a3fdb8c75429b157faea287850ee1a4ff1abac3d4895606ba8b90daf56e81c,LANDSAT/LC09/C02/T1_L2/LC09_133034_20250730,LC09_133034_20250730,1753847759878,2025-08-15,2025-07-16,2025
AOI-00,1546767a1ff01463f1bf4ea81cd86b44fbf42ba20f48c2d45d50120a3bab3ca5,LANDSAT/LC09/C02/T1_L2,2025-08-15T03:56:11.659000+00:00,final-source-scenes-r2-asset-verified,7.91,,b21c8cc7f3d4d35e1db4dfa1c8245ff10ba657c0a0a001992b552808766cc49b,REMOVE_SYNTHETIC_MERGE_PREFIX;BIND_PLATFORM_COLLECTION;RESTORE_SYSTEM_INDEX,True,LANDSAT/LC08/C02/T1_L2/2_LC09_133034_20250815,source-scenes-v1,2025-07-31,LANDSAT_9,LPGS_16.5.0,LPGS_16.5.0,Collection 2,53ae3d84f8ea88d31f20d7c3c17df17c504e26f724f1d8ef9b33441193d3d85f,landsat,71a3fdb8c75429b157faea287850ee1a4ff1abac3d4895606ba8b90daf56e81c,LANDSAT/LC09/C02/T1_L2/LC09_133034_20250815,LC09_133034_20250815,1755230171659,2025-08-15,2025-07-16,2025
AOI-00,1546767a1ff01463f1bf4ea81cd86b44fbf42ba20f48c2d45d50120a3bab3ca5,LANDSAT/LC09/C02/T1_L2,2025-07-05T04:01:37.406000+00:00,final-source-scenes-r2-asset-verified,67.52,OUTSIDE_NOMINAL_WINDOW,b21c8cc7f3d4d35e1db4dfa1c8245ff10ba657c0a0a001992b552808766cc49b,REMOVE_SYNTHETIC_MERGE_PREFIX;BIND_PLATFORM_COLLECTION;RESTORE_SYSTEM_INDEX,False,LANDSAT/LC08/C02/T1_L2/2_LC09_134033_20250705,source-scenes-v1,2025-07-31,LANDSAT_9,LPGS_16.5.0,LPGS_16.5.0,Collection 2,53ae3d84f8ea88d31f20d7c3c17df17c504e26f724f1d8ef9b33441193d3d85f,landsat,71a3fdb8c75429b157faea287850ee1a4ff1abac3d4895606ba8b90daf56e81c,LANDSAT/LC09/C02/T1_L2/LC09_134033_20250705,LC09_134033_20250705,1751688097406,2025-08-15,2025-07-16,2025
AOI-00,1546767a1ff01463f1bf4ea81cd86b44fbf42ba20f48c2d45d50120a3bab3ca5,LANDSAT/LC09/C02/T1_L2,2025-07-21T04:01:44.459000+00:00,final-source-scenes-r2-asset-verified,25.67,,b21c8cc7f3d4d35e1db4dfa1c8245ff10ba657c0a0a001992b552808766cc49b,REMOVE_SYNTHETIC_MERGE_PREFIX;BIND_PLATFORM_COLLECTION;RESTORE_SYSTEM_INDEX,True,LANDSAT/LC08/C02/T1_L2/2_LC09_134033_20250721,source-scenes-v1,2025-07-31,LANDSAT_9,LPGS_16.5.0,LPGS_16.5.0,Collection 2,53ae3d84f8ea88d31f20d7c3c17df17c504e26f724f1d8ef9b33441193d3d85f,landsat,71a3fdb8c75429b157faea287850ee1a4ff1abac3d4895606ba8b90daf56e81c,LANDSAT/LC09/C02/T1_L2/LC09_134033_20250721,LC09_134033_20250721,1753070504459,2025-08-15,2025-07-16,2025
AOI-00,1546767a1ff01463f1bf4ea81cd86b44fbf42ba20f48c2d45d50120a3bab3ca5,LANDSAT/LC09/C02/T1_L2,2025-08-22T04:02:00.900000+00:00,final-source-scenes-r2-asset-verified,37.06,OUTSIDE_NOMINAL_WINDOW,b21c8cc7f3d4d35e1db4dfa1c8245ff10ba657c0a0a001992b552808766cc49b,REMOVE_SYNTHETIC_MERGE_PREFIX;BIND_PLATFORM_COLLECTION;RESTORE_SYSTEM_INDEX,False,LANDSAT/LC08/C02/T1_L2/2_LC09_134033_20250822,source-scenes-v1,2025-07-31,LANDSAT_9,LPGS_16.5.0,LPGS_16.5.0,Collection 2,53ae3d84f8ea88d31f20d7c3c17df17c504e26f724f1d8ef9b33441193d3d85f,landsat,71a3fdb8c75429b157faea287850ee1a4ff1abac3d4895606ba8b90daf56e81c,LANDSAT/LC09/C02/T1_L2/LC09_134033_20250822,LC09_134033_20250822,1755835320900,2025-08-15,2025-07-16,2025
AOI-00,1546767a1ff01463f1bf4ea81cd86b44fbf42ba20f48c2d45d50120a3bab3ca5,LANDSAT/LC09/C02/T1_L2,2025-07-05T04:02:01.297000+00:00,final-source-scenes-r2-asset-verified,75.84,OUTSIDE_NOMINAL_WINDOW,b21c8cc7f3d4d35e1db4dfa1c8245ff10ba657c0a0a001992b552808766cc49b,REMOVE_SYNTHETIC_MERGE_PREFIX;BIND_PLATFORM_COLLECTION;RESTORE_SYSTEM_INDEX,False,LANDSAT/LC08/C02/T1_L2/2_LC09_134034_20250705,source-scenes-v1,2025-07-31,LANDSAT_9,LPGS_16.5.0,LPGS_16.5.0,Collection 2,53ae3d84f8ea88d31f20d7c3c17df17c504e26f724f1d8ef9b33441193d3d85f,landsat,71a3fdb8c75429b157faea287850ee1a4ff1abac3d4895606ba8b90daf56e81c,LANDSAT/LC09/C02/T1_L2/LC09_134034_20250705,LC09_134034_20250705,1751688121297,2025-08-15,2025-07-16,2025
AOI-00,1546767a1ff01463f1bf4ea81cd86b44fbf42ba20f48c2d45d50120a3bab3ca5,LANDSAT/LC09/C02/T1_L2,2025-07-21T04:02:08.350000+00:00,final-source-scenes-r2-asset-verified,49.91,,b21c8cc7f3d4d35e1db4dfa1c8245ff10ba657c0a0a001992b552808766cc49b,REMOVE_SYNTHETIC_MERGE_PREFIX;BIND_PLATFORM_COLLECTION;RESTORE_SYSTEM_INDEX,True,LANDSAT/LC08/C02/T1_L2/2_LC09_134034_20250721,source-scenes-v1,2025-07-31,LANDSAT_9,LPGS_16.5.0,LPGS_16.5.0,Collection 2,53ae3d84f8ea88d31f20d7c3c17df17c504e26f724f1d8ef9b33441193d3d85f,landsat,71a3fdb8c75429b157faea287850ee1a4ff1abac3d4895606ba8b90daf56e81c,LANDSAT/LC09/C02/T1_L2/LC09_134034_20250721,LC09_134034_20250721,1753070528350,2025-08-15,2025-07-16,2025
AOI-00,1546767a1ff01463f1bf4ea81cd86b44fbf42ba20f48c2d45d50120a3bab3ca5,LANDSAT/LC09/C02/T1_L2,2025-08-22T04:02:24.791000+00:00,final-source-scenes-r2-asset-verified,45.35,OUTSIDE_NOMINAL_WINDOW,b21c8cc7f3d4d35e1db4dfa1c8245ff10ba657c0a0a001992b552808766cc49b,REMOVE_SYNTHETIC_MERGE_PREFIX;BIND_PLATFORM_COLLECTION;RESTORE_SYSTEM_INDEX,False,LANDSAT/LC08/C02/T1_L2/2_LC09_134034_20250822,source-scenes-v1,2025-07-31,LANDSAT_9,LPGS_16.5.0,LPGS_16.5.0,Collection 2,53ae3d84f8ea88d31f20d7c3c17df17c504e26f724f1d8ef9b33441193d3d85f,landsat,71a3fdb8c75429b157faea287850ee1a4ff1abac3d4895606ba8b90daf56e81c,LANDSAT/LC09/C02/T1_L2/LC09_134034_20250822,LC09_134034_20250822,1755835344791,2025-08-15,2025-07-16,2025
AOI-00,1546767a1ff01463f1bf4ea81cd86b44fbf42ba20f48c2d45d50120a3bab3ca5,LANDSAT/LC08/C02/T1_L2,2025-07-06T03:55:53.002000+00:00,final-source-scenes-r2-asset-verified,43.56,OUTSIDE_NOMINAL_WINDOW,b21c8cc7f3d4d35e1db4dfa1c8245ff10ba657c0a0a001992b552808766cc49b,REMOVE_SYNTHETIC_MERGE_PREFIX;BIND_PLATFORM_COLLECTION;RESTORE_SYSTEM_INDEX,False,LANDSAT/LC08/C02/T1_L2/1_LC08_133034_20250706,source-scenes-v1,2025-08-10,LANDSAT_8,LPGS_16.5.0,LPGS_16.5.0,Collection 2,3a0c1d9930a0a7e9e91e636bc7e24a50c69a5767c3a40c73f520c041334e8cd4,landsat,f82cdac3e48e8bebe978342933017e59f66dfbe6a0a714d2709480ba1141015c,LANDSAT/LC08/C02/T1_L2/LC08_133034_20250706,LC08_133034_20250706,1751774153002,2025-08-25,2025-07-26,2025
AOI-00,1546767a1ff01463f1bf4ea81cd86b44fbf42ba20f48c2d45d50120a3bab3ca5,LANDSAT/LC08/C02/T1_L2,2025-07-22T03:55:59.416000+00:00,final-source-scenes-r2-asset-verified,15.59,OUTSIDE_NOMINAL_WINDOW,b21c8cc7f3d4d35e1db4dfa1c8245ff10ba657c0a0a001992b552808766cc49b,REMOVE_SYNTHETIC_MERGE_PREFIX;BIND_PLATFORM_COLLECTION;RESTORE_SYSTEM_INDEX,False,LANDSAT/LC08/C02/T1_L2/1_LC08_133034_20250722,source-scenes-v1,2025-08-10,LANDSAT_8,LPGS_16.5.0,LPGS_16.5.0,Collection 2,3a0c1d9930a0a7e9e91e636bc7e24a50c69a5767c3a40c73f520c041334e8cd4,landsat,f82cdac3e48e8bebe978342933017e59f66dfbe6a0a714d2709480ba1141015c,LANDSAT/LC08/C02/T1_L2/LC08_133034_20250722,LC08_133034_20250722,1753156559416,2025-08-25,2025-07-26,2025
AOI-00,1546767a1ff01463f1bf4ea81cd86b44fbf42ba20f48c2d45d50120a3bab3ca5,LANDSAT/LC08/C02/T1_L2,2025-08-23T03:56:10.377000+00:00,final-source-scenes-r2-asset-verified,37.93,,b21c8cc7f3d4d35e1db4dfa1c8245ff10ba657c0a0a001992b552808766cc49b,REMOVE_SYNTHETIC_MERGE_PREFIX;BIND_PLATFORM_COLLECTION;RESTORE_SYSTEM_INDEX,True,LANDSAT/LC08/C02/T1_L2/1_LC08_133034_20250823,source-scenes-v1,2025-08-10,LANDSAT_8,LPGS_16.5.0,LPGS_16.5.0,Collection 2,3a0c1d9930a0a7e9e91e636bc7e24a50c69a5767c3a40c73f520c041334e8cd4,landsat,f82cdac3e48e8bebe978342933017e59f66dfbe6a0a714d2709480ba1141015c,LANDSAT/LC08/C02/T1_L2/LC08_133034_20250823,LC08_133034_20250823,1755921370377,2025-08-25,2025-07-26,2025
AOI-00,1546767a1ff01463f1bf4ea81cd86b44fbf42ba20f48c2d45d50120a3bab3ca5,LANDSAT/LC08/C02/T1_L2,2025-07-13T04:01:42.056000+00:00,final-source-scenes-r2-asset-verified,66.36,OUTSIDE_NOMINAL_WINDOW,b21c8cc7f3d4d35e1db4dfa1c8245ff10ba657c0a0a001992b552808766cc49b,REMOVE_SYNTHETIC_MERGE_PREFIX;BIND_PLATFORM_COLLECTION;RESTORE_SYSTEM_INDEX,False,LANDSAT/LC08/C02/T1_L2/1_LC08_134033_20250713,source-scenes-v1,2025-08-10,LANDSAT_8,LPGS_16.5.0,LPGS_16.5.0,Collection 2,3a0c1d9930a0a7e9e91e636bc7e24a50c69a5767c3a40c73f520c041334e8cd4,landsat,f82cdac3e48e8bebe978342933017e59f66dfbe6a0a714d2709480ba1141015c,LANDSAT/LC08/C02/T1_L2/LC08_134033_20250713,LC08_134033_20250713,1752379302056,2025-08-25,2025-07-26,2025
AOI-00,1546767a1ff01463f1bf4ea81cd86b44fbf42ba20f48c2d45d50120a3bab3ca5,LANDSAT/LC08/C02/T1_L2,2025-07-29T04:01:47.139000+00:00,final-source-scenes-r2-asset-verified,1.06,,b21c8cc7f3d4d35e1db4dfa1c8245ff10ba657c0a0a001992b552808766cc49b,REMOVE_SYNTHETIC_MERGE_PREFIX;BIND_PLATFORM_COLLECTION;RESTORE_SYSTEM_INDEX,True,LANDSAT/LC08/C02/T1_L2/1_LC08_134033_20250729,source-scenes-v1,2025-08-10,LANDSAT_8,LPGS_16.5.0,LPGS_16.5.0,Collection 2,3a0c1d9930a0a7e9e91e636bc7e24a50c69a5767c3a40c73f520c041334e8cd4,landsat,f82cdac3e48e8bebe978342933017e59f66dfbe6a0a714d2709480ba1141015c,LANDSAT/LC08/C02/T1_L2/LC08_134033_20250729,LC08_134033_20250729,1753761707139,2025-08-25,2025-07-26,2025
AOI-00,1546767a1ff01463f1bf4ea81cd86b44fbf42ba20f48c2d45d50120a3bab3ca5,LANDSAT/LC08/C02/T1_L2,2025-08-14T04:01:56.254000+00:00,final-source-scenes-r2-asset-verified,1.99,,b21c8cc7f3d4d35e1db4dfa1c8245ff10ba657c0a0a001992b552808766cc49b,REMOVE_SYNTHETIC_MERGE_PREFIX;BIND_PLATFORM_COLLECTION;RESTORE_SYSTEM_INDEX,True,LANDSAT/LC08/C02/T1_L2/1_LC08_134033_20250814,source-scenes-v1,2025-08-10,LANDSAT_8,LPGS_16.5.0,LPGS_16.5.0,Collection 2,3a0c1d9930a0a7e9e91e636bc7e24a50c69a5767c3a40c73f520c041334e8cd4,landsat,f82cdac3e48e8bebe978342933017e59f66dfbe6a0a714d2709480ba1141015c,LANDSAT/LC08/C02/T1_L2/LC08_134033_20250814,LC08_134033_20250814,1755144116254,2025-08-25,2025-07-26,2025
AOI-00,1546767a1ff01463f1bf4ea81cd86b44fbf42ba20f48c2d45d50120a3bab3ca5,LANDSAT/LC08/C02/T1_L2,2025-07-13T04:02:05.951000+00:00,final-source-scenes-r2-asset-verified,35.21,OUTSIDE_NOMINAL_WINDOW,b21c8cc7f3d4d35e1db4dfa1c8245ff10ba657c0a0a001992b552808766cc49b,REMOVE_SYNTHETIC_MERGE_PREFIX;BIND_PLATFORM_COLLECTION;RESTORE_SYSTEM_INDEX,False,LANDSAT/LC08/C02/T1_L2/1_LC08_134034_20250713,source-scenes-v1,2025-08-10,LANDSAT_8,LPGS_16.5.0,LPGS_16.5.0,Collection 2,3a0c1d9930a0a7e9e91e636bc7e24a50c69a5767c3a40c73f520c041334e8cd4,landsat,f82cdac3e48e8bebe978342933017e59f66dfbe6a0a714d2709480ba1141015c,LANDSAT/LC08/C02/T1_L2/LC08_134034_20250713,LC08_134034_20250713,1752379325951,2025-08-25,2025-07-26,2025
AOI-00,1546767a1ff01463f1bf4ea81cd86b44fbf42ba20f48c2d45d50120a3bab3ca5,LANDSAT/LC08/C02/T1_L2,2025-07-29T04:02:11.022000+00:00,final-source-scenes-r2-asset-verified,5.76,,b21c8cc7f3d4d35e1db4dfa1c8245ff10ba657c0a0a001992b552808766cc49b,REMOVE_SYNTHETIC_MERGE_PREFIX;BIND_PLATFORM_COLLECTION;RESTORE_SYSTEM_INDEX,True,LANDSAT/LC08/C02/T1_L2/1_LC08_134034_20250729,source-scenes-v1,2025-08-10,LANDSAT_8,LPGS_16.5.0,LPGS_16.5.0,Collection 2,3a0c1d9930a0a7e9e91e636bc7e24a50c69a5767c3a40c73f520c041334e8cd4,landsat,f82cdac3e48e8bebe978342933017e59f66dfbe6a0a714d2709480ba1141015c,LANDSAT/LC08/C02/T1_L2/LC08_134034_20250729,LC08_134034_20250729,1753761731022,2025-08-25,2025-07-26,2025
AOI-00,1546767a1ff01463f1bf4ea81cd86b44fbf42ba20f48c2d45d50120a3bab3ca5,LANDSAT/LC08/C02/T1_L2,2025-08-14T04:02:20.149000+00:00,final-source-scenes-r2-asset-verified,3.02,,b21c8cc7f3d4d35e1db4dfa1c8245ff10ba657c0a0a001992b552808766cc49b,REMOVE_SYNTHETIC_MERGE_PREFIX;BIND_PLATFORM_COLLECTION;RESTORE_SYSTEM_INDEX,True,LANDSAT/LC08/C02/T1_L2/1_LC08_134034_20250814,source-scenes-v1,2025-08-10,LANDSAT_8,LPGS_16.5.0,LPGS_16.5.0,Collection 2,3a0c1d9930a0a7e9e91e636bc7e24a50c69a5767c3a40c73f520c041334e8cd4,landsat,f82cdac3e48e8bebe978342933017e59f66dfbe6a0a714d2709480ba1141015c,LANDSAT/LC08/C02/T1_L2/LC08_134034_20250814,LC08_134034_20250814,1755144140149,2025-08-25,2025-07-26,2025
AOI-00,1546767a1ff01463f1bf4ea81cd86b44fbf42ba20f48c2d45d50120a3bab3ca5,LANDSAT/LC09/C02/T1_L2,2025-07-14T03:55:53.050000+00:00,final-source-scenes-r2-asset-verified,13.46,OUTSIDE_NOMINAL_WINDOW,b21c8cc7f3d4d35e1db4dfa1c8245ff10ba657c0a0a001992b552808766cc49b,REMOVE_SYNTHETIC_MERGE_PREFIX;BIND_PLATFORM_COLLECTION;RESTORE_SYSTEM_INDEX,False,LANDSAT/LC08/C02/T1_L2/2_LC09_133034_20250714,source-scenes-v1,2025-08-10,LANDSAT_9,LPGS_16.5.0,LPGS_16.5.0,Collection 2,3a0c1d9930a0a7e9e91e636bc7e24a50c69a5767c3a40c73f520c041334e8cd4,landsat,f82cdac3e48e8bebe978342933017e59f66dfbe6a0a714d2709480ba1141015c,LANDSAT/LC09/C02/T1_L2/LC09_133034_20250714,LC09_133034_20250714,1752465353050,2025-08-25,2025-07-26,2025
AOI-00,1546767a1ff01463f1bf4ea81cd86b44fbf42ba20f48c2d45d50120a3bab3ca5,LANDSAT/LC09/C02/T1_L2,2025-07-30T03:55:59.878000+00:00,final-source-scenes-r2-asset-verified,26.91,,b21c8cc7f3d4d35e1db4dfa1c8245ff10ba657c0a0a001992b552808766cc49b,REMOVE_SYNTHETIC_MERGE_PREFIX;BIND_PLATFORM_COLLECTION;RESTORE_SYSTEM_INDEX,True,LANDSAT/LC08/C02/T1_L2/2_LC09_133034_20250730,source-scenes-v1,2025-08-10,LANDSAT_9,LPGS_16.5.0,LPGS_16.5.0,Collection 2,3a0c1d9930a0a7e9e91e636bc7e24a50c69a5767c3a40c73f520c041334e8cd4,landsat,f82cdac3e48e8bebe978342933017e59f66dfbe6a0a714d2709480ba1141015c,LANDSAT/LC09/C02/T1_L2/LC09_133034_20250730,LC09_133034_20250730,1753847759878,2025-08-25,2025-07-26,2025
AOI-00,1546767a1ff01463f1bf4ea81cd86b44fbf42ba20f48c2d45d50120a3bab3ca5,LANDSAT/LC09/C02/T1_L2,2025-08-15T03:56:11.659000+00:00,final-source-scenes-r2-asset-verified,7.91,,b21c8cc7f3d4d35e1db4dfa1c8245ff10ba657c0a0a001992b552808766cc49b,REMOVE_SYNTHETIC_MERGE_PREFIX;BIND_PLATFORM_COLLECTION;RESTORE_SYSTEM_INDEX,True,LANDSAT/LC08/C02/T1_L2/2_LC09_133034_20250815,source-scenes-v1,2025-08-10,LANDSAT_9,LPGS_16.5.0,LPGS_16.5.0,Collection 2,3a0c1d9930a0a7e9e91e636bc7e24a50c69a5767c3a40c73f520c041334e8cd4,landsat,f82cdac3e48e8bebe978342933017e59f66dfbe6a0a714d2709480ba1141015c,LANDSAT/LC09/C02/T1_L2/LC09_133034_20250815,LC09_133034_20250815,1755230171659,2025-08-25,2025-07-26,2025
AOI-00,1546767a1ff01463f1bf4ea81cd86b44fbf42ba20f48c2d45d50120a3bab3ca5,LANDSAT/LC09/C02/T1_L2,2025-07-05T04:01:37.406000+00:00,final-source-scenes-r2-asset-verified,67.52,OUTSIDE_NOMINAL_WINDOW,b21c8cc7f3d4d35e1db4dfa1c8245ff10ba657c0a0a001992b552808766cc49b,REMOVE_SYNTHETIC_MERGE_PREFIX;BIND_PLATFORM_COLLECTION;RESTORE_SYSTEM_INDEX,False,LANDSAT/LC08/C02/T1_L2/2_LC09_134033_20250705,source-scenes-v1,2025-08-10,LANDSAT_9,LPGS_16.5.0,LPGS_16.5.0,Collection 2,3a0c1d9930a0a7e9e91e636bc7e24a50c69a5767c3a40c73f520c041334e8cd4,landsat,f82cdac3e48e8bebe978342933017e59f66dfbe6a0a714d2709480ba1141015c,LANDSAT/LC09/C02/T1_L2/LC09_134033_20250705,LC09_134033_20250705,1751688097406,2025-08-25,2025-07-26,2025
AOI-00,1546767a1ff01463f1bf4ea81cd86b44fbf42ba20f48c2d45d50120a3bab3ca5,LANDSAT/LC09/C02/T1_L2,2025-07-21T04:01:44.459000+00:00,final-source-scenes-r2-asset-verified,25.67,OUTSIDE_NOMINAL_WINDOW,b21c8cc7f3d4d35e1db4dfa1c8245ff10ba657c0a0a001992b552808766cc49b,REMOVE_SYNTHETIC_MERGE_PREFIX;BIND_PLATFORM_COLLECTION;RESTORE_SYSTEM_INDEX,False,LANDSAT/LC08/C02/T1_L2/2_LC09_134033_20250721,source-scenes-v1,2025-08-10,LANDSAT_9,LPGS_16.5.0,LPGS_16.5.0,Collection 2,3a0c1d9930a0a7e9e91e636bc7e24a50c69a5767c3a40c73f520c041334e8cd4,landsat,f82cdac3e48e8bebe978342933017e59f66dfbe6a0a714d2709480ba1141015c,LANDSAT/LC09/C02/T1_L2/LC09_134033_20250721,LC09_134033_20250721,1753070504459,2025-08-25,2025-07-26,2025
AOI-00,1546767a1ff01463f1bf4ea81cd86b44fbf42ba20f48c2d45d50120a3bab3ca5,LANDSAT/LC09/C02/T1_L2,2025-08-22T04:02:00.900000+00:00,final-source-scenes-r2-asset-verified,37.06,,b21c8cc7f3d4d35e1db4dfa1c8245ff10ba657c0a0a001992b552808766cc49b,REMOVE_SYNTHETIC_MERGE_PREFIX;BIND_PLATFORM_COLLECTION;RESTORE_SYSTEM_INDEX,True,LANDSAT/LC08/C02/T1_L2/2_LC09_134033_20250822,source-scenes-v1,2025-08-10,LANDSAT_9,LPGS_16.5.0,LPGS_16.5.0,Collection 2,3a0c1d9930a0a7e9e91e636bc7e24a50c69a5767c3a40c73f520c041334e8cd4,landsat,f82cdac3e48e8bebe978342933017e59f66dfbe6a0a714d2709480ba1141015c,LANDSAT/LC09/C02/T1_L2/LC09_134033_20250822,LC09_134033_20250822,1755835320900,2025-08-25,2025-07-26,2025
AOI-00,1546767a1ff01463f1bf4ea81cd86b44fbf42ba20f48c2d45d50120a3bab3ca5,LANDSAT/LC09/C02/T1_L2,2025-07-05T04:02:01.297000+00:00,final-source-scenes-r2-asset-verified,75.84,OUTSIDE_NOMINAL_WINDOW,b21c8cc7f3d4d35e1db4dfa1c8245ff10ba657c0a0a001992b552808766cc49b,REMOVE_SYNTHETIC_MERGE_PREFIX;BIND_PLATFORM_COLLECTION;RESTORE_SYSTEM_INDEX,False,LANDSAT/LC08/C02/T1_L2/2_LC09_134034_20250705,source-scenes-v1,2025-08-10,LANDSAT_9,LPGS_16.5.0,LPGS_16.5.0,Collection 2,3a0c1d9930a0a7e9e91e636bc7e24a50c69a5767c3a40c73f520c041334e8cd4,landsat,f82cdac3e48e8bebe978342933017e59f66dfbe6a0a714d2709480ba1141015c,LANDSAT/LC09/C02/T1_L2/LC09_134034_20250705,LC09_134034_20250705,1751688121297,2025-08-25,2025-07-26,2025
AOI-00,1546767a1ff01463f1bf4ea81cd86b44fbf42ba20f48c2d45d50120a3bab3ca5,LANDSAT/LC09/C02/T1_L2,2025-07-21T04:02:08.350000+00:00,final-source-scenes-r2-asset-verified,49.91,OUTSIDE_NOMINAL_WINDOW,b21c8cc7f3d4d35e1db4dfa1c8245ff10ba657c0a0a001992b552808766cc49b,REMOVE_SYNTHETIC_MERGE_PREFIX;BIND_PLATFORM_COLLECTION;RESTORE_SYSTEM_INDEX,False,LANDSAT/LC08/C02/T1_L2/2_LC09_134034_20250721,source-scenes-v1,2025-08-10,LANDSAT_9,LPGS_16.5.0,LPGS_16.5.0,Collection 2,3a0c1d9930a0a7e9e91e636bc7e24a50c69a5767c3a40c73f520c041334e8cd4,landsat,f82cdac3e48e8bebe978342933017e59f66dfbe6a0a714d2709480ba1141015c,LANDSAT/LC09/C02/T1_L2/LC09_134034_20250721,LC09_134034_20250721,1753070528350,2025-08-25,2025-07-26,2025
AOI-00,1546767a1ff01463f1bf4ea81cd86b44fbf42ba20f48c2d45d50120a3bab3ca5,LANDSAT/LC09/C02/T1_L2,2025-08-22T04:02:24.791000+00:00,final-source-scenes-r2-asset-verified,45.35,,b21c8cc7f3d4d35e1db4dfa1c8245ff10ba657c0a0a001992b552808766cc49b,REMOVE_SYNTHETIC_MERGE_PREFIX;BIND_PLATFORM_COLLECTION;RESTORE_SYSTEM_INDEX,True,LANDSAT/LC08/C02/T1_L2/2_LC09_134034_20250822,source-scenes-v1,2025-08-10,LANDSAT_9,LPGS_16.5.0,LPGS_16.5.0,Collection 2,3a0c1d9930a0a7e9e91e636bc7e24a50c69a5767c3a40c73f520c041334e8cd4,landsat,f82cdac3e48e8bebe978342933017e59f66dfbe6a0a714d2709480ba1141015c,LANDSAT/LC09/C02/T1_L2/LC09_134034_20250822,LC09_134034_20250822,1755835344791,2025-08-25,2025-07-26,2025
AOI-01,18ae788e0cf1ef68015dfee09e2ef7a0a1af4676e0b5d436994b707dfe92dec3,LANDSAT/LC08/C02/T1_L2,2021-07-07T04:21:08.585000+00:00,final-source-scenes-r2-asset-verified,14.63,,b21c8cc7f3d4d35e1db4dfa1c8245ff10ba657c0a0a001992b552808766cc49b,REMOVE_SYNTHETIC_MERGE_PREFIX;BIND_PLATFORM_COLLECTION;RESTORE_SYSTEM_INDEX,True,LANDSAT/LC08/C02/T1_L2/1_LC08_137035_20210707,source-scenes-v1,2021-07-20,LANDSAT_8,LPGS_15.5.0,LPGS_15.5.0,Collection 2,55651ea7fa488ba96fd3ea313fb6fa2f34bee002efac1fdb80a59b595f976402,landsat,e720495e43585986cf1538a19a43c224ed78683adfa58ef08c680a8e8c73edfe,LANDSAT/LC08/C02/T1_L2/LC08_137035_20210707,LC08_137035_20210707,1625631668585,2021-08-04,2021-07-05,2021
AOI-01,18ae788e0cf1ef68015dfee09e2ef7a0a1af4676e0b5d436994b707dfe92dec3,LANDSAT/LC08/C02/T1_L2,2021-08-08T04:21:20.577000+00:00,final-source-scenes-r2-asset-verified,21.18,OUTSIDE_NOMINAL_WINDOW,b21c8cc7f3d4d35e1db4dfa1c8245ff10ba657c0a0a001992b552808766cc49b,REMOVE_SYNTHETIC_MERGE_PREFIX;BIND_PLATFORM_COLLECTION;RESTORE_SYSTEM_INDEX,False,LANDSAT/LC08/C02/T1_L2/1_LC08_137035_20210808,source-scenes-v1,2021-07-20,LANDSAT_8,LPGS_15.5.0,LPGS_15.5.0,Collection 2,55651ea7fa488ba96fd3ea313fb6fa2f34bee002efac1fdb80a59b595f976402,landsat,e720495e43585986cf1538a19a43c224ed78683adfa58ef08c680a8e8c73edfe,LANDSAT/LC08/C02/T1_L2/LC08_137035_20210808,LC08_137035_20210808,1628396480577,2021-08-04,2021-07-05,2021
AOI-01,18ae788e0cf1ef68015dfee09e2ef7a0a1af4676e0b5d436994b707dfe92dec3,LANDSAT/LC08/C02/T1_L2,2021-08-24T04:21:25.378000+00:00,final-source-scenes-r2-asset-verified,12.52,OUTSIDE_NOMINAL_WINDOW,b21c8cc7f3d4d35e1db4dfa1c8245ff10ba657c0a0a001992b552808766cc49b,REMOVE_SYNTHETIC_MERGE_PREFIX;BIND_PLATFORM_COLLECTION;RESTORE_SYSTEM_INDEX,False,LANDSAT/LC08/C02/T1_L2/1_LC08_137035_20210824,source-scenes-v1,2021-07-20,LANDSAT_8,LPGS_15.5.0,LPGS_15.5.0,Collection 2,55651ea7fa488ba96fd3ea313fb6fa2f34bee002efac1fdb80a59b595f976402,landsat,e720495e43585986cf1538a19a43c224ed78683adfa58ef08c680a8e8c73edfe,LANDSAT/LC08/C02/T1_L2/LC08_137035_20210824,LC08_137035_20210824,1629778885378,2021-08-04,2021-07-05,2021
AOI-01,18ae788e0cf1ef68015dfee09e2ef7a0a1af4676e0b5d436994b707dfe92dec3,LANDSAT/LC08/C02/T1_L2,2021-07-14T04:26:55.730000+00:00,final-source-scenes-r2-asset-verified,61.4,,b21c8cc7f3d4d35e1db4dfa1c8245ff10ba657c0a0a001992b552808766cc49b,REMOVE_SYNTHETIC_MERGE_PREFIX;BIND_PLATFORM_COLLECTION;RESTORE_SYSTEM_INDEX,True,LANDSAT/LC08/C02/T1_L2/1_LC08_138034_20210714,source-scenes-v1,2021-07-20,LANDSAT_8,LPGS_15.5.0,LPGS_15.5.0,Collection 2,55651ea7fa488ba96fd3ea313fb6fa2f34bee002efac1fdb80a59b595f976402,landsat,e720495e43585986cf1538a19a43c224ed78683adfa58ef08c680a8e8c73edfe,LANDSAT/LC08/C02/T1_L2/LC08_138034_20210714,LC08_138034_20210714,1626236815730,2021-08-04,2021-07-05,2021
AOI-01,18ae788e0cf1ef68015dfee09e2ef7a0a1af4676e0b5d436994b707dfe92dec3,LANDSAT/LC08/C02/T1_L2,2021-07-30T04:27:03.669000+00:00,final-source-scenes-r2-asset-verified,0.22,,b21c8cc7f3d4d35e1db4dfa1c8245ff10ba657c0a0a001992b552808766cc49b,REMOVE_SYNTHETIC_MERGE_PREFIX;BIND_PLATFORM_COLLECTION;RESTORE_SYSTEM_INDEX,True,LANDSAT/LC08/C02/T1_L2/1_LC08_138034_20210730,source-scenes-v1,2021-07-20,LANDSAT_8,LPGS_15.5.0,LPGS_15.5.0,Collection 2,55651ea7fa488ba96fd3ea313fb6fa2f34bee002efac1fdb80a59b595f976402,landsat,e720495e43585986cf1538a19a43c224ed78683adfa58ef08c680a8e8c73edfe,LANDSAT/LC08/C02/T1_L2/LC08_138034_20210730,LC08_138034_20210730,1627619223669,2021-08-04,2021-07-05,2021
AOI-01,18ae788e0cf1ef68015dfee09e2ef7a0a1af4676e0b5d436994b707dfe92dec3,LANDSAT/LC08/C02/T1_L2,2021-08-15T04:27:09.893000+00:00,final-source-scenes-r2-asset-verified,16.26,OUTSIDE_NOMINAL_WINDOW,b21c8cc7f3d4d35e1db4dfa1c8245ff10ba657c0a0a001992b552808766cc49b,REMOVE_SYNTHETIC_MERGE_PREFIX;BIND_PLATFORM_COLLECTION;RESTORE_SYSTEM_INDEX,False,LANDSAT/LC08/C02/T1_L2/1_LC08_138034_20210815,source-scenes-v1,2021-07-20,LANDSAT_8,LPGS_15.5.0,LPGS_15.5.0,Collection 2,55651ea7fa488ba96fd3ea313fb6fa2f34bee002efac1fdb80a59b595f976402,landsat,e720495e43585986cf1538a19a43c224ed78683adfa58ef08c680a8e8c73edfe,LANDSAT/LC08/C02/T1_L2/LC08_138034_20210815,LC08_138034_20210815,1629001629893,2021-08-04,2021-07-05,2021
AOI-01,18ae788e0cf1ef68015dfee09e2ef7a0a1af4676e0b5d436994b707dfe92dec3,LANDSAT/LC08/C02/T1_L2,2021-07-14T04:27:19.621000+00:00,final-source-scenes-r2-asset-verified,58.86,,b21c8cc7f3d4d35e1db4dfa1c8245ff10ba657c0a0a001992b552808766cc49b,REMOVE_SYNTHETIC_MERGE_PREFIX;BIND_PLATFORM_COLLECTION;RESTORE_SYSTEM_INDEX,True,LANDSAT/LC08/C02/T1_L2/1_LC08_138035_20210714,source-scenes-v1,2021-07-20,LANDSAT_8,LPGS_15.5.0,LPGS_15.5.0,Collection 2,55651ea7fa488ba96fd3ea313fb6fa2f34bee002efac1fdb80a59b595f976402,landsat,e720495e43585986cf1538a19a43c224ed78683adfa58ef08c680a8e8c73edfe,LANDSAT/LC08/C02/T1_L2/LC08_138035_20210714,LC08_138035_20210714,1626236839621,2021-08-04,2021-07-05,2021
AOI-01,18ae788e0cf1ef68015dfee09e2ef7a0a1af4676e0b5d436994b707dfe92dec3,LANDSAT/LC08/C02/T1_L2,2021-07-30T04:27:27.560000+00:00,final-source-scenes-r2-asset-verified,1.11,,b21c8cc7f3d4d35e1db4dfa1c8245ff10ba657c0a0a001992b552808766cc49b,REMOVE_SYNTHETIC_MERGE_PREFIX;BIND_PLATFORM_COLLECTION;RESTORE_SYSTEM_INDEX,True,LANDSAT/LC08/C02/T1_L2/1_LC08_138035_20210730,source-scenes-v1,2021-07-20,LANDSAT_8,LPGS_15.5.0,LPGS_15.5.0,Collection 2,55651ea7fa488ba96fd3ea313fb6fa2f34bee002efac1fdb80a59b595f976402,landsat,e720495e43585986cf1538a19a43c224ed78683adfa58ef08c680a8e8c73edfe,LANDSAT/LC08/C02/T1_L2/LC08_138035_20210730,LC08_138035_20210730,1627619247560,2021-08-04,2021-07-05,2021
AOI-01,18ae788e0cf1ef68015dfee09e2ef7a0a1af4676e0b5d436994b707dfe92dec3,LANDSAT/LC08/C02/T1_L2,2021-08-15T04:27:33.779000+00:00,final-source-scenes-r2-asset-verified,53.3,OUTSIDE_NOMINAL_WINDOW,b21c8cc7f3d4d35e1db4dfa1c8245ff10ba657c0a0a001992b552808766cc49b,REMOVE_SYNTHETIC_MERGE_PREFIX;BIND_PLATFORM_COLLECTION;RESTORE_SYSTEM_INDEX,False,LANDSAT/LC08/C02/T1_L2/1_LC08_138035_20210815,source-scenes-v1,2021-07-20,LANDSAT_8,LPGS_15.5.0,LPGS_15.5.0,Collection 2,55651ea7fa488ba96fd3ea313fb6fa2f34bee002efac1fdb80a59b595f976402,landsat,e720495e43585986cf1538a19a43c224ed78683adfa58ef08c680a8e8c73edfe,LANDSAT/LC08/C02/T1_L2/LC08_138035_20210815,LC08_138035_20210815,1629001653779,2021-08-04,2021-07-05,2021
AOI-01,18ae788e0cf1ef68015dfee09e2ef7a0a1af4676e0b5d436994b707dfe92dec3,LANDSAT/LC08/C02/T1_L2,2021-07-07T04:21:08.585000+00:00,final-source-scenes-r2-asset-verified,14.63,OUTSIDE_NOMINAL_WINDOW,b21c8cc7f3d4d35e1db4dfa1c8245ff10ba657c0a0a001992b552808766cc49b,REMOVE_SYNTHETIC_MERGE_PREFIX;BIND_PLATFORM_COLLECTION;RESTORE_SYSTEM_INDEX,False,LANDSAT/LC08/C02/T1_L2/1_LC08_137035_20210707,source-scenes-v1,2021-07-31,LANDSAT_8,LPGS_15.5.0,LPGS_15.5.0,Collection 2,d5b6d9b0328ffc4b2222a1179ea192fafe285a791be0d8a4f3c654888a759549,landsat,04f894006b13251a7e74b10d034d1b7b788544f0220588437bd773078c8f641a,LANDSAT/LC08/C02/T1_L2/LC08_137035_20210707,LC08_137035_20210707,1625631668585,2021-08-15,2021-07-16,2021
AOI-01,18ae788e0cf1ef68015dfee09e2ef7a0a1af4676e0b5d436994b707dfe92dec3,LANDSAT/LC08/C02/T1_L2,2021-08-08T04:21:20.577000+00:00,final-source-scenes-r2-asset-verified,21.18,,b21c8cc7f3d4d35e1db4dfa1c8245ff10ba657c0a0a001992b552808766cc49b,REMOVE_SYNTHETIC_MERGE_PREFIX;BIND_PLATFORM_COLLECTION;RESTORE_SYSTEM_INDEX,True,LANDSAT/LC08/C02/T1_L2/1_LC08_137035_20210808,source-scenes-v1,2021-07-31,LANDSAT_8,LPGS_15.5.0,LPGS_15.5.0,Collection 2,d5b6d9b0328ffc4b2222a1179ea192fafe285a791be0d8a4f3c654888a759549,landsat,04f894006b13251a7e74b10d034d1b7b788544f0220588437bd773078c8f641a,LANDSAT/LC08/C02/T1_L2/LC08_137035_20210808,LC08_137035_20210808,1628396480577,2021-08-15,2021-07-16,2021
AOI-01,18ae788e0cf1ef68015dfee09e2ef7a0a1af4676e0b5d436994b707dfe92dec3,LANDSAT/LC08/C02/T1_L2,2021-08-24T04:21:25.378000+00:00,final-source-scenes-r2-asset-verified,12.52,OUTSIDE_NOMINAL_WINDOW,b21c8cc7f3d4d35e1db4dfa1c8245ff10ba657c0a0a001992b552808766cc49b,REMOVE_SYNTHETIC_MERGE_PREFIX;BIND_PLATFORM_COLLECTION;RESTORE_SYSTEM_INDEX,False,LANDSAT/LC08/C02/T1_L2/1_LC08_137035_20210824,source-scenes-v1,2021-07-31,LANDSAT_8,LPGS_15.5.0,LPGS_15.5.0,Collection 2,d5b6d9b0328ffc4b2222a1179ea192fafe285a791be0d8a4f3c654888a759549,landsat,04f894006b13251a7e74b10d034d1b7b788544f0220588437bd773078c8f641a,LANDSAT/LC08/C02/T1_L2/LC08_137035_20210824,LC08_137035_20210824,1629778885378,2021-08-15,2021-07-16,2021
AOI-01,18ae788e0cf1ef68015dfee09e2ef7a0a1af4676e0b5d436994b707dfe92dec3,LANDSAT/LC08/C02/T1_L2,2021-07-14T04:26:55.730000+00:00,final-source-scenes-r2-asset-verified,61.4,OUTSIDE_NOMINAL_WINDOW,b21c8cc7f3d4d35e1db4dfa1c8245ff10ba657c0a0a001992b552808766cc49b,REMOVE_SYNTHETIC_MERGE_PREFIX;BIND_PLATFORM_COLLECTION;RESTORE_SYSTEM_INDEX,False,LANDSAT/LC08/C02/T1_L2/1_LC08_138034_20210714,source-scenes-v1,2021-07-31,LANDSAT_8,LPGS_15.5.0,LPGS_15.5.0,Collection 2,d5b6d9b0328ffc4b2222a1179ea192fafe285a791be0d8a4f3c654888a759549,landsat,04f894006b13251a7e74b10d034d1b7b788544f0220588437bd773078c8f641a,LANDSAT/LC08/C02/T1_L2/LC08_138034_20210714,LC08_138034_20210714,1626236815730,2021-08-15,2021-07-16,2021
AOI-01,18ae788e0cf1ef68015dfee09e2ef7a0a1af4676e0b5d436994b707dfe92dec3,LANDSAT/LC08/C02/T1_L2,2021-07-30T04:27:03.669000+00:00,final-source-scenes-r2-asset-verified,0.22,,b21c8cc7f3d4d35e1db4dfa1c8245ff10ba657c0a0a001992b552808766cc49b,REMOVE_SYNTHETIC_MERGE_PREFIX;BIND_PLATFORM_COLLECTION;RESTORE_SYSTEM_INDEX,True,LANDSAT/LC08/C02/T1_L2/1_LC08_138034_20210730,source-scenes-v1,2021-07-31,LANDSAT_8,LPGS_15.5.0,LPGS_15.5.0,Collection 2,d5b6d9b0328ffc4b2222a1179ea192fafe285a791be0d8a4f3c654888a759549,landsat,04f894006b13251a7e74b10d034d1b7b788544f0220588437bd773078c8f641a,LANDSAT/LC08/C02/T1_L2/LC08_138034_20210730,LC08_138034_20210730,1627619223669,2021-08-15,2021-07-16,2021
AOI-01,18ae788e0cf1ef68015dfee09e2ef7a0a1af4676e0b5d436994b707dfe92dec3,LANDSAT/LC08/C02/T1_L2,2021-08-15T04:27:09.893000+00:00,final-source-scenes-r2-asset-verified,16.26,,b21c8cc7f3d4d35e1db4dfa1c8245ff10ba657c0a0a001992b552808766cc49b,REMOVE_SYNTHETIC_MERGE_PREFIX;BIND_PLATFORM_COLLECTION;RESTORE_SYSTEM_INDEX,True,LANDSAT/LC08/C02/T1_L2/1_LC08_138034_20210815,source-scenes-v1,2021-07-31,LANDSAT_8,LPGS_15.5.0,LPGS_15.5.0,Collection 2,d5b6d9b0328ffc4b2222a1179ea192fafe285a791be0d8a4f3c654888a759549,landsat,04f894006b13251a7e74b10d034d1b7b788544f0220588437bd773078c8f641a,LANDSAT/LC08/C02/T1_L2/LC08_138034_20210815,LC08_138034_20210815,1629001629893,2021-08-15,2021-07-16,2021
AOI-01,18ae788e0cf1ef68015dfee09e2ef7a0a1af4676e0b5d436994b707dfe92dec3,LANDSAT/LC08/C02/T1_L2,2021-07-14T04:27:19.621000+00:00,final-source-scenes-r2-asset-verified,58.86,OUTSIDE_NOMINAL_WINDOW,b21c8cc7f3d4d35e1db4dfa1c8245ff10ba657c0a0a001992b552808766cc49b,REMOVE_SYNTHETIC_MERGE_PREFIX;BIND_PLATFORM_COLLECTION;RESTORE_SYSTEM_INDEX,False,LANDSAT/LC08/C02/T1_L2/1_LC08_138035_20210714,source-scenes-v1,2021-07-31,LANDSAT_8,LPGS_15.5.0,LPGS_15.5.0,Collection 2,d5b6d9b0328ffc4b2222a1179ea192fafe285a791be0d8a4f3c654888a759549,landsat,04f894006b13251a7e74b10d034d1b7b788544f0220588437bd773078c8f641a,LANDSAT/LC08/C02/T1_L2/LC08_138035_20210714,LC08_138035_20210714,1626236839621,2021-08-15,2021-07-16,2021
AOI-01,18ae788e0cf1ef68015dfee09e2ef7a0a1af4676e0b5d436994b707dfe92dec3,LANDSAT/LC08/C02/T1_L2,2021-07-30T04:27:27.560000+00:00,final-source-scenes-r2-asset-verified,1.11,,b21c8cc7f3d4d35e1db4dfa1c8245ff10ba657c0a0a001992b552808766cc49b,REMOVE_SYNTHETIC_MERGE_PREFIX;BIND_PLATFORM_COLLECTION;RESTORE_SYSTEM_INDEX,True,LANDSAT/LC08/C02/T1_L2/1_LC08_138035_20210730,source-scenes-v1,2021-07-31,LANDSAT_8,LPGS_15.5.0,LPGS_15.5.0,Collection 2,d5b6d9b0328ffc4b2222a1179ea192fafe285a791be0d8a4f3c654888a759549,landsat,04f894006b13251a7e74b10d034d1b7b788544f0220588437bd773078c8f641a,LANDSAT/LC08/C02/T1_L2/LC08_138035_20210730,LC08_138035_20210730,1627619247560,2021-08-15,2021-07-16,2021
AOI-01,18ae788e0cf1ef68015dfee09e2ef7a0a1af4676e0b5d436994b707dfe92dec3,LANDSAT/LC08/C02/T1_L2,2021-08-15T04:27:33.779000+00:00,final-source-scenes-r2-asset-verified,53.3,,b21c8cc7f3d4d35e1db4dfa1c8245ff10ba657c0a0a001992b552808766cc49b,REMOVE_SYNTHETIC_MERGE_PREFIX;BIND_PLATFORM_COLLECTION;RESTORE_SYSTEM_INDEX,True,LANDSAT/LC08/C02/T1_L2/1_LC08_138035_20210815,source-scenes-v1,2021-07-31,LANDSAT_8,LPGS_15.5.0,LPGS_15.5.0,Collection 2,d5b6d9b0328ffc4b2222a1179ea192fafe285a791be0d8a4f3c654888a759549,landsat,04f894006b13251a7e74b10d034d1b7b788544f0220588437bd773078c8f641a,LANDSAT/LC08/C02/T1_L2/LC08_138035_20210815,LC08_138035_20210815,1629001653779,2021-08-15,2021-07-16,2021
AOI-01,18ae788e0cf1ef68015dfee09e2ef7a0a1af4676e0b5d436994b707dfe92dec3,LANDSAT/LC08/C02/T1_L2,2021-07-07T04:21:08.585000+00:00,final-source-scenes-r2-asset-verified,14.63,OUTSIDE_NOMINAL_WINDOW,b21c8cc7f3d4d35e1db4dfa1c8245ff10ba657c0a0a001992b552808766cc49b,REMOVE_SYNTHETIC_MERGE_PREFIX;BIND_PLATFORM_COLLECTION;RESTORE_SYSTEM_INDEX,False,LANDSAT/LC08/C02/T1_L2/1_LC08_137035_20210707,source-scenes-v1,2021-08-10,LANDSAT_8,LPGS_15.5.0,LPGS_15.5.0,Collection 2,6d7ce8627e15cb78af368bb6cde9c2fcdb434589c26ab4a2e1ca956668029b8c,landsat,570582c58685e03a7f5db56d126a77aae5319b1f6a7b68b15f5de5de249b31c4,LANDSAT/LC08/C02/T1_L2/LC08_137035_20210707,LC08_137035_20210707,1625631668585,2021-08-25,2021-07-26,2021
AOI-01,18ae788e0cf1ef68015dfee09e2ef7a0a1af4676e0b5d436994b707dfe92dec3,LANDSAT/LC08/C02/T1_L2,2021-08-08T04:21:20.577000+00:00,final-source-scenes-r2-asset-verified,21.18,,b21c8cc7f3d4d35e1db4dfa1c8245ff10ba657c0a0a001992b552808766cc49b,REMOVE_SYNTHETIC_MERGE_PREFIX;BIND_PLATFORM_COLLECTION;RESTORE_SYSTEM_INDEX,True,LANDSAT/LC08/C02/T1_L2/1_LC08_137035_20210808,source-scenes-v1,2021-08-10,LANDSAT_8,LPGS_15.5.0,LPGS_15.5.0,Collection 2,6d7ce8627e15cb78af368bb6cde9c2fcdb434589c26ab4a2e1ca956668029b8c,landsat,570582c58685e03a7f5db56d126a77aae5319b1f6a7b68b15f5de5de249b31c4,LANDSAT/LC08/C02/T1_L2/LC08_137035_20210808,LC08_137035_20210808,1628396480577,2021-08-25,2021-07-26,2021
AOI-01,18ae788e0cf1ef68015dfee09e2ef7a0a1af4676e0b5d436994b707dfe92dec3,LANDSAT/LC08/C02/T1_L2,2021-08-24T04:21:25.378000+00:00,final-source-scenes-r2-asset-verified,12.52,,b21c8cc7f3d4d35e1db4dfa1c8245ff10ba657c0a0a001992b552808766cc49b,REMOVE_SYNTHETIC_MERGE_PREFIX;BIND_PLATFORM_COLLECTION;RESTORE_SYSTEM_INDEX,True,LANDSAT/LC08/C02/T1_L2/1_LC08_137035_20210824,source-scenes-v1,2021-08-10,LANDSAT_8,LPGS_15.5.0,LPGS_15.5.0,Collection 2,6d7ce8627e15cb78af368bb6cde9c2fcdb434589c26ab4a2e1ca956668029b8c,landsat,570582c58685e03a7f5db56d126a77aae5319b1f6a7b68b15f5de5de249b31c4,LANDSAT/LC08/C02/T1_L2/LC08_137035_20210824,LC08_137035_20210824,1629778885378,2021-08-25,2021-07-26,2021
AOI-01,18ae788e0cf1ef68015dfee09e2ef7a0a1af4676e0b5d436994b707dfe92dec3,LANDSAT/LC08/C02/T1_L2,2021-07-14T04:26:55.730000+00:00,final-source-scenes-r2-asset-verified,61.4,OUTSIDE_NOMINAL_WINDOW,b21c8cc7f3d4d35e1db4dfa1c8245ff10ba657c0a0a001992b552808766cc49b,REMOVE_SYNTHETIC_MERGE_PREFIX;BIND_PLATFORM_COLLECTION;RESTORE_SYSTEM_INDEX,False,LANDSAT/LC08/C02/T1_L2/1_LC08_138034_20210714,source-scenes-v1,2021-08-10,LANDSAT_8,LPGS_15.5.0,LPGS_15.5.0,Collection 2,6d7ce8627e15cb78af368bb6cde9c2fcdb434589c26ab4a2e1ca956668029b8c,landsat,570582c58685e03a7f5db56d126a77aae5319b1f6a7b68b15f5de5de249b31c4,LANDSAT/LC08/C02/T1_L2/LC08_138034_20210714,LC08_138034_20210714,1626236815730,2021-08-25,2021-07-26,2021
AOI-01,18ae788e0cf1ef68015dfee09e2ef7a0a1af4676e0b5d436994b707dfe92dec3,LANDSAT/LC08/C02/T1_L2,2021-07-30T04:27:03.669000+00:00,final-source-scenes-r2-asset-verified,0.22,,b21c8cc7f3d4d35e1db4dfa1c8245ff10ba657c0a0a001992b552808766cc49b,REMOVE_SYNTHETIC_MERGE_PREFIX;BIND_PLATFORM_COLLECTION;RESTORE_SYSTEM_INDEX,True,LANDSAT/LC08/C02/T1_L2/1_LC08_138034_20210730,source-scenes-v1,2021-08-10,LANDSAT_8,LPGS_15.5.0,LPGS_15.5.0,Collection 2,6d7ce8627e15cb78af368bb6cde9c2fcdb434589c26ab4a2e1ca956668029b8c,landsat,570582c58685e03a7f5db56d126a77aae5319b1f6a7b68b15f5de5de249b31c4,LANDSAT/LC08/C02/T1_L2/LC08_138034_20210730,LC08_138034_20210730,1627619223669,2021-08-25,2021-07-26,2021
AOI-01,18ae788e0cf1ef68015dfee09e2ef7a0a1af4676e0b5d436994b707dfe92dec3,LANDSAT/LC08/C02/T1_L2,2021-08-15T04:27:09.893000+00:00,final-source-scenes-r2-asset-verified,16.26,,b21c8cc7f3d4d35e1db4dfa1c8245ff10ba657c0a0a001992b552808766cc49b,REMOVE_SYNTHETIC_MERGE_PREFIX;BIND_PLATFORM_COLLECTION;RESTORE_SYSTEM_INDEX,True,LANDSAT/LC08/C02/T1_L2/1_LC08_138034_20210815,source-scenes-v1,2021-08-10,LANDSAT_8,LPGS_15.5.0,LPGS_15.5.0,Collection 2,6d7ce8627e15cb78af368bb6cde9c2fcdb434589c26ab4a2e1ca956668029b8c,landsat,570582c58685e03a7f5db56d126a77aae5319b1f6a7b68b15f5de5de249b31c4,LANDSAT/LC08/C02/T1_L2/LC08_138034_20210815,LC08_138034_20210815,1629001629893,2021-08-25,2021-07-26,2021
AOI-01,18ae788e0cf1ef68015dfee09e2ef7a0a1af4676e0b5d436994b707dfe92dec3,LANDSAT/LC08/C02/T1_L2,2021-07-14T04:27:19.621000+00:00,final-source-scenes-r2-asset-verified,58.86,OUTSIDE_NOMINAL_WINDOW,b21c8cc7f3d4d35e1db4dfa1c8245ff10ba657c0a0a001992b552808766cc49b,REMOVE_SYNTHETIC_MERGE_PREFIX;BIND_PLATFORM_COLLECTION;RESTORE_SYSTEM_INDEX,False,LANDSAT/LC08/C02/T1_L2/1_LC08_138035_20210714,source-scenes-v1,2021-08-10,LANDSAT_8,LPGS_15.5.0,LPGS_15.5.0,Collection 2,6d7ce8627e15cb78af368bb6cde9c2fcdb434589c26ab4a2e1ca956668029b8c,landsat,570582c58685e03a7f5db56d126a77aae5319b1f6a7b68b15f5de5de249b31c4,LANDSAT/LC08/C02/T1_L2/LC08_138035_20210714,LC08_138035_20210714,1626236839621,2021-08-25,2021-07-26,2021
AOI-01,18ae788e0cf1ef68015dfee09e2ef7a0a1af4676e0b5d436994b707dfe92dec3,LANDSAT/LC08/C02/T1_L2,2021-07-30T04:27:27.560000+00:00,final-source-scenes-r2-asset-verified,1.11,,b21c8cc7f3d4d35e1db4dfa1c8245ff10ba657c0a0a001992b552808766cc49b,REMOVE_SYNTHETIC_MERGE_PREFIX;BIND_PLATFORM_COLLECTION;RESTORE_SYSTEM_INDEX,True,LANDSAT/LC08/C02/T1_L2/1_LC08_138035_20210730,source-scenes-v1,2021-08-10,LANDSAT_8,LPGS_15.5.0,LPGS_15.5.0,Collection 2,6d7ce8627e15cb78af368bb6cde9c2fcdb434589c26ab4a2e1ca956668029b8c,landsat,570582c58685e03a7f5db56d126a77aae5319b1f6a7b68b15f5de5de249b31c4,LANDSAT/LC08/C02/T1_L2/LC08_138035_20210730,LC08_138035_20210730,1627619247560,2021-08-25,2021-07-26,2021
AOI-01,18ae788e0cf1ef68015dfee09e2ef7a0a1af4676e0b5d436994b707dfe92dec3,LANDSAT/LC08/C02/T1_L2,2021-08-15T04:27:33.779000+00:00,final-source-scenes-r2-asset-verified,53.3,,b21c8cc7f3d4d35e1db4dfa1c8245ff10ba657c0a0a001992b552808766cc49b,REMOVE_SYNTHETIC_MERGE_PREFIX;BIND_PLATFORM_COLLECTION;RESTORE_SYSTEM_INDEX,True,LANDSAT/LC08/C02/T1_L2/1_LC08_138035_20210815,source-scenes-v1,2021-08-10,LANDSAT_8,LPGS_15.5.0,LPGS_15.5.0,Collection 2,6d7ce8627e15cb78af368bb6cde9c2fcdb434589c26ab4a2e1ca956668029b8c,landsat,570582c58685e03a7f5db56d126a77aae5319b1f6a7b68b15f5de5de249b31c4,LANDSAT/LC08/C02/T1_L2/LC08_138035_20210815,LC08_138035_20210815,1629001653779,2021-08-25,2021-07-26,2021
AOI-01,18ae788e0cf1ef68015dfee09e2ef7a0a1af4676e0b5d436994b707dfe92dec3,LANDSAT/LC08/C02/T1_L2,2022-07-26T04:21:35.950000+00:00,final-source-scenes-r2-asset-verified,61.23,,b21c8cc7f3d4d35e1db4dfa1c8245ff10ba657c0a0a001992b552808766cc49b,REMOVE_SYNTHETIC_MERGE_PREFIX;BIND_PLATFORM_COLLECTION;RESTORE_SYSTEM_INDEX,True,LANDSAT/LC08/C02/T1_L2/1_LC08_137035_20220726,source-scenes-v1,2022-07-20,LANDSAT_8,LPGS_16.1.0,LPGS_16.1.0,Collection 2,dd0842324093fbe281a41e731c8e94116c22351c6ca0e9df3ab1879bc9b8b560,landsat,7fe0fc6f46f4ea48e2962450e9c4fdd14387513550d835250de53ba71d4080ee,LANDSAT/LC08/C02/T1_L2/LC08_137035_20220726,LC08_137035_20220726,1658809295950,2022-08-04,2022-07-05,2022
AOI-01,18ae788e0cf1ef68015dfee09e2ef7a0a1af4676e0b5d436994b707dfe92dec3,LANDSAT/LC08/C02/T1_L2,2022-08-11T04:21:44.475000+00:00,final-source-scenes-r2-asset-verified,43.97,OUTSIDE_NOMINAL_WINDOW,b21c8cc7f3d4d35e1db4dfa1c8245ff10ba657c0a0a001992b552808766cc49b,REMOVE_SYNTHETIC_MERGE_PREFIX;BIND_PLATFORM_COLLECTION;RESTORE_SYSTEM_INDEX,False,LANDSAT/LC08/C02/T1_L2/1_LC08_137035_20220811,source-scenes-v1,2022-07-20,LANDSAT_8,LPGS_16.1.0,LPGS_16.1.0,Collection 2,dd0842324093fbe281a41e731c8e94116c22351c6ca0e9df3ab1879bc9b8b560,landsat,7fe0fc6f46f4ea48e2962450e9c4fdd14387513550d835250de53ba71d4080ee,LANDSAT/LC08/C02/T1_L2/LC08_137035_20220811,LC08_137035_20220811,1660191704475,2022-08-04,2022-07-05,2022
AOI-01,18ae788e0cf1ef68015dfee09e2ef7a0a1af4676e0b5d436994b707dfe92dec3,LANDSAT/LC08/C02/T1_L2,2022-08-02T04:27:27.241000+00:00,final-source-scenes-r2-asset-verified,16.4,,b21c8cc7f3d4d35e1db4dfa1c8245ff10ba657c0a0a001992b552808766cc49b,REMOVE_SYNTHETIC_MERGE_PREFIX;BIND_PLATFORM_COLLECTION;RESTORE_SYSTEM_INDEX,True,LANDSAT/LC08/C02/T1_L2/1_LC08_138034_20220802,source-scenes-v1,2022-07-20,LANDSAT_8,LPGS_16.1.0,LPGS_16.1.0,Collection 2,dd0842324093fbe281a41e731c8e94116c22351c6ca0e9df3ab1879bc9b8b560,landsat,7fe0fc6f46f4ea48e2962450e9c4fdd14387513550d835250de53ba71d4080ee,LANDSAT/LC08/C02/T1_L2/LC08_138034_20220802,LC08_138034_20220802,1659414447241,2022-08-04,2022-07-05,2022
AOI-01,18ae788e0cf1ef68015dfee09e2ef7a0a1af4676e0b5d436994b707dfe92dec3,LANDSAT/LC08/C02/T1_L2,2022-08-18T04:27:33.102000+00:00,final-source-scenes-r2-asset-verified,60.46,OUTSIDE_NOMINAL_WINDOW,b21c8cc7f3d4d35e1db4dfa1c8245ff10ba657c0a0a001992b552808766cc49b,REMOVE_SYNTHETIC_MERGE_PREFIX;BIND_PLATFORM_COLLECTION;RESTORE_SYSTEM_INDEX,False,LANDSAT/LC08/C02/T1_L2/1_LC08_138034_20220818,source-scenes-v1,2022-07-20,LANDSAT_8,LPGS_16.1.0,LPGS_16.1.0,Collection 2,dd0842324093fbe281a41e731c8e94116c22351c6ca0e9df3ab1879bc9b8b560,landsat,7fe0fc6f46f4ea48e2962450e9c4fdd14387513550d835250de53ba71d4080ee,LANDSAT/LC08/C02/T1_L2/LC08_138034_20220818,LC08_138034_20220818,1660796853102,2022-08-04,2022-07-05,2022
AOI-01,18ae788e0cf1ef68015dfee09e2ef7a0a1af4676e0b5d436994b707dfe92dec3,LANDSAT/LC08/C02/T1_L2,2022-08-02T04:27:51.128000+00:00,final-source-scenes-r2-asset-verified,61.11,,b21c8cc7f3d4d35e1db4dfa1c8245ff10ba657c0a0a001992b552808766cc49b,REMOVE_SYNTHETIC_MERGE_PREFIX;BIND_PLATFORM_COLLECTION;RESTORE_SYSTEM_INDEX,True,LANDSAT/LC08/C02/T1_L2/1_LC08_138035_20220802,source-scenes-v1,2022-07-20,LANDSAT_8,LPGS_16.1.0,LPGS_16.1.0,Collection 2,dd0842324093fbe281a41e731c8e94116c22351c6ca0e9df3ab1879bc9b8b560,landsat,7fe0fc6f46f4ea48e2962450e9c4fdd14387513550d835250de53ba71d4080ee,LANDSAT/LC08/C02/T1_L2/LC08_138035_20220802,LC08_138035_20220802,1659414471128,2022-08-04,2022-07-05,2022
AOI-01,18ae788e0cf1ef68015dfee09e2ef7a0a1af4676e0b5d436994b707dfe92dec3,LANDSAT/LC08/C02/T1_L2,2022-08-18T04:27:56.989000+00:00,final-source-scenes-r2-asset-verified,30.77,OUTSIDE_NOMINAL_WINDOW,b21c8cc7f3d4d35e1db4dfa1c8245ff10ba657c0a0a001992b552808766cc49b,REMOVE_SYNTHETIC_MERGE_PREFIX;BIND_PLATFORM_COLLECTION;RESTORE_SYSTEM_INDEX,False,LANDSAT/LC08/C02/T1_L2/1_LC08_138035_20220818,source-scenes-v1,2022-07-20,LANDSAT_8,LPGS_16.1.0,LPGS_16.1.0,Collection 2,dd0842324093fbe281a41e731c8e94116c22351c6ca0e9df3ab1879bc9b8b560,landsat,7fe0fc6f46f4ea48e2962450e9c4fdd14387513550d835250de53ba71d4080ee,LANDSAT/LC08/C02/T1_L2/LC08_138035_20220818,LC08_138035_20220818,1660796876989,2022-08-04,2022-07-05,2022
AOI-01,18ae788e0cf1ef68015dfee09e2ef7a0a1af4676e0b5d436994b707dfe92dec3,LANDSAT/LC09/C02/T1_L2,2022-07-18T04:21:05.796000+00:00,final-source-scenes-r2-asset-verified,49.24,,b21c8cc7f3d4d35e1db4dfa1c8245ff10ba657c0a0a001992b552808766cc49b,REMOVE_SYNTHETIC_MERGE_PREFIX;BIND_PLATFORM_COLLECTION;RESTORE_SYSTEM_INDEX,True,LANDSAT/LC08/C02/T1_L2/2_LC09_137035_20220718,source-scenes-v1,2022-07-20,LANDSAT_9,LPGS_16.2.0,LPGS_16.2.0,Collection 2,dd0842324093fbe281a41e731c8e94116c22351c6ca0e9df3ab1879bc9b8b560,landsat,7fe0fc6f46f4ea48e2962450e9c4fdd14387513550d835250de53ba71d4080ee,LANDSAT/LC09/C02/T1_L2/LC09_137035_20220718,LC09_137035_20220718,1658118065796,2022-08-04,2022-07-05,2022
AOI-01,18ae788e0cf1ef68015dfee09e2ef7a0a1af4676e0b5d436994b707dfe92dec3,LANDSAT/LC09/C02/T1_L2,2022-08-03T04:21:19.655000+00:00,final-source-scenes-r2-asset-verified,25.52,,b21c8cc7f3d4d35e1db4dfa1c8245ff10ba657c0a0a001992b552808766cc49b,REMOVE_SYNTHETIC_MERGE_PREFIX;BIND_PLATFORM_COLLECTION;RESTORE_SYSTEM_INDEX,True,LANDSAT/LC08/C02/T1_L2/2_LC09_137035_20220803,source-scenes-v1,2022-07-20,LANDSAT_9,LPGS_16.2.0,LPGS_16.2.0,Collection 2,dd0842324093fbe281a41e731c8e94116c22351c6ca0e9df3ab1879bc9b8b560,landsat,7fe0fc6f46f4ea48e2962450e9c4fdd14387513550d835250de53ba71d4080ee,LANDSAT/LC09/C02/T1_L2/LC09_137035_20220803,LC09_137035_20220803,1659500479655,2022-08-04,2022-07-05,2022
AOI-01,18ae788e0cf1ef68015dfee09e2ef7a0a1af4676e0b5d436994b707dfe92dec3,LANDSAT/LC09/C02/T1_L2,2022-08-19T04:21:27.240000+00:00,final-source-scenes-r2-asset-verified,2.14,OUTSIDE_NOMINAL_WINDOW,b21c8cc7f3d4d35e1db4dfa1c8245ff10ba657c0a0a001992b552808766cc49b,REMOVE_SYNTHETIC_MERGE_PREFIX;BIND_PLATFORM_COLLECTION;RESTORE_SYSTEM_INDEX,False,LANDSAT/LC08/C02/T1_L2/2_LC09_137035_20220819,source-scenes-v1,2022-07-20,LANDSAT_9,LPGS_16.2.0,LPGS_16.2.0,Collection 2,dd0842324093fbe281a41e731c8e94116c22351c6ca0e9df3ab1879bc9b8b560,landsat,7fe0fc6f46f4ea48e2962450e9c4fdd14387513550d835250de53ba71d4080ee,LANDSAT/LC09/C02/T1_L2/LC09_137035_20220819,LC09_137035_20220819,1660882887240,2022-08-04,2022-07-05,2022
AOI-01,18ae788e0cf1ef68015dfee09e2ef7a0a1af4676e0b5d436994b707dfe92dec3,LANDSAT/LC09/C02/T1_L2,2022-07-09T04:26:51.353000+00:00,final-source-scenes-r2-asset-verified,56.12,,b21c8cc7f3d4d35e1db4dfa1c8245ff10ba657c0a0a001992b552808766cc49b,REMOVE_SYNTHETIC_MERGE_PREFIX;BIND_PLATFORM_COLLECTION;RESTORE_SYSTEM_INDEX,True,LANDSAT/LC08/C02/T1_L2/2_LC09_138034_20220709,source-scenes-v1,2022-07-20,LANDSAT_9,LPGS_16.2.0,LPGS_16.2.0,Collection 2,dd0842324093fbe281a41e731c8e94116c22351c6ca0e9df3ab1879bc9b8b560,landsat,7fe0fc6f46f4ea48e2962450e9c4fdd14387513550d835250de53ba71d4080ee,LANDSAT/LC09/C02/T1_L2/LC09_138034_20220709,LC09_138034_20220709,1657340811353,2022-08-04,2022-07-05,2022
AOI-01,18ae788e0cf1ef68015dfee09e2ef7a0a1af4676e0b5d436994b707dfe92dec3,LANDSAT/LC09/C02/T1_L2,2022-07-25T04:26:59.603000+00:00,final-source-scenes-r2-asset-verified,0.19,,b21c8cc7f3d4d35e1db4dfa1c8245ff10ba657c0a0a001992b552808766cc49b,REMOVE_SYNTHETIC_MERGE_PREFIX;BIND_PLATFORM_COLLECTION;RESTORE_SYSTEM_INDEX,True,LANDSAT/LC08/C02/T1_L2/2_LC09_138034_20220725,source-scenes-v1,2022-07-20,LANDSAT_9,LPGS_16.2.0,LPGS_16.2.0,Collection 2,dd0842324093fbe281a41e731c8e94116c22351c6ca0e9df3ab1879bc9b8b560,landsat,7fe0fc6f46f4ea48e2962450e9c4fdd14387513550d835250de53ba71d4080ee,LANDSAT/LC09/C02/T1_L2/LC09_138034_20220725,LC09_138034_20220725,1658723219603,2022-08-04,2022-07-05,2022
AOI-01,18ae788e0cf1ef68015dfee09e2ef7a0a1af4676e0b5d436994b707dfe92dec3,LANDSAT/LC09/C02/T1_L2,2022-08-10T04:27:10.831000+00:00,final-source-scenes-r2-asset-verified,0.52,OUTSIDE_NOMINAL_WINDOW,b21c8cc7f3d4d35e1db4dfa1c8245ff10ba657c0a0a001992b552808766cc49b,REMOVE_SYNTHETIC_MERGE_PREFIX;BIND_PLATFORM_COLLECTION;RESTORE_SYSTEM_INDEX,False,LANDSAT/LC08/C02/T1_L2/2_LC09_138034_20220810,source-scenes-v1,2022-07-20,LANDSAT_9,LPGS_16.2.0,LPGS_16.2.0,Collection 2,dd0842324093fbe281a41e731c8e94116c22351c6ca0e9df3ab1879bc9b8b560,landsat,7fe0fc6f46f4ea48e2962450e9c4fdd14387513550d835250de53ba71d4080ee,LANDSAT/LC09/C02/T1_L2/LC09_138034_20220810,LC09_138034_20220810,1660105630831,2022-08-04,2022-07-05,2022
AOI-01,18ae788e0cf1ef68015dfee09e2ef7a0a1af4676e0b5d436994b707dfe92dec3,LANDSAT/LC09/C02/T1_L2,2022-07-09T04:27:15.244000+00:00,final-source-scenes-r2-asset-verified,77.38,,b21c8cc7f3d4d35e1db4dfa1c8245ff10ba657c0a0a001992b552808766cc49b,REMOVE_SYNTHETIC_MERGE_PREFIX;BIND_PLATFORM_COLLECTION;RESTORE_SYSTEM_INDEX,True,LANDSAT/LC08/C02/T1_L2/2_LC09_138035_20220709,source-scenes-v1,2022-07-20,LANDSAT_9,LPGS_16.2.0,LPGS_16.2.0,Collection 2,dd0842324093fbe281a41e731c8e94116c22351c6ca0e9df3ab1879bc9b8b560,landsat,7fe0fc6f46f4ea48e2962450e9c4fdd14387513550d835250de53ba71d4080ee,LANDSAT/LC09/C02/T1_L2/LC09_138035_20220709,LC09_138035_20220709,1657340835244,2022-08-04,2022-07-05,2022
AOI-01,18ae788e0cf1ef68015dfee09e2ef7a0a1af4676e0b5d436994b707dfe92dec3,LANDSAT/LC09/C02/T1_L2,2022-07-25T04:27:23.498000+00:00,final-source-scenes-r2-asset-verified,0.48,,b21c8cc7f3d4d35e1db4dfa1c8245ff10ba657c0a0a001992b552808766cc49b,REMOVE_SYNTHETIC_MERGE_PREFIX;BIND_PLATFORM_COLLECTION;RESTORE_SYSTEM_INDEX,True,LANDSAT/LC08/C02/T1_L2/2_LC09_138035_20220725,source-scenes-v1,2022-07-20,LANDSAT_9,LPGS_16.2.0,LPGS_16.2.0,Collection 2,dd0842324093fbe281a41e731c8e94116c22351c6ca0e9df3ab1879bc9b8b560,landsat,7fe0fc6f46f4ea48e2962450e9c4fdd14387513550d835250de53ba71d4080ee,LANDSAT/LC09/C02/T1_L2/LC09_138035_20220725,LC09_138035_20220725,1658723243498,2022-08-04,2022-07-05,2022
AOI-01,18ae788e0cf1ef68015dfee09e2ef7a0a1af4676e0b5d436994b707dfe92dec3,LANDSAT/LC09/C02/T1_L2,2022-08-10T04:27:34.718000+00:00,final-source-scenes-r2-asset-verified,15.55,OUTSIDE_NOMINAL_WINDOW,b21c8cc7f3d4d35e1db4dfa1c8245ff10ba657c0a0a001992b552808766cc49b,REMOVE_SYNTHETIC_MERGE_PREFIX;BIND_PLATFORM_COLLECTION;RESTORE_SYSTEM_INDEX,False,LANDSAT/LC08/C02/T1_L2/2_LC09_138035_20220810,source-scenes-v1,2022-07-20,LANDSAT_9,LPGS_16.2.0,LPGS_16.2.0,Collection 2,dd0842324093fbe281a41e731c8e94116c22351c6ca0e9df3ab1879bc9b8b560,landsat,7fe0fc6f46f4ea48e2962450e9c4fdd14387513550d835250de53ba71d4080ee,LANDSAT/LC09/C02/T1_L2/LC09_138035_20220810,LC09_138035_20220810,1660105654718,2022-08-04,2022-07-05,2022
AOI-01,18ae788e0cf1ef68015dfee09e2ef7a0a1af4676e0b5d436994b707dfe92dec3,LANDSAT/LC08/C02/T1_L2,2022-07-26T04:21:35.950000+00:00,final-source-scenes-r2-asset-verified,61.23,,b21c8cc7f3d4d35e1db4dfa1c8245ff10ba657c0a0a001992b552808766cc49b,REMOVE_SYNTHETIC_MERGE_PREFIX;BIND_PLATFORM_COLLECTION;RESTORE_SYSTEM_INDEX,True,LANDSAT/LC08/C02/T1_L2/1_LC08_137035_20220726,source-scenes-v1,2022-07-31,LANDSAT_8,LPGS_16.1.0,LPGS_16.1.0,Collection 2,0771bd3439d4337b88b604ce6cb4034b98510d3aa28d7fbdbd98081b43ddc766,landsat,44fbfcdbef4f052b6b2ae0543bbd8555003b59ffb3ebc08adef16b793fa55060,LANDSAT/LC08/C02/T1_L2/LC08_137035_20220726,LC08_137035_20220726,1658809295950,2022-08-15,2022-07-16,2022
AOI-01,18ae788e0cf1ef68015dfee09e2ef7a0a1af4676e0b5d436994b707dfe92dec3,LANDSAT/LC08/C02/T1_L2,2022-08-11T04:21:44.475000+00:00,final-source-scenes-r2-asset-verified,43.97,,b21c8cc7f3d4d35e1db4dfa1c8245ff10ba657c0a0a001992b552808766cc49b,REMOVE_SYNTHETIC_MERGE_PREFIX;BIND_PLATFORM_COLLECTION;RESTORE_SYSTEM_INDEX,True,LANDSAT/LC08/C02/T1_L2/1_LC08_137035_20220811,source-scenes-v1,2022-07-31,LANDSAT_8,LPGS_16.1.0,LPGS_16.1.0,Collection 2,0771bd3439d4337b88b604ce6cb4034b98510d3aa28d7fbdbd98081b43ddc766,landsat,44fbfcdbef4f052b6b2ae0543bbd8555003b59ffb3ebc08adef16b793fa55060,LANDSAT/LC08/C02/T1_L2/LC08_137035_20220811,LC08_137035_20220811,1660191704475,2022-08-15,2022-07-16,2022
AOI-01,18ae788e0cf1ef68015dfee09e2ef7a0a1af4676e0b5d436994b707dfe92dec3,LANDSAT/LC08/C02/T1_L2,2022-08-02T04:27:27.241000+00:00,final-source-scenes-r2-asset-verified,16.4,,b21c8cc7f3d4d35e1db4dfa1c8245ff10ba657c0a0a001992b552808766cc49b,REMOVE_SYNTHETIC_MERGE_PREFIX;BIND_PLATFORM_COLLECTION;RESTORE_SYSTEM_INDEX,True,LANDSAT/LC08/C02/T1_L2/1_LC08_138034_20220802,source-scenes-v1,2022-07-31,LANDSAT_8,LPGS_16.1.0,LPGS_16.1.0,Collection 2,0771bd3439d4337b88b604ce6cb4034b98510d3aa28d7fbdbd98081b43ddc766,landsat,44fbfcdbef4f052b6b2ae0543bbd8555003b59ffb3ebc08adef16b793fa55060,LANDSAT/LC08/C02/T1_L2/LC08_138034_20220802,LC08_138034_20220802,1659414447241,2022-08-15,2022-07-16,2022
AOI-01,18ae788e0cf1ef68015dfee09e2ef7a0a1af4676e0b5d436994b707dfe92dec3,LANDSAT/LC08/C02/T1_L2,2022-08-18T04:27:33.102000+00:00,final-source-scenes-r2-asset-verified,60.46,OUTSIDE_NOMINAL_WINDOW,b21c8cc7f3d4d35e1db4dfa1c8245ff10ba657c0a0a001992b552808766cc49b,REMOVE_SYNTHETIC_MERGE_PREFIX;BIND_PLATFORM_COLLECTION;RESTORE_SYSTEM_INDEX,False,LANDSAT/LC08/C02/T1_L2/1_LC08_138034_20220818,source-scenes-v1,2022-07-31,LANDSAT_8,LPGS_16.1.0,LPGS_16.1.0,Collection 2,0771bd3439d4337b88b604ce6cb4034b98510d3aa28d7fbdbd98081b43ddc766,landsat,44fbfcdbef4f052b6b2ae0543bbd8555003b59ffb3ebc08adef16b793fa55060,LANDSAT/LC08/C02/T1_L2/LC08_138034_20220818,LC08_138034_20220818,1660796853102,2022-08-15,2022-07-16,2022
AOI-01,18ae788e0cf1ef68015dfee09e2ef7a0a1af4676e0b5d436994b707dfe92dec3,LANDSAT/LC08/C02/T1_L2,2022-08-02T04:27:51.128000+00:00,final-source-scenes-r2-asset-verified,61.11,,b21c8cc7f3d4d35e1db4dfa1c8245ff10ba657c0a0a001992b552808766cc49b,REMOVE_SYNTHETIC_MERGE_PREFIX;BIND_PLATFORM_COLLECTION;RESTORE_SYSTEM_INDEX,True,LANDSAT/LC08/C02/T1_L2/1_LC08_138035_20220802,source-scenes-v1,2022-07-31,LANDSAT_8,LPGS_16.1.0,LPGS_16.1.0,Collection 2,0771bd3439d4337b88b604ce6cb4034b98510d3aa28d7fbdbd98081b43ddc766,landsat,44fbfcdbef4f052b6b2ae0543bbd8555003b59ffb3ebc08adef16b793fa55060,LANDSAT/LC08/C02/T1_L2/LC08_138035_20220802,LC08_138035_20220802,1659414471128,2022-08-15,2022-07-16,2022
AOI-01,18ae788e0cf1ef68015dfee09e2ef7a0a1af4676e0b5d436994b707dfe92dec3,LANDSAT/LC08/C02/T1_L2,2022-08-18T04:27:56.989000+00:00,final-source-scenes-r2-asset-verified,30.77,OUTSIDE_NOMINAL_WINDOW,b21c8cc7f3d4d35e1db4dfa1c8245ff10ba657c0a0a001992b552808766cc49b,REMOVE_SYNTHETIC_MERGE_PREFIX;BIND_PLATFORM_COLLECTION;RESTORE_SYSTEM_INDEX,False,LANDSAT/LC08/C02/T1_L2/1_LC08_138035_20220818,source-scenes-v1,2022-07-31,LANDSAT_8,LPGS_16.1.0,LPGS_16.1.0,Collection 2,0771bd3439d4337b88b604ce6cb4034b98510d3aa28d7fbdbd98081b43ddc766,landsat,44fbfcdbef4f052b6b2ae0543bbd8555003b59ffb3ebc08adef16b793fa55060,LANDSAT/LC08/C02/T1_L2/LC08_138035_20220818,LC08_138035_20220818,1660796876989,2022-08-15,2022-07-16,2022
AOI-01,18ae788e0cf1ef68015dfee09e2ef7a0a1af4676e0b5d436994b707dfe92dec3,LANDSAT/LC09/C02/T1_L2,2022-07-18T04:21:05.796000+00:00,final-source-scenes-r2-asset-verified,49.24,,b21c8cc7f3d4d35e1db4dfa1c8245ff10ba657c0a0a001992b552808766cc49b,REMOVE_SYNTHETIC_MERGE_PREFIX;BIND_PLATFORM_COLLECTION;RESTORE_SYSTEM_INDEX,True,LANDSAT/LC08/C02/T1_L2/2_LC09_137035_20220718,source-scenes-v1,2022-07-31,LANDSAT_9,LPGS_16.2.0,LPGS_16.2.0,Collection 2,0771bd3439d4337b88b604ce6cb4034b98510d3aa28d7fbdbd98081b43ddc766,landsat,44fbfcdbef4f052b6b2ae0543bbd8555003b59ffb3ebc08adef16b793fa55060,LANDSAT/LC09/C02/T1_L2/LC09_137035_20220718,LC09_137035_20220718,1658118065796,2022-08-15,2022-07-16,2022
AOI-01,18ae788e0cf1ef68015dfee09e2ef7a0a1af4676e0b5d436994b707dfe92dec3,LANDSAT/LC09/C02/T1_L2,2022-08-03T04:21:19.655000+00:00,final-source-scenes-r2-asset-verified,25.52,,b21c8cc7f3d4d35e1db4dfa1c8245ff10ba657c0a0a001992b552808766cc49b,REMOVE_SYNTHETIC_MERGE_PREFIX;BIND_PLATFORM_COLLECTION;RESTORE_SYSTEM_INDEX,True,LANDSAT/LC08/C02/T1_L2/2_LC09_137035_20220803,source-scenes-v1,2022-07-31,LANDSAT_9,LPGS_16.2.0,LPGS_16.2.0,Collection 2,0771bd3439d4337b88b604ce6cb4034b98510d3aa28d7fbdbd98081b43ddc766,landsat,44fbfcdbef4f052b6b2ae0543bbd8555003b59ffb3ebc08adef16b793fa55060,LANDSAT/LC09/C02/T1_L2/LC09_137035_20220803,LC09_137035_20220803,1659500479655,2022-08-15,2022-07-16,2022
AOI-01,18ae788e0cf1ef68015dfee09e2ef7a0a1af4676e0b5d436994b707dfe92dec3,LANDSAT/LC09/C02/T1_L2,2022-08-19T04:21:27.240000+00:00,final-source-scenes-r2-asset-verified,2.14,OUTSIDE_NOMINAL_WINDOW,b21c8cc7f3d4d35e1db4dfa1c8245ff10ba657c0a0a001992b552808766cc49b,REMOVE_SYNTHETIC_MERGE_PREFIX;BIND_PLATFORM_COLLECTION;RESTORE_SYSTEM_INDEX,False,LANDSAT/LC08/C02/T1_L2/2_LC09_137035_20220819,source-scenes-v1,2022-07-31,LANDSAT_9,LPGS_16.2.0,LPGS_16.2.0,Collection 2,0771bd3439d4337b88b604ce6cb4034b98510d3aa28d7fbdbd98081b43ddc766,landsat,44fbfcdbef4f052b6b2ae0543bbd8555003b59ffb3ebc08adef16b793fa55060,LANDSAT/LC09/C02/T1_L2/LC09_137035_20220819,LC09_137035_20220819,1660882887240,2022-08-15,2022-07-16,2022
AOI-01,18ae788e0cf1ef68015dfee09e2ef7a0a1af4676e0b5d436994b707dfe92dec3,LANDSAT/LC09/C02/T1_L2,2022-07-09T04:26:51.353000+00:00,final-source-scenes-r2-asset-verified,56.12,OUTSIDE_NOMINAL_WINDOW,b21c8cc7f3d4d35e1db4dfa1c8245ff10ba657c0a0a001992b552808766cc49b,REMOVE_SYNTHETIC_MERGE_PREFIX;BIND_PLATFORM_COLLECTION;RESTORE_SYSTEM_INDEX,False,LANDSAT/LC08/C02/T1_L2/2_LC09_138034_20220709,source-scenes-v1,2022-07-31,LANDSAT_9,LPGS_16.2.0,LPGS_16.2.0,Collection 2,0771bd3439d4337b88b604ce6cb4034b98510d3aa28d7fbdbd98081b43ddc766,landsat,44fbfcdbef4f052b6b2ae0543bbd8555003b59ffb3ebc08adef16b793fa55060,LANDSAT/LC09/C02/T1_L2/LC09_138034_20220709,LC09_138034_20220709,1657340811353,2022-08-15,2022-07-16,2022
AOI-01,18ae788e0cf1ef68015dfee09e2ef7a0a1af4676e0b5d436994b707dfe92dec3,LANDSAT/LC09/C02/T1_L2,2022-07-25T04:26:59.603000+00:00,final-source-scenes-r2-asset-verified,0.19,,b21c8cc7f3d4d35e1db4dfa1c8245ff10ba657c0a0a001992b552808766cc49b,REMOVE_SYNTHETIC_MERGE_PREFIX;BIND_PLATFORM_COLLECTION;RESTORE_SYSTEM_INDEX,True,LANDSAT/LC08/C02/T1_L2/2_LC09_138034_20220725,source-scenes-v1,2022-07-31,LANDSAT_9,LPGS_16.2.0,LPGS_16.2.0,Collection 2,0771bd3439d4337b88b604ce6cb4034b98510d3aa28d7fbdbd98081b43ddc766,landsat,44fbfcdbef4f052b6b2ae0543bbd8555003b59ffb3ebc08adef16b793fa55060,LANDSAT/LC09/C02/T1_L2/LC09_138034_20220725,LC09_138034_20220725,1658723219603,2022-08-15,2022-07-16,2022
AOI-01,18ae788e0cf1ef68015dfee09e2ef7a0a1af4676e0b5d436994b707dfe92dec3,LANDSAT/LC09/C02/T1_L2,2022-08-10T04:27:10.831000+00:00,final-source-scenes-r2-asset-verified,0.52,,b21c8cc7f3d4d35e1db4dfa1c8245ff10ba657c0a0a001992b552808766cc49b,REMOVE_SYNTHETIC_MERGE_PREFIX;BIND_PLATFORM_COLLECTION;RESTORE_SYSTEM_INDEX,True,LANDSAT/LC08/C02/T1_L2/2_LC09_138034_20220810,source-scenes-v1,2022-07-31,LANDSAT_9,LPGS_16.2.0,LPGS_16.2.0,Collection 2,0771bd3439d4337b88b604ce6cb4034b98510d3aa28d7fbdbd98081b43ddc766,landsat,44fbfcdbef4f052b6b2ae0543bbd8555003b59ffb3ebc08adef16b793fa55060,LANDSAT/LC09/C02/T1_L2/LC09_138034_20220810,LC09_138034_20220810,1660105630831,2022-08-15,2022-07-16,2022
AOI-01,18ae788e0cf1ef68015dfee09e2ef7a0a1af4676e0b5d436994b707dfe92dec3,LANDSAT/LC09/C02/T1_L2,2022-07-09T04:27:15.244000+00:00,final-source-scenes-r2-asset-verified,77.38,OUTSIDE_NOMINAL_WINDOW,b21c8cc7f3d4d35e1db4dfa1c8245ff10ba657c0a0a001992b552808766cc49b,REMOVE_SYNTHETIC_MERGE_PREFIX;BIND_PLATFORM_COLLECTION;RESTORE_SYSTEM_INDEX,False,LANDSAT/LC08/C02/T1_L2/2_LC09_138035_20220709,source-scenes-v1,2022-07-31,LANDSAT_9,LPGS_16.2.0,LPGS_16.2.0,Collection 2,0771bd3439d4337b88b604ce6cb4034b98510d3aa28d7fbdbd98081b43ddc766,landsat,44fbfcdbef4f052b6b2ae0543bbd8555003b59ffb3ebc08adef16b793fa55060,LANDSAT/LC09/C02/T1_L2/LC09_138035_20220709,LC09_138035_20220709,1657340835244,2022-08-15,2022-07-16,2022
AOI-01,18ae788e0cf1ef68015dfee09e2ef7a0a1af4676e0b5d436994b707dfe92dec3,LANDSAT/LC09/C02/T1_L2,2022-07-25T04:27:23.498000+00:00,final-source-scenes-r2-asset-verified,0.48,,b21c8cc7f3d4d35e1db4dfa1c8245ff10ba657c0a0a001992b552808766cc49b,REMOVE_SYNTHETIC_MERGE_PREFIX;BIND_PLATFORM_COLLECTION;RESTORE_SYSTEM_INDEX,True,LANDSAT/LC08/C02/T1_L2/2_LC09_138035_20220725,source-scenes-v1,2022-07-31,LANDSAT_9,LPGS_16.2.0,LPGS_16.2.0,Collection 2,0771bd3439d4337b88b604ce6cb4034b98510d3aa28d7fbdbd98081b43ddc766,landsat,44fbfcdbef4f052b6b2ae0543bbd8555003b59ffb3ebc08adef16b793fa55060,LANDSAT/LC09/C02/T1_L2/LC09_138035_20220725,LC09_138035_20220725,1658723243498,2022-08-15,2022-07-16,2022
AOI-01,18ae788e0cf1ef68015dfee09e2ef7a0a1af4676e0b5d436994b707dfe92dec3,LANDSAT/LC09/C02/T1_L2,2022-08-10T04:27:34.718000+00:00,final-source-scenes-r2-asset-verified,15.55,,b21c8cc7f3d4d35e1db4dfa1c8245ff10ba657c0a0a001992b552808766cc49b,REMOVE_SYNTHETIC_MERGE_PREFIX;BIND_PLATFORM_COLLECTION;RESTORE_SYSTEM_INDEX,True,LANDSAT/LC08/C02/T1_L2/2_LC09_138035_20220810,source-scenes-v1,2022-07-31,LANDSAT_9,LPGS_16.2.0,LPGS_16.2.0,Collection 2,0771bd3439d4337b88b604ce6cb4034b98510d3aa28d7fbdbd98081b43ddc766,landsat,44fbfcdbef4f052b6b2ae0543bbd8555003b59ffb3ebc08adef16b793fa55060,LANDSAT/LC09/C02/T1_L2/LC09_138035_20220810,LC09_138035_20220810,1660105654718,2022-08-15,2022-07-16,2022
AOI-01,18ae788e0cf1ef68015dfee09e2ef7a0a1af4676e0b5d436994b707dfe92dec3,LANDSAT/LC08/C02/T1_L2,2022-07-26T04:21:35.950000+00:00,final-source-scenes-r2-asset-verified,61.23,,b21c8cc7f3d4d35e1db4dfa1c8245ff10ba657c0a0a001992b552808766cc49b,REMOVE_SYNTHETIC_MERGE_PREFIX;BIND_PLATFORM_COLLECTION;RESTORE_SYSTEM_INDEX,True,LANDSAT/LC08/C02/T1_L2/1_LC08_137035_20220726,source-scenes-v1,2022-08-10,LANDSAT_8,LPGS_16.1.0,LPGS_16.1.0,Collection 2,8bdcff098a75a24ac5aa01198fedc2a27208bd547f4b3876ae2a695b6ae501a8,landsat,447c7d6415e5a5e4b8ad717291fd3feef7a4d28bd8e06ca3f11d048547f8de5b,LANDSAT/LC08/C02/T1_L2/LC08_137035_20220726,LC08_137035_20220726,1658809295950,2022-08-25,2022-07-26,2022
AOI-01,18ae788e0cf1ef68015dfee09e2ef7a0a1af4676e0b5d436994b707dfe92dec3,LANDSAT/LC08/C02/T1_L2,2022-08-11T04:21:44.475000+00:00,final-source-scenes-r2-asset-verified,43.97,,b21c8cc7f3d4d35e1db4dfa1c8245ff10ba657c0a0a001992b552808766cc49b,REMOVE_SYNTHETIC_MERGE_PREFIX;BIND_PLATFORM_COLLECTION;RESTORE_SYSTEM_INDEX,True,LANDSAT/LC08/C02/T1_L2/1_LC08_137035_20220811,source-scenes-v1,2022-08-10,LANDSAT_8,LPGS_16.1.0,LPGS_16.1.0,Collection 2,8bdcff098a75a24ac5aa01198fedc2a27208bd547f4b3876ae2a695b6ae501a8,landsat,447c7d6415e5a5e4b8ad717291fd3feef7a4d28bd8e06ca3f11d048547f8de5b,LANDSAT/LC08/C02/T1_L2/LC08_137035_20220811,LC08_137035_20220811,1660191704475,2022-08-25,2022-07-26,2022
AOI-01,18ae788e0cf1ef68015dfee09e2ef7a0a1af4676e0b5d436994b707dfe92dec3,LANDSAT/LC08/C02/T1_L2,2022-08-02T04:27:27.241000+00:00,final-source-scenes-r2-asset-verified,16.4,,b21c8cc7f3d4d35e1db4dfa1c8245ff10ba657c0a0a001992b552808766cc49b,REMOVE_SYNTHETIC_MERGE_PREFIX;BIND_PLATFORM_COLLECTION;RESTORE_SYSTEM_INDEX,True,LANDSAT/LC08/C02/T1_L2/1_LC08_138034_20220802,source-scenes-v1,2022-08-10,LANDSAT_8,LPGS_16.1.0,LPGS_16.1.0,Collection 2,8bdcff098a75a24ac5aa01198fedc2a27208bd547f4b3876ae2a695b6ae501a8,landsat,447c7d6415e5a5e4b8ad717291fd3feef7a4d28bd8e06ca3f11d048547f8de5b,LANDSAT/LC08/C02/T1_L2/LC08_138034_20220802,LC08_138034_20220802,1659414447241,2022-08-25,2022-07-26,2022
AOI-01,18ae788e0cf1ef68015dfee09e2ef7a0a1af4676e0b5d436994b707dfe92dec3,LANDSAT/LC08/C02/T1_L2,2022-08-18T04:27:33.102000+00:00,final-source-scenes-r2-asset-verified,60.46,,b21c8cc7f3d4d35e1db4dfa1c8245ff10ba657c0a0a001992b552808766cc49b,REMOVE_SYNTHETIC_MERGE_PREFIX;BIND_PLATFORM_COLLECTION;RESTORE_SYSTEM_INDEX,True,LANDSAT/LC08/C02/T1_L2/1_LC08_138034_20220818,source-scenes-v1,2022-08-10,LANDSAT_8,LPGS_16.1.0,LPGS_16.1.0,Collection 2,8bdcff098a75a24ac5aa01198fedc2a27208bd547f4b3876ae2a695b6ae501a8,landsat,447c7d6415e5a5e4b8ad717291fd3feef7a4d28bd8e06ca3f11d048547f8de5b,LANDSAT/LC08/C02/T1_L2/LC08_138034_20220818,LC08_138034_20220818,1660796853102,2022-08-25,2022-07-26,2022
AOI-01,18ae788e0cf1ef68015dfee09e2ef7a0a1af4676e0b5d436994b707dfe92dec3,LANDSAT/LC08/C02/T1_L2,2022-08-02T04:27:51.128000+00:00,final-source-scenes-r2-asset-verified,61.11,,b21c8cc7f3d4d35e1db4dfa1c8245ff10ba657c0a0a001992b552808766cc49b,REMOVE_SYNTHETIC_MERGE_PREFIX;BIND_PLATFORM_COLLECTION;RESTORE_SYSTEM_INDEX,True,LANDSAT/LC08/C02/T1_L2/1_LC08_138035_20220802,source-scenes-v1,2022-08-10,LANDSAT_8,LPGS_16.1.0,LPGS_16.1.0,Collection 2,8bdcff098a75a24ac5aa01198fedc2a27208bd547f4b3876ae2a695b6ae501a8,landsat,447c7d6415e5a5e4b8ad717291fd3feef7a4d28bd8e06ca3f11d048547f8de5b,LANDSAT/LC08/C02/T1_L2/LC08_138035_20220802,LC08_138035_20220802,1659414471128,2022-08-25,2022-07-26,2022
AOI-01,18ae788e0cf1ef68015dfee09e2ef7a0a1af4676e0b5d436994b707dfe92dec3,LANDSAT/LC08/C02/T1_L2,2022-08-18T04:27:56.989000+00:00,final-source-scenes-r2-asset-verified,30.77,,b21c8cc7f3d4d35e1db4dfa1c8245ff10ba657c0a0a001992b552808766cc49b,REMOVE_SYNTHETIC_MERGE_PREFIX;BIND_PLATFORM_COLLECTION;RESTORE_SYSTEM_INDEX,True,LANDSAT/LC08/C02/T1_L2/1_LC08_138035_20220818,source-scenes-v1,2022-08-10,LANDSAT_8,LPGS_16.1.0,LPGS_16.1.0,Collection 2,8bdcff098a75a24ac5aa01198fedc2a27208bd547f4b3876ae2a695b6ae501a8,landsat,447c7d6415e5a5e4b8ad717291fd3feef7a4d28bd8e06ca3f11d048547f8de5b,LANDSAT/LC08/C02/T1_L2/LC08_138035_20220818,LC08_138035_20220818,1660796876989,2022-08-25,2022-07-26,2022
AOI-01,18ae788e0cf1ef68015dfee09e2ef7a0a1af4676e0b5d436994b707dfe92dec3,LANDSAT/LC09/C02/T1_L2,2022-07-18T04:21:05.796000+00:00,final-source-scenes-r2-asset-verified,49.24,OUTSIDE_NOMINAL_WINDOW,b21c8cc7f3d4d35e1db4dfa1c8245ff10ba657c0a0a001992b552808766cc49b,REMOVE_SYNTHETIC_MERGE_PREFIX;BIND_PLATFORM_COLLECTION;RESTORE_SYSTEM_INDEX,False,LANDSAT/LC08/C02/T1_L2/2_LC09_137035_20220718,source-scenes-v1,2022-08-10,LANDSAT_9,LPGS_16.2.0,LPGS_16.2.0,Collection 2,8bdcff098a75a24ac5aa01198fedc2a27208bd547f4b3876ae2a695b6ae501a8,landsat,447c7d6415e5a5e4b8ad717291fd3feef7a4d28bd8e06ca3f11d048547f8de5b,LANDSAT/LC09/C02/T1_L2/LC09_137035_20220718,LC09_137035_20220718,1658118065796,2022-08-25,2022-07-26,2022
AOI-01,18ae788e0cf1ef68015dfee09e2ef7a0a1af4676e0b5d436994b707dfe92dec3,LANDSAT/LC09/C02/T1_L2,2022-08-03T04:21:19.655000+00:00,final-source-scenes-r2-asset-verified,25.52,,b21c8cc7f3d4d35e1db4dfa1c8245ff10ba657c0a0a001992b552808766cc49b,REMOVE_SYNTHETIC_MERGE_PREFIX;BIND_PLATFORM_COLLECTION;RESTORE_SYSTEM_INDEX,True,LANDSAT/LC08/C02/T1_L2/2_LC09_137035_20220803,source-scenes-v1,2022-08-10,LANDSAT_9,LPGS_16.2.0,LPGS_16.2.0,Collection 2,8bdcff098a75a24ac5aa01198fedc2a27208bd547f4b3876ae2a695b6ae501a8,landsat,447c7d6415e5a5e4b8ad717291fd3feef7a4d28bd8e06ca3f11d048547f8de5b,LANDSAT/LC09/C02/T1_L2/LC09_137035_20220803,LC09_137035_20220803,1659500479655,2022-08-25,2022-07-26,2022
AOI-01,18ae788e0cf1ef68015dfee09e2ef7a0a1af4676e0b5d436994b707dfe92dec3,LANDSAT/LC09/C02/T1_L2,2022-08-19T04:21:27.240000+00:00,final-source-scenes-r2-asset-verified,2.14,,b21c8cc7f3d4d35e1db4dfa1c8245ff10ba657c0a0a001992b552808766cc49b,REMOVE_SYNTHETIC_MERGE_PREFIX;BIND_PLATFORM_COLLECTION;RESTORE_SYSTEM_INDEX,True,LANDSAT/LC08/C02/T1_L2/2_LC09_137035_20220819,source-scenes-v1,2022-08-10,LANDSAT_9,LPGS_16.2.0,LPGS_16.2.0,Collection 2,8bdcff098a75a24ac5aa01198fedc2a27208bd547f4b3876ae2a695b6ae501a8,landsat,447c7d6415e5a5e4b8ad717291fd3feef7a4d28bd8e06ca3f11d048547f8de5b,LANDSAT/LC09/C02/T1_L2/LC09_137035_20220819,LC09_137035_20220819,1660882887240,2022-08-25,2022-07-26,2022
AOI-01,18ae788e0cf1ef68015dfee09e2ef7a0a1af4676e0b5d436994b707dfe92dec3,LANDSAT/LC09/C02/T1_L2,2022-07-09T04:26:51.353000+00:00,final-source-scenes-r2-asset-verified,56.12,OUTSIDE_NOMINAL_WINDOW,b21c8cc7f3d4d35e1db4dfa1c8245ff10ba657c0a0a001992b552808766cc49b,REMOVE_SYNTHETIC_MERGE_PREFIX;BIND_PLATFORM_COLLECTION;RESTORE_SYSTEM_INDEX,False,LANDSAT/LC08/C02/T1_L2/2_LC09_138034_20220709,source-scenes-v1,2022-08-10,LANDSAT_9,LPGS_16.2.0,LPGS_16.2.0,Collection 2,8bdcff098a75a24ac5aa01198fedc2a27208bd547f4b3876ae2a695b6ae501a8,landsat,447c7d6415e5a5e4b8ad717291fd3feef7a4d28bd8e06ca3f11d048547f8de5b,LANDSAT/LC09/C02/T1_L2/LC09_138034_20220709,LC09_138034_20220709,1657340811353,2022-08-25,2022-07-26,2022
AOI-01,18ae788e0cf1ef68015dfee09e2ef7a0a1af4676e0b5d436994b707dfe92dec3,LANDSAT/LC09/C02/T1_L2,2022-07-25T04:26:59.603000+00:00,final-source-scenes-r2-asset-verified,0.19,OUTSIDE_NOMINAL_WINDOW,b21c8cc7f3d4d35e1db4dfa1c8245ff10ba657c0a0a001992b552808766cc49b,REMOVE_SYNTHETIC_MERGE_PREFIX;BIND_PLATFORM_COLLECTION;RESTORE_SYSTEM_INDEX,False,LANDSAT/LC08/C02/T1_L2/2_LC09_138034_20220725,source-scenes-v1,2022-08-10,LANDSAT_9,LPGS_16.2.0,LPGS_16.2.0,Collection 2,8bdcff098a75a24ac5aa01198fedc2a27208bd547f4b3876ae2a695b6ae501a8,landsat,447c7d6415e5a5e4b8ad717291fd3feef7a4d28bd8e06ca3f11d048547f8de5b,LANDSAT/LC09/C02/T1_L2/LC09_138034_20220725,LC09_138034_20220725,1658723219603,2022-08-25,2022-07-26,2022
AOI-01,18ae788e0cf1ef68015dfee09e2ef7a0a1af4676e0b5d436994b707dfe92dec3,LANDSAT/LC09/C02/T1_L2,2022-08-10T04:27:10.831000+00:00,final-source-scenes-r2-asset-verified,0.52,,b21c8cc7f3d4d35e1db4dfa1c8245ff10ba657c0a0a001992b552808766cc49b,REMOVE_SYNTHETIC_MERGE_PREFIX;BIND_PLATFORM_COLLECTION;RESTORE_SYSTEM_INDEX,True,LANDSAT/LC08/C02/T1_L2/2_LC09_138034_20220810,source-scenes-v1,2022-08-10,LANDSAT_9,LPGS_16.2.0,LPGS_16.2.0,Collection 2,8bdcff098a75a24ac5aa01198fedc2a27208bd547f4b3876ae2a695b6ae501a8,landsat,447c7d6415e5a5e4b8ad717291fd3feef7a4d28bd8e06ca3f11d048547f8de5b,LANDSAT/LC09/C02/T1_L2/LC09_138034_20220810,LC09_138034_20220810,1660105630831,2022-08-25,2022-07-26,2022
AOI-01,18ae788e0cf1ef68015dfee09e2ef7a0a1af4676e0b5d436994b707dfe92dec3,LANDSAT/LC09/C02/T1_L2,2022-07-09T04:27:15.244000+00:00,final-source-scenes-r2-asset-verified,77.38,OUTSIDE_NOMINAL_WINDOW,b21c8cc7f3d4d35e1db4dfa1c8245ff10ba657c0a0a001992b552808766cc49b,REMOVE_SYNTHETIC_MERGE_PREFIX;BIND_PLATFORM_COLLECTION;RESTORE_SYSTEM_INDEX,False,LANDSAT/LC08/C02/T1_L2/2_LC09_138035_20220709,source-scenes-v1,2022-08-10,LANDSAT_9,LPGS_16.2.0,LPGS_16.2.0,Collection 2,8bdcff098a75a24ac5aa01198fedc2a27208bd547f4b3876ae2a695b6ae501a8,landsat,447c7d6415e5a5e4b8ad717291fd3feef7a4d28bd8e06ca3f11d048547f8de5b,LANDSAT/LC09/C02/T1_L2/LC09_138035_20220709,LC09_138035_20220709,1657340835244,2022-08-25,2022-07-26,2022
AOI-01,18ae788e0cf1ef68015dfee09e2ef7a0a1af4676e0b5d436994b707dfe92dec3,LANDSAT/LC09/C02/T1_L2,2022-07-25T04:27:23.498000+00:00,final-source-scenes-r2-asset-verified,0.48,OUTSIDE_NOMINAL_WINDOW,b21c8cc7f3d4d35e1db4dfa1c8245ff10ba657c0a0a001992b552808766cc49b,REMOVE_SYNTHETIC_MERGE_PREFIX;BIND_PLATFORM_COLLECTION;RESTORE_SYSTEM_INDEX,False,LANDSAT/LC08/C02/T1_L2/2_LC09_138035_20220725,source-scenes-v1,2022-08-10,LANDSAT_9,LPGS_16.2.0,LPGS_16.2.0,Collection 2,8bdcff098a75a24ac5aa01198fedc2a27208bd547f4b3876ae2a695b6ae501a8,landsat,447c7d6415e5a5e4b8ad717291fd3feef7a4d28bd8e06ca3f11d048547f8de5b,LANDSAT/LC09/C02/T1_L2/LC09_138035_20220725,LC09_138035_20220725,1658723243498,2022-08-25,2022-07-26,2022
AOI-01,18ae788e0cf1ef68015dfee09e2ef7a0a1af4676e0b5d436994b707dfe92dec3,LANDSAT/LC09/C02/T1_L2,2022-08-10T04:27:34.718000+00:00,final-source-scenes-r2-asset-verified,15.55,,b21c8cc7f3d4d35e1db4dfa1c8245ff10ba657c0a0a001992b552808766cc49b,REMOVE_SYNTHETIC_MERGE_PREFIX;BIND_PLATFORM_COLLECTION;RESTORE_SYSTEM_INDEX,True,LANDSAT/LC08/C02/T1_L2/2_LC09_138035_20220810,source-scenes-v1,2022-08-10,LANDSAT_9,LPGS_16.2.0,LPGS_16.2.0,Collection 2,8bdcff098a75a24ac5aa01198fedc2a27208bd547f4b3876ae2a695b6ae501a8,landsat,447c7d6415e5a5e4b8ad717291fd3feef7a4d28bd8e06ca3f11d048547f8de5b,LANDSAT/LC09/C02/T1_L2/LC09_138035_20220810,LC09_138035_20220810,1660105654718,2022-08-25,2022-07-26,2022
AOI-01,18ae788e0cf1ef68015dfee09e2ef7a0a1af4676e0b5d436994b707dfe92dec3,LANDSAT/LC08/C02/T1_L2,2023-07-13T04:20:56.441000+00:00,final-source-scenes-r2-asset-verified,42.21,,b21c8cc7f3d4d35e1db4dfa1c8245ff10ba657c0a0a001992b552808766cc49b,REMOVE_SYNTHETIC_MERGE_PREFIX;BIND_PLATFORM_COLLECTION;RESTORE_SYSTEM_INDEX,True,LANDSAT/LC08/C02/T1_L2/1_LC08_137035_20230713,source-scenes-v1,2023-07-20,LANDSAT_8,LPGS_16.3.0,LPGS_16.3.0,Collection 2,eb0aecb6d040c9d5f46646c91941ab9cfcd4de1a250ef61065cba983564b7018,landsat,0a5f2f0a1b359d949071f0aa0d71c7870ca3c9481724760e04170974f13d64d3,LANDSAT/LC08/C02/T1_L2/LC08_137035_20230713,LC08_137035_20230713,1689222056441,2023-08-04,2023-07-05,2023
AOI-01,18ae788e0cf1ef68015dfee09e2ef7a0a1af4676e0b5d436994b707dfe92dec3,LANDSAT/LC08/C02/T1_L2,2023-07-29T04:21:03.234000+00:00,final-source-scenes-r2-asset-verified,16.21,,b21c8cc7f3d4d35e1db4dfa1c8245ff10ba657c0a0a001992b552808766cc49b,REMOVE_SYNTHETIC_MERGE_PREFIX;BIND_PLATFORM_COLLECTION;RESTORE_SYSTEM_INDEX,True,LANDSAT/LC08/C02/T1_L2/1_LC08_137035_20230729,source-scenes-v1,2023-07-20,LANDSAT_8,LPGS_16.3.0,LPGS_16.3.0,Collection 2,eb0aecb6d040c9d5f46646c91941ab9cfcd4de1a250ef61065cba983564b7018,landsat,0a5f2f0a1b359d949071f0aa0d71c7870ca3c9481724760e04170974f13d64d3,LANDSAT/LC08/C02/T1_L2/LC08_137035_20230729,LC08_137035_20230729,1690604463234,2023-08-04,2023-07-05,2023
AOI-01,18ae788e0cf1ef68015dfee09e2ef7a0a1af4676e0b5d436994b707dfe92dec3,LANDSAT/LC08/C02/T1_L2,2023-08-14T04:21:08.366000+00:00,final-source-scenes-r2-asset-verified,67.17,OUTSIDE_NOMINAL_WINDOW,b21c8cc7f3d4d35e1db4dfa1c8245ff10ba657c0a0a001992b552808766cc49b,REMOVE_SYNTHETIC_MERGE_PREFIX;BIND_PLATFORM_COLLECTION;RESTORE_SYSTEM_INDEX,False,LANDSAT/LC08/C02/T1_L2/1_LC08_137035_20230814,source-scenes-v1,2023-07-20,LANDSAT_8,LPGS_16.3.0,LPGS_16.3.0,Collection 2,eb0aecb6d040c9d5f46646c91941ab9cfcd4de1a250ef61065cba983564b7018,landsat,0a5f2f0a1b359d949071f0aa0d71c7870ca3c9481724760e04170974f13d64d3,LANDSAT/LC08/C02/T1_L2/LC08_137035_20230814,LC08_137035_20230814,1691986868366,2023-08-04,2023-07-05,2023
AOI-01,18ae788e0cf1ef68015dfee09e2ef7a0a1af4676e0b5d436994b707dfe92dec3,LANDSAT/LC08/C02/T1_L2,2023-07-20T04:26:42.857000+00:00,final-source-scenes-r2-asset-verified,0.41,,b21c8cc7f3d4d35e1db4dfa1c8245ff10ba657c0a0a001992b552808766cc49b,REMOVE_SYNTHETIC_MERGE_PREFIX;BIND_PLATFORM_COLLECTION;RESTORE_SYSTEM_INDEX,True,LANDSAT/LC08/C02/T1_L2/1_LC08_138034_20230720,source-scenes-v1,2023-07-20,LANDSAT_8,LPGS_16.3.0,LPGS_16.3.0,Collection 2,eb0aecb6d040c9d5f46646c91941ab9cfcd4de1a250ef61065cba983564b7018,landsat,0a5f2f0a1b359d949071f0aa0d71c7870ca3c9481724760e04170974f13d64d3,LANDSAT/LC08/C02/T1_L2/LC08_138034_20230720,LC08_138034_20230720,1689827202857,2023-08-04,2023-07-05,2023
AOI-01,18ae788e0cf1ef68015dfee09e2ef7a0a1af4676e0b5d436994b707dfe92dec3,LANDSAT/LC08/C02/T1_L2,2023-08-05T04:26:52.691000+00:00,final-source-scenes-r2-asset-verified,78.18,OUTSIDE_NOMINAL_WINDOW,b21c8cc7f3d4d35e1db4dfa1c8245ff10ba657c0a0a001992b552808766cc49b,REMOVE_SYNTHETIC_MERGE_PREFIX;BIND_PLATFORM_COLLECTION;RESTORE_SYSTEM_INDEX,False,LANDSAT/LC08/C02/T1_L2/1_LC08_138034_20230805,source-scenes-v1,2023-07-20,LANDSAT_8,LPGS_16.3.0,LPGS_16.3.0,Collection 2,eb0aecb6d040c9d5f46646c91941ab9cfcd4de1a250ef61065cba983564b7018,landsat,0a5f2f0a1b359d949071f0aa0d71c7870ca3c9481724760e04170974f13d64d3,LANDSAT/LC08/C02/T1_L2/LC08_138034_20230805,LC08_138034_20230805,1691209612691,2023-08-04,2023-07-05,2023
AOI-01,18ae788e0cf1ef68015dfee09e2ef7a0a1af4676e0b5d436994b707dfe92dec3,LANDSAT/LC08/C02/T1_L2,2023-08-21T04:26:59.823000+00:00,final-source-scenes-r2-asset-verified,4.74,OUTSIDE_NOMINAL_WINDOW,b21c8cc7f3d4d35e1db4dfa1c8245ff10ba657c0a0a001992b552808766cc49b,REMOVE_SYNTHETIC_MERGE_PREFIX;BIND_PLATFORM_COLLECTION;RESTORE_SYSTEM_INDEX,False,LANDSAT/LC08/C02/T1_L2/1_LC08_138034_20230821,source-scenes-v1,2023-07-20,LANDSAT_8,LPGS_16.3.0,LPGS_16.3.0,Collection 2,eb0aecb6d040c9d5f46646c91941ab9cfcd4de1a250ef61065cba983564b7018,landsat,0a5f2f0a1b359d949071f0aa0d71c7870ca3c9481724760e04170974f13d64d3,LANDSAT/LC08/C02/T1_L2/LC08_138034_20230821,LC08_138034_20230821,1692592019823,2023-08-04,2023-07-05,2023
AOI-01,18ae788e0cf1ef68015dfee09e2ef7a0a1af4676e0b5d436994b707dfe92dec3,LANDSAT/LC08/C02/T1_L2,2023-07-20T04:27:06.744000+00:00,final-source-scenes-r2-asset-verified,5.75,,b21c8cc7f3d4d35e1db4dfa1c8245ff10ba657c0a0a001992b552808766cc49b,REMOVE_SYNTHETIC_MERGE_PREFIX;BIND_PLATFORM_COLLECTION;RESTORE_SYSTEM_INDEX,True,LANDSAT/LC08/C02/T1_L2/1_LC08_138035_20230720,source-scenes-v1,2023-07-20,LANDSAT_8,LPGS_16.3.0,LPGS_16.3.0,Collection 2,eb0aecb6d040c9d5f46646c91941ab9cfcd4de1a250ef61065cba983564b7018,landsat,0a5f2f0a1b359d949071f0aa0d71c7870ca3c9481724760e04170974f13d64d3,LANDSAT/LC08/C02/T1_L2/LC08_138035_20230720,LC08_138035_20230720,1689827226744,2023-08-04,2023-07-05,2023
AOI-01,18ae788e0cf1ef68015dfee09e2ef7a0a1af4676e0b5d436994b707dfe92dec3,LANDSAT/LC08/C02/T1_L2,2023-08-21T04:27:23.714000+00:00,final-source-scenes-r2-asset-verified,10.16,OUTSIDE_NOMINAL_WINDOW,b21c8cc7f3d4d35e1db4dfa1c8245ff10ba657c0a0a001992b552808766cc49b,REMOVE_SYNTHETIC_MERGE_PREFIX;BIND_PLATFORM_COLLECTION;RESTORE_SYSTEM_INDEX,False,LANDSAT/LC08/C02/T1_L2/1_LC08_138035_20230821,source-scenes-v1,2023-07-20,LANDSAT_8,LPGS_16.3.0,LPGS_16.3.0,Collection 2,eb0aecb6d040c9d5f46646c91941ab9cfcd4de1a250ef61065cba983564b7018,landsat,0a5f2f0a1b359d949071f0aa0d71c7870ca3c9481724760e04170974f13d64d3,LANDSAT/LC08/C02/T1_L2/LC08_138035_20230821,LC08_138035_20230821,1692592043714,2023-08-04,2023-07-05,2023
AOI-01,18ae788e0cf1ef68015dfee09e2ef7a0a1af4676e0b5d436994b707dfe92dec3,LANDSAT/LC09/C02/T1_L2,2023-07-05T04:20:45.959000+00:00,final-source-scenes-r2-asset-verified,60.49,,b21c8cc7f3d4d35e1db4dfa1c8245ff10ba657c0a0a001992b552808766cc49b,REMOVE_SYNTHETIC_MERGE_PREFIX;BIND_PLATFORM_COLLECTION;RESTORE_SYSTEM_INDEX,True,LANDSAT/LC08/C02/T1_L2/2_LC09_137035_20230705,source-scenes-v1,2023-07-20,LANDSAT_9,LPGS_16.3.0,LPGS_16.3.0,Collection 2,eb0aecb6d040c9d5f46646c91941ab9cfcd4de1a250ef61065cba983564b7018,landsat,0a5f2f0a1b359d949071f0aa0d71c7870ca3c9481724760e04170974f13d64d3,LANDSAT/LC09/C02/T1_L2/LC09_137035_20230705,LC09_137035_20230705,1688530845959,2023-08-04,2023-07-05,2023
AOI-01,18ae788e0cf1ef68015dfee09e2ef7a0a1af4676e0b5d436994b707dfe92dec3,LANDSAT/LC09/C02/T1_L2,2023-07-21T04:20:50.125000+00:00,final-source-scenes-r2-asset-verified,0.96,,b21c8cc7f3d4d35e1db4dfa1c8245ff10ba657c0a0a001992b552808766cc49b,REMOVE_SYNTHETIC_MERGE_PREFIX;BIND_PLATFORM_COLLECTION;RESTORE_SYSTEM_INDEX,True,LANDSAT/LC08/C02/T1_L2/2_LC09_137035_20230721,source-scenes-v1,2023-07-20,LANDSAT_9,LPGS_16.3.0,LPGS_16.3.0,Collection 2,eb0aecb6d040c9d5f46646c91941ab9cfcd4de1a250ef61065cba983564b7018,landsat,0a5f2f0a1b359d949071f0aa0d71c7870ca3c9481724760e04170974f13d64d3,LANDSAT/LC09/C02/T1_L2/LC09_137035_20230721,LC09_137035_20230721,1689913250125,2023-08-04,2023-07-05,2023
AOI-01,18ae788e0cf1ef68015dfee09e2ef7a0a1af4676e0b5d436994b707dfe92dec3,LANDSAT/LC09/C02/T1_L2,2023-08-06T04:20:59.434000+00:00,final-source-scenes-r2-asset-verified,14.69,OUTSIDE_NOMINAL_WINDOW,b21c8cc7f3d4d35e1db4dfa1c8245ff10ba657c0a0a001992b552808766cc49b,REMOVE_SYNTHETIC_MERGE_PREFIX;BIND_PLATFORM_COLLECTION;RESTORE_SYSTEM_INDEX,False,LANDSAT/LC08/C02/T1_L2/2_LC09_137035_20230806,source-scenes-v1,2023-07-20,LANDSAT_9,LPGS_16.3.0,LPGS_16.3.0,Collection 2,eb0aecb6d040c9d5f46646c91941ab9cfcd4de1a250ef61065cba983564b7018,landsat,0a5f2f0a1b359d949071f0aa0d71c7870ca3c9481724760e04170974f13d64d3,LANDSAT/LC09/C02/T1_L2/LC09_137035_20230806,LC09_137035_20230806,1691295659434,2023-08-04,2023-07-05,2023
AOI-01,18ae788e0cf1ef68015dfee09e2ef7a0a1af4676e0b5d436994b707dfe92dec3,LANDSAT/LC09/C02/T1_L2,2023-08-22T04:21:04.535000+00:00,final-source-scenes-r2-asset-verified,7.79,OUTSIDE_NOMINAL_WINDOW,b21c8cc7f3d4d35e1db4dfa1c8245ff10ba657c0a0a001992b552808766cc49b,REMOVE_SYNTHETIC_MERGE_PREFIX;BIND_PLATFORM_COLLECTION;RESTORE_SYSTEM_INDEX,False,LANDSAT/LC08/C02/T1_L2/2_LC09_137035_20230822,source-scenes-v1,2023-07-20,LANDSAT_9,LPGS_16.3.0,LPGS_16.3.0,Collection 2,eb0aecb6d040c9d5f46646c91941ab9cfcd4de1a250ef61065cba983564b7018,landsat,0a5f2f0a1b359d949071f0aa0d71c7870ca3c9481724760e04170974f13d64d3,LANDSAT/LC09/C02/T1_L2/LC09_137035_20230822,LC09_137035_20230822,1692678064535,2023-08-04,2023-07-05,2023
AOI-01,18ae788e0cf1ef68015dfee09e2ef7a0a1af4676e0b5d436994b707dfe92dec3,LANDSAT/LC09/C02/T1_L2,2023-07-28T04:26:39.484000+00:00,final-source-scenes-r2-asset-verified,22.62,,b21c8cc7f3d4d35e1db4dfa1c8245ff10ba657c0a0a001992b552808766cc49b,REMOVE_SYNTHETIC_MERGE_PREFIX;BIND_PLATFORM_COLLECTION;RESTORE_SYSTEM_INDEX,True,LANDSAT/LC08/C02/T1_L2/2_LC09_138034_20230728,source-scenes-v1,2023-07-20,LANDSAT_9,LPGS_16.3.0,LPGS_16.3.0,Collection 2,eb0aecb6d040c9d5f46646c91941ab9cfcd4de1a250ef61065cba983564b7018,landsat,0a5f2f0a1b359d949071f0aa0d71c7870ca3c9481724760e04170974f13d64d3,LANDSAT/LC09/C02/T1_L2/LC09_138034_20230728,LC09_138034_20230728,1690518399484,2023-08-04,2023-07-05,2023
AOI-01,18ae788e0cf1ef68015dfee09e2ef7a0a1af4676e0b5d436994b707dfe92dec3,LANDSAT/LC09/C02/T1_L2,2023-07-28T04:27:03.371000+00:00,final-source-scenes-r2-asset-verified,35.09,,b21c8cc7f3d4d35e1db4dfa1c8245ff10ba657c0a0a001992b552808766cc49b,REMOVE_SYNTHETIC_MERGE_PREFIX;BIND_PLATFORM_COLLECTION;RESTORE_SYSTEM_INDEX,True,LANDSAT/LC08/C02/T1_L2/2_LC09_138035_20230728,source-scenes-v1,2023-07-20,LANDSAT_9,LPGS_16.3.0,LPGS_16.3.0,Collection 2,eb0aecb6d040c9d5f46646c91941ab9cfcd4de1a250ef61065cba983564b7018,landsat,0a5f2f0a1b359d949071f0aa0d71c7870ca3c9481724760e04170974f13d64d3,LANDSAT/LC09/C02/T1_L2/LC09_138035_20230728,LC09_138035_20230728,1690518423371,2023-08-04,2023-07-05,2023
AOI-01,18ae788e0cf1ef68015dfee09e2ef7a0a1af4676e0b5d436994b707dfe92dec3,LANDSAT/LC08/C02/T1_L2,2023-07-13T04:20:56.441000+00:00,final-source-scenes-r2-asset-verified,42.21,OUTSIDE_NOMINAL_WINDOW,b21c8cc7f3d4d35e1db4dfa1c8245ff10ba657c0a0a001992b552808766cc49b,REMOVE_SYNTHETIC_MERGE_PREFIX;BIND_PLATFORM_COLLECTION;RESTORE_SYSTEM_INDEX,False,LANDSAT/LC08/C02/T1_L2/1_LC08_137035_20230713,source-scenes-v1,2023-07-31,LANDSAT_8,LPGS_16.3.0,LPGS_16.3.0,Collection 2,83106b9de93b69f07911d602f4126097a575fc5f01bb90a39728b1f1d0e88981,landsat,1eb957f80c41c1a531bcdea58867eeb6690460b6782df4a19f725fd9ab0eeb8b,LANDSAT/LC08/C02/T1_L2/LC08_137035_20230713,LC08_137035_20230713,1689222056441,2023-08-15,2023-07-16,2023
AOI-01,18ae788e0cf1ef68015dfee09e2ef7a0a1af4676e0b5d436994b707dfe92dec3,LANDSAT/LC08/C02/T1_L2,2023-07-29T04:21:03.234000+00:00,final-source-scenes-r2-asset-verified,16.21,,b21c8cc7f3d4d35e1db4dfa1c8245ff10ba657c0a0a001992b552808766cc49b,REMOVE_SYNTHETIC_MERGE_PREFIX;BIND_PLATFORM_COLLECTION;RESTORE_SYSTEM_INDEX,True,LANDSAT/LC08/C02/T1_L2/1_LC08_137035_20230729,source-scenes-v1,2023-07-31,LANDSAT_8,LPGS_16.3.0,LPGS_16.3.0,Collection 2,83106b9de93b69f07911d602f4126097a575fc5f01bb90a39728b1f1d0e88981,landsat,1eb957f80c41c1a531bcdea58867eeb6690460b6782df4a19f725fd9ab0eeb8b,LANDSAT/LC08/C02/T1_L2/LC08_137035_20230729,LC08_137035_20230729,1690604463234,2023-08-15,2023-07-16,2023
AOI-01,18ae788e0cf1ef68015dfee09e2ef7a0a1af4676e0b5d436994b707dfe92dec3,LANDSAT/LC08/C02/T1_L2,2023-08-14T04:21:08.366000+00:00,final-source-scenes-r2-asset-verified,67.17,,b21c8cc7f3d4d35e1db4dfa1c8245ff10ba657c0a0a001992b552808766cc49b,REMOVE_SYNTHETIC_MERGE_PREFIX;BIND_PLATFORM_COLLECTION;RESTORE_SYSTEM_INDEX,True,LANDSAT/LC08/C02/T1_L2/1_LC08_137035_20230814,source-scenes-v1,2023-07-31,LANDSAT_8,LPGS_16.3.0,LPGS_16.3.0,Collection 2,83106b9de93b69f07911d602f4126097a575fc5f01bb90a39728b1f1d0e88981,landsat,1eb957f80c41c1a531bcdea58867eeb6690460b6782df4a19f725fd9ab0eeb8b,LANDSAT/LC08/C02/T1_L2/LC08_137035_20230814,LC08_137035_20230814,1691986868366,2023-08-15,2023-07-16,2023
AOI-01,18ae788e0cf1ef68015dfee09e2ef7a0a1af4676e0b5d436994b707dfe92dec3,LANDSAT/LC08/C02/T1_L2,2023-07-20T04:26:42.857000+00:00,final-source-scenes-r2-asset-verified,0.41,,b21c8cc7f3d4d35e1db4dfa1c8245ff10ba657c0a0a001992b552808766cc49b,REMOVE_SYNTHETIC_MERGE_PREFIX;BIND_PLATFORM_COLLECTION;RESTORE_SYSTEM_INDEX,True,LANDSAT/LC08/C02/T1_L2/1_LC08_138034_20230720,source-scenes-v1,2023-07-31,LANDSAT_8,LPGS_16.3.0,LPGS_16.3.0,Collection 2,83106b9de93b69f07911d602f4126097a575fc5f01bb90a39728b1f1d0e88981,landsat,1eb957f80c41c1a531bcdea58867eeb6690460b6782df4a19f725fd9ab0eeb8b,LANDSAT/LC08/C02/T1_L2/LC08_138034_20230720,LC08_138034_20230720,1689827202857,2023-08-15,2023-07-16,2023
AOI-01,18ae788e0cf1ef68015dfee09e2ef7a0a1af4676e0b5d436994b707dfe92dec3,LANDSAT/LC08/C02/T1_L2,2023-08-05T04:26:52.691000+00:00,final-source-scenes-r2-asset-verified,78.18,,b21c8cc7f3d4d35e1db4dfa1c8245ff10ba657c0a0a001992b552808766cc49b,REMOVE_SYNTHETIC_MERGE_PREFIX;BIND_PLATFORM_COLLECTION;RESTORE_SYSTEM_INDEX,True,LANDSAT/LC08/C02/T1_L2/1_LC08_138034_20230805,source-scenes-v1,2023-07-31,LANDSAT_8,LPGS_16.3.0,LPGS_16.3.0,Collection 2,83106b9de93b69f07911d602f4126097a575fc5f01bb90a39728b1f1d0e88981,landsat,1eb957f80c41c1a531bcdea58867eeb6690460b6782df4a19f725fd9ab0eeb8b,LANDSAT/LC08/C02/T1_L2/LC08_138034_20230805,LC08_138034_20230805,1691209612691,2023-08-15,2023-07-16,2023
AOI-01,18ae788e0cf1ef68015dfee09e2ef7a0a1af4676e0b5d436994b707dfe92dec3,LANDSAT/LC08/C02/T1_L2,2023-08-21T04:26:59.823000+00:00,final-source-scenes-r2-asset-verified,4.74,OUTSIDE_NOMINAL_WINDOW,b21c8cc7f3d4d35e1db4dfa1c8245ff10ba657c0a0a001992b552808766cc49b,REMOVE_SYNTHETIC_MERGE_PREFIX;BIND_PLATFORM_COLLECTION;RESTORE_SYSTEM_INDEX,False,LANDSAT/LC08/C02/T1_L2/1_LC08_138034_20230821,source-scenes-v1,2023-07-31,LANDSAT_8,LPGS_16.3.0,LPGS_16.3.0,Collection 2,83106b9de93b69f07911d602f4126097a575fc5f01bb90a39728b1f1d0e88981,landsat,1eb957f80c41c1a531bcdea58867eeb6690460b6782df4a19f725fd9ab0eeb8b,LANDSAT/LC08/C02/T1_L2/LC08_138034_20230821,LC08_138034_20230821,1692592019823,2023-08-15,2023-07-16,2023
AOI-01,18ae788e0cf1ef68015dfee09e2ef7a0a1af4676e0b5d436994b707dfe92dec3,LANDSAT/LC08/C02/T1_L2,2023-07-20T04:27:06.744000+00:00,final-source-scenes-r2-asset-verified,5.75,,b21c8cc7f3d4d35e1db4dfa1c8245ff10ba657c0a0a001992b552808766cc49b,REMOVE_SYNTHETIC_MERGE_PREFIX;BIND_PLATFORM_COLLECTION;RESTORE_SYSTEM_INDEX,True,LANDSAT/LC08/C02/T1_L2/1_LC08_138035_20230720,source-scenes-v1,2023-07-31,LANDSAT_8,LPGS_16.3.0,LPGS_16.3.0,Collection 2,83106b9de93b69f07911d602f4126097a575fc5f01bb90a39728b1f1d0e88981,landsat,1eb957f80c41c1a531bcdea58867eeb6690460b6782df4a19f725fd9ab0eeb8b,LANDSAT/LC08/C02/T1_L2/LC08_138035_20230720,LC08_138035_20230720,1689827226744,2023-08-15,2023-07-16,2023
AOI-01,18ae788e0cf1ef68015dfee09e2ef7a0a1af4676e0b5d436994b707dfe92dec3,LANDSAT/LC08/C02/T1_L2,2023-08-21T04:27:23.714000+00:00,final-source-scenes-r2-asset-verified,10.16,OUTSIDE_NOMINAL_WINDOW,b21c8cc7f3d4d35e1db4dfa1c8245ff10ba657c0a0a001992b552808766cc49b,REMOVE_SYNTHETIC_MERGE_PREFIX;BIND_PLATFORM_COLLECTION;RESTORE_SYSTEM_INDEX,False,LANDSAT/LC08/C02/T1_L2/1_LC08_138035_20230821,source-scenes-v1,2023-07-31,LANDSAT_8,LPGS_16.3.0,LPGS_16.3.0,Collection 2,83106b9de93b69f07911d602f4126097a575fc5f01bb90a39728b1f1d0e88981,landsat,1eb957f80c41c1a531bcdea58867eeb6690460b6782df4a19f725fd9ab0eeb8b,LANDSAT/LC08/C02/T1_L2/LC08_138035_20230821,LC08_138035_20230821,1692592043714,2023-08-15,2023-07-16,2023
AOI-01,18ae788e0cf1ef68015dfee09e2ef7a0a1af4676e0b5d436994b707dfe92dec3,LANDSAT/LC09/C02/T1_L2,2023-07-05T04:20:45.959000+00:00,final-source-scenes-r2-asset-verified,60.49,OUTSIDE_NOMINAL_WINDOW,b21c8cc7f3d4d35e1db4dfa1c8245ff10ba657c0a0a001992b552808766cc49b,REMOVE_SYNTHETIC_MERGE_PREFIX;BIND_PLATFORM_COLLECTION;RESTORE_SYSTEM_INDEX,False,LANDSAT/LC08/C02/T1_L2/2_LC09_137035_20230705,source-scenes-v1,2023-07-31,LANDSAT_9,LPGS_16.3.0,LPGS_16.3.0,Collection 2,83106b9de93b69f07911d602f4126097a575fc5f01bb90a39728b1f1d0e88981,landsat,1eb957f80c41c1a531bcdea58867eeb6690460b6782df4a19f725fd9ab0eeb8b,LANDSAT/LC09/C02/T1_L2/LC09_137035_20230705,LC09_137035_20230705,1688530845959,2023-08-15,2023-07-16,2023
AOI-01,18ae788e0cf1ef68015dfee09e2ef7a0a1af4676e0b5d436994b707dfe92dec3,LANDSAT/LC09/C02/T1_L2,2023-07-21T04:20:50.125000+00:00,final-source-scenes-r2-asset-verified,0.96,,b21c8cc7f3d4d35e1db4dfa1c8245ff10ba657c0a0a001992b552808766cc49b,REMOVE_SYNTHETIC_MERGE_PREFIX;BIND_PLATFORM_COLLECTION;RESTORE_SYSTEM_INDEX,True,LANDSAT/LC08/C02/T1_L2/2_LC09_137035_20230721,source-scenes-v1,2023-07-31,LANDSAT_9,LPGS_16.3.0,LPGS_16.3.0,Collection 2,83106b9de93b69f07911d602f4126097a575fc5f01bb90a39728b1f1d0e88981,landsat,1eb957f80c41c1a531bcdea58867eeb6690460b6782df4a19f725fd9ab0eeb8b,LANDSAT/LC09/C02/T1_L2/LC09_137035_20230721,LC09_137035_20230721,1689913250125,2023-08-15,2023-07-16,2023
AOI-01,18ae788e0cf1ef68015dfee09e2ef7a0a1af4676e0b5d436994b707dfe92dec3,LANDSAT/LC09/C02/T1_L2,2023-08-06T04:20:59.434000+00:00,final-source-scenes-r2-asset-verified,14.69,,b21c8cc7f3d4d35e1db4dfa1c8245ff10ba657c0a0a001992b552808766cc49b,REMOVE_SYNTHETIC_MERGE_PREFIX;BIND_PLATFORM_COLLECTION;RESTORE_SYSTEM_INDEX,True,LANDSAT/LC08/C02/T1_L2/2_LC09_137035_20230806,source-scenes-v1,2023-07-31,LANDSAT_9,LPGS_16.3.0,LPGS_16.3.0,Collection 2,83106b9de93b69f07911d602f4126097a575fc5f01bb90a39728b1f1d0e88981,landsat,1eb957f80c41c1a531bcdea58867eeb6690460b6782df4a19f725fd9ab0eeb8b,LANDSAT/LC09/C02/T1_L2/LC09_137035_20230806,LC09_137035_20230806,1691295659434,2023-08-15,2023-07-16,2023
AOI-01,18ae788e0cf1ef68015dfee09e2ef7a0a1af4676e0b5d436994b707dfe92dec3,LANDSAT/LC09/C02/T1_L2,2023-08-22T04:21:04.535000+00:00,final-source-scenes-r2-asset-verified,7.79,OUTSIDE_NOMINAL_WINDOW,b21c8cc7f3d4d35e1db4dfa1c8245ff10ba657c0a0a001992b552808766cc49b,REMOVE_SYNTHETIC_MERGE_PREFIX;BIND_PLATFORM_COLLECTION;RESTORE_SYSTEM_INDEX,False,LANDSAT/LC08/C02/T1_L2/2_LC09_137035_20230822,source-scenes-v1,2023-07-31,LANDSAT_9,LPGS_16.3.0,LPGS_16.3.0,Collection 2,83106b9de93b69f07911d602f4126097a575fc5f01bb90a39728b1f1d0e88981,landsat,1eb957f80c41c1a531bcdea58867eeb6690460b6782df4a19f725fd9ab0eeb8b,LANDSAT/LC09/C02/T1_L2/LC09_137035_20230822,LC09_137035_20230822,1692678064535,2023-08-15,2023-07-16,2023
AOI-01,18ae788e0cf1ef68015dfee09e2ef7a0a1af4676e0b5d436994b707dfe92dec3,LANDSAT/LC09/C02/T1_L2,2023-07-28T04:26:39.484000+00:00,final-source-scenes-r2-asset-verified,22.62,,b21c8cc7f3d4d35e1db4dfa1c8245ff10ba657c0a0a001992b552808766cc49b,REMOVE_SYNTHETIC_MERGE_PREFIX;BIND_PLATFORM_COLLECTION;RESTORE_SYSTEM_INDEX,True,LANDSAT/LC08/C02/T1_L2/2_LC09_138034_20230728,source-scenes-v1,2023-07-31,LANDSAT_9,LPGS_16.3.0,LPGS_16.3.0,Collection 2,83106b9de93b69f07911d602f4126097a575fc5f01bb90a39728b1f1d0e88981,landsat,1eb957f80c41c1a531bcdea58867eeb6690460b6782df4a19f725fd9ab0eeb8b,LANDSAT/LC09/C02/T1_L2/LC09_138034_20230728,LC09_138034_20230728,1690518399484,2023-08-15,2023-07-16,2023
AOI-01,18ae788e0cf1ef68015dfee09e2ef7a0a1af4676e0b5d436994b707dfe92dec3,LANDSAT/LC09/C02/T1_L2,2023-07-28T04:27:03.371000+00:00,final-source-scenes-r2-asset-verified,35.09,,b21c8cc7f3d4d35e1db4dfa1c8245ff10ba657c0a0a001992b552808766cc49b,REMOVE_SYNTHETIC_MERGE_PREFIX;BIND_PLATFORM_COLLECTION;RESTORE_SYSTEM_INDEX,True,LANDSAT/LC08/C02/T1_L2/2_LC09_138035_20230728,source-scenes-v1,2023-07-31,LANDSAT_9,LPGS_16.3.0,LPGS_16.3.0,Collection 2,83106b9de93b69f07911d602f4126097a575fc5f01bb90a39728b1f1d0e88981,landsat,1eb957f80c41c1a531bcdea58867eeb6690460b6782df4a19f725fd9ab0eeb8b,LANDSAT/LC09/C02/T1_L2/LC09_138035_20230728,LC09_138035_20230728,1690518423371,2023-08-15,2023-07-16,2023
AOI-01,18ae788e0cf1ef68015dfee09e2ef7a0a1af4676e0b5d436994b707dfe92dec3,LANDSAT/LC08/C02/T1_L2,2023-07-13T04:20:56.441000+00:00,final-source-scenes-r2-asset-verified,42.21,OUTSIDE_NOMINAL_WINDOW,b21c8cc7f3d4d35e1db4dfa1c8245ff10ba657c0a0a001992b552808766cc49b,REMOVE_SYNTHETIC_MERGE_PREFIX;BIND_PLATFORM_COLLECTION;RESTORE_SYSTEM_INDEX,False,LANDSAT/LC08/C02/T1_L2/1_LC08_137035_20230713,source-scenes-v1,2023-08-10,LANDSAT_8,LPGS_16.3.0,LPGS_16.3.0,Collection 2,69c98a31e3a7a6d6ff5a5f58d5e7ea844688a6a1b8aa37bbff353861aeca0aa2,landsat,41cb952cc1ba8999903762fc42bf9db33ea995649e15ecddd61585f381cb1e7d,LANDSAT/LC08/C02/T1_L2/LC08_137035_20230713,LC08_137035_20230713,1689222056441,2023-08-25,2023-07-26,2023
AOI-01,18ae788e0cf1ef68015dfee09e2ef7a0a1af4676e0b5d436994b707dfe92dec3,LANDSAT/LC08/C02/T1_L2,2023-07-29T04:21:03.234000+00:00,final-source-scenes-r2-asset-verified,16.21,,b21c8cc7f3d4d35e1db4dfa1c8245ff10ba657c0a0a001992b552808766cc49b,REMOVE_SYNTHETIC_MERGE_PREFIX;BIND_PLATFORM_COLLECTION;RESTORE_SYSTEM_INDEX,True,LANDSAT/LC08/C02/T1_L2/1_LC08_137035_20230729,source-scenes-v1,2023-08-10,LANDSAT_8,LPGS_16.3.0,LPGS_16.3.0,Collection 2,69c98a31e3a7a6d6ff5a5f58d5e7ea844688a6a1b8aa37bbff353861aeca0aa2,landsat,41cb952cc1ba8999903762fc42bf9db33ea995649e15ecddd61585f381cb1e7d,LANDSAT/LC08/C02/T1_L2/LC08_137035_20230729,LC08_137035_20230729,1690604463234,2023-08-25,2023-07-26,2023
AOI-01,18ae788e0cf1ef68015dfee09e2ef7a0a1af4676e0b5d436994b707dfe92dec3,LANDSAT/LC08/C02/T1_L2,2023-08-14T04:21:08.366000+00:00,final-source-scenes-r2-asset-verified,67.17,,b21c8cc7f3d4d35e1db4dfa1c8245ff10ba657c0a0a001992b552808766cc49b,REMOVE_SYNTHETIC_MERGE_PREFIX;BIND_PLATFORM_COLLECTION;RESTORE_SYSTEM_INDEX,True,LANDSAT/LC08/C02/T1_L2/1_LC08_137035_20230814,source-scenes-v1,2023-08-10,LANDSAT_8,LPGS_16.3.0,LPGS_16.3.0,Collection 2,69c98a31e3a7a6d6ff5a5f58d5e7ea844688a6a1b8aa37bbff353861aeca0aa2,landsat,41cb952cc1ba8999903762fc42bf9db33ea995649e15ecddd61585f381cb1e7d,LANDSAT/LC08/C02/T1_L2/LC08_137035_20230814,LC08_137035_20230814,1691986868366,2023-08-25,2023-07-26,2023
AOI-01,18ae788e0cf1ef68015dfee09e2ef7a0a1af4676e0b5d436994b707dfe92dec3,LANDSAT/LC08/C02/T1_L2,2023-07-20T04:26:42.857000+00:00,final-source-scenes-r2-asset-verified,0.41,OUTSIDE_NOMINAL_WINDOW,b21c8cc7f3d4d35e1db4dfa1c8245ff10ba657c0a0a001992b552808766cc49b,REMOVE_SYNTHETIC_MERGE_PREFIX;BIND_PLATFORM_COLLECTION;RESTORE_SYSTEM_INDEX,False,LANDSAT/LC08/C02/T1_L2/1_LC08_138034_20230720,source-scenes-v1,2023-08-10,LANDSAT_8,LPGS_16.3.0,LPGS_16.3.0,Collection 2,69c98a31e3a7a6d6ff5a5f58d5e7ea844688a6a1b8aa37bbff353861aeca0aa2,landsat,41cb952cc1ba8999903762fc42bf9db33ea995649e15ecddd61585f381cb1e7d,LANDSAT/LC08/C02/T1_L2/LC08_138034_20230720,LC08_138034_20230720,1689827202857,2023-08-25,2023-07-26,2023
AOI-01,18ae788e0cf1ef68015dfee09e2ef7a0a1af4676e0b5d436994b707dfe92dec3,LANDSAT/LC08/C02/T1_L2,2023-08-05T04:26:52.691000+00:00,final-source-scenes-r2-asset-verified,78.18,,b21c8cc7f3d4d35e1db4dfa1c8245ff10ba657c0a0a001992b552808766cc49b,REMOVE_SYNTHETIC_MERGE_PREFIX;BIND_PLATFORM_COLLECTION;RESTORE_SYSTEM_INDEX,True,LANDSAT/LC08/C02/T1_L2/1_LC08_138034_20230805,source-scenes-v1,2023-08-10,LANDSAT_8,LPGS_16.3.0,LPGS_16.3.0,Collection 2,69c98a31e3a7a6d6ff5a5f58d5e7ea844688a6a1b8aa37bbff353861aeca0aa2,landsat,41cb952cc1ba8999903762fc42bf9db33ea995649e15ecddd61585f381cb1e7d,LANDSAT/LC08/C02/T1_L2/LC08_138034_20230805,LC08_138034_20230805,1691209612691,2023-08-25,2023-07-26,2023
AOI-01,18ae788e0cf1ef68015dfee09e2ef7a0a1af4676e0b5d436994b707dfe92dec3,LANDSAT/LC08/C02/T1_L2,2023-08-21T04:26:59.823000+00:00,final-source-scenes-r2-asset-verified,4.74,,b21c8cc7f3d4d35e1db4dfa1c8245ff10ba657c0a0a001992b552808766cc49b,REMOVE_SYNTHETIC_MERGE_PREFIX;BIND_PLATFORM_COLLECTION;RESTORE_SYSTEM_INDEX,True,LANDSAT/LC08/C02/T1_L2/1_LC08_138034_20230821,source-scenes-v1,2023-08-10,LANDSAT_8,LPGS_16.3.0,LPGS_16.3.0,Collection 2,69c98a31e3a7a6d6ff5a5f58d5e7ea844688a6a1b8aa37bbff353861aeca0aa2,landsat,41cb952cc1ba8999903762fc42bf9db33ea995649e15ecddd61585f381cb1e7d,LANDSAT/LC08/C02/T1_L2/LC08_138034_20230821,LC08_138034_20230821,1692592019823,2023-08-25,2023-07-26,2023
AOI-01,18ae788e0cf1ef68015dfee09e2ef7a0a1af4676e0b5d436994b707dfe92dec3,LANDSAT/LC08/C02/T1_L2,2023-07-20T04:27:06.744000+00:00,final-source-scenes-r2-asset-verified,5.75,OUTSIDE_NOMINAL_WINDOW,b21c8cc7f3d4d35e1db4dfa1c8245ff10ba657c0a0a001992b552808766cc49b,REMOVE_SYNTHETIC_MERGE_PREFIX;BIND_PLATFORM_COLLECTION;RESTORE_SYSTEM_INDEX,False,LANDSAT/LC08/C02/T1_L2/1_LC08_138035_20230720,source-scenes-v1,2023-08-10,LANDSAT_8,LPGS_16.3.0,LPGS_16.3.0,Collection 2,69c98a31e3a7a6d6ff5a5f58d5e7ea844688a6a1b8aa37bbff353861aeca0aa2,landsat,41cb952cc1ba8999903762fc42bf9db33ea995649e15ecddd61585f381cb1e7d,LANDSAT/LC08/C02/T1_L2/LC08_138035_20230720,LC08_138035_20230720,1689827226744,2023-08-25,2023-07-26,2023
AOI-01,18ae788e0cf1ef68015dfee09e2ef7a0a1af4676e0b5d436994b707dfe92dec3,LANDSAT/LC08/C02/T1_L2,2023-08-21T04:27:23.714000+00:00,final-source-scenes-r2-asset-verified,10.16,,b21c8cc7f3d4d35e1db4dfa1c8245ff10ba657c0a0a001992b552808766cc49b,REMOVE_SYNTHETIC_MERGE_PREFIX;BIND_PLATFORM_COLLECTION;RESTORE_SYSTEM_INDEX,True,LANDSAT/LC08/C02/T1_L2/1_LC08_138035_20230821,source-scenes-v1,2023-08-10,LANDSAT_8,LPGS_16.3.0,LPGS_16.3.0,Collection 2,69c98a31e3a7a6d6ff5a5f58d5e7ea844688a6a1b8aa37bbff353861aeca0aa2,landsat,41cb952cc1ba8999903762fc42bf9db33ea995649e15ecddd61585f381cb1e7d,LANDSAT/LC08/C02/T1_L2/LC08_138035_20230821,LC08_138035_20230821,1692592043714,2023-08-25,2023-07-26,2023
AOI-01,18ae788e0cf1ef68015dfee09e2ef7a0a1af4676e0b5d436994b707dfe92dec3,LANDSAT/LC09/C02/T1_L2,2023-07-05T04:20:45.959000+00:00,final-source-scenes-r2-asset-verified,60.49,OUTSIDE_NOMINAL_WINDOW,b21c8cc7f3d4d35e1db4dfa1c8245ff10ba657c0a0a001992b552808766cc49b,REMOVE_SYNTHETIC_MERGE_PREFIX;BIND_PLATFORM_COLLECTION;RESTORE_SYSTEM_INDEX,False,LANDSAT/LC08/C02/T1_L2/2_LC09_137035_20230705,source-scenes-v1,2023-08-10,LANDSAT_9,LPGS_16.3.0,LPGS_16.3.0,Collection 2,69c98a31e3a7a6d6ff5a5f58d5e7ea844688a6a1b8aa37bbff353861aeca0aa2,landsat,41cb952cc1ba8999903762fc42bf9db33ea995649e15ecddd61585f381cb1e7d,LANDSAT/LC09/C02/T1_L2/LC09_137035_20230705,LC09_137035_20230705,1688530845959,2023-08-25,2023-07-26,2023
AOI-01,18ae788e0cf1ef68015dfee09e2ef7a0a1af4676e0b5d436994b707dfe92dec3,LANDSAT/LC09/C02/T1_L2,2023-07-21T04:20:50.125000+00:00,final-source-scenes-r2-asset-verified,0.96,OUTSIDE_NOMINAL_WINDOW,b21c8cc7f3d4d35e1db4dfa1c8245ff10ba657c0a0a001992b552808766cc49b,REMOVE_SYNTHETIC_MERGE_PREFIX;BIND_PLATFORM_COLLECTION;RESTORE_SYSTEM_INDEX,False,LANDSAT/LC08/C02/T1_L2/2_LC09_137035_20230721,source-scenes-v1,2023-08-10,LANDSAT_9,LPGS_16.3.0,LPGS_16.3.0,Collection 2,69c98a31e3a7a6d6ff5a5f58d5e7ea844688a6a1b8aa37bbff353861aeca0aa2,landsat,41cb952cc1ba8999903762fc42bf9db33ea995649e15ecddd61585f381cb1e7d,LANDSAT/LC09/C02/T1_L2/LC09_137035_20230721,LC09_137035_20230721,1689913250125,2023-08-25,2023-07-26,2023
AOI-01,18ae788e0cf1ef68015dfee09e2ef7a0a1af4676e0b5d436994b707dfe92dec3,LANDSAT/LC09/C02/T1_L2,2023-08-06T04:20:59.434000+00:00,final-source-scenes-r2-asset-verified,14.69,,b21c8cc7f3d4d35e1db4dfa1c8245ff10ba657c0a0a001992b552808766cc49b,REMOVE_SYNTHETIC_MERGE_PREFIX;BIND_PLATFORM_COLLECTION;RESTORE_SYSTEM_INDEX,True,LANDSAT/LC08/C02/T1_L2/2_LC09_137035_20230806,source-scenes-v1,2023-08-10,LANDSAT_9,LPGS_16.3.0,LPGS_16.3.0,Collection 2,69c98a31e3a7a6d6ff5a5f58d5e7ea844688a6a1b8aa37bbff353861aeca0aa2,landsat,41cb952cc1ba8999903762fc42bf9db33ea995649e15ecddd61585f381cb1e7d,LANDSAT/LC09/C02/T1_L2/LC09_137035_20230806,LC09_137035_20230806,1691295659434,2023-08-25,2023-07-26,2023
AOI-01,18ae788e0cf1ef68015dfee09e2ef7a0a1af4676e0b5d436994b707dfe92dec3,LANDSAT/LC09/C02/T1_L2,2023-08-22T04:21:04.535000+00:00,final-source-scenes-r2-asset-verified,7.79,,b21c8cc7f3d4d35e1db4dfa1c8245ff10ba657c0a0a001992b552808766cc49b,REMOVE_SYNTHETIC_MERGE_PREFIX;BIND_PLATFORM_COLLECTION;RESTORE_SYSTEM_INDEX,True,LANDSAT/LC08/C02/T1_L2/2_LC09_137035_20230822,source-scenes-v1,2023-08-10,LANDSAT_9,LPGS_16.3.0,LPGS_16.3.0,Collection 2,69c98a31e3a7a6d6ff5a5f58d5e7ea844688a6a1b8aa37bbff353861aeca0aa2,landsat,41cb952cc1ba8999903762fc42bf9db33ea995649e15ecddd61585f381cb1e7d,LANDSAT/LC09/C02/T1_L2/LC09_137035_20230822,LC09_137035_20230822,1692678064535,2023-08-25,2023-07-26,2023
AOI-01,18ae788e0cf1ef68015dfee09e2ef7a0a1af4676e0b5d436994b707dfe92dec3,LANDSAT/LC09/C02/T1_L2,2023-07-28T04:26:39.484000+00:00,final-source-scenes-r2-asset-verified,22.62,,b21c8cc7f3d4d35e1db4dfa1c8245ff10ba657c0a0a001992b552808766cc49b,REMOVE_SYNTHETIC_MERGE_PREFIX;BIND_PLATFORM_COLLECTION;RESTORE_SYSTEM_INDEX,True,LANDSAT/LC08/C02/T1_L2/2_LC09_138034_20230728,source-scenes-v1,2023-08-10,LANDSAT_9,LPGS_16.3.0,LPGS_16.3.0,Collection 2,69c98a31e3a7a6d6ff5a5f58d5e7ea844688a6a1b8aa37bbff353861aeca0aa2,landsat,41cb952cc1ba8999903762fc42bf9db33ea995649e15ecddd61585f381cb1e7d,LANDSAT/LC09/C02/T1_L2/LC09_138034_20230728,LC09_138034_20230728,1690518399484,2023-08-25,2023-07-26,2023
AOI-01,18ae788e0cf1ef68015dfee09e2ef7a0a1af4676e0b5d436994b707dfe92dec3,LANDSAT/LC09/C02/T1_L2,2023-07-28T04:27:03.371000+00:00,final-source-scenes-r2-asset-verified,35.09,,b21c8cc7f3d4d35e1db4dfa1c8245ff10ba657c0a0a001992b552808766cc49b,REMOVE_SYNTHETIC_MERGE_PREFIX;BIND_PLATFORM_COLLECTION;RESTORE_SYSTEM_INDEX,True,LANDSAT/LC08/C02/T1_L2/2_LC09_138035_20230728,source-scenes-v1,2023-08-10,LANDSAT_9,LPGS_16.3.0,LPGS_16.3.0,Collection 2,69c98a31e3a7a6d6ff5a5f58d5e7ea844688a6a1b8aa37bbff353861aeca0aa2,landsat,41cb952cc1ba8999903762fc42bf9db33ea995649e15ecddd61585f381cb1e7d,LANDSAT/LC09/C02/T1_L2/LC09_138035_20230728,LC09_138035_20230728,1690518423371,2023-08-25,2023-07-26,2023
AOI-01,18ae788e0cf1ef68015dfee09e2ef7a0a1af4676e0b5d436994b707dfe92dec3,LANDSAT/LC08/C02/T1_L2,2024-07-15T04:20:42.955000+00:00,final-source-scenes-r2-asset-verified,36.68,,b21c8cc7f3d4d35e1db4dfa1c8245ff10ba657c0a0a001992b552808766cc49b,REMOVE_SYNTHETIC_MERGE_PREFIX;BIND_PLATFORM_COLLECTION;RESTORE_SYSTEM_INDEX,True,LANDSAT/LC08/C02/T1_L2/1_LC08_137035_20240715,source-scenes-v1,2024-07-20,LANDSAT_8,LPGS_16.4.0,LPGS_16.4.0,Collection 2,96663205e93a661965d071777df2cc1b87a1277ee94a1b79e93888c8f9ca074b,landsat,77ecdf34f6f08d1e8b49748ba487ed93233f0b3533b68b0b9ab6eb651a0ae803,LANDSAT/LC08/C02/T1_L2/LC08_137035_20240715,LC08_137035_20240715,1721017242955,2024-08-04,2024-07-05,2024
AOI-01,18ae788e0cf1ef68015dfee09e2ef7a0a1af4676e0b5d436994b707dfe92dec3,LANDSAT/LC08/C02/T1_L2,2024-07-31T04:20:51.201000+00:00,final-source-scenes-r2-asset-verified,0.11,,b21c8cc7f3d4d35e1db4dfa1c8245ff10ba657c0a0a001992b552808766cc49b,REMOVE_SYNTHETIC_MERGE_PREFIX;BIND_PLATFORM_COLLECTION;RESTORE_SYSTEM_INDEX,True,LANDSAT/LC08/C02/T1_L2/1_LC08_137035_20240731,source-scenes-v1,2024-07-20,LANDSAT_8,LPGS_16.4.0,LPGS_16.4.0,Collection 2,96663205e93a661965d071777df2cc1b87a1277ee94a1b79e93888c8f9ca074b,landsat,77ecdf34f6f08d1e8b49748ba487ed93233f0b3533b68b0b9ab6eb651a0ae803,LANDSAT/LC08/C02/T1_L2/LC08_137035_20240731,LC08_137035_20240731,1722399651201,2024-08-04,2024-07-05,2024
AOI-01,18ae788e0cf1ef68015dfee09e2ef7a0a1af4676e0b5d436994b707dfe92dec3,LANDSAT/LC08/C02/T1_L2,2024-08-16T04:20:55.576000+00:00,final-source-scenes-r2-asset-verified,30.59,OUTSIDE_NOMINAL_WINDOW,b21c8cc7f3d4d35e1db4dfa1c8245ff10ba657c0a0a001992b552808766cc49b,REMOVE_SYNTHETIC_MERGE_PREFIX;BIND_PLATFORM_COLLECTION;RESTORE_SYSTEM_INDEX,False,LANDSAT/LC08/C02/T1_L2/1_LC08_137035_20240816,source-scenes-v1,2024-07-20,LANDSAT_8,LPGS_16.4.0,LPGS_16.4.0,Collection 2,96663205e93a661965d071777df2cc1b87a1277ee94a1b79e93888c8f9ca074b,landsat,77ecdf34f6f08d1e8b49748ba487ed93233f0b3533b68b0b9ab6eb651a0ae803,LANDSAT/LC08/C02/T1_L2/LC08_137035_20240816,LC08_137035_20240816,1723782055576,2024-08-04,2024-07-05,2024
AOI-01,18ae788e0cf1ef68015dfee09e2ef7a0a1af4676e0b5d436994b707dfe92dec3,LANDSAT/LC08/C02/T1_L2,2024-07-22T04:26:36.986000+00:00,final-source-scenes-r2-asset-verified,22.55,,b21c8cc7f3d4d35e1db4dfa1c8245ff10ba657c0a0a001992b552808766cc49b,REMOVE_SYNTHETIC_MERGE_PREFIX;BIND_PLATFORM_COLLECTION;RESTORE_SYSTEM_INDEX,True,LANDSAT/LC08/C02/T1_L2/1_LC08_138034_20240722,source-scenes-v1,2024-07-20,LANDSAT_8,LPGS_16.4.0,LPGS_16.4.0,Collection 2,96663205e93a661965d071777df2cc1b87a1277ee94a1b79e93888c8f9ca074b,landsat,77ecdf34f6f08d1e8b49748ba487ed93233f0b3533b68b0b9ab6eb651a0ae803,LANDSAT/LC08/C02/T1_L2/LC08_138034_20240722,LC08_138034_20240722,1721622396986,2024-08-04,2024-07-05,2024
AOI-01,18ae788e0cf1ef68015dfee09e2ef7a0a1af4676e0b5d436994b707dfe92dec3,LANDSAT/LC08/C02/T1_L2,2024-08-07T04:26:33.439000+00:00,final-source-scenes-r2-asset-verified,14.64,OUTSIDE_NOMINAL_WINDOW,b21c8cc7f3d4d35e1db4dfa1c8245ff10ba657c0a0a001992b552808766cc49b,REMOVE_SYNTHETIC_MERGE_PREFIX;BIND_PLATFORM_COLLECTION;RESTORE_SYSTEM_INDEX,False,LANDSAT/LC08/C02/T1_L2/1_LC08_138034_20240807,source-scenes-v1,2024-07-20,LANDSAT_8,LPGS_16.4.0,LPGS_16.4.0,Collection 2,96663205e93a661965d071777df2cc1b87a1277ee94a1b79e93888c8f9ca074b,landsat,77ecdf34f6f08d1e8b49748ba487ed93233f0b3533b68b0b9ab6eb651a0ae803,LANDSAT/LC08/C02/T1_L2/LC08_138034_20240807,LC08_138034_20240807,1723004793439,2024-08-04,2024-07-05,2024
AOI-01,18ae788e0cf1ef68015dfee09e2ef7a0a1af4676e0b5d436994b707dfe92dec3,LANDSAT/LC08/C02/T1_L2,2024-08-23T04:26:46.744000+00:00,final-source-scenes-r2-asset-verified,50.76,OUTSIDE_NOMINAL_WINDOW,b21c8cc7f3d4d35e1db4dfa1c8245ff10ba657c0a0a001992b552808766cc49b,REMOVE_SYNTHETIC_MERGE_PREFIX;BIND_PLATFORM_COLLECTION;RESTORE_SYSTEM_INDEX,False,LANDSAT/LC08/C02/T1_L2/1_LC08_138034_20240823,source-scenes-v1,2024-07-20,LANDSAT_8,LPGS_16.4.0,LPGS_16.4.0,Collection 2,96663205e93a661965d071777df2cc1b87a1277ee94a1b79e93888c8f9ca074b,landsat,77ecdf34f6f08d1e8b49748ba487ed93233f0b3533b68b0b9ab6eb651a0ae803,LANDSAT/LC08/C02/T1_L2/LC08_138034_20240823,LC08_138034_20240823,1724387206744,2024-08-04,2024-07-05,2024
AOI-01,18ae788e0cf1ef68015dfee09e2ef7a0a1af4676e0b5d436994b707dfe92dec3,LANDSAT/LC08/C02/T1_L2,2024-07-06T04:26:45.685000+00:00,final-source-scenes-r2-asset-verified,75.33,,b21c8cc7f3d4d35e1db4dfa1c8245ff10ba657c0a0a001992b552808766cc49b,REMOVE_SYNTHETIC_MERGE_PREFIX;BIND_PLATFORM_COLLECTION;RESTORE_SYSTEM_INDEX,True,LANDSAT/LC08/C02/T1_L2/1_LC08_138035_20240706,source-scenes-v1,2024-07-20,LANDSAT_8,LPGS_16.4.0,LPGS_16.4.0,Collection 2,96663205e93a661965d071777df2cc1b87a1277ee94a1b79e93888c8f9ca074b,landsat,77ecdf34f6f08d1e8b49748ba487ed93233f0b3533b68b0b9ab6eb651a0ae803,LANDSAT/LC08/C02/T1_L2/LC08_138035_20240706,LC08_138035_20240706,1720240005685,2024-08-04,2024-07-05,2024
AOI-01,18ae788e0cf1ef68015dfee09e2ef7a0a1af4676e0b5d436994b707dfe92dec3,LANDSAT/LC08/C02/T1_L2,2024-07-22T04:27:00.877000+00:00,final-source-scenes-r2-asset-verified,60.52,,b21c8cc7f3d4d35e1db4dfa1c8245ff10ba657c0a0a001992b552808766cc49b,REMOVE_SYNTHETIC_MERGE_PREFIX;BIND_PLATFORM_COLLECTION;RESTORE_SYSTEM_INDEX,True,LANDSAT/LC08/C02/T1_L2/1_LC08_138035_20240722,source-scenes-v1,2024-07-20,LANDSAT_8,LPGS_16.4.0,LPGS_16.4.0,Collection 2,96663205e93a661965d071777df2cc1b87a1277ee94a1b79e93888c8f9ca074b,landsat,77ecdf34f6f08d1e8b49748ba487ed93233f0b3533b68b0b9ab6eb651a0ae803,LANDSAT/LC08/C02/T1_L2/LC08_138035_20240722,LC08_138035_20240722,1721622420877,2024-08-04,2024-07-05,2024
AOI-01,18ae788e0cf1ef68015dfee09e2ef7a0a1af4676e0b5d436994b707dfe92dec3,LANDSAT/LC08/C02/T1_L2,2024-08-07T04:26:57.325000+00:00,final-source-scenes-r2-asset-verified,52.55,OUTSIDE_NOMINAL_WINDOW,b21c8cc7f3d4d35e1db4dfa1c8245ff10ba657c0a0a001992b552808766cc49b,REMOVE_SYNTHETIC_MERGE_PREFIX;BIND_PLATFORM_COLLECTION;RESTORE_SYSTEM_INDEX,False,LANDSAT/LC08/C02/T1_L2/1_LC08_138035_20240807,source-scenes-v1,2024-07-20,LANDSAT_8,LPGS_16.4.0,LPGS_16.4.0,Collection 2,96663205e93a661965d071777df2cc1b87a1277ee94a1b79e93888c8f9ca074b,landsat,77ecdf34f6f08d1e8b49748ba487ed93233f0b3533b68b0b9ab6eb651a0ae803,LANDSAT/LC08/C02/T1_L2/LC08_138035_20240807,LC08_138035_20240807,1723004817325,2024-08-04,2024-07-05,2024
AOI-01,18ae788e0cf1ef68015dfee09e2ef7a0a1af4676e0b5d436994b707dfe92dec3,LANDSAT/LC08/C02/T1_L2,2024-08-23T04:27:10.639000+00:00,final-source-scenes-r2-asset-verified,79.61,OUTSIDE_NOMINAL_WINDOW,b21c8cc7f3d4d35e1db4dfa1c8245ff10ba657c0a0a001992b552808766cc49b,REMOVE_SYNTHETIC_MERGE_PREFIX;BIND_PLATFORM_COLLECTION;RESTORE_SYSTEM_INDEX,False,LANDSAT/LC08/C02/T1_L2/1_LC08_138035_20240823,source-scenes-v1,2024-07-20,LANDSAT_8,LPGS_16.4.0,LPGS_16.4.0,Collection 2,96663205e93a661965d071777df2cc1b87a1277ee94a1b79e93888c8f9ca074b,landsat,77ecdf34f6f08d1e8b49748ba487ed93233f0b3533b68b0b9ab6eb651a0ae803,LANDSAT/LC08/C02/T1_L2/LC08_138035_20240823,LC08_138035_20240823,1724387230639,2024-08-04,2024-07-05,2024
AOI-01,18ae788e0cf1ef68015dfee09e2ef7a0a1af4676e0b5d436994b707dfe92dec3,LANDSAT/LC09/C02/T1_L2,2024-07-23T04:20:40.384000+00:00,final-source-scenes-r2-asset-verified,52.48,,b21c8cc7f3d4d35e1db4dfa1c8245ff10ba657c0a0a001992b552808766cc49b,REMOVE_SYNTHETIC_MERGE_PREFIX;BIND_PLATFORM_COLLECTION;RESTORE_SYSTEM_INDEX,True,LANDSAT/LC08/C02/T1_L2/2_LC09_137035_20240723,source-scenes-v1,2024-07-20,LANDSAT_9,LPGS_16.4.0,LPGS_16.4.0,Collection 2,96663205e93a661965d071777df2cc1b87a1277ee94a1b79e93888c8f9ca074b,landsat,77ecdf34f6f08d1e8b49748ba487ed93233f0b3533b68b0b9ab6eb651a0ae803,LANDSAT/LC09/C02/T1_L2/LC09_137035_20240723,LC09_137035_20240723,1721708440384,2024-08-04,2024-07-05,2024
AOI-01,18ae788e0cf1ef68015dfee09e2ef7a0a1af4676e0b5d436994b707dfe92dec3,LANDSAT/LC09/C02/T1_L2,2024-07-14T04:26:26.871000+00:00,final-source-scenes-r2-asset-verified,9.11,,b21c8cc7f3d4d35e1db4dfa1c8245ff10ba657c0a0a001992b552808766cc49b,REMOVE_SYNTHETIC_MERGE_PREFIX;BIND_PLATFORM_COLLECTION;RESTORE_SYSTEM_INDEX,True,LANDSAT/LC08/C02/T1_L2/2_LC09_138034_20240714,source-scenes-v1,2024-07-20,LANDSAT_9,LPGS_16.4.0,LPGS_16.4.0,Collection 2,96663205e93a661965d071777df2cc1b87a1277ee94a1b79e93888c8f9ca074b,landsat,77ecdf34f6f08d1e8b49748ba487ed93233f0b3533b68b0b9ab6eb651a0ae803,LANDSAT/LC09/C02/T1_L2/LC09_138034_20240714,LC09_138034_20240714,1720931186871,2024-08-04,2024-07-05,2024
AOI-01,18ae788e0cf1ef68015dfee09e2ef7a0a1af4676e0b5d436994b707dfe92dec3,LANDSAT/LC09/C02/T1_L2,2024-07-30T04:26:29.499000+00:00,final-source-scenes-r2-asset-verified,0.19,,b21c8cc7f3d4d35e1db4dfa1c8245ff10ba657c0a0a001992b552808766cc49b,REMOVE_SYNTHETIC_MERGE_PREFIX;BIND_PLATFORM_COLLECTION;RESTORE_SYSTEM_INDEX,True,LANDSAT/LC08/C02/T1_L2/2_LC09_138034_20240730,source-scenes-v1,2024-07-20,LANDSAT_9,LPGS_16.4.0,LPGS_16.4.0,Collection 2,96663205e93a661965d071777df2cc1b87a1277ee94a1b79e93888c8f9ca074b,landsat,77ecdf34f6f08d1e8b49748ba487ed93233f0b3533b68b0b9ab6eb651a0ae803,LANDSAT/LC09/C02/T1_L2/LC09_138034_20240730,LC09_138034_20240730,1722313589499,2024-08-04,2024-07-05,2024
AOI-01,18ae788e0cf1ef68015dfee09e2ef7a0a1af4676e0b5d436994b707dfe92dec3,LANDSAT/LC09/C02/T1_L2,2024-08-15T04:26:36.495000+00:00,final-source-scenes-r2-asset-verified,11.1,OUTSIDE_NOMINAL_WINDOW,b21c8cc7f3d4d35e1db4dfa1c8245ff10ba657c0a0a001992b552808766cc49b,REMOVE_SYNTHETIC_MERGE_PREFIX;BIND_PLATFORM_COLLECTION;RESTORE_SYSTEM_INDEX,False,LANDSAT/LC08/C02/T1_L2/2_LC09_138034_20240815,source-scenes-v1,2024-07-20,LANDSAT_9,LPGS_16.4.0,LPGS_16.4.0,Collection 2,96663205e93a661965d071777df2cc1b87a1277ee94a1b79e93888c8f9ca074b,landsat,77ecdf34f6f08d1e8b49748ba487ed93233f0b3533b68b0b9ab6eb651a0ae803,LANDSAT/LC09/C02/T1_L2/LC09_138034_20240815,LC09_138034_20240815,1723695996495,2024-08-04,2024-07-05,2024
AOI-01,18ae788e0cf1ef68015dfee09e2ef7a0a1af4676e0b5d436994b707dfe92dec3,LANDSAT/LC09/C02/T1_L2,2024-07-14T04:26:50.757000+00:00,final-source-scenes-r2-asset-verified,33.81,,b21c8cc7f3d4d35e1db4dfa1c8245ff10ba657c0a0a001992b552808766cc49b,REMOVE_SYNTHETIC_MERGE_PREFIX;BIND_PLATFORM_COLLECTION;RESTORE_SYSTEM_INDEX,True,LANDSAT/LC08/C02/T1_L2/2_LC09_138035_20240714,source-scenes-v1,2024-07-20,LANDSAT_9,LPGS_16.4.0,LPGS_16.4.0,Collection 2,96663205e93a661965d071777df2cc1b87a1277ee94a1b79e93888c8f9ca074b,landsat,77ecdf34f6f08d1e8b49748ba487ed93233f0b3533b68b0b9ab6eb651a0ae803,LANDSAT/LC09/C02/T1_L2/LC09_138035_20240714,LC09_138035_20240714,1720931210757,2024-08-04,2024-07-05,2024
AOI-01,18ae788e0cf1ef68015dfee09e2ef7a0a1af4676e0b5d436994b707dfe92dec3,LANDSAT/LC09/C02/T1_L2,2024-07-30T04:26:53.390000+00:00,final-source-scenes-r2-asset-verified,2.37,,b21c8cc7f3d4d35e1db4dfa1c8245ff10ba657c0a0a001992b552808766cc49b,REMOVE_SYNTHETIC_MERGE_PREFIX;BIND_PLATFORM_COLLECTION;RESTORE_SYSTEM_INDEX,True,LANDSAT/LC08/C02/T1_L2/2_LC09_138035_20240730,source-scenes-v1,2024-07-20,LANDSAT_9,LPGS_16.4.0,LPGS_16.4.0,Collection 2,96663205e93a661965d071777df2cc1b87a1277ee94a1b79e93888c8f9ca074b,landsat,77ecdf34f6f08d1e8b49748ba487ed93233f0b3533b68b0b9ab6eb651a0ae803,LANDSAT/LC09/C02/T1_L2/LC09_138035_20240730,LC09_138035_20240730,1722313613390,2024-08-04,2024-07-05,2024
AOI-01,18ae788e0cf1ef68015dfee09e2ef7a0a1af4676e0b5d436994b707dfe92dec3,LANDSAT/LC09/C02/T1_L2,2024-08-15T04:27:00.386000+00:00,final-source-scenes-r2-asset-verified,13.17,OUTSIDE_NOMINAL_WINDOW,b21c8cc7f3d4d35e1db4dfa1c8245ff10ba657c0a0a001992b552808766cc49b,REMOVE_SYNTHETIC_MERGE_PREFIX;BIND_PLATFORM_COLLECTION;RESTORE_SYSTEM_INDEX,False,LANDSAT/LC08/C02/T1_L2/2_LC09_138035_20240815,source-scenes-v1,2024-07-20,LANDSAT_9,LPGS_16.4.0,LPGS_16.4.0,Collection 2,96663205e93a661965d071777df2cc1b87a1277ee94a1b79e93888c8f9ca074b,landsat,77ecdf34f6f08d1e8b49748ba487ed93233f0b3533b68b0b9ab6eb651a0ae803,LANDSAT/LC09/C02/T1_L2/LC09_138035_20240815,LC09_138035_20240815,1723696020386,2024-08-04,2024-07-05,2024
AOI-01,18ae788e0cf1ef68015dfee09e2ef7a0a1af4676e0b5d436994b707dfe92dec3,LANDSAT/LC08/C02/T1_L2,2024-07-15T04:20:42.955000+00:00,final-source-scenes-r2-asset-verified,36.68,OUTSIDE_NOMINAL_WINDOW,b21c8cc7f3d4d35e1db4dfa1c8245ff10ba657c0a0a001992b552808766cc49b,REMOVE_SYNTHETIC_MERGE_PREFIX;BIND_PLATFORM_COLLECTION;RESTORE_SYSTEM_INDEX,False,LANDSAT/LC08/C02/T1_L2/1_LC08_137035_20240715,source-scenes-v1,2024-07-31,LANDSAT_8,LPGS_16.4.0,LPGS_16.4.0,Collection 2,305b35681f8a74b5d00dd78fd5420771670b993322cbe4e09b17aaa6cd0e17af,landsat,815214e2262f8afa3df106793bd6a72b8e2958a86d7f1f0cbe149981ca52bd1f,LANDSAT/LC08/C02/T1_L2/LC08_137035_20240715,LC08_137035_20240715,1721017242955,2024-08-15,2024-07-16,2024
AOI-01,18ae788e0cf1ef68015dfee09e2ef7a0a1af4676e0b5d436994b707dfe92dec3,LANDSAT/LC08/C02/T1_L2,2024-07-31T04:20:51.201000+00:00,final-source-scenes-r2-asset-verified,0.11,,b21c8cc7f3d4d35e1db4dfa1c8245ff10ba657c0a0a001992b552808766cc49b,REMOVE_SYNTHETIC_MERGE_PREFIX;BIND_PLATFORM_COLLECTION;RESTORE_SYSTEM_INDEX,True,LANDSAT/LC08/C02/T1_L2/1_LC08_137035_20240731,source-scenes-v1,2024-07-31,LANDSAT_8,LPGS_16.4.0,LPGS_16.4.0,Collection 2,305b35681f8a74b5d00dd78fd5420771670b993322cbe4e09b17aaa6cd0e17af,landsat,815214e2262f8afa3df106793bd6a72b8e2958a86d7f1f0cbe149981ca52bd1f,LANDSAT/LC08/C02/T1_L2/LC08_137035_20240731,LC08_137035_20240731,1722399651201,2024-08-15,2024-07-16,2024
AOI-01,18ae788e0cf1ef68015dfee09e2ef7a0a1af4676e0b5d436994b707dfe92dec3,LANDSAT/LC08/C02/T1_L2,2024-08-16T04:20:55.576000+00:00,final-source-scenes-r2-asset-verified,30.59,OUTSIDE_NOMINAL_WINDOW,b21c8cc7f3d4d35e1db4dfa1c8245ff10ba657c0a0a001992b552808766cc49b,REMOVE_SYNTHETIC_MERGE_PREFIX;BIND_PLATFORM_COLLECTION;RESTORE_SYSTEM_INDEX,False,LANDSAT/LC08/C02/T1_L2/1_LC08_137035_20240816,source-scenes-v1,2024-07-31,LANDSAT_8,LPGS_16.4.0,LPGS_16.4.0,Collection 2,305b35681f8a74b5d00dd78fd5420771670b993322cbe4e09b17aaa6cd0e17af,landsat,815214e2262f8afa3df106793bd6a72b8e2958a86d7f1f0cbe149981ca52bd1f,LANDSAT/LC08/C02/T1_L2/LC08_137035_20240816,LC08_137035_20240816,1723782055576,2024-08-15,2024-07-16,2024
AOI-01,18ae788e0cf1ef68015dfee09e2ef7a0a1af4676e0b5d436994b707dfe92dec3,LANDSAT/LC08/C02/T1_L2,2024-07-22T04:26:36.986000+00:00,final-source-scenes-r2-asset-verified,22.55,,b21c8cc7f3d4d35e1db4dfa1c8245ff10ba657c0a0a001992b552808766cc49b,REMOVE_SYNTHETIC_MERGE_PREFIX;BIND_PLATFORM_COLLECTION;RESTORE_SYSTEM_INDEX,True,LANDSAT/LC08/C02/T1_L2/1_LC08_138034_20240722,source-scenes-v1,2024-07-31,LANDSAT_8,LPGS_16.4.0,LPGS_16.4.0,Collection 2,305b35681f8a74b5d00dd78fd5420771670b993322cbe4e09b17aaa6cd0e17af,landsat,815214e2262f8afa3df106793bd6a72b8e2958a86d7f1f0cbe149981ca52bd1f,LANDSAT/LC08/C02/T1_L2/LC08_138034_20240722,LC08_138034_20240722,1721622396986,2024-08-15,2024-07-16,2024
AOI-01,18ae788e0cf1ef68015dfee09e2ef7a0a1af4676e0b5d436994b707dfe92dec3,LANDSAT/LC08/C02/T1_L2,2024-08-07T04:26:33.439000+00:00,final-source-scenes-r2-asset-verified,14.64,,b21c8cc7f3d4d35e1db4dfa1c8245ff10ba657c0a0a001992b552808766cc49b,REMOVE_SYNTHETIC_MERGE_PREFIX;BIND_PLATFORM_COLLECTION;RESTORE_SYSTEM_INDEX,True,LANDSAT/LC08/C02/T1_L2/1_LC08_138034_20240807,source-scenes-v1,2024-07-31,LANDSAT_8,LPGS_16.4.0,LPGS_16.4.0,Collection 2,305b35681f8a74b5d00dd78fd5420771670b993322cbe4e09b17aaa6cd0e17af,landsat,815214e2262f8afa3df106793bd6a72b8e2958a86d7f1f0cbe149981ca52bd1f,LANDSAT/LC08/C02/T1_L2/LC08_138034_20240807,LC08_138034_20240807,1723004793439,2024-08-15,2024-07-16,2024
AOI-01,18ae788e0cf1ef68015dfee09e2ef7a0a1af4676e0b5d436994b707dfe92dec3,LANDSAT/LC08/C02/T1_L2,2024-08-23T04:26:46.744000+00:00,final-source-scenes-r2-asset-verified,50.76,OUTSIDE_NOMINAL_WINDOW,b21c8cc7f3d4d35e1db4dfa1c8245ff10ba657c0a0a001992b552808766cc49b,REMOVE_SYNTHETIC_MERGE_PREFIX;BIND_PLATFORM_COLLECTION;RESTORE_SYSTEM_INDEX,False,LANDSAT/LC08/C02/T1_L2/1_LC08_138034_20240823,source-scenes-v1,2024-07-31,LANDSAT_8,LPGS_16.4.0,LPGS_16.4.0,Collection 2,305b35681f8a74b5d00dd78fd5420771670b993322cbe4e09b17aaa6cd0e17af,landsat,815214e2262f8afa3df106793bd6a72b8e2958a86d7f1f0cbe149981ca52bd1f,LANDSAT/LC08/C02/T1_L2/LC08_138034_20240823,LC08_138034_20240823,1724387206744,2024-08-15,2024-07-16,2024
AOI-01,18ae788e0cf1ef68015dfee09e2ef7a0a1af4676e0b5d436994b707dfe92dec3,LANDSAT/LC08/C02/T1_L2,2024-07-06T04:26:45.685000+00:00,final-source-scenes-r2-asset-verified,75.33,OUTSIDE_NOMINAL_WINDOW,b21c8cc7f3d4d35e1db4dfa1c8245ff10ba657c0a0a001992b552808766cc49b,REMOVE_SYNTHETIC_MERGE_PREFIX;BIND_PLATFORM_COLLECTION;RESTORE_SYSTEM_INDEX,False,LANDSAT/LC08/C02/T1_L2/1_LC08_138035_20240706,source-scenes-v1,2024-07-31,LANDSAT_8,LPGS_16.4.0,LPGS_16.4.0,Collection 2,305b35681f8a74b5d00dd78fd5420771670b993322cbe4e09b17aaa6cd0e17af,landsat,815214e2262f8afa3df106793bd6a72b8e2958a86d7f1f0cbe149981ca52bd1f,LANDSAT/LC08/C02/T1_L2/LC08_138035_20240706,LC08_138035_20240706,1720240005685,2024-08-15,2024-07-16,2024
AOI-01,18ae788e0cf1ef68015dfee09e2ef7a0a1af4676e0b5d436994b707dfe92dec3,LANDSAT/LC08/C02/T1_L2,2024-07-22T04:27:00.877000+00:00,final-source-scenes-r2-asset-verified,60.52,,b21c8cc7f3d4d35e1db4dfa1c8245ff10ba657c0a0a001992b552808766cc49b,REMOVE_SYNTHETIC_MERGE_PREFIX;BIND_PLATFORM_COLLECTION;RESTORE_SYSTEM_INDEX,True,LANDSAT/LC08/C02/T1_L2/1_LC08_138035_20240722,source-scenes-v1,2024-07-31,LANDSAT_8,LPGS_16.4.0,LPGS_16.4.0,Collection 2,305b35681f8a74b5d00dd78fd5420771670b993322cbe4e09b17aaa6cd0e17af,landsat,815214e2262f8afa3df106793bd6a72b8e2958a86d7f1f0cbe149981ca52bd1f,LANDSAT/LC08/C02/T1_L2/LC08_138035_20240722,LC08_138035_20240722,1721622420877,2024-08-15,2024-07-16,2024
AOI-01,18ae788e0cf1ef68015dfee09e2ef7a0a1af4676e0b5d436994b707dfe92dec3,LANDSAT/LC08/C02/T1_L2,2024-08-07T04:26:57.325000+00:00,final-source-scenes-r2-asset-verified,52.55,,b21c8cc7f3d4d35e1db4dfa1c8245ff10ba657c0a0a001992b552808766cc49b,REMOVE_SYNTHETIC_MERGE_PREFIX;BIND_PLATFORM_COLLECTION;RESTORE_SYSTEM_INDEX,True,LANDSAT/LC08/C02/T1_L2/1_LC08_138035_20240807,source-scenes-v1,2024-07-31,LANDSAT_8,LPGS_16.4.0,LPGS_16.4.0,Collection 2,305b35681f8a74b5d00dd78fd5420771670b993322cbe4e09b17aaa6cd0e17af,landsat,815214e2262f8afa3df106793bd6a72b8e2958a86d7f1f0cbe149981ca52bd1f,LANDSAT/LC08/C02/T1_L2/LC08_138035_20240807,LC08_138035_20240807,1723004817325,2024-08-15,2024-07-16,2024
AOI-01,18ae788e0cf1ef68015dfee09e2ef7a0a1af4676e0b5d436994b707dfe92dec3,LANDSAT/LC08/C02/T1_L2,2024-08-23T04:27:10.639000+00:00,final-source-scenes-r2-asset-verified,79.61,OUTSIDE_NOMINAL_WINDOW,b21c8cc7f3d4d35e1db4dfa1c8245ff10ba657c0a0a001992b552808766cc49b,REMOVE_SYNTHETIC_MERGE_PREFIX;BIND_PLATFORM_COLLECTION;RESTORE_SYSTEM_INDEX,False,LANDSAT/LC08/C02/T1_L2/1_LC08_138035_20240823,source-scenes-v1,2024-07-31,LANDSAT_8,LPGS_16.4.0,LPGS_16.4.0,Collection 2,305b35681f8a74b5d00dd78fd5420771670b993322cbe4e09b17aaa6cd0e17af,landsat,815214e2262f8afa3df106793bd6a72b8e2958a86d7f1f0cbe149981ca52bd1f,LANDSAT/LC08/C02/T1_L2/LC08_138035_20240823,LC08_138035_20240823,1724387230639,2024-08-15,2024-07-16,2024
AOI-01,18ae788e0cf1ef68015dfee09e2ef7a0a1af4676e0b5d436994b707dfe92dec3,LANDSAT/LC09/C02/T1_L2,2024-07-23T04:20:40.384000+00:00,final-source-scenes-r2-asset-verified,52.48,,b21c8cc7f3d4d35e1db4dfa1c8245ff10ba657c0a0a001992b552808766cc49b,REMOVE_SYNTHETIC_MERGE_PREFIX;BIND_PLATFORM_COLLECTION;RESTORE_SYSTEM_INDEX,True,LANDSAT/LC08/C02/T1_L2/2_LC09_137035_20240723,source-scenes-v1,2024-07-31,LANDSAT_9,LPGS_16.4.0,LPGS_16.4.0,Collection 2,305b35681f8a74b5d00dd78fd5420771670b993322cbe4e09b17aaa6cd0e17af,landsat,815214e2262f8afa3df106793bd6a72b8e2958a86d7f1f0cbe149981ca52bd1f,LANDSAT/LC09/C02/T1_L2/LC09_137035_20240723,LC09_137035_20240723,1721708440384,2024-08-15,2024-07-16,2024
AOI-01,18ae788e0cf1ef68015dfee09e2ef7a0a1af4676e0b5d436994b707dfe92dec3,LANDSAT/LC09/C02/T1_L2,2024-07-14T04:26:26.871000+00:00,final-source-scenes-r2-asset-verified,9.11,OUTSIDE_NOMINAL_WINDOW,b21c8cc7f3d4d35e1db4dfa1c8245ff10ba657c0a0a001992b552808766cc49b,REMOVE_SYNTHETIC_MERGE_PREFIX;BIND_PLATFORM_COLLECTION;RESTORE_SYSTEM_INDEX,False,LANDSAT/LC08/C02/T1_L2/2_LC09_138034_20240714,source-scenes-v1,2024-07-31,LANDSAT_9,LPGS_16.4.0,LPGS_16.4.0,Collection 2,305b35681f8a74b5d00dd78fd5420771670b993322cbe4e09b17aaa6cd0e17af,landsat,815214e2262f8afa3df106793bd6a72b8e2958a86d7f1f0cbe149981ca52bd1f,LANDSAT/LC09/C02/T1_L2/LC09_138034_20240714,LC09_138034_20240714,1720931186871,2024-08-15,2024-07-16,2024
AOI-01,18ae788e0cf1ef68015dfee09e2ef7a0a1af4676e0b5d436994b707dfe92dec3,LANDSAT/LC09/C02/T1_L2,2024-07-30T04:26:29.499000+00:00,final-source-scenes-r2-asset-verified,0.19,,b21c8cc7f3d4d35e1db4dfa1c8245ff10ba657c0a0a001992b552808766cc49b,REMOVE_SYNTHETIC_MERGE_PREFIX;BIND_PLATFORM_COLLECTION;RESTORE_SYSTEM_INDEX,True,LANDSAT/LC08/C02/T1_L2/2_LC09_138034_20240730,source-scenes-v1,2024-07-31,LANDSAT_9,LPGS_16.4.0,LPGS_16.4.0,Collection 2,305b35681f8a74b5d00dd78fd5420771670b993322cbe4e09b17aaa6cd0e17af,landsat,815214e2262f8afa3df106793bd6a72b8e2958a86d7f1f0cbe149981ca52bd1f,LANDSAT/LC09/C02/T1_L2/LC09_138034_20240730,LC09_138034_20240730,1722313589499,2024-08-15,2024-07-16,2024
AOI-01,18ae788e0cf1ef68015dfee09e2ef7a0a1af4676e0b5d436994b707dfe92dec3,LANDSAT/LC09/C02/T1_L2,2024-08-15T04:26:36.495000+00:00,final-source-scenes-r2-asset-verified,11.1,,b21c8cc7f3d4d35e1db4dfa1c8245ff10ba657c0a0a001992b552808766cc49b,REMOVE_SYNTHETIC_MERGE_PREFIX;BIND_PLATFORM_COLLECTION;RESTORE_SYSTEM_INDEX,True,LANDSAT/LC08/C02/T1_L2/2_LC09_138034_20240815,source-scenes-v1,2024-07-31,LANDSAT_9,LPGS_16.4.0,LPGS_16.4.0,Collection 2,305b35681f8a74b5d00dd78fd5420771670b993322cbe4e09b17aaa6cd0e17af,landsat,815214e2262f8afa3df106793bd6a72b8e2958a86d7f1f0cbe149981ca52bd1f,LANDSAT/LC09/C02/T1_L2/LC09_138034_20240815,LC09_138034_20240815,1723695996495,2024-08-15,2024-07-16,2024
AOI-01,18ae788e0cf1ef68015dfee09e2ef7a0a1af4676e0b5d436994b707dfe92dec3,LANDSAT/LC09/C02/T1_L2,2024-07-14T04:26:50.757000+00:00,final-source-scenes-r2-asset-verified,33.81,OUTSIDE_NOMINAL_WINDOW,b21c8cc7f3d4d35e1db4dfa1c8245ff10ba657c0a0a001992b552808766cc49b,REMOVE_SYNTHETIC_MERGE_PREFIX;BIND_PLATFORM_COLLECTION;RESTORE_SYSTEM_INDEX,False,LANDSAT/LC08/C02/T1_L2/2_LC09_138035_20240714,source-scenes-v1,2024-07-31,LANDSAT_9,LPGS_16.4.0,LPGS_16.4.0,Collection 2,305b35681f8a74b5d00dd78fd5420771670b993322cbe4e09b17aaa6cd0e17af,landsat,815214e2262f8afa3df106793bd6a72b8e2958a86d7f1f0cbe149981ca52bd1f,LANDSAT/LC09/C02/T1_L2/LC09_138035_20240714,LC09_138035_20240714,1720931210757,2024-08-15,2024-07-16,2024
AOI-01,18ae788e0cf1ef68015dfee09e2ef7a0a1af4676e0b5d436994b707dfe92dec3,LANDSAT/LC09/C02/T1_L2,2024-07-30T04:26:53.390000+00:00,final-source-scenes-r2-asset-verified,2.37,,b21c8cc7f3d4d35e1db4dfa1c8245ff10ba657c0a0a001992b552808766cc49b,REMOVE_SYNTHETIC_MERGE_PREFIX;BIND_PLATFORM_COLLECTION;RESTORE_SYSTEM_INDEX,True,LANDSAT/LC08/C02/T1_L2/2_LC09_138035_20240730,source-scenes-v1,2024-07-31,LANDSAT_9,LPGS_16.4.0,LPGS_16.4.0,Collection 2,305b35681f8a74b5d00dd78fd5420771670b993322cbe4e09b17aaa6cd0e17af,landsat,815214e2262f8afa3df106793bd6a72b8e2958a86d7f1f0cbe149981ca52bd1f,LANDSAT/LC09/C02/T1_L2/LC09_138035_20240730,LC09_138035_20240730,1722313613390,2024-08-15,2024-07-16,2024
AOI-01,18ae788e0cf1ef68015dfee09e2ef7a0a1af4676e0b5d436994b707dfe92dec3,LANDSAT/LC09/C02/T1_L2,2024-08-15T04:27:00.386000+00:00,final-source-scenes-r2-asset-verified,13.17,,b21c8cc7f3d4d35e1db4dfa1c8245ff10ba657c0a0a001992b552808766cc49b,REMOVE_SYNTHETIC_MERGE_PREFIX;BIND_PLATFORM_COLLECTION;RESTORE_SYSTEM_INDEX,True,LANDSAT/LC08/C02/T1_L2/2_LC09_138035_20240815,source-scenes-v1,2024-07-31,LANDSAT_9,LPGS_16.4.0,LPGS_16.4.0,Collection 2,305b35681f8a74b5d00dd78fd5420771670b993322cbe4e09b17aaa6cd0e17af,landsat,815214e2262f8afa3df106793bd6a72b8e2958a86d7f1f0cbe149981ca52bd1f,LANDSAT/LC09/C02/T1_L2/LC09_138035_20240815,LC09_138035_20240815,1723696020386,2024-08-15,2024-07-16,2024
AOI-01,18ae788e0cf1ef68015dfee09e2ef7a0a1af4676e0b5d436994b707dfe92dec3,LANDSAT/LC08/C02/T1_L2,2024-07-15T04:20:42.955000+00:00,final-source-scenes-r2-asset-verified,36.68,OUTSIDE_NOMINAL_WINDOW,b21c8cc7f3d4d35e1db4dfa1c8245ff10ba657c0a0a001992b552808766cc49b,REMOVE_SYNTHETIC_MERGE_PREFIX;BIND_PLATFORM_COLLECTION;RESTORE_SYSTEM_INDEX,False,LANDSAT/LC08/C02/T1_L2/1_LC08_137035_20240715,source-scenes-v1,2024-08-10,LANDSAT_8,LPGS_16.4.0,LPGS_16.4.0,Collection 2,e3566d448ae5357fc0492a6de5ddeed71cd4c5ca28f2b788dda0f890ba36f596,landsat,724c46f42edf7389b880a7a0533115a94b19363680518512e5138ccac7af7358,LANDSAT/LC08/C02/T1_L2/LC08_137035_20240715,LC08_137035_20240715,1721017242955,2024-08-25,2024-07-26,2024
AOI-01,18ae788e0cf1ef68015dfee09e2ef7a0a1af4676e0b5d436994b707dfe92dec3,LANDSAT/LC08/C02/T1_L2,2024-07-31T04:20:51.201000+00:00,final-source-scenes-r2-asset-verified,0.11,,b21c8cc7f3d4d35e1db4dfa1c8245ff10ba657c0a0a001992b552808766cc49b,REMOVE_SYNTHETIC_MERGE_PREFIX;BIND_PLATFORM_COLLECTION;RESTORE_SYSTEM_INDEX,True,LANDSAT/LC08/C02/T1_L2/1_LC08_137035_20240731,source-scenes-v1,2024-08-10,LANDSAT_8,LPGS_16.4.0,LPGS_16.4.0,Collection 2,e3566d448ae5357fc0492a6de5ddeed71cd4c5ca28f2b788dda0f890ba36f596,landsat,724c46f42edf7389b880a7a0533115a94b19363680518512e5138ccac7af7358,LANDSAT/LC08/C02/T1_L2/LC08_137035_20240731,LC08_137035_20240731,1722399651201,2024-08-25,2024-07-26,2024
AOI-01,18ae788e0cf1ef68015dfee09e2ef7a0a1af4676e0b5d436994b707dfe92dec3,LANDSAT/LC08/C02/T1_L2,2024-08-16T04:20:55.576000+00:00,final-source-scenes-r2-asset-verified,30.59,,b21c8cc7f3d4d35e1db4dfa1c8245ff10ba657c0a0a001992b552808766cc49b,REMOVE_SYNTHETIC_MERGE_PREFIX;BIND_PLATFORM_COLLECTION;RESTORE_SYSTEM_INDEX,True,LANDSAT/LC08/C02/T1_L2/1_LC08_137035_20240816,source-scenes-v1,2024-08-10,LANDSAT_8,LPGS_16.4.0,LPGS_16.4.0,Collection 2,e3566d448ae5357fc0492a6de5ddeed71cd4c5ca28f2b788dda0f890ba36f596,landsat,724c46f42edf7389b880a7a0533115a94b19363680518512e5138ccac7af7358,LANDSAT/LC08/C02/T1_L2/LC08_137035_20240816,LC08_137035_20240816,1723782055576,2024-08-25,2024-07-26,2024
AOI-01,18ae788e0cf1ef68015dfee09e2ef7a0a1af4676e0b5d436994b707dfe92dec3,LANDSAT/LC08/C02/T1_L2,2024-07-22T04:26:36.986000+00:00,final-source-scenes-r2-asset-verified,22.55,OUTSIDE_NOMINAL_WINDOW,b21c8cc7f3d4d35e1db4dfa1c8245ff10ba657c0a0a001992b552808766cc49b,REMOVE_SYNTHETIC_MERGE_PREFIX;BIND_PLATFORM_COLLECTION;RESTORE_SYSTEM_INDEX,False,LANDSAT/LC08/C02/T1_L2/1_LC08_138034_20240722,source-scenes-v1,2024-08-10,LANDSAT_8,LPGS_16.4.0,LPGS_16.4.0,Collection 2,e3566d448ae5357fc0492a6de5ddeed71cd4c5ca28f2b788dda0f890ba36f596,landsat,724c46f42edf7389b880a7a0533115a94b19363680518512e5138ccac7af7358,LANDSAT/LC08/C02/T1_L2/LC08_138034_20240722,LC08_138034_20240722,1721622396986,2024-08-25,2024-07-26,2024
AOI-01,18ae788e0cf1ef68015dfee09e2ef7a0a1af4676e0b5d436994b707dfe92dec3,LANDSAT/LC08/C02/T1_L2,2024-08-07T04:26:33.439000+00:00,final-source-scenes-r2-asset-verified,14.64,,b21c8cc7f3d4d35e1db4dfa1c8245ff10ba657c0a0a001992b552808766cc49b,REMOVE_SYNTHETIC_MERGE_PREFIX;BIND_PLATFORM_COLLECTION;RESTORE_SYSTEM_INDEX,True,LANDSAT/LC08/C02/T1_L2/1_LC08_138034_20240807,source-scenes-v1,2024-08-10,LANDSAT_8,LPGS_16.4.0,LPGS_16.4.0,Collection 2,e3566d448ae5357fc0492a6de5ddeed71cd4c5ca28f2b788dda0f890ba36f596,landsat,724c46f42edf7389b880a7a0533115a94b19363680518512e5138ccac7af7358,LANDSAT/LC08/C02/T1_L2/LC08_138034_20240807,LC08_138034_20240807,1723004793439,2024-08-25,2024-07-26,2024
AOI-01,18ae788e0cf1ef68015dfee09e2ef7a0a1af4676e0b5d436994b707dfe92dec3,LANDSAT/LC08/C02/T1_L2,2024-08-23T04:26:46.744000+00:00,final-source-scenes-r2-asset-verified,50.76,,b21c8cc7f3d4d35e1db4dfa1c8245ff10ba657c0a0a001992b552808766cc49b,REMOVE_SYNTHETIC_MERGE_PREFIX;BIND_PLATFORM_COLLECTION;RESTORE_SYSTEM_INDEX,True,LANDSAT/LC08/C02/T1_L2/1_LC08_138034_20240823,source-scenes-v1,2024-08-10,LANDSAT_8,LPGS_16.4.0,LPGS_16.4.0,Collection 2,e3566d448ae5357fc0492a6de5ddeed71cd4c5ca28f2b788dda0f890ba36f596,landsat,724c46f42edf7389b880a7a0533115a94b19363680518512e5138ccac7af7358,LANDSAT/LC08/C02/T1_L2/LC08_138034_20240823,LC08_138034_20240823,1724387206744,2024-08-25,2024-07-26,2024
AOI-01,18ae788e0cf1ef68015dfee09e2ef7a0a1af4676e0b5d436994b707dfe92dec3,LANDSAT/LC08/C02/T1_L2,2024-07-06T04:26:45.685000+00:00,final-source-scenes-r2-asset-verified,75.33,OUTSIDE_NOMINAL_WINDOW,b21c8cc7f3d4d35e1db4dfa1c8245ff10ba657c0a0a001992b552808766cc49b,REMOVE_SYNTHETIC_MERGE_PREFIX;BIND_PLATFORM_COLLECTION;RESTORE_SYSTEM_INDEX,False,LANDSAT/LC08/C02/T1_L2/1_LC08_138035_20240706,source-scenes-v1,2024-08-10,LANDSAT_8,LPGS_16.4.0,LPGS_16.4.0,Collection 2,e3566d448ae5357fc0492a6de5ddeed71cd4c5ca28f2b788dda0f890ba36f596,landsat,724c46f42edf7389b880a7a0533115a94b19363680518512e5138ccac7af7358,LANDSAT/LC08/C02/T1_L2/LC08_138035_20240706,LC08_138035_20240706,1720240005685,2024-08-25,2024-07-26,2024
AOI-01,18ae788e0cf1ef68015dfee09e2ef7a0a1af4676e0b5d436994b707dfe92dec3,LANDSAT/LC08/C02/T1_L2,2024-07-22T04:27:00.877000+00:00,final-source-scenes-r2-asset-verified,60.52,OUTSIDE_NOMINAL_WINDOW,b21c8cc7f3d4d35e1db4dfa1c8245ff10ba657c0a0a001992b552808766cc49b,REMOVE_SYNTHETIC_MERGE_PREFIX;BIND_PLATFORM_COLLECTION;RESTORE_SYSTEM_INDEX,False,LANDSAT/LC08/C02/T1_L2/1_LC08_138035_20240722,source-scenes-v1,2024-08-10,LANDSAT_8,LPGS_16.4.0,LPGS_16.4.0,Collection 2,e3566d448ae5357fc0492a6de5ddeed71cd4c5ca28f2b788dda0f890ba36f596,landsat,724c46f42edf7389b880a7a0533115a94b19363680518512e5138ccac7af7358,LANDSAT/LC08/C02/T1_L2/LC08_138035_20240722,LC08_138035_20240722,1721622420877,2024-08-25,2024-07-26,2024
AOI-01,18ae788e0cf1ef68015dfee09e2ef7a0a1af4676e0b5d436994b707dfe92dec3,LANDSAT/LC08/C02/T1_L2,2024-08-07T04:26:57.325000+00:00,final-source-scenes-r2-asset-verified,52.55,,b21c8cc7f3d4d35e1db4dfa1c8245ff10ba657c0a0a001992b552808766cc49b,REMOVE_SYNTHETIC_MERGE_PREFIX;BIND_PLATFORM_COLLECTION;RESTORE_SYSTEM_INDEX,True,LANDSAT/LC08/C02/T1_L2/1_LC08_138035_20240807,source-scenes-v1,2024-08-10,LANDSAT_8,LPGS_16.4.0,LPGS_16.4.0,Collection 2,e3566d448ae5357fc0492a6de5ddeed71cd4c5ca28f2b788dda0f890ba36f596,landsat,724c46f42edf7389b880a7a0533115a94b19363680518512e5138ccac7af7358,LANDSAT/LC08/C02/T1_L2/LC08_138035_20240807,LC08_138035_20240807,1723004817325,2024-08-25,2024-07-26,2024
AOI-01,18ae788e0cf1ef68015dfee09e2ef7a0a1af4676e0b5d436994b707dfe92dec3,LANDSAT/LC08/C02/T1_L2,2024-08-23T04:27:10.639000+00:00,final-source-scenes-r2-asset-verified,79.61,,b21c8cc7f3d4d35e1db4dfa1c8245ff10ba657c0a0a001992b552808766cc49b,REMOVE_SYNTHETIC_MERGE_PREFIX;BIND_PLATFORM_COLLECTION;RESTORE_SYSTEM_INDEX,True,LANDSAT/LC08/C02/T1_L2/1_LC08_138035_20240823,source-scenes-v1,2024-08-10,LANDSAT_8,LPGS_16.4.0,LPGS_16.4.0,Collection 2,e3566d448ae5357fc0492a6de5ddeed71cd4c5ca28f2b788dda0f890ba36f596,landsat,724c46f42edf7389b880a7a0533115a94b19363680518512e5138ccac7af7358,LANDSAT/LC08/C02/T1_L2/LC08_138035_20240823,LC08_138035_20240823,1724387230639,2024-08-25,2024-07-26,2024
AOI-01,18ae788e0cf1ef68015dfee09e2ef7a0a1af4676e0b5d436994b707dfe92dec3,LANDSAT/LC09/C02/T1_L2,2024-07-23T04:20:40.384000+00:00,final-source-scenes-r2-asset-verified,52.48,OUTSIDE_NOMINAL_WINDOW,b21c8cc7f3d4d35e1db4dfa1c8245ff10ba657c0a0a001992b552808766cc49b,REMOVE_SYNTHETIC_MERGE_PREFIX;BIND_PLATFORM_COLLECTION;RESTORE_SYSTEM_INDEX,False,LANDSAT/LC08/C02/T1_L2/2_LC09_137035_20240723,source-scenes-v1,2024-08-10,LANDSAT_9,LPGS_16.4.0,LPGS_16.4.0,Collection 2,e3566d448ae5357fc0492a6de5ddeed71cd4c5ca28f2b788dda0f890ba36f596,landsat,724c46f42edf7389b880a7a0533115a94b19363680518512e5138ccac7af7358,LANDSAT/LC09/C02/T1_L2/LC09_137035_20240723,LC09_137035_20240723,1721708440384,2024-08-25,2024-07-26,2024
AOI-01,18ae788e0cf1ef68015dfee09e2ef7a0a1af4676e0b5d436994b707dfe92dec3,LANDSAT/LC09/C02/T1_L2,2024-07-14T04:26:26.871000+00:00,final-source-scenes-r2-asset-verified,9.11,OUTSIDE_NOMINAL_WINDOW,b21c8cc7f3d4d35e1db4dfa1c8245ff10ba657c0a0a001992b552808766cc49b,REMOVE_SYNTHETIC_MERGE_PREFIX;BIND_PLATFORM_COLLECTION;RESTORE_SYSTEM_INDEX,False,LANDSAT/LC08/C02/T1_L2/2_LC09_138034_20240714,source-scenes-v1,2024-08-10,LANDSAT_9,LPGS_16.4.0,LPGS_16.4.0,Collection 2,e3566d448ae5357fc0492a6de5ddeed71cd4c5ca28f2b788dda0f890ba36f596,landsat,724c46f42edf7389b880a7a0533115a94b19363680518512e5138ccac7af7358,LANDSAT/LC09/C02/T1_L2/LC09_138034_20240714,LC09_138034_20240714,1720931186871,2024-08-25,2024-07-26,2024
AOI-01,18ae788e0cf1ef68015dfee09e2ef7a0a1af4676e0b5d436994b707dfe92dec3,LANDSAT/LC09/C02/T1_L2,2024-07-30T04:26:29.499000+00:00,final-source-scenes-r2-asset-verified,0.19,,b21c8cc7f3d4d35e1db4dfa1c8245ff10ba657c0a0a001992b552808766cc49b,REMOVE_SYNTHETIC_MERGE_PREFIX;BIND_PLATFORM_COLLECTION;RESTORE_SYSTEM_INDEX,True,LANDSAT/LC08/C02/T1_L2/2_LC09_138034_20240730,source-scenes-v1,2024-08-10,LANDSAT_9,LPGS_16.4.0,LPGS_16.4.0,Collection 2,e3566d448ae5357fc0492a6de5ddeed71cd4c5ca28f2b788dda0f890ba36f596,landsat,724c46f42edf7389b880a7a0533115a94b19363680518512e5138ccac7af7358,LANDSAT/LC09/C02/T1_L2/LC09_138034_20240730,LC09_138034_20240730,1722313589499,2024-08-25,2024-07-26,2024
AOI-01,18ae788e0cf1ef68015dfee09e2ef7a0a1af4676e0b5d436994b707dfe92dec3,LANDSAT/LC09/C02/T1_L2,2024-08-15T04:26:36.495000+00:00,final-source-scenes-r2-asset-verified,11.1,,b21c8cc7f3d4d35e1db4dfa1c8245ff10ba657c0a0a001992b552808766cc49b,REMOVE_SYNTHETIC_MERGE_PREFIX;BIND_PLATFORM_COLLECTION;RESTORE_SYSTEM_INDEX,True,LANDSAT/LC08/C02/T1_L2/2_LC09_138034_20240815,source-scenes-v1,2024-08-10,LANDSAT_9,LPGS_16.4.0,LPGS_16.4.0,Collection 2,e3566d448ae5357fc0492a6de5ddeed71cd4c5ca28f2b788dda0f890ba36f596,landsat,724c46f42edf7389b880a7a0533115a94b19363680518512e5138ccac7af7358,LANDSAT/LC09/C02/T1_L2/LC09_138034_20240815,LC09_138034_20240815,1723695996495,2024-08-25,2024-07-26,2024
AOI-01,18ae788e0cf1ef68015dfee09e2ef7a0a1af4676e0b5d436994b707dfe92dec3,LANDSAT/LC09/C02/T1_L2,2024-07-14T04:26:50.757000+00:00,final-source-scenes-r2-asset-verified,33.81,OUTSIDE_NOMINAL_WINDOW,b21c8cc7f3d4d35e1db4dfa1c8245ff10ba657c0a0a001992b552808766cc49b,REMOVE_SYNTHETIC_MERGE_PREFIX;BIND_PLATFORM_COLLECTION;RESTORE_SYSTEM_INDEX,False,LANDSAT/LC08/C02/T1_L2/2_LC09_138035_20240714,source-scenes-v1,2024-08-10,LANDSAT_9,LPGS_16.4.0,LPGS_16.4.0,Collection 2,e3566d448ae5357fc0492a6de5ddeed71cd4c5ca28f2b788dda0f890ba36f596,landsat,724c46f42edf7389b880a7a0533115a94b19363680518512e5138ccac7af7358,LANDSAT/LC09/C02/T1_L2/LC09_138035_20240714,LC09_138035_20240714,1720931210757,2024-08-25,2024-07-26,2024
AOI-01,18ae788e0cf1ef68015dfee09e2ef7a0a1af4676e0b5d436994b707dfe92dec3,LANDSAT/LC09/C02/T1_L2,2024-07-30T04:26:53.390000+00:00,final-source-scenes-r2-asset-verified,2.37,,b21c8cc7f3d4d35e1db4dfa1c8245ff10ba657c0a0a001992b552808766cc49b,REMOVE_SYNTHETIC_MERGE_PREFIX;BIND_PLATFORM_COLLECTION;RESTORE_SYSTEM_INDEX,True,LANDSAT/LC08/C02/T1_L2/2_LC09_138035_20240730,source-scenes-v1,2024-08-10,LANDSAT_9,LPGS_16.4.0,LPGS_16.4.0,Collection 2,e3566d448ae5357fc0492a6de5ddeed71cd4c5ca28f2b788dda0f890ba36f596,landsat,724c46f42edf7389b880a7a0533115a94b19363680518512e5138ccac7af7358,LANDSAT/LC09/C02/T1_L2/LC09_138035_20240730,LC09_138035_20240730,1722313613390,2024-08-25,2024-07-26,2024
AOI-01,18ae788e0cf1ef68015dfee09e2ef7a0a1af4676e0b5d436994b707dfe92dec3,LANDSAT/LC09/C02/T1_L2,2024-08-15T04:27:00.386000+00:00,final-source-scenes-r2-asset-verified,13.17,,b21c8cc7f3d4d35e1db4dfa1c8245ff10ba657c0a0a001992b552808766cc49b,REMOVE_SYNTHETIC_MERGE_PREFIX;BIND_PLATFORM_COLLECTION;RESTORE_SYSTEM_INDEX,True,LANDSAT/LC08/C02/T1_L2/2_LC09_138035_20240815,source-scenes-v1,2024-08-10,LANDSAT_9,LPGS_16.4.0,LPGS_16.4.0,Collection 2,e3566d448ae5357fc0492a6de5ddeed71cd4c5ca28f2b788dda0f890ba36f596,landsat,724c46f42edf7389b880a7a0533115a94b19363680518512e5138ccac7af7358,LANDSAT/LC09/C02/T1_L2/LC09_138035_20240815,LC09_138035_20240815,1723696020386,2024-08-25,2024-07-26,2024
AOI-01,18ae788e0cf1ef68015dfee09e2ef7a0a1af4676e0b5d436994b707dfe92dec3,LANDSAT/LC08/C02/T1_L2,2025-07-18T04:21:05.038000+00:00,final-source-scenes-r2-asset-verified,34.63,,b21c8cc7f3d4d35e1db4dfa1c8245ff10ba657c0a0a001992b552808766cc49b,REMOVE_SYNTHETIC_MERGE_PREFIX;BIND_PLATFORM_COLLECTION;RESTORE_SYSTEM_INDEX,True,LANDSAT/LC08/C02/T1_L2/1_LC08_137035_20250718,source-scenes-v1,2025-07-20,LANDSAT_8,LPGS_16.5.0,LPGS_16.5.0,Collection 2,9f13e13f431c9cf41b50192f78fc13f261c358c5f247604b1211bfc2239711eb,landsat,6038bbf4887d3cf0db901c5ddd38603731499e63d36c53332b2f38c79e5bcfa6,LANDSAT/LC08/C02/T1_L2/LC08_137035_20250718,LC08_137035_20250718,1752812465038,2025-08-04,2025-07-05,2025
AOI-01,18ae788e0cf1ef68015dfee09e2ef7a0a1af4676e0b5d436994b707dfe92dec3,LANDSAT/LC08/C02/T1_L2,2025-08-03T04:21:10.255000+00:00,final-source-scenes-r2-asset-verified,69.66,,b21c8cc7f3d4d35e1db4dfa1c8245ff10ba657c0a0a001992b552808766cc49b,REMOVE_SYNTHETIC_MERGE_PREFIX;BIND_PLATFORM_COLLECTION;RESTORE_SYSTEM_INDEX,True,LANDSAT/LC08/C02/T1_L2/1_LC08_137035_20250803,source-scenes-v1,2025-07-20,LANDSAT_8,LPGS_16.5.0,LPGS_16.5.0,Collection 2,9f13e13f431c9cf41b50192f78fc13f261c358c5f247604b1211bfc2239711eb,landsat,6038bbf4887d3cf0db901c5ddd38603731499e63d36c53332b2f38c79e5bcfa6,LANDSAT/LC08/C02/T1_L2/LC08_137035_20250803,LC08_137035_20250803,1754194870255,2025-08-04,2025-07-05,2025
AOI-01,18ae788e0cf1ef68015dfee09e2ef7a0a1af4676e0b5d436994b707dfe92dec3,LANDSAT/LC08/C02/T1_L2,2025-08-19T04:21:17.447000+00:00,final-source-scenes-r2-asset-verified,74.51,OUTSIDE_NOMINAL_WINDOW,b21c8cc7f3d4d35e1db4dfa1c8245ff10ba657c0a0a001992b552808766cc49b,REMOVE_SYNTHETIC_MERGE_PREFIX;BIND_PLATFORM_COLLECTION;RESTORE_SYSTEM_INDEX,False,LANDSAT/LC08/C02/T1_L2/1_LC08_137035_20250819,source-scenes-v1,2025-07-20,LANDSAT_8,LPGS_16.5.0,LPGS_16.5.0,Collection 2,9f13e13f431c9cf41b50192f78fc13f261c358c5f247604b1211bfc2239711eb,landsat,6038bbf4887d3cf0db901c5ddd38603731499e63d36c53332b2f38c79e5bcfa6,LANDSAT/LC08/C02/T1_L2/LC08_137035_20250819,LC08_137035_20250819,1755577277447,2025-08-04,2025-07-05,2025
AOI-01,18ae788e0cf1ef68015dfee09e2ef7a0a1af4676e0b5d436994b707dfe92dec3,LANDSAT/LC08/C02/T1_L2,2025-07-09T04:26:46.817000+00:00,final-source-scenes-r2-asset-verified,1.66,,b21c8cc7f3d4d35e1db4dfa1c8245ff10ba657c0a0a001992b552808766cc49b,REMOVE_SYNTHETIC_MERGE_PREFIX;BIND_PLATFORM_COLLECTION;RESTORE_SYSTEM_INDEX,True,LANDSAT/LC08/C02/T1_L2/1_LC08_138034_20250709,source-scenes-v1,2025-07-20,LANDSAT_8,LPGS_16.5.0,LPGS_16.5.0,Collection 2,9f13e13f431c9cf41b50192f78fc13f261c358c5f247604b1211bfc2239711eb,landsat,6038bbf4887d3cf0db901c5ddd38603731499e63d36c53332b2f38c79e5bcfa6,LANDSAT/LC08/C02/T1_L2/LC08_138034_20250709,LC08_138034_20250709,1752035206817,2025-08-04,2025-07-05,2025
AOI-01,18ae788e0cf1ef68015dfee09e2ef7a0a1af4676e0b5d436994b707dfe92dec3,LANDSAT/LC08/C02/T1_L2,2025-07-25T04:26:54.142000+00:00,final-source-scenes-r2-asset-verified,6.37,,b21c8cc7f3d4d35e1db4dfa1c8245ff10ba657c0a0a001992b552808766cc49b,REMOVE_SYNTHETIC_MERGE_PREFIX;BIND_PLATFORM_COLLECTION;RESTORE_SYSTEM_INDEX,True,LANDSAT/LC08/C02/T1_L2/1_LC08_138034_20250725,source-scenes-v1,2025-07-20,LANDSAT_8,LPGS_16.5.0,LPGS_16.5.0,Collection 2,9f13e13f431c9cf41b50192f78fc13f261c358c5f247604b1211bfc2239711eb,landsat,6038bbf4887d3cf0db901c5ddd38603731499e63d36c53332b2f38c79e5bcfa6,LANDSAT/LC08/C02/T1_L2/LC08_138034_20250725,LC08_138034_20250725,1753417614142,2025-08-04,2025-07-05,2025
AOI-01,18ae788e0cf1ef68015dfee09e2ef7a0a1af4676e0b5d436994b707dfe92dec3,LANDSAT/LC08/C02/T1_L2,2025-08-10T04:27:01.833000+00:00,final-source-scenes-r2-asset-verified,2.79,OUTSIDE_NOMINAL_WINDOW,b21c8cc7f3d4d35e1db4dfa1c8245ff10ba657c0a0a001992b552808766cc49b,REMOVE_SYNTHETIC_MERGE_PREFIX;BIND_PLATFORM_COLLECTION;RESTORE_SYSTEM_INDEX,False,LANDSAT/LC08/C02/T1_L2/1_LC08_138034_20250810,source-scenes-v1,2025-07-20,LANDSAT_8,LPGS_16.5.0,LPGS_16.5.0,Collection 2,9f13e13f431c9cf41b50192f78fc13f261c358c5f247604b1211bfc2239711eb,landsat,6038bbf4887d3cf0db901c5ddd38603731499e63d36c53332b2f38c79e5bcfa6,LANDSAT/LC08/C02/T1_L2/LC08_138034_20250810,LC08_138034_20250810,1754800021833,2025-08-04,2025-07-05,2025
AOI-01,18ae788e0cf1ef68015dfee09e2ef7a0a1af4676e0b5d436994b707dfe92dec3,LANDSAT/LC08/C02/T1_L2,2025-07-09T04:27:10.713000+00:00,final-source-scenes-r2-asset-verified,23.29,,b21c8cc7f3d4d35e1db4dfa1c8245ff10ba657c0a0a001992b552808766cc49b,REMOVE_SYNTHETIC_MERGE_PREFIX;BIND_PLATFORM_COLLECTION;RESTORE_SYSTEM_INDEX,True,LANDSAT/LC08/C02/T1_L2/1_LC08_138035_20250709,source-scenes-v1,2025-07-20,LANDSAT_8,LPGS_16.5.0,LPGS_16.5.0,Collection 2,9f13e13f431c9cf41b50192f78fc13f261c358c5f247604b1211bfc2239711eb,landsat,6038bbf4887d3cf0db901c5ddd38603731499e63d36c53332b2f38c79e5bcfa6,LANDSAT/LC08/C02/T1_L2/LC08_138035_20250709,LC08_138035_20250709,1752035230713,2025-08-04,2025-07-05,2025
AOI-01,18ae788e0cf1ef68015dfee09e2ef7a0a1af4676e0b5d436994b707dfe92dec3,LANDSAT/LC08/C02/T1_L2,2025-07-25T04:27:18.033000+00:00,final-source-scenes-r2-asset-verified,28.13,,b21c8cc7f3d4d35e1db4dfa1c8245ff10ba657c0a0a001992b552808766cc49b,REMOVE_SYNTHETIC_MERGE_PREFIX;BIND_PLATFORM_COLLECTION;RESTORE_SYSTEM_INDEX,True,LANDSAT/LC08/C02/T1_L2/1_LC08_138035_20250725,source-scenes-v1,2025-07-20,LANDSAT_8,LPGS_16.5.0,LPGS_16.5.0,Collection 2,9f13e13f431c9cf41b50192f78fc13f261c358c5f247604b1211bfc2239711eb,landsat,6038bbf4887d3cf0db901c5ddd38603731499e63d36c53332b2f38c79e5bcfa6,LANDSAT/LC08/C02/T1_L2/LC08_138035_20250725,LC08_138035_20250725,1753417638033,2025-08-04,2025-07-05,2025
AOI-01,18ae788e0cf1ef68015dfee09e2ef7a0a1af4676e0b5d436994b707dfe92dec3,LANDSAT/LC08/C02/T1_L2,2025-08-10T04:27:25.724000+00:00,final-source-scenes-r2-asset-verified,28.03,OUTSIDE_NOMINAL_WINDOW,b21c8cc7f3d4d35e1db4dfa1c8245ff10ba657c0a0a001992b552808766cc49b,REMOVE_SYNTHETIC_MERGE_PREFIX;BIND_PLATFORM_COLLECTION;RESTORE_SYSTEM_INDEX,False,LANDSAT/LC08/C02/T1_L2/1_LC08_138035_20250810,source-scenes-v1,2025-07-20,LANDSAT_8,LPGS_16.5.0,LPGS_16.5.0,Collection 2,9f13e13f431c9cf41b50192f78fc13f261c358c5f247604b1211bfc2239711eb,landsat,6038bbf4887d3cf0db901c5ddd38603731499e63d36c53332b2f38c79e5bcfa6,LANDSAT/LC08/C02/T1_L2/LC08_138035_20250810,LC08_138035_20250810,1754800045724,2025-08-04,2025-07-05,2025
AOI-01,18ae788e0cf1ef68015dfee09e2ef7a0a1af4676e0b5d436994b707dfe92dec3,LANDSAT/LC09/C02/T1_L2,2025-07-10T04:20:57.352000+00:00,final-source-scenes-r2-asset-verified,39.43,,b21c8cc7f3d4d35e1db4dfa1c8245ff10ba657c0a0a001992b552808766cc49b,REMOVE_SYNTHETIC_MERGE_PREFIX;BIND_PLATFORM_COLLECTION;RESTORE_SYSTEM_INDEX,True,LANDSAT/LC08/C02/T1_L2/2_LC09_137035_20250710,source-scenes-v1,2025-07-20,LANDSAT_9,LPGS_16.5.0,LPGS_16.5.0,Collection 2,9f13e13f431c9cf41b50192f78fc13f261c358c5f247604b1211bfc2239711eb,landsat,6038bbf4887d3cf0db901c5ddd38603731499e63d36c53332b2f38c79e5bcfa6,LANDSAT/LC09/C02/T1_L2/LC09_137035_20250710,LC09_137035_20250710,1752121257352,2025-08-04,2025-07-05,2025
AOI-01,18ae788e0cf1ef68015dfee09e2ef7a0a1af4676e0b5d436994b707dfe92dec3,LANDSAT/LC09/C02/T1_L2,2025-07-26T04:21:06.532000+00:00,final-source-scenes-r2-asset-verified,69.29,,b21c8cc7f3d4d35e1db4dfa1c8245ff10ba657c0a0a001992b552808766cc49b,REMOVE_SYNTHETIC_MERGE_PREFIX;BIND_PLATFORM_COLLECTION;RESTORE_SYSTEM_INDEX,True,LANDSAT/LC08/C02/T1_L2/2_LC09_137035_20250726,source-scenes-v1,2025-07-20,LANDSAT_9,LPGS_16.5.0,LPGS_16.5.0,Collection 2,9f13e13f431c9cf41b50192f78fc13f261c358c5f247604b1211bfc2239711eb,landsat,6038bbf4887d3cf0db901c5ddd38603731499e63d36c53332b2f38c79e5bcfa6,LANDSAT/LC09/C02/T1_L2/LC09_137035_20250726,LC09_137035_20250726,1753503666532,2025-08-04,2025-07-05,2025
AOI-01,18ae788e0cf1ef68015dfee09e2ef7a0a1af4676e0b5d436994b707dfe92dec3,LANDSAT/LC09/C02/T1_L2,2025-08-11T04:21:16.542000+00:00,final-source-scenes-r2-asset-verified,37.63,OUTSIDE_NOMINAL_WINDOW,b21c8cc7f3d4d35e1db4dfa1c8245ff10ba657c0a0a001992b552808766cc49b,REMOVE_SYNTHETIC_MERGE_PREFIX;BIND_PLATFORM_COLLECTION;RESTORE_SYSTEM_INDEX,False,LANDSAT/LC08/C02/T1_L2/2_LC09_137035_20250811,source-scenes-v1,2025-07-20,LANDSAT_9,LPGS_16.5.0,LPGS_16.5.0,Collection 2,9f13e13f431c9cf41b50192f78fc13f261c358c5f247604b1211bfc2239711eb,landsat,6038bbf4887d3cf0db901c5ddd38603731499e63d36c53332b2f38c79e5bcfa6,LANDSAT/LC09/C02/T1_L2/LC09_137035_20250811,LC09_137035_20250811,1754886076542,2025-08-04,2025-07-05,2025
AOI-01,18ae788e0cf1ef68015dfee09e2ef7a0a1af4676e0b5d436994b707dfe92dec3,LANDSAT/LC09/C02/T1_L2,2025-07-17T04:26:49.295000+00:00,final-source-scenes-r2-asset-verified,2.97,,b21c8cc7f3d4d35e1db4dfa1c8245ff10ba657c0a0a001992b552808766cc49b,REMOVE_SYNTHETIC_MERGE_PREFIX;BIND_PLATFORM_COLLECTION;RESTORE_SYSTEM_INDEX,True,LANDSAT/LC08/C02/T1_L2/2_LC09_138034_20250717,source-scenes-v1,2025-07-20,LANDSAT_9,LPGS_16.5.0,LPGS_16.5.0,Collection 2,9f13e13f431c9cf41b50192f78fc13f261c358c5f247604b1211bfc2239711eb,landsat,6038bbf4887d3cf0db901c5ddd38603731499e63d36c53332b2f38c79e5bcfa6,LANDSAT/LC09/C02/T1_L2/LC09_138034_20250717,LC09_138034_20250717,1752726409295,2025-08-04,2025-07-05,2025
AOI-01,18ae788e0cf1ef68015dfee09e2ef7a0a1af4676e0b5d436994b707dfe92dec3,LANDSAT/LC09/C02/T1_L2,2025-08-02T04:26:55.374000+00:00,final-source-scenes-r2-asset-verified,3.09,,b21c8cc7f3d4d35e1db4dfa1c8245ff10ba657c0a0a001992b552808766cc49b,REMOVE_SYNTHETIC_MERGE_PREFIX;BIND_PLATFORM_COLLECTION;RESTORE_SYSTEM_INDEX,True,LANDSAT/LC08/C02/T1_L2/2_LC09_138034_20250802,source-scenes-v1,2025-07-20,LANDSAT_9,LPGS_16.5.0,LPGS_16.5.0,Collection 2,9f13e13f431c9cf41b50192f78fc13f261c358c5f247604b1211bfc2239711eb,landsat,6038bbf4887d3cf0db901c5ddd38603731499e63d36c53332b2f38c79e5bcfa6,LANDSAT/LC09/C02/T1_L2/LC09_138034_20250802,LC09_138034_20250802,1754108815374,2025-08-04,2025-07-05,2025
AOI-01,18ae788e0cf1ef68015dfee09e2ef7a0a1af4676e0b5d436994b707dfe92dec3,LANDSAT/LC09/C02/T1_L2,2025-08-18T04:27:06.965000+00:00,final-source-scenes-r2-asset-verified,2.52,OUTSIDE_NOMINAL_WINDOW,b21c8cc7f3d4d35e1db4dfa1c8245ff10ba657c0a0a001992b552808766cc49b,REMOVE_SYNTHETIC_MERGE_PREFIX;BIND_PLATFORM_COLLECTION;RESTORE_SYSTEM_INDEX,False,LANDSAT/LC08/C02/T1_L2/2_LC09_138034_20250818,source-scenes-v1,2025-07-20,LANDSAT_9,LPGS_16.5.0,LPGS_16.5.0,Collection 2,9f13e13f431c9cf41b50192f78fc13f261c358c5f247604b1211bfc2239711eb,landsat,6038bbf4887d3cf0db901c5ddd38603731499e63d36c53332b2f38c79e5bcfa6,LANDSAT/LC09/C02/T1_L2/LC09_138034_20250818,LC09_138034_20250818,1755491226965,2025-08-04,2025-07-05,2025
AOI-01,18ae788e0cf1ef68015dfee09e2ef7a0a1af4676e0b5d436994b707dfe92dec3,LANDSAT/LC09/C02/T1_L2,2025-07-17T04:27:13.186000+00:00,final-source-scenes-r2-asset-verified,12.84,,b21c8cc7f3d4d35e1db4dfa1c8245ff10ba657c0a0a001992b552808766cc49b,REMOVE_SYNTHETIC_MERGE_PREFIX;BIND_PLATFORM_COLLECTION;RESTORE_SYSTEM_INDEX,True,LANDSAT/LC08/C02/T1_L2/2_LC09_138035_20250717,source-scenes-v1,2025-07-20,LANDSAT_9,LPGS_16.5.0,LPGS_16.5.0,Collection 2,9f13e13f431c9cf41b50192f78fc13f261c358c5f247604b1211bfc2239711eb,landsat,6038bbf4887d3cf0db901c5ddd38603731499e63d36c53332b2f38c79e5bcfa6,LANDSAT/LC09/C02/T1_L2/LC09_138035_20250717,LC09_138035_20250717,1752726433186,2025-08-04,2025-07-05,2025
AOI-01,18ae788e0cf1ef68015dfee09e2ef7a0a1af4676e0b5d436994b707dfe92dec3,LANDSAT/LC09/C02/T1_L2,2025-08-02T04:27:19.265000+00:00,final-source-scenes-r2-asset-verified,24.69,,b21c8cc7f3d4d35e1db4dfa1c8245ff10ba657c0a0a001992b552808766cc49b,REMOVE_SYNTHETIC_MERGE_PREFIX;BIND_PLATFORM_COLLECTION;RESTORE_SYSTEM_INDEX,True,LANDSAT/LC08/C02/T1_L2/2_LC09_138035_20250802,source-scenes-v1,2025-07-20,LANDSAT_9,LPGS_16.5.0,LPGS_16.5.0,Collection 2,9f13e13f431c9cf41b50192f78fc13f261c358c5f247604b1211bfc2239711eb,landsat,6038bbf4887d3cf0db901c5ddd38603731499e63d36c53332b2f38c79e5bcfa6,LANDSAT/LC09/C02/T1_L2/LC09_138035_20250802,LC09_138035_20250802,1754108839265,2025-08-04,2025-07-05,2025
AOI-01,18ae788e0cf1ef68015dfee09e2ef7a0a1af4676e0b5d436994b707dfe92dec3,LANDSAT/LC09/C02/T1_L2,2025-08-18T04:27:30.856000+00:00,final-source-scenes-r2-asset-verified,10.62,OUTSIDE_NOMINAL_WINDOW,b21c8cc7f3d4d35e1db4dfa1c8245ff10ba657c0a0a001992b552808766cc49b,REMOVE_SYNTHETIC_MERGE_PREFIX;BIND_PLATFORM_COLLECTION;RESTORE_SYSTEM_INDEX,False,LANDSAT/LC08/C02/T1_L2/2_LC09_138035_20250818,source-scenes-v1,2025-07-20,LANDSAT_9,LPGS_16.5.0,LPGS_16.5.0,Collection 2,9f13e13f431c9cf41b50192f78fc13f261c358c5f247604b1211bfc2239711eb,landsat,6038bbf4887d3cf0db901c5ddd38603731499e63d36c53332b2f38c79e5bcfa6,LANDSAT/LC09/C02/T1_L2/LC09_138035_20250818,LC09_138035_20250818,1755491250856,2025-08-04,2025-07-05,2025
AOI-01,18ae788e0cf1ef68015dfee09e2ef7a0a1af4676e0b5d436994b707dfe92dec3,LANDSAT/LC08/C02/T1_L2,2025-07-18T04:21:05.038000+00:00,final-source-scenes-r2-asset-verified,34.63,,b21c8cc7f3d4d35e1db4dfa1c8245ff10ba657c0a0a001992b552808766cc49b,REMOVE_SYNTHETIC_MERGE_PREFIX;BIND_PLATFORM_COLLECTION;RESTORE_SYSTEM_INDEX,True,LANDSAT/LC08/C02/T1_L2/1_LC08_137035_20250718,source-scenes-v1,2025-07-31,LANDSAT_8,LPGS_16.5.0,LPGS_16.5.0,Collection 2,9a3cc4bf779ec26a0fb82b4b68e9343801da159db3beb1fb41760a55ca612b21,landsat,2e2a1f914fe89191b77a6f29f5d7dac994b34b6dff59e2b547a25cd6195102fa,LANDSAT/LC08/C02/T1_L2/LC08_137035_20250718,LC08_137035_20250718,1752812465038,2025-08-15,2025-07-16,2025
AOI-01,18ae788e0cf1ef68015dfee09e2ef7a0a1af4676e0b5d436994b707dfe92dec3,LANDSAT/LC08/C02/T1_L2,2025-08-03T04:21:10.255000+00:00,final-source-scenes-r2-asset-verified,69.66,,b21c8cc7f3d4d35e1db4dfa1c8245ff10ba657c0a0a001992b552808766cc49b,REMOVE_SYNTHETIC_MERGE_PREFIX;BIND_PLATFORM_COLLECTION;RESTORE_SYSTEM_INDEX,True,LANDSAT/LC08/C02/T1_L2/1_LC08_137035_20250803,source-scenes-v1,2025-07-31,LANDSAT_8,LPGS_16.5.0,LPGS_16.5.0,Collection 2,9a3cc4bf779ec26a0fb82b4b68e9343801da159db3beb1fb41760a55ca612b21,landsat,2e2a1f914fe89191b77a6f29f5d7dac994b34b6dff59e2b547a25cd6195102fa,LANDSAT/LC08/C02/T1_L2/LC08_137035_20250803,LC08_137035_20250803,1754194870255,2025-08-15,2025-07-16,2025
AOI-01,18ae788e0cf1ef68015dfee09e2ef7a0a1af4676e0b5d436994b707dfe92dec3,LANDSAT/LC08/C02/T1_L2,2025-08-19T04:21:17.447000+00:00,final-source-scenes-r2-asset-verified,74.51,OUTSIDE_NOMINAL_WINDOW,b21c8cc7f3d4d35e1db4dfa1c8245ff10ba657c0a0a001992b552808766cc49b,REMOVE_SYNTHETIC_MERGE_PREFIX;BIND_PLATFORM_COLLECTION;RESTORE_SYSTEM_INDEX,False,LANDSAT/LC08/C02/T1_L2/1_LC08_137035_20250819,source-scenes-v1,2025-07-31,LANDSAT_8,LPGS_16.5.0,LPGS_16.5.0,Collection 2,9a3cc4bf779ec26a0fb82b4b68e9343801da159db3beb1fb41760a55ca612b21,landsat,2e2a1f914fe89191b77a6f29f5d7dac994b34b6dff59e2b547a25cd6195102fa,LANDSAT/LC08/C02/T1_L2/LC08_137035_20250819,LC08_137035_20250819,1755577277447,2025-08-15,2025-07-16,2025
AOI-01,18ae788e0cf1ef68015dfee09e2ef7a0a1af4676e0b5d436994b707dfe92dec3,LANDSAT/LC08/C02/T1_L2,2025-07-09T04:26:46.817000+00:00,final-source-scenes-r2-asset-verified,1.66,OUTSIDE_NOMINAL_WINDOW,b21c8cc7f3d4d35e1db4dfa1c8245ff10ba657c0a0a001992b552808766cc49b,REMOVE_SYNTHETIC_MERGE_PREFIX;BIND_PLATFORM_COLLECTION;RESTORE_SYSTEM_INDEX,False,LANDSAT/LC08/C02/T1_L2/1_LC08_138034_20250709,source-scenes-v1,2025-07-31,LANDSAT_8,LPGS_16.5.0,LPGS_16.5.0,Collection 2,9a3cc4bf779ec26a0fb82b4b68e9343801da159db3beb1fb41760a55ca612b21,landsat,2e2a1f914fe89191b77a6f29f5d7dac994b34b6dff59e2b547a25cd6195102fa,LANDSAT/LC08/C02/T1_L2/LC08_138034_20250709,LC08_138034_20250709,1752035206817,2025-08-15,2025-07-16,2025
AOI-01,18ae788e0cf1ef68015dfee09e2ef7a0a1af4676e0b5d436994b707dfe92dec3,LANDSAT/LC08/C02/T1_L2,2025-07-25T04:26:54.142000+00:00,final-source-scenes-r2-asset-verified,6.37,,b21c8cc7f3d4d35e1db4dfa1c8245ff10ba657c0a0a001992b552808766cc49b,REMOVE_SYNTHETIC_MERGE_PREFIX;BIND_PLATFORM_COLLECTION;RESTORE_SYSTEM_INDEX,True,LANDSAT/LC08/C02/T1_L2/1_LC08_138034_20250725,source-scenes-v1,2025-07-31,LANDSAT_8,LPGS_16.5.0,LPGS_16.5.0,Collection 2,9a3cc4bf779ec26a0fb82b4b68e9343801da159db3beb1fb41760a55ca612b21,landsat,2e2a1f914fe89191b77a6f29f5d7dac994b34b6dff59e2b547a25cd6195102fa,LANDSAT/LC08/C02/T1_L2/LC08_138034_20250725,LC08_138034_20250725,1753417614142,2025-08-15,2025-07-16,2025
AOI-01,18ae788e0cf1ef68015dfee09e2ef7a0a1af4676e0b5d436994b707dfe92dec3,LANDSAT/LC08/C02/T1_L2,2025-08-10T04:27:01.833000+00:00,final-source-scenes-r2-asset-verified,2.79,,b21c8cc7f3d4d35e1db4dfa1c8245ff10ba657c0a0a001992b552808766cc49b,REMOVE_SYNTHETIC_MERGE_PREFIX;BIND_PLATFORM_COLLECTION;RESTORE_SYSTEM_INDEX,True,LANDSAT/LC08/C02/T1_L2/1_LC08_138034_20250810,source-scenes-v1,2025-07-31,LANDSAT_8,LPGS_16.5.0,LPGS_16.5.0,Collection 2,9a3cc4bf779ec26a0fb82b4b68e9343801da159db3beb1fb41760a55ca612b21,landsat,2e2a1f914fe89191b77a6f29f5d7dac994b34b6dff59e2b547a25cd6195102fa,LANDSAT/LC08/C02/T1_L2/LC08_138034_20250810,LC08_138034_20250810,1754800021833,2025-08-15,2025-07-16,2025
AOI-01,18ae788e0cf1ef68015dfee09e2ef7a0a1af4676e0b5d436994b707dfe92dec3,LANDSAT/LC08/C02/T1_L2,2025-07-09T04:27:10.713000+00:00,final-source-scenes-r2-asset-verified,23.29,OUTSIDE_NOMINAL_WINDOW,b21c8cc7f3d4d35e1db4dfa1c8245ff10ba657c0a0a001992b552808766cc49b,REMOVE_SYNTHETIC_MERGE_PREFIX;BIND_PLATFORM_COLLECTION;RESTORE_SYSTEM_INDEX,False,LANDSAT/LC08/C02/T1_L2/1_LC08_138035_20250709,source-scenes-v1,2025-07-31,LANDSAT_8,LPGS_16.5.0,LPGS_16.5.0,Collection 2,9a3cc4bf779ec26a0fb82b4b68e9343801da159db3beb1fb41760a55ca612b21,landsat,2e2a1f914fe89191b77a6f29f5d7dac994b34b6dff59e2b547a25cd6195102fa,LANDSAT/LC08/C02/T1_L2/LC08_138035_20250709,LC08_138035_20250709,1752035230713,2025-08-15,2025-07-16,2025
AOI-01,18ae788e0cf1ef68015dfee09e2ef7a0a1af4676e0b5d436994b707dfe92dec3,LANDSAT/LC08/C02/T1_L2,2025-07-25T04:27:18.033000+00:00,final-source-scenes-r2-asset-verified,28.13,,b21c8cc7f3d4d35e1db4dfa1c8245ff10ba657c0a0a001992b552808766cc49b,REMOVE_SYNTHETIC_MERGE_PREFIX;BIND_PLATFORM_COLLECTION;RESTORE_SYSTEM_INDEX,True,LANDSAT/LC08/C02/T1_L2/1_LC08_138035_20250725,source-scenes-v1,2025-07-31,LANDSAT_8,LPGS_16.5.0,LPGS_16.5.0,Collection 2,9a3cc4bf779ec26a0fb82b4b68e9343801da159db3beb1fb41760a55ca612b21,landsat,2e2a1f914fe89191b77a6f29f5d7dac994b34b6dff59e2b547a25cd6195102fa,LANDSAT/LC08/C02/T1_L2/LC08_138035_20250725,LC08_138035_20250725,1753417638033,2025-08-15,2025-07-16,2025
AOI-01,18ae788e0cf1ef68015dfee09e2ef7a0a1af4676e0b5d436994b707dfe92dec3,LANDSAT/LC08/C02/T1_L2,2025-08-10T04:27:25.724000+00:00,final-source-scenes-r2-asset-verified,28.03,,b21c8cc7f3d4d35e1db4dfa1c8245ff10ba657c0a0a001992b552808766cc49b,REMOVE_SYNTHETIC_MERGE_PREFIX;BIND_PLATFORM_COLLECTION;RESTORE_SYSTEM_INDEX,True,LANDSAT/LC08/C02/T1_L2/1_LC08_138035_20250810,source-scenes-v1,2025-07-31,LANDSAT_8,LPGS_16.5.0,LPGS_16.5.0,Collection 2,9a3cc4bf779ec26a0fb82b4b68e9343801da159db3beb1fb41760a55ca612b21,landsat,2e2a1f914fe89191b77a6f29f5d7dac994b34b6dff59e2b547a25cd6195102fa,LANDSAT/LC08/C02/T1_L2/LC08_138035_20250810,LC08_138035_20250810,1754800045724,2025-08-15,2025-07-16,2025
AOI-01,18ae788e0cf1ef68015dfee09e2ef7a0a1af4676e0b5d436994b707dfe92dec3,LANDSAT/LC09/C02/T1_L2,2025-07-10T04:20:57.352000+00:00,final-source-scenes-r2-asset-verified,39.43,OUTSIDE_NOMINAL_WINDOW,b21c8cc7f3d4d35e1db4dfa1c8245ff10ba657c0a0a001992b552808766cc49b,REMOVE_SYNTHETIC_MERGE_PREFIX;BIND_PLATFORM_COLLECTION;RESTORE_SYSTEM_INDEX,False,LANDSAT/LC08/C02/T1_L2/2_LC09_137035_20250710,source-scenes-v1,2025-07-31,LANDSAT_9,LPGS_16.5.0,LPGS_16.5.0,Collection 2,9a3cc4bf779ec26a0fb82b4b68e9343801da159db3beb1fb41760a55ca612b21,landsat,2e2a1f914fe89191b77a6f29f5d7dac994b34b6dff59e2b547a25cd6195102fa,LANDSAT/LC09/C02/T1_L2/LC09_137035_20250710,LC09_137035_20250710,1752121257352,2025-08-15,2025-07-16,2025
AOI-01,18ae788e0cf1ef68015dfee09e2ef7a0a1af4676e0b5d436994b707dfe92dec3,LANDSAT/LC09/C02/T1_L2,2025-07-26T04:21:06.532000+00:00,final-source-scenes-r2-asset-verified,69.29,,b21c8cc7f3d4d35e1db4dfa1c8245ff10ba657c0a0a001992b552808766cc49b,REMOVE_SYNTHETIC_MERGE_PREFIX;BIND_PLATFORM_COLLECTION;RESTORE_SYSTEM_INDEX,True,LANDSAT/LC08/C02/T1_L2/2_LC09_137035_20250726,source-scenes-v1,2025-07-31,LANDSAT_9,LPGS_16.5.0,LPGS_16.5.0,Collection 2,9a3cc4bf779ec26a0fb82b4b68e9343801da159db3beb1fb41760a55ca612b21,landsat,2e2a1f914fe89191b77a6f29f5d7dac994b34b6dff59e2b547a25cd6195102fa,LANDSAT/LC09/C02/T1_L2/LC09_137035_20250726,LC09_137035_20250726,1753503666532,2025-08-15,2025-07-16,2025
AOI-01,18ae788e0cf1ef68015dfee09e2ef7a0a1af4676e0b5d436994b707dfe92dec3,LANDSAT/LC09/C02/T1_L2,2025-08-11T04:21:16.542000+00:00,final-source-scenes-r2-asset-verified,37.63,,b21c8cc7f3d4d35e1db4dfa1c8245ff10ba657c0a0a001992b552808766cc49b,REMOVE_SYNTHETIC_MERGE_PREFIX;BIND_PLATFORM_COLLECTION;RESTORE_SYSTEM_INDEX,True,LANDSAT/LC08/C02/T1_L2/2_LC09_137035_20250811,source-scenes-v1,2025-07-31,LANDSAT_9,LPGS_16.5.0,LPGS_16.5.0,Collection 2,9a3cc4bf779ec26a0fb82b4b68e9343801da159db3beb1fb41760a55ca612b21,landsat,2e2a1f914fe89191b77a6f29f5d7dac994b34b6dff59e2b547a25cd6195102fa,LANDSAT/LC09/C02/T1_L2/LC09_137035_20250811,LC09_137035_20250811,1754886076542,2025-08-15,2025-07-16,2025
AOI-01,18ae788e0cf1ef68015dfee09e2ef7a0a1af4676e0b5d436994b707dfe92dec3,LANDSAT/LC09/C02/T1_L2,2025-07-17T04:26:49.295000+00:00,final-source-scenes-r2-asset-verified,2.97,,b21c8cc7f3d4d35e1db4dfa1c8245ff10ba657c0a0a001992b552808766cc49b,REMOVE_SYNTHETIC_MERGE_PREFIX;BIND_PLATFORM_COLLECTION;RESTORE_SYSTEM_INDEX,True,LANDSAT/LC08/C02/T1_L2/2_LC09_138034_20250717,source-scenes-v1,2025-07-31,LANDSAT_9,LPGS_16.5.0,LPGS_16.5.0,Collection 2,9a3cc4bf779ec26a0fb82b4b68e9343801da159db3beb1fb41760a55ca612b21,landsat,2e2a1f914fe89191b77a6f29f5d7dac994b34b6dff59e2b547a25cd6195102fa,LANDSAT/LC09/C02/T1_L2/LC09_138034_20250717,LC09_138034_20250717,1752726409295,2025-08-15,2025-07-16,2025
AOI-01,18ae788e0cf1ef68015dfee09e2ef7a0a1af4676e0b5d436994b707dfe92dec3,LANDSAT/LC09/C02/T1_L2,2025-08-02T04:26:55.374000+00:00,final-source-scenes-r2-asset-verified,3.09,,b21c8cc7f3d4d35e1db4dfa1c8245ff10ba657c0a0a001992b552808766cc49b,REMOVE_SYNTHETIC_MERGE_PREFIX;BIND_PLATFORM_COLLECTION;RESTORE_SYSTEM_INDEX,True,LANDSAT/LC08/C02/T1_L2/2_LC09_138034_20250802,source-scenes-v1,2025-07-31,LANDSAT_9,LPGS_16.5.0,LPGS_16.5.0,Collection 2,9a3cc4bf779ec26a0fb82b4b68e9343801da159db3beb1fb41760a55ca612b21,landsat,2e2a1f914fe89191b77a6f29f5d7dac994b34b6dff59e2b547a25cd6195102fa,LANDSAT/LC09/C02/T1_L2/LC09_138034_20250802,LC09_138034_20250802,1754108815374,2025-08-15,2025-07-16,2025
AOI-01,18ae788e0cf1ef68015dfee09e2ef7a0a1af4676e0b5d436994b707dfe92dec3,LANDSAT/LC09/C02/T1_L2,2025-08-18T04:27:06.965000+00:00,final-source-scenes-r2-asset-verified,2.52,OUTSIDE_NOMINAL_WINDOW,b21c8cc7f3d4d35e1db4dfa1c8245ff10ba657c0a0a001992b552808766cc49b,REMOVE_SYNTHETIC_MERGE_PREFIX;BIND_PLATFORM_COLLECTION;RESTORE_SYSTEM_INDEX,False,LANDSAT/LC08/C02/T1_L2/2_LC09_138034_20250818,source-scenes-v1,2025-07-31,LANDSAT_9,LPGS_16.5.0,LPGS_16.5.0,Collection 2,9a3cc4bf779ec26a0fb82b4b68e9343801da159db3beb1fb41760a55ca612b21,landsat,2e2a1f914fe89191b77a6f29f5d7dac994b34b6dff59e2b547a25cd6195102fa,LANDSAT/LC09/C02/T1_L2/LC09_138034_20250818,LC09_138034_20250818,1755491226965,2025-08-15,2025-07-16,2025
AOI-01,18ae788e0cf1ef68015dfee09e2ef7a0a1af4676e0b5d436994b707dfe92dec3,LANDSAT/LC09/C02/T1_L2,2025-07-17T04:27:13.186000+00:00,final-source-scenes-r2-asset-verified,12.84,,b21c8cc7f3d4d35e1db4dfa1c8245ff10ba657c0a0a001992b552808766cc49b,REMOVE_SYNTHETIC_MERGE_PREFIX;BIND_PLATFORM_COLLECTION;RESTORE_SYSTEM_INDEX,True,LANDSAT/LC08/C02/T1_L2/2_LC09_138035_20250717,source-scenes-v1,2025-07-31,LANDSAT_9,LPGS_16.5.0,LPGS_16.5.0,Collection 2,9a3cc4bf779ec26a0fb82b4b68e9343801da159db3beb1fb41760a55ca612b21,landsat,2e2a1f914fe89191b77a6f29f5d7dac994b34b6dff59e2b547a25cd6195102fa,LANDSAT/LC09/C02/T1_L2/LC09_138035_20250717,LC09_138035_20250717,1752726433186,2025-08-15,2025-07-16,2025
AOI-01,18ae788e0cf1ef68015dfee09e2ef7a0a1af4676e0b5d436994b707dfe92dec3,LANDSAT/LC09/C02/T1_L2,2025-08-02T04:27:19.265000+00:00,final-source-scenes-r2-asset-verified,24.69,,b21c8cc7f3d4d35e1db4dfa1c8245ff10ba657c0a0a001992b552808766cc49b,REMOVE_SYNTHETIC_MERGE_PREFIX;BIND_PLATFORM_COLLECTION;RESTORE_SYSTEM_INDEX,True,LANDSAT/LC08/C02/T1_L2/2_LC09_138035_20250802,source-scenes-v1,2025-07-31,LANDSAT_9,LPGS_16.5.0,LPGS_16.5.0,Collection 2,9a3cc4bf779ec26a0fb82b4b68e9343801da159db3beb1fb41760a55ca612b21,landsat,2e2a1f914fe89191b77a6f29f5d7dac994b34b6dff59e2b547a25cd6195102fa,LANDSAT/LC09/C02/T1_L2/LC09_138035_20250802,LC09_138035_20250802,1754108839265,2025-08-15,2025-07-16,2025
AOI-01,18ae788e0cf1ef68015dfee09e2ef7a0a1af4676e0b5d436994b707dfe92dec3,LANDSAT/LC09/C02/T1_L2,2025-08-18T04:27:30.856000+00:00,final-source-scenes-r2-asset-verified,10.62,OUTSIDE_NOMINAL_WINDOW,b21c8cc7f3d4d35e1db4dfa1c8245ff10ba657c0a0a001992b552808766cc49b,REMOVE_SYNTHETIC_MERGE_PREFIX;BIND_PLATFORM_COLLECTION;RESTORE_SYSTEM_INDEX,False,LANDSAT/LC08/C02/T1_L2/2_LC09_138035_20250818,source-scenes-v1,2025-07-31,LANDSAT_9,LPGS_16.5.0,LPGS_16.5.0,Collection 2,9a3cc4bf779ec26a0fb82b4b68e9343801da159db3beb1fb41760a55ca612b21,landsat,2e2a1f914fe89191b77a6f29f5d7dac994b34b6dff59e2b547a25cd6195102fa,LANDSAT/LC09/C02/T1_L2/LC09_138035_20250818,LC09_138035_20250818,1755491250856,2025-08-15,2025-07-16,2025
AOI-01,18ae788e0cf1ef68015dfee09e2ef7a0a1af4676e0b5d436994b707dfe92dec3,LANDSAT/LC08/C02/T1_L2,2025-07-18T04:21:05.038000+00:00,final-source-scenes-r2-asset-verified,34.63,OUTSIDE_NOMINAL_WINDOW,b21c8cc7f3d4d35e1db4dfa1c8245ff10ba657c0a0a001992b552808766cc49b,REMOVE_SYNTHETIC_MERGE_PREFIX;BIND_PLATFORM_COLLECTION;RESTORE_SYSTEM_INDEX,False,LANDSAT/LC08/C02/T1_L2/1_LC08_137035_20250718,source-scenes-v1,2025-08-10,LANDSAT_8,LPGS_16.5.0,LPGS_16.5.0,Collection 2,3aa1aa2c6f7390b2d69502e341227f7154f3d5e9164904d00232c4faff2099fb,landsat,c22c6f0c12d21f9697516f575d7276fbd4efb5f890faa68f8aa9208ebeb450da,LANDSAT/LC08/C02/T1_L2/LC08_137035_20250718,LC08_137035_20250718,1752812465038,2025-08-25,2025-07-26,2025
AOI-01,18ae788e0cf1ef68015dfee09e2ef7a0a1af4676e0b5d436994b707dfe92dec3,LANDSAT/LC08/C02/T1_L2,2025-08-03T04:21:10.255000+00:00,final-source-scenes-r2-asset-verified,69.66,,b21c8cc7f3d4d35e1db4dfa1c8245ff10ba657c0a0a001992b552808766cc49b,REMOVE_SYNTHETIC_MERGE_PREFIX;BIND_PLATFORM_COLLECTION;RESTORE_SYSTEM_INDEX,True,LANDSAT/LC08/C02/T1_L2/1_LC08_137035_20250803,source-scenes-v1,2025-08-10,LANDSAT_8,LPGS_16.5.0,LPGS_16.5.0,Collection 2,3aa1aa2c6f7390b2d69502e341227f7154f3d5e9164904d00232c4faff2099fb,landsat,c22c6f0c12d21f9697516f575d7276fbd4efb5f890faa68f8aa9208ebeb450da,LANDSAT/LC08/C02/T1_L2/LC08_137035_20250803,LC08_137035_20250803,1754194870255,2025-08-25,2025-07-26,2025
AOI-01,18ae788e0cf1ef68015dfee09e2ef7a0a1af4676e0b5d436994b707dfe92dec3,LANDSAT/LC08/C02/T1_L2,2025-08-19T04:21:17.447000+00:00,final-source-scenes-r2-asset-verified,74.51,,b21c8cc7f3d4d35e1db4dfa1c8245ff10ba657c0a0a001992b552808766cc49b,REMOVE_SYNTHETIC_MERGE_PREFIX;BIND_PLATFORM_COLLECTION;RESTORE_SYSTEM_INDEX,True,LANDSAT/LC08/C02/T1_L2/1_LC08_137035_20250819,source-scenes-v1,2025-08-10,LANDSAT_8,LPGS_16.5.0,LPGS_16.5.0,Collection 2,3aa1aa2c6f7390b2d69502e341227f7154f3d5e9164904d00232c4faff2099fb,landsat,c22c6f0c12d21f9697516f575d7276fbd4efb5f890faa68f8aa9208ebeb450da,LANDSAT/LC08/C02/T1_L2/LC08_137035_20250819,LC08_137035_20250819,1755577277447,2025-08-25,2025-07-26,2025
AOI-01,18ae788e0cf1ef68015dfee09e2ef7a0a1af4676e0b5d436994b707dfe92dec3,LANDSAT/LC08/C02/T1_L2,2025-07-09T04:26:46.817000+00:00,final-source-scenes-r2-asset-verified,1.66,OUTSIDE_NOMINAL_WINDOW,b21c8cc7f3d4d35e1db4dfa1c8245ff10ba657c0a0a001992b552808766cc49b,REMOVE_SYNTHETIC_MERGE_PREFIX;BIND_PLATFORM_COLLECTION;RESTORE_SYSTEM_INDEX,False,LANDSAT/LC08/C02/T1_L2/1_LC08_138034_20250709,source-scenes-v1,2025-08-10,LANDSAT_8,LPGS_16.5.0,LPGS_16.5.0,Collection 2,3aa1aa2c6f7390b2d69502e341227f7154f3d5e9164904d00232c4faff2099fb,landsat,c22c6f0c12d21f9697516f575d7276fbd4efb5f890faa68f8aa9208ebeb450da,LANDSAT/LC08/C02/T1_L2/LC08_138034_20250709,LC08_138034_20250709,1752035206817,2025-08-25,2025-07-26,2025
AOI-01,18ae788e0cf1ef68015dfee09e2ef7a0a1af4676e0b5d436994b707dfe92dec3,LANDSAT/LC08/C02/T1_L2,2025-07-25T04:26:54.142000+00:00,final-source-scenes-r2-asset-verified,6.37,OUTSIDE_NOMINAL_WINDOW,b21c8cc7f3d4d35e1db4dfa1c8245ff10ba657c0a0a001992b552808766cc49b,REMOVE_SYNTHETIC_MERGE_PREFIX;BIND_PLATFORM_COLLECTION;RESTORE_SYSTEM_INDEX,False,LANDSAT/LC08/C02/T1_L2/1_LC08_138034_20250725,source-scenes-v1,2025-08-10,LANDSAT_8,LPGS_16.5.0,LPGS_16.5.0,Collection 2,3aa1aa2c6f7390b2d69502e341227f7154f3d5e9164904d00232c4faff2099fb,landsat,c22c6f0c12d21f9697516f575d7276fbd4efb5f890faa68f8aa9208ebeb450da,LANDSAT/LC08/C02/T1_L2/LC08_138034_20250725,LC08_138034_20250725,1753417614142,2025-08-25,2025-07-26,2025
AOI-01,18ae788e0cf1ef68015dfee09e2ef7a0a1af4676e0b5d436994b707dfe92dec3,LANDSAT/LC08/C02/T1_L2,2025-08-10T04:27:01.833000+00:00,final-source-scenes-r2-asset-verified,2.79,,b21c8cc7f3d4d35e1db4dfa1c8245ff10ba657c0a0a001992b552808766cc49b,REMOVE_SYNTHETIC_MERGE_PREFIX;BIND_PLATFORM_COLLECTION;RESTORE_SYSTEM_INDEX,True,LANDSAT/LC08/C02/T1_L2/1_LC08_138034_20250810,source-scenes-v1,2025-08-10,LANDSAT_8,LPGS_16.5.0,LPGS_16.5.0,Collection 2,3aa1aa2c6f7390b2d69502e341227f7154f3d5e9164904d00232c4faff2099fb,landsat,c22c6f0c12d21f9697516f575d7276fbd4efb5f890faa68f8aa9208ebeb450da,LANDSAT/LC08/C02/T1_L2/LC08_138034_20250810,LC08_138034_20250810,1754800021833,2025-08-25,2025-07-26,2025
AOI-01,18ae788e0cf1ef68015dfee09e2ef7a0a1af4676e0b5d436994b707dfe92dec3,LANDSAT/LC08/C02/T1_L2,2025-07-09T04:27:10.713000+00:00,final-source-scenes-r2-asset-verified,23.29,OUTSIDE_NOMINAL_WINDOW,b21c8cc7f3d4d35e1db4dfa1c8245ff10ba657c0a0a001992b552808766cc49b,REMOVE_SYNTHETIC_MERGE_PREFIX;BIND_PLATFORM_COLLECTION;RESTORE_SYSTEM_INDEX,False,LANDSAT/LC08/C02/T1_L2/1_LC08_138035_20250709,source-scenes-v1,2025-08-10,LANDSAT_8,LPGS_16.5.0,LPGS_16.5.0,Collection 2,3aa1aa2c6f7390b2d69502e341227f7154f3d5e9164904d00232c4faff2099fb,landsat,c22c6f0c12d21f9697516f575d7276fbd4efb5f890faa68f8aa9208ebeb450da,LANDSAT/LC08/C02/T1_L2/LC08_138035_20250709,LC08_138035_20250709,1752035230713,2025-08-25,2025-07-26,2025
AOI-01,18ae788e0cf1ef68015dfee09e2ef7a0a1af4676e0b5d436994b707dfe92dec3,LANDSAT/LC08/C02/T1_L2,2025-07-25T04:27:18.033000+00:00,final-source-scenes-r2-asset-verified,28.13,OUTSIDE_NOMINAL_WINDOW,b21c8cc7f3d4d35e1db4dfa1c8245ff10ba657c0a0a001992b552808766cc49b,REMOVE_SYNTHETIC_MERGE_PREFIX;BIND_PLATFORM_COLLECTION;RESTORE_SYSTEM_INDEX,False,LANDSAT/LC08/C02/T1_L2/1_LC08_138035_20250725,source-scenes-v1,2025-08-10,LANDSAT_8,LPGS_16.5.0,LPGS_16.5.0,Collection 2,3aa1aa2c6f7390b2d69502e341227f7154f3d5e9164904d00232c4faff2099fb,landsat,c22c6f0c12d21f9697516f575d7276fbd4efb5f890faa68f8aa9208ebeb450da,LANDSAT/LC08/C02/T1_L2/LC08_138035_20250725,LC08_138035_20250725,1753417638033,2025-08-25,2025-07-26,2025
AOI-01,18ae788e0cf1ef68015dfee09e2ef7a0a1af4676e0b5d436994b707dfe92dec3,LANDSAT/LC08/C02/T1_L2,2025-08-10T04:27:25.724000+00:00,final-source-scenes-r2-asset-verified,28.03,,b21c8cc7f3d4d35e1db4dfa1c8245ff10ba657c0a0a001992b552808766cc49b,REMOVE_SYNTHETIC_MERGE_PREFIX;BIND_PLATFORM_COLLECTION;RESTORE_SYSTEM_INDEX,True,LANDSAT/LC08/C02/T1_L2/1_LC08_138035_20250810,source-scenes-v1,2025-08-10,LANDSAT_8,LPGS_16.5.0,LPGS_16.5.0,Collection 2,3aa1aa2c6f7390b2d69502e341227f7154f3d5e9164904d00232c4faff2099fb,landsat,c22c6f0c12d21f9697516f575d7276fbd4efb5f890faa68f8aa9208ebeb450da,LANDSAT/LC08/C02/T1_L2/LC08_138035_20250810,LC08_138035_20250810,1754800045724,2025-08-25,2025-07-26,2025
AOI-01,18ae788e0cf1ef68015dfee09e2ef7a0a1af4676e0b5d436994b707dfe92dec3,LANDSAT/LC09/C02/T1_L2,2025-07-10T04:20:57.352000+00:00,final-source-scenes-r2-asset-verified,39.43,OUTSIDE_NOMINAL_WINDOW,b21c8cc7f3d4d35e1db4dfa1c8245ff10ba657c0a0a001992b552808766cc49b,REMOVE_SYNTHETIC_MERGE_PREFIX;BIND_PLATFORM_COLLECTION;RESTORE_SYSTEM_INDEX,False,LANDSAT/LC08/C02/T1_L2/2_LC09_137035_20250710,source-scenes-v1,2025-08-10,LANDSAT_9,LPGS_16.5.0,LPGS_16.5.0,Collection 2,3aa1aa2c6f7390b2d69502e341227f7154f3d5e9164904d00232c4faff2099fb,landsat,c22c6f0c12d21f9697516f575d7276fbd4efb5f890faa68f8aa9208ebeb450da,LANDSAT/LC09/C02/T1_L2/LC09_137035_20250710,LC09_137035_20250710,1752121257352,2025-08-25,2025-07-26,2025
AOI-01,18ae788e0cf1ef68015dfee09e2ef7a0a1af4676e0b5d436994b707dfe92dec3,LANDSAT/LC09/C02/T1_L2,2025-07-26T04:21:06.532000+00:00,final-source-scenes-r2-asset-verified,69.29,,b21c8cc7f3d4d35e1db4dfa1c8245ff10ba657c0a0a001992b552808766cc49b,REMOVE_SYNTHETIC_MERGE_PREFIX;BIND_PLATFORM_COLLECTION;RESTORE_SYSTEM_INDEX,True,LANDSAT/LC08/C02/T1_L2/2_LC09_137035_20250726,source-scenes-v1,2025-08-10,LANDSAT_9,LPGS_16.5.0,LPGS_16.5.0,Collection 2,3aa1aa2c6f7390b2d69502e341227f7154f3d5e9164904d00232c4faff2099fb,landsat,c22c6f0c12d21f9697516f575d7276fbd4efb5f890faa68f8aa9208ebeb450da,LANDSAT/LC09/C02/T1_L2/LC09_137035_20250726,LC09_137035_20250726,1753503666532,2025-08-25,2025-07-26,2025
AOI-01,18ae788e0cf1ef68015dfee09e2ef7a0a1af4676e0b5d436994b707dfe92dec3,LANDSAT/LC09/C02/T1_L2,2025-08-11T04:21:16.542000+00:00,final-source-scenes-r2-asset-verified,37.63,,b21c8cc7f3d4d35e1db4dfa1c8245ff10ba657c0a0a001992b552808766cc49b,REMOVE_SYNTHETIC_MERGE_PREFIX;BIND_PLATFORM_COLLECTION;RESTORE_SYSTEM_INDEX,True,LANDSAT/LC08/C02/T1_L2/2_LC09_137035_20250811,source-scenes-v1,2025-08-10,LANDSAT_9,LPGS_16.5.0,LPGS_16.5.0,Collection 2,3aa1aa2c6f7390b2d69502e341227f7154f3d5e9164904d00232c4faff2099fb,landsat,c22c6f0c12d21f9697516f575d7276fbd4efb5f890faa68f8aa9208ebeb450da,LANDSAT/LC09/C02/T1_L2/LC09_137035_20250811,LC09_137035_20250811,1754886076542,2025-08-25,2025-07-26,2025
AOI-01,18ae788e0cf1ef68015dfee09e2ef7a0a1af4676e0b5d436994b707dfe92dec3,LANDSAT/LC09/C02/T1_L2,2025-07-17T04:26:49.295000+00:00,final-source-scenes-r2-asset-verified,2.97,OUTSIDE_NOMINAL_WINDOW,b21c8cc7f3d4d35e1db4dfa1c8245ff10ba657c0a0a001992b552808766cc49b,REMOVE_SYNTHETIC_MERGE_PREFIX;BIND_PLATFORM_COLLECTION;RESTORE_SYSTEM_INDEX,False,LANDSAT/LC08/C02/T1_L2/2_LC09_138034_20250717,source-scenes-v1,2025-08-10,LANDSAT_9,LPGS_16.5.0,LPGS_16.5.0,Collection 2,3aa1aa2c6f7390b2d69502e341227f7154f3d5e9164904d00232c4faff2099fb,landsat,c22c6f0c12d21f9697516f575d7276fbd4efb5f890faa68f8aa9208ebeb450da,LANDSAT/LC09/C02/T1_L2/LC09_138034_20250717,LC09_138034_20250717,1752726409295,2025-08-25,2025-07-26,2025
AOI-01,18ae788e0cf1ef68015dfee09e2ef7a0a1af4676e0b5d436994b707dfe92dec3,LANDSAT/LC09/C02/T1_L2,2025-08-02T04:26:55.374000+00:00,final-source-scenes-r2-asset-verified,3.09,,b21c8cc7f3d4d35e1db4dfa1c8245ff10ba657c0a0a001992b552808766cc49b,REMOVE_SYNTHETIC_MERGE_PREFIX;BIND_PLATFORM_COLLECTION;RESTORE_SYSTEM_INDEX,True,LANDSAT/LC08/C02/T1_L2/2_LC09_138034_20250802,source-scenes-v1,2025-08-10,LANDSAT_9,LPGS_16.5.0,LPGS_16.5.0,Collection 2,3aa1aa2c6f7390b2d69502e341227f7154f3d5e9164904d00232c4faff2099fb,landsat,c22c6f0c12d21f9697516f575d7276fbd4efb5f890faa68f8aa9208ebeb450da,LANDSAT/LC09/C02/T1_L2/LC09_138034_20250802,LC09_138034_20250802,1754108815374,2025-08-25,2025-07-26,2025
AOI-01,18ae788e0cf1ef68015dfee09e2ef7a0a1af4676e0b5d436994b707dfe92dec3,LANDSAT/LC09/C02/T1_L2,2025-08-18T04:27:06.965000+00:00,final-source-scenes-r2-asset-verified,2.52,,b21c8cc7f3d4d35e1db4dfa1c8245ff10ba657c0a0a001992b552808766cc49b,REMOVE_SYNTHETIC_MERGE_PREFIX;BIND_PLATFORM_COLLECTION;RESTORE_SYSTEM_INDEX,True,LANDSAT/LC08/C02/T1_L2/2_LC09_138034_20250818,source-scenes-v1,2025-08-10,LANDSAT_9,LPGS_16.5.0,LPGS_16.5.0,Collection 2,3aa1aa2c6f7390b2d69502e341227f7154f3d5e9164904d00232c4faff2099fb,landsat,c22c6f0c12d21f9697516f575d7276fbd4efb5f890faa68f8aa9208ebeb450da,LANDSAT/LC09/C02/T1_L2/LC09_138034_20250818,LC09_138034_20250818,1755491226965,2025-08-25,2025-07-26,2025
AOI-01,18ae788e0cf1ef68015dfee09e2ef7a0a1af4676e0b5d436994b707dfe92dec3,LANDSAT/LC09/C02/T1_L2,2025-07-17T04:27:13.186000+00:00,final-source-scenes-r2-asset-verified,12.84,OUTSIDE_NOMINAL_WINDOW,b21c8cc7f3d4d35e1db4dfa1c8245ff10ba657c0a0a001992b552808766cc49b,REMOVE_SYNTHETIC_MERGE_PREFIX;BIND_PLATFORM_COLLECTION;RESTORE_SYSTEM_INDEX,False,LANDSAT/LC08/C02/T1_L2/2_LC09_138035_20250717,source-scenes-v1,2025-08-10,LANDSAT_9,LPGS_16.5.0,LPGS_16.5.0,Collection 2,3aa1aa2c6f7390b2d69502e341227f7154f3d5e9164904d00232c4faff2099fb,landsat,c22c6f0c12d21f9697516f575d7276fbd4efb5f890faa68f8aa9208ebeb450da,LANDSAT/LC09/C02/T1_L2/LC09_138035_20250717,LC09_138035_20250717,1752726433186,2025-08-25,2025-07-26,2025
AOI-01,18ae788e0cf1ef68015dfee09e2ef7a0a1af4676e0b5d436994b707dfe92dec3,LANDSAT/LC09/C02/T1_L2,2025-08-02T04:27:19.265000+00:00,final-source-scenes-r2-asset-verified,24.69,,b21c8cc7f3d4d35e1db4dfa1c8245ff10ba657c0a0a001992b552808766cc49b,REMOVE_SYNTHETIC_MERGE_PREFIX;BIND_PLATFORM_COLLECTION;RESTORE_SYSTEM_INDEX,True,LANDSAT/LC08/C02/T1_L2/2_LC09_138035_20250802,source-scenes-v1,2025-08-10,LANDSAT_9,LPGS_16.5.0,LPGS_16.5.0,Collection 2,3aa1aa2c6f7390b2d69502e341227f7154f3d5e9164904d00232c4faff2099fb,landsat,c22c6f0c12d21f9697516f575d7276fbd4efb5f890faa68f8aa9208ebeb450da,LANDSAT/LC09/C02/T1_L2/LC09_138035_20250802,LC09_138035_20250802,1754108839265,2025-08-25,2025-07-26,2025
AOI-01,18ae788e0cf1ef68015dfee09e2ef7a0a1af4676e0b5d436994b707dfe92dec3,LANDSAT/LC09/C02/T1_L2,2025-08-18T04:27:30.856000+00:00,final-source-scenes-r2-asset-verified,10.62,,b21c8cc7f3d4d35e1db4dfa1c8245ff10ba657c0a0a001992b552808766cc49b,REMOVE_SYNTHETIC_MERGE_PREFIX;BIND_PLATFORM_COLLECTION;RESTORE_SYSTEM_INDEX,True,LANDSAT/LC08/C02/T1_L2/2_LC09_138035_20250818,source-scenes-v1,2025-08-10,LANDSAT_9,LPGS_16.5.0,LPGS_16.5.0,Collection 2,3aa1aa2c6f7390b2d69502e341227f7154f3d5e9164904d00232c4faff2099fb,landsat,c22c6f0c12d21f9697516f575d7276fbd4efb5f890faa68f8aa9208ebeb450da,LANDSAT/LC09/C02/T1_L2/LC09_138035_20250818,LC09_138035_20250818,1755491250856,2025-08-25,2025-07-26,2025
AOI-02,ffcd445586dcd3b933d48bcc1cbd5c7c04e40be18f8c37915aa1d54e8887a72f,LANDSAT/LC08/C02/T1_L2,2021-07-25T04:09:40.417000+00:00,final-source-scenes-r2-asset-verified,73.32,,b21c8cc7f3d4d35e1db4dfa1c8245ff10ba657c0a0a001992b552808766cc49b,REMOVE_SYNTHETIC_MERGE_PREFIX;BIND_PLATFORM_COLLECTION;RESTORE_SYSTEM_INDEX,True,LANDSAT/LC08/C02/T1_L2/1_LC08_135037_20210725,source-scenes-v1,2021-07-20,LANDSAT_8,LPGS_15.5.0,LPGS_15.5.0,Collection 2,edecb2994ee44c2376ce8e1f152ab6ce193eeb03b1fbd84c769d821cfd69e3f9,landsat,1c91bc1611971a454886e7793eb7bbbb9eefb276a8c8b8c180e9ed12cd1474b9,LANDSAT/LC08/C02/T1_L2/LC08_135037_20210725,LC08_135037_20210725,1627186180417,2021-08-04,2021-07-05,2021
AOI-02,ffcd445586dcd3b933d48bcc1cbd5c7c04e40be18f8c37915aa1d54e8887a72f,LANDSAT/LC08/C02/T1_L2,2021-07-16T04:15:45.977000+00:00,final-source-scenes-r2-asset-verified,40.06,,b21c8cc7f3d4d35e1db4dfa1c8245ff10ba657c0a0a001992b552808766cc49b,REMOVE_SYNTHETIC_MERGE_PREFIX;BIND_PLATFORM_COLLECTION;RESTORE_SYSTEM_INDEX,True,LANDSAT/LC08/C02/T1_L2/1_LC08_136037_20210716,source-scenes-v1,2021-07-20,LANDSAT_8,LPGS_15.5.0,LPGS_15.5.0,Collection 2,edecb2994ee44c2376ce8e1f152ab6ce193eeb03b1fbd84c769d821cfd69e3f9,landsat,1c91bc1611971a454886e7793eb7bbbb9eefb276a8c8b8c180e9ed12cd1474b9,LANDSAT/LC08/C02/T1_L2/LC08_136037_20210716,LC08_136037_20210716,1626408945977,2021-08-04,2021-07-05,2021
AOI-02,ffcd445586dcd3b933d48bcc1cbd5c7c04e40be18f8c37915aa1d54e8887a72f,LANDSAT/LC08/C02/T1_L2,2021-08-01T04:15:54.627000+00:00,final-source-scenes-r2-asset-verified,17.95,,b21c8cc7f3d4d35e1db4dfa1c8245ff10ba657c0a0a001992b552808766cc49b,REMOVE_SYNTHETIC_MERGE_PREFIX;BIND_PLATFORM_COLLECTION;RESTORE_SYSTEM_INDEX,True,LANDSAT/LC08/C02/T1_L2/1_LC08_136037_20210801,source-scenes-v1,2021-07-20,LANDSAT_8,LPGS_15.5.0,LPGS_15.5.0,Collection 2,edecb2994ee44c2376ce8e1f152ab6ce193eeb03b1fbd84c769d821cfd69e3f9,landsat,1c91bc1611971a454886e7793eb7bbbb9eefb276a8c8b8c180e9ed12cd1474b9,LANDSAT/LC08/C02/T1_L2/LC08_136037_20210801,LC08_136037_20210801,1627791354627,2021-08-04,2021-07-05,2021
AOI-02,ffcd445586dcd3b933d48bcc1cbd5c7c04e40be18f8c37915aa1d54e8887a72f,LANDSAT/LC08/C02/T1_L2,2021-08-17T04:16:00.533000+00:00,final-source-scenes-r2-asset-verified,53.11,OUTSIDE_NOMINAL_WINDOW,b21c8cc7f3d4d35e1db4dfa1c8245ff10ba657c0a0a001992b552808766cc49b,REMOVE_SYNTHETIC_MERGE_PREFIX;BIND_PLATFORM_COLLECTION;RESTORE_SYSTEM_INDEX,False,LANDSAT/LC08/C02/T1_L2/1_LC08_136037_20210817,source-scenes-v1,2021-07-20,LANDSAT_8,LPGS_15.5.0,LPGS_15.5.0,Collection 2,edecb2994ee44c2376ce8e1f152ab6ce193eeb03b1fbd84c769d821cfd69e3f9,landsat,1c91bc1611971a454886e7793eb7bbbb9eefb276a8c8b8c180e9ed12cd1474b9,LANDSAT/LC08/C02/T1_L2/LC08_136037_20210817,LC08_136037_20210817,1629173760533,2021-08-04,2021-07-05,2021
AOI-02,ffcd445586dcd3b933d48bcc1cbd5c7c04e40be18f8c37915aa1d54e8887a72f,LANDSAT/LC08/C02/T1_L2,2021-07-25T04:09:40.417000+00:00,final-source-scenes-r2-asset-verified,73.32,,b21c8cc7f3d4d35e1db4dfa1c8245ff10ba657c0a0a001992b552808766cc49b,REMOVE_SYNTHETIC_MERGE_PREFIX;BIND_PLATFORM_COLLECTION;RESTORE_SYSTEM_INDEX,True,LANDSAT/LC08/C02/T1_L2/1_LC08_135037_20210725,source-scenes-v1,2021-07-31,LANDSAT_8,LPGS_15.5.0,LPGS_15.5.0,Collection 2,c1bb5288534e695ed5c35ea2c228823b3698aa72df9ea8af65ae0273885c54b3,landsat,7460e593b64c6ec200743b1e6e3c3258c05c9105b0a4ce294034acee9a2c1d16,LANDSAT/LC08/C02/T1_L2/LC08_135037_20210725,LC08_135037_20210725,1627186180417,2021-08-15,2021-07-16,2021
AOI-02,ffcd445586dcd3b933d48bcc1cbd5c7c04e40be18f8c37915aa1d54e8887a72f,LANDSAT/LC08/C02/T1_L2,2021-07-16T04:15:45.977000+00:00,final-source-scenes-r2-asset-verified,40.06,,b21c8cc7f3d4d35e1db4dfa1c8245ff10ba657c0a0a001992b552808766cc49b,REMOVE_SYNTHETIC_MERGE_PREFIX;BIND_PLATFORM_COLLECTION;RESTORE_SYSTEM_INDEX,True,LANDSAT/LC08/C02/T1_L2/1_LC08_136037_20210716,source-scenes-v1,2021-07-31,LANDSAT_8,LPGS_15.5.0,LPGS_15.5.0,Collection 2,c1bb5288534e695ed5c35ea2c228823b3698aa72df9ea8af65ae0273885c54b3,landsat,7460e593b64c6ec200743b1e6e3c3258c05c9105b0a4ce294034acee9a2c1d16,LANDSAT/LC08/C02/T1_L2/LC08_136037_20210716,LC08_136037_20210716,1626408945977,2021-08-15,2021-07-16,2021
AOI-02,ffcd445586dcd3b933d48bcc1cbd5c7c04e40be18f8c37915aa1d54e8887a72f,LANDSAT/LC08/C02/T1_L2,2021-08-01T04:15:54.627000+00:00,final-source-scenes-r2-asset-verified,17.95,,b21c8cc7f3d4d35e1db4dfa1c8245ff10ba657c0a0a001992b552808766cc49b,REMOVE_SYNTHETIC_MERGE_PREFIX;BIND_PLATFORM_COLLECTION;RESTORE_SYSTEM_INDEX,True,LANDSAT/LC08/C02/T1_L2/1_LC08_136037_20210801,source-scenes-v1,2021-07-31,LANDSAT_8,LPGS_15.5.0,LPGS_15.5.0,Collection 2,c1bb5288534e695ed5c35ea2c228823b3698aa72df9ea8af65ae0273885c54b3,landsat,7460e593b64c6ec200743b1e6e3c3258c05c9105b0a4ce294034acee9a2c1d16,LANDSAT/LC08/C02/T1_L2/LC08_136037_20210801,LC08_136037_20210801,1627791354627,2021-08-15,2021-07-16,2021
AOI-02,ffcd445586dcd3b933d48bcc1cbd5c7c04e40be18f8c37915aa1d54e8887a72f,LANDSAT/LC08/C02/T1_L2,2021-08-17T04:16:00.533000+00:00,final-source-scenes-r2-asset-verified,53.11,OUTSIDE_NOMINAL_WINDOW,b21c8cc7f3d4d35e1db4dfa1c8245ff10ba657c0a0a001992b552808766cc49b,REMOVE_SYNTHETIC_MERGE_PREFIX;BIND_PLATFORM_COLLECTION;RESTORE_SYSTEM_INDEX,False,LANDSAT/LC08/C02/T1_L2/1_LC08_136037_20210817,source-scenes-v1,2021-07-31,LANDSAT_8,LPGS_15.5.0,LPGS_15.5.0,Collection 2,c1bb5288534e695ed5c35ea2c228823b3698aa72df9ea8af65ae0273885c54b3,landsat,7460e593b64c6ec200743b1e6e3c3258c05c9105b0a4ce294034acee9a2c1d16,LANDSAT/LC08/C02/T1_L2/LC08_136037_20210817,LC08_136037_20210817,1629173760533,2021-08-15,2021-07-16,2021
AOI-02,ffcd445586dcd3b933d48bcc1cbd5c7c04e40be18f8c37915aa1d54e8887a72f,LANDSAT/LC08/C02/T1_L2,2021-07-25T04:09:40.417000+00:00,final-source-scenes-r2-asset-verified,73.32,OUTSIDE_NOMINAL_WINDOW,b21c8cc7f3d4d35e1db4dfa1c8245ff10ba657c0a0a001992b552808766cc49b,REMOVE_SYNTHETIC_MERGE_PREFIX;BIND_PLATFORM_COLLECTION;RESTORE_SYSTEM_INDEX,False,LANDSAT/LC08/C02/T1_L2/1_LC08_135037_20210725,source-scenes-v1,2021-08-10,LANDSAT_8,LPGS_15.5.0,LPGS_15.5.0,Collection 2,fd97c224117dc09eacadd9c24ab9b5bc01fb6e4313763b3cd92e50f173280a34,landsat,daa8924321b418150676b64e168fa315084998ff555498a1e5fef3a3e98c2348,LANDSAT/LC08/C02/T1_L2/LC08_135037_20210725,LC08_135037_20210725,1627186180417,2021-08-25,2021-07-26,2021
AOI-02,ffcd445586dcd3b933d48bcc1cbd5c7c04e40be18f8c37915aa1d54e8887a72f,LANDSAT/LC08/C02/T1_L2,2021-07-16T04:15:45.977000+00:00,final-source-scenes-r2-asset-verified,40.06,OUTSIDE_NOMINAL_WINDOW,b21c8cc7f3d4d35e1db4dfa1c8245ff10ba657c0a0a001992b552808766cc49b,REMOVE_SYNTHETIC_MERGE_PREFIX;BIND_PLATFORM_COLLECTION;RESTORE_SYSTEM_INDEX,False,LANDSAT/LC08/C02/T1_L2/1_LC08_136037_20210716,source-scenes-v1,2021-08-10,LANDSAT_8,LPGS_15.5.0,LPGS_15.5.0,Collection 2,fd97c224117dc09eacadd9c24ab9b5bc01fb6e4313763b3cd92e50f173280a34,landsat,daa8924321b418150676b64e168fa315084998ff555498a1e5fef3a3e98c2348,LANDSAT/LC08/C02/T1_L2/LC08_136037_20210716,LC08_136037_20210716,1626408945977,2021-08-25,2021-07-26,2021
AOI-02,ffcd445586dcd3b933d48bcc1cbd5c7c04e40be18f8c37915aa1d54e8887a72f,LANDSAT/LC08/C02/T1_L2,2021-08-01T04:15:54.627000+00:00,final-source-scenes-r2-asset-verified,17.95,,b21c8cc7f3d4d35e1db4dfa1c8245ff10ba657c0a0a001992b552808766cc49b,REMOVE_SYNTHETIC_MERGE_PREFIX;BIND_PLATFORM_COLLECTION;RESTORE_SYSTEM_INDEX,True,LANDSAT/LC08/C02/T1_L2/1_LC08_136037_20210801,source-scenes-v1,2021-08-10,LANDSAT_8,LPGS_15.5.0,LPGS_15.5.0,Collection 2,fd97c224117dc09eacadd9c24ab9b5bc01fb6e4313763b3cd92e50f173280a34,landsat,daa8924321b418150676b64e168fa315084998ff555498a1e5fef3a3e98c2348,LANDSAT/LC08/C02/T1_L2/LC08_136037_20210801,LC08_136037_20210801,1627791354627,2021-08-25,2021-07-26,2021
AOI-02,ffcd445586dcd3b933d48bcc1cbd5c7c04e40be18f8c37915aa1d54e8887a72f,LANDSAT/LC08/C02/T1_L2,2021-08-17T04:16:00.533000+00:00,final-source-scenes-r2-asset-verified,53.11,,b21c8cc7f3d4d35e1db4dfa1c8245ff10ba657c0a0a001992b552808766cc49b,REMOVE_SYNTHETIC_MERGE_PREFIX;BIND_PLATFORM_COLLECTION;RESTORE_SYSTEM_INDEX,True,LANDSAT/LC08/C02/T1_L2/1_LC08_136037_20210817,source-scenes-v1,2021-08-10,LANDSAT_8,LPGS_15.5.0,LPGS_15.5.0,Collection 2,fd97c224117dc09eacadd9c24ab9b5bc01fb6e4313763b3cd92e50f173280a34,landsat,daa8924321b418150676b64e168fa315084998ff555498a1e5fef3a3e98c2348,LANDSAT/LC08/C02/T1_L2/LC08_136037_20210817,LC08_136037_20210817,1629173760533,2021-08-25,2021-07-26,2021
AOI-02,ffcd445586dcd3b933d48bcc1cbd5c7c04e40be18f8c37915aa1d54e8887a72f,LANDSAT/LC08/C02/T1_L2,2022-07-28T04:10:03.447000+00:00,final-source-scenes-r2-asset-verified,28.51,,b21c8cc7f3d4d35e1db4dfa1c8245ff10ba657c0a0a001992b552808766cc49b,REMOVE_SYNTHETIC_MERGE_PREFIX;BIND_PLATFORM_COLLECTION;RESTORE_SYSTEM_INDEX,True,LANDSAT/LC08/C02/T1_L2/1_LC08_135037_20220728,source-scenes-v1,2022-07-20,LANDSAT_8,LPGS_16.1.0,LPGS_16.1.0,Collection 2,f88266023516770e5298cfaa782311c67021f99750b989d4f96ff84b0d7605a5,landsat,936f4d02375ca2cfb67536a1ab0e10c97cd111d8c72e50217ee23fe90fa3bdf9,LANDSAT/LC08/C02/T1_L2/LC08_135037_20220728,LC08_135037_20220728,1658981403447,2022-08-04,2022-07-05,2022
AOI-02,ffcd445586dcd3b933d48bcc1cbd5c7c04e40be18f8c37915aa1d54e8887a72f,LANDSAT/LC08/C02/T1_L2,2022-08-13T04:10:11.268000+00:00,final-source-scenes-r2-asset-verified,68.7,OUTSIDE_NOMINAL_WINDOW,b21c8cc7f3d4d35e1db4dfa1c8245ff10ba657c0a0a001992b552808766cc49b,REMOVE_SYNTHETIC_MERGE_PREFIX;BIND_PLATFORM_COLLECTION;RESTORE_SYSTEM_INDEX,False,LANDSAT/LC08/C02/T1_L2/1_LC08_135037_20220813,source-scenes-v1,2022-07-20,LANDSAT_8,LPGS_16.1.0,LPGS_16.1.0,Collection 2,f88266023516770e5298cfaa782311c67021f99750b989d4f96ff84b0d7605a5,landsat,936f4d02375ca2cfb67536a1ab0e10c97cd111d8c72e50217ee23fe90fa3bdf9,LANDSAT/LC08/C02/T1_L2/LC08_135037_20220813,LC08_135037_20220813,1660363811268,2022-08-04,2022-07-05,2022
AOI-02,ffcd445586dcd3b933d48bcc1cbd5c7c04e40be18f8c37915aa1d54e8887a72f,LANDSAT/LC08/C02/T1_L2,2022-07-19T04:16:07.406000+00:00,final-source-scenes-r2-asset-verified,6.1,,b21c8cc7f3d4d35e1db4dfa1c8245ff10ba657c0a0a001992b552808766cc49b,REMOVE_SYNTHETIC_MERGE_PREFIX;BIND_PLATFORM_COLLECTION;RESTORE_SYSTEM_INDEX,True,LANDSAT/LC08/C02/T1_L2/1_LC08_136037_20220719,source-scenes-v1,2022-07-20,LANDSAT_8,LPGS_16.1.0,LPGS_16.1.0,Collection 2,f88266023516770e5298cfaa782311c67021f99750b989d4f96ff84b0d7605a5,landsat,936f4d02375ca2cfb67536a1ab0e10c97cd111d8c72e50217ee23fe90fa3bdf9,LANDSAT/LC08/C02/T1_L2/LC08_136037_20220719,LC08_136037_20220719,1658204167406,2022-08-04,2022-07-05,2022
AOI-02,ffcd445586dcd3b933d48bcc1cbd5c7c04e40be18f8c37915aa1d54e8887a72f,LANDSAT/LC08/C02/T1_L2,2022-08-04T04:16:18.353000+00:00,final-source-scenes-r2-asset-verified,77.24,,b21c8cc7f3d4d35e1db4dfa1c8245ff10ba657c0a0a001992b552808766cc49b,REMOVE_SYNTHETIC_MERGE_PREFIX;BIND_PLATFORM_COLLECTION;RESTORE_SYSTEM_INDEX,True,LANDSAT/LC08/C02/T1_L2/1_LC08_136037_20220804,source-scenes-v1,2022-07-20,LANDSAT_8,LPGS_16.1.0,LPGS_16.1.0,Collection 2,f88266023516770e5298cfaa782311c67021f99750b989d4f96ff84b0d7605a5,landsat,936f4d02375ca2cfb67536a1ab0e10c97cd111d8c72e50217ee23fe90fa3bdf9,LANDSAT/LC08/C02/T1_L2/LC08_136037_20220804,LC08_136037_20220804,1659586578353,2022-08-04,2022-07-05,2022
AOI-02,ffcd445586dcd3b933d48bcc1cbd5c7c04e40be18f8c37915aa1d54e8887a72f,LANDSAT/LC08/C02/T1_L2,2022-08-20T04:16:23.355000+00:00,final-source-scenes-r2-asset-verified,71.35,OUTSIDE_NOMINAL_WINDOW,b21c8cc7f3d4d35e1db4dfa1c8245ff10ba657c0a0a001992b552808766cc49b,REMOVE_SYNTHETIC_MERGE_PREFIX;BIND_PLATFORM_COLLECTION;RESTORE_SYSTEM_INDEX,False,LANDSAT/LC08/C02/T1_L2/1_LC08_136037_20220820,source-scenes-v1,2022-07-20,LANDSAT_8,LPGS_16.1.0,LPGS_16.1.0,Collection 2,f88266023516770e5298cfaa782311c67021f99750b989d4f96ff84b0d7605a5,landsat,936f4d02375ca2cfb67536a1ab0e10c97cd111d8c72e50217ee23fe90fa3bdf9,LANDSAT/LC08/C02/T1_L2/LC08_136037_20220820,LC08_136037_20220820,1660968983355,2022-08-04,2022-07-05,2022
AOI-02,ffcd445586dcd3b933d48bcc1cbd5c7c04e40be18f8c37915aa1d54e8887a72f,LANDSAT/LC09/C02/T1_L2,2022-07-20T04:09:34.108000+00:00,final-source-scenes-r2-asset-verified,1.41,,b21c8cc7f3d4d35e1db4dfa1c8245ff10ba657c0a0a001992b552808766cc49b,REMOVE_SYNTHETIC_MERGE_PREFIX;BIND_PLATFORM_COLLECTION;RESTORE_SYSTEM_INDEX,True,LANDSAT/LC08/C02/T1_L2/2_LC09_135037_20220720,source-scenes-v1,2022-07-20,LANDSAT_9,LPGS_16.2.0,LPGS_16.2.0,Collection 2,f88266023516770e5298cfaa782311c67021f99750b989d4f96ff84b0d7605a5,landsat,936f4d02375ca2cfb67536a1ab0e10c97cd111d8c72e50217ee23fe90fa3bdf9,LANDSAT/LC09/C02/T1_L2/LC09_135037_20220720,LC09_135037_20220720,1658290174108,2022-08-04,2022-07-05,2022
AOI-02,ffcd445586dcd3b933d48bcc1cbd5c7c04e40be18f8c37915aa1d54e8887a72f,LANDSAT/LC09/C02/T1_L2,2022-08-05T04:09:47.132000+00:00,final-source-scenes-r2-asset-verified,42.42,OUTSIDE_NOMINAL_WINDOW,b21c8cc7f3d4d35e1db4dfa1c8245ff10ba657c0a0a001992b552808766cc49b,REMOVE_SYNTHETIC_MERGE_PREFIX;BIND_PLATFORM_COLLECTION;RESTORE_SYSTEM_INDEX,False,LANDSAT/LC08/C02/T1_L2/2_LC09_135037_20220805,source-scenes-v1,2022-07-20,LANDSAT_9,LPGS_16.2.0,LPGS_16.2.0,Collection 2,f88266023516770e5298cfaa782311c67021f99750b989d4f96ff84b0d7605a5,landsat,936f4d02375ca2cfb67536a1ab0e10c97cd111d8c72e50217ee23fe90fa3bdf9,LANDSAT/LC09/C02/T1_L2/LC09_135037_20220805,LC09_135037_20220805,1659672587132,2022-08-04,2022-07-05,2022
AOI-02,ffcd445586dcd3b933d48bcc1cbd5c7c04e40be18f8c37915aa1d54e8887a72f,LANDSAT/LC09/C02/T1_L2,2022-08-21T04:09:53.798000+00:00,final-source-scenes-r2-asset-verified,15.43,OUTSIDE_NOMINAL_WINDOW,b21c8cc7f3d4d35e1db4dfa1c8245ff10ba657c0a0a001992b552808766cc49b,REMOVE_SYNTHETIC_MERGE_PREFIX;BIND_PLATFORM_COLLECTION;RESTORE_SYSTEM_INDEX,False,LANDSAT/LC08/C02/T1_L2/2_LC09_135037_20220821,source-scenes-v1,2022-07-20,LANDSAT_9,LPGS_16.2.0,LPGS_16.2.0,Collection 2,f88266023516770e5298cfaa782311c67021f99750b989d4f96ff84b0d7605a5,landsat,936f4d02375ca2cfb67536a1ab0e10c97cd111d8c72e50217ee23fe90fa3bdf9,LANDSAT/LC09/C02/T1_L2/LC09_135037_20220821,LC09_135037_20220821,1661054993798,2022-08-04,2022-07-05,2022
AOI-02,ffcd445586dcd3b933d48bcc1cbd5c7c04e40be18f8c37915aa1d54e8887a72f,LANDSAT/LC09/C02/T1_L2,2022-07-11T04:15:40.548000+00:00,final-source-scenes-r2-asset-verified,70.58,,b21c8cc7f3d4d35e1db4dfa1c8245ff10ba657c0a0a001992b552808766cc49b,REMOVE_SYNTHETIC_MERGE_PREFIX;BIND_PLATFORM_COLLECTION;RESTORE_SYSTEM_INDEX,True,LANDSAT/LC08/C02/T1_L2/2_LC09_136037_20220711,source-scenes-v1,2022-07-20,LANDSAT_9,LPGS_16.2.0,LPGS_16.2.0,Collection 2,f88266023516770e5298cfaa782311c67021f99750b989d4f96ff84b0d7605a5,landsat,936f4d02375ca2cfb67536a1ab0e10c97cd111d8c72e50217ee23fe90fa3bdf9,LANDSAT/LC09/C02/T1_L2/LC09_136037_20220711,LC09_136037_20220711,1657512940548,2022-08-04,2022-07-05,2022
AOI-02,ffcd445586dcd3b933d48bcc1cbd5c7c04e40be18f8c37915aa1d54e8887a72f,LANDSAT/LC09/C02/T1_L2,2022-07-27T04:15:51.344000+00:00,final-source-scenes-r2-asset-verified,27.57,,b21c8cc7f3d4d35e1db4dfa1c8245ff10ba657c0a0a001992b552808766cc49b,REMOVE_SYNTHETIC_MERGE_PREFIX;BIND_PLATFORM_COLLECTION;RESTORE_SYSTEM_INDEX,True,LANDSAT/LC08/C02/T1_L2/2_LC09_136037_20220727,source-scenes-v1,2022-07-20,LANDSAT_9,LPGS_16.2.0,LPGS_16.2.0,Collection 2,f88266023516770e5298cfaa782311c67021f99750b989d4f96ff84b0d7605a5,landsat,936f4d02375ca2cfb67536a1ab0e10c97cd111d8c72e50217ee23fe90fa3bdf9,LANDSAT/LC09/C02/T1_L2/LC09_136037_20220727,LC09_136037_20220727,1658895351344,2022-08-04,2022-07-05,2022
AOI-02,ffcd445586dcd3b933d48bcc1cbd5c7c04e40be18f8c37915aa1d54e8887a72f,LANDSAT/LC09/C02/T1_L2,2022-08-12T04:16:01.827000+00:00,final-source-scenes-r2-asset-verified,56.31,OUTSIDE_NOMINAL_WINDOW,b21c8cc7f3d4d35e1db4dfa1c8245ff10ba657c0a0a001992b552808766cc49b,REMOVE_SYNTHETIC_MERGE_PREFIX;BIND_PLATFORM_COLLECTION;RESTORE_SYSTEM_INDEX,False,LANDSAT/LC08/C02/T1_L2/2_LC09_136037_20220812,source-scenes-v1,2022-07-20,LANDSAT_9,LPGS_16.2.0,LPGS_16.2.0,Collection 2,f88266023516770e5298cfaa782311c67021f99750b989d4f96ff84b0d7605a5,landsat,936f4d02375ca2cfb67536a1ab0e10c97cd111d8c72e50217ee23fe90fa3bdf9,LANDSAT/LC09/C02/T1_L2/LC09_136037_20220812,LC09_136037_20220812,1660277761827,2022-08-04,2022-07-05,2022
AOI-02,ffcd445586dcd3b933d48bcc1cbd5c7c04e40be18f8c37915aa1d54e8887a72f,LANDSAT/LC08/C02/T1_L2,2022-07-28T04:10:03.447000+00:00,final-source-scenes-r2-asset-verified,28.51,,b21c8cc7f3d4d35e1db4dfa1c8245ff10ba657c0a0a001992b552808766cc49b,REMOVE_SYNTHETIC_MERGE_PREFIX;BIND_PLATFORM_COLLECTION;RESTORE_SYSTEM_INDEX,True,LANDSAT/LC08/C02/T1_L2/1_LC08_135037_20220728,source-scenes-v1,2022-07-31,LANDSAT_8,LPGS_16.1.0,LPGS_16.1.0,Collection 2,04e3dd26f9ff12f5aa8d06fb09a5741f55d7bca06fca422693c32956c59259f0,landsat,b620e2c019d65316d2e383c2c9d359bf24e77181442368790881cd40c658525d,LANDSAT/LC08/C02/T1_L2/LC08_135037_20220728,LC08_135037_20220728,1658981403447,2022-08-15,2022-07-16,2022
AOI-02,ffcd445586dcd3b933d48bcc1cbd5c7c04e40be18f8c37915aa1d54e8887a72f,LANDSAT/LC08/C02/T1_L2,2022-08-13T04:10:11.268000+00:00,final-source-scenes-r2-asset-verified,68.7,,b21c8cc7f3d4d35e1db4dfa1c8245ff10ba657c0a0a001992b552808766cc49b,REMOVE_SYNTHETIC_MERGE_PREFIX;BIND_PLATFORM_COLLECTION;RESTORE_SYSTEM_INDEX,True,LANDSAT/LC08/C02/T1_L2/1_LC08_135037_20220813,source-scenes-v1,2022-07-31,LANDSAT_8,LPGS_16.1.0,LPGS_16.1.0,Collection 2,04e3dd26f9ff12f5aa8d06fb09a5741f55d7bca06fca422693c32956c59259f0,landsat,b620e2c019d65316d2e383c2c9d359bf24e77181442368790881cd40c658525d,LANDSAT/LC08/C02/T1_L2/LC08_135037_20220813,LC08_135037_20220813,1660363811268,2022-08-15,2022-07-16,2022
AOI-02,ffcd445586dcd3b933d48bcc1cbd5c7c04e40be18f8c37915aa1d54e8887a72f,LANDSAT/LC08/C02/T1_L2,2022-07-19T04:16:07.406000+00:00,final-source-scenes-r2-asset-verified,6.1,,b21c8cc7f3d4d35e1db4dfa1c8245ff10ba657c0a0a001992b552808766cc49b,REMOVE_SYNTHETIC_MERGE_PREFIX;BIND_PLATFORM_COLLECTION;RESTORE_SYSTEM_INDEX,True,LANDSAT/LC08/C02/T1_L2/1_LC08_136037_20220719,source-scenes-v1,2022-07-31,LANDSAT_8,LPGS_16.1.0,LPGS_16.1.0,Collection 2,04e3dd26f9ff12f5aa8d06fb09a5741f55d7bca06fca422693c32956c59259f0,landsat,b620e2c019d65316d2e383c2c9d359bf24e77181442368790881cd40c658525d,LANDSAT/LC08/C02/T1_L2/LC08_136037_20220719,LC08_136037_20220719,1658204167406,2022-08-15,2022-07-16,2022
AOI-02,ffcd445586dcd3b933d48bcc1cbd5c7c04e40be18f8c37915aa1d54e8887a72f,LANDSAT/LC08/C02/T1_L2,2022-08-04T04:16:18.353000+00:00,final-source-scenes-r2-asset-verified,77.24,,b21c8cc7f3d4d35e1db4dfa1c8245ff10ba657c0a0a001992b552808766cc49b,REMOVE_SYNTHETIC_MERGE_PREFIX;BIND_PLATFORM_COLLECTION;RESTORE_SYSTEM_INDEX,True,LANDSAT/LC08/C02/T1_L2/1_LC08_136037_20220804,source-scenes-v1,2022-07-31,LANDSAT_8,LPGS_16.1.0,LPGS_16.1.0,Collection 2,04e3dd26f9ff12f5aa8d06fb09a5741f55d7bca06fca422693c32956c59259f0,landsat,b620e2c019d65316d2e383c2c9d359bf24e77181442368790881cd40c658525d,LANDSAT/LC08/C02/T1_L2/LC08_136037_20220804,LC08_136037_20220804,1659586578353,2022-08-15,2022-07-16,2022
AOI-02,ffcd445586dcd3b933d48bcc1cbd5c7c04e40be18f8c37915aa1d54e8887a72f,LANDSAT/LC08/C02/T1_L2,2022-08-20T04:16:23.355000+00:00,final-source-scenes-r2-asset-verified,71.35,OUTSIDE_NOMINAL_WINDOW,b21c8cc7f3d4d35e1db4dfa1c8245ff10ba657c0a0a001992b552808766cc49b,REMOVE_SYNTHETIC_MERGE_PREFIX;BIND_PLATFORM_COLLECTION;RESTORE_SYSTEM_INDEX,False,LANDSAT/LC08/C02/T1_L2/1_LC08_136037_20220820,source-scenes-v1,2022-07-31,LANDSAT_8,LPGS_16.1.0,LPGS_16.1.0,Collection 2,04e3dd26f9ff12f5aa8d06fb09a5741f55d7bca06fca422693c32956c59259f0,landsat,b620e2c019d65316d2e383c2c9d359bf24e77181442368790881cd40c658525d,LANDSAT/LC08/C02/T1_L2/LC08_136037_20220820,LC08_136037_20220820,1660968983355,2022-08-15,2022-07-16,2022
AOI-02,ffcd445586dcd3b933d48bcc1cbd5c7c04e40be18f8c37915aa1d54e8887a72f,LANDSAT/LC09/C02/T1_L2,2022-07-20T04:09:34.108000+00:00,final-source-scenes-r2-asset-verified,1.41,,b21c8cc7f3d4d35e1db4dfa1c8245ff10ba657c0a0a001992b552808766cc49b,REMOVE_SYNTHETIC_MERGE_PREFIX;BIND_PLATFORM_COLLECTION;RESTORE_SYSTEM_INDEX,True,LANDSAT/LC08/C02/T1_L2/2_LC09_135037_20220720,source-scenes-v1,2022-07-31,LANDSAT_9,LPGS_16.2.0,LPGS_16.2.0,Collection 2,04e3dd26f9ff12f5aa8d06fb09a5741f55d7bca06fca422693c32956c59259f0,landsat,b620e2c019d65316d2e383c2c9d359bf24e77181442368790881cd40c658525d,LANDSAT/LC09/C02/T1_L2/LC09_135037_20220720,LC09_135037_20220720,1658290174108,2022-08-15,2022-07-16,2022
AOI-02,ffcd445586dcd3b933d48bcc1cbd5c7c04e40be18f8c37915aa1d54e8887a72f,LANDSAT/LC09/C02/T1_L2,2022-08-05T04:09:47.132000+00:00,final-source-scenes-r2-asset-verified,42.42,,b21c8cc7f3d4d35e1db4dfa1c8245ff10ba657c0a0a001992b552808766cc49b,REMOVE_SYNTHETIC_MERGE_PREFIX;BIND_PLATFORM_COLLECTION;RESTORE_SYSTEM_INDEX,True,LANDSAT/LC08/C02/T1_L2/2_LC09_135037_20220805,source-scenes-v1,2022-07-31,LANDSAT_9,LPGS_16.2.0,LPGS_16.2.0,Collection 2,04e3dd26f9ff12f5aa8d06fb09a5741f55d7bca06fca422693c32956c59259f0,landsat,b620e2c019d65316d2e383c2c9d359bf24e77181442368790881cd40c658525d,LANDSAT/LC09/C02/T1_L2/LC09_135037_20220805,LC09_135037_20220805,1659672587132,2022-08-15,2022-07-16,2022
AOI-02,ffcd445586dcd3b933d48bcc1cbd5c7c04e40be18f8c37915aa1d54e8887a72f,LANDSAT/LC09/C02/T1_L2,2022-08-21T04:09:53.798000+00:00,final-source-scenes-r2-asset-verified,15.43,OUTSIDE_NOMINAL_WINDOW,b21c8cc7f3d4d35e1db4dfa1c8245ff10ba657c0a0a001992b552808766cc49b,REMOVE_SYNTHETIC_MERGE_PREFIX;BIND_PLATFORM_COLLECTION;RESTORE_SYSTEM_INDEX,False,LANDSAT/LC08/C02/T1_L2/2_LC09_135037_20220821,source-scenes-v1,2022-07-31,LANDSAT_9,LPGS_16.2.0,LPGS_16.2.0,Collection 2,04e3dd26f9ff12f5aa8d06fb09a5741f55d7bca06fca422693c32956c59259f0,landsat,b620e2c019d65316d2e383c2c9d359bf24e77181442368790881cd40c658525d,LANDSAT/LC09/C02/T1_L2/LC09_135037_20220821,LC09_135037_20220821,1661054993798,2022-08-15,2022-07-16,2022
AOI-02,ffcd445586dcd3b933d48bcc1cbd5c7c04e40be18f8c37915aa1d54e8887a72f,LANDSAT/LC09/C02/T1_L2,2022-07-11T04:15:40.548000+00:00,final-source-scenes-r2-asset-verified,70.58,OUTSIDE_NOMINAL_WINDOW,b21c8cc7f3d4d35e1db4dfa1c8245ff10ba657c0a0a001992b552808766cc49b,REMOVE_SYNTHETIC_MERGE_PREFIX;BIND_PLATFORM_COLLECTION;RESTORE_SYSTEM_INDEX,False,LANDSAT/LC08/C02/T1_L2/2_LC09_136037_20220711,source-scenes-v1,2022-07-31,LANDSAT_9,LPGS_16.2.0,LPGS_16.2.0,Collection 2,04e3dd26f9ff12f5aa8d06fb09a5741f55d7bca06fca422693c32956c59259f0,landsat,b620e2c019d65316d2e383c2c9d359bf24e77181442368790881cd40c658525d,LANDSAT/LC09/C02/T1_L2/LC09_136037_20220711,LC09_136037_20220711,1657512940548,2022-08-15,2022-07-16,2022
AOI-02,ffcd445586dcd3b933d48bcc1cbd5c7c04e40be18f8c37915aa1d54e8887a72f,LANDSAT/LC09/C02/T1_L2,2022-07-27T04:15:51.344000+00:00,final-source-scenes-r2-asset-verified,27.57,,b21c8cc7f3d4d35e1db4dfa1c8245ff10ba657c0a0a001992b552808766cc49b,REMOVE_SYNTHETIC_MERGE_PREFIX;BIND_PLATFORM_COLLECTION;RESTORE_SYSTEM_INDEX,True,LANDSAT/LC08/C02/T1_L2/2_LC09_136037_20220727,source-scenes-v1,2022-07-31,LANDSAT_9,LPGS_16.2.0,LPGS_16.2.0,Collection 2,04e3dd26f9ff12f5aa8d06fb09a5741f55d7bca06fca422693c32956c59259f0,landsat,b620e2c019d65316d2e383c2c9d359bf24e77181442368790881cd40c658525d,LANDSAT/LC09/C02/T1_L2/LC09_136037_20220727,LC09_136037_20220727,1658895351344,2022-08-15,2022-07-16,2022
AOI-02,ffcd445586dcd3b933d48bcc1cbd5c7c04e40be18f8c37915aa1d54e8887a72f,LANDSAT/LC09/C02/T1_L2,2022-08-12T04:16:01.827000+00:00,final-source-scenes-r2-asset-verified,56.31,,b21c8cc7f3d4d35e1db4dfa1c8245ff10ba657c0a0a001992b552808766cc49b,REMOVE_SYNTHETIC_MERGE_PREFIX;BIND_PLATFORM_COLLECTION;RESTORE_SYSTEM_INDEX,True,LANDSAT/LC08/C02/T1_L2/2_LC09_136037_20220812,source-scenes-v1,2022-07-31,LANDSAT_9,LPGS_16.2.0,LPGS_16.2.0,Collection 2,04e3dd26f9ff12f5aa8d06fb09a5741f55d7bca06fca422693c32956c59259f0,landsat,b620e2c019d65316d2e383c2c9d359bf24e77181442368790881cd40c658525d,LANDSAT/LC09/C02/T1_L2/LC09_136037_20220812,LC09_136037_20220812,1660277761827,2022-08-15,2022-07-16,2022
AOI-02,ffcd445586dcd3b933d48bcc1cbd5c7c04e40be18f8c37915aa1d54e8887a72f,LANDSAT/LC08/C02/T1_L2,2022-07-28T04:10:03.447000+00:00,final-source-scenes-r2-asset-verified,28.51,,b21c8cc7f3d4d35e1db4dfa1c8245ff10ba657c0a0a001992b552808766cc49b,REMOVE_SYNTHETIC_MERGE_PREFIX;BIND_PLATFORM_COLLECTION;RESTORE_SYSTEM_INDEX,True,LANDSAT/LC08/C02/T1_L2/1_LC08_135037_20220728,source-scenes-v1,2022-08-10,LANDSAT_8,LPGS_16.1.0,LPGS_16.1.0,Collection 2,787418571a4b7345ca735600c9a2ad8191e7f2d77218af695ca927b065287fab,landsat,bd38c0d569439a660419e37b9f333d6f879fb0cdd1813e14a63a568387fe1030,LANDSAT/LC08/C02/T1_L2/LC08_135037_20220728,LC08_135037_20220728,1658981403447,2022-08-25,2022-07-26,2022
AOI-02,ffcd445586dcd3b933d48bcc1cbd5c7c04e40be18f8c37915aa1d54e8887a72f,LANDSAT/LC08/C02/T1_L2,2022-08-13T04:10:11.268000+00:00,final-source-scenes-r2-asset-verified,68.7,,b21c8cc7f3d4d35e1db4dfa1c8245ff10ba657c0a0a001992b552808766cc49b,REMOVE_SYNTHETIC_MERGE_PREFIX;BIND_PLATFORM_COLLECTION;RESTORE_SYSTEM_INDEX,True,LANDSAT/LC08/C02/T1_L2/1_LC08_135037_20220813,source-scenes-v1,2022-08-10,LANDSAT_8,LPGS_16.1.0,LPGS_16.1.0,Collection 2,787418571a4b7345ca735600c9a2ad8191e7f2d77218af695ca927b065287fab,landsat,bd38c0d569439a660419e37b9f333d6f879fb0cdd1813e14a63a568387fe1030,LANDSAT/LC08/C02/T1_L2/LC08_135037_20220813,LC08_135037_20220813,1660363811268,2022-08-25,2022-07-26,2022
AOI-02,ffcd445586dcd3b933d48bcc1cbd5c7c04e40be18f8c37915aa1d54e8887a72f,LANDSAT/LC08/C02/T1_L2,2022-07-19T04:16:07.406000+00:00,final-source-scenes-r2-asset-verified,6.1,OUTSIDE_NOMINAL_WINDOW,b21c8cc7f3d4d35e1db4dfa1c8245ff10ba657c0a0a001992b552808766cc49b,REMOVE_SYNTHETIC_MERGE_PREFIX;BIND_PLATFORM_COLLECTION;RESTORE_SYSTEM_INDEX,False,LANDSAT/LC08/C02/T1_L2/1_LC08_136037_20220719,source-scenes-v1,2022-08-10,LANDSAT_8,LPGS_16.1.0,LPGS_16.1.0,Collection 2,787418571a4b7345ca735600c9a2ad8191e7f2d77218af695ca927b065287fab,landsat,bd38c0d569439a660419e37b9f333d6f879fb0cdd1813e14a63a568387fe1030,LANDSAT/LC08/C02/T1_L2/LC08_136037_20220719,LC08_136037_20220719,1658204167406,2022-08-25,2022-07-26,2022
AOI-02,ffcd445586dcd3b933d48bcc1cbd5c7c04e40be18f8c37915aa1d54e8887a72f,LANDSAT/LC08/C02/T1_L2,2022-08-04T04:16:18.353000+00:00,final-source-scenes-r2-asset-verified,77.24,,b21c8cc7f3d4d35e1db4dfa1c8245ff10ba657c0a0a001992b552808766cc49b,REMOVE_SYNTHETIC_MERGE_PREFIX;BIND_PLATFORM_COLLECTION;RESTORE_SYSTEM_INDEX,True,LANDSAT/LC08/C02/T1_L2/1_LC08_136037_20220804,source-scenes-v1,2022-08-10,LANDSAT_8,LPGS_16.1.0,LPGS_16.1.0,Collection 2,787418571a4b7345ca735600c9a2ad8191e7f2d77218af695ca927b065287fab,landsat,bd38c0d569439a660419e37b9f333d6f879fb0cdd1813e14a63a568387fe1030,LANDSAT/LC08/C02/T1_L2/LC08_136037_20220804,LC08_136037_20220804,1659586578353,2022-08-25,2022-07-26,2022
AOI-02,ffcd445586dcd3b933d48bcc1cbd5c7c04e40be18f8c37915aa1d54e8887a72f,LANDSAT/LC08/C02/T1_L2,2022-08-20T04:16:23.355000+00:00,final-source-scenes-r2-asset-verified,71.35,,b21c8cc7f3d4d35e1db4dfa1c8245ff10ba657c0a0a001992b552808766cc49b,REMOVE_SYNTHETIC_MERGE_PREFIX;BIND_PLATFORM_COLLECTION;RESTORE_SYSTEM_INDEX,True,LANDSAT/LC08/C02/T1_L2/1_LC08_136037_20220820,source-scenes-v1,2022-08-10,LANDSAT_8,LPGS_16.1.0,LPGS_16.1.0,Collection 2,787418571a4b7345ca735600c9a2ad8191e7f2d77218af695ca927b065287fab,landsat,bd38c0d569439a660419e37b9f333d6f879fb0cdd1813e14a63a568387fe1030,LANDSAT/LC08/C02/T1_L2/LC08_136037_20220820,LC08_136037_20220820,1660968983355,2022-08-25,2022-07-26,2022
AOI-02,ffcd445586dcd3b933d48bcc1cbd5c7c04e40be18f8c37915aa1d54e8887a72f,LANDSAT/LC09/C02/T1_L2,2022-07-20T04:09:34.108000+00:00,final-source-scenes-r2-asset-verified,1.41,OUTSIDE_NOMINAL_WINDOW,b21c8cc7f3d4d35e1db4dfa1c8245ff10ba657c0a0a001992b552808766cc49b,REMOVE_SYNTHETIC_MERGE_PREFIX;BIND_PLATFORM_COLLECTION;RESTORE_SYSTEM_INDEX,False,LANDSAT/LC08/C02/T1_L2/2_LC09_135037_20220720,source-scenes-v1,2022-08-10,LANDSAT_9,LPGS_16.2.0,LPGS_16.2.0,Collection 2,787418571a4b7345ca735600c9a2ad8191e7f2d77218af695ca927b065287fab,landsat,bd38c0d569439a660419e37b9f333d6f879fb0cdd1813e14a63a568387fe1030,LANDSAT/LC09/C02/T1_L2/LC09_135037_20220720,LC09_135037_20220720,1658290174108,2022-08-25,2022-07-26,2022
AOI-02,ffcd445586dcd3b933d48bcc1cbd5c7c04e40be18f8c37915aa1d54e8887a72f,LANDSAT/LC09/C02/T1_L2,2022-08-05T04:09:47.132000+00:00,final-source-scenes-r2-asset-verified,42.42,,b21c8cc7f3d4d35e1db4dfa1c8245ff10ba657c0a0a001992b552808766cc49b,REMOVE_SYNTHETIC_MERGE_PREFIX;BIND_PLATFORM_COLLECTION;RESTORE_SYSTEM_INDEX,True,LANDSAT/LC08/C02/T1_L2/2_LC09_135037_20220805,source-scenes-v1,2022-08-10,LANDSAT_9,LPGS_16.2.0,LPGS_16.2.0,Collection 2,787418571a4b7345ca735600c9a2ad8191e7f2d77218af695ca927b065287fab,landsat,bd38c0d569439a660419e37b9f333d6f879fb0cdd1813e14a63a568387fe1030,LANDSAT/LC09/C02/T1_L2/LC09_135037_20220805,LC09_135037_20220805,1659672587132,2022-08-25,2022-07-26,2022
AOI-02,ffcd445586dcd3b933d48bcc1cbd5c7c04e40be18f8c37915aa1d54e8887a72f,LANDSAT/LC09/C02/T1_L2,2022-08-21T04:09:53.798000+00:00,final-source-scenes-r2-asset-verified,15.43,,b21c8cc7f3d4d35e1db4dfa1c8245ff10ba657c0a0a001992b552808766cc49b,REMOVE_SYNTHETIC_MERGE_PREFIX;BIND_PLATFORM_COLLECTION;RESTORE_SYSTEM_INDEX,True,LANDSAT/LC08/C02/T1_L2/2_LC09_135037_20220821,source-scenes-v1,2022-08-10,LANDSAT_9,LPGS_16.2.0,LPGS_16.2.0,Collection 2,787418571a4b7345ca735600c9a2ad8191e7f2d77218af695ca927b065287fab,landsat,bd38c0d569439a660419e37b9f333d6f879fb0cdd1813e14a63a568387fe1030,LANDSAT/LC09/C02/T1_L2/LC09_135037_20220821,LC09_135037_20220821,1661054993798,2022-08-25,2022-07-26,2022
AOI-02,ffcd445586dcd3b933d48bcc1cbd5c7c04e40be18f8c37915aa1d54e8887a72f,LANDSAT/LC09/C02/T1_L2,2022-07-11T04:15:40.548000+00:00,final-source-scenes-r2-asset-verified,70.58,OUTSIDE_NOMINAL_WINDOW,b21c8cc7f3d4d35e1db4dfa1c8245ff10ba657c0a0a001992b552808766cc49b,REMOVE_SYNTHETIC_MERGE_PREFIX;BIND_PLATFORM_COLLECTION;RESTORE_SYSTEM_INDEX,False,LANDSAT/LC08/C02/T1_L2/2_LC09_136037_20220711,source-scenes-v1,2022-08-10,LANDSAT_9,LPGS_16.2.0,LPGS_16.2.0,Collection 2,787418571a4b7345ca735600c9a2ad8191e7f2d77218af695ca927b065287fab,landsat,bd38c0d569439a660419e37b9f333d6f879fb0cdd1813e14a63a568387fe1030,LANDSAT/LC09/C02/T1_L2/LC09_136037_20220711,LC09_136037_20220711,1657512940548,2022-08-25,2022-07-26,2022
AOI-02,ffcd445586dcd3b933d48bcc1cbd5c7c04e40be18f8c37915aa1d54e8887a72f,LANDSAT/LC09/C02/T1_L2,2022-07-27T04:15:51.344000+00:00,final-source-scenes-r2-asset-verified,27.57,,b21c8cc7f3d4d35e1db4dfa1c8245ff10ba657c0a0a001992b552808766cc49b,REMOVE_SYNTHETIC_MERGE_PREFIX;BIND_PLATFORM_COLLECTION;RESTORE_SYSTEM_INDEX,True,LANDSAT/LC08/C02/T1_L2/2_LC09_136037_20220727,source-scenes-v1,2022-08-10,LANDSAT_9,LPGS_16.2.0,LPGS_16.2.0,Collection 2,787418571a4b7345ca735600c9a2ad8191e7f2d77218af695ca927b065287fab,landsat,bd38c0d569439a660419e37b9f333d6f879fb0cdd1813e14a63a568387fe1030,LANDSAT/LC09/C02/T1_L2/LC09_136037_20220727,LC09_136037_20220727,1658895351344,2022-08-25,2022-07-26,2022
AOI-02,ffcd445586dcd3b933d48bcc1cbd5c7c04e40be18f8c37915aa1d54e8887a72f,LANDSAT/LC09/C02/T1_L2,2022-08-12T04:16:01.827000+00:00,final-source-scenes-r2-asset-verified,56.31,,b21c8cc7f3d4d35e1db4dfa1c8245ff10ba657c0a0a001992b552808766cc49b,REMOVE_SYNTHETIC_MERGE_PREFIX;BIND_PLATFORM_COLLECTION;RESTORE_SYSTEM_INDEX,True,LANDSAT/LC08/C02/T1_L2/2_LC09_136037_20220812,source-scenes-v1,2022-08-10,LANDSAT_9,LPGS_16.2.0,LPGS_16.2.0,Collection 2,787418571a4b7345ca735600c9a2ad8191e7f2d77218af695ca927b065287fab,landsat,bd38c0d569439a660419e37b9f333d6f879fb0cdd1813e14a63a568387fe1030,LANDSAT/LC09/C02/T1_L2/LC09_136037_20220812,LC09_136037_20220812,1660277761827,2022-08-25,2022-07-26,2022
AOI-02,ffcd445586dcd3b933d48bcc1cbd5c7c04e40be18f8c37915aa1d54e8887a72f,LANDSAT/LC08/C02/T1_L2,2023-07-31T04:09:30.465000+00:00,final-source-scenes-r2-asset-verified,58.41,,b21c8cc7f3d4d35e1db4dfa1c8245ff10ba657c0a0a001992b552808766cc49b,REMOVE_SYNTHETIC_MERGE_PREFIX;BIND_PLATFORM_COLLECTION;RESTORE_SYSTEM_INDEX,True,LANDSAT/LC08/C02/T1_L2/1_LC08_135037_20230731,source-scenes-v1,2023-07-20,LANDSAT_8,LPGS_16.3.0,LPGS_16.3.0,Collection 2,f31386c682d683d9ece0c69274be91f375ac8c09835f4d1c488938b750d76d06,landsat,d008f81e01d02f05023b16ed1e7b64145a336364492be2c0d1b48c3c2c4d01b3,LANDSAT/LC08/C02/T1_L2/LC08_135037_20230731,LC08_135037_20230731,1690776570465,2023-08-04,2023-07-05,2023
AOI-02,ffcd445586dcd3b933d48bcc1cbd5c7c04e40be18f8c37915aa1d54e8887a72f,LANDSAT/LC08/C02/T1_L2,2023-07-06T04:15:31.007000+00:00,final-source-scenes-r2-asset-verified,46.64,,b21c8cc7f3d4d35e1db4dfa1c8245ff10ba657c0a0a001992b552808766cc49b,REMOVE_SYNTHETIC_MERGE_PREFIX;BIND_PLATFORM_COLLECTION;RESTORE_SYSTEM_INDEX,True,LANDSAT/LC08/C02/T1_L2/1_LC08_136037_20230706,source-scenes-v1,2023-07-20,LANDSAT_8,LPGS_16.3.0,LPGS_16.3.0,Collection 2,f31386c682d683d9ece0c69274be91f375ac8c09835f4d1c488938b750d76d06,landsat,d008f81e01d02f05023b16ed1e7b64145a336364492be2c0d1b48c3c2c4d01b3,LANDSAT/LC08/C02/T1_L2/LC08_136037_20230706,LC08_136037_20230706,1688616931007,2023-08-04,2023-07-05,2023
AOI-02,ffcd445586dcd3b933d48bcc1cbd5c7c04e40be18f8c37915aa1d54e8887a72f,LANDSAT/LC08/C02/T1_L2,2023-07-22T04:15:34.432000+00:00,final-source-scenes-r2-asset-verified,36.33,,b21c8cc7f3d4d35e1db4dfa1c8245ff10ba657c0a0a001992b552808766cc49b,REMOVE_SYNTHETIC_MERGE_PREFIX;BIND_PLATFORM_COLLECTION;RESTORE_SYSTEM_INDEX,True,LANDSAT/LC08/C02/T1_L2/1_LC08_136037_20230722,source-scenes-v1,2023-07-20,LANDSAT_8,LPGS_16.3.0,LPGS_16.3.0,Collection 2,f31386c682d683d9ece0c69274be91f375ac8c09835f4d1c488938b750d76d06,landsat,d008f81e01d02f05023b16ed1e7b64145a336364492be2c0d1b48c3c2c4d01b3,LANDSAT/LC08/C02/T1_L2/LC08_136037_20230722,LC08_136037_20230722,1689999334432,2023-08-04,2023-07-05,2023
AOI-02,ffcd445586dcd3b933d48bcc1cbd5c7c04e40be18f8c37915aa1d54e8887a72f,LANDSAT/LC08/C02/T1_L2,2023-08-07T04:15:42.788000+00:00,final-source-scenes-r2-asset-verified,26.64,OUTSIDE_NOMINAL_WINDOW,b21c8cc7f3d4d35e1db4dfa1c8245ff10ba657c0a0a001992b552808766cc49b,REMOVE_SYNTHETIC_MERGE_PREFIX;BIND_PLATFORM_COLLECTION;RESTORE_SYSTEM_INDEX,False,LANDSAT/LC08/C02/T1_L2/1_LC08_136037_20230807,source-scenes-v1,2023-07-20,LANDSAT_8,LPGS_16.3.0,LPGS_16.3.0,Collection 2,f31386c682d683d9ece0c69274be91f375ac8c09835f4d1c488938b750d76d06,landsat,d008f81e01d02f05023b16ed1e7b64145a336364492be2c0d1b48c3c2c4d01b3,LANDSAT/LC08/C02/T1_L2/LC08_136037_20230807,LC08_136037_20230807,1691381742788,2023-08-04,2023-07-05,2023
AOI-02,ffcd445586dcd3b933d48bcc1cbd5c7c04e40be18f8c37915aa1d54e8887a72f,LANDSAT/LC08/C02/T1_L2,2023-08-23T04:15:50.573000+00:00,final-source-scenes-r2-asset-verified,60.17,OUTSIDE_NOMINAL_WINDOW,b21c8cc7f3d4d35e1db4dfa1c8245ff10ba657c0a0a001992b552808766cc49b,REMOVE_SYNTHETIC_MERGE_PREFIX;BIND_PLATFORM_COLLECTION;RESTORE_SYSTEM_INDEX,False,LANDSAT/LC08/C02/T1_L2/1_LC08_136037_20230823,source-scenes-v1,2023-07-20,LANDSAT_8,LPGS_16.3.0,LPGS_16.3.0,Collection 2,f31386c682d683d9ece0c69274be91f375ac8c09835f4d1c488938b750d76d06,landsat,d008f81e01d02f05023b16ed1e7b64145a336364492be2c0d1b48c3c2c4d01b3,LANDSAT/LC08/C02/T1_L2/LC08_136037_20230823,LC08_136037_20230823,1692764150573,2023-08-04,2023-07-05,2023
AOI-02,ffcd445586dcd3b933d48bcc1cbd5c7c04e40be18f8c37915aa1d54e8887a72f,LANDSAT/LC09/C02/T1_L2,2023-07-07T04:09:13.479000+00:00,final-source-scenes-r2-asset-verified,75.87,,b21c8cc7f3d4d35e1db4dfa1c8245ff10ba657c0a0a001992b552808766cc49b,REMOVE_SYNTHETIC_MERGE_PREFIX;BIND_PLATFORM_COLLECTION;RESTORE_SYSTEM_INDEX,True,LANDSAT/LC08/C02/T1_L2/2_LC09_135037_20230707,source-scenes-v1,2023-07-20,LANDSAT_9,LPGS_16.3.0,LPGS_16.3.0,Collection 2,f31386c682d683d9ece0c69274be91f375ac8c09835f4d1c488938b750d76d06,landsat,d008f81e01d02f05023b16ed1e7b64145a336364492be2c0d1b48c3c2c4d01b3,LANDSAT/LC09/C02/T1_L2/LC09_135037_20230707,LC09_135037_20230707,1688702953479,2023-08-04,2023-07-05,2023
AOI-02,ffcd445586dcd3b933d48bcc1cbd5c7c04e40be18f8c37915aa1d54e8887a72f,LANDSAT/LC09/C02/T1_L2,2023-08-08T04:09:26.288000+00:00,final-source-scenes-r2-asset-verified,21.34,OUTSIDE_NOMINAL_WINDOW,b21c8cc7f3d4d35e1db4dfa1c8245ff10ba657c0a0a001992b552808766cc49b,REMOVE_SYNTHETIC_MERGE_PREFIX;BIND_PLATFORM_COLLECTION;RESTORE_SYSTEM_INDEX,False,LANDSAT/LC08/C02/T1_L2/2_LC09_135037_20230808,source-scenes-v1,2023-07-20,LANDSAT_9,LPGS_16.3.0,LPGS_16.3.0,Collection 2,f31386c682d683d9ece0c69274be91f375ac8c09835f4d1c488938b750d76d06,landsat,d008f81e01d02f05023b16ed1e7b64145a336364492be2c0d1b48c3c2c4d01b3,LANDSAT/LC09/C02/T1_L2/LC09_135037_20230808,LC09_135037_20230808,1691467766288,2023-08-04,2023-07-05,2023
AOI-02,ffcd445586dcd3b933d48bcc1cbd5c7c04e40be18f8c37915aa1d54e8887a72f,LANDSAT/LC09/C02/T1_L2,2023-07-30T04:15:31.556000+00:00,final-source-scenes-r2-asset-verified,32.59,,b21c8cc7f3d4d35e1db4dfa1c8245ff10ba657c0a0a001992b552808766cc49b,REMOVE_SYNTHETIC_MERGE_PREFIX;BIND_PLATFORM_COLLECTION;RESTORE_SYSTEM_INDEX,True,LANDSAT/LC08/C02/T1_L2/2_LC09_136037_20230730,source-scenes-v1,2023-07-20,LANDSAT_9,LPGS_16.3.0,LPGS_16.3.0,Collection 2,f31386c682d683d9ece0c69274be91f375ac8c09835f4d1c488938b750d76d06,landsat,d008f81e01d02f05023b16ed1e7b64145a336364492be2c0d1b48c3c2c4d01b3,LANDSAT/LC09/C02/T1_L2/LC09_136037_20230730,LC09_136037_20230730,1690690531556,2023-08-04,2023-07-05,2023
AOI-02,ffcd445586dcd3b933d48bcc1cbd5c7c04e40be18f8c37915aa1d54e8887a72f,LANDSAT/LC09/C02/T1_L2,2023-08-15T04:15:37.484000+00:00,final-source-scenes-r2-asset-verified,71.72,OUTSIDE_NOMINAL_WINDOW,b21c8cc7f3d4d35e1db4dfa1c8245ff10ba657c0a0a001992b552808766cc49b,REMOVE_SYNTHETIC_MERGE_PREFIX;BIND_PLATFORM_COLLECTION;RESTORE_SYSTEM_INDEX,False,LANDSAT/LC08/C02/T1_L2/2_LC09_136037_20230815,source-scenes-v1,2023-07-20,LANDSAT_9,LPGS_16.3.0,LPGS_16.3.0,Collection 2,f31386c682d683d9ece0c69274be91f375ac8c09835f4d1c488938b750d76d06,landsat,d008f81e01d02f05023b16ed1e7b64145a336364492be2c0d1b48c3c2c4d01b3,LANDSAT/LC09/C02/T1_L2/LC09_136037_20230815,LC09_136037_20230815,1692072937484,2023-08-04,2023-07-05,2023
AOI-02,ffcd445586dcd3b933d48bcc1cbd5c7c04e40be18f8c37915aa1d54e8887a72f,LANDSAT/LC08/C02/T1_L2,2023-07-31T04:09:30.465000+00:00,final-source-scenes-r2-asset-verified,58.41,,b21c8cc7f3d4d35e1db4dfa1c8245ff10ba657c0a0a001992b552808766cc49b,REMOVE_SYNTHETIC_MERGE_PREFIX;BIND_PLATFORM_COLLECTION;RESTORE_SYSTEM_INDEX,True,LANDSAT/LC08/C02/T1_L2/1_LC08_135037_20230731,source-scenes-v1,2023-07-31,LANDSAT_8,LPGS_16.3.0,LPGS_16.3.0,Collection 2,12aff21107ee21c0a8360740eb1beb310aba3833cc86cc33c23e23102cc4a32e,landsat,623af9bdf5ce1ad7e38fb4148995f6ee465d6d9fbef36f01d7e7f36eeae5783f,LANDSAT/LC08/C02/T1_L2/LC08_135037_20230731,LC08_135037_20230731,1690776570465,2023-08-15,2023-07-16,2023
AOI-02,ffcd445586dcd3b933d48bcc1cbd5c7c04e40be18f8c37915aa1d54e8887a72f,LANDSAT/LC08/C02/T1_L2,2023-07-06T04:15:31.007000+00:00,final-source-scenes-r2-asset-verified,46.64,OUTSIDE_NOMINAL_WINDOW,b21c8cc7f3d4d35e1db4dfa1c8245ff10ba657c0a0a001992b552808766cc49b,REMOVE_SYNTHETIC_MERGE_PREFIX;BIND_PLATFORM_COLLECTION;RESTORE_SYSTEM_INDEX,False,LANDSAT/LC08/C02/T1_L2/1_LC08_136037_20230706,source-scenes-v1,2023-07-31,LANDSAT_8,LPGS_16.3.0,LPGS_16.3.0,Collection 2,12aff21107ee21c0a8360740eb1beb310aba3833cc86cc33c23e23102cc4a32e,landsat,623af9bdf5ce1ad7e38fb4148995f6ee465d6d9fbef36f01d7e7f36eeae5783f,LANDSAT/LC08/C02/T1_L2/LC08_136037_20230706,LC08_136037_20230706,1688616931007,2023-08-15,2023-07-16,2023
AOI-02,ffcd445586dcd3b933d48bcc1cbd5c7c04e40be18f8c37915aa1d54e8887a72f,LANDSAT/LC08/C02/T1_L2,2023-07-22T04:15:34.432000+00:00,final-source-scenes-r2-asset-verified,36.33,,b21c8cc7f3d4d35e1db4dfa1c8245ff10ba657c0a0a001992b552808766cc49b,REMOVE_SYNTHETIC_MERGE_PREFIX;BIND_PLATFORM_COLLECTION;RESTORE_SYSTEM_INDEX,True,LANDSAT/LC08/C02/T1_L2/1_LC08_136037_20230722,source-scenes-v1,2023-07-31,LANDSAT_8,LPGS_16.3.0,LPGS_16.3.0,Collection 2,12aff21107ee21c0a8360740eb1beb310aba3833cc86cc33c23e23102cc4a32e,landsat,623af9bdf5ce1ad7e38fb4148995f6ee465d6d9fbef36f01d7e7f36eeae5783f,LANDSAT/LC08/C02/T1_L2/LC08_136037_20230722,LC08_136037_20230722,1689999334432,2023-08-15,2023-07-16,2023
AOI-02,ffcd445586dcd3b933d48bcc1cbd5c7c04e40be18f8c37915aa1d54e8887a72f,LANDSAT/LC08/C02/T1_L2,2023-08-07T04:15:42.788000+00:00,final-source-scenes-r2-asset-verified,26.64,,b21c8cc7f3d4d35e1db4dfa1c8245ff10ba657c0a0a001992b552808766cc49b,REMOVE_SYNTHETIC_MERGE_PREFIX;BIND_PLATFORM_COLLECTION;RESTORE_SYSTEM_INDEX,True,LANDSAT/LC08/C02/T1_L2/1_LC08_136037_20230807,source-scenes-v1,2023-07-31,LANDSAT_8,LPGS_16.3.0,LPGS_16.3.0,Collection 2,12aff21107ee21c0a8360740eb1beb310aba3833cc86cc33c23e23102cc4a32e,landsat,623af9bdf5ce1ad7e38fb4148995f6ee465d6d9fbef36f01d7e7f36eeae5783f,LANDSAT/LC08/C02/T1_L2/LC08_136037_20230807,LC08_136037_20230807,1691381742788,2023-08-15,2023-07-16,2023
AOI-02,ffcd445586dcd3b933d48bcc1cbd5c7c04e40be18f8c37915aa1d54e8887a72f,LANDSAT/LC08/C02/T1_L2,2023-08-23T04:15:50.573000+00:00,final-source-scenes-r2-asset-verified,60.17,OUTSIDE_NOMINAL_WINDOW,b21c8cc7f3d4d35e1db4dfa1c8245ff10ba657c0a0a001992b552808766cc49b,REMOVE_SYNTHETIC_MERGE_PREFIX;BIND_PLATFORM_COLLECTION;RESTORE_SYSTEM_INDEX,False,LANDSAT/LC08/C02/T1_L2/1_LC08_136037_20230823,source-scenes-v1,2023-07-31,LANDSAT_8,LPGS_16.3.0,LPGS_16.3.0,Collection 2,12aff21107ee21c0a8360740eb1beb310aba3833cc86cc33c23e23102cc4a32e,landsat,623af9bdf5ce1ad7e38fb4148995f6ee465d6d9fbef36f01d7e7f36eeae5783f,LANDSAT/LC08/C02/T1_L2/LC08_136037_20230823,LC08_136037_20230823,1692764150573,2023-08-15,2023-07-16,2023
AOI-02,ffcd445586dcd3b933d48bcc1cbd5c7c04e40be18f8c37915aa1d54e8887a72f,LANDSAT/LC09/C02/T1_L2,2023-07-07T04:09:13.479000+00:00,final-source-scenes-r2-asset-verified,75.87,OUTSIDE_NOMINAL_WINDOW,b21c8cc7f3d4d35e1db4dfa1c8245ff10ba657c0a0a001992b552808766cc49b,REMOVE_SYNTHETIC_MERGE_PREFIX;BIND_PLATFORM_COLLECTION;RESTORE_SYSTEM_INDEX,False,LANDSAT/LC08/C02/T1_L2/2_LC09_135037_20230707,source-scenes-v1,2023-07-31,LANDSAT_9,LPGS_16.3.0,LPGS_16.3.0,Collection 2,12aff21107ee21c0a8360740eb1beb310aba3833cc86cc33c23e23102cc4a32e,landsat,623af9bdf5ce1ad7e38fb4148995f6ee465d6d9fbef36f01d7e7f36eeae5783f,LANDSAT/LC09/C02/T1_L2/LC09_135037_20230707,LC09_135037_20230707,1688702953479,2023-08-15,2023-07-16,2023
AOI-02,ffcd445586dcd3b933d48bcc1cbd5c7c04e40be18f8c37915aa1d54e8887a72f,LANDSAT/LC09/C02/T1_L2,2023-08-08T04:09:26.288000+00:00,final-source-scenes-r2-asset-verified,21.34,,b21c8cc7f3d4d35e1db4dfa1c8245ff10ba657c0a0a001992b552808766cc49b,REMOVE_SYNTHETIC_MERGE_PREFIX;BIND_PLATFORM_COLLECTION;RESTORE_SYSTEM_INDEX,True,LANDSAT/LC08/C02/T1_L2/2_LC09_135037_20230808,source-scenes-v1,2023-07-31,LANDSAT_9,LPGS_16.3.0,LPGS_16.3.0,Collection 2,12aff21107ee21c0a8360740eb1beb310aba3833cc86cc33c23e23102cc4a32e,landsat,623af9bdf5ce1ad7e38fb4148995f6ee465d6d9fbef36f01d7e7f36eeae5783f,LANDSAT/LC09/C02/T1_L2/LC09_135037_20230808,LC09_135037_20230808,1691467766288,2023-08-15,2023-07-16,2023
AOI-02,ffcd445586dcd3b933d48bcc1cbd5c7c04e40be18f8c37915aa1d54e8887a72f,LANDSAT/LC09/C02/T1_L2,2023-07-30T04:15:31.556000+00:00,final-source-scenes-r2-asset-verified,32.59,,b21c8cc7f3d4d35e1db4dfa1c8245ff10ba657c0a0a001992b552808766cc49b,REMOVE_SYNTHETIC_MERGE_PREFIX;BIND_PLATFORM_COLLECTION;RESTORE_SYSTEM_INDEX,True,LANDSAT/LC08/C02/T1_L2/2_LC09_136037_20230730,source-scenes-v1,2023-07-31,LANDSAT_9,LPGS_16.3.0,LPGS_16.3.0,Collection 2,12aff21107ee21c0a8360740eb1beb310aba3833cc86cc33c23e23102cc4a32e,landsat,623af9bdf5ce1ad7e38fb4148995f6ee465d6d9fbef36f01d7e7f36eeae5783f,LANDSAT/LC09/C02/T1_L2/LC09_136037_20230730,LC09_136037_20230730,1690690531556,2023-08-15,2023-07-16,2023
AOI-02,ffcd445586dcd3b933d48bcc1cbd5c7c04e40be18f8c37915aa1d54e8887a72f,LANDSAT/LC09/C02/T1_L2,2023-08-15T04:15:37.484000+00:00,final-source-scenes-r2-asset-verified,71.72,,b21c8cc7f3d4d35e1db4dfa1c8245ff10ba657c0a0a001992b552808766cc49b,REMOVE_SYNTHETIC_MERGE_PREFIX;BIND_PLATFORM_COLLECTION;RESTORE_SYSTEM_INDEX,True,LANDSAT/LC08/C02/T1_L2/2_LC09_136037_20230815,source-scenes-v1,2023-07-31,LANDSAT_9,LPGS_16.3.0,LPGS_16.3.0,Collection 2,12aff21107ee21c0a8360740eb1beb310aba3833cc86cc33c23e23102cc4a32e,landsat,623af9bdf5ce1ad7e38fb4148995f6ee465d6d9fbef36f01d7e7f36eeae5783f,LANDSAT/LC09/C02/T1_L2/LC09_136037_20230815,LC09_136037_20230815,1692072937484,2023-08-15,2023-07-16,2023
AOI-02,ffcd445586dcd3b933d48bcc1cbd5c7c04e40be18f8c37915aa1d54e8887a72f,LANDSAT/LC08/C02/T1_L2,2023-07-31T04:09:30.465000+00:00,final-source-scenes-r2-asset-verified,58.41,,b21c8cc7f3d4d35e1db4dfa1c8245ff10ba657c0a0a001992b552808766cc49b,REMOVE_SYNTHETIC_MERGE_PREFIX;BIND_PLATFORM_COLLECTION;RESTORE_SYSTEM_INDEX,True,LANDSAT/LC08/C02/T1_L2/1_LC08_135037_20230731,source-scenes-v1,2023-08-10,LANDSAT_8,LPGS_16.3.0,LPGS_16.3.0,Collection 2,003de00726708ce07eee9708e88481c25731204b85e5e35da4db12339e3ccf8f,landsat,f58c4649c5104d48624c58b61488f06b2a5972d4141b0f557941c95c49a18ef5,LANDSAT/LC08/C02/T1_L2/LC08_135037_20230731,LC08_135037_20230731,1690776570465,2023-08-25,2023-07-26,2023
AOI-02,ffcd445586dcd3b933d48bcc1cbd5c7c04e40be18f8c37915aa1d54e8887a72f,LANDSAT/LC08/C02/T1_L2,2023-07-06T04:15:31.007000+00:00,final-source-scenes-r2-asset-verified,46.64,OUTSIDE_NOMINAL_WINDOW,b21c8cc7f3d4d35e1db4dfa1c8245ff10ba657c0a0a001992b552808766cc49b,REMOVE_SYNTHETIC_MERGE_PREFIX;BIND_PLATFORM_COLLECTION;RESTORE_SYSTEM_INDEX,False,LANDSAT/LC08/C02/T1_L2/1_LC08_136037_20230706,source-scenes-v1,2023-08-10,LANDSAT_8,LPGS_16.3.0,LPGS_16.3.0,Collection 2,003de00726708ce07eee9708e88481c25731204b85e5e35da4db12339e3ccf8f,landsat,f58c4649c5104d48624c58b61488f06b2a5972d4141b0f557941c95c49a18ef5,LANDSAT/LC08/C02/T1_L2/LC08_136037_20230706,LC08_136037_20230706,1688616931007,2023-08-25,2023-07-26,2023
AOI-02,ffcd445586dcd3b933d48bcc1cbd5c7c04e40be18f8c37915aa1d54e8887a72f,LANDSAT/LC08/C02/T1_L2,2023-07-22T04:15:34.432000+00:00,final-source-scenes-r2-asset-verified,36.33,OUTSIDE_NOMINAL_WINDOW,b21c8cc7f3d4d35e1db4dfa1c8245ff10ba657c0a0a001992b552808766cc49b,REMOVE_SYNTHETIC_MERGE_PREFIX;BIND_PLATFORM_COLLECTION;RESTORE_SYSTEM_INDEX,False,LANDSAT/LC08/C02/T1_L2/1_LC08_136037_20230722,source-scenes-v1,2023-08-10,LANDSAT_8,LPGS_16.3.0,LPGS_16.3.0,Collection 2,003de00726708ce07eee9708e88481c25731204b85e5e35da4db12339e3ccf8f,landsat,f58c4649c5104d48624c58b61488f06b2a5972d4141b0f557941c95c49a18ef5,LANDSAT/LC08/C02/T1_L2/LC08_136037_20230722,LC08_136037_20230722,1689999334432,2023-08-25,2023-07-26,2023
AOI-02,ffcd445586dcd3b933d48bcc1cbd5c7c04e40be18f8c37915aa1d54e8887a72f,LANDSAT/LC08/C02/T1_L2,2023-08-07T04:15:42.788000+00:00,final-source-scenes-r2-asset-verified,26.64,,b21c8cc7f3d4d35e1db4dfa1c8245ff10ba657c0a0a001992b552808766cc49b,REMOVE_SYNTHETIC_MERGE_PREFIX;BIND_PLATFORM_COLLECTION;RESTORE_SYSTEM_INDEX,True,LANDSAT/LC08/C02/T1_L2/1_LC08_136037_20230807,source-scenes-v1,2023-08-10,LANDSAT_8,LPGS_16.3.0,LPGS_16.3.0,Collection 2,003de00726708ce07eee9708e88481c25731204b85e5e35da4db12339e3ccf8f,landsat,f58c4649c5104d48624c58b61488f06b2a5972d4141b0f557941c95c49a18ef5,LANDSAT/LC08/C02/T1_L2/LC08_136037_20230807,LC08_136037_20230807,1691381742788,2023-08-25,2023-07-26,2023
AOI-02,ffcd445586dcd3b933d48bcc1cbd5c7c04e40be18f8c37915aa1d54e8887a72f,LANDSAT/LC08/C02/T1_L2,2023-08-23T04:15:50.573000+00:00,final-source-scenes-r2-asset-verified,60.17,,b21c8cc7f3d4d35e1db4dfa1c8245ff10ba657c0a0a001992b552808766cc49b,REMOVE_SYNTHETIC_MERGE_PREFIX;BIND_PLATFORM_COLLECTION;RESTORE_SYSTEM_INDEX,True,LANDSAT/LC08/C02/T1_L2/1_LC08_136037_20230823,source-scenes-v1,2023-08-10,LANDSAT_8,LPGS_16.3.0,LPGS_16.3.0,Collection 2,003de00726708ce07eee9708e88481c25731204b85e5e35da4db12339e3ccf8f,landsat,f58c4649c5104d48624c58b61488f06b2a5972d4141b0f557941c95c49a18ef5,LANDSAT/LC08/C02/T1_L2/LC08_136037_20230823,LC08_136037_20230823,1692764150573,2023-08-25,2023-07-26,2023
AOI-02,ffcd445586dcd3b933d48bcc1cbd5c7c04e40be18f8c37915aa1d54e8887a72f,LANDSAT/LC09/C02/T1_L2,2023-07-07T04:09:13.479000+00:00,final-source-scenes-r2-asset-verified,75.87,OUTSIDE_NOMINAL_WINDOW,b21c8cc7f3d4d35e1db4dfa1c8245ff10ba657c0a0a001992b552808766cc49b,REMOVE_SYNTHETIC_MERGE_PREFIX;BIND_PLATFORM_COLLECTION;RESTORE_SYSTEM_INDEX,False,LANDSAT/LC08/C02/T1_L2/2_LC09_135037_20230707,source-scenes-v1,2023-08-10,LANDSAT_9,LPGS_16.3.0,LPGS_16.3.0,Collection 2,003de00726708ce07eee9708e88481c25731204b85e5e35da4db12339e3ccf8f,landsat,f58c4649c5104d48624c58b61488f06b2a5972d4141b0f557941c95c49a18ef5,LANDSAT/LC09/C02/T1_L2/LC09_135037_20230707,LC09_135037_20230707,1688702953479,2023-08-25,2023-07-26,2023
AOI-02,ffcd445586dcd3b933d48bcc1cbd5c7c04e40be18f8c37915aa1d54e8887a72f,LANDSAT/LC09/C02/T1_L2,2023-08-08T04:09:26.288000+00:00,final-source-scenes-r2-asset-verified,21.34,,b21c8cc7f3d4d35e1db4dfa1c8245ff10ba657c0a0a001992b552808766cc49b,REMOVE_SYNTHETIC_MERGE_PREFIX;BIND_PLATFORM_COLLECTION;RESTORE_SYSTEM_INDEX,True,LANDSAT/LC08/C02/T1_L2/2_LC09_135037_20230808,source-scenes-v1,2023-08-10,LANDSAT_9,LPGS_16.3.0,LPGS_16.3.0,Collection 2,003de00726708ce07eee9708e88481c25731204b85e5e35da4db12339e3ccf8f,landsat,f58c4649c5104d48624c58b61488f06b2a5972d4141b0f557941c95c49a18ef5,LANDSAT/LC09/C02/T1_L2/LC09_135037_20230808,LC09_135037_20230808,1691467766288,2023-08-25,2023-07-26,2023
AOI-02,ffcd445586dcd3b933d48bcc1cbd5c7c04e40be18f8c37915aa1d54e8887a72f,LANDSAT/LC09/C02/T1_L2,2023-07-30T04:15:31.556000+00:00,final-source-scenes-r2-asset-verified,32.59,,b21c8cc7f3d4d35e1db4dfa1c8245ff10ba657c0a0a001992b552808766cc49b,REMOVE_SYNTHETIC_MERGE_PREFIX;BIND_PLATFORM_COLLECTION;RESTORE_SYSTEM_INDEX,True,LANDSAT/LC08/C02/T1_L2/2_LC09_136037_20230730,source-scenes-v1,2023-08-10,LANDSAT_9,LPGS_16.3.0,LPGS_16.3.0,Collection 2,003de00726708ce07eee9708e88481c25731204b85e5e35da4db12339e3ccf8f,landsat,f58c4649c5104d48624c58b61488f06b2a5972d4141b0f557941c95c49a18ef5,LANDSAT/LC09/C02/T1_L2/LC09_136037_20230730,LC09_136037_20230730,1690690531556,2023-08-25,2023-07-26,2023
AOI-02,ffcd445586dcd3b933d48bcc1cbd5c7c04e40be18f8c37915aa1d54e8887a72f,LANDSAT/LC09/C02/T1_L2,2023-08-15T04:15:37.484000+00:00,final-source-scenes-r2-asset-verified,71.72,,b21c8cc7f3d4d35e1db4dfa1c8245ff10ba657c0a0a001992b552808766cc49b,REMOVE_SYNTHETIC_MERGE_PREFIX;BIND_PLATFORM_COLLECTION;RESTORE_SYSTEM_INDEX,True,LANDSAT/LC08/C02/T1_L2/2_LC09_136037_20230815,source-scenes-v1,2023-08-10,LANDSAT_9,LPGS_16.3.0,LPGS_16.3.0,Collection 2,003de00726708ce07eee9708e88481c25731204b85e5e35da4db12339e3ccf8f,landsat,f58c4649c5104d48624c58b61488f06b2a5972d4141b0f557941c95c49a18ef5,LANDSAT/LC09/C02/T1_L2/LC09_136037_20230815,LC09_136037_20230815,1692072937484,2023-08-25,2023-07-26,2023
AOI-02,ffcd445586dcd3b933d48bcc1cbd5c7c04e40be18f8c37915aa1d54e8887a72f,LANDSAT/LC08/C02/T1_L2,2024-07-17T04:09:11.773000+00:00,final-source-scenes-r2-asset-verified,63.92,,b21c8cc7f3d4d35e1db4dfa1c8245ff10ba657c0a0a001992b552808766cc49b,REMOVE_SYNTHETIC_MERGE_PREFIX;BIND_PLATFORM_COLLECTION;RESTORE_SYSTEM_INDEX,True,LANDSAT/LC08/C02/T1_L2/1_LC08_135037_20240717,source-scenes-v1,2024-07-20,LANDSAT_8,LPGS_16.4.0,LPGS_16.4.0,Collection 2,340ccb5db69f9e44186cacff3bb8e44a3f24ebb6996053e5a23ec67c8e032202,landsat,88b45534706a5e492b484b4dd60657177372f6d27cc5feb2f3fc49c82cb3c712,LANDSAT/LC08/C02/T1_L2/LC08_135037_20240717,LC08_135037_20240717,1721189351773,2024-08-04,2024-07-05,2024
AOI-02,ffcd445586dcd3b933d48bcc1cbd5c7c04e40be18f8c37915aa1d54e8887a72f,LANDSAT/LC08/C02/T1_L2,2024-08-18T04:09:23.826000+00:00,final-source-scenes-r2-asset-verified,2.12,OUTSIDE_NOMINAL_WINDOW,b21c8cc7f3d4d35e1db4dfa1c8245ff10ba657c0a0a001992b552808766cc49b,REMOVE_SYNTHETIC_MERGE_PREFIX;BIND_PLATFORM_COLLECTION;RESTORE_SYSTEM_INDEX,False,LANDSAT/LC08/C02/T1_L2/1_LC08_135037_20240818,source-scenes-v1,2024-07-20,LANDSAT_8,LPGS_16.4.0,LPGS_16.4.0,Collection 2,340ccb5db69f9e44186cacff3bb8e44a3f24ebb6996053e5a23ec67c8e032202,landsat,88b45534706a5e492b484b4dd60657177372f6d27cc5feb2f3fc49c82cb3c712,LANDSAT/LC08/C02/T1_L2/LC08_135037_20240818,LC08_135037_20240818,1723954163826,2024-08-04,2024-07-05,2024
AOI-02,ffcd445586dcd3b933d48bcc1cbd5c7c04e40be18f8c37915aa1d54e8887a72f,LANDSAT/LC08/C02/T1_L2,2024-07-08T04:15:13.346000+00:00,final-source-scenes-r2-asset-verified,72.97,,b21c8cc7f3d4d35e1db4dfa1c8245ff10ba657c0a0a001992b552808766cc49b,REMOVE_SYNTHETIC_MERGE_PREFIX;BIND_PLATFORM_COLLECTION;RESTORE_SYSTEM_INDEX,True,LANDSAT/LC08/C02/T1_L2/1_LC08_136037_20240708,source-scenes-v1,2024-07-20,LANDSAT_8,LPGS_16.4.0,LPGS_16.4.0,Collection 2,340ccb5db69f9e44186cacff3bb8e44a3f24ebb6996053e5a23ec67c8e032202,landsat,88b45534706a5e492b484b4dd60657177372f6d27cc5feb2f3fc49c82cb3c712,LANDSAT/LC08/C02/T1_L2/LC08_136037_20240708,LC08_136037_20240708,1720412113346,2024-08-04,2024-07-05,2024
AOI-02,ffcd445586dcd3b933d48bcc1cbd5c7c04e40be18f8c37915aa1d54e8887a72f,LANDSAT/LC08/C02/T1_L2,2024-07-24T04:15:27.932000+00:00,final-source-scenes-r2-asset-verified,74.65,,b21c8cc7f3d4d35e1db4dfa1c8245ff10ba657c0a0a001992b552808766cc49b,REMOVE_SYNTHETIC_MERGE_PREFIX;BIND_PLATFORM_COLLECTION;RESTORE_SYSTEM_INDEX,True,LANDSAT/LC08/C02/T1_L2/1_LC08_136037_20240724,source-scenes-v1,2024-07-20,LANDSAT_8,LPGS_16.4.0,LPGS_16.4.0,Collection 2,340ccb5db69f9e44186cacff3bb8e44a3f24ebb6996053e5a23ec67c8e032202,landsat,88b45534706a5e492b484b4dd60657177372f6d27cc5feb2f3fc49c82cb3c712,LANDSAT/LC08/C02/T1_L2/LC08_136037_20240724,LC08_136037_20240724,1721794527932,2024-08-04,2024-07-05,2024
AOI-02,ffcd445586dcd3b933d48bcc1cbd5c7c04e40be18f8c37915aa1d54e8887a72f,LANDSAT/LC08/C02/T1_L2,2024-08-25T04:15:36.669000+00:00,final-source-scenes-r2-asset-verified,6.66,OUTSIDE_NOMINAL_WINDOW,b21c8cc7f3d4d35e1db4dfa1c8245ff10ba657c0a0a001992b552808766cc49b,REMOVE_SYNTHETIC_MERGE_PREFIX;BIND_PLATFORM_COLLECTION;RESTORE_SYSTEM_INDEX,False,LANDSAT/LC08/C02/T1_L2/1_LC08_136037_20240825,source-scenes-v1,2024-07-20,LANDSAT_8,LPGS_16.4.0,LPGS_16.4.0,Collection 2,340ccb5db69f9e44186cacff3bb8e44a3f24ebb6996053e5a23ec67c8e032202,landsat,88b45534706a5e492b484b4dd60657177372f6d27cc5feb2f3fc49c82cb3c712,LANDSAT/LC08/C02/T1_L2/LC08_136037_20240825,LC08_136037_20240825,1724559336669,2024-08-04,2024-07-05,2024
AOI-02,ffcd445586dcd3b933d48bcc1cbd5c7c04e40be18f8c37915aa1d54e8887a72f,LANDSAT/LC09/C02/T1_L2,2024-07-09T04:09:01.879000+00:00,final-source-scenes-r2-asset-verified,59.88,,b21c8cc7f3d4d35e1db4dfa1c8245ff10ba657c0a0a001992b552808766cc49b,REMOVE_SYNTHETIC_MERGE_PREFIX;BIND_PLATFORM_COLLECTION;RESTORE_SYSTEM_INDEX,True,LANDSAT/LC08/C02/T1_L2/2_LC09_135037_20240709,source-scenes-v1,2024-07-20,LANDSAT_9,LPGS_16.4.0,LPGS_16.4.0,Collection 2,340ccb5db69f9e44186cacff3bb8e44a3f24ebb6996053e5a23ec67c8e032202,landsat,88b45534706a5e492b484b4dd60657177372f6d27cc5feb2f3fc49c82cb3c712,LANDSAT/LC09/C02/T1_L2/LC09_135037_20240709,LC09_135037_20240709,1720498141879,2024-08-04,2024-07-05,2024
AOI-02,ffcd445586dcd3b933d48bcc1cbd5c7c04e40be18f8c37915aa1d54e8887a72f,LANDSAT/LC09/C02/T1_L2,2024-08-10T04:09:13.520000+00:00,final-source-scenes-r2-asset-verified,25.83,OUTSIDE_NOMINAL_WINDOW,b21c8cc7f3d4d35e1db4dfa1c8245ff10ba657c0a0a001992b552808766cc49b,REMOVE_SYNTHETIC_MERGE_PREFIX;BIND_PLATFORM_COLLECTION;RESTORE_SYSTEM_INDEX,False,LANDSAT/LC08/C02/T1_L2/2_LC09_135037_20240810,source-scenes-v1,2024-07-20,LANDSAT_9,LPGS_16.4.0,LPGS_16.4.0,Collection 2,340ccb5db69f9e44186cacff3bb8e44a3f24ebb6996053e5a23ec67c8e032202,landsat,88b45534706a5e492b484b4dd60657177372f6d27cc5feb2f3fc49c82cb3c712,LANDSAT/LC09/C02/T1_L2/LC09_135037_20240810,LC09_135037_20240810,1723262953520,2024-08-04,2024-07-05,2024
AOI-02,ffcd445586dcd3b933d48bcc1cbd5c7c04e40be18f8c37915aa1d54e8887a72f,LANDSAT/LC09/C02/T1_L2,2024-07-16T04:15:17.930000+00:00,final-source-scenes-r2-asset-verified,38.51,,b21c8cc7f3d4d35e1db4dfa1c8245ff10ba657c0a0a001992b552808766cc49b,REMOVE_SYNTHETIC_MERGE_PREFIX;BIND_PLATFORM_COLLECTION;RESTORE_SYSTEM_INDEX,True,LANDSAT/LC08/C02/T1_L2/2_LC09_136037_20240716,source-scenes-v1,2024-07-20,LANDSAT_9,LPGS_16.4.0,LPGS_16.4.0,Collection 2,340ccb5db69f9e44186cacff3bb8e44a3f24ebb6996053e5a23ec67c8e032202,landsat,88b45534706a5e492b484b4dd60657177372f6d27cc5feb2f3fc49c82cb3c712,LANDSAT/LC09/C02/T1_L2/LC09_136037_20240716,LC09_136037_20240716,1721103317930,2024-08-04,2024-07-05,2024
AOI-02,ffcd445586dcd3b933d48bcc1cbd5c7c04e40be18f8c37915aa1d54e8887a72f,LANDSAT/LC09/C02/T1_L2,2024-08-01T04:15:20.822000+00:00,final-source-scenes-r2-asset-verified,23.71,,b21c8cc7f3d4d35e1db4dfa1c8245ff10ba657c0a0a001992b552808766cc49b,REMOVE_SYNTHETIC_MERGE_PREFIX;BIND_PLATFORM_COLLECTION;RESTORE_SYSTEM_INDEX,True,LANDSAT/LC08/C02/T1_L2/2_LC09_136037_20240801,source-scenes-v1,2024-07-20,LANDSAT_9,LPGS_16.4.0,LPGS_16.4.0,Collection 2,340ccb5db69f9e44186cacff3bb8e44a3f24ebb6996053e5a23ec67c8e032202,landsat,88b45534706a5e492b484b4dd60657177372f6d27cc5feb2f3fc49c82cb3c712,LANDSAT/LC09/C02/T1_L2/LC09_136037_20240801,LC09_136037_20240801,1722485720822,2024-08-04,2024-07-05,2024
AOI-02,ffcd445586dcd3b933d48bcc1cbd5c7c04e40be18f8c37915aa1d54e8887a72f,LANDSAT/LC09/C02/T1_L2,2024-08-17T04:15:28.928000+00:00,final-source-scenes-r2-asset-verified,46.09,OUTSIDE_NOMINAL_WINDOW,b21c8cc7f3d4d35e1db4dfa1c8245ff10ba657c0a0a001992b552808766cc49b,REMOVE_SYNTHETIC_MERGE_PREFIX;BIND_PLATFORM_COLLECTION;RESTORE_SYSTEM_INDEX,False,LANDSAT/LC08/C02/T1_L2/2_LC09_136037_20240817,source-scenes-v1,2024-07-20,LANDSAT_9,LPGS_16.4.0,LPGS_16.4.0,Collection 2,340ccb5db69f9e44186cacff3bb8e44a3f24ebb6996053e5a23ec67c8e032202,landsat,88b45534706a5e492b484b4dd60657177372f6d27cc5feb2f3fc49c82cb3c712,LANDSAT/LC09/C02/T1_L2/LC09_136037_20240817,LC09_136037_20240817,1723868128928,2024-08-04,2024-07-05,2024
AOI-02,ffcd445586dcd3b933d48bcc1cbd5c7c04e40be18f8c37915aa1d54e8887a72f,LANDSAT/LC08/C02/T1_L2,2024-07-17T04:09:11.773000+00:00,final-source-scenes-r2-asset-verified,63.92,,b21c8cc7f3d4d35e1db4dfa1c8245ff10ba657c0a0a001992b552808766cc49b,REMOVE_SYNTHETIC_MERGE_PREFIX;BIND_PLATFORM_COLLECTION;RESTORE_SYSTEM_INDEX,True,LANDSAT/LC08/C02/T1_L2/1_LC08_135037_20240717,source-scenes-v1,2024-07-31,LANDSAT_8,LPGS_16.4.0,LPGS_16.4.0,Collection 2,7d254fcf9ed6ae0e7eafefc56e1697f4b76781be196bc83d4c815509dc79c6aa,landsat,5ab64611db9bc4499dcdd582b41ab561e8fb1da9ee9fb0ca7ae1eadb5367b7bc,LANDSAT/LC08/C02/T1_L2/LC08_135037_20240717,LC08_135037_20240717,1721189351773,2024-08-15,2024-07-16,2024
AOI-02,ffcd445586dcd3b933d48bcc1cbd5c7c04e40be18f8c37915aa1d54e8887a72f,LANDSAT/LC08/C02/T1_L2,2024-08-18T04:09:23.826000+00:00,final-source-scenes-r2-asset-verified,2.12,OUTSIDE_NOMINAL_WINDOW,b21c8cc7f3d4d35e1db4dfa1c8245ff10ba657c0a0a001992b552808766cc49b,REMOVE_SYNTHETIC_MERGE_PREFIX;BIND_PLATFORM_COLLECTION;RESTORE_SYSTEM_INDEX,False,LANDSAT/LC08/C02/T1_L2/1_LC08_135037_20240818,source-scenes-v1,2024-07-31,LANDSAT_8,LPGS_16.4.0,LPGS_16.4.0,Collection 2,7d254fcf9ed6ae0e7eafefc56e1697f4b76781be196bc83d4c815509dc79c6aa,landsat,5ab64611db9bc4499dcdd582b41ab561e8fb1da9ee9fb0ca7ae1eadb5367b7bc,LANDSAT/LC08/C02/T1_L2/LC08_135037_20240818,LC08_135037_20240818,1723954163826,2024-08-15,2024-07-16,2024
AOI-02,ffcd445586dcd3b933d48bcc1cbd5c7c04e40be18f8c37915aa1d54e8887a72f,LANDSAT/LC08/C02/T1_L2,2024-07-08T04:15:13.346000+00:00,final-source-scenes-r2-asset-verified,72.97,OUTSIDE_NOMINAL_WINDOW,b21c8cc7f3d4d35e1db4dfa1c8245ff10ba657c0a0a001992b552808766cc49b,REMOVE_SYNTHETIC_MERGE_PREFIX;BIND_PLATFORM_COLLECTION;RESTORE_SYSTEM_INDEX,False,LANDSAT/LC08/C02/T1_L2/1_LC08_136037_20240708,source-scenes-v1,2024-07-31,LANDSAT_8,LPGS_16.4.0,LPGS_16.4.0,Collection 2,7d254fcf9ed6ae0e7eafefc56e1697f4b76781be196bc83d4c815509dc79c6aa,landsat,5ab64611db9bc4499dcdd582b41ab561e8fb1da9ee9fb0ca7ae1eadb5367b7bc,LANDSAT/LC08/C02/T1_L2/LC08_136037_20240708,LC08_136037_20240708,1720412113346,2024-08-15,2024-07-16,2024
AOI-02,ffcd445586dcd3b933d48bcc1cbd5c7c04e40be18f8c37915aa1d54e8887a72f,LANDSAT/LC08/C02/T1_L2,2024-07-24T04:15:27.932000+00:00,final-source-scenes-r2-asset-verified,74.65,,b21c8cc7f3d4d35e1db4dfa1c8245ff10ba657c0a0a001992b552808766cc49b,REMOVE_SYNTHETIC_MERGE_PREFIX;BIND_PLATFORM_COLLECTION;RESTORE_SYSTEM_INDEX,True,LANDSAT/LC08/C02/T1_L2/1_LC08_136037_20240724,source-scenes-v1,2024-07-31,LANDSAT_8,LPGS_16.4.0,LPGS_16.4.0,Collection 2,7d254fcf9ed6ae0e7eafefc56e1697f4b76781be196bc83d4c815509dc79c6aa,landsat,5ab64611db9bc4499dcdd582b41ab561e8fb1da9ee9fb0ca7ae1eadb5367b7bc,LANDSAT/LC08/C02/T1_L2/LC08_136037_20240724,LC08_136037_20240724,1721794527932,2024-08-15,2024-07-16,2024
AOI-02,ffcd445586dcd3b933d48bcc1cbd5c7c04e40be18f8c37915aa1d54e8887a72f,LANDSAT/LC08/C02/T1_L2,2024-08-25T04:15:36.669000+00:00,final-source-scenes-r2-asset-verified,6.66,OUTSIDE_NOMINAL_WINDOW,b21c8cc7f3d4d35e1db4dfa1c8245ff10ba657c0a0a001992b552808766cc49b,REMOVE_SYNTHETIC_MERGE_PREFIX;BIND_PLATFORM_COLLECTION;RESTORE_SYSTEM_INDEX,False,LANDSAT/LC08/C02/T1_L2/1_LC08_136037_20240825,source-scenes-v1,2024-07-31,LANDSAT_8,LPGS_16.4.0,LPGS_16.4.0,Collection 2,7d254fcf9ed6ae0e7eafefc56e1697f4b76781be196bc83d4c815509dc79c6aa,landsat,5ab64611db9bc4499dcdd582b41ab561e8fb1da9ee9fb0ca7ae1eadb5367b7bc,LANDSAT/LC08/C02/T1_L2/LC08_136037_20240825,LC08_136037_20240825,1724559336669,2024-08-15,2024-07-16,2024
AOI-02,ffcd445586dcd3b933d48bcc1cbd5c7c04e40be18f8c37915aa1d54e8887a72f,LANDSAT/LC09/C02/T1_L2,2024-07-09T04:09:01.879000+00:00,final-source-scenes-r2-asset-verified,59.88,OUTSIDE_NOMINAL_WINDOW,b21c8cc7f3d4d35e1db4dfa1c8245ff10ba657c0a0a001992b552808766cc49b,REMOVE_SYNTHETIC_MERGE_PREFIX;BIND_PLATFORM_COLLECTION;RESTORE_SYSTEM_INDEX,False,LANDSAT/LC08/C02/T1_L2/2_LC09_135037_20240709,source-scenes-v1,2024-07-31,LANDSAT_9,LPGS_16.4.0,LPGS_16.4.0,Collection 2,7d254fcf9ed6ae0e7eafefc56e1697f4b76781be196bc83d4c815509dc79c6aa,landsat,5ab64611db9bc4499dcdd582b41ab561e8fb1da9ee9fb0ca7ae1eadb5367b7bc,LANDSAT/LC09/C02/T1_L2/LC09_135037_20240709,LC09_135037_20240709,1720498141879,2024-08-15,2024-07-16,2024
AOI-02,ffcd445586dcd3b933d48bcc1cbd5c7c04e40be18f8c37915aa1d54e8887a72f,LANDSAT/LC09/C02/T1_L2,2024-08-10T04:09:13.520000+00:00,final-source-scenes-r2-asset-verified,25.83,,b21c8cc7f3d4d35e1db4dfa1c8245ff10ba657c0a0a001992b552808766cc49b,REMOVE_SYNTHETIC_MERGE_PREFIX;BIND_PLATFORM_COLLECTION;RESTORE_SYSTEM_INDEX,True,LANDSAT/LC08/C02/T1_L2/2_LC09_135037_20240810,source-scenes-v1,2024-07-31,LANDSAT_9,LPGS_16.4.0,LPGS_16.4.0,Collection 2,7d254fcf9ed6ae0e7eafefc56e1697f4b76781be196bc83d4c815509dc79c6aa,landsat,5ab64611db9bc4499dcdd582b41ab561e8fb1da9ee9fb0ca7ae1eadb5367b7bc,LANDSAT/LC09/C02/T1_L2/LC09_135037_20240810,LC09_135037_20240810,1723262953520,2024-08-15,2024-07-16,2024
AOI-02,ffcd445586dcd3b933d48bcc1cbd5c7c04e40be18f8c37915aa1d54e8887a72f,LANDSAT/LC09/C02/T1_L2,2024-07-16T04:15:17.930000+00:00,final-source-scenes-r2-asset-verified,38.51,,b21c8cc7f3d4d35e1db4dfa1c8245ff10ba657c0a0a001992b552808766cc49b,REMOVE_SYNTHETIC_MERGE_PREFIX;BIND_PLATFORM_COLLECTION;RESTORE_SYSTEM_INDEX,True,LANDSAT/LC08/C02/T1_L2/2_LC09_136037_20240716,source-scenes-v1,2024-07-31,LANDSAT_9,LPGS_16.4.0,LPGS_16.4.0,Collection 2,7d254fcf9ed6ae0e7eafefc56e1697f4b76781be196bc83d4c815509dc79c6aa,landsat,5ab64611db9bc4499dcdd582b41ab561e8fb1da9ee9fb0ca7ae1eadb5367b7bc,LANDSAT/LC09/C02/T1_L2/LC09_136037_20240716,LC09_136037_20240716,1721103317930,2024-08-15,2024-07-16,2024
AOI-02,ffcd445586dcd3b933d48bcc1cbd5c7c04e40be18f8c37915aa1d54e8887a72f,LANDSAT/LC09/C02/T1_L2,2024-08-01T04:15:20.822000+00:00,final-source-scenes-r2-asset-verified,23.71,,b21c8cc7f3d4d35e1db4dfa1c8245ff10ba657c0a0a001992b552808766cc49b,REMOVE_SYNTHETIC_MERGE_PREFIX;BIND_PLATFORM_COLLECTION;RESTORE_SYSTEM_INDEX,True,LANDSAT/LC08/C02/T1_L2/2_LC09_136037_20240801,source-scenes-v1,2024-07-31,LANDSAT_9,LPGS_16.4.0,LPGS_16.4.0,Collection 2,7d254fcf9ed6ae0e7eafefc56e1697f4b76781be196bc83d4c815509dc79c6aa,landsat,5ab64611db9bc4499dcdd582b41ab561e8fb1da9ee9fb0ca7ae1eadb5367b7bc,LANDSAT/LC09/C02/T1_L2/LC09_136037_20240801,LC09_136037_20240801,1722485720822,2024-08-15,2024-07-16,2024
AOI-02,ffcd445586dcd3b933d48bcc1cbd5c7c04e40be18f8c37915aa1d54e8887a72f,LANDSAT/LC09/C02/T1_L2,2024-08-17T04:15:28.928000+00:00,final-source-scenes-r2-asset-verified,46.09,OUTSIDE_NOMINAL_WINDOW,b21c8cc7f3d4d35e1db4dfa1c8245ff10ba657c0a0a001992b552808766cc49b,REMOVE_SYNTHETIC_MERGE_PREFIX;BIND_PLATFORM_COLLECTION;RESTORE_SYSTEM_INDEX,False,LANDSAT/LC08/C02/T1_L2/2_LC09_136037_20240817,source-scenes-v1,2024-07-31,LANDSAT_9,LPGS_16.4.0,LPGS_16.4.0,Collection 2,7d254fcf9ed6ae0e7eafefc56e1697f4b76781be196bc83d4c815509dc79c6aa,landsat,5ab64611db9bc4499dcdd582b41ab561e8fb1da9ee9fb0ca7ae1eadb5367b7bc,LANDSAT/LC09/C02/T1_L2/LC09_136037_20240817,LC09_136037_20240817,1723868128928,2024-08-15,2024-07-16,2024
AOI-02,ffcd445586dcd3b933d48bcc1cbd5c7c04e40be18f8c37915aa1d54e8887a72f,LANDSAT/LC08/C02/T1_L2,2024-07-17T04:09:11.773000+00:00,final-source-scenes-r2-asset-verified,63.92,OUTSIDE_NOMINAL_WINDOW,b21c8cc7f3d4d35e1db4dfa1c8245ff10ba657c0a0a001992b552808766cc49b,REMOVE_SYNTHETIC_MERGE_PREFIX;BIND_PLATFORM_COLLECTION;RESTORE_SYSTEM_INDEX,False,LANDSAT/LC08/C02/T1_L2/1_LC08_135037_20240717,source-scenes-v1,2024-08-10,LANDSAT_8,LPGS_16.4.0,LPGS_16.4.0,Collection 2,3db2ff070a38416905b553cd12a09e5371ec5a3397cca3f8c93ae8a124c5a1d3,landsat,6c7d2b63ffc5f93fb896f792186ae45f863757ae48a6eddb7c4c876c4df76027,LANDSAT/LC08/C02/T1_L2/LC08_135037_20240717,LC08_135037_20240717,1721189351773,2024-08-25,2024-07-26,2024
AOI-02,ffcd445586dcd3b933d48bcc1cbd5c7c04e40be18f8c37915aa1d54e8887a72f,LANDSAT/LC08/C02/T1_L2,2024-08-18T04:09:23.826000+00:00,final-source-scenes-r2-asset-verified,2.12,,b21c8cc7f3d4d35e1db4dfa1c8245ff10ba657c0a0a001992b552808766cc49b,REMOVE_SYNTHETIC_MERGE_PREFIX;BIND_PLATFORM_COLLECTION;RESTORE_SYSTEM_INDEX,True,LANDSAT/LC08/C02/T1_L2/1_LC08_135037_20240818,source-scenes-v1,2024-08-10,LANDSAT_8,LPGS_16.4.0,LPGS_16.4.0,Collection 2,3db2ff070a38416905b553cd12a09e5371ec5a3397cca3f8c93ae8a124c5a1d3,landsat,6c7d2b63ffc5f93fb896f792186ae45f863757ae48a6eddb7c4c876c4df76027,LANDSAT/LC08/C02/T1_L2/LC08_135037_20240818,LC08_135037_20240818,1723954163826,2024-08-25,2024-07-26,2024
AOI-02,ffcd445586dcd3b933d48bcc1cbd5c7c04e40be18f8c37915aa1d54e8887a72f,LANDSAT/LC08/C02/T1_L2,2024-07-08T04:15:13.346000+00:00,final-source-scenes-r2-asset-verified,72.97,OUTSIDE_NOMINAL_WINDOW,b21c8cc7f3d4d35e1db4dfa1c8245ff10ba657c0a0a001992b552808766cc49b,REMOVE_SYNTHETIC_MERGE_PREFIX;BIND_PLATFORM_COLLECTION;RESTORE_SYSTEM_INDEX,False,LANDSAT/LC08/C02/T1_L2/1_LC08_136037_20240708,source-scenes-v1,2024-08-10,LANDSAT_8,LPGS_16.4.0,LPGS_16.4.0,Collection 2,3db2ff070a38416905b553cd12a09e5371ec5a3397cca3f8c93ae8a124c5a1d3,landsat,6c7d2b63ffc5f93fb896f792186ae45f863757ae48a6eddb7c4c876c4df76027,LANDSAT/LC08/C02/T1_L2/LC08_136037_20240708,LC08_136037_20240708,1720412113346,2024-08-25,2024-07-26,2024
AOI-02,ffcd445586dcd3b933d48bcc1cbd5c7c04e40be18f8c37915aa1d54e8887a72f,LANDSAT/LC08/C02/T1_L2,2024-07-24T04:15:27.932000+00:00,final-source-scenes-r2-asset-verified,74.65,OUTSIDE_NOMINAL_WINDOW,b21c8cc7f3d4d35e1db4dfa1c8245ff10ba657c0a0a001992b552808766cc49b,REMOVE_SYNTHETIC_MERGE_PREFIX;BIND_PLATFORM_COLLECTION;RESTORE_SYSTEM_INDEX,False,LANDSAT/LC08/C02/T1_L2/1_LC08_136037_20240724,source-scenes-v1,2024-08-10,LANDSAT_8,LPGS_16.4.0,LPGS_16.4.0,Collection 2,3db2ff070a38416905b553cd12a09e5371ec5a3397cca3f8c93ae8a124c5a1d3,landsat,6c7d2b63ffc5f93fb896f792186ae45f863757ae48a6eddb7c4c876c4df76027,LANDSAT/LC08/C02/T1_L2/LC08_136037_20240724,LC08_136037_20240724,1721794527932,2024-08-25,2024-07-26,2024
AOI-02,ffcd445586dcd3b933d48bcc1cbd5c7c04e40be18f8c37915aa1d54e8887a72f,LANDSAT/LC08/C02/T1_L2,2024-08-25T04:15:36.669000+00:00,final-source-scenes-r2-asset-verified,6.66,,b21c8cc7f3d4d35e1db4dfa1c8245ff10ba657c0a0a001992b552808766cc49b,REMOVE_SYNTHETIC_MERGE_PREFIX;BIND_PLATFORM_COLLECTION;RESTORE_SYSTEM_INDEX,True,LANDSAT/LC08/C02/T1_L2/1_LC08_136037_20240825,source-scenes-v1,2024-08-10,LANDSAT_8,LPGS_16.4.0,LPGS_16.4.0,Collection 2,3db2ff070a38416905b553cd12a09e5371ec5a3397cca3f8c93ae8a124c5a1d3,landsat,6c7d2b63ffc5f93fb896f792186ae45f863757ae48a6eddb7c4c876c4df76027,LANDSAT/LC08/C02/T1_L2/LC08_136037_20240825,LC08_136037_20240825,1724559336669,2024-08-25,2024-07-26,2024
AOI-02,ffcd445586dcd3b933d48bcc1cbd5c7c04e40be18f8c37915aa1d54e8887a72f,LANDSAT/LC09/C02/T1_L2,2024-07-09T04:09:01.879000+00:00,final-source-scenes-r2-asset-verified,59.88,OUTSIDE_NOMINAL_WINDOW,b21c8cc7f3d4d35e1db4dfa1c8245ff10ba657c0a0a001992b552808766cc49b,REMOVE_SYNTHETIC_MERGE_PREFIX;BIND_PLATFORM_COLLECTION;RESTORE_SYSTEM_INDEX,False,LANDSAT/LC08/C02/T1_L2/2_LC09_135037_20240709,source-scenes-v1,2024-08-10,LANDSAT_9,LPGS_16.4.0,LPGS_16.4.0,Collection 2,3db2ff070a38416905b553cd12a09e5371ec5a3397cca3f8c93ae8a124c5a1d3,landsat,6c7d2b63ffc5f93fb896f792186ae45f863757ae48a6eddb7c4c876c4df76027,LANDSAT/LC09/C02/T1_L2/LC09_135037_20240709,LC09_135037_20240709,1720498141879,2024-08-25,2024-07-26,2024
AOI-02,ffcd445586dcd3b933d48bcc1cbd5c7c04e40be18f8c37915aa1d54e8887a72f,LANDSAT/LC09/C02/T1_L2,2024-08-10T04:09:13.520000+00:00,final-source-scenes-r2-asset-verified,25.83,,b21c8cc7f3d4d35e1db4dfa1c8245ff10ba657c0a0a001992b552808766cc49b,REMOVE_SYNTHETIC_MERGE_PREFIX;BIND_PLATFORM_COLLECTION;RESTORE_SYSTEM_INDEX,True,LANDSAT/LC08/C02/T1_L2/2_LC09_135037_20240810,source-scenes-v1,2024-08-10,LANDSAT_9,LPGS_16.4.0,LPGS_16.4.0,Collection 2,3db2ff070a38416905b553cd12a09e5371ec5a3397cca3f8c93ae8a124c5a1d3,landsat,6c7d2b63ffc5f93fb896f792186ae45f863757ae48a6eddb7c4c876c4df76027,LANDSAT/LC09/C02/T1_L2/LC09_135037_20240810,LC09_135037_20240810,1723262953520,2024-08-25,2024-07-26,2024
AOI-02,ffcd445586dcd3b933d48bcc1cbd5c7c04e40be18f8c37915aa1d54e8887a72f,LANDSAT/LC09/C02/T1_L2,2024-07-16T04:15:17.930000+00:00,final-source-scenes-r2-asset-verified,38.51,OUTSIDE_NOMINAL_WINDOW,b21c8cc7f3d4d35e1db4dfa1c8245ff10ba657c0a0a001992b552808766cc49b,REMOVE_SYNTHETIC_MERGE_PREFIX;BIND_PLATFORM_COLLECTION;RESTORE_SYSTEM_INDEX,False,LANDSAT/LC08/C02/T1_L2/2_LC09_136037_20240716,source-scenes-v1,2024-08-10,LANDSAT_9,LPGS_16.4.0,LPGS_16.4.0,Collection 2,3db2ff070a38416905b553cd12a09e5371ec5a3397cca3f8c93ae8a124c5a1d3,landsat,6c7d2b63ffc5f93fb896f792186ae45f863757ae48a6eddb7c4c876c4df76027,LANDSAT/LC09/C02/T1_L2/LC09_136037_20240716,LC09_136037_20240716,1721103317930,2024-08-25,2024-07-26,2024
AOI-02,ffcd445586dcd3b933d48bcc1cbd5c7c04e40be18f8c37915aa1d54e8887a72f,LANDSAT/LC09/C02/T1_L2,2024-08-01T04:15:20.822000+00:00,final-source-scenes-r2-asset-verified,23.71,,b21c8cc7f3d4d35e1db4dfa1c8245ff10ba657c0a0a001992b552808766cc49b,REMOVE_SYNTHETIC_MERGE_PREFIX;BIND_PLATFORM_COLLECTION;RESTORE_SYSTEM_INDEX,True,LANDSAT/LC08/C02/T1_L2/2_LC09_136037_20240801,source-scenes-v1,2024-08-10,LANDSAT_9,LPGS_16.4.0,LPGS_16.4.0,Collection 2,3db2ff070a38416905b553cd12a09e5371ec5a3397cca3f8c93ae8a124c5a1d3,landsat,6c7d2b63ffc5f93fb896f792186ae45f863757ae48a6eddb7c4c876c4df76027,LANDSAT/LC09/C02/T1_L2/LC09_136037_20240801,LC09_136037_20240801,1722485720822,2024-08-25,2024-07-26,2024
AOI-02,ffcd445586dcd3b933d48bcc1cbd5c7c04e40be18f8c37915aa1d54e8887a72f,LANDSAT/LC09/C02/T1_L2,2024-08-17T04:15:28.928000+00:00,final-source-scenes-r2-asset-verified,46.09,,b21c8cc7f3d4d35e1db4dfa1c8245ff10ba657c0a0a001992b552808766cc49b,REMOVE_SYNTHETIC_MERGE_PREFIX;BIND_PLATFORM_COLLECTION;RESTORE_SYSTEM_INDEX,True,LANDSAT/LC08/C02/T1_L2/2_LC09_136037_20240817,source-scenes-v1,2024-08-10,LANDSAT_9,LPGS_16.4.0,LPGS_16.4.0,Collection 2,3db2ff070a38416905b553cd12a09e5371ec5a3397cca3f8c93ae8a124c5a1d3,landsat,6c7d2b63ffc5f93fb896f792186ae45f863757ae48a6eddb7c4c876c4df76027,LANDSAT/LC09/C02/T1_L2/LC09_136037_20240817,LC09_136037_20240817,1723868128928,2024-08-25,2024-07-26,2024
AOI-02,ffcd445586dcd3b933d48bcc1cbd5c7c04e40be18f8c37915aa1d54e8887a72f,LANDSAT/LC08/C02/T1_L2,2025-08-05T04:09:37.952000+00:00,final-source-scenes-r2-asset-verified,33.17,OUTSIDE_NOMINAL_WINDOW,b21c8cc7f3d4d35e1db4dfa1c8245ff10ba657c0a0a001992b552808766cc49b,REMOVE_SYNTHETIC_MERGE_PREFIX;BIND_PLATFORM_COLLECTION;RESTORE_SYSTEM_INDEX,False,LANDSAT/LC08/C02/T1_L2/1_LC08_135037_20250805,source-scenes-v1,2025-07-20,LANDSAT_8,LPGS_16.5.0,LPGS_16.5.0,Collection 2,365eebbf3c4cea8e2681cec6e37d70570e48c494116fa203952217eaf7eb3cfa,landsat,36ceeb7e6d47bee6d0e52dd5ae9c0dcae3f4b879d809726eda5a75835453904f,LANDSAT/LC08/C02/T1_L2/LC08_135037_20250805,LC08_135037_20250805,1754366977952,2025-08-04,2025-07-05,2025
AOI-02,ffcd445586dcd3b933d48bcc1cbd5c7c04e40be18f8c37915aa1d54e8887a72f,LANDSAT/LC08/C02/T1_L2,2025-07-11T04:15:37.871000+00:00,final-source-scenes-r2-asset-verified,15.01,,b21c8cc7f3d4d35e1db4dfa1c8245ff10ba657c0a0a001992b552808766cc49b,REMOVE_SYNTHETIC_MERGE_PREFIX;BIND_PLATFORM_COLLECTION;RESTORE_SYSTEM_INDEX,True,LANDSAT/LC08/C02/T1_L2/1_LC08_136037_20250711,source-scenes-v1,2025-07-20,LANDSAT_8,LPGS_16.5.0,LPGS_16.5.0,Collection 2,365eebbf3c4cea8e2681cec6e37d70570e48c494116fa203952217eaf7eb3cfa,landsat,36ceeb7e6d47bee6d0e52dd5ae9c0dcae3f4b879d809726eda5a75835453904f,LANDSAT/LC08/C02/T1_L2/LC08_136037_20250711,LC08_136037_20250711,1752207337871,2025-08-04,2025-07-05,2025
AOI-02,ffcd445586dcd3b933d48bcc1cbd5c7c04e40be18f8c37915aa1d54e8887a72f,LANDSAT/LC08/C02/T1_L2,2025-08-12T04:15:52.760000+00:00,final-source-scenes-r2-asset-verified,54.16,OUTSIDE_NOMINAL_WINDOW,b21c8cc7f3d4d35e1db4dfa1c8245ff10ba657c0a0a001992b552808766cc49b,REMOVE_SYNTHETIC_MERGE_PREFIX;BIND_PLATFORM_COLLECTION;RESTORE_SYSTEM_INDEX,False,LANDSAT/LC08/C02/T1_L2/1_LC08_136037_20250812,source-scenes-v1,2025-07-20,LANDSAT_8,LPGS_16.5.0,LPGS_16.5.0,Collection 2,365eebbf3c4cea8e2681cec6e37d70570e48c494116fa203952217eaf7eb3cfa,landsat,36ceeb7e6d47bee6d0e52dd5ae9c0dcae3f4b879d809726eda5a75835453904f,LANDSAT/LC08/C02/T1_L2/LC08_136037_20250812,LC08_136037_20250812,1754972152760,2025-08-04,2025-07-05,2025
AOI-02,ffcd445586dcd3b933d48bcc1cbd5c7c04e40be18f8c37915aa1d54e8887a72f,LANDSAT/LC09/C02/T1_L2,2025-07-12T04:09:24.721000+00:00,final-source-scenes-r2-asset-verified,35.08,,b21c8cc7f3d4d35e1db4dfa1c8245ff10ba657c0a0a001992b552808766cc49b,REMOVE_SYNTHETIC_MERGE_PREFIX;BIND_PLATFORM_COLLECTION;RESTORE_SYSTEM_INDEX,True,LANDSAT/LC08/C02/T1_L2/2_LC09_135037_20250712,source-scenes-v1,2025-07-20,LANDSAT_9,LPGS_16.5.0,LPGS_16.5.0,Collection 2,365eebbf3c4cea8e2681cec6e37d70570e48c494116fa203952217eaf7eb3cfa,landsat,36ceeb7e6d47bee6d0e52dd5ae9c0dcae3f4b879d809726eda5a75835453904f,LANDSAT/LC09/C02/T1_L2/LC09_135037_20250712,LC09_135037_20250712,1752293364721,2025-08-04,2025-07-05,2025
AOI-02,ffcd445586dcd3b933d48bcc1cbd5c7c04e40be18f8c37915aa1d54e8887a72f,LANDSAT/LC09/C02/T1_L2,2025-07-28T04:09:33.045000+00:00,final-source-scenes-r2-asset-verified,43.88,,b21c8cc7f3d4d35e1db4dfa1c8245ff10ba657c0a0a001992b552808766cc49b,REMOVE_SYNTHETIC_MERGE_PREFIX;BIND_PLATFORM_COLLECTION;RESTORE_SYSTEM_INDEX,True,LANDSAT/LC08/C02/T1_L2/2_LC09_135037_20250728,source-scenes-v1,2025-07-20,LANDSAT_9,LPGS_16.5.0,LPGS_16.5.0,Collection 2,365eebbf3c4cea8e2681cec6e37d70570e48c494116fa203952217eaf7eb3cfa,landsat,36ceeb7e6d47bee6d0e52dd5ae9c0dcae3f4b879d809726eda5a75835453904f,LANDSAT/LC09/C02/T1_L2/LC09_135037_20250728,LC09_135037_20250728,1753675773045,2025-08-04,2025-07-05,2025
AOI-02,ffcd445586dcd3b933d48bcc1cbd5c7c04e40be18f8c37915aa1d54e8887a72f,LANDSAT/LC09/C02/T1_L2,2025-08-13T04:09:43.932000+00:00,final-source-scenes-r2-asset-verified,62.4,OUTSIDE_NOMINAL_WINDOW,b21c8cc7f3d4d35e1db4dfa1c8245ff10ba657c0a0a001992b552808766cc49b,REMOVE_SYNTHETIC_MERGE_PREFIX;BIND_PLATFORM_COLLECTION;RESTORE_SYSTEM_INDEX,False,LANDSAT/LC08/C02/T1_L2/2_LC09_135037_20250813,source-scenes-v1,2025-07-20,LANDSAT_9,LPGS_16.5.0,LPGS_16.5.0,Collection 2,365eebbf3c4cea8e2681cec6e37d70570e48c494116fa203952217eaf7eb3cfa,landsat,36ceeb7e6d47bee6d0e52dd5ae9c0dcae3f4b879d809726eda5a75835453904f,LANDSAT/LC09/C02/T1_L2/LC09_135037_20250813,LC09_135037_20250813,1755058183932,2025-08-04,2025-07-05,2025
AOI-02,ffcd445586dcd3b933d48bcc1cbd5c7c04e40be18f8c37915aa1d54e8887a72f,LANDSAT/LC09/C02/T1_L2,2025-07-19T04:15:40.576000+00:00,final-source-scenes-r2-asset-verified,45.65,,b21c8cc7f3d4d35e1db4dfa1c8245ff10ba657c0a0a001992b552808766cc49b,REMOVE_SYNTHETIC_MERGE_PREFIX;BIND_PLATFORM_COLLECTION;RESTORE_SYSTEM_INDEX,True,LANDSAT/LC08/C02/T1_L2/2_LC09_136037_20250719,source-scenes-v1,2025-07-20,LANDSAT_9,LPGS_16.5.0,LPGS_16.5.0,Collection 2,365eebbf3c4cea8e2681cec6e37d70570e48c494116fa203952217eaf7eb3cfa,landsat,36ceeb7e6d47bee6d0e52dd5ae9c0dcae3f4b879d809726eda5a75835453904f,LANDSAT/LC09/C02/T1_L2/LC09_136037_20250719,LC09_136037_20250719,1752898540576,2025-08-04,2025-07-05,2025
AOI-02,ffcd445586dcd3b933d48bcc1cbd5c7c04e40be18f8c37915aa1d54e8887a72f,LANDSAT/LC08/C02/T1_L2,2025-08-05T04:09:37.952000+00:00,final-source-scenes-r2-asset-verified,33.17,,b21c8cc7f3d4d35e1db4dfa1c8245ff10ba657c0a0a001992b552808766cc49b,REMOVE_SYNTHETIC_MERGE_PREFIX;BIND_PLATFORM_COLLECTION;RESTORE_SYSTEM_INDEX,True,LANDSAT/LC08/C02/T1_L2/1_LC08_135037_20250805,source-scenes-v1,2025-07-31,LANDSAT_8,LPGS_16.5.0,LPGS_16.5.0,Collection 2,d0bb042a23cd663b101a7e62e648e2d22b738263106d46070684bdc99ef8116a,landsat,92f66ef03ae998619a6a723b494de65772f8ad6a29a2546747398926e498f519,LANDSAT/LC08/C02/T1_L2/LC08_135037_20250805,LC08_135037_20250805,1754366977952,2025-08-15,2025-07-16,2025
AOI-02,ffcd445586dcd3b933d48bcc1cbd5c7c04e40be18f8c37915aa1d54e8887a72f,LANDSAT/LC08/C02/T1_L2,2025-07-11T04:15:37.871000+00:00,final-source-scenes-r2-asset-verified,15.01,OUTSIDE_NOMINAL_WINDOW,b21c8cc7f3d4d35e1db4dfa1c8245ff10ba657c0a0a001992b552808766cc49b,REMOVE_SYNTHETIC_MERGE_PREFIX;BIND_PLATFORM_COLLECTION;RESTORE_SYSTEM_INDEX,False,LANDSAT/LC08/C02/T1_L2/1_LC08_136037_20250711,source-scenes-v1,2025-07-31,LANDSAT_8,LPGS_16.5.0,LPGS_16.5.0,Collection 2,d0bb042a23cd663b101a7e62e648e2d22b738263106d46070684bdc99ef8116a,landsat,92f66ef03ae998619a6a723b494de65772f8ad6a29a2546747398926e498f519,LANDSAT/LC08/C02/T1_L2/LC08_136037_20250711,LC08_136037_20250711,1752207337871,2025-08-15,2025-07-16,2025
AOI-02,ffcd445586dcd3b933d48bcc1cbd5c7c04e40be18f8c37915aa1d54e8887a72f,LANDSAT/LC08/C02/T1_L2,2025-08-12T04:15:52.760000+00:00,final-source-scenes-r2-asset-verified,54.16,,b21c8cc7f3d4d35e1db4dfa1c8245ff10ba657c0a0a001992b552808766cc49b,REMOVE_SYNTHETIC_MERGE_PREFIX;BIND_PLATFORM_COLLECTION;RESTORE_SYSTEM_INDEX,True,LANDSAT/LC08/C02/T1_L2/1_LC08_136037_20250812,source-scenes-v1,2025-07-31,LANDSAT_8,LPGS_16.5.0,LPGS_16.5.0,Collection 2,d0bb042a23cd663b101a7e62e648e2d22b738263106d46070684bdc99ef8116a,landsat,92f66ef03ae998619a6a723b494de65772f8ad6a29a2546747398926e498f519,LANDSAT/LC08/C02/T1_L2/LC08_136037_20250812,LC08_136037_20250812,1754972152760,2025-08-15,2025-07-16,2025
AOI-02,ffcd445586dcd3b933d48bcc1cbd5c7c04e40be18f8c37915aa1d54e8887a72f,LANDSAT/LC09/C02/T1_L2,2025-07-12T04:09:24.721000+00:00,final-source-scenes-r2-asset-verified,35.08,OUTSIDE_NOMINAL_WINDOW,b21c8cc7f3d4d35e1db4dfa1c8245ff10ba657c0a0a001992b552808766cc49b,REMOVE_SYNTHETIC_MERGE_PREFIX;BIND_PLATFORM_COLLECTION;RESTORE_SYSTEM_INDEX,False,LANDSAT/LC08/C02/T1_L2/2_LC09_135037_20250712,source-scenes-v1,2025-07-31,LANDSAT_9,LPGS_16.5.0,LPGS_16.5.0,Collection 2,d0bb042a23cd663b101a7e62e648e2d22b738263106d46070684bdc99ef8116a,landsat,92f66ef03ae998619a6a723b494de65772f8ad6a29a2546747398926e498f519,LANDSAT/LC09/C02/T1_L2/LC09_135037_20250712,LC09_135037_20250712,1752293364721,2025-08-15,2025-07-16,2025
AOI-02,ffcd445586dcd3b933d48bcc1cbd5c7c04e40be18f8c37915aa1d54e8887a72f,LANDSAT/LC09/C02/T1_L2,2025-07-28T04:09:33.045000+00:00,final-source-scenes-r2-asset-verified,43.88,,b21c8cc7f3d4d35e1db4dfa1c8245ff10ba657c0a0a001992b552808766cc49b,REMOVE_SYNTHETIC_MERGE_PREFIX;BIND_PLATFORM_COLLECTION;RESTORE_SYSTEM_INDEX,True,LANDSAT/LC08/C02/T1_L2/2_LC09_135037_20250728,source-scenes-v1,2025-07-31,LANDSAT_9,LPGS_16.5.0,LPGS_16.5.0,Collection 2,d0bb042a23cd663b101a7e62e648e2d22b738263106d46070684bdc99ef8116a,landsat,92f66ef03ae998619a6a723b494de65772f8ad6a29a2546747398926e498f519,LANDSAT/LC09/C02/T1_L2/LC09_135037_20250728,LC09_135037_20250728,1753675773045,2025-08-15,2025-07-16,2025
AOI-02,ffcd445586dcd3b933d48bcc1cbd5c7c04e40be18f8c37915aa1d54e8887a72f,LANDSAT/LC09/C02/T1_L2,2025-08-13T04:09:43.932000+00:00,final-source-scenes-r2-asset-verified,62.4,,b21c8cc7f3d4d35e1db4dfa1c8245ff10ba657c0a0a001992b552808766cc49b,REMOVE_SYNTHETIC_MERGE_PREFIX;BIND_PLATFORM_COLLECTION;RESTORE_SYSTEM_INDEX,True,LANDSAT/LC08/C02/T1_L2/2_LC09_135037_20250813,source-scenes-v1,2025-07-31,LANDSAT_9,LPGS_16.5.0,LPGS_16.5.0,Collection 2,d0bb042a23cd663b101a7e62e648e2d22b738263106d46070684bdc99ef8116a,landsat,92f66ef03ae998619a6a723b494de65772f8ad6a29a2546747398926e498f519,LANDSAT/LC09/C02/T1_L2/LC09_135037_20250813,LC09_135037_20250813,1755058183932,2025-08-15,2025-07-16,2025
AOI-02,ffcd445586dcd3b933d48bcc1cbd5c7c04e40be18f8c37915aa1d54e8887a72f,LANDSAT/LC09/C02/T1_L2,2025-07-19T04:15:40.576000+00:00,final-source-scenes-r2-asset-verified,45.65,,b21c8cc7f3d4d35e1db4dfa1c8245ff10ba657c0a0a001992b552808766cc49b,REMOVE_SYNTHETIC_MERGE_PREFIX;BIND_PLATFORM_COLLECTION;RESTORE_SYSTEM_INDEX,True,LANDSAT/LC08/C02/T1_L2/2_LC09_136037_20250719,source-scenes-v1,2025-07-31,LANDSAT_9,LPGS_16.5.0,LPGS_16.5.0,Collection 2,d0bb042a23cd663b101a7e62e648e2d22b738263106d46070684bdc99ef8116a,landsat,92f66ef03ae998619a6a723b494de65772f8ad6a29a2546747398926e498f519,LANDSAT/LC09/C02/T1_L2/LC09_136037_20250719,LC09_136037_20250719,1752898540576,2025-08-15,2025-07-16,2025
AOI-02,ffcd445586dcd3b933d48bcc1cbd5c7c04e40be18f8c37915aa1d54e8887a72f,LANDSAT/LC08/C02/T1_L2,2025-08-05T04:09:37.952000+00:00,final-source-scenes-r2-asset-verified,33.17,,b21c8cc7f3d4d35e1db4dfa1c8245ff10ba657c0a0a001992b552808766cc49b,REMOVE_SYNTHETIC_MERGE_PREFIX;BIND_PLATFORM_COLLECTION;RESTORE_SYSTEM_INDEX,True,LANDSAT/LC08/C02/T1_L2/1_LC08_135037_20250805,source-scenes-v1,2025-08-10,LANDSAT_8,LPGS_16.5.0,LPGS_16.5.0,Collection 2,da995cccde7f7be51085e025fbd87bb9ef61d78d53a7631a37562537a942d41d,landsat,abf12ab3cb32004d45e3b2039a93dfeef223ac265bfa11be18bd88ebf50fc198,LANDSAT/LC08/C02/T1_L2/LC08_135037_20250805,LC08_135037_20250805,1754366977952,2025-08-25,2025-07-26,2025
AOI-02,ffcd445586dcd3b933d48bcc1cbd5c7c04e40be18f8c37915aa1d54e8887a72f,LANDSAT/LC08/C02/T1_L2,2025-07-11T04:15:37.871000+00:00,final-source-scenes-r2-asset-verified,15.01,OUTSIDE_NOMINAL_WINDOW,b21c8cc7f3d4d35e1db4dfa1c8245ff10ba657c0a0a001992b552808766cc49b,REMOVE_SYNTHETIC_MERGE_PREFIX;BIND_PLATFORM_COLLECTION;RESTORE_SYSTEM_INDEX,False,LANDSAT/LC08/C02/T1_L2/1_LC08_136037_20250711,source-scenes-v1,2025-08-10,LANDSAT_8,LPGS_16.5.0,LPGS_16.5.0,Collection 2,da995cccde7f7be51085e025fbd87bb9ef61d78d53a7631a37562537a942d41d,landsat,abf12ab3cb32004d45e3b2039a93dfeef223ac265bfa11be18bd88ebf50fc198,LANDSAT/LC08/C02/T1_L2/LC08_136037_20250711,LC08_136037_20250711,1752207337871,2025-08-25,2025-07-26,2025
AOI-02,ffcd445586dcd3b933d48bcc1cbd5c7c04e40be18f8c37915aa1d54e8887a72f,LANDSAT/LC08/C02/T1_L2,2025-08-12T04:15:52.760000+00:00,final-source-scenes-r2-asset-verified,54.16,,b21c8cc7f3d4d35e1db4dfa1c8245ff10ba657c0a0a001992b552808766cc49b,REMOVE_SYNTHETIC_MERGE_PREFIX;BIND_PLATFORM_COLLECTION;RESTORE_SYSTEM_INDEX,True,LANDSAT/LC08/C02/T1_L2/1_LC08_136037_20250812,source-scenes-v1,2025-08-10,LANDSAT_8,LPGS_16.5.0,LPGS_16.5.0,Collection 2,da995cccde7f7be51085e025fbd87bb9ef61d78d53a7631a37562537a942d41d,landsat,abf12ab3cb32004d45e3b2039a93dfeef223ac265bfa11be18bd88ebf50fc198,LANDSAT/LC08/C02/T1_L2/LC08_136037_20250812,LC08_136037_20250812,1754972152760,2025-08-25,2025-07-26,2025
AOI-02,ffcd445586dcd3b933d48bcc1cbd5c7c04e40be18f8c37915aa1d54e8887a72f,LANDSAT/LC09/C02/T1_L2,2025-07-12T04:09:24.721000+00:00,final-source-scenes-r2-asset-verified,35.08,OUTSIDE_NOMINAL_WINDOW,b21c8cc7f3d4d35e1db4dfa1c8245ff10ba657c0a0a001992b552808766cc49b,REMOVE_SYNTHETIC_MERGE_PREFIX;BIND_PLATFORM_COLLECTION;RESTORE_SYSTEM_INDEX,False,LANDSAT/LC08/C02/T1_L2/2_LC09_135037_20250712,source-scenes-v1,2025-08-10,LANDSAT_9,LPGS_16.5.0,LPGS_16.5.0,Collection 2,da995cccde7f7be51085e025fbd87bb9ef61d78d53a7631a37562537a942d41d,landsat,abf12ab3cb32004d45e3b2039a93dfeef223ac265bfa11be18bd88ebf50fc198,LANDSAT/LC09/C02/T1_L2/LC09_135037_20250712,LC09_135037_20250712,1752293364721,2025-08-25,2025-07-26,2025
AOI-02,ffcd445586dcd3b933d48bcc1cbd5c7c04e40be18f8c37915aa1d54e8887a72f,LANDSAT/LC09/C02/T1_L2,2025-07-28T04:09:33.045000+00:00,final-source-scenes-r2-asset-verified,43.88,,b21c8cc7f3d4d35e1db4dfa1c8245ff10ba657c0a0a001992b552808766cc49b,REMOVE_SYNTHETIC_MERGE_PREFIX;BIND_PLATFORM_COLLECTION;RESTORE_SYSTEM_INDEX,True,LANDSAT/LC08/C02/T1_L2/2_LC09_135037_20250728,source-scenes-v1,2025-08-10,LANDSAT_9,LPGS_16.5.0,LPGS_16.5.0,Collection 2,da995cccde7f7be51085e025fbd87bb9ef61d78d53a7631a37562537a942d41d,landsat,abf12ab3cb32004d45e3b2039a93dfeef223ac265bfa11be18bd88ebf50fc198,LANDSAT/LC09/C02/T1_L2/LC09_135037_20250728,LC09_135037_20250728,1753675773045,2025-08-25,2025-07-26,2025
AOI-02,ffcd445586dcd3b933d48bcc1cbd5c7c04e40be18f8c37915aa1d54e8887a72f,LANDSAT/LC09/C02/T1_L2,2025-08-13T04:09:43.932000+00:00,final-source-scenes-r2-asset-verified,62.4,,b21c8cc7f3d4d35e1db4dfa1c8245ff10ba657c0a0a001992b552808766cc49b,REMOVE_SYNTHETIC_MERGE_PREFIX;BIND_PLATFORM_COLLECTION;RESTORE_SYSTEM_INDEX,True,LANDSAT/LC08/C02/T1_L2/2_LC09_135037_20250813,source-scenes-v1,2025-08-10,LANDSAT_9,LPGS_16.5.0,LPGS_16.5.0,Collection 2,da995cccde7f7be51085e025fbd87bb9ef61d78d53a7631a37562537a942d41d,landsat,abf12ab3cb32004d45e3b2039a93dfeef223ac265bfa11be18bd88ebf50fc198,LANDSAT/LC09/C02/T1_L2/LC09_135037_20250813,LC09_135037_20250813,1755058183932,2025-08-25,2025-07-26,2025
AOI-02,ffcd445586dcd3b933d48bcc1cbd5c7c04e40be18f8c37915aa1d54e8887a72f,LANDSAT/LC09/C02/T1_L2,2025-07-19T04:15:40.576000+00:00,final-source-scenes-r2-asset-verified,45.65,OUTSIDE_NOMINAL_WINDOW,b21c8cc7f3d4d35e1db4dfa1c8245ff10ba657c0a0a001992b552808766cc49b,REMOVE_SYNTHETIC_MERGE_PREFIX;BIND_PLATFORM_COLLECTION;RESTORE_SYSTEM_INDEX,False,LANDSAT/LC08/C02/T1_L2/2_LC09_136037_20250719,source-scenes-v1,2025-08-10,LANDSAT_9,LPGS_16.5.0,LPGS_16.5.0,Collection 2,da995cccde7f7be51085e025fbd87bb9ef61d78d53a7631a37562537a942d41d,landsat,abf12ab3cb32004d45e3b2039a93dfeef223ac265bfa11be18bd88ebf50fc198,LANDSAT/LC09/C02/T1_L2/LC09_136037_20250719,LC09_136037_20250719,1752898540576,2025-08-25,2025-07-26,2025
AOI-03,57ca12641709501bb5f30118c491acefed62396c209537573d7eed1d5b0cca15,LANDSAT/LC08/C02/T1_L2,2021-07-18T04:02:37.798000+00:00,final-source-scenes-r2-asset-verified,22.02,,b21c8cc7f3d4d35e1db4dfa1c8245ff10ba657c0a0a001992b552808766cc49b,REMOVE_SYNTHETIC_MERGE_PREFIX;BIND_PLATFORM_COLLECTION;RESTORE_SYSTEM_INDEX,True,LANDSAT/LC08/C02/T1_L2/1_LC08_134035_20210718,source-scenes-v1,2021-07-20,LANDSAT_8,LPGS_15.5.0,LPGS_15.5.0,Collection 2,5148c58710156ef786d4d2618c185619409eb1f5abbcada817fe884856690646,landsat,f880b9fc49bc13a6699c33b599d9db152110d1cd1af714f3a2330519199ae328,LANDSAT/LC08/C02/T1_L2/LC08_134035_20210718,LC08_134035_20210718,1626580957798,2021-08-04,2021-07-05,2021
AOI-03,57ca12641709501bb5f30118c491acefed62396c209537573d7eed1d5b0cca15,LANDSAT/LC08/C02/T1_L2,2021-08-19T04:02:51.697000+00:00,final-source-scenes-r2-asset-verified,21.67,OUTSIDE_NOMINAL_WINDOW,b21c8cc7f3d4d35e1db4dfa1c8245ff10ba657c0a0a001992b552808766cc49b,REMOVE_SYNTHETIC_MERGE_PREFIX;BIND_PLATFORM_COLLECTION;RESTORE_SYSTEM_INDEX,False,LANDSAT/LC08/C02/T1_L2/1_LC08_134035_20210819,source-scenes-v1,2021-07-20,LANDSAT_8,LPGS_15.5.0,LPGS_15.5.0,Collection 2,5148c58710156ef786d4d2618c185619409eb1f5abbcada817fe884856690646,landsat,f880b9fc49bc13a6699c33b599d9db152110d1cd1af714f3a2330519199ae328,LANDSAT/LC08/C02/T1_L2/LC08_134035_20210819,LC08_134035_20210819,1629345771697,2021-08-04,2021-07-05,2021
AOI-03,57ca12641709501bb5f30118c491acefed62396c209537573d7eed1d5b0cca15,LANDSAT/LC08/C02/T1_L2,2021-07-18T04:03:01.689000+00:00,final-source-scenes-r2-asset-verified,11.39,,b21c8cc7f3d4d35e1db4dfa1c8245ff10ba657c0a0a001992b552808766cc49b,REMOVE_SYNTHETIC_MERGE_PREFIX;BIND_PLATFORM_COLLECTION;RESTORE_SYSTEM_INDEX,True,LANDSAT/LC08/C02/T1_L2/1_LC08_134036_20210718,source-scenes-v1,2021-07-20,LANDSAT_8,LPGS_15.5.0,LPGS_15.5.0,Collection 2,5148c58710156ef786d4d2618c185619409eb1f5abbcada817fe884856690646,landsat,f880b9fc49bc13a6699c33b599d9db152110d1cd1af714f3a2330519199ae328,LANDSAT/LC08/C02/T1_L2/LC08_134036_20210718,LC08_134036_20210718,1626580981689,2021-08-04,2021-07-05,2021
AOI-03,57ca12641709501bb5f30118c491acefed62396c209537573d7eed1d5b0cca15,LANDSAT/LC08/C02/T1_L2,2021-08-19T04:03:15.584000+00:00,final-source-scenes-r2-asset-verified,70.92,OUTSIDE_NOMINAL_WINDOW,b21c8cc7f3d4d35e1db4dfa1c8245ff10ba657c0a0a001992b552808766cc49b,REMOVE_SYNTHETIC_MERGE_PREFIX;BIND_PLATFORM_COLLECTION;RESTORE_SYSTEM_INDEX,False,LANDSAT/LC08/C02/T1_L2/1_LC08_134036_20210819,source-scenes-v1,2021-07-20,LANDSAT_8,LPGS_15.5.0,LPGS_15.5.0,Collection 2,5148c58710156ef786d4d2618c185619409eb1f5abbcada817fe884856690646,landsat,f880b9fc49bc13a6699c33b599d9db152110d1cd1af714f3a2330519199ae328,LANDSAT/LC08/C02/T1_L2/LC08_134036_20210819,LC08_134036_20210819,1629345795584,2021-08-04,2021-07-05,2021
AOI-03,57ca12641709501bb5f30118c491acefed62396c209537573d7eed1d5b0cca15,LANDSAT/LC08/C02/T1_L2,2021-08-10T04:08:59.693000+00:00,final-source-scenes-r2-asset-verified,41.6,OUTSIDE_NOMINAL_WINDOW,b21c8cc7f3d4d35e1db4dfa1c8245ff10ba657c0a0a001992b552808766cc49b,REMOVE_SYNTHETIC_MERGE_PREFIX;BIND_PLATFORM_COLLECTION;RESTORE_SYSTEM_INDEX,False,LANDSAT/LC08/C02/T1_L2/1_LC08_135035_20210810,source-scenes-v1,2021-07-20,LANDSAT_8,LPGS_15.5.0,LPGS_15.5.0,Collection 2,5148c58710156ef786d4d2618c185619409eb1f5abbcada817fe884856690646,landsat,f880b9fc49bc13a6699c33b599d9db152110d1cd1af714f3a2330519199ae328,LANDSAT/LC08/C02/T1_L2/LC08_135035_20210810,LC08_135035_20210810,1628568539693,2021-08-04,2021-07-05,2021
AOI-03,57ca12641709501bb5f30118c491acefed62396c209537573d7eed1d5b0cca15,LANDSAT/LC08/C02/T1_L2,2021-07-18T04:02:37.798000+00:00,final-source-scenes-r2-asset-verified,22.02,,b21c8cc7f3d4d35e1db4dfa1c8245ff10ba657c0a0a001992b552808766cc49b,REMOVE_SYNTHETIC_MERGE_PREFIX;BIND_PLATFORM_COLLECTION;RESTORE_SYSTEM_INDEX,True,LANDSAT/LC08/C02/T1_L2/1_LC08_134035_20210718,source-scenes-v1,2021-07-31,LANDSAT_8,LPGS_15.5.0,LPGS_15.5.0,Collection 2,fec5ddd65e9fd2ae6fbfcdfc1b74f2e1b0d9db8b26f870767d94657a1dc06e46,landsat,86c4c1984396a637a055f1496bcbb762f9b1fff0d1ec92a8bde188800013b5e5,LANDSAT/LC08/C02/T1_L2/LC08_134035_20210718,LC08_134035_20210718,1626580957798,2021-08-15,2021-07-16,2021
AOI-03,57ca12641709501bb5f30118c491acefed62396c209537573d7eed1d5b0cca15,LANDSAT/LC08/C02/T1_L2,2021-08-19T04:02:51.697000+00:00,final-source-scenes-r2-asset-verified,21.67,OUTSIDE_NOMINAL_WINDOW,b21c8cc7f3d4d35e1db4dfa1c8245ff10ba657c0a0a001992b552808766cc49b,REMOVE_SYNTHETIC_MERGE_PREFIX;BIND_PLATFORM_COLLECTION;RESTORE_SYSTEM_INDEX,False,LANDSAT/LC08/C02/T1_L2/1_LC08_134035_20210819,source-scenes-v1,2021-07-31,LANDSAT_8,LPGS_15.5.0,LPGS_15.5.0,Collection 2,fec5ddd65e9fd2ae6fbfcdfc1b74f2e1b0d9db8b26f870767d94657a1dc06e46,landsat,86c4c1984396a637a055f1496bcbb762f9b1fff0d1ec92a8bde188800013b5e5,LANDSAT/LC08/C02/T1_L2/LC08_134035_20210819,LC08_134035_20210819,1629345771697,2021-08-15,2021-07-16,2021
AOI-03,57ca12641709501bb5f30118c491acefed62396c209537573d7eed1d5b0cca15,LANDSAT/LC08/C02/T1_L2,2021-07-18T04:03:01.689000+00:00,final-source-scenes-r2-asset-verified,11.39,,b21c8cc7f3d4d35e1db4dfa1c8245ff10ba657c0a0a001992b552808766cc49b,REMOVE_SYNTHETIC_MERGE_PREFIX;BIND_PLATFORM_COLLECTION;RESTORE_SYSTEM_INDEX,True,LANDSAT/LC08/C02/T1_L2/1_LC08_134036_20210718,source-scenes-v1,2021-07-31,LANDSAT_8,LPGS_15.5.0,LPGS_15.5.0,Collection 2,fec5ddd65e9fd2ae6fbfcdfc1b74f2e1b0d9db8b26f870767d94657a1dc06e46,landsat,86c4c1984396a637a055f1496bcbb762f9b1fff0d1ec92a8bde188800013b5e5,LANDSAT/LC08/C02/T1_L2/LC08_134036_20210718,LC08_134036_20210718,1626580981689,2021-08-15,2021-07-16,2021
AOI-03,57ca12641709501bb5f30118c491acefed62396c209537573d7eed1d5b0cca15,LANDSAT/LC08/C02/T1_L2,2021-08-19T04:03:15.584000+00:00,final-source-scenes-r2-asset-verified,70.92,OUTSIDE_NOMINAL_WINDOW,b21c8cc7f3d4d35e1db4dfa1c8245ff10ba657c0a0a001992b552808766cc49b,REMOVE_SYNTHETIC_MERGE_PREFIX;BIND_PLATFORM_COLLECTION;RESTORE_SYSTEM_INDEX,False,LANDSAT/LC08/C02/T1_L2/1_LC08_134036_20210819,source-scenes-v1,2021-07-31,LANDSAT_8,LPGS_15.5.0,LPGS_15.5.0,Collection 2,fec5ddd65e9fd2ae6fbfcdfc1b74f2e1b0d9db8b26f870767d94657a1dc06e46,landsat,86c4c1984396a637a055f1496bcbb762f9b1fff0d1ec92a8bde188800013b5e5,LANDSAT/LC08/C02/T1_L2/LC08_134036_20210819,LC08_134036_20210819,1629345795584,2021-08-15,2021-07-16,2021
AOI-03,57ca12641709501bb5f30118c491acefed62396c209537573d7eed1d5b0cca15,LANDSAT/LC08/C02/T1_L2,2021-08-10T04:08:59.693000+00:00,final-source-scenes-r2-asset-verified,41.6,,b21c8cc7f3d4d35e1db4dfa1c8245ff10ba657c0a0a001992b552808766cc49b,REMOVE_SYNTHETIC_MERGE_PREFIX;BIND_PLATFORM_COLLECTION;RESTORE_SYSTEM_INDEX,True,LANDSAT/LC08/C02/T1_L2/1_LC08_135035_20210810,source-scenes-v1,2021-07-31,LANDSAT_8,LPGS_15.5.0,LPGS_15.5.0,Collection 2,fec5ddd65e9fd2ae6fbfcdfc1b74f2e1b0d9db8b26f870767d94657a1dc06e46,landsat,86c4c1984396a637a055f1496bcbb762f9b1fff0d1ec92a8bde188800013b5e5,LANDSAT/LC08/C02/T1_L2/LC08_135035_20210810,LC08_135035_20210810,1628568539693,2021-08-15,2021-07-16,2021
AOI-03,57ca12641709501bb5f30118c491acefed62396c209537573d7eed1d5b0cca15,LANDSAT/LC08/C02/T1_L2,2021-07-18T04:02:37.798000+00:00,final-source-scenes-r2-asset-verified,22.02,OUTSIDE_NOMINAL_WINDOW,b21c8cc7f3d4d35e1db4dfa1c8245ff10ba657c0a0a001992b552808766cc49b,REMOVE_SYNTHETIC_MERGE_PREFIX;BIND_PLATFORM_COLLECTION;RESTORE_SYSTEM_INDEX,False,LANDSAT/LC08/C02/T1_L2/1_LC08_134035_20210718,source-scenes-v1,2021-08-10,LANDSAT_8,LPGS_15.5.0,LPGS_15.5.0,Collection 2,1bb65cd936981553c919d9b5aeb0ea3b76451aefaaf758788a3136c2954376a9,landsat,43927a968b2fb299e864fcd715860b991e59bf77ea518fbd05be625472f8a2b2,LANDSAT/LC08/C02/T1_L2/LC08_134035_20210718,LC08_134035_20210718,1626580957798,2021-08-25,2021-07-26,2021
AOI-03,57ca12641709501bb5f30118c491acefed62396c209537573d7eed1d5b0cca15,LANDSAT/LC08/C02/T1_L2,2021-08-19T04:02:51.697000+00:00,final-source-scenes-r2-asset-verified,21.67,,b21c8cc7f3d4d35e1db4dfa1c8245ff10ba657c0a0a001992b552808766cc49b,REMOVE_SYNTHETIC_MERGE_PREFIX;BIND_PLATFORM_COLLECTION;RESTORE_SYSTEM_INDEX,True,LANDSAT/LC08/C02/T1_L2/1_LC08_134035_20210819,source-scenes-v1,2021-08-10,LANDSAT_8,LPGS_15.5.0,LPGS_15.5.0,Collection 2,1bb65cd936981553c919d9b5aeb0ea3b76451aefaaf758788a3136c2954376a9,landsat,43927a968b2fb299e864fcd715860b991e59bf77ea518fbd05be625472f8a2b2,LANDSAT/LC08/C02/T1_L2/LC08_134035_20210819,LC08_134035_20210819,1629345771697,2021-08-25,2021-07-26,2021
AOI-03,57ca12641709501bb5f30118c491acefed62396c209537573d7eed1d5b0cca15,LANDSAT/LC08/C02/T1_L2,2021-07-18T04:03:01.689000+00:00,final-source-scenes-r2-asset-verified,11.39,OUTSIDE_NOMINAL_WINDOW,b21c8cc7f3d4d35e1db4dfa1c8245ff10ba657c0a0a001992b552808766cc49b,REMOVE_SYNTHETIC_MERGE_PREFIX;BIND_PLATFORM_COLLECTION;RESTORE_SYSTEM_INDEX,False,LANDSAT/LC08/C02/T1_L2/1_LC08_134036_20210718,source-scenes-v1,2021-08-10,LANDSAT_8,LPGS_15.5.0,LPGS_15.5.0,Collection 2,1bb65cd936981553c919d9b5aeb0ea3b76451aefaaf758788a3136c2954376a9,landsat,43927a968b2fb299e864fcd715860b991e59bf77ea518fbd05be625472f8a2b2,LANDSAT/LC08/C02/T1_L2/LC08_134036_20210718,LC08_134036_20210718,1626580981689,2021-08-25,2021-07-26,2021
AOI-03,57ca12641709501bb5f30118c491acefed62396c209537573d7eed1d5b0cca15,LANDSAT/LC08/C02/T1_L2,2021-08-19T04:03:15.584000+00:00,final-source-scenes-r2-asset-verified,70.92,,b21c8cc7f3d4d35e1db4dfa1c8245ff10ba657c0a0a001992b552808766cc49b,REMOVE_SYNTHETIC_MERGE_PREFIX;BIND_PLATFORM_COLLECTION;RESTORE_SYSTEM_INDEX,True,LANDSAT/LC08/C02/T1_L2/1_LC08_134036_20210819,source-scenes-v1,2021-08-10,LANDSAT_8,LPGS_15.5.0,LPGS_15.5.0,Collection 2,1bb65cd936981553c919d9b5aeb0ea3b76451aefaaf758788a3136c2954376a9,landsat,43927a968b2fb299e864fcd715860b991e59bf77ea518fbd05be625472f8a2b2,LANDSAT/LC08/C02/T1_L2/LC08_134036_20210819,LC08_134036_20210819,1629345795584,2021-08-25,2021-07-26,2021
AOI-03,57ca12641709501bb5f30118c491acefed62396c209537573d7eed1d5b0cca15,LANDSAT/LC08/C02/T1_L2,2021-08-10T04:08:59.693000+00:00,final-source-scenes-r2-asset-verified,41.6,,b21c8cc7f3d4d35e1db4dfa1c8245ff10ba657c0a0a001992b552808766cc49b,REMOVE_SYNTHETIC_MERGE_PREFIX;BIND_PLATFORM_COLLECTION;RESTORE_SYSTEM_INDEX,True,LANDSAT/LC08/C02/T1_L2/1_LC08_135035_20210810,source-scenes-v1,2021-08-10,LANDSAT_8,LPGS_15.5.0,LPGS_15.5.0,Collection 2,1bb65cd936981553c919d9b5aeb0ea3b76451aefaaf758788a3136c2954376a9,landsat,43927a968b2fb299e864fcd715860b991e59bf77ea518fbd05be625472f8a2b2,LANDSAT/LC08/C02/T1_L2/LC08_135035_20210810,LC08_135035_20210810,1628568539693,2021-08-25,2021-07-26,2021
AOI-03,57ca12641709501bb5f30118c491acefed62396c209537573d7eed1d5b0cca15,LANDSAT/LC08/C02/T1_L2,2022-07-05T04:02:56.518000+00:00,final-source-scenes-r2-asset-verified,5.19,,b21c8cc7f3d4d35e1db4dfa1c8245ff10ba657c0a0a001992b552808766cc49b,REMOVE_SYNTHETIC_MERGE_PREFIX;BIND_PLATFORM_COLLECTION;RESTORE_SYSTEM_INDEX,True,LANDSAT/LC08/C02/T1_L2/1_LC08_134035_20220705,source-scenes-v1,2022-07-20,LANDSAT_8,LPGS_16.1.0,LPGS_16.1.0,Collection 2,0d91727fb9de17ab13e818a95caa3ca722a17e0b20faa61d9205df4e5cb680cc,landsat,dd44455c9733a8329f19c6b46725857d1d76f889ef73b61d2b0833163bd9a605,LANDSAT/LC08/C02/T1_L2/LC08_134035_20220705,LC08_134035_20220705,1656993776518,2022-08-04,2022-07-05,2022
AOI-03,57ca12641709501bb5f30118c491acefed62396c209537573d7eed1d5b0cca15,LANDSAT/LC08/C02/T1_L2,2022-07-21T04:02:59.732000+00:00,final-source-scenes-r2-asset-verified,65.16,,b21c8cc7f3d4d35e1db4dfa1c8245ff10ba657c0a0a001992b552808766cc49b,REMOVE_SYNTHETIC_MERGE_PREFIX;BIND_PLATFORM_COLLECTION;RESTORE_SYSTEM_INDEX,True,LANDSAT/LC08/C02/T1_L2/1_LC08_134035_20220721,source-scenes-v1,2022-07-20,LANDSAT_8,LPGS_16.1.0,LPGS_16.1.0,Collection 2,0d91727fb9de17ab13e818a95caa3ca722a17e0b20faa61d9205df4e5cb680cc,landsat,dd44455c9733a8329f19c6b46725857d1d76f889ef73b61d2b0833163bd9a605,LANDSAT/LC08/C02/T1_L2/LC08_134035_20220721,LC08_134035_20220721,1658376179732,2022-08-04,2022-07-05,2022
AOI-03,57ca12641709501bb5f30118c491acefed62396c209537573d7eed1d5b0cca15,LANDSAT/LC08/C02/T1_L2,2022-08-06T04:03:09.947000+00:00,final-source-scenes-r2-asset-verified,14.81,OUTSIDE_NOMINAL_WINDOW,b21c8cc7f3d4d35e1db4dfa1c8245ff10ba657c0a0a001992b552808766cc49b,REMOVE_SYNTHETIC_MERGE_PREFIX;BIND_PLATFORM_COLLECTION;RESTORE_SYSTEM_INDEX,False,LANDSAT/LC08/C02/T1_L2/1_LC08_134035_20220806,source-scenes-v1,2022-07-20,LANDSAT_8,LPGS_16.1.0,LPGS_16.1.0,Collection 2,0d91727fb9de17ab13e818a95caa3ca722a17e0b20faa61d9205df4e5cb680cc,landsat,dd44455c9733a8329f19c6b46725857d1d76f889ef73b61d2b0833163bd9a605,LANDSAT/LC08/C02/T1_L2/LC08_134035_20220806,LC08_134035_20220806,1659758589947,2022-08-04,2022-07-05,2022
AOI-03,57ca12641709501bb5f30118c491acefed62396c209537573d7eed1d5b0cca15,LANDSAT/LC08/C02/T1_L2,2022-08-22T04:03:14.067000+00:00,final-source-scenes-r2-asset-verified,12.13,OUTSIDE_NOMINAL_WINDOW,b21c8cc7f3d4d35e1db4dfa1c8245ff10ba657c0a0a001992b552808766cc49b,REMOVE_SYNTHETIC_MERGE_PREFIX;BIND_PLATFORM_COLLECTION;RESTORE_SYSTEM_INDEX,False,LANDSAT/LC08/C02/T1_L2/1_LC08_134035_20220822,source-scenes-v1,2022-07-20,LANDSAT_8,LPGS_16.1.0,LPGS_16.1.0,Collection 2,0d91727fb9de17ab13e818a95caa3ca722a17e0b20faa61d9205df4e5cb680cc,landsat,dd44455c9733a8329f19c6b46725857d1d76f889ef73b61d2b0833163bd9a605,LANDSAT/LC08/C02/T1_L2/LC08_134035_20220822,LC08_134035_20220822,1661140994067,2022-08-04,2022-07-05,2022
AOI-03,57ca12641709501bb5f30118c491acefed62396c209537573d7eed1d5b0cca15,LANDSAT/LC08/C02/T1_L2,2022-07-05T04:03:20.405000+00:00,final-source-scenes-r2-asset-verified,8.42,,b21c8cc7f3d4d35e1db4dfa1c8245ff10ba657c0a0a001992b552808766cc49b,REMOVE_SYNTHETIC_MERGE_PREFIX;BIND_PLATFORM_COLLECTION;RESTORE_SYSTEM_INDEX,True,LANDSAT/LC08/C02/T1_L2/1_LC08_134036_20220705,source-scenes-v1,2022-07-20,LANDSAT_8,LPGS_16.1.0,LPGS_16.1.0,Collection 2,0d91727fb9de17ab13e818a95caa3ca722a17e0b20faa61d9205df4e5cb680cc,landsat,dd44455c9733a8329f19c6b46725857d1d76f889ef73b61d2b0833163bd9a605,LANDSAT/LC08/C02/T1_L2/LC08_134036_20220705,LC08_134036_20220705,1656993800405,2022-08-04,2022-07-05,2022
AOI-03,57ca12641709501bb5f30118c491acefed62396c209537573d7eed1d5b0cca15,LANDSAT/LC08/C02/T1_L2,2022-08-06T04:03:33.842000+00:00,final-source-scenes-r2-asset-verified,11.63,OUTSIDE_NOMINAL_WINDOW,b21c8cc7f3d4d35e1db4dfa1c8245ff10ba657c0a0a001992b552808766cc49b,REMOVE_SYNTHETIC_MERGE_PREFIX;BIND_PLATFORM_COLLECTION;RESTORE_SYSTEM_INDEX,False,LANDSAT/LC08/C02/T1_L2/1_LC08_134036_20220806,source-scenes-v1,2022-07-20,LANDSAT_8,LPGS_16.1.0,LPGS_16.1.0,Collection 2,0d91727fb9de17ab13e818a95caa3ca722a17e0b20faa61d9205df4e5cb680cc,landsat,dd44455c9733a8329f19c6b46725857d1d76f889ef73b61d2b0833163bd9a605,LANDSAT/LC08/C02/T1_L2/LC08_134036_20220806,LC08_134036_20220806,1659758613842,2022-08-04,2022-07-05,2022
AOI-03,57ca12641709501bb5f30118c491acefed62396c209537573d7eed1d5b0cca15,LANDSAT/LC08/C02/T1_L2,2022-08-22T04:03:37.954000+00:00,final-source-scenes-r2-asset-verified,8.33,OUTSIDE_NOMINAL_WINDOW,b21c8cc7f3d4d35e1db4dfa1c8245ff10ba657c0a0a001992b552808766cc49b,REMOVE_SYNTHETIC_MERGE_PREFIX;BIND_PLATFORM_COLLECTION;RESTORE_SYSTEM_INDEX,False,LANDSAT/LC08/C02/T1_L2/1_LC08_134036_20220822,source-scenes-v1,2022-07-20,LANDSAT_8,LPGS_16.1.0,LPGS_16.1.0,Collection 2,0d91727fb9de17ab13e818a95caa3ca722a17e0b20faa61d9205df4e5cb680cc,landsat,dd44455c9733a8329f19c6b46725857d1d76f889ef73b61d2b0833163bd9a605,LANDSAT/LC08/C02/T1_L2/LC08_134036_20220822,LC08_134036_20220822,1661141017954,2022-08-04,2022-07-05,2022
AOI-03,57ca12641709501bb5f30118c491acefed62396c209537573d7eed1d5b0cca15,LANDSAT/LC08/C02/T1_L2,2022-07-12T04:09:06.389000+00:00,final-source-scenes-r2-asset-verified,17.11,,b21c8cc7f3d4d35e1db4dfa1c8245ff10ba657c0a0a001992b552808766cc49b,REMOVE_SYNTHETIC_MERGE_PREFIX;BIND_PLATFORM_COLLECTION;RESTORE_SYSTEM_INDEX,True,LANDSAT/LC08/C02/T1_L2/1_LC08_135035_20220712,source-scenes-v1,2022-07-20,LANDSAT_8,LPGS_16.1.0,LPGS_16.1.0,Collection 2,0d91727fb9de17ab13e818a95caa3ca722a17e0b20faa61d9205df4e5cb680cc,landsat,dd44455c9733a8329f19c6b46725857d1d76f889ef73b61d2b0833163bd9a605,LANDSAT/LC08/C02/T1_L2/LC08_135035_20220712,LC08_135035_20220712,1657598946389,2022-08-04,2022-07-05,2022
AOI-03,57ca12641709501bb5f30118c491acefed62396c209537573d7eed1d5b0cca15,LANDSAT/LC08/C02/T1_L2,2022-07-28T04:09:15.673000+00:00,final-source-scenes-r2-asset-verified,30.01,,b21c8cc7f3d4d35e1db4dfa1c8245ff10ba657c0a0a001992b552808766cc49b,REMOVE_SYNTHETIC_MERGE_PREFIX;BIND_PLATFORM_COLLECTION;RESTORE_SYSTEM_INDEX,True,LANDSAT/LC08/C02/T1_L2/1_LC08_135035_20220728,source-scenes-v1,2022-07-20,LANDSAT_8,LPGS_16.1.0,LPGS_16.1.0,Collection 2,0d91727fb9de17ab13e818a95caa3ca722a17e0b20faa61d9205df4e5cb680cc,landsat,dd44455c9733a8329f19c6b46725857d1d76f889ef73b61d2b0833163bd9a605,LANDSAT/LC08/C02/T1_L2/LC08_135035_20220728,LC08_135035_20220728,1658981355673,2022-08-04,2022-07-05,2022
AOI-03,57ca12641709501bb5f30118c491acefed62396c209537573d7eed1d5b0cca15,LANDSAT/LC09/C02/T1_L2,2022-07-29T04:02:43.537000+00:00,final-source-scenes-r2-asset-verified,2.15,,b21c8cc7f3d4d35e1db4dfa1c8245ff10ba657c0a0a001992b552808766cc49b,REMOVE_SYNTHETIC_MERGE_PREFIX;BIND_PLATFORM_COLLECTION;RESTORE_SYSTEM_INDEX,True,LANDSAT/LC08/C02/T1_L2/2_LC09_134035_20220729,source-scenes-v1,2022-07-20,LANDSAT_9,LPGS_16.2.0,LPGS_16.2.0,Collection 2,0d91727fb9de17ab13e818a95caa3ca722a17e0b20faa61d9205df4e5cb680cc,landsat,dd44455c9733a8329f19c6b46725857d1d76f889ef73b61d2b0833163bd9a605,LANDSAT/LC09/C02/T1_L2/LC09_134035_20220729,LC09_134035_20220729,1659067363537,2022-08-04,2022-07-05,2022
AOI-03,57ca12641709501bb5f30118c491acefed62396c209537573d7eed1d5b0cca15,LANDSAT/LC09/C02/T1_L2,2022-07-29T04:03:07.432000+00:00,final-source-scenes-r2-asset-verified,33.38,,b21c8cc7f3d4d35e1db4dfa1c8245ff10ba657c0a0a001992b552808766cc49b,REMOVE_SYNTHETIC_MERGE_PREFIX;BIND_PLATFORM_COLLECTION;RESTORE_SYSTEM_INDEX,True,LANDSAT/LC08/C02/T1_L2/2_LC09_134036_20220729,source-scenes-v1,2022-07-20,LANDSAT_9,LPGS_16.2.0,LPGS_16.2.0,Collection 2,0d91727fb9de17ab13e818a95caa3ca722a17e0b20faa61d9205df4e5cb680cc,landsat,dd44455c9733a8329f19c6b46725857d1d76f889ef73b61d2b0833163bd9a605,LANDSAT/LC09/C02/T1_L2/LC09_134036_20220729,LC09_134036_20220729,1659067387432,2022-08-04,2022-07-05,2022
AOI-03,57ca12641709501bb5f30118c491acefed62396c209537573d7eed1d5b0cca15,LANDSAT/LC09/C02/T1_L2,2022-08-14T04:03:17.140000+00:00,final-source-scenes-r2-asset-verified,62.62,OUTSIDE_NOMINAL_WINDOW,b21c8cc7f3d4d35e1db4dfa1c8245ff10ba657c0a0a001992b552808766cc49b,REMOVE_SYNTHETIC_MERGE_PREFIX;BIND_PLATFORM_COLLECTION;RESTORE_SYSTEM_INDEX,False,LANDSAT/LC08/C02/T1_L2/2_LC09_134036_20220814,source-scenes-v1,2022-07-20,LANDSAT_9,LPGS_16.2.0,LPGS_16.2.0,Collection 2,0d91727fb9de17ab13e818a95caa3ca722a17e0b20faa61d9205df4e5cb680cc,landsat,dd44455c9733a8329f19c6b46725857d1d76f889ef73b61d2b0833163bd9a605,LANDSAT/LC09/C02/T1_L2/LC09_134036_20220814,LC09_134036_20220814,1660449797140,2022-08-04,2022-07-05,2022
AOI-03,57ca12641709501bb5f30118c491acefed62396c209537573d7eed1d5b0cca15,LANDSAT/LC09/C02/T1_L2,2022-07-20T04:08:46.326000+00:00,final-source-scenes-r2-asset-verified,7.75,,b21c8cc7f3d4d35e1db4dfa1c8245ff10ba657c0a0a001992b552808766cc49b,REMOVE_SYNTHETIC_MERGE_PREFIX;BIND_PLATFORM_COLLECTION;RESTORE_SYSTEM_INDEX,True,LANDSAT/LC08/C02/T1_L2/2_LC09_135035_20220720,source-scenes-v1,2022-07-20,LANDSAT_9,LPGS_16.2.0,LPGS_16.2.0,Collection 2,0d91727fb9de17ab13e818a95caa3ca722a17e0b20faa61d9205df4e5cb680cc,landsat,dd44455c9733a8329f19c6b46725857d1d76f889ef73b61d2b0833163bd9a605,LANDSAT/LC09/C02/T1_L2/LC09_135035_20220720,LC09_135035_20220720,1658290126326,2022-08-04,2022-07-05,2022
AOI-03,57ca12641709501bb5f30118c491acefed62396c209537573d7eed1d5b0cca15,LANDSAT/LC09/C02/T1_L2,2022-08-05T04:08:59.359000+00:00,final-source-scenes-r2-asset-verified,2.78,OUTSIDE_NOMINAL_WINDOW,b21c8cc7f3d4d35e1db4dfa1c8245ff10ba657c0a0a001992b552808766cc49b,REMOVE_SYNTHETIC_MERGE_PREFIX;BIND_PLATFORM_COLLECTION;RESTORE_SYSTEM_INDEX,False,LANDSAT/LC08/C02/T1_L2/2_LC09_135035_20220805,source-scenes-v1,2022-07-20,LANDSAT_9,LPGS_16.2.0,LPGS_16.2.0,Collection 2,0d91727fb9de17ab13e818a95caa3ca722a17e0b20faa61d9205df4e5cb680cc,landsat,dd44455c9733a8329f19c6b46725857d1d76f889ef73b61d2b0833163bd9a605,LANDSAT/LC09/C02/T1_L2/LC09_135035_20220805,LC09_135035_20220805,1659672539359,2022-08-04,2022-07-05,2022
AOI-03,57ca12641709501bb5f30118c491acefed62396c209537573d7eed1d5b0cca15,LANDSAT/LC09/C02/T1_L2,2022-08-21T04:09:06.016000+00:00,final-source-scenes-r2-asset-verified,42.52,OUTSIDE_NOMINAL_WINDOW,b21c8cc7f3d4d35e1db4dfa1c8245ff10ba657c0a0a001992b552808766cc49b,REMOVE_SYNTHETIC_MERGE_PREFIX;BIND_PLATFORM_COLLECTION;RESTORE_SYSTEM_INDEX,False,LANDSAT/LC08/C02/T1_L2/2_LC09_135035_20220821,source-scenes-v1,2022-07-20,LANDSAT_9,LPGS_16.2.0,LPGS_16.2.0,Collection 2,0d91727fb9de17ab13e818a95caa3ca722a17e0b20faa61d9205df4e5cb680cc,landsat,dd44455c9733a8329f19c6b46725857d1d76f889ef73b61d2b0833163bd9a605,LANDSAT/LC09/C02/T1_L2/LC09_135035_20220821,LC09_135035_20220821,1661054946016,2022-08-04,2022-07-05,2022
AOI-03,57ca12641709501bb5f30118c491acefed62396c209537573d7eed1d5b0cca15,LANDSAT/LC08/C02/T1_L2,2022-07-05T04:02:56.518000+00:00,final-source-scenes-r2-asset-verified,5.19,OUTSIDE_NOMINAL_WINDOW,b21c8cc7f3d4d35e1db4dfa1c8245ff10ba657c0a0a001992b552808766cc49b,REMOVE_SYNTHETIC_MERGE_PREFIX;BIND_PLATFORM_COLLECTION;RESTORE_SYSTEM_INDEX,False,LANDSAT/LC08/C02/T1_L2/1_LC08_134035_20220705,source-scenes-v1,2022-07-31,LANDSAT_8,LPGS_16.1.0,LPGS_16.1.0,Collection 2,b9df3b82637235773cbcf9b2daccd0f01fbd9c7ad063be0182a4f409e2286bde,landsat,a8d279c107d97f42ba96a6d7af2c44f0813e11940009a49397c2942705274e10,LANDSAT/LC08/C02/T1_L2/LC08_134035_20220705,LC08_134035_20220705,1656993776518,2022-08-15,2022-07-16,2022
AOI-03,57ca12641709501bb5f30118c491acefed62396c209537573d7eed1d5b0cca15,LANDSAT/LC08/C02/T1_L2,2022-07-21T04:02:59.732000+00:00,final-source-scenes-r2-asset-verified,65.16,,b21c8cc7f3d4d35e1db4dfa1c8245ff10ba657c0a0a001992b552808766cc49b,REMOVE_SYNTHETIC_MERGE_PREFIX;BIND_PLATFORM_COLLECTION;RESTORE_SYSTEM_INDEX,True,LANDSAT/LC08/C02/T1_L2/1_LC08_134035_20220721,source-scenes-v1,2022-07-31,LANDSAT_8,LPGS_16.1.0,LPGS_16.1.0,Collection 2,b9df3b82637235773cbcf9b2daccd0f01fbd9c7ad063be0182a4f409e2286bde,landsat,a8d279c107d97f42ba96a6d7af2c44f0813e11940009a49397c2942705274e10,LANDSAT/LC08/C02/T1_L2/LC08_134035_20220721,LC08_134035_20220721,1658376179732,2022-08-15,2022-07-16,2022
AOI-03,57ca12641709501bb5f30118c491acefed62396c209537573d7eed1d5b0cca15,LANDSAT/LC08/C02/T1_L2,2022-08-06T04:03:09.947000+00:00,final-source-scenes-r2-asset-verified,14.81,,b21c8cc7f3d4d35e1db4dfa1c8245ff10ba657c0a0a001992b552808766cc49b,REMOVE_SYNTHETIC_MERGE_PREFIX;BIND_PLATFORM_COLLECTION;RESTORE_SYSTEM_INDEX,True,LANDSAT/LC08/C02/T1_L2/1_LC08_134035_20220806,source-scenes-v1,2022-07-31,LANDSAT_8,LPGS_16.1.0,LPGS_16.1.0,Collection 2,b9df3b82637235773cbcf9b2daccd0f01fbd9c7ad063be0182a4f409e2286bde,landsat,a8d279c107d97f42ba96a6d7af2c44f0813e11940009a49397c2942705274e10,LANDSAT/LC08/C02/T1_L2/LC08_134035_20220806,LC08_134035_20220806,1659758589947,2022-08-15,2022-07-16,2022
AOI-03,57ca12641709501bb5f30118c491acefed62396c209537573d7eed1d5b0cca15,LANDSAT/LC08/C02/T1_L2,2022-08-22T04:03:14.067000+00:00,final-source-scenes-r2-asset-verified,12.13,OUTSIDE_NOMINAL_WINDOW,b21c8cc7f3d4d35e1db4dfa1c8245ff10ba657c0a0a001992b552808766cc49b,REMOVE_SYNTHETIC_MERGE_PREFIX;BIND_PLATFORM_COLLECTION;RESTORE_SYSTEM_INDEX,False,LANDSAT/LC08/C02/T1_L2/1_LC08_134035_20220822,source-scenes-v1,2022-07-31,LANDSAT_8,LPGS_16.1.0,LPGS_16.1.0,Collection 2,b9df3b82637235773cbcf9b2daccd0f01fbd9c7ad063be0182a4f409e2286bde,landsat,a8d279c107d97f42ba96a6d7af2c44f0813e11940009a49397c2942705274e10,LANDSAT/LC08/C02/T1_L2/LC08_134035_20220822,LC08_134035_20220822,1661140994067,2022-08-15,2022-07-16,2022
AOI-03,57ca12641709501bb5f30118c491acefed62396c209537573d7eed1d5b0cca15,LANDSAT/LC08/C02/T1_L2,2022-07-05T04:03:20.405000+00:00,final-source-scenes-r2-asset-verified,8.42,OUTSIDE_NOMINAL_WINDOW,b21c8cc7f3d4d35e1db4dfa1c8245ff10ba657c0a0a001992b552808766cc49b,REMOVE_SYNTHETIC_MERGE_PREFIX;BIND_PLATFORM_COLLECTION;RESTORE_SYSTEM_INDEX,False,LANDSAT/LC08/C02/T1_L2/1_LC08_134036_20220705,source-scenes-v1,2022-07-31,LANDSAT_8,LPGS_16.1.0,LPGS_16.1.0,Collection 2,b9df3b82637235773cbcf9b2daccd0f01fbd9c7ad063be0182a4f409e2286bde,landsat,a8d279c107d97f42ba96a6d7af2c44f0813e11940009a49397c2942705274e10,LANDSAT/LC08/C02/T1_L2/LC08_134036_20220705,LC08_134036_20220705,1656993800405,2022-08-15,2022-07-16,2022
AOI-03,57ca12641709501bb5f30118c491acefed62396c209537573d7eed1d5b0cca15,LANDSAT/LC08/C02/T1_L2,2022-08-06T04:03:33.842000+00:00,final-source-scenes-r2-asset-verified,11.63,,b21c8cc7f3d4d35e1db4dfa1c8245ff10ba657c0a0a001992b552808766cc49b,REMOVE_SYNTHETIC_MERGE_PREFIX;BIND_PLATFORM_COLLECTION;RESTORE_SYSTEM_INDEX,True,LANDSAT/LC08/C02/T1_L2/1_LC08_134036_20220806,source-scenes-v1,2022-07-31,LANDSAT_8,LPGS_16.1.0,LPGS_16.1.0,Collection 2,b9df3b82637235773cbcf9b2daccd0f01fbd9c7ad063be0182a4f409e2286bde,landsat,a8d279c107d97f42ba96a6d7af2c44f0813e11940009a49397c2942705274e10,LANDSAT/LC08/C02/T1_L2/LC08_134036_20220806,LC08_134036_20220806,1659758613842,2022-08-15,2022-07-16,2022
AOI-03,57ca12641709501bb5f30118c491acefed62396c209537573d7eed1d5b0cca15,LANDSAT/LC08/C02/T1_L2,2022-08-22T04:03:37.954000+00:00,final-source-scenes-r2-asset-verified,8.33,OUTSIDE_NOMINAL_WINDOW,b21c8cc7f3d4d35e1db4dfa1c8245ff10ba657c0a0a001992b552808766cc49b,REMOVE_SYNTHETIC_MERGE_PREFIX;BIND_PLATFORM_COLLECTION;RESTORE_SYSTEM_INDEX,False,LANDSAT/LC08/C02/T1_L2/1_LC08_134036_20220822,source-scenes-v1,2022-07-31,LANDSAT_8,LPGS_16.1.0,LPGS_16.1.0,Collection 2,b9df3b82637235773cbcf9b2daccd0f01fbd9c7ad063be0182a4f409e2286bde,landsat,a8d279c107d97f42ba96a6d7af2c44f0813e11940009a49397c2942705274e10,LANDSAT/LC08/C02/T1_L2/LC08_134036_20220822,LC08_134036_20220822,1661141017954,2022-08-15,2022-07-16,2022
AOI-03,57ca12641709501bb5f30118c491acefed62396c209537573d7eed1d5b0cca15,LANDSAT/LC08/C02/T1_L2,2022-07-12T04:09:06.389000+00:00,final-source-scenes-r2-asset-verified,17.11,OUTSIDE_NOMINAL_WINDOW,b21c8cc7f3d4d35e1db4dfa1c8245ff10ba657c0a0a001992b552808766cc49b,REMOVE_SYNTHETIC_MERGE_PREFIX;BIND_PLATFORM_COLLECTION;RESTORE_SYSTEM_INDEX,False,LANDSAT/LC08/C02/T1_L2/1_LC08_135035_20220712,source-scenes-v1,2022-07-31,LANDSAT_8,LPGS_16.1.0,LPGS_16.1.0,Collection 2,b9df3b82637235773cbcf9b2daccd0f01fbd9c7ad063be0182a4f409e2286bde,landsat,a8d279c107d97f42ba96a6d7af2c44f0813e11940009a49397c2942705274e10,LANDSAT/LC08/C02/T1_L2/LC08_135035_20220712,LC08_135035_20220712,1657598946389,2022-08-15,2022-07-16,2022
AOI-03,57ca12641709501bb5f30118c491acefed62396c209537573d7eed1d5b0cca15,LANDSAT/LC08/C02/T1_L2,2022-07-28T04:09:15.673000+00:00,final-source-scenes-r2-asset-verified,30.01,,b21c8cc7f3d4d35e1db4dfa1c8245ff10ba657c0a0a001992b552808766cc49b,REMOVE_SYNTHETIC_MERGE_PREFIX;BIND_PLATFORM_COLLECTION;RESTORE_SYSTEM_INDEX,True,LANDSAT/LC08/C02/T1_L2/1_LC08_135035_20220728,source-scenes-v1,2022-07-31,LANDSAT_8,LPGS_16.1.0,LPGS_16.1.0,Collection 2,b9df3b82637235773cbcf9b2daccd0f01fbd9c7ad063be0182a4f409e2286bde,landsat,a8d279c107d97f42ba96a6d7af2c44f0813e11940009a49397c2942705274e10,LANDSAT/LC08/C02/T1_L2/LC08_135035_20220728,LC08_135035_20220728,1658981355673,2022-08-15,2022-07-16,2022
AOI-03,57ca12641709501bb5f30118c491acefed62396c209537573d7eed1d5b0cca15,LANDSAT/LC09/C02/T1_L2,2022-07-29T04:02:43.537000+00:00,final-source-scenes-r2-asset-verified,2.15,,b21c8cc7f3d4d35e1db4dfa1c8245ff10ba657c0a0a001992b552808766cc49b,REMOVE_SYNTHETIC_MERGE_PREFIX;BIND_PLATFORM_COLLECTION;RESTORE_SYSTEM_INDEX,True,LANDSAT/LC08/C02/T1_L2/2_LC09_134035_20220729,source-scenes-v1,2022-07-31,LANDSAT_9,LPGS_16.2.0,LPGS_16.2.0,Collection 2,b9df3b82637235773cbcf9b2daccd0f01fbd9c7ad063be0182a4f409e2286bde,landsat,a8d279c107d97f42ba96a6d7af2c44f0813e11940009a49397c2942705274e10,LANDSAT/LC09/C02/T1_L2/LC09_134035_20220729,LC09_134035_20220729,1659067363537,2022-08-15,2022-07-16,2022
AOI-03,57ca12641709501bb5f30118c491acefed62396c209537573d7eed1d5b0cca15,LANDSAT/LC09/C02/T1_L2,2022-07-29T04:03:07.432000+00:00,final-source-scenes-r2-asset-verified,33.38,,b21c8cc7f3d4d35e1db4dfa1c8245ff10ba657c0a0a001992b552808766cc49b,REMOVE_SYNTHETIC_MERGE_PREFIX;BIND_PLATFORM_COLLECTION;RESTORE_SYSTEM_INDEX,True,LANDSAT/LC08/C02/T1_L2/2_LC09_134036_20220729,source-scenes-v1,2022-07-31,LANDSAT_9,LPGS_16.2.0,LPGS_16.2.0,Collection 2,b9df3b82637235773cbcf9b2daccd0f01fbd9c7ad063be0182a4f409e2286bde,landsat,a8d279c107d97f42ba96a6d7af2c44f0813e11940009a49397c2942705274e10,LANDSAT/LC09/C02/T1_L2/LC09_134036_20220729,LC09_134036_20220729,1659067387432,2022-08-15,2022-07-16,2022
AOI-03,57ca12641709501bb5f30118c491acefed62396c209537573d7eed1d5b0cca15,LANDSAT/LC09/C02/T1_L2,2022-08-14T04:03:17.140000+00:00,final-source-scenes-r2-asset-verified,62.62,,b21c8cc7f3d4d35e1db4dfa1c8245ff10ba657c0a0a001992b552808766cc49b,REMOVE_SYNTHETIC_MERGE_PREFIX;BIND_PLATFORM_COLLECTION;RESTORE_SYSTEM_INDEX,True,LANDSAT/LC08/C02/T1_L2/2_LC09_134036_20220814,source-scenes-v1,2022-07-31,LANDSAT_9,LPGS_16.2.0,LPGS_16.2.0,Collection 2,b9df3b82637235773cbcf9b2daccd0f01fbd9c7ad063be0182a4f409e2286bde,landsat,a8d279c107d97f42ba96a6d7af2c44f0813e11940009a49397c2942705274e10,LANDSAT/LC09/C02/T1_L2/LC09_134036_20220814,LC09_134036_20220814,1660449797140,2022-08-15,2022-07-16,2022
AOI-03,57ca12641709501bb5f30118c491acefed62396c209537573d7eed1d5b0cca15,LANDSAT/LC09/C02/T1_L2,2022-07-20T04:08:46.326000+00:00,final-source-scenes-r2-asset-verified,7.75,,b21c8cc7f3d4d35e1db4dfa1c8245ff10ba657c0a0a001992b552808766cc49b,REMOVE_SYNTHETIC_MERGE_PREFIX;BIND_PLATFORM_COLLECTION;RESTORE_SYSTEM_INDEX,True,LANDSAT/LC08/C02/T1_L2/2_LC09_135035_20220720,source-scenes-v1,2022-07-31,LANDSAT_9,LPGS_16.2.0,LPGS_16.2.0,Collection 2,b9df3b82637235773cbcf9b2daccd0f01fbd9c7ad063be0182a4f409e2286bde,landsat,a8d279c107d97f42ba96a6d7af2c44f0813e11940009a49397c2942705274e10,LANDSAT/LC09/C02/T1_L2/LC09_135035_20220720,LC09_135035_20220720,1658290126326,2022-08-15,2022-07-16,2022
AOI-03,57ca12641709501bb5f30118c491acefed62396c209537573d7eed1d5b0cca15,LANDSAT/LC09/C02/T1_L2,2022-08-05T04:08:59.359000+00:00,final-source-scenes-r2-asset-verified,2.78,,b21c8cc7f3d4d35e1db4dfa1c8245ff10ba657c0a0a001992b552808766cc49b,REMOVE_SYNTHETIC_MERGE_PREFIX;BIND_PLATFORM_COLLECTION;RESTORE_SYSTEM_INDEX,True,LANDSAT/LC08/C02/T1_L2/2_LC09_135035_20220805,source-scenes-v1,2022-07-31,LANDSAT_9,LPGS_16.2.0,LPGS_16.2.0,Collection 2,b9df3b82637235773cbcf9b2daccd0f01fbd9c7ad063be0182a4f409e2286bde,landsat,a8d279c107d97f42ba96a6d7af2c44f0813e11940009a49397c2942705274e10,LANDSAT/LC09/C02/T1_L2/LC09_135035_20220805,LC09_135035_20220805,1659672539359,2022-08-15,2022-07-16,2022
AOI-03,57ca12641709501bb5f30118c491acefed62396c209537573d7eed1d5b0cca15,LANDSAT/LC09/C02/T1_L2,2022-08-21T04:09:06.016000+00:00,final-source-scenes-r2-asset-verified,42.52,OUTSIDE_NOMINAL_WINDOW,b21c8cc7f3d4d35e1db4dfa1c8245ff10ba657c0a0a001992b552808766cc49b,REMOVE_SYNTHETIC_MERGE_PREFIX;BIND_PLATFORM_COLLECTION;RESTORE_SYSTEM_INDEX,False,LANDSAT/LC08/C02/T1_L2/2_LC09_135035_20220821,source-scenes-v1,2022-07-31,LANDSAT_9,LPGS_16.2.0,LPGS_16.2.0,Collection 2,b9df3b82637235773cbcf9b2daccd0f01fbd9c7ad063be0182a4f409e2286bde,landsat,a8d279c107d97f42ba96a6d7af2c44f0813e11940009a49397c2942705274e10,LANDSAT/LC09/C02/T1_L2/LC09_135035_20220821,LC09_135035_20220821,1661054946016,2022-08-15,2022-07-16,2022
AOI-03,57ca12641709501bb5f30118c491acefed62396c209537573d7eed1d5b0cca15,LANDSAT/LC08/C02/T1_L2,2022-07-05T04:02:56.518000+00:00,final-source-scenes-r2-asset-verified,5.19,OUTSIDE_NOMINAL_WINDOW,b21c8cc7f3d4d35e1db4dfa1c8245ff10ba657c0a0a001992b552808766cc49b,REMOVE_SYNTHETIC_MERGE_PREFIX;BIND_PLATFORM_COLLECTION;RESTORE_SYSTEM_INDEX,False,LANDSAT/LC08/C02/T1_L2/1_LC08_134035_20220705,source-scenes-v1,2022-08-10,LANDSAT_8,LPGS_16.1.0,LPGS_16.1.0,Collection 2,b204f4a17e9dd20142b6fb4f35bc4e3f244595863becf2580b82506256f88699,landsat,6d753d111cb552366dcfd80737473f0ac645b5178130786eb92c7862a9eaff61,LANDSAT/LC08/C02/T1_L2/LC08_134035_20220705,LC08_134035_20220705,1656993776518,2022-08-25,2022-07-26,2022
AOI-03,57ca12641709501bb5f30118c491acefed62396c209537573d7eed1d5b0cca15,LANDSAT/LC08/C02/T1_L2,2022-07-21T04:02:59.732000+00:00,final-source-scenes-r2-asset-verified,65.16,OUTSIDE_NOMINAL_WINDOW,b21c8cc7f3d4d35e1db4dfa1c8245ff10ba657c0a0a001992b552808766cc49b,REMOVE_SYNTHETIC_MERGE_PREFIX;BIND_PLATFORM_COLLECTION;RESTORE_SYSTEM_INDEX,False,LANDSAT/LC08/C02/T1_L2/1_LC08_134035_20220721,source-scenes-v1,2022-08-10,LANDSAT_8,LPGS_16.1.0,LPGS_16.1.0,Collection 2,b204f4a17e9dd20142b6fb4f35bc4e3f244595863becf2580b82506256f88699,landsat,6d753d111cb552366dcfd80737473f0ac645b5178130786eb92c7862a9eaff61,LANDSAT/LC08/C02/T1_L2/LC08_134035_20220721,LC08_134035_20220721,1658376179732,2022-08-25,2022-07-26,2022
AOI-03,57ca12641709501bb5f30118c491acefed62396c209537573d7eed1d5b0cca15,LANDSAT/LC08/C02/T1_L2,2022-08-06T04:03:09.947000+00:00,final-source-scenes-r2-asset-verified,14.81,,b21c8cc7f3d4d35e1db4dfa1c8245ff10ba657c0a0a001992b552808766cc49b,REMOVE_SYNTHETIC_MERGE_PREFIX;BIND_PLATFORM_COLLECTION;RESTORE_SYSTEM_INDEX,True,LANDSAT/LC08/C02/T1_L2/1_LC08_134035_20220806,source-scenes-v1,2022-08-10,LANDSAT_8,LPGS_16.1.0,LPGS_16.1.0,Collection 2,b204f4a17e9dd20142b6fb4f35bc4e3f244595863becf2580b82506256f88699,landsat,6d753d111cb552366dcfd80737473f0ac645b5178130786eb92c7862a9eaff61,LANDSAT/LC08/C02/T1_L2/LC08_134035_20220806,LC08_134035_20220806,1659758589947,2022-08-25,2022-07-26,2022
AOI-03,57ca12641709501bb5f30118c491acefed62396c209537573d7eed1d5b0cca15,LANDSAT/LC08/C02/T1_L2,2022-08-22T04:03:14.067000+00:00,final-source-scenes-r2-asset-verified,12.13,,b21c8cc7f3d4d35e1db4dfa1c8245ff10ba657c0a0a001992b552808766cc49b,REMOVE_SYNTHETIC_MERGE_PREFIX;BIND_PLATFORM_COLLECTION;RESTORE_SYSTEM_INDEX,True,LANDSAT/LC08/C02/T1_L2/1_LC08_134035_20220822,source-scenes-v1,2022-08-10,LANDSAT_8,LPGS_16.1.0,LPGS_16.1.0,Collection 2,b204f4a17e9dd20142b6fb4f35bc4e3f244595863becf2580b82506256f88699,landsat,6d753d111cb552366dcfd80737473f0ac645b5178130786eb92c7862a9eaff61,LANDSAT/LC08/C02/T1_L2/LC08_134035_20220822,LC08_134035_20220822,1661140994067,2022-08-25,2022-07-26,2022
AOI-03,57ca12641709501bb5f30118c491acefed62396c209537573d7eed1d5b0cca15,LANDSAT/LC08/C02/T1_L2,2022-07-05T04:03:20.405000+00:00,final-source-scenes-r2-asset-verified,8.42,OUTSIDE_NOMINAL_WINDOW,b21c8cc7f3d4d35e1db4dfa1c8245ff10ba657c0a0a001992b552808766cc49b,REMOVE_SYNTHETIC_MERGE_PREFIX;BIND_PLATFORM_COLLECTION;RESTORE_SYSTEM_INDEX,False,LANDSAT/LC08/C02/T1_L2/1_LC08_134036_20220705,source-scenes-v1,2022-08-10,LANDSAT_8,LPGS_16.1.0,LPGS_16.1.0,Collection 2,b204f4a17e9dd20142b6fb4f35bc4e3f244595863becf2580b82506256f88699,landsat,6d753d111cb552366dcfd80737473f0ac645b5178130786eb92c7862a9eaff61,LANDSAT/LC08/C02/T1_L2/LC08_134036_20220705,LC08_134036_20220705,1656993800405,2022-08-25,2022-07-26,2022
AOI-03,57ca12641709501bb5f30118c491acefed62396c209537573d7eed1d5b0cca15,LANDSAT/LC08/C02/T1_L2,2022-08-06T04:03:33.842000+00:00,final-source-scenes-r2-asset-verified,11.63,,b21c8cc7f3d4d35e1db4dfa1c8245ff10ba657c0a0a001992b552808766cc49b,REMOVE_SYNTHETIC_MERGE_PREFIX;BIND_PLATFORM_COLLECTION;RESTORE_SYSTEM_INDEX,True,LANDSAT/LC08/C02/T1_L2/1_LC08_134036_20220806,source-scenes-v1,2022-08-10,LANDSAT_8,LPGS_16.1.0,LPGS_16.1.0,Collection 2,b204f4a17e9dd20142b6fb4f35bc4e3f244595863becf2580b82506256f88699,landsat,6d753d111cb552366dcfd80737473f0ac645b5178130786eb92c7862a9eaff61,LANDSAT/LC08/C02/T1_L2/LC08_134036_20220806,LC08_134036_20220806,1659758613842,2022-08-25,2022-07-26,2022
AOI-03,57ca12641709501bb5f30118c491acefed62396c209537573d7eed1d5b0cca15,LANDSAT/LC08/C02/T1_L2,2022-08-22T04:03:37.954000+00:00,final-source-scenes-r2-asset-verified,8.33,,b21c8cc7f3d4d35e1db4dfa1c8245ff10ba657c0a0a001992b552808766cc49b,REMOVE_SYNTHETIC_MERGE_PREFIX;BIND_PLATFORM_COLLECTION;RESTORE_SYSTEM_INDEX,True,LANDSAT/LC08/C02/T1_L2/1_LC08_134036_20220822,source-scenes-v1,2022-08-10,LANDSAT_8,LPGS_16.1.0,LPGS_16.1.0,Collection 2,b204f4a17e9dd20142b6fb4f35bc4e3f244595863becf2580b82506256f88699,landsat,6d753d111cb552366dcfd80737473f0ac645b5178130786eb92c7862a9eaff61,LANDSAT/LC08/C02/T1_L2/LC08_134036_20220822,LC08_134036_20220822,1661141017954,2022-08-25,2022-07-26,2022
AOI-03,57ca12641709501bb5f30118c491acefed62396c209537573d7eed1d5b0cca15,LANDSAT/LC08/C02/T1_L2,2022-07-12T04:09:06.389000+00:00,final-source-scenes-r2-asset-verified,17.11,OUTSIDE_NOMINAL_WINDOW,b21c8cc7f3d4d35e1db4dfa1c8245ff10ba657c0a0a001992b552808766cc49b,REMOVE_SYNTHETIC_MERGE_PREFIX;BIND_PLATFORM_COLLECTION;RESTORE_SYSTEM_INDEX,False,LANDSAT/LC08/C02/T1_L2/1_LC08_135035_20220712,source-scenes-v1,2022-08-10,LANDSAT_8,LPGS_16.1.0,LPGS_16.1.0,Collection 2,b204f4a17e9dd20142b6fb4f35bc4e3f244595863becf2580b82506256f88699,landsat,6d753d111cb552366dcfd80737473f0ac645b5178130786eb92c7862a9eaff61,LANDSAT/LC08/C02/T1_L2/LC08_135035_20220712,LC08_135035_20220712,1657598946389,2022-08-25,2022-07-26,2022
AOI-03,57ca12641709501bb5f30118c491acefed62396c209537573d7eed1d5b0cca15,LANDSAT/LC08/C02/T1_L2,2022-07-28T04:09:15.673000+00:00,final-source-scenes-r2-asset-verified,30.01,,b21c8cc7f3d4d35e1db4dfa1c8245ff10ba657c0a0a001992b552808766cc49b,REMOVE_SYNTHETIC_MERGE_PREFIX;BIND_PLATFORM_COLLECTION;RESTORE_SYSTEM_INDEX,True,LANDSAT/LC08/C02/T1_L2/1_LC08_135035_20220728,source-scenes-v1,2022-08-10,LANDSAT_8,LPGS_16.1.0,LPGS_16.1.0,Collection 2,b204f4a17e9dd20142b6fb4f35bc4e3f244595863becf2580b82506256f88699,landsat,6d753d111cb552366dcfd80737473f0ac645b5178130786eb92c7862a9eaff61,LANDSAT/LC08/C02/T1_L2/LC08_135035_20220728,LC08_135035_20220728,1658981355673,2022-08-25,2022-07-26,2022
AOI-03,57ca12641709501bb5f30118c491acefed62396c209537573d7eed1d5b0cca15,LANDSAT/LC09/C02/T1_L2,2022-07-29T04:02:43.537000+00:00,final-source-scenes-r2-asset-verified,2.15,,b21c8cc7f3d4d35e1db4dfa1c8245ff10ba657c0a0a001992b552808766cc49b,REMOVE_SYNTHETIC_MERGE_PREFIX;BIND_PLATFORM_COLLECTION;RESTORE_SYSTEM_INDEX,True,LANDSAT/LC08/C02/T1_L2/2_LC09_134035_20220729,source-scenes-v1,2022-08-10,LANDSAT_9,LPGS_16.2.0,LPGS_16.2.0,Collection 2,b204f4a17e9dd20142b6fb4f35bc4e3f244595863becf2580b82506256f88699,landsat,6d753d111cb552366dcfd80737473f0ac645b5178130786eb92c7862a9eaff61,LANDSAT/LC09/C02/T1_L2/LC09_134035_20220729,LC09_134035_20220729,1659067363537,2022-08-25,2022-07-26,2022
AOI-03,57ca12641709501bb5f30118c491acefed62396c209537573d7eed1d5b0cca15,LANDSAT/LC09/C02/T1_L2,2022-07-29T04:03:07.432000+00:00,final-source-scenes-r2-asset-verified,33.38,,b21c8cc7f3d4d35e1db4dfa1c8245ff10ba657c0a0a001992b552808766cc49b,REMOVE_SYNTHETIC_MERGE_PREFIX;BIND_PLATFORM_COLLECTION;RESTORE_SYSTEM_INDEX,True,LANDSAT/LC08/C02/T1_L2/2_LC09_134036_20220729,source-scenes-v1,2022-08-10,LANDSAT_9,LPGS_16.2.0,LPGS_16.2.0,Collection 2,b204f4a17e9dd20142b6fb4f35bc4e3f244595863becf2580b82506256f88699,landsat,6d753d111cb552366dcfd80737473f0ac645b5178130786eb92c7862a9eaff61,LANDSAT/LC09/C02/T1_L2/LC09_134036_20220729,LC09_134036_20220729,1659067387432,2022-08-25,2022-07-26,2022
AOI-03,57ca12641709501bb5f30118c491acefed62396c209537573d7eed1d5b0cca15,LANDSAT/LC09/C02/T1_L2,2022-08-14T04:03:17.140000+00:00,final-source-scenes-r2-asset-verified,62.62,,b21c8cc7f3d4d35e1db4dfa1c8245ff10ba657c0a0a001992b552808766cc49b,REMOVE_SYNTHETIC_MERGE_PREFIX;BIND_PLATFORM_COLLECTION;RESTORE_SYSTEM_INDEX,True,LANDSAT/LC08/C02/T1_L2/2_LC09_134036_20220814,source-scenes-v1,2022-08-10,LANDSAT_9,LPGS_16.2.0,LPGS_16.2.0,Collection 2,b204f4a17e9dd20142b6fb4f35bc4e3f244595863becf2580b82506256f88699,landsat,6d753d111cb552366dcfd80737473f0ac645b5178130786eb92c7862a9eaff61,LANDSAT/LC09/C02/T1_L2/LC09_134036_20220814,LC09_134036_20220814,1660449797140,2022-08-25,2022-07-26,2022
AOI-03,57ca12641709501bb5f30118c491acefed62396c209537573d7eed1d5b0cca15,LANDSAT/LC09/C02/T1_L2,2022-07-20T04:08:46.326000+00:00,final-source-scenes-r2-asset-verified,7.75,OUTSIDE_NOMINAL_WINDOW,b21c8cc7f3d4d35e1db4dfa1c8245ff10ba657c0a0a001992b552808766cc49b,REMOVE_SYNTHETIC_MERGE_PREFIX;BIND_PLATFORM_COLLECTION;RESTORE_SYSTEM_INDEX,False,LANDSAT/LC08/C02/T1_L2/2_LC09_135035_20220720,source-scenes-v1,2022-08-10,LANDSAT_9,LPGS_16.2.0,LPGS_16.2.0,Collection 2,b204f4a17e9dd20142b6fb4f35bc4e3f244595863becf2580b82506256f88699,landsat,6d753d111cb552366dcfd80737473f0ac645b5178130786eb92c7862a9eaff61,LANDSAT/LC09/C02/T1_L2/LC09_135035_20220720,LC09_135035_20220720,1658290126326,2022-08-25,2022-07-26,2022
AOI-03,57ca12641709501bb5f30118c491acefed62396c209537573d7eed1d5b0cca15,LANDSAT/LC09/C02/T1_L2,2022-08-05T04:08:59.359000+00:00,final-source-scenes-r2-asset-verified,2.78,,b21c8cc7f3d4d35e1db4dfa1c8245ff10ba657c0a0a001992b552808766cc49b,REMOVE_SYNTHETIC_MERGE_PREFIX;BIND_PLATFORM_COLLECTION;RESTORE_SYSTEM_INDEX,True,LANDSAT/LC08/C02/T1_L2/2_LC09_135035_20220805,source-scenes-v1,2022-08-10,LANDSAT_9,LPGS_16.2.0,LPGS_16.2.0,Collection 2,b204f4a17e9dd20142b6fb4f35bc4e3f244595863becf2580b82506256f88699,landsat,6d753d111cb552366dcfd80737473f0ac645b5178130786eb92c7862a9eaff61,LANDSAT/LC09/C02/T1_L2/LC09_135035_20220805,LC09_135035_20220805,1659672539359,2022-08-25,2022-07-26,2022
AOI-03,57ca12641709501bb5f30118c491acefed62396c209537573d7eed1d5b0cca15,LANDSAT/LC09/C02/T1_L2,2022-08-21T04:09:06.016000+00:00,final-source-scenes-r2-asset-verified,42.52,,b21c8cc7f3d4d35e1db4dfa1c8245ff10ba657c0a0a001992b552808766cc49b,REMOVE_SYNTHETIC_MERGE_PREFIX;BIND_PLATFORM_COLLECTION;RESTORE_SYSTEM_INDEX,True,LANDSAT/LC08/C02/T1_L2/2_LC09_135035_20220821,source-scenes-v1,2022-08-10,LANDSAT_9,LPGS_16.2.0,LPGS_16.2.0,Collection 2,b204f4a17e9dd20142b6fb4f35bc4e3f244595863becf2580b82506256f88699,landsat,6d753d111cb552366dcfd80737473f0ac645b5178130786eb92c7862a9eaff61,LANDSAT/LC09/C02/T1_L2/LC09_135035_20220821,LC09_135035_20220821,1661054946016,2022-08-25,2022-07-26,2022
AOI-03,57ca12641709501bb5f30118c491acefed62396c209537573d7eed1d5b0cca15,LANDSAT/LC08/C02/T1_L2,2023-07-08T04:02:22.551000+00:00,final-source-scenes-r2-asset-verified,35.04,,b21c8cc7f3d4d35e1db4dfa1c8245ff10ba657c0a0a001992b552808766cc49b,REMOVE_SYNTHETIC_MERGE_PREFIX;BIND_PLATFORM_COLLECTION;RESTORE_SYSTEM_INDEX,True,LANDSAT/LC08/C02/T1_L2/1_LC08_134035_20230708,source-scenes-v1,2023-07-20,LANDSAT_8,LPGS_16.3.0,LPGS_16.3.0,Collection 2,f192b2dafdfe286a210ef3808991ac9988d2249bb4f94361239a4bc493e0c153,landsat,edf3f0e1e56d894a641c50d1aabd4bfdc38b52f0c3766467f94c6341cd126e46,LANDSAT/LC08/C02/T1_L2/LC08_134035_20230708,LC08_134035_20230708,1688788942551,2023-08-04,2023-07-05,2023
AOI-03,57ca12641709501bb5f30118c491acefed62396c209537573d7eed1d5b0cca15,LANDSAT/LC08/C02/T1_L2,2023-07-24T04:02:26.997000+00:00,final-source-scenes-r2-asset-verified,28.59,,b21c8cc7f3d4d35e1db4dfa1c8245ff10ba657c0a0a001992b552808766cc49b,REMOVE_SYNTHETIC_MERGE_PREFIX;BIND_PLATFORM_COLLECTION;RESTORE_SYSTEM_INDEX,True,LANDSAT/LC08/C02/T1_L2/1_LC08_134035_20230724,source-scenes-v1,2023-07-20,LANDSAT_8,LPGS_16.3.0,LPGS_16.3.0,Collection 2,f192b2dafdfe286a210ef3808991ac9988d2249bb4f94361239a4bc493e0c153,landsat,edf3f0e1e56d894a641c50d1aabd4bfdc38b52f0c3766467f94c6341cd126e46,LANDSAT/LC08/C02/T1_L2/LC08_134035_20230724,LC08_134035_20230724,1690171346997,2023-08-04,2023-07-05,2023
AOI-03,57ca12641709501bb5f30118c491acefed62396c209537573d7eed1d5b0cca15,LANDSAT/LC08/C02/T1_L2,2023-07-08T04:02:46.438000+00:00,final-source-scenes-r2-asset-verified,78.8,,b21c8cc7f3d4d35e1db4dfa1c8245ff10ba657c0a0a001992b552808766cc49b,REMOVE_SYNTHETIC_MERGE_PREFIX;BIND_PLATFORM_COLLECTION;RESTORE_SYSTEM_INDEX,True,LANDSAT/LC08/C02/T1_L2/1_LC08_134036_20230708,source-scenes-v1,2023-07-20,LANDSAT_8,LPGS_16.3.0,LPGS_16.3.0,Collection 2,f192b2dafdfe286a210ef3808991ac9988d2249bb4f94361239a4bc493e0c153,landsat,edf3f0e1e56d894a641c50d1aabd4bfdc38b52f0c3766467f94c6341cd126e46,LANDSAT/LC08/C02/T1_L2/LC08_134036_20230708,LC08_134036_20230708,1688788966438,2023-08-04,2023-07-05,2023
AOI-03,57ca12641709501bb5f30118c491acefed62396c209537573d7eed1d5b0cca15,LANDSAT/LC08/C02/T1_L2,2023-07-24T04:02:50.892000+00:00,final-source-scenes-r2-asset-verified,36.66,,b21c8cc7f3d4d35e1db4dfa1c8245ff10ba657c0a0a001992b552808766cc49b,REMOVE_SYNTHETIC_MERGE_PREFIX;BIND_PLATFORM_COLLECTION;RESTORE_SYSTEM_INDEX,True,LANDSAT/LC08/C02/T1_L2/1_LC08_134036_20230724,source-scenes-v1,2023-07-20,LANDSAT_8,LPGS_16.3.0,LPGS_16.3.0,Collection 2,f192b2dafdfe286a210ef3808991ac9988d2249bb4f94361239a4bc493e0c153,landsat,edf3f0e1e56d894a641c50d1aabd4bfdc38b52f0c3766467f94c6341cd126e46,LANDSAT/LC08/C02/T1_L2/LC08_134036_20230724,LC08_134036_20230724,1690171370892,2023-08-04,2023-07-05,2023
AOI-03,57ca12641709501bb5f30118c491acefed62396c209537573d7eed1d5b0cca15,LANDSAT/LC08/C02/T1_L2,2023-08-09T04:02:57.058000+00:00,final-source-scenes-r2-asset-verified,71.4,OUTSIDE_NOMINAL_WINDOW,b21c8cc7f3d4d35e1db4dfa1c8245ff10ba657c0a0a001992b552808766cc49b,REMOVE_SYNTHETIC_MERGE_PREFIX;BIND_PLATFORM_COLLECTION;RESTORE_SYSTEM_INDEX,False,LANDSAT/LC08/C02/T1_L2/1_LC08_134036_20230809,source-scenes-v1,2023-07-20,LANDSAT_8,LPGS_16.3.0,LPGS_16.3.0,Collection 2,f192b2dafdfe286a210ef3808991ac9988d2249bb4f94361239a4bc493e0c153,landsat,edf3f0e1e56d894a641c50d1aabd4bfdc38b52f0c3766467f94c6341cd126e46,LANDSAT/LC08/C02/T1_L2/LC08_134036_20230809,LC08_134036_20230809,1691553777058,2023-08-04,2023-07-05,2023
AOI-03,57ca12641709501bb5f30118c491acefed62396c209537573d7eed1d5b0cca15,LANDSAT/LC08/C02/T1_L2,2023-07-15T04:08:35.014000+00:00,final-source-scenes-r2-asset-verified,10.56,,b21c8cc7f3d4d35e1db4dfa1c8245ff10ba657c0a0a001992b552808766cc49b,REMOVE_SYNTHETIC_MERGE_PREFIX;BIND_PLATFORM_COLLECTION;RESTORE_SYSTEM_INDEX,True,LANDSAT/LC08/C02/T1_L2/1_LC08_135035_20230715,source-scenes-v1,2023-07-20,LANDSAT_8,LPGS_16.3.0,LPGS_16.3.0,Collection 2,f192b2dafdfe286a210ef3808991ac9988d2249bb4f94361239a4bc493e0c153,landsat,edf3f0e1e56d894a641c50d1aabd4bfdc38b52f0c3766467f94c6341cd126e46,LANDSAT/LC08/C02/T1_L2/LC08_135035_20230715,LC08_135035_20230715,1689394115014,2023-08-04,2023-07-05,2023
AOI-03,57ca12641709501bb5f30118c491acefed62396c209537573d7eed1d5b0cca15,LANDSAT/LC09/C02/T1_L2,2023-07-16T04:02:18.172000+00:00,final-source-scenes-r2-asset-verified,17.32,,b21c8cc7f3d4d35e1db4dfa1c8245ff10ba657c0a0a001992b552808766cc49b,REMOVE_SYNTHETIC_MERGE_PREFIX;BIND_PLATFORM_COLLECTION;RESTORE_SYSTEM_INDEX,True,LANDSAT/LC08/C02/T1_L2/2_LC09_134035_20230716,source-scenes-v1,2023-07-20,LANDSAT_9,LPGS_16.3.0,LPGS_16.3.0,Collection 2,f192b2dafdfe286a210ef3808991ac9988d2249bb4f94361239a4bc493e0c153,landsat,edf3f0e1e56d894a641c50d1aabd4bfdc38b52f0c3766467f94c6341cd126e46,LANDSAT/LC09/C02/T1_L2/LC09_134035_20230716,LC09_134035_20230716,1689480138172,2023-08-04,2023-07-05,2023
AOI-03,57ca12641709501bb5f30118c491acefed62396c209537573d7eed1d5b0cca15,LANDSAT/LC09/C02/T1_L2,2023-08-01T04:02:23.914000+00:00,final-source-scenes-r2-asset-verified,45.85,,b21c8cc7f3d4d35e1db4dfa1c8245ff10ba657c0a0a001992b552808766cc49b,REMOVE_SYNTHETIC_MERGE_PREFIX;BIND_PLATFORM_COLLECTION;RESTORE_SYSTEM_INDEX,True,LANDSAT/LC08/C02/T1_L2/2_LC09_134035_20230801,source-scenes-v1,2023-07-20,LANDSAT_9,LPGS_16.3.0,LPGS_16.3.0,Collection 2,f192b2dafdfe286a210ef3808991ac9988d2249bb4f94361239a4bc493e0c153,landsat,edf3f0e1e56d894a641c50d1aabd4bfdc38b52f0c3766467f94c6341cd126e46,LANDSAT/LC09/C02/T1_L2/LC09_134035_20230801,LC09_134035_20230801,1690862543914,2023-08-04,2023-07-05,2023
AOI-03,57ca12641709501bb5f30118c491acefed62396c209537573d7eed1d5b0cca15,LANDSAT/LC09/C02/T1_L2,2023-08-17T04:02:27.639000+00:00,final-source-scenes-r2-asset-verified,50.16,OUTSIDE_NOMINAL_WINDOW,b21c8cc7f3d4d35e1db4dfa1c8245ff10ba657c0a0a001992b552808766cc49b,REMOVE_SYNTHETIC_MERGE_PREFIX;BIND_PLATFORM_COLLECTION;RESTORE_SYSTEM_INDEX,False,LANDSAT/LC08/C02/T1_L2/2_LC09_134035_20230817,source-scenes-v1,2023-07-20,LANDSAT_9,LPGS_16.3.0,LPGS_16.3.0,Collection 2,f192b2dafdfe286a210ef3808991ac9988d2249bb4f94361239a4bc493e0c153,landsat,edf3f0e1e56d894a641c50d1aabd4bfdc38b52f0c3766467f94c6341cd126e46,LANDSAT/LC09/C02/T1_L2/LC09_134035_20230817,LC09_134035_20230817,1692244947639,2023-08-04,2023-07-05,2023
AOI-03,57ca12641709501bb5f30118c491acefed62396c209537573d7eed1d5b0cca15,LANDSAT/LC09/C02/T1_L2,2023-07-16T04:02:42.059000+00:00,final-source-scenes-r2-asset-verified,57.76,,b21c8cc7f3d4d35e1db4dfa1c8245ff10ba657c0a0a001992b552808766cc49b,REMOVE_SYNTHETIC_MERGE_PREFIX;BIND_PLATFORM_COLLECTION;RESTORE_SYSTEM_INDEX,True,LANDSAT/LC08/C02/T1_L2/2_LC09_134036_20230716,source-scenes-v1,2023-07-20,LANDSAT_9,LPGS_16.3.0,LPGS_16.3.0,Collection 2,f192b2dafdfe286a210ef3808991ac9988d2249bb4f94361239a4bc493e0c153,landsat,edf3f0e1e56d894a641c50d1aabd4bfdc38b52f0c3766467f94c6341cd126e46,LANDSAT/LC09/C02/T1_L2/LC09_134036_20230716,LC09_134036_20230716,1689480162059,2023-08-04,2023-07-05,2023
AOI-03,57ca12641709501bb5f30118c491acefed62396c209537573d7eed1d5b0cca15,LANDSAT/LC09/C02/T1_L2,2023-08-01T04:02:47.801000+00:00,final-source-scenes-r2-asset-verified,52.74,,b21c8cc7f3d4d35e1db4dfa1c8245ff10ba657c0a0a001992b552808766cc49b,REMOVE_SYNTHETIC_MERGE_PREFIX;BIND_PLATFORM_COLLECTION;RESTORE_SYSTEM_INDEX,True,LANDSAT/LC08/C02/T1_L2/2_LC09_134036_20230801,source-scenes-v1,2023-07-20,LANDSAT_9,LPGS_16.3.0,LPGS_16.3.0,Collection 2,f192b2dafdfe286a210ef3808991ac9988d2249bb4f94361239a4bc493e0c153,landsat,edf3f0e1e56d894a641c50d1aabd4bfdc38b52f0c3766467f94c6341cd126e46,LANDSAT/LC09/C02/T1_L2/LC09_134036_20230801,LC09_134036_20230801,1690862567801,2023-08-04,2023-07-05,2023
AOI-03,57ca12641709501bb5f30118c491acefed62396c209537573d7eed1d5b0cca15,LANDSAT/LC09/C02/T1_L2,2023-07-07T04:08:25.697000+00:00,final-source-scenes-r2-asset-verified,8.86,,b21c8cc7f3d4d35e1db4dfa1c8245ff10ba657c0a0a001992b552808766cc49b,REMOVE_SYNTHETIC_MERGE_PREFIX;BIND_PLATFORM_COLLECTION;RESTORE_SYSTEM_INDEX,True,LANDSAT/LC08/C02/T1_L2/2_LC09_135035_20230707,source-scenes-v1,2023-07-20,LANDSAT_9,LPGS_16.3.0,LPGS_16.3.0,Collection 2,f192b2dafdfe286a210ef3808991ac9988d2249bb4f94361239a4bc493e0c153,landsat,edf3f0e1e56d894a641c50d1aabd4bfdc38b52f0c3766467f94c6341cd126e46,LANDSAT/LC09/C02/T1_L2/LC09_135035_20230707,LC09_135035_20230707,1688702905697,2023-08-04,2023-07-05,2023
AOI-03,57ca12641709501bb5f30118c491acefed62396c209537573d7eed1d5b0cca15,LANDSAT/LC09/C02/T1_L2,2023-07-23T04:08:27.830000+00:00,final-source-scenes-r2-asset-verified,37.9,,b21c8cc7f3d4d35e1db4dfa1c8245ff10ba657c0a0a001992b552808766cc49b,REMOVE_SYNTHETIC_MERGE_PREFIX;BIND_PLATFORM_COLLECTION;RESTORE_SYSTEM_INDEX,True,LANDSAT/LC08/C02/T1_L2/2_LC09_135035_20230723,source-scenes-v1,2023-07-20,LANDSAT_9,LPGS_16.3.0,LPGS_16.3.0,Collection 2,f192b2dafdfe286a210ef3808991ac9988d2249bb4f94361239a4bc493e0c153,landsat,edf3f0e1e56d894a641c50d1aabd4bfdc38b52f0c3766467f94c6341cd126e46,LANDSAT/LC09/C02/T1_L2/LC09_135035_20230723,LC09_135035_20230723,1690085307830,2023-08-04,2023-07-05,2023
AOI-03,57ca12641709501bb5f30118c491acefed62396c209537573d7eed1d5b0cca15,LANDSAT/LC09/C02/T1_L2,2023-08-08T04:08:38.511000+00:00,final-source-scenes-r2-asset-verified,23.82,OUTSIDE_NOMINAL_WINDOW,b21c8cc7f3d4d35e1db4dfa1c8245ff10ba657c0a0a001992b552808766cc49b,REMOVE_SYNTHETIC_MERGE_PREFIX;BIND_PLATFORM_COLLECTION;RESTORE_SYSTEM_INDEX,False,LANDSAT/LC08/C02/T1_L2/2_LC09_135035_20230808,source-scenes-v1,2023-07-20,LANDSAT_9,LPGS_16.3.0,LPGS_16.3.0,Collection 2,f192b2dafdfe286a210ef3808991ac9988d2249bb4f94361239a4bc493e0c153,landsat,edf3f0e1e56d894a641c50d1aabd4bfdc38b52f0c3766467f94c6341cd126e46,LANDSAT/LC09/C02/T1_L2/LC09_135035_20230808,LC09_135035_20230808,1691467718511,2023-08-04,2023-07-05,2023
AOI-03,57ca12641709501bb5f30118c491acefed62396c209537573d7eed1d5b0cca15,LANDSAT/LC09/C02/T1_L2,2023-08-24T04:08:44.680000+00:00,final-source-scenes-r2-asset-verified,43,OUTSIDE_NOMINAL_WINDOW,b21c8cc7f3d4d35e1db4dfa1c8245ff10ba657c0a0a001992b552808766cc49b,REMOVE_SYNTHETIC_MERGE_PREFIX;BIND_PLATFORM_COLLECTION;RESTORE_SYSTEM_INDEX,False,LANDSAT/LC08/C02/T1_L2/2_LC09_135035_20230824,source-scenes-v1,2023-07-20,LANDSAT_9,LPGS_16.3.0,LPGS_16.3.0,Collection 2,f192b2dafdfe286a210ef3808991ac9988d2249bb4f94361239a4bc493e0c153,landsat,edf3f0e1e56d894a641c50d1aabd4bfdc38b52f0c3766467f94c6341cd126e46,LANDSAT/LC09/C02/T1_L2/LC09_135035_20230824,LC09_135035_20230824,1692850124680,2023-08-04,2023-07-05,2023
AOI-03,57ca12641709501bb5f30118c491acefed62396c209537573d7eed1d5b0cca15,LANDSAT/LC08/C02/T1_L2,2023-07-08T04:02:22.551000+00:00,final-source-scenes-r2-asset-verified,35.04,OUTSIDE_NOMINAL_WINDOW,b21c8cc7f3d4d35e1db4dfa1c8245ff10ba657c0a0a001992b552808766cc49b,REMOVE_SYNTHETIC_MERGE_PREFIX;BIND_PLATFORM_COLLECTION;RESTORE_SYSTEM_INDEX,False,LANDSAT/LC08/C02/T1_L2/1_LC08_134035_20230708,source-scenes-v1,2023-07-31,LANDSAT_8,LPGS_16.3.0,LPGS_16.3.0,Collection 2,5b7b704b8394d78a830f439db013c3b58cd0f11b6eee692aced385c9f6c3d3b6,landsat,e22e77dcb4afc80b5275a0ecbf6097b1486984c46552956a3806cc1bcd9da8c0,LANDSAT/LC08/C02/T1_L2/LC08_134035_20230708,LC08_134035_20230708,1688788942551,2023-08-15,2023-07-16,2023
AOI-03,57ca12641709501bb5f30118c491acefed62396c209537573d7eed1d5b0cca15,LANDSAT/LC08/C02/T1_L2,2023-07-24T04:02:26.997000+00:00,final-source-scenes-r2-asset-verified,28.59,,b21c8cc7f3d4d35e1db4dfa1c8245ff10ba657c0a0a001992b552808766cc49b,REMOVE_SYNTHETIC_MERGE_PREFIX;BIND_PLATFORM_COLLECTION;RESTORE_SYSTEM_INDEX,True,LANDSAT/LC08/C02/T1_L2/1_LC08_134035_20230724,source-scenes-v1,2023-07-31,LANDSAT_8,LPGS_16.3.0,LPGS_16.3.0,Collection 2,5b7b704b8394d78a830f439db013c3b58cd0f11b6eee692aced385c9f6c3d3b6,landsat,e22e77dcb4afc80b5275a0ecbf6097b1486984c46552956a3806cc1bcd9da8c0,LANDSAT/LC08/C02/T1_L2/LC08_134035_20230724,LC08_134035_20230724,1690171346997,2023-08-15,2023-07-16,2023
AOI-03,57ca12641709501bb5f30118c491acefed62396c209537573d7eed1d5b0cca15,LANDSAT/LC08/C02/T1_L2,2023-07-08T04:02:46.438000+00:00,final-source-scenes-r2-asset-verified,78.8,OUTSIDE_NOMINAL_WINDOW,b21c8cc7f3d4d35e1db4dfa1c8245ff10ba657c0a0a001992b552808766cc49b,REMOVE_SYNTHETIC_MERGE_PREFIX;BIND_PLATFORM_COLLECTION;RESTORE_SYSTEM_INDEX,False,LANDSAT/LC08/C02/T1_L2/1_LC08_134036_20230708,source-scenes-v1,2023-07-31,LANDSAT_8,LPGS_16.3.0,LPGS_16.3.0,Collection 2,5b7b704b8394d78a830f439db013c3b58cd0f11b6eee692aced385c9f6c3d3b6,landsat,e22e77dcb4afc80b5275a0ecbf6097b1486984c46552956a3806cc1bcd9da8c0,LANDSAT/LC08/C02/T1_L2/LC08_134036_20230708,LC08_134036_20230708,1688788966438,2023-08-15,2023-07-16,2023
AOI-03,57ca12641709501bb5f30118c491acefed62396c209537573d7eed1d5b0cca15,LANDSAT/LC08/C02/T1_L2,2023-07-24T04:02:50.892000+00:00,final-source-scenes-r2-asset-verified,36.66,,b21c8cc7f3d4d35e1db4dfa1c8245ff10ba657c0a0a001992b552808766cc49b,REMOVE_SYNTHETIC_MERGE_PREFIX;BIND_PLATFORM_COLLECTION;RESTORE_SYSTEM_INDEX,True,LANDSAT/LC08/C02/T1_L2/1_LC08_134036_20230724,source-scenes-v1,2023-07-31,LANDSAT_8,LPGS_16.3.0,LPGS_16.3.0,Collection 2,5b7b704b8394d78a830f439db013c3b58cd0f11b6eee692aced385c9f6c3d3b6,landsat,e22e77dcb4afc80b5275a0ecbf6097b1486984c46552956a3806cc1bcd9da8c0,LANDSAT/LC08/C02/T1_L2/LC08_134036_20230724,LC08_134036_20230724,1690171370892,2023-08-15,2023-07-16,2023
AOI-03,57ca12641709501bb5f30118c491acefed62396c209537573d7eed1d5b0cca15,LANDSAT/LC08/C02/T1_L2,2023-08-09T04:02:57.058000+00:00,final-source-scenes-r2-asset-verified,71.4,,b21c8cc7f3d4d35e1db4dfa1c8245ff10ba657c0a0a001992b552808766cc49b,REMOVE_SYNTHETIC_MERGE_PREFIX;BIND_PLATFORM_COLLECTION;RESTORE_SYSTEM_INDEX,True,LANDSAT/LC08/C02/T1_L2/1_LC08_134036_20230809,source-scenes-v1,2023-07-31,LANDSAT_8,LPGS_16.3.0,LPGS_16.3.0,Collection 2,5b7b704b8394d78a830f439db013c3b58cd0f11b6eee692aced385c9f6c3d3b6,landsat,e22e77dcb4afc80b5275a0ecbf6097b1486984c46552956a3806cc1bcd9da8c0,LANDSAT/LC08/C02/T1_L2/LC08_134036_20230809,LC08_134036_20230809,1691553777058,2023-08-15,2023-07-16,2023
AOI-03,57ca12641709501bb5f30118c491acefed62396c209537573d7eed1d5b0cca15,LANDSAT/LC08/C02/T1_L2,2023-07-15T04:08:35.014000+00:00,final-source-scenes-r2-asset-verified,10.56,OUTSIDE_NOMINAL_WINDOW,b21c8cc7f3d4d35e1db4dfa1c8245ff10ba657c0a0a001992b552808766cc49b,REMOVE_SYNTHETIC_MERGE_PREFIX;BIND_PLATFORM_COLLECTION;RESTORE_SYSTEM_INDEX,False,LANDSAT/LC08/C02/T1_L2/1_LC08_135035_20230715,source-scenes-v1,2023-07-31,LANDSAT_8,LPGS_16.3.0,LPGS_16.3.0,Collection 2,5b7b704b8394d78a830f439db013c3b58cd0f11b6eee692aced385c9f6c3d3b6,landsat,e22e77dcb4afc80b5275a0ecbf6097b1486984c46552956a3806cc1bcd9da8c0,LANDSAT/LC08/C02/T1_L2/LC08_135035_20230715,LC08_135035_20230715,1689394115014,2023-08-15,2023-07-16,2023
AOI-03,57ca12641709501bb5f30118c491acefed62396c209537573d7eed1d5b0cca15,LANDSAT/LC09/C02/T1_L2,2023-07-16T04:02:18.172000+00:00,final-source-scenes-r2-asset-verified,17.32,,b21c8cc7f3d4d35e1db4dfa1c8245ff10ba657c0a0a001992b552808766cc49b,REMOVE_SYNTHETIC_MERGE_PREFIX;BIND_PLATFORM_COLLECTION;RESTORE_SYSTEM_INDEX,True,LANDSAT/LC08/C02/T1_L2/2_LC09_134035_20230716,source-scenes-v1,2023-07-31,LANDSAT_9,LPGS_16.3.0,LPGS_16.3.0,Collection 2,5b7b704b8394d78a830f439db013c3b58cd0f11b6eee692aced385c9f6c3d3b6,landsat,e22e77dcb4afc80b5275a0ecbf6097b1486984c46552956a3806cc1bcd9da8c0,LANDSAT/LC09/C02/T1_L2/LC09_134035_20230716,LC09_134035_20230716,1689480138172,2023-08-15,2023-07-16,2023
AOI-03,57ca12641709501bb5f30118c491acefed62396c209537573d7eed1d5b0cca15,LANDSAT/LC09/C02/T1_L2,2023-08-01T04:02:23.914000+00:00,final-source-scenes-r2-asset-verified,45.85,,b21c8cc7f3d4d35e1db4dfa1c8245ff10ba657c0a0a001992b552808766cc49b,REMOVE_SYNTHETIC_MERGE_PREFIX;BIND_PLATFORM_COLLECTION;RESTORE_SYSTEM_INDEX,True,LANDSAT/LC08/C02/T1_L2/2_LC09_134035_20230801,source-scenes-v1,2023-07-31,LANDSAT_9,LPGS_16.3.0,LPGS_16.3.0,Collection 2,5b7b704b8394d78a830f439db013c3b58cd0f11b6eee692aced385c9f6c3d3b6,landsat,e22e77dcb4afc80b5275a0ecbf6097b1486984c46552956a3806cc1bcd9da8c0,LANDSAT/LC09/C02/T1_L2/LC09_134035_20230801,LC09_134035_20230801,1690862543914,2023-08-15,2023-07-16,2023
AOI-03,57ca12641709501bb5f30118c491acefed62396c209537573d7eed1d5b0cca15,LANDSAT/LC09/C02/T1_L2,2023-08-17T04:02:27.639000+00:00,final-source-scenes-r2-asset-verified,50.16,OUTSIDE_NOMINAL_WINDOW,b21c8cc7f3d4d35e1db4dfa1c8245ff10ba657c0a0a001992b552808766cc49b,REMOVE_SYNTHETIC_MERGE_PREFIX;BIND_PLATFORM_COLLECTION;RESTORE_SYSTEM_INDEX,False,LANDSAT/LC08/C02/T1_L2/2_LC09_134035_20230817,source-scenes-v1,2023-07-31,LANDSAT_9,LPGS_16.3.0,LPGS_16.3.0,Collection 2,5b7b704b8394d78a830f439db013c3b58cd0f11b6eee692aced385c9f6c3d3b6,landsat,e22e77dcb4afc80b5275a0ecbf6097b1486984c46552956a3806cc1bcd9da8c0,LANDSAT/LC09/C02/T1_L2/LC09_134035_20230817,LC09_134035_20230817,1692244947639,2023-08-15,2023-07-16,2023
AOI-03,57ca12641709501bb5f30118c491acefed62396c209537573d7eed1d5b0cca15,LANDSAT/LC09/C02/T1_L2,2023-07-16T04:02:42.059000+00:00,final-source-scenes-r2-asset-verified,57.76,,b21c8cc7f3d4d35e1db4dfa1c8245ff10ba657c0a0a001992b552808766cc49b,REMOVE_SYNTHETIC_MERGE_PREFIX;BIND_PLATFORM_COLLECTION;RESTORE_SYSTEM_INDEX,True,LANDSAT/LC08/C02/T1_L2/2_LC09_134036_20230716,source-scenes-v1,2023-07-31,LANDSAT_9,LPGS_16.3.0,LPGS_16.3.0,Collection 2,5b7b704b8394d78a830f439db013c3b58cd0f11b6eee692aced385c9f6c3d3b6,landsat,e22e77dcb4afc80b5275a0ecbf6097b1486984c46552956a3806cc1bcd9da8c0,LANDSAT/LC09/C02/T1_L2/LC09_134036_20230716,LC09_134036_20230716,1689480162059,2023-08-15,2023-07-16,2023
AOI-03,57ca12641709501bb5f30118c491acefed62396c209537573d7eed1d5b0cca15,LANDSAT/LC09/C02/T1_L2,2023-08-01T04:02:47.801000+00:00,final-source-scenes-r2-asset-verified,52.74,,b21c8cc7f3d4d35e1db4dfa1c8245ff10ba657c0a0a001992b552808766cc49b,REMOVE_SYNTHETIC_MERGE_PREFIX;BIND_PLATFORM_COLLECTION;RESTORE_SYSTEM_INDEX,True,LANDSAT/LC08/C02/T1_L2/2_LC09_134036_20230801,source-scenes-v1,2023-07-31,LANDSAT_9,LPGS_16.3.0,LPGS_16.3.0,Collection 2,5b7b704b8394d78a830f439db013c3b58cd0f11b6eee692aced385c9f6c3d3b6,landsat,e22e77dcb4afc80b5275a0ecbf6097b1486984c46552956a3806cc1bcd9da8c0,LANDSAT/LC09/C02/T1_L2/LC09_134036_20230801,LC09_134036_20230801,1690862567801,2023-08-15,2023-07-16,2023
AOI-03,57ca12641709501bb5f30118c491acefed62396c209537573d7eed1d5b0cca15,LANDSAT/LC09/C02/T1_L2,2023-07-07T04:08:25.697000+00:00,final-source-scenes-r2-asset-verified,8.86,OUTSIDE_NOMINAL_WINDOW,b21c8cc7f3d4d35e1db4dfa1c8245ff10ba657c0a0a001992b552808766cc49b,REMOVE_SYNTHETIC_MERGE_PREFIX;BIND_PLATFORM_COLLECTION;RESTORE_SYSTEM_INDEX,False,LANDSAT/LC08/C02/T1_L2/2_LC09_135035_20230707,source-scenes-v1,2023-07-31,LANDSAT_9,LPGS_16.3.0,LPGS_16.3.0,Collection 2,5b7b704b8394d78a830f439db013c3b58cd0f11b6eee692aced385c9f6c3d3b6,landsat,e22e77dcb4afc80b5275a0ecbf6097b1486984c46552956a3806cc1bcd9da8c0,LANDSAT/LC09/C02/T1_L2/LC09_135035_20230707,LC09_135035_20230707,1688702905697,2023-08-15,2023-07-16,2023
AOI-03,57ca12641709501bb5f30118c491acefed62396c209537573d7eed1d5b0cca15,LANDSAT/LC09/C02/T1_L2,2023-07-23T04:08:27.830000+00:00,final-source-scenes-r2-asset-verified,37.9,,b21c8cc7f3d4d35e1db4dfa1c8245ff10ba657c0a0a001992b552808766cc49b,REMOVE_SYNTHETIC_MERGE_PREFIX;BIND_PLATFORM_COLLECTION;RESTORE_SYSTEM_INDEX,True,LANDSAT/LC08/C02/T1_L2/2_LC09_135035_20230723,source-scenes-v1,2023-07-31,LANDSAT_9,LPGS_16.3.0,LPGS_16.3.0,Collection 2,5b7b704b8394d78a830f439db013c3b58cd0f11b6eee692aced385c9f6c3d3b6,landsat,e22e77dcb4afc80b5275a0ecbf6097b1486984c46552956a3806cc1bcd9da8c0,LANDSAT/LC09/C02/T1_L2/LC09_135035_20230723,LC09_135035_20230723,1690085307830,2023-08-15,2023-07-16,2023
AOI-03,57ca12641709501bb5f30118c491acefed62396c209537573d7eed1d5b0cca15,LANDSAT/LC09/C02/T1_L2,2023-08-08T04:08:38.511000+00:00,final-source-scenes-r2-asset-verified,23.82,,b21c8cc7f3d4d35e1db4dfa1c8245ff10ba657c0a0a001992b552808766cc49b,REMOVE_SYNTHETIC_MERGE_PREFIX;BIND_PLATFORM_COLLECTION;RESTORE_SYSTEM_INDEX,True,LANDSAT/LC08/C02/T1_L2/2_LC09_135035_20230808,source-scenes-v1,2023-07-31,LANDSAT_9,LPGS_16.3.0,LPGS_16.3.0,Collection 2,5b7b704b8394d78a830f439db013c3b58cd0f11b6eee692aced385c9f6c3d3b6,landsat,e22e77dcb4afc80b5275a0ecbf6097b1486984c46552956a3806cc1bcd9da8c0,LANDSAT/LC09/C02/T1_L2/LC09_135035_20230808,LC09_135035_20230808,1691467718511,2023-08-15,2023-07-16,2023
AOI-03,57ca12641709501bb5f30118c491acefed62396c209537573d7eed1d5b0cca15,LANDSAT/LC09/C02/T1_L2,2023-08-24T04:08:44.680000+00:00,final-source-scenes-r2-asset-verified,43,OUTSIDE_NOMINAL_WINDOW,b21c8cc7f3d4d35e1db4dfa1c8245ff10ba657c0a0a001992b552808766cc49b,REMOVE_SYNTHETIC_MERGE_PREFIX;BIND_PLATFORM_COLLECTION;RESTORE_SYSTEM_INDEX,False,LANDSAT/LC08/C02/T1_L2/2_LC09_135035_20230824,source-scenes-v1,2023-07-31,LANDSAT_9,LPGS_16.3.0,LPGS_16.3.0,Collection 2,5b7b704b8394d78a830f439db013c3b58cd0f11b6eee692aced385c9f6c3d3b6,landsat,e22e77dcb4afc80b5275a0ecbf6097b1486984c46552956a3806cc1bcd9da8c0,LANDSAT/LC09/C02/T1_L2/LC09_135035_20230824,LC09_135035_20230824,1692850124680,2023-08-15,2023-07-16,2023
AOI-03,57ca12641709501bb5f30118c491acefed62396c209537573d7eed1d5b0cca15,LANDSAT/LC08/C02/T1_L2,2023-07-08T04:02:22.551000+00:00,final-source-scenes-r2-asset-verified,35.04,OUTSIDE_NOMINAL_WINDOW,b21c8cc7f3d4d35e1db4dfa1c8245ff10ba657c0a0a001992b552808766cc49b,REMOVE_SYNTHETIC_MERGE_PREFIX;BIND_PLATFORM_COLLECTION;RESTORE_SYSTEM_INDEX,False,LANDSAT/LC08/C02/T1_L2/1_LC08_134035_20230708,source-scenes-v1,2023-08-10,LANDSAT_8,LPGS_16.3.0,LPGS_16.3.0,Collection 2,3938bc2224ec17c189b93b2e00b6d75d644774ea937f398a3cfe9bb57554baf5,landsat,16c26305b0d45436ad8ff8b5269afc1a1214640b47ff73bbb30f424b062a83c4,LANDSAT/LC08/C02/T1_L2/LC08_134035_20230708,LC08_134035_20230708,1688788942551,2023-08-25,2023-07-26,2023
AOI-03,57ca12641709501bb5f30118c491acefed62396c209537573d7eed1d5b0cca15,LANDSAT/LC08/C02/T1_L2,2023-07-24T04:02:26.997000+00:00,final-source-scenes-r2-asset-verified,28.59,OUTSIDE_NOMINAL_WINDOW,b21c8cc7f3d4d35e1db4dfa1c8245ff10ba657c0a0a001992b552808766cc49b,REMOVE_SYNTHETIC_MERGE_PREFIX;BIND_PLATFORM_COLLECTION;RESTORE_SYSTEM_INDEX,False,LANDSAT/LC08/C02/T1_L2/1_LC08_134035_20230724,source-scenes-v1,2023-08-10,LANDSAT_8,LPGS_16.3.0,LPGS_16.3.0,Collection 2,3938bc2224ec17c189b93b2e00b6d75d644774ea937f398a3cfe9bb57554baf5,landsat,16c26305b0d45436ad8ff8b5269afc1a1214640b47ff73bbb30f424b062a83c4,LANDSAT/LC08/C02/T1_L2/LC08_134035_20230724,LC08_134035_20230724,1690171346997,2023-08-25,2023-07-26,2023
AOI-03,57ca12641709501bb5f30118c491acefed62396c209537573d7eed1d5b0cca15,LANDSAT/LC08/C02/T1_L2,2023-07-08T04:02:46.438000+00:00,final-source-scenes-r2-asset-verified,78.8,OUTSIDE_NOMINAL_WINDOW,b21c8cc7f3d4d35e1db4dfa1c8245ff10ba657c0a0a001992b552808766cc49b,REMOVE_SYNTHETIC_MERGE_PREFIX;BIND_PLATFORM_COLLECTION;RESTORE_SYSTEM_INDEX,False,LANDSAT/LC08/C02/T1_L2/1_LC08_134036_20230708,source-scenes-v1,2023-08-10,LANDSAT_8,LPGS_16.3.0,LPGS_16.3.0,Collection 2,3938bc2224ec17c189b93b2e00b6d75d644774ea937f398a3cfe9bb57554baf5,landsat,16c26305b0d45436ad8ff8b5269afc1a1214640b47ff73bbb30f424b062a83c4,LANDSAT/LC08/C02/T1_L2/LC08_134036_20230708,LC08_134036_20230708,1688788966438,2023-08-25,2023-07-26,2023
AOI-03,57ca12641709501bb5f30118c491acefed62396c209537573d7eed1d5b0cca15,LANDSAT/LC08/C02/T1_L2,2023-07-24T04:02:50.892000+00:00,final-source-scenes-r2-asset-verified,36.66,OUTSIDE_NOMINAL_WINDOW,b21c8cc7f3d4d35e1db4dfa1c8245ff10ba657c0a0a001992b552808766cc49b,REMOVE_SYNTHETIC_MERGE_PREFIX;BIND_PLATFORM_COLLECTION;RESTORE_SYSTEM_INDEX,False,LANDSAT/LC08/C02/T1_L2/1_LC08_134036_20230724,source-scenes-v1,2023-08-10,LANDSAT_8,LPGS_16.3.0,LPGS_16.3.0,Collection 2,3938bc2224ec17c189b93b2e00b6d75d644774ea937f398a3cfe9bb57554baf5,landsat,16c26305b0d45436ad8ff8b5269afc1a1214640b47ff73bbb30f424b062a83c4,LANDSAT/LC08/C02/T1_L2/LC08_134036_20230724,LC08_134036_20230724,1690171370892,2023-08-25,2023-07-26,2023
AOI-03,57ca12641709501bb5f30118c491acefed62396c209537573d7eed1d5b0cca15,LANDSAT/LC08/C02/T1_L2,2023-08-09T04:02:57.058000+00:00,final-source-scenes-r2-asset-verified,71.4,,b21c8cc7f3d4d35e1db4dfa1c8245ff10ba657c0a0a001992b552808766cc49b,REMOVE_SYNTHETIC_MERGE_PREFIX;BIND_PLATFORM_COLLECTION;RESTORE_SYSTEM_INDEX,True,LANDSAT/LC08/C02/T1_L2/1_LC08_134036_20230809,source-scenes-v1,2023-08-10,LANDSAT_8,LPGS_16.3.0,LPGS_16.3.0,Collection 2,3938bc2224ec17c189b93b2e00b6d75d644774ea937f398a3cfe9bb57554baf5,landsat,16c26305b0d45436ad8ff8b5269afc1a1214640b47ff73bbb30f424b062a83c4,LANDSAT/LC08/C02/T1_L2/LC08_134036_20230809,LC08_134036_20230809,1691553777058,2023-08-25,2023-07-26,2023
AOI-03,57ca12641709501bb5f30118c491acefed62396c209537573d7eed1d5b0cca15,LANDSAT/LC08/C02/T1_L2,2023-07-15T04:08:35.014000+00:00,final-source-scenes-r2-asset-verified,10.56,OUTSIDE_NOMINAL_WINDOW,b21c8cc7f3d4d35e1db4dfa1c8245ff10ba657c0a0a001992b552808766cc49b,REMOVE_SYNTHETIC_MERGE_PREFIX;BIND_PLATFORM_COLLECTION;RESTORE_SYSTEM_INDEX,False,LANDSAT/LC08/C02/T1_L2/1_LC08_135035_20230715,source-scenes-v1,2023-08-10,LANDSAT_8,LPGS_16.3.0,LPGS_16.3.0,Collection 2,3938bc2224ec17c189b93b2e00b6d75d644774ea937f398a3cfe9bb57554baf5,landsat,16c26305b0d45436ad8ff8b5269afc1a1214640b47ff73bbb30f424b062a83c4,LANDSAT/LC08/C02/T1_L2/LC08_135035_20230715,LC08_135035_20230715,1689394115014,2023-08-25,2023-07-26,2023
AOI-03,57ca12641709501bb5f30118c491acefed62396c209537573d7eed1d5b0cca15,LANDSAT/LC09/C02/T1_L2,2023-07-16T04:02:18.172000+00:00,final-source-scenes-r2-asset-verified,17.32,OUTSIDE_NOMINAL_WINDOW,b21c8cc7f3d4d35e1db4dfa1c8245ff10ba657c0a0a001992b552808766cc49b,REMOVE_SYNTHETIC_MERGE_PREFIX;BIND_PLATFORM_COLLECTION;RESTORE_SYSTEM_INDEX,False,LANDSAT/LC08/C02/T1_L2/2_LC09_134035_20230716,source-scenes-v1,2023-08-10,LANDSAT_9,LPGS_16.3.0,LPGS_16.3.0,Collection 2,3938bc2224ec17c189b93b2e00b6d75d644774ea937f398a3cfe9bb57554baf5,landsat,16c26305b0d45436ad8ff8b5269afc1a1214640b47ff73bbb30f424b062a83c4,LANDSAT/LC09/C02/T1_L2/LC09_134035_20230716,LC09_134035_20230716,1689480138172,2023-08-25,2023-07-26,2023
AOI-03,57ca12641709501bb5f30118c491acefed62396c209537573d7eed1d5b0cca15,LANDSAT/LC09/C02/T1_L2,2023-08-01T04:02:23.914000+00:00,final-source-scenes-r2-asset-verified,45.85,,b21c8cc7f3d4d35e1db4dfa1c8245ff10ba657c0a0a001992b552808766cc49b,REMOVE_SYNTHETIC_MERGE_PREFIX;BIND_PLATFORM_COLLECTION;RESTORE_SYSTEM_INDEX,True,LANDSAT/LC08/C02/T1_L2/2_LC09_134035_20230801,source-scenes-v1,2023-08-10,LANDSAT_9,LPGS_16.3.0,LPGS_16.3.0,Collection 2,3938bc2224ec17c189b93b2e00b6d75d644774ea937f398a3cfe9bb57554baf5,landsat,16c26305b0d45436ad8ff8b5269afc1a1214640b47ff73bbb30f424b062a83c4,LANDSAT/LC09/C02/T1_L2/LC09_134035_20230801,LC09_134035_20230801,1690862543914,2023-08-25,2023-07-26,2023
AOI-03,57ca12641709501bb5f30118c491acefed62396c209537573d7eed1d5b0cca15,LANDSAT/LC09/C02/T1_L2,2023-08-17T04:02:27.639000+00:00,final-source-scenes-r2-asset-verified,50.16,,b21c8cc7f3d4d35e1db4dfa1c8245ff10ba657c0a0a001992b552808766cc49b,REMOVE_SYNTHETIC_MERGE_PREFIX;BIND_PLATFORM_COLLECTION;RESTORE_SYSTEM_INDEX,True,LANDSAT/LC08/C02/T1_L2/2_LC09_134035_20230817,source-scenes-v1,2023-08-10,LANDSAT_9,LPGS_16.3.0,LPGS_16.3.0,Collection 2,3938bc2224ec17c189b93b2e00b6d75d644774ea937f398a3cfe9bb57554baf5,landsat,16c26305b0d45436ad8ff8b5269afc1a1214640b47ff73bbb30f424b062a83c4,LANDSAT/LC09/C02/T1_L2/LC09_134035_20230817,LC09_134035_20230817,1692244947639,2023-08-25,2023-07-26,2023
AOI-03,57ca12641709501bb5f30118c491acefed62396c209537573d7eed1d5b0cca15,LANDSAT/LC09/C02/T1_L2,2023-07-16T04:02:42.059000+00:00,final-source-scenes-r2-asset-verified,57.76,OUTSIDE_NOMINAL_WINDOW,b21c8cc7f3d4d35e1db4dfa1c8245ff10ba657c0a0a001992b552808766cc49b,REMOVE_SYNTHETIC_MERGE_PREFIX;BIND_PLATFORM_COLLECTION;RESTORE_SYSTEM_INDEX,False,LANDSAT/LC08/C02/T1_L2/2_LC09_134036_20230716,source-scenes-v1,2023-08-10,LANDSAT_9,LPGS_16.3.0,LPGS_16.3.0,Collection 2,3938bc2224ec17c189b93b2e00b6d75d644774ea937f398a3cfe9bb57554baf5,landsat,16c26305b0d45436ad8ff8b5269afc1a1214640b47ff73bbb30f424b062a83c4,LANDSAT/LC09/C02/T1_L2/LC09_134036_20230716,LC09_134036_20230716,1689480162059,2023-08-25,2023-07-26,2023
AOI-03,57ca12641709501bb5f30118c491acefed62396c209537573d7eed1d5b0cca15,LANDSAT/LC09/C02/T1_L2,2023-08-01T04:02:47.801000+00:00,final-source-scenes-r2-asset-verified,52.74,,b21c8cc7f3d4d35e1db4dfa1c8245ff10ba657c0a0a001992b552808766cc49b,REMOVE_SYNTHETIC_MERGE_PREFIX;BIND_PLATFORM_COLLECTION;RESTORE_SYSTEM_INDEX,True,LANDSAT/LC08/C02/T1_L2/2_LC09_134036_20230801,source-scenes-v1,2023-08-10,LANDSAT_9,LPGS_16.3.0,LPGS_16.3.0,Collection 2,3938bc2224ec17c189b93b2e00b6d75d644774ea937f398a3cfe9bb57554baf5,landsat,16c26305b0d45436ad8ff8b5269afc1a1214640b47ff73bbb30f424b062a83c4,LANDSAT/LC09/C02/T1_L2/LC09_134036_20230801,LC09_134036_20230801,1690862567801,2023-08-25,2023-07-26,2023
AOI-03,57ca12641709501bb5f30118c491acefed62396c209537573d7eed1d5b0cca15,LANDSAT/LC09/C02/T1_L2,2023-07-07T04:08:25.697000+00:00,final-source-scenes-r2-asset-verified,8.86,OUTSIDE_NOMINAL_WINDOW,b21c8cc7f3d4d35e1db4dfa1c8245ff10ba657c0a0a001992b552808766cc49b,REMOVE_SYNTHETIC_MERGE_PREFIX;BIND_PLATFORM_COLLECTION;RESTORE_SYSTEM_INDEX,False,LANDSAT/LC08/C02/T1_L2/2_LC09_135035_20230707,source-scenes-v1,2023-08-10,LANDSAT_9,LPGS_16.3.0,LPGS_16.3.0,Collection 2,3938bc2224ec17c189b93b2e00b6d75d644774ea937f398a3cfe9bb57554baf5,landsat,16c26305b0d45436ad8ff8b5269afc1a1214640b47ff73bbb30f424b062a83c4,LANDSAT/LC09/C02/T1_L2/LC09_135035_20230707,LC09_135035_20230707,1688702905697,2023-08-25,2023-07-26,2023
AOI-03,57ca12641709501bb5f30118c491acefed62396c209537573d7eed1d5b0cca15,LANDSAT/LC09/C02/T1_L2,2023-07-23T04:08:27.830000+00:00,final-source-scenes-r2-asset-verified,37.9,OUTSIDE_NOMINAL_WINDOW,b21c8cc7f3d4d35e1db4dfa1c8245ff10ba657c0a0a001992b552808766cc49b,REMOVE_SYNTHETIC_MERGE_PREFIX;BIND_PLATFORM_COLLECTION;RESTORE_SYSTEM_INDEX,False,LANDSAT/LC08/C02/T1_L2/2_LC09_135035_20230723,source-scenes-v1,2023-08-10,LANDSAT_9,LPGS_16.3.0,LPGS_16.3.0,Collection 2,3938bc2224ec17c189b93b2e00b6d75d644774ea937f398a3cfe9bb57554baf5,landsat,16c26305b0d45436ad8ff8b5269afc1a1214640b47ff73bbb30f424b062a83c4,LANDSAT/LC09/C02/T1_L2/LC09_135035_20230723,LC09_135035_20230723,1690085307830,2023-08-25,2023-07-26,2023
AOI-03,57ca12641709501bb5f30118c491acefed62396c209537573d7eed1d5b0cca15,LANDSAT/LC09/C02/T1_L2,2023-08-08T04:08:38.511000+00:00,final-source-scenes-r2-asset-verified,23.82,,b21c8cc7f3d4d35e1db4dfa1c8245ff10ba657c0a0a001992b552808766cc49b,REMOVE_SYNTHETIC_MERGE_PREFIX;BIND_PLATFORM_COLLECTION;RESTORE_SYSTEM_INDEX,True,LANDSAT/LC08/C02/T1_L2/2_LC09_135035_20230808,source-scenes-v1,2023-08-10,LANDSAT_9,LPGS_16.3.0,LPGS_16.3.0,Collection 2,3938bc2224ec17c189b93b2e00b6d75d644774ea937f398a3cfe9bb57554baf5,landsat,16c26305b0d45436ad8ff8b5269afc1a1214640b47ff73bbb30f424b062a83c4,LANDSAT/LC09/C02/T1_L2/LC09_135035_20230808,LC09_135035_20230808,1691467718511,2023-08-25,2023-07-26,2023
AOI-03,57ca12641709501bb5f30118c491acefed62396c209537573d7eed1d5b0cca15,LANDSAT/LC09/C02/T1_L2,2023-08-24T04:08:44.680000+00:00,final-source-scenes-r2-asset-verified,43,,b21c8cc7f3d4d35e1db4dfa1c8245ff10ba657c0a0a001992b552808766cc49b,REMOVE_SYNTHETIC_MERGE_PREFIX;BIND_PLATFORM_COLLECTION;RESTORE_SYSTEM_INDEX,True,LANDSAT/LC08/C02/T1_L2/2_LC09_135035_20230824,source-scenes-v1,2023-08-10,LANDSAT_9,LPGS_16.3.0,LPGS_16.3.0,Collection 2,3938bc2224ec17c189b93b2e00b6d75d644774ea937f398a3cfe9bb57554baf5,landsat,16c26305b0d45436ad8ff8b5269afc1a1214640b47ff73bbb30f424b062a83c4,LANDSAT/LC09/C02/T1_L2/LC09_135035_20230824,LC09_135035_20230824,1692850124680,2023-08-25,2023-07-26,2023
AOI-03,57ca12641709501bb5f30118c491acefed62396c209537573d7eed1d5b0cca15,LANDSAT/LC08/C02/T1_L2,2024-07-10T04:02:05.116000+00:00,final-source-scenes-r2-asset-verified,71.2,,b21c8cc7f3d4d35e1db4dfa1c8245ff10ba657c0a0a001992b552808766cc49b,REMOVE_SYNTHETIC_MERGE_PREFIX;BIND_PLATFORM_COLLECTION;RESTORE_SYSTEM_INDEX,True,LANDSAT/LC08/C02/T1_L2/1_LC08_134035_20240710,source-scenes-v1,2024-07-20,LANDSAT_8,LPGS_16.4.0,LPGS_16.4.0,Collection 2,d641e9d809a449aed5ba6ccf618543c992320ba0daa1d705297926dc9cf8b6b8,landsat,b72d5e77f3a4250cdf76ae66ecd2dccc3f964943ee7f9e2e2c963160c1b97aae,LANDSAT/LC08/C02/T1_L2/LC08_134035_20240710,LC08_134035_20240710,1720584125116,2024-08-04,2024-07-05,2024
AOI-03,57ca12641709501bb5f30118c491acefed62396c209537573d7eed1d5b0cca15,LANDSAT/LC08/C02/T1_L2,2024-08-11T04:02:18.642000+00:00,final-source-scenes-r2-asset-verified,2.06,OUTSIDE_NOMINAL_WINDOW,b21c8cc7f3d4d35e1db4dfa1c8245ff10ba657c0a0a001992b552808766cc49b,REMOVE_SYNTHETIC_MERGE_PREFIX;BIND_PLATFORM_COLLECTION;RESTORE_SYSTEM_INDEX,False,LANDSAT/LC08/C02/T1_L2/1_LC08_134035_20240811,source-scenes-v1,2024-07-20,LANDSAT_8,LPGS_16.4.0,LPGS_16.4.0,Collection 2,d641e9d809a449aed5ba6ccf618543c992320ba0daa1d705297926dc9cf8b6b8,landsat,b72d5e77f3a4250cdf76ae66ecd2dccc3f964943ee7f9e2e2c963160c1b97aae,LANDSAT/LC08/C02/T1_L2/LC08_134035_20240811,LC08_134035_20240811,1723348938642,2024-08-04,2024-07-05,2024
AOI-03,57ca12641709501bb5f30118c491acefed62396c209537573d7eed1d5b0cca15,LANDSAT/LC08/C02/T1_L2,2024-07-10T04:02:29.012000+00:00,final-source-scenes-r2-asset-verified,79.86,,b21c8cc7f3d4d35e1db4dfa1c8245ff10ba657c0a0a001992b552808766cc49b,REMOVE_SYNTHETIC_MERGE_PREFIX;BIND_PLATFORM_COLLECTION;RESTORE_SYSTEM_INDEX,True,LANDSAT/LC08/C02/T1_L2/1_LC08_134036_20240710,source-scenes-v1,2024-07-20,LANDSAT_8,LPGS_16.4.0,LPGS_16.4.0,Collection 2,d641e9d809a449aed5ba6ccf618543c992320ba0daa1d705297926dc9cf8b6b8,landsat,b72d5e77f3a4250cdf76ae66ecd2dccc3f964943ee7f9e2e2c963160c1b97aae,LANDSAT/LC08/C02/T1_L2/LC08_134036_20240710,LC08_134036_20240710,1720584149012,2024-08-04,2024-07-05,2024
AOI-03,57ca12641709501bb5f30118c491acefed62396c209537573d7eed1d5b0cca15,LANDSAT/LC08/C02/T1_L2,2024-08-11T04:02:42.529000+00:00,final-source-scenes-r2-asset-verified,8.82,OUTSIDE_NOMINAL_WINDOW,b21c8cc7f3d4d35e1db4dfa1c8245ff10ba657c0a0a001992b552808766cc49b,REMOVE_SYNTHETIC_MERGE_PREFIX;BIND_PLATFORM_COLLECTION;RESTORE_SYSTEM_INDEX,False,LANDSAT/LC08/C02/T1_L2/1_LC08_134036_20240811,source-scenes-v1,2024-07-20,LANDSAT_8,LPGS_16.4.0,LPGS_16.4.0,Collection 2,d641e9d809a449aed5ba6ccf618543c992320ba0daa1d705297926dc9cf8b6b8,landsat,b72d5e77f3a4250cdf76ae66ecd2dccc3f964943ee7f9e2e2c963160c1b97aae,LANDSAT/LC08/C02/T1_L2/LC08_134036_20240811,LC08_134036_20240811,1723348962529,2024-08-04,2024-07-05,2024
AOI-03,57ca12641709501bb5f30118c491acefed62396c209537573d7eed1d5b0cca15,LANDSAT/LC08/C02/T1_L2,2024-07-17T04:08:23.995000+00:00,final-source-scenes-r2-asset-verified,40.21,,b21c8cc7f3d4d35e1db4dfa1c8245ff10ba657c0a0a001992b552808766cc49b,REMOVE_SYNTHETIC_MERGE_PREFIX;BIND_PLATFORM_COLLECTION;RESTORE_SYSTEM_INDEX,True,LANDSAT/LC08/C02/T1_L2/1_LC08_135035_20240717,source-scenes-v1,2024-07-20,LANDSAT_8,LPGS_16.4.0,LPGS_16.4.0,Collection 2,d641e9d809a449aed5ba6ccf618543c992320ba0daa1d705297926dc9cf8b6b8,landsat,b72d5e77f3a4250cdf76ae66ecd2dccc3f964943ee7f9e2e2c963160c1b97aae,LANDSAT/LC08/C02/T1_L2/LC08_135035_20240717,LC08_135035_20240717,1721189303995,2024-08-04,2024-07-05,2024
AOI-03,57ca12641709501bb5f30118c491acefed62396c209537573d7eed1d5b0cca15,LANDSAT/LC08/C02/T1_L2,2024-08-02T04:08:28.831000+00:00,final-source-scenes-r2-asset-verified,52.65,,b21c8cc7f3d4d35e1db4dfa1c8245ff10ba657c0a0a001992b552808766cc49b,REMOVE_SYNTHETIC_MERGE_PREFIX;BIND_PLATFORM_COLLECTION;RESTORE_SYSTEM_INDEX,True,LANDSAT/LC08/C02/T1_L2/1_LC08_135035_20240802,source-scenes-v1,2024-07-20,LANDSAT_8,LPGS_16.4.0,LPGS_16.4.0,Collection 2,d641e9d809a449aed5ba6ccf618543c992320ba0daa1d705297926dc9cf8b6b8,landsat,b72d5e77f3a4250cdf76ae66ecd2dccc3f964943ee7f9e2e2c963160c1b97aae,LANDSAT/LC08/C02/T1_L2/LC08_135035_20240802,LC08_135035_20240802,1722571708831,2024-08-04,2024-07-05,2024
AOI-03,57ca12641709501bb5f30118c491acefed62396c209537573d7eed1d5b0cca15,LANDSAT/LC08/C02/T1_L2,2024-08-18T04:08:36.044000+00:00,final-source-scenes-r2-asset-verified,0,OUTSIDE_NOMINAL_WINDOW,b21c8cc7f3d4d35e1db4dfa1c8245ff10ba657c0a0a001992b552808766cc49b,REMOVE_SYNTHETIC_MERGE_PREFIX;BIND_PLATFORM_COLLECTION;RESTORE_SYSTEM_INDEX,False,LANDSAT/LC08/C02/T1_L2/1_LC08_135035_20240818,source-scenes-v1,2024-07-20,LANDSAT_8,LPGS_16.4.0,LPGS_16.4.0,Collection 2,d641e9d809a449aed5ba6ccf618543c992320ba0daa1d705297926dc9cf8b6b8,landsat,b72d5e77f3a4250cdf76ae66ecd2dccc3f964943ee7f9e2e2c963160c1b97aae,LANDSAT/LC08/C02/T1_L2/LC08_135035_20240818,LC08_135035_20240818,1723954116044,2024-08-04,2024-07-05,2024
AOI-03,57ca12641709501bb5f30118c491acefed62396c209537573d7eed1d5b0cca15,LANDSAT/LC09/C02/T1_L2,2024-08-03T04:02:12.249000+00:00,final-source-scenes-r2-asset-verified,18.93,,b21c8cc7f3d4d35e1db4dfa1c8245ff10ba657c0a0a001992b552808766cc49b,REMOVE_SYNTHETIC_MERGE_PREFIX;BIND_PLATFORM_COLLECTION;RESTORE_SYSTEM_INDEX,True,LANDSAT/LC08/C02/T1_L2/2_LC09_134035_20240803,source-scenes-v1,2024-07-20,LANDSAT_9,LPGS_16.4.0,LPGS_16.4.0,Collection 2,d641e9d809a449aed5ba6ccf618543c992320ba0daa1d705297926dc9cf8b6b8,landsat,b72d5e77f3a4250cdf76ae66ecd2dccc3f964943ee7f9e2e2c963160c1b97aae,LANDSAT/LC09/C02/T1_L2/LC09_134035_20240803,LC09_134035_20240803,1722657732249,2024-08-04,2024-07-05,2024
AOI-03,57ca12641709501bb5f30118c491acefed62396c209537573d7eed1d5b0cca15,LANDSAT/LC09/C02/T1_L2,2024-08-19T04:02:22.604000+00:00,final-source-scenes-r2-asset-verified,0,OUTSIDE_NOMINAL_WINDOW,b21c8cc7f3d4d35e1db4dfa1c8245ff10ba657c0a0a001992b552808766cc49b,REMOVE_SYNTHETIC_MERGE_PREFIX;BIND_PLATFORM_COLLECTION;RESTORE_SYSTEM_INDEX,False,LANDSAT/LC08/C02/T1_L2/2_LC09_134035_20240819,source-scenes-v1,2024-07-20,LANDSAT_9,LPGS_16.4.0,LPGS_16.4.0,Collection 2,d641e9d809a449aed5ba6ccf618543c992320ba0daa1d705297926dc9cf8b6b8,landsat,b72d5e77f3a4250cdf76ae66ecd2dccc3f964943ee7f9e2e2c963160c1b97aae,LANDSAT/LC09/C02/T1_L2/LC09_134035_20240819,LC09_134035_20240819,1724040142604,2024-08-04,2024-07-05,2024
AOI-03,57ca12641709501bb5f30118c491acefed62396c209537573d7eed1d5b0cca15,LANDSAT/LC09/C02/T1_L2,2024-08-03T04:02:36.140000+00:00,final-source-scenes-r2-asset-verified,23.06,,b21c8cc7f3d4d35e1db4dfa1c8245ff10ba657c0a0a001992b552808766cc49b,REMOVE_SYNTHETIC_MERGE_PREFIX;BIND_PLATFORM_COLLECTION;RESTORE_SYSTEM_INDEX,True,LANDSAT/LC08/C02/T1_L2/2_LC09_134036_20240803,source-scenes-v1,2024-07-20,LANDSAT_9,LPGS_16.4.0,LPGS_16.4.0,Collection 2,d641e9d809a449aed5ba6ccf618543c992320ba0daa1d705297926dc9cf8b6b8,landsat,b72d5e77f3a4250cdf76ae66ecd2dccc3f964943ee7f9e2e2c963160c1b97aae,LANDSAT/LC09/C02/T1_L2/LC09_134036_20240803,LC09_134036_20240803,1722657756140,2024-08-04,2024-07-05,2024
AOI-03,57ca12641709501bb5f30118c491acefed62396c209537573d7eed1d5b0cca15,LANDSAT/LC09/C02/T1_L2,2024-08-19T04:02:46.495000+00:00,final-source-scenes-r2-asset-verified,0.02,OUTSIDE_NOMINAL_WINDOW,b21c8cc7f3d4d35e1db4dfa1c8245ff10ba657c0a0a001992b552808766cc49b,REMOVE_SYNTHETIC_MERGE_PREFIX;BIND_PLATFORM_COLLECTION;RESTORE_SYSTEM_INDEX,False,LANDSAT/LC08/C02/T1_L2/2_LC09_134036_20240819,source-scenes-v1,2024-07-20,LANDSAT_9,LPGS_16.4.0,LPGS_16.4.0,Collection 2,d641e9d809a449aed5ba6ccf618543c992320ba0daa1d705297926dc9cf8b6b8,landsat,b72d5e77f3a4250cdf76ae66ecd2dccc3f964943ee7f9e2e2c963160c1b97aae,LANDSAT/LC09/C02/T1_L2/LC09_134036_20240819,LC09_134036_20240819,1724040166495,2024-08-04,2024-07-05,2024
AOI-03,57ca12641709501bb5f30118c491acefed62396c209537573d7eed1d5b0cca15,LANDSAT/LC09/C02/T1_L2,2024-07-09T04:08:14.097000+00:00,final-source-scenes-r2-asset-verified,46.55,,b21c8cc7f3d4d35e1db4dfa1c8245ff10ba657c0a0a001992b552808766cc49b,REMOVE_SYNTHETIC_MERGE_PREFIX;BIND_PLATFORM_COLLECTION;RESTORE_SYSTEM_INDEX,True,LANDSAT/LC08/C02/T1_L2/2_LC09_135035_20240709,source-scenes-v1,2024-07-20,LANDSAT_9,LPGS_16.4.0,LPGS_16.4.0,Collection 2,d641e9d809a449aed5ba6ccf618543c992320ba0daa1d705297926dc9cf8b6b8,landsat,b72d5e77f3a4250cdf76ae66ecd2dccc3f964943ee7f9e2e2c963160c1b97aae,LANDSAT/LC09/C02/T1_L2/LC09_135035_20240709,LC09_135035_20240709,1720498094097,2024-08-04,2024-07-05,2024
AOI-03,57ca12641709501bb5f30118c491acefed62396c209537573d7eed1d5b0cca15,LANDSAT/LC09/C02/T1_L2,2024-07-25T04:08:17.479000+00:00,final-source-scenes-r2-asset-verified,30.74,,b21c8cc7f3d4d35e1db4dfa1c8245ff10ba657c0a0a001992b552808766cc49b,REMOVE_SYNTHETIC_MERGE_PREFIX;BIND_PLATFORM_COLLECTION;RESTORE_SYSTEM_INDEX,True,LANDSAT/LC08/C02/T1_L2/2_LC09_135035_20240725,source-scenes-v1,2024-07-20,LANDSAT_9,LPGS_16.4.0,LPGS_16.4.0,Collection 2,d641e9d809a449aed5ba6ccf618543c992320ba0daa1d705297926dc9cf8b6b8,landsat,b72d5e77f3a4250cdf76ae66ecd2dccc3f964943ee7f9e2e2c963160c1b97aae,LANDSAT/LC09/C02/T1_L2/LC09_135035_20240725,LC09_135035_20240725,1721880497479,2024-08-04,2024-07-05,2024
AOI-03,57ca12641709501bb5f30118c491acefed62396c209537573d7eed1d5b0cca15,LANDSAT/LC09/C02/T1_L2,2024-08-10T04:08:25.738000+00:00,final-source-scenes-r2-asset-verified,0.2,OUTSIDE_NOMINAL_WINDOW,b21c8cc7f3d4d35e1db4dfa1c8245ff10ba657c0a0a001992b552808766cc49b,REMOVE_SYNTHETIC_MERGE_PREFIX;BIND_PLATFORM_COLLECTION;RESTORE_SYSTEM_INDEX,False,LANDSAT/LC08/C02/T1_L2/2_LC09_135035_20240810,source-scenes-v1,2024-07-20,LANDSAT_9,LPGS_16.4.0,LPGS_16.4.0,Collection 2,d641e9d809a449aed5ba6ccf618543c992320ba0daa1d705297926dc9cf8b6b8,landsat,b72d5e77f3a4250cdf76ae66ecd2dccc3f964943ee7f9e2e2c963160c1b97aae,LANDSAT/LC09/C02/T1_L2/LC09_135035_20240810,LC09_135035_20240810,1723262905738,2024-08-04,2024-07-05,2024
AOI-03,57ca12641709501bb5f30118c491acefed62396c209537573d7eed1d5b0cca15,LANDSAT/LC08/C02/T1_L2,2024-07-10T04:02:05.116000+00:00,final-source-scenes-r2-asset-verified,71.2,OUTSIDE_NOMINAL_WINDOW,b21c8cc7f3d4d35e1db4dfa1c8245ff10ba657c0a0a001992b552808766cc49b,REMOVE_SYNTHETIC_MERGE_PREFIX;BIND_PLATFORM_COLLECTION;RESTORE_SYSTEM_INDEX,False,LANDSAT/LC08/C02/T1_L2/1_LC08_134035_20240710,source-scenes-v1,2024-07-31,LANDSAT_8,LPGS_16.4.0,LPGS_16.4.0,Collection 2,1ce555548e598a952c6a328f6000c404b4c96ff0f126b3071cd51e987ea7690c,landsat,e515dcbe3d29ad22cba0f05588007f45a8b8d372e7135bd30c6b67f0f8904fae,LANDSAT/LC08/C02/T1_L2/LC08_134035_20240710,LC08_134035_20240710,1720584125116,2024-08-15,2024-07-16,2024
AOI-03,57ca12641709501bb5f30118c491acefed62396c209537573d7eed1d5b0cca15,LANDSAT/LC08/C02/T1_L2,2024-08-11T04:02:18.642000+00:00,final-source-scenes-r2-asset-verified,2.06,,b21c8cc7f3d4d35e1db4dfa1c8245ff10ba657c0a0a001992b552808766cc49b,REMOVE_SYNTHETIC_MERGE_PREFIX;BIND_PLATFORM_COLLECTION;RESTORE_SYSTEM_INDEX,True,LANDSAT/LC08/C02/T1_L2/1_LC08_134035_20240811,source-scenes-v1,2024-07-31,LANDSAT_8,LPGS_16.4.0,LPGS_16.4.0,Collection 2,1ce555548e598a952c6a328f6000c404b4c96ff0f126b3071cd51e987ea7690c,landsat,e515dcbe3d29ad22cba0f05588007f45a8b8d372e7135bd30c6b67f0f8904fae,LANDSAT/LC08/C02/T1_L2/LC08_134035_20240811,LC08_134035_20240811,1723348938642,2024-08-15,2024-07-16,2024
AOI-03,57ca12641709501bb5f30118c491acefed62396c209537573d7eed1d5b0cca15,LANDSAT/LC08/C02/T1_L2,2024-07-10T04:02:29.012000+00:00,final-source-scenes-r2-asset-verified,79.86,OUTSIDE_NOMINAL_WINDOW,b21c8cc7f3d4d35e1db4dfa1c8245ff10ba657c0a0a001992b552808766cc49b,REMOVE_SYNTHETIC_MERGE_PREFIX;BIND_PLATFORM_COLLECTION;RESTORE_SYSTEM_INDEX,False,LANDSAT/LC08/C02/T1_L2/1_LC08_134036_20240710,source-scenes-v1,2024-07-31,LANDSAT_8,LPGS_16.4.0,LPGS_16.4.0,Collection 2,1ce555548e598a952c6a328f6000c404b4c96ff0f126b3071cd51e987ea7690c,landsat,e515dcbe3d29ad22cba0f05588007f45a8b8d372e7135bd30c6b67f0f8904fae,LANDSAT/LC08/C02/T1_L2/LC08_134036_20240710,LC08_134036_20240710,1720584149012,2024-08-15,2024-07-16,2024
AOI-03,57ca12641709501bb5f30118c491acefed62396c209537573d7eed1d5b0cca15,LANDSAT/LC08/C02/T1_L2,2024-08-11T04:02:42.529000+00:00,final-source-scenes-r2-asset-verified,8.82,,b21c8cc7f3d4d35e1db4dfa1c8245ff10ba657c0a0a001992b552808766cc49b,REMOVE_SYNTHETIC_MERGE_PREFIX;BIND_PLATFORM_COLLECTION;RESTORE_SYSTEM_INDEX,True,LANDSAT/LC08/C02/T1_L2/1_LC08_134036_20240811,source-scenes-v1,2024-07-31,LANDSAT_8,LPGS_16.4.0,LPGS_16.4.0,Collection 2,1ce555548e598a952c6a328f6000c404b4c96ff0f126b3071cd51e987ea7690c,landsat,e515dcbe3d29ad22cba0f05588007f45a8b8d372e7135bd30c6b67f0f8904fae,LANDSAT/LC08/C02/T1_L2/LC08_134036_20240811,LC08_134036_20240811,1723348962529,2024-08-15,2024-07-16,2024
AOI-03,57ca12641709501bb5f30118c491acefed62396c209537573d7eed1d5b0cca15,LANDSAT/LC08/C02/T1_L2,2024-07-17T04:08:23.995000+00:00,final-source-scenes-r2-asset-verified,40.21,,b21c8cc7f3d4d35e1db4dfa1c8245ff10ba657c0a0a001992b552808766cc49b,REMOVE_SYNTHETIC_MERGE_PREFIX;BIND_PLATFORM_COLLECTION;RESTORE_SYSTEM_INDEX,True,LANDSAT/LC08/C02/T1_L2/1_LC08_135035_20240717,source-scenes-v1,2024-07-31,LANDSAT_8,LPGS_16.4.0,LPGS_16.4.0,Collection 2,1ce555548e598a952c6a328f6000c404b4c96ff0f126b3071cd51e987ea7690c,landsat,e515dcbe3d29ad22cba0f05588007f45a8b8d372e7135bd30c6b67f0f8904fae,LANDSAT/LC08/C02/T1_L2/LC08_135035_20240717,LC08_135035_20240717,1721189303995,2024-08-15,2024-07-16,2024
AOI-03,57ca12641709501bb5f30118c491acefed62396c209537573d7eed1d5b0cca15,LANDSAT/LC08/C02/T1_L2,2024-08-02T04:08:28.831000+00:00,final-source-scenes-r2-asset-verified,52.65,,b21c8cc7f3d4d35e1db4dfa1c8245ff10ba657c0a0a001992b552808766cc49b,REMOVE_SYNTHETIC_MERGE_PREFIX;BIND_PLATFORM_COLLECTION;RESTORE_SYSTEM_INDEX,True,LANDSAT/LC08/C02/T1_L2/1_LC08_135035_20240802,source-scenes-v1,2024-07-31,LANDSAT_8,LPGS_16.4.0,LPGS_16.4.0,Collection 2,1ce555548e598a952c6a328f6000c404b4c96ff0f126b3071cd51e987ea7690c,landsat,e515dcbe3d29ad22cba0f05588007f45a8b8d372e7135bd30c6b67f0f8904fae,LANDSAT/LC08/C02/T1_L2/LC08_135035_20240802,LC08_135035_20240802,1722571708831,2024-08-15,2024-07-16,2024
AOI-03,57ca12641709501bb5f30118c491acefed62396c209537573d7eed1d5b0cca15,LANDSAT/LC08/C02/T1_L2,2024-08-18T04:08:36.044000+00:00,final-source-scenes-r2-asset-verified,0,OUTSIDE_NOMINAL_WINDOW,b21c8cc7f3d4d35e1db4dfa1c8245ff10ba657c0a0a001992b552808766cc49b,REMOVE_SYNTHETIC_MERGE_PREFIX;BIND_PLATFORM_COLLECTION;RESTORE_SYSTEM_INDEX,False,LANDSAT/LC08/C02/T1_L2/1_LC08_135035_20240818,source-scenes-v1,2024-07-31,LANDSAT_8,LPGS_16.4.0,LPGS_16.4.0,Collection 2,1ce555548e598a952c6a328f6000c404b4c96ff0f126b3071cd51e987ea7690c,landsat,e515dcbe3d29ad22cba0f05588007f45a8b8d372e7135bd30c6b67f0f8904fae,LANDSAT/LC08/C02/T1_L2/LC08_135035_20240818,LC08_135035_20240818,1723954116044,2024-08-15,2024-07-16,2024
AOI-03,57ca12641709501bb5f30118c491acefed62396c209537573d7eed1d5b0cca15,LANDSAT/LC09/C02/T1_L2,2024-08-03T04:02:12.249000+00:00,final-source-scenes-r2-asset-verified,18.93,,b21c8cc7f3d4d35e1db4dfa1c8245ff10ba657c0a0a001992b552808766cc49b,REMOVE_SYNTHETIC_MERGE_PREFIX;BIND_PLATFORM_COLLECTION;RESTORE_SYSTEM_INDEX,True,LANDSAT/LC08/C02/T1_L2/2_LC09_134035_20240803,source-scenes-v1,2024-07-31,LANDSAT_9,LPGS_16.4.0,LPGS_16.4.0,Collection 2,1ce555548e598a952c6a328f6000c404b4c96ff0f126b3071cd51e987ea7690c,landsat,e515dcbe3d29ad22cba0f05588007f45a8b8d372e7135bd30c6b67f0f8904fae,LANDSAT/LC09/C02/T1_L2/LC09_134035_20240803,LC09_134035_20240803,1722657732249,2024-08-15,2024-07-16,2024
AOI-03,57ca12641709501bb5f30118c491acefed62396c209537573d7eed1d5b0cca15,LANDSAT/LC09/C02/T1_L2,2024-08-19T04:02:22.604000+00:00,final-source-scenes-r2-asset-verified,0,OUTSIDE_NOMINAL_WINDOW,b21c8cc7f3d4d35e1db4dfa1c8245ff10ba657c0a0a001992b552808766cc49b,REMOVE_SYNTHETIC_MERGE_PREFIX;BIND_PLATFORM_COLLECTION;RESTORE_SYSTEM_INDEX,False,LANDSAT/LC08/C02/T1_L2/2_LC09_134035_20240819,source-scenes-v1,2024-07-31,LANDSAT_9,LPGS_16.4.0,LPGS_16.4.0,Collection 2,1ce555548e598a952c6a328f6000c404b4c96ff0f126b3071cd51e987ea7690c,landsat,e515dcbe3d29ad22cba0f05588007f45a8b8d372e7135bd30c6b67f0f8904fae,LANDSAT/LC09/C02/T1_L2/LC09_134035_20240819,LC09_134035_20240819,1724040142604,2024-08-15,2024-07-16,2024
AOI-03,57ca12641709501bb5f30118c491acefed62396c209537573d7eed1d5b0cca15,LANDSAT/LC09/C02/T1_L2,2024-08-03T04:02:36.140000+00:00,final-source-scenes-r2-asset-verified,23.06,,b21c8cc7f3d4d35e1db4dfa1c8245ff10ba657c0a0a001992b552808766cc49b,REMOVE_SYNTHETIC_MERGE_PREFIX;BIND_PLATFORM_COLLECTION;RESTORE_SYSTEM_INDEX,True,LANDSAT/LC08/C02/T1_L2/2_LC09_134036_20240803,source-scenes-v1,2024-07-31,LANDSAT_9,LPGS_16.4.0,LPGS_16.4.0,Collection 2,1ce555548e598a952c6a328f6000c404b4c96ff0f126b3071cd51e987ea7690c,landsat,e515dcbe3d29ad22cba0f05588007f45a8b8d372e7135bd30c6b67f0f8904fae,LANDSAT/LC09/C02/T1_L2/LC09_134036_20240803,LC09_134036_20240803,1722657756140,2024-08-15,2024-07-16,2024
AOI-03,57ca12641709501bb5f30118c491acefed62396c209537573d7eed1d5b0cca15,LANDSAT/LC09/C02/T1_L2,2024-08-19T04:02:46.495000+00:00,final-source-scenes-r2-asset-verified,0.02,OUTSIDE_NOMINAL_WINDOW,b21c8cc7f3d4d35e1db4dfa1c8245ff10ba657c0a0a001992b552808766cc49b,REMOVE_SYNTHETIC_MERGE_PREFIX;BIND_PLATFORM_COLLECTION;RESTORE_SYSTEM_INDEX,False,LANDSAT/LC08/C02/T1_L2/2_LC09_134036_20240819,source-scenes-v1,2024-07-31,LANDSAT_9,LPGS_16.4.0,LPGS_16.4.0,Collection 2,1ce555548e598a952c6a328f6000c404b4c96ff0f126b3071cd51e987ea7690c,landsat,e515dcbe3d29ad22cba0f05588007f45a8b8d372e7135bd30c6b67f0f8904fae,LANDSAT/LC09/C02/T1_L2/LC09_134036_20240819,LC09_134036_20240819,1724040166495,2024-08-15,2024-07-16,2024
AOI-03,57ca12641709501bb5f30118c491acefed62396c209537573d7eed1d5b0cca15,LANDSAT/LC09/C02/T1_L2,2024-07-09T04:08:14.097000+00:00,final-source-scenes-r2-asset-verified,46.55,OUTSIDE_NOMINAL_WINDOW,b21c8cc7f3d4d35e1db4dfa1c8245ff10ba657c0a0a001992b552808766cc49b,REMOVE_SYNTHETIC_MERGE_PREFIX;BIND_PLATFORM_COLLECTION;RESTORE_SYSTEM_INDEX,False,LANDSAT/LC08/C02/T1_L2/2_LC09_135035_20240709,source-scenes-v1,2024-07-31,LANDSAT_9,LPGS_16.4.0,LPGS_16.4.0,Collection 2,1ce555548e598a952c6a328f6000c404b4c96ff0f126b3071cd51e987ea7690c,landsat,e515dcbe3d29ad22cba0f05588007f45a8b8d372e7135bd30c6b67f0f8904fae,LANDSAT/LC09/C02/T1_L2/LC09_135035_20240709,LC09_135035_20240709,1720498094097,2024-08-15,2024-07-16,2024
AOI-03,57ca12641709501bb5f30118c491acefed62396c209537573d7eed1d5b0cca15,LANDSAT/LC09/C02/T1_L2,2024-07-25T04:08:17.479000+00:00,final-source-scenes-r2-asset-verified,30.74,,b21c8cc7f3d4d35e1db4dfa1c8245ff10ba657c0a0a001992b552808766cc49b,REMOVE_SYNTHETIC_MERGE_PREFIX;BIND_PLATFORM_COLLECTION;RESTORE_SYSTEM_INDEX,True,LANDSAT/LC08/C02/T1_L2/2_LC09_135035_20240725,source-scenes-v1,2024-07-31,LANDSAT_9,LPGS_16.4.0,LPGS_16.4.0,Collection 2,1ce555548e598a952c6a328f6000c404b4c96ff0f126b3071cd51e987ea7690c,landsat,e515dcbe3d29ad22cba0f05588007f45a8b8d372e7135bd30c6b67f0f8904fae,LANDSAT/LC09/C02/T1_L2/LC09_135035_20240725,LC09_135035_20240725,1721880497479,2024-08-15,2024-07-16,2024
AOI-03,57ca12641709501bb5f30118c491acefed62396c209537573d7eed1d5b0cca15,LANDSAT/LC09/C02/T1_L2,2024-08-10T04:08:25.738000+00:00,final-source-scenes-r2-asset-verified,0.2,,b21c8cc7f3d4d35e1db4dfa1c8245ff10ba657c0a0a001992b552808766cc49b,REMOVE_SYNTHETIC_MERGE_PREFIX;BIND_PLATFORM_COLLECTION;RESTORE_SYSTEM_INDEX,True,LANDSAT/LC08/C02/T1_L2/2_LC09_135035_20240810,source-scenes-v1,2024-07-31,LANDSAT_9,LPGS_16.4.0,LPGS_16.4.0,Collection 2,1ce555548e598a952c6a328f6000c404b4c96ff0f126b3071cd51e987ea7690c,landsat,e515dcbe3d29ad22cba0f05588007f45a8b8d372e7135bd30c6b67f0f8904fae,LANDSAT/LC09/C02/T1_L2/LC09_135035_20240810,LC09_135035_20240810,1723262905738,2024-08-15,2024-07-16,2024
AOI-03,57ca12641709501bb5f30118c491acefed62396c209537573d7eed1d5b0cca15,LANDSAT/LC08/C02/T1_L2,2024-07-10T04:02:05.116000+00:00,final-source-scenes-r2-asset-verified,71.2,OUTSIDE_NOMINAL_WINDOW,b21c8cc7f3d4d35e1db4dfa1c8245ff10ba657c0a0a001992b552808766cc49b,REMOVE_SYNTHETIC_MERGE_PREFIX;BIND_PLATFORM_COLLECTION;RESTORE_SYSTEM_INDEX,False,LANDSAT/LC08/C02/T1_L2/1_LC08_134035_20240710,source-scenes-v1,2024-08-10,LANDSAT_8,LPGS_16.4.0,LPGS_16.4.0,Collection 2,1151197a8d4fb929a6de7fa2796eee7d6107dfb0bad63f4c341f293caf0ac755,landsat,d42c939ce7fd5ed0c879c785223b334c1f022353cf3eaa6c81d7e9fc497fdb98,LANDSAT/LC08/C02/T1_L2/LC08_134035_20240710,LC08_134035_20240710,1720584125116,2024-08-25,2024-07-26,2024
AOI-03,57ca12641709501bb5f30118c491acefed62396c209537573d7eed1d5b0cca15,LANDSAT/LC08/C02/T1_L2,2024-08-11T04:02:18.642000+00:00,final-source-scenes-r2-asset-verified,2.06,,b21c8cc7f3d4d35e1db4dfa1c8245ff10ba657c0a0a001992b552808766cc49b,REMOVE_SYNTHETIC_MERGE_PREFIX;BIND_PLATFORM_COLLECTION;RESTORE_SYSTEM_INDEX,True,LANDSAT/LC08/C02/T1_L2/1_LC08_134035_20240811,source-scenes-v1,2024-08-10,LANDSAT_8,LPGS_16.4.0,LPGS_16.4.0,Collection 2,1151197a8d4fb929a6de7fa2796eee7d6107dfb0bad63f4c341f293caf0ac755,landsat,d42c939ce7fd5ed0c879c785223b334c1f022353cf3eaa6c81d7e9fc497fdb98,LANDSAT/LC08/C02/T1_L2/LC08_134035_20240811,LC08_134035_20240811,1723348938642,2024-08-25,2024-07-26,2024
AOI-03,57ca12641709501bb5f30118c491acefed62396c209537573d7eed1d5b0cca15,LANDSAT/LC08/C02/T1_L2,2024-07-10T04:02:29.012000+00:00,final-source-scenes-r2-asset-verified,79.86,OUTSIDE_NOMINAL_WINDOW,b21c8cc7f3d4d35e1db4dfa1c8245ff10ba657c0a0a001992b552808766cc49b,REMOVE_SYNTHETIC_MERGE_PREFIX;BIND_PLATFORM_COLLECTION;RESTORE_SYSTEM_INDEX,False,LANDSAT/LC08/C02/T1_L2/1_LC08_134036_20240710,source-scenes-v1,2024-08-10,LANDSAT_8,LPGS_16.4.0,LPGS_16.4.0,Collection 2,1151197a8d4fb929a6de7fa2796eee7d6107dfb0bad63f4c341f293caf0ac755,landsat,d42c939ce7fd5ed0c879c785223b334c1f022353cf3eaa6c81d7e9fc497fdb98,LANDSAT/LC08/C02/T1_L2/LC08_134036_20240710,LC08_134036_20240710,1720584149012,2024-08-25,2024-07-26,2024
AOI-03,57ca12641709501bb5f30118c491acefed62396c209537573d7eed1d5b0cca15,LANDSAT/LC08/C02/T1_L2,2024-08-11T04:02:42.529000+00:00,final-source-scenes-r2-asset-verified,8.82,,b21c8cc7f3d4d35e1db4dfa1c8245ff10ba657c0a0a001992b552808766cc49b,REMOVE_SYNTHETIC_MERGE_PREFIX;BIND_PLATFORM_COLLECTION;RESTORE_SYSTEM_INDEX,True,LANDSAT/LC08/C02/T1_L2/1_LC08_134036_20240811,source-scenes-v1,2024-08-10,LANDSAT_8,LPGS_16.4.0,LPGS_16.4.0,Collection 2,1151197a8d4fb929a6de7fa2796eee7d6107dfb0bad63f4c341f293caf0ac755,landsat,d42c939ce7fd5ed0c879c785223b334c1f022353cf3eaa6c81d7e9fc497fdb98,LANDSAT/LC08/C02/T1_L2/LC08_134036_20240811,LC08_134036_20240811,1723348962529,2024-08-25,2024-07-26,2024
AOI-03,57ca12641709501bb5f30118c491acefed62396c209537573d7eed1d5b0cca15,LANDSAT/LC08/C02/T1_L2,2024-07-17T04:08:23.995000+00:00,final-source-scenes-r2-asset-verified,40.21,OUTSIDE_NOMINAL_WINDOW,b21c8cc7f3d4d35e1db4dfa1c8245ff10ba657c0a0a001992b552808766cc49b,REMOVE_SYNTHETIC_MERGE_PREFIX;BIND_PLATFORM_COLLECTION;RESTORE_SYSTEM_INDEX,False,LANDSAT/LC08/C02/T1_L2/1_LC08_135035_20240717,source-scenes-v1,2024-08-10,LANDSAT_8,LPGS_16.4.0,LPGS_16.4.0,Collection 2,1151197a8d4fb929a6de7fa2796eee7d6107dfb0bad63f4c341f293caf0ac755,landsat,d42c939ce7fd5ed0c879c785223b334c1f022353cf3eaa6c81d7e9fc497fdb98,LANDSAT/LC08/C02/T1_L2/LC08_135035_20240717,LC08_135035_20240717,1721189303995,2024-08-25,2024-07-26,2024
AOI-03,57ca12641709501bb5f30118c491acefed62396c209537573d7eed1d5b0cca15,LANDSAT/LC08/C02/T1_L2,2024-08-02T04:08:28.831000+00:00,final-source-scenes-r2-asset-verified,52.65,,b21c8cc7f3d4d35e1db4dfa1c8245ff10ba657c0a0a001992b552808766cc49b,REMOVE_SYNTHETIC_MERGE_PREFIX;BIND_PLATFORM_COLLECTION;RESTORE_SYSTEM_INDEX,True,LANDSAT/LC08/C02/T1_L2/1_LC08_135035_20240802,source-scenes-v1,2024-08-10,LANDSAT_8,LPGS_16.4.0,LPGS_16.4.0,Collection 2,1151197a8d4fb929a6de7fa2796eee7d6107dfb0bad63f4c341f293caf0ac755,landsat,d42c939ce7fd5ed0c879c785223b334c1f022353cf3eaa6c81d7e9fc497fdb98,LANDSAT/LC08/C02/T1_L2/LC08_135035_20240802,LC08_135035_20240802,1722571708831,2024-08-25,2024-07-26,2024
AOI-03,57ca12641709501bb5f30118c491acefed62396c209537573d7eed1d5b0cca15,LANDSAT/LC08/C02/T1_L2,2024-08-18T04:08:36.044000+00:00,final-source-scenes-r2-asset-verified,0,,b21c8cc7f3d4d35e1db4dfa1c8245ff10ba657c0a0a001992b552808766cc49b,REMOVE_SYNTHETIC_MERGE_PREFIX;BIND_PLATFORM_COLLECTION;RESTORE_SYSTEM_INDEX,True,LANDSAT/LC08/C02/T1_L2/1_LC08_135035_20240818,source-scenes-v1,2024-08-10,LANDSAT_8,LPGS_16.4.0,LPGS_16.4.0,Collection 2,1151197a8d4fb929a6de7fa2796eee7d6107dfb0bad63f4c341f293caf0ac755,landsat,d42c939ce7fd5ed0c879c785223b334c1f022353cf3eaa6c81d7e9fc497fdb98,LANDSAT/LC08/C02/T1_L2/LC08_135035_20240818,LC08_135035_20240818,1723954116044,2024-08-25,2024-07-26,2024
AOI-03,57ca12641709501bb5f30118c491acefed62396c209537573d7eed1d5b0cca15,LANDSAT/LC09/C02/T1_L2,2024-08-03T04:02:12.249000+00:00,final-source-scenes-r2-asset-verified,18.93,,b21c8cc7f3d4d35e1db4dfa1c8245ff10ba657c0a0a001992b552808766cc49b,REMOVE_SYNTHETIC_MERGE_PREFIX;BIND_PLATFORM_COLLECTION;RESTORE_SYSTEM_INDEX,True,LANDSAT/LC08/C02/T1_L2/2_LC09_134035_20240803,source-scenes-v1,2024-08-10,LANDSAT_9,LPGS_16.4.0,LPGS_16.4.0,Collection 2,1151197a8d4fb929a6de7fa2796eee7d6107dfb0bad63f4c341f293caf0ac755,landsat,d42c939ce7fd5ed0c879c785223b334c1f022353cf3eaa6c81d7e9fc497fdb98,LANDSAT/LC09/C02/T1_L2/LC09_134035_20240803,LC09_134035_20240803,1722657732249,2024-08-25,2024-07-26,2024
AOI-03,57ca12641709501bb5f30118c491acefed62396c209537573d7eed1d5b0cca15,LANDSAT/LC09/C02/T1_L2,2024-08-19T04:02:22.604000+00:00,final-source-scenes-r2-asset-verified,0,,b21c8cc7f3d4d35e1db4dfa1c8245ff10ba657c0a0a001992b552808766cc49b,REMOVE_SYNTHETIC_MERGE_PREFIX;BIND_PLATFORM_COLLECTION;RESTORE_SYSTEM_INDEX,True,LANDSAT/LC08/C02/T1_L2/2_LC09_134035_20240819,source-scenes-v1,2024-08-10,LANDSAT_9,LPGS_16.4.0,LPGS_16.4.0,Collection 2,1151197a8d4fb929a6de7fa2796eee7d6107dfb0bad63f4c341f293caf0ac755,landsat,d42c939ce7fd5ed0c879c785223b334c1f022353cf3eaa6c81d7e9fc497fdb98,LANDSAT/LC09/C02/T1_L2/LC09_134035_20240819,LC09_134035_20240819,1724040142604,2024-08-25,2024-07-26,2024
AOI-03,57ca12641709501bb5f30118c491acefed62396c209537573d7eed1d5b0cca15,LANDSAT/LC09/C02/T1_L2,2024-08-03T04:02:36.140000+00:00,final-source-scenes-r2-asset-verified,23.06,,b21c8cc7f3d4d35e1db4dfa1c8245ff10ba657c0a0a001992b552808766cc49b,REMOVE_SYNTHETIC_MERGE_PREFIX;BIND_PLATFORM_COLLECTION;RESTORE_SYSTEM_INDEX,True,LANDSAT/LC08/C02/T1_L2/2_LC09_134036_20240803,source-scenes-v1,2024-08-10,LANDSAT_9,LPGS_16.4.0,LPGS_16.4.0,Collection 2,1151197a8d4fb929a6de7fa2796eee7d6107dfb0bad63f4c341f293caf0ac755,landsat,d42c939ce7fd5ed0c879c785223b334c1f022353cf3eaa6c81d7e9fc497fdb98,LANDSAT/LC09/C02/T1_L2/LC09_134036_20240803,LC09_134036_20240803,1722657756140,2024-08-25,2024-07-26,2024
AOI-03,57ca12641709501bb5f30118c491acefed62396c209537573d7eed1d5b0cca15,LANDSAT/LC09/C02/T1_L2,2024-08-19T04:02:46.495000+00:00,final-source-scenes-r2-asset-verified,0.02,,b21c8cc7f3d4d35e1db4dfa1c8245ff10ba657c0a0a001992b552808766cc49b,REMOVE_SYNTHETIC_MERGE_PREFIX;BIND_PLATFORM_COLLECTION;RESTORE_SYSTEM_INDEX,True,LANDSAT/LC08/C02/T1_L2/2_LC09_134036_20240819,source-scenes-v1,2024-08-10,LANDSAT_9,LPGS_16.4.0,LPGS_16.4.0,Collection 2,1151197a8d4fb929a6de7fa2796eee7d6107dfb0bad63f4c341f293caf0ac755,landsat,d42c939ce7fd5ed0c879c785223b334c1f022353cf3eaa6c81d7e9fc497fdb98,LANDSAT/LC09/C02/T1_L2/LC09_134036_20240819,LC09_134036_20240819,1724040166495,2024-08-25,2024-07-26,2024
AOI-03,57ca12641709501bb5f30118c491acefed62396c209537573d7eed1d5b0cca15,LANDSAT/LC09/C02/T1_L2,2024-07-09T04:08:14.097000+00:00,final-source-scenes-r2-asset-verified,46.55,OUTSIDE_NOMINAL_WINDOW,b21c8cc7f3d4d35e1db4dfa1c8245ff10ba657c0a0a001992b552808766cc49b,REMOVE_SYNTHETIC_MERGE_PREFIX;BIND_PLATFORM_COLLECTION;RESTORE_SYSTEM_INDEX,False,LANDSAT/LC08/C02/T1_L2/2_LC09_135035_20240709,source-scenes-v1,2024-08-10,LANDSAT_9,LPGS_16.4.0,LPGS_16.4.0,Collection 2,1151197a8d4fb929a6de7fa2796eee7d6107dfb0bad63f4c341f293caf0ac755,landsat,d42c939ce7fd5ed0c879c785223b334c1f022353cf3eaa6c81d7e9fc497fdb98,LANDSAT/LC09/C02/T1_L2/LC09_135035_20240709,LC09_135035_20240709,1720498094097,2024-08-25,2024-07-26,2024
AOI-03,57ca12641709501bb5f30118c491acefed62396c209537573d7eed1d5b0cca15,LANDSAT/LC09/C02/T1_L2,2024-07-25T04:08:17.479000+00:00,final-source-scenes-r2-asset-verified,30.74,OUTSIDE_NOMINAL_WINDOW,b21c8cc7f3d4d35e1db4dfa1c8245ff10ba657c0a0a001992b552808766cc49b,REMOVE_SYNTHETIC_MERGE_PREFIX;BIND_PLATFORM_COLLECTION;RESTORE_SYSTEM_INDEX,False,LANDSAT/LC08/C02/T1_L2/2_LC09_135035_20240725,source-scenes-v1,2024-08-10,LANDSAT_9,LPGS_16.4.0,LPGS_16.4.0,Collection 2,1151197a8d4fb929a6de7fa2796eee7d6107dfb0bad63f4c341f293caf0ac755,landsat,d42c939ce7fd5ed0c879c785223b334c1f022353cf3eaa6c81d7e9fc497fdb98,LANDSAT/LC09/C02/T1_L2/LC09_135035_20240725,LC09_135035_20240725,1721880497479,2024-08-25,2024-07-26,2024
AOI-03,57ca12641709501bb5f30118c491acefed62396c209537573d7eed1d5b0cca15,LANDSAT/LC09/C02/T1_L2,2024-08-10T04:08:25.738000+00:00,final-source-scenes-r2-asset-verified,0.2,,b21c8cc7f3d4d35e1db4dfa1c8245ff10ba657c0a0a001992b552808766cc49b,REMOVE_SYNTHETIC_MERGE_PREFIX;BIND_PLATFORM_COLLECTION;RESTORE_SYSTEM_INDEX,True,LANDSAT/LC08/C02/T1_L2/2_LC09_135035_20240810,source-scenes-v1,2024-08-10,LANDSAT_9,LPGS_16.4.0,LPGS_16.4.0,Collection 2,1151197a8d4fb929a6de7fa2796eee7d6107dfb0bad63f4c341f293caf0ac755,landsat,d42c939ce7fd5ed0c879c785223b334c1f022353cf3eaa6c81d7e9fc497fdb98,LANDSAT/LC09/C02/T1_L2/LC09_135035_20240810,LC09_135035_20240810,1723262905738,2024-08-25,2024-07-26,2024
AOI-03,57ca12641709501bb5f30118c491acefed62396c209537573d7eed1d5b0cca15,LANDSAT/LC08/C02/T1_L2,2025-07-13T04:02:29.834000+00:00,final-source-scenes-r2-asset-verified,23.28,,b21c8cc7f3d4d35e1db4dfa1c8245ff10ba657c0a0a001992b552808766cc49b,REMOVE_SYNTHETIC_MERGE_PREFIX;BIND_PLATFORM_COLLECTION;RESTORE_SYSTEM_INDEX,True,LANDSAT/LC08/C02/T1_L2/1_LC08_134035_20250713,source-scenes-v1,2025-07-20,LANDSAT_8,LPGS_16.5.0,LPGS_16.5.0,Collection 2,8bd609e558bd26fa612627772925ffc379cebaa298615f10e9d00fe7ac2a7f22,landsat,a90bb3f569a7bcb12383c264f090407f1f538acf414ca24b0d58635c4eb17197,LANDSAT/LC08/C02/T1_L2/LC08_134035_20250713,LC08_134035_20250713,1752379349834,2025-08-04,2025-07-05,2025
AOI-03,57ca12641709501bb5f30118c491acefed62396c209537573d7eed1d5b0cca15,LANDSAT/LC08/C02/T1_L2,2025-07-29T04:02:34.913000+00:00,final-source-scenes-r2-asset-verified,13.83,,b21c8cc7f3d4d35e1db4dfa1c8245ff10ba657c0a0a001992b552808766cc49b,REMOVE_SYNTHETIC_MERGE_PREFIX;BIND_PLATFORM_COLLECTION;RESTORE_SYSTEM_INDEX,True,LANDSAT/LC08/C02/T1_L2/1_LC08_134035_20250729,source-scenes-v1,2025-07-20,LANDSAT_8,LPGS_16.5.0,LPGS_16.5.0,Collection 2,8bd609e558bd26fa612627772925ffc379cebaa298615f10e9d00fe7ac2a7f22,landsat,a90bb3f569a7bcb12383c264f090407f1f538acf414ca24b0d58635c4eb17197,LANDSAT/LC08/C02/T1_L2/LC08_134035_20250729,LC08_134035_20250729,1753761754913,2025-08-04,2025-07-05,2025
AOI-03,57ca12641709501bb5f30118c491acefed62396c209537573d7eed1d5b0cca15,LANDSAT/LC08/C02/T1_L2,2025-08-14T04:02:44.032000+00:00,final-source-scenes-r2-asset-verified,17.03,OUTSIDE_NOMINAL_WINDOW,b21c8cc7f3d4d35e1db4dfa1c8245ff10ba657c0a0a001992b552808766cc49b,REMOVE_SYNTHETIC_MERGE_PREFIX;BIND_PLATFORM_COLLECTION;RESTORE_SYSTEM_INDEX,False,LANDSAT/LC08/C02/T1_L2/1_LC08_134035_20250814,source-scenes-v1,2025-07-20,LANDSAT_8,LPGS_16.5.0,LPGS_16.5.0,Collection 2,8bd609e558bd26fa612627772925ffc379cebaa298615f10e9d00fe7ac2a7f22,landsat,a90bb3f569a7bcb12383c264f090407f1f538acf414ca24b0d58635c4eb17197,LANDSAT/LC08/C02/T1_L2/LC08_134035_20250814,LC08_134035_20250814,1755144164032,2025-08-04,2025-07-05,2025
AOI-03,57ca12641709501bb5f30118c491acefed62396c209537573d7eed1d5b0cca15,LANDSAT/LC08/C02/T1_L2,2025-07-13T04:02:53.729000+00:00,final-source-scenes-r2-asset-verified,11.67,,b21c8cc7f3d4d35e1db4dfa1c8245ff10ba657c0a0a001992b552808766cc49b,REMOVE_SYNTHETIC_MERGE_PREFIX;BIND_PLATFORM_COLLECTION;RESTORE_SYSTEM_INDEX,True,LANDSAT/LC08/C02/T1_L2/1_LC08_134036_20250713,source-scenes-v1,2025-07-20,LANDSAT_8,LPGS_16.5.0,LPGS_16.5.0,Collection 2,8bd609e558bd26fa612627772925ffc379cebaa298615f10e9d00fe7ac2a7f22,landsat,a90bb3f569a7bcb12383c264f090407f1f538acf414ca24b0d58635c4eb17197,LANDSAT/LC08/C02/T1_L2/LC08_134036_20250713,LC08_134036_20250713,1752379373729,2025-08-04,2025-07-05,2025
AOI-03,57ca12641709501bb5f30118c491acefed62396c209537573d7eed1d5b0cca15,LANDSAT/LC08/C02/T1_L2,2025-07-29T04:02:58.804000+00:00,final-source-scenes-r2-asset-verified,34.24,,b21c8cc7f3d4d35e1db4dfa1c8245ff10ba657c0a0a001992b552808766cc49b,REMOVE_SYNTHETIC_MERGE_PREFIX;BIND_PLATFORM_COLLECTION;RESTORE_SYSTEM_INDEX,True,LANDSAT/LC08/C02/T1_L2/1_LC08_134036_20250729,source-scenes-v1,2025-07-20,LANDSAT_8,LPGS_16.5.0,LPGS_16.5.0,Collection 2,8bd609e558bd26fa612627772925ffc379cebaa298615f10e9d00fe7ac2a7f22,landsat,a90bb3f569a7bcb12383c264f090407f1f538acf414ca24b0d58635c4eb17197,LANDSAT/LC08/C02/T1_L2/LC08_134036_20250729,LC08_134036_20250729,1753761778804,2025-08-04,2025-07-05,2025
AOI-03,57ca12641709501bb5f30118c491acefed62396c209537573d7eed1d5b0cca15,LANDSAT/LC08/C02/T1_L2,2025-08-14T04:03:07.927000+00:00,final-source-scenes-r2-asset-verified,16.52,OUTSIDE_NOMINAL_WINDOW,b21c8cc7f3d4d35e1db4dfa1c8245ff10ba657c0a0a001992b552808766cc49b,REMOVE_SYNTHETIC_MERGE_PREFIX;BIND_PLATFORM_COLLECTION;RESTORE_SYSTEM_INDEX,False,LANDSAT/LC08/C02/T1_L2/1_LC08_134036_20250814,source-scenes-v1,2025-07-20,LANDSAT_8,LPGS_16.5.0,LPGS_16.5.0,Collection 2,8bd609e558bd26fa612627772925ffc379cebaa298615f10e9d00fe7ac2a7f22,landsat,a90bb3f569a7bcb12383c264f090407f1f538acf414ca24b0d58635c4eb17197,LANDSAT/LC08/C02/T1_L2/LC08_134036_20250814,LC08_134036_20250814,1755144187927,2025-08-04,2025-07-05,2025
AOI-03,57ca12641709501bb5f30118c491acefed62396c209537573d7eed1d5b0cca15,LANDSAT/LC08/C02/T1_L2,2025-07-20T04:08:44.253000+00:00,final-source-scenes-r2-asset-verified,18.59,,b21c8cc7f3d4d35e1db4dfa1c8245ff10ba657c0a0a001992b552808766cc49b,REMOVE_SYNTHETIC_MERGE_PREFIX;BIND_PLATFORM_COLLECTION;RESTORE_SYSTEM_INDEX,True,LANDSAT/LC08/C02/T1_L2/1_LC08_135035_20250720,source-scenes-v1,2025-07-20,LANDSAT_8,LPGS_16.5.0,LPGS_16.5.0,Collection 2,8bd609e558bd26fa612627772925ffc379cebaa298615f10e9d00fe7ac2a7f22,landsat,a90bb3f569a7bcb12383c264f090407f1f538acf414ca24b0d58635c4eb17197,LANDSAT/LC08/C02/T1_L2/LC08_135035_20250720,LC08_135035_20250720,1752984524253,2025-08-04,2025-07-05,2025
AOI-03,57ca12641709501bb5f30118c491acefed62396c209537573d7eed1d5b0cca15,LANDSAT/LC08/C02/T1_L2,2025-08-21T04:08:55.942000+00:00,final-source-scenes-r2-asset-verified,37.35,OUTSIDE_NOMINAL_WINDOW,b21c8cc7f3d4d35e1db4dfa1c8245ff10ba657c0a0a001992b552808766cc49b,REMOVE_SYNTHETIC_MERGE_PREFIX;BIND_PLATFORM_COLLECTION;RESTORE_SYSTEM_INDEX,False,LANDSAT/LC08/C02/T1_L2/1_LC08_135035_20250821,source-scenes-v1,2025-07-20,LANDSAT_8,LPGS_16.5.0,LPGS_16.5.0,Collection 2,8bd609e558bd26fa612627772925ffc379cebaa298615f10e9d00fe7ac2a7f22,landsat,a90bb3f569a7bcb12383c264f090407f1f538acf414ca24b0d58635c4eb17197,LANDSAT/LC08/C02/T1_L2/LC08_135035_20250821,LC08_135035_20250821,1755749335942,2025-08-04,2025-07-05,2025
AOI-03,57ca12641709501bb5f30118c491acefed62396c209537573d7eed1d5b0cca15,LANDSAT/LC09/C02/T1_L2,2025-07-05T04:02:25.180000+00:00,final-source-scenes-r2-asset-verified,77.84,,b21c8cc7f3d4d35e1db4dfa1c8245ff10ba657c0a0a001992b552808766cc49b,REMOVE_SYNTHETIC_MERGE_PREFIX;BIND_PLATFORM_COLLECTION;RESTORE_SYSTEM_INDEX,True,LANDSAT/LC08/C02/T1_L2/2_LC09_134035_20250705,source-scenes-v1,2025-07-20,LANDSAT_9,LPGS_16.5.0,LPGS_16.5.0,Collection 2,8bd609e558bd26fa612627772925ffc379cebaa298615f10e9d00fe7ac2a7f22,landsat,a90bb3f569a7bcb12383c264f090407f1f538acf414ca24b0d58635c4eb17197,LANDSAT/LC09/C02/T1_L2/LC09_134035_20250705,LC09_134035_20250705,1751688145180,2025-08-04,2025-07-05,2025
AOI-03,57ca12641709501bb5f30118c491acefed62396c209537573d7eed1d5b0cca15,LANDSAT/LC09/C02/T1_L2,2025-07-21T04:02:32.241000+00:00,final-source-scenes-r2-asset-verified,23.85,,b21c8cc7f3d4d35e1db4dfa1c8245ff10ba657c0a0a001992b552808766cc49b,REMOVE_SYNTHETIC_MERGE_PREFIX;BIND_PLATFORM_COLLECTION;RESTORE_SYSTEM_INDEX,True,LANDSAT/LC08/C02/T1_L2/2_LC09_134035_20250721,source-scenes-v1,2025-07-20,LANDSAT_9,LPGS_16.5.0,LPGS_16.5.0,Collection 2,8bd609e558bd26fa612627772925ffc379cebaa298615f10e9d00fe7ac2a7f22,landsat,a90bb3f569a7bcb12383c264f090407f1f538acf414ca24b0d58635c4eb17197,LANDSAT/LC09/C02/T1_L2/LC09_134035_20250721,LC09_134035_20250721,1753070552241,2025-08-04,2025-07-05,2025
AOI-03,57ca12641709501bb5f30118c491acefed62396c209537573d7eed1d5b0cca15,LANDSAT/LC09/C02/T1_L2,2025-08-22T04:02:48.682000+00:00,final-source-scenes-r2-asset-verified,39.99,OUTSIDE_NOMINAL_WINDOW,b21c8cc7f3d4d35e1db4dfa1c8245ff10ba657c0a0a001992b552808766cc49b,REMOVE_SYNTHETIC_MERGE_PREFIX;BIND_PLATFORM_COLLECTION;RESTORE_SYSTEM_INDEX,False,LANDSAT/LC08/C02/T1_L2/2_LC09_134035_20250822,source-scenes-v1,2025-07-20,LANDSAT_9,LPGS_16.5.0,LPGS_16.5.0,Collection 2,8bd609e558bd26fa612627772925ffc379cebaa298615f10e9d00fe7ac2a7f22,landsat,a90bb3f569a7bcb12383c264f090407f1f538acf414ca24b0d58635c4eb17197,LANDSAT/LC09/C02/T1_L2/LC09_134035_20250822,LC09_134035_20250822,1755835368682,2025-08-04,2025-07-05,2025
AOI-03,57ca12641709501bb5f30118c491acefed62396c209537573d7eed1d5b0cca15,LANDSAT/LC09/C02/T1_L2,2025-07-05T04:02:49.071000+00:00,final-source-scenes-r2-asset-verified,77.88,,b21c8cc7f3d4d35e1db4dfa1c8245ff10ba657c0a0a001992b552808766cc49b,REMOVE_SYNTHETIC_MERGE_PREFIX;BIND_PLATFORM_COLLECTION;RESTORE_SYSTEM_INDEX,True,LANDSAT/LC08/C02/T1_L2/2_LC09_134036_20250705,source-scenes-v1,2025-07-20,LANDSAT_9,LPGS_16.5.0,LPGS_16.5.0,Collection 2,8bd609e558bd26fa612627772925ffc379cebaa298615f10e9d00fe7ac2a7f22,landsat,a90bb3f569a7bcb12383c264f090407f1f538acf414ca24b0d58635c4eb17197,LANDSAT/LC09/C02/T1_L2/LC09_134036_20250705,LC09_134036_20250705,1751688169071,2025-08-04,2025-07-05,2025
AOI-03,57ca12641709501bb5f30118c491acefed62396c209537573d7eed1d5b0cca15,LANDSAT/LC09/C02/T1_L2,2025-07-21T04:02:56.132000+00:00,final-source-scenes-r2-asset-verified,41.71,,b21c8cc7f3d4d35e1db4dfa1c8245ff10ba657c0a0a001992b552808766cc49b,REMOVE_SYNTHETIC_MERGE_PREFIX;BIND_PLATFORM_COLLECTION;RESTORE_SYSTEM_INDEX,True,LANDSAT/LC08/C02/T1_L2/2_LC09_134036_20250721,source-scenes-v1,2025-07-20,LANDSAT_9,LPGS_16.5.0,LPGS_16.5.0,Collection 2,8bd609e558bd26fa612627772925ffc379cebaa298615f10e9d00fe7ac2a7f22,landsat,a90bb3f569a7bcb12383c264f090407f1f538acf414ca24b0d58635c4eb17197,LANDSAT/LC09/C02/T1_L2/LC09_134036_20250721,LC09_134036_20250721,1753070576132,2025-08-04,2025-07-05,2025
AOI-03,57ca12641709501bb5f30118c491acefed62396c209537573d7eed1d5b0cca15,LANDSAT/LC09/C02/T1_L2,2025-08-06T04:03:03.943000+00:00,final-source-scenes-r2-asset-verified,78.08,OUTSIDE_NOMINAL_WINDOW,b21c8cc7f3d4d35e1db4dfa1c8245ff10ba657c0a0a001992b552808766cc49b,REMOVE_SYNTHETIC_MERGE_PREFIX;BIND_PLATFORM_COLLECTION;RESTORE_SYSTEM_INDEX,False,LANDSAT/LC08/C02/T1_L2/2_LC09_134036_20250806,source-scenes-v1,2025-07-20,LANDSAT_9,LPGS_16.5.0,LPGS_16.5.0,Collection 2,8bd609e558bd26fa612627772925ffc379cebaa298615f10e9d00fe7ac2a7f22,landsat,a90bb3f569a7bcb12383c264f090407f1f538acf414ca24b0d58635c4eb17197,LANDSAT/LC09/C02/T1_L2/LC09_134036_20250806,LC09_134036_20250806,1754452983943,2025-08-04,2025-07-05,2025
AOI-03,57ca12641709501bb5f30118c491acefed62396c209537573d7eed1d5b0cca15,LANDSAT/LC09/C02/T1_L2,2025-08-22T04:03:12.573000+00:00,final-source-scenes-r2-asset-verified,62.41,OUTSIDE_NOMINAL_WINDOW,b21c8cc7f3d4d35e1db4dfa1c8245ff10ba657c0a0a001992b552808766cc49b,REMOVE_SYNTHETIC_MERGE_PREFIX;BIND_PLATFORM_COLLECTION;RESTORE_SYSTEM_INDEX,False,LANDSAT/LC08/C02/T1_L2/2_LC09_134036_20250822,source-scenes-v1,2025-07-20,LANDSAT_9,LPGS_16.5.0,LPGS_16.5.0,Collection 2,8bd609e558bd26fa612627772925ffc379cebaa298615f10e9d00fe7ac2a7f22,landsat,a90bb3f569a7bcb12383c264f090407f1f538acf414ca24b0d58635c4eb17197,LANDSAT/LC09/C02/T1_L2/LC09_134036_20250822,LC09_134036_20250822,1755835392573,2025-08-04,2025-07-05,2025
AOI-03,57ca12641709501bb5f30118c491acefed62396c209537573d7eed1d5b0cca15,LANDSAT/LC09/C02/T1_L2,2025-07-12T04:08:36.939000+00:00,final-source-scenes-r2-asset-verified,27.12,,b21c8cc7f3d4d35e1db4dfa1c8245ff10ba657c0a0a001992b552808766cc49b,REMOVE_SYNTHETIC_MERGE_PREFIX;BIND_PLATFORM_COLLECTION;RESTORE_SYSTEM_INDEX,True,LANDSAT/LC08/C02/T1_L2/2_LC09_135035_20250712,source-scenes-v1,2025-07-20,LANDSAT_9,LPGS_16.5.0,LPGS_16.5.0,Collection 2,8bd609e558bd26fa612627772925ffc379cebaa298615f10e9d00fe7ac2a7f22,landsat,a90bb3f569a7bcb12383c264f090407f1f538acf414ca24b0d58635c4eb17197,LANDSAT/LC09/C02/T1_L2/LC09_135035_20250712,LC09_135035_20250712,1752293316939,2025-08-04,2025-07-05,2025
AOI-03,57ca12641709501bb5f30118c491acefed62396c209537573d7eed1d5b0cca15,LANDSAT/LC09/C02/T1_L2,2025-07-28T04:08:45.259000+00:00,final-source-scenes-r2-asset-verified,44.49,,b21c8cc7f3d4d35e1db4dfa1c8245ff10ba657c0a0a001992b552808766cc49b,REMOVE_SYNTHETIC_MERGE_PREFIX;BIND_PLATFORM_COLLECTION;RESTORE_SYSTEM_INDEX,True,LANDSAT/LC08/C02/T1_L2/2_LC09_135035_20250728,source-scenes-v1,2025-07-20,LANDSAT_9,LPGS_16.5.0,LPGS_16.5.0,Collection 2,8bd609e558bd26fa612627772925ffc379cebaa298615f10e9d00fe7ac2a7f22,landsat,a90bb3f569a7bcb12383c264f090407f1f538acf414ca24b0d58635c4eb17197,LANDSAT/LC09/C02/T1_L2/LC09_135035_20250728,LC09_135035_20250728,1753675725259,2025-08-04,2025-07-05,2025
AOI-03,57ca12641709501bb5f30118c491acefed62396c209537573d7eed1d5b0cca15,LANDSAT/LC09/C02/T1_L2,2025-08-13T04:08:56.145000+00:00,final-source-scenes-r2-asset-verified,1.8,OUTSIDE_NOMINAL_WINDOW,b21c8cc7f3d4d35e1db4dfa1c8245ff10ba657c0a0a001992b552808766cc49b,REMOVE_SYNTHETIC_MERGE_PREFIX;BIND_PLATFORM_COLLECTION;RESTORE_SYSTEM_INDEX,False,LANDSAT/LC08/C02/T1_L2/2_LC09_135035_20250813,source-scenes-v1,2025-07-20,LANDSAT_9,LPGS_16.5.0,LPGS_16.5.0,Collection 2,8bd609e558bd26fa612627772925ffc379cebaa298615f10e9d00fe7ac2a7f22,landsat,a90bb3f569a7bcb12383c264f090407f1f538acf414ca24b0d58635c4eb17197,LANDSAT/LC09/C02/T1_L2/LC09_135035_20250813,LC09_135035_20250813,1755058136145,2025-08-04,2025-07-05,2025
AOI-03,57ca12641709501bb5f30118c491acefed62396c209537573d7eed1d5b0cca15,LANDSAT/LC08/C02/T1_L2,2025-07-13T04:02:29.834000+00:00,final-source-scenes-r2-asset-verified,23.28,OUTSIDE_NOMINAL_WINDOW,b21c8cc7f3d4d35e1db4dfa1c8245ff10ba657c0a0a001992b552808766cc49b,REMOVE_SYNTHETIC_MERGE_PREFIX;BIND_PLATFORM_COLLECTION;RESTORE_SYSTEM_INDEX,False,LANDSAT/LC08/C02/T1_L2/1_LC08_134035_20250713,source-scenes-v1,2025-07-31,LANDSAT_8,LPGS_16.5.0,LPGS_16.5.0,Collection 2,a22d5b0dbd77be73fa23792654a3902de4101d2e17eb540502cdcc9e87a54867,landsat,c3711ddd7d04805482d000c01f2552a9f108b58d578d3e5143e26bef5037dbfd,LANDSAT/LC08/C02/T1_L2/LC08_134035_20250713,LC08_134035_20250713,1752379349834,2025-08-15,2025-07-16,2025
AOI-03,57ca12641709501bb5f30118c491acefed62396c209537573d7eed1d5b0cca15,LANDSAT/LC08/C02/T1_L2,2025-07-29T04:02:34.913000+00:00,final-source-scenes-r2-asset-verified,13.83,,b21c8cc7f3d4d35e1db4dfa1c8245ff10ba657c0a0a001992b552808766cc49b,REMOVE_SYNTHETIC_MERGE_PREFIX;BIND_PLATFORM_COLLECTION;RESTORE_SYSTEM_INDEX,True,LANDSAT/LC08/C02/T1_L2/1_LC08_134035_20250729,source-scenes-v1,2025-07-31,LANDSAT_8,LPGS_16.5.0,LPGS_16.5.0,Collection 2,a22d5b0dbd77be73fa23792654a3902de4101d2e17eb540502cdcc9e87a54867,landsat,c3711ddd7d04805482d000c01f2552a9f108b58d578d3e5143e26bef5037dbfd,LANDSAT/LC08/C02/T1_L2/LC08_134035_20250729,LC08_134035_20250729,1753761754913,2025-08-15,2025-07-16,2025
AOI-03,57ca12641709501bb5f30118c491acefed62396c209537573d7eed1d5b0cca15,LANDSAT/LC08/C02/T1_L2,2025-08-14T04:02:44.032000+00:00,final-source-scenes-r2-asset-verified,17.03,,b21c8cc7f3d4d35e1db4dfa1c8245ff10ba657c0a0a001992b552808766cc49b,REMOVE_SYNTHETIC_MERGE_PREFIX;BIND_PLATFORM_COLLECTION;RESTORE_SYSTEM_INDEX,True,LANDSAT/LC08/C02/T1_L2/1_LC08_134035_20250814,source-scenes-v1,2025-07-31,LANDSAT_8,LPGS_16.5.0,LPGS_16.5.0,Collection 2,a22d5b0dbd77be73fa23792654a3902de4101d2e17eb540502cdcc9e87a54867,landsat,c3711ddd7d04805482d000c01f2552a9f108b58d578d3e5143e26bef5037dbfd,LANDSAT/LC08/C02/T1_L2/LC08_134035_20250814,LC08_134035_20250814,1755144164032,2025-08-15,2025-07-16,2025
AOI-03,57ca12641709501bb5f30118c491acefed62396c209537573d7eed1d5b0cca15,LANDSAT/LC08/C02/T1_L2,2025-07-13T04:02:53.729000+00:00,final-source-scenes-r2-asset-verified,11.67,OUTSIDE_NOMINAL_WINDOW,b21c8cc7f3d4d35e1db4dfa1c8245ff10ba657c0a0a001992b552808766cc49b,REMOVE_SYNTHETIC_MERGE_PREFIX;BIND_PLATFORM_COLLECTION;RESTORE_SYSTEM_INDEX,False,LANDSAT/LC08/C02/T1_L2/1_LC08_134036_20250713,source-scenes-v1,2025-07-31,LANDSAT_8,LPGS_16.5.0,LPGS_16.5.0,Collection 2,a22d5b0dbd77be73fa23792654a3902de4101d2e17eb540502cdcc9e87a54867,landsat,c3711ddd7d04805482d000c01f2552a9f108b58d578d3e5143e26bef5037dbfd,LANDSAT/LC08/C02/T1_L2/LC08_134036_20250713,LC08_134036_20250713,1752379373729,2025-08-15,2025-07-16,2025
AOI-03,57ca12641709501bb5f30118c491acefed62396c209537573d7eed1d5b0cca15,LANDSAT/LC08/C02/T1_L2,2025-07-29T04:02:58.804000+00:00,final-source-scenes-r2-asset-verified,34.24,,b21c8cc7f3d4d35e1db4dfa1c8245ff10ba657c0a0a001992b552808766cc49b,REMOVE_SYNTHETIC_MERGE_PREFIX;BIND_PLATFORM_COLLECTION;RESTORE_SYSTEM_INDEX,True,LANDSAT/LC08/C02/T1_L2/1_LC08_134036_20250729,source-scenes-v1,2025-07-31,LANDSAT_8,LPGS_16.5.0,LPGS_16.5.0,Collection 2,a22d5b0dbd77be73fa23792654a3902de4101d2e17eb540502cdcc9e87a54867,landsat,c3711ddd7d04805482d000c01f2552a9f108b58d578d3e5143e26bef5037dbfd,LANDSAT/LC08/C02/T1_L2/LC08_134036_20250729,LC08_134036_20250729,1753761778804,2025-08-15,2025-07-16,2025
AOI-03,57ca12641709501bb5f30118c491acefed62396c209537573d7eed1d5b0cca15,LANDSAT/LC08/C02/T1_L2,2025-08-14T04:03:07.927000+00:00,final-source-scenes-r2-asset-verified,16.52,,b21c8cc7f3d4d35e1db4dfa1c8245ff10ba657c0a0a001992b552808766cc49b,REMOVE_SYNTHETIC_MERGE_PREFIX;BIND_PLATFORM_COLLECTION;RESTORE_SYSTEM_INDEX,True,LANDSAT/LC08/C02/T1_L2/1_LC08_134036_20250814,source-scenes-v1,2025-07-31,LANDSAT_8,LPGS_16.5.0,LPGS_16.5.0,Collection 2,a22d5b0dbd77be73fa23792654a3902de4101d2e17eb540502cdcc9e87a54867,landsat,c3711ddd7d04805482d000c01f2552a9f108b58d578d3e5143e26bef5037dbfd,LANDSAT/LC08/C02/T1_L2/LC08_134036_20250814,LC08_134036_20250814,1755144187927,2025-08-15,2025-07-16,2025
AOI-03,57ca12641709501bb5f30118c491acefed62396c209537573d7eed1d5b0cca15,LANDSAT/LC08/C02/T1_L2,2025-07-20T04:08:44.253000+00:00,final-source-scenes-r2-asset-verified,18.59,,b21c8cc7f3d4d35e1db4dfa1c8245ff10ba657c0a0a001992b552808766cc49b,REMOVE_SYNTHETIC_MERGE_PREFIX;BIND_PLATFORM_COLLECTION;RESTORE_SYSTEM_INDEX,True,LANDSAT/LC08/C02/T1_L2/1_LC08_135035_20250720,source-scenes-v1,2025-07-31,LANDSAT_8,LPGS_16.5.0,LPGS_16.5.0,Collection 2,a22d5b0dbd77be73fa23792654a3902de4101d2e17eb540502cdcc9e87a54867,landsat,c3711ddd7d04805482d000c01f2552a9f108b58d578d3e5143e26bef5037dbfd,LANDSAT/LC08/C02/T1_L2/LC08_135035_20250720,LC08_135035_20250720,1752984524253,2025-08-15,2025-07-16,2025
AOI-03,57ca12641709501bb5f30118c491acefed62396c209537573d7eed1d5b0cca15,LANDSAT/LC08/C02/T1_L2,2025-08-21T04:08:55.942000+00:00,final-source-scenes-r2-asset-verified,37.35,OUTSIDE_NOMINAL_WINDOW,b21c8cc7f3d4d35e1db4dfa1c8245ff10ba657c0a0a001992b552808766cc49b,REMOVE_SYNTHETIC_MERGE_PREFIX;BIND_PLATFORM_COLLECTION;RESTORE_SYSTEM_INDEX,False,LANDSAT/LC08/C02/T1_L2/1_LC08_135035_20250821,source-scenes-v1,2025-07-31,LANDSAT_8,LPGS_16.5.0,LPGS_16.5.0,Collection 2,a22d5b0dbd77be73fa23792654a3902de4101d2e17eb540502cdcc9e87a54867,landsat,c3711ddd7d04805482d000c01f2552a9f108b58d578d3e5143e26bef5037dbfd,LANDSAT/LC08/C02/T1_L2/LC08_135035_20250821,LC08_135035_20250821,1755749335942,2025-08-15,2025-07-16,2025
AOI-03,57ca12641709501bb5f30118c491acefed62396c209537573d7eed1d5b0cca15,LANDSAT/LC09/C02/T1_L2,2025-07-05T04:02:25.180000+00:00,final-source-scenes-r2-asset-verified,77.84,OUTSIDE_NOMINAL_WINDOW,b21c8cc7f3d4d35e1db4dfa1c8245ff10ba657c0a0a001992b552808766cc49b,REMOVE_SYNTHETIC_MERGE_PREFIX;BIND_PLATFORM_COLLECTION;RESTORE_SYSTEM_INDEX,False,LANDSAT/LC08/C02/T1_L2/2_LC09_134035_20250705,source-scenes-v1,2025-07-31,LANDSAT_9,LPGS_16.5.0,LPGS_16.5.0,Collection 2,a22d5b0dbd77be73fa23792654a3902de4101d2e17eb540502cdcc9e87a54867,landsat,c3711ddd7d04805482d000c01f2552a9f108b58d578d3e5143e26bef5037dbfd,LANDSAT/LC09/C02/T1_L2/LC09_134035_20250705,LC09_134035_20250705,1751688145180,2025-08-15,2025-07-16,2025
AOI-03,57ca12641709501bb5f30118c491acefed62396c209537573d7eed1d5b0cca15,LANDSAT/LC09/C02/T1_L2,2025-07-21T04:02:32.241000+00:00,final-source-scenes-r2-asset-verified,23.85,,b21c8cc7f3d4d35e1db4dfa1c8245ff10ba657c0a0a001992b552808766cc49b,REMOVE_SYNTHETIC_MERGE_PREFIX;BIND_PLATFORM_COLLECTION;RESTORE_SYSTEM_INDEX,True,LANDSAT/LC08/C02/T1_L2/2_LC09_134035_20250721,source-scenes-v1,2025-07-31,LANDSAT_9,LPGS_16.5.0,LPGS_16.5.0,Collection 2,a22d5b0dbd77be73fa23792654a3902de4101d2e17eb540502cdcc9e87a54867,landsat,c3711ddd7d04805482d000c01f2552a9f108b58d578d3e5143e26bef5037dbfd,LANDSAT/LC09/C02/T1_L2/LC09_134035_20250721,LC09_134035_20250721,1753070552241,2025-08-15,2025-07-16,2025
AOI-03,57ca12641709501bb5f30118c491acefed62396c209537573d7eed1d5b0cca15,LANDSAT/LC09/C02/T1_L2,2025-08-22T04:02:48.682000+00:00,final-source-scenes-r2-asset-verified,39.99,OUTSIDE_NOMINAL_WINDOW,b21c8cc7f3d4d35e1db4dfa1c8245ff10ba657c0a0a001992b552808766cc49b,REMOVE_SYNTHETIC_MERGE_PREFIX;BIND_PLATFORM_COLLECTION;RESTORE_SYSTEM_INDEX,False,LANDSAT/LC08/C02/T1_L2/2_LC09_134035_20250822,source-scenes-v1,2025-07-31,LANDSAT_9,LPGS_16.5.0,LPGS_16.5.0,Collection 2,a22d5b0dbd77be73fa23792654a3902de4101d2e17eb540502cdcc9e87a54867,landsat,c3711ddd7d04805482d000c01f2552a9f108b58d578d3e5143e26bef5037dbfd,LANDSAT/LC09/C02/T1_L2/LC09_134035_20250822,LC09_134035_20250822,1755835368682,2025-08-15,2025-07-16,2025
AOI-03,57ca12641709501bb5f30118c491acefed62396c209537573d7eed1d5b0cca15,LANDSAT/LC09/C02/T1_L2,2025-07-05T04:02:49.071000+00:00,final-source-scenes-r2-asset-verified,77.88,OUTSIDE_NOMINAL_WINDOW,b21c8cc7f3d4d35e1db4dfa1c8245ff10ba657c0a0a001992b552808766cc49b,REMOVE_SYNTHETIC_MERGE_PREFIX;BIND_PLATFORM_COLLECTION;RESTORE_SYSTEM_INDEX,False,LANDSAT/LC08/C02/T1_L2/2_LC09_134036_20250705,source-scenes-v1,2025-07-31,LANDSAT_9,LPGS_16.5.0,LPGS_16.5.0,Collection 2,a22d5b0dbd77be73fa23792654a3902de4101d2e17eb540502cdcc9e87a54867,landsat,c3711ddd7d04805482d000c01f2552a9f108b58d578d3e5143e26bef5037dbfd,LANDSAT/LC09/C02/T1_L2/LC09_134036_20250705,LC09_134036_20250705,1751688169071,2025-08-15,2025-07-16,2025
AOI-03,57ca12641709501bb5f30118c491acefed62396c209537573d7eed1d5b0cca15,LANDSAT/LC09/C02/T1_L2,2025-07-21T04:02:56.132000+00:00,final-source-scenes-r2-asset-verified,41.71,,b21c8cc7f3d4d35e1db4dfa1c8245ff10ba657c0a0a001992b552808766cc49b,REMOVE_SYNTHETIC_MERGE_PREFIX;BIND_PLATFORM_COLLECTION;RESTORE_SYSTEM_INDEX,True,LANDSAT/LC08/C02/T1_L2/2_LC09_134036_20250721,source-scenes-v1,2025-07-31,LANDSAT_9,LPGS_16.5.0,LPGS_16.5.0,Collection 2,a22d5b0dbd77be73fa23792654a3902de4101d2e17eb540502cdcc9e87a54867,landsat,c3711ddd7d04805482d000c01f2552a9f108b58d578d3e5143e26bef5037dbfd,LANDSAT/LC09/C02/T1_L2/LC09_134036_20250721,LC09_134036_20250721,1753070576132,2025-08-15,2025-07-16,2025
AOI-03,57ca12641709501bb5f30118c491acefed62396c209537573d7eed1d5b0cca15,LANDSAT/LC09/C02/T1_L2,2025-08-06T04:03:03.943000+00:00,final-source-scenes-r2-asset-verified,78.08,,b21c8cc7f3d4d35e1db4dfa1c8245ff10ba657c0a0a001992b552808766cc49b,REMOVE_SYNTHETIC_MERGE_PREFIX;BIND_PLATFORM_COLLECTION;RESTORE_SYSTEM_INDEX,True,LANDSAT/LC08/C02/T1_L2/2_LC09_134036_20250806,source-scenes-v1,2025-07-31,LANDSAT_9,LPGS_16.5.0,LPGS_16.5.0,Collection 2,a22d5b0dbd77be73fa23792654a3902de4101d2e17eb540502cdcc9e87a54867,landsat,c3711ddd7d04805482d000c01f2552a9f108b58d578d3e5143e26bef5037dbfd,LANDSAT/LC09/C02/T1_L2/LC09_134036_20250806,LC09_134036_20250806,1754452983943,2025-08-15,2025-07-16,2025
AOI-03,57ca12641709501bb5f30118c491acefed62396c209537573d7eed1d5b0cca15,LANDSAT/LC09/C02/T1_L2,2025-08-22T04:03:12.573000+00:00,final-source-scenes-r2-asset-verified,62.41,OUTSIDE_NOMINAL_WINDOW,b21c8cc7f3d4d35e1db4dfa1c8245ff10ba657c0a0a001992b552808766cc49b,REMOVE_SYNTHETIC_MERGE_PREFIX;BIND_PLATFORM_COLLECTION;RESTORE_SYSTEM_INDEX,False,LANDSAT/LC08/C02/T1_L2/2_LC09_134036_20250822,source-scenes-v1,2025-07-31,LANDSAT_9,LPGS_16.5.0,LPGS_16.5.0,Collection 2,a22d5b0dbd77be73fa23792654a3902de4101d2e17eb540502cdcc9e87a54867,landsat,c3711ddd7d04805482d000c01f2552a9f108b58d578d3e5143e26bef5037dbfd,LANDSAT/LC09/C02/T1_L2/LC09_134036_20250822,LC09_134036_20250822,1755835392573,2025-08-15,2025-07-16,2025
AOI-03,57ca12641709501bb5f30118c491acefed62396c209537573d7eed1d5b0cca15,LANDSAT/LC09/C02/T1_L2,2025-07-12T04:08:36.939000+00:00,final-source-scenes-r2-asset-verified,27.12,OUTSIDE_NOMINAL_WINDOW,b21c8cc7f3d4d35e1db4dfa1c8245ff10ba657c0a0a001992b552808766cc49b,REMOVE_SYNTHETIC_MERGE_PREFIX;BIND_PLATFORM_COLLECTION;RESTORE_SYSTEM_INDEX,False,LANDSAT/LC08/C02/T1_L2/2_LC09_135035_20250712,source-scenes-v1,2025-07-31,LANDSAT_9,LPGS_16.5.0,LPGS_16.5.0,Collection 2,a22d5b0dbd77be73fa23792654a3902de4101d2e17eb540502cdcc9e87a54867,landsat,c3711ddd7d04805482d000c01f2552a9f108b58d578d3e5143e26bef5037dbfd,LANDSAT/LC09/C02/T1_L2/LC09_135035_20250712,LC09_135035_20250712,1752293316939,2025-08-15,2025-07-16,2025
AOI-03,57ca12641709501bb5f30118c491acefed62396c209537573d7eed1d5b0cca15,LANDSAT/LC09/C02/T1_L2,2025-07-28T04:08:45.259000+00:00,final-source-scenes-r2-asset-verified,44.49,,b21c8cc7f3d4d35e1db4dfa1c8245ff10ba657c0a0a001992b552808766cc49b,REMOVE_SYNTHETIC_MERGE_PREFIX;BIND_PLATFORM_COLLECTION;RESTORE_SYSTEM_INDEX,True,LANDSAT/LC08/C02/T1_L2/2_LC09_135035_20250728,source-scenes-v1,2025-07-31,LANDSAT_9,LPGS_16.5.0,LPGS_16.5.0,Collection 2,a22d5b0dbd77be73fa23792654a3902de4101d2e17eb540502cdcc9e87a54867,landsat,c3711ddd7d04805482d000c01f2552a9f108b58d578d3e5143e26bef5037dbfd,LANDSAT/LC09/C02/T1_L2/LC09_135035_20250728,LC09_135035_20250728,1753675725259,2025-08-15,2025-07-16,2025
AOI-03,57ca12641709501bb5f30118c491acefed62396c209537573d7eed1d5b0cca15,LANDSAT/LC09/C02/T1_L2,2025-08-13T04:08:56.145000+00:00,final-source-scenes-r2-asset-verified,1.8,,b21c8cc7f3d4d35e1db4dfa1c8245ff10ba657c0a0a001992b552808766cc49b,REMOVE_SYNTHETIC_MERGE_PREFIX;BIND_PLATFORM_COLLECTION;RESTORE_SYSTEM_INDEX,True,LANDSAT/LC08/C02/T1_L2/2_LC09_135035_20250813,source-scenes-v1,2025-07-31,LANDSAT_9,LPGS_16.5.0,LPGS_16.5.0,Collection 2,a22d5b0dbd77be73fa23792654a3902de4101d2e17eb540502cdcc9e87a54867,landsat,c3711ddd7d04805482d000c01f2552a9f108b58d578d3e5143e26bef5037dbfd,LANDSAT/LC09/C02/T1_L2/LC09_135035_20250813,LC09_135035_20250813,1755058136145,2025-08-15,2025-07-16,2025
AOI-03,57ca12641709501bb5f30118c491acefed62396c209537573d7eed1d5b0cca15,LANDSAT/LC08/C02/T1_L2,2025-07-13T04:02:29.834000+00:00,final-source-scenes-r2-asset-verified,23.28,OUTSIDE_NOMINAL_WINDOW,b21c8cc7f3d4d35e1db4dfa1c8245ff10ba657c0a0a001992b552808766cc49b,REMOVE_SYNTHETIC_MERGE_PREFIX;BIND_PLATFORM_COLLECTION;RESTORE_SYSTEM_INDEX,False,LANDSAT/LC08/C02/T1_L2/1_LC08_134035_20250713,source-scenes-v1,2025-08-10,LANDSAT_8,LPGS_16.5.0,LPGS_16.5.0,Collection 2,1994ccf578eadab0cd1803c3cab1dd92d4263ec02437b02c5e981541108bbe19,landsat,e4ca4afb1ebc4c1afeb1f6a0d097d845e9c2d1a93af71dd1260d35d57655f73c,LANDSAT/LC08/C02/T1_L2/LC08_134035_20250713,LC08_134035_20250713,1752379349834,2025-08-25,2025-07-26,2025
AOI-03,57ca12641709501bb5f30118c491acefed62396c209537573d7eed1d5b0cca15,LANDSAT/LC08/C02/T1_L2,2025-07-29T04:02:34.913000+00:00,final-source-scenes-r2-asset-verified,13.83,,b21c8cc7f3d4d35e1db4dfa1c8245ff10ba657c0a0a001992b552808766cc49b,REMOVE_SYNTHETIC_MERGE_PREFIX;BIND_PLATFORM_COLLECTION;RESTORE_SYSTEM_INDEX,True,LANDSAT/LC08/C02/T1_L2/1_LC08_134035_20250729,source-scenes-v1,2025-08-10,LANDSAT_8,LPGS_16.5.0,LPGS_16.5.0,Collection 2,1994ccf578eadab0cd1803c3cab1dd92d4263ec02437b02c5e981541108bbe19,landsat,e4ca4afb1ebc4c1afeb1f6a0d097d845e9c2d1a93af71dd1260d35d57655f73c,LANDSAT/LC08/C02/T1_L2/LC08_134035_20250729,LC08_134035_20250729,1753761754913,2025-08-25,2025-07-26,2025
AOI-03,57ca12641709501bb5f30118c491acefed62396c209537573d7eed1d5b0cca15,LANDSAT/LC08/C02/T1_L2,2025-08-14T04:02:44.032000+00:00,final-source-scenes-r2-asset-verified,17.03,,b21c8cc7f3d4d35e1db4dfa1c8245ff10ba657c0a0a001992b552808766cc49b,REMOVE_SYNTHETIC_MERGE_PREFIX;BIND_PLATFORM_COLLECTION;RESTORE_SYSTEM_INDEX,True,LANDSAT/LC08/C02/T1_L2/1_LC08_134035_20250814,source-scenes-v1,2025-08-10,LANDSAT_8,LPGS_16.5.0,LPGS_16.5.0,Collection 2,1994ccf578eadab0cd1803c3cab1dd92d4263ec02437b02c5e981541108bbe19,landsat,e4ca4afb1ebc4c1afeb1f6a0d097d845e9c2d1a93af71dd1260d35d57655f73c,LANDSAT/LC08/C02/T1_L2/LC08_134035_20250814,LC08_134035_20250814,1755144164032,2025-08-25,2025-07-26,2025
AOI-03,57ca12641709501bb5f30118c491acefed62396c209537573d7eed1d5b0cca15,LANDSAT/LC08/C02/T1_L2,2025-07-13T04:02:53.729000+00:00,final-source-scenes-r2-asset-verified,11.67,OUTSIDE_NOMINAL_WINDOW,b21c8cc7f3d4d35e1db4dfa1c8245ff10ba657c0a0a001992b552808766cc49b,REMOVE_SYNTHETIC_MERGE_PREFIX;BIND_PLATFORM_COLLECTION;RESTORE_SYSTEM_INDEX,False,LANDSAT/LC08/C02/T1_L2/1_LC08_134036_20250713,source-scenes-v1,2025-08-10,LANDSAT_8,LPGS_16.5.0,LPGS_16.5.0,Collection 2,1994ccf578eadab0cd1803c3cab1dd92d4263ec02437b02c5e981541108bbe19,landsat,e4ca4afb1ebc4c1afeb1f6a0d097d845e9c2d1a93af71dd1260d35d57655f73c,LANDSAT/LC08/C02/T1_L2/LC08_134036_20250713,LC08_134036_20250713,1752379373729,2025-08-25,2025-07-26,2025
AOI-03,57ca12641709501bb5f30118c491acefed62396c209537573d7eed1d5b0cca15,LANDSAT/LC08/C02/T1_L2,2025-07-29T04:02:58.804000+00:00,final-source-scenes-r2-asset-verified,34.24,,b21c8cc7f3d4d35e1db4dfa1c8245ff10ba657c0a0a001992b552808766cc49b,REMOVE_SYNTHETIC_MERGE_PREFIX;BIND_PLATFORM_COLLECTION;RESTORE_SYSTEM_INDEX,True,LANDSAT/LC08/C02/T1_L2/1_LC08_134036_20250729,source-scenes-v1,2025-08-10,LANDSAT_8,LPGS_16.5.0,LPGS_16.5.0,Collection 2,1994ccf578eadab0cd1803c3cab1dd92d4263ec02437b02c5e981541108bbe19,landsat,e4ca4afb1ebc4c1afeb1f6a0d097d845e9c2d1a93af71dd1260d35d57655f73c,LANDSAT/LC08/C02/T1_L2/LC08_134036_20250729,LC08_134036_20250729,1753761778804,2025-08-25,2025-07-26,2025
AOI-03,57ca12641709501bb5f30118c491acefed62396c209537573d7eed1d5b0cca15,LANDSAT/LC08/C02/T1_L2,2025-08-14T04:03:07.927000+00:00,final-source-scenes-r2-asset-verified,16.52,,b21c8cc7f3d4d35e1db4dfa1c8245ff10ba657c0a0a001992b552808766cc49b,REMOVE_SYNTHETIC_MERGE_PREFIX;BIND_PLATFORM_COLLECTION;RESTORE_SYSTEM_INDEX,True,LANDSAT/LC08/C02/T1_L2/1_LC08_134036_20250814,source-scenes-v1,2025-08-10,LANDSAT_8,LPGS_16.5.0,LPGS_16.5.0,Collection 2,1994ccf578eadab0cd1803c3cab1dd92d4263ec02437b02c5e981541108bbe19,landsat,e4ca4afb1ebc4c1afeb1f6a0d097d845e9c2d1a93af71dd1260d35d57655f73c,LANDSAT/LC08/C02/T1_L2/LC08_134036_20250814,LC08_134036_20250814,1755144187927,2025-08-25,2025-07-26,2025
AOI-03,57ca12641709501bb5f30118c491acefed62396c209537573d7eed1d5b0cca15,LANDSAT/LC08/C02/T1_L2,2025-07-20T04:08:44.253000+00:00,final-source-scenes-r2-asset-verified,18.59,OUTSIDE_NOMINAL_WINDOW,b21c8cc7f3d4d35e1db4dfa1c8245ff10ba657c0a0a001992b552808766cc49b,REMOVE_SYNTHETIC_MERGE_PREFIX;BIND_PLATFORM_COLLECTION;RESTORE_SYSTEM_INDEX,False,LANDSAT/LC08/C02/T1_L2/1_LC08_135035_20250720,source-scenes-v1,2025-08-10,LANDSAT_8,LPGS_16.5.0,LPGS_16.5.0,Collection 2,1994ccf578eadab0cd1803c3cab1dd92d4263ec02437b02c5e981541108bbe19,landsat,e4ca4afb1ebc4c1afeb1f6a0d097d845e9c2d1a93af71dd1260d35d57655f73c,LANDSAT/LC08/C02/T1_L2/LC08_135035_20250720,LC08_135035_20250720,1752984524253,2025-08-25,2025-07-26,2025
AOI-03,57ca12641709501bb5f30118c491acefed62396c209537573d7eed1d5b0cca15,LANDSAT/LC08/C02/T1_L2,2025-08-21T04:08:55.942000+00:00,final-source-scenes-r2-asset-verified,37.35,,b21c8cc7f3d4d35e1db4dfa1c8245ff10ba657c0a0a001992b552808766cc49b,REMOVE_SYNTHETIC_MERGE_PREFIX;BIND_PLATFORM_COLLECTION;RESTORE_SYSTEM_INDEX,True,LANDSAT/LC08/C02/T1_L2/1_LC08_135035_20250821,source-scenes-v1,2025-08-10,LANDSAT_8,LPGS_16.5.0,LPGS_16.5.0,Collection 2,1994ccf578eadab0cd1803c3cab1dd92d4263ec02437b02c5e981541108bbe19,landsat,e4ca4afb1ebc4c1afeb1f6a0d097d845e9c2d1a93af71dd1260d35d57655f73c,LANDSAT/LC08/C02/T1_L2/LC08_135035_20250821,LC08_135035_20250821,1755749335942,2025-08-25,2025-07-26,2025
AOI-03,57ca12641709501bb5f30118c491acefed62396c209537573d7eed1d5b0cca15,LANDSAT/LC09/C02/T1_L2,2025-07-05T04:02:25.180000+00:00,final-source-scenes-r2-asset-verified,77.84,OUTSIDE_NOMINAL_WINDOW,b21c8cc7f3d4d35e1db4dfa1c8245ff10ba657c0a0a001992b552808766cc49b,REMOVE_SYNTHETIC_MERGE_PREFIX;BIND_PLATFORM_COLLECTION;RESTORE_SYSTEM_INDEX,False,LANDSAT/LC08/C02/T1_L2/2_LC09_134035_20250705,source-scenes-v1,2025-08-10,LANDSAT_9,LPGS_16.5.0,LPGS_16.5.0,Collection 2,1994ccf578eadab0cd1803c3cab1dd92d4263ec02437b02c5e981541108bbe19,landsat,e4ca4afb1ebc4c1afeb1f6a0d097d845e9c2d1a93af71dd1260d35d57655f73c,LANDSAT/LC09/C02/T1_L2/LC09_134035_20250705,LC09_134035_20250705,1751688145180,2025-08-25,2025-07-26,2025
AOI-03,57ca12641709501bb5f30118c491acefed62396c209537573d7eed1d5b0cca15,LANDSAT/LC09/C02/T1_L2,2025-07-21T04:02:32.241000+00:00,final-source-scenes-r2-asset-verified,23.85,OUTSIDE_NOMINAL_WINDOW,b21c8cc7f3d4d35e1db4dfa1c8245ff10ba657c0a0a001992b552808766cc49b,REMOVE_SYNTHETIC_MERGE_PREFIX;BIND_PLATFORM_COLLECTION;RESTORE_SYSTEM_INDEX,False,LANDSAT/LC08/C02/T1_L2/2_LC09_134035_20250721,source-scenes-v1,2025-08-10,LANDSAT_9,LPGS_16.5.0,LPGS_16.5.0,Collection 2,1994ccf578eadab0cd1803c3cab1dd92d4263ec02437b02c5e981541108bbe19,landsat,e4ca4afb1ebc4c1afeb1f6a0d097d845e9c2d1a93af71dd1260d35d57655f73c,LANDSAT/LC09/C02/T1_L2/LC09_134035_20250721,LC09_134035_20250721,1753070552241,2025-08-25,2025-07-26,2025
AOI-03,57ca12641709501bb5f30118c491acefed62396c209537573d7eed1d5b0cca15,LANDSAT/LC09/C02/T1_L2,2025-08-22T04:02:48.682000+00:00,final-source-scenes-r2-asset-verified,39.99,,b21c8cc7f3d4d35e1db4dfa1c8245ff10ba657c0a0a001992b552808766cc49b,REMOVE_SYNTHETIC_MERGE_PREFIX;BIND_PLATFORM_COLLECTION;RESTORE_SYSTEM_INDEX,True,LANDSAT/LC08/C02/T1_L2/2_LC09_134035_20250822,source-scenes-v1,2025-08-10,LANDSAT_9,LPGS_16.5.0,LPGS_16.5.0,Collection 2,1994ccf578eadab0cd1803c3cab1dd92d4263ec02437b02c5e981541108bbe19,landsat,e4ca4afb1ebc4c1afeb1f6a0d097d845e9c2d1a93af71dd1260d35d57655f73c,LANDSAT/LC09/C02/T1_L2/LC09_134035_20250822,LC09_134035_20250822,1755835368682,2025-08-25,2025-07-26,2025
AOI-03,57ca12641709501bb5f30118c491acefed62396c209537573d7eed1d5b0cca15,LANDSAT/LC09/C02/T1_L2,2025-07-05T04:02:49.071000+00:00,final-source-scenes-r2-asset-verified,77.88,OUTSIDE_NOMINAL_WINDOW,b21c8cc7f3d4d35e1db4dfa1c8245ff10ba657c0a0a001992b552808766cc49b,REMOVE_SYNTHETIC_MERGE_PREFIX;BIND_PLATFORM_COLLECTION;RESTORE_SYSTEM_INDEX,False,LANDSAT/LC08/C02/T1_L2/2_LC09_134036_20250705,source-scenes-v1,2025-08-10,LANDSAT_9,LPGS_16.5.0,LPGS_16.5.0,Collection 2,1994ccf578eadab0cd1803c3cab1dd92d4263ec02437b02c5e981541108bbe19,landsat,e4ca4afb1ebc4c1afeb1f6a0d097d845e9c2d1a93af71dd1260d35d57655f73c,LANDSAT/LC09/C02/T1_L2/LC09_134036_20250705,LC09_134036_20250705,1751688169071,2025-08-25,2025-07-26,2025
AOI-03,57ca12641709501bb5f30118c491acefed62396c209537573d7eed1d5b0cca15,LANDSAT/LC09/C02/T1_L2,2025-07-21T04:02:56.132000+00:00,final-source-scenes-r2-asset-verified,41.71,OUTSIDE_NOMINAL_WINDOW,b21c8cc7f3d4d35e1db4dfa1c8245ff10ba657c0a0a001992b552808766cc49b,REMOVE_SYNTHETIC_MERGE_PREFIX;BIND_PLATFORM_COLLECTION;RESTORE_SYSTEM_INDEX,False,LANDSAT/LC08/C02/T1_L2/2_LC09_134036_20250721,source-scenes-v1,2025-08-10,LANDSAT_9,LPGS_16.5.0,LPGS_16.5.0,Collection 2,1994ccf578eadab0cd1803c3cab1dd92d4263ec02437b02c5e981541108bbe19,landsat,e4ca4afb1ebc4c1afeb1f6a0d097d845e9c2d1a93af71dd1260d35d57655f73c,LANDSAT/LC09/C02/T1_L2/LC09_134036_20250721,LC09_134036_20250721,1753070576132,2025-08-25,2025-07-26,2025
AOI-03,57ca12641709501bb5f30118c491acefed62396c209537573d7eed1d5b0cca15,LANDSAT/LC09/C02/T1_L2,2025-08-06T04:03:03.943000+00:00,final-source-scenes-r2-asset-verified,78.08,,b21c8cc7f3d4d35e1db4dfa1c8245ff10ba657c0a0a001992b552808766cc49b,REMOVE_SYNTHETIC_MERGE_PREFIX;BIND_PLATFORM_COLLECTION;RESTORE_SYSTEM_INDEX,True,LANDSAT/LC08/C02/T1_L2/2_LC09_134036_20250806,source-scenes-v1,2025-08-10,LANDSAT_9,LPGS_16.5.0,LPGS_16.5.0,Collection 2,1994ccf578eadab0cd1803c3cab1dd92d4263ec02437b02c5e981541108bbe19,landsat,e4ca4afb1ebc4c1afeb1f6a0d097d845e9c2d1a93af71dd1260d35d57655f73c,LANDSAT/LC09/C02/T1_L2/LC09_134036_20250806,LC09_134036_20250806,1754452983943,2025-08-25,2025-07-26,2025
AOI-03,57ca12641709501bb5f30118c491acefed62396c209537573d7eed1d5b0cca15,LANDSAT/LC09/C02/T1_L2,2025-08-22T04:03:12.573000+00:00,final-source-scenes-r2-asset-verified,62.41,,b21c8cc7f3d4d35e1db4dfa1c8245ff10ba657c0a0a001992b552808766cc49b,REMOVE_SYNTHETIC_MERGE_PREFIX;BIND_PLATFORM_COLLECTION;RESTORE_SYSTEM_INDEX,True,LANDSAT/LC08/C02/T1_L2/2_LC09_134036_20250822,source-scenes-v1,2025-08-10,LANDSAT_9,LPGS_16.5.0,LPGS_16.5.0,Collection 2,1994ccf578eadab0cd1803c3cab1dd92d4263ec02437b02c5e981541108bbe19,landsat,e4ca4afb1ebc4c1afeb1f6a0d097d845e9c2d1a93af71dd1260d35d57655f73c,LANDSAT/LC09/C02/T1_L2/LC09_134036_20250822,LC09_134036_20250822,1755835392573,2025-08-25,2025-07-26,2025
AOI-03,57ca12641709501bb5f30118c491acefed62396c209537573d7eed1d5b0cca15,LANDSAT/LC09/C02/T1_L2,2025-07-12T04:08:36.939000+00:00,final-source-scenes-r2-asset-verified,27.12,OUTSIDE_NOMINAL_WINDOW,b21c8cc7f3d4d35e1db4dfa1c8245ff10ba657c0a0a001992b552808766cc49b,REMOVE_SYNTHETIC_MERGE_PREFIX;BIND_PLATFORM_COLLECTION;RESTORE_SYSTEM_INDEX,False,LANDSAT/LC08/C02/T1_L2/2_LC09_135035_20250712,source-scenes-v1,2025-08-10,LANDSAT_9,LPGS_16.5.0,LPGS_16.5.0,Collection 2,1994ccf578eadab0cd1803c3cab1dd92d4263ec02437b02c5e981541108bbe19,landsat,e4ca4afb1ebc4c1afeb1f6a0d097d845e9c2d1a93af71dd1260d35d57655f73c,LANDSAT/LC09/C02/T1_L2/LC09_135035_20250712,LC09_135035_20250712,1752293316939,2025-08-25,2025-07-26,2025
AOI-03,57ca12641709501bb5f30118c491acefed62396c209537573d7eed1d5b0cca15,LANDSAT/LC09/C02/T1_L2,2025-07-28T04:08:45.259000+00:00,final-source-scenes-r2-asset-verified,44.49,,b21c8cc7f3d4d35e1db4dfa1c8245ff10ba657c0a0a001992b552808766cc49b,REMOVE_SYNTHETIC_MERGE_PREFIX;BIND_PLATFORM_COLLECTION;RESTORE_SYSTEM_INDEX,True,LANDSAT/LC08/C02/T1_L2/2_LC09_135035_20250728,source-scenes-v1,2025-08-10,LANDSAT_9,LPGS_16.5.0,LPGS_16.5.0,Collection 2,1994ccf578eadab0cd1803c3cab1dd92d4263ec02437b02c5e981541108bbe19,landsat,e4ca4afb1ebc4c1afeb1f6a0d097d845e9c2d1a93af71dd1260d35d57655f73c,LANDSAT/LC09/C02/T1_L2/LC09_135035_20250728,LC09_135035_20250728,1753675725259,2025-08-25,2025-07-26,2025
AOI-03,57ca12641709501bb5f30118c491acefed62396c209537573d7eed1d5b0cca15,LANDSAT/LC09/C02/T1_L2,2025-08-13T04:08:56.145000+00:00,final-source-scenes-r2-asset-verified,1.8,,b21c8cc7f3d4d35e1db4dfa1c8245ff10ba657c0a0a001992b552808766cc49b,REMOVE_SYNTHETIC_MERGE_PREFIX;BIND_PLATFORM_COLLECTION;RESTORE_SYSTEM_INDEX,True,LANDSAT/LC08/C02/T1_L2/2_LC09_135035_20250813,source-scenes-v1,2025-08-10,LANDSAT_9,LPGS_16.5.0,LPGS_16.5.0,Collection 2,1994ccf578eadab0cd1803c3cab1dd92d4263ec02437b02c5e981541108bbe19,landsat,e4ca4afb1ebc4c1afeb1f6a0d097d845e9c2d1a93af71dd1260d35d57655f73c,LANDSAT/LC09/C02/T1_L2/LC09_135035_20250813,LC09_135035_20250813,1755058136145,2025-08-25,2025-07-26,2025
