AOI_ID,AOI_geometry_hash,GEE_collection_ID,acquisition_datetime,active_source_revision,exclusion_reason,experiment_design_hash,identity_correction,included,legacy_system_id,manifest_version,nominal_date,platform,processing_baseline_if_available,processing_version,product_version,query_config_hash,sensor,source_manifest_hash,support_end,support_midpoint,support_start,system:id,system:index,system:time_start,window_end,window_start,year
AOI-00,1546767a1ff01463f1bf4ea81cd86b44fbf42ba20f48c2d45d50120a3bab3ca5,MODIS/061/MOD09Q1,2021-07-04T00:00:00+00:00,final-source-scenes-r2-asset-verified,,b21c8cc7f3d4d35e1db4dfa1c8245ff10ba657c0a0a001992b552808766cc49b,RESTORE_SYSTEM_INDEX_FROM_EXACT_SYSTEM_ID,True,MODIS/061/MOD09Q1/2021_07_04,source-scenes-v1,2021-07-20,Terra MODIS,,061,061,abb69c87977c12abcc39e2c9c68a76b673d623523c73cc749f6c3c8ab28ae1f8,modis,35d9c73a1ea38313965f6006db365bea8d7e2eb5e3cb325d3de7cf953612ace0,2021-07-11,2021-07-07,2021-07-04,MODIS/061/MOD09Q1/2021_07_04,2021_07_04,1625356800000,2021-08-04,2021-07-05,2021
AOI-00,1546767a1ff01463f1bf4ea81cd86b44fbf42ba20f48c2d45d50120a3bab3ca5,MODIS/061/MOD09Q1,2021-07-12T00:00:00+00:00,final-source-scenes-r2-asset-verified,,b21c8cc7f3d4d35e1db4dfa1c8245ff10ba657c0a0a001992b552808766cc49b,RESTORE_SYSTEM_INDEX_FROM_EXACT_SYSTEM_ID,True,MODIS/061/MOD09Q1/2021_07_12,source-scenes-v1,2021-07-20,Terra MODIS,,061,061,abb69c87977c12abcc39e2c9c68a76b673d623523c73cc749f6c3c8ab28ae1f8,modis,35d9c73a1ea38313965f6006db365bea8d7e2eb5e3cb325d3de7cf953612ace0,2021-07-19,2021-07-15,2021-07-12,MODIS/061/MOD09Q1/2021_07_12,2021_07_12,1626048000000,2021-08-04,2021-07-05,2021
AOI-00,1546767a1ff01463f1bf4ea81cd86b44fbf42ba20f48c2d45d50120a3bab3ca5,MODIS/061/MOD09Q1,2021-07-20T00:00:00+00:00,final-source-scenes-r2-asset-verified,,b21c8cc7f3d4d35e1db4dfa1c8245ff10ba657c0a0a001992b552808766cc49b,RESTORE_SYSTEM_INDEX_FROM_EXACT_SYSTEM_ID,True,MODIS/061/MOD09Q1/2021_07_20,source-scenes-v1,2021-07-20,Terra MODIS,,061,061,abb69c87977c12abcc39e2c9c68a76b673d623523c73cc749f6c3c8ab28ae1f8,modis,35d9c73a1ea38313965f6006db365bea8d7e2eb5e3cb325d3de7cf953612ace0,2021-07-27,2021-07-23,2021-07-20,MODIS/061/MOD09Q1/2021_07_20,2021_07_20,1626739200000,2021-08-04,2021-07-05,2021
AOI-00,1546767a1ff01463f1bf4ea81cd86b44fbf42ba20f48c2d45d50120a3bab3ca5,MODIS/061/MOD09Q1,2021-07-28T00:00:00+00:00,final-source-scenes-r2-asset-verified,,b21c8cc7f3d4d35e1db4dfa1c8245ff10ba657c0a0a001992b552808766cc49b,RESTORE_SYSTEM_INDEX_FROM_EXACT_SYSTEM_ID,True,MODIS/061/MOD09Q1/2021_07_28,source-scenes-v1,2021-07-20,Terra MODIS,,061,061,abb69c87977c12abcc39e2c9c68a76b673d623523c73cc749f6c3c8ab28ae1f8,modis,35d9c73a1ea38313965f6006db365bea8d7e2eb5e3cb325d3de7cf953612ace0,2021-08-04,2021-07-31,2021-07-28,MODIS/061/MOD09Q1/2021_07_28,2021_07_28,1627430400000,2021-08-04,2021-07-05,2021
AOI-00,1546767a1ff01463f1bf4ea81cd86b44fbf42ba20f48c2d45d50120a3bab3ca5,MODIS/061/MOD09Q1,2021-08-05T00:00:00+00:00,final-source-scenes-r2-asset-verified,SUPPORT_INTERVAL_OUTSIDE_NOMINAL_WINDOW,b21c8cc7f3d4d35e1db4dfa1c8245ff10ba657c0a0a001992b552808766cc49b,RESTORE_SYSTEM_INDEX_FROM_EXACT_SYSTEM_ID,False,MODIS/061/MOD09Q1/2021_08_05,source-scenes-v1,2021-07-20,Terra MODIS,,061,061,abb69c87977c12abcc39e2c9c68a76b673d623523c73cc749f6c3c8ab28ae1f8,modis,35d9c73a1ea38313965f6006db365bea8d7e2eb5e3cb325d3de7cf953612ace0,2021-08-12,2021-08-08,2021-08-05,MODIS/061/MOD09Q1/2021_08_05,2021_08_05,1628121600000,2021-08-04,2021-07-05,2021
AOI-00,1546767a1ff01463f1bf4ea81cd86b44fbf42ba20f48c2d45d50120a3bab3ca5,MODIS/061/MOD09Q1,2021-08-13T00:00:00+00:00,final-source-scenes-r2-asset-verified,SUPPORT_INTERVAL_OUTSIDE_NOMINAL_WINDOW,b21c8cc7f3d4d35e1db4dfa1c8245ff10ba657c0a0a001992b552808766cc49b,RESTORE_SYSTEM_INDEX_FROM_EXACT_SYSTEM_ID,False,MODIS/061/MOD09Q1/2021_08_13,source-scenes-v1,2021-07-20,Terra MODIS,,061,061,abb69c87977c12abcc39e2c9c68a76b673d623523c73cc749f6c3c8ab28ae1f8,modis,35d9c73a1ea38313965f6006db365bea8d7e2eb5e3cb325d3de7cf953612ace0,2021-08-20,2021-08-16,2021-08-13,MODIS/061/MOD09Q1/2021_08_13,2021_08_13,1628812800000,2021-08-04,2021-07-05,2021
AOI-00,1546767a1ff01463f1bf4ea81cd86b44fbf42ba20f48c2d45d50120a3bab3ca5,MODIS/061/MOD09Q1,2021-08-21T00:00:00+00:00,final-source-scenes-r2-asset-verified,SUPPORT_INTERVAL_OUTSIDE_NOMINAL_WINDOW,b21c8cc7f3d4d35e1db4dfa1c8245ff10ba657c0a0a001992b552808766cc49b,RESTORE_SYSTEM_INDEX_FROM_EXACT_SYSTEM_ID,False,MODIS/061/MOD09Q1/2021_08_21,source-scenes-v1,2021-07-20,Terra MODIS,,061,061,abb69c87977c12abcc39e2c9c68a76b673d623523c73cc749f6c3c8ab28ae1f8,modis,35d9c73a1ea38313965f6006db365bea8d7e2eb5e3cb325d3de7cf953612ace0,2021-08-28,2021-08-24,2021-08-21,MODIS/061/MOD09Q1/2021_08_21,2021_08_21,1629504000000,2021-08-04,2021-07-05,2021
AOI-00,1546767a1ff01463f1bf4ea81cd86b44fbf42ba20f48c2d45d50120a3bab3ca5,MODIS/061/MOD09Q1,2021-07-04T00:00:00+00:00,final-source-scenes-r2-asset-verified,SUPPORT_INTERVAL_OUTSIDE_NOMINAL_WINDOW,b21c8cc7f3d4d35e1db4dfa1c8245ff10ba657c0a0a001992b552808766cc49b,RESTORE_SYSTEM_INDEX_FROM_EXACT_SYSTEM_ID,False,MODIS/061/MOD09Q1/2021_07_04,source-scenes-v1,2021-07-31,Terra MODIS,,061,061,1cc1bcd4242f4de46f2d0161e3ec176e4d3bdf52798f21e88d2cd4629fa50f39,modis,11eee28d543d716fe208a2f5fc21ea46c2fde8e3529e29c5478d61b0b2e886cc,2021-07-11,2021-07-07,2021-07-04,MODIS/061/MOD09Q1/2021_07_04,2021_07_04,1625356800000,2021-08-15,2021-07-16,2021
AOI-00,1546767a1ff01463f1bf4ea81cd86b44fbf42ba20f48c2d45d50120a3bab3ca5,MODIS/061/MOD09Q1,2021-07-12T00:00:00+00:00,final-source-scenes-r2-asset-verified,,b21c8cc7f3d4d35e1db4dfa1c8245ff10ba657c0a0a001992b552808766cc49b,RESTORE_SYSTEM_INDEX_FROM_EXACT_SYSTEM_ID,True,MODIS/061/MOD09Q1/2021_07_12,source-scenes-v1,2021-07-31,Terra MODIS,,061,061,1cc1bcd4242f4de46f2d0161e3ec176e4d3bdf52798f21e88d2cd4629fa50f39,modis,11eee28d543d716fe208a2f5fc21ea46c2fde8e3529e29c5478d61b0b2e886cc,2021-07-19,2021-07-15,2021-07-12,MODIS/061/MOD09Q1/2021_07_12,2021_07_12,1626048000000,2021-08-15,2021-07-16,2021
AOI-00,1546767a1ff01463f1bf4ea81cd86b44fbf42ba20f48c2d45d50120a3bab3ca5,MODIS/061/MOD09Q1,2021-07-20T00:00:00+00:00,final-source-scenes-r2-asset-verified,,b21c8cc7f3d4d35e1db4dfa1c8245ff10ba657c0a0a001992b552808766cc49b,RESTORE_SYSTEM_INDEX_FROM_EXACT_SYSTEM_ID,True,MODIS/061/MOD09Q1/2021_07_20,source-scenes-v1,2021-07-31,Terra MODIS,,061,061,1cc1bcd4242f4de46f2d0161e3ec176e4d3bdf52798f21e88d2cd4629fa50f39,modis,11eee28d543d716fe208a2f5fc21ea46c2fde8e3529e29c5478d61b0b2e886cc,2021-07-27,2021-07-23,2021-07-20,MODIS/061/MOD09Q1/2021_07_20,2021_07_20,1626739200000,2021-08-15,2021-07-16,2021
AOI-00,1546767a1ff01463f1bf4ea81cd86b44fbf42ba20f48c2d45d50120a3bab3ca5,MODIS/061/MOD09Q1,2021-07-28T00:00:00+00:00,final-source-scenes-r2-asset-verified,,b21c8cc7f3d4d35e1db4dfa1c8245ff10ba657c0a0a001992b552808766cc49b,RESTORE_SYSTEM_INDEX_FROM_EXACT_SYSTEM_ID,True,MODIS/061/MOD09Q1/2021_07_28,source-scenes-v1,2021-07-31,Terra MODIS,,061,061,1cc1bcd4242f4de46f2d0161e3ec176e4d3bdf52798f21e88d2cd4629fa50f39,modis,11eee28d543d716fe208a2f5fc21ea46c2fde8e3529e29c5478d61b0b2e886cc,2021-08-04,2021-07-31,2021-07-28,MODIS/061/MOD09Q1/2021_07_28,2021_07_28,1627430400000,2021-08-15,2021-07-16,2021
AOI-00,1546767a1ff01463f1bf4ea81cd86b44fbf42ba20f48c2d45d50120a3bab3ca5,MODIS/061/MOD09Q1,2021-08-05T00:00:00+00:00,final-source-scenes-r2-asset-verified,,b21c8cc7f3d4d35e1db4dfa1c8245ff10ba657c0a0a001992b552808766cc49b,RESTORE_SYSTEM_INDEX_FROM_EXACT_SYSTEM_ID,True,MODIS/061/MOD09Q1/2021_08_05,source-scenes-v1,2021-07-31,Terra MODIS,,061,061,1cc1bcd4242f4de46f2d0161e3ec176e4d3bdf52798f21e88d2cd4629fa50f39,modis,11eee28d543d716fe208a2f5fc21ea46c2fde8e3529e29c5478d61b0b2e886cc,2021-08-12,2021-08-08,2021-08-05,MODIS/061/MOD09Q1/2021_08_05,2021_08_05,1628121600000,2021-08-15,2021-07-16,2021
AOI-00,1546767a1ff01463f1bf4ea81cd86b44fbf42ba20f48c2d45d50120a3bab3ca5,MODIS/061/MOD09Q1,2021-08-13T00:00:00+00:00,final-source-scenes-r2-asset-verified,,b21c8cc7f3d4d35e1db4dfa1c8245ff10ba657c0a0a001992b552808766cc49b,RESTORE_SYSTEM_INDEX_FROM_EXACT_SYSTEM_ID,True,MODIS/061/MOD09Q1/2021_08_13,source-scenes-v1,2021-07-31,Terra MODIS,,061,061,1cc1bcd4242f4de46f2d0161e3ec176e4d3bdf52798f21e88d2cd4629fa50f39,modis,11eee28d543d716fe208a2f5fc21ea46c2fde8e3529e29c5478d61b0b2e886cc,2021-08-20,2021-08-16,2021-08-13,MODIS/061/MOD09Q1/2021_08_13,2021_08_13,1628812800000,2021-08-15,2021-07-16,2021
AOI-00,1546767a1ff01463f1bf4ea81cd86b44fbf42ba20f48c2d45d50120a3bab3ca5,MODIS/061/MOD09Q1,2021-08-21T00:00:00+00:00,final-source-scenes-r2-asset-verified,SUPPORT_INTERVAL_OUTSIDE_NOMINAL_WINDOW,b21c8cc7f3d4d35e1db4dfa1c8245ff10ba657c0a0a001992b552808766cc49b,RESTORE_SYSTEM_INDEX_FROM_EXACT_SYSTEM_ID,False,MODIS/061/MOD09Q1/2021_08_21,source-scenes-v1,2021-07-31,Terra MODIS,,061,061,1cc1bcd4242f4de46f2d0161e3ec176e4d3bdf52798f21e88d2cd4629fa50f39,modis,11eee28d543d716fe208a2f5fc21ea46c2fde8e3529e29c5478d61b0b2e886cc,2021-08-28,2021-08-24,2021-08-21,MODIS/061/MOD09Q1/2021_08_21,2021_08_21,1629504000000,2021-08-15,2021-07-16,2021
AOI-00,1546767a1ff01463f1bf4ea81cd86b44fbf42ba20f48c2d45d50120a3bab3ca5,MODIS/061/MOD09Q1,2021-07-04T00:00:00+00:00,final-source-scenes-r2-asset-verified,SUPPORT_INTERVAL_OUTSIDE_NOMINAL_WINDOW,b21c8cc7f3d4d35e1db4dfa1c8245ff10ba657c0a0a001992b552808766cc49b,RESTORE_SYSTEM_INDEX_FROM_EXACT_SYSTEM_ID,False,MODIS/061/MOD09Q1/2021_07_04,source-scenes-v1,2021-08-10,Terra MODIS,,061,061,dfee4840b368ae4101a170838cf0d1b2c10c565fc8e1e9d69371fd70bd35c429,modis,6eccbb386ac11e37f661fe7f5be0e06bfcd2c1986ebce54b077d4f90057f356b,2021-07-11,2021-07-07,2021-07-04,MODIS/061/MOD09Q1/2021_07_04,2021_07_04,1625356800000,2021-08-25,2021-07-26,2021
AOI-00,1546767a1ff01463f1bf4ea81cd86b44fbf42ba20f48c2d45d50120a3bab3ca5,MODIS/061/MOD09Q1,2021-07-12T00:00:00+00:00,final-source-scenes-r2-asset-verified,SUPPORT_INTERVAL_OUTSIDE_NOMINAL_WINDOW,b21c8cc7f3d4d35e1db4dfa1c8245ff10ba657c0a0a001992b552808766cc49b,RESTORE_SYSTEM_INDEX_FROM_EXACT_SYSTEM_ID,False,MODIS/061/MOD09Q1/2021_07_12,source-scenes-v1,2021-08-10,Terra MODIS,,061,061,dfee4840b368ae4101a170838cf0d1b2c10c565fc8e1e9d69371fd70bd35c429,modis,6eccbb386ac11e37f661fe7f5be0e06bfcd2c1986ebce54b077d4f90057f356b,2021-07-19,2021-07-15,2021-07-12,MODIS/061/MOD09Q1/2021_07_12,2021_07_12,1626048000000,2021-08-25,2021-07-26,2021
AOI-00,1546767a1ff01463f1bf4ea81cd86b44fbf42ba20f48c2d45d50120a3bab3ca5,MODIS/061/MOD09Q1,2021-07-20T00:00:00+00:00,final-source-scenes-r2-asset-verified,,b21c8cc7f3d4d35e1db4dfa1c8245ff10ba657c0a0a001992b552808766cc49b,RESTORE_SYSTEM_INDEX_FROM_EXACT_SYSTEM_ID,True,MODIS/061/MOD09Q1/2021_07_20,source-scenes-v1,2021-08-10,Terra MODIS,,061,061,dfee4840b368ae4101a170838cf0d1b2c10c565fc8e1e9d69371fd70bd35c429,modis,6eccbb386ac11e37f661fe7f5be0e06bfcd2c1986ebce54b077d4f90057f356b,2021-07-27,2021-07-23,2021-07-20,MODIS/061/MOD09Q1/2021_07_20,2021_07_20,1626739200000,2021-08-25,2021-07-26,2021
AOI-00,1546767a1ff01463f1bf4ea81cd86b44fbf42ba20f48c2d45d50120a3bab3ca5,MODIS/061/MOD09Q1,2021-07-28T00:00:00+00:00,final-source-scenes-r2-asset-verified,,b21c8cc7f3d4d35e1db4dfa1c8245ff10ba657c0a0a001992b552808766cc49b,RESTORE_SYSTEM_INDEX_FROM_EXACT_SYSTEM_ID,True,MODIS/061/MOD09Q1/2021_07_28,source-scenes-v1,2021-08-10,Terra MODIS,,061,061,dfee4840b368ae4101a170838cf0d1b2c10c565fc8e1e9d69371fd70bd35c429,modis,6eccbb386ac11e37f661fe7f5be0e06bfcd2c1986ebce54b077d4f90057f356b,2021-08-04,2021-07-31,2021-07-28,MODIS/061/MOD09Q1/2021_07_28,2021_07_28,1627430400000,2021-08-25,2021-07-26,2021
AOI-00,1546767a1ff01463f1bf4ea81cd86b44fbf42ba20f48c2d45d50120a3bab3ca5,MODIS/061/MOD09Q1,2021-08-05T00:00:00+00:00,final-source-scenes-r2-asset-verified,,b21c8cc7f3d4d35e1db4dfa1c8245ff10ba657c0a0a001992b552808766cc49b,RESTORE_SYSTEM_INDEX_FROM_EXACT_SYSTEM_ID,True,MODIS/061/MOD09Q1/2021_08_05,source-scenes-v1,2021-08-10,Terra MODIS,,061,061,dfee4840b368ae4101a170838cf0d1b2c10c565fc8e1e9d69371fd70bd35c429,modis,6eccbb386ac11e37f661fe7f5be0e06bfcd2c1986ebce54b077d4f90057f356b,2021-08-12,2021-08-08,2021-08-05,MODIS/061/MOD09Q1/2021_08_05,2021_08_05,1628121600000,2021-08-25,2021-07-26,2021
AOI-00,1546767a1ff01463f1bf4ea81cd86b44fbf42ba20f48c2d45d50120a3bab3ca5,MODIS/061/MOD09Q1,2021-08-13T00:00:00+00:00,final-source-scenes-r2-asset-verified,,b21c8cc7f3d4d35e1db4dfa1c8245ff10ba657c0a0a001992b552808766cc49b,RESTORE_SYSTEM_INDEX_FROM_EXACT_SYSTEM_ID,True,MODIS/061/MOD09Q1/2021_08_13,source-scenes-v1,2021-08-10,Terra MODIS,,061,061,dfee4840b368ae4101a170838cf0d1b2c10c565fc8e1e9d69371fd70bd35c429,modis,6eccbb386ac11e37f661fe7f5be0e06bfcd2c1986ebce54b077d4f90057f356b,2021-08-20,2021-08-16,2021-08-13,MODIS/061/MOD09Q1/2021_08_13,2021_08_13,1628812800000,2021-08-25,2021-07-26,2021
AOI-00,1546767a1ff01463f1bf4ea81cd86b44fbf42ba20f48c2d45d50120a3bab3ca5,MODIS/061/MOD09Q1,2021-08-21T00:00:00+00:00,final-source-scenes-r2-asset-verified,,b21c8cc7f3d4d35e1db4dfa1c8245ff10ba657c0a0a001992b552808766cc49b,RESTORE_SYSTEM_INDEX_FROM_EXACT_SYSTEM_ID,True,MODIS/061/MOD09Q1/2021_08_21,source-scenes-v1,2021-08-10,Terra MODIS,,061,061,dfee4840b368ae4101a170838cf0d1b2c10c565fc8e1e9d69371fd70bd35c429,modis,6eccbb386ac11e37f661fe7f5be0e06bfcd2c1986ebce54b077d4f90057f356b,2021-08-28,2021-08-24,2021-08-21,MODIS/061/MOD09Q1/2021_08_21,2021_08_21,1629504000000,2021-08-25,2021-07-26,2021
AOI-00,1546767a1ff01463f1bf4ea81cd86b44fbf42ba20f48c2d45d50120a3bab3ca5,MODIS/061/MOD09Q1,2022-07-04T00:00:00+00:00,final-source-scenes-r2-asset-verified,,b21c8cc7f3d4d35e1db4dfa1c8245ff10ba657c0a0a001992b552808766cc49b,RESTORE_SYSTEM_INDEX_FROM_EXACT_SYSTEM_ID,True,MODIS/061/MOD09Q1/2022_07_04,source-scenes-v1,2022-07-20,Terra MODIS,,061,061,905dcc88d32ba37a3e0a0c358e58676f24228826ca1ca422302bea6de3238cb1,modis,f5762ce190ff5dc57176e16533bcf4aa4da929cccde593fa3561a69c687a630f,2022-07-11,2022-07-07,2022-07-04,MODIS/061/MOD09Q1/2022_07_04,2022_07_04,1656892800000,2022-08-04,2022-07-05,2022
AOI-00,1546767a1ff01463f1bf4ea81cd86b44fbf42ba20f48c2d45d50120a3bab3ca5,MODIS/061/MOD09Q1,2022-07-12T00:00:00+00:00,final-source-scenes-r2-asset-verified,,b21c8cc7f3d4d35e1db4dfa1c8245ff10ba657c0a0a001992b552808766cc49b,RESTORE_SYSTEM_INDEX_FROM_EXACT_SYSTEM_ID,True,MODIS/061/MOD09Q1/2022_07_12,source-scenes-v1,2022-07-20,Terra MODIS,,061,061,905dcc88d32ba37a3e0a0c358e58676f24228826ca1ca422302bea6de3238cb1,modis,f5762ce190ff5dc57176e16533bcf4aa4da929cccde593fa3561a69c687a630f,2022-07-19,2022-07-15,2022-07-12,MODIS/061/MOD09Q1/2022_07_12,2022_07_12,1657584000000,2022-08-04,2022-07-05,2022
AOI-00,1546767a1ff01463f1bf4ea81cd86b44fbf42ba20f48c2d45d50120a3bab3ca5,MODIS/061/MOD09Q1,2022-07-20T00:00:00+00:00,final-source-scenes-r2-asset-verified,,b21c8cc7f3d4d35e1db4dfa1c8245ff10ba657c0a0a001992b552808766cc49b,RESTORE_SYSTEM_INDEX_FROM_EXACT_SYSTEM_ID,True,MODIS/061/MOD09Q1/2022_07_20,source-scenes-v1,2022-07-20,Terra MODIS,,061,061,905dcc88d32ba37a3e0a0c358e58676f24228826ca1ca422302bea6de3238cb1,modis,f5762ce190ff5dc57176e16533bcf4aa4da929cccde593fa3561a69c687a630f,2022-07-27,2022-07-23,2022-07-20,MODIS/061/MOD09Q1/2022_07_20,2022_07_20,1658275200000,2022-08-04,2022-07-05,2022
AOI-00,1546767a1ff01463f1bf4ea81cd86b44fbf42ba20f48c2d45d50120a3bab3ca5,MODIS/061/MOD09Q1,2022-07-28T00:00:00+00:00,final-source-scenes-r2-asset-verified,,b21c8cc7f3d4d35e1db4dfa1c8245ff10ba657c0a0a001992b552808766cc49b,RESTORE_SYSTEM_INDEX_FROM_EXACT_SYSTEM_ID,True,MODIS/061/MOD09Q1/2022_07_28,source-scenes-v1,2022-07-20,Terra MODIS,,061,061,905dcc88d32ba37a3e0a0c358e58676f24228826ca1ca422302bea6de3238cb1,modis,f5762ce190ff5dc57176e16533bcf4aa4da929cccde593fa3561a69c687a630f,2022-08-04,2022-07-31,2022-07-28,MODIS/061/MOD09Q1/2022_07_28,2022_07_28,1658966400000,2022-08-04,2022-07-05,2022
AOI-00,1546767a1ff01463f1bf4ea81cd86b44fbf42ba20f48c2d45d50120a3bab3ca5,MODIS/061/MOD09Q1,2022-08-05T00:00:00+00:00,final-source-scenes-r2-asset-verified,SUPPORT_INTERVAL_OUTSIDE_NOMINAL_WINDOW,b21c8cc7f3d4d35e1db4dfa1c8245ff10ba657c0a0a001992b552808766cc49b,RESTORE_SYSTEM_INDEX_FROM_EXACT_SYSTEM_ID,False,MODIS/061/MOD09Q1/2022_08_05,source-scenes-v1,2022-07-20,Terra MODIS,,061,061,905dcc88d32ba37a3e0a0c358e58676f24228826ca1ca422302bea6de3238cb1,modis,f5762ce190ff5dc57176e16533bcf4aa4da929cccde593fa3561a69c687a630f,2022-08-12,2022-08-08,2022-08-05,MODIS/061/MOD09Q1/2022_08_05,2022_08_05,1659657600000,2022-08-04,2022-07-05,2022
AOI-00,1546767a1ff01463f1bf4ea81cd86b44fbf42ba20f48c2d45d50120a3bab3ca5,MODIS/061/MOD09Q1,2022-08-13T00:00:00+00:00,final-source-scenes-r2-asset-verified,SUPPORT_INTERVAL_OUTSIDE_NOMINAL_WINDOW,b21c8cc7f3d4d35e1db4dfa1c8245ff10ba657c0a0a001992b552808766cc49b,RESTORE_SYSTEM_INDEX_FROM_EXACT_SYSTEM_ID,False,MODIS/061/MOD09Q1/2022_08_13,source-scenes-v1,2022-07-20,Terra MODIS,,061,061,905dcc88d32ba37a3e0a0c358e58676f24228826ca1ca422302bea6de3238cb1,modis,f5762ce190ff5dc57176e16533bcf4aa4da929cccde593fa3561a69c687a630f,2022-08-20,2022-08-16,2022-08-13,MODIS/061/MOD09Q1/2022_08_13,2022_08_13,1660348800000,2022-08-04,2022-07-05,2022
AOI-00,1546767a1ff01463f1bf4ea81cd86b44fbf42ba20f48c2d45d50120a3bab3ca5,MODIS/061/MOD09Q1,2022-08-21T00:00:00+00:00,final-source-scenes-r2-asset-verified,SUPPORT_INTERVAL_OUTSIDE_NOMINAL_WINDOW,b21c8cc7f3d4d35e1db4dfa1c8245ff10ba657c0a0a001992b552808766cc49b,RESTORE_SYSTEM_INDEX_FROM_EXACT_SYSTEM_ID,False,MODIS/061/MOD09Q1/2022_08_21,source-scenes-v1,2022-07-20,Terra MODIS,,061,061,905dcc88d32ba37a3e0a0c358e58676f24228826ca1ca422302bea6de3238cb1,modis,f5762ce190ff5dc57176e16533bcf4aa4da929cccde593fa3561a69c687a630f,2022-08-28,2022-08-24,2022-08-21,MODIS/061/MOD09Q1/2022_08_21,2022_08_21,1661040000000,2022-08-04,2022-07-05,2022
AOI-00,1546767a1ff01463f1bf4ea81cd86b44fbf42ba20f48c2d45d50120a3bab3ca5,MODIS/061/MOD09Q1,2022-07-04T00:00:00+00:00,final-source-scenes-r2-asset-verified,SUPPORT_INTERVAL_OUTSIDE_NOMINAL_WINDOW,b21c8cc7f3d4d35e1db4dfa1c8245ff10ba657c0a0a001992b552808766cc49b,RESTORE_SYSTEM_INDEX_FROM_EXACT_SYSTEM_ID,False,MODIS/061/MOD09Q1/2022_07_04,source-scenes-v1,2022-07-31,Terra MODIS,,061,061,3fd96c0dd7e224da353e0f5c37b419ed68da5562aa315bb51b2e37135356fc3e,modis,b431b999eba5f44be8ddeefafa733ac371a46f5b476b9ac5889260193202c68c,2022-07-11,2022-07-07,2022-07-04,MODIS/061/MOD09Q1/2022_07_04,2022_07_04,1656892800000,2022-08-15,2022-07-16,2022
AOI-00,1546767a1ff01463f1bf4ea81cd86b44fbf42ba20f48c2d45d50120a3bab3ca5,MODIS/061/MOD09Q1,2022-07-12T00:00:00+00:00,final-source-scenes-r2-asset-verified,,b21c8cc7f3d4d35e1db4dfa1c8245ff10ba657c0a0a001992b552808766cc49b,RESTORE_SYSTEM_INDEX_FROM_EXACT_SYSTEM_ID,True,MODIS/061/MOD09Q1/2022_07_12,source-scenes-v1,2022-07-31,Terra MODIS,,061,061,3fd96c0dd7e224da353e0f5c37b419ed68da5562aa315bb51b2e37135356fc3e,modis,b431b999eba5f44be8ddeefafa733ac371a46f5b476b9ac5889260193202c68c,2022-07-19,2022-07-15,2022-07-12,MODIS/061/MOD09Q1/2022_07_12,2022_07_12,1657584000000,2022-08-15,2022-07-16,2022
AOI-00,1546767a1ff01463f1bf4ea81cd86b44fbf42ba20f48c2d45d50120a3bab3ca5,MODIS/061/MOD09Q1,2022-07-20T00:00:00+00:00,final-source-scenes-r2-asset-verified,,b21c8cc7f3d4d35e1db4dfa1c8245ff10ba657c0a0a001992b552808766cc49b,RESTORE_SYSTEM_INDEX_FROM_EXACT_SYSTEM_ID,True,MODIS/061/MOD09Q1/2022_07_20,source-scenes-v1,2022-07-31,Terra MODIS,,061,061,3fd96c0dd7e224da353e0f5c37b419ed68da5562aa315bb51b2e37135356fc3e,modis,b431b999eba5f44be8ddeefafa733ac371a46f5b476b9ac5889260193202c68c,2022-07-27,2022-07-23,2022-07-20,MODIS/061/MOD09Q1/2022_07_20,2022_07_20,1658275200000,2022-08-15,2022-07-16,2022
AOI-00,1546767a1ff01463f1bf4ea81cd86b44fbf42ba20f48c2d45d50120a3bab3ca5,MODIS/061/MOD09Q1,2022-07-28T00:00:00+00:00,final-source-scenes-r2-asset-verified,,b21c8cc7f3d4d35e1db4dfa1c8245ff10ba657c0a0a001992b552808766cc49b,RESTORE_SYSTEM_INDEX_FROM_EXACT_SYSTEM_ID,True,MODIS/061/MOD09Q1/2022_07_28,source-scenes-v1,2022-07-31,Terra MODIS,,061,061,3fd96c0dd7e224da353e0f5c37b419ed68da5562aa315bb51b2e37135356fc3e,modis,b431b999eba5f44be8ddeefafa733ac371a46f5b476b9ac5889260193202c68c,2022-08-04,2022-07-31,2022-07-28,MODIS/061/MOD09Q1/2022_07_28,2022_07_28,1658966400000,2022-08-15,2022-07-16,2022
AOI-00,1546767a1ff01463f1bf4ea81cd86b44fbf42ba20f48c2d45d50120a3bab3ca5,MODIS/061/MOD09Q1,2022-08-05T00:00:00+00:00,final-source-scenes-r2-asset-verified,,b21c8cc7f3d4d35e1db4dfa1c8245ff10ba657c0a0a001992b552808766cc49b,RESTORE_SYSTEM_INDEX_FROM_EXACT_SYSTEM_ID,True,MODIS/061/MOD09Q1/2022_08_05,source-scenes-v1,2022-07-31,Terra MODIS,,061,061,3fd96c0dd7e224da353e0f5c37b419ed68da5562aa315bb51b2e37135356fc3e,modis,b431b999eba5f44be8ddeefafa733ac371a46f5b476b9ac5889260193202c68c,2022-08-12,2022-08-08,2022-08-05,MODIS/061/MOD09Q1/2022_08_05,2022_08_05,1659657600000,2022-08-15,2022-07-16,2022
AOI-00,1546767a1ff01463f1bf4ea81cd86b44fbf42ba20f48c2d45d50120a3bab3ca5,MODIS/061/MOD09Q1,2022-08-13T00:00:00+00:00,final-source-scenes-r2-asset-verified,,b21c8cc7f3d4d35e1db4dfa1c8245ff10ba657c0a0a001992b552808766cc49b,RESTORE_SYSTEM_INDEX_FROM_EXACT_SYSTEM_ID,True,MODIS/061/MOD09Q1/2022_08_13,source-scenes-v1,2022-07-31,Terra MODIS,,061,061,3fd96c0dd7e224da353e0f5c37b419ed68da5562aa315bb51b2e37135356fc3e,modis,b431b999eba5f44be8ddeefafa733ac371a46f5b476b9ac5889260193202c68c,2022-08-20,2022-08-16,2022-08-13,MODIS/061/MOD09Q1/2022_08_13,2022_08_13,1660348800000,2022-08-15,2022-07-16,2022
AOI-00,1546767a1ff01463f1bf4ea81cd86b44fbf42ba20f48c2d45d50120a3bab3ca5,MODIS/061/MOD09Q1,2022-08-21T00:00:00+00:00,final-source-scenes-r2-asset-verified,SUPPORT_INTERVAL_OUTSIDE_NOMINAL_WINDOW,b21c8cc7f3d4d35e1db4dfa1c8245ff10ba657c0a0a001992b552808766cc49b,RESTORE_SYSTEM_INDEX_FROM_EXACT_SYSTEM_ID,False,MODIS/061/MOD09Q1/2022_08_21,source-scenes-v1,2022-07-31,Terra MODIS,,061,061,3fd96c0dd7e224da353e0f5c37b419ed68da5562aa315bb51b2e37135356fc3e,modis,b431b999eba5f44be8ddeefafa733ac371a46f5b476b9ac5889260193202c68c,2022-08-28,2022-08-24,2022-08-21,MODIS/061/MOD09Q1/2022_08_21,2022_08_21,1661040000000,2022-08-15,2022-07-16,2022
AOI-00,1546767a1ff01463f1bf4ea81cd86b44fbf42ba20f48c2d45d50120a3bab3ca5,MODIS/061/MOD09Q1,2022-07-04T00:00:00+00:00,final-source-scenes-r2-asset-verified,SUPPORT_INTERVAL_OUTSIDE_NOMINAL_WINDOW,b21c8cc7f3d4d35e1db4dfa1c8245ff10ba657c0a0a001992b552808766cc49b,RESTORE_SYSTEM_INDEX_FROM_EXACT_SYSTEM_ID,False,MODIS/061/MOD09Q1/2022_07_04,source-scenes-v1,2022-08-10,Terra MODIS,,061,061,f7a8670e4a939a93612fdc136f26843eee441216eb74d61635ecc3d972e3144f,modis,fe16e1e48d76594e207f100677dc4f38107f86523a9c22bb6716350d126ba31c,2022-07-11,2022-07-07,2022-07-04,MODIS/061/MOD09Q1/2022_07_04,2022_07_04,1656892800000,2022-08-25,2022-07-26,2022
AOI-00,1546767a1ff01463f1bf4ea81cd86b44fbf42ba20f48c2d45d50120a3bab3ca5,MODIS/061/MOD09Q1,2022-07-12T00:00:00+00:00,final-source-scenes-r2-asset-verified,SUPPORT_INTERVAL_OUTSIDE_NOMINAL_WINDOW,b21c8cc7f3d4d35e1db4dfa1c8245ff10ba657c0a0a001992b552808766cc49b,RESTORE_SYSTEM_INDEX_FROM_EXACT_SYSTEM_ID,False,MODIS/061/MOD09Q1/2022_07_12,source-scenes-v1,2022-08-10,Terra MODIS,,061,061,f7a8670e4a939a93612fdc136f26843eee441216eb74d61635ecc3d972e3144f,modis,fe16e1e48d76594e207f100677dc4f38107f86523a9c22bb6716350d126ba31c,2022-07-19,2022-07-15,2022-07-12,MODIS/061/MOD09Q1/2022_07_12,2022_07_12,1657584000000,2022-08-25,2022-07-26,2022
AOI-00,1546767a1ff01463f1bf4ea81cd86b44fbf42ba20f48c2d45d50120a3bab3ca5,MODIS/061/MOD09Q1,2022-07-20T00:00:00+00:00,final-source-scenes-r2-asset-verified,,b21c8cc7f3d4d35e1db4dfa1c8245ff10ba657c0a0a001992b552808766cc49b,RESTORE_SYSTEM_INDEX_FROM_EXACT_SYSTEM_ID,True,MODIS/061/MOD09Q1/2022_07_20,source-scenes-v1,2022-08-10,Terra MODIS,,061,061,f7a8670e4a939a93612fdc136f26843eee441216eb74d61635ecc3d972e3144f,modis,fe16e1e48d76594e207f100677dc4f38107f86523a9c22bb6716350d126ba31c,2022-07-27,2022-07-23,2022-07-20,MODIS/061/MOD09Q1/2022_07_20,2022_07_20,1658275200000,2022-08-25,2022-07-26,2022
AOI-00,1546767a1ff01463f1bf4ea81cd86b44fbf42ba20f48c2d45d50120a3bab3ca5,MODIS/061/MOD09Q1,2022-07-28T00:00:00+00:00,final-source-scenes-r2-asset-verified,,b21c8cc7f3d4d35e1db4dfa1c8245ff10ba657c0a0a001992b552808766cc49b,RESTORE_SYSTEM_INDEX_FROM_EXACT_SYSTEM_ID,True,MODIS/061/MOD09Q1/2022_07_28,source-scenes-v1,2022-08-10,Terra MODIS,,061,061,f7a8670e4a939a93612fdc136f26843eee441216eb74d61635ecc3d972e3144f,modis,fe16e1e48d76594e207f100677dc4f38107f86523a9c22bb6716350d126ba31c,2022-08-04,2022-07-31,2022-07-28,MODIS/061/MOD09Q1/2022_07_28,2022_07_28,1658966400000,2022-08-25,2022-07-26,2022
AOI-00,1546767a1ff01463f1bf4ea81cd86b44fbf42ba20f48c2d45d50120a3bab3ca5,MODIS/061/MOD09Q1,2022-08-05T00:00:00+00:00,final-source-scenes-r2-asset-verified,,b21c8cc7f3d4d35e1db4dfa1c8245ff10ba657c0a0a001992b552808766cc49b,RESTORE_SYSTEM_INDEX_FROM_EXACT_SYSTEM_ID,True,MODIS/061/MOD09Q1/2022_08_05,source-scenes-v1,2022-08-10,Terra MODIS,,061,061,f7a8670e4a939a93612fdc136f26843eee441216eb74d61635ecc3d972e3144f,modis,fe16e1e48d76594e207f100677dc4f38107f86523a9c22bb6716350d126ba31c,2022-08-12,2022-08-08,2022-08-05,MODIS/061/MOD09Q1/2022_08_05,2022_08_05,1659657600000,2022-08-25,2022-07-26,2022
AOI-00,1546767a1ff01463f1bf4ea81cd86b44fbf42ba20f48c2d45d50120a3bab3ca5,MODIS/061/MOD09Q1,2022-08-13T00:00:00+00:00,final-source-scenes-r2-asset-verified,,b21c8cc7f3d4d35e1db4dfa1c8245ff10ba657c0a0a001992b552808766cc49b,RESTORE_SYSTEM_INDEX_FROM_EXACT_SYSTEM_ID,True,MODIS/061/MOD09Q1/2022_08_13,source-scenes-v1,2022-08-10,Terra MODIS,,061,061,f7a8670e4a939a93612fdc136f26843eee441216eb74d61635ecc3d972e3144f,modis,fe16e1e48d76594e207f100677dc4f38107f86523a9c22bb6716350d126ba31c,2022-08-20,2022-08-16,2022-08-13,MODIS/061/MOD09Q1/2022_08_13,2022_08_13,1660348800000,2022-08-25,2022-07-26,2022
AOI-00,1546767a1ff01463f1bf4ea81cd86b44fbf42ba20f48c2d45d50120a3bab3ca5,MODIS/061/MOD09Q1,2022-08-21T00:00:00+00:00,final-source-scenes-r2-asset-verified,,b21c8cc7f3d4d35e1db4dfa1c8245ff10ba657c0a0a001992b552808766cc49b,RESTORE_SYSTEM_INDEX_FROM_EXACT_SYSTEM_ID,True,MODIS/061/MOD09Q1/2022_08_21,source-scenes-v1,2022-08-10,Terra MODIS,,061,061,f7a8670e4a939a93612fdc136f26843eee441216eb74d61635ecc3d972e3144f,modis,fe16e1e48d76594e207f100677dc4f38107f86523a9c22bb6716350d126ba31c,2022-08-28,2022-08-24,2022-08-21,MODIS/061/MOD09Q1/2022_08_21,2022_08_21,1661040000000,2022-08-25,2022-07-26,2022
AOI-00,1546767a1ff01463f1bf4ea81cd86b44fbf42ba20f48c2d45d50120a3bab3ca5,MODIS/061/MOD09Q1,2023-07-04T00:00:00+00:00,final-source-scenes-r2-asset-verified,,b21c8cc7f3d4d35e1db4dfa1c8245ff10ba657c0a0a001992b552808766cc49b,RESTORE_SYSTEM_INDEX_FROM_EXACT_SYSTEM_ID,True,MODIS/061/MOD09Q1/2023_07_04,source-scenes-v1,2023-07-20,Terra MODIS,,061,061,a7fac44b51950ccb472e790b085aad2bc9cbe76b8bf0c76cbce2ded416eee084,modis,1b29494fc5a83cd7593c87ef089c27ad003d99afeb62a7c8385b9e03397c7c31,2023-07-11,2023-07-07,2023-07-04,MODIS/061/MOD09Q1/2023_07_04,2023_07_04,1688428800000,2023-08-04,2023-07-05,2023
AOI-00,1546767a1ff01463f1bf4ea81cd86b44fbf42ba20f48c2d45d50120a3bab3ca5,MODIS/061/MOD09Q1,2023-07-12T00:00:00+00:00,final-source-scenes-r2-asset-verified,,b21c8cc7f3d4d35e1db4dfa1c8245ff10ba657c0a0a001992b552808766cc49b,RESTORE_SYSTEM_INDEX_FROM_EXACT_SYSTEM_ID,True,MODIS/061/MOD09Q1/2023_07_12,source-scenes-v1,2023-07-20,Terra MODIS,,061,061,a7fac44b51950ccb472e790b085aad2bc9cbe76b8bf0c76cbce2ded416eee084,modis,1b29494fc5a83cd7593c87ef089c27ad003d99afeb62a7c8385b9e03397c7c31,2023-07-19,2023-07-15,2023-07-12,MODIS/061/MOD09Q1/2023_07_12,2023_07_12,1689120000000,2023-08-04,2023-07-05,2023
AOI-00,1546767a1ff01463f1bf4ea81cd86b44fbf42ba20f48c2d45d50120a3bab3ca5,MODIS/061/MOD09Q1,2023-07-20T00:00:00+00:00,final-source-scenes-r2-asset-verified,,b21c8cc7f3d4d35e1db4dfa1c8245ff10ba657c0a0a001992b552808766cc49b,RESTORE_SYSTEM_INDEX_FROM_EXACT_SYSTEM_ID,True,MODIS/061/MOD09Q1/2023_07_20,source-scenes-v1,2023-07-20,Terra MODIS,,061,061,a7fac44b51950ccb472e790b085aad2bc9cbe76b8bf0c76cbce2ded416eee084,modis,1b29494fc5a83cd7593c87ef089c27ad003d99afeb62a7c8385b9e03397c7c31,2023-07-27,2023-07-23,2023-07-20,MODIS/061/MOD09Q1/2023_07_20,2023_07_20,1689811200000,2023-08-04,2023-07-05,2023
AOI-00,1546767a1ff01463f1bf4ea81cd86b44fbf42ba20f48c2d45d50120a3bab3ca5,MODIS/061/MOD09Q1,2023-07-28T00:00:00+00:00,final-source-scenes-r2-asset-verified,,b21c8cc7f3d4d35e1db4dfa1c8245ff10ba657c0a0a001992b552808766cc49b,RESTORE_SYSTEM_INDEX_FROM_EXACT_SYSTEM_ID,True,MODIS/061/MOD09Q1/2023_07_28,source-scenes-v1,2023-07-20,Terra MODIS,,061,061,a7fac44b51950ccb472e790b085aad2bc9cbe76b8bf0c76cbce2ded416eee084,modis,1b29494fc5a83cd7593c87ef089c27ad003d99afeb62a7c8385b9e03397c7c31,2023-08-04,2023-07-31,2023-07-28,MODIS/061/MOD09Q1/2023_07_28,2023_07_28,1690502400000,2023-08-04,2023-07-05,2023
AOI-00,1546767a1ff01463f1bf4ea81cd86b44fbf42ba20f48c2d45d50120a3bab3ca5,MODIS/061/MOD09Q1,2023-08-05T00:00:00+00:00,final-source-scenes-r2-asset-verified,SUPPORT_INTERVAL_OUTSIDE_NOMINAL_WINDOW,b21c8cc7f3d4d35e1db4dfa1c8245ff10ba657c0a0a001992b552808766cc49b,RESTORE_SYSTEM_INDEX_FROM_EXACT_SYSTEM_ID,False,MODIS/061/MOD09Q1/2023_08_05,source-scenes-v1,2023-07-20,Terra MODIS,,061,061,a7fac44b51950ccb472e790b085aad2bc9cbe76b8bf0c76cbce2ded416eee084,modis,1b29494fc5a83cd7593c87ef089c27ad003d99afeb62a7c8385b9e03397c7c31,2023-08-12,2023-08-08,2023-08-05,MODIS/061/MOD09Q1/2023_08_05,2023_08_05,1691193600000,2023-08-04,2023-07-05,2023
AOI-00,1546767a1ff01463f1bf4ea81cd86b44fbf42ba20f48c2d45d50120a3bab3ca5,MODIS/061/MOD09Q1,2023-08-13T00:00:00+00:00,final-source-scenes-r2-asset-verified,SUPPORT_INTERVAL_OUTSIDE_NOMINAL_WINDOW,b21c8cc7f3d4d35e1db4dfa1c8245ff10ba657c0a0a001992b552808766cc49b,RESTORE_SYSTEM_INDEX_FROM_EXACT_SYSTEM_ID,False,MODIS/061/MOD09Q1/2023_08_13,source-scenes-v1,2023-07-20,Terra MODIS,,061,061,a7fac44b51950ccb472e790b085aad2bc9cbe76b8bf0c76cbce2ded416eee084,modis,1b29494fc5a83cd7593c87ef089c27ad003d99afeb62a7c8385b9e03397c7c31,2023-08-20,2023-08-16,2023-08-13,MODIS/061/MOD09Q1/2023_08_13,2023_08_13,1691884800000,2023-08-04,2023-07-05,2023
AOI-00,1546767a1ff01463f1bf4ea81cd86b44fbf42ba20f48c2d45d50120a3bab3ca5,MODIS/061/MOD09Q1,2023-08-21T00:00:00+00:00,final-source-scenes-r2-asset-verified,SUPPORT_INTERVAL_OUTSIDE_NOMINAL_WINDOW,b21c8cc7f3d4d35e1db4dfa1c8245ff10ba657c0a0a001992b552808766cc49b,RESTORE_SYSTEM_INDEX_FROM_EXACT_SYSTEM_ID,False,MODIS/061/MOD09Q1/2023_08_21,source-scenes-v1,2023-07-20,Terra MODIS,,061,061,a7fac44b51950ccb472e790b085aad2bc9cbe76b8bf0c76cbce2ded416eee084,modis,1b29494fc5a83cd7593c87ef089c27ad003d99afeb62a7c8385b9e03397c7c31,2023-08-28,2023-08-24,2023-08-21,MODIS/061/MOD09Q1/2023_08_21,2023_08_21,1692576000000,2023-08-04,2023-07-05,2023
AOI-00,1546767a1ff01463f1bf4ea81cd86b44fbf42ba20f48c2d45d50120a3bab3ca5,MODIS/061/MOD09Q1,2023-07-04T00:00:00+00:00,final-source-scenes-r2-asset-verified,SUPPORT_INTERVAL_OUTSIDE_NOMINAL_WINDOW,b21c8cc7f3d4d35e1db4dfa1c8245ff10ba657c0a0a001992b552808766cc49b,RESTORE_SYSTEM_INDEX_FROM_EXACT_SYSTEM_ID,False,MODIS/061/MOD09Q1/2023_07_04,source-scenes-v1,2023-07-31,Terra MODIS,,061,061,7a0b5f1f1798769696d25d1a84c6eeb32ffe4c3002ae69b97d48d9972aab6b42,modis,f37b44c33151890b57e1d9b4bf236efeb9f9f47150363987765d4f6dc9d30420,2023-07-11,2023-07-07,2023-07-04,MODIS/061/MOD09Q1/2023_07_04,2023_07_04,1688428800000,2023-08-15,2023-07-16,2023
AOI-00,1546767a1ff01463f1bf4ea81cd86b44fbf42ba20f48c2d45d50120a3bab3ca5,MODIS/061/MOD09Q1,2023-07-12T00:00:00+00:00,final-source-scenes-r2-asset-verified,,b21c8cc7f3d4d35e1db4dfa1c8245ff10ba657c0a0a001992b552808766cc49b,RESTORE_SYSTEM_INDEX_FROM_EXACT_SYSTEM_ID,True,MODIS/061/MOD09Q1/2023_07_12,source-scenes-v1,2023-07-31,Terra MODIS,,061,061,7a0b5f1f1798769696d25d1a84c6eeb32ffe4c3002ae69b97d48d9972aab6b42,modis,f37b44c33151890b57e1d9b4bf236efeb9f9f47150363987765d4f6dc9d30420,2023-07-19,2023-07-15,2023-07-12,MODIS/061/MOD09Q1/2023_07_12,2023_07_12,1689120000000,2023-08-15,2023-07-16,2023
AOI-00,1546767a1ff01463f1bf4ea81cd86b44fbf42ba20f48c2d45d50120a3bab3ca5,MODIS/061/MOD09Q1,2023-07-20T00:00:00+00:00,final-source-scenes-r2-asset-verified,,b21c8cc7f3d4d35e1db4dfa1c8245ff10ba657c0a0a001992b552808766cc49b,RESTORE_SYSTEM_INDEX_FROM_EXACT_SYSTEM_ID,True,MODIS/061/MOD09Q1/2023_07_20,source-scenes-v1,2023-07-31,Terra MODIS,,061,061,7a0b5f1f1798769696d25d1a84c6eeb32ffe4c3002ae69b97d48d9972aab6b42,modis,f37b44c33151890b57e1d9b4bf236efeb9f9f47150363987765d4f6dc9d30420,2023-07-27,2023-07-23,2023-07-20,MODIS/061/MOD09Q1/2023_07_20,2023_07_20,1689811200000,2023-08-15,2023-07-16,2023
AOI-00,1546767a1ff01463f1bf4ea81cd86b44fbf42ba20f48c2d45d50120a3bab3ca5,MODIS/061/MOD09Q1,2023-07-28T00:00:00+00:00,final-source-scenes-r2-asset-verified,,b21c8cc7f3d4d35e1db4dfa1c8245ff10ba657c0a0a001992b552808766cc49b,RESTORE_SYSTEM_INDEX_FROM_EXACT_SYSTEM_ID,True,MODIS/061/MOD09Q1/2023_07_28,source-scenes-v1,2023-07-31,Terra MODIS,,061,061,7a0b5f1f1798769696d25d1a84c6eeb32ffe4c3002ae69b97d48d9972aab6b42,modis,f37b44c33151890b57e1d9b4bf236efeb9f9f47150363987765d4f6dc9d30420,2023-08-04,2023-07-31,2023-07-28,MODIS/061/MOD09Q1/2023_07_28,2023_07_28,1690502400000,2023-08-15,2023-07-16,2023
AOI-00,1546767a1ff01463f1bf4ea81cd86b44fbf42ba20f48c2d45d50120a3bab3ca5,MODIS/061/MOD09Q1,2023-08-05T00:00:00+00:00,final-source-scenes-r2-asset-verified,,b21c8cc7f3d4d35e1db4dfa1c8245ff10ba657c0a0a001992b552808766cc49b,RESTORE_SYSTEM_INDEX_FROM_EXACT_SYSTEM_ID,True,MODIS/061/MOD09Q1/2023_08_05,source-scenes-v1,2023-07-31,Terra MODIS,,061,061,7a0b5f1f1798769696d25d1a84c6eeb32ffe4c3002ae69b97d48d9972aab6b42,modis,f37b44c33151890b57e1d9b4bf236efeb9f9f47150363987765d4f6dc9d30420,2023-08-12,2023-08-08,2023-08-05,MODIS/061/MOD09Q1/2023_08_05,2023_08_05,1691193600000,2023-08-15,2023-07-16,2023
AOI-00,1546767a1ff01463f1bf4ea81cd86b44fbf42ba20f48c2d45d50120a3bab3ca5,MODIS/061/MOD09Q1,2023-08-13T00:00:00+00:00,final-source-scenes-r2-asset-verified,,b21c8cc7f3d4d35e1db4dfa1c8245ff10ba657c0a0a001992b552808766cc49b,RESTORE_SYSTEM_INDEX_FROM_EXACT_SYSTEM_ID,True,MODIS/061/MOD09Q1/2023_08_13,source-scenes-v1,2023-07-31,Terra MODIS,,061,061,7a0b5f1f1798769696d25d1a84c6eeb32ffe4c3002ae69b97d48d9972aab6b42,modis,f37b44c33151890b57e1d9b4bf236efeb9f9f47150363987765d4f6dc9d30420,2023-08-20,2023-08-16,2023-08-13,MODIS/061/MOD09Q1/2023_08_13,2023_08_13,1691884800000,2023-08-15,2023-07-16,2023
AOI-00,1546767a1ff01463f1bf4ea81cd86b44fbf42ba20f48c2d45d50120a3bab3ca5,MODIS/061/MOD09Q1,2023-08-21T00:00:00+00:00,final-source-scenes-r2-asset-verified,SUPPORT_INTERVAL_OUTSIDE_NOMINAL_WINDOW,b21c8cc7f3d4d35e1db4dfa1c8245ff10ba657c0a0a001992b552808766cc49b,RESTORE_SYSTEM_INDEX_FROM_EXACT_SYSTEM_ID,False,MODIS/061/MOD09Q1/2023_08_21,source-scenes-v1,2023-07-31,Terra MODIS,,061,061,7a0b5f1f1798769696d25d1a84c6eeb32ffe4c3002ae69b97d48d9972aab6b42,modis,f37b44c33151890b57e1d9b4bf236efeb9f9f47150363987765d4f6dc9d30420,2023-08-28,2023-08-24,2023-08-21,MODIS/061/MOD09Q1/2023_08_21,2023_08_21,1692576000000,2023-08-15,2023-07-16,2023
AOI-00,1546767a1ff01463f1bf4ea81cd86b44fbf42ba20f48c2d45d50120a3bab3ca5,MODIS/061/MOD09Q1,2023-07-04T00:00:00+00:00,final-source-scenes-r2-asset-verified,SUPPORT_INTERVAL_OUTSIDE_NOMINAL_WINDOW,b21c8cc7f3d4d35e1db4dfa1c8245ff10ba657c0a0a001992b552808766cc49b,RESTORE_SYSTEM_INDEX_FROM_EXACT_SYSTEM_ID,False,MODIS/061/MOD09Q1/2023_07_04,source-scenes-v1,2023-08-10,Terra MODIS,,061,061,e90404c44266ab199b4511d10af5bb01e45856fcccfb95e7e3479de2d112e38a,modis,00556b9a449bf32b83db2855abe6423d24c76c42f33b5fb1bae5c19075c041d3,2023-07-11,2023-07-07,2023-07-04,MODIS/061/MOD09Q1/2023_07_04,2023_07_04,1688428800000,2023-08-25,2023-07-26,2023
AOI-00,1546767a1ff01463f1bf4ea81cd86b44fbf42ba20f48c2d45d50120a3bab3ca5,MODIS/061/MOD09Q1,2023-07-12T00:00:00+00:00,final-source-scenes-r2-asset-verified,SUPPORT_INTERVAL_OUTSIDE_NOMINAL_WINDOW,b21c8cc7f3d4d35e1db4dfa1c8245ff10ba657c0a0a001992b552808766cc49b,RESTORE_SYSTEM_INDEX_FROM_EXACT_SYSTEM_ID,False,MODIS/061/MOD09Q1/2023_07_12,source-scenes-v1,2023-08-10,Terra MODIS,,061,061,e90404c44266ab199b4511d10af5bb01e45856fcccfb95e7e3479de2d112e38a,modis,00556b9a449bf32b83db2855abe6423d24c76c42f33b5fb1bae5c19075c041d3,2023-07-19,2023-07-15,2023-07-12,MODIS/061/MOD09Q1/2023_07_12,2023_07_12,1689120000000,2023-08-25,2023-07-26,2023
AOI-00,1546767a1ff01463f1bf4ea81cd86b44fbf42ba20f48c2d45d50120a3bab3ca5,MODIS/061/MOD09Q1,2023-07-20T00:00:00+00:00,final-source-scenes-r2-asset-verified,,b21c8cc7f3d4d35e1db4dfa1c8245ff10ba657c0a0a001992b552808766cc49b,RESTORE_SYSTEM_INDEX_FROM_EXACT_SYSTEM_ID,True,MODIS/061/MOD09Q1/2023_07_20,source-scenes-v1,2023-08-10,Terra MODIS,,061,061,e90404c44266ab199b4511d10af5bb01e45856fcccfb95e7e3479de2d112e38a,modis,00556b9a449bf32b83db2855abe6423d24c76c42f33b5fb1bae5c19075c041d3,2023-07-27,2023-07-23,2023-07-20,MODIS/061/MOD09Q1/2023_07_20,2023_07_20,1689811200000,2023-08-25,2023-07-26,2023
AOI-00,1546767a1ff01463f1bf4ea81cd86b44fbf42ba20f48c2d45d50120a3bab3ca5,MODIS/061/MOD09Q1,2023-07-28T00:00:00+00:00,final-source-scenes-r2-asset-verified,,b21c8cc7f3d4d35e1db4dfa1c8245ff10ba657c0a0a001992b552808766cc49b,RESTORE_SYSTEM_INDEX_FROM_EXACT_SYSTEM_ID,True,MODIS/061/MOD09Q1/2023_07_28,source-scenes-v1,2023-08-10,Terra MODIS,,061,061,e90404c44266ab199b4511d10af5bb01e45856fcccfb95e7e3479de2d112e38a,modis,00556b9a449bf32b83db2855abe6423d24c76c42f33b5fb1bae5c19075c041d3,2023-08-04,2023-07-31,2023-07-28,MODIS/061/MOD09Q1/2023_07_28,2023_07_28,1690502400000,2023-08-25,2023-07-26,2023
AOI-00,1546767a1ff01463f1bf4ea81cd86b44fbf42ba20f48c2d45d50120a3bab3ca5,MODIS/061/MOD09Q1,2023-08-05T00:00:00+00:00,final-source-scenes-r2-asset-verified,,b21c8cc7f3d4d35e1db4dfa1c8245ff10ba657c0a0a001992b552808766cc49b,RESTORE_SYSTEM_INDEX_FROM_EXACT_SYSTEM_ID,True,MODIS/061/MOD09Q1/2023_08_05,source-scenes-v1,2023-08-10,Terra MODIS,,061,061,e90404c44266ab199b4511d10af5bb01e45856fcccfb95e7e3479de2d112e38a,modis,00556b9a449bf32b83db2855abe6423d24c76c42f33b5fb1bae5c19075c041d3,2023-08-12,2023-08-08,2023-08-05,MODIS/061/MOD09Q1/2023_08_05,2023_08_05,1691193600000,2023-08-25,2023-07-26,2023
AOI-00,1546767a1ff01463f1bf4ea81cd86b44fbf42ba20f48c2d45d50120a3bab3ca5,MODIS/061/MOD09Q1,2023-08-13T00:00:00+00:00,final-source-scenes-r2-asset-verified,,b21c8cc7f3d4d35e1db4dfa1c8245ff10ba657c0a0a001992b552808766cc49b,RESTORE_SYSTEM_INDEX_FROM_EXACT_SYSTEM_ID,True,MODIS/061/MOD09Q1/2023_08_13,source-scenes-v1,2023-08-10,Terra MODIS,,061,061,e90404c44266ab199b4511d10af5bb01e45856fcccfb95e7e3479de2d112e38a,modis,00556b9a449bf32b83db2855abe6423d24c76c42f33b5fb1bae5c19075c041d3,2023-08-20,2023-08-16,2023-08-13,MODIS/061/MOD09Q1/2023_08_13,2023_08_13,1691884800000,2023-08-25,2023-07-26,2023
AOI-00,1546767a1ff01463f1bf4ea81cd86b44fbf42ba20f48c2d45d50120a3bab3ca5,MODIS/061/MOD09Q1,2023-08-21T00:00:00+00:00,final-source-scenes-r2-asset-verified,,b21c8cc7f3d4d35e1db4dfa1c8245ff10ba657c0a0a001992b552808766cc49b,RESTORE_SYSTEM_INDEX_FROM_EXACT_SYSTEM_ID,True,MODIS/061/MOD09Q1/2023_08_21,source-scenes-v1,2023-08-10,Terra MODIS,,061,061,e90404c44266ab199b4511d10af5bb01e45856fcccfb95e7e3479de2d112e38a,modis,00556b9a449bf32b83db2855abe6423d24c76c42f33b5fb1bae5c19075c041d3,2023-08-28,2023-08-24,2023-08-21,MODIS/061/MOD09Q1/2023_08_21,2023_08_21,1692576000000,2023-08-25,2023-07-26,2023
AOI-00,1546767a1ff01463f1bf4ea81cd86b44fbf42ba20f48c2d45d50120a3bab3ca5,MODIS/061/MOD09Q1,2024-07-03T00:00:00+00:00,final-source-scenes-r2-asset-verified,,b21c8cc7f3d4d35e1db4dfa1c8245ff10ba657c0a0a001992b552808766cc49b,RESTORE_SYSTEM_INDEX_FROM_EXACT_SYSTEM_ID,True,MODIS/061/MOD09Q1/2024_07_03,source-scenes-v1,2024-07-20,Terra MODIS,,061,061,986b063ada4b90d085ba1046fb3591548e1ca3af56459fd31b964b34adb27840,modis,78a0700d4156612c1491cefb1dee55dd665c0c8880981b5cab082d39a3809957,2024-07-10,2024-07-06,2024-07-03,MODIS/061/MOD09Q1/2024_07_03,2024_07_03,1719964800000,2024-08-04,2024-07-05,2024
AOI-00,1546767a1ff01463f1bf4ea81cd86b44fbf42ba20f48c2d45d50120a3bab3ca5,MODIS/061/MOD09Q1,2024-07-11T00:00:00+00:00,final-source-scenes-r2-asset-verified,,b21c8cc7f3d4d35e1db4dfa1c8245ff10ba657c0a0a001992b552808766cc49b,RESTORE_SYSTEM_INDEX_FROM_EXACT_SYSTEM_ID,True,MODIS/061/MOD09Q1/2024_07_11,source-scenes-v1,2024-07-20,Terra MODIS,,061,061,986b063ada4b90d085ba1046fb3591548e1ca3af56459fd31b964b34adb27840,modis,78a0700d4156612c1491cefb1dee55dd665c0c8880981b5cab082d39a3809957,2024-07-18,2024-07-14,2024-07-11,MODIS/061/MOD09Q1/2024_07_11,2024_07_11,1720656000000,2024-08-04,2024-07-05,2024
AOI-00,1546767a1ff01463f1bf4ea81cd86b44fbf42ba20f48c2d45d50120a3bab3ca5,MODIS/061/MOD09Q1,2024-07-19T00:00:00+00:00,final-source-scenes-r2-asset-verified,,b21c8cc7f3d4d35e1db4dfa1c8245ff10ba657c0a0a001992b552808766cc49b,RESTORE_SYSTEM_INDEX_FROM_EXACT_SYSTEM_ID,True,MODIS/061/MOD09Q1/2024_07_19,source-scenes-v1,2024-07-20,Terra MODIS,,061,061,986b063ada4b90d085ba1046fb3591548e1ca3af56459fd31b964b34adb27840,modis,78a0700d4156612c1491cefb1dee55dd665c0c8880981b5cab082d39a3809957,2024-07-26,2024-07-22,2024-07-19,MODIS/061/MOD09Q1/2024_07_19,2024_07_19,1721347200000,2024-08-04,2024-07-05,2024
AOI-00,1546767a1ff01463f1bf4ea81cd86b44fbf42ba20f48c2d45d50120a3bab3ca5,MODIS/061/MOD09Q1,2024-07-27T00:00:00+00:00,final-source-scenes-r2-asset-verified,,b21c8cc7f3d4d35e1db4dfa1c8245ff10ba657c0a0a001992b552808766cc49b,RESTORE_SYSTEM_INDEX_FROM_EXACT_SYSTEM_ID,True,MODIS/061/MOD09Q1/2024_07_27,source-scenes-v1,2024-07-20,Terra MODIS,,061,061,986b063ada4b90d085ba1046fb3591548e1ca3af56459fd31b964b34adb27840,modis,78a0700d4156612c1491cefb1dee55dd665c0c8880981b5cab082d39a3809957,2024-08-03,2024-07-30,2024-07-27,MODIS/061/MOD09Q1/2024_07_27,2024_07_27,1722038400000,2024-08-04,2024-07-05,2024
AOI-00,1546767a1ff01463f1bf4ea81cd86b44fbf42ba20f48c2d45d50120a3bab3ca5,MODIS/061/MOD09Q1,2024-08-04T00:00:00+00:00,final-source-scenes-r2-asset-verified,,b21c8cc7f3d4d35e1db4dfa1c8245ff10ba657c0a0a001992b552808766cc49b,RESTORE_SYSTEM_INDEX_FROM_EXACT_SYSTEM_ID,True,MODIS/061/MOD09Q1/2024_08_04,source-scenes-v1,2024-07-20,Terra MODIS,,061,061,986b063ada4b90d085ba1046fb3591548e1ca3af56459fd31b964b34adb27840,modis,78a0700d4156612c1491cefb1dee55dd665c0c8880981b5cab082d39a3809957,2024-08-11,2024-08-07,2024-08-04,MODIS/061/MOD09Q1/2024_08_04,2024_08_04,1722729600000,2024-08-04,2024-07-05,2024
AOI-00,1546767a1ff01463f1bf4ea81cd86b44fbf42ba20f48c2d45d50120a3bab3ca5,MODIS/061/MOD09Q1,2024-08-12T00:00:00+00:00,final-source-scenes-r2-asset-verified,SUPPORT_INTERVAL_OUTSIDE_NOMINAL_WINDOW,b21c8cc7f3d4d35e1db4dfa1c8245ff10ba657c0a0a001992b552808766cc49b,RESTORE_SYSTEM_INDEX_FROM_EXACT_SYSTEM_ID,False,MODIS/061/MOD09Q1/2024_08_12,source-scenes-v1,2024-07-20,Terra MODIS,,061,061,986b063ada4b90d085ba1046fb3591548e1ca3af56459fd31b964b34adb27840,modis,78a0700d4156612c1491cefb1dee55dd665c0c8880981b5cab082d39a3809957,2024-08-19,2024-08-15,2024-08-12,MODIS/061/MOD09Q1/2024_08_12,2024_08_12,1723420800000,2024-08-04,2024-07-05,2024
AOI-00,1546767a1ff01463f1bf4ea81cd86b44fbf42ba20f48c2d45d50120a3bab3ca5,MODIS/061/MOD09Q1,2024-08-20T00:00:00+00:00,final-source-scenes-r2-asset-verified,SUPPORT_INTERVAL_OUTSIDE_NOMINAL_WINDOW,b21c8cc7f3d4d35e1db4dfa1c8245ff10ba657c0a0a001992b552808766cc49b,RESTORE_SYSTEM_INDEX_FROM_EXACT_SYSTEM_ID,False,MODIS/061/MOD09Q1/2024_08_20,source-scenes-v1,2024-07-20,Terra MODIS,,061,061,986b063ada4b90d085ba1046fb3591548e1ca3af56459fd31b964b34adb27840,modis,78a0700d4156612c1491cefb1dee55dd665c0c8880981b5cab082d39a3809957,2024-08-27,2024-08-23,2024-08-20,MODIS/061/MOD09Q1/2024_08_20,2024_08_20,1724112000000,2024-08-04,2024-07-05,2024
AOI-00,1546767a1ff01463f1bf4ea81cd86b44fbf42ba20f48c2d45d50120a3bab3ca5,MODIS/061/MOD09Q1,2024-07-03T00:00:00+00:00,final-source-scenes-r2-asset-verified,SUPPORT_INTERVAL_OUTSIDE_NOMINAL_WINDOW,b21c8cc7f3d4d35e1db4dfa1c8245ff10ba657c0a0a001992b552808766cc49b,RESTORE_SYSTEM_INDEX_FROM_EXACT_SYSTEM_ID,False,MODIS/061/MOD09Q1/2024_07_03,source-scenes-v1,2024-07-31,Terra MODIS,,061,061,d4c048cd5db87657546862c97b9d71592dca4fcbeb1010c621bffd5ba9f2b76e,modis,6b67092678593546e2a32a76cb0a55c1c20e0a5a17e78d2b085fe84ab6e2aef5,2024-07-10,2024-07-06,2024-07-03,MODIS/061/MOD09Q1/2024_07_03,2024_07_03,1719964800000,2024-08-15,2024-07-16,2024
AOI-00,1546767a1ff01463f1bf4ea81cd86b44fbf42ba20f48c2d45d50120a3bab3ca5,MODIS/061/MOD09Q1,2024-07-11T00:00:00+00:00,final-source-scenes-r2-asset-verified,,b21c8cc7f3d4d35e1db4dfa1c8245ff10ba657c0a0a001992b552808766cc49b,RESTORE_SYSTEM_INDEX_FROM_EXACT_SYSTEM_ID,True,MODIS/061/MOD09Q1/2024_07_11,source-scenes-v1,2024-07-31,Terra MODIS,,061,061,d4c048cd5db87657546862c97b9d71592dca4fcbeb1010c621bffd5ba9f2b76e,modis,6b67092678593546e2a32a76cb0a55c1c20e0a5a17e78d2b085fe84ab6e2aef5,2024-07-18,2024-07-14,2024-07-11,MODIS/061/MOD09Q1/2024_07_11,2024_07_11,1720656000000,2024-08-15,2024-07-16,2024
AOI-00,1546767a1ff01463f1bf4ea81cd86b44fbf42ba20f48c2d45d50120a3bab3ca5,MODIS/061/MOD09Q1,2024-07-19T00:00:00+00:00,final-source-scenes-r2-asset-verified,,b21c8cc7f3d4d35e1db4dfa1c8245ff10ba657c0a0a001992b552808766cc49b,RESTORE_SYSTEM_INDEX_FROM_EXACT_SYSTEM_ID,True,MODIS/061/MOD09Q1/2024_07_19,source-scenes-v1,2024-07-31,Terra MODIS,,061,061,d4c048cd5db87657546862c97b9d71592dca4fcbeb1010c621bffd5ba9f2b76e,modis,6b67092678593546e2a32a76cb0a55c1c20e0a5a17e78d2b085fe84ab6e2aef5,2024-07-26,2024-07-22,2024-07-19,MODIS/061/MOD09Q1/2024_07_19,2024_07_19,1721347200000,2024-08-15,2024-07-16,2024
AOI-00,1546767a1ff01463f1bf4ea81cd86b44fbf42ba20f48c2d45d50120a3bab3ca5,MODIS/061/MOD09Q1,2024-07-27T00:00:00+00:00,final-source-scenes-r2-asset-verified,,b21c8cc7f3d4d35e1db4dfa1c8245ff10ba657c0a0a001992b552808766cc49b,RESTORE_SYSTEM_INDEX_FROM_EXACT_SYSTEM_ID,True,MODIS/061/MOD09Q1/2024_07_27,source-scenes-v1,2024-07-31,Terra MODIS,,061,061,d4c048cd5db87657546862c97b9d71592dca4fcbeb1010c621bffd5ba9f2b76e,modis,6b67092678593546e2a32a76cb0a55c1c20e0a5a17e78d2b085fe84ab6e2aef5,2024-08-03,2024-07-30,2024-07-27,MODIS/061/MOD09Q1/2024_07_27,2024_07_27,1722038400000,2024-08-15,2024-07-16,2024
AOI-00,1546767a1ff01463f1bf4ea81cd86b44fbf42ba20f48c2d45d50120a3bab3ca5,MODIS/061/MOD09Q1,2024-08-04T00:00:00+00:00,final-source-scenes-r2-asset-verified,,b21c8cc7f3d4d35e1db4dfa1c8245ff10ba657c0a0a001992b552808766cc49b,RESTORE_SYSTEM_INDEX_FROM_EXACT_SYSTEM_ID,True,MODIS/061/MOD09Q1/2024_08_04,source-scenes-v1,2024-07-31,Terra MODIS,,061,061,d4c048cd5db87657546862c97b9d71592dca4fcbeb1010c621bffd5ba9f2b76e,modis,6b67092678593546e2a32a76cb0a55c1c20e0a5a17e78d2b085fe84ab6e2aef5,2024-08-11,2024-08-07,2024-08-04,MODIS/061/MOD09Q1/2024_08_04,2024_08_04,1722729600000,2024-08-15,2024-07-16,2024
AOI-00,1546767a1ff01463f1bf4ea81cd86b44fbf42ba20f48c2d45d50120a3bab3ca5,MODIS/061/MOD09Q1,2024-08-12T00:00:00+00:00,final-source-scenes-r2-asset-verified,,b21c8cc7f3d4d35e1db4dfa1c8245ff10ba657c0a0a001992b552808766cc49b,RESTORE_SYSTEM_INDEX_FROM_EXACT_SYSTEM_ID,True,MODIS/061/MOD09Q1/2024_08_12,source-scenes-v1,2024-07-31,Terra MODIS,,061,061,d4c048cd5db87657546862c97b9d71592dca4fcbeb1010c621bffd5ba9f2b76e,modis,6b67092678593546e2a32a76cb0a55c1c20e0a5a17e78d2b085fe84ab6e2aef5,2024-08-19,2024-08-15,2024-08-12,MODIS/061/MOD09Q1/2024_08_12,2024_08_12,1723420800000,2024-08-15,2024-07-16,2024
AOI-00,1546767a1ff01463f1bf4ea81cd86b44fbf42ba20f48c2d45d50120a3bab3ca5,MODIS/061/MOD09Q1,2024-08-20T00:00:00+00:00,final-source-scenes-r2-asset-verified,SUPPORT_INTERVAL_OUTSIDE_NOMINAL_WINDOW,b21c8cc7f3d4d35e1db4dfa1c8245ff10ba657c0a0a001992b552808766cc49b,RESTORE_SYSTEM_INDEX_FROM_EXACT_SYSTEM_ID,False,MODIS/061/MOD09Q1/2024_08_20,source-scenes-v1,2024-07-31,Terra MODIS,,061,061,d4c048cd5db87657546862c97b9d71592dca4fcbeb1010c621bffd5ba9f2b76e,modis,6b67092678593546e2a32a76cb0a55c1c20e0a5a17e78d2b085fe84ab6e2aef5,2024-08-27,2024-08-23,2024-08-20,MODIS/061/MOD09Q1/2024_08_20,2024_08_20,1724112000000,2024-08-15,2024-07-16,2024
AOI-00,1546767a1ff01463f1bf4ea81cd86b44fbf42ba20f48c2d45d50120a3bab3ca5,MODIS/061/MOD09Q1,2024-07-03T00:00:00+00:00,final-source-scenes-r2-asset-verified,SUPPORT_INTERVAL_OUTSIDE_NOMINAL_WINDOW,b21c8cc7f3d4d35e1db4dfa1c8245ff10ba657c0a0a001992b552808766cc49b,RESTORE_SYSTEM_INDEX_FROM_EXACT_SYSTEM_ID,False,MODIS/061/MOD09Q1/2024_07_03,source-scenes-v1,2024-08-10,Terra MODIS,,061,061,ac27651bde69f160fce0c915ed5b6f05b170ae152d6bae8df00d752fcc5b9639,modis,700cb75c3fcb985b52f829d22164e222c45da424117790786e99863fed32a2c8,2024-07-10,2024-07-06,2024-07-03,MODIS/061/MOD09Q1/2024_07_03,2024_07_03,1719964800000,2024-08-25,2024-07-26,2024
AOI-00,1546767a1ff01463f1bf4ea81cd86b44fbf42ba20f48c2d45d50120a3bab3ca5,MODIS/061/MOD09Q1,2024-07-11T00:00:00+00:00,final-source-scenes-r2-asset-verified,SUPPORT_INTERVAL_OUTSIDE_NOMINAL_WINDOW,b21c8cc7f3d4d35e1db4dfa1c8245ff10ba657c0a0a001992b552808766cc49b,RESTORE_SYSTEM_INDEX_FROM_EXACT_SYSTEM_ID,False,MODIS/061/MOD09Q1/2024_07_11,source-scenes-v1,2024-08-10,Terra MODIS,,061,061,ac27651bde69f160fce0c915ed5b6f05b170ae152d6bae8df00d752fcc5b9639,modis,700cb75c3fcb985b52f829d22164e222c45da424117790786e99863fed32a2c8,2024-07-18,2024-07-14,2024-07-11,MODIS/061/MOD09Q1/2024_07_11,2024_07_11,1720656000000,2024-08-25,2024-07-26,2024
AOI-00,1546767a1ff01463f1bf4ea81cd86b44fbf42ba20f48c2d45d50120a3bab3ca5,MODIS/061/MOD09Q1,2024-07-19T00:00:00+00:00,final-source-scenes-r2-asset-verified,,b21c8cc7f3d4d35e1db4dfa1c8245ff10ba657c0a0a001992b552808766cc49b,RESTORE_SYSTEM_INDEX_FROM_EXACT_SYSTEM_ID,True,MODIS/061/MOD09Q1/2024_07_19,source-scenes-v1,2024-08-10,Terra MODIS,,061,061,ac27651bde69f160fce0c915ed5b6f05b170ae152d6bae8df00d752fcc5b9639,modis,700cb75c3fcb985b52f829d22164e222c45da424117790786e99863fed32a2c8,2024-07-26,2024-07-22,2024-07-19,MODIS/061/MOD09Q1/2024_07_19,2024_07_19,1721347200000,2024-08-25,2024-07-26,2024
AOI-00,1546767a1ff01463f1bf4ea81cd86b44fbf42ba20f48c2d45d50120a3bab3ca5,MODIS/061/MOD09Q1,2024-07-27T00:00:00+00:00,final-source-scenes-r2-asset-verified,,b21c8cc7f3d4d35e1db4dfa1c8245ff10ba657c0a0a001992b552808766cc49b,RESTORE_SYSTEM_INDEX_FROM_EXACT_SYSTEM_ID,True,MODIS/061/MOD09Q1/2024_07_27,source-scenes-v1,2024-08-10,Terra MODIS,,061,061,ac27651bde69f160fce0c915ed5b6f05b170ae152d6bae8df00d752fcc5b9639,modis,700cb75c3fcb985b52f829d22164e222c45da424117790786e99863fed32a2c8,2024-08-03,2024-07-30,2024-07-27,MODIS/061/MOD09Q1/2024_07_27,2024_07_27,1722038400000,2024-08-25,2024-07-26,2024
AOI-00,1546767a1ff01463f1bf4ea81cd86b44fbf42ba20f48c2d45d50120a3bab3ca5,MODIS/061/MOD09Q1,2024-08-04T00:00:00+00:00,final-source-scenes-r2-asset-verified,,b21c8cc7f3d4d35e1db4dfa1c8245ff10ba657c0a0a001992b552808766cc49b,RESTORE_SYSTEM_INDEX_FROM_EXACT_SYSTEM_ID,True,MODIS/061/MOD09Q1/2024_08_04,source-scenes-v1,2024-08-10,Terra MODIS,,061,061,ac27651bde69f160fce0c915ed5b6f05b170ae152d6bae8df00d752fcc5b9639,modis,700cb75c3fcb985b52f829d22164e222c45da424117790786e99863fed32a2c8,2024-08-11,2024-08-07,2024-08-04,MODIS/061/MOD09Q1/2024_08_04,2024_08_04,1722729600000,2024-08-25,2024-07-26,2024
AOI-00,1546767a1ff01463f1bf4ea81cd86b44fbf42ba20f48c2d45d50120a3bab3ca5,MODIS/061/MOD09Q1,2024-08-12T00:00:00+00:00,final-source-scenes-r2-asset-verified,,b21c8cc7f3d4d35e1db4dfa1c8245ff10ba657c0a0a001992b552808766cc49b,RESTORE_SYSTEM_INDEX_FROM_EXACT_SYSTEM_ID,True,MODIS/061/MOD09Q1/2024_08_12,source-scenes-v1,2024-08-10,Terra MODIS,,061,061,ac27651bde69f160fce0c915ed5b6f05b170ae152d6bae8df00d752fcc5b9639,modis,700cb75c3fcb985b52f829d22164e222c45da424117790786e99863fed32a2c8,2024-08-19,2024-08-15,2024-08-12,MODIS/061/MOD09Q1/2024_08_12,2024_08_12,1723420800000,2024-08-25,2024-07-26,2024
AOI-00,1546767a1ff01463f1bf4ea81cd86b44fbf42ba20f48c2d45d50120a3bab3ca5,MODIS/061/MOD09Q1,2024-08-20T00:00:00+00:00,final-source-scenes-r2-asset-verified,,b21c8cc7f3d4d35e1db4dfa1c8245ff10ba657c0a0a001992b552808766cc49b,RESTORE_SYSTEM_INDEX_FROM_EXACT_SYSTEM_ID,True,MODIS/061/MOD09Q1/2024_08_20,source-scenes-v1,2024-08-10,Terra MODIS,,061,061,ac27651bde69f160fce0c915ed5b6f05b170ae152d6bae8df00d752fcc5b9639,modis,700cb75c3fcb985b52f829d22164e222c45da424117790786e99863fed32a2c8,2024-08-27,2024-08-23,2024-08-20,MODIS/061/MOD09Q1/2024_08_20,2024_08_20,1724112000000,2024-08-25,2024-07-26,2024
AOI-00,1546767a1ff01463f1bf4ea81cd86b44fbf42ba20f48c2d45d50120a3bab3ca5,MODIS/061/MOD09Q1,2025-07-04T00:00:00+00:00,final-source-scenes-r2-asset-verified,,b21c8cc7f3d4d35e1db4dfa1c8245ff10ba657c0a0a001992b552808766cc49b,RESTORE_SYSTEM_INDEX_FROM_EXACT_SYSTEM_ID,True,MODIS/061/MOD09Q1/2025_07_04,source-scenes-v1,2025-07-20,Terra MODIS,,061,061,0d4876f30001901bf38a4e1531252a2159cc40d9730fa84495bce8c4a0bf97a9,modis,dba668596b96ce8bd84bd54025fd51419bbc925558d5a6094eae247bf0e59b8b,2025-07-11,2025-07-07,2025-07-04,MODIS/061/MOD09Q1/2025_07_04,2025_07_04,1751587200000,2025-08-04,2025-07-05,2025
AOI-00,1546767a1ff01463f1bf4ea81cd86b44fbf42ba20f48c2d45d50120a3bab3ca5,MODIS/061/MOD09Q1,2025-07-12T00:00:00+00:00,final-source-scenes-r2-asset-verified,,b21c8cc7f3d4d35e1db4dfa1c8245ff10ba657c0a0a001992b552808766cc49b,RESTORE_SYSTEM_INDEX_FROM_EXACT_SYSTEM_ID,True,MODIS/061/MOD09Q1/2025_07_12,source-scenes-v1,2025-07-20,Terra MODIS,,061,061,0d4876f30001901bf38a4e1531252a2159cc40d9730fa84495bce8c4a0bf97a9,modis,dba668596b96ce8bd84bd54025fd51419bbc925558d5a6094eae247bf0e59b8b,2025-07-19,2025-07-15,2025-07-12,MODIS/061/MOD09Q1/2025_07_12,2025_07_12,1752278400000,2025-08-04,2025-07-05,2025
AOI-00,1546767a1ff01463f1bf4ea81cd86b44fbf42ba20f48c2d45d50120a3bab3ca5,MODIS/061/MOD09Q1,2025-07-20T00:00:00+00:00,final-source-scenes-r2-asset-verified,,b21c8cc7f3d4d35e1db4dfa1c8245ff10ba657c0a0a001992b552808766cc49b,RESTORE_SYSTEM_INDEX_FROM_EXACT_SYSTEM_ID,True,MODIS/061/MOD09Q1/2025_07_20,source-scenes-v1,2025-07-20,Terra MODIS,,061,061,0d4876f30001901bf38a4e1531252a2159cc40d9730fa84495bce8c4a0bf97a9,modis,dba668596b96ce8bd84bd54025fd51419bbc925558d5a6094eae247bf0e59b8b,2025-07-27,2025-07-23,2025-07-20,MODIS/061/MOD09Q1/2025_07_20,2025_07_20,1752969600000,2025-08-04,2025-07-05,2025
AOI-00,1546767a1ff01463f1bf4ea81cd86b44fbf42ba20f48c2d45d50120a3bab3ca5,MODIS/061/MOD09Q1,2025-07-28T00:00:00+00:00,final-source-scenes-r2-asset-verified,,b21c8cc7f3d4d35e1db4dfa1c8245ff10ba657c0a0a001992b552808766cc49b,RESTORE_SYSTEM_INDEX_FROM_EXACT_SYSTEM_ID,True,MODIS/061/MOD09Q1/2025_07_28,source-scenes-v1,2025-07-20,Terra MODIS,,061,061,0d4876f30001901bf38a4e1531252a2159cc40d9730fa84495bce8c4a0bf97a9,modis,dba668596b96ce8bd84bd54025fd51419bbc925558d5a6094eae247bf0e59b8b,2025-08-04,2025-07-31,2025-07-28,MODIS/061/MOD09Q1/2025_07_28,2025_07_28,1753660800000,2025-08-04,2025-07-05,2025
AOI-00,1546767a1ff01463f1bf4ea81cd86b44fbf42ba20f48c2d45d50120a3bab3ca5,MODIS/061/MOD09Q1,2025-08-05T00:00:00+00:00,final-source-scenes-r2-asset-verified,SUPPORT_INTERVAL_OUTSIDE_NOMINAL_WINDOW,b21c8cc7f3d4d35e1db4dfa1c8245ff10ba657c0a0a001992b552808766cc49b,RESTORE_SYSTEM_INDEX_FROM_EXACT_SYSTEM_ID,False,MODIS/061/MOD09Q1/2025_08_05,source-scenes-v1,2025-07-20,Terra MODIS,,061,061,0d4876f30001901bf38a4e1531252a2159cc40d9730fa84495bce8c4a0bf97a9,modis,dba668596b96ce8bd84bd54025fd51419bbc925558d5a6094eae247bf0e59b8b,2025-08-12,2025-08-08,2025-08-05,MODIS/061/MOD09Q1/2025_08_05,2025_08_05,1754352000000,2025-08-04,2025-07-05,2025
AOI-00,1546767a1ff01463f1bf4ea81cd86b44fbf42ba20f48c2d45d50120a3bab3ca5,MODIS/061/MOD09Q1,2025-08-13T00:00:00+00:00,final-source-scenes-r2-asset-verified,SUPPORT_INTERVAL_OUTSIDE_NOMINAL_WINDOW,b21c8cc7f3d4d35e1db4dfa1c8245ff10ba657c0a0a001992b552808766cc49b,RESTORE_SYSTEM_INDEX_FROM_EXACT_SYSTEM_ID,False,MODIS/061/MOD09Q1/2025_08_13,source-scenes-v1,2025-07-20,Terra MODIS,,061,061,0d4876f30001901bf38a4e1531252a2159cc40d9730fa84495bce8c4a0bf97a9,modis,dba668596b96ce8bd84bd54025fd51419bbc925558d5a6094eae247bf0e59b8b,2025-08-20,2025-08-16,2025-08-13,MODIS/061/MOD09Q1/2025_08_13,2025_08_13,1755043200000,2025-08-04,2025-07-05,2025
AOI-00,1546767a1ff01463f1bf4ea81cd86b44fbf42ba20f48c2d45d50120a3bab3ca5,MODIS/061/MOD09Q1,2025-08-21T00:00:00+00:00,final-source-scenes-r2-asset-verified,SUPPORT_INTERVAL_OUTSIDE_NOMINAL_WINDOW,b21c8cc7f3d4d35e1db4dfa1c8245ff10ba657c0a0a001992b552808766cc49b,RESTORE_SYSTEM_INDEX_FROM_EXACT_SYSTEM_ID,False,MODIS/061/MOD09Q1/2025_08_21,source-scenes-v1,2025-07-20,Terra MODIS,,061,061,0d4876f30001901bf38a4e1531252a2159cc40d9730fa84495bce8c4a0bf97a9,modis,dba668596b96ce8bd84bd54025fd51419bbc925558d5a6094eae247bf0e59b8b,2025-08-28,2025-08-24,2025-08-21,MODIS/061/MOD09Q1/2025_08_21,2025_08_21,1755734400000,2025-08-04,2025-07-05,2025
AOI-00,1546767a1ff01463f1bf4ea81cd86b44fbf42ba20f48c2d45d50120a3bab3ca5,MODIS/061/MOD09Q1,2025-07-04T00:00:00+00:00,final-source-scenes-r2-asset-verified,SUPPORT_INTERVAL_OUTSIDE_NOMINAL_WINDOW,b21c8cc7f3d4d35e1db4dfa1c8245ff10ba657c0a0a001992b552808766cc49b,RESTORE_SYSTEM_INDEX_FROM_EXACT_SYSTEM_ID,False,MODIS/061/MOD09Q1/2025_07_04,source-scenes-v1,2025-07-31,Terra MODIS,,061,061,5aca633eefbb5088d0c1c4cf918766f1ca3ad6e9ab29fb269e1eaff38154a80b,modis,7ec781dbf4fabecbc1379013a1e1af5907b16c33c553ffc6301597a3db6ba0c4,2025-07-11,2025-07-07,2025-07-04,MODIS/061/MOD09Q1/2025_07_04,2025_07_04,1751587200000,2025-08-15,2025-07-16,2025
AOI-00,1546767a1ff01463f1bf4ea81cd86b44fbf42ba20f48c2d45d50120a3bab3ca5,MODIS/061/MOD09Q1,2025-07-12T00:00:00+00:00,final-source-scenes-r2-asset-verified,,b21c8cc7f3d4d35e1db4dfa1c8245ff10ba657c0a0a001992b552808766cc49b,RESTORE_SYSTEM_INDEX_FROM_EXACT_SYSTEM_ID,True,MODIS/061/MOD09Q1/2025_07_12,source-scenes-v1,2025-07-31,Terra MODIS,,061,061,5aca633eefbb5088d0c1c4cf918766f1ca3ad6e9ab29fb269e1eaff38154a80b,modis,7ec781dbf4fabecbc1379013a1e1af5907b16c33c553ffc6301597a3db6ba0c4,2025-07-19,2025-07-15,2025-07-12,MODIS/061/MOD09Q1/2025_07_12,2025_07_12,1752278400000,2025-08-15,2025-07-16,2025
AOI-00,1546767a1ff01463f1bf4ea81cd86b44fbf42ba20f48c2d45d50120a3bab3ca5,MODIS/061/MOD09Q1,2025-07-20T00:00:00+00:00,final-source-scenes-r2-asset-verified,,b21c8cc7f3d4d35e1db4dfa1c8245ff10ba657c0a0a001992b552808766cc49b,RESTORE_SYSTEM_INDEX_FROM_EXACT_SYSTEM_ID,True,MODIS/061/MOD09Q1/2025_07_20,source-scenes-v1,2025-07-31,Terra MODIS,,061,061,5aca633eefbb5088d0c1c4cf918766f1ca3ad6e9ab29fb269e1eaff38154a80b,modis,7ec781dbf4fabecbc1379013a1e1af5907b16c33c553ffc6301597a3db6ba0c4,2025-07-27,2025-07-23,2025-07-20,MODIS/061/MOD09Q1/2025_07_20,2025_07_20,1752969600000,2025-08-15,2025-07-16,2025
AOI-00,1546767a1ff01463f1bf4ea81cd86b44fbf42ba20f48c2d45d50120a3bab3ca5,MODIS/061/MOD09Q1,2025-07-28T00:00:00+00:00,final-source-scenes-r2-asset-verified,,b21c8cc7f3d4d35e1db4dfa1c8245ff10ba657c0a0a001992b552808766cc49b,RESTORE_SYSTEM_INDEX_FROM_EXACT_SYSTEM_ID,True,MODIS/061/MOD09Q1/2025_07_28,source-scenes-v1,2025-07-31,Terra MODIS,,061,061,5aca633eefbb5088d0c1c4cf918766f1ca3ad6e9ab29fb269e1eaff38154a80b,modis,7ec781dbf4fabecbc1379013a1e1af5907b16c33c553ffc6301597a3db6ba0c4,2025-08-04,2025-07-31,2025-07-28,MODIS/061/MOD09Q1/2025_07_28,2025_07_28,1753660800000,2025-08-15,2025-07-16,2025
AOI-00,1546767a1ff01463f1bf4ea81cd86b44fbf42ba20f48c2d45d50120a3bab3ca5,MODIS/061/MOD09Q1,2025-08-05T00:00:00+00:00,final-source-scenes-r2-asset-verified,,b21c8cc7f3d4d35e1db4dfa1c8245ff10ba657c0a0a001992b552808766cc49b,RESTORE_SYSTEM_INDEX_FROM_EXACT_SYSTEM_ID,True,MODIS/061/MOD09Q1/2025_08_05,source-scenes-v1,2025-07-31,Terra MODIS,,061,061,5aca633eefbb5088d0c1c4cf918766f1ca3ad6e9ab29fb269e1eaff38154a80b,modis,7ec781dbf4fabecbc1379013a1e1af5907b16c33c553ffc6301597a3db6ba0c4,2025-08-12,2025-08-08,2025-08-05,MODIS/061/MOD09Q1/2025_08_05,2025_08_05,1754352000000,2025-08-15,2025-07-16,2025
AOI-00,1546767a1ff01463f1bf4ea81cd86b44fbf42ba20f48c2d45d50120a3bab3ca5,MODIS/061/MOD09Q1,2025-08-13T00:00:00+00:00,final-source-scenes-r2-asset-verified,,b21c8cc7f3d4d35e1db4dfa1c8245ff10ba657c0a0a001992b552808766cc49b,RESTORE_SYSTEM_INDEX_FROM_EXACT_SYSTEM_ID,True,MODIS/061/MOD09Q1/2025_08_13,source-scenes-v1,2025-07-31,Terra MODIS,,061,061,5aca633eefbb5088d0c1c4cf918766f1ca3ad6e9ab29fb269e1eaff38154a80b,modis,7ec781dbf4fabecbc1379013a1e1af5907b16c33c553ffc6301597a3db6ba0c4,2025-08-20,2025-08-16,2025-08-13,MODIS/061/MOD09Q1/2025_08_13,2025_08_13,1755043200000,2025-08-15,2025-07-16,2025
AOI-00,1546767a1ff01463f1bf4ea81cd86b44fbf42ba20f48c2d45d50120a3bab3ca5,MODIS/061/MOD09Q1,2025-08-21T00:00:00+00:00,final-source-scenes-r2-asset-verified,SUPPORT_INTERVAL_OUTSIDE_NOMINAL_WINDOW,b21c8cc7f3d4d35e1db4dfa1c8245ff10ba657c0a0a001992b552808766cc49b,RESTORE_SYSTEM_INDEX_FROM_EXACT_SYSTEM_ID,False,MODIS/061/MOD09Q1/2025_08_21,source-scenes-v1,2025-07-31,Terra MODIS,,061,061,5aca633eefbb5088d0c1c4cf918766f1ca3ad6e9ab29fb269e1eaff38154a80b,modis,7ec781dbf4fabecbc1379013a1e1af5907b16c33c553ffc6301597a3db6ba0c4,2025-08-28,2025-08-24,2025-08-21,MODIS/061/MOD09Q1/2025_08_21,2025_08_21,1755734400000,2025-08-15,2025-07-16,2025
AOI-00,1546767a1ff01463f1bf4ea81cd86b44fbf42ba20f48c2d45d50120a3bab3ca5,MODIS/061/MOD09Q1,2025-07-04T00:00:00+00:00,final-source-scenes-r2-asset-verified,SUPPORT_INTERVAL_OUTSIDE_NOMINAL_WINDOW,b21c8cc7f3d4d35e1db4dfa1c8245ff10ba657c0a0a001992b552808766cc49b,RESTORE_SYSTEM_INDEX_FROM_EXACT_SYSTEM_ID,False,MODIS/061/MOD09Q1/2025_07_04,source-scenes-v1,2025-08-10,Terra MODIS,,061,061,dd3a95603b02aec1db42cba72bf3f1fc4b407e376178c5ba1a12dcda288f812d,modis,fe5841c7916946cfb1bdbac96dfc89669831dac56b1b70c068f610a72360abec,2025-07-11,2025-07-07,2025-07-04,MODIS/061/MOD09Q1/2025_07_04,2025_07_04,1751587200000,2025-08-25,2025-07-26,2025
AOI-00,1546767a1ff01463f1bf4ea81cd86b44fbf42ba20f48c2d45d50120a3bab3ca5,MODIS/061/MOD09Q1,2025-07-12T00:00:00+00:00,final-source-scenes-r2-asset-verified,SUPPORT_INTERVAL_OUTSIDE_NOMINAL_WINDOW,b21c8cc7f3d4d35e1db4dfa1c8245ff10ba657c0a0a001992b552808766cc49b,RESTORE_SYSTEM_INDEX_FROM_EXACT_SYSTEM_ID,False,MODIS/061/MOD09Q1/2025_07_12,source-scenes-v1,2025-08-10,Terra MODIS,,061,061,dd3a95603b02aec1db42cba72bf3f1fc4b407e376178c5ba1a12dcda288f812d,modis,fe5841c7916946cfb1bdbac96dfc89669831dac56b1b70c068f610a72360abec,2025-07-19,2025-07-15,2025-07-12,MODIS/061/MOD09Q1/2025_07_12,2025_07_12,1752278400000,2025-08-25,2025-07-26,2025
AOI-00,1546767a1ff01463f1bf4ea81cd86b44fbf42ba20f48c2d45d50120a3bab3ca5,MODIS/061/MOD09Q1,2025-07-20T00:00:00+00:00,final-source-scenes-r2-asset-verified,,b21c8cc7f3d4d35e1db4dfa1c8245ff10ba657c0a0a001992b552808766cc49b,RESTORE_SYSTEM_INDEX_FROM_EXACT_SYSTEM_ID,True,MODIS/061/MOD09Q1/2025_07_20,source-scenes-v1,2025-08-10,Terra MODIS,,061,061,dd3a95603b02aec1db42cba72bf3f1fc4b407e376178c5ba1a12dcda288f812d,modis,fe5841c7916946cfb1bdbac96dfc89669831dac56b1b70c068f610a72360abec,2025-07-27,2025-07-23,2025-07-20,MODIS/061/MOD09Q1/2025_07_20,2025_07_20,1752969600000,2025-08-25,2025-07-26,2025
AOI-00,1546767a1ff01463f1bf4ea81cd86b44fbf42ba20f48c2d45d50120a3bab3ca5,MODIS/061/MOD09Q1,2025-07-28T00:00:00+00:00,final-source-scenes-r2-asset-verified,,b21c8cc7f3d4d35e1db4dfa1c8245ff10ba657c0a0a001992b552808766cc49b,RESTORE_SYSTEM_INDEX_FROM_EXACT_SYSTEM_ID,True,MODIS/061/MOD09Q1/2025_07_28,source-scenes-v1,2025-08-10,Terra MODIS,,061,061,dd3a95603b02aec1db42cba72bf3f1fc4b407e376178c5ba1a12dcda288f812d,modis,fe5841c7916946cfb1bdbac96dfc89669831dac56b1b70c068f610a72360abec,2025-08-04,2025-07-31,2025-07-28,MODIS/061/MOD09Q1/2025_07_28,2025_07_28,1753660800000,2025-08-25,2025-07-26,2025
AOI-00,1546767a1ff01463f1bf4ea81cd86b44fbf42ba20f48c2d45d50120a3bab3ca5,MODIS/061/MOD09Q1,2025-08-05T00:00:00+00:00,final-source-scenes-r2-asset-verified,,b21c8cc7f3d4d35e1db4dfa1c8245ff10ba657c0a0a001992b552808766cc49b,RESTORE_SYSTEM_INDEX_FROM_EXACT_SYSTEM_ID,True,MODIS/061/MOD09Q1/2025_08_05,source-scenes-v1,2025-08-10,Terra MODIS,,061,061,dd3a95603b02aec1db42cba72bf3f1fc4b407e376178c5ba1a12dcda288f812d,modis,fe5841c7916946cfb1bdbac96dfc89669831dac56b1b70c068f610a72360abec,2025-08-12,2025-08-08,2025-08-05,MODIS/061/MOD09Q1/2025_08_05,2025_08_05,1754352000000,2025-08-25,2025-07-26,2025
AOI-00,1546767a1ff01463f1bf4ea81cd86b44fbf42ba20f48c2d45d50120a3bab3ca5,MODIS/061/MOD09Q1,2025-08-13T00:00:00+00:00,final-source-scenes-r2-asset-verified,,b21c8cc7f3d4d35e1db4dfa1c8245ff10ba657c0a0a001992b552808766cc49b,RESTORE_SYSTEM_INDEX_FROM_EXACT_SYSTEM_ID,True,MODIS/061/MOD09Q1/2025_08_13,source-scenes-v1,2025-08-10,Terra MODIS,,061,061,dd3a95603b02aec1db42cba72bf3f1fc4b407e376178c5ba1a12dcda288f812d,modis,fe5841c7916946cfb1bdbac96dfc89669831dac56b1b70c068f610a72360abec,2025-08-20,2025-08-16,2025-08-13,MODIS/061/MOD09Q1/2025_08_13,2025_08_13,1755043200000,2025-08-25,2025-07-26,2025
AOI-00,1546767a1ff01463f1bf4ea81cd86b44fbf42ba20f48c2d45d50120a3bab3ca5,MODIS/061/MOD09Q1,2025-08-21T00:00:00+00:00,final-source-scenes-r2-asset-verified,,b21c8cc7f3d4d35e1db4dfa1c8245ff10ba657c0a0a001992b552808766cc49b,RESTORE_SYSTEM_INDEX_FROM_EXACT_SYSTEM_ID,True,MODIS/061/MOD09Q1/2025_08_21,source-scenes-v1,2025-08-10,Terra MODIS,,061,061,dd3a95603b02aec1db42cba72bf3f1fc4b407e376178c5ba1a12dcda288f812d,modis,fe5841c7916946cfb1bdbac96dfc89669831dac56b1b70c068f610a72360abec,2025-08-28,2025-08-24,2025-08-21,MODIS/061/MOD09Q1/2025_08_21,2025_08_21,1755734400000,2025-08-25,2025-07-26,2025
AOI-01,18ae788e0cf1ef68015dfee09e2ef7a0a1af4676e0b5d436994b707dfe92dec3,MODIS/061/MOD09Q1,2021-07-04T00:00:00+00:00,final-source-scenes-r2-asset-verified,,b21c8cc7f3d4d35e1db4dfa1c8245ff10ba657c0a0a001992b552808766cc49b,RESTORE_SYSTEM_INDEX_FROM_EXACT_SYSTEM_ID,True,MODIS/061/MOD09Q1/2021_07_04,source-scenes-v1,2021-07-20,Terra MODIS,,061,061,aa90a96f8490edc538e2b7b2d4de0a7a689800214bde07491797ded2fc963e1b,modis,25c2d0468b7338f560978d9d36f4e5067adaea699244cd90188a073b1a1bff6f,2021-07-11,2021-07-07,2021-07-04,MODIS/061/MOD09Q1/2021_07_04,2021_07_04,1625356800000,2021-08-04,2021-07-05,2021
AOI-01,18ae788e0cf1ef68015dfee09e2ef7a0a1af4676e0b5d436994b707dfe92dec3,MODIS/061/MOD09Q1,2021-07-12T00:00:00+00:00,final-source-scenes-r2-asset-verified,,b21c8cc7f3d4d35e1db4dfa1c8245ff10ba657c0a0a001992b552808766cc49b,RESTORE_SYSTEM_INDEX_FROM_EXACT_SYSTEM_ID,True,MODIS/061/MOD09Q1/2021_07_12,source-scenes-v1,2021-07-20,Terra MODIS,,061,061,aa90a96f8490edc538e2b7b2d4de0a7a689800214bde07491797ded2fc963e1b,modis,25c2d0468b7338f560978d9d36f4e5067adaea699244cd90188a073b1a1bff6f,2021-07-19,2021-07-15,2021-07-12,MODIS/061/MOD09Q1/2021_07_12,2021_07_12,1626048000000,2021-08-04,2021-07-05,2021
AOI-01,18ae788e0cf1ef68015dfee09e2ef7a0a1af4676e0b5d436994b707dfe92dec3,MODIS/061/MOD09Q1,2021-07-20T00:00:00+00:00,final-source-scenes-r2-asset-verified,,b21c8cc7f3d4d35e1db4dfa1c8245ff10ba657c0a0a001992b552808766cc49b,RESTORE_SYSTEM_INDEX_FROM_EXACT_SYSTEM_ID,True,MODIS/061/MOD09Q1/2021_07_20,source-scenes-v1,2021-07-20,Terra MODIS,,061,061,aa90a96f8490edc538e2b7b2d4de0a7a689800214bde07491797ded2fc963e1b,modis,25c2d0468b7338f560978d9d36f4e5067adaea699244cd90188a073b1a1bff6f,2021-07-27,2021-07-23,2021-07-20,MODIS/061/MOD09Q1/2021_07_20,2021_07_20,1626739200000,2021-08-04,2021-07-05,2021
AOI-01,18ae788e0cf1ef68015dfee09e2ef7a0a1af4676e0b5d436994b707dfe92dec3,MODIS/061/MOD09Q1,2021-07-28T00:00:00+00:00,final-source-scenes-r2-asset-verified,,b21c8cc7f3d4d35e1db4dfa1c8245ff10ba657c0a0a001992b552808766cc49b,RESTORE_SYSTEM_INDEX_FROM_EXACT_SYSTEM_ID,True,MODIS/061/MOD09Q1/2021_07_28,source-scenes-v1,2021-07-20,Terra MODIS,,061,061,aa90a96f8490edc538e2b7b2d4de0a7a689800214bde07491797ded2fc963e1b,modis,25c2d0468b7338f560978d9d36f4e5067adaea699244cd90188a073b1a1bff6f,2021-08-04,2021-07-31,2021-07-28,MODIS/061/MOD09Q1/2021_07_28,2021_07_28,1627430400000,2021-08-04,2021-07-05,2021
AOI-01,18ae788e0cf1ef68015dfee09e2ef7a0a1af4676e0b5d436994b707dfe92dec3,MODIS/061/MOD09Q1,2021-08-05T00:00:00+00:00,final-source-scenes-r2-asset-verified,SUPPORT_INTERVAL_OUTSIDE_NOMINAL_WINDOW,b21c8cc7f3d4d35e1db4dfa1c8245ff10ba657c0a0a001992b552808766cc49b,RESTORE_SYSTEM_INDEX_FROM_EXACT_SYSTEM_ID,False,MODIS/061/MOD09Q1/2021_08_05,source-scenes-v1,2021-07-20,Terra MODIS,,061,061,aa90a96f8490edc538e2b7b2d4de0a7a689800214bde07491797ded2fc963e1b,modis,25c2d0468b7338f560978d9d36f4e5067adaea699244cd90188a073b1a1bff6f,2021-08-12,2021-08-08,2021-08-05,MODIS/061/MOD09Q1/2021_08_05,2021_08_05,1628121600000,2021-08-04,2021-07-05,2021
AOI-01,18ae788e0cf1ef68015dfee09e2ef7a0a1af4676e0b5d436994b707dfe92dec3,MODIS/061/MOD09Q1,2021-08-13T00:00:00+00:00,final-source-scenes-r2-asset-verified,SUPPORT_INTERVAL_OUTSIDE_NOMINAL_WINDOW,b21c8cc7f3d4d35e1db4dfa1c8245ff10ba657c0a0a001992b552808766cc49b,RESTORE_SYSTEM_INDEX_FROM_EXACT_SYSTEM_ID,False,MODIS/061/MOD09Q1/2021_08_13,source-scenes-v1,2021-07-20,Terra MODIS,,061,061,aa90a96f8490edc538e2b7b2d4de0a7a689800214bde07491797ded2fc963e1b,modis,25c2d0468b7338f560978d9d36f4e5067adaea699244cd90188a073b1a1bff6f,2021-08-20,2021-08-16,2021-08-13,MODIS/061/MOD09Q1/2021_08_13,2021_08_13,1628812800000,2021-08-04,2021-07-05,2021
AOI-01,18ae788e0cf1ef68015dfee09e2ef7a0a1af4676e0b5d436994b707dfe92dec3,MODIS/061/MOD09Q1,2021-08-21T00:00:00+00:00,final-source-scenes-r2-asset-verified,SUPPORT_INTERVAL_OUTSIDE_NOMINAL_WINDOW,b21c8cc7f3d4d35e1db4dfa1c8245ff10ba657c0a0a001992b552808766cc49b,RESTORE_SYSTEM_INDEX_FROM_EXACT_SYSTEM_ID,False,MODIS/061/MOD09Q1/2021_08_21,source-scenes-v1,2021-07-20,Terra MODIS,,061,061,aa90a96f8490edc538e2b7b2d4de0a7a689800214bde07491797ded2fc963e1b,modis,25c2d0468b7338f560978d9d36f4e5067adaea699244cd90188a073b1a1bff6f,2021-08-28,2021-08-24,2021-08-21,MODIS/061/MOD09Q1/2021_08_21,2021_08_21,1629504000000,2021-08-04,2021-07-05,2021
AOI-01,18ae788e0cf1ef68015dfee09e2ef7a0a1af4676e0b5d436994b707dfe92dec3,MODIS/061/MOD09Q1,2021-07-04T00:00:00+00:00,final-source-scenes-r2-asset-verified,SUPPORT_INTERVAL_OUTSIDE_NOMINAL_WINDOW,b21c8cc7f3d4d35e1db4dfa1c8245ff10ba657c0a0a001992b552808766cc49b,RESTORE_SYSTEM_INDEX_FROM_EXACT_SYSTEM_ID,False,MODIS/061/MOD09Q1/2021_07_04,source-scenes-v1,2021-07-31,Terra MODIS,,061,061,aba547f899987715a4581be4a293ae1107a6134aa5be27834f3c6d31b4425365,modis,6504543bb2741ff3ba584a998b09e4fa251b6cfdd81d2033212d1b6476c24408,2021-07-11,2021-07-07,2021-07-04,MODIS/061/MOD09Q1/2021_07_04,2021_07_04,1625356800000,2021-08-15,2021-07-16,2021
AOI-01,18ae788e0cf1ef68015dfee09e2ef7a0a1af4676e0b5d436994b707dfe92dec3,MODIS/061/MOD09Q1,2021-07-12T00:00:00+00:00,final-source-scenes-r2-asset-verified,,b21c8cc7f3d4d35e1db4dfa1c8245ff10ba657c0a0a001992b552808766cc49b,RESTORE_SYSTEM_INDEX_FROM_EXACT_SYSTEM_ID,True,MODIS/061/MOD09Q1/2021_07_12,source-scenes-v1,2021-07-31,Terra MODIS,,061,061,aba547f899987715a4581be4a293ae1107a6134aa5be27834f3c6d31b4425365,modis,6504543bb2741ff3ba584a998b09e4fa251b6cfdd81d2033212d1b6476c24408,2021-07-19,2021-07-15,2021-07-12,MODIS/061/MOD09Q1/2021_07_12,2021_07_12,1626048000000,2021-08-15,2021-07-16,2021
AOI-01,18ae788e0cf1ef68015dfee09e2ef7a0a1af4676e0b5d436994b707dfe92dec3,MODIS/061/MOD09Q1,2021-07-20T00:00:00+00:00,final-source-scenes-r2-asset-verified,,b21c8cc7f3d4d35e1db4dfa1c8245ff10ba657c0a0a001992b552808766cc49b,RESTORE_SYSTEM_INDEX_FROM_EXACT_SYSTEM_ID,True,MODIS/061/MOD09Q1/2021_07_20,source-scenes-v1,2021-07-31,Terra MODIS,,061,061,aba547f899987715a4581be4a293ae1107a6134aa5be27834f3c6d31b4425365,modis,6504543bb2741ff3ba584a998b09e4fa251b6cfdd81d2033212d1b6476c24408,2021-07-27,2021-07-23,2021-07-20,MODIS/061/MOD09Q1/2021_07_20,2021_07_20,1626739200000,2021-08-15,2021-07-16,2021
AOI-01,18ae788e0cf1ef68015dfee09e2ef7a0a1af4676e0b5d436994b707dfe92dec3,MODIS/061/MOD09Q1,2021-07-28T00:00:00+00:00,final-source-scenes-r2-asset-verified,,b21c8cc7f3d4d35e1db4dfa1c8245ff10ba657c0a0a001992b552808766cc49b,RESTORE_SYSTEM_INDEX_FROM_EXACT_SYSTEM_ID,True,MODIS/061/MOD09Q1/2021_07_28,source-scenes-v1,2021-07-31,Terra MODIS,,061,061,aba547f899987715a4581be4a293ae1107a6134aa5be27834f3c6d31b4425365,modis,6504543bb2741ff3ba584a998b09e4fa251b6cfdd81d2033212d1b6476c24408,2021-08-04,2021-07-31,2021-07-28,MODIS/061/MOD09Q1/2021_07_28,2021_07_28,1627430400000,2021-08-15,2021-07-16,2021
AOI-01,18ae788e0cf1ef68015dfee09e2ef7a0a1af4676e0b5d436994b707dfe92dec3,MODIS/061/MOD09Q1,2021-08-05T00:00:00+00:00,final-source-scenes-r2-asset-verified,,b21c8cc7f3d4d35e1db4dfa1c8245ff10ba657c0a0a001992b552808766cc49b,RESTORE_SYSTEM_INDEX_FROM_EXACT_SYSTEM_ID,True,MODIS/061/MOD09Q1/2021_08_05,source-scenes-v1,2021-07-31,Terra MODIS,,061,061,aba547f899987715a4581be4a293ae1107a6134aa5be27834f3c6d31b4425365,modis,6504543bb2741ff3ba584a998b09e4fa251b6cfdd81d2033212d1b6476c24408,2021-08-12,2021-08-08,2021-08-05,MODIS/061/MOD09Q1/2021_08_05,2021_08_05,1628121600000,2021-08-15,2021-07-16,2021
AOI-01,18ae788e0cf1ef68015dfee09e2ef7a0a1af4676e0b5d436994b707dfe92dec3,MODIS/061/MOD09Q1,2021-08-13T00:00:00+00:00,final-source-scenes-r2-asset-verified,,b21c8cc7f3d4d35e1db4dfa1c8245ff10ba657c0a0a001992b552808766cc49b,RESTORE_SYSTEM_INDEX_FROM_EXACT_SYSTEM_ID,True,MODIS/061/MOD09Q1/2021_08_13,source-scenes-v1,2021-07-31,Terra MODIS,,061,061,aba547f899987715a4581be4a293ae1107a6134aa5be27834f3c6d31b4425365,modis,6504543bb2741ff3ba584a998b09e4fa251b6cfdd81d2033212d1b6476c24408,2021-08-20,2021-08-16,2021-08-13,MODIS/061/MOD09Q1/2021_08_13,2021_08_13,1628812800000,2021-08-15,2021-07-16,2021
AOI-01,18ae788e0cf1ef68015dfee09e2ef7a0a1af4676e0b5d436994b707dfe92dec3,MODIS/061/MOD09Q1,2021-08-21T00:00:00+00:00,final-source-scenes-r2-asset-verified,SUPPORT_INTERVAL_OUTSIDE_NOMINAL_WINDOW,b21c8cc7f3d4d35e1db4dfa1c8245ff10ba657c0a0a001992b552808766cc49b,RESTORE_SYSTEM_INDEX_FROM_EXACT_SYSTEM_ID,False,MODIS/061/MOD09Q1/2021_08_21,source-scenes-v1,2021-07-31,Terra MODIS,,061,061,aba547f899987715a4581be4a293ae1107a6134aa5be27834f3c6d31b4425365,modis,6504543bb2741ff3ba584a998b09e4fa251b6cfdd81d2033212d1b6476c24408,2021-08-28,2021-08-24,2021-08-21,MODIS/061/MOD09Q1/2021_08_21,2021_08_21,1629504000000,2021-08-15,2021-07-16,2021
AOI-01,18ae788e0cf1ef68015dfee09e2ef7a0a1af4676e0b5d436994b707dfe92dec3,MODIS/061/MOD09Q1,2021-07-04T00:00:00+00:00,final-source-scenes-r2-asset-verified,SUPPORT_INTERVAL_OUTSIDE_NOMINAL_WINDOW,b21c8cc7f3d4d35e1db4dfa1c8245ff10ba657c0a0a001992b552808766cc49b,RESTORE_SYSTEM_INDEX_FROM_EXACT_SYSTEM_ID,False,MODIS/061/MOD09Q1/2021_07_04,source-scenes-v1,2021-08-10,Terra MODIS,,061,061,da130403b5a2870464b818c9686ce8dd452e67fd2415d0f936892c76ec8fa4b2,modis,0a94850c10a6c8732036e27cfcf1d92b176d7eff132af9bbb7ab55c02df2c801,2021-07-11,2021-07-07,2021-07-04,MODIS/061/MOD09Q1/2021_07_04,2021_07_04,1625356800000,2021-08-25,2021-07-26,2021
AOI-01,18ae788e0cf1ef68015dfee09e2ef7a0a1af4676e0b5d436994b707dfe92dec3,MODIS/061/MOD09Q1,2021-07-12T00:00:00+00:00,final-source-scenes-r2-asset-verified,SUPPORT_INTERVAL_OUTSIDE_NOMINAL_WINDOW,b21c8cc7f3d4d35e1db4dfa1c8245ff10ba657c0a0a001992b552808766cc49b,RESTORE_SYSTEM_INDEX_FROM_EXACT_SYSTEM_ID,False,MODIS/061/MOD09Q1/2021_07_12,source-scenes-v1,2021-08-10,Terra MODIS,,061,061,da130403b5a2870464b818c9686ce8dd452e67fd2415d0f936892c76ec8fa4b2,modis,0a94850c10a6c8732036e27cfcf1d92b176d7eff132af9bbb7ab55c02df2c801,2021-07-19,2021-07-15,2021-07-12,MODIS/061/MOD09Q1/2021_07_12,2021_07_12,1626048000000,2021-08-25,2021-07-26,2021
AOI-01,18ae788e0cf1ef68015dfee09e2ef7a0a1af4676e0b5d436994b707dfe92dec3,MODIS/061/MOD09Q1,2021-07-20T00:00:00+00:00,final-source-scenes-r2-asset-verified,,b21c8cc7f3d4d35e1db4dfa1c8245ff10ba657c0a0a001992b552808766cc49b,RESTORE_SYSTEM_INDEX_FROM_EXACT_SYSTEM_ID,True,MODIS/061/MOD09Q1/2021_07_20,source-scenes-v1,2021-08-10,Terra MODIS,,061,061,da130403b5a2870464b818c9686ce8dd452e67fd2415d0f936892c76ec8fa4b2,modis,0a94850c10a6c8732036e27cfcf1d92b176d7eff132af9bbb7ab55c02df2c801,2021-07-27,2021-07-23,2021-07-20,MODIS/061/MOD09Q1/2021_07_20,2021_07_20,1626739200000,2021-08-25,2021-07-26,2021
AOI-01,18ae788e0cf1ef68015dfee09e2ef7a0a1af4676e0b5d436994b707dfe92dec3,MODIS/061/MOD09Q1,2021-07-28T00:00:00+00:00,final-source-scenes-r2-asset-verified,,b21c8cc7f3d4d35e1db4dfa1c8245ff10ba657c0a0a001992b552808766cc49b,RESTORE_SYSTEM_INDEX_FROM_EXACT_SYSTEM_ID,True,MODIS/061/MOD09Q1/2021_07_28,source-scenes-v1,2021-08-10,Terra MODIS,,061,061,da130403b5a2870464b818c9686ce8dd452e67fd2415d0f936892c76ec8fa4b2,modis,0a94850c10a6c8732036e27cfcf1d92b176d7eff132af9bbb7ab55c02df2c801,2021-08-04,2021-07-31,2021-07-28,MODIS/061/MOD09Q1/2021_07_28,2021_07_28,1627430400000,2021-08-25,2021-07-26,2021
AOI-01,18ae788e0cf1ef68015dfee09e2ef7a0a1af4676e0b5d436994b707dfe92dec3,MODIS/061/MOD09Q1,2021-08-05T00:00:00+00:00,final-source-scenes-r2-asset-verified,,b21c8cc7f3d4d35e1db4dfa1c8245ff10ba657c0a0a001992b552808766cc49b,RESTORE_SYSTEM_INDEX_FROM_EXACT_SYSTEM_ID,True,MODIS/061/MOD09Q1/2021_08_05,source-scenes-v1,2021-08-10,Terra MODIS,,061,061,da130403b5a2870464b818c9686ce8dd452e67fd2415d0f936892c76ec8fa4b2,modis,0a94850c10a6c8732036e27cfcf1d92b176d7eff132af9bbb7ab55c02df2c801,2021-08-12,2021-08-08,2021-08-05,MODIS/061/MOD09Q1/2021_08_05,2021_08_05,1628121600000,2021-08-25,2021-07-26,2021
AOI-01,18ae788e0cf1ef68015dfee09e2ef7a0a1af4676e0b5d436994b707dfe92dec3,MODIS/061/MOD09Q1,2021-08-13T00:00:00+00:00,final-source-scenes-r2-asset-verified,,b21c8cc7f3d4d35e1db4dfa1c8245ff10ba657c0a0a001992b552808766cc49b,RESTORE_SYSTEM_INDEX_FROM_EXACT_SYSTEM_ID,True,MODIS/061/MOD09Q1/2021_08_13,source-scenes-v1,2021-08-10,Terra MODIS,,061,061,da130403b5a2870464b818c9686ce8dd452e67fd2415d0f936892c76ec8fa4b2,modis,0a94850c10a6c8732036e27cfcf1d92b176d7eff132af9bbb7ab55c02df2c801,2021-08-20,2021-08-16,2021-08-13,MODIS/061/MOD09Q1/2021_08_13,2021_08_13,1628812800000,2021-08-25,2021-07-26,2021
AOI-01,18ae788e0cf1ef68015dfee09e2ef7a0a1af4676e0b5d436994b707dfe92dec3,MODIS/061/MOD09Q1,2021-08-21T00:00:00+00:00,final-source-scenes-r2-asset-verified,,b21c8cc7f3d4d35e1db4dfa1c8245ff10ba657c0a0a001992b552808766cc49b,RESTORE_SYSTEM_INDEX_FROM_EXACT_SYSTEM_ID,True,MODIS/061/MOD09Q1/2021_08_21,source-scenes-v1,2021-08-10,Terra MODIS,,061,061,da130403b5a2870464b818c9686ce8dd452e67fd2415d0f936892c76ec8fa4b2,modis,0a94850c10a6c8732036e27cfcf1d92b176d7eff132af9bbb7ab55c02df2c801,2021-08-28,2021-08-24,2021-08-21,MODIS/061/MOD09Q1/2021_08_21,2021_08_21,1629504000000,2021-08-25,2021-07-26,2021
AOI-01,18ae788e0cf1ef68015dfee09e2ef7a0a1af4676e0b5d436994b707dfe92dec3,MODIS/061/MOD09Q1,2022-07-04T00:00:00+00:00,final-source-scenes-r2-asset-verified,,b21c8cc7f3d4d35e1db4dfa1c8245ff10ba657c0a0a001992b552808766cc49b,RESTORE_SYSTEM_INDEX_FROM_EXACT_SYSTEM_ID,True,MODIS/061/MOD09Q1/2022_07_04,source-scenes-v1,2022-07-20,Terra MODIS,,061,061,90d566844949cd56e9fd228b32897d0843a5ed6c40d1adbe5bf8bf9f4ba27669,modis,15ca955ad5f8a36ff57b4010692a57514397bdc522c3b5c051242b8b1abc3661,2022-07-11,2022-07-07,2022-07-04,MODIS/061/MOD09Q1/2022_07_04,2022_07_04,1656892800000,2022-08-04,2022-07-05,2022
AOI-01,18ae788e0cf1ef68015dfee09e2ef7a0a1af4676e0b5d436994b707dfe92dec3,MODIS/061/MOD09Q1,2022-07-12T00:00:00+00:00,final-source-scenes-r2-asset-verified,,b21c8cc7f3d4d35e1db4dfa1c8245ff10ba657c0a0a001992b552808766cc49b,RESTORE_SYSTEM_INDEX_FROM_EXACT_SYSTEM_ID,True,MODIS/061/MOD09Q1/2022_07_12,source-scenes-v1,2022-07-20,Terra MODIS,,061,061,90d566844949cd56e9fd228b32897d0843a5ed6c40d1adbe5bf8bf9f4ba27669,modis,15ca955ad5f8a36ff57b4010692a57514397bdc522c3b5c051242b8b1abc3661,2022-07-19,2022-07-15,2022-07-12,MODIS/061/MOD09Q1/2022_07_12,2022_07_12,1657584000000,2022-08-04,2022-07-05,2022
AOI-01,18ae788e0cf1ef68015dfee09e2ef7a0a1af4676e0b5d436994b707dfe92dec3,MODIS/061/MOD09Q1,2022-07-20T00:00:00+00:00,final-source-scenes-r2-asset-verified,,b21c8cc7f3d4d35e1db4dfa1c8245ff10ba657c0a0a001992b552808766cc49b,RESTORE_SYSTEM_INDEX_FROM_EXACT_SYSTEM_ID,True,MODIS/061/MOD09Q1/2022_07_20,source-scenes-v1,2022-07-20,Terra MODIS,,061,061,90d566844949cd56e9fd228b32897d0843a5ed6c40d1adbe5bf8bf9f4ba27669,modis,15ca955ad5f8a36ff57b4010692a57514397bdc522c3b5c051242b8b1abc3661,2022-07-27,2022-07-23,2022-07-20,MODIS/061/MOD09Q1/2022_07_20,2022_07_20,1658275200000,2022-08-04,2022-07-05,2022
AOI-01,18ae788e0cf1ef68015dfee09e2ef7a0a1af4676e0b5d436994b707dfe92dec3,MODIS/061/MOD09Q1,2022-07-28T00:00:00+00:00,final-source-scenes-r2-asset-verified,,b21c8cc7f3d4d35e1db4dfa1c8245ff10ba657c0a0a001992b552808766cc49b,RESTORE_SYSTEM_INDEX_FROM_EXACT_SYSTEM_ID,True,MODIS/061/MOD09Q1/2022_07_28,source-scenes-v1,2022-07-20,Terra MODIS,,061,061,90d566844949cd56e9fd228b32897d0843a5ed6c40d1adbe5bf8bf9f4ba27669,modis,15ca955ad5f8a36ff57b4010692a57514397bdc522c3b5c051242b8b1abc3661,2022-08-04,2022-07-31,2022-07-28,MODIS/061/MOD09Q1/2022_07_28,2022_07_28,1658966400000,2022-08-04,2022-07-05,2022
AOI-01,18ae788e0cf1ef68015dfee09e2ef7a0a1af4676e0b5d436994b707dfe92dec3,MODIS/061/MOD09Q1,2022-08-05T00:00:00+00:00,final-source-scenes-r2-asset-verified,SUPPORT_INTERVAL_OUTSIDE_NOMINAL_WINDOW,b21c8cc7f3d4d35e1db4dfa1c8245ff10ba657c0a0a001992b552808766cc49b,RESTORE_SYSTEM_INDEX_FROM_EXACT_SYSTEM_ID,False,MODIS/061/MOD09Q1/2022_08_05,source-scenes-v1,2022-07-20,Terra MODIS,,061,061,90d566844949cd56e9fd228b32897d0843a5ed6c40d1adbe5bf8bf9f4ba27669,modis,15ca955ad5f8a36ff57b4010692a57514397bdc522c3b5c051242b8b1abc3661,2022-08-12,2022-08-08,2022-08-05,MODIS/061/MOD09Q1/2022_08_05,2022_08_05,1659657600000,2022-08-04,2022-07-05,2022
AOI-01,18ae788e0cf1ef68015dfee09e2ef7a0a1af4676e0b5d436994b707dfe92dec3,MODIS/061/MOD09Q1,2022-08-13T00:00:00+00:00,final-source-scenes-r2-asset-verified,SUPPORT_INTERVAL_OUTSIDE_NOMINAL_WINDOW,b21c8cc7f3d4d35e1db4dfa1c8245ff10ba657c0a0a001992b552808766cc49b,RESTORE_SYSTEM_INDEX_FROM_EXACT_SYSTEM_ID,False,MODIS/061/MOD09Q1/2022_08_13,source-scenes-v1,2022-07-20,Terra MODIS,,061,061,90d566844949cd56e9fd228b32897d0843a5ed6c40d1adbe5bf8bf9f4ba27669,modis,15ca955ad5f8a36ff57b4010692a57514397bdc522c3b5c051242b8b1abc3661,2022-08-20,2022-08-16,2022-08-13,MODIS/061/MOD09Q1/2022_08_13,2022_08_13,1660348800000,2022-08-04,2022-07-05,2022
AOI-01,18ae788e0cf1ef68015dfee09e2ef7a0a1af4676e0b5d436994b707dfe92dec3,MODIS/061/MOD09Q1,2022-08-21T00:00:00+00:00,final-source-scenes-r2-asset-verified,SUPPORT_INTERVAL_OUTSIDE_NOMINAL_WINDOW,b21c8cc7f3d4d35e1db4dfa1c8245ff10ba657c0a0a001992b552808766cc49b,RESTORE_SYSTEM_INDEX_FROM_EXACT_SYSTEM_ID,False,MODIS/061/MOD09Q1/2022_08_21,source-scenes-v1,2022-07-20,Terra MODIS,,061,061,90d566844949cd56e9fd228b32897d0843a5ed6c40d1adbe5bf8bf9f4ba27669,modis,15ca955ad5f8a36ff57b4010692a57514397bdc522c3b5c051242b8b1abc3661,2022-08-28,2022-08-24,2022-08-21,MODIS/061/MOD09Q1/2022_08_21,2022_08_21,1661040000000,2022-08-04,2022-07-05,2022
AOI-01,18ae788e0cf1ef68015dfee09e2ef7a0a1af4676e0b5d436994b707dfe92dec3,MODIS/061/MOD09Q1,2022-07-04T00:00:00+00:00,final-source-scenes-r2-asset-verified,SUPPORT_INTERVAL_OUTSIDE_NOMINAL_WINDOW,b21c8cc7f3d4d35e1db4dfa1c8245ff10ba657c0a0a001992b552808766cc49b,RESTORE_SYSTEM_INDEX_FROM_EXACT_SYSTEM_ID,False,MODIS/061/MOD09Q1/2022_07_04,source-scenes-v1,2022-07-31,Terra MODIS,,061,061,477b18a8cfea46934743fb6ecef8fa043a930e1a277d241063452eb9d864753f,modis,04ddd16af15b35981555841df334954538f67b0a0297b8d5225094f32bae0cd7,2022-07-11,2022-07-07,2022-07-04,MODIS/061/MOD09Q1/2022_07_04,2022_07_04,1656892800000,2022-08-15,2022-07-16,2022
AOI-01,18ae788e0cf1ef68015dfee09e2ef7a0a1af4676e0b5d436994b707dfe92dec3,MODIS/061/MOD09Q1,2022-07-12T00:00:00+00:00,final-source-scenes-r2-asset-verified,,b21c8cc7f3d4d35e1db4dfa1c8245ff10ba657c0a0a001992b552808766cc49b,RESTORE_SYSTEM_INDEX_FROM_EXACT_SYSTEM_ID,True,MODIS/061/MOD09Q1/2022_07_12,source-scenes-v1,2022-07-31,Terra MODIS,,061,061,477b18a8cfea46934743fb6ecef8fa043a930e1a277d241063452eb9d864753f,modis,04ddd16af15b35981555841df334954538f67b0a0297b8d5225094f32bae0cd7,2022-07-19,2022-07-15,2022-07-12,MODIS/061/MOD09Q1/2022_07_12,2022_07_12,1657584000000,2022-08-15,2022-07-16,2022
AOI-01,18ae788e0cf1ef68015dfee09e2ef7a0a1af4676e0b5d436994b707dfe92dec3,MODIS/061/MOD09Q1,2022-07-20T00:00:00+00:00,final-source-scenes-r2-asset-verified,,b21c8cc7f3d4d35e1db4dfa1c8245ff10ba657c0a0a001992b552808766cc49b,RESTORE_SYSTEM_INDEX_FROM_EXACT_SYSTEM_ID,True,MODIS/061/MOD09Q1/2022_07_20,source-scenes-v1,2022-07-31,Terra MODIS,,061,061,477b18a8cfea46934743fb6ecef8fa043a930e1a277d241063452eb9d864753f,modis,04ddd16af15b35981555841df334954538f67b0a0297b8d5225094f32bae0cd7,2022-07-27,2022-07-23,2022-07-20,MODIS/061/MOD09Q1/2022_07_20,2022_07_20,1658275200000,2022-08-15,2022-07-16,2022
AOI-01,18ae788e0cf1ef68015dfee09e2ef7a0a1af4676e0b5d436994b707dfe92dec3,MODIS/061/MOD09Q1,2022-07-28T00:00:00+00:00,final-source-scenes-r2-asset-verified,,b21c8cc7f3d4d35e1db4dfa1c8245ff10ba657c0a0a001992b552808766cc49b,RESTORE_SYSTEM_INDEX_FROM_EXACT_SYSTEM_ID,True,MODIS/061/MOD09Q1/2022_07_28,source-scenes-v1,2022-07-31,Terra MODIS,,061,061,477b18a8cfea46934743fb6ecef8fa043a930e1a277d241063452eb9d864753f,modis,04ddd16af15b35981555841df334954538f67b0a0297b8d5225094f32bae0cd7,2022-08-04,2022-07-31,2022-07-28,MODIS/061/MOD09Q1/2022_07_28,2022_07_28,1658966400000,2022-08-15,2022-07-16,2022
AOI-01,18ae788e0cf1ef68015dfee09e2ef7a0a1af4676e0b5d436994b707dfe92dec3,MODIS/061/MOD09Q1,2022-08-05T00:00:00+00:00,final-source-scenes-r2-asset-verified,,b21c8cc7f3d4d35e1db4dfa1c8245ff10ba657c0a0a001992b552808766cc49b,RESTORE_SYSTEM_INDEX_FROM_EXACT_SYSTEM_ID,True,MODIS/061/MOD09Q1/2022_08_05,source-scenes-v1,2022-07-31,Terra MODIS,,061,061,477b18a8cfea46934743fb6ecef8fa043a930e1a277d241063452eb9d864753f,modis,04ddd16af15b35981555841df334954538f67b0a0297b8d5225094f32bae0cd7,2022-08-12,2022-08-08,2022-08-05,MODIS/061/MOD09Q1/2022_08_05,2022_08_05,1659657600000,2022-08-15,2022-07-16,2022
AOI-01,18ae788e0cf1ef68015dfee09e2ef7a0a1af4676e0b5d436994b707dfe92dec3,MODIS/061/MOD09Q1,2022-08-13T00:00:00+00:00,final-source-scenes-r2-asset-verified,,b21c8cc7f3d4d35e1db4dfa1c8245ff10ba657c0a0a001992b552808766cc49b,RESTORE_SYSTEM_INDEX_FROM_EXACT_SYSTEM_ID,True,MODIS/061/MOD09Q1/2022_08_13,source-scenes-v1,2022-07-31,Terra MODIS,,061,061,477b18a8cfea46934743fb6ecef8fa043a930e1a277d241063452eb9d864753f,modis,04ddd16af15b35981555841df334954538f67b0a0297b8d5225094f32bae0cd7,2022-08-20,2022-08-16,2022-08-13,MODIS/061/MOD09Q1/2022_08_13,2022_08_13,1660348800000,2022-08-15,2022-07-16,2022
AOI-01,18ae788e0cf1ef68015dfee09e2ef7a0a1af4676e0b5d436994b707dfe92dec3,MODIS/061/MOD09Q1,2022-08-21T00:00:00+00:00,final-source-scenes-r2-asset-verified,SUPPORT_INTERVAL_OUTSIDE_NOMINAL_WINDOW,b21c8cc7f3d4d35e1db4dfa1c8245ff10ba657c0a0a001992b552808766cc49b,RESTORE_SYSTEM_INDEX_FROM_EXACT_SYSTEM_ID,False,MODIS/061/MOD09Q1/2022_08_21,source-scenes-v1,2022-07-31,Terra MODIS,,061,061,477b18a8cfea46934743fb6ecef8fa043a930e1a277d241063452eb9d864753f,modis,04ddd16af15b35981555841df334954538f67b0a0297b8d5225094f32bae0cd7,2022-08-28,2022-08-24,2022-08-21,MODIS/061/MOD09Q1/2022_08_21,2022_08_21,1661040000000,2022-08-15,2022-07-16,2022
AOI-01,18ae788e0cf1ef68015dfee09e2ef7a0a1af4676e0b5d436994b707dfe92dec3,MODIS/061/MOD09Q1,2022-07-04T00:00:00+00:00,final-source-scenes-r2-asset-verified,SUPPORT_INTERVAL_OUTSIDE_NOMINAL_WINDOW,b21c8cc7f3d4d35e1db4dfa1c8245ff10ba657c0a0a001992b552808766cc49b,RESTORE_SYSTEM_INDEX_FROM_EXACT_SYSTEM_ID,False,MODIS/061/MOD09Q1/2022_07_04,source-scenes-v1,2022-08-10,Terra MODIS,,061,061,a58caac8a6172088d328e0f96b0bc4eb4d9b73d2ae358ad14202dfca87947abf,modis,7adf4bb811ef44fd252c3a4bf8d4a84813d0f05ba88cad2d62dc7c5b9c9e2ade,2022-07-11,2022-07-07,2022-07-04,MODIS/061/MOD09Q1/2022_07_04,2022_07_04,1656892800000,2022-08-25,2022-07-26,2022
AOI-01,18ae788e0cf1ef68015dfee09e2ef7a0a1af4676e0b5d436994b707dfe92dec3,MODIS/061/MOD09Q1,2022-07-12T00:00:00+00:00,final-source-scenes-r2-asset-verified,SUPPORT_INTERVAL_OUTSIDE_NOMINAL_WINDOW,b21c8cc7f3d4d35e1db4dfa1c8245ff10ba657c0a0a001992b552808766cc49b,RESTORE_SYSTEM_INDEX_FROM_EXACT_SYSTEM_ID,False,MODIS/061/MOD09Q1/2022_07_12,source-scenes-v1,2022-08-10,Terra MODIS,,061,061,a58caac8a6172088d328e0f96b0bc4eb4d9b73d2ae358ad14202dfca87947abf,modis,7adf4bb811ef44fd252c3a4bf8d4a84813d0f05ba88cad2d62dc7c5b9c9e2ade,2022-07-19,2022-07-15,2022-07-12,MODIS/061/MOD09Q1/2022_07_12,2022_07_12,1657584000000,2022-08-25,2022-07-26,2022
AOI-01,18ae788e0cf1ef68015dfee09e2ef7a0a1af4676e0b5d436994b707dfe92dec3,MODIS/061/MOD09Q1,2022-07-20T00:00:00+00:00,final-source-scenes-r2-asset-verified,,b21c8cc7f3d4d35e1db4dfa1c8245ff10ba657c0a0a001992b552808766cc49b,RESTORE_SYSTEM_INDEX_FROM_EXACT_SYSTEM_ID,True,MODIS/061/MOD09Q1/2022_07_20,source-scenes-v1,2022-08-10,Terra MODIS,,061,061,a58caac8a6172088d328e0f96b0bc4eb4d9b73d2ae358ad14202dfca87947abf,modis,7adf4bb811ef44fd252c3a4bf8d4a84813d0f05ba88cad2d62dc7c5b9c9e2ade,2022-07-27,2022-07-23,2022-07-20,MODIS/061/MOD09Q1/2022_07_20,2022_07_20,1658275200000,2022-08-25,2022-07-26,2022
AOI-01,18ae788e0cf1ef68015dfee09e2ef7a0a1af4676e0b5d436994b707dfe92dec3,MODIS/061/MOD09Q1,2022-07-28T00:00:00+00:00,final-source-scenes-r2-asset-verified,,b21c8cc7f3d4d35e1db4dfa1c8245ff10ba657c0a0a001992b552808766cc49b,RESTORE_SYSTEM_INDEX_FROM_EXACT_SYSTEM_ID,True,MODIS/061/MOD09Q1/2022_07_28,source-scenes-v1,2022-08-10,Terra MODIS,,061,061,a58caac8a6172088d328e0f96b0bc4eb4d9b73d2ae358ad14202dfca87947abf,modis,7adf4bb811ef44fd252c3a4bf8d4a84813d0f05ba88cad2d62dc7c5b9c9e2ade,2022-08-04,2022-07-31,2022-07-28,MODIS/061/MOD09Q1/2022_07_28,2022_07_28,1658966400000,2022-08-25,2022-07-26,2022
AOI-01,18ae788e0cf1ef68015dfee09e2ef7a0a1af4676e0b5d436994b707dfe92dec3,MODIS/061/MOD09Q1,2022-08-05T00:00:00+00:00,final-source-scenes-r2-asset-verified,,b21c8cc7f3d4d35e1db4dfa1c8245ff10ba657c0a0a001992b552808766cc49b,RESTORE_SYSTEM_INDEX_FROM_EXACT_SYSTEM_ID,True,MODIS/061/MOD09Q1/2022_08_05,source-scenes-v1,2022-08-10,Terra MODIS,,061,061,a58caac8a6172088d328e0f96b0bc4eb4d9b73d2ae358ad14202dfca87947abf,modis,7adf4bb811ef44fd252c3a4bf8d4a84813d0f05ba88cad2d62dc7c5b9c9e2ade,2022-08-12,2022-08-08,2022-08-05,MODIS/061/MOD09Q1/2022_08_05,2022_08_05,1659657600000,2022-08-25,2022-07-26,2022
AOI-01,18ae788e0cf1ef68015dfee09e2ef7a0a1af4676e0b5d436994b707dfe92dec3,MODIS/061/MOD09Q1,2022-08-13T00:00:00+00:00,final-source-scenes-r2-asset-verified,,b21c8cc7f3d4d35e1db4dfa1c8245ff10ba657c0a0a001992b552808766cc49b,RESTORE_SYSTEM_INDEX_FROM_EXACT_SYSTEM_ID,True,MODIS/061/MOD09Q1/2022_08_13,source-scenes-v1,2022-08-10,Terra MODIS,,061,061,a58caac8a6172088d328e0f96b0bc4eb4d9b73d2ae358ad14202dfca87947abf,modis,7adf4bb811ef44fd252c3a4bf8d4a84813d0f05ba88cad2d62dc7c5b9c9e2ade,2022-08-20,2022-08-16,2022-08-13,MODIS/061/MOD09Q1/2022_08_13,2022_08_13,1660348800000,2022-08-25,2022-07-26,2022
AOI-01,18ae788e0cf1ef68015dfee09e2ef7a0a1af4676e0b5d436994b707dfe92dec3,MODIS/061/MOD09Q1,2022-08-21T00:00:00+00:00,final-source-scenes-r2-asset-verified,,b21c8cc7f3d4d35e1db4dfa1c8245ff10ba657c0a0a001992b552808766cc49b,RESTORE_SYSTEM_INDEX_FROM_EXACT_SYSTEM_ID,True,MODIS/061/MOD09Q1/2022_08_21,source-scenes-v1,2022-08-10,Terra MODIS,,061,061,a58caac8a6172088d328e0f96b0bc4eb4d9b73d2ae358ad14202dfca87947abf,modis,7adf4bb811ef44fd252c3a4bf8d4a84813d0f05ba88cad2d62dc7c5b9c9e2ade,2022-08-28,2022-08-24,2022-08-21,MODIS/061/MOD09Q1/2022_08_21,2022_08_21,1661040000000,2022-08-25,2022-07-26,2022
AOI-01,18ae788e0cf1ef68015dfee09e2ef7a0a1af4676e0b5d436994b707dfe92dec3,MODIS/061/MOD09Q1,2023-07-04T00:00:00+00:00,final-source-scenes-r2-asset-verified,,b21c8cc7f3d4d35e1db4dfa1c8245ff10ba657c0a0a001992b552808766cc49b,RESTORE_SYSTEM_INDEX_FROM_EXACT_SYSTEM_ID,True,MODIS/061/MOD09Q1/2023_07_04,source-scenes-v1,2023-07-20,Terra MODIS,,061,061,c4ccc300a24833829b3c597a2e81bf0624efa9b6adb228f8159a5d5c6dc46e5b,modis,659b379c42ad9a9f7b0e5e0c463a59dc3fc88128838bfdcc0d77f127afc23faf,2023-07-11,2023-07-07,2023-07-04,MODIS/061/MOD09Q1/2023_07_04,2023_07_04,1688428800000,2023-08-04,2023-07-05,2023
AOI-01,18ae788e0cf1ef68015dfee09e2ef7a0a1af4676e0b5d436994b707dfe92dec3,MODIS/061/MOD09Q1,2023-07-12T00:00:00+00:00,final-source-scenes-r2-asset-verified,,b21c8cc7f3d4d35e1db4dfa1c8245ff10ba657c0a0a001992b552808766cc49b,RESTORE_SYSTEM_INDEX_FROM_EXACT_SYSTEM_ID,True,MODIS/061/MOD09Q1/2023_07_12,source-scenes-v1,2023-07-20,Terra MODIS,,061,061,c4ccc300a24833829b3c597a2e81bf0624efa9b6adb228f8159a5d5c6dc46e5b,modis,659b379c42ad9a9f7b0e5e0c463a59dc3fc88128838bfdcc0d77f127afc23faf,2023-07-19,2023-07-15,2023-07-12,MODIS/061/MOD09Q1/2023_07_12,2023_07_12,1689120000000,2023-08-04,2023-07-05,2023
AOI-01,18ae788e0cf1ef68015dfee09e2ef7a0a1af4676e0b5d436994b707dfe92dec3,MODIS/061/MOD09Q1,2023-07-20T00:00:00+00:00,final-source-scenes-r2-asset-verified,,b21c8cc7f3d4d35e1db4dfa1c8245ff10ba657c0a0a001992b552808766cc49b,RESTORE_SYSTEM_INDEX_FROM_EXACT_SYSTEM_ID,True,MODIS/061/MOD09Q1/2023_07_20,source-scenes-v1,2023-07-20,Terra MODIS,,061,061,c4ccc300a24833829b3c597a2e81bf0624efa9b6adb228f8159a5d5c6dc46e5b,modis,659b379c42ad9a9f7b0e5e0c463a59dc3fc88128838bfdcc0d77f127afc23faf,2023-07-27,2023-07-23,2023-07-20,MODIS/061/MOD09Q1/2023_07_20,2023_07_20,1689811200000,2023-08-04,2023-07-05,2023
AOI-01,18ae788e0cf1ef68015dfee09e2ef7a0a1af4676e0b5d436994b707dfe92dec3,MODIS/061/MOD09Q1,2023-07-28T00:00:00+00:00,final-source-scenes-r2-asset-verified,,b21c8cc7f3d4d35e1db4dfa1c8245ff10ba657c0a0a001992b552808766cc49b,RESTORE_SYSTEM_INDEX_FROM_EXACT_SYSTEM_ID,True,MODIS/061/MOD09Q1/2023_07_28,source-scenes-v1,2023-07-20,Terra MODIS,,061,061,c4ccc300a24833829b3c597a2e81bf0624efa9b6adb228f8159a5d5c6dc46e5b,modis,659b379c42ad9a9f7b0e5e0c463a59dc3fc88128838bfdcc0d77f127afc23faf,2023-08-04,2023-07-31,2023-07-28,MODIS/061/MOD09Q1/2023_07_28,2023_07_28,1690502400000,2023-08-04,2023-07-05,2023
AOI-01,18ae788e0cf1ef68015dfee09e2ef7a0a1af4676e0b5d436994b707dfe92dec3,MODIS/061/MOD09Q1,2023-08-05T00:00:00+00:00,final-source-scenes-r2-asset-verified,SUPPORT_INTERVAL_OUTSIDE_NOMINAL_WINDOW,b21c8cc7f3d4d35e1db4dfa1c8245ff10ba657c0a0a001992b552808766cc49b,RESTORE_SYSTEM_INDEX_FROM_EXACT_SYSTEM_ID,False,MODIS/061/MOD09Q1/2023_08_05,source-scenes-v1,2023-07-20,Terra MODIS,,061,061,c4ccc300a24833829b3c597a2e81bf0624efa9b6adb228f8159a5d5c6dc46e5b,modis,659b379c42ad9a9f7b0e5e0c463a59dc3fc88128838bfdcc0d77f127afc23faf,2023-08-12,2023-08-08,2023-08-05,MODIS/061/MOD09Q1/2023_08_05,2023_08_05,1691193600000,2023-08-04,2023-07-05,2023
AOI-01,18ae788e0cf1ef68015dfee09e2ef7a0a1af4676e0b5d436994b707dfe92dec3,MODIS/061/MOD09Q1,2023-08-13T00:00:00+00:00,final-source-scenes-r2-asset-verified,SUPPORT_INTERVAL_OUTSIDE_NOMINAL_WINDOW,b21c8cc7f3d4d35e1db4dfa1c8245ff10ba657c0a0a001992b552808766cc49b,RESTORE_SYSTEM_INDEX_FROM_EXACT_SYSTEM_ID,False,MODIS/061/MOD09Q1/2023_08_13,source-scenes-v1,2023-07-20,Terra MODIS,,061,061,c4ccc300a24833829b3c597a2e81bf0624efa9b6adb228f8159a5d5c6dc46e5b,modis,659b379c42ad9a9f7b0e5e0c463a59dc3fc88128838bfdcc0d77f127afc23faf,2023-08-20,2023-08-16,2023-08-13,MODIS/061/MOD09Q1/2023_08_13,2023_08_13,1691884800000,2023-08-04,2023-07-05,2023
AOI-01,18ae788e0cf1ef68015dfee09e2ef7a0a1af4676e0b5d436994b707dfe92dec3,MODIS/061/MOD09Q1,2023-08-21T00:00:00+00:00,final-source-scenes-r2-asset-verified,SUPPORT_INTERVAL_OUTSIDE_NOMINAL_WINDOW,b21c8cc7f3d4d35e1db4dfa1c8245ff10ba657c0a0a001992b552808766cc49b,RESTORE_SYSTEM_INDEX_FROM_EXACT_SYSTEM_ID,False,MODIS/061/MOD09Q1/2023_08_21,source-scenes-v1,2023-07-20,Terra MODIS,,061,061,c4ccc300a24833829b3c597a2e81bf0624efa9b6adb228f8159a5d5c6dc46e5b,modis,659b379c42ad9a9f7b0e5e0c463a59dc3fc88128838bfdcc0d77f127afc23faf,2023-08-28,2023-08-24,2023-08-21,MODIS/061/MOD09Q1/2023_08_21,2023_08_21,1692576000000,2023-08-04,2023-07-05,2023
AOI-01,18ae788e0cf1ef68015dfee09e2ef7a0a1af4676e0b5d436994b707dfe92dec3,MODIS/061/MOD09Q1,2023-07-04T00:00:00+00:00,final-source-scenes-r2-asset-verified,SUPPORT_INTERVAL_OUTSIDE_NOMINAL_WINDOW,b21c8cc7f3d4d35e1db4dfa1c8245ff10ba657c0a0a001992b552808766cc49b,RESTORE_SYSTEM_INDEX_FROM_EXACT_SYSTEM_ID,False,MODIS/061/MOD09Q1/2023_07_04,source-scenes-v1,2023-07-31,Terra MODIS,,061,061,9153774981db8d0e1ea5b35a47ed9a67f251dc47ac19d4ea8c7c0243ca1947a4,modis,6f85155d72eecc84d84e0eb13f936a5e3815bb8b317029a21cbdfab186041f1a,2023-07-11,2023-07-07,2023-07-04,MODIS/061/MOD09Q1/2023_07_04,2023_07_04,1688428800000,2023-08-15,2023-07-16,2023
AOI-01,18ae788e0cf1ef68015dfee09e2ef7a0a1af4676e0b5d436994b707dfe92dec3,MODIS/061/MOD09Q1,2023-07-12T00:00:00+00:00,final-source-scenes-r2-asset-verified,,b21c8cc7f3d4d35e1db4dfa1c8245ff10ba657c0a0a001992b552808766cc49b,RESTORE_SYSTEM_INDEX_FROM_EXACT_SYSTEM_ID,True,MODIS/061/MOD09Q1/2023_07_12,source-scenes-v1,2023-07-31,Terra MODIS,,061,061,9153774981db8d0e1ea5b35a47ed9a67f251dc47ac19d4ea8c7c0243ca1947a4,modis,6f85155d72eecc84d84e0eb13f936a5e3815bb8b317029a21cbdfab186041f1a,2023-07-19,2023-07-15,2023-07-12,MODIS/061/MOD09Q1/2023_07_12,2023_07_12,1689120000000,2023-08-15,2023-07-16,2023
AOI-01,18ae788e0cf1ef68015dfee09e2ef7a0a1af4676e0b5d436994b707dfe92dec3,MODIS/061/MOD09Q1,2023-07-20T00:00:00+00:00,final-source-scenes-r2-asset-verified,,b21c8cc7f3d4d35e1db4dfa1c8245ff10ba657c0a0a001992b552808766cc49b,RESTORE_SYSTEM_INDEX_FROM_EXACT_SYSTEM_ID,True,MODIS/061/MOD09Q1/2023_07_20,source-scenes-v1,2023-07-31,Terra MODIS,,061,061,9153774981db8d0e1ea5b35a47ed9a67f251dc47ac19d4ea8c7c0243ca1947a4,modis,6f85155d72eecc84d84e0eb13f936a5e3815bb8b317029a21cbdfab186041f1a,2023-07-27,2023-07-23,2023-07-20,MODIS/061/MOD09Q1/2023_07_20,2023_07_20,1689811200000,2023-08-15,2023-07-16,2023
AOI-01,18ae788e0cf1ef68015dfee09e2ef7a0a1af4676e0b5d436994b707dfe92dec3,MODIS/061/MOD09Q1,2023-07-28T00:00:00+00:00,final-source-scenes-r2-asset-verified,,b21c8cc7f3d4d35e1db4dfa1c8245ff10ba657c0a0a001992b552808766cc49b,RESTORE_SYSTEM_INDEX_FROM_EXACT_SYSTEM_ID,True,MODIS/061/MOD09Q1/2023_07_28,source-scenes-v1,2023-07-31,Terra MODIS,,061,061,9153774981db8d0e1ea5b35a47ed9a67f251dc47ac19d4ea8c7c0243ca1947a4,modis,6f85155d72eecc84d84e0eb13f936a5e3815bb8b317029a21cbdfab186041f1a,2023-08-04,2023-07-31,2023-07-28,MODIS/061/MOD09Q1/2023_07_28,2023_07_28,1690502400000,2023-08-15,2023-07-16,2023
AOI-01,18ae788e0cf1ef68015dfee09e2ef7a0a1af4676e0b5d436994b707dfe92dec3,MODIS/061/MOD09Q1,2023-08-05T00:00:00+00:00,final-source-scenes-r2-asset-verified,,b21c8cc7f3d4d35e1db4dfa1c8245ff10ba657c0a0a001992b552808766cc49b,RESTORE_SYSTEM_INDEX_FROM_EXACT_SYSTEM_ID,True,MODIS/061/MOD09Q1/2023_08_05,source-scenes-v1,2023-07-31,Terra MODIS,,061,061,9153774981db8d0e1ea5b35a47ed9a67f251dc47ac19d4ea8c7c0243ca1947a4,modis,6f85155d72eecc84d84e0eb13f936a5e3815bb8b317029a21cbdfab186041f1a,2023-08-12,2023-08-08,2023-08-05,MODIS/061/MOD09Q1/2023_08_05,2023_08_05,1691193600000,2023-08-15,2023-07-16,2023
AOI-01,18ae788e0cf1ef68015dfee09e2ef7a0a1af4676e0b5d436994b707dfe92dec3,MODIS/061/MOD09Q1,2023-08-13T00:00:00+00:00,final-source-scenes-r2-asset-verified,,b21c8cc7f3d4d35e1db4dfa1c8245ff10ba657c0a0a001992b552808766cc49b,RESTORE_SYSTEM_INDEX_FROM_EXACT_SYSTEM_ID,True,MODIS/061/MOD09Q1/2023_08_13,source-scenes-v1,2023-07-31,Terra MODIS,,061,061,9153774981db8d0e1ea5b35a47ed9a67f251dc47ac19d4ea8c7c0243ca1947a4,modis,6f85155d72eecc84d84e0eb13f936a5e3815bb8b317029a21cbdfab186041f1a,2023-08-20,2023-08-16,2023-08-13,MODIS/061/MOD09Q1/2023_08_13,2023_08_13,1691884800000,2023-08-15,2023-07-16,2023
AOI-01,18ae788e0cf1ef68015dfee09e2ef7a0a1af4676e0b5d436994b707dfe92dec3,MODIS/061/MOD09Q1,2023-08-21T00:00:00+00:00,final-source-scenes-r2-asset-verified,SUPPORT_INTERVAL_OUTSIDE_NOMINAL_WINDOW,b21c8cc7f3d4d35e1db4dfa1c8245ff10ba657c0a0a001992b552808766cc49b,RESTORE_SYSTEM_INDEX_FROM_EXACT_SYSTEM_ID,False,MODIS/061/MOD09Q1/2023_08_21,source-scenes-v1,2023-07-31,Terra MODIS,,061,061,9153774981db8d0e1ea5b35a47ed9a67f251dc47ac19d4ea8c7c0243ca1947a4,modis,6f85155d72eecc84d84e0eb13f936a5e3815bb8b317029a21cbdfab186041f1a,2023-08-28,2023-08-24,2023-08-21,MODIS/061/MOD09Q1/2023_08_21,2023_08_21,1692576000000,2023-08-15,2023-07-16,2023
AOI-01,18ae788e0cf1ef68015dfee09e2ef7a0a1af4676e0b5d436994b707dfe92dec3,MODIS/061/MOD09Q1,2023-07-04T00:00:00+00:00,final-source-scenes-r2-asset-verified,SUPPORT_INTERVAL_OUTSIDE_NOMINAL_WINDOW,b21c8cc7f3d4d35e1db4dfa1c8245ff10ba657c0a0a001992b552808766cc49b,RESTORE_SYSTEM_INDEX_FROM_EXACT_SYSTEM_ID,False,MODIS/061/MOD09Q1/2023_07_04,source-scenes-v1,2023-08-10,Terra MODIS,,061,061,7afd3ec7abaef8cb6e69f58b6bc78b4d9f02413a39a8dd85f2ffd437e9214475,modis,c851fad890ae6c0ae87984197bdf2152d4e4e940a105f331d786206c29799a97,2023-07-11,2023-07-07,2023-07-04,MODIS/061/MOD09Q1/2023_07_04,2023_07_04,1688428800000,2023-08-25,2023-07-26,2023
AOI-01,18ae788e0cf1ef68015dfee09e2ef7a0a1af4676e0b5d436994b707dfe92dec3,MODIS/061/MOD09Q1,2023-07-12T00:00:00+00:00,final-source-scenes-r2-asset-verified,SUPPORT_INTERVAL_OUTSIDE_NOMINAL_WINDOW,b21c8cc7f3d4d35e1db4dfa1c8245ff10ba657c0a0a001992b552808766cc49b,RESTORE_SYSTEM_INDEX_FROM_EXACT_SYSTEM_ID,False,MODIS/061/MOD09Q1/2023_07_12,source-scenes-v1,2023-08-10,Terra MODIS,,061,061,7afd3ec7abaef8cb6e69f58b6bc78b4d9f02413a39a8dd85f2ffd437e9214475,modis,c851fad890ae6c0ae87984197bdf2152d4e4e940a105f331d786206c29799a97,2023-07-19,2023-07-15,2023-07-12,MODIS/061/MOD09Q1/2023_07_12,2023_07_12,1689120000000,2023-08-25,2023-07-26,2023
AOI-01,18ae788e0cf1ef68015dfee09e2ef7a0a1af4676e0b5d436994b707dfe92dec3,MODIS/061/MOD09Q1,2023-07-20T00:00:00+00:00,final-source-scenes-r2-asset-verified,,b21c8cc7f3d4d35e1db4dfa1c8245ff10ba657c0a0a001992b552808766cc49b,RESTORE_SYSTEM_INDEX_FROM_EXACT_SYSTEM_ID,True,MODIS/061/MOD09Q1/2023_07_20,source-scenes-v1,2023-08-10,Terra MODIS,,061,061,7afd3ec7abaef8cb6e69f58b6bc78b4d9f02413a39a8dd85f2ffd437e9214475,modis,c851fad890ae6c0ae87984197bdf2152d4e4e940a105f331d786206c29799a97,2023-07-27,2023-07-23,2023-07-20,MODIS/061/MOD09Q1/2023_07_20,2023_07_20,1689811200000,2023-08-25,2023-07-26,2023
AOI-01,18ae788e0cf1ef68015dfee09e2ef7a0a1af4676e0b5d436994b707dfe92dec3,MODIS/061/MOD09Q1,2023-07-28T00:00:00+00:00,final-source-scenes-r2-asset-verified,,b21c8cc7f3d4d35e1db4dfa1c8245ff10ba657c0a0a001992b552808766cc49b,RESTORE_SYSTEM_INDEX_FROM_EXACT_SYSTEM_ID,True,MODIS/061/MOD09Q1/2023_07_28,source-scenes-v1,2023-08-10,Terra MODIS,,061,061,7afd3ec7abaef8cb6e69f58b6bc78b4d9f02413a39a8dd85f2ffd437e9214475,modis,c851fad890ae6c0ae87984197bdf2152d4e4e940a105f331d786206c29799a97,2023-08-04,2023-07-31,2023-07-28,MODIS/061/MOD09Q1/2023_07_28,2023_07_28,1690502400000,2023-08-25,2023-07-26,2023
AOI-01,18ae788e0cf1ef68015dfee09e2ef7a0a1af4676e0b5d436994b707dfe92dec3,MODIS/061/MOD09Q1,2023-08-05T00:00:00+00:00,final-source-scenes-r2-asset-verified,,b21c8cc7f3d4d35e1db4dfa1c8245ff10ba657c0a0a001992b552808766cc49b,RESTORE_SYSTEM_INDEX_FROM_EXACT_SYSTEM_ID,True,MODIS/061/MOD09Q1/2023_08_05,source-scenes-v1,2023-08-10,Terra MODIS,,061,061,7afd3ec7abaef8cb6e69f58b6bc78b4d9f02413a39a8dd85f2ffd437e9214475,modis,c851fad890ae6c0ae87984197bdf2152d4e4e940a105f331d786206c29799a97,2023-08-12,2023-08-08,2023-08-05,MODIS/061/MOD09Q1/2023_08_05,2023_08_05,1691193600000,2023-08-25,2023-07-26,2023
AOI-01,18ae788e0cf1ef68015dfee09e2ef7a0a1af4676e0b5d436994b707dfe92dec3,MODIS/061/MOD09Q1,2023-08-13T00:00:00+00:00,final-source-scenes-r2-asset-verified,,b21c8cc7f3d4d35e1db4dfa1c8245ff10ba657c0a0a001992b552808766cc49b,RESTORE_SYSTEM_INDEX_FROM_EXACT_SYSTEM_ID,True,MODIS/061/MOD09Q1/2023_08_13,source-scenes-v1,2023-08-10,Terra MODIS,,061,061,7afd3ec7abaef8cb6e69f58b6bc78b4d9f02413a39a8dd85f2ffd437e9214475,modis,c851fad890ae6c0ae87984197bdf2152d4e4e940a105f331d786206c29799a97,2023-08-20,2023-08-16,2023-08-13,MODIS/061/MOD09Q1/2023_08_13,2023_08_13,1691884800000,2023-08-25,2023-07-26,2023
AOI-01,18ae788e0cf1ef68015dfee09e2ef7a0a1af4676e0b5d436994b707dfe92dec3,MODIS/061/MOD09Q1,2023-08-21T00:00:00+00:00,final-source-scenes-r2-asset-verified,,b21c8cc7f3d4d35e1db4dfa1c8245ff10ba657c0a0a001992b552808766cc49b,RESTORE_SYSTEM_INDEX_FROM_EXACT_SYSTEM_ID,True,MODIS/061/MOD09Q1/2023_08_21,source-scenes-v1,2023-08-10,Terra MODIS,,061,061,7afd3ec7abaef8cb6e69f58b6bc78b4d9f02413a39a8dd85f2ffd437e9214475,modis,c851fad890ae6c0ae87984197bdf2152d4e4e940a105f331d786206c29799a97,2023-08-28,2023-08-24,2023-08-21,MODIS/061/MOD09Q1/2023_08_21,2023_08_21,1692576000000,2023-08-25,2023-07-26,2023
AOI-01,18ae788e0cf1ef68015dfee09e2ef7a0a1af4676e0b5d436994b707dfe92dec3,MODIS/061/MOD09Q1,2024-07-03T00:00:00+00:00,final-source-scenes-r2-asset-verified,,b21c8cc7f3d4d35e1db4dfa1c8245ff10ba657c0a0a001992b552808766cc49b,RESTORE_SYSTEM_INDEX_FROM_EXACT_SYSTEM_ID,True,MODIS/061/MOD09Q1/2024_07_03,source-scenes-v1,2024-07-20,Terra MODIS,,061,061,3e683b44ea97291c6cd69bb2fe38a72356d315642e34f186fdeabe658932ac06,modis,754ab2a0c0ff17c2a80fda8a9c5253c0fd743f5821b169e30133b03566b52257,2024-07-10,2024-07-06,2024-07-03,MODIS/061/MOD09Q1/2024_07_03,2024_07_03,1719964800000,2024-08-04,2024-07-05,2024
AOI-01,18ae788e0cf1ef68015dfee09e2ef7a0a1af4676e0b5d436994b707dfe92dec3,MODIS/061/MOD09Q1,2024-07-11T00:00:00+00:00,final-source-scenes-r2-asset-verified,,b21c8cc7f3d4d35e1db4dfa1c8245ff10ba657c0a0a001992b552808766cc49b,RESTORE_SYSTEM_INDEX_FROM_EXACT_SYSTEM_ID,True,MODIS/061/MOD09Q1/2024_07_11,source-scenes-v1,2024-07-20,Terra MODIS,,061,061,3e683b44ea97291c6cd69bb2fe38a72356d315642e34f186fdeabe658932ac06,modis,754ab2a0c0ff17c2a80fda8a9c5253c0fd743f5821b169e30133b03566b52257,2024-07-18,2024-07-14,2024-07-11,MODIS/061/MOD09Q1/2024_07_11,2024_07_11,1720656000000,2024-08-04,2024-07-05,2024
AOI-01,18ae788e0cf1ef68015dfee09e2ef7a0a1af4676e0b5d436994b707dfe92dec3,MODIS/061/MOD09Q1,2024-07-19T00:00:00+00:00,final-source-scenes-r2-asset-verified,,b21c8cc7f3d4d35e1db4dfa1c8245ff10ba657c0a0a001992b552808766cc49b,RESTORE_SYSTEM_INDEX_FROM_EXACT_SYSTEM_ID,True,MODIS/061/MOD09Q1/2024_07_19,source-scenes-v1,2024-07-20,Terra MODIS,,061,061,3e683b44ea97291c6cd69bb2fe38a72356d315642e34f186fdeabe658932ac06,modis,754ab2a0c0ff17c2a80fda8a9c5253c0fd743f5821b169e30133b03566b52257,2024-07-26,2024-07-22,2024-07-19,MODIS/061/MOD09Q1/2024_07_19,2024_07_19,1721347200000,2024-08-04,2024-07-05,2024
AOI-01,18ae788e0cf1ef68015dfee09e2ef7a0a1af4676e0b5d436994b707dfe92dec3,MODIS/061/MOD09Q1,2024-07-27T00:00:00+00:00,final-source-scenes-r2-asset-verified,,b21c8cc7f3d4d35e1db4dfa1c8245ff10ba657c0a0a001992b552808766cc49b,RESTORE_SYSTEM_INDEX_FROM_EXACT_SYSTEM_ID,True,MODIS/061/MOD09Q1/2024_07_27,source-scenes-v1,2024-07-20,Terra MODIS,,061,061,3e683b44ea97291c6cd69bb2fe38a72356d315642e34f186fdeabe658932ac06,modis,754ab2a0c0ff17c2a80fda8a9c5253c0fd743f5821b169e30133b03566b52257,2024-08-03,2024-07-30,2024-07-27,MODIS/061/MOD09Q1/2024_07_27,2024_07_27,1722038400000,2024-08-04,2024-07-05,2024
AOI-01,18ae788e0cf1ef68015dfee09e2ef7a0a1af4676e0b5d436994b707dfe92dec3,MODIS/061/MOD09Q1,2024-08-04T00:00:00+00:00,final-source-scenes-r2-asset-verified,,b21c8cc7f3d4d35e1db4dfa1c8245ff10ba657c0a0a001992b552808766cc49b,RESTORE_SYSTEM_INDEX_FROM_EXACT_SYSTEM_ID,True,MODIS/061/MOD09Q1/2024_08_04,source-scenes-v1,2024-07-20,Terra MODIS,,061,061,3e683b44ea97291c6cd69bb2fe38a72356d315642e34f186fdeabe658932ac06,modis,754ab2a0c0ff17c2a80fda8a9c5253c0fd743f5821b169e30133b03566b52257,2024-08-11,2024-08-07,2024-08-04,MODIS/061/MOD09Q1/2024_08_04,2024_08_04,1722729600000,2024-08-04,2024-07-05,2024
AOI-01,18ae788e0cf1ef68015dfee09e2ef7a0a1af4676e0b5d436994b707dfe92dec3,MODIS/061/MOD09Q1,2024-08-12T00:00:00+00:00,final-source-scenes-r2-asset-verified,SUPPORT_INTERVAL_OUTSIDE_NOMINAL_WINDOW,b21c8cc7f3d4d35e1db4dfa1c8245ff10ba657c0a0a001992b552808766cc49b,RESTORE_SYSTEM_INDEX_FROM_EXACT_SYSTEM_ID,False,MODIS/061/MOD09Q1/2024_08_12,source-scenes-v1,2024-07-20,Terra MODIS,,061,061,3e683b44ea97291c6cd69bb2fe38a72356d315642e34f186fdeabe658932ac06,modis,754ab2a0c0ff17c2a80fda8a9c5253c0fd743f5821b169e30133b03566b52257,2024-08-19,2024-08-15,2024-08-12,MODIS/061/MOD09Q1/2024_08_12,2024_08_12,1723420800000,2024-08-04,2024-07-05,2024
AOI-01,18ae788e0cf1ef68015dfee09e2ef7a0a1af4676e0b5d436994b707dfe92dec3,MODIS/061/MOD09Q1,2024-08-20T00:00:00+00:00,final-source-scenes-r2-asset-verified,SUPPORT_INTERVAL_OUTSIDE_NOMINAL_WINDOW,b21c8cc7f3d4d35e1db4dfa1c8245ff10ba657c0a0a001992b552808766cc49b,RESTORE_SYSTEM_INDEX_FROM_EXACT_SYSTEM_ID,False,MODIS/061/MOD09Q1/2024_08_20,source-scenes-v1,2024-07-20,Terra MODIS,,061,061,3e683b44ea97291c6cd69bb2fe38a72356d315642e34f186fdeabe658932ac06,modis,754ab2a0c0ff17c2a80fda8a9c5253c0fd743f5821b169e30133b03566b52257,2024-08-27,2024-08-23,2024-08-20,MODIS/061/MOD09Q1/2024_08_20,2024_08_20,1724112000000,2024-08-04,2024-07-05,2024
AOI-01,18ae788e0cf1ef68015dfee09e2ef7a0a1af4676e0b5d436994b707dfe92dec3,MODIS/061/MOD09Q1,2024-07-03T00:00:00+00:00,final-source-scenes-r2-asset-verified,SUPPORT_INTERVAL_OUTSIDE_NOMINAL_WINDOW,b21c8cc7f3d4d35e1db4dfa1c8245ff10ba657c0a0a001992b552808766cc49b,RESTORE_SYSTEM_INDEX_FROM_EXACT_SYSTEM_ID,False,MODIS/061/MOD09Q1/2024_07_03,source-scenes-v1,2024-07-31,Terra MODIS,,061,061,c230de777759edb6854a584c15f6ede0ad78b0d5ae67756e212704933bf4bbb1,modis,d3b8c6ab1490bb8a21a069a53939fa2c96bc00155ae1654432e1852254153426,2024-07-10,2024-07-06,2024-07-03,MODIS/061/MOD09Q1/2024_07_03,2024_07_03,1719964800000,2024-08-15,2024-07-16,2024
AOI-01,18ae788e0cf1ef68015dfee09e2ef7a0a1af4676e0b5d436994b707dfe92dec3,MODIS/061/MOD09Q1,2024-07-11T00:00:00+00:00,final-source-scenes-r2-asset-verified,,b21c8cc7f3d4d35e1db4dfa1c8245ff10ba657c0a0a001992b552808766cc49b,RESTORE_SYSTEM_INDEX_FROM_EXACT_SYSTEM_ID,True,MODIS/061/MOD09Q1/2024_07_11,source-scenes-v1,2024-07-31,Terra MODIS,,061,061,c230de777759edb6854a584c15f6ede0ad78b0d5ae67756e212704933bf4bbb1,modis,d3b8c6ab1490bb8a21a069a53939fa2c96bc00155ae1654432e1852254153426,2024-07-18,2024-07-14,2024-07-11,MODIS/061/MOD09Q1/2024_07_11,2024_07_11,1720656000000,2024-08-15,2024-07-16,2024
AOI-01,18ae788e0cf1ef68015dfee09e2ef7a0a1af4676e0b5d436994b707dfe92dec3,MODIS/061/MOD09Q1,2024-07-19T00:00:00+00:00,final-source-scenes-r2-asset-verified,,b21c8cc7f3d4d35e1db4dfa1c8245ff10ba657c0a0a001992b552808766cc49b,RESTORE_SYSTEM_INDEX_FROM_EXACT_SYSTEM_ID,True,MODIS/061/MOD09Q1/2024_07_19,source-scenes-v1,2024-07-31,Terra MODIS,,061,061,c230de777759edb6854a584c15f6ede0ad78b0d5ae67756e212704933bf4bbb1,modis,d3b8c6ab1490bb8a21a069a53939fa2c96bc00155ae1654432e1852254153426,2024-07-26,2024-07-22,2024-07-19,MODIS/061/MOD09Q1/2024_07_19,2024_07_19,1721347200000,2024-08-15,2024-07-16,2024
AOI-01,18ae788e0cf1ef68015dfee09e2ef7a0a1af4676e0b5d436994b707dfe92dec3,MODIS/061/MOD09Q1,2024-07-27T00:00:00+00:00,final-source-scenes-r2-asset-verified,,b21c8cc7f3d4d35e1db4dfa1c8245ff10ba657c0a0a001992b552808766cc49b,RESTORE_SYSTEM_INDEX_FROM_EXACT_SYSTEM_ID,True,MODIS/061/MOD09Q1/2024_07_27,source-scenes-v1,2024-07-31,Terra MODIS,,061,061,c230de777759edb6854a584c15f6ede0ad78b0d5ae67756e212704933bf4bbb1,modis,d3b8c6ab1490bb8a21a069a53939fa2c96bc00155ae1654432e1852254153426,2024-08-03,2024-07-30,2024-07-27,MODIS/061/MOD09Q1/2024_07_27,2024_07_27,1722038400000,2024-08-15,2024-07-16,2024
AOI-01,18ae788e0cf1ef68015dfee09e2ef7a0a1af4676e0b5d436994b707dfe92dec3,MODIS/061/MOD09Q1,2024-08-04T00:00:00+00:00,final-source-scenes-r2-asset-verified,,b21c8cc7f3d4d35e1db4dfa1c8245ff10ba657c0a0a001992b552808766cc49b,RESTORE_SYSTEM_INDEX_FROM_EXACT_SYSTEM_ID,True,MODIS/061/MOD09Q1/2024_08_04,source-scenes-v1,2024-07-31,Terra MODIS,,061,061,c230de777759edb6854a584c15f6ede0ad78b0d5ae67756e212704933bf4bbb1,modis,d3b8c6ab1490bb8a21a069a53939fa2c96bc00155ae1654432e1852254153426,2024-08-11,2024-08-07,2024-08-04,MODIS/061/MOD09Q1/2024_08_04,2024_08_04,1722729600000,2024-08-15,2024-07-16,2024
AOI-01,18ae788e0cf1ef68015dfee09e2ef7a0a1af4676e0b5d436994b707dfe92dec3,MODIS/061/MOD09Q1,2024-08-12T00:00:00+00:00,final-source-scenes-r2-asset-verified,,b21c8cc7f3d4d35e1db4dfa1c8245ff10ba657c0a0a001992b552808766cc49b,RESTORE_SYSTEM_INDEX_FROM_EXACT_SYSTEM_ID,True,MODIS/061/MOD09Q1/2024_08_12,source-scenes-v1,2024-07-31,Terra MODIS,,061,061,c230de777759edb6854a584c15f6ede0ad78b0d5ae67756e212704933bf4bbb1,modis,d3b8c6ab1490bb8a21a069a53939fa2c96bc00155ae1654432e1852254153426,2024-08-19,2024-08-15,2024-08-12,MODIS/061/MOD09Q1/2024_08_12,2024_08_12,1723420800000,2024-08-15,2024-07-16,2024
AOI-01,18ae788e0cf1ef68015dfee09e2ef7a0a1af4676e0b5d436994b707dfe92dec3,MODIS/061/MOD09Q1,2024-08-20T00:00:00+00:00,final-source-scenes-r2-asset-verified,SUPPORT_INTERVAL_OUTSIDE_NOMINAL_WINDOW,b21c8cc7f3d4d35e1db4dfa1c8245ff10ba657c0a0a001992b552808766cc49b,RESTORE_SYSTEM_INDEX_FROM_EXACT_SYSTEM_ID,False,MODIS/061/MOD09Q1/2024_08_20,source-scenes-v1,2024-07-31,Terra MODIS,,061,061,c230de777759edb6854a584c15f6ede0ad78b0d5ae67756e212704933bf4bbb1,modis,d3b8c6ab1490bb8a21a069a53939fa2c96bc00155ae1654432e1852254153426,2024-08-27,2024-08-23,2024-08-20,MODIS/061/MOD09Q1/2024_08_20,2024_08_20,1724112000000,2024-08-15,2024-07-16,2024
AOI-01,18ae788e0cf1ef68015dfee09e2ef7a0a1af4676e0b5d436994b707dfe92dec3,MODIS/061/MOD09Q1,2024-07-03T00:00:00+00:00,final-source-scenes-r2-asset-verified,SUPPORT_INTERVAL_OUTSIDE_NOMINAL_WINDOW,b21c8cc7f3d4d35e1db4dfa1c8245ff10ba657c0a0a001992b552808766cc49b,RESTORE_SYSTEM_INDEX_FROM_EXACT_SYSTEM_ID,False,MODIS/061/MOD09Q1/2024_07_03,source-scenes-v1,2024-08-10,Terra MODIS,,061,061,77172deff9fea9c9ad195db6714332118330880b934cb76e9cad7404da514599,modis,c031f9e34b9a557768b5b7e12d2d8e75c3e08e1d46778628c2d92638887b66d3,2024-07-10,2024-07-06,2024-07-03,MODIS/061/MOD09Q1/2024_07_03,2024_07_03,1719964800000,2024-08-25,2024-07-26,2024
AOI-01,18ae788e0cf1ef68015dfee09e2ef7a0a1af4676e0b5d436994b707dfe92dec3,MODIS/061/MOD09Q1,2024-07-11T00:00:00+00:00,final-source-scenes-r2-asset-verified,SUPPORT_INTERVAL_OUTSIDE_NOMINAL_WINDOW,b21c8cc7f3d4d35e1db4dfa1c8245ff10ba657c0a0a001992b552808766cc49b,RESTORE_SYSTEM_INDEX_FROM_EXACT_SYSTEM_ID,False,MODIS/061/MOD09Q1/2024_07_11,source-scenes-v1,2024-08-10,Terra MODIS,,061,061,77172deff9fea9c9ad195db6714332118330880b934cb76e9cad7404da514599,modis,c031f9e34b9a557768b5b7e12d2d8e75c3e08e1d46778628c2d92638887b66d3,2024-07-18,2024-07-14,2024-07-11,MODIS/061/MOD09Q1/2024_07_11,2024_07_11,1720656000000,2024-08-25,2024-07-26,2024
AOI-01,18ae788e0cf1ef68015dfee09e2ef7a0a1af4676e0b5d436994b707dfe92dec3,MODIS/061/MOD09Q1,2024-07-19T00:00:00+00:00,final-source-scenes-r2-asset-verified,,b21c8cc7f3d4d35e1db4dfa1c8245ff10ba657c0a0a001992b552808766cc49b,RESTORE_SYSTEM_INDEX_FROM_EXACT_SYSTEM_ID,True,MODIS/061/MOD09Q1/2024_07_19,source-scenes-v1,2024-08-10,Terra MODIS,,061,061,77172deff9fea9c9ad195db6714332118330880b934cb76e9cad7404da514599,modis,c031f9e34b9a557768b5b7e12d2d8e75c3e08e1d46778628c2d92638887b66d3,2024-07-26,2024-07-22,2024-07-19,MODIS/061/MOD09Q1/2024_07_19,2024_07_19,1721347200000,2024-08-25,2024-07-26,2024
AOI-01,18ae788e0cf1ef68015dfee09e2ef7a0a1af4676e0b5d436994b707dfe92dec3,MODIS/061/MOD09Q1,2024-07-27T00:00:00+00:00,final-source-scenes-r2-asset-verified,,b21c8cc7f3d4d35e1db4dfa1c8245ff10ba657c0a0a001992b552808766cc49b,RESTORE_SYSTEM_INDEX_FROM_EXACT_SYSTEM_ID,True,MODIS/061/MOD09Q1/2024_07_27,source-scenes-v1,2024-08-10,Terra MODIS,,061,061,77172deff9fea9c9ad195db6714332118330880b934cb76e9cad7404da514599,modis,c031f9e34b9a557768b5b7e12d2d8e75c3e08e1d46778628c2d92638887b66d3,2024-08-03,2024-07-30,2024-07-27,MODIS/061/MOD09Q1/2024_07_27,2024_07_27,1722038400000,2024-08-25,2024-07-26,2024
AOI-01,18ae788e0cf1ef68015dfee09e2ef7a0a1af4676e0b5d436994b707dfe92dec3,MODIS/061/MOD09Q1,2024-08-04T00:00:00+00:00,final-source-scenes-r2-asset-verified,,b21c8cc7f3d4d35e1db4dfa1c8245ff10ba657c0a0a001992b552808766cc49b,RESTORE_SYSTEM_INDEX_FROM_EXACT_SYSTEM_ID,True,MODIS/061/MOD09Q1/2024_08_04,source-scenes-v1,2024-08-10,Terra MODIS,,061,061,77172deff9fea9c9ad195db6714332118330880b934cb76e9cad7404da514599,modis,c031f9e34b9a557768b5b7e12d2d8e75c3e08e1d46778628c2d92638887b66d3,2024-08-11,2024-08-07,2024-08-04,MODIS/061/MOD09Q1/2024_08_04,2024_08_04,1722729600000,2024-08-25,2024-07-26,2024
AOI-01,18ae788e0cf1ef68015dfee09e2ef7a0a1af4676e0b5d436994b707dfe92dec3,MODIS/061/MOD09Q1,2024-08-12T00:00:00+00:00,final-source-scenes-r2-asset-verified,,b21c8cc7f3d4d35e1db4dfa1c8245ff10ba657c0a0a001992b552808766cc49b,RESTORE_SYSTEM_INDEX_FROM_EXACT_SYSTEM_ID,True,MODIS/061/MOD09Q1/2024_08_12,source-scenes-v1,2024-08-10,Terra MODIS,,061,061,77172deff9fea9c9ad195db6714332118330880b934cb76e9cad7404da514599,modis,c031f9e34b9a557768b5b7e12d2d8e75c3e08e1d46778628c2d92638887b66d3,2024-08-19,2024-08-15,2024-08-12,MODIS/061/MOD09Q1/2024_08_12,2024_08_12,1723420800000,2024-08-25,2024-07-26,2024
AOI-01,18ae788e0cf1ef68015dfee09e2ef7a0a1af4676e0b5d436994b707dfe92dec3,MODIS/061/MOD09Q1,2024-08-20T00:00:00+00:00,final-source-scenes-r2-asset-verified,,b21c8cc7f3d4d35e1db4dfa1c8245ff10ba657c0a0a001992b552808766cc49b,RESTORE_SYSTEM_INDEX_FROM_EXACT_SYSTEM_ID,True,MODIS/061/MOD09Q1/2024_08_20,source-scenes-v1,2024-08-10,Terra MODIS,,061,061,77172deff9fea9c9ad195db6714332118330880b934cb76e9cad7404da514599,modis,c031f9e34b9a557768b5b7e12d2d8e75c3e08e1d46778628c2d92638887b66d3,2024-08-27,2024-08-23,2024-08-20,MODIS/061/MOD09Q1/2024_08_20,2024_08_20,1724112000000,2024-08-25,2024-07-26,2024
AOI-01,18ae788e0cf1ef68015dfee09e2ef7a0a1af4676e0b5d436994b707dfe92dec3,MODIS/061/MOD09Q1,2025-07-04T00:00:00+00:00,final-source-scenes-r2-asset-verified,,b21c8cc7f3d4d35e1db4dfa1c8245ff10ba657c0a0a001992b552808766cc49b,RESTORE_SYSTEM_INDEX_FROM_EXACT_SYSTEM_ID,True,MODIS/061/MOD09Q1/2025_07_04,source-scenes-v1,2025-07-20,Terra MODIS,,061,061,c9b0b4c8f3f5c4702b2f79d0212812464a2427c9e5ef5a09a090a4643ac34dcb,modis,3b7b9ca457433714072adb155d5c74ef9e1d935f801fd96970f79fdbcd0aa5c9,2025-07-11,2025-07-07,2025-07-04,MODIS/061/MOD09Q1/2025_07_04,2025_07_04,1751587200000,2025-08-04,2025-07-05,2025
AOI-01,18ae788e0cf1ef68015dfee09e2ef7a0a1af4676e0b5d436994b707dfe92dec3,MODIS/061/MOD09Q1,2025-07-12T00:00:00+00:00,final-source-scenes-r2-asset-verified,,b21c8cc7f3d4d35e1db4dfa1c8245ff10ba657c0a0a001992b552808766cc49b,RESTORE_SYSTEM_INDEX_FROM_EXACT_SYSTEM_ID,True,MODIS/061/MOD09Q1/2025_07_12,source-scenes-v1,2025-07-20,Terra MODIS,,061,061,c9b0b4c8f3f5c4702b2f79d0212812464a2427c9e5ef5a09a090a4643ac34dcb,modis,3b7b9ca457433714072adb155d5c74ef9e1d935f801fd96970f79fdbcd0aa5c9,2025-07-19,2025-07-15,2025-07-12,MODIS/061/MOD09Q1/2025_07_12,2025_07_12,1752278400000,2025-08-04,2025-07-05,2025
AOI-01,18ae788e0cf1ef68015dfee09e2ef7a0a1af4676e0b5d436994b707dfe92dec3,MODIS/061/MOD09Q1,2025-07-20T00:00:00+00:00,final-source-scenes-r2-asset-verified,,b21c8cc7f3d4d35e1db4dfa1c8245ff10ba657c0a0a001992b552808766cc49b,RESTORE_SYSTEM_INDEX_FROM_EXACT_SYSTEM_ID,True,MODIS/061/MOD09Q1/2025_07_20,source-scenes-v1,2025-07-20,Terra MODIS,,061,061,c9b0b4c8f3f5c4702b2f79d0212812464a2427c9e5ef5a09a090a4643ac34dcb,modis,3b7b9ca457433714072adb155d5c74ef9e1d935f801fd96970f79fdbcd0aa5c9,2025-07-27,2025-07-23,2025-07-20,MODIS/061/MOD09Q1/2025_07_20,2025_07_20,1752969600000,2025-08-04,2025-07-05,2025
AOI-01,18ae788e0cf1ef68015dfee09e2ef7a0a1af4676e0b5d436994b707dfe92dec3,MODIS/061/MOD09Q1,2025-07-28T00:00:00+00:00,final-source-scenes-r2-asset-verified,,b21c8cc7f3d4d35e1db4dfa1c8245ff10ba657c0a0a001992b552808766cc49b,RESTORE_SYSTEM_INDEX_FROM_EXACT_SYSTEM_ID,True,MODIS/061/MOD09Q1/2025_07_28,source-scenes-v1,2025-07-20,Terra MODIS,,061,061,c9b0b4c8f3f5c4702b2f79d0212812464a2427c9e5ef5a09a090a4643ac34dcb,modis,3b7b9ca457433714072adb155d5c74ef9e1d935f801fd96970f79fdbcd0aa5c9,2025-08-04,2025-07-31,2025-07-28,MODIS/061/MOD09Q1/2025_07_28,2025_07_28,1753660800000,2025-08-04,2025-07-05,2025
AOI-01,18ae788e0cf1ef68015dfee09e2ef7a0a1af4676e0b5d436994b707dfe92dec3,MODIS/061/MOD09Q1,2025-08-05T00:00:00+00:00,final-source-scenes-r2-asset-verified,SUPPORT_INTERVAL_OUTSIDE_NOMINAL_WINDOW,b21c8cc7f3d4d35e1db4dfa1c8245ff10ba657c0a0a001992b552808766cc49b,RESTORE_SYSTEM_INDEX_FROM_EXACT_SYSTEM_ID,False,MODIS/061/MOD09Q1/2025_08_05,source-scenes-v1,2025-07-20,Terra MODIS,,061,061,c9b0b4c8f3f5c4702b2f79d0212812464a2427c9e5ef5a09a090a4643ac34dcb,modis,3b7b9ca457433714072adb155d5c74ef9e1d935f801fd96970f79fdbcd0aa5c9,2025-08-12,2025-08-08,2025-08-05,MODIS/061/MOD09Q1/2025_08_05,2025_08_05,1754352000000,2025-08-04,2025-07-05,2025
AOI-01,18ae788e0cf1ef68015dfee09e2ef7a0a1af4676e0b5d436994b707dfe92dec3,MODIS/061/MOD09Q1,2025-08-13T00:00:00+00:00,final-source-scenes-r2-asset-verified,SUPPORT_INTERVAL_OUTSIDE_NOMINAL_WINDOW,b21c8cc7f3d4d35e1db4dfa1c8245ff10ba657c0a0a001992b552808766cc49b,RESTORE_SYSTEM_INDEX_FROM_EXACT_SYSTEM_ID,False,MODIS/061/MOD09Q1/2025_08_13,source-scenes-v1,2025-07-20,Terra MODIS,,061,061,c9b0b4c8f3f5c4702b2f79d0212812464a2427c9e5ef5a09a090a4643ac34dcb,modis,3b7b9ca457433714072adb155d5c74ef9e1d935f801fd96970f79fdbcd0aa5c9,2025-08-20,2025-08-16,2025-08-13,MODIS/061/MOD09Q1/2025_08_13,2025_08_13,1755043200000,2025-08-04,2025-07-05,2025
AOI-01,18ae788e0cf1ef68015dfee09e2ef7a0a1af4676e0b5d436994b707dfe92dec3,MODIS/061/MOD09Q1,2025-08-21T00:00:00+00:00,final-source-scenes-r2-asset-verified,SUPPORT_INTERVAL_OUTSIDE_NOMINAL_WINDOW,b21c8cc7f3d4d35e1db4dfa1c8245ff10ba657c0a0a001992b552808766cc49b,RESTORE_SYSTEM_INDEX_FROM_EXACT_SYSTEM_ID,False,MODIS/061/MOD09Q1/2025_08_21,source-scenes-v1,2025-07-20,Terra MODIS,,061,061,c9b0b4c8f3f5c4702b2f79d0212812464a2427c9e5ef5a09a090a4643ac34dcb,modis,3b7b9ca457433714072adb155d5c74ef9e1d935f801fd96970f79fdbcd0aa5c9,2025-08-28,2025-08-24,2025-08-21,MODIS/061/MOD09Q1/2025_08_21,2025_08_21,1755734400000,2025-08-04,2025-07-05,2025
AOI-01,18ae788e0cf1ef68015dfee09e2ef7a0a1af4676e0b5d436994b707dfe92dec3,MODIS/061/MOD09Q1,2025-07-04T00:00:00+00:00,final-source-scenes-r2-asset-verified,SUPPORT_INTERVAL_OUTSIDE_NOMINAL_WINDOW,b21c8cc7f3d4d35e1db4dfa1c8245ff10ba657c0a0a001992b552808766cc49b,RESTORE_SYSTEM_INDEX_FROM_EXACT_SYSTEM_ID,False,MODIS/061/MOD09Q1/2025_07_04,source-scenes-v1,2025-07-31,Terra MODIS,,061,061,959b6c64b9d09132cd30ebbf8e0f8886b47adeb8c061c291a64ee7e2f76b988d,modis,5e59be106fa1a1bb4b36a0b6008ee865a6eec9995d36c9bb2dfb8cea9940b481,2025-07-11,2025-07-07,2025-07-04,MODIS/061/MOD09Q1/2025_07_04,2025_07_04,1751587200000,2025-08-15,2025-07-16,2025
AOI-01,18ae788e0cf1ef68015dfee09e2ef7a0a1af4676e0b5d436994b707dfe92dec3,MODIS/061/MOD09Q1,2025-07-12T00:00:00+00:00,final-source-scenes-r2-asset-verified,,b21c8cc7f3d4d35e1db4dfa1c8245ff10ba657c0a0a001992b552808766cc49b,RESTORE_SYSTEM_INDEX_FROM_EXACT_SYSTEM_ID,True,MODIS/061/MOD09Q1/2025_07_12,source-scenes-v1,2025-07-31,Terra MODIS,,061,061,959b6c64b9d09132cd30ebbf8e0f8886b47adeb8c061c291a64ee7e2f76b988d,modis,5e59be106fa1a1bb4b36a0b6008ee865a6eec9995d36c9bb2dfb8cea9940b481,2025-07-19,2025-07-15,2025-07-12,MODIS/061/MOD09Q1/2025_07_12,2025_07_12,1752278400000,2025-08-15,2025-07-16,2025
AOI-01,18ae788e0cf1ef68015dfee09e2ef7a0a1af4676e0b5d436994b707dfe92dec3,MODIS/061/MOD09Q1,2025-07-20T00:00:00+00:00,final-source-scenes-r2-asset-verified,,b21c8cc7f3d4d35e1db4dfa1c8245ff10ba657c0a0a001992b552808766cc49b,RESTORE_SYSTEM_INDEX_FROM_EXACT_SYSTEM_ID,True,MODIS/061/MOD09Q1/2025_07_20,source-scenes-v1,2025-07-31,Terra MODIS,,061,061,959b6c64b9d09132cd30ebbf8e0f8886b47adeb8c061c291a64ee7e2f76b988d,modis,5e59be106fa1a1bb4b36a0b6008ee865a6eec9995d36c9bb2dfb8cea9940b481,2025-07-27,2025-07-23,2025-07-20,MODIS/061/MOD09Q1/2025_07_20,2025_07_20,1752969600000,2025-08-15,2025-07-16,2025
AOI-01,18ae788e0cf1ef68015dfee09e2ef7a0a1af4676e0b5d436994b707dfe92dec3,MODIS/061/MOD09Q1,2025-07-28T00:00:00+00:00,final-source-scenes-r2-asset-verified,,b21c8cc7f3d4d35e1db4dfa1c8245ff10ba657c0a0a001992b552808766cc49b,RESTORE_SYSTEM_INDEX_FROM_EXACT_SYSTEM_ID,True,MODIS/061/MOD09Q1/2025_07_28,source-scenes-v1,2025-07-31,Terra MODIS,,061,061,959b6c64b9d09132cd30ebbf8e0f8886b47adeb8c061c291a64ee7e2f76b988d,modis,5e59be106fa1a1bb4b36a0b6008ee865a6eec9995d36c9bb2dfb8cea9940b481,2025-08-04,2025-07-31,2025-07-28,MODIS/061/MOD09Q1/2025_07_28,2025_07_28,1753660800000,2025-08-15,2025-07-16,2025
AOI-01,18ae788e0cf1ef68015dfee09e2ef7a0a1af4676e0b5d436994b707dfe92dec3,MODIS/061/MOD09Q1,2025-08-05T00:00:00+00:00,final-source-scenes-r2-asset-verified,,b21c8cc7f3d4d35e1db4dfa1c8245ff10ba657c0a0a001992b552808766cc49b,RESTORE_SYSTEM_INDEX_FROM_EXACT_SYSTEM_ID,True,MODIS/061/MOD09Q1/2025_08_05,source-scenes-v1,2025-07-31,Terra MODIS,,061,061,959b6c64b9d09132cd30ebbf8e0f8886b47adeb8c061c291a64ee7e2f76b988d,modis,5e59be106fa1a1bb4b36a0b6008ee865a6eec9995d36c9bb2dfb8cea9940b481,2025-08-12,2025-08-08,2025-08-05,MODIS/061/MOD09Q1/2025_08_05,2025_08_05,1754352000000,2025-08-15,2025-07-16,2025
AOI-01,18ae788e0cf1ef68015dfee09e2ef7a0a1af4676e0b5d436994b707dfe92dec3,MODIS/061/MOD09Q1,2025-08-13T00:00:00+00:00,final-source-scenes-r2-asset-verified,,b21c8cc7f3d4d35e1db4dfa1c8245ff10ba657c0a0a001992b552808766cc49b,RESTORE_SYSTEM_INDEX_FROM_EXACT_SYSTEM_ID,True,MODIS/061/MOD09Q1/2025_08_13,source-scenes-v1,2025-07-31,Terra MODIS,,061,061,959b6c64b9d09132cd30ebbf8e0f8886b47adeb8c061c291a64ee7e2f76b988d,modis,5e59be106fa1a1bb4b36a0b6008ee865a6eec9995d36c9bb2dfb8cea9940b481,2025-08-20,2025-08-16,2025-08-13,MODIS/061/MOD09Q1/2025_08_13,2025_08_13,1755043200000,2025-08-15,2025-07-16,2025
AOI-01,18ae788e0cf1ef68015dfee09e2ef7a0a1af4676e0b5d436994b707dfe92dec3,MODIS/061/MOD09Q1,2025-08-21T00:00:00+00:00,final-source-scenes-r2-asset-verified,SUPPORT_INTERVAL_OUTSIDE_NOMINAL_WINDOW,b21c8cc7f3d4d35e1db4dfa1c8245ff10ba657c0a0a001992b552808766cc49b,RESTORE_SYSTEM_INDEX_FROM_EXACT_SYSTEM_ID,False,MODIS/061/MOD09Q1/2025_08_21,source-scenes-v1,2025-07-31,Terra MODIS,,061,061,959b6c64b9d09132cd30ebbf8e0f8886b47adeb8c061c291a64ee7e2f76b988d,modis,5e59be106fa1a1bb4b36a0b6008ee865a6eec9995d36c9bb2dfb8cea9940b481,2025-08-28,2025-08-24,2025-08-21,MODIS/061/MOD09Q1/2025_08_21,2025_08_21,1755734400000,2025-08-15,2025-07-16,2025
AOI-01,18ae788e0cf1ef68015dfee09e2ef7a0a1af4676e0b5d436994b707dfe92dec3,MODIS/061/MOD09Q1,2025-07-04T00:00:00+00:00,final-source-scenes-r2-asset-verified,SUPPORT_INTERVAL_OUTSIDE_NOMINAL_WINDOW,b21c8cc7f3d4d35e1db4dfa1c8245ff10ba657c0a0a001992b552808766cc49b,RESTORE_SYSTEM_INDEX_FROM_EXACT_SYSTEM_ID,False,MODIS/061/MOD09Q1/2025_07_04,source-scenes-v1,2025-08-10,Terra MODIS,,061,061,a830dcb130849a1ef00d82ea48aa720780adeb9d2a3ebf7e0092924e411f76ab,modis,9e8095b9bc952e71fe3155170c8daf9d22ec7e228d834b177aa412b89427910d,2025-07-11,2025-07-07,2025-07-04,MODIS/061/MOD09Q1/2025_07_04,2025_07_04,1751587200000,2025-08-25,2025-07-26,2025
AOI-01,18ae788e0cf1ef68015dfee09e2ef7a0a1af4676e0b5d436994b707dfe92dec3,MODIS/061/MOD09Q1,2025-07-12T00:00:00+00:00,final-source-scenes-r2-asset-verified,SUPPORT_INTERVAL_OUTSIDE_NOMINAL_WINDOW,b21c8cc7f3d4d35e1db4dfa1c8245ff10ba657c0a0a001992b552808766cc49b,RESTORE_SYSTEM_INDEX_FROM_EXACT_SYSTEM_ID,False,MODIS/061/MOD09Q1/2025_07_12,source-scenes-v1,2025-08-10,Terra MODIS,,061,061,a830dcb130849a1ef00d82ea48aa720780adeb9d2a3ebf7e0092924e411f76ab,modis,9e8095b9bc952e71fe3155170c8daf9d22ec7e228d834b177aa412b89427910d,2025-07-19,2025-07-15,2025-07-12,MODIS/061/MOD09Q1/2025_07_12,2025_07_12,1752278400000,2025-08-25,2025-07-26,2025
AOI-01,18ae788e0cf1ef68015dfee09e2ef7a0a1af4676e0b5d436994b707dfe92dec3,MODIS/061/MOD09Q1,2025-07-20T00:00:00+00:00,final-source-scenes-r2-asset-verified,,b21c8cc7f3d4d35e1db4dfa1c8245ff10ba657c0a0a001992b552808766cc49b,RESTORE_SYSTEM_INDEX_FROM_EXACT_SYSTEM_ID,True,MODIS/061/MOD09Q1/2025_07_20,source-scenes-v1,2025-08-10,Terra MODIS,,061,061,a830dcb130849a1ef00d82ea48aa720780adeb9d2a3ebf7e0092924e411f76ab,modis,9e8095b9bc952e71fe3155170c8daf9d22ec7e228d834b177aa412b89427910d,2025-07-27,2025-07-23,2025-07-20,MODIS/061/MOD09Q1/2025_07_20,2025_07_20,1752969600000,2025-08-25,2025-07-26,2025
AOI-01,18ae788e0cf1ef68015dfee09e2ef7a0a1af4676e0b5d436994b707dfe92dec3,MODIS/061/MOD09Q1,2025-07-28T00:00:00+00:00,final-source-scenes-r2-asset-verified,,b21c8cc7f3d4d35e1db4dfa1c8245ff10ba657c0a0a001992b552808766cc49b,RESTORE_SYSTEM_INDEX_FROM_EXACT_SYSTEM_ID,True,MODIS/061/MOD09Q1/2025_07_28,source-scenes-v1,2025-08-10,Terra MODIS,,061,061,a830dcb130849a1ef00d82ea48aa720780adeb9d2a3ebf7e0092924e411f76ab,modis,9e8095b9bc952e71fe3155170c8daf9d22ec7e228d834b177aa412b89427910d,2025-08-04,2025-07-31,2025-07-28,MODIS/061/MOD09Q1/2025_07_28,2025_07_28,1753660800000,2025-08-25,2025-07-26,2025
AOI-01,18ae788e0cf1ef68015dfee09e2ef7a0a1af4676e0b5d436994b707dfe92dec3,MODIS/061/MOD09Q1,2025-08-05T00:00:00+00:00,final-source-scenes-r2-asset-verified,,b21c8cc7f3d4d35e1db4dfa1c8245ff10ba657c0a0a001992b552808766cc49b,RESTORE_SYSTEM_INDEX_FROM_EXACT_SYSTEM_ID,True,MODIS/061/MOD09Q1/2025_08_05,source-scenes-v1,2025-08-10,Terra MODIS,,061,061,a830dcb130849a1ef00d82ea48aa720780adeb9d2a3ebf7e0092924e411f76ab,modis,9e8095b9bc952e71fe3155170c8daf9d22ec7e228d834b177aa412b89427910d,2025-08-12,2025-08-08,2025-08-05,MODIS/061/MOD09Q1/2025_08_05,2025_08_05,1754352000000,2025-08-25,2025-07-26,2025
AOI-01,18ae788e0cf1ef68015dfee09e2ef7a0a1af4676e0b5d436994b707dfe92dec3,MODIS/061/MOD09Q1,2025-08-13T00:00:00+00:00,final-source-scenes-r2-asset-verified,,b21c8cc7f3d4d35e1db4dfa1c8245ff10ba657c0a0a001992b552808766cc49b,RESTORE_SYSTEM_INDEX_FROM_EXACT_SYSTEM_ID,True,MODIS/061/MOD09Q1/2025_08_13,source-scenes-v1,2025-08-10,Terra MODIS,,061,061,a830dcb130849a1ef00d82ea48aa720780adeb9d2a3ebf7e0092924e411f76ab,modis,9e8095b9bc952e71fe3155170c8daf9d22ec7e228d834b177aa412b89427910d,2025-08-20,2025-08-16,2025-08-13,MODIS/061/MOD09Q1/2025_08_13,2025_08_13,1755043200000,2025-08-25,2025-07-26,2025
AOI-01,18ae788e0cf1ef68015dfee09e2ef7a0a1af4676e0b5d436994b707dfe92dec3,MODIS/061/MOD09Q1,2025-08-21T00:00:00+00:00,final-source-scenes-r2-asset-verified,,b21c8cc7f3d4d35e1db4dfa1c8245ff10ba657c0a0a001992b552808766cc49b,RESTORE_SYSTEM_INDEX_FROM_EXACT_SYSTEM_ID,True,MODIS/061/MOD09Q1/2025_08_21,source-scenes-v1,2025-08-10,Terra MODIS,,061,061,a830dcb130849a1ef00d82ea48aa720780adeb9d2a3ebf7e0092924e411f76ab,modis,9e8095b9bc952e71fe3155170c8daf9d22ec7e228d834b177aa412b89427910d,2025-08-28,2025-08-24,2025-08-21,MODIS/061/MOD09Q1/2025_08_21,2025_08_21,1755734400000,2025-08-25,2025-07-26,2025
AOI-02,ffcd445586dcd3b933d48bcc1cbd5c7c04e40be18f8c37915aa1d54e8887a72f,MODIS/061/MOD09Q1,2021-07-04T00:00:00+00:00,final-source-scenes-r2-asset-verified,,b21c8cc7f3d4d35e1db4dfa1c8245ff10ba657c0a0a001992b552808766cc49b,RESTORE_SYSTEM_INDEX_FROM_EXACT_SYSTEM_ID,True,MODIS/061/MOD09Q1/2021_07_04,source-scenes-v1,2021-07-20,Terra MODIS,,061,061,2a79d985ed2dabead81cc7fd0e331bb8f22af8091c1b01c460e0045e6f6bfdb0,modis,ffd44e299bf639d4138b6e4c21e40148d2503fe26d0bf460968ea7d192ab3186,2021-07-11,2021-07-07,2021-07-04,MODIS/061/MOD09Q1/2021_07_04,2021_07_04,1625356800000,2021-08-04,2021-07-05,2021
AOI-02,ffcd445586dcd3b933d48bcc1cbd5c7c04e40be18f8c37915aa1d54e8887a72f,MODIS/061/MOD09Q1,2021-07-12T00:00:00+00:00,final-source-scenes-r2-asset-verified,,b21c8cc7f3d4d35e1db4dfa1c8245ff10ba657c0a0a001992b552808766cc49b,RESTORE_SYSTEM_INDEX_FROM_EXACT_SYSTEM_ID,True,MODIS/061/MOD09Q1/2021_07_12,source-scenes-v1,2021-07-20,Terra MODIS,,061,061,2a79d985ed2dabead81cc7fd0e331bb8f22af8091c1b01c460e0045e6f6bfdb0,modis,ffd44e299bf639d4138b6e4c21e40148d2503fe26d0bf460968ea7d192ab3186,2021-07-19,2021-07-15,2021-07-12,MODIS/061/MOD09Q1/2021_07_12,2021_07_12,1626048000000,2021-08-04,2021-07-05,2021
AOI-02,ffcd445586dcd3b933d48bcc1cbd5c7c04e40be18f8c37915aa1d54e8887a72f,MODIS/061/MOD09Q1,2021-07-20T00:00:00+00:00,final-source-scenes-r2-asset-verified,,b21c8cc7f3d4d35e1db4dfa1c8245ff10ba657c0a0a001992b552808766cc49b,RESTORE_SYSTEM_INDEX_FROM_EXACT_SYSTEM_ID,True,MODIS/061/MOD09Q1/2021_07_20,source-scenes-v1,2021-07-20,Terra MODIS,,061,061,2a79d985ed2dabead81cc7fd0e331bb8f22af8091c1b01c460e0045e6f6bfdb0,modis,ffd44e299bf639d4138b6e4c21e40148d2503fe26d0bf460968ea7d192ab3186,2021-07-27,2021-07-23,2021-07-20,MODIS/061/MOD09Q1/2021_07_20,2021_07_20,1626739200000,2021-08-04,2021-07-05,2021
AOI-02,ffcd445586dcd3b933d48bcc1cbd5c7c04e40be18f8c37915aa1d54e8887a72f,MODIS/061/MOD09Q1,2021-07-28T00:00:00+00:00,final-source-scenes-r2-asset-verified,,b21c8cc7f3d4d35e1db4dfa1c8245ff10ba657c0a0a001992b552808766cc49b,RESTORE_SYSTEM_INDEX_FROM_EXACT_SYSTEM_ID,True,MODIS/061/MOD09Q1/2021_07_28,source-scenes-v1,2021-07-20,Terra MODIS,,061,061,2a79d985ed2dabead81cc7fd0e331bb8f22af8091c1b01c460e0045e6f6bfdb0,modis,ffd44e299bf639d4138b6e4c21e40148d2503fe26d0bf460968ea7d192ab3186,2021-08-04,2021-07-31,2021-07-28,MODIS/061/MOD09Q1/2021_07_28,2021_07_28,1627430400000,2021-08-04,2021-07-05,2021
AOI-02,ffcd445586dcd3b933d48bcc1cbd5c7c04e40be18f8c37915aa1d54e8887a72f,MODIS/061/MOD09Q1,2021-08-05T00:00:00+00:00,final-source-scenes-r2-asset-verified,SUPPORT_INTERVAL_OUTSIDE_NOMINAL_WINDOW,b21c8cc7f3d4d35e1db4dfa1c8245ff10ba657c0a0a001992b552808766cc49b,RESTORE_SYSTEM_INDEX_FROM_EXACT_SYSTEM_ID,False,MODIS/061/MOD09Q1/2021_08_05,source-scenes-v1,2021-07-20,Terra MODIS,,061,061,2a79d985ed2dabead81cc7fd0e331bb8f22af8091c1b01c460e0045e6f6bfdb0,modis,ffd44e299bf639d4138b6e4c21e40148d2503fe26d0bf460968ea7d192ab3186,2021-08-12,2021-08-08,2021-08-05,MODIS/061/MOD09Q1/2021_08_05,2021_08_05,1628121600000,2021-08-04,2021-07-05,2021
AOI-02,ffcd445586dcd3b933d48bcc1cbd5c7c04e40be18f8c37915aa1d54e8887a72f,MODIS/061/MOD09Q1,2021-08-13T00:00:00+00:00,final-source-scenes-r2-asset-verified,SUPPORT_INTERVAL_OUTSIDE_NOMINAL_WINDOW,b21c8cc7f3d4d35e1db4dfa1c8245ff10ba657c0a0a001992b552808766cc49b,RESTORE_SYSTEM_INDEX_FROM_EXACT_SYSTEM_ID,False,MODIS/061/MOD09Q1/2021_08_13,source-scenes-v1,2021-07-20,Terra MODIS,,061,061,2a79d985ed2dabead81cc7fd0e331bb8f22af8091c1b01c460e0045e6f6bfdb0,modis,ffd44e299bf639d4138b6e4c21e40148d2503fe26d0bf460968ea7d192ab3186,2021-08-20,2021-08-16,2021-08-13,MODIS/061/MOD09Q1/2021_08_13,2021_08_13,1628812800000,2021-08-04,2021-07-05,2021
AOI-02,ffcd445586dcd3b933d48bcc1cbd5c7c04e40be18f8c37915aa1d54e8887a72f,MODIS/061/MOD09Q1,2021-08-21T00:00:00+00:00,final-source-scenes-r2-asset-verified,SUPPORT_INTERVAL_OUTSIDE_NOMINAL_WINDOW,b21c8cc7f3d4d35e1db4dfa1c8245ff10ba657c0a0a001992b552808766cc49b,RESTORE_SYSTEM_INDEX_FROM_EXACT_SYSTEM_ID,False,MODIS/061/MOD09Q1/2021_08_21,source-scenes-v1,2021-07-20,Terra MODIS,,061,061,2a79d985ed2dabead81cc7fd0e331bb8f22af8091c1b01c460e0045e6f6bfdb0,modis,ffd44e299bf639d4138b6e4c21e40148d2503fe26d0bf460968ea7d192ab3186,2021-08-28,2021-08-24,2021-08-21,MODIS/061/MOD09Q1/2021_08_21,2021_08_21,1629504000000,2021-08-04,2021-07-05,2021
AOI-02,ffcd445586dcd3b933d48bcc1cbd5c7c04e40be18f8c37915aa1d54e8887a72f,MODIS/061/MOD09Q1,2021-07-04T00:00:00+00:00,final-source-scenes-r2-asset-verified,SUPPORT_INTERVAL_OUTSIDE_NOMINAL_WINDOW,b21c8cc7f3d4d35e1db4dfa1c8245ff10ba657c0a0a001992b552808766cc49b,RESTORE_SYSTEM_INDEX_FROM_EXACT_SYSTEM_ID,False,MODIS/061/MOD09Q1/2021_07_04,source-scenes-v1,2021-07-31,Terra MODIS,,061,061,63d4e74cfa5155098f01049652af800528a481232154863ba00383c7d9d19ad3,modis,6b5fdee002c0e9d378d5bac8d694ffe0463eafc7578c7543e7e3533fb9b32a71,2021-07-11,2021-07-07,2021-07-04,MODIS/061/MOD09Q1/2021_07_04,2021_07_04,1625356800000,2021-08-15,2021-07-16,2021
AOI-02,ffcd445586dcd3b933d48bcc1cbd5c7c04e40be18f8c37915aa1d54e8887a72f,MODIS/061/MOD09Q1,2021-07-12T00:00:00+00:00,final-source-scenes-r2-asset-verified,,b21c8cc7f3d4d35e1db4dfa1c8245ff10ba657c0a0a001992b552808766cc49b,RESTORE_SYSTEM_INDEX_FROM_EXACT_SYSTEM_ID,True,MODIS/061/MOD09Q1/2021_07_12,source-scenes-v1,2021-07-31,Terra MODIS,,061,061,63d4e74cfa5155098f01049652af800528a481232154863ba00383c7d9d19ad3,modis,6b5fdee002c0e9d378d5bac8d694ffe0463eafc7578c7543e7e3533fb9b32a71,2021-07-19,2021-07-15,2021-07-12,MODIS/061/MOD09Q1/2021_07_12,2021_07_12,1626048000000,2021-08-15,2021-07-16,2021
AOI-02,ffcd445586dcd3b933d48bcc1cbd5c7c04e40be18f8c37915aa1d54e8887a72f,MODIS/061/MOD09Q1,2021-07-20T00:00:00+00:00,final-source-scenes-r2-asset-verified,,b21c8cc7f3d4d35e1db4dfa1c8245ff10ba657c0a0a001992b552808766cc49b,RESTORE_SYSTEM_INDEX_FROM_EXACT_SYSTEM_ID,True,MODIS/061/MOD09Q1/2021_07_20,source-scenes-v1,2021-07-31,Terra MODIS,,061,061,63d4e74cfa5155098f01049652af800528a481232154863ba00383c7d9d19ad3,modis,6b5fdee002c0e9d378d5bac8d694ffe0463eafc7578c7543e7e3533fb9b32a71,2021-07-27,2021-07-23,2021-07-20,MODIS/061/MOD09Q1/2021_07_20,2021_07_20,1626739200000,2021-08-15,2021-07-16,2021
AOI-02,ffcd445586dcd3b933d48bcc1cbd5c7c04e40be18f8c37915aa1d54e8887a72f,MODIS/061/MOD09Q1,2021-07-28T00:00:00+00:00,final-source-scenes-r2-asset-verified,,b21c8cc7f3d4d35e1db4dfa1c8245ff10ba657c0a0a001992b552808766cc49b,RESTORE_SYSTEM_INDEX_FROM_EXACT_SYSTEM_ID,True,MODIS/061/MOD09Q1/2021_07_28,source-scenes-v1,2021-07-31,Terra MODIS,,061,061,63d4e74cfa5155098f01049652af800528a481232154863ba00383c7d9d19ad3,modis,6b5fdee002c0e9d378d5bac8d694ffe0463eafc7578c7543e7e3533fb9b32a71,2021-08-04,2021-07-31,2021-07-28,MODIS/061/MOD09Q1/2021_07_28,2021_07_28,1627430400000,2021-08-15,2021-07-16,2021
AOI-02,ffcd445586dcd3b933d48bcc1cbd5c7c04e40be18f8c37915aa1d54e8887a72f,MODIS/061/MOD09Q1,2021-08-05T00:00:00+00:00,final-source-scenes-r2-asset-verified,,b21c8cc7f3d4d35e1db4dfa1c8245ff10ba657c0a0a001992b552808766cc49b,RESTORE_SYSTEM_INDEX_FROM_EXACT_SYSTEM_ID,True,MODIS/061/MOD09Q1/2021_08_05,source-scenes-v1,2021-07-31,Terra MODIS,,061,061,63d4e74cfa5155098f01049652af800528a481232154863ba00383c7d9d19ad3,modis,6b5fdee002c0e9d378d5bac8d694ffe0463eafc7578c7543e7e3533fb9b32a71,2021-08-12,2021-08-08,2021-08-05,MODIS/061/MOD09Q1/2021_08_05,2021_08_05,1628121600000,2021-08-15,2021-07-16,2021
AOI-02,ffcd445586dcd3b933d48bcc1cbd5c7c04e40be18f8c37915aa1d54e8887a72f,MODIS/061/MOD09Q1,2021-08-13T00:00:00+00:00,final-source-scenes-r2-asset-verified,,b21c8cc7f3d4d35e1db4dfa1c8245ff10ba657c0a0a001992b552808766cc49b,RESTORE_SYSTEM_INDEX_FROM_EXACT_SYSTEM_ID,True,MODIS/061/MOD09Q1/2021_08_13,source-scenes-v1,2021-07-31,Terra MODIS,,061,061,63d4e74cfa5155098f01049652af800528a481232154863ba00383c7d9d19ad3,modis,6b5fdee002c0e9d378d5bac8d694ffe0463eafc7578c7543e7e3533fb9b32a71,2021-08-20,2021-08-16,2021-08-13,MODIS/061/MOD09Q1/2021_08_13,2021_08_13,1628812800000,2021-08-15,2021-07-16,2021
AOI-02,ffcd445586dcd3b933d48bcc1cbd5c7c04e40be18f8c37915aa1d54e8887a72f,MODIS/061/MOD09Q1,2021-08-21T00:00:00+00:00,final-source-scenes-r2-asset-verified,SUPPORT_INTERVAL_OUTSIDE_NOMINAL_WINDOW,b21c8cc7f3d4d35e1db4dfa1c8245ff10ba657c0a0a001992b552808766cc49b,RESTORE_SYSTEM_INDEX_FROM_EXACT_SYSTEM_ID,False,MODIS/061/MOD09Q1/2021_08_21,source-scenes-v1,2021-07-31,Terra MODIS,,061,061,63d4e74cfa5155098f01049652af800528a481232154863ba00383c7d9d19ad3,modis,6b5fdee002c0e9d378d5bac8d694ffe0463eafc7578c7543e7e3533fb9b32a71,2021-08-28,2021-08-24,2021-08-21,MODIS/061/MOD09Q1/2021_08_21,2021_08_21,1629504000000,2021-08-15,2021-07-16,2021
AOI-02,ffcd445586dcd3b933d48bcc1cbd5c7c04e40be18f8c37915aa1d54e8887a72f,MODIS/061/MOD09Q1,2021-07-04T00:00:00+00:00,final-source-scenes-r2-asset-verified,SUPPORT_INTERVAL_OUTSIDE_NOMINAL_WINDOW,b21c8cc7f3d4d35e1db4dfa1c8245ff10ba657c0a0a001992b552808766cc49b,RESTORE_SYSTEM_INDEX_FROM_EXACT_SYSTEM_ID,False,MODIS/061/MOD09Q1/2021_07_04,source-scenes-v1,2021-08-10,Terra MODIS,,061,061,e15fae038dbf8c4c7aed8eec85b75e5c244e1b8595e2e3e2b44dc76ff54c091b,modis,32a6b4618dfd3177d9b69d3576c154e63a992998124ebab53f21620b3a6d0b8b,2021-07-11,2021-07-07,2021-07-04,MODIS/061/MOD09Q1/2021_07_04,2021_07_04,1625356800000,2021-08-25,2021-07-26,2021
AOI-02,ffcd445586dcd3b933d48bcc1cbd5c7c04e40be18f8c37915aa1d54e8887a72f,MODIS/061/MOD09Q1,2021-07-12T00:00:00+00:00,final-source-scenes-r2-asset-verified,SUPPORT_INTERVAL_OUTSIDE_NOMINAL_WINDOW,b21c8cc7f3d4d35e1db4dfa1c8245ff10ba657c0a0a001992b552808766cc49b,RESTORE_SYSTEM_INDEX_FROM_EXACT_SYSTEM_ID,False,MODIS/061/MOD09Q1/2021_07_12,source-scenes-v1,2021-08-10,Terra MODIS,,061,061,e15fae038dbf8c4c7aed8eec85b75e5c244e1b8595e2e3e2b44dc76ff54c091b,modis,32a6b4618dfd3177d9b69d3576c154e63a992998124ebab53f21620b3a6d0b8b,2021-07-19,2021-07-15,2021-07-12,MODIS/061/MOD09Q1/2021_07_12,2021_07_12,1626048000000,2021-08-25,2021-07-26,2021
AOI-02,ffcd445586dcd3b933d48bcc1cbd5c7c04e40be18f8c37915aa1d54e8887a72f,MODIS/061/MOD09Q1,2021-07-20T00:00:00+00:00,final-source-scenes-r2-asset-verified,,b21c8cc7f3d4d35e1db4dfa1c8245ff10ba657c0a0a001992b552808766cc49b,RESTORE_SYSTEM_INDEX_FROM_EXACT_SYSTEM_ID,True,MODIS/061/MOD09Q1/2021_07_20,source-scenes-v1,2021-08-10,Terra MODIS,,061,061,e15fae038dbf8c4c7aed8eec85b75e5c244e1b8595e2e3e2b44dc76ff54c091b,modis,32a6b4618dfd3177d9b69d3576c154e63a992998124ebab53f21620b3a6d0b8b,2021-07-27,2021-07-23,2021-07-20,MODIS/061/MOD09Q1/2021_07_20,2021_07_20,1626739200000,2021-08-25,2021-07-26,2021
AOI-02,ffcd445586dcd3b933d48bcc1cbd5c7c04e40be18f8c37915aa1d54e8887a72f,MODIS/061/MOD09Q1,2021-07-28T00:00:00+00:00,final-source-scenes-r2-asset-verified,,b21c8cc7f3d4d35e1db4dfa1c8245ff10ba657c0a0a001992b552808766cc49b,RESTORE_SYSTEM_INDEX_FROM_EXACT_SYSTEM_ID,True,MODIS/061/MOD09Q1/2021_07_28,source-scenes-v1,2021-08-10,Terra MODIS,,061,061,e15fae038dbf8c4c7aed8eec85b75e5c244e1b8595e2e3e2b44dc76ff54c091b,modis,32a6b4618dfd3177d9b69d3576c154e63a992998124ebab53f21620b3a6d0b8b,2021-08-04,2021-07-31,2021-07-28,MODIS/061/MOD09Q1/2021_07_28,2021_07_28,1627430400000,2021-08-25,2021-07-26,2021
AOI-02,ffcd445586dcd3b933d48bcc1cbd5c7c04e40be18f8c37915aa1d54e8887a72f,MODIS/061/MOD09Q1,2021-08-05T00:00:00+00:00,final-source-scenes-r2-asset-verified,,b21c8cc7f3d4d35e1db4dfa1c8245ff10ba657c0a0a001992b552808766cc49b,RESTORE_SYSTEM_INDEX_FROM_EXACT_SYSTEM_ID,True,MODIS/061/MOD09Q1/2021_08_05,source-scenes-v1,2021-08-10,Terra MODIS,,061,061,e15fae038dbf8c4c7aed8eec85b75e5c244e1b8595e2e3e2b44dc76ff54c091b,modis,32a6b4618dfd3177d9b69d3576c154e63a992998124ebab53f21620b3a6d0b8b,2021-08-12,2021-08-08,2021-08-05,MODIS/061/MOD09Q1/2021_08_05,2021_08_05,1628121600000,2021-08-25,2021-07-26,2021
AOI-02,ffcd445586dcd3b933d48bcc1cbd5c7c04e40be18f8c37915aa1d54e8887a72f,MODIS/061/MOD09Q1,2021-08-13T00:00:00+00:00,final-source-scenes-r2-asset-verified,,b21c8cc7f3d4d35e1db4dfa1c8245ff10ba657c0a0a001992b552808766cc49b,RESTORE_SYSTEM_INDEX_FROM_EXACT_SYSTEM_ID,True,MODIS/061/MOD09Q1/2021_08_13,source-scenes-v1,2021-08-10,Terra MODIS,,061,061,e15fae038dbf8c4c7aed8eec85b75e5c244e1b8595e2e3e2b44dc76ff54c091b,modis,32a6b4618dfd3177d9b69d3576c154e63a992998124ebab53f21620b3a6d0b8b,2021-08-20,2021-08-16,2021-08-13,MODIS/061/MOD09Q1/2021_08_13,2021_08_13,1628812800000,2021-08-25,2021-07-26,2021
AOI-02,ffcd445586dcd3b933d48bcc1cbd5c7c04e40be18f8c37915aa1d54e8887a72f,MODIS/061/MOD09Q1,2021-08-21T00:00:00+00:00,final-source-scenes-r2-asset-verified,,b21c8cc7f3d4d35e1db4dfa1c8245ff10ba657c0a0a001992b552808766cc49b,RESTORE_SYSTEM_INDEX_FROM_EXACT_SYSTEM_ID,True,MODIS/061/MOD09Q1/2021_08_21,source-scenes-v1,2021-08-10,Terra MODIS,,061,061,e15fae038dbf8c4c7aed8eec85b75e5c244e1b8595e2e3e2b44dc76ff54c091b,modis,32a6b4618dfd3177d9b69d3576c154e63a992998124ebab53f21620b3a6d0b8b,2021-08-28,2021-08-24,2021-08-21,MODIS/061/MOD09Q1/2021_08_21,2021_08_21,1629504000000,2021-08-25,2021-07-26,2021
AOI-02,ffcd445586dcd3b933d48bcc1cbd5c7c04e40be18f8c37915aa1d54e8887a72f,MODIS/061/MOD09Q1,2022-07-04T00:00:00+00:00,final-source-scenes-r2-asset-verified,,b21c8cc7f3d4d35e1db4dfa1c8245ff10ba657c0a0a001992b552808766cc49b,RESTORE_SYSTEM_INDEX_FROM_EXACT_SYSTEM_ID,True,MODIS/061/MOD09Q1/2022_07_04,source-scenes-v1,2022-07-20,Terra MODIS,,061,061,9c7c59d11eafa9053234f6af2fbf43fdf3a1af5b9cd22c6628615e00ca84d00a,modis,83683a5f83d02a10644784fc384daa22e5ef389fcf7d3d9516cc91e8eaf04030,2022-07-11,2022-07-07,2022-07-04,MODIS/061/MOD09Q1/2022_07_04,2022_07_04,1656892800000,2022-08-04,2022-07-05,2022
AOI-02,ffcd445586dcd3b933d48bcc1cbd5c7c04e40be18f8c37915aa1d54e8887a72f,MODIS/061/MOD09Q1,2022-07-12T00:00:00+00:00,final-source-scenes-r2-asset-verified,,b21c8cc7f3d4d35e1db4dfa1c8245ff10ba657c0a0a001992b552808766cc49b,RESTORE_SYSTEM_INDEX_FROM_EXACT_SYSTEM_ID,True,MODIS/061/MOD09Q1/2022_07_12,source-scenes-v1,2022-07-20,Terra MODIS,,061,061,9c7c59d11eafa9053234f6af2fbf43fdf3a1af5b9cd22c6628615e00ca84d00a,modis,83683a5f83d02a10644784fc384daa22e5ef389fcf7d3d9516cc91e8eaf04030,2022-07-19,2022-07-15,2022-07-12,MODIS/061/MOD09Q1/2022_07_12,2022_07_12,1657584000000,2022-08-04,2022-07-05,2022
AOI-02,ffcd445586dcd3b933d48bcc1cbd5c7c04e40be18f8c37915aa1d54e8887a72f,MODIS/061/MOD09Q1,2022-07-20T00:00:00+00:00,final-source-scenes-r2-asset-verified,,b21c8cc7f3d4d35e1db4dfa1c8245ff10ba657c0a0a001992b552808766cc49b,RESTORE_SYSTEM_INDEX_FROM_EXACT_SYSTEM_ID,True,MODIS/061/MOD09Q1/2022_07_20,source-scenes-v1,2022-07-20,Terra MODIS,,061,061,9c7c59d11eafa9053234f6af2fbf43fdf3a1af5b9cd22c6628615e00ca84d00a,modis,83683a5f83d02a10644784fc384daa22e5ef389fcf7d3d9516cc91e8eaf04030,2022-07-27,2022-07-23,2022-07-20,MODIS/061/MOD09Q1/2022_07_20,2022_07_20,1658275200000,2022-08-04,2022-07-05,2022
AOI-02,ffcd445586dcd3b933d48bcc1cbd5c7c04e40be18f8c37915aa1d54e8887a72f,MODIS/061/MOD09Q1,2022-07-28T00:00:00+00:00,final-source-scenes-r2-asset-verified,,b21c8cc7f3d4d35e1db4dfa1c8245ff10ba657c0a0a001992b552808766cc49b,RESTORE_SYSTEM_INDEX_FROM_EXACT_SYSTEM_ID,True,MODIS/061/MOD09Q1/2022_07_28,source-scenes-v1,2022-07-20,Terra MODIS,,061,061,9c7c59d11eafa9053234f6af2fbf43fdf3a1af5b9cd22c6628615e00ca84d00a,modis,83683a5f83d02a10644784fc384daa22e5ef389fcf7d3d9516cc91e8eaf04030,2022-08-04,2022-07-31,2022-07-28,MODIS/061/MOD09Q1/2022_07_28,2022_07_28,1658966400000,2022-08-04,2022-07-05,2022
AOI-02,ffcd445586dcd3b933d48bcc1cbd5c7c04e40be18f8c37915aa1d54e8887a72f,MODIS/061/MOD09Q1,2022-08-05T00:00:00+00:00,final-source-scenes-r2-asset-verified,SUPPORT_INTERVAL_OUTSIDE_NOMINAL_WINDOW,b21c8cc7f3d4d35e1db4dfa1c8245ff10ba657c0a0a001992b552808766cc49b,RESTORE_SYSTEM_INDEX_FROM_EXACT_SYSTEM_ID,False,MODIS/061/MOD09Q1/2022_08_05,source-scenes-v1,2022-07-20,Terra MODIS,,061,061,9c7c59d11eafa9053234f6af2fbf43fdf3a1af5b9cd22c6628615e00ca84d00a,modis,83683a5f83d02a10644784fc384daa22e5ef389fcf7d3d9516cc91e8eaf04030,2022-08-12,2022-08-08,2022-08-05,MODIS/061/MOD09Q1/2022_08_05,2022_08_05,1659657600000,2022-08-04,2022-07-05,2022
AOI-02,ffcd445586dcd3b933d48bcc1cbd5c7c04e40be18f8c37915aa1d54e8887a72f,MODIS/061/MOD09Q1,2022-08-13T00:00:00+00:00,final-source-scenes-r2-asset-verified,SUPPORT_INTERVAL_OUTSIDE_NOMINAL_WINDOW,b21c8cc7f3d4d35e1db4dfa1c8245ff10ba657c0a0a001992b552808766cc49b,RESTORE_SYSTEM_INDEX_FROM_EXACT_SYSTEM_ID,False,MODIS/061/MOD09Q1/2022_08_13,source-scenes-v1,2022-07-20,Terra MODIS,,061,061,9c7c59d11eafa9053234f6af2fbf43fdf3a1af5b9cd22c6628615e00ca84d00a,modis,83683a5f83d02a10644784fc384daa22e5ef389fcf7d3d9516cc91e8eaf04030,2022-08-20,2022-08-16,2022-08-13,MODIS/061/MOD09Q1/2022_08_13,2022_08_13,1660348800000,2022-08-04,2022-07-05,2022
AOI-02,ffcd445586dcd3b933d48bcc1cbd5c7c04e40be18f8c37915aa1d54e8887a72f,MODIS/061/MOD09Q1,2022-08-21T00:00:00+00:00,final-source-scenes-r2-asset-verified,SUPPORT_INTERVAL_OUTSIDE_NOMINAL_WINDOW,b21c8cc7f3d4d35e1db4dfa1c8245ff10ba657c0a0a001992b552808766cc49b,RESTORE_SYSTEM_INDEX_FROM_EXACT_SYSTEM_ID,False,MODIS/061/MOD09Q1/2022_08_21,source-scenes-v1,2022-07-20,Terra MODIS,,061,061,9c7c59d11eafa9053234f6af2fbf43fdf3a1af5b9cd22c6628615e00ca84d00a,modis,83683a5f83d02a10644784fc384daa22e5ef389fcf7d3d9516cc91e8eaf04030,2022-08-28,2022-08-24,2022-08-21,MODIS/061/MOD09Q1/2022_08_21,2022_08_21,1661040000000,2022-08-04,2022-07-05,2022
AOI-02,ffcd445586dcd3b933d48bcc1cbd5c7c04e40be18f8c37915aa1d54e8887a72f,MODIS/061/MOD09Q1,2022-07-04T00:00:00+00:00,final-source-scenes-r2-asset-verified,SUPPORT_INTERVAL_OUTSIDE_NOMINAL_WINDOW,b21c8cc7f3d4d35e1db4dfa1c8245ff10ba657c0a0a001992b552808766cc49b,RESTORE_SYSTEM_INDEX_FROM_EXACT_SYSTEM_ID,False,MODIS/061/MOD09Q1/2022_07_04,source-scenes-v1,2022-07-31,Terra MODIS,,061,061,9fe5e997619723df140096ac792204614744f9b5f012f54c5b8a06dc6bb19d1a,modis,f100675c61dc8df30a9e78576e941c5a2b7ae01cb9cdede609502f40857b8077,2022-07-11,2022-07-07,2022-07-04,MODIS/061/MOD09Q1/2022_07_04,2022_07_04,1656892800000,2022-08-15,2022-07-16,2022
AOI-02,ffcd445586dcd3b933d48bcc1cbd5c7c04e40be18f8c37915aa1d54e8887a72f,MODIS/061/MOD09Q1,2022-07-12T00:00:00+00:00,final-source-scenes-r2-asset-verified,,b21c8cc7f3d4d35e1db4dfa1c8245ff10ba657c0a0a001992b552808766cc49b,RESTORE_SYSTEM_INDEX_FROM_EXACT_SYSTEM_ID,True,MODIS/061/MOD09Q1/2022_07_12,source-scenes-v1,2022-07-31,Terra MODIS,,061,061,9fe5e997619723df140096ac792204614744f9b5f012f54c5b8a06dc6bb19d1a,modis,f100675c61dc8df30a9e78576e941c5a2b7ae01cb9cdede609502f40857b8077,2022-07-19,2022-07-15,2022-07-12,MODIS/061/MOD09Q1/2022_07_12,2022_07_12,1657584000000,2022-08-15,2022-07-16,2022
AOI-02,ffcd445586dcd3b933d48bcc1cbd5c7c04e40be18f8c37915aa1d54e8887a72f,MODIS/061/MOD09Q1,2022-07-20T00:00:00+00:00,final-source-scenes-r2-asset-verified,,b21c8cc7f3d4d35e1db4dfa1c8245ff10ba657c0a0a001992b552808766cc49b,RESTORE_SYSTEM_INDEX_FROM_EXACT_SYSTEM_ID,True,MODIS/061/MOD09Q1/2022_07_20,source-scenes-v1,2022-07-31,Terra MODIS,,061,061,9fe5e997619723df140096ac792204614744f9b5f012f54c5b8a06dc6bb19d1a,modis,f100675c61dc8df30a9e78576e941c5a2b7ae01cb9cdede609502f40857b8077,2022-07-27,2022-07-23,2022-07-20,MODIS/061/MOD09Q1/2022_07_20,2022_07_20,1658275200000,2022-08-15,2022-07-16,2022
AOI-02,ffcd445586dcd3b933d48bcc1cbd5c7c04e40be18f8c37915aa1d54e8887a72f,MODIS/061/MOD09Q1,2022-07-28T00:00:00+00:00,final-source-scenes-r2-asset-verified,,b21c8cc7f3d4d35e1db4dfa1c8245ff10ba657c0a0a001992b552808766cc49b,RESTORE_SYSTEM_INDEX_FROM_EXACT_SYSTEM_ID,True,MODIS/061/MOD09Q1/2022_07_28,source-scenes-v1,2022-07-31,Terra MODIS,,061,061,9fe5e997619723df140096ac792204614744f9b5f012f54c5b8a06dc6bb19d1a,modis,f100675c61dc8df30a9e78576e941c5a2b7ae01cb9cdede609502f40857b8077,2022-08-04,2022-07-31,2022-07-28,MODIS/061/MOD09Q1/2022_07_28,2022_07_28,1658966400000,2022-08-15,2022-07-16,2022
AOI-02,ffcd445586dcd3b933d48bcc1cbd5c7c04e40be18f8c37915aa1d54e8887a72f,MODIS/061/MOD09Q1,2022-08-05T00:00:00+00:00,final-source-scenes-r2-asset-verified,,b21c8cc7f3d4d35e1db4dfa1c8245ff10ba657c0a0a001992b552808766cc49b,RESTORE_SYSTEM_INDEX_FROM_EXACT_SYSTEM_ID,True,MODIS/061/MOD09Q1/2022_08_05,source-scenes-v1,2022-07-31,Terra MODIS,,061,061,9fe5e997619723df140096ac792204614744f9b5f012f54c5b8a06dc6bb19d1a,modis,f100675c61dc8df30a9e78576e941c5a2b7ae01cb9cdede609502f40857b8077,2022-08-12,2022-08-08,2022-08-05,MODIS/061/MOD09Q1/2022_08_05,2022_08_05,1659657600000,2022-08-15,2022-07-16,2022
AOI-02,ffcd445586dcd3b933d48bcc1cbd5c7c04e40be18f8c37915aa1d54e8887a72f,MODIS/061/MOD09Q1,2022-08-13T00:00:00+00:00,final-source-scenes-r2-asset-verified,,b21c8cc7f3d4d35e1db4dfa1c8245ff10ba657c0a0a001992b552808766cc49b,RESTORE_SYSTEM_INDEX_FROM_EXACT_SYSTEM_ID,True,MODIS/061/MOD09Q1/2022_08_13,source-scenes-v1,2022-07-31,Terra MODIS,,061,061,9fe5e997619723df140096ac792204614744f9b5f012f54c5b8a06dc6bb19d1a,modis,f100675c61dc8df30a9e78576e941c5a2b7ae01cb9cdede609502f40857b8077,2022-08-20,2022-08-16,2022-08-13,MODIS/061/MOD09Q1/2022_08_13,2022_08_13,1660348800000,2022-08-15,2022-07-16,2022
AOI-02,ffcd445586dcd3b933d48bcc1cbd5c7c04e40be18f8c37915aa1d54e8887a72f,MODIS/061/MOD09Q1,2022-08-21T00:00:00+00:00,final-source-scenes-r2-asset-verified,SUPPORT_INTERVAL_OUTSIDE_NOMINAL_WINDOW,b21c8cc7f3d4d35e1db4dfa1c8245ff10ba657c0a0a001992b552808766cc49b,RESTORE_SYSTEM_INDEX_FROM_EXACT_SYSTEM_ID,False,MODIS/061/MOD09Q1/2022_08_21,source-scenes-v1,2022-07-31,Terra MODIS,,061,061,9fe5e997619723df140096ac792204614744f9b5f012f54c5b8a06dc6bb19d1a,modis,f100675c61dc8df30a9e78576e941c5a2b7ae01cb9cdede609502f40857b8077,2022-08-28,2022-08-24,2022-08-21,MODIS/061/MOD09Q1/2022_08_21,2022_08_21,1661040000000,2022-08-15,2022-07-16,2022
AOI-02,ffcd445586dcd3b933d48bcc1cbd5c7c04e40be18f8c37915aa1d54e8887a72f,MODIS/061/MOD09Q1,2022-07-04T00:00:00+00:00,final-source-scenes-r2-asset-verified,SUPPORT_INTERVAL_OUTSIDE_NOMINAL_WINDOW,b21c8cc7f3d4d35e1db4dfa1c8245ff10ba657c0a0a001992b552808766cc49b,RESTORE_SYSTEM_INDEX_FROM_EXACT_SYSTEM_ID,False,MODIS/061/MOD09Q1/2022_07_04,source-scenes-v1,2022-08-10,Terra MODIS,,061,061,8073f429ff7f688ec360ddd9a9d524e474b54a5ff6344d644b65ab54d4c6c2bf,modis,bd114321b20c72d22a3a08f0e106dc01e375b4d35ee9c9fed18113b46f2a81ad,2022-07-11,2022-07-07,2022-07-04,MODIS/061/MOD09Q1/2022_07_04,2022_07_04,1656892800000,2022-08-25,2022-07-26,2022
AOI-02,ffcd445586dcd3b933d48bcc1cbd5c7c04e40be18f8c37915aa1d54e8887a72f,MODIS/061/MOD09Q1,2022-07-12T00:00:00+00:00,final-source-scenes-r2-asset-verified,SUPPORT_INTERVAL_OUTSIDE_NOMINAL_WINDOW,b21c8cc7f3d4d35e1db4dfa1c8245ff10ba657c0a0a001992b552808766cc49b,RESTORE_SYSTEM_INDEX_FROM_EXACT_SYSTEM_ID,False,MODIS/061/MOD09Q1/2022_07_12,source-scenes-v1,2022-08-10,Terra MODIS,,061,061,8073f429ff7f688ec360ddd9a9d524e474b54a5ff6344d644b65ab54d4c6c2bf,modis,bd114321b20c72d22a3a08f0e106dc01e375b4d35ee9c9fed18113b46f2a81ad,2022-07-19,2022-07-15,2022-07-12,MODIS/061/MOD09Q1/2022_07_12,2022_07_12,1657584000000,2022-08-25,2022-07-26,2022
AOI-02,ffcd445586dcd3b933d48bcc1cbd5c7c04e40be18f8c37915aa1d54e8887a72f,MODIS/061/MOD09Q1,2022-07-20T00:00:00+00:00,final-source-scenes-r2-asset-verified,,b21c8cc7f3d4d35e1db4dfa1c8245ff10ba657c0a0a001992b552808766cc49b,RESTORE_SYSTEM_INDEX_FROM_EXACT_SYSTEM_ID,True,MODIS/061/MOD09Q1/2022_07_20,source-scenes-v1,2022-08-10,Terra MODIS,,061,061,8073f429ff7f688ec360ddd9a9d524e474b54a5ff6344d644b65ab54d4c6c2bf,modis,bd114321b20c72d22a3a08f0e106dc01e375b4d35ee9c9fed18113b46f2a81ad,2022-07-27,2022-07-23,2022-07-20,MODIS/061/MOD09Q1/2022_07_20,2022_07_20,1658275200000,2022-08-25,2022-07-26,2022
AOI-02,ffcd445586dcd3b933d48bcc1cbd5c7c04e40be18f8c37915aa1d54e8887a72f,MODIS/061/MOD09Q1,2022-07-28T00:00:00+00:00,final-source-scenes-r2-asset-verified,,b21c8cc7f3d4d35e1db4dfa1c8245ff10ba657c0a0a001992b552808766cc49b,RESTORE_SYSTEM_INDEX_FROM_EXACT_SYSTEM_ID,True,MODIS/061/MOD09Q1/2022_07_28,source-scenes-v1,2022-08-10,Terra MODIS,,061,061,8073f429ff7f688ec360ddd9a9d524e474b54a5ff6344d644b65ab54d4c6c2bf,modis,bd114321b20c72d22a3a08f0e106dc01e375b4d35ee9c9fed18113b46f2a81ad,2022-08-04,2022-07-31,2022-07-28,MODIS/061/MOD09Q1/2022_07_28,2022_07_28,1658966400000,2022-08-25,2022-07-26,2022
AOI-02,ffcd445586dcd3b933d48bcc1cbd5c7c04e40be18f8c37915aa1d54e8887a72f,MODIS/061/MOD09Q1,2022-08-05T00:00:00+00:00,final-source-scenes-r2-asset-verified,,b21c8cc7f3d4d35e1db4dfa1c8245ff10ba657c0a0a001992b552808766cc49b,RESTORE_SYSTEM_INDEX_FROM_EXACT_SYSTEM_ID,True,MODIS/061/MOD09Q1/2022_08_05,source-scenes-v1,2022-08-10,Terra MODIS,,061,061,8073f429ff7f688ec360ddd9a9d524e474b54a5ff6344d644b65ab54d4c6c2bf,modis,bd114321b20c72d22a3a08f0e106dc01e375b4d35ee9c9fed18113b46f2a81ad,2022-08-12,2022-08-08,2022-08-05,MODIS/061/MOD09Q1/2022_08_05,2022_08_05,1659657600000,2022-08-25,2022-07-26,2022
AOI-02,ffcd445586dcd3b933d48bcc1cbd5c7c04e40be18f8c37915aa1d54e8887a72f,MODIS/061/MOD09Q1,2022-08-13T00:00:00+00:00,final-source-scenes-r2-asset-verified,,b21c8cc7f3d4d35e1db4dfa1c8245ff10ba657c0a0a001992b552808766cc49b,RESTORE_SYSTEM_INDEX_FROM_EXACT_SYSTEM_ID,True,MODIS/061/MOD09Q1/2022_08_13,source-scenes-v1,2022-08-10,Terra MODIS,,061,061,8073f429ff7f688ec360ddd9a9d524e474b54a5ff6344d644b65ab54d4c6c2bf,modis,bd114321b20c72d22a3a08f0e106dc01e375b4d35ee9c9fed18113b46f2a81ad,2022-08-20,2022-08-16,2022-08-13,MODIS/061/MOD09Q1/2022_08_13,2022_08_13,1660348800000,2022-08-25,2022-07-26,2022
AOI-02,ffcd445586dcd3b933d48bcc1cbd5c7c04e40be18f8c37915aa1d54e8887a72f,MODIS/061/MOD09Q1,2022-08-21T00:00:00+00:00,final-source-scenes-r2-asset-verified,,b21c8cc7f3d4d35e1db4dfa1c8245ff10ba657c0a0a001992b552808766cc49b,RESTORE_SYSTEM_INDEX_FROM_EXACT_SYSTEM_ID,True,MODIS/061/MOD09Q1/2022_08_21,source-scenes-v1,2022-08-10,Terra MODIS,,061,061,8073f429ff7f688ec360ddd9a9d524e474b54a5ff6344d644b65ab54d4c6c2bf,modis,bd114321b20c72d22a3a08f0e106dc01e375b4d35ee9c9fed18113b46f2a81ad,2022-08-28,2022-08-24,2022-08-21,MODIS/061/MOD09Q1/2022_08_21,2022_08_21,1661040000000,2022-08-25,2022-07-26,2022
AOI-02,ffcd445586dcd3b933d48bcc1cbd5c7c04e40be18f8c37915aa1d54e8887a72f,MODIS/061/MOD09Q1,2023-07-04T00:00:00+00:00,final-source-scenes-r2-asset-verified,,b21c8cc7f3d4d35e1db4dfa1c8245ff10ba657c0a0a001992b552808766cc49b,RESTORE_SYSTEM_INDEX_FROM_EXACT_SYSTEM_ID,True,MODIS/061/MOD09Q1/2023_07_04,source-scenes-v1,2023-07-20,Terra MODIS,,061,061,cf08f9fee92d8f2c121aa0c46b36d77c72f2be1f6f2e78ade08f92f567751815,modis,dc6e9d5a39adb3c8a748db096ef78ff499874ed8edb4f0030519b1140e8eedb6,2023-07-11,2023-07-07,2023-07-04,MODIS/061/MOD09Q1/2023_07_04,2023_07_04,1688428800000,2023-08-04,2023-07-05,2023
AOI-02,ffcd445586dcd3b933d48bcc1cbd5c7c04e40be18f8c37915aa1d54e8887a72f,MODIS/061/MOD09Q1,2023-07-12T00:00:00+00:00,final-source-scenes-r2-asset-verified,,b21c8cc7f3d4d35e1db4dfa1c8245ff10ba657c0a0a001992b552808766cc49b,RESTORE_SYSTEM_INDEX_FROM_EXACT_SYSTEM_ID,True,MODIS/061/MOD09Q1/2023_07_12,source-scenes-v1,2023-07-20,Terra MODIS,,061,061,cf08f9fee92d8f2c121aa0c46b36d77c72f2be1f6f2e78ade08f92f567751815,modis,dc6e9d5a39adb3c8a748db096ef78ff499874ed8edb4f0030519b1140e8eedb6,2023-07-19,2023-07-15,2023-07-12,MODIS/061/MOD09Q1/2023_07_12,2023_07_12,1689120000000,2023-08-04,2023-07-05,2023
AOI-02,ffcd445586dcd3b933d48bcc1cbd5c7c04e40be18f8c37915aa1d54e8887a72f,MODIS/061/MOD09Q1,2023-07-20T00:00:00+00:00,final-source-scenes-r2-asset-verified,,b21c8cc7f3d4d35e1db4dfa1c8245ff10ba657c0a0a001992b552808766cc49b,RESTORE_SYSTEM_INDEX_FROM_EXACT_SYSTEM_ID,True,MODIS/061/MOD09Q1/2023_07_20,source-scenes-v1,2023-07-20,Terra MODIS,,061,061,cf08f9fee92d8f2c121aa0c46b36d77c72f2be1f6f2e78ade08f92f567751815,modis,dc6e9d5a39adb3c8a748db096ef78ff499874ed8edb4f0030519b1140e8eedb6,2023-07-27,2023-07-23,2023-07-20,MODIS/061/MOD09Q1/2023_07_20,2023_07_20,1689811200000,2023-08-04,2023-07-05,2023
AOI-02,ffcd445586dcd3b933d48bcc1cbd5c7c04e40be18f8c37915aa1d54e8887a72f,MODIS/061/MOD09Q1,2023-07-28T00:00:00+00:00,final-source-scenes-r2-asset-verified,,b21c8cc7f3d4d35e1db4dfa1c8245ff10ba657c0a0a001992b552808766cc49b,RESTORE_SYSTEM_INDEX_FROM_EXACT_SYSTEM_ID,True,MODIS/061/MOD09Q1/2023_07_28,source-scenes-v1,2023-07-20,Terra MODIS,,061,061,cf08f9fee92d8f2c121aa0c46b36d77c72f2be1f6f2e78ade08f92f567751815,modis,dc6e9d5a39adb3c8a748db096ef78ff499874ed8edb4f0030519b1140e8eedb6,2023-08-04,2023-07-31,2023-07-28,MODIS/061/MOD09Q1/2023_07_28,2023_07_28,1690502400000,2023-08-04,2023-07-05,2023
AOI-02,ffcd445586dcd3b933d48bcc1cbd5c7c04e40be18f8c37915aa1d54e8887a72f,MODIS/061/MOD09Q1,2023-08-05T00:00:00+00:00,final-source-scenes-r2-asset-verified,SUPPORT_INTERVAL_OUTSIDE_NOMINAL_WINDOW,b21c8cc7f3d4d35e1db4dfa1c8245ff10ba657c0a0a001992b552808766cc49b,RESTORE_SYSTEM_INDEX_FROM_EXACT_SYSTEM_ID,False,MODIS/061/MOD09Q1/2023_08_05,source-scenes-v1,2023-07-20,Terra MODIS,,061,061,cf08f9fee92d8f2c121aa0c46b36d77c72f2be1f6f2e78ade08f92f567751815,modis,dc6e9d5a39adb3c8a748db096ef78ff499874ed8edb4f0030519b1140e8eedb6,2023-08-12,2023-08-08,2023-08-05,MODIS/061/MOD09Q1/2023_08_05,2023_08_05,1691193600000,2023-08-04,2023-07-05,2023
AOI-02,ffcd445586dcd3b933d48bcc1cbd5c7c04e40be18f8c37915aa1d54e8887a72f,MODIS/061/MOD09Q1,2023-08-13T00:00:00+00:00,final-source-scenes-r2-asset-verified,SUPPORT_INTERVAL_OUTSIDE_NOMINAL_WINDOW,b21c8cc7f3d4d35e1db4dfa1c8245ff10ba657c0a0a001992b552808766cc49b,RESTORE_SYSTEM_INDEX_FROM_EXACT_SYSTEM_ID,False,MODIS/061/MOD09Q1/2023_08_13,source-scenes-v1,2023-07-20,Terra MODIS,,061,061,cf08f9fee92d8f2c121aa0c46b36d77c72f2be1f6f2e78ade08f92f567751815,modis,dc6e9d5a39adb3c8a748db096ef78ff499874ed8edb4f0030519b1140e8eedb6,2023-08-20,2023-08-16,2023-08-13,MODIS/061/MOD09Q1/2023_08_13,2023_08_13,1691884800000,2023-08-04,2023-07-05,2023
AOI-02,ffcd445586dcd3b933d48bcc1cbd5c7c04e40be18f8c37915aa1d54e8887a72f,MODIS/061/MOD09Q1,2023-08-21T00:00:00+00:00,final-source-scenes-r2-asset-verified,SUPPORT_INTERVAL_OUTSIDE_NOMINAL_WINDOW,b21c8cc7f3d4d35e1db4dfa1c8245ff10ba657c0a0a001992b552808766cc49b,RESTORE_SYSTEM_INDEX_FROM_EXACT_SYSTEM_ID,False,MODIS/061/MOD09Q1/2023_08_21,source-scenes-v1,2023-07-20,Terra MODIS,,061,061,cf08f9fee92d8f2c121aa0c46b36d77c72f2be1f6f2e78ade08f92f567751815,modis,dc6e9d5a39adb3c8a748db096ef78ff499874ed8edb4f0030519b1140e8eedb6,2023-08-28,2023-08-24,2023-08-21,MODIS/061/MOD09Q1/2023_08_21,2023_08_21,1692576000000,2023-08-04,2023-07-05,2023
AOI-02,ffcd445586dcd3b933d48bcc1cbd5c7c04e40be18f8c37915aa1d54e8887a72f,MODIS/061/MOD09Q1,2023-07-04T00:00:00+00:00,final-source-scenes-r2-asset-verified,SUPPORT_INTERVAL_OUTSIDE_NOMINAL_WINDOW,b21c8cc7f3d4d35e1db4dfa1c8245ff10ba657c0a0a001992b552808766cc49b,RESTORE_SYSTEM_INDEX_FROM_EXACT_SYSTEM_ID,False,MODIS/061/MOD09Q1/2023_07_04,source-scenes-v1,2023-07-31,Terra MODIS,,061,061,b38453b824c75750deeacedeb0df91aaf5a8813833a139e3ba9e67f2ce55ca2b,modis,9bb88b68b9cdc4953e2310450fe8748ad6fb0134de0c66e51b3ae77734a9d510,2023-07-11,2023-07-07,2023-07-04,MODIS/061/MOD09Q1/2023_07_04,2023_07_04,1688428800000,2023-08-15,2023-07-16,2023
AOI-02,ffcd445586dcd3b933d48bcc1cbd5c7c04e40be18f8c37915aa1d54e8887a72f,MODIS/061/MOD09Q1,2023-07-12T00:00:00+00:00,final-source-scenes-r2-asset-verified,,b21c8cc7f3d4d35e1db4dfa1c8245ff10ba657c0a0a001992b552808766cc49b,RESTORE_SYSTEM_INDEX_FROM_EXACT_SYSTEM_ID,True,MODIS/061/MOD09Q1/2023_07_12,source-scenes-v1,2023-07-31,Terra MODIS,,061,061,b38453b824c75750deeacedeb0df91aaf5a8813833a139e3ba9e67f2ce55ca2b,modis,9bb88b68b9cdc4953e2310450fe8748ad6fb0134de0c66e51b3ae77734a9d510,2023-07-19,2023-07-15,2023-07-12,MODIS/061/MOD09Q1/2023_07_12,2023_07_12,1689120000000,2023-08-15,2023-07-16,2023
AOI-02,ffcd445586dcd3b933d48bcc1cbd5c7c04e40be18f8c37915aa1d54e8887a72f,MODIS/061/MOD09Q1,2023-07-20T00:00:00+00:00,final-source-scenes-r2-asset-verified,,b21c8cc7f3d4d35e1db4dfa1c8245ff10ba657c0a0a001992b552808766cc49b,RESTORE_SYSTEM_INDEX_FROM_EXACT_SYSTEM_ID,True,MODIS/061/MOD09Q1/2023_07_20,source-scenes-v1,2023-07-31,Terra MODIS,,061,061,b38453b824c75750deeacedeb0df91aaf5a8813833a139e3ba9e67f2ce55ca2b,modis,9bb88b68b9cdc4953e2310450fe8748ad6fb0134de0c66e51b3ae77734a9d510,2023-07-27,2023-07-23,2023-07-20,MODIS/061/MOD09Q1/2023_07_20,2023_07_20,1689811200000,2023-08-15,2023-07-16,2023
AOI-02,ffcd445586dcd3b933d48bcc1cbd5c7c04e40be18f8c37915aa1d54e8887a72f,MODIS/061/MOD09Q1,2023-07-28T00:00:00+00:00,final-source-scenes-r2-asset-verified,,b21c8cc7f3d4d35e1db4dfa1c8245ff10ba657c0a0a001992b552808766cc49b,RESTORE_SYSTEM_INDEX_FROM_EXACT_SYSTEM_ID,True,MODIS/061/MOD09Q1/2023_07_28,source-scenes-v1,2023-07-31,Terra MODIS,,061,061,b38453b824c75750deeacedeb0df91aaf5a8813833a139e3ba9e67f2ce55ca2b,modis,9bb88b68b9cdc4953e2310450fe8748ad6fb0134de0c66e51b3ae77734a9d510,2023-08-04,2023-07-31,2023-07-28,MODIS/061/MOD09Q1/2023_07_28,2023_07_28,1690502400000,2023-08-15,2023-07-16,2023
AOI-02,ffcd445586dcd3b933d48bcc1cbd5c7c04e40be18f8c37915aa1d54e8887a72f,MODIS/061/MOD09Q1,2023-08-05T00:00:00+00:00,final-source-scenes-r2-asset-verified,,b21c8cc7f3d4d35e1db4dfa1c8245ff10ba657c0a0a001992b552808766cc49b,RESTORE_SYSTEM_INDEX_FROM_EXACT_SYSTEM_ID,True,MODIS/061/MOD09Q1/2023_08_05,source-scenes-v1,2023-07-31,Terra MODIS,,061,061,b38453b824c75750deeacedeb0df91aaf5a8813833a139e3ba9e67f2ce55ca2b,modis,9bb88b68b9cdc4953e2310450fe8748ad6fb0134de0c66e51b3ae77734a9d510,2023-08-12,2023-08-08,2023-08-05,MODIS/061/MOD09Q1/2023_08_05,2023_08_05,1691193600000,2023-08-15,2023-07-16,2023
AOI-02,ffcd445586dcd3b933d48bcc1cbd5c7c04e40be18f8c37915aa1d54e8887a72f,MODIS/061/MOD09Q1,2023-08-13T00:00:00+00:00,final-source-scenes-r2-asset-verified,,b21c8cc7f3d4d35e1db4dfa1c8245ff10ba657c0a0a001992b552808766cc49b,RESTORE_SYSTEM_INDEX_FROM_EXACT_SYSTEM_ID,True,MODIS/061/MOD09Q1/2023_08_13,source-scenes-v1,2023-07-31,Terra MODIS,,061,061,b38453b824c75750deeacedeb0df91aaf5a8813833a139e3ba9e67f2ce55ca2b,modis,9bb88b68b9cdc4953e2310450fe8748ad6fb0134de0c66e51b3ae77734a9d510,2023-08-20,2023-08-16,2023-08-13,MODIS/061/MOD09Q1/2023_08_13,2023_08_13,1691884800000,2023-08-15,2023-07-16,2023
AOI-02,ffcd445586dcd3b933d48bcc1cbd5c7c04e40be18f8c37915aa1d54e8887a72f,MODIS/061/MOD09Q1,2023-08-21T00:00:00+00:00,final-source-scenes-r2-asset-verified,SUPPORT_INTERVAL_OUTSIDE_NOMINAL_WINDOW,b21c8cc7f3d4d35e1db4dfa1c8245ff10ba657c0a0a001992b552808766cc49b,RESTORE_SYSTEM_INDEX_FROM_EXACT_SYSTEM_ID,False,MODIS/061/MOD09Q1/2023_08_21,source-scenes-v1,2023-07-31,Terra MODIS,,061,061,b38453b824c75750deeacedeb0df91aaf5a8813833a139e3ba9e67f2ce55ca2b,modis,9bb88b68b9cdc4953e2310450fe8748ad6fb0134de0c66e51b3ae77734a9d510,2023-08-28,2023-08-24,2023-08-21,MODIS/061/MOD09Q1/2023_08_21,2023_08_21,1692576000000,2023-08-15,2023-07-16,2023
AOI-02,ffcd445586dcd3b933d48bcc1cbd5c7c04e40be18f8c37915aa1d54e8887a72f,MODIS/061/MOD09Q1,2023-07-04T00:00:00+00:00,final-source-scenes-r2-asset-verified,SUPPORT_INTERVAL_OUTSIDE_NOMINAL_WINDOW,b21c8cc7f3d4d35e1db4dfa1c8245ff10ba657c0a0a001992b552808766cc49b,RESTORE_SYSTEM_INDEX_FROM_EXACT_SYSTEM_ID,False,MODIS/061/MOD09Q1/2023_07_04,source-scenes-v1,2023-08-10,Terra MODIS,,061,061,966e930c80cc96850b8c717508324d7da89cb13ed0f35d42acb8846c50ac255b,modis,7c7cf7ceec4aabee54a999b5e08cacc84f2aee16b6425b0376788113f4b0f6a1,2023-07-11,2023-07-07,2023-07-04,MODIS/061/MOD09Q1/2023_07_04,2023_07_04,1688428800000,2023-08-25,2023-07-26,2023
AOI-02,ffcd445586dcd3b933d48bcc1cbd5c7c04e40be18f8c37915aa1d54e8887a72f,MODIS/061/MOD09Q1,2023-07-12T00:00:00+00:00,final-source-scenes-r2-asset-verified,SUPPORT_INTERVAL_OUTSIDE_NOMINAL_WINDOW,b21c8cc7f3d4d35e1db4dfa1c8245ff10ba657c0a0a001992b552808766cc49b,RESTORE_SYSTEM_INDEX_FROM_EXACT_SYSTEM_ID,False,MODIS/061/MOD09Q1/2023_07_12,source-scenes-v1,2023-08-10,Terra MODIS,,061,061,966e930c80cc96850b8c717508324d7da89cb13ed0f35d42acb8846c50ac255b,modis,7c7cf7ceec4aabee54a999b5e08cacc84f2aee16b6425b0376788113f4b0f6a1,2023-07-19,2023-07-15,2023-07-12,MODIS/061/MOD09Q1/2023_07_12,2023_07_12,1689120000000,2023-08-25,2023-07-26,2023
AOI-02,ffcd445586dcd3b933d48bcc1cbd5c7c04e40be18f8c37915aa1d54e8887a72f,MODIS/061/MOD09Q1,2023-07-20T00:00:00+00:00,final-source-scenes-r2-asset-verified,,b21c8cc7f3d4d35e1db4dfa1c8245ff10ba657c0a0a001992b552808766cc49b,RESTORE_SYSTEM_INDEX_FROM_EXACT_SYSTEM_ID,True,MODIS/061/MOD09Q1/2023_07_20,source-scenes-v1,2023-08-10,Terra MODIS,,061,061,966e930c80cc96850b8c717508324d7da89cb13ed0f35d42acb8846c50ac255b,modis,7c7cf7ceec4aabee54a999b5e08cacc84f2aee16b6425b0376788113f4b0f6a1,2023-07-27,2023-07-23,2023-07-20,MODIS/061/MOD09Q1/2023_07_20,2023_07_20,1689811200000,2023-08-25,2023-07-26,2023
AOI-02,ffcd445586dcd3b933d48bcc1cbd5c7c04e40be18f8c37915aa1d54e8887a72f,MODIS/061/MOD09Q1,2023-07-28T00:00:00+00:00,final-source-scenes-r2-asset-verified,,b21c8cc7f3d4d35e1db4dfa1c8245ff10ba657c0a0a001992b552808766cc49b,RESTORE_SYSTEM_INDEX_FROM_EXACT_SYSTEM_ID,True,MODIS/061/MOD09Q1/2023_07_28,source-scenes-v1,2023-08-10,Terra MODIS,,061,061,966e930c80cc96850b8c717508324d7da89cb13ed0f35d42acb8846c50ac255b,modis,7c7cf7ceec4aabee54a999b5e08cacc84f2aee16b6425b0376788113f4b0f6a1,2023-08-04,2023-07-31,2023-07-28,MODIS/061/MOD09Q1/2023_07_28,2023_07_28,1690502400000,2023-08-25,2023-07-26,2023
AOI-02,ffcd445586dcd3b933d48bcc1cbd5c7c04e40be18f8c37915aa1d54e8887a72f,MODIS/061/MOD09Q1,2023-08-05T00:00:00+00:00,final-source-scenes-r2-asset-verified,,b21c8cc7f3d4d35e1db4dfa1c8245ff10ba657c0a0a001992b552808766cc49b,RESTORE_SYSTEM_INDEX_FROM_EXACT_SYSTEM_ID,True,MODIS/061/MOD09Q1/2023_08_05,source-scenes-v1,2023-08-10,Terra MODIS,,061,061,966e930c80cc96850b8c717508324d7da89cb13ed0f35d42acb8846c50ac255b,modis,7c7cf7ceec4aabee54a999b5e08cacc84f2aee16b6425b0376788113f4b0f6a1,2023-08-12,2023-08-08,2023-08-05,MODIS/061/MOD09Q1/2023_08_05,2023_08_05,1691193600000,2023-08-25,2023-07-26,2023
AOI-02,ffcd445586dcd3b933d48bcc1cbd5c7c04e40be18f8c37915aa1d54e8887a72f,MODIS/061/MOD09Q1,2023-08-13T00:00:00+00:00,final-source-scenes-r2-asset-verified,,b21c8cc7f3d4d35e1db4dfa1c8245ff10ba657c0a0a001992b552808766cc49b,RESTORE_SYSTEM_INDEX_FROM_EXACT_SYSTEM_ID,True,MODIS/061/MOD09Q1/2023_08_13,source-scenes-v1,2023-08-10,Terra MODIS,,061,061,966e930c80cc96850b8c717508324d7da89cb13ed0f35d42acb8846c50ac255b,modis,7c7cf7ceec4aabee54a999b5e08cacc84f2aee16b6425b0376788113f4b0f6a1,2023-08-20,2023-08-16,2023-08-13,MODIS/061/MOD09Q1/2023_08_13,2023_08_13,1691884800000,2023-08-25,2023-07-26,2023
AOI-02,ffcd445586dcd3b933d48bcc1cbd5c7c04e40be18f8c37915aa1d54e8887a72f,MODIS/061/MOD09Q1,2023-08-21T00:00:00+00:00,final-source-scenes-r2-asset-verified,,b21c8cc7f3d4d35e1db4dfa1c8245ff10ba657c0a0a001992b552808766cc49b,RESTORE_SYSTEM_INDEX_FROM_EXACT_SYSTEM_ID,True,MODIS/061/MOD09Q1/2023_08_21,source-scenes-v1,2023-08-10,Terra MODIS,,061,061,966e930c80cc96850b8c717508324d7da89cb13ed0f35d42acb8846c50ac255b,modis,7c7cf7ceec4aabee54a999b5e08cacc84f2aee16b6425b0376788113f4b0f6a1,2023-08-28,2023-08-24,2023-08-21,MODIS/061/MOD09Q1/2023_08_21,2023_08_21,1692576000000,2023-08-25,2023-07-26,2023
AOI-02,ffcd445586dcd3b933d48bcc1cbd5c7c04e40be18f8c37915aa1d54e8887a72f,MODIS/061/MOD09Q1,2024-07-03T00:00:00+00:00,final-source-scenes-r2-asset-verified,,b21c8cc7f3d4d35e1db4dfa1c8245ff10ba657c0a0a001992b552808766cc49b,RESTORE_SYSTEM_INDEX_FROM_EXACT_SYSTEM_ID,True,MODIS/061/MOD09Q1/2024_07_03,source-scenes-v1,2024-07-20,Terra MODIS,,061,061,fa35525b4da72fa7003bb93baa1bbc94fdc6d5ad2ac1f1e078963165c567b4da,modis,f40414da3126e30347e9e1b212a90e8a3274fe167a09a06c370fab47c4952613,2024-07-10,2024-07-06,2024-07-03,MODIS/061/MOD09Q1/2024_07_03,2024_07_03,1719964800000,2024-08-04,2024-07-05,2024
AOI-02,ffcd445586dcd3b933d48bcc1cbd5c7c04e40be18f8c37915aa1d54e8887a72f,MODIS/061/MOD09Q1,2024-07-11T00:00:00+00:00,final-source-scenes-r2-asset-verified,,b21c8cc7f3d4d35e1db4dfa1c8245ff10ba657c0a0a001992b552808766cc49b,RESTORE_SYSTEM_INDEX_FROM_EXACT_SYSTEM_ID,True,MODIS/061/MOD09Q1/2024_07_11,source-scenes-v1,2024-07-20,Terra MODIS,,061,061,fa35525b4da72fa7003bb93baa1bbc94fdc6d5ad2ac1f1e078963165c567b4da,modis,f40414da3126e30347e9e1b212a90e8a3274fe167a09a06c370fab47c4952613,2024-07-18,2024-07-14,2024-07-11,MODIS/061/MOD09Q1/2024_07_11,2024_07_11,1720656000000,2024-08-04,2024-07-05,2024
AOI-02,ffcd445586dcd3b933d48bcc1cbd5c7c04e40be18f8c37915aa1d54e8887a72f,MODIS/061/MOD09Q1,2024-07-19T00:00:00+00:00,final-source-scenes-r2-asset-verified,,b21c8cc7f3d4d35e1db4dfa1c8245ff10ba657c0a0a001992b552808766cc49b,RESTORE_SYSTEM_INDEX_FROM_EXACT_SYSTEM_ID,True,MODIS/061/MOD09Q1/2024_07_19,source-scenes-v1,2024-07-20,Terra MODIS,,061,061,fa35525b4da72fa7003bb93baa1bbc94fdc6d5ad2ac1f1e078963165c567b4da,modis,f40414da3126e30347e9e1b212a90e8a3274fe167a09a06c370fab47c4952613,2024-07-26,2024-07-22,2024-07-19,MODIS/061/MOD09Q1/2024_07_19,2024_07_19,1721347200000,2024-08-04,2024-07-05,2024
AOI-02,ffcd445586dcd3b933d48bcc1cbd5c7c04e40be18f8c37915aa1d54e8887a72f,MODIS/061/MOD09Q1,2024-07-27T00:00:00+00:00,final-source-scenes-r2-asset-verified,,b21c8cc7f3d4d35e1db4dfa1c8245ff10ba657c0a0a001992b552808766cc49b,RESTORE_SYSTEM_INDEX_FROM_EXACT_SYSTEM_ID,True,MODIS/061/MOD09Q1/2024_07_27,source-scenes-v1,2024-07-20,Terra MODIS,,061,061,fa35525b4da72fa7003bb93baa1bbc94fdc6d5ad2ac1f1e078963165c567b4da,modis,f40414da3126e30347e9e1b212a90e8a3274fe167a09a06c370fab47c4952613,2024-08-03,2024-07-30,2024-07-27,MODIS/061/MOD09Q1/2024_07_27,2024_07_27,1722038400000,2024-08-04,2024-07-05,2024
AOI-02,ffcd445586dcd3b933d48bcc1cbd5c7c04e40be18f8c37915aa1d54e8887a72f,MODIS/061/MOD09Q1,2024-08-04T00:00:00+00:00,final-source-scenes-r2-asset-verified,,b21c8cc7f3d4d35e1db4dfa1c8245ff10ba657c0a0a001992b552808766cc49b,RESTORE_SYSTEM_INDEX_FROM_EXACT_SYSTEM_ID,True,MODIS/061/MOD09Q1/2024_08_04,source-scenes-v1,2024-07-20,Terra MODIS,,061,061,fa35525b4da72fa7003bb93baa1bbc94fdc6d5ad2ac1f1e078963165c567b4da,modis,f40414da3126e30347e9e1b212a90e8a3274fe167a09a06c370fab47c4952613,2024-08-11,2024-08-07,2024-08-04,MODIS/061/MOD09Q1/2024_08_04,2024_08_04,1722729600000,2024-08-04,2024-07-05,2024
AOI-02,ffcd445586dcd3b933d48bcc1cbd5c7c04e40be18f8c37915aa1d54e8887a72f,MODIS/061/MOD09Q1,2024-08-12T00:00:00+00:00,final-source-scenes-r2-asset-verified,SUPPORT_INTERVAL_OUTSIDE_NOMINAL_WINDOW,b21c8cc7f3d4d35e1db4dfa1c8245ff10ba657c0a0a001992b552808766cc49b,RESTORE_SYSTEM_INDEX_FROM_EXACT_SYSTEM_ID,False,MODIS/061/MOD09Q1/2024_08_12,source-scenes-v1,2024-07-20,Terra MODIS,,061,061,fa35525b4da72fa7003bb93baa1bbc94fdc6d5ad2ac1f1e078963165c567b4da,modis,f40414da3126e30347e9e1b212a90e8a3274fe167a09a06c370fab47c4952613,2024-08-19,2024-08-15,2024-08-12,MODIS/061/MOD09Q1/2024_08_12,2024_08_12,1723420800000,2024-08-04,2024-07-05,2024
AOI-02,ffcd445586dcd3b933d48bcc1cbd5c7c04e40be18f8c37915aa1d54e8887a72f,MODIS/061/MOD09Q1,2024-08-20T00:00:00+00:00,final-source-scenes-r2-asset-verified,SUPPORT_INTERVAL_OUTSIDE_NOMINAL_WINDOW,b21c8cc7f3d4d35e1db4dfa1c8245ff10ba657c0a0a001992b552808766cc49b,RESTORE_SYSTEM_INDEX_FROM_EXACT_SYSTEM_ID,False,MODIS/061/MOD09Q1/2024_08_20,source-scenes-v1,2024-07-20,Terra MODIS,,061,061,fa35525b4da72fa7003bb93baa1bbc94fdc6d5ad2ac1f1e078963165c567b4da,modis,f40414da3126e30347e9e1b212a90e8a3274fe167a09a06c370fab47c4952613,2024-08-27,2024-08-23,2024-08-20,MODIS/061/MOD09Q1/2024_08_20,2024_08_20,1724112000000,2024-08-04,2024-07-05,2024
AOI-02,ffcd445586dcd3b933d48bcc1cbd5c7c04e40be18f8c37915aa1d54e8887a72f,MODIS/061/MOD09Q1,2024-07-03T00:00:00+00:00,final-source-scenes-r2-asset-verified,SUPPORT_INTERVAL_OUTSIDE_NOMINAL_WINDOW,b21c8cc7f3d4d35e1db4dfa1c8245ff10ba657c0a0a001992b552808766cc49b,RESTORE_SYSTEM_INDEX_FROM_EXACT_SYSTEM_ID,False,MODIS/061/MOD09Q1/2024_07_03,source-scenes-v1,2024-07-31,Terra MODIS,,061,061,7744849281952fb129b51dbe8d88850f5252e10fa13c814f7a82459460cddc54,modis,511c8a3375b6cbbc0aff594752c1d9f86d9c1e20153a651353e6127b6b7ddfb6,2024-07-10,2024-07-06,2024-07-03,MODIS/061/MOD09Q1/2024_07_03,2024_07_03,1719964800000,2024-08-15,2024-07-16,2024
AOI-02,ffcd445586dcd3b933d48bcc1cbd5c7c04e40be18f8c37915aa1d54e8887a72f,MODIS/061/MOD09Q1,2024-07-11T00:00:00+00:00,final-source-scenes-r2-asset-verified,,b21c8cc7f3d4d35e1db4dfa1c8245ff10ba657c0a0a001992b552808766cc49b,RESTORE_SYSTEM_INDEX_FROM_EXACT_SYSTEM_ID,True,MODIS/061/MOD09Q1/2024_07_11,source-scenes-v1,2024-07-31,Terra MODIS,,061,061,7744849281952fb129b51dbe8d88850f5252e10fa13c814f7a82459460cddc54,modis,511c8a3375b6cbbc0aff594752c1d9f86d9c1e20153a651353e6127b6b7ddfb6,2024-07-18,2024-07-14,2024-07-11,MODIS/061/MOD09Q1/2024_07_11,2024_07_11,1720656000000,2024-08-15,2024-07-16,2024
AOI-02,ffcd445586dcd3b933d48bcc1cbd5c7c04e40be18f8c37915aa1d54e8887a72f,MODIS/061/MOD09Q1,2024-07-19T00:00:00+00:00,final-source-scenes-r2-asset-verified,,b21c8cc7f3d4d35e1db4dfa1c8245ff10ba657c0a0a001992b552808766cc49b,RESTORE_SYSTEM_INDEX_FROM_EXACT_SYSTEM_ID,True,MODIS/061/MOD09Q1/2024_07_19,source-scenes-v1,2024-07-31,Terra MODIS,,061,061,7744849281952fb129b51dbe8d88850f5252e10fa13c814f7a82459460cddc54,modis,511c8a3375b6cbbc0aff594752c1d9f86d9c1e20153a651353e6127b6b7ddfb6,2024-07-26,2024-07-22,2024-07-19,MODIS/061/MOD09Q1/2024_07_19,2024_07_19,1721347200000,2024-08-15,2024-07-16,2024
AOI-02,ffcd445586dcd3b933d48bcc1cbd5c7c04e40be18f8c37915aa1d54e8887a72f,MODIS/061/MOD09Q1,2024-07-27T00:00:00+00:00,final-source-scenes-r2-asset-verified,,b21c8cc7f3d4d35e1db4dfa1c8245ff10ba657c0a0a001992b552808766cc49b,RESTORE_SYSTEM_INDEX_FROM_EXACT_SYSTEM_ID,True,MODIS/061/MOD09Q1/2024_07_27,source-scenes-v1,2024-07-31,Terra MODIS,,061,061,7744849281952fb129b51dbe8d88850f5252e10fa13c814f7a82459460cddc54,modis,511c8a3375b6cbbc0aff594752c1d9f86d9c1e20153a651353e6127b6b7ddfb6,2024-08-03,2024-07-30,2024-07-27,MODIS/061/MOD09Q1/2024_07_27,2024_07_27,1722038400000,2024-08-15,2024-07-16,2024
AOI-02,ffcd445586dcd3b933d48bcc1cbd5c7c04e40be18f8c37915aa1d54e8887a72f,MODIS/061/MOD09Q1,2024-08-04T00:00:00+00:00,final-source-scenes-r2-asset-verified,,b21c8cc7f3d4d35e1db4dfa1c8245ff10ba657c0a0a001992b552808766cc49b,RESTORE_SYSTEM_INDEX_FROM_EXACT_SYSTEM_ID,True,MODIS/061/MOD09Q1/2024_08_04,source-scenes-v1,2024-07-31,Terra MODIS,,061,061,7744849281952fb129b51dbe8d88850f5252e10fa13c814f7a82459460cddc54,modis,511c8a3375b6cbbc0aff594752c1d9f86d9c1e20153a651353e6127b6b7ddfb6,2024-08-11,2024-08-07,2024-08-04,MODIS/061/MOD09Q1/2024_08_04,2024_08_04,1722729600000,2024-08-15,2024-07-16,2024
AOI-02,ffcd445586dcd3b933d48bcc1cbd5c7c04e40be18f8c37915aa1d54e8887a72f,MODIS/061/MOD09Q1,2024-08-12T00:00:00+00:00,final-source-scenes-r2-asset-verified,,b21c8cc7f3d4d35e1db4dfa1c8245ff10ba657c0a0a001992b552808766cc49b,RESTORE_SYSTEM_INDEX_FROM_EXACT_SYSTEM_ID,True,MODIS/061/MOD09Q1/2024_08_12,source-scenes-v1,2024-07-31,Terra MODIS,,061,061,7744849281952fb129b51dbe8d88850f5252e10fa13c814f7a82459460cddc54,modis,511c8a3375b6cbbc0aff594752c1d9f86d9c1e20153a651353e6127b6b7ddfb6,2024-08-19,2024-08-15,2024-08-12,MODIS/061/MOD09Q1/2024_08_12,2024_08_12,1723420800000,2024-08-15,2024-07-16,2024
AOI-02,ffcd445586dcd3b933d48bcc1cbd5c7c04e40be18f8c37915aa1d54e8887a72f,MODIS/061/MOD09Q1,2024-08-20T00:00:00+00:00,final-source-scenes-r2-asset-verified,SUPPORT_INTERVAL_OUTSIDE_NOMINAL_WINDOW,b21c8cc7f3d4d35e1db4dfa1c8245ff10ba657c0a0a001992b552808766cc49b,RESTORE_SYSTEM_INDEX_FROM_EXACT_SYSTEM_ID,False,MODIS/061/MOD09Q1/2024_08_20,source-scenes-v1,2024-07-31,Terra MODIS,,061,061,7744849281952fb129b51dbe8d88850f5252e10fa13c814f7a82459460cddc54,modis,511c8a3375b6cbbc0aff594752c1d9f86d9c1e20153a651353e6127b6b7ddfb6,2024-08-27,2024-08-23,2024-08-20,MODIS/061/MOD09Q1/2024_08_20,2024_08_20,1724112000000,2024-08-15,2024-07-16,2024
AOI-02,ffcd445586dcd3b933d48bcc1cbd5c7c04e40be18f8c37915aa1d54e8887a72f,MODIS/061/MOD09Q1,2024-07-03T00:00:00+00:00,final-source-scenes-r2-asset-verified,SUPPORT_INTERVAL_OUTSIDE_NOMINAL_WINDOW,b21c8cc7f3d4d35e1db4dfa1c8245ff10ba657c0a0a001992b552808766cc49b,RESTORE_SYSTEM_INDEX_FROM_EXACT_SYSTEM_ID,False,MODIS/061/MOD09Q1/2024_07_03,source-scenes-v1,2024-08-10,Terra MODIS,,061,061,1b3d6a746f2f7b25b53895780e62d7d4e125c01eaaecc01d03c55067a97ea414,modis,5eef6aaf2a65402df112ef95c0c24710984ad659cfd0b52e45d2d4a979db27d2,2024-07-10,2024-07-06,2024-07-03,MODIS/061/MOD09Q1/2024_07_03,2024_07_03,1719964800000,2024-08-25,2024-07-26,2024
AOI-02,ffcd445586dcd3b933d48bcc1cbd5c7c04e40be18f8c37915aa1d54e8887a72f,MODIS/061/MOD09Q1,2024-07-11T00:00:00+00:00,final-source-scenes-r2-asset-verified,SUPPORT_INTERVAL_OUTSIDE_NOMINAL_WINDOW,b21c8cc7f3d4d35e1db4dfa1c8245ff10ba657c0a0a001992b552808766cc49b,RESTORE_SYSTEM_INDEX_FROM_EXACT_SYSTEM_ID,False,MODIS/061/MOD09Q1/2024_07_11,source-scenes-v1,2024-08-10,Terra MODIS,,061,061,1b3d6a746f2f7b25b53895780e62d7d4e125c01eaaecc01d03c55067a97ea414,modis,5eef6aaf2a65402df112ef95c0c24710984ad659cfd0b52e45d2d4a979db27d2,2024-07-18,2024-07-14,2024-07-11,MODIS/061/MOD09Q1/2024_07_11,2024_07_11,1720656000000,2024-08-25,2024-07-26,2024
AOI-02,ffcd445586dcd3b933d48bcc1cbd5c7c04e40be18f8c37915aa1d54e8887a72f,MODIS/061/MOD09Q1,2024-07-19T00:00:00+00:00,final-source-scenes-r2-asset-verified,,b21c8cc7f3d4d35e1db4dfa1c8245ff10ba657c0a0a001992b552808766cc49b,RESTORE_SYSTEM_INDEX_FROM_EXACT_SYSTEM_ID,True,MODIS/061/MOD09Q1/2024_07_19,source-scenes-v1,2024-08-10,Terra MODIS,,061,061,1b3d6a746f2f7b25b53895780e62d7d4e125c01eaaecc01d03c55067a97ea414,modis,5eef6aaf2a65402df112ef95c0c24710984ad659cfd0b52e45d2d4a979db27d2,2024-07-26,2024-07-22,2024-07-19,MODIS/061/MOD09Q1/2024_07_19,2024_07_19,1721347200000,2024-08-25,2024-07-26,2024
AOI-02,ffcd445586dcd3b933d48bcc1cbd5c7c04e40be18f8c37915aa1d54e8887a72f,MODIS/061/MOD09Q1,2024-07-27T00:00:00+00:00,final-source-scenes-r2-asset-verified,,b21c8cc7f3d4d35e1db4dfa1c8245ff10ba657c0a0a001992b552808766cc49b,RESTORE_SYSTEM_INDEX_FROM_EXACT_SYSTEM_ID,True,MODIS/061/MOD09Q1/2024_07_27,source-scenes-v1,2024-08-10,Terra MODIS,,061,061,1b3d6a746f2f7b25b53895780e62d7d4e125c01eaaecc01d03c55067a97ea414,modis,5eef6aaf2a65402df112ef95c0c24710984ad659cfd0b52e45d2d4a979db27d2,2024-08-03,2024-07-30,2024-07-27,MODIS/061/MOD09Q1/2024_07_27,2024_07_27,1722038400000,2024-08-25,2024-07-26,2024
AOI-02,ffcd445586dcd3b933d48bcc1cbd5c7c04e40be18f8c37915aa1d54e8887a72f,MODIS/061/MOD09Q1,2024-08-04T00:00:00+00:00,final-source-scenes-r2-asset-verified,,b21c8cc7f3d4d35e1db4dfa1c8245ff10ba657c0a0a001992b552808766cc49b,RESTORE_SYSTEM_INDEX_FROM_EXACT_SYSTEM_ID,True,MODIS/061/MOD09Q1/2024_08_04,source-scenes-v1,2024-08-10,Terra MODIS,,061,061,1b3d6a746f2f7b25b53895780e62d7d4e125c01eaaecc01d03c55067a97ea414,modis,5eef6aaf2a65402df112ef95c0c24710984ad659cfd0b52e45d2d4a979db27d2,2024-08-11,2024-08-07,2024-08-04,MODIS/061/MOD09Q1/2024_08_04,2024_08_04,1722729600000,2024-08-25,2024-07-26,2024
AOI-02,ffcd445586dcd3b933d48bcc1cbd5c7c04e40be18f8c37915aa1d54e8887a72f,MODIS/061/MOD09Q1,2024-08-12T00:00:00+00:00,final-source-scenes-r2-asset-verified,,b21c8cc7f3d4d35e1db4dfa1c8245ff10ba657c0a0a001992b552808766cc49b,RESTORE_SYSTEM_INDEX_FROM_EXACT_SYSTEM_ID,True,MODIS/061/MOD09Q1/2024_08_12,source-scenes-v1,2024-08-10,Terra MODIS,,061,061,1b3d6a746f2f7b25b53895780e62d7d4e125c01eaaecc01d03c55067a97ea414,modis,5eef6aaf2a65402df112ef95c0c24710984ad659cfd0b52e45d2d4a979db27d2,2024-08-19,2024-08-15,2024-08-12,MODIS/061/MOD09Q1/2024_08_12,2024_08_12,1723420800000,2024-08-25,2024-07-26,2024
AOI-02,ffcd445586dcd3b933d48bcc1cbd5c7c04e40be18f8c37915aa1d54e8887a72f,MODIS/061/MOD09Q1,2024-08-20T00:00:00+00:00,final-source-scenes-r2-asset-verified,,b21c8cc7f3d4d35e1db4dfa1c8245ff10ba657c0a0a001992b552808766cc49b,RESTORE_SYSTEM_INDEX_FROM_EXACT_SYSTEM_ID,True,MODIS/061/MOD09Q1/2024_08_20,source-scenes-v1,2024-08-10,Terra MODIS,,061,061,1b3d6a746f2f7b25b53895780e62d7d4e125c01eaaecc01d03c55067a97ea414,modis,5eef6aaf2a65402df112ef95c0c24710984ad659cfd0b52e45d2d4a979db27d2,2024-08-27,2024-08-23,2024-08-20,MODIS/061/MOD09Q1/2024_08_20,2024_08_20,1724112000000,2024-08-25,2024-07-26,2024
AOI-02,ffcd445586dcd3b933d48bcc1cbd5c7c04e40be18f8c37915aa1d54e8887a72f,MODIS/061/MOD09Q1,2025-07-04T00:00:00+00:00,final-source-scenes-r2-asset-verified,,b21c8cc7f3d4d35e1db4dfa1c8245ff10ba657c0a0a001992b552808766cc49b,RESTORE_SYSTEM_INDEX_FROM_EXACT_SYSTEM_ID,True,MODIS/061/MOD09Q1/2025_07_04,source-scenes-v1,2025-07-20,Terra MODIS,,061,061,804c281146a94b4a87e1d11ffd59681cfd52eee9c09d0df911baf654653b7220,modis,f1646104db2a2ed24134663556a13a9aa8494e012df4bcdc625d507737fb9966,2025-07-11,2025-07-07,2025-07-04,MODIS/061/MOD09Q1/2025_07_04,2025_07_04,1751587200000,2025-08-04,2025-07-05,2025
AOI-02,ffcd445586dcd3b933d48bcc1cbd5c7c04e40be18f8c37915aa1d54e8887a72f,MODIS/061/MOD09Q1,2025-07-12T00:00:00+00:00,final-source-scenes-r2-asset-verified,,b21c8cc7f3d4d35e1db4dfa1c8245ff10ba657c0a0a001992b552808766cc49b,RESTORE_SYSTEM_INDEX_FROM_EXACT_SYSTEM_ID,True,MODIS/061/MOD09Q1/2025_07_12,source-scenes-v1,2025-07-20,Terra MODIS,,061,061,804c281146a94b4a87e1d11ffd59681cfd52eee9c09d0df911baf654653b7220,modis,f1646104db2a2ed24134663556a13a9aa8494e012df4bcdc625d507737fb9966,2025-07-19,2025-07-15,2025-07-12,MODIS/061/MOD09Q1/2025_07_12,2025_07_12,1752278400000,2025-08-04,2025-07-05,2025
AOI-02,ffcd445586dcd3b933d48bcc1cbd5c7c04e40be18f8c37915aa1d54e8887a72f,MODIS/061/MOD09Q1,2025-07-20T00:00:00+00:00,final-source-scenes-r2-asset-verified,,b21c8cc7f3d4d35e1db4dfa1c8245ff10ba657c0a0a001992b552808766cc49b,RESTORE_SYSTEM_INDEX_FROM_EXACT_SYSTEM_ID,True,MODIS/061/MOD09Q1/2025_07_20,source-scenes-v1,2025-07-20,Terra MODIS,,061,061,804c281146a94b4a87e1d11ffd59681cfd52eee9c09d0df911baf654653b7220,modis,f1646104db2a2ed24134663556a13a9aa8494e012df4bcdc625d507737fb9966,2025-07-27,2025-07-23,2025-07-20,MODIS/061/MOD09Q1/2025_07_20,2025_07_20,1752969600000,2025-08-04,2025-07-05,2025
AOI-02,ffcd445586dcd3b933d48bcc1cbd5c7c04e40be18f8c37915aa1d54e8887a72f,MODIS/061/MOD09Q1,2025-07-28T00:00:00+00:00,final-source-scenes-r2-asset-verified,,b21c8cc7f3d4d35e1db4dfa1c8245ff10ba657c0a0a001992b552808766cc49b,RESTORE_SYSTEM_INDEX_FROM_EXACT_SYSTEM_ID,True,MODIS/061/MOD09Q1/2025_07_28,source-scenes-v1,2025-07-20,Terra MODIS,,061,061,804c281146a94b4a87e1d11ffd59681cfd52eee9c09d0df911baf654653b7220,modis,f1646104db2a2ed24134663556a13a9aa8494e012df4bcdc625d507737fb9966,2025-08-04,2025-07-31,2025-07-28,MODIS/061/MOD09Q1/2025_07_28,2025_07_28,1753660800000,2025-08-04,2025-07-05,2025
AOI-02,ffcd445586dcd3b933d48bcc1cbd5c7c04e40be18f8c37915aa1d54e8887a72f,MODIS/061/MOD09Q1,2025-08-05T00:00:00+00:00,final-source-scenes-r2-asset-verified,SUPPORT_INTERVAL_OUTSIDE_NOMINAL_WINDOW,b21c8cc7f3d4d35e1db4dfa1c8245ff10ba657c0a0a001992b552808766cc49b,RESTORE_SYSTEM_INDEX_FROM_EXACT_SYSTEM_ID,False,MODIS/061/MOD09Q1/2025_08_05,source-scenes-v1,2025-07-20,Terra MODIS,,061,061,804c281146a94b4a87e1d11ffd59681cfd52eee9c09d0df911baf654653b7220,modis,f1646104db2a2ed24134663556a13a9aa8494e012df4bcdc625d507737fb9966,2025-08-12,2025-08-08,2025-08-05,MODIS/061/MOD09Q1/2025_08_05,2025_08_05,1754352000000,2025-08-04,2025-07-05,2025
AOI-02,ffcd445586dcd3b933d48bcc1cbd5c7c04e40be18f8c37915aa1d54e8887a72f,MODIS/061/MOD09Q1,2025-08-13T00:00:00+00:00,final-source-scenes-r2-asset-verified,SUPPORT_INTERVAL_OUTSIDE_NOMINAL_WINDOW,b21c8cc7f3d4d35e1db4dfa1c8245ff10ba657c0a0a001992b552808766cc49b,RESTORE_SYSTEM_INDEX_FROM_EXACT_SYSTEM_ID,False,MODIS/061/MOD09Q1/2025_08_13,source-scenes-v1,2025-07-20,Terra MODIS,,061,061,804c281146a94b4a87e1d11ffd59681cfd52eee9c09d0df911baf654653b7220,modis,f1646104db2a2ed24134663556a13a9aa8494e012df4bcdc625d507737fb9966,2025-08-20,2025-08-16,2025-08-13,MODIS/061/MOD09Q1/2025_08_13,2025_08_13,1755043200000,2025-08-04,2025-07-05,2025
AOI-02,ffcd445586dcd3b933d48bcc1cbd5c7c04e40be18f8c37915aa1d54e8887a72f,MODIS/061/MOD09Q1,2025-08-21T00:00:00+00:00,final-source-scenes-r2-asset-verified,SUPPORT_INTERVAL_OUTSIDE_NOMINAL_WINDOW,b21c8cc7f3d4d35e1db4dfa1c8245ff10ba657c0a0a001992b552808766cc49b,RESTORE_SYSTEM_INDEX_FROM_EXACT_SYSTEM_ID,False,MODIS/061/MOD09Q1/2025_08_21,source-scenes-v1,2025-07-20,Terra MODIS,,061,061,804c281146a94b4a87e1d11ffd59681cfd52eee9c09d0df911baf654653b7220,modis,f1646104db2a2ed24134663556a13a9aa8494e012df4bcdc625d507737fb9966,2025-08-28,2025-08-24,2025-08-21,MODIS/061/MOD09Q1/2025_08_21,2025_08_21,1755734400000,2025-08-04,2025-07-05,2025
AOI-02,ffcd445586dcd3b933d48bcc1cbd5c7c04e40be18f8c37915aa1d54e8887a72f,MODIS/061/MOD09Q1,2025-07-04T00:00:00+00:00,final-source-scenes-r2-asset-verified,SUPPORT_INTERVAL_OUTSIDE_NOMINAL_WINDOW,b21c8cc7f3d4d35e1db4dfa1c8245ff10ba657c0a0a001992b552808766cc49b,RESTORE_SYSTEM_INDEX_FROM_EXACT_SYSTEM_ID,False,MODIS/061/MOD09Q1/2025_07_04,source-scenes-v1,2025-07-31,Terra MODIS,,061,061,2d58c8dc81e096dfa9846a3710f566083ff2440c37e655ac8eb087d463f8d23d,modis,ae66ed0435e29b89c189400fadb2167222fbd3091a43ae02dc31027eecd6cf7e,2025-07-11,2025-07-07,2025-07-04,MODIS/061/MOD09Q1/2025_07_04,2025_07_04,1751587200000,2025-08-15,2025-07-16,2025
AOI-02,ffcd445586dcd3b933d48bcc1cbd5c7c04e40be18f8c37915aa1d54e8887a72f,MODIS/061/MOD09Q1,2025-07-12T00:00:00+00:00,final-source-scenes-r2-asset-verified,,b21c8cc7f3d4d35e1db4dfa1c8245ff10ba657c0a0a001992b552808766cc49b,RESTORE_SYSTEM_INDEX_FROM_EXACT_SYSTEM_ID,True,MODIS/061/MOD09Q1/2025_07_12,source-scenes-v1,2025-07-31,Terra MODIS,,061,061,2d58c8dc81e096dfa9846a3710f566083ff2440c37e655ac8eb087d463f8d23d,modis,ae66ed0435e29b89c189400fadb2167222fbd3091a43ae02dc31027eecd6cf7e,2025-07-19,2025-07-15,2025-07-12,MODIS/061/MOD09Q1/2025_07_12,2025_07_12,1752278400000,2025-08-15,2025-07-16,2025
AOI-02,ffcd445586dcd3b933d48bcc1cbd5c7c04e40be18f8c37915aa1d54e8887a72f,MODIS/061/MOD09Q1,2025-07-20T00:00:00+00:00,final-source-scenes-r2-asset-verified,,b21c8cc7f3d4d35e1db4dfa1c8245ff10ba657c0a0a001992b552808766cc49b,RESTORE_SYSTEM_INDEX_FROM_EXACT_SYSTEM_ID,True,MODIS/061/MOD09Q1/2025_07_20,source-scenes-v1,2025-07-31,Terra MODIS,,061,061,2d58c8dc81e096dfa9846a3710f566083ff2440c37e655ac8eb087d463f8d23d,modis,ae66ed0435e29b89c189400fadb2167222fbd3091a43ae02dc31027eecd6cf7e,2025-07-27,2025-07-23,2025-07-20,MODIS/061/MOD09Q1/2025_07_20,2025_07_20,1752969600000,2025-08-15,2025-07-16,2025
AOI-02,ffcd445586dcd3b933d48bcc1cbd5c7c04e40be18f8c37915aa1d54e8887a72f,MODIS/061/MOD09Q1,2025-07-28T00:00:00+00:00,final-source-scenes-r2-asset-verified,,b21c8cc7f3d4d35e1db4dfa1c8245ff10ba657c0a0a001992b552808766cc49b,RESTORE_SYSTEM_INDEX_FROM_EXACT_SYSTEM_ID,True,MODIS/061/MOD09Q1/2025_07_28,source-scenes-v1,2025-07-31,Terra MODIS,,061,061,2d58c8dc81e096dfa9846a3710f566083ff2440c37e655ac8eb087d463f8d23d,modis,ae66ed0435e29b89c189400fadb2167222fbd3091a43ae02dc31027eecd6cf7e,2025-08-04,2025-07-31,2025-07-28,MODIS/061/MOD09Q1/2025_07_28,2025_07_28,1753660800000,2025-08-15,2025-07-16,2025
AOI-02,ffcd445586dcd3b933d48bcc1cbd5c7c04e40be18f8c37915aa1d54e8887a72f,MODIS/061/MOD09Q1,2025-08-05T00:00:00+00:00,final-source-scenes-r2-asset-verified,,b21c8cc7f3d4d35e1db4dfa1c8245ff10ba657c0a0a001992b552808766cc49b,RESTORE_SYSTEM_INDEX_FROM_EXACT_SYSTEM_ID,True,MODIS/061/MOD09Q1/2025_08_05,source-scenes-v1,2025-07-31,Terra MODIS,,061,061,2d58c8dc81e096dfa9846a3710f566083ff2440c37e655ac8eb087d463f8d23d,modis,ae66ed0435e29b89c189400fadb2167222fbd3091a43ae02dc31027eecd6cf7e,2025-08-12,2025-08-08,2025-08-05,MODIS/061/MOD09Q1/2025_08_05,2025_08_05,1754352000000,2025-08-15,2025-07-16,2025
AOI-02,ffcd445586dcd3b933d48bcc1cbd5c7c04e40be18f8c37915aa1d54e8887a72f,MODIS/061/MOD09Q1,2025-08-13T00:00:00+00:00,final-source-scenes-r2-asset-verified,,b21c8cc7f3d4d35e1db4dfa1c8245ff10ba657c0a0a001992b552808766cc49b,RESTORE_SYSTEM_INDEX_FROM_EXACT_SYSTEM_ID,True,MODIS/061/MOD09Q1/2025_08_13,source-scenes-v1,2025-07-31,Terra MODIS,,061,061,2d58c8dc81e096dfa9846a3710f566083ff2440c37e655ac8eb087d463f8d23d,modis,ae66ed0435e29b89c189400fadb2167222fbd3091a43ae02dc31027eecd6cf7e,2025-08-20,2025-08-16,2025-08-13,MODIS/061/MOD09Q1/2025_08_13,2025_08_13,1755043200000,2025-08-15,2025-07-16,2025
AOI-02,ffcd445586dcd3b933d48bcc1cbd5c7c04e40be18f8c37915aa1d54e8887a72f,MODIS/061/MOD09Q1,2025-08-21T00:00:00+00:00,final-source-scenes-r2-asset-verified,SUPPORT_INTERVAL_OUTSIDE_NOMINAL_WINDOW,b21c8cc7f3d4d35e1db4dfa1c8245ff10ba657c0a0a001992b552808766cc49b,RESTORE_SYSTEM_INDEX_FROM_EXACT_SYSTEM_ID,False,MODIS/061/MOD09Q1/2025_08_21,source-scenes-v1,2025-07-31,Terra MODIS,,061,061,2d58c8dc81e096dfa9846a3710f566083ff2440c37e655ac8eb087d463f8d23d,modis,ae66ed0435e29b89c189400fadb2167222fbd3091a43ae02dc31027eecd6cf7e,2025-08-28,2025-08-24,2025-08-21,MODIS/061/MOD09Q1/2025_08_21,2025_08_21,1755734400000,2025-08-15,2025-07-16,2025
AOI-02,ffcd445586dcd3b933d48bcc1cbd5c7c04e40be18f8c37915aa1d54e8887a72f,MODIS/061/MOD09Q1,2025-07-04T00:00:00+00:00,final-source-scenes-r2-asset-verified,SUPPORT_INTERVAL_OUTSIDE_NOMINAL_WINDOW,b21c8cc7f3d4d35e1db4dfa1c8245ff10ba657c0a0a001992b552808766cc49b,RESTORE_SYSTEM_INDEX_FROM_EXACT_SYSTEM_ID,False,MODIS/061/MOD09Q1/2025_07_04,source-scenes-v1,2025-08-10,Terra MODIS,,061,061,84ff9f8e8570b82cac0a81a8c8af7630a8b63e37304798c29a46be34390485da,modis,387b32431836ef9410b327e69c7e14d82705455b395e4eb61ba64a127440a1e1,2025-07-11,2025-07-07,2025-07-04,MODIS/061/MOD09Q1/2025_07_04,2025_07_04,1751587200000,2025-08-25,2025-07-26,2025
AOI-02,ffcd445586dcd3b933d48bcc1cbd5c7c04e40be18f8c37915aa1d54e8887a72f,MODIS/061/MOD09Q1,2025-07-12T00:00:00+00:00,final-source-scenes-r2-asset-verified,SUPPORT_INTERVAL_OUTSIDE_NOMINAL_WINDOW,b21c8cc7f3d4d35e1db4dfa1c8245ff10ba657c0a0a001992b552808766cc49b,RESTORE_SYSTEM_INDEX_FROM_EXACT_SYSTEM_ID,False,MODIS/061/MOD09Q1/2025_07_12,source-scenes-v1,2025-08-10,Terra MODIS,,061,061,84ff9f8e8570b82cac0a81a8c8af7630a8b63e37304798c29a46be34390485da,modis,387b32431836ef9410b327e69c7e14d82705455b395e4eb61ba64a127440a1e1,2025-07-19,2025-07-15,2025-07-12,MODIS/061/MOD09Q1/2025_07_12,2025_07_12,1752278400000,2025-08-25,2025-07-26,2025
AOI-02,ffcd445586dcd3b933d48bcc1cbd5c7c04e40be18f8c37915aa1d54e8887a72f,MODIS/061/MOD09Q1,2025-07-20T00:00:00+00:00,final-source-scenes-r2-asset-verified,,b21c8cc7f3d4d35e1db4dfa1c8245ff10ba657c0a0a001992b552808766cc49b,RESTORE_SYSTEM_INDEX_FROM_EXACT_SYSTEM_ID,True,MODIS/061/MOD09Q1/2025_07_20,source-scenes-v1,2025-08-10,Terra MODIS,,061,061,84ff9f8e8570b82cac0a81a8c8af7630a8b63e37304798c29a46be34390485da,modis,387b32431836ef9410b327e69c7e14d82705455b395e4eb61ba64a127440a1e1,2025-07-27,2025-07-23,2025-07-20,MODIS/061/MOD09Q1/2025_07_20,2025_07_20,1752969600000,2025-08-25,2025-07-26,2025
AOI-02,ffcd445586dcd3b933d48bcc1cbd5c7c04e40be18f8c37915aa1d54e8887a72f,MODIS/061/MOD09Q1,2025-07-28T00:00:00+00:00,final-source-scenes-r2-asset-verified,,b21c8cc7f3d4d35e1db4dfa1c8245ff10ba657c0a0a001992b552808766cc49b,RESTORE_SYSTEM_INDEX_FROM_EXACT_SYSTEM_ID,True,MODIS/061/MOD09Q1/2025_07_28,source-scenes-v1,2025-08-10,Terra MODIS,,061,061,84ff9f8e8570b82cac0a81a8c8af7630a8b63e37304798c29a46be34390485da,modis,387b32431836ef9410b327e69c7e14d82705455b395e4eb61ba64a127440a1e1,2025-08-04,2025-07-31,2025-07-28,MODIS/061/MOD09Q1/2025_07_28,2025_07_28,1753660800000,2025-08-25,2025-07-26,2025
AOI-02,ffcd445586dcd3b933d48bcc1cbd5c7c04e40be18f8c37915aa1d54e8887a72f,MODIS/061/MOD09Q1,2025-08-05T00:00:00+00:00,final-source-scenes-r2-asset-verified,,b21c8cc7f3d4d35e1db4dfa1c8245ff10ba657c0a0a001992b552808766cc49b,RESTORE_SYSTEM_INDEX_FROM_EXACT_SYSTEM_ID,True,MODIS/061/MOD09Q1/2025_08_05,source-scenes-v1,2025-08-10,Terra MODIS,,061,061,84ff9f8e8570b82cac0a81a8c8af7630a8b63e37304798c29a46be34390485da,modis,387b32431836ef9410b327e69c7e14d82705455b395e4eb61ba64a127440a1e1,2025-08-12,2025-08-08,2025-08-05,MODIS/061/MOD09Q1/2025_08_05,2025_08_05,1754352000000,2025-08-25,2025-07-26,2025
AOI-02,ffcd445586dcd3b933d48bcc1cbd5c7c04e40be18f8c37915aa1d54e8887a72f,MODIS/061/MOD09Q1,2025-08-13T00:00:00+00:00,final-source-scenes-r2-asset-verified,,b21c8cc7f3d4d35e1db4dfa1c8245ff10ba657c0a0a001992b552808766cc49b,RESTORE_SYSTEM_INDEX_FROM_EXACT_SYSTEM_ID,True,MODIS/061/MOD09Q1/2025_08_13,source-scenes-v1,2025-08-10,Terra MODIS,,061,061,84ff9f8e8570b82cac0a81a8c8af7630a8b63e37304798c29a46be34390485da,modis,387b32431836ef9410b327e69c7e14d82705455b395e4eb61ba64a127440a1e1,2025-08-20,2025-08-16,2025-08-13,MODIS/061/MOD09Q1/2025_08_13,2025_08_13,1755043200000,2025-08-25,2025-07-26,2025
AOI-02,ffcd445586dcd3b933d48bcc1cbd5c7c04e40be18f8c37915aa1d54e8887a72f,MODIS/061/MOD09Q1,2025-08-21T00:00:00+00:00,final-source-scenes-r2-asset-verified,,b21c8cc7f3d4d35e1db4dfa1c8245ff10ba657c0a0a001992b552808766cc49b,RESTORE_SYSTEM_INDEX_FROM_EXACT_SYSTEM_ID,True,MODIS/061/MOD09Q1/2025_08_21,source-scenes-v1,2025-08-10,Terra MODIS,,061,061,84ff9f8e8570b82cac0a81a8c8af7630a8b63e37304798c29a46be34390485da,modis,387b32431836ef9410b327e69c7e14d82705455b395e4eb61ba64a127440a1e1,2025-08-28,2025-08-24,2025-08-21,MODIS/061/MOD09Q1/2025_08_21,2025_08_21,1755734400000,2025-08-25,2025-07-26,2025
AOI-03,57ca12641709501bb5f30118c491acefed62396c209537573d7eed1d5b0cca15,MODIS/061/MOD09Q1,2021-07-04T00:00:00+00:00,final-source-scenes-r2-asset-verified,,b21c8cc7f3d4d35e1db4dfa1c8245ff10ba657c0a0a001992b552808766cc49b,RESTORE_SYSTEM_INDEX_FROM_EXACT_SYSTEM_ID,True,MODIS/061/MOD09Q1/2021_07_04,source-scenes-v1,2021-07-20,Terra MODIS,,061,061,22eacc3584e28a3d06cdbee07b1b727f4d0663b188eb3c81f373280732f58b7e,modis,489bdbf9f5b43867d725ed26bd7e8f1ef04463307b3304b01353a046ee3997eb,2021-07-11,2021-07-07,2021-07-04,MODIS/061/MOD09Q1/2021_07_04,2021_07_04,1625356800000,2021-08-04,2021-07-05,2021
AOI-03,57ca12641709501bb5f30118c491acefed62396c209537573d7eed1d5b0cca15,MODIS/061/MOD09Q1,2021-07-12T00:00:00+00:00,final-source-scenes-r2-asset-verified,,b21c8cc7f3d4d35e1db4dfa1c8245ff10ba657c0a0a001992b552808766cc49b,RESTORE_SYSTEM_INDEX_FROM_EXACT_SYSTEM_ID,True,MODIS/061/MOD09Q1/2021_07_12,source-scenes-v1,2021-07-20,Terra MODIS,,061,061,22eacc3584e28a3d06cdbee07b1b727f4d0663b188eb3c81f373280732f58b7e,modis,489bdbf9f5b43867d725ed26bd7e8f1ef04463307b3304b01353a046ee3997eb,2021-07-19,2021-07-15,2021-07-12,MODIS/061/MOD09Q1/2021_07_12,2021_07_12,1626048000000,2021-08-04,2021-07-05,2021
AOI-03,57ca12641709501bb5f30118c491acefed62396c209537573d7eed1d5b0cca15,MODIS/061/MOD09Q1,2021-07-20T00:00:00+00:00,final-source-scenes-r2-asset-verified,,b21c8cc7f3d4d35e1db4dfa1c8245ff10ba657c0a0a001992b552808766cc49b,RESTORE_SYSTEM_INDEX_FROM_EXACT_SYSTEM_ID,True,MODIS/061/MOD09Q1/2021_07_20,source-scenes-v1,2021-07-20,Terra MODIS,,061,061,22eacc3584e28a3d06cdbee07b1b727f4d0663b188eb3c81f373280732f58b7e,modis,489bdbf9f5b43867d725ed26bd7e8f1ef04463307b3304b01353a046ee3997eb,2021-07-27,2021-07-23,2021-07-20,MODIS/061/MOD09Q1/2021_07_20,2021_07_20,1626739200000,2021-08-04,2021-07-05,2021
AOI-03,57ca12641709501bb5f30118c491acefed62396c209537573d7eed1d5b0cca15,MODIS/061/MOD09Q1,2021-07-28T00:00:00+00:00,final-source-scenes-r2-asset-verified,,b21c8cc7f3d4d35e1db4dfa1c8245ff10ba657c0a0a001992b552808766cc49b,RESTORE_SYSTEM_INDEX_FROM_EXACT_SYSTEM_ID,True,MODIS/061/MOD09Q1/2021_07_28,source-scenes-v1,2021-07-20,Terra MODIS,,061,061,22eacc3584e28a3d06cdbee07b1b727f4d0663b188eb3c81f373280732f58b7e,modis,489bdbf9f5b43867d725ed26bd7e8f1ef04463307b3304b01353a046ee3997eb,2021-08-04,2021-07-31,2021-07-28,MODIS/061/MOD09Q1/2021_07_28,2021_07_28,1627430400000,2021-08-04,2021-07-05,2021
AOI-03,57ca12641709501bb5f30118c491acefed62396c209537573d7eed1d5b0cca15,MODIS/061/MOD09Q1,2021-08-05T00:00:00+00:00,final-source-scenes-r2-asset-verified,SUPPORT_INTERVAL_OUTSIDE_NOMINAL_WINDOW,b21c8cc7f3d4d35e1db4dfa1c8245ff10ba657c0a0a001992b552808766cc49b,RESTORE_SYSTEM_INDEX_FROM_EXACT_SYSTEM_ID,False,MODIS/061/MOD09Q1/2021_08_05,source-scenes-v1,2021-07-20,Terra MODIS,,061,061,22eacc3584e28a3d06cdbee07b1b727f4d0663b188eb3c81f373280732f58b7e,modis,489bdbf9f5b43867d725ed26bd7e8f1ef04463307b3304b01353a046ee3997eb,2021-08-12,2021-08-08,2021-08-05,MODIS/061/MOD09Q1/2021_08_05,2021_08_05,1628121600000,2021-08-04,2021-07-05,2021
AOI-03,57ca12641709501bb5f30118c491acefed62396c209537573d7eed1d5b0cca15,MODIS/061/MOD09Q1,2021-08-13T00:00:00+00:00,final-source-scenes-r2-asset-verified,SUPPORT_INTERVAL_OUTSIDE_NOMINAL_WINDOW,b21c8cc7f3d4d35e1db4dfa1c8245ff10ba657c0a0a001992b552808766cc49b,RESTORE_SYSTEM_INDEX_FROM_EXACT_SYSTEM_ID,False,MODIS/061/MOD09Q1/2021_08_13,source-scenes-v1,2021-07-20,Terra MODIS,,061,061,22eacc3584e28a3d06cdbee07b1b727f4d0663b188eb3c81f373280732f58b7e,modis,489bdbf9f5b43867d725ed26bd7e8f1ef04463307b3304b01353a046ee3997eb,2021-08-20,2021-08-16,2021-08-13,MODIS/061/MOD09Q1/2021_08_13,2021_08_13,1628812800000,2021-08-04,2021-07-05,2021
AOI-03,57ca12641709501bb5f30118c491acefed62396c209537573d7eed1d5b0cca15,MODIS/061/MOD09Q1,2021-08-21T00:00:00+00:00,final-source-scenes-r2-asset-verified,SUPPORT_INTERVAL_OUTSIDE_NOMINAL_WINDOW,b21c8cc7f3d4d35e1db4dfa1c8245ff10ba657c0a0a001992b552808766cc49b,RESTORE_SYSTEM_INDEX_FROM_EXACT_SYSTEM_ID,False,MODIS/061/MOD09Q1/2021_08_21,source-scenes-v1,2021-07-20,Terra MODIS,,061,061,22eacc3584e28a3d06cdbee07b1b727f4d0663b188eb3c81f373280732f58b7e,modis,489bdbf9f5b43867d725ed26bd7e8f1ef04463307b3304b01353a046ee3997eb,2021-08-28,2021-08-24,2021-08-21,MODIS/061/MOD09Q1/2021_08_21,2021_08_21,1629504000000,2021-08-04,2021-07-05,2021
AOI-03,57ca12641709501bb5f30118c491acefed62396c209537573d7eed1d5b0cca15,MODIS/061/MOD09Q1,2021-07-04T00:00:00+00:00,final-source-scenes-r2-asset-verified,SUPPORT_INTERVAL_OUTSIDE_NOMINAL_WINDOW,b21c8cc7f3d4d35e1db4dfa1c8245ff10ba657c0a0a001992b552808766cc49b,RESTORE_SYSTEM_INDEX_FROM_EXACT_SYSTEM_ID,False,MODIS/061/MOD09Q1/2021_07_04,source-scenes-v1,2021-07-31,Terra MODIS,,061,061,bb795faed1371ce3b89ad1cdf34f0d83722ff063681193f381aede4338b423ae,modis,c6ad4a999a80e31cc9d6a8a6d279864311cfadad41f4a50f8c30b4094a74edcf,2021-07-11,2021-07-07,2021-07-04,MODIS/061/MOD09Q1/2021_07_04,2021_07_04,1625356800000,2021-08-15,2021-07-16,2021
AOI-03,57ca12641709501bb5f30118c491acefed62396c209537573d7eed1d5b0cca15,MODIS/061/MOD09Q1,2021-07-12T00:00:00+00:00,final-source-scenes-r2-asset-verified,,b21c8cc7f3d4d35e1db4dfa1c8245ff10ba657c0a0a001992b552808766cc49b,RESTORE_SYSTEM_INDEX_FROM_EXACT_SYSTEM_ID,True,MODIS/061/MOD09Q1/2021_07_12,source-scenes-v1,2021-07-31,Terra MODIS,,061,061,bb795faed1371ce3b89ad1cdf34f0d83722ff063681193f381aede4338b423ae,modis,c6ad4a999a80e31cc9d6a8a6d279864311cfadad41f4a50f8c30b4094a74edcf,2021-07-19,2021-07-15,2021-07-12,MODIS/061/MOD09Q1/2021_07_12,2021_07_12,1626048000000,2021-08-15,2021-07-16,2021
AOI-03,57ca12641709501bb5f30118c491acefed62396c209537573d7eed1d5b0cca15,MODIS/061/MOD09Q1,2021-07-20T00:00:00+00:00,final-source-scenes-r2-asset-verified,,b21c8cc7f3d4d35e1db4dfa1c8245ff10ba657c0a0a001992b552808766cc49b,RESTORE_SYSTEM_INDEX_FROM_EXACT_SYSTEM_ID,True,MODIS/061/MOD09Q1/2021_07_20,source-scenes-v1,2021-07-31,Terra MODIS,,061,061,bb795faed1371ce3b89ad1cdf34f0d83722ff063681193f381aede4338b423ae,modis,c6ad4a999a80e31cc9d6a8a6d279864311cfadad41f4a50f8c30b4094a74edcf,2021-07-27,2021-07-23,2021-07-20,MODIS/061/MOD09Q1/2021_07_20,2021_07_20,1626739200000,2021-08-15,2021-07-16,2021
AOI-03,57ca12641709501bb5f30118c491acefed62396c209537573d7eed1d5b0cca15,MODIS/061/MOD09Q1,2021-07-28T00:00:00+00:00,final-source-scenes-r2-asset-verified,,b21c8cc7f3d4d35e1db4dfa1c8245ff10ba657c0a0a001992b552808766cc49b,RESTORE_SYSTEM_INDEX_FROM_EXACT_SYSTEM_ID,True,MODIS/061/MOD09Q1/2021_07_28,source-scenes-v1,2021-07-31,Terra MODIS,,061,061,bb795faed1371ce3b89ad1cdf34f0d83722ff063681193f381aede4338b423ae,modis,c6ad4a999a80e31cc9d6a8a6d279864311cfadad41f4a50f8c30b4094a74edcf,2021-08-04,2021-07-31,2021-07-28,MODIS/061/MOD09Q1/2021_07_28,2021_07_28,1627430400000,2021-08-15,2021-07-16,2021
AOI-03,57ca12641709501bb5f30118c491acefed62396c209537573d7eed1d5b0cca15,MODIS/061/MOD09Q1,2021-08-05T00:00:00+00:00,final-source-scenes-r2-asset-verified,,b21c8cc7f3d4d35e1db4dfa1c8245ff10ba657c0a0a001992b552808766cc49b,RESTORE_SYSTEM_INDEX_FROM_EXACT_SYSTEM_ID,True,MODIS/061/MOD09Q1/2021_08_05,source-scenes-v1,2021-07-31,Terra MODIS,,061,061,bb795faed1371ce3b89ad1cdf34f0d83722ff063681193f381aede4338b423ae,modis,c6ad4a999a80e31cc9d6a8a6d279864311cfadad41f4a50f8c30b4094a74edcf,2021-08-12,2021-08-08,2021-08-05,MODIS/061/MOD09Q1/2021_08_05,2021_08_05,1628121600000,2021-08-15,2021-07-16,2021
AOI-03,57ca12641709501bb5f30118c491acefed62396c209537573d7eed1d5b0cca15,MODIS/061/MOD09Q1,2021-08-13T00:00:00+00:00,final-source-scenes-r2-asset-verified,,b21c8cc7f3d4d35e1db4dfa1c8245ff10ba657c0a0a001992b552808766cc49b,RESTORE_SYSTEM_INDEX_FROM_EXACT_SYSTEM_ID,True,MODIS/061/MOD09Q1/2021_08_13,source-scenes-v1,2021-07-31,Terra MODIS,,061,061,bb795faed1371ce3b89ad1cdf34f0d83722ff063681193f381aede4338b423ae,modis,c6ad4a999a80e31cc9d6a8a6d279864311cfadad41f4a50f8c30b4094a74edcf,2021-08-20,2021-08-16,2021-08-13,MODIS/061/MOD09Q1/2021_08_13,2021_08_13,1628812800000,2021-08-15,2021-07-16,2021
AOI-03,57ca12641709501bb5f30118c491acefed62396c209537573d7eed1d5b0cca15,MODIS/061/MOD09Q1,2021-08-21T00:00:00+00:00,final-source-scenes-r2-asset-verified,SUPPORT_INTERVAL_OUTSIDE_NOMINAL_WINDOW,b21c8cc7f3d4d35e1db4dfa1c8245ff10ba657c0a0a001992b552808766cc49b,RESTORE_SYSTEM_INDEX_FROM_EXACT_SYSTEM_ID,False,MODIS/061/MOD09Q1/2021_08_21,source-scenes-v1,2021-07-31,Terra MODIS,,061,061,bb795faed1371ce3b89ad1cdf34f0d83722ff063681193f381aede4338b423ae,modis,c6ad4a999a80e31cc9d6a8a6d279864311cfadad41f4a50f8c30b4094a74edcf,2021-08-28,2021-08-24,2021-08-21,MODIS/061/MOD09Q1/2021_08_21,2021_08_21,1629504000000,2021-08-15,2021-07-16,2021
AOI-03,57ca12641709501bb5f30118c491acefed62396c209537573d7eed1d5b0cca15,MODIS/061/MOD09Q1,2021-07-04T00:00:00+00:00,final-source-scenes-r2-asset-verified,SUPPORT_INTERVAL_OUTSIDE_NOMINAL_WINDOW,b21c8cc7f3d4d35e1db4dfa1c8245ff10ba657c0a0a001992b552808766cc49b,RESTORE_SYSTEM_INDEX_FROM_EXACT_SYSTEM_ID,False,MODIS/061/MOD09Q1/2021_07_04,source-scenes-v1,2021-08-10,Terra MODIS,,061,061,b375797a812c5c8afbf4a0b05dd7bb50e4593059545aedf71e81a76513967113,modis,9f20602c75ed31c7fa8c5aaa161d202c77c731de2e3fedc8f84220ebd6b173dd,2021-07-11,2021-07-07,2021-07-04,MODIS/061/MOD09Q1/2021_07_04,2021_07_04,1625356800000,2021-08-25,2021-07-26,2021
AOI-03,57ca12641709501bb5f30118c491acefed62396c209537573d7eed1d5b0cca15,MODIS/061/MOD09Q1,2021-07-12T00:00:00+00:00,final-source-scenes-r2-asset-verified,SUPPORT_INTERVAL_OUTSIDE_NOMINAL_WINDOW,b21c8cc7f3d4d35e1db4dfa1c8245ff10ba657c0a0a001992b552808766cc49b,RESTORE_SYSTEM_INDEX_FROM_EXACT_SYSTEM_ID,False,MODIS/061/MOD09Q1/2021_07_12,source-scenes-v1,2021-08-10,Terra MODIS,,061,061,b375797a812c5c8afbf4a0b05dd7bb50e4593059545aedf71e81a76513967113,modis,9f20602c75ed31c7fa8c5aaa161d202c77c731de2e3fedc8f84220ebd6b173dd,2021-07-19,2021-07-15,2021-07-12,MODIS/061/MOD09Q1/2021_07_12,2021_07_12,1626048000000,2021-08-25,2021-07-26,2021
AOI-03,57ca12641709501bb5f30118c491acefed62396c209537573d7eed1d5b0cca15,MODIS/061/MOD09Q1,2021-07-20T00:00:00+00:00,final-source-scenes-r2-asset-verified,,b21c8cc7f3d4d35e1db4dfa1c8245ff10ba657c0a0a001992b552808766cc49b,RESTORE_SYSTEM_INDEX_FROM_EXACT_SYSTEM_ID,True,MODIS/061/MOD09Q1/2021_07_20,source-scenes-v1,2021-08-10,Terra MODIS,,061,061,b375797a812c5c8afbf4a0b05dd7bb50e4593059545aedf71e81a76513967113,modis,9f20602c75ed31c7fa8c5aaa161d202c77c731de2e3fedc8f84220ebd6b173dd,2021-07-27,2021-07-23,2021-07-20,MODIS/061/MOD09Q1/2021_07_20,2021_07_20,1626739200000,2021-08-25,2021-07-26,2021
AOI-03,57ca12641709501bb5f30118c491acefed62396c209537573d7eed1d5b0cca15,MODIS/061/MOD09Q1,2021-07-28T00:00:00+00:00,final-source-scenes-r2-asset-verified,,b21c8cc7f3d4d35e1db4dfa1c8245ff10ba657c0a0a001992b552808766cc49b,RESTORE_SYSTEM_INDEX_FROM_EXACT_SYSTEM_ID,True,MODIS/061/MOD09Q1/2021_07_28,source-scenes-v1,2021-08-10,Terra MODIS,,061,061,b375797a812c5c8afbf4a0b05dd7bb50e4593059545aedf71e81a76513967113,modis,9f20602c75ed31c7fa8c5aaa161d202c77c731de2e3fedc8f84220ebd6b173dd,2021-08-04,2021-07-31,2021-07-28,MODIS/061/MOD09Q1/2021_07_28,2021_07_28,1627430400000,2021-08-25,2021-07-26,2021
AOI-03,57ca12641709501bb5f30118c491acefed62396c209537573d7eed1d5b0cca15,MODIS/061/MOD09Q1,2021-08-05T00:00:00+00:00,final-source-scenes-r2-asset-verified,,b21c8cc7f3d4d35e1db4dfa1c8245ff10ba657c0a0a001992b552808766cc49b,RESTORE_SYSTEM_INDEX_FROM_EXACT_SYSTEM_ID,True,MODIS/061/MOD09Q1/2021_08_05,source-scenes-v1,2021-08-10,Terra MODIS,,061,061,b375797a812c5c8afbf4a0b05dd7bb50e4593059545aedf71e81a76513967113,modis,9f20602c75ed31c7fa8c5aaa161d202c77c731de2e3fedc8f84220ebd6b173dd,2021-08-12,2021-08-08,2021-08-05,MODIS/061/MOD09Q1/2021_08_05,2021_08_05,1628121600000,2021-08-25,2021-07-26,2021
AOI-03,57ca12641709501bb5f30118c491acefed62396c209537573d7eed1d5b0cca15,MODIS/061/MOD09Q1,2021-08-13T00:00:00+00:00,final-source-scenes-r2-asset-verified,,b21c8cc7f3d4d35e1db4dfa1c8245ff10ba657c0a0a001992b552808766cc49b,RESTORE_SYSTEM_INDEX_FROM_EXACT_SYSTEM_ID,True,MODIS/061/MOD09Q1/2021_08_13,source-scenes-v1,2021-08-10,Terra MODIS,,061,061,b375797a812c5c8afbf4a0b05dd7bb50e4593059545aedf71e81a76513967113,modis,9f20602c75ed31c7fa8c5aaa161d202c77c731de2e3fedc8f84220ebd6b173dd,2021-08-20,2021-08-16,2021-08-13,MODIS/061/MOD09Q1/2021_08_13,2021_08_13,1628812800000,2021-08-25,2021-07-26,2021
AOI-03,57ca12641709501bb5f30118c491acefed62396c209537573d7eed1d5b0cca15,MODIS/061/MOD09Q1,2021-08-21T00:00:00+00:00,final-source-scenes-r2-asset-verified,,b21c8cc7f3d4d35e1db4dfa1c8245ff10ba657c0a0a001992b552808766cc49b,RESTORE_SYSTEM_INDEX_FROM_EXACT_SYSTEM_ID,True,MODIS/061/MOD09Q1/2021_08_21,source-scenes-v1,2021-08-10,Terra MODIS,,061,061,b375797a812c5c8afbf4a0b05dd7bb50e4593059545aedf71e81a76513967113,modis,9f20602c75ed31c7fa8c5aaa161d202c77c731de2e3fedc8f84220ebd6b173dd,2021-08-28,2021-08-24,2021-08-21,MODIS/061/MOD09Q1/2021_08_21,2021_08_21,1629504000000,2021-08-25,2021-07-26,2021
AOI-03,57ca12641709501bb5f30118c491acefed62396c209537573d7eed1d5b0cca15,MODIS/061/MOD09Q1,2022-07-04T00:00:00+00:00,final-source-scenes-r2-asset-verified,,b21c8cc7f3d4d35e1db4dfa1c8245ff10ba657c0a0a001992b552808766cc49b,RESTORE_SYSTEM_INDEX_FROM_EXACT_SYSTEM_ID,True,MODIS/061/MOD09Q1/2022_07_04,source-scenes-v1,2022-07-20,Terra MODIS,,061,061,2f9f3269c216c396fa9958b9631412e0f2f3ed68e1587e1006e232e42c34f6da,modis,c76722bf2df796b8aad00e69da9c608f81326af1b22d28d41902031d0cd43915,2022-07-11,2022-07-07,2022-07-04,MODIS/061/MOD09Q1/2022_07_04,2022_07_04,1656892800000,2022-08-04,2022-07-05,2022
AOI-03,57ca12641709501bb5f30118c491acefed62396c209537573d7eed1d5b0cca15,MODIS/061/MOD09Q1,2022-07-12T00:00:00+00:00,final-source-scenes-r2-asset-verified,,b21c8cc7f3d4d35e1db4dfa1c8245ff10ba657c0a0a001992b552808766cc49b,RESTORE_SYSTEM_INDEX_FROM_EXACT_SYSTEM_ID,True,MODIS/061/MOD09Q1/2022_07_12,source-scenes-v1,2022-07-20,Terra MODIS,,061,061,2f9f3269c216c396fa9958b9631412e0f2f3ed68e1587e1006e232e42c34f6da,modis,c76722bf2df796b8aad00e69da9c608f81326af1b22d28d41902031d0cd43915,2022-07-19,2022-07-15,2022-07-12,MODIS/061/MOD09Q1/2022_07_12,2022_07_12,1657584000000,2022-08-04,2022-07-05,2022
AOI-03,57ca12641709501bb5f30118c491acefed62396c209537573d7eed1d5b0cca15,MODIS/061/MOD09Q1,2022-07-20T00:00:00+00:00,final-source-scenes-r2-asset-verified,,b21c8cc7f3d4d35e1db4dfa1c8245ff10ba657c0a0a001992b552808766cc49b,RESTORE_SYSTEM_INDEX_FROM_EXACT_SYSTEM_ID,True,MODIS/061/MOD09Q1/2022_07_20,source-scenes-v1,2022-07-20,Terra MODIS,,061,061,2f9f3269c216c396fa9958b9631412e0f2f3ed68e1587e1006e232e42c34f6da,modis,c76722bf2df796b8aad00e69da9c608f81326af1b22d28d41902031d0cd43915,2022-07-27,2022-07-23,2022-07-20,MODIS/061/MOD09Q1/2022_07_20,2022_07_20,1658275200000,2022-08-04,2022-07-05,2022
AOI-03,57ca12641709501bb5f30118c491acefed62396c209537573d7eed1d5b0cca15,MODIS/061/MOD09Q1,2022-07-28T00:00:00+00:00,final-source-scenes-r2-asset-verified,,b21c8cc7f3d4d35e1db4dfa1c8245ff10ba657c0a0a001992b552808766cc49b,RESTORE_SYSTEM_INDEX_FROM_EXACT_SYSTEM_ID,True,MODIS/061/MOD09Q1/2022_07_28,source-scenes-v1,2022-07-20,Terra MODIS,,061,061,2f9f3269c216c396fa9958b9631412e0f2f3ed68e1587e1006e232e42c34f6da,modis,c76722bf2df796b8aad00e69da9c608f81326af1b22d28d41902031d0cd43915,2022-08-04,2022-07-31,2022-07-28,MODIS/061/MOD09Q1/2022_07_28,2022_07_28,1658966400000,2022-08-04,2022-07-05,2022
AOI-03,57ca12641709501bb5f30118c491acefed62396c209537573d7eed1d5b0cca15,MODIS/061/MOD09Q1,2022-08-05T00:00:00+00:00,final-source-scenes-r2-asset-verified,SUPPORT_INTERVAL_OUTSIDE_NOMINAL_WINDOW,b21c8cc7f3d4d35e1db4dfa1c8245ff10ba657c0a0a001992b552808766cc49b,RESTORE_SYSTEM_INDEX_FROM_EXACT_SYSTEM_ID,False,MODIS/061/MOD09Q1/2022_08_05,source-scenes-v1,2022-07-20,Terra MODIS,,061,061,2f9f3269c216c396fa9958b9631412e0f2f3ed68e1587e1006e232e42c34f6da,modis,c76722bf2df796b8aad00e69da9c608f81326af1b22d28d41902031d0cd43915,2022-08-12,2022-08-08,2022-08-05,MODIS/061/MOD09Q1/2022_08_05,2022_08_05,1659657600000,2022-08-04,2022-07-05,2022
AOI-03,57ca12641709501bb5f30118c491acefed62396c209537573d7eed1d5b0cca15,MODIS/061/MOD09Q1,2022-08-13T00:00:00+00:00,final-source-scenes-r2-asset-verified,SUPPORT_INTERVAL_OUTSIDE_NOMINAL_WINDOW,b21c8cc7f3d4d35e1db4dfa1c8245ff10ba657c0a0a001992b552808766cc49b,RESTORE_SYSTEM_INDEX_FROM_EXACT_SYSTEM_ID,False,MODIS/061/MOD09Q1/2022_08_13,source-scenes-v1,2022-07-20,Terra MODIS,,061,061,2f9f3269c216c396fa9958b9631412e0f2f3ed68e1587e1006e232e42c34f6da,modis,c76722bf2df796b8aad00e69da9c608f81326af1b22d28d41902031d0cd43915,2022-08-20,2022-08-16,2022-08-13,MODIS/061/MOD09Q1/2022_08_13,2022_08_13,1660348800000,2022-08-04,2022-07-05,2022
AOI-03,57ca12641709501bb5f30118c491acefed62396c209537573d7eed1d5b0cca15,MODIS/061/MOD09Q1,2022-08-21T00:00:00+00:00,final-source-scenes-r2-asset-verified,SUPPORT_INTERVAL_OUTSIDE_NOMINAL_WINDOW,b21c8cc7f3d4d35e1db4dfa1c8245ff10ba657c0a0a001992b552808766cc49b,RESTORE_SYSTEM_INDEX_FROM_EXACT_SYSTEM_ID,False,MODIS/061/MOD09Q1/2022_08_21,source-scenes-v1,2022-07-20,Terra MODIS,,061,061,2f9f3269c216c396fa9958b9631412e0f2f3ed68e1587e1006e232e42c34f6da,modis,c76722bf2df796b8aad00e69da9c608f81326af1b22d28d41902031d0cd43915,2022-08-28,2022-08-24,2022-08-21,MODIS/061/MOD09Q1/2022_08_21,2022_08_21,1661040000000,2022-08-04,2022-07-05,2022
AOI-03,57ca12641709501bb5f30118c491acefed62396c209537573d7eed1d5b0cca15,MODIS/061/MOD09Q1,2022-07-04T00:00:00+00:00,final-source-scenes-r2-asset-verified,SUPPORT_INTERVAL_OUTSIDE_NOMINAL_WINDOW,b21c8cc7f3d4d35e1db4dfa1c8245ff10ba657c0a0a001992b552808766cc49b,RESTORE_SYSTEM_INDEX_FROM_EXACT_SYSTEM_ID,False,MODIS/061/MOD09Q1/2022_07_04,source-scenes-v1,2022-07-31,Terra MODIS,,061,061,819f23e2df4d03e3d15141b56b3214b556205a88acdd2ef43ccc230da2da05a6,modis,0b8303ade931f493d481bb2f122eeb04e22db32f75a55d2c93aea9afe4df384e,2022-07-11,2022-07-07,2022-07-04,MODIS/061/MOD09Q1/2022_07_04,2022_07_04,1656892800000,2022-08-15,2022-07-16,2022
AOI-03,57ca12641709501bb5f30118c491acefed62396c209537573d7eed1d5b0cca15,MODIS/061/MOD09Q1,2022-07-12T00:00:00+00:00,final-source-scenes-r2-asset-verified,,b21c8cc7f3d4d35e1db4dfa1c8245ff10ba657c0a0a001992b552808766cc49b,RESTORE_SYSTEM_INDEX_FROM_EXACT_SYSTEM_ID,True,MODIS/061/MOD09Q1/2022_07_12,source-scenes-v1,2022-07-31,Terra MODIS,,061,061,819f23e2df4d03e3d15141b56b3214b556205a88acdd2ef43ccc230da2da05a6,modis,0b8303ade931f493d481bb2f122eeb04e22db32f75a55d2c93aea9afe4df384e,2022-07-19,2022-07-15,2022-07-12,MODIS/061/MOD09Q1/2022_07_12,2022_07_12,1657584000000,2022-08-15,2022-07-16,2022
AOI-03,57ca12641709501bb5f30118c491acefed62396c209537573d7eed1d5b0cca15,MODIS/061/MOD09Q1,2022-07-20T00:00:00+00:00,final-source-scenes-r2-asset-verified,,b21c8cc7f3d4d35e1db4dfa1c8245ff10ba657c0a0a001992b552808766cc49b,RESTORE_SYSTEM_INDEX_FROM_EXACT_SYSTEM_ID,True,MODIS/061/MOD09Q1/2022_07_20,source-scenes-v1,2022-07-31,Terra MODIS,,061,061,819f23e2df4d03e3d15141b56b3214b556205a88acdd2ef43ccc230da2da05a6,modis,0b8303ade931f493d481bb2f122eeb04e22db32f75a55d2c93aea9afe4df384e,2022-07-27,2022-07-23,2022-07-20,MODIS/061/MOD09Q1/2022_07_20,2022_07_20,1658275200000,2022-08-15,2022-07-16,2022
AOI-03,57ca12641709501bb5f30118c491acefed62396c209537573d7eed1d5b0cca15,MODIS/061/MOD09Q1,2022-07-28T00:00:00+00:00,final-source-scenes-r2-asset-verified,,b21c8cc7f3d4d35e1db4dfa1c8245ff10ba657c0a0a001992b552808766cc49b,RESTORE_SYSTEM_INDEX_FROM_EXACT_SYSTEM_ID,True,MODIS/061/MOD09Q1/2022_07_28,source-scenes-v1,2022-07-31,Terra MODIS,,061,061,819f23e2df4d03e3d15141b56b3214b556205a88acdd2ef43ccc230da2da05a6,modis,0b8303ade931f493d481bb2f122eeb04e22db32f75a55d2c93aea9afe4df384e,2022-08-04,2022-07-31,2022-07-28,MODIS/061/MOD09Q1/2022_07_28,2022_07_28,1658966400000,2022-08-15,2022-07-16,2022
AOI-03,57ca12641709501bb5f30118c491acefed62396c209537573d7eed1d5b0cca15,MODIS/061/MOD09Q1,2022-08-05T00:00:00+00:00,final-source-scenes-r2-asset-verified,,b21c8cc7f3d4d35e1db4dfa1c8245ff10ba657c0a0a001992b552808766cc49b,RESTORE_SYSTEM_INDEX_FROM_EXACT_SYSTEM_ID,True,MODIS/061/MOD09Q1/2022_08_05,source-scenes-v1,2022-07-31,Terra MODIS,,061,061,819f23e2df4d03e3d15141b56b3214b556205a88acdd2ef43ccc230da2da05a6,modis,0b8303ade931f493d481bb2f122eeb04e22db32f75a55d2c93aea9afe4df384e,2022-08-12,2022-08-08,2022-08-05,MODIS/061/MOD09Q1/2022_08_05,2022_08_05,1659657600000,2022-08-15,2022-07-16,2022
AOI-03,57ca12641709501bb5f30118c491acefed62396c209537573d7eed1d5b0cca15,MODIS/061/MOD09Q1,2022-08-13T00:00:00+00:00,final-source-scenes-r2-asset-verified,,b21c8cc7f3d4d35e1db4dfa1c8245ff10ba657c0a0a001992b552808766cc49b,RESTORE_SYSTEM_INDEX_FROM_EXACT_SYSTEM_ID,True,MODIS/061/MOD09Q1/2022_08_13,source-scenes-v1,2022-07-31,Terra MODIS,,061,061,819f23e2df4d03e3d15141b56b3214b556205a88acdd2ef43ccc230da2da05a6,modis,0b8303ade931f493d481bb2f122eeb04e22db32f75a55d2c93aea9afe4df384e,2022-08-20,2022-08-16,2022-08-13,MODIS/061/MOD09Q1/2022_08_13,2022_08_13,1660348800000,2022-08-15,2022-07-16,2022
AOI-03,57ca12641709501bb5f30118c491acefed62396c209537573d7eed1d5b0cca15,MODIS/061/MOD09Q1,2022-08-21T00:00:00+00:00,final-source-scenes-r2-asset-verified,SUPPORT_INTERVAL_OUTSIDE_NOMINAL_WINDOW,b21c8cc7f3d4d35e1db4dfa1c8245ff10ba657c0a0a001992b552808766cc49b,RESTORE_SYSTEM_INDEX_FROM_EXACT_SYSTEM_ID,False,MODIS/061/MOD09Q1/2022_08_21,source-scenes-v1,2022-07-31,Terra MODIS,,061,061,819f23e2df4d03e3d15141b56b3214b556205a88acdd2ef43ccc230da2da05a6,modis,0b8303ade931f493d481bb2f122eeb04e22db32f75a55d2c93aea9afe4df384e,2022-08-28,2022-08-24,2022-08-21,MODIS/061/MOD09Q1/2022_08_21,2022_08_21,1661040000000,2022-08-15,2022-07-16,2022
AOI-03,57ca12641709501bb5f30118c491acefed62396c209537573d7eed1d5b0cca15,MODIS/061/MOD09Q1,2022-07-04T00:00:00+00:00,final-source-scenes-r2-asset-verified,SUPPORT_INTERVAL_OUTSIDE_NOMINAL_WINDOW,b21c8cc7f3d4d35e1db4dfa1c8245ff10ba657c0a0a001992b552808766cc49b,RESTORE_SYSTEM_INDEX_FROM_EXACT_SYSTEM_ID,False,MODIS/061/MOD09Q1/2022_07_04,source-scenes-v1,2022-08-10,Terra MODIS,,061,061,f57d5d6872ca79ac8947410260365eb799bb0dd7b51282afac01b7bc70484a66,modis,118a684420bb2798aac94df09c9008a76023ccf9fabd4f584b64d9b1a081c011,2022-07-11,2022-07-07,2022-07-04,MODIS/061/MOD09Q1/2022_07_04,2022_07_04,1656892800000,2022-08-25,2022-07-26,2022
AOI-03,57ca12641709501bb5f30118c491acefed62396c209537573d7eed1d5b0cca15,MODIS/061/MOD09Q1,2022-07-12T00:00:00+00:00,final-source-scenes-r2-asset-verified,SUPPORT_INTERVAL_OUTSIDE_NOMINAL_WINDOW,b21c8cc7f3d4d35e1db4dfa1c8245ff10ba657c0a0a001992b552808766cc49b,RESTORE_SYSTEM_INDEX_FROM_EXACT_SYSTEM_ID,False,MODIS/061/MOD09Q1/2022_07_12,source-scenes-v1,2022-08-10,Terra MODIS,,061,061,f57d5d6872ca79ac8947410260365eb799bb0dd7b51282afac01b7bc70484a66,modis,118a684420bb2798aac94df09c9008a76023ccf9fabd4f584b64d9b1a081c011,2022-07-19,2022-07-15,2022-07-12,MODIS/061/MOD09Q1/2022_07_12,2022_07_12,1657584000000,2022-08-25,2022-07-26,2022
AOI-03,57ca12641709501bb5f30118c491acefed62396c209537573d7eed1d5b0cca15,MODIS/061/MOD09Q1,2022-07-20T00:00:00+00:00,final-source-scenes-r2-asset-verified,,b21c8cc7f3d4d35e1db4dfa1c8245ff10ba657c0a0a001992b552808766cc49b,RESTORE_SYSTEM_INDEX_FROM_EXACT_SYSTEM_ID,True,MODIS/061/MOD09Q1/2022_07_20,source-scenes-v1,2022-08-10,Terra MODIS,,061,061,f57d5d6872ca79ac8947410260365eb799bb0dd7b51282afac01b7bc70484a66,modis,118a684420bb2798aac94df09c9008a76023ccf9fabd4f584b64d9b1a081c011,2022-07-27,2022-07-23,2022-07-20,MODIS/061/MOD09Q1/2022_07_20,2022_07_20,1658275200000,2022-08-25,2022-07-26,2022
AOI-03,57ca12641709501bb5f30118c491acefed62396c209537573d7eed1d5b0cca15,MODIS/061/MOD09Q1,2022-07-28T00:00:00+00:00,final-source-scenes-r2-asset-verified,,b21c8cc7f3d4d35e1db4dfa1c8245ff10ba657c0a0a001992b552808766cc49b,RESTORE_SYSTEM_INDEX_FROM_EXACT_SYSTEM_ID,True,MODIS/061/MOD09Q1/2022_07_28,source-scenes-v1,2022-08-10,Terra MODIS,,061,061,f57d5d6872ca79ac8947410260365eb799bb0dd7b51282afac01b7bc70484a66,modis,118a684420bb2798aac94df09c9008a76023ccf9fabd4f584b64d9b1a081c011,2022-08-04,2022-07-31,2022-07-28,MODIS/061/MOD09Q1/2022_07_28,2022_07_28,1658966400000,2022-08-25,2022-07-26,2022
AOI-03,57ca12641709501bb5f30118c491acefed62396c209537573d7eed1d5b0cca15,MODIS/061/MOD09Q1,2022-08-05T00:00:00+00:00,final-source-scenes-r2-asset-verified,,b21c8cc7f3d4d35e1db4dfa1c8245ff10ba657c0a0a001992b552808766cc49b,RESTORE_SYSTEM_INDEX_FROM_EXACT_SYSTEM_ID,True,MODIS/061/MOD09Q1/2022_08_05,source-scenes-v1,2022-08-10,Terra MODIS,,061,061,f57d5d6872ca79ac8947410260365eb799bb0dd7b51282afac01b7bc70484a66,modis,118a684420bb2798aac94df09c9008a76023ccf9fabd4f584b64d9b1a081c011,2022-08-12,2022-08-08,2022-08-05,MODIS/061/MOD09Q1/2022_08_05,2022_08_05,1659657600000,2022-08-25,2022-07-26,2022
AOI-03,57ca12641709501bb5f30118c491acefed62396c209537573d7eed1d5b0cca15,MODIS/061/MOD09Q1,2022-08-13T00:00:00+00:00,final-source-scenes-r2-asset-verified,,b21c8cc7f3d4d35e1db4dfa1c8245ff10ba657c0a0a001992b552808766cc49b,RESTORE_SYSTEM_INDEX_FROM_EXACT_SYSTEM_ID,True,MODIS/061/MOD09Q1/2022_08_13,source-scenes-v1,2022-08-10,Terra MODIS,,061,061,f57d5d6872ca79ac8947410260365eb799bb0dd7b51282afac01b7bc70484a66,modis,118a684420bb2798aac94df09c9008a76023ccf9fabd4f584b64d9b1a081c011,2022-08-20,2022-08-16,2022-08-13,MODIS/061/MOD09Q1/2022_08_13,2022_08_13,1660348800000,2022-08-25,2022-07-26,2022
AOI-03,57ca12641709501bb5f30118c491acefed62396c209537573d7eed1d5b0cca15,MODIS/061/MOD09Q1,2022-08-21T00:00:00+00:00,final-source-scenes-r2-asset-verified,,b21c8cc7f3d4d35e1db4dfa1c8245ff10ba657c0a0a001992b552808766cc49b,RESTORE_SYSTEM_INDEX_FROM_EXACT_SYSTEM_ID,True,MODIS/061/MOD09Q1/2022_08_21,source-scenes-v1,2022-08-10,Terra MODIS,,061,061,f57d5d6872ca79ac8947410260365eb799bb0dd7b51282afac01b7bc70484a66,modis,118a684420bb2798aac94df09c9008a76023ccf9fabd4f584b64d9b1a081c011,2022-08-28,2022-08-24,2022-08-21,MODIS/061/MOD09Q1/2022_08_21,2022_08_21,1661040000000,2022-08-25,2022-07-26,2022
AOI-03,57ca12641709501bb5f30118c491acefed62396c209537573d7eed1d5b0cca15,MODIS/061/MOD09Q1,2023-07-04T00:00:00+00:00,final-source-scenes-r2-asset-verified,,b21c8cc7f3d4d35e1db4dfa1c8245ff10ba657c0a0a001992b552808766cc49b,RESTORE_SYSTEM_INDEX_FROM_EXACT_SYSTEM_ID,True,MODIS/061/MOD09Q1/2023_07_04,source-scenes-v1,2023-07-20,Terra MODIS,,061,061,3eda29adffce655273eed9adaf011b24f29449671fd32f551bc754b4fba42303,modis,b5cf28cdde2b628a2990be4ecad389a26bc29abb47be2ed2513df94010f5d869,2023-07-11,2023-07-07,2023-07-04,MODIS/061/MOD09Q1/2023_07_04,2023_07_04,1688428800000,2023-08-04,2023-07-05,2023
AOI-03,57ca12641709501bb5f30118c491acefed62396c209537573d7eed1d5b0cca15,MODIS/061/MOD09Q1,2023-07-12T00:00:00+00:00,final-source-scenes-r2-asset-verified,,b21c8cc7f3d4d35e1db4dfa1c8245ff10ba657c0a0a001992b552808766cc49b,RESTORE_SYSTEM_INDEX_FROM_EXACT_SYSTEM_ID,True,MODIS/061/MOD09Q1/2023_07_12,source-scenes-v1,2023-07-20,Terra MODIS,,061,061,3eda29adffce655273eed9adaf011b24f29449671fd32f551bc754b4fba42303,modis,b5cf28cdde2b628a2990be4ecad389a26bc29abb47be2ed2513df94010f5d869,2023-07-19,2023-07-15,2023-07-12,MODIS/061/MOD09Q1/2023_07_12,2023_07_12,1689120000000,2023-08-04,2023-07-05,2023
AOI-03,57ca12641709501bb5f30118c491acefed62396c209537573d7eed1d5b0cca15,MODIS/061/MOD09Q1,2023-07-20T00:00:00+00:00,final-source-scenes-r2-asset-verified,,b21c8cc7f3d4d35e1db4dfa1c8245ff10ba657c0a0a001992b552808766cc49b,RESTORE_SYSTEM_INDEX_FROM_EXACT_SYSTEM_ID,True,MODIS/061/MOD09Q1/2023_07_20,source-scenes-v1,2023-07-20,Terra MODIS,,061,061,3eda29adffce655273eed9adaf011b24f29449671fd32f551bc754b4fba42303,modis,b5cf28cdde2b628a2990be4ecad389a26bc29abb47be2ed2513df94010f5d869,2023-07-27,2023-07-23,2023-07-20,MODIS/061/MOD09Q1/2023_07_20,2023_07_20,1689811200000,2023-08-04,2023-07-05,2023
AOI-03,57ca12641709501bb5f30118c491acefed62396c209537573d7eed1d5b0cca15,MODIS/061/MOD09Q1,2023-07-28T00:00:00+00:00,final-source-scenes-r2-asset-verified,,b21c8cc7f3d4d35e1db4dfa1c8245ff10ba657c0a0a001992b552808766cc49b,RESTORE_SYSTEM_INDEX_FROM_EXACT_SYSTEM_ID,True,MODIS/061/MOD09Q1/2023_07_28,source-scenes-v1,2023-07-20,Terra MODIS,,061,061,3eda29adffce655273eed9adaf011b24f29449671fd32f551bc754b4fba42303,modis,b5cf28cdde2b628a2990be4ecad389a26bc29abb47be2ed2513df94010f5d869,2023-08-04,2023-07-31,2023-07-28,MODIS/061/MOD09Q1/2023_07_28,2023_07_28,1690502400000,2023-08-04,2023-07-05,2023
AOI-03,57ca12641709501bb5f30118c491acefed62396c209537573d7eed1d5b0cca15,MODIS/061/MOD09Q1,2023-08-05T00:00:00+00:00,final-source-scenes-r2-asset-verified,SUPPORT_INTERVAL_OUTSIDE_NOMINAL_WINDOW,b21c8cc7f3d4d35e1db4dfa1c8245ff10ba657c0a0a001992b552808766cc49b,RESTORE_SYSTEM_INDEX_FROM_EXACT_SYSTEM_ID,False,MODIS/061/MOD09Q1/2023_08_05,source-scenes-v1,2023-07-20,Terra MODIS,,061,061,3eda29adffce655273eed9adaf011b24f29449671fd32f551bc754b4fba42303,modis,b5cf28cdde2b628a2990be4ecad389a26bc29abb47be2ed2513df94010f5d869,2023-08-12,2023-08-08,2023-08-05,MODIS/061/MOD09Q1/2023_08_05,2023_08_05,1691193600000,2023-08-04,2023-07-05,2023
AOI-03,57ca12641709501bb5f30118c491acefed62396c209537573d7eed1d5b0cca15,MODIS/061/MOD09Q1,2023-08-13T00:00:00+00:00,final-source-scenes-r2-asset-verified,SUPPORT_INTERVAL_OUTSIDE_NOMINAL_WINDOW,b21c8cc7f3d4d35e1db4dfa1c8245ff10ba657c0a0a001992b552808766cc49b,RESTORE_SYSTEM_INDEX_FROM_EXACT_SYSTEM_ID,False,MODIS/061/MOD09Q1/2023_08_13,source-scenes-v1,2023-07-20,Terra MODIS,,061,061,3eda29adffce655273eed9adaf011b24f29449671fd32f551bc754b4fba42303,modis,b5cf28cdde2b628a2990be4ecad389a26bc29abb47be2ed2513df94010f5d869,2023-08-20,2023-08-16,2023-08-13,MODIS/061/MOD09Q1/2023_08_13,2023_08_13,1691884800000,2023-08-04,2023-07-05,2023
AOI-03,57ca12641709501bb5f30118c491acefed62396c209537573d7eed1d5b0cca15,MODIS/061/MOD09Q1,2023-08-21T00:00:00+00:00,final-source-scenes-r2-asset-verified,SUPPORT_INTERVAL_OUTSIDE_NOMINAL_WINDOW,b21c8cc7f3d4d35e1db4dfa1c8245ff10ba657c0a0a001992b552808766cc49b,RESTORE_SYSTEM_INDEX_FROM_EXACT_SYSTEM_ID,False,MODIS/061/MOD09Q1/2023_08_21,source-scenes-v1,2023-07-20,Terra MODIS,,061,061,3eda29adffce655273eed9adaf011b24f29449671fd32f551bc754b4fba42303,modis,b5cf28cdde2b628a2990be4ecad389a26bc29abb47be2ed2513df94010f5d869,2023-08-28,2023-08-24,2023-08-21,MODIS/061/MOD09Q1/2023_08_21,2023_08_21,1692576000000,2023-08-04,2023-07-05,2023
AOI-03,57ca12641709501bb5f30118c491acefed62396c209537573d7eed1d5b0cca15,MODIS/061/MOD09Q1,2023-07-04T00:00:00+00:00,final-source-scenes-r2-asset-verified,SUPPORT_INTERVAL_OUTSIDE_NOMINAL_WINDOW,b21c8cc7f3d4d35e1db4dfa1c8245ff10ba657c0a0a001992b552808766cc49b,RESTORE_SYSTEM_INDEX_FROM_EXACT_SYSTEM_ID,False,MODIS/061/MOD09Q1/2023_07_04,source-scenes-v1,2023-07-31,Terra MODIS,,061,061,52b9c5c6bba54694301f9d474461fc481c17e5bfa0156509125ccd5106a65c4e,modis,fe568b060deb55b618e116e17d41b42e1894a5a3635698ad08411e14478ee0d9,2023-07-11,2023-07-07,2023-07-04,MODIS/061/MOD09Q1/2023_07_04,2023_07_04,1688428800000,2023-08-15,2023-07-16,2023
AOI-03,57ca12641709501bb5f30118c491acefed62396c209537573d7eed1d5b0cca15,MODIS/061/MOD09Q1,2023-07-12T00:00:00+00:00,final-source-scenes-r2-asset-verified,,b21c8cc7f3d4d35e1db4dfa1c8245ff10ba657c0a0a001992b552808766cc49b,RESTORE_SYSTEM_INDEX_FROM_EXACT_SYSTEM_ID,True,MODIS/061/MOD09Q1/2023_07_12,source-scenes-v1,2023-07-31,Terra MODIS,,061,061,52b9c5c6bba54694301f9d474461fc481c17e5bfa0156509125ccd5106a65c4e,modis,fe568b060deb55b618e116e17d41b42e1894a5a3635698ad08411e14478ee0d9,2023-07-19,2023-07-15,2023-07-12,MODIS/061/MOD09Q1/2023_07_12,2023_07_12,1689120000000,2023-08-15,2023-07-16,2023
AOI-03,57ca12641709501bb5f30118c491acefed62396c209537573d7eed1d5b0cca15,MODIS/061/MOD09Q1,2023-07-20T00:00:00+00:00,final-source-scenes-r2-asset-verified,,b21c8cc7f3d4d35e1db4dfa1c8245ff10ba657c0a0a001992b552808766cc49b,RESTORE_SYSTEM_INDEX_FROM_EXACT_SYSTEM_ID,True,MODIS/061/MOD09Q1/2023_07_20,source-scenes-v1,2023-07-31,Terra MODIS,,061,061,52b9c5c6bba54694301f9d474461fc481c17e5bfa0156509125ccd5106a65c4e,modis,fe568b060deb55b618e116e17d41b42e1894a5a3635698ad08411e14478ee0d9,2023-07-27,2023-07-23,2023-07-20,MODIS/061/MOD09Q1/2023_07_20,2023_07_20,1689811200000,2023-08-15,2023-07-16,2023
AOI-03,57ca12641709501bb5f30118c491acefed62396c209537573d7eed1d5b0cca15,MODIS/061/MOD09Q1,2023-07-28T00:00:00+00:00,final-source-scenes-r2-asset-verified,,b21c8cc7f3d4d35e1db4dfa1c8245ff10ba657c0a0a001992b552808766cc49b,RESTORE_SYSTEM_INDEX_FROM_EXACT_SYSTEM_ID,True,MODIS/061/MOD09Q1/2023_07_28,source-scenes-v1,2023-07-31,Terra MODIS,,061,061,52b9c5c6bba54694301f9d474461fc481c17e5bfa0156509125ccd5106a65c4e,modis,fe568b060deb55b618e116e17d41b42e1894a5a3635698ad08411e14478ee0d9,2023-08-04,2023-07-31,2023-07-28,MODIS/061/MOD09Q1/2023_07_28,2023_07_28,1690502400000,2023-08-15,2023-07-16,2023
AOI-03,57ca12641709501bb5f30118c491acefed62396c209537573d7eed1d5b0cca15,MODIS/061/MOD09Q1,2023-08-05T00:00:00+00:00,final-source-scenes-r2-asset-verified,,b21c8cc7f3d4d35e1db4dfa1c8245ff10ba657c0a0a001992b552808766cc49b,RESTORE_SYSTEM_INDEX_FROM_EXACT_SYSTEM_ID,True,MODIS/061/MOD09Q1/2023_08_05,source-scenes-v1,2023-07-31,Terra MODIS,,061,061,52b9c5c6bba54694301f9d474461fc481c17e5bfa0156509125ccd5106a65c4e,modis,fe568b060deb55b618e116e17d41b42e1894a5a3635698ad08411e14478ee0d9,2023-08-12,2023-08-08,2023-08-05,MODIS/061/MOD09Q1/2023_08_05,2023_08_05,1691193600000,2023-08-15,2023-07-16,2023
AOI-03,57ca12641709501bb5f30118c491acefed62396c209537573d7eed1d5b0cca15,MODIS/061/MOD09Q1,2023-08-13T00:00:00+00:00,final-source-scenes-r2-asset-verified,,b21c8cc7f3d4d35e1db4dfa1c8245ff10ba657c0a0a001992b552808766cc49b,RESTORE_SYSTEM_INDEX_FROM_EXACT_SYSTEM_ID,True,MODIS/061/MOD09Q1/2023_08_13,source-scenes-v1,2023-07-31,Terra MODIS,,061,061,52b9c5c6bba54694301f9d474461fc481c17e5bfa0156509125ccd5106a65c4e,modis,fe568b060deb55b618e116e17d41b42e1894a5a3635698ad08411e14478ee0d9,2023-08-20,2023-08-16,2023-08-13,MODIS/061/MOD09Q1/2023_08_13,2023_08_13,1691884800000,2023-08-15,2023-07-16,2023
AOI-03,57ca12641709501bb5f30118c491acefed62396c209537573d7eed1d5b0cca15,MODIS/061/MOD09Q1,2023-08-21T00:00:00+00:00,final-source-scenes-r2-asset-verified,SUPPORT_INTERVAL_OUTSIDE_NOMINAL_WINDOW,b21c8cc7f3d4d35e1db4dfa1c8245ff10ba657c0a0a001992b552808766cc49b,RESTORE_SYSTEM_INDEX_FROM_EXACT_SYSTEM_ID,False,MODIS/061/MOD09Q1/2023_08_21,source-scenes-v1,2023-07-31,Terra MODIS,,061,061,52b9c5c6bba54694301f9d474461fc481c17e5bfa0156509125ccd5106a65c4e,modis,fe568b060deb55b618e116e17d41b42e1894a5a3635698ad08411e14478ee0d9,2023-08-28,2023-08-24,2023-08-21,MODIS/061/MOD09Q1/2023_08_21,2023_08_21,1692576000000,2023-08-15,2023-07-16,2023
AOI-03,57ca12641709501bb5f30118c491acefed62396c209537573d7eed1d5b0cca15,MODIS/061/MOD09Q1,2023-07-04T00:00:00+00:00,final-source-scenes-r2-asset-verified,SUPPORT_INTERVAL_OUTSIDE_NOMINAL_WINDOW,b21c8cc7f3d4d35e1db4dfa1c8245ff10ba657c0a0a001992b552808766cc49b,RESTORE_SYSTEM_INDEX_FROM_EXACT_SYSTEM_ID,False,MODIS/061/MOD09Q1/2023_07_04,source-scenes-v1,2023-08-10,Terra MODIS,,061,061,0d91f27e9b1c4c8f4d38ad6b2362b6257240a7ebc761455d418bf1dea0b898c9,modis,aeb9d081edc9e36f12ff1d2120872a71e26692ae7f3d5c9e26b5a62b1e0beb74,2023-07-11,2023-07-07,2023-07-04,MODIS/061/MOD09Q1/2023_07_04,2023_07_04,1688428800000,2023-08-25,2023-07-26,2023
AOI-03,57ca12641709501bb5f30118c491acefed62396c209537573d7eed1d5b0cca15,MODIS/061/MOD09Q1,2023-07-12T00:00:00+00:00,final-source-scenes-r2-asset-verified,SUPPORT_INTERVAL_OUTSIDE_NOMINAL_WINDOW,b21c8cc7f3d4d35e1db4dfa1c8245ff10ba657c0a0a001992b552808766cc49b,RESTORE_SYSTEM_INDEX_FROM_EXACT_SYSTEM_ID,False,MODIS/061/MOD09Q1/2023_07_12,source-scenes-v1,2023-08-10,Terra MODIS,,061,061,0d91f27e9b1c4c8f4d38ad6b2362b6257240a7ebc761455d418bf1dea0b898c9,modis,aeb9d081edc9e36f12ff1d2120872a71e26692ae7f3d5c9e26b5a62b1e0beb74,2023-07-19,2023-07-15,2023-07-12,MODIS/061/MOD09Q1/2023_07_12,2023_07_12,1689120000000,2023-08-25,2023-07-26,2023
AOI-03,57ca12641709501bb5f30118c491acefed62396c209537573d7eed1d5b0cca15,MODIS/061/MOD09Q1,2023-07-20T00:00:00+00:00,final-source-scenes-r2-asset-verified,,b21c8cc7f3d4d35e1db4dfa1c8245ff10ba657c0a0a001992b552808766cc49b,RESTORE_SYSTEM_INDEX_FROM_EXACT_SYSTEM_ID,True,MODIS/061/MOD09Q1/2023_07_20,source-scenes-v1,2023-08-10,Terra MODIS,,061,061,0d91f27e9b1c4c8f4d38ad6b2362b6257240a7ebc761455d418bf1dea0b898c9,modis,aeb9d081edc9e36f12ff1d2120872a71e26692ae7f3d5c9e26b5a62b1e0beb74,2023-07-27,2023-07-23,2023-07-20,MODIS/061/MOD09Q1/2023_07_20,2023_07_20,1689811200000,2023-08-25,2023-07-26,2023
AOI-03,57ca12641709501bb5f30118c491acefed62396c209537573d7eed1d5b0cca15,MODIS/061/MOD09Q1,2023-07-28T00:00:00+00:00,final-source-scenes-r2-asset-verified,,b21c8cc7f3d4d35e1db4dfa1c8245ff10ba657c0a0a001992b552808766cc49b,RESTORE_SYSTEM_INDEX_FROM_EXACT_SYSTEM_ID,True,MODIS/061/MOD09Q1/2023_07_28,source-scenes-v1,2023-08-10,Terra MODIS,,061,061,0d91f27e9b1c4c8f4d38ad6b2362b6257240a7ebc761455d418bf1dea0b898c9,modis,aeb9d081edc9e36f12ff1d2120872a71e26692ae7f3d5c9e26b5a62b1e0beb74,2023-08-04,2023-07-31,2023-07-28,MODIS/061/MOD09Q1/2023_07_28,2023_07_28,1690502400000,2023-08-25,2023-07-26,2023
AOI-03,57ca12641709501bb5f30118c491acefed62396c209537573d7eed1d5b0cca15,MODIS/061/MOD09Q1,2023-08-05T00:00:00+00:00,final-source-scenes-r2-asset-verified,,b21c8cc7f3d4d35e1db4dfa1c8245ff10ba657c0a0a001992b552808766cc49b,RESTORE_SYSTEM_INDEX_FROM_EXACT_SYSTEM_ID,True,MODIS/061/MOD09Q1/2023_08_05,source-scenes-v1,2023-08-10,Terra MODIS,,061,061,0d91f27e9b1c4c8f4d38ad6b2362b6257240a7ebc761455d418bf1dea0b898c9,modis,aeb9d081edc9e36f12ff1d2120872a71e26692ae7f3d5c9e26b5a62b1e0beb74,2023-08-12,2023-08-08,2023-08-05,MODIS/061/MOD09Q1/2023_08_05,2023_08_05,1691193600000,2023-08-25,2023-07-26,2023
AOI-03,57ca12641709501bb5f30118c491acefed62396c209537573d7eed1d5b0cca15,MODIS/061/MOD09Q1,2023-08-13T00:00:00+00:00,final-source-scenes-r2-asset-verified,,b21c8cc7f3d4d35e1db4dfa1c8245ff10ba657c0a0a001992b552808766cc49b,RESTORE_SYSTEM_INDEX_FROM_EXACT_SYSTEM_ID,True,MODIS/061/MOD09Q1/2023_08_13,source-scenes-v1,2023-08-10,Terra MODIS,,061,061,0d91f27e9b1c4c8f4d38ad6b2362b6257240a7ebc761455d418bf1dea0b898c9,modis,aeb9d081edc9e36f12ff1d2120872a71e26692ae7f3d5c9e26b5a62b1e0beb74,2023-08-20,2023-08-16,2023-08-13,MODIS/061/MOD09Q1/2023_08_13,2023_08_13,1691884800000,2023-08-25,2023-07-26,2023
AOI-03,57ca12641709501bb5f30118c491acefed62396c209537573d7eed1d5b0cca15,MODIS/061/MOD09Q1,2023-08-21T00:00:00+00:00,final-source-scenes-r2-asset-verified,,b21c8cc7f3d4d35e1db4dfa1c8245ff10ba657c0a0a001992b552808766cc49b,RESTORE_SYSTEM_INDEX_FROM_EXACT_SYSTEM_ID,True,MODIS/061/MOD09Q1/2023_08_21,source-scenes-v1,2023-08-10,Terra MODIS,,061,061,0d91f27e9b1c4c8f4d38ad6b2362b6257240a7ebc761455d418bf1dea0b898c9,modis,aeb9d081edc9e36f12ff1d2120872a71e26692ae7f3d5c9e26b5a62b1e0beb74,2023-08-28,2023-08-24,2023-08-21,MODIS/061/MOD09Q1/2023_08_21,2023_08_21,1692576000000,2023-08-25,2023-07-26,2023
AOI-03,57ca12641709501bb5f30118c491acefed62396c209537573d7eed1d5b0cca15,MODIS/061/MOD09Q1,2024-07-03T00:00:00+00:00,final-source-scenes-r2-asset-verified,,b21c8cc7f3d4d35e1db4dfa1c8245ff10ba657c0a0a001992b552808766cc49b,RESTORE_SYSTEM_INDEX_FROM_EXACT_SYSTEM_ID,True,MODIS/061/MOD09Q1/2024_07_03,source-scenes-v1,2024-07-20,Terra MODIS,,061,061,5ff63391388c7908c10a5fa13a66eb10b32596d87b0652dfb67f92d08c9a58b4,modis,c4c7c69356b34c1c919a020432512b363cf72a1a47eba246f217542474207b0f,2024-07-10,2024-07-06,2024-07-03,MODIS/061/MOD09Q1/2024_07_03,2024_07_03,1719964800000,2024-08-04,2024-07-05,2024
AOI-03,57ca12641709501bb5f30118c491acefed62396c209537573d7eed1d5b0cca15,MODIS/061/MOD09Q1,2024-07-11T00:00:00+00:00,final-source-scenes-r2-asset-verified,,b21c8cc7f3d4d35e1db4dfa1c8245ff10ba657c0a0a001992b552808766cc49b,RESTORE_SYSTEM_INDEX_FROM_EXACT_SYSTEM_ID,True,MODIS/061/MOD09Q1/2024_07_11,source-scenes-v1,2024-07-20,Terra MODIS,,061,061,5ff63391388c7908c10a5fa13a66eb10b32596d87b0652dfb67f92d08c9a58b4,modis,c4c7c69356b34c1c919a020432512b363cf72a1a47eba246f217542474207b0f,2024-07-18,2024-07-14,2024-07-11,MODIS/061/MOD09Q1/2024_07_11,2024_07_11,1720656000000,2024-08-04,2024-07-05,2024
AOI-03,57ca12641709501bb5f30118c491acefed62396c209537573d7eed1d5b0cca15,MODIS/061/MOD09Q1,2024-07-19T00:00:00+00:00,final-source-scenes-r2-asset-verified,,b21c8cc7f3d4d35e1db4dfa1c8245ff10ba657c0a0a001992b552808766cc49b,RESTORE_SYSTEM_INDEX_FROM_EXACT_SYSTEM_ID,True,MODIS/061/MOD09Q1/2024_07_19,source-scenes-v1,2024-07-20,Terra MODIS,,061,061,5ff63391388c7908c10a5fa13a66eb10b32596d87b0652dfb67f92d08c9a58b4,modis,c4c7c69356b34c1c919a020432512b363cf72a1a47eba246f217542474207b0f,2024-07-26,2024-07-22,2024-07-19,MODIS/061/MOD09Q1/2024_07_19,2024_07_19,1721347200000,2024-08-04,2024-07-05,2024
AOI-03,57ca12641709501bb5f30118c491acefed62396c209537573d7eed1d5b0cca15,MODIS/061/MOD09Q1,2024-07-27T00:00:00+00:00,final-source-scenes-r2-asset-verified,,b21c8cc7f3d4d35e1db4dfa1c8245ff10ba657c0a0a001992b552808766cc49b,RESTORE_SYSTEM_INDEX_FROM_EXACT_SYSTEM_ID,True,MODIS/061/MOD09Q1/2024_07_27,source-scenes-v1,2024-07-20,Terra MODIS,,061,061,5ff63391388c7908c10a5fa13a66eb10b32596d87b0652dfb67f92d08c9a58b4,modis,c4c7c69356b34c1c919a020432512b363cf72a1a47eba246f217542474207b0f,2024-08-03,2024-07-30,2024-07-27,MODIS/061/MOD09Q1/2024_07_27,2024_07_27,1722038400000,2024-08-04,2024-07-05,2024
AOI-03,57ca12641709501bb5f30118c491acefed62396c209537573d7eed1d5b0cca15,MODIS/061/MOD09Q1,2024-08-04T00:00:00+00:00,final-source-scenes-r2-asset-verified,,b21c8cc7f3d4d35e1db4dfa1c8245ff10ba657c0a0a001992b552808766cc49b,RESTORE_SYSTEM_INDEX_FROM_EXACT_SYSTEM_ID,True,MODIS/061/MOD09Q1/2024_08_04,source-scenes-v1,2024-07-20,Terra MODIS,,061,061,5ff63391388c7908c10a5fa13a66eb10b32596d87b0652dfb67f92d08c9a58b4,modis,c4c7c69356b34c1c919a020432512b363cf72a1a47eba246f217542474207b0f,2024-08-11,2024-08-07,2024-08-04,MODIS/061/MOD09Q1/2024_08_04,2024_08_04,1722729600000,2024-08-04,2024-07-05,2024
AOI-03,57ca12641709501bb5f30118c491acefed62396c209537573d7eed1d5b0cca15,MODIS/061/MOD09Q1,2024-08-12T00:00:00+00:00,final-source-scenes-r2-asset-verified,SUPPORT_INTERVAL_OUTSIDE_NOMINAL_WINDOW,b21c8cc7f3d4d35e1db4dfa1c8245ff10ba657c0a0a001992b552808766cc49b,RESTORE_SYSTEM_INDEX_FROM_EXACT_SYSTEM_ID,False,MODIS/061/MOD09Q1/2024_08_12,source-scenes-v1,2024-07-20,Terra MODIS,,061,061,5ff63391388c7908c10a5fa13a66eb10b32596d87b0652dfb67f92d08c9a58b4,modis,c4c7c69356b34c1c919a020432512b363cf72a1a47eba246f217542474207b0f,2024-08-19,2024-08-15,2024-08-12,MODIS/061/MOD09Q1/2024_08_12,2024_08_12,1723420800000,2024-08-04,2024-07-05,2024
AOI-03,57ca12641709501bb5f30118c491acefed62396c209537573d7eed1d5b0cca15,MODIS/061/MOD09Q1,2024-08-20T00:00:00+00:00,final-source-scenes-r2-asset-verified,SUPPORT_INTERVAL_OUTSIDE_NOMINAL_WINDOW,b21c8cc7f3d4d35e1db4dfa1c8245ff10ba657c0a0a001992b552808766cc49b,RESTORE_SYSTEM_INDEX_FROM_EXACT_SYSTEM_ID,False,MODIS/061/MOD09Q1/2024_08_20,source-scenes-v1,2024-07-20,Terra MODIS,,061,061,5ff63391388c7908c10a5fa13a66eb10b32596d87b0652dfb67f92d08c9a58b4,modis,c4c7c69356b34c1c919a020432512b363cf72a1a47eba246f217542474207b0f,2024-08-27,2024-08-23,2024-08-20,MODIS/061/MOD09Q1/2024_08_20,2024_08_20,1724112000000,2024-08-04,2024-07-05,2024
AOI-03,57ca12641709501bb5f30118c491acefed62396c209537573d7eed1d5b0cca15,MODIS/061/MOD09Q1,2024-07-03T00:00:00+00:00,final-source-scenes-r2-asset-verified,SUPPORT_INTERVAL_OUTSIDE_NOMINAL_WINDOW,b21c8cc7f3d4d35e1db4dfa1c8245ff10ba657c0a0a001992b552808766cc49b,RESTORE_SYSTEM_INDEX_FROM_EXACT_SYSTEM_ID,False,MODIS/061/MOD09Q1/2024_07_03,source-scenes-v1,2024-07-31,Terra MODIS,,061,061,cdda4a9932aaa0c75cb57c5841be8afb86e58cdf0a95592fcacd03d28369e745,modis,6d8bb31f7cfc276cdfb43591e642c6cb9bc6798838e437be267c19137f0eff63,2024-07-10,2024-07-06,2024-07-03,MODIS/061/MOD09Q1/2024_07_03,2024_07_03,1719964800000,2024-08-15,2024-07-16,2024
AOI-03,57ca12641709501bb5f30118c491acefed62396c209537573d7eed1d5b0cca15,MODIS/061/MOD09Q1,2024-07-11T00:00:00+00:00,final-source-scenes-r2-asset-verified,,b21c8cc7f3d4d35e1db4dfa1c8245ff10ba657c0a0a001992b552808766cc49b,RESTORE_SYSTEM_INDEX_FROM_EXACT_SYSTEM_ID,True,MODIS/061/MOD09Q1/2024_07_11,source-scenes-v1,2024-07-31,Terra MODIS,,061,061,cdda4a9932aaa0c75cb57c5841be8afb86e58cdf0a95592fcacd03d28369e745,modis,6d8bb31f7cfc276cdfb43591e642c6cb9bc6798838e437be267c19137f0eff63,2024-07-18,2024-07-14,2024-07-11,MODIS/061/MOD09Q1/2024_07_11,2024_07_11,1720656000000,2024-08-15,2024-07-16,2024
AOI-03,57ca12641709501bb5f30118c491acefed62396c209537573d7eed1d5b0cca15,MODIS/061/MOD09Q1,2024-07-19T00:00:00+00:00,final-source-scenes-r2-asset-verified,,b21c8cc7f3d4d35e1db4dfa1c8245ff10ba657c0a0a001992b552808766cc49b,RESTORE_SYSTEM_INDEX_FROM_EXACT_SYSTEM_ID,True,MODIS/061/MOD09Q1/2024_07_19,source-scenes-v1,2024-07-31,Terra MODIS,,061,061,cdda4a9932aaa0c75cb57c5841be8afb86e58cdf0a95592fcacd03d28369e745,modis,6d8bb31f7cfc276cdfb43591e642c6cb9bc6798838e437be267c19137f0eff63,2024-07-26,2024-07-22,2024-07-19,MODIS/061/MOD09Q1/2024_07_19,2024_07_19,1721347200000,2024-08-15,2024-07-16,2024
AOI-03,57ca12641709501bb5f30118c491acefed62396c209537573d7eed1d5b0cca15,MODIS/061/MOD09Q1,2024-07-27T00:00:00+00:00,final-source-scenes-r2-asset-verified,,b21c8cc7f3d4d35e1db4dfa1c8245ff10ba657c0a0a001992b552808766cc49b,RESTORE_SYSTEM_INDEX_FROM_EXACT_SYSTEM_ID,True,MODIS/061/MOD09Q1/2024_07_27,source-scenes-v1,2024-07-31,Terra MODIS,,061,061,cdda4a9932aaa0c75cb57c5841be8afb86e58cdf0a95592fcacd03d28369e745,modis,6d8bb31f7cfc276cdfb43591e642c6cb9bc6798838e437be267c19137f0eff63,2024-08-03,2024-07-30,2024-07-27,MODIS/061/MOD09Q1/2024_07_27,2024_07_27,1722038400000,2024-08-15,2024-07-16,2024
AOI-03,57ca12641709501bb5f30118c491acefed62396c209537573d7eed1d5b0cca15,MODIS/061/MOD09Q1,2024-08-04T00:00:00+00:00,final-source-scenes-r2-asset-verified,,b21c8cc7f3d4d35e1db4dfa1c8245ff10ba657c0a0a001992b552808766cc49b,RESTORE_SYSTEM_INDEX_FROM_EXACT_SYSTEM_ID,True,MODIS/061/MOD09Q1/2024_08_04,source-scenes-v1,2024-07-31,Terra MODIS,,061,061,cdda4a9932aaa0c75cb57c5841be8afb86e58cdf0a95592fcacd03d28369e745,modis,6d8bb31f7cfc276cdfb43591e642c6cb9bc6798838e437be267c19137f0eff63,2024-08-11,2024-08-07,2024-08-04,MODIS/061/MOD09Q1/2024_08_04,2024_08_04,1722729600000,2024-08-15,2024-07-16,2024
AOI-03,57ca12641709501bb5f30118c491acefed62396c209537573d7eed1d5b0cca15,MODIS/061/MOD09Q1,2024-08-12T00:00:00+00:00,final-source-scenes-r2-asset-verified,,b21c8cc7f3d4d35e1db4dfa1c8245ff10ba657c0a0a001992b552808766cc49b,RESTORE_SYSTEM_INDEX_FROM_EXACT_SYSTEM_ID,True,MODIS/061/MOD09Q1/2024_08_12,source-scenes-v1,2024-07-31,Terra MODIS,,061,061,cdda4a9932aaa0c75cb57c5841be8afb86e58cdf0a95592fcacd03d28369e745,modis,6d8bb31f7cfc276cdfb43591e642c6cb9bc6798838e437be267c19137f0eff63,2024-08-19,2024-08-15,2024-08-12,MODIS/061/MOD09Q1/2024_08_12,2024_08_12,1723420800000,2024-08-15,2024-07-16,2024
AOI-03,57ca12641709501bb5f30118c491acefed62396c209537573d7eed1d5b0cca15,MODIS/061/MOD09Q1,2024-08-20T00:00:00+00:00,final-source-scenes-r2-asset-verified,SUPPORT_INTERVAL_OUTSIDE_NOMINAL_WINDOW,b21c8cc7f3d4d35e1db4dfa1c8245ff10ba657c0a0a001992b552808766cc49b,RESTORE_SYSTEM_INDEX_FROM_EXACT_SYSTEM_ID,False,MODIS/061/MOD09Q1/2024_08_20,source-scenes-v1,2024-07-31,Terra MODIS,,061,061,cdda4a9932aaa0c75cb57c5841be8afb86e58cdf0a95592fcacd03d28369e745,modis,6d8bb31f7cfc276cdfb43591e642c6cb9bc6798838e437be267c19137f0eff63,2024-08-27,2024-08-23,2024-08-20,MODIS/061/MOD09Q1/2024_08_20,2024_08_20,1724112000000,2024-08-15,2024-07-16,2024
AOI-03,57ca12641709501bb5f30118c491acefed62396c209537573d7eed1d5b0cca15,MODIS/061/MOD09Q1,2024-07-03T00:00:00+00:00,final-source-scenes-r2-asset-verified,SUPPORT_INTERVAL_OUTSIDE_NOMINAL_WINDOW,b21c8cc7f3d4d35e1db4dfa1c8245ff10ba657c0a0a001992b552808766cc49b,RESTORE_SYSTEM_INDEX_FROM_EXACT_SYSTEM_ID,False,MODIS/061/MOD09Q1/2024_07_03,source-scenes-v1,2024-08-10,Terra MODIS,,061,061,1d50cae224903d391addc65faef70f382ef89cea715d5b226e0ffa22b72253d4,modis,b128221f6c738e873a19cabb1aeba59521279b71caab0eb203fac15018776fc1,2024-07-10,2024-07-06,2024-07-03,MODIS/061/MOD09Q1/2024_07_03,2024_07_03,1719964800000,2024-08-25,2024-07-26,2024
AOI-03,57ca12641709501bb5f30118c491acefed62396c209537573d7eed1d5b0cca15,MODIS/061/MOD09Q1,2024-07-11T00:00:00+00:00,final-source-scenes-r2-asset-verified,SUPPORT_INTERVAL_OUTSIDE_NOMINAL_WINDOW,b21c8cc7f3d4d35e1db4dfa1c8245ff10ba657c0a0a001992b552808766cc49b,RESTORE_SYSTEM_INDEX_FROM_EXACT_SYSTEM_ID,False,MODIS/061/MOD09Q1/2024_07_11,source-scenes-v1,2024-08-10,Terra MODIS,,061,061,1d50cae224903d391addc65faef70f382ef89cea715d5b226e0ffa22b72253d4,modis,b128221f6c738e873a19cabb1aeba59521279b71caab0eb203fac15018776fc1,2024-07-18,2024-07-14,2024-07-11,MODIS/061/MOD09Q1/2024_07_11,2024_07_11,1720656000000,2024-08-25,2024-07-26,2024
AOI-03,57ca12641709501bb5f30118c491acefed62396c209537573d7eed1d5b0cca15,MODIS/061/MOD09Q1,2024-07-19T00:00:00+00:00,final-source-scenes-r2-asset-verified,,b21c8cc7f3d4d35e1db4dfa1c8245ff10ba657c0a0a001992b552808766cc49b,RESTORE_SYSTEM_INDEX_FROM_EXACT_SYSTEM_ID,True,MODIS/061/MOD09Q1/2024_07_19,source-scenes-v1,2024-08-10,Terra MODIS,,061,061,1d50cae224903d391addc65faef70f382ef89cea715d5b226e0ffa22b72253d4,modis,b128221f6c738e873a19cabb1aeba59521279b71caab0eb203fac15018776fc1,2024-07-26,2024-07-22,2024-07-19,MODIS/061/MOD09Q1/2024_07_19,2024_07_19,1721347200000,2024-08-25,2024-07-26,2024
AOI-03,57ca12641709501bb5f30118c491acefed62396c209537573d7eed1d5b0cca15,MODIS/061/MOD09Q1,2024-07-27T00:00:00+00:00,final-source-scenes-r2-asset-verified,,b21c8cc7f3d4d35e1db4dfa1c8245ff10ba657c0a0a001992b552808766cc49b,RESTORE_SYSTEM_INDEX_FROM_EXACT_SYSTEM_ID,True,MODIS/061/MOD09Q1/2024_07_27,source-scenes-v1,2024-08-10,Terra MODIS,,061,061,1d50cae224903d391addc65faef70f382ef89cea715d5b226e0ffa22b72253d4,modis,b128221f6c738e873a19cabb1aeba59521279b71caab0eb203fac15018776fc1,2024-08-03,2024-07-30,2024-07-27,MODIS/061/MOD09Q1/2024_07_27,2024_07_27,1722038400000,2024-08-25,2024-07-26,2024
AOI-03,57ca12641709501bb5f30118c491acefed62396c209537573d7eed1d5b0cca15,MODIS/061/MOD09Q1,2024-08-04T00:00:00+00:00,final-source-scenes-r2-asset-verified,,b21c8cc7f3d4d35e1db4dfa1c8245ff10ba657c0a0a001992b552808766cc49b,RESTORE_SYSTEM_INDEX_FROM_EXACT_SYSTEM_ID,True,MODIS/061/MOD09Q1/2024_08_04,source-scenes-v1,2024-08-10,Terra MODIS,,061,061,1d50cae224903d391addc65faef70f382ef89cea715d5b226e0ffa22b72253d4,modis,b128221f6c738e873a19cabb1aeba59521279b71caab0eb203fac15018776fc1,2024-08-11,2024-08-07,2024-08-04,MODIS/061/MOD09Q1/2024_08_04,2024_08_04,1722729600000,2024-08-25,2024-07-26,2024
AOI-03,57ca12641709501bb5f30118c491acefed62396c209537573d7eed1d5b0cca15,MODIS/061/MOD09Q1,2024-08-12T00:00:00+00:00,final-source-scenes-r2-asset-verified,,b21c8cc7f3d4d35e1db4dfa1c8245ff10ba657c0a0a001992b552808766cc49b,RESTORE_SYSTEM_INDEX_FROM_EXACT_SYSTEM_ID,True,MODIS/061/MOD09Q1/2024_08_12,source-scenes-v1,2024-08-10,Terra MODIS,,061,061,1d50cae224903d391addc65faef70f382ef89cea715d5b226e0ffa22b72253d4,modis,b128221f6c738e873a19cabb1aeba59521279b71caab0eb203fac15018776fc1,2024-08-19,2024-08-15,2024-08-12,MODIS/061/MOD09Q1/2024_08_12,2024_08_12,1723420800000,2024-08-25,2024-07-26,2024
AOI-03,57ca12641709501bb5f30118c491acefed62396c209537573d7eed1d5b0cca15,MODIS/061/MOD09Q1,2024-08-20T00:00:00+00:00,final-source-scenes-r2-asset-verified,,b21c8cc7f3d4d35e1db4dfa1c8245ff10ba657c0a0a001992b552808766cc49b,RESTORE_SYSTEM_INDEX_FROM_EXACT_SYSTEM_ID,True,MODIS/061/MOD09Q1/2024_08_20,source-scenes-v1,2024-08-10,Terra MODIS,,061,061,1d50cae224903d391addc65faef70f382ef89cea715d5b226e0ffa22b72253d4,modis,b128221f6c738e873a19cabb1aeba59521279b71caab0eb203fac15018776fc1,2024-08-27,2024-08-23,2024-08-20,MODIS/061/MOD09Q1/2024_08_20,2024_08_20,1724112000000,2024-08-25,2024-07-26,2024
AOI-03,57ca12641709501bb5f30118c491acefed62396c209537573d7eed1d5b0cca15,MODIS/061/MOD09Q1,2025-07-04T00:00:00+00:00,final-source-scenes-r2-asset-verified,,b21c8cc7f3d4d35e1db4dfa1c8245ff10ba657c0a0a001992b552808766cc49b,RESTORE_SYSTEM_INDEX_FROM_EXACT_SYSTEM_ID,True,MODIS/061/MOD09Q1/2025_07_04,source-scenes-v1,2025-07-20,Terra MODIS,,061,061,3b303b17647d2794471c1ba2c14f8a4c8fce02879ce19c1036150ac57ddad8f7,modis,917727c1ff4968ed4da7bd7ef10da026e0139edc10de4c8115cdde5528309ea9,2025-07-11,2025-07-07,2025-07-04,MODIS/061/MOD09Q1/2025_07_04,2025_07_04,1751587200000,2025-08-04,2025-07-05,2025
AOI-03,57ca12641709501bb5f30118c491acefed62396c209537573d7eed1d5b0cca15,MODIS/061/MOD09Q1,2025-07-12T00:00:00+00:00,final-source-scenes-r2-asset-verified,,b21c8cc7f3d4d35e1db4dfa1c8245ff10ba657c0a0a001992b552808766cc49b,RESTORE_SYSTEM_INDEX_FROM_EXACT_SYSTEM_ID,True,MODIS/061/MOD09Q1/2025_07_12,source-scenes-v1,2025-07-20,Terra MODIS,,061,061,3b303b17647d2794471c1ba2c14f8a4c8fce02879ce19c1036150ac57ddad8f7,modis,917727c1ff4968ed4da7bd7ef10da026e0139edc10de4c8115cdde5528309ea9,2025-07-19,2025-07-15,2025-07-12,MODIS/061/MOD09Q1/2025_07_12,2025_07_12,1752278400000,2025-08-04,2025-07-05,2025
AOI-03,57ca12641709501bb5f30118c491acefed62396c209537573d7eed1d5b0cca15,MODIS/061/MOD09Q1,2025-07-20T00:00:00+00:00,final-source-scenes-r2-asset-verified,,b21c8cc7f3d4d35e1db4dfa1c8245ff10ba657c0a0a001992b552808766cc49b,RESTORE_SYSTEM_INDEX_FROM_EXACT_SYSTEM_ID,True,MODIS/061/MOD09Q1/2025_07_20,source-scenes-v1,2025-07-20,Terra MODIS,,061,061,3b303b17647d2794471c1ba2c14f8a4c8fce02879ce19c1036150ac57ddad8f7,modis,917727c1ff4968ed4da7bd7ef10da026e0139edc10de4c8115cdde5528309ea9,2025-07-27,2025-07-23,2025-07-20,MODIS/061/MOD09Q1/2025_07_20,2025_07_20,1752969600000,2025-08-04,2025-07-05,2025
AOI-03,57ca12641709501bb5f30118c491acefed62396c209537573d7eed1d5b0cca15,MODIS/061/MOD09Q1,2025-07-28T00:00:00+00:00,final-source-scenes-r2-asset-verified,,b21c8cc7f3d4d35e1db4dfa1c8245ff10ba657c0a0a001992b552808766cc49b,RESTORE_SYSTEM_INDEX_FROM_EXACT_SYSTEM_ID,True,MODIS/061/MOD09Q1/2025_07_28,source-scenes-v1,2025-07-20,Terra MODIS,,061,061,3b303b17647d2794471c1ba2c14f8a4c8fce02879ce19c1036150ac57ddad8f7,modis,917727c1ff4968ed4da7bd7ef10da026e0139edc10de4c8115cdde5528309ea9,2025-08-04,2025-07-31,2025-07-28,MODIS/061/MOD09Q1/2025_07_28,2025_07_28,1753660800000,2025-08-04,2025-07-05,2025
AOI-03,57ca12641709501bb5f30118c491acefed62396c209537573d7eed1d5b0cca15,MODIS/061/MOD09Q1,2025-08-05T00:00:00+00:00,final-source-scenes-r2-asset-verified,SUPPORT_INTERVAL_OUTSIDE_NOMINAL_WINDOW,b21c8cc7f3d4d35e1db4dfa1c8245ff10ba657c0a0a001992b552808766cc49b,RESTORE_SYSTEM_INDEX_FROM_EXACT_SYSTEM_ID,False,MODIS/061/MOD09Q1/2025_08_05,source-scenes-v1,2025-07-20,Terra MODIS,,061,061,3b303b17647d2794471c1ba2c14f8a4c8fce02879ce19c1036150ac57ddad8f7,modis,917727c1ff4968ed4da7bd7ef10da026e0139edc10de4c8115cdde5528309ea9,2025-08-12,2025-08-08,2025-08-05,MODIS/061/MOD09Q1/2025_08_05,2025_08_05,1754352000000,2025-08-04,2025-07-05,2025
AOI-03,57ca12641709501bb5f30118c491acefed62396c209537573d7eed1d5b0cca15,MODIS/061/MOD09Q1,2025-08-13T00:00:00+00:00,final-source-scenes-r2-asset-verified,SUPPORT_INTERVAL_OUTSIDE_NOMINAL_WINDOW,b21c8cc7f3d4d35e1db4dfa1c8245ff10ba657c0a0a001992b552808766cc49b,RESTORE_SYSTEM_INDEX_FROM_EXACT_SYSTEM_ID,False,MODIS/061/MOD09Q1/2025_08_13,source-scenes-v1,2025-07-20,Terra MODIS,,061,061,3b303b17647d2794471c1ba2c14f8a4c8fce02879ce19c1036150ac57ddad8f7,modis,917727c1ff4968ed4da7bd7ef10da026e0139edc10de4c8115cdde5528309ea9,2025-08-20,2025-08-16,2025-08-13,MODIS/061/MOD09Q1/2025_08_13,2025_08_13,1755043200000,2025-08-04,2025-07-05,2025
AOI-03,57ca12641709501bb5f30118c491acefed62396c209537573d7eed1d5b0cca15,MODIS/061/MOD09Q1,2025-08-21T00:00:00+00:00,final-source-scenes-r2-asset-verified,SUPPORT_INTERVAL_OUTSIDE_NOMINAL_WINDOW,b21c8cc7f3d4d35e1db4dfa1c8245ff10ba657c0a0a001992b552808766cc49b,RESTORE_SYSTEM_INDEX_FROM_EXACT_SYSTEM_ID,False,MODIS/061/MOD09Q1/2025_08_21,source-scenes-v1,2025-07-20,Terra MODIS,,061,061,3b303b17647d2794471c1ba2c14f8a4c8fce02879ce19c1036150ac57ddad8f7,modis,917727c1ff4968ed4da7bd7ef10da026e0139edc10de4c8115cdde5528309ea9,2025-08-28,2025-08-24,2025-08-21,MODIS/061/MOD09Q1/2025_08_21,2025_08_21,1755734400000,2025-08-04,2025-07-05,2025
AOI-03,57ca12641709501bb5f30118c491acefed62396c209537573d7eed1d5b0cca15,MODIS/061/MOD09Q1,2025-07-04T00:00:00+00:00,final-source-scenes-r2-asset-verified,SUPPORT_INTERVAL_OUTSIDE_NOMINAL_WINDOW,b21c8cc7f3d4d35e1db4dfa1c8245ff10ba657c0a0a001992b552808766cc49b,RESTORE_SYSTEM_INDEX_FROM_EXACT_SYSTEM_ID,False,MODIS/061/MOD09Q1/2025_07_04,source-scenes-v1,2025-07-31,Terra MODIS,,061,061,f40e0ddcac98abe02b5bcd0a46ee77d8184ce955bcab7d606847c1538b2fa366,modis,a4300d75912417e1e469fb5138f8b78d6ad531107338e5a39352213109d258ce,2025-07-11,2025-07-07,2025-07-04,MODIS/061/MOD09Q1/2025_07_04,2025_07_04,1751587200000,2025-08-15,2025-07-16,2025
AOI-03,57ca12641709501bb5f30118c491acefed62396c209537573d7eed1d5b0cca15,MODIS/061/MOD09Q1,2025-07-12T00:00:00+00:00,final-source-scenes-r2-asset-verified,,b21c8cc7f3d4d35e1db4dfa1c8245ff10ba657c0a0a001992b552808766cc49b,RESTORE_SYSTEM_INDEX_FROM_EXACT_SYSTEM_ID,True,MODIS/061/MOD09Q1/2025_07_12,source-scenes-v1,2025-07-31,Terra MODIS,,061,061,f40e0ddcac98abe02b5bcd0a46ee77d8184ce955bcab7d606847c1538b2fa366,modis,a4300d75912417e1e469fb5138f8b78d6ad531107338e5a39352213109d258ce,2025-07-19,2025-07-15,2025-07-12,MODIS/061/MOD09Q1/2025_07_12,2025_07_12,1752278400000,2025-08-15,2025-07-16,2025
AOI-03,57ca12641709501bb5f30118c491acefed62396c209537573d7eed1d5b0cca15,MODIS/061/MOD09Q1,2025-07-20T00:00:00+00:00,final-source-scenes-r2-asset-verified,,b21c8cc7f3d4d35e1db4dfa1c8245ff10ba657c0a0a001992b552808766cc49b,RESTORE_SYSTEM_INDEX_FROM_EXACT_SYSTEM_ID,True,MODIS/061/MOD09Q1/2025_07_20,source-scenes-v1,2025-07-31,Terra MODIS,,061,061,f40e0ddcac98abe02b5bcd0a46ee77d8184ce955bcab7d606847c1538b2fa366,modis,a4300d75912417e1e469fb5138f8b78d6ad531107338e5a39352213109d258ce,2025-07-27,2025-07-23,2025-07-20,MODIS/061/MOD09Q1/2025_07_20,2025_07_20,1752969600000,2025-08-15,2025-07-16,2025
AOI-03,57ca12641709501bb5f30118c491acefed62396c209537573d7eed1d5b0cca15,MODIS/061/MOD09Q1,2025-07-28T00:00:00+00:00,final-source-scenes-r2-asset-verified,,b21c8cc7f3d4d35e1db4dfa1c8245ff10ba657c0a0a001992b552808766cc49b,RESTORE_SYSTEM_INDEX_FROM_EXACT_SYSTEM_ID,True,MODIS/061/MOD09Q1/2025_07_28,source-scenes-v1,2025-07-31,Terra MODIS,,061,061,f40e0ddcac98abe02b5bcd0a46ee77d8184ce955bcab7d606847c1538b2fa366,modis,a4300d75912417e1e469fb5138f8b78d6ad531107338e5a39352213109d258ce,2025-08-04,2025-07-31,2025-07-28,MODIS/061/MOD09Q1/2025_07_28,2025_07_28,1753660800000,2025-08-15,2025-07-16,2025
AOI-03,57ca12641709501bb5f30118c491acefed62396c209537573d7eed1d5b0cca15,MODIS/061/MOD09Q1,2025-08-05T00:00:00+00:00,final-source-scenes-r2-asset-verified,,b21c8cc7f3d4d35e1db4dfa1c8245ff10ba657c0a0a001992b552808766cc49b,RESTORE_SYSTEM_INDEX_FROM_EXACT_SYSTEM_ID,True,MODIS/061/MOD09Q1/2025_08_05,source-scenes-v1,2025-07-31,Terra MODIS,,061,061,f40e0ddcac98abe02b5bcd0a46ee77d8184ce955bcab7d606847c1538b2fa366,modis,a4300d75912417e1e469fb5138f8b78d6ad531107338e5a39352213109d258ce,2025-08-12,2025-08-08,2025-08-05,MODIS/061/MOD09Q1/2025_08_05,2025_08_05,1754352000000,2025-08-15,2025-07-16,2025
AOI-03,57ca12641709501bb5f30118c491acefed62396c209537573d7eed1d5b0cca15,MODIS/061/MOD09Q1,2025-08-13T00:00:00+00:00,final-source-scenes-r2-asset-verified,,b21c8cc7f3d4d35e1db4dfa1c8245ff10ba657c0a0a001992b552808766cc49b,RESTORE_SYSTEM_INDEX_FROM_EXACT_SYSTEM_ID,True,MODIS/061/MOD09Q1/2025_08_13,source-scenes-v1,2025-07-31,Terra MODIS,,061,061,f40e0ddcac98abe02b5bcd0a46ee77d8184ce955bcab7d606847c1538b2fa366,modis,a4300d75912417e1e469fb5138f8b78d6ad531107338e5a39352213109d258ce,2025-08-20,2025-08-16,2025-08-13,MODIS/061/MOD09Q1/2025_08_13,2025_08_13,1755043200000,2025-08-15,2025-07-16,2025
AOI-03,57ca12641709501bb5f30118c491acefed62396c209537573d7eed1d5b0cca15,MODIS/061/MOD09Q1,2025-08-21T00:00:00+00:00,final-source-scenes-r2-asset-verified,SUPPORT_INTERVAL_OUTSIDE_NOMINAL_WINDOW,b21c8cc7f3d4d35e1db4dfa1c8245ff10ba657c0a0a001992b552808766cc49b,RESTORE_SYSTEM_INDEX_FROM_EXACT_SYSTEM_ID,False,MODIS/061/MOD09Q1/2025_08_21,source-scenes-v1,2025-07-31,Terra MODIS,,061,061,f40e0ddcac98abe02b5bcd0a46ee77d8184ce955bcab7d606847c1538b2fa366,modis,a4300d75912417e1e469fb5138f8b78d6ad531107338e5a39352213109d258ce,2025-08-28,2025-08-24,2025-08-21,MODIS/061/MOD09Q1/2025_08_21,2025_08_21,1755734400000,2025-08-15,2025-07-16,2025
AOI-03,57ca12641709501bb5f30118c491acefed62396c209537573d7eed1d5b0cca15,MODIS/061/MOD09Q1,2025-07-04T00:00:00+00:00,final-source-scenes-r2-asset-verified,SUPPORT_INTERVAL_OUTSIDE_NOMINAL_WINDOW,b21c8cc7f3d4d35e1db4dfa1c8245ff10ba657c0a0a001992b552808766cc49b,RESTORE_SYSTEM_INDEX_FROM_EXACT_SYSTEM_ID,False,MODIS/061/MOD09Q1/2025_07_04,source-scenes-v1,2025-08-10,Terra MODIS,,061,061,856fa29d018253ffec012021654154531bf59aea15b604cefdba0d484c7c12e9,modis,dbbeb9a0cfb5256fb34bdbc5c8df1bf0c32957f4b8a22f38c5e1a35ac176d3fe,2025-07-11,2025-07-07,2025-07-04,MODIS/061/MOD09Q1/2025_07_04,2025_07_04,1751587200000,2025-08-25,2025-07-26,2025
AOI-03,57ca12641709501bb5f30118c491acefed62396c209537573d7eed1d5b0cca15,MODIS/061/MOD09Q1,2025-07-12T00:00:00+00:00,final-source-scenes-r2-asset-verified,SUPPORT_INTERVAL_OUTSIDE_NOMINAL_WINDOW,b21c8cc7f3d4d35e1db4dfa1c8245ff10ba657c0a0a001992b552808766cc49b,RESTORE_SYSTEM_INDEX_FROM_EXACT_SYSTEM_ID,False,MODIS/061/MOD09Q1/2025_07_12,source-scenes-v1,2025-08-10,Terra MODIS,,061,061,856fa29d018253ffec012021654154531bf59aea15b604cefdba0d484c7c12e9,modis,dbbeb9a0cfb5256fb34bdbc5c8df1bf0c32957f4b8a22f38c5e1a35ac176d3fe,2025-07-19,2025-07-15,2025-07-12,MODIS/061/MOD09Q1/2025_07_12,2025_07_12,1752278400000,2025-08-25,2025-07-26,2025
AOI-03,57ca12641709501bb5f30118c491acefed62396c209537573d7eed1d5b0cca15,MODIS/061/MOD09Q1,2025-07-20T00:00:00+00:00,final-source-scenes-r2-asset-verified,,b21c8cc7f3d4d35e1db4dfa1c8245ff10ba657c0a0a001992b552808766cc49b,RESTORE_SYSTEM_INDEX_FROM_EXACT_SYSTEM_ID,True,MODIS/061/MOD09Q1/2025_07_20,source-scenes-v1,2025-08-10,Terra MODIS,,061,061,856fa29d018253ffec012021654154531bf59aea15b604cefdba0d484c7c12e9,modis,dbbeb9a0cfb5256fb34bdbc5c8df1bf0c32957f4b8a22f38c5e1a35ac176d3fe,2025-07-27,2025-07-23,2025-07-20,MODIS/061/MOD09Q1/2025_07_20,2025_07_20,1752969600000,2025-08-25,2025-07-26,2025
AOI-03,57ca12641709501bb5f30118c491acefed62396c209537573d7eed1d5b0cca15,MODIS/061/MOD09Q1,2025-07-28T00:00:00+00:00,final-source-scenes-r2-asset-verified,,b21c8cc7f3d4d35e1db4dfa1c8245ff10ba657c0a0a001992b552808766cc49b,RESTORE_SYSTEM_INDEX_FROM_EXACT_SYSTEM_ID,True,MODIS/061/MOD09Q1/2025_07_28,source-scenes-v1,2025-08-10,Terra MODIS,,061,061,856fa29d018253ffec012021654154531bf59aea15b604cefdba0d484c7c12e9,modis,dbbeb9a0cfb5256fb34bdbc5c8df1bf0c32957f4b8a22f38c5e1a35ac176d3fe,2025-08-04,2025-07-31,2025-07-28,MODIS/061/MOD09Q1/2025_07_28,2025_07_28,1753660800000,2025-08-25,2025-07-26,2025
AOI-03,57ca12641709501bb5f30118c491acefed62396c209537573d7eed1d5b0cca15,MODIS/061/MOD09Q1,2025-08-05T00:00:00+00:00,final-source-scenes-r2-asset-verified,,b21c8cc7f3d4d35e1db4dfa1c8245ff10ba657c0a0a001992b552808766cc49b,RESTORE_SYSTEM_INDEX_FROM_EXACT_SYSTEM_ID,True,MODIS/061/MOD09Q1/2025_08_05,source-scenes-v1,2025-08-10,Terra MODIS,,061,061,856fa29d018253ffec012021654154531bf59aea15b604cefdba0d484c7c12e9,modis,dbbeb9a0cfb5256fb34bdbc5c8df1bf0c32957f4b8a22f38c5e1a35ac176d3fe,2025-08-12,2025-08-08,2025-08-05,MODIS/061/MOD09Q1/2025_08_05,2025_08_05,1754352000000,2025-08-25,2025-07-26,2025
AOI-03,57ca12641709501bb5f30118c491acefed62396c209537573d7eed1d5b0cca15,MODIS/061/MOD09Q1,2025-08-13T00:00:00+00:00,final-source-scenes-r2-asset-verified,,b21c8cc7f3d4d35e1db4dfa1c8245ff10ba657c0a0a001992b552808766cc49b,RESTORE_SYSTEM_INDEX_FROM_EXACT_SYSTEM_ID,True,MODIS/061/MOD09Q1/2025_08_13,source-scenes-v1,2025-08-10,Terra MODIS,,061,061,856fa29d018253ffec012021654154531bf59aea15b604cefdba0d484c7c12e9,modis,dbbeb9a0cfb5256fb34bdbc5c8df1bf0c32957f4b8a22f38c5e1a35ac176d3fe,2025-08-20,2025-08-16,2025-08-13,MODIS/061/MOD09Q1/2025_08_13,2025_08_13,1755043200000,2025-08-25,2025-07-26,2025
AOI-03,57ca12641709501bb5f30118c491acefed62396c209537573d7eed1d5b0cca15,MODIS/061/MOD09Q1,2025-08-21T00:00:00+00:00,final-source-scenes-r2-asset-verified,,b21c8cc7f3d4d35e1db4dfa1c8245ff10ba657c0a0a001992b552808766cc49b,RESTORE_SYSTEM_INDEX_FROM_EXACT_SYSTEM_ID,True,MODIS/061/MOD09Q1/2025_08_21,source-scenes-v1,2025-08-10,Terra MODIS,,061,061,856fa29d018253ffec012021654154531bf59aea15b604cefdba0d484c7c12e9,modis,dbbeb9a0cfb5256fb34bdbc5c8df1bf0c32957f4b8a22f38c5e1a35ac176d3fe,2025-08-28,2025-08-24,2025-08-21,MODIS/061/MOD09Q1/2025_08_21,2025_08_21,1755734400000,2025-08-25,2025-07-26,2025
