AOI_ID,cloud_system:id,cloud_system:index,included,join_status,nominal_date,s2_system:id,s2_system:index,source_manifest_hash,year
AOI-00,COPERNICUS/S2_CLOUD_PROBABILITY/20210719T040549_20210719T040614_T47SNB,20210719T040549_20210719T040614_T47SNB,True,MATCHED,2021-07-20,COPERNICUS/S2_SR_HARMONIZED/20210719T040549_20210719T040614_T47SNB,20210719T040549_20210719T040614_T47SNB,b11da2ebfdf0c97a0c2ab9773a724df2a7fada0c02bfc82a6f5ef0b123d559d4,2021
AOI-00,COPERNICUS/S2_CLOUD_PROBABILITY/20210719T040549_20210719T040614_T47SNC,20210719T040549_20210719T040614_T47SNC,True,MATCHED,2021-07-20,COPERNICUS/S2_SR_HARMONIZED/20210719T040549_20210719T040614_T47SNC,20210719T040549_20210719T040614_T47SNC,b11da2ebfdf0c97a0c2ab9773a724df2a7fada0c02bfc82a6f5ef0b123d559d4,2021
AOI-00,COPERNICUS/S2_CLOUD_PROBABILITY/20210724T040551_20210724T040840_T47SNB,20210724T040551_20210724T040840_T47SNB,True,MATCHED,2021-07-20,COPERNICUS/S2_SR_HARMONIZED/20210724T040551_20210724T040840_T47SNB,20210724T040551_20210724T040840_T47SNB,b11da2ebfdf0c97a0c2ab9773a724df2a7fada0c02bfc82a6f5ef0b123d559d4,2021
AOI-00,COPERNICUS/S2_CLOUD_PROBABILITY/20210724T040551_20210724T040840_T47SNC,20210724T040551_20210724T040840_T47SNC,True,MATCHED,2021-07-20,COPERNICUS/S2_SR_HARMONIZED/20210724T040551_20210724T040840_T47SNC,20210724T040551_20210724T040840_T47SNC,b11da2ebfdf0c97a0c2ab9773a724df2a7fada0c02bfc82a6f5ef0b123d559d4,2021
AOI-00,COPERNICUS/S2_CLOUD_PROBABILITY/20210729T040549_20210729T040614_T47SNB,20210729T040549_20210729T040614_T47SNB,True,MATCHED,2021-07-20,COPERNICUS/S2_SR_HARMONIZED/20210729T040549_20210729T040614_T47SNB,20210729T040549_20210729T040614_T47SNB,b11da2ebfdf0c97a0c2ab9773a724df2a7fada0c02bfc82a6f5ef0b123d559d4,2021
AOI-00,COPERNICUS/S2_CLOUD_PROBABILITY/20210729T040549_20210729T040614_T47SNC,20210729T040549_20210729T040614_T47SNC,True,MATCHED,2021-07-20,COPERNICUS/S2_SR_HARMONIZED/20210729T040549_20210729T040614_T47SNC,20210729T040549_20210729T040614_T47SNC,b11da2ebfdf0c97a0c2ab9773a724df2a7fada0c02bfc82a6f5ef0b123d559d4,2021
AOI-00,COPERNICUS/S2_CLOUD_PROBABILITY/20210803T040551_20210803T041219_T47SNC,20210803T040551_20210803T041219_T47SNC,True,MATCHED,2021-07-20,COPERNICUS/S2_SR_HARMONIZED/20210803T040551_20210803T041219_T47SNC,20210803T040551_20210803T041219_T47SNC,b11da2ebfdf0c97a0c2ab9773a724df2a7fada0c02bfc82a6f5ef0b123d559d4,2021
AOI-00,,,False,NOT_REQUIRED,2021-07-20,COPERNICUS/S2_SR_HARMONIZED/20210808T040549_20210808T040613_T47SNB,20210808T040549_20210808T040613_T47SNB,b11da2ebfdf0c97a0c2ab9773a724df2a7fada0c02bfc82a6f5ef0b123d559d4,2021
AOI-00,,,False,NOT_REQUIRED,2021-07-20,COPERNICUS/S2_SR_HARMONIZED/20210808T040549_20210808T040613_T47SNC,20210808T040549_20210808T040613_T47SNC,b11da2ebfdf0c97a0c2ab9773a724df2a7fada0c02bfc82a6f5ef0b123d559d4,2021
AOI-00,,,False,NOT_REQUIRED,2021-07-20,COPERNICUS/S2_SR_HARMONIZED/20210813T040551_20210813T041349_T47SNB,20210813T040551_20210813T041349_T47SNB,b11da2ebfdf0c97a0c2ab9773a724df2a7fada0c02bfc82a6f5ef0b123d559d4,2021
AOI-00,,,False,NOT_REQUIRED,2021-07-20,COPERNICUS/S2_SR_HARMONIZED/20210813T040551_20210813T041349_T47SNC,20210813T040551_20210813T041349_T47SNC,b11da2ebfdf0c97a0c2ab9773a724df2a7fada0c02bfc82a6f5ef0b123d559d4,2021
AOI-00,,,False,NOT_REQUIRED,2021-07-20,COPERNICUS/S2_SR_HARMONIZED/20210823T040551_20210823T040922_T47SNB,20210823T040551_20210823T040922_T47SNB,b11da2ebfdf0c97a0c2ab9773a724df2a7fada0c02bfc82a6f5ef0b123d559d4,2021
AOI-00,,,False,NOT_REQUIRED,2021-07-20,COPERNICUS/S2_SR_HARMONIZED/20210823T040551_20210823T040922_T47SNC,20210823T040551_20210823T040922_T47SNC,b11da2ebfdf0c97a0c2ab9773a724df2a7fada0c02bfc82a6f5ef0b123d559d4,2021
AOI-00,COPERNICUS/S2_CLOUD_PROBABILITY/20210719T040549_20210719T040614_T47SNB,20210719T040549_20210719T040614_T47SNB,True,MATCHED,2021-07-31,COPERNICUS/S2_SR_HARMONIZED/20210719T040549_20210719T040614_T47SNB,20210719T040549_20210719T040614_T47SNB,f5dc12f97c4c75bbc2604146b17eb57d22a519e701f5050100bfa2a29a699425,2021
AOI-00,COPERNICUS/S2_CLOUD_PROBABILITY/20210719T040549_20210719T040614_T47SNC,20210719T040549_20210719T040614_T47SNC,True,MATCHED,2021-07-31,COPERNICUS/S2_SR_HARMONIZED/20210719T040549_20210719T040614_T47SNC,20210719T040549_20210719T040614_T47SNC,f5dc12f97c4c75bbc2604146b17eb57d22a519e701f5050100bfa2a29a699425,2021
AOI-00,COPERNICUS/S2_CLOUD_PROBABILITY/20210724T040551_20210724T040840_T47SNB,20210724T040551_20210724T040840_T47SNB,True,MATCHED,2021-07-31,COPERNICUS/S2_SR_HARMONIZED/20210724T040551_20210724T040840_T47SNB,20210724T040551_20210724T040840_T47SNB,f5dc12f97c4c75bbc2604146b17eb57d22a519e701f5050100bfa2a29a699425,2021
AOI-00,COPERNICUS/S2_CLOUD_PROBABILITY/20210724T040551_20210724T040840_T47SNC,20210724T040551_20210724T040840_T47SNC,True,MATCHED,2021-07-31,COPERNICUS/S2_SR_HARMONIZED/20210724T040551_20210724T040840_T47SNC,20210724T040551_20210724T040840_T47SNC,f5dc12f97c4c75bbc2604146b17eb57d22a519e701f5050100bfa2a29a699425,2021
AOI-00,COPERNICUS/S2_CLOUD_PROBABILITY/20210729T040549_20210729T040614_T47SNB,20210729T040549_20210729T040614_T47SNB,True,MATCHED,2021-07-31,COPERNICUS/S2_SR_HARMONIZED/20210729T040549_20210729T040614_T47SNB,20210729T040549_20210729T040614_T47SNB,f5dc12f97c4c75bbc2604146b17eb57d22a519e701f5050100bfa2a29a699425,2021
AOI-00,COPERNICUS/S2_CLOUD_PROBABILITY/20210729T040549_20210729T040614_T47SNC,20210729T040549_20210729T040614_T47SNC,True,MATCHED,2021-07-31,COPERNICUS/S2_SR_HARMONIZED/20210729T040549_20210729T040614_T47SNC,20210729T040549_20210729T040614_T47SNC,f5dc12f97c4c75bbc2604146b17eb57d22a519e701f5050100bfa2a29a699425,2021
AOI-00,COPERNICUS/S2_CLOUD_PROBABILITY/20210803T040551_20210803T041219_T47SNC,20210803T040551_20210803T041219_T47SNC,True,MATCHED,2021-07-31,COPERNICUS/S2_SR_HARMONIZED/20210803T040551_20210803T041219_T47SNC,20210803T040551_20210803T041219_T47SNC,f5dc12f97c4c75bbc2604146b17eb57d22a519e701f5050100bfa2a29a699425,2021
AOI-00,COPERNICUS/S2_CLOUD_PROBABILITY/20210808T040549_20210808T040613_T47SNB,20210808T040549_20210808T040613_T47SNB,True,MATCHED,2021-07-31,COPERNICUS/S2_SR_HARMONIZED/20210808T040549_20210808T040613_T47SNB,20210808T040549_20210808T040613_T47SNB,f5dc12f97c4c75bbc2604146b17eb57d22a519e701f5050100bfa2a29a699425,2021
AOI-00,COPERNICUS/S2_CLOUD_PROBABILITY/20210808T040549_20210808T040613_T47SNC,20210808T040549_20210808T040613_T47SNC,True,MATCHED,2021-07-31,COPERNICUS/S2_SR_HARMONIZED/20210808T040549_20210808T040613_T47SNC,20210808T040549_20210808T040613_T47SNC,f5dc12f97c4c75bbc2604146b17eb57d22a519e701f5050100bfa2a29a699425,2021
AOI-00,COPERNICUS/S2_CLOUD_PROBABILITY/20210813T040551_20210813T041349_T47SNB,20210813T040551_20210813T041349_T47SNB,True,MATCHED,2021-07-31,COPERNICUS/S2_SR_HARMONIZED/20210813T040551_20210813T041349_T47SNB,20210813T040551_20210813T041349_T47SNB,f5dc12f97c4c75bbc2604146b17eb57d22a519e701f5050100bfa2a29a699425,2021
AOI-00,COPERNICUS/S2_CLOUD_PROBABILITY/20210813T040551_20210813T041349_T47SNC,20210813T040551_20210813T041349_T47SNC,True,MATCHED,2021-07-31,COPERNICUS/S2_SR_HARMONIZED/20210813T040551_20210813T041349_T47SNC,20210813T040551_20210813T041349_T47SNC,f5dc12f97c4c75bbc2604146b17eb57d22a519e701f5050100bfa2a29a699425,2021
AOI-00,,,False,NOT_REQUIRED,2021-07-31,COPERNICUS/S2_SR_HARMONIZED/20210823T040551_20210823T040922_T47SNB,20210823T040551_20210823T040922_T47SNB,f5dc12f97c4c75bbc2604146b17eb57d22a519e701f5050100bfa2a29a699425,2021
AOI-00,,,False,NOT_REQUIRED,2021-07-31,COPERNICUS/S2_SR_HARMONIZED/20210823T040551_20210823T040922_T47SNC,20210823T040551_20210823T040922_T47SNC,f5dc12f97c4c75bbc2604146b17eb57d22a519e701f5050100bfa2a29a699425,2021
AOI-00,,,False,NOT_REQUIRED,2021-08-10,COPERNICUS/S2_SR_HARMONIZED/20210719T040549_20210719T040614_T47SNB,20210719T040549_20210719T040614_T47SNB,ec6b080a8f1bb1a9ed7d0f64c83740ca065d89bc054f79ed1f11e5b1b433432c,2021
AOI-00,,,False,NOT_REQUIRED,2021-08-10,COPERNICUS/S2_SR_HARMONIZED/20210719T040549_20210719T040614_T47SNC,20210719T040549_20210719T040614_T47SNC,ec6b080a8f1bb1a9ed7d0f64c83740ca065d89bc054f79ed1f11e5b1b433432c,2021
AOI-00,,,False,NOT_REQUIRED,2021-08-10,COPERNICUS/S2_SR_HARMONIZED/20210724T040551_20210724T040840_T47SNB,20210724T040551_20210724T040840_T47SNB,ec6b080a8f1bb1a9ed7d0f64c83740ca065d89bc054f79ed1f11e5b1b433432c,2021
AOI-00,,,False,NOT_REQUIRED,2021-08-10,COPERNICUS/S2_SR_HARMONIZED/20210724T040551_20210724T040840_T47SNC,20210724T040551_20210724T040840_T47SNC,ec6b080a8f1bb1a9ed7d0f64c83740ca065d89bc054f79ed1f11e5b1b433432c,2021
AOI-00,COPERNICUS/S2_CLOUD_PROBABILITY/20210729T040549_20210729T040614_T47SNB,20210729T040549_20210729T040614_T47SNB,True,MATCHED,2021-08-10,COPERNICUS/S2_SR_HARMONIZED/20210729T040549_20210729T040614_T47SNB,20210729T040549_20210729T040614_T47SNB,ec6b080a8f1bb1a9ed7d0f64c83740ca065d89bc054f79ed1f11e5b1b433432c,2021
AOI-00,COPERNICUS/S2_CLOUD_PROBABILITY/20210729T040549_20210729T040614_T47SNC,20210729T040549_20210729T040614_T47SNC,True,MATCHED,2021-08-10,COPERNICUS/S2_SR_HARMONIZED/20210729T040549_20210729T040614_T47SNC,20210729T040549_20210729T040614_T47SNC,ec6b080a8f1bb1a9ed7d0f64c83740ca065d89bc054f79ed1f11e5b1b433432c,2021
AOI-00,COPERNICUS/S2_CLOUD_PROBABILITY/20210803T040551_20210803T041219_T47SNC,20210803T040551_20210803T041219_T47SNC,True,MATCHED,2021-08-10,COPERNICUS/S2_SR_HARMONIZED/20210803T040551_20210803T041219_T47SNC,20210803T040551_20210803T041219_T47SNC,ec6b080a8f1bb1a9ed7d0f64c83740ca065d89bc054f79ed1f11e5b1b433432c,2021
AOI-00,COPERNICUS/S2_CLOUD_PROBABILITY/20210808T040549_20210808T040613_T47SNB,20210808T040549_20210808T040613_T47SNB,True,MATCHED,2021-08-10,COPERNICUS/S2_SR_HARMONIZED/20210808T040549_20210808T040613_T47SNB,20210808T040549_20210808T040613_T47SNB,ec6b080a8f1bb1a9ed7d0f64c83740ca065d89bc054f79ed1f11e5b1b433432c,2021
AOI-00,COPERNICUS/S2_CLOUD_PROBABILITY/20210808T040549_20210808T040613_T47SNC,20210808T040549_20210808T040613_T47SNC,True,MATCHED,2021-08-10,COPERNICUS/S2_SR_HARMONIZED/20210808T040549_20210808T040613_T47SNC,20210808T040549_20210808T040613_T47SNC,ec6b080a8f1bb1a9ed7d0f64c83740ca065d89bc054f79ed1f11e5b1b433432c,2021
AOI-00,COPERNICUS/S2_CLOUD_PROBABILITY/20210813T040551_20210813T041349_T47SNB,20210813T040551_20210813T041349_T47SNB,True,MATCHED,2021-08-10,COPERNICUS/S2_SR_HARMONIZED/20210813T040551_20210813T041349_T47SNB,20210813T040551_20210813T041349_T47SNB,ec6b080a8f1bb1a9ed7d0f64c83740ca065d89bc054f79ed1f11e5b1b433432c,2021
AOI-00,COPERNICUS/S2_CLOUD_PROBABILITY/20210813T040551_20210813T041349_T47SNC,20210813T040551_20210813T041349_T47SNC,True,MATCHED,2021-08-10,COPERNICUS/S2_SR_HARMONIZED/20210813T040551_20210813T041349_T47SNC,20210813T040551_20210813T041349_T47SNC,ec6b080a8f1bb1a9ed7d0f64c83740ca065d89bc054f79ed1f11e5b1b433432c,2021
AOI-00,COPERNICUS/S2_CLOUD_PROBABILITY/20210823T040551_20210823T040922_T47SNB,20210823T040551_20210823T040922_T47SNB,True,MATCHED,2021-08-10,COPERNICUS/S2_SR_HARMONIZED/20210823T040551_20210823T040922_T47SNB,20210823T040551_20210823T040922_T47SNB,ec6b080a8f1bb1a9ed7d0f64c83740ca065d89bc054f79ed1f11e5b1b433432c,2021
AOI-00,COPERNICUS/S2_CLOUD_PROBABILITY/20210823T040551_20210823T040922_T47SNC,20210823T040551_20210823T040922_T47SNC,True,MATCHED,2021-08-10,COPERNICUS/S2_SR_HARMONIZED/20210823T040551_20210823T040922_T47SNC,20210823T040551_20210823T040922_T47SNC,ec6b080a8f1bb1a9ed7d0f64c83740ca065d89bc054f79ed1f11e5b1b433432c,2021
AOI-00,COPERNICUS/S2_CLOUD_PROBABILITY/20220709T040601_20220709T041602_T47SNB,20220709T040601_20220709T041602_T47SNB,True,MATCHED,2022-07-20,COPERNICUS/S2_SR_HARMONIZED/20220709T040601_20220709T041602_T47SNB,20220709T040601_20220709T041602_T47SNB,dbfd904fc003829269705440788279fb77afd743a9af18d942e6d42575fff92e,2022
AOI-00,COPERNICUS/S2_CLOUD_PROBABILITY/20220709T040601_20220709T041602_T47SNC,20220709T040601_20220709T041602_T47SNC,True,MATCHED,2022-07-20,COPERNICUS/S2_SR_HARMONIZED/20220709T040601_20220709T041602_T47SNC,20220709T040601_20220709T041602_T47SNC,dbfd904fc003829269705440788279fb77afd743a9af18d942e6d42575fff92e,2022
AOI-00,COPERNICUS/S2_CLOUD_PROBABILITY/20220719T040601_20220719T041203_T47SNB,20220719T040601_20220719T041203_T47SNB,True,MATCHED,2022-07-20,COPERNICUS/S2_SR_HARMONIZED/20220719T040601_20220719T041203_T47SNB,20220719T040601_20220719T041203_T47SNB,dbfd904fc003829269705440788279fb77afd743a9af18d942e6d42575fff92e,2022
AOI-00,COPERNICUS/S2_CLOUD_PROBABILITY/20220719T040601_20220719T041203_T47SNC,20220719T040601_20220719T041203_T47SNC,True,MATCHED,2022-07-20,COPERNICUS/S2_SR_HARMONIZED/20220719T040601_20220719T041203_T47SNC,20220719T040601_20220719T041203_T47SNC,dbfd904fc003829269705440788279fb77afd743a9af18d942e6d42575fff92e,2022
AOI-00,COPERNICUS/S2_CLOUD_PROBABILITY/20220724T040549_20220724T041608_T47SNB,20220724T040549_20220724T041608_T47SNB,True,MATCHED,2022-07-20,COPERNICUS/S2_SR_HARMONIZED/20220724T040549_20220724T041608_T47SNB,20220724T040549_20220724T041608_T47SNB,dbfd904fc003829269705440788279fb77afd743a9af18d942e6d42575fff92e,2022
AOI-00,COPERNICUS/S2_CLOUD_PROBABILITY/20220724T040549_20220724T041608_T47SNC,20220724T040549_20220724T041608_T47SNC,True,MATCHED,2022-07-20,COPERNICUS/S2_SR_HARMONIZED/20220724T040549_20220724T041608_T47SNC,20220724T040549_20220724T041608_T47SNC,dbfd904fc003829269705440788279fb77afd743a9af18d942e6d42575fff92e,2022
AOI-00,COPERNICUS/S2_CLOUD_PROBABILITY/20220729T040551_20220729T041603_T47SNB,20220729T040551_20220729T041603_T47SNB,True,MATCHED,2022-07-20,COPERNICUS/S2_SR_HARMONIZED/20220729T040551_20220729T041603_T47SNB,20220729T040551_20220729T041603_T47SNB,dbfd904fc003829269705440788279fb77afd743a9af18d942e6d42575fff92e,2022
AOI-00,COPERNICUS/S2_CLOUD_PROBABILITY/20220729T040551_20220729T041603_T47SNC,20220729T040551_20220729T041603_T47SNC,True,MATCHED,2022-07-20,COPERNICUS/S2_SR_HARMONIZED/20220729T040551_20220729T041603_T47SNC,20220729T040551_20220729T041603_T47SNC,dbfd904fc003829269705440788279fb77afd743a9af18d942e6d42575fff92e,2022
AOI-00,,,False,NOT_REQUIRED,2022-07-20,COPERNICUS/S2_SR_HARMONIZED/20220808T040601_20220808T041605_T47SNB,20220808T040601_20220808T041605_T47SNB,dbfd904fc003829269705440788279fb77afd743a9af18d942e6d42575fff92e,2022
AOI-00,,,False,NOT_REQUIRED,2022-07-20,COPERNICUS/S2_SR_HARMONIZED/20220808T040601_20220808T041605_T47SNC,20220808T040601_20220808T041605_T47SNC,dbfd904fc003829269705440788279fb77afd743a9af18d942e6d42575fff92e,2022
AOI-00,,,False,NOT_REQUIRED,2022-07-31,COPERNICUS/S2_SR_HARMONIZED/20220709T040601_20220709T041602_T47SNB,20220709T040601_20220709T041602_T47SNB,3f31340393dff2704dc8904dc234392abbf7c266f201d605f080f219b580b21f,2022
AOI-00,,,False,NOT_REQUIRED,2022-07-31,COPERNICUS/S2_SR_HARMONIZED/20220709T040601_20220709T041602_T47SNC,20220709T040601_20220709T041602_T47SNC,3f31340393dff2704dc8904dc234392abbf7c266f201d605f080f219b580b21f,2022
AOI-00,COPERNICUS/S2_CLOUD_PROBABILITY/20220719T040601_20220719T041203_T47SNB,20220719T040601_20220719T041203_T47SNB,True,MATCHED,2022-07-31,COPERNICUS/S2_SR_HARMONIZED/20220719T040601_20220719T041203_T47SNB,20220719T040601_20220719T041203_T47SNB,3f31340393dff2704dc8904dc234392abbf7c266f201d605f080f219b580b21f,2022
AOI-00,COPERNICUS/S2_CLOUD_PROBABILITY/20220719T040601_20220719T041203_T47SNC,20220719T040601_20220719T041203_T47SNC,True,MATCHED,2022-07-31,COPERNICUS/S2_SR_HARMONIZED/20220719T040601_20220719T041203_T47SNC,20220719T040601_20220719T041203_T47SNC,3f31340393dff2704dc8904dc234392abbf7c266f201d605f080f219b580b21f,2022
AOI-00,COPERNICUS/S2_CLOUD_PROBABILITY/20220724T040549_20220724T041608_T47SNB,20220724T040549_20220724T041608_T47SNB,True,MATCHED,2022-07-31,COPERNICUS/S2_SR_HARMONIZED/20220724T040549_20220724T041608_T47SNB,20220724T040549_20220724T041608_T47SNB,3f31340393dff2704dc8904dc234392abbf7c266f201d605f080f219b580b21f,2022
AOI-00,COPERNICUS/S2_CLOUD_PROBABILITY/20220724T040549_20220724T041608_T47SNC,20220724T040549_20220724T041608_T47SNC,True,MATCHED,2022-07-31,COPERNICUS/S2_SR_HARMONIZED/20220724T040549_20220724T041608_T47SNC,20220724T040549_20220724T041608_T47SNC,3f31340393dff2704dc8904dc234392abbf7c266f201d605f080f219b580b21f,2022
AOI-00,COPERNICUS/S2_CLOUD_PROBABILITY/20220729T040551_20220729T041603_T47SNB,20220729T040551_20220729T041603_T47SNB,True,MATCHED,2022-07-31,COPERNICUS/S2_SR_HARMONIZED/20220729T040551_20220729T041603_T47SNB,20220729T040551_20220729T041603_T47SNB,3f31340393dff2704dc8904dc234392abbf7c266f201d605f080f219b580b21f,2022
AOI-00,COPERNICUS/S2_CLOUD_PROBABILITY/20220729T040551_20220729T041603_T47SNC,20220729T040551_20220729T041603_T47SNC,True,MATCHED,2022-07-31,COPERNICUS/S2_SR_HARMONIZED/20220729T040551_20220729T041603_T47SNC,20220729T040551_20220729T041603_T47SNC,3f31340393dff2704dc8904dc234392abbf7c266f201d605f080f219b580b21f,2022
AOI-00,COPERNICUS/S2_CLOUD_PROBABILITY/20220808T040601_20220808T041605_T47SNB,20220808T040601_20220808T041605_T47SNB,True,MATCHED,2022-07-31,COPERNICUS/S2_SR_HARMONIZED/20220808T040601_20220808T041605_T47SNB,20220808T040601_20220808T041605_T47SNB,3f31340393dff2704dc8904dc234392abbf7c266f201d605f080f219b580b21f,2022
AOI-00,COPERNICUS/S2_CLOUD_PROBABILITY/20220808T040601_20220808T041605_T47SNC,20220808T040601_20220808T041605_T47SNC,True,MATCHED,2022-07-31,COPERNICUS/S2_SR_HARMONIZED/20220808T040601_20220808T041605_T47SNC,20220808T040601_20220808T041605_T47SNC,3f31340393dff2704dc8904dc234392abbf7c266f201d605f080f219b580b21f,2022
AOI-00,,,False,NOT_REQUIRED,2022-08-10,COPERNICUS/S2_SR_HARMONIZED/20220709T040601_20220709T041602_T47SNB,20220709T040601_20220709T041602_T47SNB,3b96c33bae3bb5e9e7022c52c61ca7aeaedb249245d177c295693ea887aaeb6e,2022
AOI-00,,,False,NOT_REQUIRED,2022-08-10,COPERNICUS/S2_SR_HARMONIZED/20220709T040601_20220709T041602_T47SNC,20220709T040601_20220709T041602_T47SNC,3b96c33bae3bb5e9e7022c52c61ca7aeaedb249245d177c295693ea887aaeb6e,2022
AOI-00,,,False,NOT_REQUIRED,2022-08-10,COPERNICUS/S2_SR_HARMONIZED/20220719T040601_20220719T041203_T47SNB,20220719T040601_20220719T041203_T47SNB,3b96c33bae3bb5e9e7022c52c61ca7aeaedb249245d177c295693ea887aaeb6e,2022
AOI-00,,,False,NOT_REQUIRED,2022-08-10,COPERNICUS/S2_SR_HARMONIZED/20220719T040601_20220719T041203_T47SNC,20220719T040601_20220719T041203_T47SNC,3b96c33bae3bb5e9e7022c52c61ca7aeaedb249245d177c295693ea887aaeb6e,2022
AOI-00,,,False,NOT_REQUIRED,2022-08-10,COPERNICUS/S2_SR_HARMONIZED/20220724T040549_20220724T041608_T47SNB,20220724T040549_20220724T041608_T47SNB,3b96c33bae3bb5e9e7022c52c61ca7aeaedb249245d177c295693ea887aaeb6e,2022
AOI-00,,,False,NOT_REQUIRED,2022-08-10,COPERNICUS/S2_SR_HARMONIZED/20220724T040549_20220724T041608_T47SNC,20220724T040549_20220724T041608_T47SNC,3b96c33bae3bb5e9e7022c52c61ca7aeaedb249245d177c295693ea887aaeb6e,2022
AOI-00,COPERNICUS/S2_CLOUD_PROBABILITY/20220729T040551_20220729T041603_T47SNB,20220729T040551_20220729T041603_T47SNB,True,MATCHED,2022-08-10,COPERNICUS/S2_SR_HARMONIZED/20220729T040551_20220729T041603_T47SNB,20220729T040551_20220729T041603_T47SNB,3b96c33bae3bb5e9e7022c52c61ca7aeaedb249245d177c295693ea887aaeb6e,2022
AOI-00,COPERNICUS/S2_CLOUD_PROBABILITY/20220729T040551_20220729T041603_T47SNC,20220729T040551_20220729T041603_T47SNC,True,MATCHED,2022-08-10,COPERNICUS/S2_SR_HARMONIZED/20220729T040551_20220729T041603_T47SNC,20220729T040551_20220729T041603_T47SNC,3b96c33bae3bb5e9e7022c52c61ca7aeaedb249245d177c295693ea887aaeb6e,2022
AOI-00,COPERNICUS/S2_CLOUD_PROBABILITY/20220808T040601_20220808T041605_T47SNB,20220808T040601_20220808T041605_T47SNB,True,MATCHED,2022-08-10,COPERNICUS/S2_SR_HARMONIZED/20220808T040601_20220808T041605_T47SNB,20220808T040601_20220808T041605_T47SNB,3b96c33bae3bb5e9e7022c52c61ca7aeaedb249245d177c295693ea887aaeb6e,2022
AOI-00,COPERNICUS/S2_CLOUD_PROBABILITY/20220808T040601_20220808T041605_T47SNC,20220808T040601_20220808T041605_T47SNC,True,MATCHED,2022-08-10,COPERNICUS/S2_SR_HARMONIZED/20220808T040601_20220808T041605_T47SNC,20220808T040601_20220808T041605_T47SNC,3b96c33bae3bb5e9e7022c52c61ca7aeaedb249245d177c295693ea887aaeb6e,2022
AOI-00,COPERNICUS/S2_CLOUD_PROBABILITY/20230709T040549_20230709T041549_T47SNB,20230709T040549_20230709T041549_T47SNB,True,MATCHED,2023-07-20,COPERNICUS/S2_SR_HARMONIZED/20230709T040549_20230709T041549_T47SNB,20230709T040549_20230709T041549_T47SNB,9ed64487941823e121ff2081e62216ccc06d169d0a98e7dd0fd7b94b8f5a6ec3,2023
AOI-00,COPERNICUS/S2_CLOUD_PROBABILITY/20230709T040549_20230709T041549_T47SNC,20230709T040549_20230709T041549_T47SNC,True,MATCHED,2023-07-20,COPERNICUS/S2_SR_HARMONIZED/20230709T040549_20230709T041549_T47SNC,20230709T040549_20230709T041549_T47SNC,9ed64487941823e121ff2081e62216ccc06d169d0a98e7dd0fd7b94b8f5a6ec3,2023
AOI-00,COPERNICUS/S2_CLOUD_PROBABILITY/20230714T040551_20230714T041506_T47SNB,20230714T040551_20230714T041506_T47SNB,True,MATCHED,2023-07-20,COPERNICUS/S2_SR_HARMONIZED/20230714T040551_20230714T041506_T47SNB,20230714T040551_20230714T041506_T47SNB,9ed64487941823e121ff2081e62216ccc06d169d0a98e7dd0fd7b94b8f5a6ec3,2023
AOI-00,COPERNICUS/S2_CLOUD_PROBABILITY/20230714T040551_20230714T041506_T47SNC,20230714T040551_20230714T041506_T47SNC,True,MATCHED,2023-07-20,COPERNICUS/S2_SR_HARMONIZED/20230714T040551_20230714T041506_T47SNC,20230714T040551_20230714T041506_T47SNC,9ed64487941823e121ff2081e62216ccc06d169d0a98e7dd0fd7b94b8f5a6ec3,2023
AOI-00,COPERNICUS/S2_CLOUD_PROBABILITY/20230719T040549_20230719T041550_T47SNB,20230719T040549_20230719T041550_T47SNB,True,MATCHED,2023-07-20,COPERNICUS/S2_SR_HARMONIZED/20230719T040549_20230719T041550_T47SNB,20230719T040549_20230719T041550_T47SNB,9ed64487941823e121ff2081e62216ccc06d169d0a98e7dd0fd7b94b8f5a6ec3,2023
AOI-00,COPERNICUS/S2_CLOUD_PROBABILITY/20230719T040549_20230719T041550_T47SNC,20230719T040549_20230719T041550_T47SNC,True,MATCHED,2023-07-20,COPERNICUS/S2_SR_HARMONIZED/20230719T040549_20230719T041550_T47SNC,20230719T040549_20230719T041550_T47SNC,9ed64487941823e121ff2081e62216ccc06d169d0a98e7dd0fd7b94b8f5a6ec3,2023
AOI-00,COPERNICUS/S2_CLOUD_PROBABILITY/20230724T040551_20230724T041549_T47SNB,20230724T040551_20230724T041549_T47SNB,True,MATCHED,2023-07-20,COPERNICUS/S2_SR_HARMONIZED/20230724T040551_20230724T041549_T47SNB,20230724T040551_20230724T041549_T47SNB,9ed64487941823e121ff2081e62216ccc06d169d0a98e7dd0fd7b94b8f5a6ec3,2023
AOI-00,COPERNICUS/S2_CLOUD_PROBABILITY/20230724T040551_20230724T041549_T47SNC,20230724T040551_20230724T041549_T47SNC,True,MATCHED,2023-07-20,COPERNICUS/S2_SR_HARMONIZED/20230724T040551_20230724T041549_T47SNC,20230724T040551_20230724T041549_T47SNC,9ed64487941823e121ff2081e62216ccc06d169d0a98e7dd0fd7b94b8f5a6ec3,2023
AOI-00,COPERNICUS/S2_CLOUD_PROBABILITY/20230729T040549_20230729T041550_T47SNB,20230729T040549_20230729T041550_T47SNB,True,MATCHED,2023-07-20,COPERNICUS/S2_SR_HARMONIZED/20230729T040549_20230729T041550_T47SNB,20230729T040549_20230729T041550_T47SNB,9ed64487941823e121ff2081e62216ccc06d169d0a98e7dd0fd7b94b8f5a6ec3,2023
AOI-00,COPERNICUS/S2_CLOUD_PROBABILITY/20230729T040549_20230729T041550_T47SNC,20230729T040549_20230729T041550_T47SNC,True,MATCHED,2023-07-20,COPERNICUS/S2_SR_HARMONIZED/20230729T040549_20230729T041550_T47SNC,20230729T040549_20230729T041550_T47SNC,9ed64487941823e121ff2081e62216ccc06d169d0a98e7dd0fd7b94b8f5a6ec3,2023
AOI-00,,,False,NOT_REQUIRED,2023-07-20,COPERNICUS/S2_SR_HARMONIZED/20230808T040549_20230808T041550_T47SNB,20230808T040549_20230808T041550_T47SNB,9ed64487941823e121ff2081e62216ccc06d169d0a98e7dd0fd7b94b8f5a6ec3,2023
AOI-00,,,False,NOT_REQUIRED,2023-07-20,COPERNICUS/S2_SR_HARMONIZED/20230808T040549_20230808T041550_T47SNC,20230808T040549_20230808T041550_T47SNC,9ed64487941823e121ff2081e62216ccc06d169d0a98e7dd0fd7b94b8f5a6ec3,2023
AOI-00,,,False,NOT_REQUIRED,2023-07-20,COPERNICUS/S2_SR_HARMONIZED/20230813T040551_20230813T040649_T47SNB,20230813T040551_20230813T040649_T47SNB,9ed64487941823e121ff2081e62216ccc06d169d0a98e7dd0fd7b94b8f5a6ec3,2023
AOI-00,,,False,NOT_REQUIRED,2023-07-20,COPERNICUS/S2_SR_HARMONIZED/20230813T040551_20230813T040649_T47SNC,20230813T040551_20230813T040649_T47SNC,9ed64487941823e121ff2081e62216ccc06d169d0a98e7dd0fd7b94b8f5a6ec3,2023
AOI-00,,,False,NOT_REQUIRED,2023-07-20,COPERNICUS/S2_SR_HARMONIZED/20230823T040551_20230823T040842_T47SNB,20230823T040551_20230823T040842_T47SNB,9ed64487941823e121ff2081e62216ccc06d169d0a98e7dd0fd7b94b8f5a6ec3,2023
AOI-00,,,False,NOT_REQUIRED,2023-07-20,COPERNICUS/S2_SR_HARMONIZED/20230823T040551_20230823T040842_T47SNC,20230823T040551_20230823T040842_T47SNC,9ed64487941823e121ff2081e62216ccc06d169d0a98e7dd0fd7b94b8f5a6ec3,2023
AOI-00,,,False,NOT_REQUIRED,2023-07-31,COPERNICUS/S2_SR_HARMONIZED/20230709T040549_20230709T041549_T47SNB,20230709T040549_20230709T041549_T47SNB,2f9a2dd266e3d7cf635e3431ff081ee3fcf3a825296eae6908c982fd6c2ce5a9,2023
AOI-00,,,False,NOT_REQUIRED,2023-07-31,COPERNICUS/S2_SR_HARMONIZED/20230709T040549_20230709T041549_T47SNC,20230709T040549_20230709T041549_T47SNC,2f9a2dd266e3d7cf635e3431ff081ee3fcf3a825296eae6908c982fd6c2ce5a9,2023
AOI-00,,,False,NOT_REQUIRED,2023-07-31,COPERNICUS/S2_SR_HARMONIZED/20230714T040551_20230714T041506_T47SNB,20230714T040551_20230714T041506_T47SNB,2f9a2dd266e3d7cf635e3431ff081ee3fcf3a825296eae6908c982fd6c2ce5a9,2023
AOI-00,,,False,NOT_REQUIRED,2023-07-31,COPERNICUS/S2_SR_HARMONIZED/20230714T040551_20230714T041506_T47SNC,20230714T040551_20230714T041506_T47SNC,2f9a2dd266e3d7cf635e3431ff081ee3fcf3a825296eae6908c982fd6c2ce5a9,2023
AOI-00,COPERNICUS/S2_CLOUD_PROBABILITY/20230719T040549_20230719T041550_T47SNB,20230719T040549_20230719T041550_T47SNB,True,MATCHED,2023-07-31,COPERNICUS/S2_SR_HARMONIZED/20230719T040549_20230719T041550_T47SNB,20230719T040549_20230719T041550_T47SNB,2f9a2dd266e3d7cf635e3431ff081ee3fcf3a825296eae6908c982fd6c2ce5a9,2023
AOI-00,COPERNICUS/S2_CLOUD_PROBABILITY/20230719T040549_20230719T041550_T47SNC,20230719T040549_20230719T041550_T47SNC,True,MATCHED,2023-07-31,COPERNICUS/S2_SR_HARMONIZED/20230719T040549_20230719T041550_T47SNC,20230719T040549_20230719T041550_T47SNC,2f9a2dd266e3d7cf635e3431ff081ee3fcf3a825296eae6908c982fd6c2ce5a9,2023
AOI-00,COPERNICUS/S2_CLOUD_PROBABILITY/20230724T040551_20230724T041549_T47SNB,20230724T040551_20230724T041549_T47SNB,True,MATCHED,2023-07-31,COPERNICUS/S2_SR_HARMONIZED/20230724T040551_20230724T041549_T47SNB,20230724T040551_20230724T041549_T47SNB,2f9a2dd266e3d7cf635e3431ff081ee3fcf3a825296eae6908c982fd6c2ce5a9,2023
AOI-00,COPERNICUS/S2_CLOUD_PROBABILITY/20230724T040551_20230724T041549_T47SNC,20230724T040551_20230724T041549_T47SNC,True,MATCHED,2023-07-31,COPERNICUS/S2_SR_HARMONIZED/20230724T040551_20230724T041549_T47SNC,20230724T040551_20230724T041549_T47SNC,2f9a2dd266e3d7cf635e3431ff081ee3fcf3a825296eae6908c982fd6c2ce5a9,2023
AOI-00,COPERNICUS/S2_CLOUD_PROBABILITY/20230729T040549_20230729T041550_T47SNB,20230729T040549_20230729T041550_T47SNB,True,MATCHED,2023-07-31,COPERNICUS/S2_SR_HARMONIZED/20230729T040549_20230729T041550_T47SNB,20230729T040549_20230729T041550_T47SNB,2f9a2dd266e3d7cf635e3431ff081ee3fcf3a825296eae6908c982fd6c2ce5a9,2023
AOI-00,COPERNICUS/S2_CLOUD_PROBABILITY/20230729T040549_20230729T041550_T47SNC,20230729T040549_20230729T041550_T47SNC,True,MATCHED,2023-07-31,COPERNICUS/S2_SR_HARMONIZED/20230729T040549_20230729T041550_T47SNC,20230729T040549_20230729T041550_T47SNC,2f9a2dd266e3d7cf635e3431ff081ee3fcf3a825296eae6908c982fd6c2ce5a9,2023
AOI-00,COPERNICUS/S2_CLOUD_PROBABILITY/20230808T040549_20230808T041550_T47SNB,20230808T040549_20230808T041550_T47SNB,True,MATCHED,2023-07-31,COPERNICUS/S2_SR_HARMONIZED/20230808T040549_20230808T041550_T47SNB,20230808T040549_20230808T041550_T47SNB,2f9a2dd266e3d7cf635e3431ff081ee3fcf3a825296eae6908c982fd6c2ce5a9,2023
AOI-00,COPERNICUS/S2_CLOUD_PROBABILITY/20230808T040549_20230808T041550_T47SNC,20230808T040549_20230808T041550_T47SNC,True,MATCHED,2023-07-31,COPERNICUS/S2_SR_HARMONIZED/20230808T040549_20230808T041550_T47SNC,20230808T040549_20230808T041550_T47SNC,2f9a2dd266e3d7cf635e3431ff081ee3fcf3a825296eae6908c982fd6c2ce5a9,2023
AOI-00,COPERNICUS/S2_CLOUD_PROBABILITY/20230813T040551_20230813T040649_T47SNB,20230813T040551_20230813T040649_T47SNB,True,MATCHED,2023-07-31,COPERNICUS/S2_SR_HARMONIZED/20230813T040551_20230813T040649_T47SNB,20230813T040551_20230813T040649_T47SNB,2f9a2dd266e3d7cf635e3431ff081ee3fcf3a825296eae6908c982fd6c2ce5a9,2023
AOI-00,COPERNICUS/S2_CLOUD_PROBABILITY/20230813T040551_20230813T040649_T47SNC,20230813T040551_20230813T040649_T47SNC,True,MATCHED,2023-07-31,COPERNICUS/S2_SR_HARMONIZED/20230813T040551_20230813T040649_T47SNC,20230813T040551_20230813T040649_T47SNC,2f9a2dd266e3d7cf635e3431ff081ee3fcf3a825296eae6908c982fd6c2ce5a9,2023
AOI-00,,,False,NOT_REQUIRED,2023-07-31,COPERNICUS/S2_SR_HARMONIZED/20230823T040551_20230823T040842_T47SNB,20230823T040551_20230823T040842_T47SNB,2f9a2dd266e3d7cf635e3431ff081ee3fcf3a825296eae6908c982fd6c2ce5a9,2023
AOI-00,,,False,NOT_REQUIRED,2023-07-31,COPERNICUS/S2_SR_HARMONIZED/20230823T040551_20230823T040842_T47SNC,20230823T040551_20230823T040842_T47SNC,2f9a2dd266e3d7cf635e3431ff081ee3fcf3a825296eae6908c982fd6c2ce5a9,2023
AOI-00,,,False,NOT_REQUIRED,2023-08-10,COPERNICUS/S2_SR_HARMONIZED/20230709T040549_20230709T041549_T47SNB,20230709T040549_20230709T041549_T47SNB,fe66822af93c75f2cebe82b321e6257225c850c7009026bb413ea23872488459,2023
AOI-00,,,False,NOT_REQUIRED,2023-08-10,COPERNICUS/S2_SR_HARMONIZED/20230709T040549_20230709T041549_T47SNC,20230709T040549_20230709T041549_T47SNC,fe66822af93c75f2cebe82b321e6257225c850c7009026bb413ea23872488459,2023
AOI-00,,,False,NOT_REQUIRED,2023-08-10,COPERNICUS/S2_SR_HARMONIZED/20230714T040551_20230714T041506_T47SNB,20230714T040551_20230714T041506_T47SNB,fe66822af93c75f2cebe82b321e6257225c850c7009026bb413ea23872488459,2023
AOI-00,,,False,NOT_REQUIRED,2023-08-10,COPERNICUS/S2_SR_HARMONIZED/20230714T040551_20230714T041506_T47SNC,20230714T040551_20230714T041506_T47SNC,fe66822af93c75f2cebe82b321e6257225c850c7009026bb413ea23872488459,2023
AOI-00,,,False,NOT_REQUIRED,2023-08-10,COPERNICUS/S2_SR_HARMONIZED/20230719T040549_20230719T041550_T47SNB,20230719T040549_20230719T041550_T47SNB,fe66822af93c75f2cebe82b321e6257225c850c7009026bb413ea23872488459,2023
AOI-00,,,False,NOT_REQUIRED,2023-08-10,COPERNICUS/S2_SR_HARMONIZED/20230719T040549_20230719T041550_T47SNC,20230719T040549_20230719T041550_T47SNC,fe66822af93c75f2cebe82b321e6257225c850c7009026bb413ea23872488459,2023
AOI-00,,,False,NOT_REQUIRED,2023-08-10,COPERNICUS/S2_SR_HARMONIZED/20230724T040551_20230724T041549_T47SNB,20230724T040551_20230724T041549_T47SNB,fe66822af93c75f2cebe82b321e6257225c850c7009026bb413ea23872488459,2023
AOI-00,,,False,NOT_REQUIRED,2023-08-10,COPERNICUS/S2_SR_HARMONIZED/20230724T040551_20230724T041549_T47SNC,20230724T040551_20230724T041549_T47SNC,fe66822af93c75f2cebe82b321e6257225c850c7009026bb413ea23872488459,2023
AOI-00,COPERNICUS/S2_CLOUD_PROBABILITY/20230729T040549_20230729T041550_T47SNB,20230729T040549_20230729T041550_T47SNB,True,MATCHED,2023-08-10,COPERNICUS/S2_SR_HARMONIZED/20230729T040549_20230729T041550_T47SNB,20230729T040549_20230729T041550_T47SNB,fe66822af93c75f2cebe82b321e6257225c850c7009026bb413ea23872488459,2023
AOI-00,COPERNICUS/S2_CLOUD_PROBABILITY/20230729T040549_20230729T041550_T47SNC,20230729T040549_20230729T041550_T47SNC,True,MATCHED,2023-08-10,COPERNICUS/S2_SR_HARMONIZED/20230729T040549_20230729T041550_T47SNC,20230729T040549_20230729T041550_T47SNC,fe66822af93c75f2cebe82b321e6257225c850c7009026bb413ea23872488459,2023
AOI-00,COPERNICUS/S2_CLOUD_PROBABILITY/20230808T040549_20230808T041550_T47SNB,20230808T040549_20230808T041550_T47SNB,True,MATCHED,2023-08-10,COPERNICUS/S2_SR_HARMONIZED/20230808T040549_20230808T041550_T47SNB,20230808T040549_20230808T041550_T47SNB,fe66822af93c75f2cebe82b321e6257225c850c7009026bb413ea23872488459,2023
AOI-00,COPERNICUS/S2_CLOUD_PROBABILITY/20230808T040549_20230808T041550_T47SNC,20230808T040549_20230808T041550_T47SNC,True,MATCHED,2023-08-10,COPERNICUS/S2_SR_HARMONIZED/20230808T040549_20230808T041550_T47SNC,20230808T040549_20230808T041550_T47SNC,fe66822af93c75f2cebe82b321e6257225c850c7009026bb413ea23872488459,2023
AOI-00,COPERNICUS/S2_CLOUD_PROBABILITY/20230813T040551_20230813T040649_T47SNB,20230813T040551_20230813T040649_T47SNB,True,MATCHED,2023-08-10,COPERNICUS/S2_SR_HARMONIZED/20230813T040551_20230813T040649_T47SNB,20230813T040551_20230813T040649_T47SNB,fe66822af93c75f2cebe82b321e6257225c850c7009026bb413ea23872488459,2023
AOI-00,COPERNICUS/S2_CLOUD_PROBABILITY/20230813T040551_20230813T040649_T47SNC,20230813T040551_20230813T040649_T47SNC,True,MATCHED,2023-08-10,COPERNICUS/S2_SR_HARMONIZED/20230813T040551_20230813T040649_T47SNC,20230813T040551_20230813T040649_T47SNC,fe66822af93c75f2cebe82b321e6257225c850c7009026bb413ea23872488459,2023
AOI-00,COPERNICUS/S2_CLOUD_PROBABILITY/20230823T040551_20230823T040842_T47SNB,20230823T040551_20230823T040842_T47SNB,True,MATCHED,2023-08-10,COPERNICUS/S2_SR_HARMONIZED/20230823T040551_20230823T040842_T47SNB,20230823T040551_20230823T040842_T47SNB,fe66822af93c75f2cebe82b321e6257225c850c7009026bb413ea23872488459,2023
AOI-00,COPERNICUS/S2_CLOUD_PROBABILITY/20230823T040551_20230823T040842_T47SNC,20230823T040551_20230823T040842_T47SNC,True,MATCHED,2023-08-10,COPERNICUS/S2_SR_HARMONIZED/20230823T040551_20230823T040842_T47SNC,20230823T040551_20230823T040842_T47SNC,fe66822af93c75f2cebe82b321e6257225c850c7009026bb413ea23872488459,2023
AOI-00,COPERNICUS/S2_CLOUD_PROBABILITY/20240708T040551_20240708T041733_T47SNB,20240708T040551_20240708T041733_T47SNB,True,MATCHED,2024-07-20,COPERNICUS/S2_SR_HARMONIZED/20240708T040551_20240708T041733_T47SNB,20240708T040551_20240708T041733_T47SNB,24d9293221af8d8eb29c8e2dca90fb8f0eab05a9ee81744548f8fcdb57693a85,2024
AOI-00,COPERNICUS/S2_CLOUD_PROBABILITY/20240708T040551_20240708T041733_T47SNC,20240708T040551_20240708T041733_T47SNC,True,MATCHED,2024-07-20,COPERNICUS/S2_SR_HARMONIZED/20240708T040551_20240708T041733_T47SNC,20240708T040551_20240708T041733_T47SNC,24d9293221af8d8eb29c8e2dca90fb8f0eab05a9ee81744548f8fcdb57693a85,2024
AOI-00,COPERNICUS/S2_CLOUD_PROBABILITY/20240718T040541_20240718T040836_T47SNC,20240718T040541_20240718T040836_T47SNC,True,MATCHED,2024-07-20,COPERNICUS/S2_SR_HARMONIZED/20240718T040541_20240718T040836_T47SNC,20240718T040541_20240718T040836_T47SNC,24d9293221af8d8eb29c8e2dca90fb8f0eab05a9ee81744548f8fcdb57693a85,2024
AOI-00,COPERNICUS/S2_CLOUD_PROBABILITY/20240728T040551_20240728T041247_T47SNB,20240728T040551_20240728T041247_T47SNB,True,MATCHED,2024-07-20,COPERNICUS/S2_SR_HARMONIZED/20240728T040551_20240728T041247_T47SNB,20240728T040551_20240728T041247_T47SNB,24d9293221af8d8eb29c8e2dca90fb8f0eab05a9ee81744548f8fcdb57693a85,2024
AOI-00,COPERNICUS/S2_CLOUD_PROBABILITY/20240728T040551_20240728T041247_T47SNC,20240728T040551_20240728T041247_T47SNC,True,MATCHED,2024-07-20,COPERNICUS/S2_SR_HARMONIZED/20240728T040551_20240728T041247_T47SNC,20240728T040551_20240728T041247_T47SNC,24d9293221af8d8eb29c8e2dca90fb8f0eab05a9ee81744548f8fcdb57693a85,2024
AOI-00,COPERNICUS/S2_CLOUD_PROBABILITY/20240802T040549_20240802T041205_T47SNB,20240802T040549_20240802T041205_T47SNB,True,MATCHED,2024-07-20,COPERNICUS/S2_SR_HARMONIZED/20240802T040549_20240802T041205_T47SNB,20240802T040549_20240802T041205_T47SNB,24d9293221af8d8eb29c8e2dca90fb8f0eab05a9ee81744548f8fcdb57693a85,2024
AOI-00,,,False,NOT_REQUIRED,2024-07-20,COPERNICUS/S2_SR_HARMONIZED/20240807T040541_20240807T041626_T47SNB,20240807T040541_20240807T041626_T47SNB,24d9293221af8d8eb29c8e2dca90fb8f0eab05a9ee81744548f8fcdb57693a85,2024
AOI-00,,,False,NOT_REQUIRED,2024-07-20,COPERNICUS/S2_SR_HARMONIZED/20240807T040541_20240807T041626_T47SNC,20240807T040541_20240807T041626_T47SNC,24d9293221af8d8eb29c8e2dca90fb8f0eab05a9ee81744548f8fcdb57693a85,2024
AOI-00,,,False,NOT_REQUIRED,2024-07-20,COPERNICUS/S2_SR_HARMONIZED/20240812T040549_20240812T040558_T47SNB,20240812T040549_20240812T040558_T47SNB,24d9293221af8d8eb29c8e2dca90fb8f0eab05a9ee81744548f8fcdb57693a85,2024
AOI-00,,,False,NOT_REQUIRED,2024-07-20,COPERNICUS/S2_SR_HARMONIZED/20240812T040549_20240812T040558_T47SNC,20240812T040549_20240812T040558_T47SNC,24d9293221af8d8eb29c8e2dca90fb8f0eab05a9ee81744548f8fcdb57693a85,2024
AOI-00,,,False,NOT_REQUIRED,2024-07-20,COPERNICUS/S2_SR_HARMONIZED/20240817T040541_20240817T040923_T47SNB,20240817T040541_20240817T040923_T47SNB,24d9293221af8d8eb29c8e2dca90fb8f0eab05a9ee81744548f8fcdb57693a85,2024
AOI-00,,,False,NOT_REQUIRED,2024-07-20,COPERNICUS/S2_SR_HARMONIZED/20240817T040541_20240817T040923_T47SNC,20240817T040541_20240817T040923_T47SNC,24d9293221af8d8eb29c8e2dca90fb8f0eab05a9ee81744548f8fcdb57693a85,2024
AOI-00,,,False,NOT_REQUIRED,2024-07-20,COPERNICUS/S2_SR_HARMONIZED/20240822T040539_20240822T040553_T47SNB,20240822T040539_20240822T040553_T47SNB,24d9293221af8d8eb29c8e2dca90fb8f0eab05a9ee81744548f8fcdb57693a85,2024
AOI-00,,,False,NOT_REQUIRED,2024-07-20,COPERNICUS/S2_SR_HARMONIZED/20240822T040539_20240822T040553_T47SNC,20240822T040539_20240822T040553_T47SNC,24d9293221af8d8eb29c8e2dca90fb8f0eab05a9ee81744548f8fcdb57693a85,2024
AOI-00,,,False,NOT_REQUIRED,2024-07-31,COPERNICUS/S2_SR_HARMONIZED/20240708T040551_20240708T041733_T47SNB,20240708T040551_20240708T041733_T47SNB,aec2c795aed1e82d0dfcc6777db2e7f8e585b27fae6289da7ae7047098d9b8d6,2024
AOI-00,,,False,NOT_REQUIRED,2024-07-31,COPERNICUS/S2_SR_HARMONIZED/20240708T040551_20240708T041733_T47SNC,20240708T040551_20240708T041733_T47SNC,aec2c795aed1e82d0dfcc6777db2e7f8e585b27fae6289da7ae7047098d9b8d6,2024
AOI-00,COPERNICUS/S2_CLOUD_PROBABILITY/20240718T040541_20240718T040836_T47SNC,20240718T040541_20240718T040836_T47SNC,True,MATCHED,2024-07-31,COPERNICUS/S2_SR_HARMONIZED/20240718T040541_20240718T040836_T47SNC,20240718T040541_20240718T040836_T47SNC,aec2c795aed1e82d0dfcc6777db2e7f8e585b27fae6289da7ae7047098d9b8d6,2024
AOI-00,COPERNICUS/S2_CLOUD_PROBABILITY/20240728T040551_20240728T041247_T47SNB,20240728T040551_20240728T041247_T47SNB,True,MATCHED,2024-07-31,COPERNICUS/S2_SR_HARMONIZED/20240728T040551_20240728T041247_T47SNB,20240728T040551_20240728T041247_T47SNB,aec2c795aed1e82d0dfcc6777db2e7f8e585b27fae6289da7ae7047098d9b8d6,2024
AOI-00,COPERNICUS/S2_CLOUD_PROBABILITY/20240728T040551_20240728T041247_T47SNC,20240728T040551_20240728T041247_T47SNC,True,MATCHED,2024-07-31,COPERNICUS/S2_SR_HARMONIZED/20240728T040551_20240728T041247_T47SNC,20240728T040551_20240728T041247_T47SNC,aec2c795aed1e82d0dfcc6777db2e7f8e585b27fae6289da7ae7047098d9b8d6,2024
AOI-00,COPERNICUS/S2_CLOUD_PROBABILITY/20240802T040549_20240802T041205_T47SNB,20240802T040549_20240802T041205_T47SNB,True,MATCHED,2024-07-31,COPERNICUS/S2_SR_HARMONIZED/20240802T040549_20240802T041205_T47SNB,20240802T040549_20240802T041205_T47SNB,aec2c795aed1e82d0dfcc6777db2e7f8e585b27fae6289da7ae7047098d9b8d6,2024
AOI-00,COPERNICUS/S2_CLOUD_PROBABILITY/20240807T040541_20240807T041626_T47SNB,20240807T040541_20240807T041626_T47SNB,True,MATCHED,2024-07-31,COPERNICUS/S2_SR_HARMONIZED/20240807T040541_20240807T041626_T47SNB,20240807T040541_20240807T041626_T47SNB,aec2c795aed1e82d0dfcc6777db2e7f8e585b27fae6289da7ae7047098d9b8d6,2024
AOI-00,COPERNICUS/S2_CLOUD_PROBABILITY/20240807T040541_20240807T041626_T47SNC,20240807T040541_20240807T041626_T47SNC,True,MATCHED,2024-07-31,COPERNICUS/S2_SR_HARMONIZED/20240807T040541_20240807T041626_T47SNC,20240807T040541_20240807T041626_T47SNC,aec2c795aed1e82d0dfcc6777db2e7f8e585b27fae6289da7ae7047098d9b8d6,2024
AOI-00,COPERNICUS/S2_CLOUD_PROBABILITY/20240812T040549_20240812T040558_T47SNB,20240812T040549_20240812T040558_T47SNB,True,MATCHED,2024-07-31,COPERNICUS/S2_SR_HARMONIZED/20240812T040549_20240812T040558_T47SNB,20240812T040549_20240812T040558_T47SNB,aec2c795aed1e82d0dfcc6777db2e7f8e585b27fae6289da7ae7047098d9b8d6,2024
AOI-00,COPERNICUS/S2_CLOUD_PROBABILITY/20240812T040549_20240812T040558_T47SNC,20240812T040549_20240812T040558_T47SNC,True,MATCHED,2024-07-31,COPERNICUS/S2_SR_HARMONIZED/20240812T040549_20240812T040558_T47SNC,20240812T040549_20240812T040558_T47SNC,aec2c795aed1e82d0dfcc6777db2e7f8e585b27fae6289da7ae7047098d9b8d6,2024
AOI-00,,,False,NOT_REQUIRED,2024-07-31,COPERNICUS/S2_SR_HARMONIZED/20240817T040541_20240817T040923_T47SNB,20240817T040541_20240817T040923_T47SNB,aec2c795aed1e82d0dfcc6777db2e7f8e585b27fae6289da7ae7047098d9b8d6,2024
AOI-00,,,False,NOT_REQUIRED,2024-07-31,COPERNICUS/S2_SR_HARMONIZED/20240817T040541_20240817T040923_T47SNC,20240817T040541_20240817T040923_T47SNC,aec2c795aed1e82d0dfcc6777db2e7f8e585b27fae6289da7ae7047098d9b8d6,2024
AOI-00,,,False,NOT_REQUIRED,2024-07-31,COPERNICUS/S2_SR_HARMONIZED/20240822T040539_20240822T040553_T47SNB,20240822T040539_20240822T040553_T47SNB,aec2c795aed1e82d0dfcc6777db2e7f8e585b27fae6289da7ae7047098d9b8d6,2024
AOI-00,,,False,NOT_REQUIRED,2024-07-31,COPERNICUS/S2_SR_HARMONIZED/20240822T040539_20240822T040553_T47SNC,20240822T040539_20240822T040553_T47SNC,aec2c795aed1e82d0dfcc6777db2e7f8e585b27fae6289da7ae7047098d9b8d6,2024
AOI-00,,,False,NOT_REQUIRED,2024-08-10,COPERNICUS/S2_SR_HARMONIZED/20240708T040551_20240708T041733_T47SNB,20240708T040551_20240708T041733_T47SNB,497f781082f32a8232e6b5792913112ade18b8b92a432b5971ccd86bd42bdef9,2024
AOI-00,,,False,NOT_REQUIRED,2024-08-10,COPERNICUS/S2_SR_HARMONIZED/20240708T040551_20240708T041733_T47SNC,20240708T040551_20240708T041733_T47SNC,497f781082f32a8232e6b5792913112ade18b8b92a432b5971ccd86bd42bdef9,2024
AOI-00,,,False,NOT_REQUIRED,2024-08-10,COPERNICUS/S2_SR_HARMONIZED/20240718T040541_20240718T040836_T47SNC,20240718T040541_20240718T040836_T47SNC,497f781082f32a8232e6b5792913112ade18b8b92a432b5971ccd86bd42bdef9,2024
AOI-00,COPERNICUS/S2_CLOUD_PROBABILITY/20240728T040551_20240728T041247_T47SNB,20240728T040551_20240728T041247_T47SNB,True,MATCHED,2024-08-10,COPERNICUS/S2_SR_HARMONIZED/20240728T040551_20240728T041247_T47SNB,20240728T040551_20240728T041247_T47SNB,497f781082f32a8232e6b5792913112ade18b8b92a432b5971ccd86bd42bdef9,2024
AOI-00,COPERNICUS/S2_CLOUD_PROBABILITY/20240728T040551_20240728T041247_T47SNC,20240728T040551_20240728T041247_T47SNC,True,MATCHED,2024-08-10,COPERNICUS/S2_SR_HARMONIZED/20240728T040551_20240728T041247_T47SNC,20240728T040551_20240728T041247_T47SNC,497f781082f32a8232e6b5792913112ade18b8b92a432b5971ccd86bd42bdef9,2024
AOI-00,COPERNICUS/S2_CLOUD_PROBABILITY/20240802T040549_20240802T041205_T47SNB,20240802T040549_20240802T041205_T47SNB,True,MATCHED,2024-08-10,COPERNICUS/S2_SR_HARMONIZED/20240802T040549_20240802T041205_T47SNB,20240802T040549_20240802T041205_T47SNB,497f781082f32a8232e6b5792913112ade18b8b92a432b5971ccd86bd42bdef9,2024
AOI-00,COPERNICUS/S2_CLOUD_PROBABILITY/20240807T040541_20240807T041626_T47SNB,20240807T040541_20240807T041626_T47SNB,True,MATCHED,2024-08-10,COPERNICUS/S2_SR_HARMONIZED/20240807T040541_20240807T041626_T47SNB,20240807T040541_20240807T041626_T47SNB,497f781082f32a8232e6b5792913112ade18b8b92a432b5971ccd86bd42bdef9,2024
AOI-00,COPERNICUS/S2_CLOUD_PROBABILITY/20240807T040541_20240807T041626_T47SNC,20240807T040541_20240807T041626_T47SNC,True,MATCHED,2024-08-10,COPERNICUS/S2_SR_HARMONIZED/20240807T040541_20240807T041626_T47SNC,20240807T040541_20240807T041626_T47SNC,497f781082f32a8232e6b5792913112ade18b8b92a432b5971ccd86bd42bdef9,2024
AOI-00,COPERNICUS/S2_CLOUD_PROBABILITY/20240812T040549_20240812T040558_T47SNB,20240812T040549_20240812T040558_T47SNB,True,MATCHED,2024-08-10,COPERNICUS/S2_SR_HARMONIZED/20240812T040549_20240812T040558_T47SNB,20240812T040549_20240812T040558_T47SNB,497f781082f32a8232e6b5792913112ade18b8b92a432b5971ccd86bd42bdef9,2024
AOI-00,COPERNICUS/S2_CLOUD_PROBABILITY/20240812T040549_20240812T040558_T47SNC,20240812T040549_20240812T040558_T47SNC,True,MATCHED,2024-08-10,COPERNICUS/S2_SR_HARMONIZED/20240812T040549_20240812T040558_T47SNC,20240812T040549_20240812T040558_T47SNC,497f781082f32a8232e6b5792913112ade18b8b92a432b5971ccd86bd42bdef9,2024
AOI-00,COPERNICUS/S2_CLOUD_PROBABILITY/20240817T040541_20240817T040923_T47SNB,20240817T040541_20240817T040923_T47SNB,True,MATCHED,2024-08-10,COPERNICUS/S2_SR_HARMONIZED/20240817T040541_20240817T040923_T47SNB,20240817T040541_20240817T040923_T47SNB,497f781082f32a8232e6b5792913112ade18b8b92a432b5971ccd86bd42bdef9,2024
AOI-00,COPERNICUS/S2_CLOUD_PROBABILITY/20240817T040541_20240817T040923_T47SNC,20240817T040541_20240817T040923_T47SNC,True,MATCHED,2024-08-10,COPERNICUS/S2_SR_HARMONIZED/20240817T040541_20240817T040923_T47SNC,20240817T040541_20240817T040923_T47SNC,497f781082f32a8232e6b5792913112ade18b8b92a432b5971ccd86bd42bdef9,2024
AOI-00,COPERNICUS/S2_CLOUD_PROBABILITY/20240822T040539_20240822T040553_T47SNB,20240822T040539_20240822T040553_T47SNB,True,MATCHED,2024-08-10,COPERNICUS/S2_SR_HARMONIZED/20240822T040539_20240822T040553_T47SNB,20240822T040539_20240822T040553_T47SNB,497f781082f32a8232e6b5792913112ade18b8b92a432b5971ccd86bd42bdef9,2024
AOI-00,COPERNICUS/S2_CLOUD_PROBABILITY/20240822T040539_20240822T040553_T47SNC,20240822T040539_20240822T040553_T47SNC,True,MATCHED,2024-08-10,COPERNICUS/S2_SR_HARMONIZED/20240822T040539_20240822T040553_T47SNC,20240822T040539_20240822T040553_T47SNC,497f781082f32a8232e6b5792913112ade18b8b92a432b5971ccd86bd42bdef9,2024
AOI-00,COPERNICUS/S2_CLOUD_PROBABILITY/20250708T040549_20250708T041523_T47SNB,20250708T040549_20250708T041523_T47SNB,True,MATCHED,2025-07-20,COPERNICUS/S2_SR_HARMONIZED/20250708T040549_20250708T041523_T47SNB,20250708T040549_20250708T041523_T47SNB,f0a0607bc1caa220bb56f9e4ffd44719b450bd50487127c49441b005b60ad7a1,2025
AOI-00,COPERNICUS/S2_CLOUD_PROBABILITY/20250708T040549_20250708T041523_T47SNC,20250708T040549_20250708T041523_T47SNC,True,MATCHED,2025-07-20,COPERNICUS/S2_SR_HARMONIZED/20250708T040549_20250708T041523_T47SNC,20250708T040549_20250708T041523_T47SNC,f0a0607bc1caa220bb56f9e4ffd44719b450bd50487127c49441b005b60ad7a1,2025
AOI-00,COPERNICUS/S2_CLOUD_PROBABILITY/20250713T040611_20250713T040903_T47SNB,20250713T040611_20250713T040903_T47SNB,True,MATCHED,2025-07-20,COPERNICUS/S2_SR_HARMONIZED/20250713T040611_20250713T040903_T47SNB,20250713T040611_20250713T040903_T47SNB,f0a0607bc1caa220bb56f9e4ffd44719b450bd50487127c49441b005b60ad7a1,2025
AOI-00,COPERNICUS/S2_CLOUD_PROBABILITY/20250713T040611_20250713T040903_T47SNC,20250713T040611_20250713T040903_T47SNC,True,MATCHED,2025-07-20,COPERNICUS/S2_SR_HARMONIZED/20250713T040611_20250713T040903_T47SNC,20250713T040611_20250713T040903_T47SNC,f0a0607bc1caa220bb56f9e4ffd44719b450bd50487127c49441b005b60ad7a1,2025
AOI-00,COPERNICUS/S2_CLOUD_PROBABILITY/20250715T041221_20250715T041218_T47SNB,20250715T041221_20250715T041218_T47SNB,True,MATCHED,2025-07-20,COPERNICUS/S2_SR_HARMONIZED/20250715T041221_20250715T041218_T47SNB,20250715T041221_20250715T041218_T47SNB,f0a0607bc1caa220bb56f9e4ffd44719b450bd50487127c49441b005b60ad7a1,2025
AOI-00,COPERNICUS/S2_CLOUD_PROBABILITY/20250715T041221_20250715T041218_T47SNC,20250715T041221_20250715T041218_T47SNC,True,MATCHED,2025-07-20,COPERNICUS/S2_SR_HARMONIZED/20250715T041221_20250715T041218_T47SNC,20250715T041221_20250715T041218_T47SNC,f0a0607bc1caa220bb56f9e4ffd44719b450bd50487127c49441b005b60ad7a1,2025
AOI-00,COPERNICUS/S2_CLOUD_PROBABILITY/20250718T040549_20250718T041359_T47SNB,20250718T040549_20250718T041359_T47SNB,True,MATCHED,2025-07-20,COPERNICUS/S2_SR_HARMONIZED/20250718T040549_20250718T041359_T47SNB,20250718T040549_20250718T041359_T47SNB,f0a0607bc1caa220bb56f9e4ffd44719b450bd50487127c49441b005b60ad7a1,2025
AOI-00,COPERNICUS/S2_CLOUD_PROBABILITY/20250728T040549_20250728T041545_T47SNB,20250728T040549_20250728T041545_T47SNB,True,MATCHED,2025-07-20,COPERNICUS/S2_SR_HARMONIZED/20250728T040549_20250728T041545_T47SNB,20250728T040549_20250728T041545_T47SNB,f0a0607bc1caa220bb56f9e4ffd44719b450bd50487127c49441b005b60ad7a1,2025
AOI-00,COPERNICUS/S2_CLOUD_PROBABILITY/20250728T040549_20250728T041545_T47SNC,20250728T040549_20250728T041545_T47SNC,True,MATCHED,2025-07-20,COPERNICUS/S2_SR_HARMONIZED/20250728T040549_20250728T041545_T47SNC,20250728T040549_20250728T041545_T47SNC,f0a0607bc1caa220bb56f9e4ffd44719b450bd50487127c49441b005b60ad7a1,2025
AOI-00,COPERNICUS/S2_CLOUD_PROBABILITY/20250802T040601_20250802T040900_T47SNB,20250802T040601_20250802T040900_T47SNB,True,MATCHED,2025-07-20,COPERNICUS/S2_SR_HARMONIZED/20250802T040601_20250802T040900_T47SNB,20250802T040601_20250802T040900_T47SNB,f0a0607bc1caa220bb56f9e4ffd44719b450bd50487127c49441b005b60ad7a1,2025
AOI-00,COPERNICUS/S2_CLOUD_PROBABILITY/20250802T040601_20250802T040900_T47SNC,20250802T040601_20250802T040900_T47SNC,True,MATCHED,2025-07-20,COPERNICUS/S2_SR_HARMONIZED/20250802T040601_20250802T040900_T47SNC,20250802T040601_20250802T040900_T47SNC,f0a0607bc1caa220bb56f9e4ffd44719b450bd50487127c49441b005b60ad7a1,2025
AOI-00,,,False,NOT_REQUIRED,2025-07-20,COPERNICUS/S2_SR_HARMONIZED/20250807T040549_20250807T041546_T47SNB,20250807T040549_20250807T041546_T47SNB,f0a0607bc1caa220bb56f9e4ffd44719b450bd50487127c49441b005b60ad7a1,2025
AOI-00,,,False,NOT_REQUIRED,2025-07-20,COPERNICUS/S2_SR_HARMONIZED/20250812T040601_20250812T040641_T47SNB,20250812T040601_20250812T040641_T47SNB,f0a0607bc1caa220bb56f9e4ffd44719b450bd50487127c49441b005b60ad7a1,2025
AOI-00,,,False,NOT_REQUIRED,2025-07-20,COPERNICUS/S2_SR_HARMONIZED/20250812T040601_20250812T040641_T47SNC,20250812T040601_20250812T040641_T47SNC,f0a0607bc1caa220bb56f9e4ffd44719b450bd50487127c49441b005b60ad7a1,2025
AOI-00,,,False,NOT_REQUIRED,2025-07-20,COPERNICUS/S2_SR_HARMONIZED/20250817T040549_20250817T041519_T47SNC,20250817T040549_20250817T041519_T47SNC,f0a0607bc1caa220bb56f9e4ffd44719b450bd50487127c49441b005b60ad7a1,2025
AOI-00,,,False,NOT_REQUIRED,2025-07-20,COPERNICUS/S2_SR_HARMONIZED/20250822T040601_20250822T040859_T47SNB,20250822T040601_20250822T040859_T47SNB,f0a0607bc1caa220bb56f9e4ffd44719b450bd50487127c49441b005b60ad7a1,2025
AOI-00,,,False,NOT_REQUIRED,2025-07-20,COPERNICUS/S2_SR_HARMONIZED/20250822T040601_20250822T040859_T47SNC,20250822T040601_20250822T040859_T47SNC,f0a0607bc1caa220bb56f9e4ffd44719b450bd50487127c49441b005b60ad7a1,2025
AOI-00,,,False,NOT_REQUIRED,2025-07-20,COPERNICUS/S2_SR_HARMONIZED/20250824T041211_20250824T041213_T47SNB,20250824T041211_20250824T041213_T47SNB,f0a0607bc1caa220bb56f9e4ffd44719b450bd50487127c49441b005b60ad7a1,2025
AOI-00,,,False,NOT_REQUIRED,2025-07-20,COPERNICUS/S2_SR_HARMONIZED/20250824T041211_20250824T041213_T47SNC,20250824T041211_20250824T041213_T47SNC,f0a0607bc1caa220bb56f9e4ffd44719b450bd50487127c49441b005b60ad7a1,2025
AOI-00,,,False,NOT_REQUIRED,2025-07-31,COPERNICUS/S2_SR_HARMONIZED/20250708T040549_20250708T041523_T47SNB,20250708T040549_20250708T041523_T47SNB,127bb1b0361f3657b590c4158f94d5d6a25d1d1a850ccd4fc64dacdb22be9064,2025
AOI-00,,,False,NOT_REQUIRED,2025-07-31,COPERNICUS/S2_SR_HARMONIZED/20250708T040549_20250708T041523_T47SNC,20250708T040549_20250708T041523_T47SNC,127bb1b0361f3657b590c4158f94d5d6a25d1d1a850ccd4fc64dacdb22be9064,2025
AOI-00,,,False,NOT_REQUIRED,2025-07-31,COPERNICUS/S2_SR_HARMONIZED/20250713T040611_20250713T040903_T47SNB,20250713T040611_20250713T040903_T47SNB,127bb1b0361f3657b590c4158f94d5d6a25d1d1a850ccd4fc64dacdb22be9064,2025
AOI-00,,,False,NOT_REQUIRED,2025-07-31,COPERNICUS/S2_SR_HARMONIZED/20250713T040611_20250713T040903_T47SNC,20250713T040611_20250713T040903_T47SNC,127bb1b0361f3657b590c4158f94d5d6a25d1d1a850ccd4fc64dacdb22be9064,2025
AOI-00,,,False,NOT_REQUIRED,2025-07-31,COPERNICUS/S2_SR_HARMONIZED/20250715T041221_20250715T041218_T47SNB,20250715T041221_20250715T041218_T47SNB,127bb1b0361f3657b590c4158f94d5d6a25d1d1a850ccd4fc64dacdb22be9064,2025
AOI-00,,,False,NOT_REQUIRED,2025-07-31,COPERNICUS/S2_SR_HARMONIZED/20250715T041221_20250715T041218_T47SNC,20250715T041221_20250715T041218_T47SNC,127bb1b0361f3657b590c4158f94d5d6a25d1d1a850ccd4fc64dacdb22be9064,2025
AOI-00,COPERNICUS/S2_CLOUD_PROBABILITY/20250718T040549_20250718T041359_T47SNB,20250718T040549_20250718T041359_T47SNB,True,MATCHED,2025-07-31,COPERNICUS/S2_SR_HARMONIZED/20250718T040549_20250718T041359_T47SNB,20250718T040549_20250718T041359_T47SNB,127bb1b0361f3657b590c4158f94d5d6a25d1d1a850ccd4fc64dacdb22be9064,2025
AOI-00,COPERNICUS/S2_CLOUD_PROBABILITY/20250728T040549_20250728T041545_T47SNB,20250728T040549_20250728T041545_T47SNB,True,MATCHED,2025-07-31,COPERNICUS/S2_SR_HARMONIZED/20250728T040549_20250728T041545_T47SNB,20250728T040549_20250728T041545_T47SNB,127bb1b0361f3657b590c4158f94d5d6a25d1d1a850ccd4fc64dacdb22be9064,2025
AOI-00,COPERNICUS/S2_CLOUD_PROBABILITY/20250728T040549_20250728T041545_T47SNC,20250728T040549_20250728T041545_T47SNC,True,MATCHED,2025-07-31,COPERNICUS/S2_SR_HARMONIZED/20250728T040549_20250728T041545_T47SNC,20250728T040549_20250728T041545_T47SNC,127bb1b0361f3657b590c4158f94d5d6a25d1d1a850ccd4fc64dacdb22be9064,2025
AOI-00,COPERNICUS/S2_CLOUD_PROBABILITY/20250802T040601_20250802T040900_T47SNB,20250802T040601_20250802T040900_T47SNB,True,MATCHED,2025-07-31,COPERNICUS/S2_SR_HARMONIZED/20250802T040601_20250802T040900_T47SNB,20250802T040601_20250802T040900_T47SNB,127bb1b0361f3657b590c4158f94d5d6a25d1d1a850ccd4fc64dacdb22be9064,2025
AOI-00,COPERNICUS/S2_CLOUD_PROBABILITY/20250802T040601_20250802T040900_T47SNC,20250802T040601_20250802T040900_T47SNC,True,MATCHED,2025-07-31,COPERNICUS/S2_SR_HARMONIZED/20250802T040601_20250802T040900_T47SNC,20250802T040601_20250802T040900_T47SNC,127bb1b0361f3657b590c4158f94d5d6a25d1d1a850ccd4fc64dacdb22be9064,2025
AOI-00,COPERNICUS/S2_CLOUD_PROBABILITY/20250807T040549_20250807T041546_T47SNB,20250807T040549_20250807T041546_T47SNB,True,MATCHED,2025-07-31,COPERNICUS/S2_SR_HARMONIZED/20250807T040549_20250807T041546_T47SNB,20250807T040549_20250807T041546_T47SNB,127bb1b0361f3657b590c4158f94d5d6a25d1d1a850ccd4fc64dacdb22be9064,2025
AOI-00,COPERNICUS/S2_CLOUD_PROBABILITY/20250812T040601_20250812T040641_T47SNB,20250812T040601_20250812T040641_T47SNB,True,MATCHED,2025-07-31,COPERNICUS/S2_SR_HARMONIZED/20250812T040601_20250812T040641_T47SNB,20250812T040601_20250812T040641_T47SNB,127bb1b0361f3657b590c4158f94d5d6a25d1d1a850ccd4fc64dacdb22be9064,2025
AOI-00,COPERNICUS/S2_CLOUD_PROBABILITY/20250812T040601_20250812T040641_T47SNC,20250812T040601_20250812T040641_T47SNC,True,MATCHED,2025-07-31,COPERNICUS/S2_SR_HARMONIZED/20250812T040601_20250812T040641_T47SNC,20250812T040601_20250812T040641_T47SNC,127bb1b0361f3657b590c4158f94d5d6a25d1d1a850ccd4fc64dacdb22be9064,2025
AOI-00,,,False,NOT_REQUIRED,2025-07-31,COPERNICUS/S2_SR_HARMONIZED/20250817T040549_20250817T041519_T47SNC,20250817T040549_20250817T041519_T47SNC,127bb1b0361f3657b590c4158f94d5d6a25d1d1a850ccd4fc64dacdb22be9064,2025
AOI-00,,,False,NOT_REQUIRED,2025-07-31,COPERNICUS/S2_SR_HARMONIZED/20250822T040601_20250822T040859_T47SNB,20250822T040601_20250822T040859_T47SNB,127bb1b0361f3657b590c4158f94d5d6a25d1d1a850ccd4fc64dacdb22be9064,2025
AOI-00,,,False,NOT_REQUIRED,2025-07-31,COPERNICUS/S2_SR_HARMONIZED/20250822T040601_20250822T040859_T47SNC,20250822T040601_20250822T040859_T47SNC,127bb1b0361f3657b590c4158f94d5d6a25d1d1a850ccd4fc64dacdb22be9064,2025
AOI-00,,,False,NOT_REQUIRED,2025-07-31,COPERNICUS/S2_SR_HARMONIZED/20250824T041211_20250824T041213_T47SNB,20250824T041211_20250824T041213_T47SNB,127bb1b0361f3657b590c4158f94d5d6a25d1d1a850ccd4fc64dacdb22be9064,2025
AOI-00,,,False,NOT_REQUIRED,2025-07-31,COPERNICUS/S2_SR_HARMONIZED/20250824T041211_20250824T041213_T47SNC,20250824T041211_20250824T041213_T47SNC,127bb1b0361f3657b590c4158f94d5d6a25d1d1a850ccd4fc64dacdb22be9064,2025
AOI-00,,,False,NOT_REQUIRED,2025-08-10,COPERNICUS/S2_SR_HARMONIZED/20250708T040549_20250708T041523_T47SNB,20250708T040549_20250708T041523_T47SNB,1b5761b90c7b84653288dfe5307f6aca2c2b204ce7989f6d02298d1117180e5a,2025
AOI-00,,,False,NOT_REQUIRED,2025-08-10,COPERNICUS/S2_SR_HARMONIZED/20250708T040549_20250708T041523_T47SNC,20250708T040549_20250708T041523_T47SNC,1b5761b90c7b84653288dfe5307f6aca2c2b204ce7989f6d02298d1117180e5a,2025
AOI-00,,,False,NOT_REQUIRED,2025-08-10,COPERNICUS/S2_SR_HARMONIZED/20250713T040611_20250713T040903_T47SNB,20250713T040611_20250713T040903_T47SNB,1b5761b90c7b84653288dfe5307f6aca2c2b204ce7989f6d02298d1117180e5a,2025
AOI-00,,,False,NOT_REQUIRED,2025-08-10,COPERNICUS/S2_SR_HARMONIZED/20250713T040611_20250713T040903_T47SNC,20250713T040611_20250713T040903_T47SNC,1b5761b90c7b84653288dfe5307f6aca2c2b204ce7989f6d02298d1117180e5a,2025
AOI-00,,,False,NOT_REQUIRED,2025-08-10,COPERNICUS/S2_SR_HARMONIZED/20250715T041221_20250715T041218_T47SNB,20250715T041221_20250715T041218_T47SNB,1b5761b90c7b84653288dfe5307f6aca2c2b204ce7989f6d02298d1117180e5a,2025
AOI-00,,,False,NOT_REQUIRED,2025-08-10,COPERNICUS/S2_SR_HARMONIZED/20250715T041221_20250715T041218_T47SNC,20250715T041221_20250715T041218_T47SNC,1b5761b90c7b84653288dfe5307f6aca2c2b204ce7989f6d02298d1117180e5a,2025
AOI-00,,,False,NOT_REQUIRED,2025-08-10,COPERNICUS/S2_SR_HARMONIZED/20250718T040549_20250718T041359_T47SNB,20250718T040549_20250718T041359_T47SNB,1b5761b90c7b84653288dfe5307f6aca2c2b204ce7989f6d02298d1117180e5a,2025
AOI-00,COPERNICUS/S2_CLOUD_PROBABILITY/20250728T040549_20250728T041545_T47SNB,20250728T040549_20250728T041545_T47SNB,True,MATCHED,2025-08-10,COPERNICUS/S2_SR_HARMONIZED/20250728T040549_20250728T041545_T47SNB,20250728T040549_20250728T041545_T47SNB,1b5761b90c7b84653288dfe5307f6aca2c2b204ce7989f6d02298d1117180e5a,2025
AOI-00,COPERNICUS/S2_CLOUD_PROBABILITY/20250728T040549_20250728T041545_T47SNC,20250728T040549_20250728T041545_T47SNC,True,MATCHED,2025-08-10,COPERNICUS/S2_SR_HARMONIZED/20250728T040549_20250728T041545_T47SNC,20250728T040549_20250728T041545_T47SNC,1b5761b90c7b84653288dfe5307f6aca2c2b204ce7989f6d02298d1117180e5a,2025
AOI-00,COPERNICUS/S2_CLOUD_PROBABILITY/20250802T040601_20250802T040900_T47SNB,20250802T040601_20250802T040900_T47SNB,True,MATCHED,2025-08-10,COPERNICUS/S2_SR_HARMONIZED/20250802T040601_20250802T040900_T47SNB,20250802T040601_20250802T040900_T47SNB,1b5761b90c7b84653288dfe5307f6aca2c2b204ce7989f6d02298d1117180e5a,2025
AOI-00,COPERNICUS/S2_CLOUD_PROBABILITY/20250802T040601_20250802T040900_T47SNC,20250802T040601_20250802T040900_T47SNC,True,MATCHED,2025-08-10,COPERNICUS/S2_SR_HARMONIZED/20250802T040601_20250802T040900_T47SNC,20250802T040601_20250802T040900_T47SNC,1b5761b90c7b84653288dfe5307f6aca2c2b204ce7989f6d02298d1117180e5a,2025
AOI-00,COPERNICUS/S2_CLOUD_PROBABILITY/20250807T040549_20250807T041546_T47SNB,20250807T040549_20250807T041546_T47SNB,True,MATCHED,2025-08-10,COPERNICUS/S2_SR_HARMONIZED/20250807T040549_20250807T041546_T47SNB,20250807T040549_20250807T041546_T47SNB,1b5761b90c7b84653288dfe5307f6aca2c2b204ce7989f6d02298d1117180e5a,2025
AOI-00,COPERNICUS/S2_CLOUD_PROBABILITY/20250812T040601_20250812T040641_T47SNB,20250812T040601_20250812T040641_T47SNB,True,MATCHED,2025-08-10,COPERNICUS/S2_SR_HARMONIZED/20250812T040601_20250812T040641_T47SNB,20250812T040601_20250812T040641_T47SNB,1b5761b90c7b84653288dfe5307f6aca2c2b204ce7989f6d02298d1117180e5a,2025
AOI-00,COPERNICUS/S2_CLOUD_PROBABILITY/20250812T040601_20250812T040641_T47SNC,20250812T040601_20250812T040641_T47SNC,True,MATCHED,2025-08-10,COPERNICUS/S2_SR_HARMONIZED/20250812T040601_20250812T040641_T47SNC,20250812T040601_20250812T040641_T47SNC,1b5761b90c7b84653288dfe5307f6aca2c2b204ce7989f6d02298d1117180e5a,2025
AOI-00,COPERNICUS/S2_CLOUD_PROBABILITY/20250817T040549_20250817T041519_T47SNC,20250817T040549_20250817T041519_T47SNC,True,MATCHED,2025-08-10,COPERNICUS/S2_SR_HARMONIZED/20250817T040549_20250817T041519_T47SNC,20250817T040549_20250817T041519_T47SNC,1b5761b90c7b84653288dfe5307f6aca2c2b204ce7989f6d02298d1117180e5a,2025
AOI-00,COPERNICUS/S2_CLOUD_PROBABILITY/20250822T040601_20250822T040859_T47SNB,20250822T040601_20250822T040859_T47SNB,True,MATCHED,2025-08-10,COPERNICUS/S2_SR_HARMONIZED/20250822T040601_20250822T040859_T47SNB,20250822T040601_20250822T040859_T47SNB,1b5761b90c7b84653288dfe5307f6aca2c2b204ce7989f6d02298d1117180e5a,2025
AOI-00,COPERNICUS/S2_CLOUD_PROBABILITY/20250822T040601_20250822T040859_T47SNC,20250822T040601_20250822T040859_T47SNC,True,MATCHED,2025-08-10,COPERNICUS/S2_SR_HARMONIZED/20250822T040601_20250822T040859_T47SNC,20250822T040601_20250822T040859_T47SNC,1b5761b90c7b84653288dfe5307f6aca2c2b204ce7989f6d02298d1117180e5a,2025
AOI-00,COPERNICUS/S2_CLOUD_PROBABILITY/20250824T041211_20250824T041213_T47SNB,20250824T041211_20250824T041213_T47SNB,True,MATCHED,2025-08-10,COPERNICUS/S2_SR_HARMONIZED/20250824T041211_20250824T041213_T47SNB,20250824T041211_20250824T041213_T47SNB,1b5761b90c7b84653288dfe5307f6aca2c2b204ce7989f6d02298d1117180e5a,2025
AOI-00,COPERNICUS/S2_CLOUD_PROBABILITY/20250824T041211_20250824T041213_T47SNC,20250824T041211_20250824T041213_T47SNC,True,MATCHED,2025-08-10,COPERNICUS/S2_SR_HARMONIZED/20250824T041211_20250824T041213_T47SNC,20250824T041211_20250824T041213_T47SNC,1b5761b90c7b84653288dfe5307f6aca2c2b204ce7989f6d02298d1117180e5a,2025
AOI-01,COPERNICUS/S2_CLOUD_PROBABILITY/20210705T042709_20210705T042712_T46SEF,20210705T042709_20210705T042712_T46SEF,True,MATCHED,2021-07-20,COPERNICUS/S2_SR_HARMONIZED/20210705T042709_20210705T042712_T46SEF,20210705T042709_20210705T042712_T46SEF,2bbb4f3c9bff7d6d431703c2936d873f163ba7cac230c272795029cd3702bd2b,2021
AOI-01,COPERNICUS/S2_CLOUD_PROBABILITY/20210710T042711_20210710T043216_T46SEF,20210710T042711_20210710T043216_T46SEF,True,MATCHED,2021-07-20,COPERNICUS/S2_SR_HARMONIZED/20210710T042711_20210710T043216_T46SEF,20210710T042711_20210710T043216_T46SEF,2bbb4f3c9bff7d6d431703c2936d873f163ba7cac230c272795029cd3702bd2b,2021
AOI-01,COPERNICUS/S2_CLOUD_PROBABILITY/20210715T042709_20210715T043027_T46SEF,20210715T042709_20210715T043027_T46SEF,True,MATCHED,2021-07-20,COPERNICUS/S2_SR_HARMONIZED/20210715T042709_20210715T043027_T46SEF,20210715T042709_20210715T043027_T46SEF,2bbb4f3c9bff7d6d431703c2936d873f163ba7cac230c272795029cd3702bd2b,2021
AOI-01,COPERNICUS/S2_CLOUD_PROBABILITY/20210718T043709_20210718T043934_T46SEF,20210718T043709_20210718T043934_T46SEF,True,MATCHED,2021-07-20,COPERNICUS/S2_SR_HARMONIZED/20210718T043709_20210718T043934_T46SEF,20210718T043709_20210718T043934_T46SEF,2bbb4f3c9bff7d6d431703c2936d873f163ba7cac230c272795029cd3702bd2b,2021
AOI-01,COPERNICUS/S2_CLOUD_PROBABILITY/20210728T043659_20210728T044455_T46SEF,20210728T043659_20210728T044455_T46SEF,True,MATCHED,2021-07-20,COPERNICUS/S2_SR_HARMONIZED/20210728T043659_20210728T044455_T46SEF,20210728T043659_20210728T044455_T46SEF,2bbb4f3c9bff7d6d431703c2936d873f163ba7cac230c272795029cd3702bd2b,2021
AOI-01,COPERNICUS/S2_CLOUD_PROBABILITY/20210730T042711_20210730T043749_T46SEF,20210730T042711_20210730T043749_T46SEF,True,MATCHED,2021-07-20,COPERNICUS/S2_SR_HARMONIZED/20210730T042711_20210730T043749_T46SEF,20210730T042711_20210730T043749_T46SEF,2bbb4f3c9bff7d6d431703c2936d873f163ba7cac230c272795029cd3702bd2b,2021
AOI-01,COPERNICUS/S2_CLOUD_PROBABILITY/20210804T042709_20210804T042712_T46SEF,20210804T042709_20210804T042712_T46SEF,True,MATCHED,2021-07-20,COPERNICUS/S2_SR_HARMONIZED/20210804T042709_20210804T042712_T46SEF,20210804T042709_20210804T042712_T46SEF,2bbb4f3c9bff7d6d431703c2936d873f163ba7cac230c272795029cd3702bd2b,2021
AOI-01,,,False,NOT_REQUIRED,2021-07-20,COPERNICUS/S2_SR_HARMONIZED/20210807T043659_20210807T043901_T46SEF,20210807T043659_20210807T043901_T46SEF,2bbb4f3c9bff7d6d431703c2936d873f163ba7cac230c272795029cd3702bd2b,2021
AOI-01,,,False,NOT_REQUIRED,2021-07-20,COPERNICUS/S2_SR_HARMONIZED/20210812T043701_20210812T044448_T46SEF,20210812T043701_20210812T044448_T46SEF,2bbb4f3c9bff7d6d431703c2936d873f163ba7cac230c272795029cd3702bd2b,2021
AOI-01,,,False,NOT_REQUIRED,2021-07-20,COPERNICUS/S2_SR_HARMONIZED/20210814T042709_20210814T042819_T46SEF,20210814T042709_20210814T042819_T46SEF,2bbb4f3c9bff7d6d431703c2936d873f163ba7cac230c272795029cd3702bd2b,2021
AOI-01,,,False,NOT_REQUIRED,2021-07-20,COPERNICUS/S2_SR_HARMONIZED/20210817T043659_20210817T044018_T46SEF,20210817T043659_20210817T044018_T46SEF,2bbb4f3c9bff7d6d431703c2936d873f163ba7cac230c272795029cd3702bd2b,2021
AOI-01,,,False,NOT_REQUIRED,2021-07-20,COPERNICUS/S2_SR_HARMONIZED/20210819T042711_20210819T043408_T46SEF,20210819T042711_20210819T043408_T46SEF,2bbb4f3c9bff7d6d431703c2936d873f163ba7cac230c272795029cd3702bd2b,2021
AOI-01,,,False,NOT_REQUIRED,2021-07-20,COPERNICUS/S2_SR_HARMONIZED/20210822T043701_20210822T044448_T46SEF,20210822T043701_20210822T044448_T46SEF,2bbb4f3c9bff7d6d431703c2936d873f163ba7cac230c272795029cd3702bd2b,2021
AOI-01,,,False,NOT_REQUIRED,2021-07-20,COPERNICUS/S2_SR_HARMONIZED/20210824T042659_20210824T043002_T46SEF,20210824T042659_20210824T043002_T46SEF,2bbb4f3c9bff7d6d431703c2936d873f163ba7cac230c272795029cd3702bd2b,2021
AOI-01,,,False,NOT_REQUIRED,2021-07-31,COPERNICUS/S2_SR_HARMONIZED/20210705T042709_20210705T042712_T46SEF,20210705T042709_20210705T042712_T46SEF,49c7bbd8b23db692f58264137775e34b4d7726d6381bda9f92144fd8ced1e124,2021
AOI-01,,,False,NOT_REQUIRED,2021-07-31,COPERNICUS/S2_SR_HARMONIZED/20210710T042711_20210710T043216_T46SEF,20210710T042711_20210710T043216_T46SEF,49c7bbd8b23db692f58264137775e34b4d7726d6381bda9f92144fd8ced1e124,2021
AOI-01,,,False,NOT_REQUIRED,2021-07-31,COPERNICUS/S2_SR_HARMONIZED/20210715T042709_20210715T043027_T46SEF,20210715T042709_20210715T043027_T46SEF,49c7bbd8b23db692f58264137775e34b4d7726d6381bda9f92144fd8ced1e124,2021
AOI-01,COPERNICUS/S2_CLOUD_PROBABILITY/20210718T043709_20210718T043934_T46SEF,20210718T043709_20210718T043934_T46SEF,True,MATCHED,2021-07-31,COPERNICUS/S2_SR_HARMONIZED/20210718T043709_20210718T043934_T46SEF,20210718T043709_20210718T043934_T46SEF,49c7bbd8b23db692f58264137775e34b4d7726d6381bda9f92144fd8ced1e124,2021
AOI-01,COPERNICUS/S2_CLOUD_PROBABILITY/20210728T043659_20210728T044455_T46SEF,20210728T043659_20210728T044455_T46SEF,True,MATCHED,2021-07-31,COPERNICUS/S2_SR_HARMONIZED/20210728T043659_20210728T044455_T46SEF,20210728T043659_20210728T044455_T46SEF,49c7bbd8b23db692f58264137775e34b4d7726d6381bda9f92144fd8ced1e124,2021
AOI-01,COPERNICUS/S2_CLOUD_PROBABILITY/20210730T042711_20210730T043749_T46SEF,20210730T042711_20210730T043749_T46SEF,True,MATCHED,2021-07-31,COPERNICUS/S2_SR_HARMONIZED/20210730T042711_20210730T043749_T46SEF,20210730T042711_20210730T043749_T46SEF,49c7bbd8b23db692f58264137775e34b4d7726d6381bda9f92144fd8ced1e124,2021
AOI-01,COPERNICUS/S2_CLOUD_PROBABILITY/20210804T042709_20210804T042712_T46SEF,20210804T042709_20210804T042712_T46SEF,True,MATCHED,2021-07-31,COPERNICUS/S2_SR_HARMONIZED/20210804T042709_20210804T042712_T46SEF,20210804T042709_20210804T042712_T46SEF,49c7bbd8b23db692f58264137775e34b4d7726d6381bda9f92144fd8ced1e124,2021
AOI-01,COPERNICUS/S2_CLOUD_PROBABILITY/20210807T043659_20210807T043901_T46SEF,20210807T043659_20210807T043901_T46SEF,True,MATCHED,2021-07-31,COPERNICUS/S2_SR_HARMONIZED/20210807T043659_20210807T043901_T46SEF,20210807T043659_20210807T043901_T46SEF,49c7bbd8b23db692f58264137775e34b4d7726d6381bda9f92144fd8ced1e124,2021
AOI-01,COPERNICUS/S2_CLOUD_PROBABILITY/20210812T043701_20210812T044448_T46SEF,20210812T043701_20210812T044448_T46SEF,True,MATCHED,2021-07-31,COPERNICUS/S2_SR_HARMONIZED/20210812T043701_20210812T044448_T46SEF,20210812T043701_20210812T044448_T46SEF,49c7bbd8b23db692f58264137775e34b4d7726d6381bda9f92144fd8ced1e124,2021
AOI-01,COPERNICUS/S2_CLOUD_PROBABILITY/20210814T042709_20210814T042819_T46SEF,20210814T042709_20210814T042819_T46SEF,True,MATCHED,2021-07-31,COPERNICUS/S2_SR_HARMONIZED/20210814T042709_20210814T042819_T46SEF,20210814T042709_20210814T042819_T46SEF,49c7bbd8b23db692f58264137775e34b4d7726d6381bda9f92144fd8ced1e124,2021
AOI-01,,,False,NOT_REQUIRED,2021-07-31,COPERNICUS/S2_SR_HARMONIZED/20210817T043659_20210817T044018_T46SEF,20210817T043659_20210817T044018_T46SEF,49c7bbd8b23db692f58264137775e34b4d7726d6381bda9f92144fd8ced1e124,2021
AOI-01,,,False,NOT_REQUIRED,2021-07-31,COPERNICUS/S2_SR_HARMONIZED/20210819T042711_20210819T043408_T46SEF,20210819T042711_20210819T043408_T46SEF,49c7bbd8b23db692f58264137775e34b4d7726d6381bda9f92144fd8ced1e124,2021
AOI-01,,,False,NOT_REQUIRED,2021-07-31,COPERNICUS/S2_SR_HARMONIZED/20210822T043701_20210822T044448_T46SEF,20210822T043701_20210822T044448_T46SEF,49c7bbd8b23db692f58264137775e34b4d7726d6381bda9f92144fd8ced1e124,2021
AOI-01,,,False,NOT_REQUIRED,2021-07-31,COPERNICUS/S2_SR_HARMONIZED/20210824T042659_20210824T043002_T46SEF,20210824T042659_20210824T043002_T46SEF,49c7bbd8b23db692f58264137775e34b4d7726d6381bda9f92144fd8ced1e124,2021
AOI-01,,,False,NOT_REQUIRED,2021-08-10,COPERNICUS/S2_SR_HARMONIZED/20210705T042709_20210705T042712_T46SEF,20210705T042709_20210705T042712_T46SEF,b5cc580ee85e96ce72064af273d5ce31d38abdefdd52364d0a1536ddb3f58351,2021
AOI-01,,,False,NOT_REQUIRED,2021-08-10,COPERNICUS/S2_SR_HARMONIZED/20210710T042711_20210710T043216_T46SEF,20210710T042711_20210710T043216_T46SEF,b5cc580ee85e96ce72064af273d5ce31d38abdefdd52364d0a1536ddb3f58351,2021
AOI-01,,,False,NOT_REQUIRED,2021-08-10,COPERNICUS/S2_SR_HARMONIZED/20210715T042709_20210715T043027_T46SEF,20210715T042709_20210715T043027_T46SEF,b5cc580ee85e96ce72064af273d5ce31d38abdefdd52364d0a1536ddb3f58351,2021
AOI-01,,,False,NOT_REQUIRED,2021-08-10,COPERNICUS/S2_SR_HARMONIZED/20210718T043709_20210718T043934_T46SEF,20210718T043709_20210718T043934_T46SEF,b5cc580ee85e96ce72064af273d5ce31d38abdefdd52364d0a1536ddb3f58351,2021
AOI-01,COPERNICUS/S2_CLOUD_PROBABILITY/20210728T043659_20210728T044455_T46SEF,20210728T043659_20210728T044455_T46SEF,True,MATCHED,2021-08-10,COPERNICUS/S2_SR_HARMONIZED/20210728T043659_20210728T044455_T46SEF,20210728T043659_20210728T044455_T46SEF,b5cc580ee85e96ce72064af273d5ce31d38abdefdd52364d0a1536ddb3f58351,2021
AOI-01,COPERNICUS/S2_CLOUD_PROBABILITY/20210730T042711_20210730T043749_T46SEF,20210730T042711_20210730T043749_T46SEF,True,MATCHED,2021-08-10,COPERNICUS/S2_SR_HARMONIZED/20210730T042711_20210730T043749_T46SEF,20210730T042711_20210730T043749_T46SEF,b5cc580ee85e96ce72064af273d5ce31d38abdefdd52364d0a1536ddb3f58351,2021
AOI-01,COPERNICUS/S2_CLOUD_PROBABILITY/20210804T042709_20210804T042712_T46SEF,20210804T042709_20210804T042712_T46SEF,True,MATCHED,2021-08-10,COPERNICUS/S2_SR_HARMONIZED/20210804T042709_20210804T042712_T46SEF,20210804T042709_20210804T042712_T46SEF,b5cc580ee85e96ce72064af273d5ce31d38abdefdd52364d0a1536ddb3f58351,2021
AOI-01,COPERNICUS/S2_CLOUD_PROBABILITY/20210807T043659_20210807T043901_T46SEF,20210807T043659_20210807T043901_T46SEF,True,MATCHED,2021-08-10,COPERNICUS/S2_SR_HARMONIZED/20210807T043659_20210807T043901_T46SEF,20210807T043659_20210807T043901_T46SEF,b5cc580ee85e96ce72064af273d5ce31d38abdefdd52364d0a1536ddb3f58351,2021
AOI-01,COPERNICUS/S2_CLOUD_PROBABILITY/20210812T043701_20210812T044448_T46SEF,20210812T043701_20210812T044448_T46SEF,True,MATCHED,2021-08-10,COPERNICUS/S2_SR_HARMONIZED/20210812T043701_20210812T044448_T46SEF,20210812T043701_20210812T044448_T46SEF,b5cc580ee85e96ce72064af273d5ce31d38abdefdd52364d0a1536ddb3f58351,2021
AOI-01,COPERNICUS/S2_CLOUD_PROBABILITY/20210814T042709_20210814T042819_T46SEF,20210814T042709_20210814T042819_T46SEF,True,MATCHED,2021-08-10,COPERNICUS/S2_SR_HARMONIZED/20210814T042709_20210814T042819_T46SEF,20210814T042709_20210814T042819_T46SEF,b5cc580ee85e96ce72064af273d5ce31d38abdefdd52364d0a1536ddb3f58351,2021
AOI-01,COPERNICUS/S2_CLOUD_PROBABILITY/20210817T043659_20210817T044018_T46SEF,20210817T043659_20210817T044018_T46SEF,True,MATCHED,2021-08-10,COPERNICUS/S2_SR_HARMONIZED/20210817T043659_20210817T044018_T46SEF,20210817T043659_20210817T044018_T46SEF,b5cc580ee85e96ce72064af273d5ce31d38abdefdd52364d0a1536ddb3f58351,2021
AOI-01,COPERNICUS/S2_CLOUD_PROBABILITY/20210819T042711_20210819T043408_T46SEF,20210819T042711_20210819T043408_T46SEF,True,MATCHED,2021-08-10,COPERNICUS/S2_SR_HARMONIZED/20210819T042711_20210819T043408_T46SEF,20210819T042711_20210819T043408_T46SEF,b5cc580ee85e96ce72064af273d5ce31d38abdefdd52364d0a1536ddb3f58351,2021
AOI-01,COPERNICUS/S2_CLOUD_PROBABILITY/20210822T043701_20210822T044448_T46SEF,20210822T043701_20210822T044448_T46SEF,True,MATCHED,2021-08-10,COPERNICUS/S2_SR_HARMONIZED/20210822T043701_20210822T044448_T46SEF,20210822T043701_20210822T044448_T46SEF,b5cc580ee85e96ce72064af273d5ce31d38abdefdd52364d0a1536ddb3f58351,2021
AOI-01,COPERNICUS/S2_CLOUD_PROBABILITY/20210824T042659_20210824T043002_T46SEF,20210824T042659_20210824T043002_T46SEF,True,MATCHED,2021-08-10,COPERNICUS/S2_SR_HARMONIZED/20210824T042659_20210824T043002_T46SEF,20210824T042659_20210824T043002_T46SEF,b5cc580ee85e96ce72064af273d5ce31d38abdefdd52364d0a1536ddb3f58351,2021
AOI-01,COPERNICUS/S2_CLOUD_PROBABILITY/20220705T042721_20220705T043814_T46SEF,20220705T042721_20220705T043814_T46SEF,True,MATCHED,2022-07-20,COPERNICUS/S2_SR_HARMONIZED/20220705T042721_20220705T043814_T46SEF,20220705T042721_20220705T043814_T46SEF,31bb818f8e60935dfb4f5f49b3b2b333f43f3964243b1f7699cfddeb771e0338,2022
AOI-01,COPERNICUS/S2_CLOUD_PROBABILITY/20220708T043711_20220708T044604_T46SEF,20220708T043711_20220708T044604_T46SEF,True,MATCHED,2022-07-20,COPERNICUS/S2_SR_HARMONIZED/20220708T043711_20220708T044604_T46SEF,20220708T043711_20220708T044604_T46SEF,31bb818f8e60935dfb4f5f49b3b2b333f43f3964243b1f7699cfddeb771e0338,2022
AOI-01,COPERNICUS/S2_CLOUD_PROBABILITY/20220718T043711_20220718T044759_T46SEF,20220718T043711_20220718T044759_T46SEF,True,MATCHED,2022-07-20,COPERNICUS/S2_SR_HARMONIZED/20220718T043711_20220718T044759_T46SEF,20220718T043711_20220718T044759_T46SEF,31bb818f8e60935dfb4f5f49b3b2b333f43f3964243b1f7699cfddeb771e0338,2022
AOI-01,COPERNICUS/S2_CLOUD_PROBABILITY/20220723T043709_20220723T043901_T46SEF,20220723T043709_20220723T043901_T46SEF,True,MATCHED,2022-07-20,COPERNICUS/S2_SR_HARMONIZED/20220723T043709_20220723T043901_T46SEF,20220723T043709_20220723T043901_T46SEF,31bb818f8e60935dfb4f5f49b3b2b333f43f3964243b1f7699cfddeb771e0338,2022
AOI-01,COPERNICUS/S2_CLOUD_PROBABILITY/20220725T042711_20220725T043814_T46SEF,20220725T042711_20220725T043814_T46SEF,True,MATCHED,2022-07-20,COPERNICUS/S2_SR_HARMONIZED/20220725T042711_20220725T043814_T46SEF,20220725T042711_20220725T043814_T46SEF,31bb818f8e60935dfb4f5f49b3b2b333f43f3964243b1f7699cfddeb771e0338,2022
AOI-01,COPERNICUS/S2_CLOUD_PROBABILITY/20220728T043711_20220728T044300_T46SEF,20220728T043711_20220728T044300_T46SEF,True,MATCHED,2022-07-20,COPERNICUS/S2_SR_HARMONIZED/20220728T043711_20220728T044300_T46SEF,20220728T043711_20220728T044300_T46SEF,31bb818f8e60935dfb4f5f49b3b2b333f43f3964243b1f7699cfddeb771e0338,2022
AOI-01,COPERNICUS/S2_CLOUD_PROBABILITY/20220802T043709_20220802T043900_T46SEF,20220802T043709_20220802T043900_T46SEF,True,MATCHED,2022-07-20,COPERNICUS/S2_SR_HARMONIZED/20220802T043709_20220802T043900_T46SEF,20220802T043709_20220802T043900_T46SEF,31bb818f8e60935dfb4f5f49b3b2b333f43f3964243b1f7699cfddeb771e0338,2022
AOI-01,COPERNICUS/S2_CLOUD_PROBABILITY/20220804T042711_20220804T043814_T46SEF,20220804T042711_20220804T043814_T46SEF,True,MATCHED,2022-07-20,COPERNICUS/S2_SR_HARMONIZED/20220804T042711_20220804T043814_T46SEF,20220804T042711_20220804T043814_T46SEF,31bb818f8e60935dfb4f5f49b3b2b333f43f3964243b1f7699cfddeb771e0338,2022
AOI-01,,,False,NOT_REQUIRED,2022-07-20,COPERNICUS/S2_SR_HARMONIZED/20220807T043711_20220807T044758_T46SEF,20220807T043711_20220807T044758_T46SEF,31bb818f8e60935dfb4f5f49b3b2b333f43f3964243b1f7699cfddeb771e0338,2022
AOI-01,,,False,NOT_REQUIRED,2022-07-20,COPERNICUS/S2_SR_HARMONIZED/20220809T042709_20220809T043814_T46SEF,20220809T042709_20220809T043814_T46SEF,31bb818f8e60935dfb4f5f49b3b2b333f43f3964243b1f7699cfddeb771e0338,2022
AOI-01,,,False,NOT_REQUIRED,2022-07-20,COPERNICUS/S2_SR_HARMONIZED/20220812T043709_20220812T044507_T46SEF,20220812T043709_20220812T044507_T46SEF,31bb818f8e60935dfb4f5f49b3b2b333f43f3964243b1f7699cfddeb771e0338,2022
AOI-01,,,False,NOT_REQUIRED,2022-07-20,COPERNICUS/S2_SR_HARMONIZED/20220817T043711_20220817T044723_T46SEF,20220817T043711_20220817T044723_T46SEF,31bb818f8e60935dfb4f5f49b3b2b333f43f3964243b1f7699cfddeb771e0338,2022
AOI-01,,,False,NOT_REQUIRED,2022-07-20,COPERNICUS/S2_SR_HARMONIZED/20220819T042709_20220819T043812_T46SEF,20220819T042709_20220819T043812_T46SEF,31bb818f8e60935dfb4f5f49b3b2b333f43f3964243b1f7699cfddeb771e0338,2022
AOI-01,,,False,NOT_REQUIRED,2022-07-20,COPERNICUS/S2_SR_HARMONIZED/20220822T043659_20220822T043835_T46SEF,20220822T043659_20220822T043835_T46SEF,31bb818f8e60935dfb4f5f49b3b2b333f43f3964243b1f7699cfddeb771e0338,2022
AOI-01,,,False,NOT_REQUIRED,2022-07-31,COPERNICUS/S2_SR_HARMONIZED/20220705T042721_20220705T043814_T46SEF,20220705T042721_20220705T043814_T46SEF,b9b1b7a66e2acd4a9a3fb330e34f7385a4a54491e8653c08d4b8aa13317c3676,2022
AOI-01,,,False,NOT_REQUIRED,2022-07-31,COPERNICUS/S2_SR_HARMONIZED/20220708T043711_20220708T044604_T46SEF,20220708T043711_20220708T044604_T46SEF,b9b1b7a66e2acd4a9a3fb330e34f7385a4a54491e8653c08d4b8aa13317c3676,2022
AOI-01,COPERNICUS/S2_CLOUD_PROBABILITY/20220718T043711_20220718T044759_T46SEF,20220718T043711_20220718T044759_T46SEF,True,MATCHED,2022-07-31,COPERNICUS/S2_SR_HARMONIZED/20220718T043711_20220718T044759_T46SEF,20220718T043711_20220718T044759_T46SEF,b9b1b7a66e2acd4a9a3fb330e34f7385a4a54491e8653c08d4b8aa13317c3676,2022
AOI-01,COPERNICUS/S2_CLOUD_PROBABILITY/20220723T043709_20220723T043901_T46SEF,20220723T043709_20220723T043901_T46SEF,True,MATCHED,2022-07-31,COPERNICUS/S2_SR_HARMONIZED/20220723T043709_20220723T043901_T46SEF,20220723T043709_20220723T043901_T46SEF,b9b1b7a66e2acd4a9a3fb330e34f7385a4a54491e8653c08d4b8aa13317c3676,2022
AOI-01,COPERNICUS/S2_CLOUD_PROBABILITY/20220725T042711_20220725T043814_T46SEF,20220725T042711_20220725T043814_T46SEF,True,MATCHED,2022-07-31,COPERNICUS/S2_SR_HARMONIZED/20220725T042711_20220725T043814_T46SEF,20220725T042711_20220725T043814_T46SEF,b9b1b7a66e2acd4a9a3fb330e34f7385a4a54491e8653c08d4b8aa13317c3676,2022
AOI-01,COPERNICUS/S2_CLOUD_PROBABILITY/20220728T043711_20220728T044300_T46SEF,20220728T043711_20220728T044300_T46SEF,True,MATCHED,2022-07-31,COPERNICUS/S2_SR_HARMONIZED/20220728T043711_20220728T044300_T46SEF,20220728T043711_20220728T044300_T46SEF,b9b1b7a66e2acd4a9a3fb330e34f7385a4a54491e8653c08d4b8aa13317c3676,2022
AOI-01,COPERNICUS/S2_CLOUD_PROBABILITY/20220802T043709_20220802T043900_T46SEF,20220802T043709_20220802T043900_T46SEF,True,MATCHED,2022-07-31,COPERNICUS/S2_SR_HARMONIZED/20220802T043709_20220802T043900_T46SEF,20220802T043709_20220802T043900_T46SEF,b9b1b7a66e2acd4a9a3fb330e34f7385a4a54491e8653c08d4b8aa13317c3676,2022
AOI-01,COPERNICUS/S2_CLOUD_PROBABILITY/20220804T042711_20220804T043814_T46SEF,20220804T042711_20220804T043814_T46SEF,True,MATCHED,2022-07-31,COPERNICUS/S2_SR_HARMONIZED/20220804T042711_20220804T043814_T46SEF,20220804T042711_20220804T043814_T46SEF,b9b1b7a66e2acd4a9a3fb330e34f7385a4a54491e8653c08d4b8aa13317c3676,2022
AOI-01,COPERNICUS/S2_CLOUD_PROBABILITY/20220807T043711_20220807T044758_T46SEF,20220807T043711_20220807T044758_T46SEF,True,MATCHED,2022-07-31,COPERNICUS/S2_SR_HARMONIZED/20220807T043711_20220807T044758_T46SEF,20220807T043711_20220807T044758_T46SEF,b9b1b7a66e2acd4a9a3fb330e34f7385a4a54491e8653c08d4b8aa13317c3676,2022
AOI-01,COPERNICUS/S2_CLOUD_PROBABILITY/20220809T042709_20220809T043814_T46SEF,20220809T042709_20220809T043814_T46SEF,True,MATCHED,2022-07-31,COPERNICUS/S2_SR_HARMONIZED/20220809T042709_20220809T043814_T46SEF,20220809T042709_20220809T043814_T46SEF,b9b1b7a66e2acd4a9a3fb330e34f7385a4a54491e8653c08d4b8aa13317c3676,2022
AOI-01,COPERNICUS/S2_CLOUD_PROBABILITY/20220812T043709_20220812T044507_T46SEF,20220812T043709_20220812T044507_T46SEF,True,MATCHED,2022-07-31,COPERNICUS/S2_SR_HARMONIZED/20220812T043709_20220812T044507_T46SEF,20220812T043709_20220812T044507_T46SEF,b9b1b7a66e2acd4a9a3fb330e34f7385a4a54491e8653c08d4b8aa13317c3676,2022
AOI-01,,,False,NOT_REQUIRED,2022-07-31,COPERNICUS/S2_SR_HARMONIZED/20220817T043711_20220817T044723_T46SEF,20220817T043711_20220817T044723_T46SEF,b9b1b7a66e2acd4a9a3fb330e34f7385a4a54491e8653c08d4b8aa13317c3676,2022
AOI-01,,,False,NOT_REQUIRED,2022-07-31,COPERNICUS/S2_SR_HARMONIZED/20220819T042709_20220819T043812_T46SEF,20220819T042709_20220819T043812_T46SEF,b9b1b7a66e2acd4a9a3fb330e34f7385a4a54491e8653c08d4b8aa13317c3676,2022
AOI-01,,,False,NOT_REQUIRED,2022-07-31,COPERNICUS/S2_SR_HARMONIZED/20220822T043659_20220822T043835_T46SEF,20220822T043659_20220822T043835_T46SEF,b9b1b7a66e2acd4a9a3fb330e34f7385a4a54491e8653c08d4b8aa13317c3676,2022
AOI-01,,,False,NOT_REQUIRED,2022-08-10,COPERNICUS/S2_SR_HARMONIZED/20220705T042721_20220705T043814_T46SEF,20220705T042721_20220705T043814_T46SEF,750175584a52519ba5a6def82a59f150d459aa833cd43b022127f9cf2c99fe13,2022
AOI-01,,,False,NOT_REQUIRED,2022-08-10,COPERNICUS/S2_SR_HARMONIZED/20220708T043711_20220708T044604_T46SEF,20220708T043711_20220708T044604_T46SEF,750175584a52519ba5a6def82a59f150d459aa833cd43b022127f9cf2c99fe13,2022
AOI-01,,,False,NOT_REQUIRED,2022-08-10,COPERNICUS/S2_SR_HARMONIZED/20220718T043711_20220718T044759_T46SEF,20220718T043711_20220718T044759_T46SEF,750175584a52519ba5a6def82a59f150d459aa833cd43b022127f9cf2c99fe13,2022
AOI-01,,,False,NOT_REQUIRED,2022-08-10,COPERNICUS/S2_SR_HARMONIZED/20220723T043709_20220723T043901_T46SEF,20220723T043709_20220723T043901_T46SEF,750175584a52519ba5a6def82a59f150d459aa833cd43b022127f9cf2c99fe13,2022
AOI-01,,,False,NOT_REQUIRED,2022-08-10,COPERNICUS/S2_SR_HARMONIZED/20220725T042711_20220725T043814_T46SEF,20220725T042711_20220725T043814_T46SEF,750175584a52519ba5a6def82a59f150d459aa833cd43b022127f9cf2c99fe13,2022
AOI-01,COPERNICUS/S2_CLOUD_PROBABILITY/20220728T043711_20220728T044300_T46SEF,20220728T043711_20220728T044300_T46SEF,True,MATCHED,2022-08-10,COPERNICUS/S2_SR_HARMONIZED/20220728T043711_20220728T044300_T46SEF,20220728T043711_20220728T044300_T46SEF,750175584a52519ba5a6def82a59f150d459aa833cd43b022127f9cf2c99fe13,2022
AOI-01,COPERNICUS/S2_CLOUD_PROBABILITY/20220802T043709_20220802T043900_T46SEF,20220802T043709_20220802T043900_T46SEF,True,MATCHED,2022-08-10,COPERNICUS/S2_SR_HARMONIZED/20220802T043709_20220802T043900_T46SEF,20220802T043709_20220802T043900_T46SEF,750175584a52519ba5a6def82a59f150d459aa833cd43b022127f9cf2c99fe13,2022
AOI-01,COPERNICUS/S2_CLOUD_PROBABILITY/20220804T042711_20220804T043814_T46SEF,20220804T042711_20220804T043814_T46SEF,True,MATCHED,2022-08-10,COPERNICUS/S2_SR_HARMONIZED/20220804T042711_20220804T043814_T46SEF,20220804T042711_20220804T043814_T46SEF,750175584a52519ba5a6def82a59f150d459aa833cd43b022127f9cf2c99fe13,2022
AOI-01,COPERNICUS/S2_CLOUD_PROBABILITY/20220807T043711_20220807T044758_T46SEF,20220807T043711_20220807T044758_T46SEF,True,MATCHED,2022-08-10,COPERNICUS/S2_SR_HARMONIZED/20220807T043711_20220807T044758_T46SEF,20220807T043711_20220807T044758_T46SEF,750175584a52519ba5a6def82a59f150d459aa833cd43b022127f9cf2c99fe13,2022
AOI-01,COPERNICUS/S2_CLOUD_PROBABILITY/20220809T042709_20220809T043814_T46SEF,20220809T042709_20220809T043814_T46SEF,True,MATCHED,2022-08-10,COPERNICUS/S2_SR_HARMONIZED/20220809T042709_20220809T043814_T46SEF,20220809T042709_20220809T043814_T46SEF,750175584a52519ba5a6def82a59f150d459aa833cd43b022127f9cf2c99fe13,2022
AOI-01,COPERNICUS/S2_CLOUD_PROBABILITY/20220812T043709_20220812T044507_T46SEF,20220812T043709_20220812T044507_T46SEF,True,MATCHED,2022-08-10,COPERNICUS/S2_SR_HARMONIZED/20220812T043709_20220812T044507_T46SEF,20220812T043709_20220812T044507_T46SEF,750175584a52519ba5a6def82a59f150d459aa833cd43b022127f9cf2c99fe13,2022
AOI-01,COPERNICUS/S2_CLOUD_PROBABILITY/20220817T043711_20220817T044723_T46SEF,20220817T043711_20220817T044723_T46SEF,True,MATCHED,2022-08-10,COPERNICUS/S2_SR_HARMONIZED/20220817T043711_20220817T044723_T46SEF,20220817T043711_20220817T044723_T46SEF,750175584a52519ba5a6def82a59f150d459aa833cd43b022127f9cf2c99fe13,2022
AOI-01,COPERNICUS/S2_CLOUD_PROBABILITY/20220819T042709_20220819T043812_T46SEF,20220819T042709_20220819T043812_T46SEF,True,MATCHED,2022-08-10,COPERNICUS/S2_SR_HARMONIZED/20220819T042709_20220819T043812_T46SEF,20220819T042709_20220819T043812_T46SEF,750175584a52519ba5a6def82a59f150d459aa833cd43b022127f9cf2c99fe13,2022
AOI-01,COPERNICUS/S2_CLOUD_PROBABILITY/20220822T043659_20220822T043835_T46SEF,20220822T043659_20220822T043835_T46SEF,True,MATCHED,2022-08-10,COPERNICUS/S2_SR_HARMONIZED/20220822T043659_20220822T043835_T46SEF,20220822T043659_20220822T043835_T46SEF,750175584a52519ba5a6def82a59f150d459aa833cd43b022127f9cf2c99fe13,2022
AOI-01,COPERNICUS/S2_CLOUD_PROBABILITY/20230705T042709_20230705T043754_T46SEF,20230705T042709_20230705T043754_T46SEF,True,MATCHED,2023-07-20,COPERNICUS/S2_SR_HARMONIZED/20230705T042709_20230705T043754_T46SEF,20230705T042709_20230705T043754_T46SEF,fd0bf415ba33085da48d67ed43d2388abb353d12c46d6072e0f3f9fa578d46e6,2023
AOI-01,COPERNICUS/S2_CLOUD_PROBABILITY/20230708T043709_20230708T043828_T46SEF,20230708T043709_20230708T043828_T46SEF,True,MATCHED,2023-07-20,COPERNICUS/S2_SR_HARMONIZED/20230708T043709_20230708T043828_T46SEF,20230708T043709_20230708T043828_T46SEF,fd0bf415ba33085da48d67ed43d2388abb353d12c46d6072e0f3f9fa578d46e6,2023
AOI-01,COPERNICUS/S2_CLOUD_PROBABILITY/20230710T042711_20230710T043754_T46SEF,20230710T042711_20230710T043754_T46SEF,True,MATCHED,2023-07-20,COPERNICUS/S2_SR_HARMONIZED/20230710T042711_20230710T043754_T46SEF,20230710T042711_20230710T043754_T46SEF,fd0bf415ba33085da48d67ed43d2388abb353d12c46d6072e0f3f9fa578d46e6,2023
AOI-01,COPERNICUS/S2_CLOUD_PROBABILITY/20230713T043711_20230713T043705_T46SEF,20230713T043711_20230713T043705_T46SEF,True,MATCHED,2023-07-20,COPERNICUS/S2_SR_HARMONIZED/20230713T043711_20230713T043705_T46SEF,20230713T043711_20230713T043705_T46SEF,fd0bf415ba33085da48d67ed43d2388abb353d12c46d6072e0f3f9fa578d46e6,2023
AOI-01,COPERNICUS/S2_CLOUD_PROBABILITY/20230715T042709_20230715T043753_T46SEF,20230715T042709_20230715T043753_T46SEF,True,MATCHED,2023-07-20,COPERNICUS/S2_SR_HARMONIZED/20230715T042709_20230715T043753_T46SEF,20230715T042709_20230715T043753_T46SEF,fd0bf415ba33085da48d67ed43d2388abb353d12c46d6072e0f3f9fa578d46e6,2023
AOI-01,COPERNICUS/S2_CLOUD_PROBABILITY/20230718T043709_20230718T043825_T46SEF,20230718T043709_20230718T043825_T46SEF,True,MATCHED,2023-07-20,COPERNICUS/S2_SR_HARMONIZED/20230718T043709_20230718T043825_T46SEF,20230718T043709_20230718T043825_T46SEF,fd0bf415ba33085da48d67ed43d2388abb353d12c46d6072e0f3f9fa578d46e6,2023
AOI-01,COPERNICUS/S2_CLOUD_PROBABILITY/20230720T042711_20230720T043452_T46SEF,20230720T042711_20230720T043452_T46SEF,True,MATCHED,2023-07-20,COPERNICUS/S2_SR_HARMONIZED/20230720T042711_20230720T043452_T46SEF,20230720T042711_20230720T043452_T46SEF,fd0bf415ba33085da48d67ed43d2388abb353d12c46d6072e0f3f9fa578d46e6,2023
AOI-01,COPERNICUS/S2_CLOUD_PROBABILITY/20230723T043711_20230723T044725_T46SEF,20230723T043711_20230723T044725_T46SEF,True,MATCHED,2023-07-20,COPERNICUS/S2_SR_HARMONIZED/20230723T043711_20230723T044725_T46SEF,20230723T043711_20230723T044725_T46SEF,fd0bf415ba33085da48d67ed43d2388abb353d12c46d6072e0f3f9fa578d46e6,2023
AOI-01,,,False,NOT_REQUIRED,2023-07-20,COPERNICUS/S2_SR_HARMONIZED/20230807T043709_20230807T043832_T46SEF,20230807T043709_20230807T043832_T46SEF,fd0bf415ba33085da48d67ed43d2388abb353d12c46d6072e0f3f9fa578d46e6,2023
AOI-01,,,False,NOT_REQUIRED,2023-07-20,COPERNICUS/S2_SR_HARMONIZED/20230809T042711_20230809T043344_T46SEF,20230809T042711_20230809T043344_T46SEF,fd0bf415ba33085da48d67ed43d2388abb353d12c46d6072e0f3f9fa578d46e6,2023
AOI-01,,,False,NOT_REQUIRED,2023-07-20,COPERNICUS/S2_SR_HARMONIZED/20230812T043711_20230812T043853_T46SEF,20230812T043711_20230812T043853_T46SEF,fd0bf415ba33085da48d67ed43d2388abb353d12c46d6072e0f3f9fa578d46e6,2023
AOI-01,,,False,NOT_REQUIRED,2023-07-20,COPERNICUS/S2_SR_HARMONIZED/20230814T042709_20230814T042708_T46SEF,20230814T042709_20230814T042708_T46SEF,fd0bf415ba33085da48d67ed43d2388abb353d12c46d6072e0f3f9fa578d46e6,2023
AOI-01,,,False,NOT_REQUIRED,2023-07-20,COPERNICUS/S2_SR_HARMONIZED/20230817T043709_20230817T044734_T46SEF,20230817T043709_20230817T044734_T46SEF,fd0bf415ba33085da48d67ed43d2388abb353d12c46d6072e0f3f9fa578d46e6,2023
AOI-01,,,False,NOT_REQUIRED,2023-07-20,COPERNICUS/S2_SR_HARMONIZED/20230819T042711_20230819T043002_T46SEF,20230819T042711_20230819T043002_T46SEF,fd0bf415ba33085da48d67ed43d2388abb353d12c46d6072e0f3f9fa578d46e6,2023
AOI-01,,,False,NOT_REQUIRED,2023-07-20,COPERNICUS/S2_SR_HARMONIZED/20230822T043711_20230822T043711_T46SEF,20230822T043711_20230822T043711_T46SEF,fd0bf415ba33085da48d67ed43d2388abb353d12c46d6072e0f3f9fa578d46e6,2023
AOI-01,,,False,NOT_REQUIRED,2023-07-20,COPERNICUS/S2_SR_HARMONIZED/20230824T042709_20230824T043641_T46SEF,20230824T042709_20230824T043641_T46SEF,fd0bf415ba33085da48d67ed43d2388abb353d12c46d6072e0f3f9fa578d46e6,2023
AOI-01,,,False,NOT_REQUIRED,2023-07-31,COPERNICUS/S2_SR_HARMONIZED/20230705T042709_20230705T043754_T46SEF,20230705T042709_20230705T043754_T46SEF,99bbb24b939e9d04c84092afcc0dbeec297a1c29a49cd08fbb6b1518c945adb8,2023
AOI-01,,,False,NOT_REQUIRED,2023-07-31,COPERNICUS/S2_SR_HARMONIZED/20230708T043709_20230708T043828_T46SEF,20230708T043709_20230708T043828_T46SEF,99bbb24b939e9d04c84092afcc0dbeec297a1c29a49cd08fbb6b1518c945adb8,2023
AOI-01,,,False,NOT_REQUIRED,2023-07-31,COPERNICUS/S2_SR_HARMONIZED/20230710T042711_20230710T043754_T46SEF,20230710T042711_20230710T043754_T46SEF,99bbb24b939e9d04c84092afcc0dbeec297a1c29a49cd08fbb6b1518c945adb8,2023
AOI-01,,,False,NOT_REQUIRED,2023-07-31,COPERNICUS/S2_SR_HARMONIZED/20230713T043711_20230713T043705_T46SEF,20230713T043711_20230713T043705_T46SEF,99bbb24b939e9d04c84092afcc0dbeec297a1c29a49cd08fbb6b1518c945adb8,2023
AOI-01,,,False,NOT_REQUIRED,2023-07-31,COPERNICUS/S2_SR_HARMONIZED/20230715T042709_20230715T043753_T46SEF,20230715T042709_20230715T043753_T46SEF,99bbb24b939e9d04c84092afcc0dbeec297a1c29a49cd08fbb6b1518c945adb8,2023
AOI-01,COPERNICUS/S2_CLOUD_PROBABILITY/20230718T043709_20230718T043825_T46SEF,20230718T043709_20230718T043825_T46SEF,True,MATCHED,2023-07-31,COPERNICUS/S2_SR_HARMONIZED/20230718T043709_20230718T043825_T46SEF,20230718T043709_20230718T043825_T46SEF,99bbb24b939e9d04c84092afcc0dbeec297a1c29a49cd08fbb6b1518c945adb8,2023
AOI-01,COPERNICUS/S2_CLOUD_PROBABILITY/20230720T042711_20230720T043452_T46SEF,20230720T042711_20230720T043452_T46SEF,True,MATCHED,2023-07-31,COPERNICUS/S2_SR_HARMONIZED/20230720T042711_20230720T043452_T46SEF,20230720T042711_20230720T043452_T46SEF,99bbb24b939e9d04c84092afcc0dbeec297a1c29a49cd08fbb6b1518c945adb8,2023
AOI-01,COPERNICUS/S2_CLOUD_PROBABILITY/20230723T043711_20230723T044725_T46SEF,20230723T043711_20230723T044725_T46SEF,True,MATCHED,2023-07-31,COPERNICUS/S2_SR_HARMONIZED/20230723T043711_20230723T044725_T46SEF,20230723T043711_20230723T044725_T46SEF,99bbb24b939e9d04c84092afcc0dbeec297a1c29a49cd08fbb6b1518c945adb8,2023
AOI-01,COPERNICUS/S2_CLOUD_PROBABILITY/20230807T043709_20230807T043832_T46SEF,20230807T043709_20230807T043832_T46SEF,True,MATCHED,2023-07-31,COPERNICUS/S2_SR_HARMONIZED/20230807T043709_20230807T043832_T46SEF,20230807T043709_20230807T043832_T46SEF,99bbb24b939e9d04c84092afcc0dbeec297a1c29a49cd08fbb6b1518c945adb8,2023
AOI-01,COPERNICUS/S2_CLOUD_PROBABILITY/20230809T042711_20230809T043344_T46SEF,20230809T042711_20230809T043344_T46SEF,True,MATCHED,2023-07-31,COPERNICUS/S2_SR_HARMONIZED/20230809T042711_20230809T043344_T46SEF,20230809T042711_20230809T043344_T46SEF,99bbb24b939e9d04c84092afcc0dbeec297a1c29a49cd08fbb6b1518c945adb8,2023
AOI-01,COPERNICUS/S2_CLOUD_PROBABILITY/20230812T043711_20230812T043853_T46SEF,20230812T043711_20230812T043853_T46SEF,True,MATCHED,2023-07-31,COPERNICUS/S2_SR_HARMONIZED/20230812T043711_20230812T043853_T46SEF,20230812T043711_20230812T043853_T46SEF,99bbb24b939e9d04c84092afcc0dbeec297a1c29a49cd08fbb6b1518c945adb8,2023
AOI-01,COPERNICUS/S2_CLOUD_PROBABILITY/20230814T042709_20230814T042708_T46SEF,20230814T042709_20230814T042708_T46SEF,True,MATCHED,2023-07-31,COPERNICUS/S2_SR_HARMONIZED/20230814T042709_20230814T042708_T46SEF,20230814T042709_20230814T042708_T46SEF,99bbb24b939e9d04c84092afcc0dbeec297a1c29a49cd08fbb6b1518c945adb8,2023
AOI-01,,,False,NOT_REQUIRED,2023-07-31,COPERNICUS/S2_SR_HARMONIZED/20230817T043709_20230817T044734_T46SEF,20230817T043709_20230817T044734_T46SEF,99bbb24b939e9d04c84092afcc0dbeec297a1c29a49cd08fbb6b1518c945adb8,2023
AOI-01,,,False,NOT_REQUIRED,2023-07-31,COPERNICUS/S2_SR_HARMONIZED/20230819T042711_20230819T043002_T46SEF,20230819T042711_20230819T043002_T46SEF,99bbb24b939e9d04c84092afcc0dbeec297a1c29a49cd08fbb6b1518c945adb8,2023
AOI-01,,,False,NOT_REQUIRED,2023-07-31,COPERNICUS/S2_SR_HARMONIZED/20230822T043711_20230822T043711_T46SEF,20230822T043711_20230822T043711_T46SEF,99bbb24b939e9d04c84092afcc0dbeec297a1c29a49cd08fbb6b1518c945adb8,2023
AOI-01,,,False,NOT_REQUIRED,2023-07-31,COPERNICUS/S2_SR_HARMONIZED/20230824T042709_20230824T043641_T46SEF,20230824T042709_20230824T043641_T46SEF,99bbb24b939e9d04c84092afcc0dbeec297a1c29a49cd08fbb6b1518c945adb8,2023
AOI-01,,,False,NOT_REQUIRED,2023-08-10,COPERNICUS/S2_SR_HARMONIZED/20230705T042709_20230705T043754_T46SEF,20230705T042709_20230705T043754_T46SEF,f137d26ca8fdd56d0858f91e1702d08a52d0c86f8f4fd923c69dd71f2d042cba,2023
AOI-01,,,False,NOT_REQUIRED,2023-08-10,COPERNICUS/S2_SR_HARMONIZED/20230708T043709_20230708T043828_T46SEF,20230708T043709_20230708T043828_T46SEF,f137d26ca8fdd56d0858f91e1702d08a52d0c86f8f4fd923c69dd71f2d042cba,2023
AOI-01,,,False,NOT_REQUIRED,2023-08-10,COPERNICUS/S2_SR_HARMONIZED/20230710T042711_20230710T043754_T46SEF,20230710T042711_20230710T043754_T46SEF,f137d26ca8fdd56d0858f91e1702d08a52d0c86f8f4fd923c69dd71f2d042cba,2023
AOI-01,,,False,NOT_REQUIRED,2023-08-10,COPERNICUS/S2_SR_HARMONIZED/20230713T043711_20230713T043705_T46SEF,20230713T043711_20230713T043705_T46SEF,f137d26ca8fdd56d0858f91e1702d08a52d0c86f8f4fd923c69dd71f2d042cba,2023
AOI-01,,,False,NOT_REQUIRED,2023-08-10,COPERNICUS/S2_SR_HARMONIZED/20230715T042709_20230715T043753_T46SEF,20230715T042709_20230715T043753_T46SEF,f137d26ca8fdd56d0858f91e1702d08a52d0c86f8f4fd923c69dd71f2d042cba,2023
AOI-01,,,False,NOT_REQUIRED,2023-08-10,COPERNICUS/S2_SR_HARMONIZED/20230718T043709_20230718T043825_T46SEF,20230718T043709_20230718T043825_T46SEF,f137d26ca8fdd56d0858f91e1702d08a52d0c86f8f4fd923c69dd71f2d042cba,2023
AOI-01,,,False,NOT_REQUIRED,2023-08-10,COPERNICUS/S2_SR_HARMONIZED/20230720T042711_20230720T043452_T46SEF,20230720T042711_20230720T043452_T46SEF,f137d26ca8fdd56d0858f91e1702d08a52d0c86f8f4fd923c69dd71f2d042cba,2023
AOI-01,,,False,NOT_REQUIRED,2023-08-10,COPERNICUS/S2_SR_HARMONIZED/20230723T043711_20230723T044725_T46SEF,20230723T043711_20230723T044725_T46SEF,f137d26ca8fdd56d0858f91e1702d08a52d0c86f8f4fd923c69dd71f2d042cba,2023
AOI-01,COPERNICUS/S2_CLOUD_PROBABILITY/20230807T043709_20230807T043832_T46SEF,20230807T043709_20230807T043832_T46SEF,True,MATCHED,2023-08-10,COPERNICUS/S2_SR_HARMONIZED/20230807T043709_20230807T043832_T46SEF,20230807T043709_20230807T043832_T46SEF,f137d26ca8fdd56d0858f91e1702d08a52d0c86f8f4fd923c69dd71f2d042cba,2023
AOI-01,COPERNICUS/S2_CLOUD_PROBABILITY/20230809T042711_20230809T043344_T46SEF,20230809T042711_20230809T043344_T46SEF,True,MATCHED,2023-08-10,COPERNICUS/S2_SR_HARMONIZED/20230809T042711_20230809T043344_T46SEF,20230809T042711_20230809T043344_T46SEF,f137d26ca8fdd56d0858f91e1702d08a52d0c86f8f4fd923c69dd71f2d042cba,2023
AOI-01,COPERNICUS/S2_CLOUD_PROBABILITY/20230812T043711_20230812T043853_T46SEF,20230812T043711_20230812T043853_T46SEF,True,MATCHED,2023-08-10,COPERNICUS/S2_SR_HARMONIZED/20230812T043711_20230812T043853_T46SEF,20230812T043711_20230812T043853_T46SEF,f137d26ca8fdd56d0858f91e1702d08a52d0c86f8f4fd923c69dd71f2d042cba,2023
AOI-01,COPERNICUS/S2_CLOUD_PROBABILITY/20230814T042709_20230814T042708_T46SEF,20230814T042709_20230814T042708_T46SEF,True,MATCHED,2023-08-10,COPERNICUS/S2_SR_HARMONIZED/20230814T042709_20230814T042708_T46SEF,20230814T042709_20230814T042708_T46SEF,f137d26ca8fdd56d0858f91e1702d08a52d0c86f8f4fd923c69dd71f2d042cba,2023
AOI-01,COPERNICUS/S2_CLOUD_PROBABILITY/20230817T043709_20230817T044734_T46SEF,20230817T043709_20230817T044734_T46SEF,True,MATCHED,2023-08-10,COPERNICUS/S2_SR_HARMONIZED/20230817T043709_20230817T044734_T46SEF,20230817T043709_20230817T044734_T46SEF,f137d26ca8fdd56d0858f91e1702d08a52d0c86f8f4fd923c69dd71f2d042cba,2023
AOI-01,COPERNICUS/S2_CLOUD_PROBABILITY/20230819T042711_20230819T043002_T46SEF,20230819T042711_20230819T043002_T46SEF,True,MATCHED,2023-08-10,COPERNICUS/S2_SR_HARMONIZED/20230819T042711_20230819T043002_T46SEF,20230819T042711_20230819T043002_T46SEF,f137d26ca8fdd56d0858f91e1702d08a52d0c86f8f4fd923c69dd71f2d042cba,2023
AOI-01,COPERNICUS/S2_CLOUD_PROBABILITY/20230822T043711_20230822T043711_T46SEF,20230822T043711_20230822T043711_T46SEF,True,MATCHED,2023-08-10,COPERNICUS/S2_SR_HARMONIZED/20230822T043711_20230822T043711_T46SEF,20230822T043711_20230822T043711_T46SEF,f137d26ca8fdd56d0858f91e1702d08a52d0c86f8f4fd923c69dd71f2d042cba,2023
AOI-01,COPERNICUS/S2_CLOUD_PROBABILITY/20230824T042709_20230824T043641_T46SEF,20230824T042709_20230824T043641_T46SEF,True,MATCHED,2023-08-10,COPERNICUS/S2_SR_HARMONIZED/20230824T042709_20230824T043641_T46SEF,20230824T042709_20230824T043641_T46SEF,f137d26ca8fdd56d0858f91e1702d08a52d0c86f8f4fd923c69dd71f2d042cba,2023
AOI-01,COPERNICUS/S2_CLOUD_PROBABILITY/20240712T043659_20240712T044748_T46SEF,20240712T043659_20240712T044748_T46SEF,True,MATCHED,2024-07-20,COPERNICUS/S2_SR_HARMONIZED/20240712T043659_20240712T044748_T46SEF,20240712T043659_20240712T044748_T46SEF,791541b96ecd3b142a31be0734987649ec19abd9f5810eb7a773e5fc14aaa84c,2024
AOI-01,COPERNICUS/S2_CLOUD_PROBABILITY/20240714T042711_20240714T043045_T46SEF,20240714T042711_20240714T043045_T46SEF,True,MATCHED,2024-07-20,COPERNICUS/S2_SR_HARMONIZED/20240714T042711_20240714T043045_T46SEF,20240714T042711_20240714T043045_T46SEF,791541b96ecd3b142a31be0734987649ec19abd9f5810eb7a773e5fc14aaa84c,2024
AOI-01,COPERNICUS/S2_CLOUD_PROBABILITY/20240717T043701_20240717T044110_T46SEF,20240717T043701_20240717T044110_T46SEF,True,MATCHED,2024-07-20,COPERNICUS/S2_SR_HARMONIZED/20240717T043701_20240717T044110_T46SEF,20240717T043701_20240717T044110_T46SEF,791541b96ecd3b142a31be0734987649ec19abd9f5810eb7a773e5fc14aaa84c,2024
AOI-01,COPERNICUS/S2_CLOUD_PROBABILITY/20240719T042709_20240719T043643_T46SEF,20240719T042709_20240719T043643_T46SEF,True,MATCHED,2024-07-20,COPERNICUS/S2_SR_HARMONIZED/20240719T042709_20240719T043643_T46SEF,20240719T042709_20240719T043643_T46SEF,791541b96ecd3b142a31be0734987649ec19abd9f5810eb7a773e5fc14aaa84c,2024
AOI-01,COPERNICUS/S2_CLOUD_PROBABILITY/20240722T043709_20240722T044648_T46SEF,20240722T043709_20240722T044648_T46SEF,True,MATCHED,2024-07-20,COPERNICUS/S2_SR_HARMONIZED/20240722T043709_20240722T044648_T46SEF,20240722T043709_20240722T044648_T46SEF,791541b96ecd3b142a31be0734987649ec19abd9f5810eb7a773e5fc14aaa84c,2024
AOI-01,COPERNICUS/S2_CLOUD_PROBABILITY/20240724T042711_20240724T043259_T46SEF,20240724T042711_20240724T043259_T46SEF,True,MATCHED,2024-07-20,COPERNICUS/S2_SR_HARMONIZED/20240724T042711_20240724T043259_T46SEF,20240724T042711_20240724T043259_T46SEF,791541b96ecd3b142a31be0734987649ec19abd9f5810eb7a773e5fc14aaa84c,2024
AOI-01,COPERNICUS/S2_CLOUD_PROBABILITY/20240729T042709_20240729T043750_T46SEF,20240729T042709_20240729T043750_T46SEF,True,MATCHED,2024-07-20,COPERNICUS/S2_SR_HARMONIZED/20240729T042709_20240729T043750_T46SEF,20240729T042709_20240729T043750_T46SEF,791541b96ecd3b142a31be0734987649ec19abd9f5810eb7a773e5fc14aaa84c,2024
AOI-01,COPERNICUS/S2_CLOUD_PROBABILITY/20240803T042711_20240803T043429_T46SEF,20240803T042711_20240803T043429_T46SEF,True,MATCHED,2024-07-20,COPERNICUS/S2_SR_HARMONIZED/20240803T042711_20240803T043429_T46SEF,20240803T042711_20240803T043429_T46SEF,791541b96ecd3b142a31be0734987649ec19abd9f5810eb7a773e5fc14aaa84c,2024
AOI-01,,,False,NOT_REQUIRED,2024-07-20,COPERNICUS/S2_SR_HARMONIZED/20240806T043701_20240806T044802_T46SEF,20240806T043701_20240806T044802_T46SEF,791541b96ecd3b142a31be0734987649ec19abd9f5810eb7a773e5fc14aaa84c,2024
AOI-01,,,False,NOT_REQUIRED,2024-07-20,COPERNICUS/S2_SR_HARMONIZED/20240811T043709_20240811T043704_T46SEF,20240811T043709_20240811T043704_T46SEF,791541b96ecd3b142a31be0734987649ec19abd9f5810eb7a773e5fc14aaa84c,2024
AOI-01,,,False,NOT_REQUIRED,2024-07-20,COPERNICUS/S2_SR_HARMONIZED/20240813T042701_20240813T043352_T46SEF,20240813T042701_20240813T043352_T46SEF,791541b96ecd3b142a31be0734987649ec19abd9f5810eb7a773e5fc14aaa84c,2024
AOI-01,,,False,NOT_REQUIRED,2024-07-20,COPERNICUS/S2_SR_HARMONIZED/20240816T043701_20240816T043947_T46SEF,20240816T043701_20240816T043947_T46SEF,791541b96ecd3b142a31be0734987649ec19abd9f5810eb7a773e5fc14aaa84c,2024
AOI-01,,,False,NOT_REQUIRED,2024-07-20,COPERNICUS/S2_SR_HARMONIZED/20240818T042709_20240818T042839_T46SEF,20240818T042709_20240818T042839_T46SEF,791541b96ecd3b142a31be0734987649ec19abd9f5810eb7a773e5fc14aaa84c,2024
AOI-01,,,False,NOT_REQUIRED,2024-07-20,COPERNICUS/S2_SR_HARMONIZED/20240821T043659_20240821T044246_T46SEF,20240821T043659_20240821T044246_T46SEF,791541b96ecd3b142a31be0734987649ec19abd9f5810eb7a773e5fc14aaa84c,2024
AOI-01,,,False,NOT_REQUIRED,2024-07-20,COPERNICUS/S2_SR_HARMONIZED/20240823T042701_20240823T043652_T46SEF,20240823T042701_20240823T043652_T46SEF,791541b96ecd3b142a31be0734987649ec19abd9f5810eb7a773e5fc14aaa84c,2024
AOI-01,,,False,NOT_REQUIRED,2024-07-31,COPERNICUS/S2_SR_HARMONIZED/20240712T043659_20240712T044748_T46SEF,20240712T043659_20240712T044748_T46SEF,02ee42a5911159e0083c8d29526443f24f29fd1f451c794ddf20ef58dabf75a6,2024
AOI-01,,,False,NOT_REQUIRED,2024-07-31,COPERNICUS/S2_SR_HARMONIZED/20240714T042711_20240714T043045_T46SEF,20240714T042711_20240714T043045_T46SEF,02ee42a5911159e0083c8d29526443f24f29fd1f451c794ddf20ef58dabf75a6,2024
AOI-01,COPERNICUS/S2_CLOUD_PROBABILITY/20240717T043701_20240717T044110_T46SEF,20240717T043701_20240717T044110_T46SEF,True,MATCHED,2024-07-31,COPERNICUS/S2_SR_HARMONIZED/20240717T043701_20240717T044110_T46SEF,20240717T043701_20240717T044110_T46SEF,02ee42a5911159e0083c8d29526443f24f29fd1f451c794ddf20ef58dabf75a6,2024
AOI-01,COPERNICUS/S2_CLOUD_PROBABILITY/20240719T042709_20240719T043643_T46SEF,20240719T042709_20240719T043643_T46SEF,True,MATCHED,2024-07-31,COPERNICUS/S2_SR_HARMONIZED/20240719T042709_20240719T043643_T46SEF,20240719T042709_20240719T043643_T46SEF,02ee42a5911159e0083c8d29526443f24f29fd1f451c794ddf20ef58dabf75a6,2024
AOI-01,COPERNICUS/S2_CLOUD_PROBABILITY/20240722T043709_20240722T044648_T46SEF,20240722T043709_20240722T044648_T46SEF,True,MATCHED,2024-07-31,COPERNICUS/S2_SR_HARMONIZED/20240722T043709_20240722T044648_T46SEF,20240722T043709_20240722T044648_T46SEF,02ee42a5911159e0083c8d29526443f24f29fd1f451c794ddf20ef58dabf75a6,2024
AOI-01,COPERNICUS/S2_CLOUD_PROBABILITY/20240724T042711_20240724T043259_T46SEF,20240724T042711_20240724T043259_T46SEF,True,MATCHED,2024-07-31,COPERNICUS/S2_SR_HARMONIZED/20240724T042711_20240724T043259_T46SEF,20240724T042711_20240724T043259_T46SEF,02ee42a5911159e0083c8d29526443f24f29fd1f451c794ddf20ef58dabf75a6,2024
AOI-01,COPERNICUS/S2_CLOUD_PROBABILITY/20240729T042709_20240729T043750_T46SEF,20240729T042709_20240729T043750_T46SEF,True,MATCHED,2024-07-31,COPERNICUS/S2_SR_HARMONIZED/20240729T042709_20240729T043750_T46SEF,20240729T042709_20240729T043750_T46SEF,02ee42a5911159e0083c8d29526443f24f29fd1f451c794ddf20ef58dabf75a6,2024
AOI-01,COPERNICUS/S2_CLOUD_PROBABILITY/20240803T042711_20240803T043429_T46SEF,20240803T042711_20240803T043429_T46SEF,True,MATCHED,2024-07-31,COPERNICUS/S2_SR_HARMONIZED/20240803T042711_20240803T043429_T46SEF,20240803T042711_20240803T043429_T46SEF,02ee42a5911159e0083c8d29526443f24f29fd1f451c794ddf20ef58dabf75a6,2024
AOI-01,COPERNICUS/S2_CLOUD_PROBABILITY/20240806T043701_20240806T044802_T46SEF,20240806T043701_20240806T044802_T46SEF,True,MATCHED,2024-07-31,COPERNICUS/S2_SR_HARMONIZED/20240806T043701_20240806T044802_T46SEF,20240806T043701_20240806T044802_T46SEF,02ee42a5911159e0083c8d29526443f24f29fd1f451c794ddf20ef58dabf75a6,2024
AOI-01,COPERNICUS/S2_CLOUD_PROBABILITY/20240811T043709_20240811T043704_T46SEF,20240811T043709_20240811T043704_T46SEF,True,MATCHED,2024-07-31,COPERNICUS/S2_SR_HARMONIZED/20240811T043709_20240811T043704_T46SEF,20240811T043709_20240811T043704_T46SEF,02ee42a5911159e0083c8d29526443f24f29fd1f451c794ddf20ef58dabf75a6,2024
AOI-01,COPERNICUS/S2_CLOUD_PROBABILITY/20240813T042701_20240813T043352_T46SEF,20240813T042701_20240813T043352_T46SEF,True,MATCHED,2024-07-31,COPERNICUS/S2_SR_HARMONIZED/20240813T042701_20240813T043352_T46SEF,20240813T042701_20240813T043352_T46SEF,02ee42a5911159e0083c8d29526443f24f29fd1f451c794ddf20ef58dabf75a6,2024
AOI-01,,,False,NOT_REQUIRED,2024-07-31,COPERNICUS/S2_SR_HARMONIZED/20240816T043701_20240816T043947_T46SEF,20240816T043701_20240816T043947_T46SEF,02ee42a5911159e0083c8d29526443f24f29fd1f451c794ddf20ef58dabf75a6,2024
AOI-01,,,False,NOT_REQUIRED,2024-07-31,COPERNICUS/S2_SR_HARMONIZED/20240818T042709_20240818T042839_T46SEF,20240818T042709_20240818T042839_T46SEF,02ee42a5911159e0083c8d29526443f24f29fd1f451c794ddf20ef58dabf75a6,2024
AOI-01,,,False,NOT_REQUIRED,2024-07-31,COPERNICUS/S2_SR_HARMONIZED/20240821T043659_20240821T044246_T46SEF,20240821T043659_20240821T044246_T46SEF,02ee42a5911159e0083c8d29526443f24f29fd1f451c794ddf20ef58dabf75a6,2024
AOI-01,,,False,NOT_REQUIRED,2024-07-31,COPERNICUS/S2_SR_HARMONIZED/20240823T042701_20240823T043652_T46SEF,20240823T042701_20240823T043652_T46SEF,02ee42a5911159e0083c8d29526443f24f29fd1f451c794ddf20ef58dabf75a6,2024
AOI-01,,,False,NOT_REQUIRED,2024-08-10,COPERNICUS/S2_SR_HARMONIZED/20240712T043659_20240712T044748_T46SEF,20240712T043659_20240712T044748_T46SEF,fc493864c107c2fa00aac31fa44a121802c289146d638235f2eacc4750545366,2024
AOI-01,,,False,NOT_REQUIRED,2024-08-10,COPERNICUS/S2_SR_HARMONIZED/20240714T042711_20240714T043045_T46SEF,20240714T042711_20240714T043045_T46SEF,fc493864c107c2fa00aac31fa44a121802c289146d638235f2eacc4750545366,2024
AOI-01,,,False,NOT_REQUIRED,2024-08-10,COPERNICUS/S2_SR_HARMONIZED/20240717T043701_20240717T044110_T46SEF,20240717T043701_20240717T044110_T46SEF,fc493864c107c2fa00aac31fa44a121802c289146d638235f2eacc4750545366,2024
AOI-01,,,False,NOT_REQUIRED,2024-08-10,COPERNICUS/S2_SR_HARMONIZED/20240719T042709_20240719T043643_T46SEF,20240719T042709_20240719T043643_T46SEF,fc493864c107c2fa00aac31fa44a121802c289146d638235f2eacc4750545366,2024
AOI-01,,,False,NOT_REQUIRED,2024-08-10,COPERNICUS/S2_SR_HARMONIZED/20240722T043709_20240722T044648_T46SEF,20240722T043709_20240722T044648_T46SEF,fc493864c107c2fa00aac31fa44a121802c289146d638235f2eacc4750545366,2024
AOI-01,,,False,NOT_REQUIRED,2024-08-10,COPERNICUS/S2_SR_HARMONIZED/20240724T042711_20240724T043259_T46SEF,20240724T042711_20240724T043259_T46SEF,fc493864c107c2fa00aac31fa44a121802c289146d638235f2eacc4750545366,2024
AOI-01,COPERNICUS/S2_CLOUD_PROBABILITY/20240729T042709_20240729T043750_T46SEF,20240729T042709_20240729T043750_T46SEF,True,MATCHED,2024-08-10,COPERNICUS/S2_SR_HARMONIZED/20240729T042709_20240729T043750_T46SEF,20240729T042709_20240729T043750_T46SEF,fc493864c107c2fa00aac31fa44a121802c289146d638235f2eacc4750545366,2024
AOI-01,COPERNICUS/S2_CLOUD_PROBABILITY/20240803T042711_20240803T043429_T46SEF,20240803T042711_20240803T043429_T46SEF,True,MATCHED,2024-08-10,COPERNICUS/S2_SR_HARMONIZED/20240803T042711_20240803T043429_T46SEF,20240803T042711_20240803T043429_T46SEF,fc493864c107c2fa00aac31fa44a121802c289146d638235f2eacc4750545366,2024
AOI-01,COPERNICUS/S2_CLOUD_PROBABILITY/20240806T043701_20240806T044802_T46SEF,20240806T043701_20240806T044802_T46SEF,True,MATCHED,2024-08-10,COPERNICUS/S2_SR_HARMONIZED/20240806T043701_20240806T044802_T46SEF,20240806T043701_20240806T044802_T46SEF,fc493864c107c2fa00aac31fa44a121802c289146d638235f2eacc4750545366,2024
AOI-01,COPERNICUS/S2_CLOUD_PROBABILITY/20240811T043709_20240811T043704_T46SEF,20240811T043709_20240811T043704_T46SEF,True,MATCHED,2024-08-10,COPERNICUS/S2_SR_HARMONIZED/20240811T043709_20240811T043704_T46SEF,20240811T043709_20240811T043704_T46SEF,fc493864c107c2fa00aac31fa44a121802c289146d638235f2eacc4750545366,2024
AOI-01,COPERNICUS/S2_CLOUD_PROBABILITY/20240813T042701_20240813T043352_T46SEF,20240813T042701_20240813T043352_T46SEF,True,MATCHED,2024-08-10,COPERNICUS/S2_SR_HARMONIZED/20240813T042701_20240813T043352_T46SEF,20240813T042701_20240813T043352_T46SEF,fc493864c107c2fa00aac31fa44a121802c289146d638235f2eacc4750545366,2024
AOI-01,COPERNICUS/S2_CLOUD_PROBABILITY/20240816T043701_20240816T043947_T46SEF,20240816T043701_20240816T043947_T46SEF,True,MATCHED,2024-08-10,COPERNICUS/S2_SR_HARMONIZED/20240816T043701_20240816T043947_T46SEF,20240816T043701_20240816T043947_T46SEF,fc493864c107c2fa00aac31fa44a121802c289146d638235f2eacc4750545366,2024
AOI-01,COPERNICUS/S2_CLOUD_PROBABILITY/20240818T042709_20240818T042839_T46SEF,20240818T042709_20240818T042839_T46SEF,True,MATCHED,2024-08-10,COPERNICUS/S2_SR_HARMONIZED/20240818T042709_20240818T042839_T46SEF,20240818T042709_20240818T042839_T46SEF,fc493864c107c2fa00aac31fa44a121802c289146d638235f2eacc4750545366,2024
AOI-01,COPERNICUS/S2_CLOUD_PROBABILITY/20240821T043659_20240821T044246_T46SEF,20240821T043659_20240821T044246_T46SEF,True,MATCHED,2024-08-10,COPERNICUS/S2_SR_HARMONIZED/20240821T043659_20240821T044246_T46SEF,20240821T043659_20240821T044246_T46SEF,fc493864c107c2fa00aac31fa44a121802c289146d638235f2eacc4750545366,2024
AOI-01,COPERNICUS/S2_CLOUD_PROBABILITY/20240823T042701_20240823T043652_T46SEF,20240823T042701_20240823T043652_T46SEF,True,MATCHED,2024-08-10,COPERNICUS/S2_SR_HARMONIZED/20240823T042701_20240823T043652_T46SEF,20240823T042701_20240823T043652_T46SEF,fc493864c107c2fa00aac31fa44a121802c289146d638235f2eacc4750545366,2024
AOI-01,COPERNICUS/S2_CLOUD_PROBABILITY/20250709T042731_20250709T042907_T46SEF,20250709T042731_20250709T042907_T46SEF,True,MATCHED,2025-07-20,COPERNICUS/S2_SR_HARMONIZED/20250709T042731_20250709T042907_T46SEF,20250709T042731_20250709T042907_T46SEF,9a1d63d43ab0340e248ab6d0caf4f1f312c66168123533e9799ba98c5de84b1f,2025
AOI-01,COPERNICUS/S2_CLOUD_PROBABILITY/20250712T043721_20250712T044719_T46SEF,20250712T043721_20250712T044719_T46SEF,True,MATCHED,2025-07-20,COPERNICUS/S2_SR_HARMONIZED/20250712T043721_20250712T044719_T46SEF,20250712T043721_20250712T044719_T46SEF,9a1d63d43ab0340e248ab6d0caf4f1f312c66168123533e9799ba98c5de84b1f,2025
AOI-01,COPERNICUS/S2_CLOUD_PROBABILITY/20250714T042709_20250714T043314_T46SEF,20250714T042709_20250714T043314_T46SEF,True,MATCHED,2025-07-20,COPERNICUS/S2_SR_HARMONIZED/20250714T042709_20250714T043314_T46SEF,20250714T042709_20250714T043314_T46SEF,9a1d63d43ab0340e248ab6d0caf4f1f312c66168123533e9799ba98c5de84b1f,2025
AOI-01,COPERNICUS/S2_CLOUD_PROBABILITY/20250714T044241_20250714T044238_T46SEF,20250714T044241_20250714T044238_T46SEF,True,MATCHED,2025-07-20,COPERNICUS/S2_SR_HARMONIZED/20250714T044241_20250714T044238_T46SEF,20250714T044241_20250714T044238_T46SEF,9a1d63d43ab0340e248ab6d0caf4f1f312c66168123533e9799ba98c5de84b1f,2025
AOI-01,COPERNICUS/S2_CLOUD_PROBABILITY/20250717T043709_20250717T044347_T46SEF,20250717T043709_20250717T044347_T46SEF,True,MATCHED,2025-07-20,COPERNICUS/S2_SR_HARMONIZED/20250717T043709_20250717T044347_T46SEF,20250717T043709_20250717T044347_T46SEF,9a1d63d43ab0340e248ab6d0caf4f1f312c66168123533e9799ba98c5de84b1f,2025
AOI-01,COPERNICUS/S2_CLOUD_PROBABILITY/20250722T043721_20250722T043723_T46SEF,20250722T043721_20250722T043723_T46SEF,True,MATCHED,2025-07-20,COPERNICUS/S2_SR_HARMONIZED/20250722T043721_20250722T043723_T46SEF,20250722T043721_20250722T043723_T46SEF,9a1d63d43ab0340e248ab6d0caf4f1f312c66168123533e9799ba98c5de84b1f,2025
AOI-01,COPERNICUS/S2_CLOUD_PROBABILITY/20250724T042709_20250724T043548_T46SEF,20250724T042709_20250724T043548_T46SEF,True,MATCHED,2025-07-20,COPERNICUS/S2_SR_HARMONIZED/20250724T042709_20250724T043548_T46SEF,20250724T042709_20250724T043548_T46SEF,9a1d63d43ab0340e248ab6d0caf4f1f312c66168123533e9799ba98c5de84b1f,2025
AOI-01,COPERNICUS/S2_CLOUD_PROBABILITY/20250727T043659_20250727T044403_T46SEF,20250727T043659_20250727T044403_T46SEF,True,MATCHED,2025-07-20,COPERNICUS/S2_SR_HARMONIZED/20250727T043659_20250727T044403_T46SEF,20250727T043659_20250727T044403_T46SEF,9a1d63d43ab0340e248ab6d0caf4f1f312c66168123533e9799ba98c5de84b1f,2025
AOI-01,COPERNICUS/S2_CLOUD_PROBABILITY/20250729T042721_20250729T042724_T46SEF,20250729T042721_20250729T042724_T46SEF,True,MATCHED,2025-07-20,COPERNICUS/S2_SR_HARMONIZED/20250729T042721_20250729T042724_T46SEF,20250729T042721_20250729T042724_T46SEF,9a1d63d43ab0340e248ab6d0caf4f1f312c66168123533e9799ba98c5de84b1f,2025
AOI-01,COPERNICUS/S2_CLOUD_PROBABILITY/20250731T043231_20250731T043231_T46SEF,20250731T043231_20250731T043231_T46SEF,True,MATCHED,2025-07-20,COPERNICUS/S2_SR_HARMONIZED/20250731T043231_20250731T043231_T46SEF,20250731T043231_20250731T043231_T46SEF,9a1d63d43ab0340e248ab6d0caf4f1f312c66168123533e9799ba98c5de84b1f,2025
AOI-01,COPERNICUS/S2_CLOUD_PROBABILITY/20250803T042709_20250803T043640_T46SEF,20250803T042709_20250803T043640_T46SEF,True,MATCHED,2025-07-20,COPERNICUS/S2_SR_HARMONIZED/20250803T042709_20250803T043640_T46SEF,20250803T042709_20250803T043640_T46SEF,9a1d63d43ab0340e248ab6d0caf4f1f312c66168123533e9799ba98c5de84b1f,2025
AOI-01,COPERNICUS/S2_CLOUD_PROBABILITY/20250803T044241_20250803T044522_T46SEF,20250803T044241_20250803T044522_T46SEF,True,MATCHED,2025-07-20,COPERNICUS/S2_SR_HARMONIZED/20250803T044241_20250803T044522_T46SEF,20250803T044241_20250803T044522_T46SEF,9a1d63d43ab0340e248ab6d0caf4f1f312c66168123533e9799ba98c5de84b1f,2025
AOI-01,,,False,NOT_REQUIRED,2025-07-20,COPERNICUS/S2_SR_HARMONIZED/20250808T042721_20250808T042739_T46SEF,20250808T042721_20250808T042739_T46SEF,9a1d63d43ab0340e248ab6d0caf4f1f312c66168123533e9799ba98c5de84b1f,2025
AOI-01,,,False,NOT_REQUIRED,2025-07-20,COPERNICUS/S2_SR_HARMONIZED/20250811T043721_20250811T043759_T46SEF,20250811T043721_20250811T043759_T46SEF,9a1d63d43ab0340e248ab6d0caf4f1f312c66168123533e9799ba98c5de84b1f,2025
AOI-01,,,False,NOT_REQUIRED,2025-07-20,COPERNICUS/S2_SR_HARMONIZED/20250813T042709_20250813T043237_T46SEF,20250813T042709_20250813T043237_T46SEF,9a1d63d43ab0340e248ab6d0caf4f1f312c66168123533e9799ba98c5de84b1f,2025
AOI-01,,,False,NOT_REQUIRED,2025-07-20,COPERNICUS/S2_SR_HARMONIZED/20250818T042721_20250818T043428_T46SEF,20250818T042721_20250818T043428_T46SEF,9a1d63d43ab0340e248ab6d0caf4f1f312c66168123533e9799ba98c5de84b1f,2025
AOI-01,,,False,NOT_REQUIRED,2025-07-20,COPERNICUS/S2_SR_HARMONIZED/20250820T043231_20250820T043618_T46SEF,20250820T043231_20250820T043618_T46SEF,9a1d63d43ab0340e248ab6d0caf4f1f312c66168123533e9799ba98c5de84b1f,2025
AOI-01,,,False,NOT_REQUIRED,2025-07-20,COPERNICUS/S2_SR_HARMONIZED/20250821T043721_20250821T044654_T46SEF,20250821T043721_20250821T044654_T46SEF,9a1d63d43ab0340e248ab6d0caf4f1f312c66168123533e9799ba98c5de84b1f,2025
AOI-01,,,False,NOT_REQUIRED,2025-07-20,COPERNICUS/S2_SR_HARMONIZED/20250823T044231_20250823T044233_T46SEF,20250823T044231_20250823T044233_T46SEF,9a1d63d43ab0340e248ab6d0caf4f1f312c66168123533e9799ba98c5de84b1f,2025
AOI-01,,,False,NOT_REQUIRED,2025-07-31,COPERNICUS/S2_SR_HARMONIZED/20250709T042731_20250709T042907_T46SEF,20250709T042731_20250709T042907_T46SEF,ecab3a6e9cfbdd77a0e38e5c975a5fb8f74ca3d0302189d2a783ea1a169db0bc,2025
AOI-01,,,False,NOT_REQUIRED,2025-07-31,COPERNICUS/S2_SR_HARMONIZED/20250712T043721_20250712T044719_T46SEF,20250712T043721_20250712T044719_T46SEF,ecab3a6e9cfbdd77a0e38e5c975a5fb8f74ca3d0302189d2a783ea1a169db0bc,2025
AOI-01,,,False,NOT_REQUIRED,2025-07-31,COPERNICUS/S2_SR_HARMONIZED/20250714T042709_20250714T043314_T46SEF,20250714T042709_20250714T043314_T46SEF,ecab3a6e9cfbdd77a0e38e5c975a5fb8f74ca3d0302189d2a783ea1a169db0bc,2025
AOI-01,,,False,NOT_REQUIRED,2025-07-31,COPERNICUS/S2_SR_HARMONIZED/20250714T044241_20250714T044238_T46SEF,20250714T044241_20250714T044238_T46SEF,ecab3a6e9cfbdd77a0e38e5c975a5fb8f74ca3d0302189d2a783ea1a169db0bc,2025
AOI-01,COPERNICUS/S2_CLOUD_PROBABILITY/20250717T043709_20250717T044347_T46SEF,20250717T043709_20250717T044347_T46SEF,True,MATCHED,2025-07-31,COPERNICUS/S2_SR_HARMONIZED/20250717T043709_20250717T044347_T46SEF,20250717T043709_20250717T044347_T46SEF,ecab3a6e9cfbdd77a0e38e5c975a5fb8f74ca3d0302189d2a783ea1a169db0bc,2025
AOI-01,COPERNICUS/S2_CLOUD_PROBABILITY/20250722T043721_20250722T043723_T46SEF,20250722T043721_20250722T043723_T46SEF,True,MATCHED,2025-07-31,COPERNICUS/S2_SR_HARMONIZED/20250722T043721_20250722T043723_T46SEF,20250722T043721_20250722T043723_T46SEF,ecab3a6e9cfbdd77a0e38e5c975a5fb8f74ca3d0302189d2a783ea1a169db0bc,2025
AOI-01,COPERNICUS/S2_CLOUD_PROBABILITY/20250724T042709_20250724T043548_T46SEF,20250724T042709_20250724T043548_T46SEF,True,MATCHED,2025-07-31,COPERNICUS/S2_SR_HARMONIZED/20250724T042709_20250724T043548_T46SEF,20250724T042709_20250724T043548_T46SEF,ecab3a6e9cfbdd77a0e38e5c975a5fb8f74ca3d0302189d2a783ea1a169db0bc,2025
AOI-01,COPERNICUS/S2_CLOUD_PROBABILITY/20250727T043659_20250727T044403_T46SEF,20250727T043659_20250727T044403_T46SEF,True,MATCHED,2025-07-31,COPERNICUS/S2_SR_HARMONIZED/20250727T043659_20250727T044403_T46SEF,20250727T043659_20250727T044403_T46SEF,ecab3a6e9cfbdd77a0e38e5c975a5fb8f74ca3d0302189d2a783ea1a169db0bc,2025
AOI-01,COPERNICUS/S2_CLOUD_PROBABILITY/20250729T042721_20250729T042724_T46SEF,20250729T042721_20250729T042724_T46SEF,True,MATCHED,2025-07-31,COPERNICUS/S2_SR_HARMONIZED/20250729T042721_20250729T042724_T46SEF,20250729T042721_20250729T042724_T46SEF,ecab3a6e9cfbdd77a0e38e5c975a5fb8f74ca3d0302189d2a783ea1a169db0bc,2025
AOI-01,COPERNICUS/S2_CLOUD_PROBABILITY/20250731T043231_20250731T043231_T46SEF,20250731T043231_20250731T043231_T46SEF,True,MATCHED,2025-07-31,COPERNICUS/S2_SR_HARMONIZED/20250731T043231_20250731T043231_T46SEF,20250731T043231_20250731T043231_T46SEF,ecab3a6e9cfbdd77a0e38e5c975a5fb8f74ca3d0302189d2a783ea1a169db0bc,2025
AOI-01,COPERNICUS/S2_CLOUD_PROBABILITY/20250803T042709_20250803T043640_T46SEF,20250803T042709_20250803T043640_T46SEF,True,MATCHED,2025-07-31,COPERNICUS/S2_SR_HARMONIZED/20250803T042709_20250803T043640_T46SEF,20250803T042709_20250803T043640_T46SEF,ecab3a6e9cfbdd77a0e38e5c975a5fb8f74ca3d0302189d2a783ea1a169db0bc,2025
AOI-01,COPERNICUS/S2_CLOUD_PROBABILITY/20250803T044241_20250803T044522_T46SEF,20250803T044241_20250803T044522_T46SEF,True,MATCHED,2025-07-31,COPERNICUS/S2_SR_HARMONIZED/20250803T044241_20250803T044522_T46SEF,20250803T044241_20250803T044522_T46SEF,ecab3a6e9cfbdd77a0e38e5c975a5fb8f74ca3d0302189d2a783ea1a169db0bc,2025
AOI-01,COPERNICUS/S2_CLOUD_PROBABILITY/20250808T042721_20250808T042739_T46SEF,20250808T042721_20250808T042739_T46SEF,True,MATCHED,2025-07-31,COPERNICUS/S2_SR_HARMONIZED/20250808T042721_20250808T042739_T46SEF,20250808T042721_20250808T042739_T46SEF,ecab3a6e9cfbdd77a0e38e5c975a5fb8f74ca3d0302189d2a783ea1a169db0bc,2025
AOI-01,COPERNICUS/S2_CLOUD_PROBABILITY/20250811T043721_20250811T043759_T46SEF,20250811T043721_20250811T043759_T46SEF,True,MATCHED,2025-07-31,COPERNICUS/S2_SR_HARMONIZED/20250811T043721_20250811T043759_T46SEF,20250811T043721_20250811T043759_T46SEF,ecab3a6e9cfbdd77a0e38e5c975a5fb8f74ca3d0302189d2a783ea1a169db0bc,2025
AOI-01,COPERNICUS/S2_CLOUD_PROBABILITY/20250813T042709_20250813T043237_T46SEF,20250813T042709_20250813T043237_T46SEF,True,MATCHED,2025-07-31,COPERNICUS/S2_SR_HARMONIZED/20250813T042709_20250813T043237_T46SEF,20250813T042709_20250813T043237_T46SEF,ecab3a6e9cfbdd77a0e38e5c975a5fb8f74ca3d0302189d2a783ea1a169db0bc,2025
AOI-01,,,False,NOT_REQUIRED,2025-07-31,COPERNICUS/S2_SR_HARMONIZED/20250818T042721_20250818T043428_T46SEF,20250818T042721_20250818T043428_T46SEF,ecab3a6e9cfbdd77a0e38e5c975a5fb8f74ca3d0302189d2a783ea1a169db0bc,2025
AOI-01,,,False,NOT_REQUIRED,2025-07-31,COPERNICUS/S2_SR_HARMONIZED/20250820T043231_20250820T043618_T46SEF,20250820T043231_20250820T043618_T46SEF,ecab3a6e9cfbdd77a0e38e5c975a5fb8f74ca3d0302189d2a783ea1a169db0bc,2025
AOI-01,,,False,NOT_REQUIRED,2025-07-31,COPERNICUS/S2_SR_HARMONIZED/20250821T043721_20250821T044654_T46SEF,20250821T043721_20250821T044654_T46SEF,ecab3a6e9cfbdd77a0e38e5c975a5fb8f74ca3d0302189d2a783ea1a169db0bc,2025
AOI-01,,,False,NOT_REQUIRED,2025-07-31,COPERNICUS/S2_SR_HARMONIZED/20250823T044231_20250823T044233_T46SEF,20250823T044231_20250823T044233_T46SEF,ecab3a6e9cfbdd77a0e38e5c975a5fb8f74ca3d0302189d2a783ea1a169db0bc,2025
AOI-01,,,False,NOT_REQUIRED,2025-08-10,COPERNICUS/S2_SR_HARMONIZED/20250709T042731_20250709T042907_T46SEF,20250709T042731_20250709T042907_T46SEF,c55cf5ae919b07393e10e196ba1d7e02806d2564b69031245d8c44a44a873d98,2025
AOI-01,,,False,NOT_REQUIRED,2025-08-10,COPERNICUS/S2_SR_HARMONIZED/20250712T043721_20250712T044719_T46SEF,20250712T043721_20250712T044719_T46SEF,c55cf5ae919b07393e10e196ba1d7e02806d2564b69031245d8c44a44a873d98,2025
AOI-01,,,False,NOT_REQUIRED,2025-08-10,COPERNICUS/S2_SR_HARMONIZED/20250714T042709_20250714T043314_T46SEF,20250714T042709_20250714T043314_T46SEF,c55cf5ae919b07393e10e196ba1d7e02806d2564b69031245d8c44a44a873d98,2025
AOI-01,,,False,NOT_REQUIRED,2025-08-10,COPERNICUS/S2_SR_HARMONIZED/20250714T044241_20250714T044238_T46SEF,20250714T044241_20250714T044238_T46SEF,c55cf5ae919b07393e10e196ba1d7e02806d2564b69031245d8c44a44a873d98,2025
AOI-01,,,False,NOT_REQUIRED,2025-08-10,COPERNICUS/S2_SR_HARMONIZED/20250717T043709_20250717T044347_T46SEF,20250717T043709_20250717T044347_T46SEF,c55cf5ae919b07393e10e196ba1d7e02806d2564b69031245d8c44a44a873d98,2025
AOI-01,,,False,NOT_REQUIRED,2025-08-10,COPERNICUS/S2_SR_HARMONIZED/20250722T043721_20250722T043723_T46SEF,20250722T043721_20250722T043723_T46SEF,c55cf5ae919b07393e10e196ba1d7e02806d2564b69031245d8c44a44a873d98,2025
AOI-01,,,False,NOT_REQUIRED,2025-08-10,COPERNICUS/S2_SR_HARMONIZED/20250724T042709_20250724T043548_T46SEF,20250724T042709_20250724T043548_T46SEF,c55cf5ae919b07393e10e196ba1d7e02806d2564b69031245d8c44a44a873d98,2025
AOI-01,COPERNICUS/S2_CLOUD_PROBABILITY/20250727T043659_20250727T044403_T46SEF,20250727T043659_20250727T044403_T46SEF,True,MATCHED,2025-08-10,COPERNICUS/S2_SR_HARMONIZED/20250727T043659_20250727T044403_T46SEF,20250727T043659_20250727T044403_T46SEF,c55cf5ae919b07393e10e196ba1d7e02806d2564b69031245d8c44a44a873d98,2025
AOI-01,COPERNICUS/S2_CLOUD_PROBABILITY/20250729T042721_20250729T042724_T46SEF,20250729T042721_20250729T042724_T46SEF,True,MATCHED,2025-08-10,COPERNICUS/S2_SR_HARMONIZED/20250729T042721_20250729T042724_T46SEF,20250729T042721_20250729T042724_T46SEF,c55cf5ae919b07393e10e196ba1d7e02806d2564b69031245d8c44a44a873d98,2025
AOI-01,COPERNICUS/S2_CLOUD_PROBABILITY/20250731T043231_20250731T043231_T46SEF,20250731T043231_20250731T043231_T46SEF,True,MATCHED,2025-08-10,COPERNICUS/S2_SR_HARMONIZED/20250731T043231_20250731T043231_T46SEF,20250731T043231_20250731T043231_T46SEF,c55cf5ae919b07393e10e196ba1d7e02806d2564b69031245d8c44a44a873d98,2025
AOI-01,COPERNICUS/S2_CLOUD_PROBABILITY/20250803T042709_20250803T043640_T46SEF,20250803T042709_20250803T043640_T46SEF,True,MATCHED,2025-08-10,COPERNICUS/S2_SR_HARMONIZED/20250803T042709_20250803T043640_T46SEF,20250803T042709_20250803T043640_T46SEF,c55cf5ae919b07393e10e196ba1d7e02806d2564b69031245d8c44a44a873d98,2025
AOI-01,COPERNICUS/S2_CLOUD_PROBABILITY/20250803T044241_20250803T044522_T46SEF,20250803T044241_20250803T044522_T46SEF,True,MATCHED,2025-08-10,COPERNICUS/S2_SR_HARMONIZED/20250803T044241_20250803T044522_T46SEF,20250803T044241_20250803T044522_T46SEF,c55cf5ae919b07393e10e196ba1d7e02806d2564b69031245d8c44a44a873d98,2025
AOI-01,COPERNICUS/S2_CLOUD_PROBABILITY/20250808T042721_20250808T042739_T46SEF,20250808T042721_20250808T042739_T46SEF,True,MATCHED,2025-08-10,COPERNICUS/S2_SR_HARMONIZED/20250808T042721_20250808T042739_T46SEF,20250808T042721_20250808T042739_T46SEF,c55cf5ae919b07393e10e196ba1d7e02806d2564b69031245d8c44a44a873d98,2025
AOI-01,COPERNICUS/S2_CLOUD_PROBABILITY/20250811T043721_20250811T043759_T46SEF,20250811T043721_20250811T043759_T46SEF,True,MATCHED,2025-08-10,COPERNICUS/S2_SR_HARMONIZED/20250811T043721_20250811T043759_T46SEF,20250811T043721_20250811T043759_T46SEF,c55cf5ae919b07393e10e196ba1d7e02806d2564b69031245d8c44a44a873d98,2025
AOI-01,COPERNICUS/S2_CLOUD_PROBABILITY/20250813T042709_20250813T043237_T46SEF,20250813T042709_20250813T043237_T46SEF,True,MATCHED,2025-08-10,COPERNICUS/S2_SR_HARMONIZED/20250813T042709_20250813T043237_T46SEF,20250813T042709_20250813T043237_T46SEF,c55cf5ae919b07393e10e196ba1d7e02806d2564b69031245d8c44a44a873d98,2025
AOI-01,COPERNICUS/S2_CLOUD_PROBABILITY/20250818T042721_20250818T043428_T46SEF,20250818T042721_20250818T043428_T46SEF,True,MATCHED,2025-08-10,COPERNICUS/S2_SR_HARMONIZED/20250818T042721_20250818T043428_T46SEF,20250818T042721_20250818T043428_T46SEF,c55cf5ae919b07393e10e196ba1d7e02806d2564b69031245d8c44a44a873d98,2025
AOI-01,COPERNICUS/S2_CLOUD_PROBABILITY/20250820T043231_20250820T043618_T46SEF,20250820T043231_20250820T043618_T46SEF,True,MATCHED,2025-08-10,COPERNICUS/S2_SR_HARMONIZED/20250820T043231_20250820T043618_T46SEF,20250820T043231_20250820T043618_T46SEF,c55cf5ae919b07393e10e196ba1d7e02806d2564b69031245d8c44a44a873d98,2025
AOI-01,COPERNICUS/S2_CLOUD_PROBABILITY/20250821T043721_20250821T044654_T46SEF,20250821T043721_20250821T044654_T46SEF,True,MATCHED,2025-08-10,COPERNICUS/S2_SR_HARMONIZED/20250821T043721_20250821T044654_T46SEF,20250821T043721_20250821T044654_T46SEF,c55cf5ae919b07393e10e196ba1d7e02806d2564b69031245d8c44a44a873d98,2025
AOI-01,COPERNICUS/S2_CLOUD_PROBABILITY/20250823T044231_20250823T044233_T46SEF,20250823T044231_20250823T044233_T46SEF,True,MATCHED,2025-08-10,COPERNICUS/S2_SR_HARMONIZED/20250823T044231_20250823T044233_T46SEF,20250823T044231_20250823T044233_T46SEF,c55cf5ae919b07393e10e196ba1d7e02806d2564b69031245d8c44a44a873d98,2025
AOI-02,COPERNICUS/S2_CLOUD_PROBABILITY/20210707T041551_20210707T042515_T46SGB,20210707T041551_20210707T042515_T46SGB,True,MATCHED,2021-07-20,COPERNICUS/S2_SR_HARMONIZED/20210707T041551_20210707T042515_T46SGB,20210707T041551_20210707T042515_T46SGB,8d50ea6e24b0a67c74e8d3f7d1326757646f0e2c01fb33bb5a90fb83384123ae,2021
AOI-02,COPERNICUS/S2_CLOUD_PROBABILITY/20210707T041551_20210707T042515_T47SKS,20210707T041551_20210707T042515_T47SKS,True,MATCHED,2021-07-20,COPERNICUS/S2_SR_HARMONIZED/20210707T041551_20210707T042515_T47SKS,20210707T041551_20210707T042515_T47SKS,8d50ea6e24b0a67c74e8d3f7d1326757646f0e2c01fb33bb5a90fb83384123ae,2021
AOI-02,COPERNICUS/S2_CLOUD_PROBABILITY/20210712T041549_20210712T042850_T46SGB,20210712T041549_20210712T042850_T46SGB,True,MATCHED,2021-07-20,COPERNICUS/S2_SR_HARMONIZED/20210712T041549_20210712T042850_T46SGB,20210712T041549_20210712T042850_T46SGB,8d50ea6e24b0a67c74e8d3f7d1326757646f0e2c01fb33bb5a90fb83384123ae,2021
AOI-02,COPERNICUS/S2_CLOUD_PROBABILITY/20210712T041549_20210712T042850_T47SKS,20210712T041549_20210712T042850_T47SKS,True,MATCHED,2021-07-20,COPERNICUS/S2_SR_HARMONIZED/20210712T041549_20210712T042850_T47SKS,20210712T041549_20210712T042850_T47SKS,8d50ea6e24b0a67c74e8d3f7d1326757646f0e2c01fb33bb5a90fb83384123ae,2021
AOI-02,COPERNICUS/S2_CLOUD_PROBABILITY/20210717T041551_20210717T042026_T46SGB,20210717T041551_20210717T042026_T46SGB,True,MATCHED,2021-07-20,COPERNICUS/S2_SR_HARMONIZED/20210717T041551_20210717T042026_T46SGB,20210717T041551_20210717T042026_T46SGB,8d50ea6e24b0a67c74e8d3f7d1326757646f0e2c01fb33bb5a90fb83384123ae,2021
AOI-02,COPERNICUS/S2_CLOUD_PROBABILITY/20210717T041551_20210717T042026_T47SKS,20210717T041551_20210717T042026_T47SKS,True,MATCHED,2021-07-20,COPERNICUS/S2_SR_HARMONIZED/20210717T041551_20210717T042026_T47SKS,20210717T041551_20210717T042026_T47SKS,8d50ea6e24b0a67c74e8d3f7d1326757646f0e2c01fb33bb5a90fb83384123ae,2021
AOI-02,COPERNICUS/S2_CLOUD_PROBABILITY/20210722T041549_20210722T041848_T46SGB,20210722T041549_20210722T041848_T46SGB,True,MATCHED,2021-07-20,COPERNICUS/S2_SR_HARMONIZED/20210722T041549_20210722T041848_T46SGB,20210722T041549_20210722T041848_T46SGB,8d50ea6e24b0a67c74e8d3f7d1326757646f0e2c01fb33bb5a90fb83384123ae,2021
AOI-02,COPERNICUS/S2_CLOUD_PROBABILITY/20210722T041549_20210722T041848_T47SKS,20210722T041549_20210722T041848_T47SKS,True,MATCHED,2021-07-20,COPERNICUS/S2_SR_HARMONIZED/20210722T041549_20210722T041848_T47SKS,20210722T041549_20210722T041848_T47SKS,8d50ea6e24b0a67c74e8d3f7d1326757646f0e2c01fb33bb5a90fb83384123ae,2021
AOI-02,COPERNICUS/S2_CLOUD_PROBABILITY/20210727T041551_20210727T042254_T46SGB,20210727T041551_20210727T042254_T46SGB,True,MATCHED,2021-07-20,COPERNICUS/S2_SR_HARMONIZED/20210727T041551_20210727T042254_T46SGB,20210727T041551_20210727T042254_T46SGB,8d50ea6e24b0a67c74e8d3f7d1326757646f0e2c01fb33bb5a90fb83384123ae,2021
AOI-02,COPERNICUS/S2_CLOUD_PROBABILITY/20210727T041551_20210727T042254_T47SKS,20210727T041551_20210727T042254_T47SKS,True,MATCHED,2021-07-20,COPERNICUS/S2_SR_HARMONIZED/20210727T041551_20210727T042254_T47SKS,20210727T041551_20210727T042254_T47SKS,8d50ea6e24b0a67c74e8d3f7d1326757646f0e2c01fb33bb5a90fb83384123ae,2021
AOI-02,COPERNICUS/S2_CLOUD_PROBABILITY/20210801T041549_20210801T041843_T46SGB,20210801T041549_20210801T041843_T46SGB,True,MATCHED,2021-07-20,COPERNICUS/S2_SR_HARMONIZED/20210801T041549_20210801T041843_T46SGB,20210801T041549_20210801T041843_T46SGB,8d50ea6e24b0a67c74e8d3f7d1326757646f0e2c01fb33bb5a90fb83384123ae,2021
AOI-02,COPERNICUS/S2_CLOUD_PROBABILITY/20210801T041549_20210801T041843_T47SKS,20210801T041549_20210801T041843_T47SKS,True,MATCHED,2021-07-20,COPERNICUS/S2_SR_HARMONIZED/20210801T041549_20210801T041843_T47SKS,20210801T041549_20210801T041843_T47SKS,8d50ea6e24b0a67c74e8d3f7d1326757646f0e2c01fb33bb5a90fb83384123ae,2021
AOI-02,,,False,NOT_REQUIRED,2021-07-20,COPERNICUS/S2_SR_HARMONIZED/20210816T041551_20210816T042108_T46SGB,20210816T041551_20210816T042108_T46SGB,8d50ea6e24b0a67c74e8d3f7d1326757646f0e2c01fb33bb5a90fb83384123ae,2021
AOI-02,,,False,NOT_REQUIRED,2021-07-20,COPERNICUS/S2_SR_HARMONIZED/20210816T041551_20210816T042108_T47SKS,20210816T041551_20210816T042108_T47SKS,8d50ea6e24b0a67c74e8d3f7d1326757646f0e2c01fb33bb5a90fb83384123ae,2021
AOI-02,,,False,NOT_REQUIRED,2021-07-20,COPERNICUS/S2_SR_HARMONIZED/20210821T041549_20210821T042808_T46SGB,20210821T041549_20210821T042808_T46SGB,8d50ea6e24b0a67c74e8d3f7d1326757646f0e2c01fb33bb5a90fb83384123ae,2021
AOI-02,,,False,NOT_REQUIRED,2021-07-31,COPERNICUS/S2_SR_HARMONIZED/20210707T041551_20210707T042515_T46SGB,20210707T041551_20210707T042515_T46SGB,f0d38b32a90671b22a675641c292ba108383dd6a79df0c3877ed87bb3d1e4f20,2021
AOI-02,,,False,NOT_REQUIRED,2021-07-31,COPERNICUS/S2_SR_HARMONIZED/20210707T041551_20210707T042515_T47SKS,20210707T041551_20210707T042515_T47SKS,f0d38b32a90671b22a675641c292ba108383dd6a79df0c3877ed87bb3d1e4f20,2021
AOI-02,,,False,NOT_REQUIRED,2021-07-31,COPERNICUS/S2_SR_HARMONIZED/20210712T041549_20210712T042850_T46SGB,20210712T041549_20210712T042850_T46SGB,f0d38b32a90671b22a675641c292ba108383dd6a79df0c3877ed87bb3d1e4f20,2021
AOI-02,,,False,NOT_REQUIRED,2021-07-31,COPERNICUS/S2_SR_HARMONIZED/20210712T041549_20210712T042850_T47SKS,20210712T041549_20210712T042850_T47SKS,f0d38b32a90671b22a675641c292ba108383dd6a79df0c3877ed87bb3d1e4f20,2021
AOI-02,COPERNICUS/S2_CLOUD_PROBABILITY/20210717T041551_20210717T042026_T46SGB,20210717T041551_20210717T042026_T46SGB,True,MATCHED,2021-07-31,COPERNICUS/S2_SR_HARMONIZED/20210717T041551_20210717T042026_T46SGB,20210717T041551_20210717T042026_T46SGB,f0d38b32a90671b22a675641c292ba108383dd6a79df0c3877ed87bb3d1e4f20,2021
AOI-02,COPERNICUS/S2_CLOUD_PROBABILITY/20210717T041551_20210717T042026_T47SKS,20210717T041551_20210717T042026_T47SKS,True,MATCHED,2021-07-31,COPERNICUS/S2_SR_HARMONIZED/20210717T041551_20210717T042026_T47SKS,20210717T041551_20210717T042026_T47SKS,f0d38b32a90671b22a675641c292ba108383dd6a79df0c3877ed87bb3d1e4f20,2021
AOI-02,COPERNICUS/S2_CLOUD_PROBABILITY/20210722T041549_20210722T041848_T46SGB,20210722T041549_20210722T041848_T46SGB,True,MATCHED,2021-07-31,COPERNICUS/S2_SR_HARMONIZED/20210722T041549_20210722T041848_T46SGB,20210722T041549_20210722T041848_T46SGB,f0d38b32a90671b22a675641c292ba108383dd6a79df0c3877ed87bb3d1e4f20,2021
AOI-02,COPERNICUS/S2_CLOUD_PROBABILITY/20210722T041549_20210722T041848_T47SKS,20210722T041549_20210722T041848_T47SKS,True,MATCHED,2021-07-31,COPERNICUS/S2_SR_HARMONIZED/20210722T041549_20210722T041848_T47SKS,20210722T041549_20210722T041848_T47SKS,f0d38b32a90671b22a675641c292ba108383dd6a79df0c3877ed87bb3d1e4f20,2021
AOI-02,COPERNICUS/S2_CLOUD_PROBABILITY/20210727T041551_20210727T042254_T46SGB,20210727T041551_20210727T042254_T46SGB,True,MATCHED,2021-07-31,COPERNICUS/S2_SR_HARMONIZED/20210727T041551_20210727T042254_T46SGB,20210727T041551_20210727T042254_T46SGB,f0d38b32a90671b22a675641c292ba108383dd6a79df0c3877ed87bb3d1e4f20,2021
AOI-02,COPERNICUS/S2_CLOUD_PROBABILITY/20210727T041551_20210727T042254_T47SKS,20210727T041551_20210727T042254_T47SKS,True,MATCHED,2021-07-31,COPERNICUS/S2_SR_HARMONIZED/20210727T041551_20210727T042254_T47SKS,20210727T041551_20210727T042254_T47SKS,f0d38b32a90671b22a675641c292ba108383dd6a79df0c3877ed87bb3d1e4f20,2021
AOI-02,COPERNICUS/S2_CLOUD_PROBABILITY/20210801T041549_20210801T041843_T46SGB,20210801T041549_20210801T041843_T46SGB,True,MATCHED,2021-07-31,COPERNICUS/S2_SR_HARMONIZED/20210801T041549_20210801T041843_T46SGB,20210801T041549_20210801T041843_T46SGB,f0d38b32a90671b22a675641c292ba108383dd6a79df0c3877ed87bb3d1e4f20,2021
AOI-02,COPERNICUS/S2_CLOUD_PROBABILITY/20210801T041549_20210801T041843_T47SKS,20210801T041549_20210801T041843_T47SKS,True,MATCHED,2021-07-31,COPERNICUS/S2_SR_HARMONIZED/20210801T041549_20210801T041843_T47SKS,20210801T041549_20210801T041843_T47SKS,f0d38b32a90671b22a675641c292ba108383dd6a79df0c3877ed87bb3d1e4f20,2021
AOI-02,,,False,NOT_REQUIRED,2021-07-31,COPERNICUS/S2_SR_HARMONIZED/20210816T041551_20210816T042108_T46SGB,20210816T041551_20210816T042108_T46SGB,f0d38b32a90671b22a675641c292ba108383dd6a79df0c3877ed87bb3d1e4f20,2021
AOI-02,,,False,NOT_REQUIRED,2021-07-31,COPERNICUS/S2_SR_HARMONIZED/20210816T041551_20210816T042108_T47SKS,20210816T041551_20210816T042108_T47SKS,f0d38b32a90671b22a675641c292ba108383dd6a79df0c3877ed87bb3d1e4f20,2021
AOI-02,,,False,NOT_REQUIRED,2021-07-31,COPERNICUS/S2_SR_HARMONIZED/20210821T041549_20210821T042808_T46SGB,20210821T041549_20210821T042808_T46SGB,f0d38b32a90671b22a675641c292ba108383dd6a79df0c3877ed87bb3d1e4f20,2021
AOI-02,,,False,NOT_REQUIRED,2021-08-10,COPERNICUS/S2_SR_HARMONIZED/20210707T041551_20210707T042515_T46SGB,20210707T041551_20210707T042515_T46SGB,b0887e8fde5c1866ce1b4b539f64d0ad0b1f3096e00eb73bff2929bb7f8ee11e,2021
AOI-02,,,False,NOT_REQUIRED,2021-08-10,COPERNICUS/S2_SR_HARMONIZED/20210707T041551_20210707T042515_T47SKS,20210707T041551_20210707T042515_T47SKS,b0887e8fde5c1866ce1b4b539f64d0ad0b1f3096e00eb73bff2929bb7f8ee11e,2021
AOI-02,,,False,NOT_REQUIRED,2021-08-10,COPERNICUS/S2_SR_HARMONIZED/20210712T041549_20210712T042850_T46SGB,20210712T041549_20210712T042850_T46SGB,b0887e8fde5c1866ce1b4b539f64d0ad0b1f3096e00eb73bff2929bb7f8ee11e,2021
AOI-02,,,False,NOT_REQUIRED,2021-08-10,COPERNICUS/S2_SR_HARMONIZED/20210712T041549_20210712T042850_T47SKS,20210712T041549_20210712T042850_T47SKS,b0887e8fde5c1866ce1b4b539f64d0ad0b1f3096e00eb73bff2929bb7f8ee11e,2021
AOI-02,,,False,NOT_REQUIRED,2021-08-10,COPERNICUS/S2_SR_HARMONIZED/20210717T041551_20210717T042026_T46SGB,20210717T041551_20210717T042026_T46SGB,b0887e8fde5c1866ce1b4b539f64d0ad0b1f3096e00eb73bff2929bb7f8ee11e,2021
AOI-02,,,False,NOT_REQUIRED,2021-08-10,COPERNICUS/S2_SR_HARMONIZED/20210717T041551_20210717T042026_T47SKS,20210717T041551_20210717T042026_T47SKS,b0887e8fde5c1866ce1b4b539f64d0ad0b1f3096e00eb73bff2929bb7f8ee11e,2021
AOI-02,,,False,NOT_REQUIRED,2021-08-10,COPERNICUS/S2_SR_HARMONIZED/20210722T041549_20210722T041848_T46SGB,20210722T041549_20210722T041848_T46SGB,b0887e8fde5c1866ce1b4b539f64d0ad0b1f3096e00eb73bff2929bb7f8ee11e,2021
AOI-02,,,False,NOT_REQUIRED,2021-08-10,COPERNICUS/S2_SR_HARMONIZED/20210722T041549_20210722T041848_T47SKS,20210722T041549_20210722T041848_T47SKS,b0887e8fde5c1866ce1b4b539f64d0ad0b1f3096e00eb73bff2929bb7f8ee11e,2021
AOI-02,COPERNICUS/S2_CLOUD_PROBABILITY/20210727T041551_20210727T042254_T46SGB,20210727T041551_20210727T042254_T46SGB,True,MATCHED,2021-08-10,COPERNICUS/S2_SR_HARMONIZED/20210727T041551_20210727T042254_T46SGB,20210727T041551_20210727T042254_T46SGB,b0887e8fde5c1866ce1b4b539f64d0ad0b1f3096e00eb73bff2929bb7f8ee11e,2021
AOI-02,COPERNICUS/S2_CLOUD_PROBABILITY/20210727T041551_20210727T042254_T47SKS,20210727T041551_20210727T042254_T47SKS,True,MATCHED,2021-08-10,COPERNICUS/S2_SR_HARMONIZED/20210727T041551_20210727T042254_T47SKS,20210727T041551_20210727T042254_T47SKS,b0887e8fde5c1866ce1b4b539f64d0ad0b1f3096e00eb73bff2929bb7f8ee11e,2021
AOI-02,COPERNICUS/S2_CLOUD_PROBABILITY/20210801T041549_20210801T041843_T46SGB,20210801T041549_20210801T041843_T46SGB,True,MATCHED,2021-08-10,COPERNICUS/S2_SR_HARMONIZED/20210801T041549_20210801T041843_T46SGB,20210801T041549_20210801T041843_T46SGB,b0887e8fde5c1866ce1b4b539f64d0ad0b1f3096e00eb73bff2929bb7f8ee11e,2021
AOI-02,COPERNICUS/S2_CLOUD_PROBABILITY/20210801T041549_20210801T041843_T47SKS,20210801T041549_20210801T041843_T47SKS,True,MATCHED,2021-08-10,COPERNICUS/S2_SR_HARMONIZED/20210801T041549_20210801T041843_T47SKS,20210801T041549_20210801T041843_T47SKS,b0887e8fde5c1866ce1b4b539f64d0ad0b1f3096e00eb73bff2929bb7f8ee11e,2021
AOI-02,COPERNICUS/S2_CLOUD_PROBABILITY/20210816T041551_20210816T042108_T46SGB,20210816T041551_20210816T042108_T46SGB,True,MATCHED,2021-08-10,COPERNICUS/S2_SR_HARMONIZED/20210816T041551_20210816T042108_T46SGB,20210816T041551_20210816T042108_T46SGB,b0887e8fde5c1866ce1b4b539f64d0ad0b1f3096e00eb73bff2929bb7f8ee11e,2021
AOI-02,COPERNICUS/S2_CLOUD_PROBABILITY/20210816T041551_20210816T042108_T47SKS,20210816T041551_20210816T042108_T47SKS,True,MATCHED,2021-08-10,COPERNICUS/S2_SR_HARMONIZED/20210816T041551_20210816T042108_T47SKS,20210816T041551_20210816T042108_T47SKS,b0887e8fde5c1866ce1b4b539f64d0ad0b1f3096e00eb73bff2929bb7f8ee11e,2021
AOI-02,COPERNICUS/S2_CLOUD_PROBABILITY/20210821T041549_20210821T042808_T46SGB,20210821T041549_20210821T042808_T46SGB,True,MATCHED,2021-08-10,COPERNICUS/S2_SR_HARMONIZED/20210821T041549_20210821T042808_T46SGB,20210821T041549_20210821T042808_T46SGB,b0887e8fde5c1866ce1b4b539f64d0ad0b1f3096e00eb73bff2929bb7f8ee11e,2021
AOI-02,COPERNICUS/S2_CLOUD_PROBABILITY/20220707T041559_20220707T042654_T46SGB,20220707T041559_20220707T042654_T46SGB,True,MATCHED,2022-07-20,COPERNICUS/S2_SR_HARMONIZED/20220707T041559_20220707T042654_T46SGB,20220707T041559_20220707T042654_T46SGB,032ca4b345d754d1121b47d58add36fdd3accb23562419663fe6482b12c7ef8a,2022
AOI-02,COPERNICUS/S2_CLOUD_PROBABILITY/20220707T041559_20220707T042654_T47SKS,20220707T041559_20220707T042654_T47SKS,True,MATCHED,2022-07-20,COPERNICUS/S2_SR_HARMONIZED/20220707T041559_20220707T042654_T47SKS,20220707T041559_20220707T042654_T47SKS,032ca4b345d754d1121b47d58add36fdd3accb23562419663fe6482b12c7ef8a,2022
AOI-02,COPERNICUS/S2_CLOUD_PROBABILITY/20220717T041559_20220717T042657_T46SGB,20220717T041559_20220717T042657_T46SGB,True,MATCHED,2022-07-20,COPERNICUS/S2_SR_HARMONIZED/20220717T041559_20220717T042657_T46SGB,20220717T041559_20220717T042657_T46SGB,032ca4b345d754d1121b47d58add36fdd3accb23562419663fe6482b12c7ef8a,2022
AOI-02,COPERNICUS/S2_CLOUD_PROBABILITY/20220717T041559_20220717T042657_T47SKS,20220717T041559_20220717T042657_T47SKS,True,MATCHED,2022-07-20,COPERNICUS/S2_SR_HARMONIZED/20220717T041559_20220717T042657_T47SKS,20220717T041559_20220717T042657_T47SKS,032ca4b345d754d1121b47d58add36fdd3accb23562419663fe6482b12c7ef8a,2022
AOI-02,COPERNICUS/S2_CLOUD_PROBABILITY/20220722T041601_20220722T042653_T46SGB,20220722T041601_20220722T042653_T46SGB,True,MATCHED,2022-07-20,COPERNICUS/S2_SR_HARMONIZED/20220722T041601_20220722T042653_T46SGB,20220722T041601_20220722T042653_T46SGB,032ca4b345d754d1121b47d58add36fdd3accb23562419663fe6482b12c7ef8a,2022
AOI-02,COPERNICUS/S2_CLOUD_PROBABILITY/20220722T041601_20220722T042653_T47SKS,20220722T041601_20220722T042653_T47SKS,True,MATCHED,2022-07-20,COPERNICUS/S2_SR_HARMONIZED/20220722T041601_20220722T042653_T47SKS,20220722T041601_20220722T042653_T47SKS,032ca4b345d754d1121b47d58add36fdd3accb23562419663fe6482b12c7ef8a,2022
AOI-02,COPERNICUS/S2_CLOUD_PROBABILITY/20220727T041559_20220727T042654_T46SGB,20220727T041559_20220727T042654_T46SGB,True,MATCHED,2022-07-20,COPERNICUS/S2_SR_HARMONIZED/20220727T041559_20220727T042654_T46SGB,20220727T041559_20220727T042654_T46SGB,032ca4b345d754d1121b47d58add36fdd3accb23562419663fe6482b12c7ef8a,2022
AOI-02,COPERNICUS/S2_CLOUD_PROBABILITY/20220727T041559_20220727T042654_T47SKS,20220727T041559_20220727T042654_T47SKS,True,MATCHED,2022-07-20,COPERNICUS/S2_SR_HARMONIZED/20220727T041559_20220727T042654_T47SKS,20220727T041559_20220727T042654_T47SKS,032ca4b345d754d1121b47d58add36fdd3accb23562419663fe6482b12c7ef8a,2022
AOI-02,COPERNICUS/S2_CLOUD_PROBABILITY/20220801T041601_20220801T042652_T46SGB,20220801T041601_20220801T042652_T46SGB,True,MATCHED,2022-07-20,COPERNICUS/S2_SR_HARMONIZED/20220801T041601_20220801T042652_T46SGB,20220801T041601_20220801T042652_T46SGB,032ca4b345d754d1121b47d58add36fdd3accb23562419663fe6482b12c7ef8a,2022
AOI-02,COPERNICUS/S2_CLOUD_PROBABILITY/20220801T041601_20220801T042652_T47SKS,20220801T041601_20220801T042652_T47SKS,True,MATCHED,2022-07-20,COPERNICUS/S2_SR_HARMONIZED/20220801T041601_20220801T042652_T47SKS,20220801T041601_20220801T042652_T47SKS,032ca4b345d754d1121b47d58add36fdd3accb23562419663fe6482b12c7ef8a,2022
AOI-02,,,False,NOT_REQUIRED,2022-07-20,COPERNICUS/S2_SR_HARMONIZED/20220806T041559_20220806T042657_T46SGB,20220806T041559_20220806T042657_T46SGB,032ca4b345d754d1121b47d58add36fdd3accb23562419663fe6482b12c7ef8a,2022
AOI-02,,,False,NOT_REQUIRED,2022-07-20,COPERNICUS/S2_SR_HARMONIZED/20220806T041559_20220806T042657_T47SKS,20220806T041559_20220806T042657_T47SKS,032ca4b345d754d1121b47d58add36fdd3accb23562419663fe6482b12c7ef8a,2022
AOI-02,,,False,NOT_REQUIRED,2022-07-20,COPERNICUS/S2_SR_HARMONIZED/20220811T041601_20220811T042223_T46SGB,20220811T041601_20220811T042223_T46SGB,032ca4b345d754d1121b47d58add36fdd3accb23562419663fe6482b12c7ef8a,2022
AOI-02,,,False,NOT_REQUIRED,2022-07-20,COPERNICUS/S2_SR_HARMONIZED/20220811T041601_20220811T042223_T47SKS,20220811T041601_20220811T042223_T47SKS,032ca4b345d754d1121b47d58add36fdd3accb23562419663fe6482b12c7ef8a,2022
AOI-02,,,False,NOT_REQUIRED,2022-07-20,COPERNICUS/S2_SR_HARMONIZED/20220816T041549_20220816T042655_T46SGB,20220816T041549_20220816T042655_T46SGB,032ca4b345d754d1121b47d58add36fdd3accb23562419663fe6482b12c7ef8a,2022
AOI-02,,,False,NOT_REQUIRED,2022-07-20,COPERNICUS/S2_SR_HARMONIZED/20220816T041549_20220816T042655_T47SKS,20220816T041549_20220816T042655_T47SKS,032ca4b345d754d1121b47d58add36fdd3accb23562419663fe6482b12c7ef8a,2022
AOI-02,,,False,NOT_REQUIRED,2022-07-20,COPERNICUS/S2_SR_HARMONIZED/20220821T041601_20220821T042651_T46SGB,20220821T041601_20220821T042651_T46SGB,032ca4b345d754d1121b47d58add36fdd3accb23562419663fe6482b12c7ef8a,2022
AOI-02,,,False,NOT_REQUIRED,2022-07-20,COPERNICUS/S2_SR_HARMONIZED/20220821T041601_20220821T042651_T47SKS,20220821T041601_20220821T042651_T47SKS,032ca4b345d754d1121b47d58add36fdd3accb23562419663fe6482b12c7ef8a,2022
AOI-02,,,False,NOT_REQUIRED,2022-07-31,COPERNICUS/S2_SR_HARMONIZED/20220707T041559_20220707T042654_T46SGB,20220707T041559_20220707T042654_T46SGB,2096375f8bccd975d8768b320d59009aef0127fcb288a78bc950460e88b3aad6,2022
AOI-02,,,False,NOT_REQUIRED,2022-07-31,COPERNICUS/S2_SR_HARMONIZED/20220707T041559_20220707T042654_T47SKS,20220707T041559_20220707T042654_T47SKS,2096375f8bccd975d8768b320d59009aef0127fcb288a78bc950460e88b3aad6,2022
AOI-02,COPERNICUS/S2_CLOUD_PROBABILITY/20220717T041559_20220717T042657_T46SGB,20220717T041559_20220717T042657_T46SGB,True,MATCHED,2022-07-31,COPERNICUS/S2_SR_HARMONIZED/20220717T041559_20220717T042657_T46SGB,20220717T041559_20220717T042657_T46SGB,2096375f8bccd975d8768b320d59009aef0127fcb288a78bc950460e88b3aad6,2022
AOI-02,COPERNICUS/S2_CLOUD_PROBABILITY/20220717T041559_20220717T042657_T47SKS,20220717T041559_20220717T042657_T47SKS,True,MATCHED,2022-07-31,COPERNICUS/S2_SR_HARMONIZED/20220717T041559_20220717T042657_T47SKS,20220717T041559_20220717T042657_T47SKS,2096375f8bccd975d8768b320d59009aef0127fcb288a78bc950460e88b3aad6,2022
AOI-02,COPERNICUS/S2_CLOUD_PROBABILITY/20220722T041601_20220722T042653_T46SGB,20220722T041601_20220722T042653_T46SGB,True,MATCHED,2022-07-31,COPERNICUS/S2_SR_HARMONIZED/20220722T041601_20220722T042653_T46SGB,20220722T041601_20220722T042653_T46SGB,2096375f8bccd975d8768b320d59009aef0127fcb288a78bc950460e88b3aad6,2022
AOI-02,COPERNICUS/S2_CLOUD_PROBABILITY/20220722T041601_20220722T042653_T47SKS,20220722T041601_20220722T042653_T47SKS,True,MATCHED,2022-07-31,COPERNICUS/S2_SR_HARMONIZED/20220722T041601_20220722T042653_T47SKS,20220722T041601_20220722T042653_T47SKS,2096375f8bccd975d8768b320d59009aef0127fcb288a78bc950460e88b3aad6,2022
AOI-02,COPERNICUS/S2_CLOUD_PROBABILITY/20220727T041559_20220727T042654_T46SGB,20220727T041559_20220727T042654_T46SGB,True,MATCHED,2022-07-31,COPERNICUS/S2_SR_HARMONIZED/20220727T041559_20220727T042654_T46SGB,20220727T041559_20220727T042654_T46SGB,2096375f8bccd975d8768b320d59009aef0127fcb288a78bc950460e88b3aad6,2022
AOI-02,COPERNICUS/S2_CLOUD_PROBABILITY/20220727T041559_20220727T042654_T47SKS,20220727T041559_20220727T042654_T47SKS,True,MATCHED,2022-07-31,COPERNICUS/S2_SR_HARMONIZED/20220727T041559_20220727T042654_T47SKS,20220727T041559_20220727T042654_T47SKS,2096375f8bccd975d8768b320d59009aef0127fcb288a78bc950460e88b3aad6,2022
AOI-02,COPERNICUS/S2_CLOUD_PROBABILITY/20220801T041601_20220801T042652_T46SGB,20220801T041601_20220801T042652_T46SGB,True,MATCHED,2022-07-31,COPERNICUS/S2_SR_HARMONIZED/20220801T041601_20220801T042652_T46SGB,20220801T041601_20220801T042652_T46SGB,2096375f8bccd975d8768b320d59009aef0127fcb288a78bc950460e88b3aad6,2022
AOI-02,COPERNICUS/S2_CLOUD_PROBABILITY/20220801T041601_20220801T042652_T47SKS,20220801T041601_20220801T042652_T47SKS,True,MATCHED,2022-07-31,COPERNICUS/S2_SR_HARMONIZED/20220801T041601_20220801T042652_T47SKS,20220801T041601_20220801T042652_T47SKS,2096375f8bccd975d8768b320d59009aef0127fcb288a78bc950460e88b3aad6,2022
AOI-02,COPERNICUS/S2_CLOUD_PROBABILITY/20220806T041559_20220806T042657_T46SGB,20220806T041559_20220806T042657_T46SGB,True,MATCHED,2022-07-31,COPERNICUS/S2_SR_HARMONIZED/20220806T041559_20220806T042657_T46SGB,20220806T041559_20220806T042657_T46SGB,2096375f8bccd975d8768b320d59009aef0127fcb288a78bc950460e88b3aad6,2022
AOI-02,COPERNICUS/S2_CLOUD_PROBABILITY/20220806T041559_20220806T042657_T47SKS,20220806T041559_20220806T042657_T47SKS,True,MATCHED,2022-07-31,COPERNICUS/S2_SR_HARMONIZED/20220806T041559_20220806T042657_T47SKS,20220806T041559_20220806T042657_T47SKS,2096375f8bccd975d8768b320d59009aef0127fcb288a78bc950460e88b3aad6,2022
AOI-02,COPERNICUS/S2_CLOUD_PROBABILITY/20220811T041601_20220811T042223_T46SGB,20220811T041601_20220811T042223_T46SGB,True,MATCHED,2022-07-31,COPERNICUS/S2_SR_HARMONIZED/20220811T041601_20220811T042223_T46SGB,20220811T041601_20220811T042223_T46SGB,2096375f8bccd975d8768b320d59009aef0127fcb288a78bc950460e88b3aad6,2022
AOI-02,COPERNICUS/S2_CLOUD_PROBABILITY/20220811T041601_20220811T042223_T47SKS,20220811T041601_20220811T042223_T47SKS,True,MATCHED,2022-07-31,COPERNICUS/S2_SR_HARMONIZED/20220811T041601_20220811T042223_T47SKS,20220811T041601_20220811T042223_T47SKS,2096375f8bccd975d8768b320d59009aef0127fcb288a78bc950460e88b3aad6,2022
AOI-02,,,False,NOT_REQUIRED,2022-07-31,COPERNICUS/S2_SR_HARMONIZED/20220816T041549_20220816T042655_T46SGB,20220816T041549_20220816T042655_T46SGB,2096375f8bccd975d8768b320d59009aef0127fcb288a78bc950460e88b3aad6,2022
AOI-02,,,False,NOT_REQUIRED,2022-07-31,COPERNICUS/S2_SR_HARMONIZED/20220816T041549_20220816T042655_T47SKS,20220816T041549_20220816T042655_T47SKS,2096375f8bccd975d8768b320d59009aef0127fcb288a78bc950460e88b3aad6,2022
AOI-02,,,False,NOT_REQUIRED,2022-07-31,COPERNICUS/S2_SR_HARMONIZED/20220821T041601_20220821T042651_T46SGB,20220821T041601_20220821T042651_T46SGB,2096375f8bccd975d8768b320d59009aef0127fcb288a78bc950460e88b3aad6,2022
AOI-02,,,False,NOT_REQUIRED,2022-07-31,COPERNICUS/S2_SR_HARMONIZED/20220821T041601_20220821T042651_T47SKS,20220821T041601_20220821T042651_T47SKS,2096375f8bccd975d8768b320d59009aef0127fcb288a78bc950460e88b3aad6,2022
AOI-02,,,False,NOT_REQUIRED,2022-08-10,COPERNICUS/S2_SR_HARMONIZED/20220707T041559_20220707T042654_T46SGB,20220707T041559_20220707T042654_T46SGB,47277f074b7005f7475d8be24c072ea723a459f96640d5f7c10d15d775527066,2022
AOI-02,,,False,NOT_REQUIRED,2022-08-10,COPERNICUS/S2_SR_HARMONIZED/20220707T041559_20220707T042654_T47SKS,20220707T041559_20220707T042654_T47SKS,47277f074b7005f7475d8be24c072ea723a459f96640d5f7c10d15d775527066,2022
AOI-02,,,False,NOT_REQUIRED,2022-08-10,COPERNICUS/S2_SR_HARMONIZED/20220717T041559_20220717T042657_T46SGB,20220717T041559_20220717T042657_T46SGB,47277f074b7005f7475d8be24c072ea723a459f96640d5f7c10d15d775527066,2022
AOI-02,,,False,NOT_REQUIRED,2022-08-10,COPERNICUS/S2_SR_HARMONIZED/20220717T041559_20220717T042657_T47SKS,20220717T041559_20220717T042657_T47SKS,47277f074b7005f7475d8be24c072ea723a459f96640d5f7c10d15d775527066,2022
AOI-02,,,False,NOT_REQUIRED,2022-08-10,COPERNICUS/S2_SR_HARMONIZED/20220722T041601_20220722T042653_T46SGB,20220722T041601_20220722T042653_T46SGB,47277f074b7005f7475d8be24c072ea723a459f96640d5f7c10d15d775527066,2022
AOI-02,,,False,NOT_REQUIRED,2022-08-10,COPERNICUS/S2_SR_HARMONIZED/20220722T041601_20220722T042653_T47SKS,20220722T041601_20220722T042653_T47SKS,47277f074b7005f7475d8be24c072ea723a459f96640d5f7c10d15d775527066,2022
AOI-02,COPERNICUS/S2_CLOUD_PROBABILITY/20220727T041559_20220727T042654_T46SGB,20220727T041559_20220727T042654_T46SGB,True,MATCHED,2022-08-10,COPERNICUS/S2_SR_HARMONIZED/20220727T041559_20220727T042654_T46SGB,20220727T041559_20220727T042654_T46SGB,47277f074b7005f7475d8be24c072ea723a459f96640d5f7c10d15d775527066,2022
AOI-02,COPERNICUS/S2_CLOUD_PROBABILITY/20220727T041559_20220727T042654_T47SKS,20220727T041559_20220727T042654_T47SKS,True,MATCHED,2022-08-10,COPERNICUS/S2_SR_HARMONIZED/20220727T041559_20220727T042654_T47SKS,20220727T041559_20220727T042654_T47SKS,47277f074b7005f7475d8be24c072ea723a459f96640d5f7c10d15d775527066,2022
AOI-02,COPERNICUS/S2_CLOUD_PROBABILITY/20220801T041601_20220801T042652_T46SGB,20220801T041601_20220801T042652_T46SGB,True,MATCHED,2022-08-10,COPERNICUS/S2_SR_HARMONIZED/20220801T041601_20220801T042652_T46SGB,20220801T041601_20220801T042652_T46SGB,47277f074b7005f7475d8be24c072ea723a459f96640d5f7c10d15d775527066,2022
AOI-02,COPERNICUS/S2_CLOUD_PROBABILITY/20220801T041601_20220801T042652_T47SKS,20220801T041601_20220801T042652_T47SKS,True,MATCHED,2022-08-10,COPERNICUS/S2_SR_HARMONIZED/20220801T041601_20220801T042652_T47SKS,20220801T041601_20220801T042652_T47SKS,47277f074b7005f7475d8be24c072ea723a459f96640d5f7c10d15d775527066,2022
AOI-02,COPERNICUS/S2_CLOUD_PROBABILITY/20220806T041559_20220806T042657_T46SGB,20220806T041559_20220806T042657_T46SGB,True,MATCHED,2022-08-10,COPERNICUS/S2_SR_HARMONIZED/20220806T041559_20220806T042657_T46SGB,20220806T041559_20220806T042657_T46SGB,47277f074b7005f7475d8be24c072ea723a459f96640d5f7c10d15d775527066,2022
AOI-02,COPERNICUS/S2_CLOUD_PROBABILITY/20220806T041559_20220806T042657_T47SKS,20220806T041559_20220806T042657_T47SKS,True,MATCHED,2022-08-10,COPERNICUS/S2_SR_HARMONIZED/20220806T041559_20220806T042657_T47SKS,20220806T041559_20220806T042657_T47SKS,47277f074b7005f7475d8be24c072ea723a459f96640d5f7c10d15d775527066,2022
AOI-02,COPERNICUS/S2_CLOUD_PROBABILITY/20220811T041601_20220811T042223_T46SGB,20220811T041601_20220811T042223_T46SGB,True,MATCHED,2022-08-10,COPERNICUS/S2_SR_HARMONIZED/20220811T041601_20220811T042223_T46SGB,20220811T041601_20220811T042223_T46SGB,47277f074b7005f7475d8be24c072ea723a459f96640d5f7c10d15d775527066,2022
AOI-02,COPERNICUS/S2_CLOUD_PROBABILITY/20220811T041601_20220811T042223_T47SKS,20220811T041601_20220811T042223_T47SKS,True,MATCHED,2022-08-10,COPERNICUS/S2_SR_HARMONIZED/20220811T041601_20220811T042223_T47SKS,20220811T041601_20220811T042223_T47SKS,47277f074b7005f7475d8be24c072ea723a459f96640d5f7c10d15d775527066,2022
AOI-02,COPERNICUS/S2_CLOUD_PROBABILITY/20220816T041549_20220816T042655_T46SGB,20220816T041549_20220816T042655_T46SGB,True,MATCHED,2022-08-10,COPERNICUS/S2_SR_HARMONIZED/20220816T041549_20220816T042655_T46SGB,20220816T041549_20220816T042655_T46SGB,47277f074b7005f7475d8be24c072ea723a459f96640d5f7c10d15d775527066,2022
AOI-02,COPERNICUS/S2_CLOUD_PROBABILITY/20220816T041549_20220816T042655_T47SKS,20220816T041549_20220816T042655_T47SKS,True,MATCHED,2022-08-10,COPERNICUS/S2_SR_HARMONIZED/20220816T041549_20220816T042655_T47SKS,20220816T041549_20220816T042655_T47SKS,47277f074b7005f7475d8be24c072ea723a459f96640d5f7c10d15d775527066,2022
AOI-02,COPERNICUS/S2_CLOUD_PROBABILITY/20220821T041601_20220821T042651_T46SGB,20220821T041601_20220821T042651_T46SGB,True,MATCHED,2022-08-10,COPERNICUS/S2_SR_HARMONIZED/20220821T041601_20220821T042651_T46SGB,20220821T041601_20220821T042651_T46SGB,47277f074b7005f7475d8be24c072ea723a459f96640d5f7c10d15d775527066,2022
AOI-02,COPERNICUS/S2_CLOUD_PROBABILITY/20220821T041601_20220821T042651_T47SKS,20220821T041601_20220821T042651_T47SKS,True,MATCHED,2022-08-10,COPERNICUS/S2_SR_HARMONIZED/20220821T041601_20220821T042651_T47SKS,20220821T041601_20220821T042651_T47SKS,47277f074b7005f7475d8be24c072ea723a459f96640d5f7c10d15d775527066,2022
AOI-02,COPERNICUS/S2_CLOUD_PROBABILITY/20230717T041551_20230717T042634_T46SGB,20230717T041551_20230717T042634_T46SGB,True,MATCHED,2023-07-20,COPERNICUS/S2_SR_HARMONIZED/20230717T041551_20230717T042634_T46SGB,20230717T041551_20230717T042634_T46SGB,67211cef149ebf43c2f285c76ae4584453d31119d8f131b7706d5451472908c4,2023
AOI-02,COPERNICUS/S2_CLOUD_PROBABILITY/20230717T041551_20230717T042634_T47SKS,20230717T041551_20230717T042634_T47SKS,True,MATCHED,2023-07-20,COPERNICUS/S2_SR_HARMONIZED/20230717T041551_20230717T042634_T47SKS,20230717T041551_20230717T042634_T47SKS,67211cef149ebf43c2f285c76ae4584453d31119d8f131b7706d5451472908c4,2023
AOI-02,COPERNICUS/S2_CLOUD_PROBABILITY/20230722T041559_20230722T042635_T46SGB,20230722T041559_20230722T042635_T46SGB,True,MATCHED,2023-07-20,COPERNICUS/S2_SR_HARMONIZED/20230722T041559_20230722T042635_T46SGB,20230722T041559_20230722T042635_T46SGB,67211cef149ebf43c2f285c76ae4584453d31119d8f131b7706d5451472908c4,2023
AOI-02,COPERNICUS/S2_CLOUD_PROBABILITY/20230722T041559_20230722T042635_T47SKS,20230722T041559_20230722T042635_T47SKS,True,MATCHED,2023-07-20,COPERNICUS/S2_SR_HARMONIZED/20230722T041559_20230722T042635_T47SKS,20230722T041559_20230722T042635_T47SKS,67211cef149ebf43c2f285c76ae4584453d31119d8f131b7706d5451472908c4,2023
AOI-02,COPERNICUS/S2_CLOUD_PROBABILITY/20230727T041551_20230727T042146_T46SGB,20230727T041551_20230727T042146_T46SGB,True,MATCHED,2023-07-20,COPERNICUS/S2_SR_HARMONIZED/20230727T041551_20230727T042146_T46SGB,20230727T041551_20230727T042146_T46SGB,67211cef149ebf43c2f285c76ae4584453d31119d8f131b7706d5451472908c4,2023
AOI-02,COPERNICUS/S2_CLOUD_PROBABILITY/20230727T041551_20230727T042146_T47SKS,20230727T041551_20230727T042146_T47SKS,True,MATCHED,2023-07-20,COPERNICUS/S2_SR_HARMONIZED/20230727T041551_20230727T042146_T47SKS,20230727T041551_20230727T042146_T47SKS,67211cef149ebf43c2f285c76ae4584453d31119d8f131b7706d5451472908c4,2023
AOI-02,,,False,NOT_REQUIRED,2023-07-20,COPERNICUS/S2_SR_HARMONIZED/20230816T041551_20230816T041720_T47SKS,20230816T041551_20230816T041720_T47SKS,67211cef149ebf43c2f285c76ae4584453d31119d8f131b7706d5451472908c4,2023
AOI-02,,,False,NOT_REQUIRED,2023-07-20,COPERNICUS/S2_SR_HARMONIZED/20230821T041549_20230821T041657_T46SGB,20230821T041549_20230821T041657_T46SGB,67211cef149ebf43c2f285c76ae4584453d31119d8f131b7706d5451472908c4,2023
AOI-02,,,False,NOT_REQUIRED,2023-07-20,COPERNICUS/S2_SR_HARMONIZED/20230821T041549_20230821T041657_T47SKS,20230821T041549_20230821T041657_T47SKS,67211cef149ebf43c2f285c76ae4584453d31119d8f131b7706d5451472908c4,2023
AOI-02,COPERNICUS/S2_CLOUD_PROBABILITY/20230717T041551_20230717T042634_T46SGB,20230717T041551_20230717T042634_T46SGB,True,MATCHED,2023-07-31,COPERNICUS/S2_SR_HARMONIZED/20230717T041551_20230717T042634_T46SGB,20230717T041551_20230717T042634_T46SGB,4ca3db4b868dc7e51d3aece560d3c92a72327a2b8c0338db7dfa6ce3ce99ac12,2023
AOI-02,COPERNICUS/S2_CLOUD_PROBABILITY/20230717T041551_20230717T042634_T47SKS,20230717T041551_20230717T042634_T47SKS,True,MATCHED,2023-07-31,COPERNICUS/S2_SR_HARMONIZED/20230717T041551_20230717T042634_T47SKS,20230717T041551_20230717T042634_T47SKS,4ca3db4b868dc7e51d3aece560d3c92a72327a2b8c0338db7dfa6ce3ce99ac12,2023
AOI-02,COPERNICUS/S2_CLOUD_PROBABILITY/20230722T041559_20230722T042635_T46SGB,20230722T041559_20230722T042635_T46SGB,True,MATCHED,2023-07-31,COPERNICUS/S2_SR_HARMONIZED/20230722T041559_20230722T042635_T46SGB,20230722T041559_20230722T042635_T46SGB,4ca3db4b868dc7e51d3aece560d3c92a72327a2b8c0338db7dfa6ce3ce99ac12,2023
AOI-02,COPERNICUS/S2_CLOUD_PROBABILITY/20230722T041559_20230722T042635_T47SKS,20230722T041559_20230722T042635_T47SKS,True,MATCHED,2023-07-31,COPERNICUS/S2_SR_HARMONIZED/20230722T041559_20230722T042635_T47SKS,20230722T041559_20230722T042635_T47SKS,4ca3db4b868dc7e51d3aece560d3c92a72327a2b8c0338db7dfa6ce3ce99ac12,2023
AOI-02,COPERNICUS/S2_CLOUD_PROBABILITY/20230727T041551_20230727T042146_T46SGB,20230727T041551_20230727T042146_T46SGB,True,MATCHED,2023-07-31,COPERNICUS/S2_SR_HARMONIZED/20230727T041551_20230727T042146_T46SGB,20230727T041551_20230727T042146_T46SGB,4ca3db4b868dc7e51d3aece560d3c92a72327a2b8c0338db7dfa6ce3ce99ac12,2023
AOI-02,COPERNICUS/S2_CLOUD_PROBABILITY/20230727T041551_20230727T042146_T47SKS,20230727T041551_20230727T042146_T47SKS,True,MATCHED,2023-07-31,COPERNICUS/S2_SR_HARMONIZED/20230727T041551_20230727T042146_T47SKS,20230727T041551_20230727T042146_T47SKS,4ca3db4b868dc7e51d3aece560d3c92a72327a2b8c0338db7dfa6ce3ce99ac12,2023
AOI-02,,,False,NOT_REQUIRED,2023-07-31,COPERNICUS/S2_SR_HARMONIZED/20230816T041551_20230816T041720_T47SKS,20230816T041551_20230816T041720_T47SKS,4ca3db4b868dc7e51d3aece560d3c92a72327a2b8c0338db7dfa6ce3ce99ac12,2023
AOI-02,,,False,NOT_REQUIRED,2023-07-31,COPERNICUS/S2_SR_HARMONIZED/20230821T041549_20230821T041657_T46SGB,20230821T041549_20230821T041657_T46SGB,4ca3db4b868dc7e51d3aece560d3c92a72327a2b8c0338db7dfa6ce3ce99ac12,2023
AOI-02,,,False,NOT_REQUIRED,2023-07-31,COPERNICUS/S2_SR_HARMONIZED/20230821T041549_20230821T041657_T47SKS,20230821T041549_20230821T041657_T47SKS,4ca3db4b868dc7e51d3aece560d3c92a72327a2b8c0338db7dfa6ce3ce99ac12,2023
AOI-02,,,False,NOT_REQUIRED,2023-08-10,COPERNICUS/S2_SR_HARMONIZED/20230717T041551_20230717T042634_T46SGB,20230717T041551_20230717T042634_T46SGB,786e5e19c37542aec988f47ffe8adee06203ff81d2462b9851b0a3bcc25409ad,2023
AOI-02,,,False,NOT_REQUIRED,2023-08-10,COPERNICUS/S2_SR_HARMONIZED/20230717T041551_20230717T042634_T47SKS,20230717T041551_20230717T042634_T47SKS,786e5e19c37542aec988f47ffe8adee06203ff81d2462b9851b0a3bcc25409ad,2023
AOI-02,,,False,NOT_REQUIRED,2023-08-10,COPERNICUS/S2_SR_HARMONIZED/20230722T041559_20230722T042635_T46SGB,20230722T041559_20230722T042635_T46SGB,786e5e19c37542aec988f47ffe8adee06203ff81d2462b9851b0a3bcc25409ad,2023
AOI-02,,,False,NOT_REQUIRED,2023-08-10,COPERNICUS/S2_SR_HARMONIZED/20230722T041559_20230722T042635_T47SKS,20230722T041559_20230722T042635_T47SKS,786e5e19c37542aec988f47ffe8adee06203ff81d2462b9851b0a3bcc25409ad,2023
AOI-02,COPERNICUS/S2_CLOUD_PROBABILITY/20230727T041551_20230727T042146_T46SGB,20230727T041551_20230727T042146_T46SGB,True,MATCHED,2023-08-10,COPERNICUS/S2_SR_HARMONIZED/20230727T041551_20230727T042146_T46SGB,20230727T041551_20230727T042146_T46SGB,786e5e19c37542aec988f47ffe8adee06203ff81d2462b9851b0a3bcc25409ad,2023
AOI-02,COPERNICUS/S2_CLOUD_PROBABILITY/20230727T041551_20230727T042146_T47SKS,20230727T041551_20230727T042146_T47SKS,True,MATCHED,2023-08-10,COPERNICUS/S2_SR_HARMONIZED/20230727T041551_20230727T042146_T47SKS,20230727T041551_20230727T042146_T47SKS,786e5e19c37542aec988f47ffe8adee06203ff81d2462b9851b0a3bcc25409ad,2023
AOI-02,COPERNICUS/S2_CLOUD_PROBABILITY/20230816T041551_20230816T041720_T47SKS,20230816T041551_20230816T041720_T47SKS,True,MATCHED,2023-08-10,COPERNICUS/S2_SR_HARMONIZED/20230816T041551_20230816T041720_T47SKS,20230816T041551_20230816T041720_T47SKS,786e5e19c37542aec988f47ffe8adee06203ff81d2462b9851b0a3bcc25409ad,2023
AOI-02,COPERNICUS/S2_CLOUD_PROBABILITY/20230821T041549_20230821T041657_T46SGB,20230821T041549_20230821T041657_T46SGB,True,MATCHED,2023-08-10,COPERNICUS/S2_SR_HARMONIZED/20230821T041549_20230821T041657_T46SGB,20230821T041549_20230821T041657_T46SGB,786e5e19c37542aec988f47ffe8adee06203ff81d2462b9851b0a3bcc25409ad,2023
AOI-02,COPERNICUS/S2_CLOUD_PROBABILITY/20230821T041549_20230821T041657_T47SKS,20230821T041549_20230821T041657_T47SKS,True,MATCHED,2023-08-10,COPERNICUS/S2_SR_HARMONIZED/20230821T041549_20230821T041657_T47SKS,20230821T041549_20230821T041657_T47SKS,786e5e19c37542aec988f47ffe8adee06203ff81d2462b9851b0a3bcc25409ad,2023
AOI-02,COPERNICUS/S2_CLOUD_PROBABILITY/20240711T041551_20240711T042049_T46SGB,20240711T041551_20240711T042049_T46SGB,True,MATCHED,2024-07-20,COPERNICUS/S2_SR_HARMONIZED/20240711T041551_20240711T042049_T46SGB,20240711T041551_20240711T042049_T46SGB,45d21a49c620d941b472ee57a2aa142e210f130ff9d94be66d5e3142dd6d16ae,2024
AOI-02,COPERNICUS/S2_CLOUD_PROBABILITY/20240711T041551_20240711T042049_T47SKS,20240711T041551_20240711T042049_T47SKS,True,MATCHED,2024-07-20,COPERNICUS/S2_SR_HARMONIZED/20240711T041551_20240711T042049_T47SKS,20240711T041551_20240711T042049_T47SKS,45d21a49c620d941b472ee57a2aa142e210f130ff9d94be66d5e3142dd6d16ae,2024
AOI-02,COPERNICUS/S2_CLOUD_PROBABILITY/20240716T041549_20240716T042810_T46SGB,20240716T041549_20240716T042810_T46SGB,True,MATCHED,2024-07-20,COPERNICUS/S2_SR_HARMONIZED/20240716T041549_20240716T042810_T46SGB,20240716T041549_20240716T042810_T46SGB,45d21a49c620d941b472ee57a2aa142e210f130ff9d94be66d5e3142dd6d16ae,2024
AOI-02,COPERNICUS/S2_CLOUD_PROBABILITY/20240716T041549_20240716T042810_T47SKS,20240716T041549_20240716T042810_T47SKS,True,MATCHED,2024-07-20,COPERNICUS/S2_SR_HARMONIZED/20240716T041549_20240716T042810_T47SKS,20240716T041549_20240716T042810_T47SKS,45d21a49c620d941b472ee57a2aa142e210f130ff9d94be66d5e3142dd6d16ae,2024
AOI-02,COPERNICUS/S2_CLOUD_PROBABILITY/20240721T041551_20240721T042620_T46SGB,20240721T041551_20240721T042620_T46SGB,True,MATCHED,2024-07-20,COPERNICUS/S2_SR_HARMONIZED/20240721T041551_20240721T042620_T46SGB,20240721T041551_20240721T042620_T46SGB,45d21a49c620d941b472ee57a2aa142e210f130ff9d94be66d5e3142dd6d16ae,2024
AOI-02,COPERNICUS/S2_CLOUD_PROBABILITY/20240731T041551_20240731T042401_T46SGB,20240731T041551_20240731T042401_T46SGB,True,MATCHED,2024-07-20,COPERNICUS/S2_SR_HARMONIZED/20240731T041551_20240731T042401_T46SGB,20240731T041551_20240731T042401_T46SGB,45d21a49c620d941b472ee57a2aa142e210f130ff9d94be66d5e3142dd6d16ae,2024
AOI-02,COPERNICUS/S2_CLOUD_PROBABILITY/20240731T041551_20240731T042401_T47SKS,20240731T041551_20240731T042401_T47SKS,True,MATCHED,2024-07-20,COPERNICUS/S2_SR_HARMONIZED/20240731T041551_20240731T042401_T47SKS,20240731T041551_20240731T042401_T47SKS,45d21a49c620d941b472ee57a2aa142e210f130ff9d94be66d5e3142dd6d16ae,2024
AOI-02,,,False,NOT_REQUIRED,2024-07-20,COPERNICUS/S2_SR_HARMONIZED/20240805T041549_20240805T042758_T46SGB,20240805T041549_20240805T042758_T46SGB,45d21a49c620d941b472ee57a2aa142e210f130ff9d94be66d5e3142dd6d16ae,2024
AOI-02,,,False,NOT_REQUIRED,2024-07-20,COPERNICUS/S2_SR_HARMONIZED/20240805T041549_20240805T042758_T47SKS,20240805T041549_20240805T042758_T47SKS,45d21a49c620d941b472ee57a2aa142e210f130ff9d94be66d5e3142dd6d16ae,2024
AOI-02,,,False,NOT_REQUIRED,2024-07-20,COPERNICUS/S2_SR_HARMONIZED/20240810T041551_20240810T041903_T46SGB,20240810T041551_20240810T041903_T46SGB,45d21a49c620d941b472ee57a2aa142e210f130ff9d94be66d5e3142dd6d16ae,2024
AOI-02,,,False,NOT_REQUIRED,2024-07-20,COPERNICUS/S2_SR_HARMONIZED/20240810T041551_20240810T041903_T47SKS,20240810T041551_20240810T041903_T47SKS,45d21a49c620d941b472ee57a2aa142e210f130ff9d94be66d5e3142dd6d16ae,2024
AOI-02,,,False,NOT_REQUIRED,2024-07-20,COPERNICUS/S2_SR_HARMONIZED/20240815T041549_20240815T041833_T46SGB,20240815T041549_20240815T041833_T46SGB,45d21a49c620d941b472ee57a2aa142e210f130ff9d94be66d5e3142dd6d16ae,2024
AOI-02,,,False,NOT_REQUIRED,2024-07-20,COPERNICUS/S2_SR_HARMONIZED/20240815T041549_20240815T041833_T47SKS,20240815T041549_20240815T041833_T47SKS,45d21a49c620d941b472ee57a2aa142e210f130ff9d94be66d5e3142dd6d16ae,2024
AOI-02,,,False,NOT_REQUIRED,2024-07-20,COPERNICUS/S2_SR_HARMONIZED/20240820T041551_20240820T042009_T46SGB,20240820T041551_20240820T042009_T46SGB,45d21a49c620d941b472ee57a2aa142e210f130ff9d94be66d5e3142dd6d16ae,2024
AOI-02,,,False,NOT_REQUIRED,2024-07-20,COPERNICUS/S2_SR_HARMONIZED/20240820T041551_20240820T042009_T47SKS,20240820T041551_20240820T042009_T47SKS,45d21a49c620d941b472ee57a2aa142e210f130ff9d94be66d5e3142dd6d16ae,2024
AOI-02,,,False,NOT_REQUIRED,2024-07-20,COPERNICUS/S2_SR_HARMONIZED/20240825T041549_20240825T041812_T46SGB,20240825T041549_20240825T041812_T46SGB,45d21a49c620d941b472ee57a2aa142e210f130ff9d94be66d5e3142dd6d16ae,2024
AOI-02,,,False,NOT_REQUIRED,2024-07-20,COPERNICUS/S2_SR_HARMONIZED/20240825T041549_20240825T041812_T47SKS,20240825T041549_20240825T041812_T47SKS,45d21a49c620d941b472ee57a2aa142e210f130ff9d94be66d5e3142dd6d16ae,2024
AOI-02,,,False,NOT_REQUIRED,2024-07-31,COPERNICUS/S2_SR_HARMONIZED/20240711T041551_20240711T042049_T46SGB,20240711T041551_20240711T042049_T46SGB,52eb905638b7e2398d74b90939c524e31cae6f4ac1e09e43f89a5ae5d2f7e2e1,2024
AOI-02,,,False,NOT_REQUIRED,2024-07-31,COPERNICUS/S2_SR_HARMONIZED/20240711T041551_20240711T042049_T47SKS,20240711T041551_20240711T042049_T47SKS,52eb905638b7e2398d74b90939c524e31cae6f4ac1e09e43f89a5ae5d2f7e2e1,2024
AOI-02,COPERNICUS/S2_CLOUD_PROBABILITY/20240716T041549_20240716T042810_T46SGB,20240716T041549_20240716T042810_T46SGB,True,MATCHED,2024-07-31,COPERNICUS/S2_SR_HARMONIZED/20240716T041549_20240716T042810_T46SGB,20240716T041549_20240716T042810_T46SGB,52eb905638b7e2398d74b90939c524e31cae6f4ac1e09e43f89a5ae5d2f7e2e1,2024
AOI-02,COPERNICUS/S2_CLOUD_PROBABILITY/20240716T041549_20240716T042810_T47SKS,20240716T041549_20240716T042810_T47SKS,True,MATCHED,2024-07-31,COPERNICUS/S2_SR_HARMONIZED/20240716T041549_20240716T042810_T47SKS,20240716T041549_20240716T042810_T47SKS,52eb905638b7e2398d74b90939c524e31cae6f4ac1e09e43f89a5ae5d2f7e2e1,2024
AOI-02,COPERNICUS/S2_CLOUD_PROBABILITY/20240721T041551_20240721T042620_T46SGB,20240721T041551_20240721T042620_T46SGB,True,MATCHED,2024-07-31,COPERNICUS/S2_SR_HARMONIZED/20240721T041551_20240721T042620_T46SGB,20240721T041551_20240721T042620_T46SGB,52eb905638b7e2398d74b90939c524e31cae6f4ac1e09e43f89a5ae5d2f7e2e1,2024
AOI-02,COPERNICUS/S2_CLOUD_PROBABILITY/20240731T041551_20240731T042401_T46SGB,20240731T041551_20240731T042401_T46SGB,True,MATCHED,2024-07-31,COPERNICUS/S2_SR_HARMONIZED/20240731T041551_20240731T042401_T46SGB,20240731T041551_20240731T042401_T46SGB,52eb905638b7e2398d74b90939c524e31cae6f4ac1e09e43f89a5ae5d2f7e2e1,2024
AOI-02,COPERNICUS/S2_CLOUD_PROBABILITY/20240731T041551_20240731T042401_T47SKS,20240731T041551_20240731T042401_T47SKS,True,MATCHED,2024-07-31,COPERNICUS/S2_SR_HARMONIZED/20240731T041551_20240731T042401_T47SKS,20240731T041551_20240731T042401_T47SKS,52eb905638b7e2398d74b90939c524e31cae6f4ac1e09e43f89a5ae5d2f7e2e1,2024
AOI-02,COPERNICUS/S2_CLOUD_PROBABILITY/20240805T041549_20240805T042758_T46SGB,20240805T041549_20240805T042758_T46SGB,True,MATCHED,2024-07-31,COPERNICUS/S2_SR_HARMONIZED/20240805T041549_20240805T042758_T46SGB,20240805T041549_20240805T042758_T46SGB,52eb905638b7e2398d74b90939c524e31cae6f4ac1e09e43f89a5ae5d2f7e2e1,2024
AOI-02,COPERNICUS/S2_CLOUD_PROBABILITY/20240805T041549_20240805T042758_T47SKS,20240805T041549_20240805T042758_T47SKS,True,MATCHED,2024-07-31,COPERNICUS/S2_SR_HARMONIZED/20240805T041549_20240805T042758_T47SKS,20240805T041549_20240805T042758_T47SKS,52eb905638b7e2398d74b90939c524e31cae6f4ac1e09e43f89a5ae5d2f7e2e1,2024
AOI-02,COPERNICUS/S2_CLOUD_PROBABILITY/20240810T041551_20240810T041903_T46SGB,20240810T041551_20240810T041903_T46SGB,True,MATCHED,2024-07-31,COPERNICUS/S2_SR_HARMONIZED/20240810T041551_20240810T041903_T46SGB,20240810T041551_20240810T041903_T46SGB,52eb905638b7e2398d74b90939c524e31cae6f4ac1e09e43f89a5ae5d2f7e2e1,2024
AOI-02,COPERNICUS/S2_CLOUD_PROBABILITY/20240810T041551_20240810T041903_T47SKS,20240810T041551_20240810T041903_T47SKS,True,MATCHED,2024-07-31,COPERNICUS/S2_SR_HARMONIZED/20240810T041551_20240810T041903_T47SKS,20240810T041551_20240810T041903_T47SKS,52eb905638b7e2398d74b90939c524e31cae6f4ac1e09e43f89a5ae5d2f7e2e1,2024
AOI-02,COPERNICUS/S2_CLOUD_PROBABILITY/20240815T041549_20240815T041833_T46SGB,20240815T041549_20240815T041833_T46SGB,True,MATCHED,2024-07-31,COPERNICUS/S2_SR_HARMONIZED/20240815T041549_20240815T041833_T46SGB,20240815T041549_20240815T041833_T46SGB,52eb905638b7e2398d74b90939c524e31cae6f4ac1e09e43f89a5ae5d2f7e2e1,2024
AOI-02,COPERNICUS/S2_CLOUD_PROBABILITY/20240815T041549_20240815T041833_T47SKS,20240815T041549_20240815T041833_T47SKS,True,MATCHED,2024-07-31,COPERNICUS/S2_SR_HARMONIZED/20240815T041549_20240815T041833_T47SKS,20240815T041549_20240815T041833_T47SKS,52eb905638b7e2398d74b90939c524e31cae6f4ac1e09e43f89a5ae5d2f7e2e1,2024
AOI-02,,,False,NOT_REQUIRED,2024-07-31,COPERNICUS/S2_SR_HARMONIZED/20240820T041551_20240820T042009_T46SGB,20240820T041551_20240820T042009_T46SGB,52eb905638b7e2398d74b90939c524e31cae6f4ac1e09e43f89a5ae5d2f7e2e1,2024
AOI-02,,,False,NOT_REQUIRED,2024-07-31,COPERNICUS/S2_SR_HARMONIZED/20240820T041551_20240820T042009_T47SKS,20240820T041551_20240820T042009_T47SKS,52eb905638b7e2398d74b90939c524e31cae6f4ac1e09e43f89a5ae5d2f7e2e1,2024
AOI-02,,,False,NOT_REQUIRED,2024-07-31,COPERNICUS/S2_SR_HARMONIZED/20240825T041549_20240825T041812_T46SGB,20240825T041549_20240825T041812_T46SGB,52eb905638b7e2398d74b90939c524e31cae6f4ac1e09e43f89a5ae5d2f7e2e1,2024
AOI-02,,,False,NOT_REQUIRED,2024-07-31,COPERNICUS/S2_SR_HARMONIZED/20240825T041549_20240825T041812_T47SKS,20240825T041549_20240825T041812_T47SKS,52eb905638b7e2398d74b90939c524e31cae6f4ac1e09e43f89a5ae5d2f7e2e1,2024
AOI-02,,,False,NOT_REQUIRED,2024-08-10,COPERNICUS/S2_SR_HARMONIZED/20240711T041551_20240711T042049_T46SGB,20240711T041551_20240711T042049_T46SGB,a27732b81d6361fad925697efeb420588ba4a7a53a4e33899450fa520a8c5257,2024
AOI-02,,,False,NOT_REQUIRED,2024-08-10,COPERNICUS/S2_SR_HARMONIZED/20240711T041551_20240711T042049_T47SKS,20240711T041551_20240711T042049_T47SKS,a27732b81d6361fad925697efeb420588ba4a7a53a4e33899450fa520a8c5257,2024
AOI-02,,,False,NOT_REQUIRED,2024-08-10,COPERNICUS/S2_SR_HARMONIZED/20240716T041549_20240716T042810_T46SGB,20240716T041549_20240716T042810_T46SGB,a27732b81d6361fad925697efeb420588ba4a7a53a4e33899450fa520a8c5257,2024
AOI-02,,,False,NOT_REQUIRED,2024-08-10,COPERNICUS/S2_SR_HARMONIZED/20240716T041549_20240716T042810_T47SKS,20240716T041549_20240716T042810_T47SKS,a27732b81d6361fad925697efeb420588ba4a7a53a4e33899450fa520a8c5257,2024
AOI-02,,,False,NOT_REQUIRED,2024-08-10,COPERNICUS/S2_SR_HARMONIZED/20240721T041551_20240721T042620_T46SGB,20240721T041551_20240721T042620_T46SGB,a27732b81d6361fad925697efeb420588ba4a7a53a4e33899450fa520a8c5257,2024
AOI-02,COPERNICUS/S2_CLOUD_PROBABILITY/20240731T041551_20240731T042401_T46SGB,20240731T041551_20240731T042401_T46SGB,True,MATCHED,2024-08-10,COPERNICUS/S2_SR_HARMONIZED/20240731T041551_20240731T042401_T46SGB,20240731T041551_20240731T042401_T46SGB,a27732b81d6361fad925697efeb420588ba4a7a53a4e33899450fa520a8c5257,2024
AOI-02,COPERNICUS/S2_CLOUD_PROBABILITY/20240731T041551_20240731T042401_T47SKS,20240731T041551_20240731T042401_T47SKS,True,MATCHED,2024-08-10,COPERNICUS/S2_SR_HARMONIZED/20240731T041551_20240731T042401_T47SKS,20240731T041551_20240731T042401_T47SKS,a27732b81d6361fad925697efeb420588ba4a7a53a4e33899450fa520a8c5257,2024
AOI-02,COPERNICUS/S2_CLOUD_PROBABILITY/20240805T041549_20240805T042758_T46SGB,20240805T041549_20240805T042758_T46SGB,True,MATCHED,2024-08-10,COPERNICUS/S2_SR_HARMONIZED/20240805T041549_20240805T042758_T46SGB,20240805T041549_20240805T042758_T46SGB,a27732b81d6361fad925697efeb420588ba4a7a53a4e33899450fa520a8c5257,2024
AOI-02,COPERNICUS/S2_CLOUD_PROBABILITY/20240805T041549_20240805T042758_T47SKS,20240805T041549_20240805T042758_T47SKS,True,MATCHED,2024-08-10,COPERNICUS/S2_SR_HARMONIZED/20240805T041549_20240805T042758_T47SKS,20240805T041549_20240805T042758_T47SKS,a27732b81d6361fad925697efeb420588ba4a7a53a4e33899450fa520a8c5257,2024
AOI-02,COPERNICUS/S2_CLOUD_PROBABILITY/20240810T041551_20240810T041903_T46SGB,20240810T041551_20240810T041903_T46SGB,True,MATCHED,2024-08-10,COPERNICUS/S2_SR_HARMONIZED/20240810T041551_20240810T041903_T46SGB,20240810T041551_20240810T041903_T46SGB,a27732b81d6361fad925697efeb420588ba4a7a53a4e33899450fa520a8c5257,2024
AOI-02,COPERNICUS/S2_CLOUD_PROBABILITY/20240810T041551_20240810T041903_T47SKS,20240810T041551_20240810T041903_T47SKS,True,MATCHED,2024-08-10,COPERNICUS/S2_SR_HARMONIZED/20240810T041551_20240810T041903_T47SKS,20240810T041551_20240810T041903_T47SKS,a27732b81d6361fad925697efeb420588ba4a7a53a4e33899450fa520a8c5257,2024
AOI-02,COPERNICUS/S2_CLOUD_PROBABILITY/20240815T041549_20240815T041833_T46SGB,20240815T041549_20240815T041833_T46SGB,True,MATCHED,2024-08-10,COPERNICUS/S2_SR_HARMONIZED/20240815T041549_20240815T041833_T46SGB,20240815T041549_20240815T041833_T46SGB,a27732b81d6361fad925697efeb420588ba4a7a53a4e33899450fa520a8c5257,2024
AOI-02,COPERNICUS/S2_CLOUD_PROBABILITY/20240815T041549_20240815T041833_T47SKS,20240815T041549_20240815T041833_T47SKS,True,MATCHED,2024-08-10,COPERNICUS/S2_SR_HARMONIZED/20240815T041549_20240815T041833_T47SKS,20240815T041549_20240815T041833_T47SKS,a27732b81d6361fad925697efeb420588ba4a7a53a4e33899450fa520a8c5257,2024
AOI-02,COPERNICUS/S2_CLOUD_PROBABILITY/20240820T041551_20240820T042009_T46SGB,20240820T041551_20240820T042009_T46SGB,True,MATCHED,2024-08-10,COPERNICUS/S2_SR_HARMONIZED/20240820T041551_20240820T042009_T46SGB,20240820T041551_20240820T042009_T46SGB,a27732b81d6361fad925697efeb420588ba4a7a53a4e33899450fa520a8c5257,2024
AOI-02,COPERNICUS/S2_CLOUD_PROBABILITY/20240820T041551_20240820T042009_T47SKS,20240820T041551_20240820T042009_T47SKS,True,MATCHED,2024-08-10,COPERNICUS/S2_SR_HARMONIZED/20240820T041551_20240820T042009_T47SKS,20240820T041551_20240820T042009_T47SKS,a27732b81d6361fad925697efeb420588ba4a7a53a4e33899450fa520a8c5257,2024
AOI-02,COPERNICUS/S2_CLOUD_PROBABILITY/20240825T041549_20240825T041812_T46SGB,20240825T041549_20240825T041812_T46SGB,True,MATCHED,2024-08-10,COPERNICUS/S2_SR_HARMONIZED/20240825T041549_20240825T041812_T46SGB,20240825T041549_20240825T041812_T46SGB,a27732b81d6361fad925697efeb420588ba4a7a53a4e33899450fa520a8c5257,2024
AOI-02,COPERNICUS/S2_CLOUD_PROBABILITY/20240825T041549_20240825T041812_T47SKS,20240825T041549_20240825T041812_T47SKS,True,MATCHED,2024-08-10,COPERNICUS/S2_SR_HARMONIZED/20240825T041549_20240825T041812_T47SKS,20240825T041549_20240825T041812_T47SKS,a27732b81d6361fad925697efeb420588ba4a7a53a4e33899450fa520a8c5257,2024
AOI-02,COPERNICUS/S2_CLOUD_PROBABILITY/20250706T041611_20250706T041914_T46SGB,20250706T041611_20250706T041914_T46SGB,True,MATCHED,2025-07-20,COPERNICUS/S2_SR_HARMONIZED/20250706T041611_20250706T041914_T46SGB,20250706T041611_20250706T041914_T46SGB,989c589c11c351a7d99bdd331191931e18faf2c6d491fb484c744a7b7c0c3156,2025
AOI-02,COPERNICUS/S2_CLOUD_PROBABILITY/20250706T041611_20250706T041914_T47SKS,20250706T041611_20250706T041914_T47SKS,True,MATCHED,2025-07-20,COPERNICUS/S2_SR_HARMONIZED/20250706T041611_20250706T041914_T47SKS,20250706T041611_20250706T041914_T47SKS,989c589c11c351a7d99bdd331191931e18faf2c6d491fb484c744a7b7c0c3156,2025
AOI-02,COPERNICUS/S2_CLOUD_PROBABILITY/20250708T042221_20250708T042224_T46SGB,20250708T042221_20250708T042224_T46SGB,True,MATCHED,2025-07-20,COPERNICUS/S2_SR_HARMONIZED/20250708T042221_20250708T042224_T46SGB,20250708T042221_20250708T042224_T46SGB,989c589c11c351a7d99bdd331191931e18faf2c6d491fb484c744a7b7c0c3156,2025
AOI-02,COPERNICUS/S2_CLOUD_PROBABILITY/20250708T042221_20250708T042224_T47SKS,20250708T042221_20250708T042224_T47SKS,True,MATCHED,2025-07-20,COPERNICUS/S2_SR_HARMONIZED/20250708T042221_20250708T042224_T47SKS,20250708T042221_20250708T042224_T47SKS,989c589c11c351a7d99bdd331191931e18faf2c6d491fb484c744a7b7c0c3156,2025
AOI-02,COPERNICUS/S2_CLOUD_PROBABILITY/20250711T041549_20250711T042427_T46SGB,20250711T041549_20250711T042427_T46SGB,True,MATCHED,2025-07-20,COPERNICUS/S2_SR_HARMONIZED/20250711T041549_20250711T042427_T46SGB,20250711T041549_20250711T042427_T46SGB,989c589c11c351a7d99bdd331191931e18faf2c6d491fb484c744a7b7c0c3156,2025
AOI-02,COPERNICUS/S2_CLOUD_PROBABILITY/20250711T041549_20250711T042427_T47SKS,20250711T041549_20250711T042427_T47SKS,True,MATCHED,2025-07-20,COPERNICUS/S2_SR_HARMONIZED/20250711T041549_20250711T042427_T47SKS,20250711T041549_20250711T042427_T47SKS,989c589c11c351a7d99bdd331191931e18faf2c6d491fb484c744a7b7c0c3156,2025
AOI-02,COPERNICUS/S2_CLOUD_PROBABILITY/20250716T041611_20250716T042429_T46SGB,20250716T041611_20250716T042429_T46SGB,True,MATCHED,2025-07-20,COPERNICUS/S2_SR_HARMONIZED/20250716T041611_20250716T042429_T46SGB,20250716T041611_20250716T042429_T46SGB,989c589c11c351a7d99bdd331191931e18faf2c6d491fb484c744a7b7c0c3156,2025
AOI-02,COPERNICUS/S2_CLOUD_PROBABILITY/20250716T041611_20250716T042429_T47SKS,20250716T041611_20250716T042429_T47SKS,True,MATCHED,2025-07-20,COPERNICUS/S2_SR_HARMONIZED/20250716T041611_20250716T042429_T47SKS,20250716T041611_20250716T042429_T47SKS,989c589c11c351a7d99bdd331191931e18faf2c6d491fb484c744a7b7c0c3156,2025
AOI-02,COPERNICUS/S2_CLOUD_PROBABILITY/20250721T041549_20250721T042534_T46SGB,20250721T041549_20250721T042534_T46SGB,True,MATCHED,2025-07-20,COPERNICUS/S2_SR_HARMONIZED/20250721T041549_20250721T042534_T46SGB,20250721T041549_20250721T042534_T46SGB,989c589c11c351a7d99bdd331191931e18faf2c6d491fb484c744a7b7c0c3156,2025
AOI-02,COPERNICUS/S2_CLOUD_PROBABILITY/20250721T041549_20250721T042534_T47SKS,20250721T041549_20250721T042534_T47SKS,True,MATCHED,2025-07-20,COPERNICUS/S2_SR_HARMONIZED/20250721T041549_20250721T042534_T47SKS,20250721T041549_20250721T042534_T47SKS,989c589c11c351a7d99bdd331191931e18faf2c6d491fb484c744a7b7c0c3156,2025
AOI-02,COPERNICUS/S2_CLOUD_PROBABILITY/20250728T042221_20250728T042224_T46SGB,20250728T042221_20250728T042224_T46SGB,True,MATCHED,2025-07-20,COPERNICUS/S2_SR_HARMONIZED/20250728T042221_20250728T042224_T46SGB,20250728T042221_20250728T042224_T46SGB,989c589c11c351a7d99bdd331191931e18faf2c6d491fb484c744a7b7c0c3156,2025
AOI-02,COPERNICUS/S2_CLOUD_PROBABILITY/20250728T042221_20250728T042224_T47SKS,20250728T042221_20250728T042224_T47SKS,True,MATCHED,2025-07-20,COPERNICUS/S2_SR_HARMONIZED/20250728T042221_20250728T042224_T47SKS,20250728T042221_20250728T042224_T47SKS,989c589c11c351a7d99bdd331191931e18faf2c6d491fb484c744a7b7c0c3156,2025
AOI-02,COPERNICUS/S2_CLOUD_PROBABILITY/20250731T041549_20250731T042220_T46SGB,20250731T041549_20250731T042220_T46SGB,True,MATCHED,2025-07-20,COPERNICUS/S2_SR_HARMONIZED/20250731T041549_20250731T042220_T46SGB,20250731T041549_20250731T042220_T46SGB,989c589c11c351a7d99bdd331191931e18faf2c6d491fb484c744a7b7c0c3156,2025
AOI-02,,,False,NOT_REQUIRED,2025-07-20,COPERNICUS/S2_SR_HARMONIZED/20250805T041611_20250805T041838_T46SGB,20250805T041611_20250805T041838_T46SGB,989c589c11c351a7d99bdd331191931e18faf2c6d491fb484c744a7b7c0c3156,2025
AOI-02,,,False,NOT_REQUIRED,2025-07-20,COPERNICUS/S2_SR_HARMONIZED/20250805T041611_20250805T041838_T47SKS,20250805T041611_20250805T041838_T47SKS,989c589c11c351a7d99bdd331191931e18faf2c6d491fb484c744a7b7c0c3156,2025
AOI-02,,,False,NOT_REQUIRED,2025-07-20,COPERNICUS/S2_SR_HARMONIZED/20250815T041611_20250815T042508_T46SGB,20250815T041611_20250815T042508_T46SGB,989c589c11c351a7d99bdd331191931e18faf2c6d491fb484c744a7b7c0c3156,2025
AOI-02,,,False,NOT_REQUIRED,2025-07-20,COPERNICUS/S2_SR_HARMONIZED/20250815T041611_20250815T042508_T47SKS,20250815T041611_20250815T042508_T47SKS,989c589c11c351a7d99bdd331191931e18faf2c6d491fb484c744a7b7c0c3156,2025
AOI-02,,,False,NOT_REQUIRED,2025-07-20,COPERNICUS/S2_SR_HARMONIZED/20250817T042221_20250817T042218_T46SGB,20250817T042221_20250817T042218_T46SGB,989c589c11c351a7d99bdd331191931e18faf2c6d491fb484c744a7b7c0c3156,2025
AOI-02,,,False,NOT_REQUIRED,2025-07-20,COPERNICUS/S2_SR_HARMONIZED/20250817T042221_20250817T042218_T47SKS,20250817T042221_20250817T042218_T47SKS,989c589c11c351a7d99bdd331191931e18faf2c6d491fb484c744a7b7c0c3156,2025
AOI-02,,,False,NOT_REQUIRED,2025-07-20,COPERNICUS/S2_SR_HARMONIZED/20250825T041611_20250825T041907_T47SKS,20250825T041611_20250825T041907_T47SKS,989c589c11c351a7d99bdd331191931e18faf2c6d491fb484c744a7b7c0c3156,2025
AOI-02,,,False,NOT_REQUIRED,2025-07-31,COPERNICUS/S2_SR_HARMONIZED/20250706T041611_20250706T041914_T46SGB,20250706T041611_20250706T041914_T46SGB,ae2b0c73707fc659e3f62397fc88fb2750e5012ee74dac31e66a649dd7b5203e,2025
AOI-02,,,False,NOT_REQUIRED,2025-07-31,COPERNICUS/S2_SR_HARMONIZED/20250706T041611_20250706T041914_T47SKS,20250706T041611_20250706T041914_T47SKS,ae2b0c73707fc659e3f62397fc88fb2750e5012ee74dac31e66a649dd7b5203e,2025
AOI-02,,,False,NOT_REQUIRED,2025-07-31,COPERNICUS/S2_SR_HARMONIZED/20250708T042221_20250708T042224_T46SGB,20250708T042221_20250708T042224_T46SGB,ae2b0c73707fc659e3f62397fc88fb2750e5012ee74dac31e66a649dd7b5203e,2025
AOI-02,,,False,NOT_REQUIRED,2025-07-31,COPERNICUS/S2_SR_HARMONIZED/20250708T042221_20250708T042224_T47SKS,20250708T042221_20250708T042224_T47SKS,ae2b0c73707fc659e3f62397fc88fb2750e5012ee74dac31e66a649dd7b5203e,2025
AOI-02,,,False,NOT_REQUIRED,2025-07-31,COPERNICUS/S2_SR_HARMONIZED/20250711T041549_20250711T042427_T46SGB,20250711T041549_20250711T042427_T46SGB,ae2b0c73707fc659e3f62397fc88fb2750e5012ee74dac31e66a649dd7b5203e,2025
AOI-02,,,False,NOT_REQUIRED,2025-07-31,COPERNICUS/S2_SR_HARMONIZED/20250711T041549_20250711T042427_T47SKS,20250711T041549_20250711T042427_T47SKS,ae2b0c73707fc659e3f62397fc88fb2750e5012ee74dac31e66a649dd7b5203e,2025
AOI-02,COPERNICUS/S2_CLOUD_PROBABILITY/20250716T041611_20250716T042429_T46SGB,20250716T041611_20250716T042429_T46SGB,True,MATCHED,2025-07-31,COPERNICUS/S2_SR_HARMONIZED/20250716T041611_20250716T042429_T46SGB,20250716T041611_20250716T042429_T46SGB,ae2b0c73707fc659e3f62397fc88fb2750e5012ee74dac31e66a649dd7b5203e,2025
AOI-02,COPERNICUS/S2_CLOUD_PROBABILITY/20250716T041611_20250716T042429_T47SKS,20250716T041611_20250716T042429_T47SKS,True,MATCHED,2025-07-31,COPERNICUS/S2_SR_HARMONIZED/20250716T041611_20250716T042429_T47SKS,20250716T041611_20250716T042429_T47SKS,ae2b0c73707fc659e3f62397fc88fb2750e5012ee74dac31e66a649dd7b5203e,2025
AOI-02,COPERNICUS/S2_CLOUD_PROBABILITY/20250721T041549_20250721T042534_T46SGB,20250721T041549_20250721T042534_T46SGB,True,MATCHED,2025-07-31,COPERNICUS/S2_SR_HARMONIZED/20250721T041549_20250721T042534_T46SGB,20250721T041549_20250721T042534_T46SGB,ae2b0c73707fc659e3f62397fc88fb2750e5012ee74dac31e66a649dd7b5203e,2025
AOI-02,COPERNICUS/S2_CLOUD_PROBABILITY/20250721T041549_20250721T042534_T47SKS,20250721T041549_20250721T042534_T47SKS,True,MATCHED,2025-07-31,COPERNICUS/S2_SR_HARMONIZED/20250721T041549_20250721T042534_T47SKS,20250721T041549_20250721T042534_T47SKS,ae2b0c73707fc659e3f62397fc88fb2750e5012ee74dac31e66a649dd7b5203e,2025
AOI-02,COPERNICUS/S2_CLOUD_PROBABILITY/20250728T042221_20250728T042224_T46SGB,20250728T042221_20250728T042224_T46SGB,True,MATCHED,2025-07-31,COPERNICUS/S2_SR_HARMONIZED/20250728T042221_20250728T042224_T46SGB,20250728T042221_20250728T042224_T46SGB,ae2b0c73707fc659e3f62397fc88fb2750e5012ee74dac31e66a649dd7b5203e,2025
AOI-02,COPERNICUS/S2_CLOUD_PROBABILITY/20250728T042221_20250728T042224_T47SKS,20250728T042221_20250728T042224_T47SKS,True,MATCHED,2025-07-31,COPERNICUS/S2_SR_HARMONIZED/20250728T042221_20250728T042224_T47SKS,20250728T042221_20250728T042224_T47SKS,ae2b0c73707fc659e3f62397fc88fb2750e5012ee74dac31e66a649dd7b5203e,2025
AOI-02,COPERNICUS/S2_CLOUD_PROBABILITY/20250731T041549_20250731T042220_T46SGB,20250731T041549_20250731T042220_T46SGB,True,MATCHED,2025-07-31,COPERNICUS/S2_SR_HARMONIZED/20250731T041549_20250731T042220_T46SGB,20250731T041549_20250731T042220_T46SGB,ae2b0c73707fc659e3f62397fc88fb2750e5012ee74dac31e66a649dd7b5203e,2025
AOI-02,COPERNICUS/S2_CLOUD_PROBABILITY/20250805T041611_20250805T041838_T46SGB,20250805T041611_20250805T041838_T46SGB,True,MATCHED,2025-07-31,COPERNICUS/S2_SR_HARMONIZED/20250805T041611_20250805T041838_T46SGB,20250805T041611_20250805T041838_T46SGB,ae2b0c73707fc659e3f62397fc88fb2750e5012ee74dac31e66a649dd7b5203e,2025
AOI-02,COPERNICUS/S2_CLOUD_PROBABILITY/20250805T041611_20250805T041838_T47SKS,20250805T041611_20250805T041838_T47SKS,True,MATCHED,2025-07-31,COPERNICUS/S2_SR_HARMONIZED/20250805T041611_20250805T041838_T47SKS,20250805T041611_20250805T041838_T47SKS,ae2b0c73707fc659e3f62397fc88fb2750e5012ee74dac31e66a649dd7b5203e,2025
AOI-02,COPERNICUS/S2_CLOUD_PROBABILITY/20250815T041611_20250815T042508_T46SGB,20250815T041611_20250815T042508_T46SGB,True,MATCHED,2025-07-31,COPERNICUS/S2_SR_HARMONIZED/20250815T041611_20250815T042508_T46SGB,20250815T041611_20250815T042508_T46SGB,ae2b0c73707fc659e3f62397fc88fb2750e5012ee74dac31e66a649dd7b5203e,2025
AOI-02,COPERNICUS/S2_CLOUD_PROBABILITY/20250815T041611_20250815T042508_T47SKS,20250815T041611_20250815T042508_T47SKS,True,MATCHED,2025-07-31,COPERNICUS/S2_SR_HARMONIZED/20250815T041611_20250815T042508_T47SKS,20250815T041611_20250815T042508_T47SKS,ae2b0c73707fc659e3f62397fc88fb2750e5012ee74dac31e66a649dd7b5203e,2025
AOI-02,,,False,NOT_REQUIRED,2025-07-31,COPERNICUS/S2_SR_HARMONIZED/20250817T042221_20250817T042218_T46SGB,20250817T042221_20250817T042218_T46SGB,ae2b0c73707fc659e3f62397fc88fb2750e5012ee74dac31e66a649dd7b5203e,2025
AOI-02,,,False,NOT_REQUIRED,2025-07-31,COPERNICUS/S2_SR_HARMONIZED/20250817T042221_20250817T042218_T47SKS,20250817T042221_20250817T042218_T47SKS,ae2b0c73707fc659e3f62397fc88fb2750e5012ee74dac31e66a649dd7b5203e,2025
AOI-02,,,False,NOT_REQUIRED,2025-07-31,COPERNICUS/S2_SR_HARMONIZED/20250825T041611_20250825T041907_T47SKS,20250825T041611_20250825T041907_T47SKS,ae2b0c73707fc659e3f62397fc88fb2750e5012ee74dac31e66a649dd7b5203e,2025
AOI-02,,,False,NOT_REQUIRED,2025-08-10,COPERNICUS/S2_SR_HARMONIZED/20250706T041611_20250706T041914_T46SGB,20250706T041611_20250706T041914_T46SGB,d5d9759d6952f852a92895caabb6762db9ea61542b087f75eeab3e949daac87f,2025
AOI-02,,,False,NOT_REQUIRED,2025-08-10,COPERNICUS/S2_SR_HARMONIZED/20250706T041611_20250706T041914_T47SKS,20250706T041611_20250706T041914_T47SKS,d5d9759d6952f852a92895caabb6762db9ea61542b087f75eeab3e949daac87f,2025
AOI-02,,,False,NOT_REQUIRED,2025-08-10,COPERNICUS/S2_SR_HARMONIZED/20250708T042221_20250708T042224_T46SGB,20250708T042221_20250708T042224_T46SGB,d5d9759d6952f852a92895caabb6762db9ea61542b087f75eeab3e949daac87f,2025
AOI-02,,,False,NOT_REQUIRED,2025-08-10,COPERNICUS/S2_SR_HARMONIZED/20250708T042221_20250708T042224_T47SKS,20250708T042221_20250708T042224_T47SKS,d5d9759d6952f852a92895caabb6762db9ea61542b087f75eeab3e949daac87f,2025
AOI-02,,,False,NOT_REQUIRED,2025-08-10,COPERNICUS/S2_SR_HARMONIZED/20250711T041549_20250711T042427_T46SGB,20250711T041549_20250711T042427_T46SGB,d5d9759d6952f852a92895caabb6762db9ea61542b087f75eeab3e949daac87f,2025
AOI-02,,,False,NOT_REQUIRED,2025-08-10,COPERNICUS/S2_SR_HARMONIZED/20250711T041549_20250711T042427_T47SKS,20250711T041549_20250711T042427_T47SKS,d5d9759d6952f852a92895caabb6762db9ea61542b087f75eeab3e949daac87f,2025
AOI-02,,,False,NOT_REQUIRED,2025-08-10,COPERNICUS/S2_SR_HARMONIZED/20250716T041611_20250716T042429_T46SGB,20250716T041611_20250716T042429_T46SGB,d5d9759d6952f852a92895caabb6762db9ea61542b087f75eeab3e949daac87f,2025
AOI-02,,,False,NOT_REQUIRED,2025-08-10,COPERNICUS/S2_SR_HARMONIZED/20250716T041611_20250716T042429_T47SKS,20250716T041611_20250716T042429_T47SKS,d5d9759d6952f852a92895caabb6762db9ea61542b087f75eeab3e949daac87f,2025
AOI-02,,,False,NOT_REQUIRED,2025-08-10,COPERNICUS/S2_SR_HARMONIZED/20250721T041549_20250721T042534_T46SGB,20250721T041549_20250721T042534_T46SGB,d5d9759d6952f852a92895caabb6762db9ea61542b087f75eeab3e949daac87f,2025
AOI-02,,,False,NOT_REQUIRED,2025-08-10,COPERNICUS/S2_SR_HARMONIZED/20250721T041549_20250721T042534_T47SKS,20250721T041549_20250721T042534_T47SKS,d5d9759d6952f852a92895caabb6762db9ea61542b087f75eeab3e949daac87f,2025
AOI-02,COPERNICUS/S2_CLOUD_PROBABILITY/20250728T042221_20250728T042224_T46SGB,20250728T042221_20250728T042224_T46SGB,True,MATCHED,2025-08-10,COPERNICUS/S2_SR_HARMONIZED/20250728T042221_20250728T042224_T46SGB,20250728T042221_20250728T042224_T46SGB,d5d9759d6952f852a92895caabb6762db9ea61542b087f75eeab3e949daac87f,2025
AOI-02,COPERNICUS/S2_CLOUD_PROBABILITY/20250728T042221_20250728T042224_T47SKS,20250728T042221_20250728T042224_T47SKS,True,MATCHED,2025-08-10,COPERNICUS/S2_SR_HARMONIZED/20250728T042221_20250728T042224_T47SKS,20250728T042221_20250728T042224_T47SKS,d5d9759d6952f852a92895caabb6762db9ea61542b087f75eeab3e949daac87f,2025
AOI-02,COPERNICUS/S2_CLOUD_PROBABILITY/20250731T041549_20250731T042220_T46SGB,20250731T041549_20250731T042220_T46SGB,True,MATCHED,2025-08-10,COPERNICUS/S2_SR_HARMONIZED/20250731T041549_20250731T042220_T46SGB,20250731T041549_20250731T042220_T46SGB,d5d9759d6952f852a92895caabb6762db9ea61542b087f75eeab3e949daac87f,2025
AOI-02,COPERNICUS/S2_CLOUD_PROBABILITY/20250805T041611_20250805T041838_T46SGB,20250805T041611_20250805T041838_T46SGB,True,MATCHED,2025-08-10,COPERNICUS/S2_SR_HARMONIZED/20250805T041611_20250805T041838_T46SGB,20250805T041611_20250805T041838_T46SGB,d5d9759d6952f852a92895caabb6762db9ea61542b087f75eeab3e949daac87f,2025
AOI-02,COPERNICUS/S2_CLOUD_PROBABILITY/20250805T041611_20250805T041838_T47SKS,20250805T041611_20250805T041838_T47SKS,True,MATCHED,2025-08-10,COPERNICUS/S2_SR_HARMONIZED/20250805T041611_20250805T041838_T47SKS,20250805T041611_20250805T041838_T47SKS,d5d9759d6952f852a92895caabb6762db9ea61542b087f75eeab3e949daac87f,2025
AOI-02,COPERNICUS/S2_CLOUD_PROBABILITY/20250815T041611_20250815T042508_T46SGB,20250815T041611_20250815T042508_T46SGB,True,MATCHED,2025-08-10,COPERNICUS/S2_SR_HARMONIZED/20250815T041611_20250815T042508_T46SGB,20250815T041611_20250815T042508_T46SGB,d5d9759d6952f852a92895caabb6762db9ea61542b087f75eeab3e949daac87f,2025
AOI-02,COPERNICUS/S2_CLOUD_PROBABILITY/20250815T041611_20250815T042508_T47SKS,20250815T041611_20250815T042508_T47SKS,True,MATCHED,2025-08-10,COPERNICUS/S2_SR_HARMONIZED/20250815T041611_20250815T042508_T47SKS,20250815T041611_20250815T042508_T47SKS,d5d9759d6952f852a92895caabb6762db9ea61542b087f75eeab3e949daac87f,2025
AOI-02,COPERNICUS/S2_CLOUD_PROBABILITY/20250817T042221_20250817T042218_T46SGB,20250817T042221_20250817T042218_T46SGB,True,MATCHED,2025-08-10,COPERNICUS/S2_SR_HARMONIZED/20250817T042221_20250817T042218_T46SGB,20250817T042221_20250817T042218_T46SGB,d5d9759d6952f852a92895caabb6762db9ea61542b087f75eeab3e949daac87f,2025
AOI-02,COPERNICUS/S2_CLOUD_PROBABILITY/20250817T042221_20250817T042218_T47SKS,20250817T042221_20250817T042218_T47SKS,True,MATCHED,2025-08-10,COPERNICUS/S2_SR_HARMONIZED/20250817T042221_20250817T042218_T47SKS,20250817T042221_20250817T042218_T47SKS,d5d9759d6952f852a92895caabb6762db9ea61542b087f75eeab3e949daac87f,2025
AOI-02,COPERNICUS/S2_CLOUD_PROBABILITY/20250825T041611_20250825T041907_T47SKS,20250825T041611_20250825T041907_T47SKS,True,MATCHED,2025-08-10,COPERNICUS/S2_SR_HARMONIZED/20250825T041611_20250825T041907_T47SKS,20250825T041611_20250825T041907_T47SKS,d5d9759d6952f852a92895caabb6762db9ea61542b087f75eeab3e949daac87f,2025
AOI-03,COPERNICUS/S2_CLOUD_PROBABILITY/20210707T041551_20210707T042515_T47SLV,20210707T041551_20210707T042515_T47SLV,True,MATCHED,2021-07-20,COPERNICUS/S2_SR_HARMONIZED/20210707T041551_20210707T042515_T47SLV,20210707T041551_20210707T042515_T47SLV,9631dd6032dd7db1823ef49e4358e1a382efa4fc23800d3055e9e763dd950d70,2021
AOI-03,COPERNICUS/S2_CLOUD_PROBABILITY/20210712T041549_20210712T041613_T47SLV,20210712T041549_20210712T041613_T47SLV,True,MATCHED,2021-07-20,COPERNICUS/S2_SR_HARMONIZED/20210712T041549_20210712T041613_T47SLV,20210712T041549_20210712T041613_T47SLV,9631dd6032dd7db1823ef49e4358e1a382efa4fc23800d3055e9e763dd950d70,2021
AOI-03,COPERNICUS/S2_CLOUD_PROBABILITY/20210717T041551_20210717T042026_T47SLV,20210717T041551_20210717T042026_T47SLV,True,MATCHED,2021-07-20,COPERNICUS/S2_SR_HARMONIZED/20210717T041551_20210717T042026_T47SLV,20210717T041551_20210717T042026_T47SLV,9631dd6032dd7db1823ef49e4358e1a382efa4fc23800d3055e9e763dd950d70,2021
AOI-03,COPERNICUS/S2_CLOUD_PROBABILITY/20210722T041549_20210722T041848_T47SLV,20210722T041549_20210722T041848_T47SLV,True,MATCHED,2021-07-20,COPERNICUS/S2_SR_HARMONIZED/20210722T041549_20210722T041848_T47SLV,20210722T041549_20210722T041848_T47SLV,9631dd6032dd7db1823ef49e4358e1a382efa4fc23800d3055e9e763dd950d70,2021
AOI-03,COPERNICUS/S2_CLOUD_PROBABILITY/20210727T041551_20210727T042254_T47SLV,20210727T041551_20210727T042254_T47SLV,True,MATCHED,2021-07-20,COPERNICUS/S2_SR_HARMONIZED/20210727T041551_20210727T042254_T47SLV,20210727T041551_20210727T042254_T47SLV,9631dd6032dd7db1823ef49e4358e1a382efa4fc23800d3055e9e763dd950d70,2021
AOI-03,COPERNICUS/S2_CLOUD_PROBABILITY/20210801T041549_20210801T041843_T47SLV,20210801T041549_20210801T041843_T47SLV,True,MATCHED,2021-07-20,COPERNICUS/S2_SR_HARMONIZED/20210801T041549_20210801T041843_T47SLV,20210801T041549_20210801T041843_T47SLV,9631dd6032dd7db1823ef49e4358e1a382efa4fc23800d3055e9e763dd950d70,2021
AOI-03,,,False,NOT_REQUIRED,2021-07-20,COPERNICUS/S2_SR_HARMONIZED/20210806T041551_20210806T042319_T47SLV,20210806T041551_20210806T042319_T47SLV,9631dd6032dd7db1823ef49e4358e1a382efa4fc23800d3055e9e763dd950d70,2021
AOI-03,,,False,NOT_REQUIRED,2021-07-20,COPERNICUS/S2_SR_HARMONIZED/20210816T041551_20210816T042108_T47SLV,20210816T041551_20210816T042108_T47SLV,9631dd6032dd7db1823ef49e4358e1a382efa4fc23800d3055e9e763dd950d70,2021
AOI-03,,,False,NOT_REQUIRED,2021-07-31,COPERNICUS/S2_SR_HARMONIZED/20210707T041551_20210707T042515_T47SLV,20210707T041551_20210707T042515_T47SLV,d45a89b96a56f6f5941ff81d19b51ed918a1b97f8ee5106c0b256ff457f13343,2021
AOI-03,,,False,NOT_REQUIRED,2021-07-31,COPERNICUS/S2_SR_HARMONIZED/20210712T041549_20210712T041613_T47SLV,20210712T041549_20210712T041613_T47SLV,d45a89b96a56f6f5941ff81d19b51ed918a1b97f8ee5106c0b256ff457f13343,2021
AOI-03,COPERNICUS/S2_CLOUD_PROBABILITY/20210717T041551_20210717T042026_T47SLV,20210717T041551_20210717T042026_T47SLV,True,MATCHED,2021-07-31,COPERNICUS/S2_SR_HARMONIZED/20210717T041551_20210717T042026_T47SLV,20210717T041551_20210717T042026_T47SLV,d45a89b96a56f6f5941ff81d19b51ed918a1b97f8ee5106c0b256ff457f13343,2021
AOI-03,COPERNICUS/S2_CLOUD_PROBABILITY/20210722T041549_20210722T041848_T47SLV,20210722T041549_20210722T041848_T47SLV,True,MATCHED,2021-07-31,COPERNICUS/S2_SR_HARMONIZED/20210722T041549_20210722T041848_T47SLV,20210722T041549_20210722T041848_T47SLV,d45a89b96a56f6f5941ff81d19b51ed918a1b97f8ee5106c0b256ff457f13343,2021
AOI-03,COPERNICUS/S2_CLOUD_PROBABILITY/20210727T041551_20210727T042254_T47SLV,20210727T041551_20210727T042254_T47SLV,True,MATCHED,2021-07-31,COPERNICUS/S2_SR_HARMONIZED/20210727T041551_20210727T042254_T47SLV,20210727T041551_20210727T042254_T47SLV,d45a89b96a56f6f5941ff81d19b51ed918a1b97f8ee5106c0b256ff457f13343,2021
AOI-03,COPERNICUS/S2_CLOUD_PROBABILITY/20210801T041549_20210801T041843_T47SLV,20210801T041549_20210801T041843_T47SLV,True,MATCHED,2021-07-31,COPERNICUS/S2_SR_HARMONIZED/20210801T041549_20210801T041843_T47SLV,20210801T041549_20210801T041843_T47SLV,d45a89b96a56f6f5941ff81d19b51ed918a1b97f8ee5106c0b256ff457f13343,2021
AOI-03,COPERNICUS/S2_CLOUD_PROBABILITY/20210806T041551_20210806T042319_T47SLV,20210806T041551_20210806T042319_T47SLV,True,MATCHED,2021-07-31,COPERNICUS/S2_SR_HARMONIZED/20210806T041551_20210806T042319_T47SLV,20210806T041551_20210806T042319_T47SLV,d45a89b96a56f6f5941ff81d19b51ed918a1b97f8ee5106c0b256ff457f13343,2021
AOI-03,,,False,NOT_REQUIRED,2021-07-31,COPERNICUS/S2_SR_HARMONIZED/20210816T041551_20210816T042108_T47SLV,20210816T041551_20210816T042108_T47SLV,d45a89b96a56f6f5941ff81d19b51ed918a1b97f8ee5106c0b256ff457f13343,2021
AOI-03,,,False,NOT_REQUIRED,2021-08-10,COPERNICUS/S2_SR_HARMONIZED/20210707T041551_20210707T042515_T47SLV,20210707T041551_20210707T042515_T47SLV,3f474ba873aad63d94a407270e42f77f7009b4fe21a78c2b6dd7bfe905714b97,2021
AOI-03,,,False,NOT_REQUIRED,2021-08-10,COPERNICUS/S2_SR_HARMONIZED/20210712T041549_20210712T041613_T47SLV,20210712T041549_20210712T041613_T47SLV,3f474ba873aad63d94a407270e42f77f7009b4fe21a78c2b6dd7bfe905714b97,2021
AOI-03,,,False,NOT_REQUIRED,2021-08-10,COPERNICUS/S2_SR_HARMONIZED/20210717T041551_20210717T042026_T47SLV,20210717T041551_20210717T042026_T47SLV,3f474ba873aad63d94a407270e42f77f7009b4fe21a78c2b6dd7bfe905714b97,2021
AOI-03,,,False,NOT_REQUIRED,2021-08-10,COPERNICUS/S2_SR_HARMONIZED/20210722T041549_20210722T041848_T47SLV,20210722T041549_20210722T041848_T47SLV,3f474ba873aad63d94a407270e42f77f7009b4fe21a78c2b6dd7bfe905714b97,2021
AOI-03,COPERNICUS/S2_CLOUD_PROBABILITY/20210727T041551_20210727T042254_T47SLV,20210727T041551_20210727T042254_T47SLV,True,MATCHED,2021-08-10,COPERNICUS/S2_SR_HARMONIZED/20210727T041551_20210727T042254_T47SLV,20210727T041551_20210727T042254_T47SLV,3f474ba873aad63d94a407270e42f77f7009b4fe21a78c2b6dd7bfe905714b97,2021
AOI-03,COPERNICUS/S2_CLOUD_PROBABILITY/20210801T041549_20210801T041843_T47SLV,20210801T041549_20210801T041843_T47SLV,True,MATCHED,2021-08-10,COPERNICUS/S2_SR_HARMONIZED/20210801T041549_20210801T041843_T47SLV,20210801T041549_20210801T041843_T47SLV,3f474ba873aad63d94a407270e42f77f7009b4fe21a78c2b6dd7bfe905714b97,2021
AOI-03,COPERNICUS/S2_CLOUD_PROBABILITY/20210806T041551_20210806T042319_T47SLV,20210806T041551_20210806T042319_T47SLV,True,MATCHED,2021-08-10,COPERNICUS/S2_SR_HARMONIZED/20210806T041551_20210806T042319_T47SLV,20210806T041551_20210806T042319_T47SLV,3f474ba873aad63d94a407270e42f77f7009b4fe21a78c2b6dd7bfe905714b97,2021
AOI-03,COPERNICUS/S2_CLOUD_PROBABILITY/20210816T041551_20210816T042108_T47SLV,20210816T041551_20210816T042108_T47SLV,True,MATCHED,2021-08-10,COPERNICUS/S2_SR_HARMONIZED/20210816T041551_20210816T042108_T47SLV,20210816T041551_20210816T042108_T47SLV,3f474ba873aad63d94a407270e42f77f7009b4fe21a78c2b6dd7bfe905714b97,2021
AOI-03,COPERNICUS/S2_CLOUD_PROBABILITY/20220707T041559_20220707T042654_T47SLV,20220707T041559_20220707T042654_T47SLV,True,MATCHED,2022-07-20,COPERNICUS/S2_SR_HARMONIZED/20220707T041559_20220707T042654_T47SLV,20220707T041559_20220707T042654_T47SLV,b258e2961b9e83b4e5a0dc2b2ded7f85ce38ecf7674cad9048d09f4d59fa4aae,2022
AOI-03,COPERNICUS/S2_CLOUD_PROBABILITY/20220712T041601_20220712T042651_T47SLV,20220712T041601_20220712T042651_T47SLV,True,MATCHED,2022-07-20,COPERNICUS/S2_SR_HARMONIZED/20220712T041601_20220712T042651_T47SLV,20220712T041601_20220712T042651_T47SLV,b258e2961b9e83b4e5a0dc2b2ded7f85ce38ecf7674cad9048d09f4d59fa4aae,2022
AOI-03,COPERNICUS/S2_CLOUD_PROBABILITY/20220722T041601_20220722T042653_T47SLV,20220722T041601_20220722T042653_T47SLV,True,MATCHED,2022-07-20,COPERNICUS/S2_SR_HARMONIZED/20220722T041601_20220722T042653_T47SLV,20220722T041601_20220722T042653_T47SLV,b258e2961b9e83b4e5a0dc2b2ded7f85ce38ecf7674cad9048d09f4d59fa4aae,2022
AOI-03,COPERNICUS/S2_CLOUD_PROBABILITY/20220727T041559_20220727T042654_T47SLV,20220727T041559_20220727T042654_T47SLV,True,MATCHED,2022-07-20,COPERNICUS/S2_SR_HARMONIZED/20220727T041559_20220727T042654_T47SLV,20220727T041559_20220727T042654_T47SLV,b258e2961b9e83b4e5a0dc2b2ded7f85ce38ecf7674cad9048d09f4d59fa4aae,2022
AOI-03,COPERNICUS/S2_CLOUD_PROBABILITY/20220801T041601_20220801T042652_T47SLV,20220801T041601_20220801T042652_T47SLV,True,MATCHED,2022-07-20,COPERNICUS/S2_SR_HARMONIZED/20220801T041601_20220801T042652_T47SLV,20220801T041601_20220801T042652_T47SLV,b258e2961b9e83b4e5a0dc2b2ded7f85ce38ecf7674cad9048d09f4d59fa4aae,2022
AOI-03,,,False,NOT_REQUIRED,2022-07-20,COPERNICUS/S2_SR_HARMONIZED/20220806T041559_20220806T042657_T47SLV,20220806T041559_20220806T042657_T47SLV,b258e2961b9e83b4e5a0dc2b2ded7f85ce38ecf7674cad9048d09f4d59fa4aae,2022
AOI-03,,,False,NOT_REQUIRED,2022-07-20,COPERNICUS/S2_SR_HARMONIZED/20220811T041601_20220811T042223_T47SLV,20220811T041601_20220811T042223_T47SLV,b258e2961b9e83b4e5a0dc2b2ded7f85ce38ecf7674cad9048d09f4d59fa4aae,2022
AOI-03,,,False,NOT_REQUIRED,2022-07-20,COPERNICUS/S2_SR_HARMONIZED/20220816T041549_20220816T042655_T47SLV,20220816T041549_20220816T042655_T47SLV,b258e2961b9e83b4e5a0dc2b2ded7f85ce38ecf7674cad9048d09f4d59fa4aae,2022
AOI-03,,,False,NOT_REQUIRED,2022-07-20,COPERNICUS/S2_SR_HARMONIZED/20220821T041601_20220821T042651_T47SLV,20220821T041601_20220821T042651_T47SLV,b258e2961b9e83b4e5a0dc2b2ded7f85ce38ecf7674cad9048d09f4d59fa4aae,2022
AOI-03,,,False,NOT_REQUIRED,2022-07-31,COPERNICUS/S2_SR_HARMONIZED/20220707T041559_20220707T042654_T47SLV,20220707T041559_20220707T042654_T47SLV,49352bf30d6cb940883d5ba3be88d13a76cb91a1a75206431b5189f01f1a4f6f,2022
AOI-03,,,False,NOT_REQUIRED,2022-07-31,COPERNICUS/S2_SR_HARMONIZED/20220712T041601_20220712T042651_T47SLV,20220712T041601_20220712T042651_T47SLV,49352bf30d6cb940883d5ba3be88d13a76cb91a1a75206431b5189f01f1a4f6f,2022
AOI-03,COPERNICUS/S2_CLOUD_PROBABILITY/20220722T041601_20220722T042653_T47SLV,20220722T041601_20220722T042653_T47SLV,True,MATCHED,2022-07-31,COPERNICUS/S2_SR_HARMONIZED/20220722T041601_20220722T042653_T47SLV,20220722T041601_20220722T042653_T47SLV,49352bf30d6cb940883d5ba3be88d13a76cb91a1a75206431b5189f01f1a4f6f,2022
AOI-03,COPERNICUS/S2_CLOUD_PROBABILITY/20220727T041559_20220727T042654_T47SLV,20220727T041559_20220727T042654_T47SLV,True,MATCHED,2022-07-31,COPERNICUS/S2_SR_HARMONIZED/20220727T041559_20220727T042654_T47SLV,20220727T041559_20220727T042654_T47SLV,49352bf30d6cb940883d5ba3be88d13a76cb91a1a75206431b5189f01f1a4f6f,2022
AOI-03,COPERNICUS/S2_CLOUD_PROBABILITY/20220801T041601_20220801T042652_T47SLV,20220801T041601_20220801T042652_T47SLV,True,MATCHED,2022-07-31,COPERNICUS/S2_SR_HARMONIZED/20220801T041601_20220801T042652_T47SLV,20220801T041601_20220801T042652_T47SLV,49352bf30d6cb940883d5ba3be88d13a76cb91a1a75206431b5189f01f1a4f6f,2022
AOI-03,COPERNICUS/S2_CLOUD_PROBABILITY/20220806T041559_20220806T042657_T47SLV,20220806T041559_20220806T042657_T47SLV,True,MATCHED,2022-07-31,COPERNICUS/S2_SR_HARMONIZED/20220806T041559_20220806T042657_T47SLV,20220806T041559_20220806T042657_T47SLV,49352bf30d6cb940883d5ba3be88d13a76cb91a1a75206431b5189f01f1a4f6f,2022
AOI-03,COPERNICUS/S2_CLOUD_PROBABILITY/20220811T041601_20220811T042223_T47SLV,20220811T041601_20220811T042223_T47SLV,True,MATCHED,2022-07-31,COPERNICUS/S2_SR_HARMONIZED/20220811T041601_20220811T042223_T47SLV,20220811T041601_20220811T042223_T47SLV,49352bf30d6cb940883d5ba3be88d13a76cb91a1a75206431b5189f01f1a4f6f,2022
AOI-03,,,False,NOT_REQUIRED,2022-07-31,COPERNICUS/S2_SR_HARMONIZED/20220816T041549_20220816T042655_T47SLV,20220816T041549_20220816T042655_T47SLV,49352bf30d6cb940883d5ba3be88d13a76cb91a1a75206431b5189f01f1a4f6f,2022
AOI-03,,,False,NOT_REQUIRED,2022-07-31,COPERNICUS/S2_SR_HARMONIZED/20220821T041601_20220821T042651_T47SLV,20220821T041601_20220821T042651_T47SLV,49352bf30d6cb940883d5ba3be88d13a76cb91a1a75206431b5189f01f1a4f6f,2022
AOI-03,,,False,NOT_REQUIRED,2022-08-10,COPERNICUS/S2_SR_HARMONIZED/20220707T041559_20220707T042654_T47SLV,20220707T041559_20220707T042654_T47SLV,81f4a5319e8d9d4ea2546df8fcc7d7982402c6699b342790b2603485e086651e,2022
AOI-03,,,False,NOT_REQUIRED,2022-08-10,COPERNICUS/S2_SR_HARMONIZED/20220712T041601_20220712T042651_T47SLV,20220712T041601_20220712T042651_T47SLV,81f4a5319e8d9d4ea2546df8fcc7d7982402c6699b342790b2603485e086651e,2022
AOI-03,,,False,NOT_REQUIRED,2022-08-10,COPERNICUS/S2_SR_HARMONIZED/20220722T041601_20220722T042653_T47SLV,20220722T041601_20220722T042653_T47SLV,81f4a5319e8d9d4ea2546df8fcc7d7982402c6699b342790b2603485e086651e,2022
AOI-03,COPERNICUS/S2_CLOUD_PROBABILITY/20220727T041559_20220727T042654_T47SLV,20220727T041559_20220727T042654_T47SLV,True,MATCHED,2022-08-10,COPERNICUS/S2_SR_HARMONIZED/20220727T041559_20220727T042654_T47SLV,20220727T041559_20220727T042654_T47SLV,81f4a5319e8d9d4ea2546df8fcc7d7982402c6699b342790b2603485e086651e,2022
AOI-03,COPERNICUS/S2_CLOUD_PROBABILITY/20220801T041601_20220801T042652_T47SLV,20220801T041601_20220801T042652_T47SLV,True,MATCHED,2022-08-10,COPERNICUS/S2_SR_HARMONIZED/20220801T041601_20220801T042652_T47SLV,20220801T041601_20220801T042652_T47SLV,81f4a5319e8d9d4ea2546df8fcc7d7982402c6699b342790b2603485e086651e,2022
AOI-03,COPERNICUS/S2_CLOUD_PROBABILITY/20220806T041559_20220806T042657_T47SLV,20220806T041559_20220806T042657_T47SLV,True,MATCHED,2022-08-10,COPERNICUS/S2_SR_HARMONIZED/20220806T041559_20220806T042657_T47SLV,20220806T041559_20220806T042657_T47SLV,81f4a5319e8d9d4ea2546df8fcc7d7982402c6699b342790b2603485e086651e,2022
AOI-03,COPERNICUS/S2_CLOUD_PROBABILITY/20220811T041601_20220811T042223_T47SLV,20220811T041601_20220811T042223_T47SLV,True,MATCHED,2022-08-10,COPERNICUS/S2_SR_HARMONIZED/20220811T041601_20220811T042223_T47SLV,20220811T041601_20220811T042223_T47SLV,81f4a5319e8d9d4ea2546df8fcc7d7982402c6699b342790b2603485e086651e,2022
AOI-03,COPERNICUS/S2_CLOUD_PROBABILITY/20220816T041549_20220816T042655_T47SLV,20220816T041549_20220816T042655_T47SLV,True,MATCHED,2022-08-10,COPERNICUS/S2_SR_HARMONIZED/20220816T041549_20220816T042655_T47SLV,20220816T041549_20220816T042655_T47SLV,81f4a5319e8d9d4ea2546df8fcc7d7982402c6699b342790b2603485e086651e,2022
AOI-03,COPERNICUS/S2_CLOUD_PROBABILITY/20220821T041601_20220821T042651_T47SLV,20220821T041601_20220821T042651_T47SLV,True,MATCHED,2022-08-10,COPERNICUS/S2_SR_HARMONIZED/20220821T041601_20220821T042651_T47SLV,20220821T041601_20220821T042651_T47SLV,81f4a5319e8d9d4ea2546df8fcc7d7982402c6699b342790b2603485e086651e,2022
AOI-03,COPERNICUS/S2_CLOUD_PROBABILITY/20230707T041551_20230707T042635_T47SLV,20230707T041551_20230707T042635_T47SLV,True,MATCHED,2023-07-20,COPERNICUS/S2_SR_HARMONIZED/20230707T041551_20230707T042635_T47SLV,20230707T041551_20230707T042635_T47SLV,af5ef0a46907835b4daee394bb6aa6703cba4d5b212abb08d5317e2631e7bce5,2023
AOI-03,COPERNICUS/S2_CLOUD_PROBABILITY/20230717T041551_20230717T042634_T47SLV,20230717T041551_20230717T042634_T47SLV,True,MATCHED,2023-07-20,COPERNICUS/S2_SR_HARMONIZED/20230717T041551_20230717T042634_T47SLV,20230717T041551_20230717T042634_T47SLV,af5ef0a46907835b4daee394bb6aa6703cba4d5b212abb08d5317e2631e7bce5,2023
AOI-03,COPERNICUS/S2_CLOUD_PROBABILITY/20230722T041559_20230722T042635_T47SLV,20230722T041559_20230722T042635_T47SLV,True,MATCHED,2023-07-20,COPERNICUS/S2_SR_HARMONIZED/20230722T041559_20230722T042635_T47SLV,20230722T041559_20230722T042635_T47SLV,af5ef0a46907835b4daee394bb6aa6703cba4d5b212abb08d5317e2631e7bce5,2023
AOI-03,COPERNICUS/S2_CLOUD_PROBABILITY/20230727T041551_20230727T042146_T47SLV,20230727T041551_20230727T042146_T47SLV,True,MATCHED,2023-07-20,COPERNICUS/S2_SR_HARMONIZED/20230727T041551_20230727T042146_T47SLV,20230727T041551_20230727T042146_T47SLV,af5ef0a46907835b4daee394bb6aa6703cba4d5b212abb08d5317e2631e7bce5,2023
AOI-03,,,False,NOT_REQUIRED,2023-07-20,COPERNICUS/S2_SR_HARMONIZED/20230806T041551_20230806T042207_T47SLV,20230806T041551_20230806T042207_T47SLV,af5ef0a46907835b4daee394bb6aa6703cba4d5b212abb08d5317e2631e7bce5,2023
AOI-03,,,False,NOT_REQUIRED,2023-07-20,COPERNICUS/S2_SR_HARMONIZED/20230811T041559_20230811T041658_T47SLV,20230811T041559_20230811T041658_T47SLV,af5ef0a46907835b4daee394bb6aa6703cba4d5b212abb08d5317e2631e7bce5,2023
AOI-03,,,False,NOT_REQUIRED,2023-07-20,COPERNICUS/S2_SR_HARMONIZED/20230821T041549_20230821T041657_T47SLV,20230821T041549_20230821T041657_T47SLV,af5ef0a46907835b4daee394bb6aa6703cba4d5b212abb08d5317e2631e7bce5,2023
AOI-03,,,False,NOT_REQUIRED,2023-07-31,COPERNICUS/S2_SR_HARMONIZED/20230707T041551_20230707T042635_T47SLV,20230707T041551_20230707T042635_T47SLV,7f13c1e47fb4da5a853d215dfb5eb9ed633b78e8d4fd383e61d35aff1a4d7e68,2023
AOI-03,COPERNICUS/S2_CLOUD_PROBABILITY/20230717T041551_20230717T042634_T47SLV,20230717T041551_20230717T042634_T47SLV,True,MATCHED,2023-07-31,COPERNICUS/S2_SR_HARMONIZED/20230717T041551_20230717T042634_T47SLV,20230717T041551_20230717T042634_T47SLV,7f13c1e47fb4da5a853d215dfb5eb9ed633b78e8d4fd383e61d35aff1a4d7e68,2023
AOI-03,COPERNICUS/S2_CLOUD_PROBABILITY/20230722T041559_20230722T042635_T47SLV,20230722T041559_20230722T042635_T47SLV,True,MATCHED,2023-07-31,COPERNICUS/S2_SR_HARMONIZED/20230722T041559_20230722T042635_T47SLV,20230722T041559_20230722T042635_T47SLV,7f13c1e47fb4da5a853d215dfb5eb9ed633b78e8d4fd383e61d35aff1a4d7e68,2023
AOI-03,COPERNICUS/S2_CLOUD_PROBABILITY/20230727T041551_20230727T042146_T47SLV,20230727T041551_20230727T042146_T47SLV,True,MATCHED,2023-07-31,COPERNICUS/S2_SR_HARMONIZED/20230727T041551_20230727T042146_T47SLV,20230727T041551_20230727T042146_T47SLV,7f13c1e47fb4da5a853d215dfb5eb9ed633b78e8d4fd383e61d35aff1a4d7e68,2023
AOI-03,COPERNICUS/S2_CLOUD_PROBABILITY/20230806T041551_20230806T042207_T47SLV,20230806T041551_20230806T042207_T47SLV,True,MATCHED,2023-07-31,COPERNICUS/S2_SR_HARMONIZED/20230806T041551_20230806T042207_T47SLV,20230806T041551_20230806T042207_T47SLV,7f13c1e47fb4da5a853d215dfb5eb9ed633b78e8d4fd383e61d35aff1a4d7e68,2023
AOI-03,,,False,MISSING,2023-07-31,COPERNICUS/S2_SR_HARMONIZED/20230811T041559_20230811T041658_T47SLV,20230811T041559_20230811T041658_T47SLV,7f13c1e47fb4da5a853d215dfb5eb9ed633b78e8d4fd383e61d35aff1a4d7e68,2023
AOI-03,,,False,NOT_REQUIRED,2023-07-31,COPERNICUS/S2_SR_HARMONIZED/20230821T041549_20230821T041657_T47SLV,20230821T041549_20230821T041657_T47SLV,7f13c1e47fb4da5a853d215dfb5eb9ed633b78e8d4fd383e61d35aff1a4d7e68,2023
AOI-03,,,False,NOT_REQUIRED,2023-08-10,COPERNICUS/S2_SR_HARMONIZED/20230707T041551_20230707T042635_T47SLV,20230707T041551_20230707T042635_T47SLV,15e178e220b9f7f1eacef0066b2bb961c1db5aa8df7b36342639ee9b78d9fcb8,2023
AOI-03,,,False,NOT_REQUIRED,2023-08-10,COPERNICUS/S2_SR_HARMONIZED/20230717T041551_20230717T042634_T47SLV,20230717T041551_20230717T042634_T47SLV,15e178e220b9f7f1eacef0066b2bb961c1db5aa8df7b36342639ee9b78d9fcb8,2023
AOI-03,,,False,NOT_REQUIRED,2023-08-10,COPERNICUS/S2_SR_HARMONIZED/20230722T041559_20230722T042635_T47SLV,20230722T041559_20230722T042635_T47SLV,15e178e220b9f7f1eacef0066b2bb961c1db5aa8df7b36342639ee9b78d9fcb8,2023
AOI-03,COPERNICUS/S2_CLOUD_PROBABILITY/20230727T041551_20230727T042146_T47SLV,20230727T041551_20230727T042146_T47SLV,True,MATCHED,2023-08-10,COPERNICUS/S2_SR_HARMONIZED/20230727T041551_20230727T042146_T47SLV,20230727T041551_20230727T042146_T47SLV,15e178e220b9f7f1eacef0066b2bb961c1db5aa8df7b36342639ee9b78d9fcb8,2023
AOI-03,COPERNICUS/S2_CLOUD_PROBABILITY/20230806T041551_20230806T042207_T47SLV,20230806T041551_20230806T042207_T47SLV,True,MATCHED,2023-08-10,COPERNICUS/S2_SR_HARMONIZED/20230806T041551_20230806T042207_T47SLV,20230806T041551_20230806T042207_T47SLV,15e178e220b9f7f1eacef0066b2bb961c1db5aa8df7b36342639ee9b78d9fcb8,2023
AOI-03,,,False,MISSING,2023-08-10,COPERNICUS/S2_SR_HARMONIZED/20230811T041559_20230811T041658_T47SLV,20230811T041559_20230811T041658_T47SLV,15e178e220b9f7f1eacef0066b2bb961c1db5aa8df7b36342639ee9b78d9fcb8,2023
AOI-03,COPERNICUS/S2_CLOUD_PROBABILITY/20230821T041549_20230821T041657_T47SLV,20230821T041549_20230821T041657_T47SLV,True,MATCHED,2023-08-10,COPERNICUS/S2_SR_HARMONIZED/20230821T041549_20230821T041657_T47SLV,20230821T041549_20230821T041657_T47SLV,15e178e220b9f7f1eacef0066b2bb961c1db5aa8df7b36342639ee9b78d9fcb8,2023
AOI-03,COPERNICUS/S2_CLOUD_PROBABILITY/20240716T041549_20240716T042810_T47SLV,20240716T041549_20240716T042810_T47SLV,True,MATCHED,2024-07-20,COPERNICUS/S2_SR_HARMONIZED/20240716T041549_20240716T042810_T47SLV,20240716T041549_20240716T042810_T47SLV,91f5bdb8c1e12c7e3a968373f4beed4d1833ff931ff980f2843bc32d90b7adda,2024
AOI-03,COPERNICUS/S2_CLOUD_PROBABILITY/20240721T041551_20240721T042620_T47SLV,20240721T041551_20240721T042620_T47SLV,True,MATCHED,2024-07-20,COPERNICUS/S2_SR_HARMONIZED/20240721T041551_20240721T042620_T47SLV,20240721T041551_20240721T042620_T47SLV,91f5bdb8c1e12c7e3a968373f4beed4d1833ff931ff980f2843bc32d90b7adda,2024
AOI-03,COPERNICUS/S2_CLOUD_PROBABILITY/20240731T041551_20240731T042401_T47SLV,20240731T041551_20240731T042401_T47SLV,True,MATCHED,2024-07-20,COPERNICUS/S2_SR_HARMONIZED/20240731T041551_20240731T042401_T47SLV,20240731T041551_20240731T042401_T47SLV,91f5bdb8c1e12c7e3a968373f4beed4d1833ff931ff980f2843bc32d90b7adda,2024
AOI-03,,,False,NOT_REQUIRED,2024-07-20,COPERNICUS/S2_SR_HARMONIZED/20240805T041549_20240805T042758_T47SLV,20240805T041549_20240805T042758_T47SLV,91f5bdb8c1e12c7e3a968373f4beed4d1833ff931ff980f2843bc32d90b7adda,2024
AOI-03,,,False,NOT_REQUIRED,2024-07-20,COPERNICUS/S2_SR_HARMONIZED/20240810T041551_20240810T041903_T47SLV,20240810T041551_20240810T041903_T47SLV,91f5bdb8c1e12c7e3a968373f4beed4d1833ff931ff980f2843bc32d90b7adda,2024
AOI-03,,,False,NOT_REQUIRED,2024-07-20,COPERNICUS/S2_SR_HARMONIZED/20240815T041549_20240815T041833_T47SLV,20240815T041549_20240815T041833_T47SLV,91f5bdb8c1e12c7e3a968373f4beed4d1833ff931ff980f2843bc32d90b7adda,2024
AOI-03,,,False,NOT_REQUIRED,2024-07-20,COPERNICUS/S2_SR_HARMONIZED/20240820T041551_20240820T042009_T47SLV,20240820T041551_20240820T042009_T47SLV,91f5bdb8c1e12c7e3a968373f4beed4d1833ff931ff980f2843bc32d90b7adda,2024
AOI-03,COPERNICUS/S2_CLOUD_PROBABILITY/20240716T041549_20240716T042810_T47SLV,20240716T041549_20240716T042810_T47SLV,True,MATCHED,2024-07-31,COPERNICUS/S2_SR_HARMONIZED/20240716T041549_20240716T042810_T47SLV,20240716T041549_20240716T042810_T47SLV,38b093ec809d1ada0f6c4bb04d7ca66792611e0c8fc2f6f848cfe05b44f07197,2024
AOI-03,COPERNICUS/S2_CLOUD_PROBABILITY/20240721T041551_20240721T042620_T47SLV,20240721T041551_20240721T042620_T47SLV,True,MATCHED,2024-07-31,COPERNICUS/S2_SR_HARMONIZED/20240721T041551_20240721T042620_T47SLV,20240721T041551_20240721T042620_T47SLV,38b093ec809d1ada0f6c4bb04d7ca66792611e0c8fc2f6f848cfe05b44f07197,2024
AOI-03,COPERNICUS/S2_CLOUD_PROBABILITY/20240731T041551_20240731T042401_T47SLV,20240731T041551_20240731T042401_T47SLV,True,MATCHED,2024-07-31,COPERNICUS/S2_SR_HARMONIZED/20240731T041551_20240731T042401_T47SLV,20240731T041551_20240731T042401_T47SLV,38b093ec809d1ada0f6c4bb04d7ca66792611e0c8fc2f6f848cfe05b44f07197,2024
AOI-03,COPERNICUS/S2_CLOUD_PROBABILITY/20240805T041549_20240805T042758_T47SLV,20240805T041549_20240805T042758_T47SLV,True,MATCHED,2024-07-31,COPERNICUS/S2_SR_HARMONIZED/20240805T041549_20240805T042758_T47SLV,20240805T041549_20240805T042758_T47SLV,38b093ec809d1ada0f6c4bb04d7ca66792611e0c8fc2f6f848cfe05b44f07197,2024
AOI-03,COPERNICUS/S2_CLOUD_PROBABILITY/20240810T041551_20240810T041903_T47SLV,20240810T041551_20240810T041903_T47SLV,True,MATCHED,2024-07-31,COPERNICUS/S2_SR_HARMONIZED/20240810T041551_20240810T041903_T47SLV,20240810T041551_20240810T041903_T47SLV,38b093ec809d1ada0f6c4bb04d7ca66792611e0c8fc2f6f848cfe05b44f07197,2024
AOI-03,COPERNICUS/S2_CLOUD_PROBABILITY/20240815T041549_20240815T041833_T47SLV,20240815T041549_20240815T041833_T47SLV,True,MATCHED,2024-07-31,COPERNICUS/S2_SR_HARMONIZED/20240815T041549_20240815T041833_T47SLV,20240815T041549_20240815T041833_T47SLV,38b093ec809d1ada0f6c4bb04d7ca66792611e0c8fc2f6f848cfe05b44f07197,2024
AOI-03,,,False,NOT_REQUIRED,2024-07-31,COPERNICUS/S2_SR_HARMONIZED/20240820T041551_20240820T042009_T47SLV,20240820T041551_20240820T042009_T47SLV,38b093ec809d1ada0f6c4bb04d7ca66792611e0c8fc2f6f848cfe05b44f07197,2024
AOI-03,,,False,NOT_REQUIRED,2024-08-10,COPERNICUS/S2_SR_HARMONIZED/20240716T041549_20240716T042810_T47SLV,20240716T041549_20240716T042810_T47SLV,10fd78b7c8d73ebaa1c6d2c208d3030da57a5782f5dc8b7f304fce5af278614d,2024
AOI-03,,,False,NOT_REQUIRED,2024-08-10,COPERNICUS/S2_SR_HARMONIZED/20240721T041551_20240721T042620_T47SLV,20240721T041551_20240721T042620_T47SLV,10fd78b7c8d73ebaa1c6d2c208d3030da57a5782f5dc8b7f304fce5af278614d,2024
AOI-03,COPERNICUS/S2_CLOUD_PROBABILITY/20240731T041551_20240731T042401_T47SLV,20240731T041551_20240731T042401_T47SLV,True,MATCHED,2024-08-10,COPERNICUS/S2_SR_HARMONIZED/20240731T041551_20240731T042401_T47SLV,20240731T041551_20240731T042401_T47SLV,10fd78b7c8d73ebaa1c6d2c208d3030da57a5782f5dc8b7f304fce5af278614d,2024
AOI-03,COPERNICUS/S2_CLOUD_PROBABILITY/20240805T041549_20240805T042758_T47SLV,20240805T041549_20240805T042758_T47SLV,True,MATCHED,2024-08-10,COPERNICUS/S2_SR_HARMONIZED/20240805T041549_20240805T042758_T47SLV,20240805T041549_20240805T042758_T47SLV,10fd78b7c8d73ebaa1c6d2c208d3030da57a5782f5dc8b7f304fce5af278614d,2024
AOI-03,COPERNICUS/S2_CLOUD_PROBABILITY/20240810T041551_20240810T041903_T47SLV,20240810T041551_20240810T041903_T47SLV,True,MATCHED,2024-08-10,COPERNICUS/S2_SR_HARMONIZED/20240810T041551_20240810T041903_T47SLV,20240810T041551_20240810T041903_T47SLV,10fd78b7c8d73ebaa1c6d2c208d3030da57a5782f5dc8b7f304fce5af278614d,2024
AOI-03,COPERNICUS/S2_CLOUD_PROBABILITY/20240815T041549_20240815T041833_T47SLV,20240815T041549_20240815T041833_T47SLV,True,MATCHED,2024-08-10,COPERNICUS/S2_SR_HARMONIZED/20240815T041549_20240815T041833_T47SLV,20240815T041549_20240815T041833_T47SLV,10fd78b7c8d73ebaa1c6d2c208d3030da57a5782f5dc8b7f304fce5af278614d,2024
AOI-03,COPERNICUS/S2_CLOUD_PROBABILITY/20240820T041551_20240820T042009_T47SLV,20240820T041551_20240820T042009_T47SLV,True,MATCHED,2024-08-10,COPERNICUS/S2_SR_HARMONIZED/20240820T041551_20240820T042009_T47SLV,20240820T041551_20240820T042009_T47SLV,10fd78b7c8d73ebaa1c6d2c208d3030da57a5782f5dc8b7f304fce5af278614d,2024
AOI-03,COPERNICUS/S2_CLOUD_PROBABILITY/20250706T041611_20250706T041914_T47SLV,20250706T041611_20250706T041914_T47SLV,True,MATCHED,2025-07-20,COPERNICUS/S2_SR_HARMONIZED/20250706T041611_20250706T041914_T47SLV,20250706T041611_20250706T041914_T47SLV,c6664189739dd3cc131781c40e6b514e2ad8f7ca99f8f9961341cf3ddcfedce1,2025
AOI-03,COPERNICUS/S2_CLOUD_PROBABILITY/20250708T042221_20250708T042224_T47SLV,20250708T042221_20250708T042224_T47SLV,True,MATCHED,2025-07-20,COPERNICUS/S2_SR_HARMONIZED/20250708T042221_20250708T042224_T47SLV,20250708T042221_20250708T042224_T47SLV,c6664189739dd3cc131781c40e6b514e2ad8f7ca99f8f9961341cf3ddcfedce1,2025
AOI-03,COPERNICUS/S2_CLOUD_PROBABILITY/20250711T041549_20250711T042427_T47SLV,20250711T041549_20250711T042427_T47SLV,True,MATCHED,2025-07-20,COPERNICUS/S2_SR_HARMONIZED/20250711T041549_20250711T042427_T47SLV,20250711T041549_20250711T042427_T47SLV,c6664189739dd3cc131781c40e6b514e2ad8f7ca99f8f9961341cf3ddcfedce1,2025
AOI-03,COPERNICUS/S2_CLOUD_PROBABILITY/20250716T041611_20250716T042429_T47SLV,20250716T041611_20250716T042429_T47SLV,True,MATCHED,2025-07-20,COPERNICUS/S2_SR_HARMONIZED/20250716T041611_20250716T042429_T47SLV,20250716T041611_20250716T042429_T47SLV,c6664189739dd3cc131781c40e6b514e2ad8f7ca99f8f9961341cf3ddcfedce1,2025
AOI-03,COPERNICUS/S2_CLOUD_PROBABILITY/20250721T041549_20250721T042534_T47SLV,20250721T041549_20250721T042534_T47SLV,True,MATCHED,2025-07-20,COPERNICUS/S2_SR_HARMONIZED/20250721T041549_20250721T042534_T47SLV,20250721T041549_20250721T042534_T47SLV,c6664189739dd3cc131781c40e6b514e2ad8f7ca99f8f9961341cf3ddcfedce1,2025
AOI-03,COPERNICUS/S2_CLOUD_PROBABILITY/20250726T041611_20250726T041910_T47SLV,20250726T041611_20250726T041910_T47SLV,True,MATCHED,2025-07-20,COPERNICUS/S2_SR_HARMONIZED/20250726T041611_20250726T041910_T47SLV,20250726T041611_20250726T041910_T47SLV,c6664189739dd3cc131781c40e6b514e2ad8f7ca99f8f9961341cf3ddcfedce1,2025
AOI-03,COPERNICUS/S2_CLOUD_PROBABILITY/20250728T042221_20250728T042224_T47SLV,20250728T042221_20250728T042224_T47SLV,True,MATCHED,2025-07-20,COPERNICUS/S2_SR_HARMONIZED/20250728T042221_20250728T042224_T47SLV,20250728T042221_20250728T042224_T47SLV,c6664189739dd3cc131781c40e6b514e2ad8f7ca99f8f9961341cf3ddcfedce1,2025
AOI-03,,,False,NOT_REQUIRED,2025-07-20,COPERNICUS/S2_SR_HARMONIZED/20250810T041549_20250810T042533_T47SLV,20250810T041549_20250810T042533_T47SLV,c6664189739dd3cc131781c40e6b514e2ad8f7ca99f8f9961341cf3ddcfedce1,2025
AOI-03,,,False,NOT_REQUIRED,2025-07-20,COPERNICUS/S2_SR_HARMONIZED/20250815T041611_20250815T042508_T47SLV,20250815T041611_20250815T042508_T47SLV,c6664189739dd3cc131781c40e6b514e2ad8f7ca99f8f9961341cf3ddcfedce1,2025
AOI-03,,,False,NOT_REQUIRED,2025-07-31,COPERNICUS/S2_SR_HARMONIZED/20250706T041611_20250706T041914_T47SLV,20250706T041611_20250706T041914_T47SLV,21ace54821c08fb8168c725984234c9461a70ffcf00fd8f344d3841b5cd0efcf,2025
AOI-03,,,False,NOT_REQUIRED,2025-07-31,COPERNICUS/S2_SR_HARMONIZED/20250708T042221_20250708T042224_T47SLV,20250708T042221_20250708T042224_T47SLV,21ace54821c08fb8168c725984234c9461a70ffcf00fd8f344d3841b5cd0efcf,2025
AOI-03,,,False,NOT_REQUIRED,2025-07-31,COPERNICUS/S2_SR_HARMONIZED/20250711T041549_20250711T042427_T47SLV,20250711T041549_20250711T042427_T47SLV,21ace54821c08fb8168c725984234c9461a70ffcf00fd8f344d3841b5cd0efcf,2025
AOI-03,COPERNICUS/S2_CLOUD_PROBABILITY/20250716T041611_20250716T042429_T47SLV,20250716T041611_20250716T042429_T47SLV,True,MATCHED,2025-07-31,COPERNICUS/S2_SR_HARMONIZED/20250716T041611_20250716T042429_T47SLV,20250716T041611_20250716T042429_T47SLV,21ace54821c08fb8168c725984234c9461a70ffcf00fd8f344d3841b5cd0efcf,2025
AOI-03,COPERNICUS/S2_CLOUD_PROBABILITY/20250721T041549_20250721T042534_T47SLV,20250721T041549_20250721T042534_T47SLV,True,MATCHED,2025-07-31,COPERNICUS/S2_SR_HARMONIZED/20250721T041549_20250721T042534_T47SLV,20250721T041549_20250721T042534_T47SLV,21ace54821c08fb8168c725984234c9461a70ffcf00fd8f344d3841b5cd0efcf,2025
AOI-03,COPERNICUS/S2_CLOUD_PROBABILITY/20250726T041611_20250726T041910_T47SLV,20250726T041611_20250726T041910_T47SLV,True,MATCHED,2025-07-31,COPERNICUS/S2_SR_HARMONIZED/20250726T041611_20250726T041910_T47SLV,20250726T041611_20250726T041910_T47SLV,21ace54821c08fb8168c725984234c9461a70ffcf00fd8f344d3841b5cd0efcf,2025
AOI-03,COPERNICUS/S2_CLOUD_PROBABILITY/20250728T042221_20250728T042224_T47SLV,20250728T042221_20250728T042224_T47SLV,True,MATCHED,2025-07-31,COPERNICUS/S2_SR_HARMONIZED/20250728T042221_20250728T042224_T47SLV,20250728T042221_20250728T042224_T47SLV,21ace54821c08fb8168c725984234c9461a70ffcf00fd8f344d3841b5cd0efcf,2025
AOI-03,COPERNICUS/S2_CLOUD_PROBABILITY/20250810T041549_20250810T042533_T47SLV,20250810T041549_20250810T042533_T47SLV,True,MATCHED,2025-07-31,COPERNICUS/S2_SR_HARMONIZED/20250810T041549_20250810T042533_T47SLV,20250810T041549_20250810T042533_T47SLV,21ace54821c08fb8168c725984234c9461a70ffcf00fd8f344d3841b5cd0efcf,2025
AOI-03,COPERNICUS/S2_CLOUD_PROBABILITY/20250815T041611_20250815T042508_T47SLV,20250815T041611_20250815T042508_T47SLV,True,MATCHED,2025-07-31,COPERNICUS/S2_SR_HARMONIZED/20250815T041611_20250815T042508_T47SLV,20250815T041611_20250815T042508_T47SLV,21ace54821c08fb8168c725984234c9461a70ffcf00fd8f344d3841b5cd0efcf,2025
AOI-03,,,False,NOT_REQUIRED,2025-08-10,COPERNICUS/S2_SR_HARMONIZED/20250706T041611_20250706T041914_T47SLV,20250706T041611_20250706T041914_T47SLV,f4f6504e7f9a59ac479dcfad3b4aea1b85b330aea828ddb72427906e5794af2a,2025
AOI-03,,,False,NOT_REQUIRED,2025-08-10,COPERNICUS/S2_SR_HARMONIZED/20250708T042221_20250708T042224_T47SLV,20250708T042221_20250708T042224_T47SLV,f4f6504e7f9a59ac479dcfad3b4aea1b85b330aea828ddb72427906e5794af2a,2025
AOI-03,,,False,NOT_REQUIRED,2025-08-10,COPERNICUS/S2_SR_HARMONIZED/20250711T041549_20250711T042427_T47SLV,20250711T041549_20250711T042427_T47SLV,f4f6504e7f9a59ac479dcfad3b4aea1b85b330aea828ddb72427906e5794af2a,2025
AOI-03,,,False,NOT_REQUIRED,2025-08-10,COPERNICUS/S2_SR_HARMONIZED/20250716T041611_20250716T042429_T47SLV,20250716T041611_20250716T042429_T47SLV,f4f6504e7f9a59ac479dcfad3b4aea1b85b330aea828ddb72427906e5794af2a,2025
AOI-03,,,False,NOT_REQUIRED,2025-08-10,COPERNICUS/S2_SR_HARMONIZED/20250721T041549_20250721T042534_T47SLV,20250721T041549_20250721T042534_T47SLV,f4f6504e7f9a59ac479dcfad3b4aea1b85b330aea828ddb72427906e5794af2a,2025
AOI-03,COPERNICUS/S2_CLOUD_PROBABILITY/20250726T041611_20250726T041910_T47SLV,20250726T041611_20250726T041910_T47SLV,True,MATCHED,2025-08-10,COPERNICUS/S2_SR_HARMONIZED/20250726T041611_20250726T041910_T47SLV,20250726T041611_20250726T041910_T47SLV,f4f6504e7f9a59ac479dcfad3b4aea1b85b330aea828ddb72427906e5794af2a,2025
AOI-03,COPERNICUS/S2_CLOUD_PROBABILITY/20250728T042221_20250728T042224_T47SLV,20250728T042221_20250728T042224_T47SLV,True,MATCHED,2025-08-10,COPERNICUS/S2_SR_HARMONIZED/20250728T042221_20250728T042224_T47SLV,20250728T042221_20250728T042224_T47SLV,f4f6504e7f9a59ac479dcfad3b4aea1b85b330aea828ddb72427906e5794af2a,2025
AOI-03,COPERNICUS/S2_CLOUD_PROBABILITY/20250810T041549_20250810T042533_T47SLV,20250810T041549_20250810T042533_T47SLV,True,MATCHED,2025-08-10,COPERNICUS/S2_SR_HARMONIZED/20250810T041549_20250810T042533_T47SLV,20250810T041549_20250810T042533_T47SLV,f4f6504e7f9a59ac479dcfad3b4aea1b85b330aea828ddb72427906e5794af2a,2025
AOI-03,COPERNICUS/S2_CLOUD_PROBABILITY/20250815T041611_20250815T042508_T47SLV,20250815T041611_20250815T042508_T47SLV,True,MATCHED,2025-08-10,COPERNICUS/S2_SR_HARMONIZED/20250815T041611_20250815T042508_T47SLV,20250815T041611_20250815T042508_T47SLV,f4f6504e7f9a59ac479dcfad3b4aea1b85b330aea828ddb72427906e5794af2a,2025
