manuscript_section,page_or_location,table_or_figure,claim_or_metric,displayed_value,source_file,source_row,source_full_precision,rounding,generating_script,canonical_lineage,PASS_FAIL
Abstract,headline,,pair count,"681,545",repo/Data/Additional Sensitivity Analysis/Canonical Primary Nonoverlap 20260830/manifest.json,pair_rows,681545,integer,Code/scripts/34_promote_nonoverlap_primary.py,canonical_nonoverlap_primary_20260830 / final_phase1_sensitivities,PASS
Abstract,headline,,sensor mean RMSE,0.045182 / 0.037984 / 0.034141,repo/Data/Additional Sensitivity Analysis/Canonical Primary Nonoverlap 20260830/multi_aoi_metrics.csv,groupby sensor mean,machine-derived,6 decimals,Code/scripts/34_promote_nonoverlap_primary.py,canonical_nonoverlap_primary_20260830 / final_phase1_sensitivities,PASS
Abstract,headline,,run counts,72 / 72 / 48,repo/Data/Additional Sensitivity Analysis/Canonical Primary Nonoverlap 20260830/manifest.json,run keys,machine-derived,integer,Code/scripts/34_promote_nonoverlap_primary.py,canonical_nonoverlap_primary_20260830 / final_phase1_sensitivities,PASS
Results,block inference,,Holm-supported contrasts,36 (28 lower; 8 higher),repo/Data/Additional Sensitivity Analysis/Canonical Primary Nonoverlap 20260830/block_contrasts.csv,significant=True,machine-derived,integer,Code/scripts/34_promote_nonoverlap_primary.py,canonical_nonoverlap_primary_20260830 / final_phase1_sensitivities,PASS
Results; Table 6,aggregation,,active sensitivity summary,1/12 histories; 2/12 RO units,repo/Data/Additional Sensitivity Analysis/New Nonoverlap Primary/Aggregation Order/summaries/aggregation_history_changes.csv,sum booleans,machine-derived,integer,Code/scripts/35_phase1_nonoverlap_sensitivity.py,canonical_nonoverlap_primary_20260830 / final_phase1_sensitivities,PASS
Results; Table 6,aerosol,,final aerosol summary,12/12 operational and matched; 14 changes; 3 not comparable,repo/Data/Additional Sensitivity Analysis/New Nonoverlap Primary/Landsat Aerosol QA/summaries/AEROSOL_QA_FINAL_SUMMARY.csv,summary row=1,machine-derived,integer,Code/scripts/37_postprocess_phase1_aerosol.py,canonical_nonoverlap_primary_20260830 / final_phase1_sensitivities,PASS
Table 2,primary performance,,12 selected configurations,source-derived table cells,repo/Data/Additional Sensitivity Analysis/Canonical Primary Nonoverlap 20260830/multi_aoi_metrics.csv,selected 2025 windows,machine-derived,source-table precision,Code/scripts/34_promote_nonoverlap_primary.py,canonical_nonoverlap_primary_20260830 / final_phase1_sensitivities,PASS
Table 3,DPM/OLS,,12 selected comparisons,source-derived table cells,repo/Data/Additional Sensitivity Analysis/Canonical Primary Nonoverlap 20260830/dpm_vs_ols_selected.csv,all rows,machine-derived,source-table precision,Code/scripts/34_promote_nonoverlap_primary.py,canonical_nonoverlap_primary_20260830 / final_phase1_sensitivities,PASS
Table 4,AOI-01 diagnostic,,baseline and clipping diagnostic,source-derived table cells,repo/Data/Additional Sensitivity Analysis/Canonical Primary Nonoverlap 20260830/aoi01_baseline_clipping.csv,all rows,machine-derived,source-table precision,Code/scripts/34_promote_nonoverlap_primary.py,canonical_nonoverlap_primary_20260830 / final_phase1_sensitivities,PASS
Table 5,block inference,,sensor summary and extrema,source-derived table cells,repo/Data/Additional Sensitivity Analysis/Canonical Primary Nonoverlap 20260830/block_contrasts.csv,all 72 rows,machine-derived,source-table precision,Code/scripts/34_promote_nonoverlap_primary.py,canonical_nonoverlap_primary_20260830 / final_phase1_sensitivities,PASS
Cover Letter,sensitivity,,aggregation RMSE range,-0.000890 to 0.000683,repo/Data/Additional Sensitivity Analysis/New Nonoverlap Primary/Aggregation Order/summaries/aggregation_configuration_summary.csv,min/max delta_RMSE_operational,machine-derived,6 decimals,Code/scripts/35_phase1_nonoverlap_sensitivity.py,canonical_nonoverlap_primary_20260830 / final_phase1_sensitivities,PASS
Abstract; Methods; Results,headline counts,-,total paired observations,"681,545",repo/Data/Additional Sensitivity Analysis/Canonical Primary Nonoverlap 20260830/manifest.json,JSON key=pair_rows,681545,counts: integer; manuscript headline RMSE/differences: 6 decimals; table values: source-derived fixed precision,Code/scripts/34_promote_nonoverlap_primary.py,canonical_nonoverlap_primary_20260830 / final_phase1_sensitivities,PASS
Abstract; Methods; Results,headline counts,-,Multi-AOI OLS runs,72,repo/Data/Additional Sensitivity Analysis/Canonical Primary Nonoverlap 20260830/manifest.json,JSON key=multi_aoi_runs,72,counts: integer; manuscript headline RMSE/differences: 6 decimals; table values: source-derived fixed precision,Code/scripts/34_promote_nonoverlap_primary.py,canonical_nonoverlap_primary_20260830 / final_phase1_sensitivities,PASS
Abstract; Methods; Results,headline counts,-,Rolling-Origin OLS runs,72,repo/Data/Additional Sensitivity Analysis/Canonical Primary Nonoverlap 20260830/manifest.json,JSON key=rolling_origin_runs,72,counts: integer; manuscript headline RMSE/differences: 6 decimals; table values: source-derived fixed precision,Code/scripts/34_promote_nonoverlap_primary.py,canonical_nonoverlap_primary_20260830 / final_phase1_sensitivities,PASS
Abstract; Methods; Results,headline counts,-,DPM endpoint configurations,48,repo/Data/Additional Sensitivity Analysis/Canonical Primary Nonoverlap 20260830/manifest.json,JSON key=dpm_runs,48,counts: integer; manuscript headline RMSE/differences: 6 decimals; table values: source-derived fixed precision,Code/scripts/34_promote_nonoverlap_primary.py,canonical_nonoverlap_primary_20260830 / final_phase1_sensitivities,PASS
Abstract; Methods; Results,headline counts,-,predefined paired block contrasts,72,repo/Data/Additional Sensitivity Analysis/Canonical Primary Nonoverlap 20260830/manifest.json,JSON key=block_contrasts,72,counts: integer; manuscript headline RMSE/differences: 6 decimals; table values: source-derived fixed precision,Code/scripts/34_promote_nonoverlap_primary.py,canonical_nonoverlap_primary_20260830 / final_phase1_sensitivities,PASS
Results,Table 2,Table 2,RMSE,0.049230,repo/Data/Additional Sensitivity Analysis/Canonical Primary Nonoverlap 20260830/multi_aoi_metrics.csv,AOI=AOI-00; sensor=landsat; window=W2022; target_year=2025,0.0492297588303295,counts: integer; manuscript headline RMSE/differences: 6 decimals; table values: source-derived fixed precision,Code/scripts/34_promote_nonoverlap_primary.py,canonical_nonoverlap_primary_20260830 / final_phase1_sensitivities,PASS
Results,Table 2,Table 2,MAE,0.040301,repo/Data/Additional Sensitivity Analysis/Canonical Primary Nonoverlap 20260830/multi_aoi_metrics.csv,AOI=AOI-00; sensor=landsat; window=W2022; target_year=2025,0.0403013681922729,counts: integer; manuscript headline RMSE/differences: 6 decimals; table values: source-derived fixed precision,Code/scripts/34_promote_nonoverlap_primary.py,canonical_nonoverlap_primary_20260830 / final_phase1_sensitivities,PASS
Results,Table 2,Table 2,Bias,-0.001052,repo/Data/Additional Sensitivity Analysis/Canonical Primary Nonoverlap 20260830/multi_aoi_metrics.csv,AOI=AOI-00; sensor=landsat; window=W2022; target_year=2025,-0.0010518259242066,counts: integer; manuscript headline RMSE/differences: 6 decimals; table values: source-derived fixed precision,Code/scripts/34_promote_nonoverlap_primary.py,canonical_nonoverlap_primary_20260830 / final_phase1_sensitivities,PASS
Results,Table 2,Table 2,R2,0.7405386596973291,repo/Data/Additional Sensitivity Analysis/Canonical Primary Nonoverlap 20260830/multi_aoi_metrics.csv,AOI=AOI-00; sensor=landsat; window=W2022; target_year=2025,0.7405386596973291,counts: integer; manuscript headline RMSE/differences: 6 decimals; table values: source-derived fixed precision,Code/scripts/34_promote_nonoverlap_primary.py,canonical_nonoverlap_primary_20260830 / final_phase1_sensitivities,PASS
Results,Table 2,Table 2,Pearson_r,0.8607811944412894,repo/Data/Additional Sensitivity Analysis/Canonical Primary Nonoverlap 20260830/multi_aoi_metrics.csv,AOI=AOI-00; sensor=landsat; window=W2022; target_year=2025,0.8607811944412894,counts: integer; manuscript headline RMSE/differences: 6 decimals; table values: source-derived fixed precision,Code/scripts/34_promote_nonoverlap_primary.py,canonical_nonoverlap_primary_20260830 / final_phase1_sensitivities,PASS
Results,Table 2,Table 2,RMSE,0.050040,repo/Data/Additional Sensitivity Analysis/Canonical Primary Nonoverlap 20260830/multi_aoi_metrics.csv,AOI=AOI-00; sensor=landsat; window=W2023; target_year=2025,0.0500402703789647,counts: integer; manuscript headline RMSE/differences: 6 decimals; table values: source-derived fixed precision,Code/scripts/34_promote_nonoverlap_primary.py,canonical_nonoverlap_primary_20260830 / final_phase1_sensitivities,PASS
Results,Table 2,Table 2,MAE,0.040883,repo/Data/Additional Sensitivity Analysis/Canonical Primary Nonoverlap 20260830/multi_aoi_metrics.csv,AOI=AOI-00; sensor=landsat; window=W2023; target_year=2025,0.0408831384432917,counts: integer; manuscript headline RMSE/differences: 6 decimals; table values: source-derived fixed precision,Code/scripts/34_promote_nonoverlap_primary.py,canonical_nonoverlap_primary_20260830 / final_phase1_sensitivities,PASS
Results,Table 2,Table 2,Bias,-0.008832,repo/Data/Additional Sensitivity Analysis/Canonical Primary Nonoverlap 20260830/multi_aoi_metrics.csv,AOI=AOI-00; sensor=landsat; window=W2023; target_year=2025,-0.0088321794688838,counts: integer; manuscript headline RMSE/differences: 6 decimals; table values: source-derived fixed precision,Code/scripts/34_promote_nonoverlap_primary.py,canonical_nonoverlap_primary_20260830 / final_phase1_sensitivities,PASS
Results,Table 2,Table 2,R2,0.7319248633892765,repo/Data/Additional Sensitivity Analysis/Canonical Primary Nonoverlap 20260830/multi_aoi_metrics.csv,AOI=AOI-00; sensor=landsat; window=W2023; target_year=2025,0.7319248633892765,counts: integer; manuscript headline RMSE/differences: 6 decimals; table values: source-derived fixed precision,Code/scripts/34_promote_nonoverlap_primary.py,canonical_nonoverlap_primary_20260830 / final_phase1_sensitivities,PASS
Results,Table 2,Table 2,Pearson_r,0.8607811944412886,repo/Data/Additional Sensitivity Analysis/Canonical Primary Nonoverlap 20260830/multi_aoi_metrics.csv,AOI=AOI-00; sensor=landsat; window=W2023; target_year=2025,0.8607811944412886,counts: integer; manuscript headline RMSE/differences: 6 decimals; table values: source-derived fixed precision,Code/scripts/34_promote_nonoverlap_primary.py,canonical_nonoverlap_primary_20260830 / final_phase1_sensitivities,PASS
Results,Table 2,Table 2,RMSE,0.056442,repo/Data/Additional Sensitivity Analysis/Canonical Primary Nonoverlap 20260830/multi_aoi_metrics.csv,AOI=AOI-00; sensor=landsat; window=W2024; target_year=2025,0.0564420936508308,counts: integer; manuscript headline RMSE/differences: 6 decimals; table values: source-derived fixed precision,Code/scripts/34_promote_nonoverlap_primary.py,canonical_nonoverlap_primary_20260830 / final_phase1_sensitivities,PASS
Results,Table 2,Table 2,MAE,0.045871,repo/Data/Additional Sensitivity Analysis/Canonical Primary Nonoverlap 20260830/multi_aoi_metrics.csv,AOI=AOI-00; sensor=landsat; window=W2024; target_year=2025,0.0458712970417949,counts: integer; manuscript headline RMSE/differences: 6 decimals; table values: source-derived fixed precision,Code/scripts/34_promote_nonoverlap_primary.py,canonical_nonoverlap_primary_20260830 / final_phase1_sensitivities,PASS
Results,Table 2,Table 2,Bias,-0.027288,repo/Data/Additional Sensitivity Analysis/Canonical Primary Nonoverlap 20260830/multi_aoi_metrics.csv,AOI=AOI-00; sensor=landsat; window=W2024; target_year=2025,-0.0272877164921305,counts: integer; manuscript headline RMSE/differences: 6 decimals; table values: source-derived fixed precision,Code/scripts/34_promote_nonoverlap_primary.py,canonical_nonoverlap_primary_20260830 / final_phase1_sensitivities,PASS
Results,Table 2,Table 2,R2,0.6589457461127983,repo/Data/Additional Sensitivity Analysis/Canonical Primary Nonoverlap 20260830/multi_aoi_metrics.csv,AOI=AOI-00; sensor=landsat; window=W2024; target_year=2025,0.6589457461127983,counts: integer; manuscript headline RMSE/differences: 6 decimals; table values: source-derived fixed precision,Code/scripts/34_promote_nonoverlap_primary.py,canonical_nonoverlap_primary_20260830 / final_phase1_sensitivities,PASS
Results,Table 2,Table 2,Pearson_r,0.8607811944412875,repo/Data/Additional Sensitivity Analysis/Canonical Primary Nonoverlap 20260830/multi_aoi_metrics.csv,AOI=AOI-00; sensor=landsat; window=W2024; target_year=2025,0.8607811944412875,counts: integer; manuscript headline RMSE/differences: 6 decimals; table values: source-derived fixed precision,Code/scripts/34_promote_nonoverlap_primary.py,canonical_nonoverlap_primary_20260830 / final_phase1_sensitivities,PASS
Results,Table 2,Table 2,RMSE,0.049471,repo/Data/Additional Sensitivity Analysis/Canonical Primary Nonoverlap 20260830/multi_aoi_metrics.csv,AOI=AOI-00; sensor=landsat; window=W2022_2023; target_year=2025,0.0494710693808697,counts: integer; manuscript headline RMSE/differences: 6 decimals; table values: source-derived fixed precision,Code/scripts/34_promote_nonoverlap_primary.py,canonical_nonoverlap_primary_20260830 / final_phase1_sensitivities,PASS
Results,Table 2,Table 2,MAE,0.040529,repo/Data/Additional Sensitivity Analysis/Canonical Primary Nonoverlap 20260830/multi_aoi_metrics.csv,AOI=AOI-00; sensor=landsat; window=W2022_2023; target_year=2025,0.0405291375754565,counts: integer; manuscript headline RMSE/differences: 6 decimals; table values: source-derived fixed precision,Code/scripts/34_promote_nonoverlap_primary.py,canonical_nonoverlap_primary_20260830 / final_phase1_sensitivities,PASS
Results,Table 2,Table 2,Bias,-0.005075,repo/Data/Additional Sensitivity Analysis/Canonical Primary Nonoverlap 20260830/multi_aoi_metrics.csv,AOI=AOI-00; sensor=landsat; window=W2022_2023; target_year=2025,-0.0050750157569322,counts: integer; manuscript headline RMSE/differences: 6 decimals; table values: source-derived fixed precision,Code/scripts/34_promote_nonoverlap_primary.py,canonical_nonoverlap_primary_20260830 / final_phase1_sensitivities,PASS
Results,Table 2,Table 2,R2,0.7379888113696362,repo/Data/Additional Sensitivity Analysis/Canonical Primary Nonoverlap 20260830/multi_aoi_metrics.csv,AOI=AOI-00; sensor=landsat; window=W2022_2023; target_year=2025,0.7379888113696362,counts: integer; manuscript headline RMSE/differences: 6 decimals; table values: source-derived fixed precision,Code/scripts/34_promote_nonoverlap_primary.py,canonical_nonoverlap_primary_20260830 / final_phase1_sensitivities,PASS
Results,Table 2,Table 2,Pearson_r,0.8607811944412872,repo/Data/Additional Sensitivity Analysis/Canonical Primary Nonoverlap 20260830/multi_aoi_metrics.csv,AOI=AOI-00; sensor=landsat; window=W2022_2023; target_year=2025,0.8607811944412872,counts: integer; manuscript headline RMSE/differences: 6 decimals; table values: source-derived fixed precision,Code/scripts/34_promote_nonoverlap_primary.py,canonical_nonoverlap_primary_20260830 / final_phase1_sensitivities,PASS
Results,Table 2,Table 2,RMSE,0.053031,repo/Data/Additional Sensitivity Analysis/Canonical Primary Nonoverlap 20260830/multi_aoi_metrics.csv,AOI=AOI-00; sensor=landsat; window=W2023_2024; target_year=2025,0.0530310819217106,counts: integer; manuscript headline RMSE/differences: 6 decimals; table values: source-derived fixed precision,Code/scripts/34_promote_nonoverlap_primary.py,canonical_nonoverlap_primary_20260830 / final_phase1_sensitivities,PASS
Results,Table 2,Table 2,MAE,0.043249,repo/Data/Additional Sensitivity Analysis/Canonical Primary Nonoverlap 20260830/multi_aoi_metrics.csv,AOI=AOI-00; sensor=landsat; window=W2023_2024; target_year=2025,0.0432492653225373,counts: integer; manuscript headline RMSE/differences: 6 decimals; table values: source-derived fixed precision,Code/scripts/34_promote_nonoverlap_primary.py,canonical_nonoverlap_primary_20260830 / final_phase1_sensitivities,PASS
Results,Table 2,Table 2,Bias,-0.019750,repo/Data/Additional Sensitivity Analysis/Canonical Primary Nonoverlap 20260830/multi_aoi_metrics.csv,AOI=AOI-00; sensor=landsat; window=W2023_2024; target_year=2025,-0.0197504641536073,counts: integer; manuscript headline RMSE/differences: 6 decimals; table values: source-derived fixed precision,Code/scripts/34_promote_nonoverlap_primary.py,canonical_nonoverlap_primary_20260830 / final_phase1_sensitivities,PASS
Results,Table 2,Table 2,R2,0.6989225592062891,repo/Data/Additional Sensitivity Analysis/Canonical Primary Nonoverlap 20260830/multi_aoi_metrics.csv,AOI=AOI-00; sensor=landsat; window=W2023_2024; target_year=2025,0.6989225592062891,counts: integer; manuscript headline RMSE/differences: 6 decimals; table values: source-derived fixed precision,Code/scripts/34_promote_nonoverlap_primary.py,canonical_nonoverlap_primary_20260830 / final_phase1_sensitivities,PASS
Results,Table 2,Table 2,Pearson_r,0.8607811944412884,repo/Data/Additional Sensitivity Analysis/Canonical Primary Nonoverlap 20260830/multi_aoi_metrics.csv,AOI=AOI-00; sensor=landsat; window=W2023_2024; target_year=2025,0.8607811944412884,counts: integer; manuscript headline RMSE/differences: 6 decimals; table values: source-derived fixed precision,Code/scripts/34_promote_nonoverlap_primary.py,canonical_nonoverlap_primary_20260830 / final_phase1_sensitivities,PASS
Results,Table 2,Table 2,RMSE,0.051431,repo/Data/Additional Sensitivity Analysis/Canonical Primary Nonoverlap 20260830/multi_aoi_metrics.csv,AOI=AOI-00; sensor=landsat; window=W2022_2024; target_year=2025,0.0514311399500868,counts: integer; manuscript headline RMSE/differences: 6 decimals; table values: source-derived fixed precision,Code/scripts/34_promote_nonoverlap_primary.py,canonical_nonoverlap_primary_20260830 / final_phase1_sensitivities,PASS
Results,Table 2,Table 2,MAE,0.042138,repo/Data/Additional Sensitivity Analysis/Canonical Primary Nonoverlap 20260830/multi_aoi_metrics.csv,AOI=AOI-00; sensor=landsat; window=W2022_2024; target_year=2025,0.042138244427321,counts: integer; manuscript headline RMSE/differences: 6 decimals; table values: source-derived fixed precision,Code/scripts/34_promote_nonoverlap_primary.py,canonical_nonoverlap_primary_20260830 / final_phase1_sensitivities,PASS
Results,Table 2,Table 2,Bias,-0.014888,repo/Data/Additional Sensitivity Analysis/Canonical Primary Nonoverlap 20260830/multi_aoi_metrics.csv,AOI=AOI-00; sensor=landsat; window=W2022_2024; target_year=2025,-0.0148883960426229,counts: integer; manuscript headline RMSE/differences: 6 decimals; table values: source-derived fixed precision,Code/scripts/34_promote_nonoverlap_primary.py,canonical_nonoverlap_primary_20260830 / final_phase1_sensitivities,PASS
Results,Table 2,Table 2,R2,0.7168154590562494,repo/Data/Additional Sensitivity Analysis/Canonical Primary Nonoverlap 20260830/multi_aoi_metrics.csv,AOI=AOI-00; sensor=landsat; window=W2022_2024; target_year=2025,0.7168154590562494,counts: integer; manuscript headline RMSE/differences: 6 decimals; table values: source-derived fixed precision,Code/scripts/34_promote_nonoverlap_primary.py,canonical_nonoverlap_primary_20260830 / final_phase1_sensitivities,PASS
Results,Table 2,Table 2,Pearson_r,0.8607811944412878,repo/Data/Additional Sensitivity Analysis/Canonical Primary Nonoverlap 20260830/multi_aoi_metrics.csv,AOI=AOI-00; sensor=landsat; window=W2022_2024; target_year=2025,0.8607811944412878,counts: integer; manuscript headline RMSE/differences: 6 decimals; table values: source-derived fixed precision,Code/scripts/34_promote_nonoverlap_primary.py,canonical_nonoverlap_primary_20260830 / final_phase1_sensitivities,PASS
Results,Table 2,Table 2,RMSE,0.042857,repo/Data/Additional Sensitivity Analysis/Canonical Primary Nonoverlap 20260830/multi_aoi_metrics.csv,AOI=AOI-00; sensor=modis; window=W2022; target_year=2025,0.0428567236749459,counts: integer; manuscript headline RMSE/differences: 6 decimals; table values: source-derived fixed precision,Code/scripts/34_promote_nonoverlap_primary.py,canonical_nonoverlap_primary_20260830 / final_phase1_sensitivities,PASS
Results,Table 2,Table 2,MAE,0.033005,repo/Data/Additional Sensitivity Analysis/Canonical Primary Nonoverlap 20260830/multi_aoi_metrics.csv,AOI=AOI-00; sensor=modis; window=W2022; target_year=2025,0.0330049589599437,counts: integer; manuscript headline RMSE/differences: 6 decimals; table values: source-derived fixed precision,Code/scripts/34_promote_nonoverlap_primary.py,canonical_nonoverlap_primary_20260830 / final_phase1_sensitivities,PASS
Results,Table 2,Table 2,Bias,-0.009416,repo/Data/Additional Sensitivity Analysis/Canonical Primary Nonoverlap 20260830/multi_aoi_metrics.csv,AOI=AOI-00; sensor=modis; window=W2022; target_year=2025,-0.0094164417593354,counts: integer; manuscript headline RMSE/differences: 6 decimals; table values: source-derived fixed precision,Code/scripts/34_promote_nonoverlap_primary.py,canonical_nonoverlap_primary_20260830 / final_phase1_sensitivities,PASS
Results,Table 2,Table 2,R2,0.8074222535834166,repo/Data/Additional Sensitivity Analysis/Canonical Primary Nonoverlap 20260830/multi_aoi_metrics.csv,AOI=AOI-00; sensor=modis; window=W2022; target_year=2025,0.8074222535834166,counts: integer; manuscript headline RMSE/differences: 6 decimals; table values: source-derived fixed precision,Code/scripts/34_promote_nonoverlap_primary.py,canonical_nonoverlap_primary_20260830 / final_phase1_sensitivities,PASS
Results,Table 2,Table 2,Pearson_r,0.9039491553791996,repo/Data/Additional Sensitivity Analysis/Canonical Primary Nonoverlap 20260830/multi_aoi_metrics.csv,AOI=AOI-00; sensor=modis; window=W2022; target_year=2025,0.9039491553791996,counts: integer; manuscript headline RMSE/differences: 6 decimals; table values: source-derived fixed precision,Code/scripts/34_promote_nonoverlap_primary.py,canonical_nonoverlap_primary_20260830 / final_phase1_sensitivities,PASS
Results,Table 2,Table 2,RMSE,0.041835,repo/Data/Additional Sensitivity Analysis/Canonical Primary Nonoverlap 20260830/multi_aoi_metrics.csv,AOI=AOI-00; sensor=modis; window=W2023; target_year=2025,0.0418347022994977,counts: integer; manuscript headline RMSE/differences: 6 decimals; table values: source-derived fixed precision,Code/scripts/34_promote_nonoverlap_primary.py,canonical_nonoverlap_primary_20260830 / final_phase1_sensitivities,PASS
Results,Table 2,Table 2,MAE,0.032965,repo/Data/Additional Sensitivity Analysis/Canonical Primary Nonoverlap 20260830/multi_aoi_metrics.csv,AOI=AOI-00; sensor=modis; window=W2023; target_year=2025,0.0329651744131916,counts: integer; manuscript headline RMSE/differences: 6 decimals; table values: source-derived fixed precision,Code/scripts/34_promote_nonoverlap_primary.py,canonical_nonoverlap_primary_20260830 / final_phase1_sensitivities,PASS
Results,Table 2,Table 2,Bias,-0.000532,repo/Data/Additional Sensitivity Analysis/Canonical Primary Nonoverlap 20260830/multi_aoi_metrics.csv,AOI=AOI-00; sensor=modis; window=W2023; target_year=2025,-0.0005316982009135,counts: integer; manuscript headline RMSE/differences: 6 decimals; table values: source-derived fixed precision,Code/scripts/34_promote_nonoverlap_primary.py,canonical_nonoverlap_primary_20260830 / final_phase1_sensitivities,PASS
Results,Table 2,Table 2,R2,0.8164976915126667,repo/Data/Additional Sensitivity Analysis/Canonical Primary Nonoverlap 20260830/multi_aoi_metrics.csv,AOI=AOI-00; sensor=modis; window=W2023; target_year=2025,0.8164976915126667,counts: integer; manuscript headline RMSE/differences: 6 decimals; table values: source-derived fixed precision,Code/scripts/34_promote_nonoverlap_primary.py,canonical_nonoverlap_primary_20260830 / final_phase1_sensitivities,PASS
Results,Table 2,Table 2,Pearson_r,0.9039382033914638,repo/Data/Additional Sensitivity Analysis/Canonical Primary Nonoverlap 20260830/multi_aoi_metrics.csv,AOI=AOI-00; sensor=modis; window=W2023; target_year=2025,0.9039382033914638,counts: integer; manuscript headline RMSE/differences: 6 decimals; table values: source-derived fixed precision,Code/scripts/34_promote_nonoverlap_primary.py,canonical_nonoverlap_primary_20260830 / final_phase1_sensitivities,PASS
Results,Table 2,Table 2,RMSE,0.044496,repo/Data/Additional Sensitivity Analysis/Canonical Primary Nonoverlap 20260830/multi_aoi_metrics.csv,AOI=AOI-00; sensor=modis; window=W2024; target_year=2025,0.0444963977992049,counts: integer; manuscript headline RMSE/differences: 6 decimals; table values: source-derived fixed precision,Code/scripts/34_promote_nonoverlap_primary.py,canonical_nonoverlap_primary_20260830 / final_phase1_sensitivities,PASS
Results,Table 2,Table 2,MAE,0.034245,repo/Data/Additional Sensitivity Analysis/Canonical Primary Nonoverlap 20260830/multi_aoi_metrics.csv,AOI=AOI-00; sensor=modis; window=W2024; target_year=2025,0.0342448811228304,counts: integer; manuscript headline RMSE/differences: 6 decimals; table values: source-derived fixed precision,Code/scripts/34_promote_nonoverlap_primary.py,canonical_nonoverlap_primary_20260830 / final_phase1_sensitivities,PASS
Results,Table 2,Table 2,Bias,-0.012800,repo/Data/Additional Sensitivity Analysis/Canonical Primary Nonoverlap 20260830/multi_aoi_metrics.csv,AOI=AOI-00; sensor=modis; window=W2024; target_year=2025,-0.0127998791318279,counts: integer; manuscript headline RMSE/differences: 6 decimals; table values: source-derived fixed precision,Code/scripts/34_promote_nonoverlap_primary.py,canonical_nonoverlap_primary_20260830 / final_phase1_sensitivities,PASS
Results,Table 2,Table 2,R2,0.7924045289014423,repo/Data/Additional Sensitivity Analysis/Canonical Primary Nonoverlap 20260830/multi_aoi_metrics.csv,AOI=AOI-00; sensor=modis; window=W2024; target_year=2025,0.7924045289014423,counts: integer; manuscript headline RMSE/differences: 6 decimals; table values: source-derived fixed precision,Code/scripts/34_promote_nonoverlap_primary.py,canonical_nonoverlap_primary_20260830 / final_phase1_sensitivities,PASS
Results,Table 2,Table 2,Pearson_r,0.9039382033914616,repo/Data/Additional Sensitivity Analysis/Canonical Primary Nonoverlap 20260830/multi_aoi_metrics.csv,AOI=AOI-00; sensor=modis; window=W2024; target_year=2025,0.9039382033914616,counts: integer; manuscript headline RMSE/differences: 6 decimals; table values: source-derived fixed precision,Code/scripts/34_promote_nonoverlap_primary.py,canonical_nonoverlap_primary_20260830 / final_phase1_sensitivities,PASS
Results,Table 2,Table 2,RMSE,0.041931,repo/Data/Additional Sensitivity Analysis/Canonical Primary Nonoverlap 20260830/multi_aoi_metrics.csv,AOI=AOI-00; sensor=modis; window=W2022_2023; target_year=2025,0.0419312262114272,counts: integer; manuscript headline RMSE/differences: 6 decimals; table values: source-derived fixed precision,Code/scripts/34_promote_nonoverlap_primary.py,canonical_nonoverlap_primary_20260830 / final_phase1_sensitivities,PASS
Results,Table 2,Table 2,MAE,0.032747,repo/Data/Additional Sensitivity Analysis/Canonical Primary Nonoverlap 20260830/multi_aoi_metrics.csv,AOI=AOI-00; sensor=modis; window=W2022_2023; target_year=2025,0.0327474991523431,counts: integer; manuscript headline RMSE/differences: 6 decimals; table values: source-derived fixed precision,Code/scripts/34_promote_nonoverlap_primary.py,canonical_nonoverlap_primary_20260830 / final_phase1_sensitivities,PASS
Results,Table 2,Table 2,Bias,-0.003708,repo/Data/Additional Sensitivity Analysis/Canonical Primary Nonoverlap 20260830/multi_aoi_metrics.csv,AOI=AOI-00; sensor=modis; window=W2022_2023; target_year=2025,-0.003707723400219,counts: integer; manuscript headline RMSE/differences: 6 decimals; table values: source-derived fixed precision,Code/scripts/34_promote_nonoverlap_primary.py,canonical_nonoverlap_primary_20260830 / final_phase1_sensitivities,PASS
Results,Table 2,Table 2,R2,0.8156499362626483,repo/Data/Additional Sensitivity Analysis/Canonical Primary Nonoverlap 20260830/multi_aoi_metrics.csv,AOI=AOI-00; sensor=modis; window=W2022_2023; target_year=2025,0.8156499362626483,counts: integer; manuscript headline RMSE/differences: 6 decimals; table values: source-derived fixed precision,Code/scripts/34_promote_nonoverlap_primary.py,canonical_nonoverlap_primary_20260830 / final_phase1_sensitivities,PASS
Results,Table 2,Table 2,Pearson_r,0.9039382033914624,repo/Data/Additional Sensitivity Analysis/Canonical Primary Nonoverlap 20260830/multi_aoi_metrics.csv,AOI=AOI-00; sensor=modis; window=W2022_2023; target_year=2025,0.9039382033914624,counts: integer; manuscript headline RMSE/differences: 6 decimals; table values: source-derived fixed precision,Code/scripts/34_promote_nonoverlap_primary.py,canonical_nonoverlap_primary_20260830 / final_phase1_sensitivities,PASS
Results,Table 2,Table 2,RMSE,0.042381,repo/Data/Additional Sensitivity Analysis/Canonical Primary Nonoverlap 20260830/multi_aoi_metrics.csv,AOI=AOI-00; sensor=modis; window=W2023_2024; target_year=2025,0.0423814986103728,counts: integer; manuscript headline RMSE/differences: 6 decimals; table values: source-derived fixed precision,Code/scripts/34_promote_nonoverlap_primary.py,canonical_nonoverlap_primary_20260830 / final_phase1_sensitivities,PASS
Results,Table 2,Table 2,MAE,0.033042,repo/Data/Additional Sensitivity Analysis/Canonical Primary Nonoverlap 20260830/multi_aoi_metrics.csv,AOI=AOI-00; sensor=modis; window=W2023_2024; target_year=2025,0.0330424066343567,counts: integer; manuscript headline RMSE/differences: 6 decimals; table values: source-derived fixed precision,Code/scripts/34_promote_nonoverlap_primary.py,canonical_nonoverlap_primary_20260830 / final_phase1_sensitivities,PASS
Results,Table 2,Table 2,Bias,-0.005590,repo/Data/Additional Sensitivity Analysis/Canonical Primary Nonoverlap 20260830/multi_aoi_metrics.csv,AOI=AOI-00; sensor=modis; window=W2023_2024; target_year=2025,-0.0055904452425919,counts: integer; manuscript headline RMSE/differences: 6 decimals; table values: source-derived fixed precision,Code/scripts/34_promote_nonoverlap_primary.py,canonical_nonoverlap_primary_20260830 / final_phase1_sensitivities,PASS
Results,Table 2,Table 2,R2,0.8116694455252969,repo/Data/Additional Sensitivity Analysis/Canonical Primary Nonoverlap 20260830/multi_aoi_metrics.csv,AOI=AOI-00; sensor=modis; window=W2023_2024; target_year=2025,0.8116694455252969,counts: integer; manuscript headline RMSE/differences: 6 decimals; table values: source-derived fixed precision,Code/scripts/34_promote_nonoverlap_primary.py,canonical_nonoverlap_primary_20260830 / final_phase1_sensitivities,PASS
Results,Table 2,Table 2,Pearson_r,0.9039382033914632,repo/Data/Additional Sensitivity Analysis/Canonical Primary Nonoverlap 20260830/multi_aoi_metrics.csv,AOI=AOI-00; sensor=modis; window=W2023_2024; target_year=2025,0.9039382033914632,counts: integer; manuscript headline RMSE/differences: 6 decimals; table values: source-derived fixed precision,Code/scripts/34_promote_nonoverlap_primary.py,canonical_nonoverlap_primary_20260830 / final_phase1_sensitivities,PASS
Results,Table 2,Table 2,RMSE,0.042381,repo/Data/Additional Sensitivity Analysis/Canonical Primary Nonoverlap 20260830/multi_aoi_metrics.csv,AOI=AOI-00; sensor=modis; window=W2022_2024; target_year=2025,0.0423813599278264,counts: integer; manuscript headline RMSE/differences: 6 decimals; table values: source-derived fixed precision,Code/scripts/34_promote_nonoverlap_primary.py,canonical_nonoverlap_primary_20260830 / final_phase1_sensitivities,PASS
Results,Table 2,Table 2,MAE,0.032940,repo/Data/Additional Sensitivity Analysis/Canonical Primary Nonoverlap 20260830/multi_aoi_metrics.csv,AOI=AOI-00; sensor=modis; window=W2022_2024; target_year=2025,0.0329399323498866,counts: integer; manuscript headline RMSE/differences: 6 decimals; table values: source-derived fixed precision,Code/scripts/34_promote_nonoverlap_primary.py,canonical_nonoverlap_primary_20260830 / final_phase1_sensitivities,PASS
Results,Table 2,Table 2,Bias,-0.006596,repo/Data/Additional Sensitivity Analysis/Canonical Primary Nonoverlap 20260830/multi_aoi_metrics.csv,AOI=AOI-00; sensor=modis; window=W2022_2024; target_year=2025,-0.0065957525893229,counts: integer; manuscript headline RMSE/differences: 6 decimals; table values: source-derived fixed precision,Code/scripts/34_promote_nonoverlap_primary.py,canonical_nonoverlap_primary_20260830 / final_phase1_sensitivities,PASS
Results,Table 2,Table 2,R2,0.811670678049817,repo/Data/Additional Sensitivity Analysis/Canonical Primary Nonoverlap 20260830/multi_aoi_metrics.csv,AOI=AOI-00; sensor=modis; window=W2022_2024; target_year=2025,0.811670678049817,counts: integer; manuscript headline RMSE/differences: 6 decimals; table values: source-derived fixed precision,Code/scripts/34_promote_nonoverlap_primary.py,canonical_nonoverlap_primary_20260830 / final_phase1_sensitivities,PASS
Results,Table 2,Table 2,Pearson_r,0.903938203391462,repo/Data/Additional Sensitivity Analysis/Canonical Primary Nonoverlap 20260830/multi_aoi_metrics.csv,AOI=AOI-00; sensor=modis; window=W2022_2024; target_year=2025,0.903938203391462,counts: integer; manuscript headline RMSE/differences: 6 decimals; table values: source-derived fixed precision,Code/scripts/34_promote_nonoverlap_primary.py,canonical_nonoverlap_primary_20260830 / final_phase1_sensitivities,PASS
Results,Table 2,Table 2,RMSE,0.072786,repo/Data/Additional Sensitivity Analysis/Canonical Primary Nonoverlap 20260830/multi_aoi_metrics.csv,AOI=AOI-00; sensor=sentinel2; window=W2022; target_year=2025,0.0727859818139534,counts: integer; manuscript headline RMSE/differences: 6 decimals; table values: source-derived fixed precision,Code/scripts/34_promote_nonoverlap_primary.py,canonical_nonoverlap_primary_20260830 / final_phase1_sensitivities,PASS
Results,Table 2,Table 2,MAE,0.059770,repo/Data/Additional Sensitivity Analysis/Canonical Primary Nonoverlap 20260830/multi_aoi_metrics.csv,AOI=AOI-00; sensor=sentinel2; window=W2022; target_year=2025,0.0597696586373336,counts: integer; manuscript headline RMSE/differences: 6 decimals; table values: source-derived fixed precision,Code/scripts/34_promote_nonoverlap_primary.py,canonical_nonoverlap_primary_20260830 / final_phase1_sensitivities,PASS
Results,Table 2,Table 2,Bias,-0.032090,repo/Data/Additional Sensitivity Analysis/Canonical Primary Nonoverlap 20260830/multi_aoi_metrics.csv,AOI=AOI-00; sensor=sentinel2; window=W2022; target_year=2025,-0.0320900111554334,counts: integer; manuscript headline RMSE/differences: 6 decimals; table values: source-derived fixed precision,Code/scripts/34_promote_nonoverlap_primary.py,canonical_nonoverlap_primary_20260830 / final_phase1_sensitivities,PASS
Results,Table 2,Table 2,R2,0.4714880048218224,repo/Data/Additional Sensitivity Analysis/Canonical Primary Nonoverlap 20260830/multi_aoi_metrics.csv,AOI=AOI-00; sensor=sentinel2; window=W2022; target_year=2025,0.4714880048218224,counts: integer; manuscript headline RMSE/differences: 6 decimals; table values: source-derived fixed precision,Code/scripts/34_promote_nonoverlap_primary.py,canonical_nonoverlap_primary_20260830 / final_phase1_sensitivities,PASS
Results,Table 2,Table 2,Pearson_r,0.7579114802276049,repo/Data/Additional Sensitivity Analysis/Canonical Primary Nonoverlap 20260830/multi_aoi_metrics.csv,AOI=AOI-00; sensor=sentinel2; window=W2022; target_year=2025,0.7579114802276049,counts: integer; manuscript headline RMSE/differences: 6 decimals; table values: source-derived fixed precision,Code/scripts/34_promote_nonoverlap_primary.py,canonical_nonoverlap_primary_20260830 / final_phase1_sensitivities,PASS
Results,Table 2,Table 2,RMSE,0.076423,repo/Data/Additional Sensitivity Analysis/Canonical Primary Nonoverlap 20260830/multi_aoi_metrics.csv,AOI=AOI-00; sensor=sentinel2; window=W2023; target_year=2025,0.0764232508466077,counts: integer; manuscript headline RMSE/differences: 6 decimals; table values: source-derived fixed precision,Code/scripts/34_promote_nonoverlap_primary.py,canonical_nonoverlap_primary_20260830 / final_phase1_sensitivities,PASS
Results,Table 2,Table 2,MAE,0.062518,repo/Data/Additional Sensitivity Analysis/Canonical Primary Nonoverlap 20260830/multi_aoi_metrics.csv,AOI=AOI-00; sensor=sentinel2; window=W2023; target_year=2025,0.0625182505991173,counts: integer; manuscript headline RMSE/differences: 6 decimals; table values: source-derived fixed precision,Code/scripts/34_promote_nonoverlap_primary.py,canonical_nonoverlap_primary_20260830 / final_phase1_sensitivities,PASS
Results,Table 2,Table 2,Bias,-0.038082,repo/Data/Additional Sensitivity Analysis/Canonical Primary Nonoverlap 20260830/multi_aoi_metrics.csv,AOI=AOI-00; sensor=sentinel2; window=W2023; target_year=2025,-0.0380818853922085,counts: integer; manuscript headline RMSE/differences: 6 decimals; table values: source-derived fixed precision,Code/scripts/34_promote_nonoverlap_primary.py,canonical_nonoverlap_primary_20260830 / final_phase1_sensitivities,PASS
Results,Table 2,Table 2,R2,0.4173464801933024,repo/Data/Additional Sensitivity Analysis/Canonical Primary Nonoverlap 20260830/multi_aoi_metrics.csv,AOI=AOI-00; sensor=sentinel2; window=W2023; target_year=2025,0.4173464801933024,counts: integer; manuscript headline RMSE/differences: 6 decimals; table values: source-derived fixed precision,Code/scripts/34_promote_nonoverlap_primary.py,canonical_nonoverlap_primary_20260830 / final_phase1_sensitivities,PASS
Results,Table 2,Table 2,Pearson_r,0.7579801645602897,repo/Data/Additional Sensitivity Analysis/Canonical Primary Nonoverlap 20260830/multi_aoi_metrics.csv,AOI=AOI-00; sensor=sentinel2; window=W2023; target_year=2025,0.7579801645602897,counts: integer; manuscript headline RMSE/differences: 6 decimals; table values: source-derived fixed precision,Code/scripts/34_promote_nonoverlap_primary.py,canonical_nonoverlap_primary_20260830 / final_phase1_sensitivities,PASS
Results,Table 2,Table 2,RMSE,0.079832,repo/Data/Additional Sensitivity Analysis/Canonical Primary Nonoverlap 20260830/multi_aoi_metrics.csv,AOI=AOI-00; sensor=sentinel2; window=W2024; target_year=2025,0.0798319825140218,counts: integer; manuscript headline RMSE/differences: 6 decimals; table values: source-derived fixed precision,Code/scripts/34_promote_nonoverlap_primary.py,canonical_nonoverlap_primary_20260830 / final_phase1_sensitivities,PASS
Results,Table 2,Table 2,MAE,0.066229,repo/Data/Additional Sensitivity Analysis/Canonical Primary Nonoverlap 20260830/multi_aoi_metrics.csv,AOI=AOI-00; sensor=sentinel2; window=W2024; target_year=2025,0.0662292313325491,counts: integer; manuscript headline RMSE/differences: 6 decimals; table values: source-derived fixed precision,Code/scripts/34_promote_nonoverlap_primary.py,canonical_nonoverlap_primary_20260830 / final_phase1_sensitivities,PASS
Results,Table 2,Table 2,Bias,-0.045879,repo/Data/Additional Sensitivity Analysis/Canonical Primary Nonoverlap 20260830/multi_aoi_metrics.csv,AOI=AOI-00; sensor=sentinel2; window=W2024; target_year=2025,-0.0458787664269048,counts: integer; manuscript headline RMSE/differences: 6 decimals; table values: source-derived fixed precision,Code/scripts/34_promote_nonoverlap_primary.py,canonical_nonoverlap_primary_20260830 / final_phase1_sensitivities,PASS
Results,Table 2,Table 2,R2,0.364210738573093,repo/Data/Additional Sensitivity Analysis/Canonical Primary Nonoverlap 20260830/multi_aoi_metrics.csv,AOI=AOI-00; sensor=sentinel2; window=W2024; target_year=2025,0.364210738573093,counts: integer; manuscript headline RMSE/differences: 6 decimals; table values: source-derived fixed precision,Code/scripts/34_promote_nonoverlap_primary.py,canonical_nonoverlap_primary_20260830 / final_phase1_sensitivities,PASS
Results,Table 2,Table 2,Pearson_r,0.7578994922621423,repo/Data/Additional Sensitivity Analysis/Canonical Primary Nonoverlap 20260830/multi_aoi_metrics.csv,AOI=AOI-00; sensor=sentinel2; window=W2024; target_year=2025,0.7578994922621423,counts: integer; manuscript headline RMSE/differences: 6 decimals; table values: source-derived fixed precision,Code/scripts/34_promote_nonoverlap_primary.py,canonical_nonoverlap_primary_20260830 / final_phase1_sensitivities,PASS
Results,Table 2,Table 2,RMSE,0.074803,repo/Data/Additional Sensitivity Analysis/Canonical Primary Nonoverlap 20260830/multi_aoi_metrics.csv,AOI=AOI-00; sensor=sentinel2; window=W2022_2023; target_year=2025,0.0748030360390739,counts: integer; manuscript headline RMSE/differences: 6 decimals; table values: source-derived fixed precision,Code/scripts/34_promote_nonoverlap_primary.py,canonical_nonoverlap_primary_20260830 / final_phase1_sensitivities,PASS
Results,Table 2,Table 2,MAE,0.061285,repo/Data/Additional Sensitivity Analysis/Canonical Primary Nonoverlap 20260830/multi_aoi_metrics.csv,AOI=AOI-00; sensor=sentinel2; window=W2022_2023; target_year=2025,0.0612845656492012,counts: integer; manuscript headline RMSE/differences: 6 decimals; table values: source-derived fixed precision,Code/scripts/34_promote_nonoverlap_primary.py,canonical_nonoverlap_primary_20260830 / final_phase1_sensitivities,PASS
Results,Table 2,Table 2,Bias,-0.035546,repo/Data/Additional Sensitivity Analysis/Canonical Primary Nonoverlap 20260830/multi_aoi_metrics.csv,AOI=AOI-00; sensor=sentinel2; window=W2022_2023; target_year=2025,-0.0355455908798914,counts: integer; manuscript headline RMSE/differences: 6 decimals; table values: source-derived fixed precision,Code/scripts/34_promote_nonoverlap_primary.py,canonical_nonoverlap_primary_20260830 / final_phase1_sensitivities,PASS
Results,Table 2,Table 2,R2,0.4417897468291138,repo/Data/Additional Sensitivity Analysis/Canonical Primary Nonoverlap 20260830/multi_aoi_metrics.csv,AOI=AOI-00; sensor=sentinel2; window=W2022_2023; target_year=2025,0.4417897468291138,counts: integer; manuscript headline RMSE/differences: 6 decimals; table values: source-derived fixed precision,Code/scripts/34_promote_nonoverlap_primary.py,canonical_nonoverlap_primary_20260830 / final_phase1_sensitivities,PASS
Results,Table 2,Table 2,Pearson_r,0.7579687421506721,repo/Data/Additional Sensitivity Analysis/Canonical Primary Nonoverlap 20260830/multi_aoi_metrics.csv,AOI=AOI-00; sensor=sentinel2; window=W2022_2023; target_year=2025,0.7579687421506721,counts: integer; manuscript headline RMSE/differences: 6 decimals; table values: source-derived fixed precision,Code/scripts/34_promote_nonoverlap_primary.py,canonical_nonoverlap_primary_20260830 / final_phase1_sensitivities,PASS
Results,Table 2,Table 2,RMSE,0.077072,repo/Data/Additional Sensitivity Analysis/Canonical Primary Nonoverlap 20260830/multi_aoi_metrics.csv,AOI=AOI-00; sensor=sentinel2; window=W2023_2024; target_year=2025,0.0770719252230506,counts: integer; manuscript headline RMSE/differences: 6 decimals; table values: source-derived fixed precision,Code/scripts/34_promote_nonoverlap_primary.py,canonical_nonoverlap_primary_20260830 / final_phase1_sensitivities,PASS
Results,Table 2,Table 2,MAE,0.063370,repo/Data/Additional Sensitivity Analysis/Canonical Primary Nonoverlap 20260830/multi_aoi_metrics.csv,AOI=AOI-00; sensor=sentinel2; window=W2023_2024; target_year=2025,0.0633704849612775,counts: integer; manuscript headline RMSE/differences: 6 decimals; table values: source-derived fixed precision,Code/scripts/34_promote_nonoverlap_primary.py,canonical_nonoverlap_primary_20260830 / final_phase1_sensitivities,PASS
Results,Table 2,Table 2,Bias,-0.040297,repo/Data/Additional Sensitivity Analysis/Canonical Primary Nonoverlap 20260830/multi_aoi_metrics.csv,AOI=AOI-00; sensor=sentinel2; window=W2023_2024; target_year=2025,-0.0402972454217138,counts: integer; manuscript headline RMSE/differences: 6 decimals; table values: source-derived fixed precision,Code/scripts/34_promote_nonoverlap_primary.py,canonical_nonoverlap_primary_20260830 / final_phase1_sensitivities,PASS
Results,Table 2,Table 2,R2,0.4074134710845062,repo/Data/Additional Sensitivity Analysis/Canonical Primary Nonoverlap 20260830/multi_aoi_metrics.csv,AOI=AOI-00; sensor=sentinel2; window=W2023_2024; target_year=2025,0.4074134710845062,counts: integer; manuscript headline RMSE/differences: 6 decimals; table values: source-derived fixed precision,Code/scripts/34_promote_nonoverlap_primary.py,canonical_nonoverlap_primary_20260830 / final_phase1_sensitivities,PASS
Results,Table 2,Table 2,Pearson_r,0.7579674240266432,repo/Data/Additional Sensitivity Analysis/Canonical Primary Nonoverlap 20260830/multi_aoi_metrics.csv,AOI=AOI-00; sensor=sentinel2; window=W2023_2024; target_year=2025,0.7579674240266432,counts: integer; manuscript headline RMSE/differences: 6 decimals; table values: source-derived fixed precision,Code/scripts/34_promote_nonoverlap_primary.py,canonical_nonoverlap_primary_20260830 / final_phase1_sensitivities,PASS
Results,Table 2,Table 2,RMSE,0.075923,repo/Data/Additional Sensitivity Analysis/Canonical Primary Nonoverlap 20260830/multi_aoi_metrics.csv,AOI=AOI-00; sensor=sentinel2; window=W2022_2024; target_year=2025,0.0759227317183154,counts: integer; manuscript headline RMSE/differences: 6 decimals; table values: source-derived fixed precision,Code/scripts/34_promote_nonoverlap_primary.py,canonical_nonoverlap_primary_20260830 / final_phase1_sensitivities,PASS
Results,Table 2,Table 2,MAE,0.062426,repo/Data/Additional Sensitivity Analysis/Canonical Primary Nonoverlap 20260830/multi_aoi_metrics.csv,AOI=AOI-00; sensor=sentinel2; window=W2022_2024; target_year=2025,0.0624263001271205,counts: integer; manuscript headline RMSE/differences: 6 decimals; table values: source-derived fixed precision,Code/scripts/34_promote_nonoverlap_primary.py,canonical_nonoverlap_primary_20260830 / final_phase1_sensitivities,PASS
Results,Table 2,Table 2,Bias,-0.038291,repo/Data/Additional Sensitivity Analysis/Canonical Primary Nonoverlap 20260830/multi_aoi_metrics.csv,AOI=AOI-00; sensor=sentinel2; window=W2022_2024; target_year=2025,-0.0382905963255622,counts: integer; manuscript headline RMSE/differences: 6 decimals; table values: source-derived fixed precision,Code/scripts/34_promote_nonoverlap_primary.py,canonical_nonoverlap_primary_20260830 / final_phase1_sensitivities,PASS
Results,Table 2,Table 2,R2,0.4249534386598284,repo/Data/Additional Sensitivity Analysis/Canonical Primary Nonoverlap 20260830/multi_aoi_metrics.csv,AOI=AOI-00; sensor=sentinel2; window=W2022_2024; target_year=2025,0.4249534386598284,counts: integer; manuscript headline RMSE/differences: 6 decimals; table values: source-derived fixed precision,Code/scripts/34_promote_nonoverlap_primary.py,canonical_nonoverlap_primary_20260830 / final_phase1_sensitivities,PASS
Results,Table 2,Table 2,Pearson_r,0.7579578034819726,repo/Data/Additional Sensitivity Analysis/Canonical Primary Nonoverlap 20260830/multi_aoi_metrics.csv,AOI=AOI-00; sensor=sentinel2; window=W2022_2024; target_year=2025,0.7579578034819726,counts: integer; manuscript headline RMSE/differences: 6 decimals; table values: source-derived fixed precision,Code/scripts/34_promote_nonoverlap_primary.py,canonical_nonoverlap_primary_20260830 / final_phase1_sensitivities,PASS
Results,Table 2,Table 2,RMSE,0.001242,repo/Data/Additional Sensitivity Analysis/Canonical Primary Nonoverlap 20260830/multi_aoi_metrics.csv,AOI=AOI-01; sensor=landsat; window=W2022; target_year=2025,0.0012424284297672,counts: integer; manuscript headline RMSE/differences: 6 decimals; table values: source-derived fixed precision,Code/scripts/34_promote_nonoverlap_primary.py,canonical_nonoverlap_primary_20260830 / final_phase1_sensitivities,PASS
Results,Table 2,Table 2,MAE,0.000503,repo/Data/Additional Sensitivity Analysis/Canonical Primary Nonoverlap 20260830/multi_aoi_metrics.csv,AOI=AOI-01; sensor=landsat; window=W2022; target_year=2025,0.0005031351925982,counts: integer; manuscript headline RMSE/differences: 6 decimals; table values: source-derived fixed precision,Code/scripts/34_promote_nonoverlap_primary.py,canonical_nonoverlap_primary_20260830 / final_phase1_sensitivities,PASS
Results,Table 2,Table 2,Bias,0.000057,repo/Data/Additional Sensitivity Analysis/Canonical Primary Nonoverlap 20260830/multi_aoi_metrics.csv,AOI=AOI-01; sensor=landsat; window=W2022; target_year=2025,5.742505955217569e-05,counts: integer; manuscript headline RMSE/differences: 6 decimals; table values: source-derived fixed precision,Code/scripts/34_promote_nonoverlap_primary.py,canonical_nonoverlap_primary_20260830 / final_phase1_sensitivities,PASS
Results,Table 2,Table 2,R2,0.3999511273373355,repo/Data/Additional Sensitivity Analysis/Canonical Primary Nonoverlap 20260830/multi_aoi_metrics.csv,AOI=AOI-01; sensor=landsat; window=W2022; target_year=2025,0.3999511273373355,counts: integer; manuscript headline RMSE/differences: 6 decimals; table values: source-derived fixed precision,Code/scripts/34_promote_nonoverlap_primary.py,canonical_nonoverlap_primary_20260830 / final_phase1_sensitivities,PASS
Results,Table 2,Table 2,Pearson_r,0.7203625341946122,repo/Data/Additional Sensitivity Analysis/Canonical Primary Nonoverlap 20260830/multi_aoi_metrics.csv,AOI=AOI-01; sensor=landsat; window=W2022; target_year=2025,0.7203625341946122,counts: integer; manuscript headline RMSE/differences: 6 decimals; table values: source-derived fixed precision,Code/scripts/34_promote_nonoverlap_primary.py,canonical_nonoverlap_primary_20260830 / final_phase1_sensitivities,PASS
Results,Table 2,Table 2,RMSE,0.001210,repo/Data/Additional Sensitivity Analysis/Canonical Primary Nonoverlap 20260830/multi_aoi_metrics.csv,AOI=AOI-01; sensor=landsat; window=W2023; target_year=2025,0.0012098680224037,counts: integer; manuscript headline RMSE/differences: 6 decimals; table values: source-derived fixed precision,Code/scripts/34_promote_nonoverlap_primary.py,canonical_nonoverlap_primary_20260830 / final_phase1_sensitivities,PASS
Results,Table 2,Table 2,MAE,0.000558,repo/Data/Additional Sensitivity Analysis/Canonical Primary Nonoverlap 20260830/multi_aoi_metrics.csv,AOI=AOI-01; sensor=landsat; window=W2023; target_year=2025,0.000557630174531,counts: integer; manuscript headline RMSE/differences: 6 decimals; table values: source-derived fixed precision,Code/scripts/34_promote_nonoverlap_primary.py,canonical_nonoverlap_primary_20260830 / final_phase1_sensitivities,PASS
Results,Table 2,Table 2,Bias,0.000159,repo/Data/Additional Sensitivity Analysis/Canonical Primary Nonoverlap 20260830/multi_aoi_metrics.csv,AOI=AOI-01; sensor=landsat; window=W2023; target_year=2025,0.0001593946556148,counts: integer; manuscript headline RMSE/differences: 6 decimals; table values: source-derived fixed precision,Code/scripts/34_promote_nonoverlap_primary.py,canonical_nonoverlap_primary_20260830 / final_phase1_sensitivities,PASS
Results,Table 2,Table 2,R2,0.4309900517005192,repo/Data/Additional Sensitivity Analysis/Canonical Primary Nonoverlap 20260830/multi_aoi_metrics.csv,AOI=AOI-01; sensor=landsat; window=W2023; target_year=2025,0.4309900517005192,counts: integer; manuscript headline RMSE/differences: 6 decimals; table values: source-derived fixed precision,Code/scripts/34_promote_nonoverlap_primary.py,canonical_nonoverlap_primary_20260830 / final_phase1_sensitivities,PASS
Results,Table 2,Table 2,Pearson_r,0.7134506875280094,repo/Data/Additional Sensitivity Analysis/Canonical Primary Nonoverlap 20260830/multi_aoi_metrics.csv,AOI=AOI-01; sensor=landsat; window=W2023; target_year=2025,0.7134506875280094,counts: integer; manuscript headline RMSE/differences: 6 decimals; table values: source-derived fixed precision,Code/scripts/34_promote_nonoverlap_primary.py,canonical_nonoverlap_primary_20260830 / final_phase1_sensitivities,PASS
Results,Table 2,Table 2,RMSE,0.001235,repo/Data/Additional Sensitivity Analysis/Canonical Primary Nonoverlap 20260830/multi_aoi_metrics.csv,AOI=AOI-01; sensor=landsat; window=W2024; target_year=2025,0.0012350993319251,counts: integer; manuscript headline RMSE/differences: 6 decimals; table values: source-derived fixed precision,Code/scripts/34_promote_nonoverlap_primary.py,canonical_nonoverlap_primary_20260830 / final_phase1_sensitivities,PASS
Results,Table 2,Table 2,MAE,0.000565,repo/Data/Additional Sensitivity Analysis/Canonical Primary Nonoverlap 20260830/multi_aoi_metrics.csv,AOI=AOI-01; sensor=landsat; window=W2024; target_year=2025,0.0005652125927523,counts: integer; manuscript headline RMSE/differences: 6 decimals; table values: source-derived fixed precision,Code/scripts/34_promote_nonoverlap_primary.py,canonical_nonoverlap_primary_20260830 / final_phase1_sensitivities,PASS
Results,Table 2,Table 2,Bias,0.000149,repo/Data/Additional Sensitivity Analysis/Canonical Primary Nonoverlap 20260830/multi_aoi_metrics.csv,AOI=AOI-01; sensor=landsat; window=W2024; target_year=2025,0.0001485423577904,counts: integer; manuscript headline RMSE/differences: 6 decimals; table values: source-derived fixed precision,Code/scripts/34_promote_nonoverlap_primary.py,canonical_nonoverlap_primary_20260830 / final_phase1_sensitivities,PASS
Results,Table 2,Table 2,R2,0.4070096353521019,repo/Data/Additional Sensitivity Analysis/Canonical Primary Nonoverlap 20260830/multi_aoi_metrics.csv,AOI=AOI-01; sensor=landsat; window=W2024; target_year=2025,0.4070096353521019,counts: integer; manuscript headline RMSE/differences: 6 decimals; table values: source-derived fixed precision,Code/scripts/34_promote_nonoverlap_primary.py,canonical_nonoverlap_primary_20260830 / final_phase1_sensitivities,PASS
Results,Table 2,Table 2,Pearson_r,0.7054465839794869,repo/Data/Additional Sensitivity Analysis/Canonical Primary Nonoverlap 20260830/multi_aoi_metrics.csv,AOI=AOI-01; sensor=landsat; window=W2024; target_year=2025,0.7054465839794869,counts: integer; manuscript headline RMSE/differences: 6 decimals; table values: source-derived fixed precision,Code/scripts/34_promote_nonoverlap_primary.py,canonical_nonoverlap_primary_20260830 / final_phase1_sensitivities,PASS
Results,Table 2,Table 2,RMSE,0.001220,repo/Data/Additional Sensitivity Analysis/Canonical Primary Nonoverlap 20260830/multi_aoi_metrics.csv,AOI=AOI-01; sensor=landsat; window=W2022_2023; target_year=2025,0.0012197323830697,counts: integer; manuscript headline RMSE/differences: 6 decimals; table values: source-derived fixed precision,Code/scripts/34_promote_nonoverlap_primary.py,canonical_nonoverlap_primary_20260830 / final_phase1_sensitivities,PASS
Results,Table 2,Table 2,MAE,0.000536,repo/Data/Additional Sensitivity Analysis/Canonical Primary Nonoverlap 20260830/multi_aoi_metrics.csv,AOI=AOI-01; sensor=landsat; window=W2022_2023; target_year=2025,0.0005359453060655,counts: integer; manuscript headline RMSE/differences: 6 decimals; table values: source-derived fixed precision,Code/scripts/34_promote_nonoverlap_primary.py,canonical_nonoverlap_primary_20260830 / final_phase1_sensitivities,PASS
Results,Table 2,Table 2,Bias,0.000119,repo/Data/Additional Sensitivity Analysis/Canonical Primary Nonoverlap 20260830/multi_aoi_metrics.csv,AOI=AOI-01; sensor=landsat; window=W2022_2023; target_year=2025,0.000119446646195,counts: integer; manuscript headline RMSE/differences: 6 decimals; table values: source-derived fixed precision,Code/scripts/34_promote_nonoverlap_primary.py,canonical_nonoverlap_primary_20260830 / final_phase1_sensitivities,PASS
Results,Table 2,Table 2,R2,0.421673661771451,repo/Data/Additional Sensitivity Analysis/Canonical Primary Nonoverlap 20260830/multi_aoi_metrics.csv,AOI=AOI-01; sensor=landsat; window=W2022_2023; target_year=2025,0.421673661771451,counts: integer; manuscript headline RMSE/differences: 6 decimals; table values: source-derived fixed precision,Code/scripts/34_promote_nonoverlap_primary.py,canonical_nonoverlap_primary_20260830 / final_phase1_sensitivities,PASS
Results,Table 2,Table 2,Pearson_r,0.7160638775658889,repo/Data/Additional Sensitivity Analysis/Canonical Primary Nonoverlap 20260830/multi_aoi_metrics.csv,AOI=AOI-01; sensor=landsat; window=W2022_2023; target_year=2025,0.7160638775658889,counts: integer; manuscript headline RMSE/differences: 6 decimals; table values: source-derived fixed precision,Code/scripts/34_promote_nonoverlap_primary.py,canonical_nonoverlap_primary_20260830 / final_phase1_sensitivities,PASS
Results,Table 2,Table 2,RMSE,0.001220,repo/Data/Additional Sensitivity Analysis/Canonical Primary Nonoverlap 20260830/multi_aoi_metrics.csv,AOI=AOI-01; sensor=landsat; window=W2023_2024; target_year=2025,0.0012197222847369,counts: integer; manuscript headline RMSE/differences: 6 decimals; table values: source-derived fixed precision,Code/scripts/34_promote_nonoverlap_primary.py,canonical_nonoverlap_primary_20260830 / final_phase1_sensitivities,PASS
Results,Table 2,Table 2,MAE,0.000561,repo/Data/Additional Sensitivity Analysis/Canonical Primary Nonoverlap 20260830/multi_aoi_metrics.csv,AOI=AOI-01; sensor=landsat; window=W2023_2024; target_year=2025,0.0005606587153263,counts: integer; manuscript headline RMSE/differences: 6 decimals; table values: source-derived fixed precision,Code/scripts/34_promote_nonoverlap_primary.py,canonical_nonoverlap_primary_20260830 / final_phase1_sensitivities,PASS
Results,Table 2,Table 2,Bias,0.000155,repo/Data/Additional Sensitivity Analysis/Canonical Primary Nonoverlap 20260830/multi_aoi_metrics.csv,AOI=AOI-01; sensor=landsat; window=W2023_2024; target_year=2025,0.000155080683469,counts: integer; manuscript headline RMSE/differences: 6 decimals; table values: source-derived fixed precision,Code/scripts/34_promote_nonoverlap_primary.py,canonical_nonoverlap_primary_20260830 / final_phase1_sensitivities,PASS
Results,Table 2,Table 2,R2,0.4216832378190176,repo/Data/Additional Sensitivity Analysis/Canonical Primary Nonoverlap 20260830/multi_aoi_metrics.csv,AOI=AOI-01; sensor=landsat; window=W2023_2024; target_year=2025,0.4216832378190176,counts: integer; manuscript headline RMSE/differences: 6 decimals; table values: source-derived fixed precision,Code/scripts/34_promote_nonoverlap_primary.py,canonical_nonoverlap_primary_20260830 / final_phase1_sensitivities,PASS
Results,Table 2,Table 2,Pearson_r,0.7103775184797825,repo/Data/Additional Sensitivity Analysis/Canonical Primary Nonoverlap 20260830/multi_aoi_metrics.csv,AOI=AOI-01; sensor=landsat; window=W2023_2024; target_year=2025,0.7103775184797825,counts: integer; manuscript headline RMSE/differences: 6 decimals; table values: source-derived fixed precision,Code/scripts/34_promote_nonoverlap_primary.py,canonical_nonoverlap_primary_20260830 / final_phase1_sensitivities,PASS
Results,Table 2,Table 2,RMSE,0.001224,repo/Data/Additional Sensitivity Analysis/Canonical Primary Nonoverlap 20260830/multi_aoi_metrics.csv,AOI=AOI-01; sensor=landsat; window=W2022_2024; target_year=2025,0.0012242071713751,counts: integer; manuscript headline RMSE/differences: 6 decimals; table values: source-derived fixed precision,Code/scripts/34_promote_nonoverlap_primary.py,canonical_nonoverlap_primary_20260830 / final_phase1_sensitivities,PASS
Results,Table 2,Table 2,MAE,0.000545,repo/Data/Additional Sensitivity Analysis/Canonical Primary Nonoverlap 20260830/multi_aoi_metrics.csv,AOI=AOI-01; sensor=landsat; window=W2022_2024; target_year=2025,0.0005445588729091,counts: integer; manuscript headline RMSE/differences: 6 decimals; table values: source-derived fixed precision,Code/scripts/34_promote_nonoverlap_primary.py,canonical_nonoverlap_primary_20260830 / final_phase1_sensitivities,PASS
Results,Table 2,Table 2,Bias,0.000128,repo/Data/Additional Sensitivity Analysis/Canonical Primary Nonoverlap 20260830/multi_aoi_metrics.csv,AOI=AOI-01; sensor=landsat; window=W2022_2024; target_year=2025,0.0001280504410593,counts: integer; manuscript headline RMSE/differences: 6 decimals; table values: source-derived fixed precision,Code/scripts/34_promote_nonoverlap_primary.py,canonical_nonoverlap_primary_20260830 / final_phase1_sensitivities,PASS
Results,Table 2,Table 2,R2,0.4174225079664491,repo/Data/Additional Sensitivity Analysis/Canonical Primary Nonoverlap 20260830/multi_aoi_metrics.csv,AOI=AOI-01; sensor=landsat; window=W2022_2024; target_year=2025,0.4174225079664491,counts: integer; manuscript headline RMSE/differences: 6 decimals; table values: source-derived fixed precision,Code/scripts/34_promote_nonoverlap_primary.py,canonical_nonoverlap_primary_20260830 / final_phase1_sensitivities,PASS
Results,Table 2,Table 2,Pearson_r,0.712916071686131,repo/Data/Additional Sensitivity Analysis/Canonical Primary Nonoverlap 20260830/multi_aoi_metrics.csv,AOI=AOI-01; sensor=landsat; window=W2022_2024; target_year=2025,0.712916071686131,counts: integer; manuscript headline RMSE/differences: 6 decimals; table values: source-derived fixed precision,Code/scripts/34_promote_nonoverlap_primary.py,canonical_nonoverlap_primary_20260830 / final_phase1_sensitivities,PASS
Results,Table 2,Table 2,RMSE,0.001404,repo/Data/Additional Sensitivity Analysis/Canonical Primary Nonoverlap 20260830/multi_aoi_metrics.csv,AOI=AOI-01; sensor=modis; window=W2022; target_year=2025,0.0014037569395782,counts: integer; manuscript headline RMSE/differences: 6 decimals; table values: source-derived fixed precision,Code/scripts/34_promote_nonoverlap_primary.py,canonical_nonoverlap_primary_20260830 / final_phase1_sensitivities,PASS
Results,Table 2,Table 2,MAE,0.000541,repo/Data/Additional Sensitivity Analysis/Canonical Primary Nonoverlap 20260830/multi_aoi_metrics.csv,AOI=AOI-01; sensor=modis; window=W2022; target_year=2025,0.0005410276030743,counts: integer; manuscript headline RMSE/differences: 6 decimals; table values: source-derived fixed precision,Code/scripts/34_promote_nonoverlap_primary.py,canonical_nonoverlap_primary_20260830 / final_phase1_sensitivities,PASS
Results,Table 2,Table 2,Bias,0.000096,repo/Data/Additional Sensitivity Analysis/Canonical Primary Nonoverlap 20260830/multi_aoi_metrics.csv,AOI=AOI-01; sensor=modis; window=W2022; target_year=2025,9.589164980583136e-05,counts: integer; manuscript headline RMSE/differences: 6 decimals; table values: source-derived fixed precision,Code/scripts/34_promote_nonoverlap_primary.py,canonical_nonoverlap_primary_20260830 / final_phase1_sensitivities,PASS
Results,Table 2,Table 2,R2,0.3407307982564471,repo/Data/Additional Sensitivity Analysis/Canonical Primary Nonoverlap 20260830/multi_aoi_metrics.csv,AOI=AOI-01; sensor=modis; window=W2022; target_year=2025,0.3407307982564471,counts: integer; manuscript headline RMSE/differences: 6 decimals; table values: source-derived fixed precision,Code/scripts/34_promote_nonoverlap_primary.py,canonical_nonoverlap_primary_20260830 / final_phase1_sensitivities,PASS
Results,Table 2,Table 2,Pearson_r,0.6654250687974319,repo/Data/Additional Sensitivity Analysis/Canonical Primary Nonoverlap 20260830/multi_aoi_metrics.csv,AOI=AOI-01; sensor=modis; window=W2022; target_year=2025,0.6654250687974319,counts: integer; manuscript headline RMSE/differences: 6 decimals; table values: source-derived fixed precision,Code/scripts/34_promote_nonoverlap_primary.py,canonical_nonoverlap_primary_20260830 / final_phase1_sensitivities,PASS
Results,Table 2,Table 2,RMSE,0.001409,repo/Data/Additional Sensitivity Analysis/Canonical Primary Nonoverlap 20260830/multi_aoi_metrics.csv,AOI=AOI-01; sensor=modis; window=W2023; target_year=2025,0.0014088676538546,counts: integer; manuscript headline RMSE/differences: 6 decimals; table values: source-derived fixed precision,Code/scripts/34_promote_nonoverlap_primary.py,canonical_nonoverlap_primary_20260830 / final_phase1_sensitivities,PASS
Results,Table 2,Table 2,MAE,0.000499,repo/Data/Additional Sensitivity Analysis/Canonical Primary Nonoverlap 20260830/multi_aoi_metrics.csv,AOI=AOI-01; sensor=modis; window=W2023; target_year=2025,0.0004990877590444,counts: integer; manuscript headline RMSE/differences: 6 decimals; table values: source-derived fixed precision,Code/scripts/34_promote_nonoverlap_primary.py,canonical_nonoverlap_primary_20260830 / final_phase1_sensitivities,PASS
Results,Table 2,Table 2,Bias,0.000035,repo/Data/Additional Sensitivity Analysis/Canonical Primary Nonoverlap 20260830/multi_aoi_metrics.csv,AOI=AOI-01; sensor=modis; window=W2023; target_year=2025,3.539408937355919e-05,counts: integer; manuscript headline RMSE/differences: 6 decimals; table values: source-derived fixed precision,Code/scripts/34_promote_nonoverlap_primary.py,canonical_nonoverlap_primary_20260830 / final_phase1_sensitivities,PASS
Results,Table 2,Table 2,R2,0.3359216039213991,repo/Data/Additional Sensitivity Analysis/Canonical Primary Nonoverlap 20260830/multi_aoi_metrics.csv,AOI=AOI-01; sensor=modis; window=W2023; target_year=2025,0.3359216039213991,counts: integer; manuscript headline RMSE/differences: 6 decimals; table values: source-derived fixed precision,Code/scripts/34_promote_nonoverlap_primary.py,canonical_nonoverlap_primary_20260830 / final_phase1_sensitivities,PASS
Results,Table 2,Table 2,Pearson_r,0.6796639317879669,repo/Data/Additional Sensitivity Analysis/Canonical Primary Nonoverlap 20260830/multi_aoi_metrics.csv,AOI=AOI-01; sensor=modis; window=W2023; target_year=2025,0.6796639317879669,counts: integer; manuscript headline RMSE/differences: 6 decimals; table values: source-derived fixed precision,Code/scripts/34_promote_nonoverlap_primary.py,canonical_nonoverlap_primary_20260830 / final_phase1_sensitivities,PASS
Results,Table 2,Table 2,RMSE,0.001512,repo/Data/Additional Sensitivity Analysis/Canonical Primary Nonoverlap 20260830/multi_aoi_metrics.csv,AOI=AOI-01; sensor=modis; window=W2024; target_year=2025,0.0015115023429366,counts: integer; manuscript headline RMSE/differences: 6 decimals; table values: source-derived fixed precision,Code/scripts/34_promote_nonoverlap_primary.py,canonical_nonoverlap_primary_20260830 / final_phase1_sensitivities,PASS
Results,Table 2,Table 2,MAE,0.000476,repo/Data/Additional Sensitivity Analysis/Canonical Primary Nonoverlap 20260830/multi_aoi_metrics.csv,AOI=AOI-01; sensor=modis; window=W2024; target_year=2025,0.0004756763433514,counts: integer; manuscript headline RMSE/differences: 6 decimals; table values: source-derived fixed precision,Code/scripts/34_promote_nonoverlap_primary.py,canonical_nonoverlap_primary_20260830 / final_phase1_sensitivities,PASS
Results,Table 2,Table 2,Bias,-0.000062,repo/Data/Additional Sensitivity Analysis/Canonical Primary Nonoverlap 20260830/multi_aoi_metrics.csv,AOI=AOI-01; sensor=modis; window=W2024; target_year=2025,-6.218584233705868e-05,counts: integer; manuscript headline RMSE/differences: 6 decimals; table values: source-derived fixed precision,Code/scripts/34_promote_nonoverlap_primary.py,canonical_nonoverlap_primary_20260830 / final_phase1_sensitivities,PASS
Results,Table 2,Table 2,R2,0.2356423707434934,repo/Data/Additional Sensitivity Analysis/Canonical Primary Nonoverlap 20260830/multi_aoi_metrics.csv,AOI=AOI-01; sensor=modis; window=W2024; target_year=2025,0.2356423707434934,counts: integer; manuscript headline RMSE/differences: 6 decimals; table values: source-derived fixed precision,Code/scripts/34_promote_nonoverlap_primary.py,canonical_nonoverlap_primary_20260830 / final_phase1_sensitivities,PASS
Results,Table 2,Table 2,Pearson_r,0.6575709350028794,repo/Data/Additional Sensitivity Analysis/Canonical Primary Nonoverlap 20260830/multi_aoi_metrics.csv,AOI=AOI-01; sensor=modis; window=W2024; target_year=2025,0.6575709350028794,counts: integer; manuscript headline RMSE/differences: 6 decimals; table values: source-derived fixed precision,Code/scripts/34_promote_nonoverlap_primary.py,canonical_nonoverlap_primary_20260830 / final_phase1_sensitivities,PASS
Results,Table 2,Table 2,RMSE,0.001407,repo/Data/Additional Sensitivity Analysis/Canonical Primary Nonoverlap 20260830/multi_aoi_metrics.csv,AOI=AOI-01; sensor=modis; window=W2022_2023; target_year=2025,0.0014073432227546,counts: integer; manuscript headline RMSE/differences: 6 decimals; table values: source-derived fixed precision,Code/scripts/34_promote_nonoverlap_primary.py,canonical_nonoverlap_primary_20260830 / final_phase1_sensitivities,PASS
Results,Table 2,Table 2,MAE,0.000518,repo/Data/Additional Sensitivity Analysis/Canonical Primary Nonoverlap 20260830/multi_aoi_metrics.csv,AOI=AOI-01; sensor=modis; window=W2022_2023; target_year=2025,0.0005183907871877,counts: integer; manuscript headline RMSE/differences: 6 decimals; table values: source-derived fixed precision,Code/scripts/34_promote_nonoverlap_primary.py,canonical_nonoverlap_primary_20260830 / final_phase1_sensitivities,PASS
Results,Table 2,Table 2,Bias,0.000062,repo/Data/Additional Sensitivity Analysis/Canonical Primary Nonoverlap 20260830/multi_aoi_metrics.csv,AOI=AOI-01; sensor=modis; window=W2022_2023; target_year=2025,6.230365546306616e-05,counts: integer; manuscript headline RMSE/differences: 6 decimals; table values: source-derived fixed precision,Code/scripts/34_promote_nonoverlap_primary.py,canonical_nonoverlap_primary_20260830 / final_phase1_sensitivities,PASS
Results,Table 2,Table 2,R2,0.3373579263000901,repo/Data/Additional Sensitivity Analysis/Canonical Primary Nonoverlap 20260830/multi_aoi_metrics.csv,AOI=AOI-01; sensor=modis; window=W2022_2023; target_year=2025,0.3373579263000901,counts: integer; manuscript headline RMSE/differences: 6 decimals; table values: source-derived fixed precision,Code/scripts/34_promote_nonoverlap_primary.py,canonical_nonoverlap_primary_20260830 / final_phase1_sensitivities,PASS
Results,Table 2,Table 2,Pearson_r,0.6722940262195224,repo/Data/Additional Sensitivity Analysis/Canonical Primary Nonoverlap 20260830/multi_aoi_metrics.csv,AOI=AOI-01; sensor=modis; window=W2022_2023; target_year=2025,0.6722940262195224,counts: integer; manuscript headline RMSE/differences: 6 decimals; table values: source-derived fixed precision,Code/scripts/34_promote_nonoverlap_primary.py,canonical_nonoverlap_primary_20260830 / final_phase1_sensitivities,PASS
Results,Table 2,Table 2,RMSE,0.001461,repo/Data/Additional Sensitivity Analysis/Canonical Primary Nonoverlap 20260830/multi_aoi_metrics.csv,AOI=AOI-01; sensor=modis; window=W2023_2024; target_year=2025,0.0014605660351389,counts: integer; manuscript headline RMSE/differences: 6 decimals; table values: source-derived fixed precision,Code/scripts/34_promote_nonoverlap_primary.py,canonical_nonoverlap_primary_20260830 / final_phase1_sensitivities,PASS
Results,Table 2,Table 2,MAE,0.000486,repo/Data/Additional Sensitivity Analysis/Canonical Primary Nonoverlap 20260830/multi_aoi_metrics.csv,AOI=AOI-01; sensor=modis; window=W2023_2024; target_year=2025,0.0004862206811799,counts: integer; manuscript headline RMSE/differences: 6 decimals; table values: source-derived fixed precision,Code/scripts/34_promote_nonoverlap_primary.py,canonical_nonoverlap_primary_20260830 / final_phase1_sensitivities,PASS
Results,Table 2,Table 2,Bias,-0.000017,repo/Data/Additional Sensitivity Analysis/Canonical Primary Nonoverlap 20260830/multi_aoi_metrics.csv,AOI=AOI-01; sensor=modis; window=W2023_2024; target_year=2025,-1.6969499692965838e-05,counts: integer; manuscript headline RMSE/differences: 6 decimals; table values: source-derived fixed precision,Code/scripts/34_promote_nonoverlap_primary.py,canonical_nonoverlap_primary_20260830 / final_phase1_sensitivities,PASS
Results,Table 2,Table 2,R2,0.2862907104643526,repo/Data/Additional Sensitivity Analysis/Canonical Primary Nonoverlap 20260830/multi_aoi_metrics.csv,AOI=AOI-01; sensor=modis; window=W2023_2024; target_year=2025,0.2862907104643526,counts: integer; manuscript headline RMSE/differences: 6 decimals; table values: source-derived fixed precision,Code/scripts/34_promote_nonoverlap_primary.py,canonical_nonoverlap_primary_20260830 / final_phase1_sensitivities,PASS
Results,Table 2,Table 2,Pearson_r,0.6699813784261468,repo/Data/Additional Sensitivity Analysis/Canonical Primary Nonoverlap 20260830/multi_aoi_metrics.csv,AOI=AOI-01; sensor=modis; window=W2023_2024; target_year=2025,0.6699813784261468,counts: integer; manuscript headline RMSE/differences: 6 decimals; table values: source-derived fixed precision,Code/scripts/34_promote_nonoverlap_primary.py,canonical_nonoverlap_primary_20260830 / final_phase1_sensitivities,PASS
Results,Table 2,Table 2,RMSE,0.001444,repo/Data/Additional Sensitivity Analysis/Canonical Primary Nonoverlap 20260830/multi_aoi_metrics.csv,AOI=AOI-01; sensor=modis; window=W2022_2024; target_year=2025,0.0014436509254424,counts: integer; manuscript headline RMSE/differences: 6 decimals; table values: source-derived fixed precision,Code/scripts/34_promote_nonoverlap_primary.py,canonical_nonoverlap_primary_20260830 / final_phase1_sensitivities,PASS
Results,Table 2,Table 2,MAE,0.000500,repo/Data/Additional Sensitivity Analysis/Canonical Primary Nonoverlap 20260830/multi_aoi_metrics.csv,AOI=AOI-01; sensor=modis; window=W2022_2024; target_year=2025,0.0004999696919478,counts: integer; manuscript headline RMSE/differences: 6 decimals; table values: source-derived fixed precision,Code/scripts/34_promote_nonoverlap_primary.py,canonical_nonoverlap_primary_20260830 / final_phase1_sensitivities,PASS
Results,Table 2,Table 2,Bias,0.000012,repo/Data/Additional Sensitivity Analysis/Canonical Primary Nonoverlap 20260830/multi_aoi_metrics.csv,AOI=AOI-01; sensor=modis; window=W2022_2024; target_year=2025,1.1816095187176434e-05,counts: integer; manuscript headline RMSE/differences: 6 decimals; table values: source-derived fixed precision,Code/scripts/34_promote_nonoverlap_primary.py,canonical_nonoverlap_primary_20260830 / final_phase1_sensitivities,PASS
Results,Table 2,Table 2,R2,0.3027262070806158,repo/Data/Additional Sensitivity Analysis/Canonical Primary Nonoverlap 20260830/multi_aoi_metrics.csv,AOI=AOI-01; sensor=modis; window=W2022_2024; target_year=2025,0.3027262070806158,counts: integer; manuscript headline RMSE/differences: 6 decimals; table values: source-derived fixed precision,Code/scripts/34_promote_nonoverlap_primary.py,canonical_nonoverlap_primary_20260830 / final_phase1_sensitivities,PASS
Results,Table 2,Table 2,Pearson_r,0.6687899265588954,repo/Data/Additional Sensitivity Analysis/Canonical Primary Nonoverlap 20260830/multi_aoi_metrics.csv,AOI=AOI-01; sensor=modis; window=W2022_2024; target_year=2025,0.6687899265588954,counts: integer; manuscript headline RMSE/differences: 6 decimals; table values: source-derived fixed precision,Code/scripts/34_promote_nonoverlap_primary.py,canonical_nonoverlap_primary_20260830 / final_phase1_sensitivities,PASS
Results,Table 2,Table 2,RMSE,0.001336,repo/Data/Additional Sensitivity Analysis/Canonical Primary Nonoverlap 20260830/multi_aoi_metrics.csv,AOI=AOI-01; sensor=sentinel2; window=W2022; target_year=2025,0.0013356244417826,counts: integer; manuscript headline RMSE/differences: 6 decimals; table values: source-derived fixed precision,Code/scripts/34_promote_nonoverlap_primary.py,canonical_nonoverlap_primary_20260830 / final_phase1_sensitivities,PASS
Results,Table 2,Table 2,MAE,0.000299,repo/Data/Additional Sensitivity Analysis/Canonical Primary Nonoverlap 20260830/multi_aoi_metrics.csv,AOI=AOI-01; sensor=sentinel2; window=W2022; target_year=2025,0.0002990082224308,counts: integer; manuscript headline RMSE/differences: 6 decimals; table values: source-derived fixed precision,Code/scripts/34_promote_nonoverlap_primary.py,canonical_nonoverlap_primary_20260830 / final_phase1_sensitivities,PASS
Results,Table 2,Table 2,Bias,-0.000215,repo/Data/Additional Sensitivity Analysis/Canonical Primary Nonoverlap 20260830/multi_aoi_metrics.csv,AOI=AOI-01; sensor=sentinel2; window=W2022; target_year=2025,-0.0002150939735895,counts: integer; manuscript headline RMSE/differences: 6 decimals; table values: source-derived fixed precision,Code/scripts/34_promote_nonoverlap_primary.py,canonical_nonoverlap_primary_20260830 / final_phase1_sensitivities,PASS
Results,Table 2,Table 2,R2,0.4012298254677032,repo/Data/Additional Sensitivity Analysis/Canonical Primary Nonoverlap 20260830/multi_aoi_metrics.csv,AOI=AOI-01; sensor=sentinel2; window=W2022; target_year=2025,0.4012298254677032,counts: integer; manuscript headline RMSE/differences: 6 decimals; table values: source-derived fixed precision,Code/scripts/34_promote_nonoverlap_primary.py,canonical_nonoverlap_primary_20260830 / final_phase1_sensitivities,PASS
Results,Table 2,Table 2,Pearson_r,0.8399322368496508,repo/Data/Additional Sensitivity Analysis/Canonical Primary Nonoverlap 20260830/multi_aoi_metrics.csv,AOI=AOI-01; sensor=sentinel2; window=W2022; target_year=2025,0.8399322368496508,counts: integer; manuscript headline RMSE/differences: 6 decimals; table values: source-derived fixed precision,Code/scripts/34_promote_nonoverlap_primary.py,canonical_nonoverlap_primary_20260830 / final_phase1_sensitivities,PASS
Results,Table 2,Table 2,RMSE,0.001335,repo/Data/Additional Sensitivity Analysis/Canonical Primary Nonoverlap 20260830/multi_aoi_metrics.csv,AOI=AOI-01; sensor=sentinel2; window=W2023; target_year=2025,0.0013354750127916,counts: integer; manuscript headline RMSE/differences: 6 decimals; table values: source-derived fixed precision,Code/scripts/34_promote_nonoverlap_primary.py,canonical_nonoverlap_primary_20260830 / final_phase1_sensitivities,PASS
Results,Table 2,Table 2,MAE,0.000297,repo/Data/Additional Sensitivity Analysis/Canonical Primary Nonoverlap 20260830/multi_aoi_metrics.csv,AOI=AOI-01; sensor=sentinel2; window=W2023; target_year=2025,0.0002968420766248,counts: integer; manuscript headline RMSE/differences: 6 decimals; table values: source-derived fixed precision,Code/scripts/34_promote_nonoverlap_primary.py,canonical_nonoverlap_primary_20260830 / final_phase1_sensitivities,PASS
Results,Table 2,Table 2,Bias,-0.000218,repo/Data/Additional Sensitivity Analysis/Canonical Primary Nonoverlap 20260830/multi_aoi_metrics.csv,AOI=AOI-01; sensor=sentinel2; window=W2023; target_year=2025,-0.0002184730476986,counts: integer; manuscript headline RMSE/differences: 6 decimals; table values: source-derived fixed precision,Code/scripts/34_promote_nonoverlap_primary.py,canonical_nonoverlap_primary_20260830 / final_phase1_sensitivities,PASS
Results,Table 2,Table 2,R2,0.4013637981850003,repo/Data/Additional Sensitivity Analysis/Canonical Primary Nonoverlap 20260830/multi_aoi_metrics.csv,AOI=AOI-01; sensor=sentinel2; window=W2023; target_year=2025,0.4013637981850003,counts: integer; manuscript headline RMSE/differences: 6 decimals; table values: source-derived fixed precision,Code/scripts/34_promote_nonoverlap_primary.py,canonical_nonoverlap_primary_20260830 / final_phase1_sensitivities,PASS
Results,Table 2,Table 2,Pearson_r,0.8398846313982713,repo/Data/Additional Sensitivity Analysis/Canonical Primary Nonoverlap 20260830/multi_aoi_metrics.csv,AOI=AOI-01; sensor=sentinel2; window=W2023; target_year=2025,0.8398846313982713,counts: integer; manuscript headline RMSE/differences: 6 decimals; table values: source-derived fixed precision,Code/scripts/34_promote_nonoverlap_primary.py,canonical_nonoverlap_primary_20260830 / final_phase1_sensitivities,PASS
Results,Table 2,Table 2,RMSE,0.001409,repo/Data/Additional Sensitivity Analysis/Canonical Primary Nonoverlap 20260830/multi_aoi_metrics.csv,AOI=AOI-01; sensor=sentinel2; window=W2024; target_year=2025,0.0014091877610971,counts: integer; manuscript headline RMSE/differences: 6 decimals; table values: source-derived fixed precision,Code/scripts/34_promote_nonoverlap_primary.py,canonical_nonoverlap_primary_20260830 / final_phase1_sensitivities,PASS
Results,Table 2,Table 2,MAE,0.000331,repo/Data/Additional Sensitivity Analysis/Canonical Primary Nonoverlap 20260830/multi_aoi_metrics.csv,AOI=AOI-01; sensor=sentinel2; window=W2024; target_year=2025,0.0003313765039227,counts: integer; manuscript headline RMSE/differences: 6 decimals; table values: source-derived fixed precision,Code/scripts/34_promote_nonoverlap_primary.py,canonical_nonoverlap_primary_20260830 / final_phase1_sensitivities,PASS
Results,Table 2,Table 2,Bias,-0.000197,repo/Data/Additional Sensitivity Analysis/Canonical Primary Nonoverlap 20260830/multi_aoi_metrics.csv,AOI=AOI-01; sensor=sentinel2; window=W2024; target_year=2025,-0.0001974692435317,counts: integer; manuscript headline RMSE/differences: 6 decimals; table values: source-derived fixed precision,Code/scripts/34_promote_nonoverlap_primary.py,canonical_nonoverlap_primary_20260830 / final_phase1_sensitivities,PASS
Results,Table 2,Table 2,R2,0.3334554699433572,repo/Data/Additional Sensitivity Analysis/Canonical Primary Nonoverlap 20260830/multi_aoi_metrics.csv,AOI=AOI-01; sensor=sentinel2; window=W2024; target_year=2025,0.3334554699433572,counts: integer; manuscript headline RMSE/differences: 6 decimals; table values: source-derived fixed precision,Code/scripts/34_promote_nonoverlap_primary.py,canonical_nonoverlap_primary_20260830 / final_phase1_sensitivities,PASS
Results,Table 2,Table 2,Pearson_r,0.82993450311845,repo/Data/Additional Sensitivity Analysis/Canonical Primary Nonoverlap 20260830/multi_aoi_metrics.csv,AOI=AOI-01; sensor=sentinel2; window=W2024; target_year=2025,0.82993450311845,counts: integer; manuscript headline RMSE/differences: 6 decimals; table values: source-derived fixed precision,Code/scripts/34_promote_nonoverlap_primary.py,canonical_nonoverlap_primary_20260830 / final_phase1_sensitivities,PASS
Results,Table 2,Table 2,RMSE,0.001336,repo/Data/Additional Sensitivity Analysis/Canonical Primary Nonoverlap 20260830/multi_aoi_metrics.csv,AOI=AOI-01; sensor=sentinel2; window=W2022_2023; target_year=2025,0.001335780547216,counts: integer; manuscript headline RMSE/differences: 6 decimals; table values: source-derived fixed precision,Code/scripts/34_promote_nonoverlap_primary.py,canonical_nonoverlap_primary_20260830 / final_phase1_sensitivities,PASS
Results,Table 2,Table 2,MAE,0.000298,repo/Data/Additional Sensitivity Analysis/Canonical Primary Nonoverlap 20260830/multi_aoi_metrics.csv,AOI=AOI-01; sensor=sentinel2; window=W2022_2023; target_year=2025,0.0002980362334368,counts: integer; manuscript headline RMSE/differences: 6 decimals; table values: source-derived fixed precision,Code/scripts/34_promote_nonoverlap_primary.py,canonical_nonoverlap_primary_20260830 / final_phase1_sensitivities,PASS
Results,Table 2,Table 2,Bias,-0.000217,repo/Data/Additional Sensitivity Analysis/Canonical Primary Nonoverlap 20260830/multi_aoi_metrics.csv,AOI=AOI-01; sensor=sentinel2; window=W2022_2023; target_year=2025,-0.000216685036802,counts: integer; manuscript headline RMSE/differences: 6 decimals; table values: source-derived fixed precision,Code/scripts/34_promote_nonoverlap_primary.py,canonical_nonoverlap_primary_20260830 / final_phase1_sensitivities,PASS
Results,Table 2,Table 2,R2,0.4010898508804336,repo/Data/Additional Sensitivity Analysis/Canonical Primary Nonoverlap 20260830/multi_aoi_metrics.csv,AOI=AOI-01; sensor=sentinel2; window=W2022_2023; target_year=2025,0.4010898508804336,counts: integer; manuscript headline RMSE/differences: 6 decimals; table values: source-derived fixed precision,Code/scripts/34_promote_nonoverlap_primary.py,canonical_nonoverlap_primary_20260830 / final_phase1_sensitivities,PASS
Results,Table 2,Table 2,Pearson_r,0.8399310431333413,repo/Data/Additional Sensitivity Analysis/Canonical Primary Nonoverlap 20260830/multi_aoi_metrics.csv,AOI=AOI-01; sensor=sentinel2; window=W2022_2023; target_year=2025,0.8399310431333413,counts: integer; manuscript headline RMSE/differences: 6 decimals; table values: source-derived fixed precision,Code/scripts/34_promote_nonoverlap_primary.py,canonical_nonoverlap_primary_20260830 / final_phase1_sensitivities,PASS
Results,Table 2,Table 2,RMSE,0.001382,repo/Data/Additional Sensitivity Analysis/Canonical Primary Nonoverlap 20260830/multi_aoi_metrics.csv,AOI=AOI-01; sensor=sentinel2; window=W2023_2024; target_year=2025,0.0013822239014969,counts: integer; manuscript headline RMSE/differences: 6 decimals; table values: source-derived fixed precision,Code/scripts/34_promote_nonoverlap_primary.py,canonical_nonoverlap_primary_20260830 / final_phase1_sensitivities,PASS
Results,Table 2,Table 2,MAE,0.000316,repo/Data/Additional Sensitivity Analysis/Canonical Primary Nonoverlap 20260830/multi_aoi_metrics.csv,AOI=AOI-01; sensor=sentinel2; window=W2023_2024; target_year=2025,0.0003160442621861,counts: integer; manuscript headline RMSE/differences: 6 decimals; table values: source-derived fixed precision,Code/scripts/34_promote_nonoverlap_primary.py,canonical_nonoverlap_primary_20260830 / final_phase1_sensitivities,PASS
Results,Table 2,Table 2,Bias,-0.000208,repo/Data/Additional Sensitivity Analysis/Canonical Primary Nonoverlap 20260830/multi_aoi_metrics.csv,AOI=AOI-01; sensor=sentinel2; window=W2023_2024; target_year=2025,-0.0002079181406843,counts: integer; manuscript headline RMSE/differences: 6 decimals; table values: source-derived fixed precision,Code/scripts/34_promote_nonoverlap_primary.py,canonical_nonoverlap_primary_20260830 / final_phase1_sensitivities,PASS
Results,Table 2,Table 2,R2,0.3587191951724442,repo/Data/Additional Sensitivity Analysis/Canonical Primary Nonoverlap 20260830/multi_aoi_metrics.csv,AOI=AOI-01; sensor=sentinel2; window=W2023_2024; target_year=2025,0.3587191951724442,counts: integer; manuscript headline RMSE/differences: 6 decimals; table values: source-derived fixed precision,Code/scripts/34_promote_nonoverlap_primary.py,canonical_nonoverlap_primary_20260830 / final_phase1_sensitivities,PASS
Results,Table 2,Table 2,Pearson_r,0.8367532279597554,repo/Data/Additional Sensitivity Analysis/Canonical Primary Nonoverlap 20260830/multi_aoi_metrics.csv,AOI=AOI-01; sensor=sentinel2; window=W2023_2024; target_year=2025,0.8367532279597554,counts: integer; manuscript headline RMSE/differences: 6 decimals; table values: source-derived fixed precision,Code/scripts/34_promote_nonoverlap_primary.py,canonical_nonoverlap_primary_20260830 / final_phase1_sensitivities,PASS
Results,Table 2,Table 2,RMSE,0.001365,repo/Data/Additional Sensitivity Analysis/Canonical Primary Nonoverlap 20260830/multi_aoi_metrics.csv,AOI=AOI-01; sensor=sentinel2; window=W2022_2024; target_year=2025,0.0013650495350562,counts: integer; manuscript headline RMSE/differences: 6 decimals; table values: source-derived fixed precision,Code/scripts/34_promote_nonoverlap_primary.py,canonical_nonoverlap_primary_20260830 / final_phase1_sensitivities,PASS
Results,Table 2,Table 2,MAE,0.000310,repo/Data/Additional Sensitivity Analysis/Canonical Primary Nonoverlap 20260830/multi_aoi_metrics.csv,AOI=AOI-01; sensor=sentinel2; window=W2022_2024; target_year=2025,0.0003098211827688,counts: integer; manuscript headline RMSE/differences: 6 decimals; table values: source-derived fixed precision,Code/scripts/34_promote_nonoverlap_primary.py,canonical_nonoverlap_primary_20260830 / final_phase1_sensitivities,PASS
Results,Table 2,Table 2,Bias,-0.000210,repo/Data/Additional Sensitivity Analysis/Canonical Primary Nonoverlap 20260830/multi_aoi_metrics.csv,AOI=AOI-01; sensor=sentinel2; window=W2022_2024; target_year=2025,-0.0002102339775963,counts: integer; manuscript headline RMSE/differences: 6 decimals; table values: source-derived fixed precision,Code/scripts/34_promote_nonoverlap_primary.py,canonical_nonoverlap_primary_20260830 / final_phase1_sensitivities,PASS
Results,Table 2,Table 2,R2,0.374556236696824,repo/Data/Additional Sensitivity Analysis/Canonical Primary Nonoverlap 20260830/multi_aoi_metrics.csv,AOI=AOI-01; sensor=sentinel2; window=W2022_2024; target_year=2025,0.374556236696824,counts: integer; manuscript headline RMSE/differences: 6 decimals; table values: source-derived fixed precision,Code/scripts/34_promote_nonoverlap_primary.py,canonical_nonoverlap_primary_20260830 / final_phase1_sensitivities,PASS
Results,Table 2,Table 2,Pearson_r,0.8385305762230606,repo/Data/Additional Sensitivity Analysis/Canonical Primary Nonoverlap 20260830/multi_aoi_metrics.csv,AOI=AOI-01; sensor=sentinel2; window=W2022_2024; target_year=2025,0.8385305762230606,counts: integer; manuscript headline RMSE/differences: 6 decimals; table values: source-derived fixed precision,Code/scripts/34_promote_nonoverlap_primary.py,canonical_nonoverlap_primary_20260830 / final_phase1_sensitivities,PASS
Results,Table 2,Table 2,RMSE,0.057890,repo/Data/Additional Sensitivity Analysis/Canonical Primary Nonoverlap 20260830/multi_aoi_metrics.csv,AOI=AOI-02; sensor=landsat; window=W2022; target_year=2025,0.0578903638243602,counts: integer; manuscript headline RMSE/differences: 6 decimals; table values: source-derived fixed precision,Code/scripts/34_promote_nonoverlap_primary.py,canonical_nonoverlap_primary_20260830 / final_phase1_sensitivities,PASS
Results,Table 2,Table 2,MAE,0.044681,repo/Data/Additional Sensitivity Analysis/Canonical Primary Nonoverlap 20260830/multi_aoi_metrics.csv,AOI=AOI-02; sensor=landsat; window=W2022; target_year=2025,0.0446810797609554,counts: integer; manuscript headline RMSE/differences: 6 decimals; table values: source-derived fixed precision,Code/scripts/34_promote_nonoverlap_primary.py,canonical_nonoverlap_primary_20260830 / final_phase1_sensitivities,PASS
Results,Table 2,Table 2,Bias,0.009951,repo/Data/Additional Sensitivity Analysis/Canonical Primary Nonoverlap 20260830/multi_aoi_metrics.csv,AOI=AOI-02; sensor=landsat; window=W2022; target_year=2025,0.0099514964340654,counts: integer; manuscript headline RMSE/differences: 6 decimals; table values: source-derived fixed precision,Code/scripts/34_promote_nonoverlap_primary.py,canonical_nonoverlap_primary_20260830 / final_phase1_sensitivities,PASS
Results,Table 2,Table 2,R2,0.8760985081772599,repo/Data/Additional Sensitivity Analysis/Canonical Primary Nonoverlap 20260830/multi_aoi_metrics.csv,AOI=AOI-02; sensor=landsat; window=W2022; target_year=2025,0.8760985081772599,counts: integer; manuscript headline RMSE/differences: 6 decimals; table values: source-derived fixed precision,Code/scripts/34_promote_nonoverlap_primary.py,canonical_nonoverlap_primary_20260830 / final_phase1_sensitivities,PASS
Results,Table 2,Table 2,Pearson_r,0.9379718196852974,repo/Data/Additional Sensitivity Analysis/Canonical Primary Nonoverlap 20260830/multi_aoi_metrics.csv,AOI=AOI-02; sensor=landsat; window=W2022; target_year=2025,0.9379718196852974,counts: integer; manuscript headline RMSE/differences: 6 decimals; table values: source-derived fixed precision,Code/scripts/34_promote_nonoverlap_primary.py,canonical_nonoverlap_primary_20260830 / final_phase1_sensitivities,PASS
Results,Table 2,Table 2,RMSE,0.059905,repo/Data/Additional Sensitivity Analysis/Canonical Primary Nonoverlap 20260830/multi_aoi_metrics.csv,AOI=AOI-02; sensor=landsat; window=W2023; target_year=2025,0.0599049307984293,counts: integer; manuscript headline RMSE/differences: 6 decimals; table values: source-derived fixed precision,Code/scripts/34_promote_nonoverlap_primary.py,canonical_nonoverlap_primary_20260830 / final_phase1_sensitivities,PASS
Results,Table 2,Table 2,MAE,0.046122,repo/Data/Additional Sensitivity Analysis/Canonical Primary Nonoverlap 20260830/multi_aoi_metrics.csv,AOI=AOI-02; sensor=landsat; window=W2023; target_year=2025,0.0461222857533128,counts: integer; manuscript headline RMSE/differences: 6 decimals; table values: source-derived fixed precision,Code/scripts/34_promote_nonoverlap_primary.py,canonical_nonoverlap_primary_20260830 / final_phase1_sensitivities,PASS
Results,Table 2,Table 2,Bias,0.017668,repo/Data/Additional Sensitivity Analysis/Canonical Primary Nonoverlap 20260830/multi_aoi_metrics.csv,AOI=AOI-02; sensor=landsat; window=W2023; target_year=2025,0.0176682460558081,counts: integer; manuscript headline RMSE/differences: 6 decimals; table values: source-derived fixed precision,Code/scripts/34_promote_nonoverlap_primary.py,canonical_nonoverlap_primary_20260830 / final_phase1_sensitivities,PASS
Results,Table 2,Table 2,R2,0.867324993028732,repo/Data/Additional Sensitivity Analysis/Canonical Primary Nonoverlap 20260830/multi_aoi_metrics.csv,AOI=AOI-02; sensor=landsat; window=W2023; target_year=2025,0.867324993028732,counts: integer; manuscript headline RMSE/differences: 6 decimals; table values: source-derived fixed precision,Code/scripts/34_promote_nonoverlap_primary.py,canonical_nonoverlap_primary_20260830 / final_phase1_sensitivities,PASS
Results,Table 2,Table 2,Pearson_r,0.937971819685298,repo/Data/Additional Sensitivity Analysis/Canonical Primary Nonoverlap 20260830/multi_aoi_metrics.csv,AOI=AOI-02; sensor=landsat; window=W2023; target_year=2025,0.937971819685298,counts: integer; manuscript headline RMSE/differences: 6 decimals; table values: source-derived fixed precision,Code/scripts/34_promote_nonoverlap_primary.py,canonical_nonoverlap_primary_20260830 / final_phase1_sensitivities,PASS
Results,Table 2,Table 2,RMSE,0.060363,repo/Data/Additional Sensitivity Analysis/Canonical Primary Nonoverlap 20260830/multi_aoi_metrics.csv,AOI=AOI-02; sensor=landsat; window=W2024; target_year=2025,0.0603633392006119,counts: integer; manuscript headline RMSE/differences: 6 decimals; table values: source-derived fixed precision,Code/scripts/34_promote_nonoverlap_primary.py,canonical_nonoverlap_primary_20260830 / final_phase1_sensitivities,PASS
Results,Table 2,Table 2,MAE,0.046436,repo/Data/Additional Sensitivity Analysis/Canonical Primary Nonoverlap 20260830/multi_aoi_metrics.csv,AOI=AOI-02; sensor=landsat; window=W2024; target_year=2025,0.0464362886847532,counts: integer; manuscript headline RMSE/differences: 6 decimals; table values: source-derived fixed precision,Code/scripts/34_promote_nonoverlap_primary.py,canonical_nonoverlap_primary_20260830 / final_phase1_sensitivities,PASS
Results,Table 2,Table 2,Bias,0.018517,repo/Data/Additional Sensitivity Analysis/Canonical Primary Nonoverlap 20260830/multi_aoi_metrics.csv,AOI=AOI-02; sensor=landsat; window=W2024; target_year=2025,0.0185172141314255,counts: integer; manuscript headline RMSE/differences: 6 decimals; table values: source-derived fixed precision,Code/scripts/34_promote_nonoverlap_primary.py,canonical_nonoverlap_primary_20260830 / final_phase1_sensitivities,PASS
Results,Table 2,Table 2,R2,0.8652866953465363,repo/Data/Additional Sensitivity Analysis/Canonical Primary Nonoverlap 20260830/multi_aoi_metrics.csv,AOI=AOI-02; sensor=landsat; window=W2024; target_year=2025,0.8652866953465363,counts: integer; manuscript headline RMSE/differences: 6 decimals; table values: source-derived fixed precision,Code/scripts/34_promote_nonoverlap_primary.py,canonical_nonoverlap_primary_20260830 / final_phase1_sensitivities,PASS
Results,Table 2,Table 2,Pearson_r,0.9379718196852976,repo/Data/Additional Sensitivity Analysis/Canonical Primary Nonoverlap 20260830/multi_aoi_metrics.csv,AOI=AOI-02; sensor=landsat; window=W2024; target_year=2025,0.9379718196852976,counts: integer; manuscript headline RMSE/differences: 6 decimals; table values: source-derived fixed precision,Code/scripts/34_promote_nonoverlap_primary.py,canonical_nonoverlap_primary_20260830 / final_phase1_sensitivities,PASS
Results,Table 2,Table 2,RMSE,0.057445,repo/Data/Additional Sensitivity Analysis/Canonical Primary Nonoverlap 20260830/multi_aoi_metrics.csv,AOI=AOI-02; sensor=landsat; window=W2022_2023; target_year=2025,0.057445153399661,counts: integer; manuscript headline RMSE/differences: 6 decimals; table values: source-derived fixed precision,Code/scripts/34_promote_nonoverlap_primary.py,canonical_nonoverlap_primary_20260830 / final_phase1_sensitivities,PASS
Results,Table 2,Table 2,MAE,0.044311,repo/Data/Additional Sensitivity Analysis/Canonical Primary Nonoverlap 20260830/multi_aoi_metrics.csv,AOI=AOI-02; sensor=landsat; window=W2022_2023; target_year=2025,0.0443105776824502,counts: integer; manuscript headline RMSE/differences: 6 decimals; table values: source-derived fixed precision,Code/scripts/34_promote_nonoverlap_primary.py,canonical_nonoverlap_primary_20260830 / final_phase1_sensitivities,PASS
Results,Table 2,Table 2,Bias,0.006946,repo/Data/Additional Sensitivity Analysis/Canonical Primary Nonoverlap 20260830/multi_aoi_metrics.csv,AOI=AOI-02; sensor=landsat; window=W2022_2023; target_year=2025,0.0069461803464485,counts: integer; manuscript headline RMSE/differences: 6 decimals; table values: source-derived fixed precision,Code/scripts/34_promote_nonoverlap_primary.py,canonical_nonoverlap_primary_20260830 / final_phase1_sensitivities,PASS
Results,Table 2,Table 2,R2,0.8779969284805731,repo/Data/Additional Sensitivity Analysis/Canonical Primary Nonoverlap 20260830/multi_aoi_metrics.csv,AOI=AOI-02; sensor=landsat; window=W2022_2023; target_year=2025,0.8779969284805731,counts: integer; manuscript headline RMSE/differences: 6 decimals; table values: source-derived fixed precision,Code/scripts/34_promote_nonoverlap_primary.py,canonical_nonoverlap_primary_20260830 / final_phase1_sensitivities,PASS
Results,Table 2,Table 2,Pearson_r,0.937971819685298,repo/Data/Additional Sensitivity Analysis/Canonical Primary Nonoverlap 20260830/multi_aoi_metrics.csv,AOI=AOI-02; sensor=landsat; window=W2022_2023; target_year=2025,0.937971819685298,counts: integer; manuscript headline RMSE/differences: 6 decimals; table values: source-derived fixed precision,Code/scripts/34_promote_nonoverlap_primary.py,canonical_nonoverlap_primary_20260830 / final_phase1_sensitivities,PASS
Results,Table 2,Table 2,RMSE,0.062291,repo/Data/Additional Sensitivity Analysis/Canonical Primary Nonoverlap 20260830/multi_aoi_metrics.csv,AOI=AOI-02; sensor=landsat; window=W2023_2024; target_year=2025,0.0622913612206142,counts: integer; manuscript headline RMSE/differences: 6 decimals; table values: source-derived fixed precision,Code/scripts/34_promote_nonoverlap_primary.py,canonical_nonoverlap_primary_20260830 / final_phase1_sensitivities,PASS
Results,Table 2,Table 2,MAE,0.048331,repo/Data/Additional Sensitivity Analysis/Canonical Primary Nonoverlap 20260830/multi_aoi_metrics.csv,AOI=AOI-02; sensor=landsat; window=W2023_2024; target_year=2025,0.048331183741156,counts: integer; manuscript headline RMSE/differences: 6 decimals; table values: source-derived fixed precision,Code/scripts/34_promote_nonoverlap_primary.py,canonical_nonoverlap_primary_20260830 / final_phase1_sensitivities,PASS
Results,Table 2,Table 2,Bias,0.024997,repo/Data/Additional Sensitivity Analysis/Canonical Primary Nonoverlap 20260830/multi_aoi_metrics.csv,AOI=AOI-02; sensor=landsat; window=W2023_2024; target_year=2025,0.0249972076531057,counts: integer; manuscript headline RMSE/differences: 6 decimals; table values: source-derived fixed precision,Code/scripts/34_promote_nonoverlap_primary.py,canonical_nonoverlap_primary_20260830 / final_phase1_sensitivities,PASS
Results,Table 2,Table 2,R2,0.85654370169073,repo/Data/Additional Sensitivity Analysis/Canonical Primary Nonoverlap 20260830/multi_aoi_metrics.csv,AOI=AOI-02; sensor=landsat; window=W2023_2024; target_year=2025,0.85654370169073,counts: integer; manuscript headline RMSE/differences: 6 decimals; table values: source-derived fixed precision,Code/scripts/34_promote_nonoverlap_primary.py,canonical_nonoverlap_primary_20260830 / final_phase1_sensitivities,PASS
Results,Table 2,Table 2,Pearson_r,0.9379718196852976,repo/Data/Additional Sensitivity Analysis/Canonical Primary Nonoverlap 20260830/multi_aoi_metrics.csv,AOI=AOI-02; sensor=landsat; window=W2023_2024; target_year=2025,0.9379718196852976,counts: integer; manuscript headline RMSE/differences: 6 decimals; table values: source-derived fixed precision,Code/scripts/34_promote_nonoverlap_primary.py,canonical_nonoverlap_primary_20260830 / final_phase1_sensitivities,PASS
Results,Table 2,Table 2,RMSE,0.058589,repo/Data/Additional Sensitivity Analysis/Canonical Primary Nonoverlap 20260830/multi_aoi_metrics.csv,AOI=AOI-02; sensor=landsat; window=W2022_2024; target_year=2025,0.0585893432074184,counts: integer; manuscript headline RMSE/differences: 6 decimals; table values: source-derived fixed precision,Code/scripts/34_promote_nonoverlap_primary.py,canonical_nonoverlap_primary_20260830 / final_phase1_sensitivities,PASS
Results,Table 2,Table 2,MAE,0.045287,repo/Data/Additional Sensitivity Analysis/Canonical Primary Nonoverlap 20260830/multi_aoi_metrics.csv,AOI=AOI-02; sensor=landsat; window=W2022_2024; target_year=2025,0.0452870003451738,counts: integer; manuscript headline RMSE/differences: 6 decimals; table values: source-derived fixed precision,Code/scripts/34_promote_nonoverlap_primary.py,canonical_nonoverlap_primary_20260830 / final_phase1_sensitivities,PASS
Results,Table 2,Table 2,Bias,0.013381,repo/Data/Additional Sensitivity Analysis/Canonical Primary Nonoverlap 20260830/multi_aoi_metrics.csv,AOI=AOI-02; sensor=landsat; window=W2022_2024; target_year=2025,0.0133811559851205,counts: integer; manuscript headline RMSE/differences: 6 decimals; table values: source-derived fixed precision,Code/scripts/34_promote_nonoverlap_primary.py,canonical_nonoverlap_primary_20260830 / final_phase1_sensitivities,PASS
Results,Table 2,Table 2,R2,0.8730884241914783,repo/Data/Additional Sensitivity Analysis/Canonical Primary Nonoverlap 20260830/multi_aoi_metrics.csv,AOI=AOI-02; sensor=landsat; window=W2022_2024; target_year=2025,0.8730884241914783,counts: integer; manuscript headline RMSE/differences: 6 decimals; table values: source-derived fixed precision,Code/scripts/34_promote_nonoverlap_primary.py,canonical_nonoverlap_primary_20260830 / final_phase1_sensitivities,PASS
Results,Table 2,Table 2,Pearson_r,0.9379718196852972,repo/Data/Additional Sensitivity Analysis/Canonical Primary Nonoverlap 20260830/multi_aoi_metrics.csv,AOI=AOI-02; sensor=landsat; window=W2022_2024; target_year=2025,0.9379718196852972,counts: integer; manuscript headline RMSE/differences: 6 decimals; table values: source-derived fixed precision,Code/scripts/34_promote_nonoverlap_primary.py,canonical_nonoverlap_primary_20260830 / final_phase1_sensitivities,PASS
Results,Table 2,Table 2,RMSE,0.057206,repo/Data/Additional Sensitivity Analysis/Canonical Primary Nonoverlap 20260830/multi_aoi_metrics.csv,AOI=AOI-02; sensor=modis; window=W2022; target_year=2025,0.0572061428477001,counts: integer; manuscript headline RMSE/differences: 6 decimals; table values: source-derived fixed precision,Code/scripts/34_promote_nonoverlap_primary.py,canonical_nonoverlap_primary_20260830 / final_phase1_sensitivities,PASS
Results,Table 2,Table 2,MAE,0.043342,repo/Data/Additional Sensitivity Analysis/Canonical Primary Nonoverlap 20260830/multi_aoi_metrics.csv,AOI=AOI-02; sensor=modis; window=W2022; target_year=2025,0.0433420255544829,counts: integer; manuscript headline RMSE/differences: 6 decimals; table values: source-derived fixed precision,Code/scripts/34_promote_nonoverlap_primary.py,canonical_nonoverlap_primary_20260830 / final_phase1_sensitivities,PASS
Results,Table 2,Table 2,Bias,0.013577,repo/Data/Additional Sensitivity Analysis/Canonical Primary Nonoverlap 20260830/multi_aoi_metrics.csv,AOI=AOI-02; sensor=modis; window=W2022; target_year=2025,0.0135768470479175,counts: integer; manuscript headline RMSE/differences: 6 decimals; table values: source-derived fixed precision,Code/scripts/34_promote_nonoverlap_primary.py,canonical_nonoverlap_primary_20260830 / final_phase1_sensitivities,PASS
Results,Table 2,Table 2,R2,0.7549771974357876,repo/Data/Additional Sensitivity Analysis/Canonical Primary Nonoverlap 20260830/multi_aoi_metrics.csv,AOI=AOI-02; sensor=modis; window=W2022; target_year=2025,0.7549771974357876,counts: integer; manuscript headline RMSE/differences: 6 decimals; table values: source-derived fixed precision,Code/scripts/34_promote_nonoverlap_primary.py,canonical_nonoverlap_primary_20260830 / final_phase1_sensitivities,PASS
Results,Table 2,Table 2,Pearson_r,0.8768581830923972,repo/Data/Additional Sensitivity Analysis/Canonical Primary Nonoverlap 20260830/multi_aoi_metrics.csv,AOI=AOI-02; sensor=modis; window=W2022; target_year=2025,0.8768581830923972,counts: integer; manuscript headline RMSE/differences: 6 decimals; table values: source-derived fixed precision,Code/scripts/34_promote_nonoverlap_primary.py,canonical_nonoverlap_primary_20260830 / final_phase1_sensitivities,PASS
Results,Table 2,Table 2,RMSE,0.056927,repo/Data/Additional Sensitivity Analysis/Canonical Primary Nonoverlap 20260830/multi_aoi_metrics.csv,AOI=AOI-02; sensor=modis; window=W2023; target_year=2025,0.0569266511551095,counts: integer; manuscript headline RMSE/differences: 6 decimals; table values: source-derived fixed precision,Code/scripts/34_promote_nonoverlap_primary.py,canonical_nonoverlap_primary_20260830 / final_phase1_sensitivities,PASS
Results,Table 2,Table 2,MAE,0.043969,repo/Data/Additional Sensitivity Analysis/Canonical Primary Nonoverlap 20260830/multi_aoi_metrics.csv,AOI=AOI-02; sensor=modis; window=W2023; target_year=2025,0.0439691058069198,counts: integer; manuscript headline RMSE/differences: 6 decimals; table values: source-derived fixed precision,Code/scripts/34_promote_nonoverlap_primary.py,canonical_nonoverlap_primary_20260830 / final_phase1_sensitivities,PASS
Results,Table 2,Table 2,Bias,-0.011395,repo/Data/Additional Sensitivity Analysis/Canonical Primary Nonoverlap 20260830/multi_aoi_metrics.csv,AOI=AOI-02; sensor=modis; window=W2023; target_year=2025,-0.0113949067370488,counts: integer; manuscript headline RMSE/differences: 6 decimals; table values: source-derived fixed precision,Code/scripts/34_promote_nonoverlap_primary.py,canonical_nonoverlap_primary_20260830 / final_phase1_sensitivities,PASS
Results,Table 2,Table 2,R2,0.7573655614739481,repo/Data/Additional Sensitivity Analysis/Canonical Primary Nonoverlap 20260830/multi_aoi_metrics.csv,AOI=AOI-02; sensor=modis; window=W2023; target_year=2025,0.7573655614739481,counts: integer; manuscript headline RMSE/differences: 6 decimals; table values: source-derived fixed precision,Code/scripts/34_promote_nonoverlap_primary.py,canonical_nonoverlap_primary_20260830 / final_phase1_sensitivities,PASS
Results,Table 2,Table 2,Pearson_r,0.8768579330350761,repo/Data/Additional Sensitivity Analysis/Canonical Primary Nonoverlap 20260830/multi_aoi_metrics.csv,AOI=AOI-02; sensor=modis; window=W2023; target_year=2025,0.8768579330350761,counts: integer; manuscript headline RMSE/differences: 6 decimals; table values: source-derived fixed precision,Code/scripts/34_promote_nonoverlap_primary.py,canonical_nonoverlap_primary_20260830 / final_phase1_sensitivities,PASS
Results,Table 2,Table 2,RMSE,0.064538,repo/Data/Additional Sensitivity Analysis/Canonical Primary Nonoverlap 20260830/multi_aoi_metrics.csv,AOI=AOI-02; sensor=modis; window=W2024; target_year=2025,0.0645379145692177,counts: integer; manuscript headline RMSE/differences: 6 decimals; table values: source-derived fixed precision,Code/scripts/34_promote_nonoverlap_primary.py,canonical_nonoverlap_primary_20260830 / final_phase1_sensitivities,PASS
Results,Table 2,Table 2,MAE,0.049177,repo/Data/Additional Sensitivity Analysis/Canonical Primary Nonoverlap 20260830/multi_aoi_metrics.csv,AOI=AOI-02; sensor=modis; window=W2024; target_year=2025,0.0491772304027757,counts: integer; manuscript headline RMSE/differences: 6 decimals; table values: source-derived fixed precision,Code/scripts/34_promote_nonoverlap_primary.py,canonical_nonoverlap_primary_20260830 / final_phase1_sensitivities,PASS
Results,Table 2,Table 2,Bias,0.031245,repo/Data/Additional Sensitivity Analysis/Canonical Primary Nonoverlap 20260830/multi_aoi_metrics.csv,AOI=AOI-02; sensor=modis; window=W2024; target_year=2025,0.031245428378228,counts: integer; manuscript headline RMSE/differences: 6 decimals; table values: source-derived fixed precision,Code/scripts/34_promote_nonoverlap_primary.py,canonical_nonoverlap_primary_20260830 / final_phase1_sensitivities,PASS
Results,Table 2,Table 2,R2,0.6881462101983714,repo/Data/Additional Sensitivity Analysis/Canonical Primary Nonoverlap 20260830/multi_aoi_metrics.csv,AOI=AOI-02; sensor=modis; window=W2024; target_year=2025,0.6881462101983714,counts: integer; manuscript headline RMSE/differences: 6 decimals; table values: source-derived fixed precision,Code/scripts/34_promote_nonoverlap_primary.py,canonical_nonoverlap_primary_20260830 / final_phase1_sensitivities,PASS
Results,Table 2,Table 2,Pearson_r,0.8768581830923973,repo/Data/Additional Sensitivity Analysis/Canonical Primary Nonoverlap 20260830/multi_aoi_metrics.csv,AOI=AOI-02; sensor=modis; window=W2024; target_year=2025,0.8768581830923973,counts: integer; manuscript headline RMSE/differences: 6 decimals; table values: source-derived fixed precision,Code/scripts/34_promote_nonoverlap_primary.py,canonical_nonoverlap_primary_20260830 / final_phase1_sensitivities,PASS
Results,Table 2,Table 2,RMSE,0.056367,repo/Data/Additional Sensitivity Analysis/Canonical Primary Nonoverlap 20260830/multi_aoi_metrics.csv,AOI=AOI-02; sensor=modis; window=W2022_2023; target_year=2025,0.0563666402504544,counts: integer; manuscript headline RMSE/differences: 6 decimals; table values: source-derived fixed precision,Code/scripts/34_promote_nonoverlap_primary.py,canonical_nonoverlap_primary_20260830 / final_phase1_sensitivities,PASS
Results,Table 2,Table 2,MAE,0.042725,repo/Data/Additional Sensitivity Analysis/Canonical Primary Nonoverlap 20260830/multi_aoi_metrics.csv,AOI=AOI-02; sensor=modis; window=W2022_2023; target_year=2025,0.0427253206227319,counts: integer; manuscript headline RMSE/differences: 6 decimals; table values: source-derived fixed precision,Code/scripts/34_promote_nonoverlap_primary.py,canonical_nonoverlap_primary_20260830 / final_phase1_sensitivities,PASS
Results,Table 2,Table 2,Bias,0.009492,repo/Data/Additional Sensitivity Analysis/Canonical Primary Nonoverlap 20260830/multi_aoi_metrics.csv,AOI=AOI-02; sensor=modis; window=W2022_2023; target_year=2025,0.00949228308474,counts: integer; manuscript headline RMSE/differences: 6 decimals; table values: source-derived fixed precision,Code/scripts/34_promote_nonoverlap_primary.py,canonical_nonoverlap_primary_20260830 / final_phase1_sensitivities,PASS
Results,Table 2,Table 2,R2,0.7621158703397992,repo/Data/Additional Sensitivity Analysis/Canonical Primary Nonoverlap 20260830/multi_aoi_metrics.csv,AOI=AOI-02; sensor=modis; window=W2022_2023; target_year=2025,0.7621158703397992,counts: integer; manuscript headline RMSE/differences: 6 decimals; table values: source-derived fixed precision,Code/scripts/34_promote_nonoverlap_primary.py,canonical_nonoverlap_primary_20260830 / final_phase1_sensitivities,PASS
Results,Table 2,Table 2,Pearson_r,0.8768581830923973,repo/Data/Additional Sensitivity Analysis/Canonical Primary Nonoverlap 20260830/multi_aoi_metrics.csv,AOI=AOI-02; sensor=modis; window=W2022_2023; target_year=2025,0.8768581830923973,counts: integer; manuscript headline RMSE/differences: 6 decimals; table values: source-derived fixed precision,Code/scripts/34_promote_nonoverlap_primary.py,canonical_nonoverlap_primary_20260830 / final_phase1_sensitivities,PASS
Results,Table 2,Table 2,RMSE,0.060802,repo/Data/Additional Sensitivity Analysis/Canonical Primary Nonoverlap 20260830/multi_aoi_metrics.csv,AOI=AOI-02; sensor=modis; window=W2023_2024; target_year=2025,0.0608018750003585,counts: integer; manuscript headline RMSE/differences: 6 decimals; table values: source-derived fixed precision,Code/scripts/34_promote_nonoverlap_primary.py,canonical_nonoverlap_primary_20260830 / final_phase1_sensitivities,PASS
Results,Table 2,Table 2,MAE,0.045793,repo/Data/Additional Sensitivity Analysis/Canonical Primary Nonoverlap 20260830/multi_aoi_metrics.csv,AOI=AOI-02; sensor=modis; window=W2023_2024; target_year=2025,0.0457933684566834,counts: integer; manuscript headline RMSE/differences: 6 decimals; table values: source-derived fixed precision,Code/scripts/34_promote_nonoverlap_primary.py,canonical_nonoverlap_primary_20260830 / final_phase1_sensitivities,PASS
Results,Table 2,Table 2,Bias,0.023226,repo/Data/Additional Sensitivity Analysis/Canonical Primary Nonoverlap 20260830/multi_aoi_metrics.csv,AOI=AOI-02; sensor=modis; window=W2023_2024; target_year=2025,0.0232255808831164,counts: integer; manuscript headline RMSE/differences: 6 decimals; table values: source-derived fixed precision,Code/scripts/34_promote_nonoverlap_primary.py,canonical_nonoverlap_primary_20260830 / final_phase1_sensitivities,PASS
Results,Table 2,Table 2,R2,0.7232069922467852,repo/Data/Additional Sensitivity Analysis/Canonical Primary Nonoverlap 20260830/multi_aoi_metrics.csv,AOI=AOI-02; sensor=modis; window=W2023_2024; target_year=2025,0.7232069922467852,counts: integer; manuscript headline RMSE/differences: 6 decimals; table values: source-derived fixed precision,Code/scripts/34_promote_nonoverlap_primary.py,canonical_nonoverlap_primary_20260830 / final_phase1_sensitivities,PASS
Results,Table 2,Table 2,Pearson_r,0.8768581830923973,repo/Data/Additional Sensitivity Analysis/Canonical Primary Nonoverlap 20260830/multi_aoi_metrics.csv,AOI=AOI-02; sensor=modis; window=W2023_2024; target_year=2025,0.8768581830923973,counts: integer; manuscript headline RMSE/differences: 6 decimals; table values: source-derived fixed precision,Code/scripts/34_promote_nonoverlap_primary.py,canonical_nonoverlap_primary_20260830 / final_phase1_sensitivities,PASS
Results,Table 2,Table 2,RMSE,0.059439,repo/Data/Additional Sensitivity Analysis/Canonical Primary Nonoverlap 20260830/multi_aoi_metrics.csv,AOI=AOI-02; sensor=modis; window=W2022_2024; target_year=2025,0.0594389686902229,counts: integer; manuscript headline RMSE/differences: 6 decimals; table values: source-derived fixed precision,Code/scripts/34_promote_nonoverlap_primary.py,canonical_nonoverlap_primary_20260830 / final_phase1_sensitivities,PASS
Results,Table 2,Table 2,MAE,0.044783,repo/Data/Additional Sensitivity Analysis/Canonical Primary Nonoverlap 20260830/multi_aoi_metrics.csv,AOI=AOI-02; sensor=modis; window=W2022_2024; target_year=2025,0.0447826327526072,counts: integer; manuscript headline RMSE/differences: 6 decimals; table values: source-derived fixed precision,Code/scripts/34_promote_nonoverlap_primary.py,canonical_nonoverlap_primary_20260830 / final_phase1_sensitivities,PASS
Results,Table 2,Table 2,Bias,0.020337,repo/Data/Additional Sensitivity Analysis/Canonical Primary Nonoverlap 20260830/multi_aoi_metrics.csv,AOI=AOI-02; sensor=modis; window=W2022_2024; target_year=2025,0.0203373600093379,counts: integer; manuscript headline RMSE/differences: 6 decimals; table values: source-derived fixed precision,Code/scripts/34_promote_nonoverlap_primary.py,canonical_nonoverlap_primary_20260830 / final_phase1_sensitivities,PASS
Results,Table 2,Table 2,R2,0.7354768403889647,repo/Data/Additional Sensitivity Analysis/Canonical Primary Nonoverlap 20260830/multi_aoi_metrics.csv,AOI=AOI-02; sensor=modis; window=W2022_2024; target_year=2025,0.7354768403889647,counts: integer; manuscript headline RMSE/differences: 6 decimals; table values: source-derived fixed precision,Code/scripts/34_promote_nonoverlap_primary.py,canonical_nonoverlap_primary_20260830 / final_phase1_sensitivities,PASS
Results,Table 2,Table 2,Pearson_r,0.8768581830923973,repo/Data/Additional Sensitivity Analysis/Canonical Primary Nonoverlap 20260830/multi_aoi_metrics.csv,AOI=AOI-02; sensor=modis; window=W2022_2024; target_year=2025,0.8768581830923973,counts: integer; manuscript headline RMSE/differences: 6 decimals; table values: source-derived fixed precision,Code/scripts/34_promote_nonoverlap_primary.py,canonical_nonoverlap_primary_20260830 / final_phase1_sensitivities,PASS
Results,Table 2,Table 2,RMSE,0.061362,repo/Data/Additional Sensitivity Analysis/Canonical Primary Nonoverlap 20260830/multi_aoi_metrics.csv,AOI=AOI-02; sensor=sentinel2; window=W2022; target_year=2025,0.0613619890964156,counts: integer; manuscript headline RMSE/differences: 6 decimals; table values: source-derived fixed precision,Code/scripts/34_promote_nonoverlap_primary.py,canonical_nonoverlap_primary_20260830 / final_phase1_sensitivities,PASS
Results,Table 2,Table 2,MAE,0.047107,repo/Data/Additional Sensitivity Analysis/Canonical Primary Nonoverlap 20260830/multi_aoi_metrics.csv,AOI=AOI-02; sensor=sentinel2; window=W2022; target_year=2025,0.0471071563413775,counts: integer; manuscript headline RMSE/differences: 6 decimals; table values: source-derived fixed precision,Code/scripts/34_promote_nonoverlap_primary.py,canonical_nonoverlap_primary_20260830 / final_phase1_sensitivities,PASS
Results,Table 2,Table 2,Bias,-0.014408,repo/Data/Additional Sensitivity Analysis/Canonical Primary Nonoverlap 20260830/multi_aoi_metrics.csv,AOI=AOI-02; sensor=sentinel2; window=W2022; target_year=2025,-0.0144082256539491,counts: integer; manuscript headline RMSE/differences: 6 decimals; table values: source-derived fixed precision,Code/scripts/34_promote_nonoverlap_primary.py,canonical_nonoverlap_primary_20260830 / final_phase1_sensitivities,PASS
Results,Table 2,Table 2,R2,0.8681801126134924,repo/Data/Additional Sensitivity Analysis/Canonical Primary Nonoverlap 20260830/multi_aoi_metrics.csv,AOI=AOI-02; sensor=sentinel2; window=W2022; target_year=2025,0.8681801126134924,counts: integer; manuscript headline RMSE/differences: 6 decimals; table values: source-derived fixed precision,Code/scripts/34_promote_nonoverlap_primary.py,canonical_nonoverlap_primary_20260830 / final_phase1_sensitivities,PASS
Results,Table 2,Table 2,Pearson_r,0.9356596147899816,repo/Data/Additional Sensitivity Analysis/Canonical Primary Nonoverlap 20260830/multi_aoi_metrics.csv,AOI=AOI-02; sensor=sentinel2; window=W2022; target_year=2025,0.9356596147899816,counts: integer; manuscript headline RMSE/differences: 6 decimals; table values: source-derived fixed precision,Code/scripts/34_promote_nonoverlap_primary.py,canonical_nonoverlap_primary_20260830 / final_phase1_sensitivities,PASS
Results,Table 2,Table 2,RMSE,0.060846,repo/Data/Additional Sensitivity Analysis/Canonical Primary Nonoverlap 20260830/multi_aoi_metrics.csv,AOI=AOI-02; sensor=sentinel2; window=W2023; target_year=2025,0.0608456171651324,counts: integer; manuscript headline RMSE/differences: 6 decimals; table values: source-derived fixed precision,Code/scripts/34_promote_nonoverlap_primary.py,canonical_nonoverlap_primary_20260830 / final_phase1_sensitivities,PASS
Results,Table 2,Table 2,MAE,0.046550,repo/Data/Additional Sensitivity Analysis/Canonical Primary Nonoverlap 20260830/multi_aoi_metrics.csv,AOI=AOI-02; sensor=sentinel2; window=W2023; target_year=2025,0.0465503357464224,counts: integer; manuscript headline RMSE/differences: 6 decimals; table values: source-derived fixed precision,Code/scripts/34_promote_nonoverlap_primary.py,canonical_nonoverlap_primary_20260830 / final_phase1_sensitivities,PASS
Results,Table 2,Table 2,Bias,-0.011997,repo/Data/Additional Sensitivity Analysis/Canonical Primary Nonoverlap 20260830/multi_aoi_metrics.csv,AOI=AOI-02; sensor=sentinel2; window=W2023; target_year=2025,-0.0119974728539419,counts: integer; manuscript headline RMSE/differences: 6 decimals; table values: source-derived fixed precision,Code/scripts/34_promote_nonoverlap_primary.py,canonical_nonoverlap_primary_20260830 / final_phase1_sensitivities,PASS
Results,Table 2,Table 2,R2,0.8703893528403873,repo/Data/Additional Sensitivity Analysis/Canonical Primary Nonoverlap 20260830/multi_aoi_metrics.csv,AOI=AOI-02; sensor=sentinel2; window=W2023; target_year=2025,0.8703893528403873,counts: integer; manuscript headline RMSE/differences: 6 decimals; table values: source-derived fixed precision,Code/scripts/34_promote_nonoverlap_primary.py,canonical_nonoverlap_primary_20260830 / final_phase1_sensitivities,PASS
Results,Table 2,Table 2,Pearson_r,0.935659614789982,repo/Data/Additional Sensitivity Analysis/Canonical Primary Nonoverlap 20260830/multi_aoi_metrics.csv,AOI=AOI-02; sensor=sentinel2; window=W2023; target_year=2025,0.935659614789982,counts: integer; manuscript headline RMSE/differences: 6 decimals; table values: source-derived fixed precision,Code/scripts/34_promote_nonoverlap_primary.py,canonical_nonoverlap_primary_20260830 / final_phase1_sensitivities,PASS
Results,Table 2,Table 2,RMSE,0.062164,repo/Data/Additional Sensitivity Analysis/Canonical Primary Nonoverlap 20260830/multi_aoi_metrics.csv,AOI=AOI-02; sensor=sentinel2; window=W2024; target_year=2025,0.0621643086972976,counts: integer; manuscript headline RMSE/differences: 6 decimals; table values: source-derived fixed precision,Code/scripts/34_promote_nonoverlap_primary.py,canonical_nonoverlap_primary_20260830 / final_phase1_sensitivities,PASS
Results,Table 2,Table 2,MAE,0.048124,repo/Data/Additional Sensitivity Analysis/Canonical Primary Nonoverlap 20260830/multi_aoi_metrics.csv,AOI=AOI-02; sensor=sentinel2; window=W2024; target_year=2025,0.0481235771712585,counts: integer; manuscript headline RMSE/differences: 6 decimals; table values: source-derived fixed precision,Code/scripts/34_promote_nonoverlap_primary.py,canonical_nonoverlap_primary_20260830 / final_phase1_sensitivities,PASS
Results,Table 2,Table 2,Bias,0.017222,repo/Data/Additional Sensitivity Analysis/Canonical Primary Nonoverlap 20260830/multi_aoi_metrics.csv,AOI=AOI-02; sensor=sentinel2; window=W2024; target_year=2025,0.0172218523825001,counts: integer; manuscript headline RMSE/differences: 6 decimals; table values: source-derived fixed precision,Code/scripts/34_promote_nonoverlap_primary.py,canonical_nonoverlap_primary_20260830 / final_phase1_sensitivities,PASS
Results,Table 2,Table 2,R2,0.8647104367449556,repo/Data/Additional Sensitivity Analysis/Canonical Primary Nonoverlap 20260830/multi_aoi_metrics.csv,AOI=AOI-02; sensor=sentinel2; window=W2024; target_year=2025,0.8647104367449556,counts: integer; manuscript headline RMSE/differences: 6 decimals; table values: source-derived fixed precision,Code/scripts/34_promote_nonoverlap_primary.py,canonical_nonoverlap_primary_20260830 / final_phase1_sensitivities,PASS
Results,Table 2,Table 2,Pearson_r,0.935659614789983,repo/Data/Additional Sensitivity Analysis/Canonical Primary Nonoverlap 20260830/multi_aoi_metrics.csv,AOI=AOI-02; sensor=sentinel2; window=W2024; target_year=2025,0.935659614789983,counts: integer; manuscript headline RMSE/differences: 6 decimals; table values: source-derived fixed precision,Code/scripts/34_promote_nonoverlap_primary.py,canonical_nonoverlap_primary_20260830 / final_phase1_sensitivities,PASS
Results,Table 2,Table 2,RMSE,0.061290,repo/Data/Additional Sensitivity Analysis/Canonical Primary Nonoverlap 20260830/multi_aoi_metrics.csv,AOI=AOI-02; sensor=sentinel2; window=W2022_2023; target_year=2025,0.0612898797959522,counts: integer; manuscript headline RMSE/differences: 6 decimals; table values: source-derived fixed precision,Code/scripts/34_promote_nonoverlap_primary.py,canonical_nonoverlap_primary_20260830 / final_phase1_sensitivities,PASS
Results,Table 2,Table 2,MAE,0.047003,repo/Data/Additional Sensitivity Analysis/Canonical Primary Nonoverlap 20260830/multi_aoi_metrics.csv,AOI=AOI-02; sensor=sentinel2; window=W2022_2023; target_year=2025,0.0470029043621969,counts: integer; manuscript headline RMSE/differences: 6 decimals; table values: source-derived fixed precision,Code/scripts/34_promote_nonoverlap_primary.py,canonical_nonoverlap_primary_20260830 / final_phase1_sensitivities,PASS
Results,Table 2,Table 2,Bias,-0.014109,repo/Data/Additional Sensitivity Analysis/Canonical Primary Nonoverlap 20260830/multi_aoi_metrics.csv,AOI=AOI-02; sensor=sentinel2; window=W2022_2023; target_year=2025,-0.014109088744176,counts: integer; manuscript headline RMSE/differences: 6 decimals; table values: source-derived fixed precision,Code/scripts/34_promote_nonoverlap_primary.py,canonical_nonoverlap_primary_20260830 / final_phase1_sensitivities,PASS
Results,Table 2,Table 2,R2,0.8684897458201836,repo/Data/Additional Sensitivity Analysis/Canonical Primary Nonoverlap 20260830/multi_aoi_metrics.csv,AOI=AOI-02; sensor=sentinel2; window=W2022_2023; target_year=2025,0.8684897458201836,counts: integer; manuscript headline RMSE/differences: 6 decimals; table values: source-derived fixed precision,Code/scripts/34_promote_nonoverlap_primary.py,canonical_nonoverlap_primary_20260830 / final_phase1_sensitivities,PASS
Results,Table 2,Table 2,Pearson_r,0.935659614789982,repo/Data/Additional Sensitivity Analysis/Canonical Primary Nonoverlap 20260830/multi_aoi_metrics.csv,AOI=AOI-02; sensor=sentinel2; window=W2022_2023; target_year=2025,0.935659614789982,counts: integer; manuscript headline RMSE/differences: 6 decimals; table values: source-derived fixed precision,Code/scripts/34_promote_nonoverlap_primary.py,canonical_nonoverlap_primary_20260830 / final_phase1_sensitivities,PASS
Results,Table 2,Table 2,RMSE,0.060465,repo/Data/Additional Sensitivity Analysis/Canonical Primary Nonoverlap 20260830/multi_aoi_metrics.csv,AOI=AOI-02; sensor=sentinel2; window=W2023_2024; target_year=2025,0.0604646146401997,counts: integer; manuscript headline RMSE/differences: 6 decimals; table values: source-derived fixed precision,Code/scripts/34_promote_nonoverlap_primary.py,canonical_nonoverlap_primary_20260830 / final_phase1_sensitivities,PASS
Results,Table 2,Table 2,MAE,0.046557,repo/Data/Additional Sensitivity Analysis/Canonical Primary Nonoverlap 20260830/multi_aoi_metrics.csv,AOI=AOI-02; sensor=sentinel2; window=W2023_2024; target_year=2025,0.0465565864480172,counts: integer; manuscript headline RMSE/differences: 6 decimals; table values: source-derived fixed precision,Code/scripts/34_promote_nonoverlap_primary.py,canonical_nonoverlap_primary_20260830 / final_phase1_sensitivities,PASS
Results,Table 2,Table 2,Bias,0.009812,repo/Data/Additional Sensitivity Analysis/Canonical Primary Nonoverlap 20260830/multi_aoi_metrics.csv,AOI=AOI-02; sensor=sentinel2; window=W2023_2024; target_year=2025,0.0098124158794889,counts: integer; manuscript headline RMSE/differences: 6 decimals; table values: source-derived fixed precision,Code/scripts/34_promote_nonoverlap_primary.py,canonical_nonoverlap_primary_20260830 / final_phase1_sensitivities,PASS
Results,Table 2,Table 2,R2,0.8720074603161226,repo/Data/Additional Sensitivity Analysis/Canonical Primary Nonoverlap 20260830/multi_aoi_metrics.csv,AOI=AOI-02; sensor=sentinel2; window=W2023_2024; target_year=2025,0.8720074603161226,counts: integer; manuscript headline RMSE/differences: 6 decimals; table values: source-derived fixed precision,Code/scripts/34_promote_nonoverlap_primary.py,canonical_nonoverlap_primary_20260830 / final_phase1_sensitivities,PASS
Results,Table 2,Table 2,Pearson_r,0.9356596147899822,repo/Data/Additional Sensitivity Analysis/Canonical Primary Nonoverlap 20260830/multi_aoi_metrics.csv,AOI=AOI-02; sensor=sentinel2; window=W2023_2024; target_year=2025,0.9356596147899822,counts: integer; manuscript headline RMSE/differences: 6 decimals; table values: source-derived fixed precision,Code/scripts/34_promote_nonoverlap_primary.py,canonical_nonoverlap_primary_20260830 / final_phase1_sensitivities,PASS
Results,Table 2,Table 2,RMSE,0.059645,repo/Data/Additional Sensitivity Analysis/Canonical Primary Nonoverlap 20260830/multi_aoi_metrics.csv,AOI=AOI-02; sensor=sentinel2; window=W2022_2024; target_year=2025,0.0596448274340375,counts: integer; manuscript headline RMSE/differences: 6 decimals; table values: source-derived fixed precision,Code/scripts/34_promote_nonoverlap_primary.py,canonical_nonoverlap_primary_20260830 / final_phase1_sensitivities,PASS
Results,Table 2,Table 2,MAE,0.045685,repo/Data/Additional Sensitivity Analysis/Canonical Primary Nonoverlap 20260830/multi_aoi_metrics.csv,AOI=AOI-02; sensor=sentinel2; window=W2022_2024; target_year=2025,0.0456849593104843,counts: integer; manuscript headline RMSE/differences: 6 decimals; table values: source-derived fixed precision,Code/scripts/34_promote_nonoverlap_primary.py,canonical_nonoverlap_primary_20260830 / final_phase1_sensitivities,PASS
Results,Table 2,Table 2,Bias,-0.000173,repo/Data/Additional Sensitivity Analysis/Canonical Primary Nonoverlap 20260830/multi_aoi_metrics.csv,AOI=AOI-02; sensor=sentinel2; window=W2022_2024; target_year=2025,-0.0001728020156,counts: integer; manuscript headline RMSE/differences: 6 decimals; table values: source-derived fixed precision,Code/scripts/34_promote_nonoverlap_primary.py,canonical_nonoverlap_primary_20260830 / final_phase1_sensitivities,PASS
Results,Table 2,Table 2,R2,0.8754546117614118,repo/Data/Additional Sensitivity Analysis/Canonical Primary Nonoverlap 20260830/multi_aoi_metrics.csv,AOI=AOI-02; sensor=sentinel2; window=W2022_2024; target_year=2025,0.8754546117614118,counts: integer; manuscript headline RMSE/differences: 6 decimals; table values: source-derived fixed precision,Code/scripts/34_promote_nonoverlap_primary.py,canonical_nonoverlap_primary_20260830 / final_phase1_sensitivities,PASS
Results,Table 2,Table 2,Pearson_r,0.9356596147899816,repo/Data/Additional Sensitivity Analysis/Canonical Primary Nonoverlap 20260830/multi_aoi_metrics.csv,AOI=AOI-02; sensor=sentinel2; window=W2022_2024; target_year=2025,0.9356596147899816,counts: integer; manuscript headline RMSE/differences: 6 decimals; table values: source-derived fixed precision,Code/scripts/34_promote_nonoverlap_primary.py,canonical_nonoverlap_primary_20260830 / final_phase1_sensitivities,PASS
Results,Table 2,Table 2,RMSE,0.036780,repo/Data/Additional Sensitivity Analysis/Canonical Primary Nonoverlap 20260830/multi_aoi_metrics.csv,AOI=AOI-03; sensor=landsat; window=W2022; target_year=2025,0.0367796409806039,counts: integer; manuscript headline RMSE/differences: 6 decimals; table values: source-derived fixed precision,Code/scripts/34_promote_nonoverlap_primary.py,canonical_nonoverlap_primary_20260830 / final_phase1_sensitivities,PASS
Results,Table 2,Table 2,MAE,0.027742,repo/Data/Additional Sensitivity Analysis/Canonical Primary Nonoverlap 20260830/multi_aoi_metrics.csv,AOI=AOI-03; sensor=landsat; window=W2022; target_year=2025,0.0277418501410072,counts: integer; manuscript headline RMSE/differences: 6 decimals; table values: source-derived fixed precision,Code/scripts/34_promote_nonoverlap_primary.py,canonical_nonoverlap_primary_20260830 / final_phase1_sensitivities,PASS
Results,Table 2,Table 2,Bias,0.007464,repo/Data/Additional Sensitivity Analysis/Canonical Primary Nonoverlap 20260830/multi_aoi_metrics.csv,AOI=AOI-03; sensor=landsat; window=W2022; target_year=2025,0.0074635677135337,counts: integer; manuscript headline RMSE/differences: 6 decimals; table values: source-derived fixed precision,Code/scripts/34_promote_nonoverlap_primary.py,canonical_nonoverlap_primary_20260830 / final_phase1_sensitivities,PASS
Results,Table 2,Table 2,R2,0.861954340963434,repo/Data/Additional Sensitivity Analysis/Canonical Primary Nonoverlap 20260830/multi_aoi_metrics.csv,AOI=AOI-03; sensor=landsat; window=W2022; target_year=2025,0.861954340963434,counts: integer; manuscript headline RMSE/differences: 6 decimals; table values: source-derived fixed precision,Code/scripts/34_promote_nonoverlap_primary.py,canonical_nonoverlap_primary_20260830 / final_phase1_sensitivities,PASS
Results,Table 2,Table 2,Pearson_r,0.9317552096621348,repo/Data/Additional Sensitivity Analysis/Canonical Primary Nonoverlap 20260830/multi_aoi_metrics.csv,AOI=AOI-03; sensor=landsat; window=W2022; target_year=2025,0.9317552096621348,counts: integer; manuscript headline RMSE/differences: 6 decimals; table values: source-derived fixed precision,Code/scripts/34_promote_nonoverlap_primary.py,canonical_nonoverlap_primary_20260830 / final_phase1_sensitivities,PASS
Results,Table 2,Table 2,RMSE,0.044698,repo/Data/Additional Sensitivity Analysis/Canonical Primary Nonoverlap 20260830/multi_aoi_metrics.csv,AOI=AOI-03; sensor=landsat; window=W2023; target_year=2025,0.0446983117999134,counts: integer; manuscript headline RMSE/differences: 6 decimals; table values: source-derived fixed precision,Code/scripts/34_promote_nonoverlap_primary.py,canonical_nonoverlap_primary_20260830 / final_phase1_sensitivities,PASS
Results,Table 2,Table 2,MAE,0.036242,repo/Data/Additional Sensitivity Analysis/Canonical Primary Nonoverlap 20260830/multi_aoi_metrics.csv,AOI=AOI-03; sensor=landsat; window=W2023; target_year=2025,0.0362424439279888,counts: integer; manuscript headline RMSE/differences: 6 decimals; table values: source-derived fixed precision,Code/scripts/34_promote_nonoverlap_primary.py,canonical_nonoverlap_primary_20260830 / final_phase1_sensitivities,PASS
Results,Table 2,Table 2,Bias,0.025384,repo/Data/Additional Sensitivity Analysis/Canonical Primary Nonoverlap 20260830/multi_aoi_metrics.csv,AOI=AOI-03; sensor=landsat; window=W2023; target_year=2025,0.0253838323646337,counts: integer; manuscript headline RMSE/differences: 6 decimals; table values: source-derived fixed precision,Code/scripts/34_promote_nonoverlap_primary.py,canonical_nonoverlap_primary_20260830 / final_phase1_sensitivities,PASS
Results,Table 2,Table 2,R2,0.7961127704998615,repo/Data/Additional Sensitivity Analysis/Canonical Primary Nonoverlap 20260830/multi_aoi_metrics.csv,AOI=AOI-03; sensor=landsat; window=W2023; target_year=2025,0.7961127704998615,counts: integer; manuscript headline RMSE/differences: 6 decimals; table values: source-derived fixed precision,Code/scripts/34_promote_nonoverlap_primary.py,canonical_nonoverlap_primary_20260830 / final_phase1_sensitivities,PASS
Results,Table 2,Table 2,Pearson_r,0.9314587026513984,repo/Data/Additional Sensitivity Analysis/Canonical Primary Nonoverlap 20260830/multi_aoi_metrics.csv,AOI=AOI-03; sensor=landsat; window=W2023; target_year=2025,0.9314587026513984,counts: integer; manuscript headline RMSE/differences: 6 decimals; table values: source-derived fixed precision,Code/scripts/34_promote_nonoverlap_primary.py,canonical_nonoverlap_primary_20260830 / final_phase1_sensitivities,PASS
Results,Table 2,Table 2,RMSE,0.037833,repo/Data/Additional Sensitivity Analysis/Canonical Primary Nonoverlap 20260830/multi_aoi_metrics.csv,AOI=AOI-03; sensor=landsat; window=W2024; target_year=2025,0.0378331345629376,counts: integer; manuscript headline RMSE/differences: 6 decimals; table values: source-derived fixed precision,Code/scripts/34_promote_nonoverlap_primary.py,canonical_nonoverlap_primary_20260830 / final_phase1_sensitivities,PASS
Results,Table 2,Table 2,MAE,0.029276,repo/Data/Additional Sensitivity Analysis/Canonical Primary Nonoverlap 20260830/multi_aoi_metrics.csv,AOI=AOI-03; sensor=landsat; window=W2024; target_year=2025,0.0292759047753244,counts: integer; manuscript headline RMSE/differences: 6 decimals; table values: source-derived fixed precision,Code/scripts/34_promote_nonoverlap_primary.py,canonical_nonoverlap_primary_20260830 / final_phase1_sensitivities,PASS
Results,Table 2,Table 2,Bias,0.011606,repo/Data/Additional Sensitivity Analysis/Canonical Primary Nonoverlap 20260830/multi_aoi_metrics.csv,AOI=AOI-03; sensor=landsat; window=W2024; target_year=2025,0.0116057585030791,counts: integer; manuscript headline RMSE/differences: 6 decimals; table values: source-derived fixed precision,Code/scripts/34_promote_nonoverlap_primary.py,canonical_nonoverlap_primary_20260830 / final_phase1_sensitivities,PASS
Results,Table 2,Table 2,R2,0.8539328911020295,repo/Data/Additional Sensitivity Analysis/Canonical Primary Nonoverlap 20260830/multi_aoi_metrics.csv,AOI=AOI-03; sensor=landsat; window=W2024; target_year=2025,0.8539328911020295,counts: integer; manuscript headline RMSE/differences: 6 decimals; table values: source-derived fixed precision,Code/scripts/34_promote_nonoverlap_primary.py,canonical_nonoverlap_primary_20260830 / final_phase1_sensitivities,PASS
Results,Table 2,Table 2,Pearson_r,0.9315467673418728,repo/Data/Additional Sensitivity Analysis/Canonical Primary Nonoverlap 20260830/multi_aoi_metrics.csv,AOI=AOI-03; sensor=landsat; window=W2024; target_year=2025,0.9315467673418728,counts: integer; manuscript headline RMSE/differences: 6 decimals; table values: source-derived fixed precision,Code/scripts/34_promote_nonoverlap_primary.py,canonical_nonoverlap_primary_20260830 / final_phase1_sensitivities,PASS
Results,Table 2,Table 2,RMSE,0.039598,repo/Data/Additional Sensitivity Analysis/Canonical Primary Nonoverlap 20260830/multi_aoi_metrics.csv,AOI=AOI-03; sensor=landsat; window=W2022_2023; target_year=2025,0.039597871486759,counts: integer; manuscript headline RMSE/differences: 6 decimals; table values: source-derived fixed precision,Code/scripts/34_promote_nonoverlap_primary.py,canonical_nonoverlap_primary_20260830 / final_phase1_sensitivities,PASS
Results,Table 2,Table 2,MAE,0.031013,repo/Data/Additional Sensitivity Analysis/Canonical Primary Nonoverlap 20260830/multi_aoi_metrics.csv,AOI=AOI-03; sensor=landsat; window=W2022_2023; target_year=2025,0.0310130484849012,counts: integer; manuscript headline RMSE/differences: 6 decimals; table values: source-derived fixed precision,Code/scripts/34_promote_nonoverlap_primary.py,canonical_nonoverlap_primary_20260830 / final_phase1_sensitivities,PASS
Results,Table 2,Table 2,Bias,0.015828,repo/Data/Additional Sensitivity Analysis/Canonical Primary Nonoverlap 20260830/multi_aoi_metrics.csv,AOI=AOI-03; sensor=landsat; window=W2022_2023; target_year=2025,0.0158276274682825,counts: integer; manuscript headline RMSE/differences: 6 decimals; table values: source-derived fixed precision,Code/scripts/34_promote_nonoverlap_primary.py,canonical_nonoverlap_primary_20260830 / final_phase1_sensitivities,PASS
Results,Table 2,Table 2,R2,0.8399884003757282,repo/Data/Additional Sensitivity Analysis/Canonical Primary Nonoverlap 20260830/multi_aoi_metrics.csv,AOI=AOI-03; sensor=landsat; window=W2022_2023; target_year=2025,0.8399884003757282,counts: integer; manuscript headline RMSE/differences: 6 decimals; table values: source-derived fixed precision,Code/scripts/34_promote_nonoverlap_primary.py,canonical_nonoverlap_primary_20260830 / final_phase1_sensitivities,PASS
Results,Table 2,Table 2,Pearson_r,0.93158611572824,repo/Data/Additional Sensitivity Analysis/Canonical Primary Nonoverlap 20260830/multi_aoi_metrics.csv,AOI=AOI-03; sensor=landsat; window=W2022_2023; target_year=2025,0.93158611572824,counts: integer; manuscript headline RMSE/differences: 6 decimals; table values: source-derived fixed precision,Code/scripts/34_promote_nonoverlap_primary.py,canonical_nonoverlap_primary_20260830 / final_phase1_sensitivities,PASS
Results,Table 2,Table 2,RMSE,0.040361,repo/Data/Additional Sensitivity Analysis/Canonical Primary Nonoverlap 20260830/multi_aoi_metrics.csv,AOI=AOI-03; sensor=landsat; window=W2023_2024; target_year=2025,0.0403608217572506,counts: integer; manuscript headline RMSE/differences: 6 decimals; table values: source-derived fixed precision,Code/scripts/34_promote_nonoverlap_primary.py,canonical_nonoverlap_primary_20260830 / final_phase1_sensitivities,PASS
Results,Table 2,Table 2,MAE,0.032028,repo/Data/Additional Sensitivity Analysis/Canonical Primary Nonoverlap 20260830/multi_aoi_metrics.csv,AOI=AOI-03; sensor=landsat; window=W2023_2024; target_year=2025,0.0320276333655505,counts: integer; manuscript headline RMSE/differences: 6 decimals; table values: source-derived fixed precision,Code/scripts/34_promote_nonoverlap_primary.py,canonical_nonoverlap_primary_20260830 / final_phase1_sensitivities,PASS
Results,Table 2,Table 2,Bias,0.017862,repo/Data/Additional Sensitivity Analysis/Canonical Primary Nonoverlap 20260830/multi_aoi_metrics.csv,AOI=AOI-03; sensor=landsat; window=W2023_2024; target_year=2025,0.0178619254259415,counts: integer; manuscript headline RMSE/differences: 6 decimals; table values: source-derived fixed precision,Code/scripts/34_promote_nonoverlap_primary.py,canonical_nonoverlap_primary_20260830 / final_phase1_sensitivities,PASS
Results,Table 2,Table 2,R2,0.8337629653842307,repo/Data/Additional Sensitivity Analysis/Canonical Primary Nonoverlap 20260830/multi_aoi_metrics.csv,AOI=AOI-03; sensor=landsat; window=W2023_2024; target_year=2025,0.8337629653842307,counts: integer; manuscript headline RMSE/differences: 6 decimals; table values: source-derived fixed precision,Code/scripts/34_promote_nonoverlap_primary.py,canonical_nonoverlap_primary_20260830 / final_phase1_sensitivities,PASS
Results,Table 2,Table 2,Pearson_r,0.9314929312459388,repo/Data/Additional Sensitivity Analysis/Canonical Primary Nonoverlap 20260830/multi_aoi_metrics.csv,AOI=AOI-03; sensor=landsat; window=W2023_2024; target_year=2025,0.9314929312459388,counts: integer; manuscript headline RMSE/differences: 6 decimals; table values: source-derived fixed precision,Code/scripts/34_promote_nonoverlap_primary.py,canonical_nonoverlap_primary_20260830 / final_phase1_sensitivities,PASS
Results,Table 2,Table 2,RMSE,0.038855,repo/Data/Additional Sensitivity Analysis/Canonical Primary Nonoverlap 20260830/multi_aoi_metrics.csv,AOI=AOI-03; sensor=landsat; window=W2022_2024; target_year=2025,0.0388553593735334,counts: integer; manuscript headline RMSE/differences: 6 decimals; table values: source-derived fixed precision,Code/scripts/34_promote_nonoverlap_primary.py,canonical_nonoverlap_primary_20260830 / final_phase1_sensitivities,PASS
Results,Table 2,Table 2,MAE,0.030318,repo/Data/Additional Sensitivity Analysis/Canonical Primary Nonoverlap 20260830/multi_aoi_metrics.csv,AOI=AOI-03; sensor=landsat; window=W2022_2024; target_year=2025,0.0303184931299491,counts: integer; manuscript headline RMSE/differences: 6 decimals; table values: source-derived fixed precision,Code/scripts/34_promote_nonoverlap_primary.py,canonical_nonoverlap_primary_20260830 / final_phase1_sensitivities,PASS
Results,Table 2,Table 2,Bias,0.014269,repo/Data/Additional Sensitivity Analysis/Canonical Primary Nonoverlap 20260830/multi_aoi_metrics.csv,AOI=AOI-03; sensor=landsat; window=W2022_2024; target_year=2025,0.0142693697944905,counts: integer; manuscript headline RMSE/differences: 6 decimals; table values: source-derived fixed precision,Code/scripts/34_promote_nonoverlap_primary.py,canonical_nonoverlap_primary_20260830 / final_phase1_sensitivities,PASS
Results,Table 2,Table 2,R2,0.8459329938398575,repo/Data/Additional Sensitivity Analysis/Canonical Primary Nonoverlap 20260830/multi_aoi_metrics.csv,AOI=AOI-03; sensor=landsat; window=W2022_2024; target_year=2025,0.8459329938398575,counts: integer; manuscript headline RMSE/differences: 6 decimals; table values: source-derived fixed precision,Code/scripts/34_promote_nonoverlap_primary.py,canonical_nonoverlap_primary_20260830 / final_phase1_sensitivities,PASS
Results,Table 2,Table 2,Pearson_r,0.9315690216747432,repo/Data/Additional Sensitivity Analysis/Canonical Primary Nonoverlap 20260830/multi_aoi_metrics.csv,AOI=AOI-03; sensor=landsat; window=W2022_2024; target_year=2025,0.9315690216747432,counts: integer; manuscript headline RMSE/differences: 6 decimals; table values: source-derived fixed precision,Code/scripts/34_promote_nonoverlap_primary.py,canonical_nonoverlap_primary_20260830 / final_phase1_sensitivities,PASS
Results,Table 2,Table 2,RMSE,0.036766,repo/Data/Additional Sensitivity Analysis/Canonical Primary Nonoverlap 20260830/multi_aoi_metrics.csv,AOI=AOI-03; sensor=modis; window=W2022; target_year=2025,0.0367661805133679,counts: integer; manuscript headline RMSE/differences: 6 decimals; table values: source-derived fixed precision,Code/scripts/34_promote_nonoverlap_primary.py,canonical_nonoverlap_primary_20260830 / final_phase1_sensitivities,PASS
Results,Table 2,Table 2,MAE,0.026615,repo/Data/Additional Sensitivity Analysis/Canonical Primary Nonoverlap 20260830/multi_aoi_metrics.csv,AOI=AOI-03; sensor=modis; window=W2022; target_year=2025,0.0266150632276926,counts: integer; manuscript headline RMSE/differences: 6 decimals; table values: source-derived fixed precision,Code/scripts/34_promote_nonoverlap_primary.py,canonical_nonoverlap_primary_20260830 / final_phase1_sensitivities,PASS
Results,Table 2,Table 2,Bias,0.000549,repo/Data/Additional Sensitivity Analysis/Canonical Primary Nonoverlap 20260830/multi_aoi_metrics.csv,AOI=AOI-03; sensor=modis; window=W2022; target_year=2025,0.0005493302605848,counts: integer; manuscript headline RMSE/differences: 6 decimals; table values: source-derived fixed precision,Code/scripts/34_promote_nonoverlap_primary.py,canonical_nonoverlap_primary_20260830 / final_phase1_sensitivities,PASS
Results,Table 2,Table 2,R2,0.8760161748305333,repo/Data/Additional Sensitivity Analysis/Canonical Primary Nonoverlap 20260830/multi_aoi_metrics.csv,AOI=AOI-03; sensor=modis; window=W2022; target_year=2025,0.8760161748305333,counts: integer; manuscript headline RMSE/differences: 6 decimals; table values: source-derived fixed precision,Code/scripts/34_promote_nonoverlap_primary.py,canonical_nonoverlap_primary_20260830 / final_phase1_sensitivities,PASS
Results,Table 2,Table 2,Pearson_r,0.9560241372148202,repo/Data/Additional Sensitivity Analysis/Canonical Primary Nonoverlap 20260830/multi_aoi_metrics.csv,AOI=AOI-03; sensor=modis; window=W2022; target_year=2025,0.9560241372148202,counts: integer; manuscript headline RMSE/differences: 6 decimals; table values: source-derived fixed precision,Code/scripts/34_promote_nonoverlap_primary.py,canonical_nonoverlap_primary_20260830 / final_phase1_sensitivities,PASS
Results,Table 2,Table 2,RMSE,0.032099,repo/Data/Additional Sensitivity Analysis/Canonical Primary Nonoverlap 20260830/multi_aoi_metrics.csv,AOI=AOI-03; sensor=modis; window=W2023; target_year=2025,0.0320985275017847,counts: integer; manuscript headline RMSE/differences: 6 decimals; table values: source-derived fixed precision,Code/scripts/34_promote_nonoverlap_primary.py,canonical_nonoverlap_primary_20260830 / final_phase1_sensitivities,PASS
Results,Table 2,Table 2,MAE,0.025389,repo/Data/Additional Sensitivity Analysis/Canonical Primary Nonoverlap 20260830/multi_aoi_metrics.csv,AOI=AOI-03; sensor=modis; window=W2023; target_year=2025,0.0253886107297001,counts: integer; manuscript headline RMSE/differences: 6 decimals; table values: source-derived fixed precision,Code/scripts/34_promote_nonoverlap_primary.py,canonical_nonoverlap_primary_20260830 / final_phase1_sensitivities,PASS
Results,Table 2,Table 2,Bias,0.009457,repo/Data/Additional Sensitivity Analysis/Canonical Primary Nonoverlap 20260830/multi_aoi_metrics.csv,AOI=AOI-03; sensor=modis; window=W2023; target_year=2025,0.0094572997225095,counts: integer; manuscript headline RMSE/differences: 6 decimals; table values: source-derived fixed precision,Code/scripts/34_promote_nonoverlap_primary.py,canonical_nonoverlap_primary_20260830 / final_phase1_sensitivities,PASS
Results,Table 2,Table 2,R2,0.9054986047475684,repo/Data/Additional Sensitivity Analysis/Canonical Primary Nonoverlap 20260830/multi_aoi_metrics.csv,AOI=AOI-03; sensor=modis; window=W2023; target_year=2025,0.9054986047475684,counts: integer; manuscript headline RMSE/differences: 6 decimals; table values: source-derived fixed precision,Code/scripts/34_promote_nonoverlap_primary.py,canonical_nonoverlap_primary_20260830 / final_phase1_sensitivities,PASS
Results,Table 2,Table 2,Pearson_r,0.9567268331912242,repo/Data/Additional Sensitivity Analysis/Canonical Primary Nonoverlap 20260830/multi_aoi_metrics.csv,AOI=AOI-03; sensor=modis; window=W2023; target_year=2025,0.9567268331912242,counts: integer; manuscript headline RMSE/differences: 6 decimals; table values: source-derived fixed precision,Code/scripts/34_promote_nonoverlap_primary.py,canonical_nonoverlap_primary_20260830 / final_phase1_sensitivities,PASS
Results,Table 2,Table 2,RMSE,0.033137,repo/Data/Additional Sensitivity Analysis/Canonical Primary Nonoverlap 20260830/multi_aoi_metrics.csv,AOI=AOI-03; sensor=modis; window=W2024; target_year=2025,0.0331368200538369,counts: integer; manuscript headline RMSE/differences: 6 decimals; table values: source-derived fixed precision,Code/scripts/34_promote_nonoverlap_primary.py,canonical_nonoverlap_primary_20260830 / final_phase1_sensitivities,PASS
Results,Table 2,Table 2,MAE,0.026465,repo/Data/Additional Sensitivity Analysis/Canonical Primary Nonoverlap 20260830/multi_aoi_metrics.csv,AOI=AOI-03; sensor=modis; window=W2024; target_year=2025,0.0264650236960208,counts: integer; manuscript headline RMSE/differences: 6 decimals; table values: source-derived fixed precision,Code/scripts/34_promote_nonoverlap_primary.py,canonical_nonoverlap_primary_20260830 / final_phase1_sensitivities,PASS
Results,Table 2,Table 2,Bias,0.011385,repo/Data/Additional Sensitivity Analysis/Canonical Primary Nonoverlap 20260830/multi_aoi_metrics.csv,AOI=AOI-03; sensor=modis; window=W2024; target_year=2025,0.0113852801813987,counts: integer; manuscript headline RMSE/differences: 6 decimals; table values: source-derived fixed precision,Code/scripts/34_promote_nonoverlap_primary.py,canonical_nonoverlap_primary_20260830 / final_phase1_sensitivities,PASS
Results,Table 2,Table 2,R2,0.8992860429741835,repo/Data/Additional Sensitivity Analysis/Canonical Primary Nonoverlap 20260830/multi_aoi_metrics.csv,AOI=AOI-03; sensor=modis; window=W2024; target_year=2025,0.8992860429741835,counts: integer; manuscript headline RMSE/differences: 6 decimals; table values: source-derived fixed precision,Code/scripts/34_promote_nonoverlap_primary.py,canonical_nonoverlap_primary_20260830 / final_phase1_sensitivities,PASS
Results,Table 2,Table 2,Pearson_r,0.9564197390356606,repo/Data/Additional Sensitivity Analysis/Canonical Primary Nonoverlap 20260830/multi_aoi_metrics.csv,AOI=AOI-03; sensor=modis; window=W2024; target_year=2025,0.9564197390356606,counts: integer; manuscript headline RMSE/differences: 6 decimals; table values: source-derived fixed precision,Code/scripts/34_promote_nonoverlap_primary.py,canonical_nonoverlap_primary_20260830 / final_phase1_sensitivities,PASS
Results,Table 2,Table 2,RMSE,0.032217,repo/Data/Additional Sensitivity Analysis/Canonical Primary Nonoverlap 20260830/multi_aoi_metrics.csv,AOI=AOI-03; sensor=modis; window=W2022_2023; target_year=2025,0.0322171445429851,counts: integer; manuscript headline RMSE/differences: 6 decimals; table values: source-derived fixed precision,Code/scripts/34_promote_nonoverlap_primary.py,canonical_nonoverlap_primary_20260830 / final_phase1_sensitivities,PASS
Results,Table 2,Table 2,MAE,0.024990,repo/Data/Additional Sensitivity Analysis/Canonical Primary Nonoverlap 20260830/multi_aoi_metrics.csv,AOI=AOI-03; sensor=modis; window=W2022_2023; target_year=2025,0.0249897578097833,counts: integer; manuscript headline RMSE/differences: 6 decimals; table values: source-derived fixed precision,Code/scripts/34_promote_nonoverlap_primary.py,canonical_nonoverlap_primary_20260830 / final_phase1_sensitivities,PASS
Results,Table 2,Table 2,Bias,0.006448,repo/Data/Additional Sensitivity Analysis/Canonical Primary Nonoverlap 20260830/multi_aoi_metrics.csv,AOI=AOI-03; sensor=modis; window=W2022_2023; target_year=2025,0.0064483704149827,counts: integer; manuscript headline RMSE/differences: 6 decimals; table values: source-derived fixed precision,Code/scripts/34_promote_nonoverlap_primary.py,canonical_nonoverlap_primary_20260830 / final_phase1_sensitivities,PASS
Results,Table 2,Table 2,R2,0.9047988724830868,repo/Data/Additional Sensitivity Analysis/Canonical Primary Nonoverlap 20260830/multi_aoi_metrics.csv,AOI=AOI-03; sensor=modis; window=W2022_2023; target_year=2025,0.9047988724830868,counts: integer; manuscript headline RMSE/differences: 6 decimals; table values: source-derived fixed precision,Code/scripts/34_promote_nonoverlap_primary.py,canonical_nonoverlap_primary_20260830 / final_phase1_sensitivities,PASS
Results,Table 2,Table 2,Pearson_r,0.9565189443494212,repo/Data/Additional Sensitivity Analysis/Canonical Primary Nonoverlap 20260830/multi_aoi_metrics.csv,AOI=AOI-03; sensor=modis; window=W2022_2023; target_year=2025,0.9565189443494212,counts: integer; manuscript headline RMSE/differences: 6 decimals; table values: source-derived fixed precision,Code/scripts/34_promote_nonoverlap_primary.py,canonical_nonoverlap_primary_20260830 / final_phase1_sensitivities,PASS
Results,Table 2,Table 2,RMSE,0.032718,repo/Data/Additional Sensitivity Analysis/Canonical Primary Nonoverlap 20260830/multi_aoi_metrics.csv,AOI=AOI-03; sensor=modis; window=W2023_2024; target_year=2025,0.0327178257301312,counts: integer; manuscript headline RMSE/differences: 6 decimals; table values: source-derived fixed precision,Code/scripts/34_promote_nonoverlap_primary.py,canonical_nonoverlap_primary_20260830 / final_phase1_sensitivities,PASS
Results,Table 2,Table 2,MAE,0.026020,repo/Data/Additional Sensitivity Analysis/Canonical Primary Nonoverlap 20260830/multi_aoi_metrics.csv,AOI=AOI-03; sensor=modis; window=W2023_2024; target_year=2025,0.026019559990907,counts: integer; manuscript headline RMSE/differences: 6 decimals; table values: source-derived fixed precision,Code/scripts/34_promote_nonoverlap_primary.py,canonical_nonoverlap_primary_20260830 / final_phase1_sensitivities,PASS
Results,Table 2,Table 2,Bias,0.010599,repo/Data/Additional Sensitivity Analysis/Canonical Primary Nonoverlap 20260830/multi_aoi_metrics.csv,AOI=AOI-03; sensor=modis; window=W2023_2024; target_year=2025,0.0105989705107837,counts: integer; manuscript headline RMSE/differences: 6 decimals; table values: source-derived fixed precision,Code/scripts/34_promote_nonoverlap_primary.py,canonical_nonoverlap_primary_20260830 / final_phase1_sensitivities,PASS
Results,Table 2,Table 2,R2,0.9018168705531248,repo/Data/Additional Sensitivity Analysis/Canonical Primary Nonoverlap 20260830/multi_aoi_metrics.csv,AOI=AOI-03; sensor=modis; window=W2023_2024; target_year=2025,0.9018168705531248,counts: integer; manuscript headline RMSE/differences: 6 decimals; table values: source-derived fixed precision,Code/scripts/34_promote_nonoverlap_primary.py,canonical_nonoverlap_primary_20260830 / final_phase1_sensitivities,PASS
Results,Table 2,Table 2,Pearson_r,0.956521703598288,repo/Data/Additional Sensitivity Analysis/Canonical Primary Nonoverlap 20260830/multi_aoi_metrics.csv,AOI=AOI-03; sensor=modis; window=W2023_2024; target_year=2025,0.956521703598288,counts: integer; manuscript headline RMSE/differences: 6 decimals; table values: source-derived fixed precision,Code/scripts/34_promote_nonoverlap_primary.py,canonical_nonoverlap_primary_20260830 / final_phase1_sensitivities,PASS
Results,Table 2,Table 2,RMSE,0.032652,repo/Data/Additional Sensitivity Analysis/Canonical Primary Nonoverlap 20260830/multi_aoi_metrics.csv,AOI=AOI-03; sensor=modis; window=W2022_2024; target_year=2025,0.0326519290100027,counts: integer; manuscript headline RMSE/differences: 6 decimals; table values: source-derived fixed precision,Code/scripts/34_promote_nonoverlap_primary.py,canonical_nonoverlap_primary_20260830 / final_phase1_sensitivities,PASS
Results,Table 2,Table 2,MAE,0.025686,repo/Data/Additional Sensitivity Analysis/Canonical Primary Nonoverlap 20260830/multi_aoi_metrics.csv,AOI=AOI-03; sensor=modis; window=W2022_2024; target_year=2025,0.0256863723714172,counts: integer; manuscript headline RMSE/differences: 6 decimals; table values: source-derived fixed precision,Code/scripts/34_promote_nonoverlap_primary.py,canonical_nonoverlap_primary_20260830 / final_phase1_sensitivities,PASS
Results,Table 2,Table 2,Bias,0.008679,repo/Data/Additional Sensitivity Analysis/Canonical Primary Nonoverlap 20260830/multi_aoi_metrics.csv,AOI=AOI-03; sensor=modis; window=W2022_2024; target_year=2025,0.0086793986326361,counts: integer; manuscript headline RMSE/differences: 6 decimals; table values: source-derived fixed precision,Code/scripts/34_promote_nonoverlap_primary.py,canonical_nonoverlap_primary_20260830 / final_phase1_sensitivities,PASS
Results,Table 2,Table 2,R2,0.9022119720321456,repo/Data/Additional Sensitivity Analysis/Canonical Primary Nonoverlap 20260830/multi_aoi_metrics.csv,AOI=AOI-03; sensor=modis; window=W2022_2024; target_year=2025,0.9022119720321456,counts: integer; manuscript headline RMSE/differences: 6 decimals; table values: source-derived fixed precision,Code/scripts/34_promote_nonoverlap_primary.py,canonical_nonoverlap_primary_20260830 / final_phase1_sensitivities,PASS
Results,Table 2,Table 2,Pearson_r,0.9564318457401382,repo/Data/Additional Sensitivity Analysis/Canonical Primary Nonoverlap 20260830/multi_aoi_metrics.csv,AOI=AOI-03; sensor=modis; window=W2022_2024; target_year=2025,0.9564318457401382,counts: integer; manuscript headline RMSE/differences: 6 decimals; table values: source-derived fixed precision,Code/scripts/34_promote_nonoverlap_primary.py,canonical_nonoverlap_primary_20260830 / final_phase1_sensitivities,PASS
Results,Table 2,Table 2,RMSE,0.041846,repo/Data/Additional Sensitivity Analysis/Canonical Primary Nonoverlap 20260830/multi_aoi_metrics.csv,AOI=AOI-03; sensor=sentinel2; window=W2022; target_year=2025,0.0418459931112116,counts: integer; manuscript headline RMSE/differences: 6 decimals; table values: source-derived fixed precision,Code/scripts/34_promote_nonoverlap_primary.py,canonical_nonoverlap_primary_20260830 / final_phase1_sensitivities,PASS
Results,Table 2,Table 2,MAE,0.028325,repo/Data/Additional Sensitivity Analysis/Canonical Primary Nonoverlap 20260830/multi_aoi_metrics.csv,AOI=AOI-03; sensor=sentinel2; window=W2022; target_year=2025,0.0283249598993125,counts: integer; manuscript headline RMSE/differences: 6 decimals; table values: source-derived fixed precision,Code/scripts/34_promote_nonoverlap_primary.py,canonical_nonoverlap_primary_20260830 / final_phase1_sensitivities,PASS
Results,Table 2,Table 2,Bias,-0.003223,repo/Data/Additional Sensitivity Analysis/Canonical Primary Nonoverlap 20260830/multi_aoi_metrics.csv,AOI=AOI-03; sensor=sentinel2; window=W2022; target_year=2025,-0.0032225105171374,counts: integer; manuscript headline RMSE/differences: 6 decimals; table values: source-derived fixed precision,Code/scripts/34_promote_nonoverlap_primary.py,canonical_nonoverlap_primary_20260830 / final_phase1_sensitivities,PASS
Results,Table 2,Table 2,R2,0.809102104853717,repo/Data/Additional Sensitivity Analysis/Canonical Primary Nonoverlap 20260830/multi_aoi_metrics.csv,AOI=AOI-03; sensor=sentinel2; window=W2022; target_year=2025,0.809102104853717,counts: integer; manuscript headline RMSE/differences: 6 decimals; table values: source-derived fixed precision,Code/scripts/34_promote_nonoverlap_primary.py,canonical_nonoverlap_primary_20260830 / final_phase1_sensitivities,PASS
Results,Table 2,Table 2,Pearson_r,0.9009694520478974,repo/Data/Additional Sensitivity Analysis/Canonical Primary Nonoverlap 20260830/multi_aoi_metrics.csv,AOI=AOI-03; sensor=sentinel2; window=W2022; target_year=2025,0.9009694520478974,counts: integer; manuscript headline RMSE/differences: 6 decimals; table values: source-derived fixed precision,Code/scripts/34_promote_nonoverlap_primary.py,canonical_nonoverlap_primary_20260830 / final_phase1_sensitivities,PASS
Results,Table 2,Table 2,RMSE,0.043293,repo/Data/Additional Sensitivity Analysis/Canonical Primary Nonoverlap 20260830/multi_aoi_metrics.csv,AOI=AOI-03; sensor=sentinel2; window=W2023; target_year=2025,0.0432933571275753,counts: integer; manuscript headline RMSE/differences: 6 decimals; table values: source-derived fixed precision,Code/scripts/34_promote_nonoverlap_primary.py,canonical_nonoverlap_primary_20260830 / final_phase1_sensitivities,PASS
Results,Table 2,Table 2,MAE,0.028794,repo/Data/Additional Sensitivity Analysis/Canonical Primary Nonoverlap 20260830/multi_aoi_metrics.csv,AOI=AOI-03; sensor=sentinel2; window=W2023; target_year=2025,0.0287941462829899,counts: integer; manuscript headline RMSE/differences: 6 decimals; table values: source-derived fixed precision,Code/scripts/34_promote_nonoverlap_primary.py,canonical_nonoverlap_primary_20260830 / final_phase1_sensitivities,PASS
Results,Table 2,Table 2,Bias,-0.005438,repo/Data/Additional Sensitivity Analysis/Canonical Primary Nonoverlap 20260830/multi_aoi_metrics.csv,AOI=AOI-03; sensor=sentinel2; window=W2023; target_year=2025,-0.0054375824425423,counts: integer; manuscript headline RMSE/differences: 6 decimals; table values: source-derived fixed precision,Code/scripts/34_promote_nonoverlap_primary.py,canonical_nonoverlap_primary_20260830 / final_phase1_sensitivities,PASS
Results,Table 2,Table 2,R2,0.7956682242513468,repo/Data/Additional Sensitivity Analysis/Canonical Primary Nonoverlap 20260830/multi_aoi_metrics.csv,AOI=AOI-03; sensor=sentinel2; window=W2023; target_year=2025,0.7956682242513468,counts: integer; manuscript headline RMSE/differences: 6 decimals; table values: source-derived fixed precision,Code/scripts/34_promote_nonoverlap_primary.py,canonical_nonoverlap_primary_20260830 / final_phase1_sensitivities,PASS
Results,Table 2,Table 2,Pearson_r,0.9005999324178938,repo/Data/Additional Sensitivity Analysis/Canonical Primary Nonoverlap 20260830/multi_aoi_metrics.csv,AOI=AOI-03; sensor=sentinel2; window=W2023; target_year=2025,0.9005999324178938,counts: integer; manuscript headline RMSE/differences: 6 decimals; table values: source-derived fixed precision,Code/scripts/34_promote_nonoverlap_primary.py,canonical_nonoverlap_primary_20260830 / final_phase1_sensitivities,PASS
Results,Table 2,Table 2,RMSE,0.041776,repo/Data/Additional Sensitivity Analysis/Canonical Primary Nonoverlap 20260830/multi_aoi_metrics.csv,AOI=AOI-03; sensor=sentinel2; window=W2024; target_year=2025,0.0417760053410692,counts: integer; manuscript headline RMSE/differences: 6 decimals; table values: source-derived fixed precision,Code/scripts/34_promote_nonoverlap_primary.py,canonical_nonoverlap_primary_20260830 / final_phase1_sensitivities,PASS
Results,Table 2,Table 2,MAE,0.028469,repo/Data/Additional Sensitivity Analysis/Canonical Primary Nonoverlap 20260830/multi_aoi_metrics.csv,AOI=AOI-03; sensor=sentinel2; window=W2024; target_year=2025,0.0284692519851365,counts: integer; manuscript headline RMSE/differences: 6 decimals; table values: source-derived fixed precision,Code/scripts/34_promote_nonoverlap_primary.py,canonical_nonoverlap_primary_20260830 / final_phase1_sensitivities,PASS
Results,Table 2,Table 2,Bias,-0.002426,repo/Data/Additional Sensitivity Analysis/Canonical Primary Nonoverlap 20260830/multi_aoi_metrics.csv,AOI=AOI-03; sensor=sentinel2; window=W2024; target_year=2025,-0.0024264328666484,counts: integer; manuscript headline RMSE/differences: 6 decimals; table values: source-derived fixed precision,Code/scripts/34_promote_nonoverlap_primary.py,canonical_nonoverlap_primary_20260830 / final_phase1_sensitivities,PASS
Results,Table 2,Table 2,R2,0.8097401274802645,repo/Data/Additional Sensitivity Analysis/Canonical Primary Nonoverlap 20260830/multi_aoi_metrics.csv,AOI=AOI-03; sensor=sentinel2; window=W2024; target_year=2025,0.8097401274802645,counts: integer; manuscript headline RMSE/differences: 6 decimals; table values: source-derived fixed precision,Code/scripts/34_promote_nonoverlap_primary.py,canonical_nonoverlap_primary_20260830 / final_phase1_sensitivities,PASS
Results,Table 2,Table 2,Pearson_r,0.9009453347402078,repo/Data/Additional Sensitivity Analysis/Canonical Primary Nonoverlap 20260830/multi_aoi_metrics.csv,AOI=AOI-03; sensor=sentinel2; window=W2024; target_year=2025,0.9009453347402078,counts: integer; manuscript headline RMSE/differences: 6 decimals; table values: source-derived fixed precision,Code/scripts/34_promote_nonoverlap_primary.py,canonical_nonoverlap_primary_20260830 / final_phase1_sensitivities,PASS
Results,Table 2,Table 2,RMSE,0.042337,repo/Data/Additional Sensitivity Analysis/Canonical Primary Nonoverlap 20260830/multi_aoi_metrics.csv,AOI=AOI-03; sensor=sentinel2; window=W2022_2023; target_year=2025,0.042337150037392,counts: integer; manuscript headline RMSE/differences: 6 decimals; table values: source-derived fixed precision,Code/scripts/34_promote_nonoverlap_primary.py,canonical_nonoverlap_primary_20260830 / final_phase1_sensitivities,PASS
Results,Table 2,Table 2,MAE,0.028376,repo/Data/Additional Sensitivity Analysis/Canonical Primary Nonoverlap 20260830/multi_aoi_metrics.csv,AOI=AOI-03; sensor=sentinel2; window=W2022_2023; target_year=2025,0.0283761311265739,counts: integer; manuscript headline RMSE/differences: 6 decimals; table values: source-derived fixed precision,Code/scripts/34_promote_nonoverlap_primary.py,canonical_nonoverlap_primary_20260830 / final_phase1_sensitivities,PASS
Results,Table 2,Table 2,Bias,-0.004385,repo/Data/Additional Sensitivity Analysis/Canonical Primary Nonoverlap 20260830/multi_aoi_metrics.csv,AOI=AOI-03; sensor=sentinel2; window=W2022_2023; target_year=2025,-0.0043845842624315,counts: integer; manuscript headline RMSE/differences: 6 decimals; table values: source-derived fixed precision,Code/scripts/34_promote_nonoverlap_primary.py,canonical_nonoverlap_primary_20260830 / final_phase1_sensitivities,PASS
Results,Table 2,Table 2,R2,0.8045945731383305,repo/Data/Additional Sensitivity Analysis/Canonical Primary Nonoverlap 20260830/multi_aoi_metrics.csv,AOI=AOI-03; sensor=sentinel2; window=W2022_2023; target_year=2025,0.8045945731383305,counts: integer; manuscript headline RMSE/differences: 6 decimals; table values: source-derived fixed precision,Code/scripts/34_promote_nonoverlap_primary.py,canonical_nonoverlap_primary_20260830 / final_phase1_sensitivities,PASS
Results,Table 2,Table 2,Pearson_r,0.9008053410873604,repo/Data/Additional Sensitivity Analysis/Canonical Primary Nonoverlap 20260830/multi_aoi_metrics.csv,AOI=AOI-03; sensor=sentinel2; window=W2022_2023; target_year=2025,0.9008053410873604,counts: integer; manuscript headline RMSE/differences: 6 decimals; table values: source-derived fixed precision,Code/scripts/34_promote_nonoverlap_primary.py,canonical_nonoverlap_primary_20260830 / final_phase1_sensitivities,PASS
Results,Table 2,Table 2,RMSE,0.042258,repo/Data/Additional Sensitivity Analysis/Canonical Primary Nonoverlap 20260830/multi_aoi_metrics.csv,AOI=AOI-03; sensor=sentinel2; window=W2023_2024; target_year=2025,0.0422580131745853,counts: integer; manuscript headline RMSE/differences: 6 decimals; table values: source-derived fixed precision,Code/scripts/34_promote_nonoverlap_primary.py,canonical_nonoverlap_primary_20260830 / final_phase1_sensitivities,PASS
Results,Table 2,Table 2,MAE,0.028400,repo/Data/Additional Sensitivity Analysis/Canonical Primary Nonoverlap 20260830/multi_aoi_metrics.csv,AOI=AOI-03; sensor=sentinel2; window=W2023_2024; target_year=2025,0.0283996017944257,counts: integer; manuscript headline RMSE/differences: 6 decimals; table values: source-derived fixed precision,Code/scripts/34_promote_nonoverlap_primary.py,canonical_nonoverlap_primary_20260830 / final_phase1_sensitivities,PASS
Results,Table 2,Table 2,Bias,-0.004074,repo/Data/Additional Sensitivity Analysis/Canonical Primary Nonoverlap 20260830/multi_aoi_metrics.csv,AOI=AOI-03; sensor=sentinel2; window=W2023_2024; target_year=2025,-0.0040741011387953,counts: integer; manuscript headline RMSE/differences: 6 decimals; table values: source-derived fixed precision,Code/scripts/34_promote_nonoverlap_primary.py,canonical_nonoverlap_primary_20260830 / final_phase1_sensitivities,PASS
Results,Table 2,Table 2,R2,0.8053243964709831,repo/Data/Additional Sensitivity Analysis/Canonical Primary Nonoverlap 20260830/multi_aoi_metrics.csv,AOI=AOI-03; sensor=sentinel2; window=W2023_2024; target_year=2025,0.8053243964709831,counts: integer; manuscript headline RMSE/differences: 6 decimals; table values: source-derived fixed precision,Code/scripts/34_promote_nonoverlap_primary.py,canonical_nonoverlap_primary_20260830 / final_phase1_sensitivities,PASS
Results,Table 2,Table 2,Pearson_r,0.9008128360598032,repo/Data/Additional Sensitivity Analysis/Canonical Primary Nonoverlap 20260830/multi_aoi_metrics.csv,AOI=AOI-03; sensor=sentinel2; window=W2023_2024; target_year=2025,0.9008128360598032,counts: integer; manuscript headline RMSE/differences: 6 decimals; table values: source-derived fixed precision,Code/scripts/34_promote_nonoverlap_primary.py,canonical_nonoverlap_primary_20260830 / final_phase1_sensitivities,PASS
Results,Table 2,Table 2,RMSE,0.042094,repo/Data/Additional Sensitivity Analysis/Canonical Primary Nonoverlap 20260830/multi_aoi_metrics.csv,AOI=AOI-03; sensor=sentinel2; window=W2022_2024; target_year=2025,0.0420939656716141,counts: integer; manuscript headline RMSE/differences: 6 decimals; table values: source-derived fixed precision,Code/scripts/34_promote_nonoverlap_primary.py,canonical_nonoverlap_primary_20260830 / final_phase1_sensitivities,PASS
Results,Table 2,Table 2,MAE,0.028356,repo/Data/Additional Sensitivity Analysis/Canonical Primary Nonoverlap 20260830/multi_aoi_metrics.csv,AOI=AOI-03; sensor=sentinel2; window=W2022_2024; target_year=2025,0.028356104100038,counts: integer; manuscript headline RMSE/differences: 6 decimals; table values: source-derived fixed precision,Code/scripts/34_promote_nonoverlap_primary.py,canonical_nonoverlap_primary_20260830 / final_phase1_sensitivities,PASS
Results,Table 2,Table 2,Bias,-0.003791,repo/Data/Additional Sensitivity Analysis/Canonical Primary Nonoverlap 20260830/multi_aoi_metrics.csv,AOI=AOI-03; sensor=sentinel2; window=W2022_2024; target_year=2025,-0.0037910819019682,counts: integer; manuscript headline RMSE/differences: 6 decimals; table values: source-derived fixed precision,Code/scripts/34_promote_nonoverlap_primary.py,canonical_nonoverlap_primary_20260830 / final_phase1_sensitivities,PASS
Results,Table 2,Table 2,R2,0.8068329415099443,repo/Data/Additional Sensitivity Analysis/Canonical Primary Nonoverlap 20260830/multi_aoi_metrics.csv,AOI=AOI-03; sensor=sentinel2; window=W2022_2024; target_year=2025,0.8068329415099443,counts: integer; manuscript headline RMSE/differences: 6 decimals; table values: source-derived fixed precision,Code/scripts/34_promote_nonoverlap_primary.py,canonical_nonoverlap_primary_20260830 / final_phase1_sensitivities,PASS
Results,Table 2,Table 2,Pearson_r,0.9008683316697196,repo/Data/Additional Sensitivity Analysis/Canonical Primary Nonoverlap 20260830/multi_aoi_metrics.csv,AOI=AOI-03; sensor=sentinel2; window=W2022_2024; target_year=2025,0.9008683316697196,counts: integer; manuscript headline RMSE/differences: 6 decimals; table values: source-derived fixed precision,Code/scripts/34_promote_nonoverlap_primary.py,canonical_nonoverlap_primary_20260830 / final_phase1_sensitivities,PASS
Results,configuration-level archive,Figure 1 / archived metrics,RMSE,0.054216,repo/Data/Additional Sensitivity Analysis/Canonical Primary Nonoverlap 20260830/rolling_origin_metrics.csv,AOI=AOI-00; sensor=landsat; rolling_id=R2024-H1; target_year=2024,0.0542160330755278,counts: integer; manuscript headline RMSE/differences: 6 decimals; table values: source-derived fixed precision,Code/scripts/34_promote_nonoverlap_primary.py,canonical_nonoverlap_primary_20260830 / final_phase1_sensitivities,PASS
Results,configuration-level archive,Figure 1 / archived metrics,MAE,0.043762,repo/Data/Additional Sensitivity Analysis/Canonical Primary Nonoverlap 20260830/rolling_origin_metrics.csv,AOI=AOI-00; sensor=landsat; rolling_id=R2024-H1; target_year=2024,0.0437617159430832,counts: integer; manuscript headline RMSE/differences: 6 decimals; table values: source-derived fixed precision,Code/scripts/34_promote_nonoverlap_primary.py,canonical_nonoverlap_primary_20260830 / final_phase1_sensitivities,PASS
Results,configuration-level archive,Figure 1 / archived metrics,Bias,0.016964,repo/Data/Additional Sensitivity Analysis/Canonical Primary Nonoverlap 20260830/rolling_origin_metrics.csv,AOI=AOI-00; sensor=landsat; rolling_id=R2024-H1; target_year=2024,0.0169635777091307,counts: integer; manuscript headline RMSE/differences: 6 decimals; table values: source-derived fixed precision,Code/scripts/34_promote_nonoverlap_primary.py,canonical_nonoverlap_primary_20260830 / final_phase1_sensitivities,PASS
Results,configuration-level archive,Figure 1 / archived metrics,RMSE,0.055467,repo/Data/Additional Sensitivity Analysis/Canonical Primary Nonoverlap 20260830/rolling_origin_metrics.csv,AOI=AOI-00; sensor=landsat; rolling_id=R2024-H2; target_year=2024,0.0554669895597215,counts: integer; manuscript headline RMSE/differences: 6 decimals; table values: source-derived fixed precision,Code/scripts/34_promote_nonoverlap_primary.py,canonical_nonoverlap_primary_20260830 / final_phase1_sensitivities,PASS
Results,configuration-level archive,Figure 1 / archived metrics,MAE,0.044868,repo/Data/Additional Sensitivity Analysis/Canonical Primary Nonoverlap 20260830/rolling_origin_metrics.csv,AOI=AOI-00; sensor=landsat; rolling_id=R2024-H2; target_year=2024,0.0448675056412832,counts: integer; manuscript headline RMSE/differences: 6 decimals; table values: source-derived fixed precision,Code/scripts/34_promote_nonoverlap_primary.py,canonical_nonoverlap_primary_20260830 / final_phase1_sensitivities,PASS
Results,configuration-level archive,Figure 1 / archived metrics,Bias,0.020959,repo/Data/Additional Sensitivity Analysis/Canonical Primary Nonoverlap 20260830/rolling_origin_metrics.csv,AOI=AOI-00; sensor=landsat; rolling_id=R2024-H2; target_year=2024,0.0209593586172175,counts: integer; manuscript headline RMSE/differences: 6 decimals; table values: source-derived fixed precision,Code/scripts/34_promote_nonoverlap_primary.py,canonical_nonoverlap_primary_20260830 / final_phase1_sensitivities,PASS
Results,configuration-level archive,Figure 1 / archived metrics,RMSE,0.054155,repo/Data/Additional Sensitivity Analysis/Canonical Primary Nonoverlap 20260830/rolling_origin_metrics.csv,AOI=AOI-00; sensor=landsat; rolling_id=R2024-H3; target_year=2024,0.0541550305470345,counts: integer; manuscript headline RMSE/differences: 6 decimals; table values: source-derived fixed precision,Code/scripts/34_promote_nonoverlap_primary.py,canonical_nonoverlap_primary_20260830 / final_phase1_sensitivities,PASS
Results,configuration-level archive,Figure 1 / archived metrics,MAE,0.043728,repo/Data/Additional Sensitivity Analysis/Canonical Primary Nonoverlap 20260830/rolling_origin_metrics.csv,AOI=AOI-00; sensor=landsat; rolling_id=R2024-H3; target_year=2024,0.0437275406326013,counts: integer; manuscript headline RMSE/differences: 6 decimals; table values: source-derived fixed precision,Code/scripts/34_promote_nonoverlap_primary.py,canonical_nonoverlap_primary_20260830 / final_phase1_sensitivities,PASS
Results,configuration-level archive,Figure 1 / archived metrics,Bias,0.017989,repo/Data/Additional Sensitivity Analysis/Canonical Primary Nonoverlap 20260830/rolling_origin_metrics.csv,AOI=AOI-00; sensor=landsat; rolling_id=R2024-H3; target_year=2024,0.0179888864187821,counts: integer; manuscript headline RMSE/differences: 6 decimals; table values: source-derived fixed precision,Code/scripts/34_promote_nonoverlap_primary.py,canonical_nonoverlap_primary_20260830 / final_phase1_sensitivities,PASS
Results,configuration-level archive,Figure 1 / archived metrics,RMSE,0.056442,repo/Data/Additional Sensitivity Analysis/Canonical Primary Nonoverlap 20260830/rolling_origin_metrics.csv,AOI=AOI-00; sensor=landsat; rolling_id=R2025-H1; target_year=2025,0.0564420936508308,counts: integer; manuscript headline RMSE/differences: 6 decimals; table values: source-derived fixed precision,Code/scripts/34_promote_nonoverlap_primary.py,canonical_nonoverlap_primary_20260830 / final_phase1_sensitivities,PASS
Results,configuration-level archive,Figure 1 / archived metrics,MAE,0.045871,repo/Data/Additional Sensitivity Analysis/Canonical Primary Nonoverlap 20260830/rolling_origin_metrics.csv,AOI=AOI-00; sensor=landsat; rolling_id=R2025-H1; target_year=2025,0.0458712970417949,counts: integer; manuscript headline RMSE/differences: 6 decimals; table values: source-derived fixed precision,Code/scripts/34_promote_nonoverlap_primary.py,canonical_nonoverlap_primary_20260830 / final_phase1_sensitivities,PASS
Results,configuration-level archive,Figure 1 / archived metrics,Bias,-0.027288,repo/Data/Additional Sensitivity Analysis/Canonical Primary Nonoverlap 20260830/rolling_origin_metrics.csv,AOI=AOI-00; sensor=landsat; rolling_id=R2025-H1; target_year=2025,-0.0272877164921305,counts: integer; manuscript headline RMSE/differences: 6 decimals; table values: source-derived fixed precision,Code/scripts/34_promote_nonoverlap_primary.py,canonical_nonoverlap_primary_20260830 / final_phase1_sensitivities,PASS
Results,configuration-level archive,Figure 1 / archived metrics,RMSE,0.053031,repo/Data/Additional Sensitivity Analysis/Canonical Primary Nonoverlap 20260830/rolling_origin_metrics.csv,AOI=AOI-00; sensor=landsat; rolling_id=R2025-H2; target_year=2025,0.0530310819217106,counts: integer; manuscript headline RMSE/differences: 6 decimals; table values: source-derived fixed precision,Code/scripts/34_promote_nonoverlap_primary.py,canonical_nonoverlap_primary_20260830 / final_phase1_sensitivities,PASS
Results,configuration-level archive,Figure 1 / archived metrics,MAE,0.043249,repo/Data/Additional Sensitivity Analysis/Canonical Primary Nonoverlap 20260830/rolling_origin_metrics.csv,AOI=AOI-00; sensor=landsat; rolling_id=R2025-H2; target_year=2025,0.0432492653225373,counts: integer; manuscript headline RMSE/differences: 6 decimals; table values: source-derived fixed precision,Code/scripts/34_promote_nonoverlap_primary.py,canonical_nonoverlap_primary_20260830 / final_phase1_sensitivities,PASS
Results,configuration-level archive,Figure 1 / archived metrics,Bias,-0.019750,repo/Data/Additional Sensitivity Analysis/Canonical Primary Nonoverlap 20260830/rolling_origin_metrics.csv,AOI=AOI-00; sensor=landsat; rolling_id=R2025-H2; target_year=2025,-0.0197504641536073,counts: integer; manuscript headline RMSE/differences: 6 decimals; table values: source-derived fixed precision,Code/scripts/34_promote_nonoverlap_primary.py,canonical_nonoverlap_primary_20260830 / final_phase1_sensitivities,PASS
Results,configuration-level archive,Figure 1 / archived metrics,RMSE,0.051431,repo/Data/Additional Sensitivity Analysis/Canonical Primary Nonoverlap 20260830/rolling_origin_metrics.csv,AOI=AOI-00; sensor=landsat; rolling_id=R2025-H3; target_year=2025,0.0514311399500868,counts: integer; manuscript headline RMSE/differences: 6 decimals; table values: source-derived fixed precision,Code/scripts/34_promote_nonoverlap_primary.py,canonical_nonoverlap_primary_20260830 / final_phase1_sensitivities,PASS
Results,configuration-level archive,Figure 1 / archived metrics,MAE,0.042138,repo/Data/Additional Sensitivity Analysis/Canonical Primary Nonoverlap 20260830/rolling_origin_metrics.csv,AOI=AOI-00; sensor=landsat; rolling_id=R2025-H3; target_year=2025,0.042138244427321,counts: integer; manuscript headline RMSE/differences: 6 decimals; table values: source-derived fixed precision,Code/scripts/34_promote_nonoverlap_primary.py,canonical_nonoverlap_primary_20260830 / final_phase1_sensitivities,PASS
Results,configuration-level archive,Figure 1 / archived metrics,Bias,-0.014888,repo/Data/Additional Sensitivity Analysis/Canonical Primary Nonoverlap 20260830/rolling_origin_metrics.csv,AOI=AOI-00; sensor=landsat; rolling_id=R2025-H3; target_year=2025,-0.0148883960426229,counts: integer; manuscript headline RMSE/differences: 6 decimals; table values: source-derived fixed precision,Code/scripts/34_promote_nonoverlap_primary.py,canonical_nonoverlap_primary_20260830 / final_phase1_sensitivities,PASS
Results,configuration-level archive,Figure 1 / archived metrics,RMSE,0.046961,repo/Data/Additional Sensitivity Analysis/Canonical Primary Nonoverlap 20260830/rolling_origin_metrics.csv,AOI=AOI-00; sensor=modis; rolling_id=R2024-H1; target_year=2024,0.0469609231337881,counts: integer; manuscript headline RMSE/differences: 6 decimals; table values: source-derived fixed precision,Code/scripts/34_promote_nonoverlap_primary.py,canonical_nonoverlap_primary_20260830 / final_phase1_sensitivities,PASS
Results,configuration-level archive,Figure 1 / archived metrics,MAE,0.037881,repo/Data/Additional Sensitivity Analysis/Canonical Primary Nonoverlap 20260830/rolling_origin_metrics.csv,AOI=AOI-00; sensor=modis; rolling_id=R2024-H1; target_year=2024,0.037881294005967,counts: integer; manuscript headline RMSE/differences: 6 decimals; table values: source-derived fixed precision,Code/scripts/34_promote_nonoverlap_primary.py,canonical_nonoverlap_primary_20260830 / final_phase1_sensitivities,PASS
Results,configuration-level archive,Figure 1 / archived metrics,Bias,0.009768,repo/Data/Additional Sensitivity Analysis/Canonical Primary Nonoverlap 20260830/rolling_origin_metrics.csv,AOI=AOI-00; sensor=modis; rolling_id=R2024-H1; target_year=2024,0.009768128020213,counts: integer; manuscript headline RMSE/differences: 6 decimals; table values: source-derived fixed precision,Code/scripts/34_promote_nonoverlap_primary.py,canonical_nonoverlap_primary_20260830 / final_phase1_sensitivities,PASS
Results,configuration-level archive,Figure 1 / archived metrics,RMSE,0.046587,repo/Data/Additional Sensitivity Analysis/Canonical Primary Nonoverlap 20260830/rolling_origin_metrics.csv,AOI=AOI-00; sensor=modis; rolling_id=R2024-H2; target_year=2024,0.0465865170269773,counts: integer; manuscript headline RMSE/differences: 6 decimals; table values: source-derived fixed precision,Code/scripts/34_promote_nonoverlap_primary.py,canonical_nonoverlap_primary_20260830 / final_phase1_sensitivities,PASS
Results,configuration-level archive,Figure 1 / archived metrics,MAE,0.037250,repo/Data/Additional Sensitivity Analysis/Canonical Primary Nonoverlap 20260830/rolling_origin_metrics.csv,AOI=AOI-00; sensor=modis; rolling_id=R2024-H2; target_year=2024,0.0372497972336459,counts: integer; manuscript headline RMSE/differences: 6 decimals; table values: source-derived fixed precision,Code/scripts/34_promote_nonoverlap_primary.py,canonical_nonoverlap_primary_20260830 / final_phase1_sensitivities,PASS
Results,configuration-level archive,Figure 1 / archived metrics,Bias,0.005781,repo/Data/Additional Sensitivity Analysis/Canonical Primary Nonoverlap 20260830/rolling_origin_metrics.csv,AOI=AOI-00; sensor=modis; rolling_id=R2024-H2; target_year=2024,0.0057805861365,counts: integer; manuscript headline RMSE/differences: 6 decimals; table values: source-derived fixed precision,Code/scripts/34_promote_nonoverlap_primary.py,canonical_nonoverlap_primary_20260830 / final_phase1_sensitivities,PASS
Results,configuration-level archive,Figure 1 / archived metrics,RMSE,0.046626,repo/Data/Additional Sensitivity Analysis/Canonical Primary Nonoverlap 20260830/rolling_origin_metrics.csv,AOI=AOI-00; sensor=modis; rolling_id=R2024-H3; target_year=2024,0.0466259156172687,counts: integer; manuscript headline RMSE/differences: 6 decimals; table values: source-derived fixed precision,Code/scripts/34_promote_nonoverlap_primary.py,canonical_nonoverlap_primary_20260830 / final_phase1_sensitivities,PASS
Results,configuration-level archive,Figure 1 / archived metrics,MAE,0.037397,repo/Data/Additional Sensitivity Analysis/Canonical Primary Nonoverlap 20260830/rolling_origin_metrics.csv,AOI=AOI-00; sensor=modis; rolling_id=R2024-H3; target_year=2024,0.037397439119613,counts: integer; manuscript headline RMSE/differences: 6 decimals; table values: source-derived fixed precision,Code/scripts/34_promote_nonoverlap_primary.py,canonical_nonoverlap_primary_20260830 / final_phase1_sensitivities,PASS
Results,configuration-level archive,Figure 1 / archived metrics,Bias,0.007107,repo/Data/Additional Sensitivity Analysis/Canonical Primary Nonoverlap 20260830/rolling_origin_metrics.csv,AOI=AOI-00; sensor=modis; rolling_id=R2024-H3; target_year=2024,0.0071070110318137,counts: integer; manuscript headline RMSE/differences: 6 decimals; table values: source-derived fixed precision,Code/scripts/34_promote_nonoverlap_primary.py,canonical_nonoverlap_primary_20260830 / final_phase1_sensitivities,PASS
Results,configuration-level archive,Figure 1 / archived metrics,RMSE,0.044496,repo/Data/Additional Sensitivity Analysis/Canonical Primary Nonoverlap 20260830/rolling_origin_metrics.csv,AOI=AOI-00; sensor=modis; rolling_id=R2025-H1; target_year=2025,0.0444963977992049,counts: integer; manuscript headline RMSE/differences: 6 decimals; table values: source-derived fixed precision,Code/scripts/34_promote_nonoverlap_primary.py,canonical_nonoverlap_primary_20260830 / final_phase1_sensitivities,PASS
Results,configuration-level archive,Figure 1 / archived metrics,MAE,0.034245,repo/Data/Additional Sensitivity Analysis/Canonical Primary Nonoverlap 20260830/rolling_origin_metrics.csv,AOI=AOI-00; sensor=modis; rolling_id=R2025-H1; target_year=2025,0.0342448811228304,counts: integer; manuscript headline RMSE/differences: 6 decimals; table values: source-derived fixed precision,Code/scripts/34_promote_nonoverlap_primary.py,canonical_nonoverlap_primary_20260830 / final_phase1_sensitivities,PASS
Results,configuration-level archive,Figure 1 / archived metrics,Bias,-0.012800,repo/Data/Additional Sensitivity Analysis/Canonical Primary Nonoverlap 20260830/rolling_origin_metrics.csv,AOI=AOI-00; sensor=modis; rolling_id=R2025-H1; target_year=2025,-0.0127998791318279,counts: integer; manuscript headline RMSE/differences: 6 decimals; table values: source-derived fixed precision,Code/scripts/34_promote_nonoverlap_primary.py,canonical_nonoverlap_primary_20260830 / final_phase1_sensitivities,PASS
Results,configuration-level archive,Figure 1 / archived metrics,RMSE,0.042381,repo/Data/Additional Sensitivity Analysis/Canonical Primary Nonoverlap 20260830/rolling_origin_metrics.csv,AOI=AOI-00; sensor=modis; rolling_id=R2025-H2; target_year=2025,0.0423814986103728,counts: integer; manuscript headline RMSE/differences: 6 decimals; table values: source-derived fixed precision,Code/scripts/34_promote_nonoverlap_primary.py,canonical_nonoverlap_primary_20260830 / final_phase1_sensitivities,PASS
Results,configuration-level archive,Figure 1 / archived metrics,MAE,0.033042,repo/Data/Additional Sensitivity Analysis/Canonical Primary Nonoverlap 20260830/rolling_origin_metrics.csv,AOI=AOI-00; sensor=modis; rolling_id=R2025-H2; target_year=2025,0.0330424066343567,counts: integer; manuscript headline RMSE/differences: 6 decimals; table values: source-derived fixed precision,Code/scripts/34_promote_nonoverlap_primary.py,canonical_nonoverlap_primary_20260830 / final_phase1_sensitivities,PASS
Results,configuration-level archive,Figure 1 / archived metrics,Bias,-0.005590,repo/Data/Additional Sensitivity Analysis/Canonical Primary Nonoverlap 20260830/rolling_origin_metrics.csv,AOI=AOI-00; sensor=modis; rolling_id=R2025-H2; target_year=2025,-0.0055904452425919,counts: integer; manuscript headline RMSE/differences: 6 decimals; table values: source-derived fixed precision,Code/scripts/34_promote_nonoverlap_primary.py,canonical_nonoverlap_primary_20260830 / final_phase1_sensitivities,PASS
Results,configuration-level archive,Figure 1 / archived metrics,RMSE,0.042381,repo/Data/Additional Sensitivity Analysis/Canonical Primary Nonoverlap 20260830/rolling_origin_metrics.csv,AOI=AOI-00; sensor=modis; rolling_id=R2025-H3; target_year=2025,0.0423813599278264,counts: integer; manuscript headline RMSE/differences: 6 decimals; table values: source-derived fixed precision,Code/scripts/34_promote_nonoverlap_primary.py,canonical_nonoverlap_primary_20260830 / final_phase1_sensitivities,PASS
Results,configuration-level archive,Figure 1 / archived metrics,MAE,0.032940,repo/Data/Additional Sensitivity Analysis/Canonical Primary Nonoverlap 20260830/rolling_origin_metrics.csv,AOI=AOI-00; sensor=modis; rolling_id=R2025-H3; target_year=2025,0.0329399323498866,counts: integer; manuscript headline RMSE/differences: 6 decimals; table values: source-derived fixed precision,Code/scripts/34_promote_nonoverlap_primary.py,canonical_nonoverlap_primary_20260830 / final_phase1_sensitivities,PASS
Results,configuration-level archive,Figure 1 / archived metrics,Bias,-0.006596,repo/Data/Additional Sensitivity Analysis/Canonical Primary Nonoverlap 20260830/rolling_origin_metrics.csv,AOI=AOI-00; sensor=modis; rolling_id=R2025-H3; target_year=2025,-0.0065957525893229,counts: integer; manuscript headline RMSE/differences: 6 decimals; table values: source-derived fixed precision,Code/scripts/34_promote_nonoverlap_primary.py,canonical_nonoverlap_primary_20260830 / final_phase1_sensitivities,PASS
Results,configuration-level archive,Figure 1 / archived metrics,RMSE,0.063953,repo/Data/Additional Sensitivity Analysis/Canonical Primary Nonoverlap 20260830/rolling_origin_metrics.csv,AOI=AOI-00; sensor=sentinel2; rolling_id=R2024-H1; target_year=2024,0.0639527993636913,counts: integer; manuscript headline RMSE/differences: 6 decimals; table values: source-derived fixed precision,Code/scripts/34_promote_nonoverlap_primary.py,canonical_nonoverlap_primary_20260830 / final_phase1_sensitivities,PASS
Results,configuration-level archive,Figure 1 / archived metrics,MAE,0.050487,repo/Data/Additional Sensitivity Analysis/Canonical Primary Nonoverlap 20260830/rolling_origin_metrics.csv,AOI=AOI-00; sensor=sentinel2; rolling_id=R2024-H1; target_year=2024,0.0504870588248307,counts: integer; manuscript headline RMSE/differences: 6 decimals; table values: source-derived fixed precision,Code/scripts/34_promote_nonoverlap_primary.py,canonical_nonoverlap_primary_20260830 / final_phase1_sensitivities,PASS
Results,configuration-level archive,Figure 1 / archived metrics,Bias,0.006574,repo/Data/Additional Sensitivity Analysis/Canonical Primary Nonoverlap 20260830/rolling_origin_metrics.csv,AOI=AOI-00; sensor=sentinel2; rolling_id=R2024-H1; target_year=2024,0.0065738078385262,counts: integer; manuscript headline RMSE/differences: 6 decimals; table values: source-derived fixed precision,Code/scripts/34_promote_nonoverlap_primary.py,canonical_nonoverlap_primary_20260830 / final_phase1_sensitivities,PASS
Results,configuration-level archive,Figure 1 / archived metrics,RMSE,0.063854,repo/Data/Additional Sensitivity Analysis/Canonical Primary Nonoverlap 20260830/rolling_origin_metrics.csv,AOI=AOI-00; sensor=sentinel2; rolling_id=R2024-H2; target_year=2024,0.0638539209006433,counts: integer; manuscript headline RMSE/differences: 6 decimals; table values: source-derived fixed precision,Code/scripts/34_promote_nonoverlap_primary.py,canonical_nonoverlap_primary_20260830 / final_phase1_sensitivities,PASS
Results,configuration-level archive,Figure 1 / archived metrics,MAE,0.050552,repo/Data/Additional Sensitivity Analysis/Canonical Primary Nonoverlap 20260830/rolling_origin_metrics.csv,AOI=AOI-00; sensor=sentinel2; rolling_id=R2024-H2; target_year=2024,0.0505515394288713,counts: integer; manuscript headline RMSE/differences: 6 decimals; table values: source-derived fixed precision,Code/scripts/34_promote_nonoverlap_primary.py,canonical_nonoverlap_primary_20260830 / final_phase1_sensitivities,PASS
Results,configuration-level archive,Figure 1 / archived metrics,Bias,0.009400,repo/Data/Additional Sensitivity Analysis/Canonical Primary Nonoverlap 20260830/rolling_origin_metrics.csv,AOI=AOI-00; sensor=sentinel2; rolling_id=R2024-H2; target_year=2024,0.0093999981186249,counts: integer; manuscript headline RMSE/differences: 6 decimals; table values: source-derived fixed precision,Code/scripts/34_promote_nonoverlap_primary.py,canonical_nonoverlap_primary_20260830 / final_phase1_sensitivities,PASS
Results,configuration-level archive,Figure 1 / archived metrics,RMSE,0.067041,repo/Data/Additional Sensitivity Analysis/Canonical Primary Nonoverlap 20260830/rolling_origin_metrics.csv,AOI=AOI-00; sensor=sentinel2; rolling_id=R2024-H3; target_year=2024,0.067040609042033,counts: integer; manuscript headline RMSE/differences: 6 decimals; table values: source-derived fixed precision,Code/scripts/34_promote_nonoverlap_primary.py,canonical_nonoverlap_primary_20260830 / final_phase1_sensitivities,PASS
Results,configuration-level archive,Figure 1 / archived metrics,MAE,0.053411,repo/Data/Additional Sensitivity Analysis/Canonical Primary Nonoverlap 20260830/rolling_origin_metrics.csv,AOI=AOI-00; sensor=sentinel2; rolling_id=R2024-H3; target_year=2024,0.0534111403032675,counts: integer; manuscript headline RMSE/differences: 6 decimals; table values: source-derived fixed precision,Code/scripts/34_promote_nonoverlap_primary.py,canonical_nonoverlap_primary_20260830 / final_phase1_sensitivities,PASS
Results,configuration-level archive,Figure 1 / archived metrics,Bias,0.023904,repo/Data/Additional Sensitivity Analysis/Canonical Primary Nonoverlap 20260830/rolling_origin_metrics.csv,AOI=AOI-00; sensor=sentinel2; rolling_id=R2024-H3; target_year=2024,0.0239037622902255,counts: integer; manuscript headline RMSE/differences: 6 decimals; table values: source-derived fixed precision,Code/scripts/34_promote_nonoverlap_primary.py,canonical_nonoverlap_primary_20260830 / final_phase1_sensitivities,PASS
Results,configuration-level archive,Figure 1 / archived metrics,RMSE,0.079832,repo/Data/Additional Sensitivity Analysis/Canonical Primary Nonoverlap 20260830/rolling_origin_metrics.csv,AOI=AOI-00; sensor=sentinel2; rolling_id=R2025-H1; target_year=2025,0.0798319825140218,counts: integer; manuscript headline RMSE/differences: 6 decimals; table values: source-derived fixed precision,Code/scripts/34_promote_nonoverlap_primary.py,canonical_nonoverlap_primary_20260830 / final_phase1_sensitivities,PASS
Results,configuration-level archive,Figure 1 / archived metrics,MAE,0.066229,repo/Data/Additional Sensitivity Analysis/Canonical Primary Nonoverlap 20260830/rolling_origin_metrics.csv,AOI=AOI-00; sensor=sentinel2; rolling_id=R2025-H1; target_year=2025,0.0662292313325491,counts: integer; manuscript headline RMSE/differences: 6 decimals; table values: source-derived fixed precision,Code/scripts/34_promote_nonoverlap_primary.py,canonical_nonoverlap_primary_20260830 / final_phase1_sensitivities,PASS
Results,configuration-level archive,Figure 1 / archived metrics,Bias,-0.045879,repo/Data/Additional Sensitivity Analysis/Canonical Primary Nonoverlap 20260830/rolling_origin_metrics.csv,AOI=AOI-00; sensor=sentinel2; rolling_id=R2025-H1; target_year=2025,-0.0458787664269048,counts: integer; manuscript headline RMSE/differences: 6 decimals; table values: source-derived fixed precision,Code/scripts/34_promote_nonoverlap_primary.py,canonical_nonoverlap_primary_20260830 / final_phase1_sensitivities,PASS
Results,configuration-level archive,Figure 1 / archived metrics,RMSE,0.077072,repo/Data/Additional Sensitivity Analysis/Canonical Primary Nonoverlap 20260830/rolling_origin_metrics.csv,AOI=AOI-00; sensor=sentinel2; rolling_id=R2025-H2; target_year=2025,0.0770719252230506,counts: integer; manuscript headline RMSE/differences: 6 decimals; table values: source-derived fixed precision,Code/scripts/34_promote_nonoverlap_primary.py,canonical_nonoverlap_primary_20260830 / final_phase1_sensitivities,PASS
Results,configuration-level archive,Figure 1 / archived metrics,MAE,0.063370,repo/Data/Additional Sensitivity Analysis/Canonical Primary Nonoverlap 20260830/rolling_origin_metrics.csv,AOI=AOI-00; sensor=sentinel2; rolling_id=R2025-H2; target_year=2025,0.0633704849612775,counts: integer; manuscript headline RMSE/differences: 6 decimals; table values: source-derived fixed precision,Code/scripts/34_promote_nonoverlap_primary.py,canonical_nonoverlap_primary_20260830 / final_phase1_sensitivities,PASS
Results,configuration-level archive,Figure 1 / archived metrics,Bias,-0.040297,repo/Data/Additional Sensitivity Analysis/Canonical Primary Nonoverlap 20260830/rolling_origin_metrics.csv,AOI=AOI-00; sensor=sentinel2; rolling_id=R2025-H2; target_year=2025,-0.0402972454217138,counts: integer; manuscript headline RMSE/differences: 6 decimals; table values: source-derived fixed precision,Code/scripts/34_promote_nonoverlap_primary.py,canonical_nonoverlap_primary_20260830 / final_phase1_sensitivities,PASS
Results,configuration-level archive,Figure 1 / archived metrics,RMSE,0.075923,repo/Data/Additional Sensitivity Analysis/Canonical Primary Nonoverlap 20260830/rolling_origin_metrics.csv,AOI=AOI-00; sensor=sentinel2; rolling_id=R2025-H3; target_year=2025,0.0759227317183154,counts: integer; manuscript headline RMSE/differences: 6 decimals; table values: source-derived fixed precision,Code/scripts/34_promote_nonoverlap_primary.py,canonical_nonoverlap_primary_20260830 / final_phase1_sensitivities,PASS
Results,configuration-level archive,Figure 1 / archived metrics,MAE,0.062426,repo/Data/Additional Sensitivity Analysis/Canonical Primary Nonoverlap 20260830/rolling_origin_metrics.csv,AOI=AOI-00; sensor=sentinel2; rolling_id=R2025-H3; target_year=2025,0.0624263001271205,counts: integer; manuscript headline RMSE/differences: 6 decimals; table values: source-derived fixed precision,Code/scripts/34_promote_nonoverlap_primary.py,canonical_nonoverlap_primary_20260830 / final_phase1_sensitivities,PASS
Results,configuration-level archive,Figure 1 / archived metrics,Bias,-0.038291,repo/Data/Additional Sensitivity Analysis/Canonical Primary Nonoverlap 20260830/rolling_origin_metrics.csv,AOI=AOI-00; sensor=sentinel2; rolling_id=R2025-H3; target_year=2025,-0.0382905963255622,counts: integer; manuscript headline RMSE/differences: 6 decimals; table values: source-derived fixed precision,Code/scripts/34_promote_nonoverlap_primary.py,canonical_nonoverlap_primary_20260830 / final_phase1_sensitivities,PASS
Results,configuration-level archive,Figure 1 / archived metrics,RMSE,0.001197,repo/Data/Additional Sensitivity Analysis/Canonical Primary Nonoverlap 20260830/rolling_origin_metrics.csv,AOI=AOI-01; sensor=landsat; rolling_id=R2024-H1; target_year=2024,0.0011966216384227,counts: integer; manuscript headline RMSE/differences: 6 decimals; table values: source-derived fixed precision,Code/scripts/34_promote_nonoverlap_primary.py,canonical_nonoverlap_primary_20260830 / final_phase1_sensitivities,PASS
Results,configuration-level archive,Figure 1 / archived metrics,MAE,0.000467,repo/Data/Additional Sensitivity Analysis/Canonical Primary Nonoverlap 20260830/rolling_origin_metrics.csv,AOI=AOI-01; sensor=landsat; rolling_id=R2024-H1; target_year=2024,0.0004665693732839,counts: integer; manuscript headline RMSE/differences: 6 decimals; table values: source-derived fixed precision,Code/scripts/34_promote_nonoverlap_primary.py,canonical_nonoverlap_primary_20260830 / final_phase1_sensitivities,PASS
Results,configuration-level archive,Figure 1 / archived metrics,Bias,0.000185,repo/Data/Additional Sensitivity Analysis/Canonical Primary Nonoverlap 20260830/rolling_origin_metrics.csv,AOI=AOI-01; sensor=landsat; rolling_id=R2024-H1; target_year=2024,0.0001854765924289,counts: integer; manuscript headline RMSE/differences: 6 decimals; table values: source-derived fixed precision,Code/scripts/34_promote_nonoverlap_primary.py,canonical_nonoverlap_primary_20260830 / final_phase1_sensitivities,PASS
Results,configuration-level archive,Figure 1 / archived metrics,RMSE,0.001203,repo/Data/Additional Sensitivity Analysis/Canonical Primary Nonoverlap 20260830/rolling_origin_metrics.csv,AOI=AOI-01; sensor=landsat; rolling_id=R2024-H2; target_year=2024,0.001203393337067,counts: integer; manuscript headline RMSE/differences: 6 decimals; table values: source-derived fixed precision,Code/scripts/34_promote_nonoverlap_primary.py,canonical_nonoverlap_primary_20260830 / final_phase1_sensitivities,PASS
Results,configuration-level archive,Figure 1 / archived metrics,MAE,0.000444,repo/Data/Additional Sensitivity Analysis/Canonical Primary Nonoverlap 20260830/rolling_origin_metrics.csv,AOI=AOI-01; sensor=landsat; rolling_id=R2024-H2; target_year=2024,0.0004439769653025,counts: integer; manuscript headline RMSE/differences: 6 decimals; table values: source-derived fixed precision,Code/scripts/34_promote_nonoverlap_primary.py,canonical_nonoverlap_primary_20260830 / final_phase1_sensitivities,PASS
Results,configuration-level archive,Figure 1 / archived metrics,Bias,0.000151,repo/Data/Additional Sensitivity Analysis/Canonical Primary Nonoverlap 20260830/rolling_origin_metrics.csv,AOI=AOI-01; sensor=landsat; rolling_id=R2024-H2; target_year=2024,0.000151213000998,counts: integer; manuscript headline RMSE/differences: 6 decimals; table values: source-derived fixed precision,Code/scripts/34_promote_nonoverlap_primary.py,canonical_nonoverlap_primary_20260830 / final_phase1_sensitivities,PASS
Results,configuration-level archive,Figure 1 / archived metrics,RMSE,0.001201,repo/Data/Additional Sensitivity Analysis/Canonical Primary Nonoverlap 20260830/rolling_origin_metrics.csv,AOI=AOI-01; sensor=landsat; rolling_id=R2024-H3; target_year=2024,0.0012010449610705,counts: integer; manuscript headline RMSE/differences: 6 decimals; table values: source-derived fixed precision,Code/scripts/34_promote_nonoverlap_primary.py,canonical_nonoverlap_primary_20260830 / final_phase1_sensitivities,PASS
Results,configuration-level archive,Figure 1 / archived metrics,MAE,0.000406,repo/Data/Additional Sensitivity Analysis/Canonical Primary Nonoverlap 20260830/rolling_origin_metrics.csv,AOI=AOI-01; sensor=landsat; rolling_id=R2024-H3; target_year=2024,0.000405989787641,counts: integer; manuscript headline RMSE/differences: 6 decimals; table values: source-derived fixed precision,Code/scripts/34_promote_nonoverlap_primary.py,canonical_nonoverlap_primary_20260830 / final_phase1_sensitivities,PASS
Results,configuration-level archive,Figure 1 / archived metrics,Bias,0.000103,repo/Data/Additional Sensitivity Analysis/Canonical Primary Nonoverlap 20260830/rolling_origin_metrics.csv,AOI=AOI-01; sensor=landsat; rolling_id=R2024-H3; target_year=2024,0.000103434488731,counts: integer; manuscript headline RMSE/differences: 6 decimals; table values: source-derived fixed precision,Code/scripts/34_promote_nonoverlap_primary.py,canonical_nonoverlap_primary_20260830 / final_phase1_sensitivities,PASS
Results,configuration-level archive,Figure 1 / archived metrics,RMSE,0.001235,repo/Data/Additional Sensitivity Analysis/Canonical Primary Nonoverlap 20260830/rolling_origin_metrics.csv,AOI=AOI-01; sensor=landsat; rolling_id=R2025-H1; target_year=2025,0.0012350993319251,counts: integer; manuscript headline RMSE/differences: 6 decimals; table values: source-derived fixed precision,Code/scripts/34_promote_nonoverlap_primary.py,canonical_nonoverlap_primary_20260830 / final_phase1_sensitivities,PASS
Results,configuration-level archive,Figure 1 / archived metrics,MAE,0.000565,repo/Data/Additional Sensitivity Analysis/Canonical Primary Nonoverlap 20260830/rolling_origin_metrics.csv,AOI=AOI-01; sensor=landsat; rolling_id=R2025-H1; target_year=2025,0.0005652125927523,counts: integer; manuscript headline RMSE/differences: 6 decimals; table values: source-derived fixed precision,Code/scripts/34_promote_nonoverlap_primary.py,canonical_nonoverlap_primary_20260830 / final_phase1_sensitivities,PASS
Results,configuration-level archive,Figure 1 / archived metrics,Bias,0.000149,repo/Data/Additional Sensitivity Analysis/Canonical Primary Nonoverlap 20260830/rolling_origin_metrics.csv,AOI=AOI-01; sensor=landsat; rolling_id=R2025-H1; target_year=2025,0.0001485423577904,counts: integer; manuscript headline RMSE/differences: 6 decimals; table values: source-derived fixed precision,Code/scripts/34_promote_nonoverlap_primary.py,canonical_nonoverlap_primary_20260830 / final_phase1_sensitivities,PASS
Results,configuration-level archive,Figure 1 / archived metrics,RMSE,0.001220,repo/Data/Additional Sensitivity Analysis/Canonical Primary Nonoverlap 20260830/rolling_origin_metrics.csv,AOI=AOI-01; sensor=landsat; rolling_id=R2025-H2; target_year=2025,0.0012197222847369,counts: integer; manuscript headline RMSE/differences: 6 decimals; table values: source-derived fixed precision,Code/scripts/34_promote_nonoverlap_primary.py,canonical_nonoverlap_primary_20260830 / final_phase1_sensitivities,PASS
Results,configuration-level archive,Figure 1 / archived metrics,MAE,0.000561,repo/Data/Additional Sensitivity Analysis/Canonical Primary Nonoverlap 20260830/rolling_origin_metrics.csv,AOI=AOI-01; sensor=landsat; rolling_id=R2025-H2; target_year=2025,0.0005606587153263,counts: integer; manuscript headline RMSE/differences: 6 decimals; table values: source-derived fixed precision,Code/scripts/34_promote_nonoverlap_primary.py,canonical_nonoverlap_primary_20260830 / final_phase1_sensitivities,PASS
Results,configuration-level archive,Figure 1 / archived metrics,Bias,0.000155,repo/Data/Additional Sensitivity Analysis/Canonical Primary Nonoverlap 20260830/rolling_origin_metrics.csv,AOI=AOI-01; sensor=landsat; rolling_id=R2025-H2; target_year=2025,0.000155080683469,counts: integer; manuscript headline RMSE/differences: 6 decimals; table values: source-derived fixed precision,Code/scripts/34_promote_nonoverlap_primary.py,canonical_nonoverlap_primary_20260830 / final_phase1_sensitivities,PASS
Results,configuration-level archive,Figure 1 / archived metrics,RMSE,0.001224,repo/Data/Additional Sensitivity Analysis/Canonical Primary Nonoverlap 20260830/rolling_origin_metrics.csv,AOI=AOI-01; sensor=landsat; rolling_id=R2025-H3; target_year=2025,0.0012242071713751,counts: integer; manuscript headline RMSE/differences: 6 decimals; table values: source-derived fixed precision,Code/scripts/34_promote_nonoverlap_primary.py,canonical_nonoverlap_primary_20260830 / final_phase1_sensitivities,PASS
Results,configuration-level archive,Figure 1 / archived metrics,MAE,0.000545,repo/Data/Additional Sensitivity Analysis/Canonical Primary Nonoverlap 20260830/rolling_origin_metrics.csv,AOI=AOI-01; sensor=landsat; rolling_id=R2025-H3; target_year=2025,0.0005445588729091,counts: integer; manuscript headline RMSE/differences: 6 decimals; table values: source-derived fixed precision,Code/scripts/34_promote_nonoverlap_primary.py,canonical_nonoverlap_primary_20260830 / final_phase1_sensitivities,PASS
Results,configuration-level archive,Figure 1 / archived metrics,Bias,0.000128,repo/Data/Additional Sensitivity Analysis/Canonical Primary Nonoverlap 20260830/rolling_origin_metrics.csv,AOI=AOI-01; sensor=landsat; rolling_id=R2025-H3; target_year=2025,0.0001280504410593,counts: integer; manuscript headline RMSE/differences: 6 decimals; table values: source-derived fixed precision,Code/scripts/34_promote_nonoverlap_primary.py,canonical_nonoverlap_primary_20260830 / final_phase1_sensitivities,PASS
Results,configuration-level archive,Figure 1 / archived metrics,RMSE,0.001364,repo/Data/Additional Sensitivity Analysis/Canonical Primary Nonoverlap 20260830/rolling_origin_metrics.csv,AOI=AOI-01; sensor=modis; rolling_id=R2024-H1; target_year=2024,0.0013635053795138,counts: integer; manuscript headline RMSE/differences: 6 decimals; table values: source-derived fixed precision,Code/scripts/34_promote_nonoverlap_primary.py,canonical_nonoverlap_primary_20260830 / final_phase1_sensitivities,PASS
Results,configuration-level archive,Figure 1 / archived metrics,MAE,0.000423,repo/Data/Additional Sensitivity Analysis/Canonical Primary Nonoverlap 20260830/rolling_origin_metrics.csv,AOI=AOI-01; sensor=modis; rolling_id=R2024-H1; target_year=2024,0.0004234003438508,counts: integer; manuscript headline RMSE/differences: 6 decimals; table values: source-derived fixed precision,Code/scripts/34_promote_nonoverlap_primary.py,canonical_nonoverlap_primary_20260830 / final_phase1_sensitivities,PASS
Results,configuration-level archive,Figure 1 / archived metrics,Bias,0.000163,repo/Data/Additional Sensitivity Analysis/Canonical Primary Nonoverlap 20260830/rolling_origin_metrics.csv,AOI=AOI-01; sensor=modis; rolling_id=R2024-H1; target_year=2024,0.0001627015204742,counts: integer; manuscript headline RMSE/differences: 6 decimals; table values: source-derived fixed precision,Code/scripts/34_promote_nonoverlap_primary.py,canonical_nonoverlap_primary_20260830 / final_phase1_sensitivities,PASS
Results,configuration-level archive,Figure 1 / archived metrics,RMSE,0.001367,repo/Data/Additional Sensitivity Analysis/Canonical Primary Nonoverlap 20260830/rolling_origin_metrics.csv,AOI=AOI-01; sensor=modis; rolling_id=R2024-H2; target_year=2024,0.0013673184031955,counts: integer; manuscript headline RMSE/differences: 6 decimals; table values: source-derived fixed precision,Code/scripts/34_promote_nonoverlap_primary.py,canonical_nonoverlap_primary_20260830 / final_phase1_sensitivities,PASS
Results,configuration-level archive,Figure 1 / archived metrics,MAE,0.000448,repo/Data/Additional Sensitivity Analysis/Canonical Primary Nonoverlap 20260830/rolling_origin_metrics.csv,AOI=AOI-01; sensor=modis; rolling_id=R2024-H2; target_year=2024,0.0004476709888295,counts: integer; manuscript headline RMSE/differences: 6 decimals; table values: source-derived fixed precision,Code/scripts/34_promote_nonoverlap_primary.py,canonical_nonoverlap_primary_20260830 / final_phase1_sensitivities,PASS
Results,configuration-level archive,Figure 1 / archived metrics,Bias,0.000190,repo/Data/Additional Sensitivity Analysis/Canonical Primary Nonoverlap 20260830/rolling_origin_metrics.csv,AOI=AOI-01; sensor=modis; rolling_id=R2024-H2; target_year=2024,0.0001903319223997,counts: integer; manuscript headline RMSE/differences: 6 decimals; table values: source-derived fixed precision,Code/scripts/34_promote_nonoverlap_primary.py,canonical_nonoverlap_primary_20260830 / final_phase1_sensitivities,PASS
Results,configuration-level archive,Figure 1 / archived metrics,RMSE,0.001358,repo/Data/Additional Sensitivity Analysis/Canonical Primary Nonoverlap 20260830/rolling_origin_metrics.csv,AOI=AOI-01; sensor=modis; rolling_id=R2024-H3; target_year=2024,0.0013582031236274,counts: integer; manuscript headline RMSE/differences: 6 decimals; table values: source-derived fixed precision,Code/scripts/34_promote_nonoverlap_primary.py,canonical_nonoverlap_primary_20260830 / final_phase1_sensitivities,PASS
Results,configuration-level archive,Figure 1 / archived metrics,MAE,0.000409,repo/Data/Additional Sensitivity Analysis/Canonical Primary Nonoverlap 20260830/rolling_origin_metrics.csv,AOI=AOI-01; sensor=modis; rolling_id=R2024-H3; target_year=2024,0.0004085943086886,counts: integer; manuscript headline RMSE/differences: 6 decimals; table values: source-derived fixed precision,Code/scripts/34_promote_nonoverlap_primary.py,canonical_nonoverlap_primary_20260830 / final_phase1_sensitivities,PASS
Results,configuration-level archive,Figure 1 / archived metrics,Bias,0.000147,repo/Data/Additional Sensitivity Analysis/Canonical Primary Nonoverlap 20260830/rolling_origin_metrics.csv,AOI=AOI-01; sensor=modis; rolling_id=R2024-H3; target_year=2024,0.000147361225361,counts: integer; manuscript headline RMSE/differences: 6 decimals; table values: source-derived fixed precision,Code/scripts/34_promote_nonoverlap_primary.py,canonical_nonoverlap_primary_20260830 / final_phase1_sensitivities,PASS
Results,configuration-level archive,Figure 1 / archived metrics,RMSE,0.001512,repo/Data/Additional Sensitivity Analysis/Canonical Primary Nonoverlap 20260830/rolling_origin_metrics.csv,AOI=AOI-01; sensor=modis; rolling_id=R2025-H1; target_year=2025,0.0015115023429366,counts: integer; manuscript headline RMSE/differences: 6 decimals; table values: source-derived fixed precision,Code/scripts/34_promote_nonoverlap_primary.py,canonical_nonoverlap_primary_20260830 / final_phase1_sensitivities,PASS
Results,configuration-level archive,Figure 1 / archived metrics,MAE,0.000476,repo/Data/Additional Sensitivity Analysis/Canonical Primary Nonoverlap 20260830/rolling_origin_metrics.csv,AOI=AOI-01; sensor=modis; rolling_id=R2025-H1; target_year=2025,0.0004756763433514,counts: integer; manuscript headline RMSE/differences: 6 decimals; table values: source-derived fixed precision,Code/scripts/34_promote_nonoverlap_primary.py,canonical_nonoverlap_primary_20260830 / final_phase1_sensitivities,PASS
Results,configuration-level archive,Figure 1 / archived metrics,Bias,-0.000062,repo/Data/Additional Sensitivity Analysis/Canonical Primary Nonoverlap 20260830/rolling_origin_metrics.csv,AOI=AOI-01; sensor=modis; rolling_id=R2025-H1; target_year=2025,-6.218584233705868e-05,counts: integer; manuscript headline RMSE/differences: 6 decimals; table values: source-derived fixed precision,Code/scripts/34_promote_nonoverlap_primary.py,canonical_nonoverlap_primary_20260830 / final_phase1_sensitivities,PASS
Results,configuration-level archive,Figure 1 / archived metrics,RMSE,0.001461,repo/Data/Additional Sensitivity Analysis/Canonical Primary Nonoverlap 20260830/rolling_origin_metrics.csv,AOI=AOI-01; sensor=modis; rolling_id=R2025-H2; target_year=2025,0.0014605660351389,counts: integer; manuscript headline RMSE/differences: 6 decimals; table values: source-derived fixed precision,Code/scripts/34_promote_nonoverlap_primary.py,canonical_nonoverlap_primary_20260830 / final_phase1_sensitivities,PASS
Results,configuration-level archive,Figure 1 / archived metrics,MAE,0.000486,repo/Data/Additional Sensitivity Analysis/Canonical Primary Nonoverlap 20260830/rolling_origin_metrics.csv,AOI=AOI-01; sensor=modis; rolling_id=R2025-H2; target_year=2025,0.0004862206811799,counts: integer; manuscript headline RMSE/differences: 6 decimals; table values: source-derived fixed precision,Code/scripts/34_promote_nonoverlap_primary.py,canonical_nonoverlap_primary_20260830 / final_phase1_sensitivities,PASS
Results,configuration-level archive,Figure 1 / archived metrics,Bias,-0.000017,repo/Data/Additional Sensitivity Analysis/Canonical Primary Nonoverlap 20260830/rolling_origin_metrics.csv,AOI=AOI-01; sensor=modis; rolling_id=R2025-H2; target_year=2025,-1.6969499692965838e-05,counts: integer; manuscript headline RMSE/differences: 6 decimals; table values: source-derived fixed precision,Code/scripts/34_promote_nonoverlap_primary.py,canonical_nonoverlap_primary_20260830 / final_phase1_sensitivities,PASS
Results,configuration-level archive,Figure 1 / archived metrics,RMSE,0.001444,repo/Data/Additional Sensitivity Analysis/Canonical Primary Nonoverlap 20260830/rolling_origin_metrics.csv,AOI=AOI-01; sensor=modis; rolling_id=R2025-H3; target_year=2025,0.0014436509254424,counts: integer; manuscript headline RMSE/differences: 6 decimals; table values: source-derived fixed precision,Code/scripts/34_promote_nonoverlap_primary.py,canonical_nonoverlap_primary_20260830 / final_phase1_sensitivities,PASS
Results,configuration-level archive,Figure 1 / archived metrics,MAE,0.000500,repo/Data/Additional Sensitivity Analysis/Canonical Primary Nonoverlap 20260830/rolling_origin_metrics.csv,AOI=AOI-01; sensor=modis; rolling_id=R2025-H3; target_year=2025,0.0004999696919478,counts: integer; manuscript headline RMSE/differences: 6 decimals; table values: source-derived fixed precision,Code/scripts/34_promote_nonoverlap_primary.py,canonical_nonoverlap_primary_20260830 / final_phase1_sensitivities,PASS
Results,configuration-level archive,Figure 1 / archived metrics,Bias,0.000012,repo/Data/Additional Sensitivity Analysis/Canonical Primary Nonoverlap 20260830/rolling_origin_metrics.csv,AOI=AOI-01; sensor=modis; rolling_id=R2025-H3; target_year=2025,1.1816095187176434e-05,counts: integer; manuscript headline RMSE/differences: 6 decimals; table values: source-derived fixed precision,Code/scripts/34_promote_nonoverlap_primary.py,canonical_nonoverlap_primary_20260830 / final_phase1_sensitivities,PASS
Results,configuration-level archive,Figure 1 / archived metrics,RMSE,0.001278,repo/Data/Additional Sensitivity Analysis/Canonical Primary Nonoverlap 20260830/rolling_origin_metrics.csv,AOI=AOI-01; sensor=sentinel2; rolling_id=R2024-H1; target_year=2024,0.0012779982405298,counts: integer; manuscript headline RMSE/differences: 6 decimals; table values: source-derived fixed precision,Code/scripts/34_promote_nonoverlap_primary.py,canonical_nonoverlap_primary_20260830 / final_phase1_sensitivities,PASS
Results,configuration-level archive,Figure 1 / archived metrics,MAE,0.000337,repo/Data/Additional Sensitivity Analysis/Canonical Primary Nonoverlap 20260830/rolling_origin_metrics.csv,AOI=AOI-01; sensor=sentinel2; rolling_id=R2024-H1; target_year=2024,0.0003369035871577,counts: integer; manuscript headline RMSE/differences: 6 decimals; table values: source-derived fixed precision,Code/scripts/34_promote_nonoverlap_primary.py,canonical_nonoverlap_primary_20260830 / final_phase1_sensitivities,PASS
Results,configuration-level archive,Figure 1 / archived metrics,Bias,0.000066,repo/Data/Additional Sensitivity Analysis/Canonical Primary Nonoverlap 20260830/rolling_origin_metrics.csv,AOI=AOI-01; sensor=sentinel2; rolling_id=R2024-H1; target_year=2024,6.60404765884094e-05,counts: integer; manuscript headline RMSE/differences: 6 decimals; table values: source-derived fixed precision,Code/scripts/34_promote_nonoverlap_primary.py,canonical_nonoverlap_primary_20260830 / final_phase1_sensitivities,PASS
Results,configuration-level archive,Figure 1 / archived metrics,RMSE,0.001280,repo/Data/Additional Sensitivity Analysis/Canonical Primary Nonoverlap 20260830/rolling_origin_metrics.csv,AOI=AOI-01; sensor=sentinel2; rolling_id=R2024-H2; target_year=2024,0.0012801467881383,counts: integer; manuscript headline RMSE/differences: 6 decimals; table values: source-derived fixed precision,Code/scripts/34_promote_nonoverlap_primary.py,canonical_nonoverlap_primary_20260830 / final_phase1_sensitivities,PASS
Results,configuration-level archive,Figure 1 / archived metrics,MAE,0.000341,repo/Data/Additional Sensitivity Analysis/Canonical Primary Nonoverlap 20260830/rolling_origin_metrics.csv,AOI=AOI-01; sensor=sentinel2; rolling_id=R2024-H2; target_year=2024,0.0003414777255832,counts: integer; manuscript headline RMSE/differences: 6 decimals; table values: source-derived fixed precision,Code/scripts/34_promote_nonoverlap_primary.py,canonical_nonoverlap_primary_20260830 / final_phase1_sensitivities,PASS
Results,configuration-level archive,Figure 1 / archived metrics,Bias,0.000071,repo/Data/Additional Sensitivity Analysis/Canonical Primary Nonoverlap 20260830/rolling_origin_metrics.csv,AOI=AOI-01; sensor=sentinel2; rolling_id=R2024-H2; target_year=2024,7.070506003870111e-05,counts: integer; manuscript headline RMSE/differences: 6 decimals; table values: source-derived fixed precision,Code/scripts/34_promote_nonoverlap_primary.py,canonical_nonoverlap_primary_20260830 / final_phase1_sensitivities,PASS
Results,configuration-level archive,Figure 1 / archived metrics,RMSE,0.001273,repo/Data/Additional Sensitivity Analysis/Canonical Primary Nonoverlap 20260830/rolling_origin_metrics.csv,AOI=AOI-01; sensor=sentinel2; rolling_id=R2024-H3; target_year=2024,0.0012728278746073,counts: integer; manuscript headline RMSE/differences: 6 decimals; table values: source-derived fixed precision,Code/scripts/34_promote_nonoverlap_primary.py,canonical_nonoverlap_primary_20260830 / final_phase1_sensitivities,PASS
Results,configuration-level archive,Figure 1 / archived metrics,MAE,0.000340,repo/Data/Additional Sensitivity Analysis/Canonical Primary Nonoverlap 20260830/rolling_origin_metrics.csv,AOI=AOI-01; sensor=sentinel2; rolling_id=R2024-H3; target_year=2024,0.0003401694653879,counts: integer; manuscript headline RMSE/differences: 6 decimals; table values: source-derived fixed precision,Code/scripts/34_promote_nonoverlap_primary.py,canonical_nonoverlap_primary_20260830 / final_phase1_sensitivities,PASS
Results,configuration-level archive,Figure 1 / archived metrics,Bias,0.000071,repo/Data/Additional Sensitivity Analysis/Canonical Primary Nonoverlap 20260830/rolling_origin_metrics.csv,AOI=AOI-01; sensor=sentinel2; rolling_id=R2024-H3; target_year=2024,7.14468621197947e-05,counts: integer; manuscript headline RMSE/differences: 6 decimals; table values: source-derived fixed precision,Code/scripts/34_promote_nonoverlap_primary.py,canonical_nonoverlap_primary_20260830 / final_phase1_sensitivities,PASS
Results,configuration-level archive,Figure 1 / archived metrics,RMSE,0.001409,repo/Data/Additional Sensitivity Analysis/Canonical Primary Nonoverlap 20260830/rolling_origin_metrics.csv,AOI=AOI-01; sensor=sentinel2; rolling_id=R2025-H1; target_year=2025,0.0014091877610971,counts: integer; manuscript headline RMSE/differences: 6 decimals; table values: source-derived fixed precision,Code/scripts/34_promote_nonoverlap_primary.py,canonical_nonoverlap_primary_20260830 / final_phase1_sensitivities,PASS
Results,configuration-level archive,Figure 1 / archived metrics,MAE,0.000331,repo/Data/Additional Sensitivity Analysis/Canonical Primary Nonoverlap 20260830/rolling_origin_metrics.csv,AOI=AOI-01; sensor=sentinel2; rolling_id=R2025-H1; target_year=2025,0.0003313765039227,counts: integer; manuscript headline RMSE/differences: 6 decimals; table values: source-derived fixed precision,Code/scripts/34_promote_nonoverlap_primary.py,canonical_nonoverlap_primary_20260830 / final_phase1_sensitivities,PASS
Results,configuration-level archive,Figure 1 / archived metrics,Bias,-0.000197,repo/Data/Additional Sensitivity Analysis/Canonical Primary Nonoverlap 20260830/rolling_origin_metrics.csv,AOI=AOI-01; sensor=sentinel2; rolling_id=R2025-H1; target_year=2025,-0.0001974692435317,counts: integer; manuscript headline RMSE/differences: 6 decimals; table values: source-derived fixed precision,Code/scripts/34_promote_nonoverlap_primary.py,canonical_nonoverlap_primary_20260830 / final_phase1_sensitivities,PASS
Results,configuration-level archive,Figure 1 / archived metrics,RMSE,0.001382,repo/Data/Additional Sensitivity Analysis/Canonical Primary Nonoverlap 20260830/rolling_origin_metrics.csv,AOI=AOI-01; sensor=sentinel2; rolling_id=R2025-H2; target_year=2025,0.0013822239014969,counts: integer; manuscript headline RMSE/differences: 6 decimals; table values: source-derived fixed precision,Code/scripts/34_promote_nonoverlap_primary.py,canonical_nonoverlap_primary_20260830 / final_phase1_sensitivities,PASS
Results,configuration-level archive,Figure 1 / archived metrics,MAE,0.000316,repo/Data/Additional Sensitivity Analysis/Canonical Primary Nonoverlap 20260830/rolling_origin_metrics.csv,AOI=AOI-01; sensor=sentinel2; rolling_id=R2025-H2; target_year=2025,0.0003160442621861,counts: integer; manuscript headline RMSE/differences: 6 decimals; table values: source-derived fixed precision,Code/scripts/34_promote_nonoverlap_primary.py,canonical_nonoverlap_primary_20260830 / final_phase1_sensitivities,PASS
Results,configuration-level archive,Figure 1 / archived metrics,Bias,-0.000208,repo/Data/Additional Sensitivity Analysis/Canonical Primary Nonoverlap 20260830/rolling_origin_metrics.csv,AOI=AOI-01; sensor=sentinel2; rolling_id=R2025-H2; target_year=2025,-0.0002079181406843,counts: integer; manuscript headline RMSE/differences: 6 decimals; table values: source-derived fixed precision,Code/scripts/34_promote_nonoverlap_primary.py,canonical_nonoverlap_primary_20260830 / final_phase1_sensitivities,PASS
Results,configuration-level archive,Figure 1 / archived metrics,RMSE,0.001365,repo/Data/Additional Sensitivity Analysis/Canonical Primary Nonoverlap 20260830/rolling_origin_metrics.csv,AOI=AOI-01; sensor=sentinel2; rolling_id=R2025-H3; target_year=2025,0.0013650495350562,counts: integer; manuscript headline RMSE/differences: 6 decimals; table values: source-derived fixed precision,Code/scripts/34_promote_nonoverlap_primary.py,canonical_nonoverlap_primary_20260830 / final_phase1_sensitivities,PASS
Results,configuration-level archive,Figure 1 / archived metrics,MAE,0.000310,repo/Data/Additional Sensitivity Analysis/Canonical Primary Nonoverlap 20260830/rolling_origin_metrics.csv,AOI=AOI-01; sensor=sentinel2; rolling_id=R2025-H3; target_year=2025,0.0003098211827688,counts: integer; manuscript headline RMSE/differences: 6 decimals; table values: source-derived fixed precision,Code/scripts/34_promote_nonoverlap_primary.py,canonical_nonoverlap_primary_20260830 / final_phase1_sensitivities,PASS
Results,configuration-level archive,Figure 1 / archived metrics,Bias,-0.000210,repo/Data/Additional Sensitivity Analysis/Canonical Primary Nonoverlap 20260830/rolling_origin_metrics.csv,AOI=AOI-01; sensor=sentinel2; rolling_id=R2025-H3; target_year=2025,-0.0002102339775963,counts: integer; manuscript headline RMSE/differences: 6 decimals; table values: source-derived fixed precision,Code/scripts/34_promote_nonoverlap_primary.py,canonical_nonoverlap_primary_20260830 / final_phase1_sensitivities,PASS
Results,configuration-level archive,Figure 1 / archived metrics,RMSE,0.059346,repo/Data/Additional Sensitivity Analysis/Canonical Primary Nonoverlap 20260830/rolling_origin_metrics.csv,AOI=AOI-02; sensor=landsat; rolling_id=R2024-H1; target_year=2024,0.0593462611788799,counts: integer; manuscript headline RMSE/differences: 6 decimals; table values: source-derived fixed precision,Code/scripts/34_promote_nonoverlap_primary.py,canonical_nonoverlap_primary_20260830 / final_phase1_sensitivities,PASS
Results,configuration-level archive,Figure 1 / archived metrics,MAE,0.045884,repo/Data/Additional Sensitivity Analysis/Canonical Primary Nonoverlap 20260830/rolling_origin_metrics.csv,AOI=AOI-02; sensor=landsat; rolling_id=R2024-H1; target_year=2024,0.0458840518762673,counts: integer; manuscript headline RMSE/differences: 6 decimals; table values: source-derived fixed precision,Code/scripts/34_promote_nonoverlap_primary.py,canonical_nonoverlap_primary_20260830 / final_phase1_sensitivities,PASS
Results,configuration-level archive,Figure 1 / archived metrics,Bias,-0.000201,repo/Data/Additional Sensitivity Analysis/Canonical Primary Nonoverlap 20260830/rolling_origin_metrics.csv,AOI=AOI-02; sensor=landsat; rolling_id=R2024-H1; target_year=2024,-0.0002007641515721,counts: integer; manuscript headline RMSE/differences: 6 decimals; table values: source-derived fixed precision,Code/scripts/34_promote_nonoverlap_primary.py,canonical_nonoverlap_primary_20260830 / final_phase1_sensitivities,PASS
Results,configuration-level archive,Figure 1 / archived metrics,RMSE,0.060651,repo/Data/Additional Sensitivity Analysis/Canonical Primary Nonoverlap 20260830/rolling_origin_metrics.csv,AOI=AOI-02; sensor=landsat; rolling_id=R2024-H2; target_year=2024,0.0606507706603559,counts: integer; manuscript headline RMSE/differences: 6 decimals; table values: source-derived fixed precision,Code/scripts/34_promote_nonoverlap_primary.py,canonical_nonoverlap_primary_20260830 / final_phase1_sensitivities,PASS
Results,configuration-level archive,Figure 1 / archived metrics,MAE,0.047276,repo/Data/Additional Sensitivity Analysis/Canonical Primary Nonoverlap 20260830/rolling_origin_metrics.csv,AOI=AOI-02; sensor=landsat; rolling_id=R2024-H2; target_year=2024,0.0472757154924788,counts: integer; manuscript headline RMSE/differences: 6 decimals; table values: source-derived fixed precision,Code/scripts/34_promote_nonoverlap_primary.py,canonical_nonoverlap_primary_20260830 / final_phase1_sensitivities,PASS
Results,configuration-level archive,Figure 1 / archived metrics,Bias,-0.009156,repo/Data/Additional Sensitivity Analysis/Canonical Primary Nonoverlap 20260830/rolling_origin_metrics.csv,AOI=AOI-02; sensor=landsat; rolling_id=R2024-H2; target_year=2024,-0.0091556011408714,counts: integer; manuscript headline RMSE/differences: 6 decimals; table values: source-derived fixed precision,Code/scripts/34_promote_nonoverlap_primary.py,canonical_nonoverlap_primary_20260830 / final_phase1_sensitivities,PASS
Results,configuration-level archive,Figure 1 / archived metrics,RMSE,0.059584,repo/Data/Additional Sensitivity Analysis/Canonical Primary Nonoverlap 20260830/rolling_origin_metrics.csv,AOI=AOI-02; sensor=landsat; rolling_id=R2024-H3; target_year=2024,0.0595840265830233,counts: integer; manuscript headline RMSE/differences: 6 decimals; table values: source-derived fixed precision,Code/scripts/34_promote_nonoverlap_primary.py,canonical_nonoverlap_primary_20260830 / final_phase1_sensitivities,PASS
Results,configuration-level archive,Figure 1 / archived metrics,MAE,0.046105,repo/Data/Additional Sensitivity Analysis/Canonical Primary Nonoverlap 20260830/rolling_origin_metrics.csv,AOI=AOI-02; sensor=landsat; rolling_id=R2024-H3; target_year=2024,0.0461049407623678,counts: integer; manuscript headline RMSE/differences: 6 decimals; table values: source-derived fixed precision,Code/scripts/34_promote_nonoverlap_primary.py,canonical_nonoverlap_primary_20260830 / final_phase1_sensitivities,PASS
Results,configuration-level archive,Figure 1 / archived metrics,Bias,-0.004633,repo/Data/Additional Sensitivity Analysis/Canonical Primary Nonoverlap 20260830/rolling_origin_metrics.csv,AOI=AOI-02; sensor=landsat; rolling_id=R2024-H3; target_year=2024,-0.0046331504153905,counts: integer; manuscript headline RMSE/differences: 6 decimals; table values: source-derived fixed precision,Code/scripts/34_promote_nonoverlap_primary.py,canonical_nonoverlap_primary_20260830 / final_phase1_sensitivities,PASS
Results,configuration-level archive,Figure 1 / archived metrics,RMSE,0.060363,repo/Data/Additional Sensitivity Analysis/Canonical Primary Nonoverlap 20260830/rolling_origin_metrics.csv,AOI=AOI-02; sensor=landsat; rolling_id=R2025-H1; target_year=2025,0.0603633392006119,counts: integer; manuscript headline RMSE/differences: 6 decimals; table values: source-derived fixed precision,Code/scripts/34_promote_nonoverlap_primary.py,canonical_nonoverlap_primary_20260830 / final_phase1_sensitivities,PASS
Results,configuration-level archive,Figure 1 / archived metrics,MAE,0.046436,repo/Data/Additional Sensitivity Analysis/Canonical Primary Nonoverlap 20260830/rolling_origin_metrics.csv,AOI=AOI-02; sensor=landsat; rolling_id=R2025-H1; target_year=2025,0.0464362886847532,counts: integer; manuscript headline RMSE/differences: 6 decimals; table values: source-derived fixed precision,Code/scripts/34_promote_nonoverlap_primary.py,canonical_nonoverlap_primary_20260830 / final_phase1_sensitivities,PASS
Results,configuration-level archive,Figure 1 / archived metrics,Bias,0.018517,repo/Data/Additional Sensitivity Analysis/Canonical Primary Nonoverlap 20260830/rolling_origin_metrics.csv,AOI=AOI-02; sensor=landsat; rolling_id=R2025-H1; target_year=2025,0.0185172141314255,counts: integer; manuscript headline RMSE/differences: 6 decimals; table values: source-derived fixed precision,Code/scripts/34_promote_nonoverlap_primary.py,canonical_nonoverlap_primary_20260830 / final_phase1_sensitivities,PASS
Results,configuration-level archive,Figure 1 / archived metrics,RMSE,0.062291,repo/Data/Additional Sensitivity Analysis/Canonical Primary Nonoverlap 20260830/rolling_origin_metrics.csv,AOI=AOI-02; sensor=landsat; rolling_id=R2025-H2; target_year=2025,0.0622913612206142,counts: integer; manuscript headline RMSE/differences: 6 decimals; table values: source-derived fixed precision,Code/scripts/34_promote_nonoverlap_primary.py,canonical_nonoverlap_primary_20260830 / final_phase1_sensitivities,PASS
Results,configuration-level archive,Figure 1 / archived metrics,MAE,0.048331,repo/Data/Additional Sensitivity Analysis/Canonical Primary Nonoverlap 20260830/rolling_origin_metrics.csv,AOI=AOI-02; sensor=landsat; rolling_id=R2025-H2; target_year=2025,0.048331183741156,counts: integer; manuscript headline RMSE/differences: 6 decimals; table values: source-derived fixed precision,Code/scripts/34_promote_nonoverlap_primary.py,canonical_nonoverlap_primary_20260830 / final_phase1_sensitivities,PASS
Results,configuration-level archive,Figure 1 / archived metrics,Bias,0.024997,repo/Data/Additional Sensitivity Analysis/Canonical Primary Nonoverlap 20260830/rolling_origin_metrics.csv,AOI=AOI-02; sensor=landsat; rolling_id=R2025-H2; target_year=2025,0.0249972076531057,counts: integer; manuscript headline RMSE/differences: 6 decimals; table values: source-derived fixed precision,Code/scripts/34_promote_nonoverlap_primary.py,canonical_nonoverlap_primary_20260830 / final_phase1_sensitivities,PASS
Results,configuration-level archive,Figure 1 / archived metrics,RMSE,0.058589,repo/Data/Additional Sensitivity Analysis/Canonical Primary Nonoverlap 20260830/rolling_origin_metrics.csv,AOI=AOI-02; sensor=landsat; rolling_id=R2025-H3; target_year=2025,0.0585893432074184,counts: integer; manuscript headline RMSE/differences: 6 decimals; table values: source-derived fixed precision,Code/scripts/34_promote_nonoverlap_primary.py,canonical_nonoverlap_primary_20260830 / final_phase1_sensitivities,PASS
Results,configuration-level archive,Figure 1 / archived metrics,MAE,0.045287,repo/Data/Additional Sensitivity Analysis/Canonical Primary Nonoverlap 20260830/rolling_origin_metrics.csv,AOI=AOI-02; sensor=landsat; rolling_id=R2025-H3; target_year=2025,0.0452870003451738,counts: integer; manuscript headline RMSE/differences: 6 decimals; table values: source-derived fixed precision,Code/scripts/34_promote_nonoverlap_primary.py,canonical_nonoverlap_primary_20260830 / final_phase1_sensitivities,PASS
Results,configuration-level archive,Figure 1 / archived metrics,Bias,0.013381,repo/Data/Additional Sensitivity Analysis/Canonical Primary Nonoverlap 20260830/rolling_origin_metrics.csv,AOI=AOI-02; sensor=landsat; rolling_id=R2025-H3; target_year=2025,0.0133811559851205,counts: integer; manuscript headline RMSE/differences: 6 decimals; table values: source-derived fixed precision,Code/scripts/34_promote_nonoverlap_primary.py,canonical_nonoverlap_primary_20260830 / final_phase1_sensitivities,PASS
Results,configuration-level archive,Figure 1 / archived metrics,RMSE,0.059995,repo/Data/Additional Sensitivity Analysis/Canonical Primary Nonoverlap 20260830/rolling_origin_metrics.csv,AOI=AOI-02; sensor=modis; rolling_id=R2024-H1; target_year=2024,0.0599952240551655,counts: integer; manuscript headline RMSE/differences: 6 decimals; table values: source-derived fixed precision,Code/scripts/34_promote_nonoverlap_primary.py,canonical_nonoverlap_primary_20260830 / final_phase1_sensitivities,PASS
Results,configuration-level archive,Figure 1 / archived metrics,MAE,0.049780,repo/Data/Additional Sensitivity Analysis/Canonical Primary Nonoverlap 20260830/rolling_origin_metrics.csv,AOI=AOI-02; sensor=modis; rolling_id=R2024-H1; target_year=2024,0.049779624663225,counts: integer; manuscript headline RMSE/differences: 6 decimals; table values: source-derived fixed precision,Code/scripts/34_promote_nonoverlap_primary.py,canonical_nonoverlap_primary_20260830 / final_phase1_sensitivities,PASS
Results,configuration-level archive,Figure 1 / archived metrics,Bias,-0.040667,repo/Data/Additional Sensitivity Analysis/Canonical Primary Nonoverlap 20260830/rolling_origin_metrics.csv,AOI=AOI-02; sensor=modis; rolling_id=R2024-H1; target_year=2024,-0.040667299732298,counts: integer; manuscript headline RMSE/differences: 6 decimals; table values: source-derived fixed precision,Code/scripts/34_promote_nonoverlap_primary.py,canonical_nonoverlap_primary_20260830 / final_phase1_sensitivities,PASS
Results,configuration-level archive,Figure 1 / archived metrics,RMSE,0.049225,repo/Data/Additional Sensitivity Analysis/Canonical Primary Nonoverlap 20260830/rolling_origin_metrics.csv,AOI=AOI-02; sensor=modis; rolling_id=R2024-H2; target_year=2024,0.0492250227463887,counts: integer; manuscript headline RMSE/differences: 6 decimals; table values: source-derived fixed precision,Code/scripts/34_promote_nonoverlap_primary.py,canonical_nonoverlap_primary_20260830 / final_phase1_sensitivities,PASS
Results,configuration-level archive,Figure 1 / archived metrics,MAE,0.039426,repo/Data/Additional Sensitivity Analysis/Canonical Primary Nonoverlap 20260830/rolling_origin_metrics.csv,AOI=AOI-02; sensor=modis; rolling_id=R2024-H2; target_year=2024,0.0394257274447905,counts: integer; manuscript headline RMSE/differences: 6 decimals; table values: source-derived fixed precision,Code/scripts/34_promote_nonoverlap_primary.py,canonical_nonoverlap_primary_20260830 / final_phase1_sensitivities,PASS
Results,configuration-level archive,Figure 1 / archived metrics,Bias,-0.018192,repo/Data/Additional Sensitivity Analysis/Canonical Primary Nonoverlap 20260830/rolling_origin_metrics.csv,AOI=AOI-02; sensor=modis; rolling_id=R2024-H2; target_year=2024,-0.018191933351073,counts: integer; manuscript headline RMSE/differences: 6 decimals; table values: source-derived fixed precision,Code/scripts/34_promote_nonoverlap_primary.py,canonical_nonoverlap_primary_20260830 / final_phase1_sensitivities,PASS
Results,configuration-level archive,Figure 1 / archived metrics,RMSE,0.048482,repo/Data/Additional Sensitivity Analysis/Canonical Primary Nonoverlap 20260830/rolling_origin_metrics.csv,AOI=AOI-02; sensor=modis; rolling_id=R2024-H3; target_year=2024,0.0484820464122728,counts: integer; manuscript headline RMSE/differences: 6 decimals; table values: source-derived fixed precision,Code/scripts/34_promote_nonoverlap_primary.py,canonical_nonoverlap_primary_20260830 / final_phase1_sensitivities,PASS
Results,configuration-level archive,Figure 1 / archived metrics,MAE,0.038726,repo/Data/Additional Sensitivity Analysis/Canonical Primary Nonoverlap 20260830/rolling_origin_metrics.csv,AOI=AOI-02; sensor=modis; rolling_id=R2024-H3; target_year=2024,0.0387256551836902,counts: integer; manuscript headline RMSE/differences: 6 decimals; table values: source-derived fixed precision,Code/scripts/34_promote_nonoverlap_primary.py,canonical_nonoverlap_primary_20260830 / final_phase1_sensitivities,PASS
Results,configuration-level archive,Figure 1 / archived metrics,Bias,-0.015799,repo/Data/Additional Sensitivity Analysis/Canonical Primary Nonoverlap 20260830/rolling_origin_metrics.csv,AOI=AOI-02; sensor=modis; rolling_id=R2024-H3; target_year=2024,-0.0157994854208896,counts: integer; manuscript headline RMSE/differences: 6 decimals; table values: source-derived fixed precision,Code/scripts/34_promote_nonoverlap_primary.py,canonical_nonoverlap_primary_20260830 / final_phase1_sensitivities,PASS
Results,configuration-level archive,Figure 1 / archived metrics,RMSE,0.064538,repo/Data/Additional Sensitivity Analysis/Canonical Primary Nonoverlap 20260830/rolling_origin_metrics.csv,AOI=AOI-02; sensor=modis; rolling_id=R2025-H1; target_year=2025,0.0645379145692177,counts: integer; manuscript headline RMSE/differences: 6 decimals; table values: source-derived fixed precision,Code/scripts/34_promote_nonoverlap_primary.py,canonical_nonoverlap_primary_20260830 / final_phase1_sensitivities,PASS
Results,configuration-level archive,Figure 1 / archived metrics,MAE,0.049177,repo/Data/Additional Sensitivity Analysis/Canonical Primary Nonoverlap 20260830/rolling_origin_metrics.csv,AOI=AOI-02; sensor=modis; rolling_id=R2025-H1; target_year=2025,0.0491772304027757,counts: integer; manuscript headline RMSE/differences: 6 decimals; table values: source-derived fixed precision,Code/scripts/34_promote_nonoverlap_primary.py,canonical_nonoverlap_primary_20260830 / final_phase1_sensitivities,PASS
Results,configuration-level archive,Figure 1 / archived metrics,Bias,0.031245,repo/Data/Additional Sensitivity Analysis/Canonical Primary Nonoverlap 20260830/rolling_origin_metrics.csv,AOI=AOI-02; sensor=modis; rolling_id=R2025-H1; target_year=2025,0.031245428378228,counts: integer; manuscript headline RMSE/differences: 6 decimals; table values: source-derived fixed precision,Code/scripts/34_promote_nonoverlap_primary.py,canonical_nonoverlap_primary_20260830 / final_phase1_sensitivities,PASS
Results,configuration-level archive,Figure 1 / archived metrics,RMSE,0.060802,repo/Data/Additional Sensitivity Analysis/Canonical Primary Nonoverlap 20260830/rolling_origin_metrics.csv,AOI=AOI-02; sensor=modis; rolling_id=R2025-H2; target_year=2025,0.0608018750003585,counts: integer; manuscript headline RMSE/differences: 6 decimals; table values: source-derived fixed precision,Code/scripts/34_promote_nonoverlap_primary.py,canonical_nonoverlap_primary_20260830 / final_phase1_sensitivities,PASS
Results,configuration-level archive,Figure 1 / archived metrics,MAE,0.045793,repo/Data/Additional Sensitivity Analysis/Canonical Primary Nonoverlap 20260830/rolling_origin_metrics.csv,AOI=AOI-02; sensor=modis; rolling_id=R2025-H2; target_year=2025,0.0457933684566834,counts: integer; manuscript headline RMSE/differences: 6 decimals; table values: source-derived fixed precision,Code/scripts/34_promote_nonoverlap_primary.py,canonical_nonoverlap_primary_20260830 / final_phase1_sensitivities,PASS
Results,configuration-level archive,Figure 1 / archived metrics,Bias,0.023226,repo/Data/Additional Sensitivity Analysis/Canonical Primary Nonoverlap 20260830/rolling_origin_metrics.csv,AOI=AOI-02; sensor=modis; rolling_id=R2025-H2; target_year=2025,0.0232255808831164,counts: integer; manuscript headline RMSE/differences: 6 decimals; table values: source-derived fixed precision,Code/scripts/34_promote_nonoverlap_primary.py,canonical_nonoverlap_primary_20260830 / final_phase1_sensitivities,PASS
Results,configuration-level archive,Figure 1 / archived metrics,RMSE,0.059439,repo/Data/Additional Sensitivity Analysis/Canonical Primary Nonoverlap 20260830/rolling_origin_metrics.csv,AOI=AOI-02; sensor=modis; rolling_id=R2025-H3; target_year=2025,0.0594389686902229,counts: integer; manuscript headline RMSE/differences: 6 decimals; table values: source-derived fixed precision,Code/scripts/34_promote_nonoverlap_primary.py,canonical_nonoverlap_primary_20260830 / final_phase1_sensitivities,PASS
Results,configuration-level archive,Figure 1 / archived metrics,MAE,0.044783,repo/Data/Additional Sensitivity Analysis/Canonical Primary Nonoverlap 20260830/rolling_origin_metrics.csv,AOI=AOI-02; sensor=modis; rolling_id=R2025-H3; target_year=2025,0.0447826327526072,counts: integer; manuscript headline RMSE/differences: 6 decimals; table values: source-derived fixed precision,Code/scripts/34_promote_nonoverlap_primary.py,canonical_nonoverlap_primary_20260830 / final_phase1_sensitivities,PASS
Results,configuration-level archive,Figure 1 / archived metrics,Bias,0.020337,repo/Data/Additional Sensitivity Analysis/Canonical Primary Nonoverlap 20260830/rolling_origin_metrics.csv,AOI=AOI-02; sensor=modis; rolling_id=R2025-H3; target_year=2025,0.0203373600093379,counts: integer; manuscript headline RMSE/differences: 6 decimals; table values: source-derived fixed precision,Code/scripts/34_promote_nonoverlap_primary.py,canonical_nonoverlap_primary_20260830 / final_phase1_sensitivities,PASS
Results,configuration-level archive,Figure 1 / archived metrics,RMSE,0.068737,repo/Data/Additional Sensitivity Analysis/Canonical Primary Nonoverlap 20260830/rolling_origin_metrics.csv,AOI=AOI-02; sensor=sentinel2; rolling_id=R2024-H1; target_year=2024,0.0687365625368537,counts: integer; manuscript headline RMSE/differences: 6 decimals; table values: source-derived fixed precision,Code/scripts/34_promote_nonoverlap_primary.py,canonical_nonoverlap_primary_20260830 / final_phase1_sensitivities,PASS
Results,configuration-level archive,Figure 1 / archived metrics,MAE,0.054044,repo/Data/Additional Sensitivity Analysis/Canonical Primary Nonoverlap 20260830/rolling_origin_metrics.csv,AOI=AOI-02; sensor=sentinel2; rolling_id=R2024-H1; target_year=2024,0.054043848053285,counts: integer; manuscript headline RMSE/differences: 6 decimals; table values: source-derived fixed precision,Code/scripts/34_promote_nonoverlap_primary.py,canonical_nonoverlap_primary_20260830 / final_phase1_sensitivities,PASS
Results,configuration-level archive,Figure 1 / archived metrics,Bias,-0.027985,repo/Data/Additional Sensitivity Analysis/Canonical Primary Nonoverlap 20260830/rolling_origin_metrics.csv,AOI=AOI-02; sensor=sentinel2; rolling_id=R2024-H1; target_year=2024,-0.0279847444720948,counts: integer; manuscript headline RMSE/differences: 6 decimals; table values: source-derived fixed precision,Code/scripts/34_promote_nonoverlap_primary.py,canonical_nonoverlap_primary_20260830 / final_phase1_sensitivities,PASS
Results,configuration-level archive,Figure 1 / archived metrics,RMSE,0.069697,repo/Data/Additional Sensitivity Analysis/Canonical Primary Nonoverlap 20260830/rolling_origin_metrics.csv,AOI=AOI-02; sensor=sentinel2; rolling_id=R2024-H2; target_year=2024,0.0696974260117873,counts: integer; manuscript headline RMSE/differences: 6 decimals; table values: source-derived fixed precision,Code/scripts/34_promote_nonoverlap_primary.py,canonical_nonoverlap_primary_20260830 / final_phase1_sensitivities,PASS
Results,configuration-level archive,Figure 1 / archived metrics,MAE,0.054943,repo/Data/Additional Sensitivity Analysis/Canonical Primary Nonoverlap 20260830/rolling_origin_metrics.csv,AOI=AOI-02; sensor=sentinel2; rolling_id=R2024-H2; target_year=2024,0.0549433583684758,counts: integer; manuscript headline RMSE/differences: 6 decimals; table values: source-derived fixed precision,Code/scripts/34_promote_nonoverlap_primary.py,canonical_nonoverlap_primary_20260830 / final_phase1_sensitivities,PASS
Results,configuration-level archive,Figure 1 / archived metrics,Bias,-0.030379,repo/Data/Additional Sensitivity Analysis/Canonical Primary Nonoverlap 20260830/rolling_origin_metrics.csv,AOI=AOI-02; sensor=sentinel2; rolling_id=R2024-H2; target_year=2024,-0.0303790165048944,counts: integer; manuscript headline RMSE/differences: 6 decimals; table values: source-derived fixed precision,Code/scripts/34_promote_nonoverlap_primary.py,canonical_nonoverlap_primary_20260830 / final_phase1_sensitivities,PASS
Results,configuration-level archive,Figure 1 / archived metrics,RMSE,0.064388,repo/Data/Additional Sensitivity Analysis/Canonical Primary Nonoverlap 20260830/rolling_origin_metrics.csv,AOI=AOI-02; sensor=sentinel2; rolling_id=R2024-H3; target_year=2024,0.0643876418066712,counts: integer; manuscript headline RMSE/differences: 6 decimals; table values: source-derived fixed precision,Code/scripts/34_promote_nonoverlap_primary.py,canonical_nonoverlap_primary_20260830 / final_phase1_sensitivities,PASS
Results,configuration-level archive,Figure 1 / archived metrics,MAE,0.050355,repo/Data/Additional Sensitivity Analysis/Canonical Primary Nonoverlap 20260830/rolling_origin_metrics.csv,AOI=AOI-02; sensor=sentinel2; rolling_id=R2024-H3; target_year=2024,0.0503545019704249,counts: integer; manuscript headline RMSE/differences: 6 decimals; table values: source-derived fixed precision,Code/scripts/34_promote_nonoverlap_primary.py,canonical_nonoverlap_primary_20260830 / final_phase1_sensitivities,PASS
Results,configuration-level archive,Figure 1 / archived metrics,Bias,-0.013392,repo/Data/Additional Sensitivity Analysis/Canonical Primary Nonoverlap 20260830/rolling_origin_metrics.csv,AOI=AOI-02; sensor=sentinel2; rolling_id=R2024-H3; target_year=2024,-0.0133915145484808,counts: integer; manuscript headline RMSE/differences: 6 decimals; table values: source-derived fixed precision,Code/scripts/34_promote_nonoverlap_primary.py,canonical_nonoverlap_primary_20260830 / final_phase1_sensitivities,PASS
Results,configuration-level archive,Figure 1 / archived metrics,RMSE,0.062164,repo/Data/Additional Sensitivity Analysis/Canonical Primary Nonoverlap 20260830/rolling_origin_metrics.csv,AOI=AOI-02; sensor=sentinel2; rolling_id=R2025-H1; target_year=2025,0.0621643086972976,counts: integer; manuscript headline RMSE/differences: 6 decimals; table values: source-derived fixed precision,Code/scripts/34_promote_nonoverlap_primary.py,canonical_nonoverlap_primary_20260830 / final_phase1_sensitivities,PASS
Results,configuration-level archive,Figure 1 / archived metrics,MAE,0.048124,repo/Data/Additional Sensitivity Analysis/Canonical Primary Nonoverlap 20260830/rolling_origin_metrics.csv,AOI=AOI-02; sensor=sentinel2; rolling_id=R2025-H1; target_year=2025,0.0481235771712585,counts: integer; manuscript headline RMSE/differences: 6 decimals; table values: source-derived fixed precision,Code/scripts/34_promote_nonoverlap_primary.py,canonical_nonoverlap_primary_20260830 / final_phase1_sensitivities,PASS
Results,configuration-level archive,Figure 1 / archived metrics,Bias,0.017222,repo/Data/Additional Sensitivity Analysis/Canonical Primary Nonoverlap 20260830/rolling_origin_metrics.csv,AOI=AOI-02; sensor=sentinel2; rolling_id=R2025-H1; target_year=2025,0.0172218523825001,counts: integer; manuscript headline RMSE/differences: 6 decimals; table values: source-derived fixed precision,Code/scripts/34_promote_nonoverlap_primary.py,canonical_nonoverlap_primary_20260830 / final_phase1_sensitivities,PASS
Results,configuration-level archive,Figure 1 / archived metrics,RMSE,0.060465,repo/Data/Additional Sensitivity Analysis/Canonical Primary Nonoverlap 20260830/rolling_origin_metrics.csv,AOI=AOI-02; sensor=sentinel2; rolling_id=R2025-H2; target_year=2025,0.0604646146401997,counts: integer; manuscript headline RMSE/differences: 6 decimals; table values: source-derived fixed precision,Code/scripts/34_promote_nonoverlap_primary.py,canonical_nonoverlap_primary_20260830 / final_phase1_sensitivities,PASS
Results,configuration-level archive,Figure 1 / archived metrics,MAE,0.046557,repo/Data/Additional Sensitivity Analysis/Canonical Primary Nonoverlap 20260830/rolling_origin_metrics.csv,AOI=AOI-02; sensor=sentinel2; rolling_id=R2025-H2; target_year=2025,0.0465565864480172,counts: integer; manuscript headline RMSE/differences: 6 decimals; table values: source-derived fixed precision,Code/scripts/34_promote_nonoverlap_primary.py,canonical_nonoverlap_primary_20260830 / final_phase1_sensitivities,PASS
Results,configuration-level archive,Figure 1 / archived metrics,Bias,0.009812,repo/Data/Additional Sensitivity Analysis/Canonical Primary Nonoverlap 20260830/rolling_origin_metrics.csv,AOI=AOI-02; sensor=sentinel2; rolling_id=R2025-H2; target_year=2025,0.0098124158794889,counts: integer; manuscript headline RMSE/differences: 6 decimals; table values: source-derived fixed precision,Code/scripts/34_promote_nonoverlap_primary.py,canonical_nonoverlap_primary_20260830 / final_phase1_sensitivities,PASS
Results,configuration-level archive,Figure 1 / archived metrics,RMSE,0.059645,repo/Data/Additional Sensitivity Analysis/Canonical Primary Nonoverlap 20260830/rolling_origin_metrics.csv,AOI=AOI-02; sensor=sentinel2; rolling_id=R2025-H3; target_year=2025,0.0596448274340375,counts: integer; manuscript headline RMSE/differences: 6 decimals; table values: source-derived fixed precision,Code/scripts/34_promote_nonoverlap_primary.py,canonical_nonoverlap_primary_20260830 / final_phase1_sensitivities,PASS
Results,configuration-level archive,Figure 1 / archived metrics,MAE,0.045685,repo/Data/Additional Sensitivity Analysis/Canonical Primary Nonoverlap 20260830/rolling_origin_metrics.csv,AOI=AOI-02; sensor=sentinel2; rolling_id=R2025-H3; target_year=2025,0.0456849593104843,counts: integer; manuscript headline RMSE/differences: 6 decimals; table values: source-derived fixed precision,Code/scripts/34_promote_nonoverlap_primary.py,canonical_nonoverlap_primary_20260830 / final_phase1_sensitivities,PASS
Results,configuration-level archive,Figure 1 / archived metrics,Bias,-0.000173,repo/Data/Additional Sensitivity Analysis/Canonical Primary Nonoverlap 20260830/rolling_origin_metrics.csv,AOI=AOI-02; sensor=sentinel2; rolling_id=R2025-H3; target_year=2025,-0.0001728020156,counts: integer; manuscript headline RMSE/differences: 6 decimals; table values: source-derived fixed precision,Code/scripts/34_promote_nonoverlap_primary.py,canonical_nonoverlap_primary_20260830 / final_phase1_sensitivities,PASS
Results,configuration-level archive,Figure 1 / archived metrics,RMSE,0.035675,repo/Data/Additional Sensitivity Analysis/Canonical Primary Nonoverlap 20260830/rolling_origin_metrics.csv,AOI=AOI-03; sensor=landsat; rolling_id=R2024-H1; target_year=2024,0.035675246404977,counts: integer; manuscript headline RMSE/differences: 6 decimals; table values: source-derived fixed precision,Code/scripts/34_promote_nonoverlap_primary.py,canonical_nonoverlap_primary_20260830 / final_phase1_sensitivities,PASS
Results,configuration-level archive,Figure 1 / archived metrics,MAE,0.027406,repo/Data/Additional Sensitivity Analysis/Canonical Primary Nonoverlap 20260830/rolling_origin_metrics.csv,AOI=AOI-03; sensor=landsat; rolling_id=R2024-H1; target_year=2024,0.0274063790917321,counts: integer; manuscript headline RMSE/differences: 6 decimals; table values: source-derived fixed precision,Code/scripts/34_promote_nonoverlap_primary.py,canonical_nonoverlap_primary_20260830 / final_phase1_sensitivities,PASS
Results,configuration-level archive,Figure 1 / archived metrics,Bias,0.014395,repo/Data/Additional Sensitivity Analysis/Canonical Primary Nonoverlap 20260830/rolling_origin_metrics.csv,AOI=AOI-03; sensor=landsat; rolling_id=R2024-H1; target_year=2024,0.0143951655094644,counts: integer; manuscript headline RMSE/differences: 6 decimals; table values: source-derived fixed precision,Code/scripts/34_promote_nonoverlap_primary.py,canonical_nonoverlap_primary_20260830 / final_phase1_sensitivities,PASS
Results,configuration-level archive,Figure 1 / archived metrics,RMSE,0.032511,repo/Data/Additional Sensitivity Analysis/Canonical Primary Nonoverlap 20260830/rolling_origin_metrics.csv,AOI=AOI-03; sensor=landsat; rolling_id=R2024-H2; target_year=2024,0.0325111692536066,counts: integer; manuscript headline RMSE/differences: 6 decimals; table values: source-derived fixed precision,Code/scripts/34_promote_nonoverlap_primary.py,canonical_nonoverlap_primary_20260830 / final_phase1_sensitivities,PASS
Results,configuration-level archive,Figure 1 / archived metrics,MAE,0.023270,repo/Data/Additional Sensitivity Analysis/Canonical Primary Nonoverlap 20260830/rolling_origin_metrics.csv,AOI=AOI-03; sensor=landsat; rolling_id=R2024-H2; target_year=2024,0.0232703194143969,counts: integer; manuscript headline RMSE/differences: 6 decimals; table values: source-derived fixed precision,Code/scripts/34_promote_nonoverlap_primary.py,canonical_nonoverlap_primary_20260830 / final_phase1_sensitivities,PASS
Results,configuration-level archive,Figure 1 / archived metrics,Bias,0.004632,repo/Data/Additional Sensitivity Analysis/Canonical Primary Nonoverlap 20260830/rolling_origin_metrics.csv,AOI=AOI-03; sensor=landsat; rolling_id=R2024-H2; target_year=2024,0.0046320504851668,counts: integer; manuscript headline RMSE/differences: 6 decimals; table values: source-derived fixed precision,Code/scripts/34_promote_nonoverlap_primary.py,canonical_nonoverlap_primary_20260830 / final_phase1_sensitivities,PASS
Results,configuration-level archive,Figure 1 / archived metrics,RMSE,0.032214,repo/Data/Additional Sensitivity Analysis/Canonical Primary Nonoverlap 20260830/rolling_origin_metrics.csv,AOI=AOI-03; sensor=landsat; rolling_id=R2024-H3; target_year=2024,0.0322136907409183,counts: integer; manuscript headline RMSE/differences: 6 decimals; table values: source-derived fixed precision,Code/scripts/34_promote_nonoverlap_primary.py,canonical_nonoverlap_primary_20260830 / final_phase1_sensitivities,PASS
Results,configuration-level archive,Figure 1 / archived metrics,MAE,0.022718,repo/Data/Additional Sensitivity Analysis/Canonical Primary Nonoverlap 20260830/rolling_origin_metrics.csv,AOI=AOI-03; sensor=landsat; rolling_id=R2024-H3; target_year=2024,0.0227181787508962,counts: integer; manuscript headline RMSE/differences: 6 decimals; table values: source-derived fixed precision,Code/scripts/34_promote_nonoverlap_primary.py,canonical_nonoverlap_primary_20260830 / final_phase1_sensitivities,PASS
Results,configuration-level archive,Figure 1 / archived metrics,Bias,0.002601,repo/Data/Additional Sensitivity Analysis/Canonical Primary Nonoverlap 20260830/rolling_origin_metrics.csv,AOI=AOI-03; sensor=landsat; rolling_id=R2024-H3; target_year=2024,0.0026011256560848,counts: integer; manuscript headline RMSE/differences: 6 decimals; table values: source-derived fixed precision,Code/scripts/34_promote_nonoverlap_primary.py,canonical_nonoverlap_primary_20260830 / final_phase1_sensitivities,PASS
Results,configuration-level archive,Figure 1 / archived metrics,RMSE,0.037833,repo/Data/Additional Sensitivity Analysis/Canonical Primary Nonoverlap 20260830/rolling_origin_metrics.csv,AOI=AOI-03; sensor=landsat; rolling_id=R2025-H1; target_year=2025,0.0378331345629376,counts: integer; manuscript headline RMSE/differences: 6 decimals; table values: source-derived fixed precision,Code/scripts/34_promote_nonoverlap_primary.py,canonical_nonoverlap_primary_20260830 / final_phase1_sensitivities,PASS
Results,configuration-level archive,Figure 1 / archived metrics,MAE,0.029276,repo/Data/Additional Sensitivity Analysis/Canonical Primary Nonoverlap 20260830/rolling_origin_metrics.csv,AOI=AOI-03; sensor=landsat; rolling_id=R2025-H1; target_year=2025,0.0292759047753244,counts: integer; manuscript headline RMSE/differences: 6 decimals; table values: source-derived fixed precision,Code/scripts/34_promote_nonoverlap_primary.py,canonical_nonoverlap_primary_20260830 / final_phase1_sensitivities,PASS
Results,configuration-level archive,Figure 1 / archived metrics,Bias,0.011606,repo/Data/Additional Sensitivity Analysis/Canonical Primary Nonoverlap 20260830/rolling_origin_metrics.csv,AOI=AOI-03; sensor=landsat; rolling_id=R2025-H1; target_year=2025,0.0116057585030791,counts: integer; manuscript headline RMSE/differences: 6 decimals; table values: source-derived fixed precision,Code/scripts/34_promote_nonoverlap_primary.py,canonical_nonoverlap_primary_20260830 / final_phase1_sensitivities,PASS
Results,configuration-level archive,Figure 1 / archived metrics,RMSE,0.040361,repo/Data/Additional Sensitivity Analysis/Canonical Primary Nonoverlap 20260830/rolling_origin_metrics.csv,AOI=AOI-03; sensor=landsat; rolling_id=R2025-H2; target_year=2025,0.0403608217572506,counts: integer; manuscript headline RMSE/differences: 6 decimals; table values: source-derived fixed precision,Code/scripts/34_promote_nonoverlap_primary.py,canonical_nonoverlap_primary_20260830 / final_phase1_sensitivities,PASS
Results,configuration-level archive,Figure 1 / archived metrics,MAE,0.032028,repo/Data/Additional Sensitivity Analysis/Canonical Primary Nonoverlap 20260830/rolling_origin_metrics.csv,AOI=AOI-03; sensor=landsat; rolling_id=R2025-H2; target_year=2025,0.0320276333655505,counts: integer; manuscript headline RMSE/differences: 6 decimals; table values: source-derived fixed precision,Code/scripts/34_promote_nonoverlap_primary.py,canonical_nonoverlap_primary_20260830 / final_phase1_sensitivities,PASS
Results,configuration-level archive,Figure 1 / archived metrics,Bias,0.017862,repo/Data/Additional Sensitivity Analysis/Canonical Primary Nonoverlap 20260830/rolling_origin_metrics.csv,AOI=AOI-03; sensor=landsat; rolling_id=R2025-H2; target_year=2025,0.0178619254259415,counts: integer; manuscript headline RMSE/differences: 6 decimals; table values: source-derived fixed precision,Code/scripts/34_promote_nonoverlap_primary.py,canonical_nonoverlap_primary_20260830 / final_phase1_sensitivities,PASS
Results,configuration-level archive,Figure 1 / archived metrics,RMSE,0.038855,repo/Data/Additional Sensitivity Analysis/Canonical Primary Nonoverlap 20260830/rolling_origin_metrics.csv,AOI=AOI-03; sensor=landsat; rolling_id=R2025-H3; target_year=2025,0.0388553593735334,counts: integer; manuscript headline RMSE/differences: 6 decimals; table values: source-derived fixed precision,Code/scripts/34_promote_nonoverlap_primary.py,canonical_nonoverlap_primary_20260830 / final_phase1_sensitivities,PASS
Results,configuration-level archive,Figure 1 / archived metrics,MAE,0.030318,repo/Data/Additional Sensitivity Analysis/Canonical Primary Nonoverlap 20260830/rolling_origin_metrics.csv,AOI=AOI-03; sensor=landsat; rolling_id=R2025-H3; target_year=2025,0.0303184931299491,counts: integer; manuscript headline RMSE/differences: 6 decimals; table values: source-derived fixed precision,Code/scripts/34_promote_nonoverlap_primary.py,canonical_nonoverlap_primary_20260830 / final_phase1_sensitivities,PASS
Results,configuration-level archive,Figure 1 / archived metrics,Bias,0.014269,repo/Data/Additional Sensitivity Analysis/Canonical Primary Nonoverlap 20260830/rolling_origin_metrics.csv,AOI=AOI-03; sensor=landsat; rolling_id=R2025-H3; target_year=2025,0.0142693697944905,counts: integer; manuscript headline RMSE/differences: 6 decimals; table values: source-derived fixed precision,Code/scripts/34_promote_nonoverlap_primary.py,canonical_nonoverlap_primary_20260830 / final_phase1_sensitivities,PASS
Results,configuration-level archive,Figure 1 / archived metrics,RMSE,0.033377,repo/Data/Additional Sensitivity Analysis/Canonical Primary Nonoverlap 20260830/rolling_origin_metrics.csv,AOI=AOI-03; sensor=modis; rolling_id=R2024-H1; target_year=2024,0.03337744257448,counts: integer; manuscript headline RMSE/differences: 6 decimals; table values: source-derived fixed precision,Code/scripts/34_promote_nonoverlap_primary.py,canonical_nonoverlap_primary_20260830 / final_phase1_sensitivities,PASS
Results,configuration-level archive,Figure 1 / archived metrics,MAE,0.025395,repo/Data/Additional Sensitivity Analysis/Canonical Primary Nonoverlap 20260830/rolling_origin_metrics.csv,AOI=AOI-03; sensor=modis; rolling_id=R2024-H1; target_year=2024,0.0253949168921849,counts: integer; manuscript headline RMSE/differences: 6 decimals; table values: source-derived fixed precision,Code/scripts/34_promote_nonoverlap_primary.py,canonical_nonoverlap_primary_20260830 / final_phase1_sensitivities,PASS
Results,configuration-level archive,Figure 1 / archived metrics,Bias,-0.001419,repo/Data/Additional Sensitivity Analysis/Canonical Primary Nonoverlap 20260830/rolling_origin_metrics.csv,AOI=AOI-03; sensor=modis; rolling_id=R2024-H1; target_year=2024,-0.0014193691857892,counts: integer; manuscript headline RMSE/differences: 6 decimals; table values: source-derived fixed precision,Code/scripts/34_promote_nonoverlap_primary.py,canonical_nonoverlap_primary_20260830 / final_phase1_sensitivities,PASS
Results,configuration-level archive,Figure 1 / archived metrics,RMSE,0.033796,repo/Data/Additional Sensitivity Analysis/Canonical Primary Nonoverlap 20260830/rolling_origin_metrics.csv,AOI=AOI-03; sensor=modis; rolling_id=R2024-H2; target_year=2024,0.0337963471969423,counts: integer; manuscript headline RMSE/differences: 6 decimals; table values: source-derived fixed precision,Code/scripts/34_promote_nonoverlap_primary.py,canonical_nonoverlap_primary_20260830 / final_phase1_sensitivities,PASS
Results,configuration-level archive,Figure 1 / archived metrics,MAE,0.025584,repo/Data/Additional Sensitivity Analysis/Canonical Primary Nonoverlap 20260830/rolling_origin_metrics.csv,AOI=AOI-03; sensor=modis; rolling_id=R2024-H2; target_year=2024,0.0255838710722828,counts: integer; manuscript headline RMSE/differences: 6 decimals; table values: source-derived fixed precision,Code/scripts/34_promote_nonoverlap_primary.py,canonical_nonoverlap_primary_20260830 / final_phase1_sensitivities,PASS
Results,configuration-level archive,Figure 1 / archived metrics,Bias,-0.004965,repo/Data/Additional Sensitivity Analysis/Canonical Primary Nonoverlap 20260830/rolling_origin_metrics.csv,AOI=AOI-03; sensor=modis; rolling_id=R2024-H2; target_year=2024,-0.0049646296373452,counts: integer; manuscript headline RMSE/differences: 6 decimals; table values: source-derived fixed precision,Code/scripts/34_promote_nonoverlap_primary.py,canonical_nonoverlap_primary_20260830 / final_phase1_sensitivities,PASS
Results,configuration-level archive,Figure 1 / archived metrics,RMSE,0.034357,repo/Data/Additional Sensitivity Analysis/Canonical Primary Nonoverlap 20260830/rolling_origin_metrics.csv,AOI=AOI-03; sensor=modis; rolling_id=R2024-H3; target_year=2024,0.0343572357942719,counts: integer; manuscript headline RMSE/differences: 6 decimals; table values: source-derived fixed precision,Code/scripts/34_promote_nonoverlap_primary.py,canonical_nonoverlap_primary_20260830 / final_phase1_sensitivities,PASS
Results,configuration-level archive,Figure 1 / archived metrics,MAE,0.026271,repo/Data/Additional Sensitivity Analysis/Canonical Primary Nonoverlap 20260830/rolling_origin_metrics.csv,AOI=AOI-03; sensor=modis; rolling_id=R2024-H3; target_year=2024,0.0262705741680192,counts: integer; manuscript headline RMSE/differences: 6 decimals; table values: source-derived fixed precision,Code/scripts/34_promote_nonoverlap_primary.py,canonical_nonoverlap_primary_20260830 / final_phase1_sensitivities,PASS
Results,configuration-level archive,Figure 1 / archived metrics,Bias,-0.008366,repo/Data/Additional Sensitivity Analysis/Canonical Primary Nonoverlap 20260830/rolling_origin_metrics.csv,AOI=AOI-03; sensor=modis; rolling_id=R2024-H3; target_year=2024,-0.0083657687642393,counts: integer; manuscript headline RMSE/differences: 6 decimals; table values: source-derived fixed precision,Code/scripts/34_promote_nonoverlap_primary.py,canonical_nonoverlap_primary_20260830 / final_phase1_sensitivities,PASS
Results,configuration-level archive,Figure 1 / archived metrics,RMSE,0.033137,repo/Data/Additional Sensitivity Analysis/Canonical Primary Nonoverlap 20260830/rolling_origin_metrics.csv,AOI=AOI-03; sensor=modis; rolling_id=R2025-H1; target_year=2025,0.0331368200538369,counts: integer; manuscript headline RMSE/differences: 6 decimals; table values: source-derived fixed precision,Code/scripts/34_promote_nonoverlap_primary.py,canonical_nonoverlap_primary_20260830 / final_phase1_sensitivities,PASS
Results,configuration-level archive,Figure 1 / archived metrics,MAE,0.026465,repo/Data/Additional Sensitivity Analysis/Canonical Primary Nonoverlap 20260830/rolling_origin_metrics.csv,AOI=AOI-03; sensor=modis; rolling_id=R2025-H1; target_year=2025,0.0264650236960208,counts: integer; manuscript headline RMSE/differences: 6 decimals; table values: source-derived fixed precision,Code/scripts/34_promote_nonoverlap_primary.py,canonical_nonoverlap_primary_20260830 / final_phase1_sensitivities,PASS
Results,configuration-level archive,Figure 1 / archived metrics,Bias,0.011385,repo/Data/Additional Sensitivity Analysis/Canonical Primary Nonoverlap 20260830/rolling_origin_metrics.csv,AOI=AOI-03; sensor=modis; rolling_id=R2025-H1; target_year=2025,0.0113852801813987,counts: integer; manuscript headline RMSE/differences: 6 decimals; table values: source-derived fixed precision,Code/scripts/34_promote_nonoverlap_primary.py,canonical_nonoverlap_primary_20260830 / final_phase1_sensitivities,PASS
Results,configuration-level archive,Figure 1 / archived metrics,RMSE,0.032718,repo/Data/Additional Sensitivity Analysis/Canonical Primary Nonoverlap 20260830/rolling_origin_metrics.csv,AOI=AOI-03; sensor=modis; rolling_id=R2025-H2; target_year=2025,0.0327178257301312,counts: integer; manuscript headline RMSE/differences: 6 decimals; table values: source-derived fixed precision,Code/scripts/34_promote_nonoverlap_primary.py,canonical_nonoverlap_primary_20260830 / final_phase1_sensitivities,PASS
Results,configuration-level archive,Figure 1 / archived metrics,MAE,0.026020,repo/Data/Additional Sensitivity Analysis/Canonical Primary Nonoverlap 20260830/rolling_origin_metrics.csv,AOI=AOI-03; sensor=modis; rolling_id=R2025-H2; target_year=2025,0.026019559990907,counts: integer; manuscript headline RMSE/differences: 6 decimals; table values: source-derived fixed precision,Code/scripts/34_promote_nonoverlap_primary.py,canonical_nonoverlap_primary_20260830 / final_phase1_sensitivities,PASS
Results,configuration-level archive,Figure 1 / archived metrics,Bias,0.010599,repo/Data/Additional Sensitivity Analysis/Canonical Primary Nonoverlap 20260830/rolling_origin_metrics.csv,AOI=AOI-03; sensor=modis; rolling_id=R2025-H2; target_year=2025,0.0105989705107837,counts: integer; manuscript headline RMSE/differences: 6 decimals; table values: source-derived fixed precision,Code/scripts/34_promote_nonoverlap_primary.py,canonical_nonoverlap_primary_20260830 / final_phase1_sensitivities,PASS
Results,configuration-level archive,Figure 1 / archived metrics,RMSE,0.032652,repo/Data/Additional Sensitivity Analysis/Canonical Primary Nonoverlap 20260830/rolling_origin_metrics.csv,AOI=AOI-03; sensor=modis; rolling_id=R2025-H3; target_year=2025,0.0326519290100027,counts: integer; manuscript headline RMSE/differences: 6 decimals; table values: source-derived fixed precision,Code/scripts/34_promote_nonoverlap_primary.py,canonical_nonoverlap_primary_20260830 / final_phase1_sensitivities,PASS
Results,configuration-level archive,Figure 1 / archived metrics,MAE,0.025686,repo/Data/Additional Sensitivity Analysis/Canonical Primary Nonoverlap 20260830/rolling_origin_metrics.csv,AOI=AOI-03; sensor=modis; rolling_id=R2025-H3; target_year=2025,0.0256863723714172,counts: integer; manuscript headline RMSE/differences: 6 decimals; table values: source-derived fixed precision,Code/scripts/34_promote_nonoverlap_primary.py,canonical_nonoverlap_primary_20260830 / final_phase1_sensitivities,PASS
Results,configuration-level archive,Figure 1 / archived metrics,Bias,0.008679,repo/Data/Additional Sensitivity Analysis/Canonical Primary Nonoverlap 20260830/rolling_origin_metrics.csv,AOI=AOI-03; sensor=modis; rolling_id=R2025-H3; target_year=2025,0.0086793986326361,counts: integer; manuscript headline RMSE/differences: 6 decimals; table values: source-derived fixed precision,Code/scripts/34_promote_nonoverlap_primary.py,canonical_nonoverlap_primary_20260830 / final_phase1_sensitivities,PASS
Results,configuration-level archive,Figure 1 / archived metrics,RMSE,0.045157,repo/Data/Additional Sensitivity Analysis/Canonical Primary Nonoverlap 20260830/rolling_origin_metrics.csv,AOI=AOI-03; sensor=sentinel2; rolling_id=R2024-H1; target_year=2024,0.0451574848414513,counts: integer; manuscript headline RMSE/differences: 6 decimals; table values: source-derived fixed precision,Code/scripts/34_promote_nonoverlap_primary.py,canonical_nonoverlap_primary_20260830 / final_phase1_sensitivities,PASS
Results,configuration-level archive,Figure 1 / archived metrics,MAE,0.030608,repo/Data/Additional Sensitivity Analysis/Canonical Primary Nonoverlap 20260830/rolling_origin_metrics.csv,AOI=AOI-03; sensor=sentinel2; rolling_id=R2024-H1; target_year=2024,0.0306081109912275,counts: integer; manuscript headline RMSE/differences: 6 decimals; table values: source-derived fixed precision,Code/scripts/34_promote_nonoverlap_primary.py,canonical_nonoverlap_primary_20260830 / final_phase1_sensitivities,PASS
Results,configuration-level archive,Figure 1 / archived metrics,Bias,-0.004925,repo/Data/Additional Sensitivity Analysis/Canonical Primary Nonoverlap 20260830/rolling_origin_metrics.csv,AOI=AOI-03; sensor=sentinel2; rolling_id=R2024-H1; target_year=2024,-0.0049245226146776,counts: integer; manuscript headline RMSE/differences: 6 decimals; table values: source-derived fixed precision,Code/scripts/34_promote_nonoverlap_primary.py,canonical_nonoverlap_primary_20260830 / final_phase1_sensitivities,PASS
Results,configuration-level archive,Figure 1 / archived metrics,RMSE,0.044228,repo/Data/Additional Sensitivity Analysis/Canonical Primary Nonoverlap 20260830/rolling_origin_metrics.csv,AOI=AOI-03; sensor=sentinel2; rolling_id=R2024-H2; target_year=2024,0.0442276799959836,counts: integer; manuscript headline RMSE/differences: 6 decimals; table values: source-derived fixed precision,Code/scripts/34_promote_nonoverlap_primary.py,canonical_nonoverlap_primary_20260830 / final_phase1_sensitivities,PASS
Results,configuration-level archive,Figure 1 / archived metrics,MAE,0.030230,repo/Data/Additional Sensitivity Analysis/Canonical Primary Nonoverlap 20260830/rolling_origin_metrics.csv,AOI=AOI-03; sensor=sentinel2; rolling_id=R2024-H2; target_year=2024,0.030230129129949,counts: integer; manuscript headline RMSE/differences: 6 decimals; table values: source-derived fixed precision,Code/scripts/34_promote_nonoverlap_primary.py,canonical_nonoverlap_primary_20260830 / final_phase1_sensitivities,PASS
Results,configuration-level archive,Figure 1 / archived metrics,Bias,-0.002711,repo/Data/Additional Sensitivity Analysis/Canonical Primary Nonoverlap 20260830/rolling_origin_metrics.csv,AOI=AOI-03; sensor=sentinel2; rolling_id=R2024-H2; target_year=2024,-0.0027107603450003,counts: integer; manuscript headline RMSE/differences: 6 decimals; table values: source-derived fixed precision,Code/scripts/34_promote_nonoverlap_primary.py,canonical_nonoverlap_primary_20260830 / final_phase1_sensitivities,PASS
Results,configuration-level archive,Figure 1 / archived metrics,RMSE,0.044084,repo/Data/Additional Sensitivity Analysis/Canonical Primary Nonoverlap 20260830/rolling_origin_metrics.csv,AOI=AOI-03; sensor=sentinel2; rolling_id=R2024-H3; target_year=2024,0.0440836819752526,counts: integer; manuscript headline RMSE/differences: 6 decimals; table values: source-derived fixed precision,Code/scripts/34_promote_nonoverlap_primary.py,canonical_nonoverlap_primary_20260830 / final_phase1_sensitivities,PASS
Results,configuration-level archive,Figure 1 / archived metrics,MAE,0.030630,repo/Data/Additional Sensitivity Analysis/Canonical Primary Nonoverlap 20260830/rolling_origin_metrics.csv,AOI=AOI-03; sensor=sentinel2; rolling_id=R2024-H3; target_year=2024,0.0306296856435946,counts: integer; manuscript headline RMSE/differences: 6 decimals; table values: source-derived fixed precision,Code/scripts/34_promote_nonoverlap_primary.py,canonical_nonoverlap_primary_20260830 / final_phase1_sensitivities,PASS
Results,configuration-level archive,Figure 1 / archived metrics,Bias,-0.000411,repo/Data/Additional Sensitivity Analysis/Canonical Primary Nonoverlap 20260830/rolling_origin_metrics.csv,AOI=AOI-03; sensor=sentinel2; rolling_id=R2024-H3; target_year=2024,-0.0004111578431963,counts: integer; manuscript headline RMSE/differences: 6 decimals; table values: source-derived fixed precision,Code/scripts/34_promote_nonoverlap_primary.py,canonical_nonoverlap_primary_20260830 / final_phase1_sensitivities,PASS
Results,configuration-level archive,Figure 1 / archived metrics,RMSE,0.041776,repo/Data/Additional Sensitivity Analysis/Canonical Primary Nonoverlap 20260830/rolling_origin_metrics.csv,AOI=AOI-03; sensor=sentinel2; rolling_id=R2025-H1; target_year=2025,0.0417760053410692,counts: integer; manuscript headline RMSE/differences: 6 decimals; table values: source-derived fixed precision,Code/scripts/34_promote_nonoverlap_primary.py,canonical_nonoverlap_primary_20260830 / final_phase1_sensitivities,PASS
Results,configuration-level archive,Figure 1 / archived metrics,MAE,0.028469,repo/Data/Additional Sensitivity Analysis/Canonical Primary Nonoverlap 20260830/rolling_origin_metrics.csv,AOI=AOI-03; sensor=sentinel2; rolling_id=R2025-H1; target_year=2025,0.0284692519851365,counts: integer; manuscript headline RMSE/differences: 6 decimals; table values: source-derived fixed precision,Code/scripts/34_promote_nonoverlap_primary.py,canonical_nonoverlap_primary_20260830 / final_phase1_sensitivities,PASS
Results,configuration-level archive,Figure 1 / archived metrics,Bias,-0.002426,repo/Data/Additional Sensitivity Analysis/Canonical Primary Nonoverlap 20260830/rolling_origin_metrics.csv,AOI=AOI-03; sensor=sentinel2; rolling_id=R2025-H1; target_year=2025,-0.0024264328666484,counts: integer; manuscript headline RMSE/differences: 6 decimals; table values: source-derived fixed precision,Code/scripts/34_promote_nonoverlap_primary.py,canonical_nonoverlap_primary_20260830 / final_phase1_sensitivities,PASS
Results,configuration-level archive,Figure 1 / archived metrics,RMSE,0.042258,repo/Data/Additional Sensitivity Analysis/Canonical Primary Nonoverlap 20260830/rolling_origin_metrics.csv,AOI=AOI-03; sensor=sentinel2; rolling_id=R2025-H2; target_year=2025,0.0422580131745853,counts: integer; manuscript headline RMSE/differences: 6 decimals; table values: source-derived fixed precision,Code/scripts/34_promote_nonoverlap_primary.py,canonical_nonoverlap_primary_20260830 / final_phase1_sensitivities,PASS
Results,configuration-level archive,Figure 1 / archived metrics,MAE,0.028400,repo/Data/Additional Sensitivity Analysis/Canonical Primary Nonoverlap 20260830/rolling_origin_metrics.csv,AOI=AOI-03; sensor=sentinel2; rolling_id=R2025-H2; target_year=2025,0.0283996017944257,counts: integer; manuscript headline RMSE/differences: 6 decimals; table values: source-derived fixed precision,Code/scripts/34_promote_nonoverlap_primary.py,canonical_nonoverlap_primary_20260830 / final_phase1_sensitivities,PASS
Results,configuration-level archive,Figure 1 / archived metrics,Bias,-0.004074,repo/Data/Additional Sensitivity Analysis/Canonical Primary Nonoverlap 20260830/rolling_origin_metrics.csv,AOI=AOI-03; sensor=sentinel2; rolling_id=R2025-H2; target_year=2025,-0.0040741011387953,counts: integer; manuscript headline RMSE/differences: 6 decimals; table values: source-derived fixed precision,Code/scripts/34_promote_nonoverlap_primary.py,canonical_nonoverlap_primary_20260830 / final_phase1_sensitivities,PASS
Results,configuration-level archive,Figure 1 / archived metrics,RMSE,0.042094,repo/Data/Additional Sensitivity Analysis/Canonical Primary Nonoverlap 20260830/rolling_origin_metrics.csv,AOI=AOI-03; sensor=sentinel2; rolling_id=R2025-H3; target_year=2025,0.0420939656716141,counts: integer; manuscript headline RMSE/differences: 6 decimals; table values: source-derived fixed precision,Code/scripts/34_promote_nonoverlap_primary.py,canonical_nonoverlap_primary_20260830 / final_phase1_sensitivities,PASS
Results,configuration-level archive,Figure 1 / archived metrics,MAE,0.028356,repo/Data/Additional Sensitivity Analysis/Canonical Primary Nonoverlap 20260830/rolling_origin_metrics.csv,AOI=AOI-03; sensor=sentinel2; rolling_id=R2025-H3; target_year=2025,0.028356104100038,counts: integer; manuscript headline RMSE/differences: 6 decimals; table values: source-derived fixed precision,Code/scripts/34_promote_nonoverlap_primary.py,canonical_nonoverlap_primary_20260830 / final_phase1_sensitivities,PASS
Results,configuration-level archive,Figure 1 / archived metrics,Bias,-0.003791,repo/Data/Additional Sensitivity Analysis/Canonical Primary Nonoverlap 20260830/rolling_origin_metrics.csv,AOI=AOI-03; sensor=sentinel2; rolling_id=R2025-H3; target_year=2025,-0.0037910819019682,counts: integer; manuscript headline RMSE/differences: 6 decimals; table values: source-derived fixed precision,Code/scripts/34_promote_nonoverlap_primary.py,canonical_nonoverlap_primary_20260830 / final_phase1_sensitivities,PASS
Results,Table 3,Table 3,RMSE_DPM,0.211528,repo/Data/Additional Sensitivity Analysis/Canonical Primary Nonoverlap 20260830/dpm_endpoint_sensitivity.csv,AOI=AOI-00; sensor=landsat; endpoint=P1/P99,0.2115284351420828,counts: integer; manuscript headline RMSE/differences: 6 decimals; table values: source-derived fixed precision,Code/scripts/34_promote_nonoverlap_primary.py,canonical_nonoverlap_primary_20260830 / final_phase1_sensitivities,PASS
Results,Table 3,Table 3,MAE_DPM,0.198628,repo/Data/Additional Sensitivity Analysis/Canonical Primary Nonoverlap 20260830/dpm_endpoint_sensitivity.csv,AOI=AOI-00; sensor=landsat; endpoint=P1/P99,0.1986284586607676,counts: integer; manuscript headline RMSE/differences: 6 decimals; table values: source-derived fixed precision,Code/scripts/34_promote_nonoverlap_primary.py,canonical_nonoverlap_primary_20260830 / final_phase1_sensitivities,PASS
Results,Table 3,Table 3,total_clip_ratio,0.0200829295099165,repo/Data/Additional Sensitivity Analysis/Canonical Primary Nonoverlap 20260830/dpm_endpoint_sensitivity.csv,AOI=AOI-00; sensor=landsat; endpoint=P1/P99,0.0200829295099165,counts: integer; manuscript headline RMSE/differences: 6 decimals; table values: source-derived fixed precision,Code/scripts/34_promote_nonoverlap_primary.py,canonical_nonoverlap_primary_20260830 / final_phase1_sensitivities,PASS
Results,Table 3,Table 3,RMSE_DPM,0.201795,repo/Data/Additional Sensitivity Analysis/Canonical Primary Nonoverlap 20260830/dpm_endpoint_sensitivity.csv,AOI=AOI-00; sensor=landsat; endpoint=P2/P98,0.2017949683030098,counts: integer; manuscript headline RMSE/differences: 6 decimals; table values: source-derived fixed precision,Code/scripts/34_promote_nonoverlap_primary.py,canonical_nonoverlap_primary_20260830 / final_phase1_sensitivities,PASS
Results,Table 3,Table 3,MAE_DPM,0.185167,repo/Data/Additional Sensitivity Analysis/Canonical Primary Nonoverlap 20260830/dpm_endpoint_sensitivity.csv,AOI=AOI-00; sensor=landsat; endpoint=P2/P98,0.1851668472183813,counts: integer; manuscript headline RMSE/differences: 6 decimals; table values: source-derived fixed precision,Code/scripts/34_promote_nonoverlap_primary.py,canonical_nonoverlap_primary_20260830 / final_phase1_sensitivities,PASS
Results,Table 3,Table 3,total_clip_ratio,0.0400659439476445,repo/Data/Additional Sensitivity Analysis/Canonical Primary Nonoverlap 20260830/dpm_endpoint_sensitivity.csv,AOI=AOI-00; sensor=landsat; endpoint=P2/P98,0.0400659439476445,counts: integer; manuscript headline RMSE/differences: 6 decimals; table values: source-derived fixed precision,Code/scripts/34_promote_nonoverlap_primary.py,canonical_nonoverlap_primary_20260830 / final_phase1_sensitivities,PASS
Results,Table 3,Table 3,RMSE_DPM,0.197129,repo/Data/Additional Sensitivity Analysis/Canonical Primary Nonoverlap 20260830/dpm_endpoint_sensitivity.csv,AOI=AOI-00; sensor=landsat; endpoint=P5/P95,0.1971286950457216,counts: integer; manuscript headline RMSE/differences: 6 decimals; table values: source-derived fixed precision,Code/scripts/34_promote_nonoverlap_primary.py,canonical_nonoverlap_primary_20260830 / final_phase1_sensitivities,PASS
Results,Table 3,Table 3,MAE_DPM,0.167080,repo/Data/Additional Sensitivity Analysis/Canonical Primary Nonoverlap 20260830/dpm_endpoint_sensitivity.csv,AOI=AOI-00; sensor=landsat; endpoint=P5/P95,0.1670796522037335,counts: integer; manuscript headline RMSE/differences: 6 decimals; table values: source-derived fixed precision,Code/scripts/34_promote_nonoverlap_primary.py,canonical_nonoverlap_primary_20260830 / final_phase1_sensitivities,PASS
Results,Table 3,Table 3,total_clip_ratio,0.1000149872608282,repo/Data/Additional Sensitivity Analysis/Canonical Primary Nonoverlap 20260830/dpm_endpoint_sensitivity.csv,AOI=AOI-00; sensor=landsat; endpoint=P5/P95,0.1000149872608282,counts: integer; manuscript headline RMSE/differences: 6 decimals; table values: source-derived fixed precision,Code/scripts/34_promote_nonoverlap_primary.py,canonical_nonoverlap_primary_20260830 / final_phase1_sensitivities,PASS
Results,Table 3,Table 3,RMSE_DPM,0.249054,repo/Data/Additional Sensitivity Analysis/Canonical Primary Nonoverlap 20260830/dpm_endpoint_sensitivity.csv,AOI=AOI-00; sensor=landsat; endpoint=P10/P90,0.2490543765921777,counts: integer; manuscript headline RMSE/differences: 6 decimals; table values: source-derived fixed precision,Code/scripts/34_promote_nonoverlap_primary.py,canonical_nonoverlap_primary_20260830 / final_phase1_sensitivities,PASS
Results,Table 3,Table 3,MAE_DPM,0.209933,repo/Data/Additional Sensitivity Analysis/Canonical Primary Nonoverlap 20260830/dpm_endpoint_sensitivity.csv,AOI=AOI-00; sensor=landsat; endpoint=P10/P90,0.2099325484149835,counts: integer; manuscript headline RMSE/differences: 6 decimals; table values: source-derived fixed precision,Code/scripts/34_promote_nonoverlap_primary.py,canonical_nonoverlap_primary_20260830 / final_phase1_sensitivities,PASS
Results,Table 3,Table 3,total_clip_ratio,0.2000299745216565,repo/Data/Additional Sensitivity Analysis/Canonical Primary Nonoverlap 20260830/dpm_endpoint_sensitivity.csv,AOI=AOI-00; sensor=landsat; endpoint=P10/P90,0.2000299745216565,counts: integer; manuscript headline RMSE/differences: 6 decimals; table values: source-derived fixed precision,Code/scripts/34_promote_nonoverlap_primary.py,canonical_nonoverlap_primary_20260830 / final_phase1_sensitivities,PASS
Results,Table 3,Table 3,RMSE_DPM,0.197316,repo/Data/Additional Sensitivity Analysis/Canonical Primary Nonoverlap 20260830/dpm_endpoint_sensitivity.csv,AOI=AOI-00; sensor=modis; endpoint=P1/P99,0.1973162741246914,counts: integer; manuscript headline RMSE/differences: 6 decimals; table values: source-derived fixed precision,Code/scripts/34_promote_nonoverlap_primary.py,canonical_nonoverlap_primary_20260830 / final_phase1_sensitivities,PASS
Results,Table 3,Table 3,MAE_DPM,0.183179,repo/Data/Additional Sensitivity Analysis/Canonical Primary Nonoverlap 20260830/dpm_endpoint_sensitivity.csv,AOI=AOI-00; sensor=modis; endpoint=P1/P99,0.1831793611945566,counts: integer; manuscript headline RMSE/differences: 6 decimals; table values: source-derived fixed precision,Code/scripts/34_promote_nonoverlap_primary.py,canonical_nonoverlap_primary_20260830 / final_phase1_sensitivities,PASS
Results,Table 3,Table 3,total_clip_ratio,0.0200633013250362,repo/Data/Additional Sensitivity Analysis/Canonical Primary Nonoverlap 20260830/dpm_endpoint_sensitivity.csv,AOI=AOI-00; sensor=modis; endpoint=P1/P99,0.0200633013250362,counts: integer; manuscript headline RMSE/differences: 6 decimals; table values: source-derived fixed precision,Code/scripts/34_promote_nonoverlap_primary.py,canonical_nonoverlap_primary_20260830 / final_phase1_sensitivities,PASS
Results,Table 3,Table 3,RMSE_DPM,0.183367,repo/Data/Additional Sensitivity Analysis/Canonical Primary Nonoverlap 20260830/dpm_endpoint_sensitivity.csv,AOI=AOI-00; sensor=modis; endpoint=P2/P98,0.1833673902157167,counts: integer; manuscript headline RMSE/differences: 6 decimals; table values: source-derived fixed precision,Code/scripts/34_promote_nonoverlap_primary.py,canonical_nonoverlap_primary_20260830 / final_phase1_sensitivities,PASS
Results,Table 3,Table 3,MAE_DPM,0.163027,repo/Data/Additional Sensitivity Analysis/Canonical Primary Nonoverlap 20260830/dpm_endpoint_sensitivity.csv,AOI=AOI-00; sensor=modis; endpoint=P2/P98,0.1630273637964535,counts: integer; manuscript headline RMSE/differences: 6 decimals; table values: source-derived fixed precision,Code/scripts/34_promote_nonoverlap_primary.py,canonical_nonoverlap_primary_20260830 / final_phase1_sensitivities,PASS
Results,Table 3,Table 3,total_clip_ratio,0.0400193122686551,repo/Data/Additional Sensitivity Analysis/Canonical Primary Nonoverlap 20260830/dpm_endpoint_sensitivity.csv,AOI=AOI-00; sensor=modis; endpoint=P2/P98,0.0400193122686551,counts: integer; manuscript headline RMSE/differences: 6 decimals; table values: source-derived fixed precision,Code/scripts/34_promote_nonoverlap_primary.py,canonical_nonoverlap_primary_20260830 / final_phase1_sensitivities,PASS
Results,Table 3,Table 3,RMSE_DPM,0.193358,repo/Data/Additional Sensitivity Analysis/Canonical Primary Nonoverlap 20260830/dpm_endpoint_sensitivity.csv,AOI=AOI-00; sensor=modis; endpoint=P5/P95,0.1933579237587785,counts: integer; manuscript headline RMSE/differences: 6 decimals; table values: source-derived fixed precision,Code/scripts/34_promote_nonoverlap_primary.py,canonical_nonoverlap_primary_20260830 / final_phase1_sensitivities,PASS
Results,Table 3,Table 3,MAE_DPM,0.159956,repo/Data/Additional Sensitivity Analysis/Canonical Primary Nonoverlap 20260830/dpm_endpoint_sensitivity.csv,AOI=AOI-00; sensor=modis; endpoint=P5/P95,0.1599562814786206,counts: integer; manuscript headline RMSE/differences: 6 decimals; table values: source-derived fixed precision,Code/scripts/34_promote_nonoverlap_primary.py,canonical_nonoverlap_primary_20260830 / final_phase1_sensitivities,PASS
Results,Table 3,Table 3,total_clip_ratio,0.0999946354809291,repo/Data/Additional Sensitivity Analysis/Canonical Primary Nonoverlap 20260830/dpm_endpoint_sensitivity.csv,AOI=AOI-00; sensor=modis; endpoint=P5/P95,0.0999946354809291,counts: integer; manuscript headline RMSE/differences: 6 decimals; table values: source-derived fixed precision,Code/scripts/34_promote_nonoverlap_primary.py,canonical_nonoverlap_primary_20260830 / final_phase1_sensitivities,PASS
Results,Table 3,Table 3,RMSE_DPM,0.243712,repo/Data/Additional Sensitivity Analysis/Canonical Primary Nonoverlap 20260830/dpm_endpoint_sensitivity.csv,AOI=AOI-00; sensor=modis; endpoint=P10/P90,0.2437115328403747,counts: integer; manuscript headline RMSE/differences: 6 decimals; table values: source-derived fixed precision,Code/scripts/34_promote_nonoverlap_primary.py,canonical_nonoverlap_primary_20260830 / final_phase1_sensitivities,PASS
Results,Table 3,Table 3,MAE_DPM,0.204328,repo/Data/Additional Sensitivity Analysis/Canonical Primary Nonoverlap 20260830/dpm_endpoint_sensitivity.csv,AOI=AOI-00; sensor=modis; endpoint=P10/P90,0.2043284829848946,counts: integer; manuscript headline RMSE/differences: 6 decimals; table values: source-derived fixed precision,Code/scripts/34_promote_nonoverlap_primary.py,canonical_nonoverlap_primary_20260830 / final_phase1_sensitivities,PASS
Results,Table 3,Table 3,total_clip_ratio,0.1999892709618582,repo/Data/Additional Sensitivity Analysis/Canonical Primary Nonoverlap 20260830/dpm_endpoint_sensitivity.csv,AOI=AOI-00; sensor=modis; endpoint=P10/P90,0.1999892709618582,counts: integer; manuscript headline RMSE/differences: 6 decimals; table values: source-derived fixed precision,Code/scripts/34_promote_nonoverlap_primary.py,canonical_nonoverlap_primary_20260830 / final_phase1_sensitivities,PASS
Results,Table 3,Table 3,RMSE_DPM,0.177680,repo/Data/Additional Sensitivity Analysis/Canonical Primary Nonoverlap 20260830/dpm_endpoint_sensitivity.csv,AOI=AOI-00; sensor=sentinel2; endpoint=P1/P99,0.1776795811146561,counts: integer; manuscript headline RMSE/differences: 6 decimals; table values: source-derived fixed precision,Code/scripts/34_promote_nonoverlap_primary.py,canonical_nonoverlap_primary_20260830 / final_phase1_sensitivities,PASS
Results,Table 3,Table 3,MAE_DPM,0.151205,repo/Data/Additional Sensitivity Analysis/Canonical Primary Nonoverlap 20260830/dpm_endpoint_sensitivity.csv,AOI=AOI-00; sensor=sentinel2; endpoint=P1/P99,0.1512046087178893,counts: integer; manuscript headline RMSE/differences: 6 decimals; table values: source-derived fixed precision,Code/scripts/34_promote_nonoverlap_primary.py,canonical_nonoverlap_primary_20260830 / final_phase1_sensitivities,PASS
Results,Table 3,Table 3,total_clip_ratio,0.02014208759466,repo/Data/Additional Sensitivity Analysis/Canonical Primary Nonoverlap 20260830/dpm_endpoint_sensitivity.csv,AOI=AOI-00; sensor=sentinel2; endpoint=P1/P99,0.02014208759466,counts: integer; manuscript headline RMSE/differences: 6 decimals; table values: source-derived fixed precision,Code/scripts/34_promote_nonoverlap_primary.py,canonical_nonoverlap_primary_20260830 / final_phase1_sensitivities,PASS
Results,Table 3,Table 3,RMSE_DPM,0.181126,repo/Data/Additional Sensitivity Analysis/Canonical Primary Nonoverlap 20260830/dpm_endpoint_sensitivity.csv,AOI=AOI-00; sensor=sentinel2; endpoint=P2/P98,0.1811258756219257,counts: integer; manuscript headline RMSE/differences: 6 decimals; table values: source-derived fixed precision,Code/scripts/34_promote_nonoverlap_primary.py,canonical_nonoverlap_primary_20260830 / final_phase1_sensitivities,PASS
Results,Table 3,Table 3,MAE_DPM,0.152351,repo/Data/Additional Sensitivity Analysis/Canonical Primary Nonoverlap 20260830/dpm_endpoint_sensitivity.csv,AOI=AOI-00; sensor=sentinel2; endpoint=P2/P98,0.1523509671773381,counts: integer; manuscript headline RMSE/differences: 6 decimals; table values: source-derived fixed precision,Code/scripts/34_promote_nonoverlap_primary.py,canonical_nonoverlap_primary_20260830 / final_phase1_sensitivities,PASS
Results,Table 3,Table 3,total_clip_ratio,0.0401280349754079,repo/Data/Additional Sensitivity Analysis/Canonical Primary Nonoverlap 20260830/dpm_endpoint_sensitivity.csv,AOI=AOI-00; sensor=sentinel2; endpoint=P2/P98,0.0401280349754079,counts: integer; manuscript headline RMSE/differences: 6 decimals; table values: source-derived fixed precision,Code/scripts/34_promote_nonoverlap_primary.py,canonical_nonoverlap_primary_20260830 / final_phase1_sensitivities,PASS
Results,Table 3,Table 3,RMSE_DPM,0.211935,repo/Data/Additional Sensitivity Analysis/Canonical Primary Nonoverlap 20260830/dpm_endpoint_sensitivity.csv,AOI=AOI-00; sensor=sentinel2; endpoint=P5/P95,0.2119347557358626,counts: integer; manuscript headline RMSE/differences: 6 decimals; table values: source-derived fixed precision,Code/scripts/34_promote_nonoverlap_primary.py,canonical_nonoverlap_primary_20260830 / final_phase1_sensitivities,PASS
Results,Table 3,Table 3,MAE_DPM,0.178063,repo/Data/Additional Sensitivity Analysis/Canonical Primary Nonoverlap 20260830/dpm_endpoint_sensitivity.csv,AOI=AOI-00; sensor=sentinel2; endpoint=P5/P95,0.1780626483719873,counts: integer; manuscript headline RMSE/differences: 6 decimals; table values: source-derived fixed precision,Code/scripts/34_promote_nonoverlap_primary.py,canonical_nonoverlap_primary_20260830 / final_phase1_sensitivities,PASS
Results,Table 3,Table 3,total_clip_ratio,0.1000858771176516,repo/Data/Additional Sensitivity Analysis/Canonical Primary Nonoverlap 20260830/dpm_endpoint_sensitivity.csv,AOI=AOI-00; sensor=sentinel2; endpoint=P5/P95,0.1000858771176516,counts: integer; manuscript headline RMSE/differences: 6 decimals; table values: source-derived fixed precision,Code/scripts/34_promote_nonoverlap_primary.py,canonical_nonoverlap_primary_20260830 / final_phase1_sensitivities,PASS
Results,Table 3,Table 3,RMSE_DPM,0.266655,repo/Data/Additional Sensitivity Analysis/Canonical Primary Nonoverlap 20260830/dpm_endpoint_sensitivity.csv,AOI=AOI-00; sensor=sentinel2; endpoint=P10/P90,0.2666553758047848,counts: integer; manuscript headline RMSE/differences: 6 decimals; table values: source-derived fixed precision,Code/scripts/34_promote_nonoverlap_primary.py,canonical_nonoverlap_primary_20260830 / final_phase1_sensitivities,PASS
Results,Table 3,Table 3,MAE_DPM,0.228590,repo/Data/Additional Sensitivity Analysis/Canonical Primary Nonoverlap 20260830/dpm_endpoint_sensitivity.csv,AOI=AOI-00; sensor=sentinel2; endpoint=P10/P90,0.228589530364104,counts: integer; manuscript headline RMSE/differences: 6 decimals; table values: source-derived fixed precision,Code/scripts/34_promote_nonoverlap_primary.py,canonical_nonoverlap_primary_20260830 / final_phase1_sensitivities,PASS
Results,Table 3,Table 3,total_clip_ratio,0.2000156140213912,repo/Data/Additional Sensitivity Analysis/Canonical Primary Nonoverlap 20260830/dpm_endpoint_sensitivity.csv,AOI=AOI-00; sensor=sentinel2; endpoint=P10/P90,0.2000156140213912,counts: integer; manuscript headline RMSE/differences: 6 decimals; table values: source-derived fixed precision,Code/scripts/34_promote_nonoverlap_primary.py,canonical_nonoverlap_primary_20260830 / final_phase1_sensitivities,PASS
Results,Table 3,Table 3,RMSE_DPM,0.493138,repo/Data/Additional Sensitivity Analysis/Canonical Primary Nonoverlap 20260830/dpm_endpoint_sensitivity.csv,AOI=AOI-01; sensor=landsat; endpoint=P1/P99,0.493138182764488,counts: integer; manuscript headline RMSE/differences: 6 decimals; table values: source-derived fixed precision,Code/scripts/34_promote_nonoverlap_primary.py,canonical_nonoverlap_primary_20260830 / final_phase1_sensitivities,PASS
Results,Table 3,Table 3,MAE_DPM,0.462167,repo/Data/Additional Sensitivity Analysis/Canonical Primary Nonoverlap 20260830/dpm_endpoint_sensitivity.csv,AOI=AOI-01; sensor=landsat; endpoint=P1/P99,0.4621668680431773,counts: integer; manuscript headline RMSE/differences: 6 decimals; table values: source-derived fixed precision,Code/scripts/34_promote_nonoverlap_primary.py,canonical_nonoverlap_primary_20260830 / final_phase1_sensitivities,PASS
Results,Table 3,Table 3,total_clip_ratio,0.0199979168836579,repo/Data/Additional Sensitivity Analysis/Canonical Primary Nonoverlap 20260830/dpm_endpoint_sensitivity.csv,AOI=AOI-01; sensor=landsat; endpoint=P1/P99,0.0199979168836579,counts: integer; manuscript headline RMSE/differences: 6 decimals; table values: source-derived fixed precision,Code/scripts/34_promote_nonoverlap_primary.py,canonical_nonoverlap_primary_20260830 / final_phase1_sensitivities,PASS
Results,Table 3,Table 3,RMSE_DPM,0.502168,repo/Data/Additional Sensitivity Analysis/Canonical Primary Nonoverlap 20260830/dpm_endpoint_sensitivity.csv,AOI=AOI-01; sensor=landsat; endpoint=P2/P98,0.5021678544132477,counts: integer; manuscript headline RMSE/differences: 6 decimals; table values: source-derived fixed precision,Code/scripts/34_promote_nonoverlap_primary.py,canonical_nonoverlap_primary_20260830 / final_phase1_sensitivities,PASS
Results,Table 3,Table 3,MAE_DPM,0.454152,repo/Data/Additional Sensitivity Analysis/Canonical Primary Nonoverlap 20260830/dpm_endpoint_sensitivity.csv,AOI=AOI-01; sensor=landsat; endpoint=P2/P98,0.4541520047566894,counts: integer; manuscript headline RMSE/differences: 6 decimals; table values: source-derived fixed precision,Code/scripts/34_promote_nonoverlap_primary.py,canonical_nonoverlap_primary_20260830 / final_phase1_sensitivities,PASS
Results,Table 3,Table 3,total_clip_ratio,0.0399958337673159,repo/Data/Additional Sensitivity Analysis/Canonical Primary Nonoverlap 20260830/dpm_endpoint_sensitivity.csv,AOI=AOI-01; sensor=landsat; endpoint=P2/P98,0.0399958337673159,counts: integer; manuscript headline RMSE/differences: 6 decimals; table values: source-derived fixed precision,Code/scripts/34_promote_nonoverlap_primary.py,canonical_nonoverlap_primary_20260830 / final_phase1_sensitivities,PASS
Results,Table 3,Table 3,RMSE_DPM,0.542906,repo/Data/Additional Sensitivity Analysis/Canonical Primary Nonoverlap 20260830/dpm_endpoint_sensitivity.csv,AOI=AOI-01; sensor=landsat; endpoint=P5/P95,0.5429056428457283,counts: integer; manuscript headline RMSE/differences: 6 decimals; table values: source-derived fixed precision,Code/scripts/34_promote_nonoverlap_primary.py,canonical_nonoverlap_primary_20260830 / final_phase1_sensitivities,PASS
Results,Table 3,Table 3,MAE_DPM,0.472754,repo/Data/Additional Sensitivity Analysis/Canonical Primary Nonoverlap 20260830/dpm_endpoint_sensitivity.csv,AOI=AOI-01; sensor=landsat; endpoint=P5/P95,0.4727543063616828,counts: integer; manuscript headline RMSE/differences: 6 decimals; table values: source-derived fixed precision,Code/scripts/34_promote_nonoverlap_primary.py,canonical_nonoverlap_primary_20260830 / final_phase1_sensitivities,PASS
Results,Table 3,Table 3,total_clip_ratio,0.0999895844182897,repo/Data/Additional Sensitivity Analysis/Canonical Primary Nonoverlap 20260830/dpm_endpoint_sensitivity.csv,AOI=AOI-01; sensor=landsat; endpoint=P5/P95,0.0999895844182897,counts: integer; manuscript headline RMSE/differences: 6 decimals; table values: source-derived fixed precision,Code/scripts/34_promote_nonoverlap_primary.py,canonical_nonoverlap_primary_20260830 / final_phase1_sensitivities,PASS
Results,Table 3,Table 3,RMSE_DPM,0.593598,repo/Data/Additional Sensitivity Analysis/Canonical Primary Nonoverlap 20260830/dpm_endpoint_sensitivity.csv,AOI=AOI-01; sensor=landsat; endpoint=P10/P90,0.5935976401673033,counts: integer; manuscript headline RMSE/differences: 6 decimals; table values: source-derived fixed precision,Code/scripts/34_promote_nonoverlap_primary.py,canonical_nonoverlap_primary_20260830 / final_phase1_sensitivities,PASS
Results,Table 3,Table 3,MAE_DPM,0.499931,repo/Data/Additional Sensitivity Analysis/Canonical Primary Nonoverlap 20260830/dpm_endpoint_sensitivity.csv,AOI=AOI-01; sensor=landsat; endpoint=P10/P90,0.4999308026739664,counts: integer; manuscript headline RMSE/differences: 6 decimals; table values: source-derived fixed precision,Code/scripts/34_promote_nonoverlap_primary.py,canonical_nonoverlap_primary_20260830 / final_phase1_sensitivities,PASS
Results,Table 3,Table 3,total_clip_ratio,0.1999791688365795,repo/Data/Additional Sensitivity Analysis/Canonical Primary Nonoverlap 20260830/dpm_endpoint_sensitivity.csv,AOI=AOI-01; sensor=landsat; endpoint=P10/P90,0.1999791688365795,counts: integer; manuscript headline RMSE/differences: 6 decimals; table values: source-derived fixed precision,Code/scripts/34_promote_nonoverlap_primary.py,canonical_nonoverlap_primary_20260830 / final_phase1_sensitivities,PASS
Results,Table 3,Table 3,RMSE_DPM,0.432897,repo/Data/Additional Sensitivity Analysis/Canonical Primary Nonoverlap 20260830/dpm_endpoint_sensitivity.csv,AOI=AOI-01; sensor=modis; endpoint=P1/P99,0.4328971518373747,counts: integer; manuscript headline RMSE/differences: 6 decimals; table values: source-derived fixed precision,Code/scripts/34_promote_nonoverlap_primary.py,canonical_nonoverlap_primary_20260830 / final_phase1_sensitivities,PASS
Results,Table 3,Table 3,MAE_DPM,0.386788,repo/Data/Additional Sensitivity Analysis/Canonical Primary Nonoverlap 20260830/dpm_endpoint_sensitivity.csv,AOI=AOI-01; sensor=modis; endpoint=P1/P99,0.3867879901106142,counts: integer; manuscript headline RMSE/differences: 6 decimals; table values: source-derived fixed precision,Code/scripts/34_promote_nonoverlap_primary.py,canonical_nonoverlap_primary_20260830 / final_phase1_sensitivities,PASS
Results,Table 3,Table 3,total_clip_ratio,0.0200872476412701,repo/Data/Additional Sensitivity Analysis/Canonical Primary Nonoverlap 20260830/dpm_endpoint_sensitivity.csv,AOI=AOI-01; sensor=modis; endpoint=P1/P99,0.0200872476412701,counts: integer; manuscript headline RMSE/differences: 6 decimals; table values: source-derived fixed precision,Code/scripts/34_promote_nonoverlap_primary.py,canonical_nonoverlap_primary_20260830 / final_phase1_sensitivities,PASS
Results,Table 3,Table 3,RMSE_DPM,0.469506,repo/Data/Additional Sensitivity Analysis/Canonical Primary Nonoverlap 20260830/dpm_endpoint_sensitivity.csv,AOI=AOI-01; sensor=modis; endpoint=P2/P98,0.4695057361035206,counts: integer; manuscript headline RMSE/differences: 6 decimals; table values: source-derived fixed precision,Code/scripts/34_promote_nonoverlap_primary.py,canonical_nonoverlap_primary_20260830 / final_phase1_sensitivities,PASS
Results,Table 3,Table 3,MAE_DPM,0.409988,repo/Data/Additional Sensitivity Analysis/Canonical Primary Nonoverlap 20260830/dpm_endpoint_sensitivity.csv,AOI=AOI-01; sensor=modis; endpoint=P2/P98,0.4099878907156022,counts: integer; manuscript headline RMSE/differences: 6 decimals; table values: source-derived fixed precision,Code/scripts/34_promote_nonoverlap_primary.py,canonical_nonoverlap_primary_20260830 / final_phase1_sensitivities,PASS
Results,Table 3,Table 3,total_clip_ratio,0.0400730445368773,repo/Data/Additional Sensitivity Analysis/Canonical Primary Nonoverlap 20260830/dpm_endpoint_sensitivity.csv,AOI=AOI-01; sensor=modis; endpoint=P2/P98,0.0400730445368773,counts: integer; manuscript headline RMSE/differences: 6 decimals; table values: source-derived fixed precision,Code/scripts/34_promote_nonoverlap_primary.py,canonical_nonoverlap_primary_20260830 / final_phase1_sensitivities,PASS
Results,Table 3,Table 3,RMSE_DPM,0.519659,repo/Data/Additional Sensitivity Analysis/Canonical Primary Nonoverlap 20260830/dpm_endpoint_sensitivity.csv,AOI=AOI-01; sensor=modis; endpoint=P5/P95,0.5196586049614714,counts: integer; manuscript headline RMSE/differences: 6 decimals; table values: source-derived fixed precision,Code/scripts/34_promote_nonoverlap_primary.py,canonical_nonoverlap_primary_20260830 / final_phase1_sensitivities,PASS
Results,Table 3,Table 3,MAE_DPM,0.440466,repo/Data/Additional Sensitivity Analysis/Canonical Primary Nonoverlap 20260830/dpm_endpoint_sensitivity.csv,AOI=AOI-01; sensor=modis; endpoint=P5/P95,0.4404660736970796,counts: integer; manuscript headline RMSE/differences: 6 decimals; table values: source-derived fixed precision,Code/scripts/34_promote_nonoverlap_primary.py,canonical_nonoverlap_primary_20260830 / final_phase1_sensitivities,PASS
Results,Table 3,Table 3,total_clip_ratio,0.1000304352236989,repo/Data/Additional Sensitivity Analysis/Canonical Primary Nonoverlap 20260830/dpm_endpoint_sensitivity.csv,AOI=AOI-01; sensor=modis; endpoint=P5/P95,0.1000304352236989,counts: integer; manuscript headline RMSE/differences: 6 decimals; table values: source-derived fixed precision,Code/scripts/34_promote_nonoverlap_primary.py,canonical_nonoverlap_primary_20260830 / final_phase1_sensitivities,PASS
Results,Table 3,Table 3,RMSE_DPM,0.562524,repo/Data/Additional Sensitivity Analysis/Canonical Primary Nonoverlap 20260830/dpm_endpoint_sensitivity.csv,AOI=AOI-01; sensor=modis; endpoint=P10/P90,0.5625244923785696,counts: integer; manuscript headline RMSE/differences: 6 decimals; table values: source-derived fixed precision,Code/scripts/34_promote_nonoverlap_primary.py,canonical_nonoverlap_primary_20260830 / final_phase1_sensitivities,PASS
Results,Table 3,Table 3,MAE_DPM,0.461221,repo/Data/Additional Sensitivity Analysis/Canonical Primary Nonoverlap 20260830/dpm_endpoint_sensitivity.csv,AOI=AOI-01; sensor=modis; endpoint=P10/P90,0.4612208813726504,counts: integer; manuscript headline RMSE/differences: 6 decimals; table values: source-derived fixed precision,Code/scripts/34_promote_nonoverlap_primary.py,canonical_nonoverlap_primary_20260830 / final_phase1_sensitivities,PASS
Results,Table 3,Table 3,total_clip_ratio,0.2000608704473978,repo/Data/Additional Sensitivity Analysis/Canonical Primary Nonoverlap 20260830/dpm_endpoint_sensitivity.csv,AOI=AOI-01; sensor=modis; endpoint=P10/P90,0.2000608704473978,counts: integer; manuscript headline RMSE/differences: 6 decimals; table values: source-derived fixed precision,Code/scripts/34_promote_nonoverlap_primary.py,canonical_nonoverlap_primary_20260830 / final_phase1_sensitivities,PASS
Results,Table 3,Table 3,RMSE_DPM,0.451374,repo/Data/Additional Sensitivity Analysis/Canonical Primary Nonoverlap 20260830/dpm_endpoint_sensitivity.csv,AOI=AOI-01; sensor=sentinel2; endpoint=P1/P99,0.4513743049259327,counts: integer; manuscript headline RMSE/differences: 6 decimals; table values: source-derived fixed precision,Code/scripts/34_promote_nonoverlap_primary.py,canonical_nonoverlap_primary_20260830 / final_phase1_sensitivities,PASS
Results,Table 3,Table 3,MAE_DPM,0.412464,repo/Data/Additional Sensitivity Analysis/Canonical Primary Nonoverlap 20260830/dpm_endpoint_sensitivity.csv,AOI=AOI-01; sensor=sentinel2; endpoint=P1/P99,0.4124638233320331,counts: integer; manuscript headline RMSE/differences: 6 decimals; table values: source-derived fixed precision,Code/scripts/34_promote_nonoverlap_primary.py,canonical_nonoverlap_primary_20260830 / final_phase1_sensitivities,PASS
Results,Table 3,Table 3,total_clip_ratio,0.0200937709310113,repo/Data/Additional Sensitivity Analysis/Canonical Primary Nonoverlap 20260830/dpm_endpoint_sensitivity.csv,AOI=AOI-01; sensor=sentinel2; endpoint=P1/P99,0.0200937709310113,counts: integer; manuscript headline RMSE/differences: 6 decimals; table values: source-derived fixed precision,Code/scripts/34_promote_nonoverlap_primary.py,canonical_nonoverlap_primary_20260830 / final_phase1_sensitivities,PASS
Results,Table 3,Table 3,RMSE_DPM,0.480963,repo/Data/Additional Sensitivity Analysis/Canonical Primary Nonoverlap 20260830/dpm_endpoint_sensitivity.csv,AOI=AOI-01; sensor=sentinel2; endpoint=P2/P98,0.4809630804108164,counts: integer; manuscript headline RMSE/differences: 6 decimals; table values: source-derived fixed precision,Code/scripts/34_promote_nonoverlap_primary.py,canonical_nonoverlap_primary_20260830 / final_phase1_sensitivities,PASS
Results,Table 3,Table 3,MAE_DPM,0.429325,repo/Data/Additional Sensitivity Analysis/Canonical Primary Nonoverlap 20260830/dpm_endpoint_sensitivity.csv,AOI=AOI-01; sensor=sentinel2; endpoint=P2/P98,0.4293250975641344,counts: integer; manuscript headline RMSE/differences: 6 decimals; table values: source-derived fixed precision,Code/scripts/34_promote_nonoverlap_primary.py,canonical_nonoverlap_primary_20260830 / final_phase1_sensitivities,PASS
Results,Table 3,Table 3,total_clip_ratio,0.0400844968828893,repo/Data/Additional Sensitivity Analysis/Canonical Primary Nonoverlap 20260830/dpm_endpoint_sensitivity.csv,AOI=AOI-01; sensor=sentinel2; endpoint=P2/P98,0.0400844968828893,counts: integer; manuscript headline RMSE/differences: 6 decimals; table values: source-derived fixed precision,Code/scripts/34_promote_nonoverlap_primary.py,canonical_nonoverlap_primary_20260830 / final_phase1_sensitivities,PASS
Results,Table 3,Table 3,RMSE_DPM,0.532900,repo/Data/Additional Sensitivity Analysis/Canonical Primary Nonoverlap 20260830/dpm_endpoint_sensitivity.csv,AOI=AOI-01; sensor=sentinel2; endpoint=P5/P95,0.5329000283761709,counts: integer; manuscript headline RMSE/differences: 6 decimals; table values: source-derived fixed precision,Code/scripts/34_promote_nonoverlap_primary.py,canonical_nonoverlap_primary_20260830 / final_phase1_sensitivities,PASS
Results,Table 3,Table 3,MAE_DPM,0.457423,repo/Data/Additional Sensitivity Analysis/Canonical Primary Nonoverlap 20260830/dpm_endpoint_sensitivity.csv,AOI=AOI-01; sensor=sentinel2; endpoint=P5/P95,0.457422691623731,counts: integer; manuscript headline RMSE/differences: 6 decimals; table values: source-derived fixed precision,Code/scripts/34_promote_nonoverlap_primary.py,canonical_nonoverlap_primary_20260830 / final_phase1_sensitivities,PASS
Results,Table 3,Table 3,total_clip_ratio,0.1000566747385233,repo/Data/Additional Sensitivity Analysis/Canonical Primary Nonoverlap 20260830/dpm_endpoint_sensitivity.csv,AOI=AOI-01; sensor=sentinel2; endpoint=P5/P95,0.1000566747385233,counts: integer; manuscript headline RMSE/differences: 6 decimals; table values: source-derived fixed precision,Code/scripts/34_promote_nonoverlap_primary.py,canonical_nonoverlap_primary_20260830 / final_phase1_sensitivities,PASS
Results,Table 3,Table 3,RMSE_DPM,0.579566,repo/Data/Additional Sensitivity Analysis/Canonical Primary Nonoverlap 20260830/dpm_endpoint_sensitivity.csv,AOI=AOI-01; sensor=sentinel2; endpoint=P10/P90,0.5795660354362265,counts: integer; manuscript headline RMSE/differences: 6 decimals; table values: source-derived fixed precision,Code/scripts/34_promote_nonoverlap_primary.py,canonical_nonoverlap_primary_20260830 / final_phase1_sensitivities,PASS
Results,Table 3,Table 3,MAE_DPM,0.481925,repo/Data/Additional Sensitivity Analysis/Canonical Primary Nonoverlap 20260830/dpm_endpoint_sensitivity.csv,AOI=AOI-01; sensor=sentinel2; endpoint=P10/P90,0.4819250311180952,counts: integer; manuscript headline RMSE/differences: 6 decimals; table values: source-derived fixed precision,Code/scripts/34_promote_nonoverlap_primary.py,canonical_nonoverlap_primary_20260830 / final_phase1_sensitivities,PASS
Results,Table 3,Table 3,total_clip_ratio,0.2000103044979133,repo/Data/Additional Sensitivity Analysis/Canonical Primary Nonoverlap 20260830/dpm_endpoint_sensitivity.csv,AOI=AOI-01; sensor=sentinel2; endpoint=P10/P90,0.2000103044979133,counts: integer; manuscript headline RMSE/differences: 6 decimals; table values: source-derived fixed precision,Code/scripts/34_promote_nonoverlap_primary.py,canonical_nonoverlap_primary_20260830 / final_phase1_sensitivities,PASS
Results,Table 3,Table 3,RMSE_DPM,0.202689,repo/Data/Additional Sensitivity Analysis/Canonical Primary Nonoverlap 20260830/dpm_endpoint_sensitivity.csv,AOI=AOI-02; sensor=landsat; endpoint=P1/P99,0.2026885441476797,counts: integer; manuscript headline RMSE/differences: 6 decimals; table values: source-derived fixed precision,Code/scripts/34_promote_nonoverlap_primary.py,canonical_nonoverlap_primary_20260830 / final_phase1_sensitivities,PASS
Results,Table 3,Table 3,MAE_DPM,0.180139,repo/Data/Additional Sensitivity Analysis/Canonical Primary Nonoverlap 20260830/dpm_endpoint_sensitivity.csv,AOI=AOI-02; sensor=landsat; endpoint=P1/P99,0.1801388346835951,counts: integer; manuscript headline RMSE/differences: 6 decimals; table values: source-derived fixed precision,Code/scripts/34_promote_nonoverlap_primary.py,canonical_nonoverlap_primary_20260830 / final_phase1_sensitivities,PASS
Results,Table 3,Table 3,total_clip_ratio,0.0207492795389049,repo/Data/Additional Sensitivity Analysis/Canonical Primary Nonoverlap 20260830/dpm_endpoint_sensitivity.csv,AOI=AOI-02; sensor=landsat; endpoint=P1/P99,0.0207492795389049,counts: integer; manuscript headline RMSE/differences: 6 decimals; table values: source-derived fixed precision,Code/scripts/34_promote_nonoverlap_primary.py,canonical_nonoverlap_primary_20260830 / final_phase1_sensitivities,PASS
Results,Table 3,Table 3,RMSE_DPM,0.216160,repo/Data/Additional Sensitivity Analysis/Canonical Primary Nonoverlap 20260830/dpm_endpoint_sensitivity.csv,AOI=AOI-02; sensor=landsat; endpoint=P2/P98,0.216160239870315,counts: integer; manuscript headline RMSE/differences: 6 decimals; table values: source-derived fixed precision,Code/scripts/34_promote_nonoverlap_primary.py,canonical_nonoverlap_primary_20260830 / final_phase1_sensitivities,PASS
Results,Table 3,Table 3,MAE_DPM,0.192128,repo/Data/Additional Sensitivity Analysis/Canonical Primary Nonoverlap 20260830/dpm_endpoint_sensitivity.csv,AOI=AOI-02; sensor=landsat; endpoint=P2/P98,0.1921279178370149,counts: integer; manuscript headline RMSE/differences: 6 decimals; table values: source-derived fixed precision,Code/scripts/34_promote_nonoverlap_primary.py,canonical_nonoverlap_primary_20260830 / final_phase1_sensitivities,PASS
Results,Table 3,Table 3,total_clip_ratio,0.0403458213256484,repo/Data/Additional Sensitivity Analysis/Canonical Primary Nonoverlap 20260830/dpm_endpoint_sensitivity.csv,AOI=AOI-02; sensor=landsat; endpoint=P2/P98,0.0403458213256484,counts: integer; manuscript headline RMSE/differences: 6 decimals; table values: source-derived fixed precision,Code/scripts/34_promote_nonoverlap_primary.py,canonical_nonoverlap_primary_20260830 / final_phase1_sensitivities,PASS
Results,Table 3,Table 3,RMSE_DPM,0.234502,repo/Data/Additional Sensitivity Analysis/Canonical Primary Nonoverlap 20260830/dpm_endpoint_sensitivity.csv,AOI=AOI-02; sensor=landsat; endpoint=P5/P95,0.2345017703810571,counts: integer; manuscript headline RMSE/differences: 6 decimals; table values: source-derived fixed precision,Code/scripts/34_promote_nonoverlap_primary.py,canonical_nonoverlap_primary_20260830 / final_phase1_sensitivities,PASS
Results,Table 3,Table 3,MAE_DPM,0.207890,repo/Data/Additional Sensitivity Analysis/Canonical Primary Nonoverlap 20260830/dpm_endpoint_sensitivity.csv,AOI=AOI-02; sensor=landsat; endpoint=P5/P95,0.2078898619213345,counts: integer; manuscript headline RMSE/differences: 6 decimals; table values: source-derived fixed precision,Code/scripts/34_promote_nonoverlap_primary.py,canonical_nonoverlap_primary_20260830 / final_phase1_sensitivities,PASS
Results,Table 3,Table 3,total_clip_ratio,0.1002881844380403,repo/Data/Additional Sensitivity Analysis/Canonical Primary Nonoverlap 20260830/dpm_endpoint_sensitivity.csv,AOI=AOI-02; sensor=landsat; endpoint=P5/P95,0.1002881844380403,counts: integer; manuscript headline RMSE/differences: 6 decimals; table values: source-derived fixed precision,Code/scripts/34_promote_nonoverlap_primary.py,canonical_nonoverlap_primary_20260830 / final_phase1_sensitivities,PASS
Results,Table 3,Table 3,RMSE_DPM,0.248475,repo/Data/Additional Sensitivity Analysis/Canonical Primary Nonoverlap 20260830/dpm_endpoint_sensitivity.csv,AOI=AOI-02; sensor=landsat; endpoint=P10/P90,0.2484751710375673,counts: integer; manuscript headline RMSE/differences: 6 decimals; table values: source-derived fixed precision,Code/scripts/34_promote_nonoverlap_primary.py,canonical_nonoverlap_primary_20260830 / final_phase1_sensitivities,PASS
Results,Table 3,Table 3,MAE_DPM,0.218754,repo/Data/Additional Sensitivity Analysis/Canonical Primary Nonoverlap 20260830/dpm_endpoint_sensitivity.csv,AOI=AOI-02; sensor=landsat; endpoint=P10/P90,0.2187540241539675,counts: integer; manuscript headline RMSE/differences: 6 decimals; table values: source-derived fixed precision,Code/scripts/34_promote_nonoverlap_primary.py,canonical_nonoverlap_primary_20260830 / final_phase1_sensitivities,PASS
Results,Table 3,Table 3,total_clip_ratio,0.2005763688760806,repo/Data/Additional Sensitivity Analysis/Canonical Primary Nonoverlap 20260830/dpm_endpoint_sensitivity.csv,AOI=AOI-02; sensor=landsat; endpoint=P10/P90,0.2005763688760806,counts: integer; manuscript headline RMSE/differences: 6 decimals; table values: source-derived fixed precision,Code/scripts/34_promote_nonoverlap_primary.py,canonical_nonoverlap_primary_20260830 / final_phase1_sensitivities,PASS
Results,Table 3,Table 3,RMSE_DPM,0.184133,repo/Data/Additional Sensitivity Analysis/Canonical Primary Nonoverlap 20260830/dpm_endpoint_sensitivity.csv,AOI=AOI-02; sensor=modis; endpoint=P1/P99,0.1841326036129534,counts: integer; manuscript headline RMSE/differences: 6 decimals; table values: source-derived fixed precision,Code/scripts/34_promote_nonoverlap_primary.py,canonical_nonoverlap_primary_20260830 / final_phase1_sensitivities,PASS
Results,Table 3,Table 3,MAE_DPM,0.163089,repo/Data/Additional Sensitivity Analysis/Canonical Primary Nonoverlap 20260830/dpm_endpoint_sensitivity.csv,AOI=AOI-02; sensor=modis; endpoint=P1/P99,0.1630891464498561,counts: integer; manuscript headline RMSE/differences: 6 decimals; table values: source-derived fixed precision,Code/scripts/34_promote_nonoverlap_primary.py,canonical_nonoverlap_primary_20260830 / final_phase1_sensitivities,PASS
Results,Table 3,Table 3,total_clip_ratio,0.0200913242009132,repo/Data/Additional Sensitivity Analysis/Canonical Primary Nonoverlap 20260830/dpm_endpoint_sensitivity.csv,AOI=AOI-02; sensor=modis; endpoint=P1/P99,0.0200913242009132,counts: integer; manuscript headline RMSE/differences: 6 decimals; table values: source-derived fixed precision,Code/scripts/34_promote_nonoverlap_primary.py,canonical_nonoverlap_primary_20260830 / final_phase1_sensitivities,PASS
Results,Table 3,Table 3,RMSE_DPM,0.166789,repo/Data/Additional Sensitivity Analysis/Canonical Primary Nonoverlap 20260830/dpm_endpoint_sensitivity.csv,AOI=AOI-02; sensor=modis; endpoint=P2/P98,0.1667894190096023,counts: integer; manuscript headline RMSE/differences: 6 decimals; table values: source-derived fixed precision,Code/scripts/34_promote_nonoverlap_primary.py,canonical_nonoverlap_primary_20260830 / final_phase1_sensitivities,PASS
Results,Table 3,Table 3,MAE_DPM,0.138880,repo/Data/Additional Sensitivity Analysis/Canonical Primary Nonoverlap 20260830/dpm_endpoint_sensitivity.csv,AOI=AOI-02; sensor=modis; endpoint=P2/P98,0.1388802591892098,counts: integer; manuscript headline RMSE/differences: 6 decimals; table values: source-derived fixed precision,Code/scripts/34_promote_nonoverlap_primary.py,canonical_nonoverlap_primary_20260830 / final_phase1_sensitivities,PASS
Results,Table 3,Table 3,total_clip_ratio,0.0401826484018264,repo/Data/Additional Sensitivity Analysis/Canonical Primary Nonoverlap 20260830/dpm_endpoint_sensitivity.csv,AOI=AOI-02; sensor=modis; endpoint=P2/P98,0.0401826484018264,counts: integer; manuscript headline RMSE/differences: 6 decimals; table values: source-derived fixed precision,Code/scripts/34_promote_nonoverlap_primary.py,canonical_nonoverlap_primary_20260830 / final_phase1_sensitivities,PASS
Results,Table 3,Table 3,RMSE_DPM,0.193297,repo/Data/Additional Sensitivity Analysis/Canonical Primary Nonoverlap 20260830/dpm_endpoint_sensitivity.csv,AOI=AOI-02; sensor=modis; endpoint=P5/P95,0.1932973641614747,counts: integer; manuscript headline RMSE/differences: 6 decimals; table values: source-derived fixed precision,Code/scripts/34_promote_nonoverlap_primary.py,canonical_nonoverlap_primary_20260830 / final_phase1_sensitivities,PASS
Results,Table 3,Table 3,MAE_DPM,0.160285,repo/Data/Additional Sensitivity Analysis/Canonical Primary Nonoverlap 20260830/dpm_endpoint_sensitivity.csv,AOI=AOI-02; sensor=modis; endpoint=P5/P95,0.1602845972654006,counts: integer; manuscript headline RMSE/differences: 6 decimals; table values: source-derived fixed precision,Code/scripts/34_promote_nonoverlap_primary.py,canonical_nonoverlap_primary_20260830 / final_phase1_sensitivities,PASS
Results,Table 3,Table 3,total_clip_ratio,0.1004566210045662,repo/Data/Additional Sensitivity Analysis/Canonical Primary Nonoverlap 20260830/dpm_endpoint_sensitivity.csv,AOI=AOI-02; sensor=modis; endpoint=P5/P95,0.1004566210045662,counts: integer; manuscript headline RMSE/differences: 6 decimals; table values: source-derived fixed precision,Code/scripts/34_promote_nonoverlap_primary.py,canonical_nonoverlap_primary_20260830 / final_phase1_sensitivities,PASS
Results,Table 3,Table 3,RMSE_DPM,0.234067,repo/Data/Additional Sensitivity Analysis/Canonical Primary Nonoverlap 20260830/dpm_endpoint_sensitivity.csv,AOI=AOI-02; sensor=modis; endpoint=P10/P90,0.2340674493758026,counts: integer; manuscript headline RMSE/differences: 6 decimals; table values: source-derived fixed precision,Code/scripts/34_promote_nonoverlap_primary.py,canonical_nonoverlap_primary_20260830 / final_phase1_sensitivities,PASS
Results,Table 3,Table 3,MAE_DPM,0.198628,repo/Data/Additional Sensitivity Analysis/Canonical Primary Nonoverlap 20260830/dpm_endpoint_sensitivity.csv,AOI=AOI-02; sensor=modis; endpoint=P10/P90,0.198628174405281,counts: integer; manuscript headline RMSE/differences: 6 decimals; table values: source-derived fixed precision,Code/scripts/34_promote_nonoverlap_primary.py,canonical_nonoverlap_primary_20260830 / final_phase1_sensitivities,PASS
Results,Table 3,Table 3,total_clip_ratio,0.2,repo/Data/Additional Sensitivity Analysis/Canonical Primary Nonoverlap 20260830/dpm_endpoint_sensitivity.csv,AOI=AOI-02; sensor=modis; endpoint=P10/P90,0.2,counts: integer; manuscript headline RMSE/differences: 6 decimals; table values: source-derived fixed precision,Code/scripts/34_promote_nonoverlap_primary.py,canonical_nonoverlap_primary_20260830 / final_phase1_sensitivities,PASS
Results,Table 3,Table 3,RMSE_DPM,0.180253,repo/Data/Additional Sensitivity Analysis/Canonical Primary Nonoverlap 20260830/dpm_endpoint_sensitivity.csv,AOI=AOI-02; sensor=sentinel2; endpoint=P1/P99,0.1802534236470111,counts: integer; manuscript headline RMSE/differences: 6 decimals; table values: source-derived fixed precision,Code/scripts/34_promote_nonoverlap_primary.py,canonical_nonoverlap_primary_20260830 / final_phase1_sensitivities,PASS
Results,Table 3,Table 3,MAE_DPM,0.155766,repo/Data/Additional Sensitivity Analysis/Canonical Primary Nonoverlap 20260830/dpm_endpoint_sensitivity.csv,AOI=AOI-02; sensor=sentinel2; endpoint=P1/P99,0.1557662292773983,counts: integer; manuscript headline RMSE/differences: 6 decimals; table values: source-derived fixed precision,Code/scripts/34_promote_nonoverlap_primary.py,canonical_nonoverlap_primary_20260830 / final_phase1_sensitivities,PASS
Results,Table 3,Table 3,total_clip_ratio,0.0200997072089894,repo/Data/Additional Sensitivity Analysis/Canonical Primary Nonoverlap 20260830/dpm_endpoint_sensitivity.csv,AOI=AOI-02; sensor=sentinel2; endpoint=P1/P99,0.0200997072089894,counts: integer; manuscript headline RMSE/differences: 6 decimals; table values: source-derived fixed precision,Code/scripts/34_promote_nonoverlap_primary.py,canonical_nonoverlap_primary_20260830 / final_phase1_sensitivities,PASS
Results,Table 3,Table 3,RMSE_DPM,0.189210,repo/Data/Additional Sensitivity Analysis/Canonical Primary Nonoverlap 20260830/dpm_endpoint_sensitivity.csv,AOI=AOI-02; sensor=sentinel2; endpoint=P2/P98,0.1892097986881669,counts: integer; manuscript headline RMSE/differences: 6 decimals; table values: source-derived fixed precision,Code/scripts/34_promote_nonoverlap_primary.py,canonical_nonoverlap_primary_20260830 / final_phase1_sensitivities,PASS
Results,Table 3,Table 3,MAE_DPM,0.163710,repo/Data/Additional Sensitivity Analysis/Canonical Primary Nonoverlap 20260830/dpm_endpoint_sensitivity.csv,AOI=AOI-02; sensor=sentinel2; endpoint=P2/P98,0.1637097763137174,counts: integer; manuscript headline RMSE/differences: 6 decimals; table values: source-derived fixed precision,Code/scripts/34_promote_nonoverlap_primary.py,canonical_nonoverlap_primary_20260830 / final_phase1_sensitivities,PASS
Results,Table 3,Table 3,total_clip_ratio,0.0400411490068845,repo/Data/Additional Sensitivity Analysis/Canonical Primary Nonoverlap 20260830/dpm_endpoint_sensitivity.csv,AOI=AOI-02; sensor=sentinel2; endpoint=P2/P98,0.0400411490068845,counts: integer; manuscript headline RMSE/differences: 6 decimals; table values: source-derived fixed precision,Code/scripts/34_promote_nonoverlap_primary.py,canonical_nonoverlap_primary_20260830 / final_phase1_sensitivities,PASS
Results,Table 3,Table 3,RMSE_DPM,0.209610,repo/Data/Additional Sensitivity Analysis/Canonical Primary Nonoverlap 20260830/dpm_endpoint_sensitivity.csv,AOI=AOI-02; sensor=sentinel2; endpoint=P5/P95,0.2096097331543346,counts: integer; manuscript headline RMSE/differences: 6 decimals; table values: source-derived fixed precision,Code/scripts/34_promote_nonoverlap_primary.py,canonical_nonoverlap_primary_20260830 / final_phase1_sensitivities,PASS
Results,Table 3,Table 3,MAE_DPM,0.182074,repo/Data/Additional Sensitivity Analysis/Canonical Primary Nonoverlap 20260830/dpm_endpoint_sensitivity.csv,AOI=AOI-02; sensor=sentinel2; endpoint=P5/P95,0.1820735159916887,counts: integer; manuscript headline RMSE/differences: 6 decimals; table values: source-derived fixed precision,Code/scripts/34_promote_nonoverlap_primary.py,canonical_nonoverlap_primary_20260830 / final_phase1_sensitivities,PASS
Results,Table 3,Table 3,total_clip_ratio,0.1000237398116641,repo/Data/Additional Sensitivity Analysis/Canonical Primary Nonoverlap 20260830/dpm_endpoint_sensitivity.csv,AOI=AOI-02; sensor=sentinel2; endpoint=P5/P95,0.1000237398116641,counts: integer; manuscript headline RMSE/differences: 6 decimals; table values: source-derived fixed precision,Code/scripts/34_promote_nonoverlap_primary.py,canonical_nonoverlap_primary_20260830 / final_phase1_sensitivities,PASS
Results,Table 3,Table 3,RMSE_DPM,0.225154,repo/Data/Additional Sensitivity Analysis/Canonical Primary Nonoverlap 20260830/dpm_endpoint_sensitivity.csv,AOI=AOI-02; sensor=sentinel2; endpoint=P10/P90,0.2251540242129436,counts: integer; manuscript headline RMSE/differences: 6 decimals; table values: source-derived fixed precision,Code/scripts/34_promote_nonoverlap_primary.py,canonical_nonoverlap_primary_20260830 / final_phase1_sensitivities,PASS
Results,Table 3,Table 3,MAE_DPM,0.194624,repo/Data/Additional Sensitivity Analysis/Canonical Primary Nonoverlap 20260830/dpm_endpoint_sensitivity.csv,AOI=AOI-02; sensor=sentinel2; endpoint=P10/P90,0.1946237415536419,counts: integer; manuscript headline RMSE/differences: 6 decimals; table values: source-derived fixed precision,Code/scripts/34_promote_nonoverlap_primary.py,canonical_nonoverlap_primary_20260830 / final_phase1_sensitivities,PASS
Results,Table 3,Table 3,total_clip_ratio,0.2000474796233283,repo/Data/Additional Sensitivity Analysis/Canonical Primary Nonoverlap 20260830/dpm_endpoint_sensitivity.csv,AOI=AOI-02; sensor=sentinel2; endpoint=P10/P90,0.2000474796233283,counts: integer; manuscript headline RMSE/differences: 6 decimals; table values: source-derived fixed precision,Code/scripts/34_promote_nonoverlap_primary.py,canonical_nonoverlap_primary_20260830 / final_phase1_sensitivities,PASS
Results,Table 3,Table 3,RMSE_DPM,0.219811,repo/Data/Additional Sensitivity Analysis/Canonical Primary Nonoverlap 20260830/dpm_endpoint_sensitivity.csv,AOI=AOI-03; sensor=landsat; endpoint=P1/P99,0.2198108702917442,counts: integer; manuscript headline RMSE/differences: 6 decimals; table values: source-derived fixed precision,Code/scripts/34_promote_nonoverlap_primary.py,canonical_nonoverlap_primary_20260830 / final_phase1_sensitivities,PASS
Results,Table 3,Table 3,MAE_DPM,0.185053,repo/Data/Additional Sensitivity Analysis/Canonical Primary Nonoverlap 20260830/dpm_endpoint_sensitivity.csv,AOI=AOI-03; sensor=landsat; endpoint=P1/P99,0.185052603879454,counts: integer; manuscript headline RMSE/differences: 6 decimals; table values: source-derived fixed precision,Code/scripts/34_promote_nonoverlap_primary.py,canonical_nonoverlap_primary_20260830 / final_phase1_sensitivities,PASS
Results,Table 3,Table 3,total_clip_ratio,0.0201673460630765,repo/Data/Additional Sensitivity Analysis/Canonical Primary Nonoverlap 20260830/dpm_endpoint_sensitivity.csv,AOI=AOI-03; sensor=landsat; endpoint=P1/P99,0.0201673460630765,counts: integer; manuscript headline RMSE/differences: 6 decimals; table values: source-derived fixed precision,Code/scripts/34_promote_nonoverlap_primary.py,canonical_nonoverlap_primary_20260830 / final_phase1_sensitivities,PASS
Results,Table 3,Table 3,RMSE_DPM,0.235314,repo/Data/Additional Sensitivity Analysis/Canonical Primary Nonoverlap 20260830/dpm_endpoint_sensitivity.csv,AOI=AOI-03; sensor=landsat; endpoint=P2/P98,0.2353144874067017,counts: integer; manuscript headline RMSE/differences: 6 decimals; table values: source-derived fixed precision,Code/scripts/34_promote_nonoverlap_primary.py,canonical_nonoverlap_primary_20260830 / final_phase1_sensitivities,PASS
Results,Table 3,Table 3,MAE_DPM,0.195141,repo/Data/Additional Sensitivity Analysis/Canonical Primary Nonoverlap 20260830/dpm_endpoint_sensitivity.csv,AOI=AOI-03; sensor=landsat; endpoint=P2/P98,0.1951414190868753,counts: integer; manuscript headline RMSE/differences: 6 decimals; table values: source-derived fixed precision,Code/scripts/34_promote_nonoverlap_primary.py,canonical_nonoverlap_primary_20260830 / final_phase1_sensitivities,PASS
Results,Table 3,Table 3,total_clip_ratio,0.0401201458914396,repo/Data/Additional Sensitivity Analysis/Canonical Primary Nonoverlap 20260830/dpm_endpoint_sensitivity.csv,AOI=AOI-03; sensor=landsat; endpoint=P2/P98,0.0401201458914396,counts: integer; manuscript headline RMSE/differences: 6 decimals; table values: source-derived fixed precision,Code/scripts/34_promote_nonoverlap_primary.py,canonical_nonoverlap_primary_20260830 / final_phase1_sensitivities,PASS
Results,Table 3,Table 3,RMSE_DPM,0.287411,repo/Data/Additional Sensitivity Analysis/Canonical Primary Nonoverlap 20260830/dpm_endpoint_sensitivity.csv,AOI=AOI-03; sensor=landsat; endpoint=P5/P95,0.2874110281850827,counts: integer; manuscript headline RMSE/differences: 6 decimals; table values: source-derived fixed precision,Code/scripts/34_promote_nonoverlap_primary.py,canonical_nonoverlap_primary_20260830 / final_phase1_sensitivities,PASS
Results,Table 3,Table 3,MAE_DPM,0.235117,repo/Data/Additional Sensitivity Analysis/Canonical Primary Nonoverlap 20260830/dpm_endpoint_sensitivity.csv,AOI=AOI-03; sensor=landsat; endpoint=P5/P95,0.235116656930388,counts: integer; manuscript headline RMSE/differences: 6 decimals; table values: source-derived fixed precision,Code/scripts/34_promote_nonoverlap_primary.py,canonical_nonoverlap_primary_20260830 / final_phase1_sensitivities,PASS
Results,Table 3,Table 3,total_clip_ratio,0.1001930916112422,repo/Data/Additional Sensitivity Analysis/Canonical Primary Nonoverlap 20260830/dpm_endpoint_sensitivity.csv,AOI=AOI-03; sensor=landsat; endpoint=P5/P95,0.1001930916112422,counts: integer; manuscript headline RMSE/differences: 6 decimals; table values: source-derived fixed precision,Code/scripts/34_promote_nonoverlap_primary.py,canonical_nonoverlap_primary_20260830 / final_phase1_sensitivities,PASS
Results,Table 3,Table 3,RMSE_DPM,0.378761,repo/Data/Additional Sensitivity Analysis/Canonical Primary Nonoverlap 20260830/dpm_endpoint_sensitivity.csv,AOI=AOI-03; sensor=landsat; endpoint=P10/P90,0.3787611555549346,counts: integer; manuscript headline RMSE/differences: 6 decimals; table values: source-derived fixed precision,Code/scripts/34_promote_nonoverlap_primary.py,canonical_nonoverlap_primary_20260830 / final_phase1_sensitivities,PASS
Results,Table 3,Table 3,MAE_DPM,0.310617,repo/Data/Additional Sensitivity Analysis/Canonical Primary Nonoverlap 20260830/dpm_endpoint_sensitivity.csv,AOI=AOI-03; sensor=landsat; endpoint=P10/P90,0.3106171744642203,counts: integer; manuscript headline RMSE/differences: 6 decimals; table values: source-derived fixed precision,Code/scripts/34_promote_nonoverlap_primary.py,canonical_nonoverlap_primary_20260830 / final_phase1_sensitivities,PASS
Results,Table 3,Table 3,total_clip_ratio,0.2001716369877708,repo/Data/Additional Sensitivity Analysis/Canonical Primary Nonoverlap 20260830/dpm_endpoint_sensitivity.csv,AOI=AOI-03; sensor=landsat; endpoint=P10/P90,0.2001716369877708,counts: integer; manuscript headline RMSE/differences: 6 decimals; table values: source-derived fixed precision,Code/scripts/34_promote_nonoverlap_primary.py,canonical_nonoverlap_primary_20260830 / final_phase1_sensitivities,PASS
Results,Table 3,Table 3,RMSE_DPM,0.224150,repo/Data/Additional Sensitivity Analysis/Canonical Primary Nonoverlap 20260830/dpm_endpoint_sensitivity.csv,AOI=AOI-03; sensor=modis; endpoint=P1/P99,0.2241501561614809,counts: integer; manuscript headline RMSE/differences: 6 decimals; table values: source-derived fixed precision,Code/scripts/34_promote_nonoverlap_primary.py,canonical_nonoverlap_primary_20260830 / final_phase1_sensitivities,PASS
Results,Table 3,Table 3,MAE_DPM,0.195230,repo/Data/Additional Sensitivity Analysis/Canonical Primary Nonoverlap 20260830/dpm_endpoint_sensitivity.csv,AOI=AOI-03; sensor=modis; endpoint=P1/P99,0.1952300820096784,counts: integer; manuscript headline RMSE/differences: 6 decimals; table values: source-derived fixed precision,Code/scripts/34_promote_nonoverlap_primary.py,canonical_nonoverlap_primary_20260830 / final_phase1_sensitivities,PASS
Results,Table 3,Table 3,total_clip_ratio,0.0200604999203948,repo/Data/Additional Sensitivity Analysis/Canonical Primary Nonoverlap 20260830/dpm_endpoint_sensitivity.csv,AOI=AOI-03; sensor=modis; endpoint=P1/P99,0.0200604999203948,counts: integer; manuscript headline RMSE/differences: 6 decimals; table values: source-derived fixed precision,Code/scripts/34_promote_nonoverlap_primary.py,canonical_nonoverlap_primary_20260830 / final_phase1_sensitivities,PASS
Results,Table 3,Table 3,RMSE_DPM,0.239189,repo/Data/Additional Sensitivity Analysis/Canonical Primary Nonoverlap 20260830/dpm_endpoint_sensitivity.csv,AOI=AOI-03; sensor=modis; endpoint=P2/P98,0.2391885384242695,counts: integer; manuscript headline RMSE/differences: 6 decimals; table values: source-derived fixed precision,Code/scripts/34_promote_nonoverlap_primary.py,canonical_nonoverlap_primary_20260830 / final_phase1_sensitivities,PASS
Results,Table 3,Table 3,MAE_DPM,0.204854,repo/Data/Additional Sensitivity Analysis/Canonical Primary Nonoverlap 20260830/dpm_endpoint_sensitivity.csv,AOI=AOI-03; sensor=modis; endpoint=P2/P98,0.2048539027592497,counts: integer; manuscript headline RMSE/differences: 6 decimals; table values: source-derived fixed precision,Code/scripts/34_promote_nonoverlap_primary.py,canonical_nonoverlap_primary_20260830 / final_phase1_sensitivities,PASS
Results,Table 3,Table 3,total_clip_ratio,0.0401209998407896,repo/Data/Additional Sensitivity Analysis/Canonical Primary Nonoverlap 20260830/dpm_endpoint_sensitivity.csv,AOI=AOI-03; sensor=modis; endpoint=P2/P98,0.0401209998407896,counts: integer; manuscript headline RMSE/differences: 6 decimals; table values: source-derived fixed precision,Code/scripts/34_promote_nonoverlap_primary.py,canonical_nonoverlap_primary_20260830 / final_phase1_sensitivities,PASS
Results,Table 3,Table 3,RMSE_DPM,0.285968,repo/Data/Additional Sensitivity Analysis/Canonical Primary Nonoverlap 20260830/dpm_endpoint_sensitivity.csv,AOI=AOI-03; sensor=modis; endpoint=P5/P95,0.2859678073396993,counts: integer; manuscript headline RMSE/differences: 6 decimals; table values: source-derived fixed precision,Code/scripts/34_promote_nonoverlap_primary.py,canonical_nonoverlap_primary_20260830 / final_phase1_sensitivities,PASS
Results,Table 3,Table 3,MAE_DPM,0.241147,repo/Data/Additional Sensitivity Analysis/Canonical Primary Nonoverlap 20260830/dpm_endpoint_sensitivity.csv,AOI=AOI-03; sensor=modis; endpoint=P5/P95,0.2411470744640737,counts: integer; manuscript headline RMSE/differences: 6 decimals; table values: source-derived fixed precision,Code/scripts/34_promote_nonoverlap_primary.py,canonical_nonoverlap_primary_20260830 / final_phase1_sensitivities,PASS
Results,Table 3,Table 3,total_clip_ratio,0.1001432892851456,repo/Data/Additional Sensitivity Analysis/Canonical Primary Nonoverlap 20260830/dpm_endpoint_sensitivity.csv,AOI=AOI-03; sensor=modis; endpoint=P5/P95,0.1001432892851456,counts: integer; manuscript headline RMSE/differences: 6 decimals; table values: source-derived fixed precision,Code/scripts/34_promote_nonoverlap_primary.py,canonical_nonoverlap_primary_20260830 / final_phase1_sensitivities,PASS
Results,Table 3,Table 3,RMSE_DPM,0.381338,repo/Data/Additional Sensitivity Analysis/Canonical Primary Nonoverlap 20260830/dpm_endpoint_sensitivity.csv,AOI=AOI-03; sensor=modis; endpoint=P10/P90,0.3813376775914733,counts: integer; manuscript headline RMSE/differences: 6 decimals; table values: source-derived fixed precision,Code/scripts/34_promote_nonoverlap_primary.py,canonical_nonoverlap_primary_20260830 / final_phase1_sensitivities,PASS
Results,Table 3,Table 3,MAE_DPM,0.318164,repo/Data/Additional Sensitivity Analysis/Canonical Primary Nonoverlap 20260830/dpm_endpoint_sensitivity.csv,AOI=AOI-03; sensor=modis; endpoint=P10/P90,0.3181643621977362,counts: integer; manuscript headline RMSE/differences: 6 decimals; table values: source-derived fixed precision,Code/scripts/34_promote_nonoverlap_primary.py,canonical_nonoverlap_primary_20260830 / final_phase1_sensitivities,PASS
Results,Table 3,Table 3,total_clip_ratio,0.2001273682534628,repo/Data/Additional Sensitivity Analysis/Canonical Primary Nonoverlap 20260830/dpm_endpoint_sensitivity.csv,AOI=AOI-03; sensor=modis; endpoint=P10/P90,0.2001273682534628,counts: integer; manuscript headline RMSE/differences: 6 decimals; table values: source-derived fixed precision,Code/scripts/34_promote_nonoverlap_primary.py,canonical_nonoverlap_primary_20260830 / final_phase1_sensitivities,PASS
Results,Table 3,Table 3,RMSE_DPM,0.205659,repo/Data/Additional Sensitivity Analysis/Canonical Primary Nonoverlap 20260830/dpm_endpoint_sensitivity.csv,AOI=AOI-03; sensor=sentinel2; endpoint=P1/P99,0.20565903265284,counts: integer; manuscript headline RMSE/differences: 6 decimals; table values: source-derived fixed precision,Code/scripts/34_promote_nonoverlap_primary.py,canonical_nonoverlap_primary_20260830 / final_phase1_sensitivities,PASS
Results,Table 3,Table 3,MAE_DPM,0.175625,repo/Data/Additional Sensitivity Analysis/Canonical Primary Nonoverlap 20260830/dpm_endpoint_sensitivity.csv,AOI=AOI-03; sensor=sentinel2; endpoint=P1/P99,0.1756254941809663,counts: integer; manuscript headline RMSE/differences: 6 decimals; table values: source-derived fixed precision,Code/scripts/34_promote_nonoverlap_primary.py,canonical_nonoverlap_primary_20260830 / final_phase1_sensitivities,PASS
Results,Table 3,Table 3,total_clip_ratio,0.0200188857412653,repo/Data/Additional Sensitivity Analysis/Canonical Primary Nonoverlap 20260830/dpm_endpoint_sensitivity.csv,AOI=AOI-03; sensor=sentinel2; endpoint=P1/P99,0.0200188857412653,counts: integer; manuscript headline RMSE/differences: 6 decimals; table values: source-derived fixed precision,Code/scripts/34_promote_nonoverlap_primary.py,canonical_nonoverlap_primary_20260830 / final_phase1_sensitivities,PASS
Results,Table 3,Table 3,RMSE_DPM,0.236860,repo/Data/Additional Sensitivity Analysis/Canonical Primary Nonoverlap 20260830/dpm_endpoint_sensitivity.csv,AOI=AOI-03; sensor=sentinel2; endpoint=P2/P98,0.2368602383567819,counts: integer; manuscript headline RMSE/differences: 6 decimals; table values: source-derived fixed precision,Code/scripts/34_promote_nonoverlap_primary.py,canonical_nonoverlap_primary_20260830 / final_phase1_sensitivities,PASS
Results,Table 3,Table 3,MAE_DPM,0.199803,repo/Data/Additional Sensitivity Analysis/Canonical Primary Nonoverlap 20260830/dpm_endpoint_sensitivity.csv,AOI=AOI-03; sensor=sentinel2; endpoint=P2/P98,0.1998025173648238,counts: integer; manuscript headline RMSE/differences: 6 decimals; table values: source-derived fixed precision,Code/scripts/34_promote_nonoverlap_primary.py,canonical_nonoverlap_primary_20260830 / final_phase1_sensitivities,PASS
Results,Table 3,Table 3,total_clip_ratio,0.0400377714825306,repo/Data/Additional Sensitivity Analysis/Canonical Primary Nonoverlap 20260830/dpm_endpoint_sensitivity.csv,AOI=AOI-03; sensor=sentinel2; endpoint=P2/P98,0.0400377714825306,counts: integer; manuscript headline RMSE/differences: 6 decimals; table values: source-derived fixed precision,Code/scripts/34_promote_nonoverlap_primary.py,canonical_nonoverlap_primary_20260830 / final_phase1_sensitivities,PASS
Results,Table 3,Table 3,RMSE_DPM,0.325987,repo/Data/Additional Sensitivity Analysis/Canonical Primary Nonoverlap 20260830/dpm_endpoint_sensitivity.csv,AOI=AOI-03; sensor=sentinel2; endpoint=P5/P95,0.3259870990176238,counts: integer; manuscript headline RMSE/differences: 6 decimals; table values: source-derived fixed precision,Code/scripts/34_promote_nonoverlap_primary.py,canonical_nonoverlap_primary_20260830 / final_phase1_sensitivities,PASS
Results,Table 3,Table 3,MAE_DPM,0.273950,repo/Data/Additional Sensitivity Analysis/Canonical Primary Nonoverlap 20260830/dpm_endpoint_sensitivity.csv,AOI=AOI-03; sensor=sentinel2; endpoint=P5/P95,0.2739502791937331,counts: integer; manuscript headline RMSE/differences: 6 decimals; table values: source-derived fixed precision,Code/scripts/34_promote_nonoverlap_primary.py,canonical_nonoverlap_primary_20260830 / final_phase1_sensitivities,PASS
Results,Table 3,Table 3,total_clip_ratio,0.1000944287063267,repo/Data/Additional Sensitivity Analysis/Canonical Primary Nonoverlap 20260830/dpm_endpoint_sensitivity.csv,AOI=AOI-03; sensor=sentinel2; endpoint=P5/P95,0.1000944287063267,counts: integer; manuscript headline RMSE/differences: 6 decimals; table values: source-derived fixed precision,Code/scripts/34_promote_nonoverlap_primary.py,canonical_nonoverlap_primary_20260830 / final_phase1_sensitivities,PASS
Results,Table 3,Table 3,RMSE_DPM,0.415994,repo/Data/Additional Sensitivity Analysis/Canonical Primary Nonoverlap 20260830/dpm_endpoint_sensitivity.csv,AOI=AOI-03; sensor=sentinel2; endpoint=P10/P90,0.4159942209198781,counts: integer; manuscript headline RMSE/differences: 6 decimals; table values: source-derived fixed precision,Code/scripts/34_promote_nonoverlap_primary.py,canonical_nonoverlap_primary_20260830 / final_phase1_sensitivities,PASS
Results,Table 3,Table 3,MAE_DPM,0.348513,repo/Data/Additional Sensitivity Analysis/Canonical Primary Nonoverlap 20260830/dpm_endpoint_sensitivity.csv,AOI=AOI-03; sensor=sentinel2; endpoint=P10/P90,0.3485126291985483,counts: integer; manuscript headline RMSE/differences: 6 decimals; table values: source-derived fixed precision,Code/scripts/34_promote_nonoverlap_primary.py,canonical_nonoverlap_primary_20260830 / final_phase1_sensitivities,PASS
Results,Table 3,Table 3,total_clip_ratio,0.2,repo/Data/Additional Sensitivity Analysis/Canonical Primary Nonoverlap 20260830/dpm_endpoint_sensitivity.csv,AOI=AOI-03; sensor=sentinel2; endpoint=P10/P90,0.2,counts: integer; manuscript headline RMSE/differences: 6 decimals; table values: source-derived fixed precision,Code/scripts/34_promote_nonoverlap_primary.py,canonical_nonoverlap_primary_20260830 / final_phase1_sensitivities,PASS
Results,Table 3,Table 3,RMSE_DPM,0.197129,repo/Data/Additional Sensitivity Analysis/Canonical Primary Nonoverlap 20260830/dpm_vs_ols_selected.csv,AOI=AOI-00; sensor=landsat; selected_endpoint=P5/P95,0.1971286950457216,counts: integer; manuscript headline RMSE/differences: 6 decimals; table values: source-derived fixed precision,Code/scripts/34_promote_nonoverlap_primary.py,canonical_nonoverlap_primary_20260830 / final_phase1_sensitivities,PASS
Results,Table 3,Table 3,RMSE_OLS,0.049230,repo/Data/Additional Sensitivity Analysis/Canonical Primary Nonoverlap 20260830/dpm_vs_ols_selected.csv,AOI=AOI-00; sensor=landsat; selected_endpoint=P5/P95,0.0492297588303295,counts: integer; manuscript headline RMSE/differences: 6 decimals; table values: source-derived fixed precision,Code/scripts/34_promote_nonoverlap_primary.py,canonical_nonoverlap_primary_20260830 / final_phase1_sensitivities,PASS
Results,Table 3,Table 3,RMSE_ratio_DPM_over_OLS,4.00,repo/Data/Additional Sensitivity Analysis/Canonical Primary Nonoverlap 20260830/dpm_vs_ols_selected.csv,AOI=AOI-00; sensor=landsat; selected_endpoint=P5/P95,4.004258800558541,counts: integer; manuscript headline RMSE/differences: 6 decimals; table values: source-derived fixed precision,Code/scripts/34_promote_nonoverlap_primary.py,canonical_nonoverlap_primary_20260830 / final_phase1_sensitivities,PASS
Results,Table 3,Table 3,RMSE_DPM,0.183367,repo/Data/Additional Sensitivity Analysis/Canonical Primary Nonoverlap 20260830/dpm_vs_ols_selected.csv,AOI=AOI-00; sensor=modis; selected_endpoint=P2/P98,0.1833673902157167,counts: integer; manuscript headline RMSE/differences: 6 decimals; table values: source-derived fixed precision,Code/scripts/34_promote_nonoverlap_primary.py,canonical_nonoverlap_primary_20260830 / final_phase1_sensitivities,PASS
Results,Table 3,Table 3,RMSE_OLS,0.041835,repo/Data/Additional Sensitivity Analysis/Canonical Primary Nonoverlap 20260830/dpm_vs_ols_selected.csv,AOI=AOI-00; sensor=modis; selected_endpoint=P2/P98,0.0418347022994977,counts: integer; manuscript headline RMSE/differences: 6 decimals; table values: source-derived fixed precision,Code/scripts/34_promote_nonoverlap_primary.py,canonical_nonoverlap_primary_20260830 / final_phase1_sensitivities,PASS
Results,Table 3,Table 3,RMSE_ratio_DPM_over_OLS,4.38,repo/Data/Additional Sensitivity Analysis/Canonical Primary Nonoverlap 20260830/dpm_vs_ols_selected.csv,AOI=AOI-00; sensor=modis; selected_endpoint=P2/P98,4.383140793090295,counts: integer; manuscript headline RMSE/differences: 6 decimals; table values: source-derived fixed precision,Code/scripts/34_promote_nonoverlap_primary.py,canonical_nonoverlap_primary_20260830 / final_phase1_sensitivities,PASS
Results,Table 3,Table 3,RMSE_DPM,0.177680,repo/Data/Additional Sensitivity Analysis/Canonical Primary Nonoverlap 20260830/dpm_vs_ols_selected.csv,AOI=AOI-00; sensor=sentinel2; selected_endpoint=P1/P99,0.1776795811146561,counts: integer; manuscript headline RMSE/differences: 6 decimals; table values: source-derived fixed precision,Code/scripts/34_promote_nonoverlap_primary.py,canonical_nonoverlap_primary_20260830 / final_phase1_sensitivities,PASS
Results,Table 3,Table 3,RMSE_OLS,0.072786,repo/Data/Additional Sensitivity Analysis/Canonical Primary Nonoverlap 20260830/dpm_vs_ols_selected.csv,AOI=AOI-00; sensor=sentinel2; selected_endpoint=P1/P99,0.0727859818139534,counts: integer; manuscript headline RMSE/differences: 6 decimals; table values: source-derived fixed precision,Code/scripts/34_promote_nonoverlap_primary.py,canonical_nonoverlap_primary_20260830 / final_phase1_sensitivities,PASS
Results,Table 3,Table 3,RMSE_ratio_DPM_over_OLS,2.44,repo/Data/Additional Sensitivity Analysis/Canonical Primary Nonoverlap 20260830/dpm_vs_ols_selected.csv,AOI=AOI-00; sensor=sentinel2; selected_endpoint=P1/P99,2.4411236434073085,counts: integer; manuscript headline RMSE/differences: 6 decimals; table values: source-derived fixed precision,Code/scripts/34_promote_nonoverlap_primary.py,canonical_nonoverlap_primary_20260830 / final_phase1_sensitivities,PASS
Results,Table 3,Table 3,RMSE_DPM,0.493138,repo/Data/Additional Sensitivity Analysis/Canonical Primary Nonoverlap 20260830/dpm_vs_ols_selected.csv,AOI=AOI-01; sensor=landsat; selected_endpoint=P1/P99,0.493138182764488,counts: integer; manuscript headline RMSE/differences: 6 decimals; table values: source-derived fixed precision,Code/scripts/34_promote_nonoverlap_primary.py,canonical_nonoverlap_primary_20260830 / final_phase1_sensitivities,PASS
Results,Table 3,Table 3,RMSE_OLS,0.001210,repo/Data/Additional Sensitivity Analysis/Canonical Primary Nonoverlap 20260830/dpm_vs_ols_selected.csv,AOI=AOI-01; sensor=landsat; selected_endpoint=P1/P99,0.0012098680224037,counts: integer; manuscript headline RMSE/differences: 6 decimals; table values: source-derived fixed precision,Code/scripts/34_promote_nonoverlap_primary.py,canonical_nonoverlap_primary_20260830 / final_phase1_sensitivities,PASS
Results,Table 3,Table 3,RMSE_ratio_DPM_over_OLS,407.60,repo/Data/Additional Sensitivity Analysis/Canonical Primary Nonoverlap 20260830/dpm_vs_ols_selected.csv,AOI=AOI-01; sensor=landsat; selected_endpoint=P1/P99,407.5966747056823,counts: integer; manuscript headline RMSE/differences: 6 decimals; table values: source-derived fixed precision,Code/scripts/34_promote_nonoverlap_primary.py,canonical_nonoverlap_primary_20260830 / final_phase1_sensitivities,PASS
Results,Table 3,Table 3,RMSE_DPM,0.432897,repo/Data/Additional Sensitivity Analysis/Canonical Primary Nonoverlap 20260830/dpm_vs_ols_selected.csv,AOI=AOI-01; sensor=modis; selected_endpoint=P1/P99,0.4328971518373747,counts: integer; manuscript headline RMSE/differences: 6 decimals; table values: source-derived fixed precision,Code/scripts/34_promote_nonoverlap_primary.py,canonical_nonoverlap_primary_20260830 / final_phase1_sensitivities,PASS
Results,Table 3,Table 3,RMSE_OLS,0.001404,repo/Data/Additional Sensitivity Analysis/Canonical Primary Nonoverlap 20260830/dpm_vs_ols_selected.csv,AOI=AOI-01; sensor=modis; selected_endpoint=P1/P99,0.0014037569395782,counts: integer; manuscript headline RMSE/differences: 6 decimals; table values: source-derived fixed precision,Code/scripts/34_promote_nonoverlap_primary.py,canonical_nonoverlap_primary_20260830 / final_phase1_sensitivities,PASS
Results,Table 3,Table 3,RMSE_ratio_DPM_over_OLS,308.38,repo/Data/Additional Sensitivity Analysis/Canonical Primary Nonoverlap 20260830/dpm_vs_ols_selected.csv,AOI=AOI-01; sensor=modis; selected_endpoint=P1/P99,308.3846922726152,counts: integer; manuscript headline RMSE/differences: 6 decimals; table values: source-derived fixed precision,Code/scripts/34_promote_nonoverlap_primary.py,canonical_nonoverlap_primary_20260830 / final_phase1_sensitivities,PASS
Results,Table 3,Table 3,RMSE_DPM,0.451374,repo/Data/Additional Sensitivity Analysis/Canonical Primary Nonoverlap 20260830/dpm_vs_ols_selected.csv,AOI=AOI-01; sensor=sentinel2; selected_endpoint=P1/P99,0.4513743049259327,counts: integer; manuscript headline RMSE/differences: 6 decimals; table values: source-derived fixed precision,Code/scripts/34_promote_nonoverlap_primary.py,canonical_nonoverlap_primary_20260830 / final_phase1_sensitivities,PASS
Results,Table 3,Table 3,RMSE_OLS,0.001335,repo/Data/Additional Sensitivity Analysis/Canonical Primary Nonoverlap 20260830/dpm_vs_ols_selected.csv,AOI=AOI-01; sensor=sentinel2; selected_endpoint=P1/P99,0.0013354750127916,counts: integer; manuscript headline RMSE/differences: 6 decimals; table values: source-derived fixed precision,Code/scripts/34_promote_nonoverlap_primary.py,canonical_nonoverlap_primary_20260830 / final_phase1_sensitivities,PASS
Results,Table 3,Table 3,RMSE_ratio_DPM_over_OLS,337.99,repo/Data/Additional Sensitivity Analysis/Canonical Primary Nonoverlap 20260830/dpm_vs_ols_selected.csv,AOI=AOI-01; sensor=sentinel2; selected_endpoint=P1/P99,337.9878324959368,counts: integer; manuscript headline RMSE/differences: 6 decimals; table values: source-derived fixed precision,Code/scripts/34_promote_nonoverlap_primary.py,canonical_nonoverlap_primary_20260830 / final_phase1_sensitivities,PASS
Results,Table 3,Table 3,RMSE_DPM,0.202689,repo/Data/Additional Sensitivity Analysis/Canonical Primary Nonoverlap 20260830/dpm_vs_ols_selected.csv,AOI=AOI-02; sensor=landsat; selected_endpoint=P1/P99,0.2026885441476797,counts: integer; manuscript headline RMSE/differences: 6 decimals; table values: source-derived fixed precision,Code/scripts/34_promote_nonoverlap_primary.py,canonical_nonoverlap_primary_20260830 / final_phase1_sensitivities,PASS
Results,Table 3,Table 3,RMSE_OLS,0.057445,repo/Data/Additional Sensitivity Analysis/Canonical Primary Nonoverlap 20260830/dpm_vs_ols_selected.csv,AOI=AOI-02; sensor=landsat; selected_endpoint=P1/P99,0.057445153399661,counts: integer; manuscript headline RMSE/differences: 6 decimals; table values: source-derived fixed precision,Code/scripts/34_promote_nonoverlap_primary.py,canonical_nonoverlap_primary_20260830 / final_phase1_sensitivities,PASS
Results,Table 3,Table 3,RMSE_ratio_DPM_over_OLS,3.53,repo/Data/Additional Sensitivity Analysis/Canonical Primary Nonoverlap 20260830/dpm_vs_ols_selected.csv,AOI=AOI-02; sensor=landsat; selected_endpoint=P1/P99,3.5283837217305756,counts: integer; manuscript headline RMSE/differences: 6 decimals; table values: source-derived fixed precision,Code/scripts/34_promote_nonoverlap_primary.py,canonical_nonoverlap_primary_20260830 / final_phase1_sensitivities,PASS
Results,Table 3,Table 3,RMSE_DPM,0.166789,repo/Data/Additional Sensitivity Analysis/Canonical Primary Nonoverlap 20260830/dpm_vs_ols_selected.csv,AOI=AOI-02; sensor=modis; selected_endpoint=P2/P98,0.1667894190096023,counts: integer; manuscript headline RMSE/differences: 6 decimals; table values: source-derived fixed precision,Code/scripts/34_promote_nonoverlap_primary.py,canonical_nonoverlap_primary_20260830 / final_phase1_sensitivities,PASS
Results,Table 3,Table 3,RMSE_OLS,0.056367,repo/Data/Additional Sensitivity Analysis/Canonical Primary Nonoverlap 20260830/dpm_vs_ols_selected.csv,AOI=AOI-02; sensor=modis; selected_endpoint=P2/P98,0.0563666402504544,counts: integer; manuscript headline RMSE/differences: 6 decimals; table values: source-derived fixed precision,Code/scripts/34_promote_nonoverlap_primary.py,canonical_nonoverlap_primary_20260830 / final_phase1_sensitivities,PASS
Results,Table 3,Table 3,RMSE_ratio_DPM_over_OLS,2.96,repo/Data/Additional Sensitivity Analysis/Canonical Primary Nonoverlap 20260830/dpm_vs_ols_selected.csv,AOI=AOI-02; sensor=modis; selected_endpoint=P2/P98,2.9590094117461216,counts: integer; manuscript headline RMSE/differences: 6 decimals; table values: source-derived fixed precision,Code/scripts/34_promote_nonoverlap_primary.py,canonical_nonoverlap_primary_20260830 / final_phase1_sensitivities,PASS
Results,Table 3,Table 3,RMSE_DPM,0.180253,repo/Data/Additional Sensitivity Analysis/Canonical Primary Nonoverlap 20260830/dpm_vs_ols_selected.csv,AOI=AOI-02; sensor=sentinel2; selected_endpoint=P1/P99,0.1802534236470111,counts: integer; manuscript headline RMSE/differences: 6 decimals; table values: source-derived fixed precision,Code/scripts/34_promote_nonoverlap_primary.py,canonical_nonoverlap_primary_20260830 / final_phase1_sensitivities,PASS
Results,Table 3,Table 3,RMSE_OLS,0.059645,repo/Data/Additional Sensitivity Analysis/Canonical Primary Nonoverlap 20260830/dpm_vs_ols_selected.csv,AOI=AOI-02; sensor=sentinel2; selected_endpoint=P1/P99,0.0596448274340375,counts: integer; manuscript headline RMSE/differences: 6 decimals; table values: source-derived fixed precision,Code/scripts/34_promote_nonoverlap_primary.py,canonical_nonoverlap_primary_20260830 / final_phase1_sensitivities,PASS
Results,Table 3,Table 3,RMSE_ratio_DPM_over_OLS,3.02,repo/Data/Additional Sensitivity Analysis/Canonical Primary Nonoverlap 20260830/dpm_vs_ols_selected.csv,AOI=AOI-02; sensor=sentinel2; selected_endpoint=P1/P99,3.0221132561135686,counts: integer; manuscript headline RMSE/differences: 6 decimals; table values: source-derived fixed precision,Code/scripts/34_promote_nonoverlap_primary.py,canonical_nonoverlap_primary_20260830 / final_phase1_sensitivities,PASS
Results,Table 3,Table 3,RMSE_DPM,0.219811,repo/Data/Additional Sensitivity Analysis/Canonical Primary Nonoverlap 20260830/dpm_vs_ols_selected.csv,AOI=AOI-03; sensor=landsat; selected_endpoint=P1/P99,0.2198108702917442,counts: integer; manuscript headline RMSE/differences: 6 decimals; table values: source-derived fixed precision,Code/scripts/34_promote_nonoverlap_primary.py,canonical_nonoverlap_primary_20260830 / final_phase1_sensitivities,PASS
Results,Table 3,Table 3,RMSE_OLS,0.036780,repo/Data/Additional Sensitivity Analysis/Canonical Primary Nonoverlap 20260830/dpm_vs_ols_selected.csv,AOI=AOI-03; sensor=landsat; selected_endpoint=P1/P99,0.0367796409806039,counts: integer; manuscript headline RMSE/differences: 6 decimals; table values: source-derived fixed precision,Code/scripts/34_promote_nonoverlap_primary.py,canonical_nonoverlap_primary_20260830 / final_phase1_sensitivities,PASS
Results,Table 3,Table 3,RMSE_ratio_DPM_over_OLS,5.98,repo/Data/Additional Sensitivity Analysis/Canonical Primary Nonoverlap 20260830/dpm_vs_ols_selected.csv,AOI=AOI-03; sensor=landsat; selected_endpoint=P1/P99,5.976427839729681,counts: integer; manuscript headline RMSE/differences: 6 decimals; table values: source-derived fixed precision,Code/scripts/34_promote_nonoverlap_primary.py,canonical_nonoverlap_primary_20260830 / final_phase1_sensitivities,PASS
Results,Table 3,Table 3,RMSE_DPM,0.224150,repo/Data/Additional Sensitivity Analysis/Canonical Primary Nonoverlap 20260830/dpm_vs_ols_selected.csv,AOI=AOI-03; sensor=modis; selected_endpoint=P1/P99,0.2241501561614809,counts: integer; manuscript headline RMSE/differences: 6 decimals; table values: source-derived fixed precision,Code/scripts/34_promote_nonoverlap_primary.py,canonical_nonoverlap_primary_20260830 / final_phase1_sensitivities,PASS
Results,Table 3,Table 3,RMSE_OLS,0.032099,repo/Data/Additional Sensitivity Analysis/Canonical Primary Nonoverlap 20260830/dpm_vs_ols_selected.csv,AOI=AOI-03; sensor=modis; selected_endpoint=P1/P99,0.0320985275017847,counts: integer; manuscript headline RMSE/differences: 6 decimals; table values: source-derived fixed precision,Code/scripts/34_promote_nonoverlap_primary.py,canonical_nonoverlap_primary_20260830 / final_phase1_sensitivities,PASS
Results,Table 3,Table 3,RMSE_ratio_DPM_over_OLS,6.98,repo/Data/Additional Sensitivity Analysis/Canonical Primary Nonoverlap 20260830/dpm_vs_ols_selected.csv,AOI=AOI-03; sensor=modis; selected_endpoint=P1/P99,6.983191242932185,counts: integer; manuscript headline RMSE/differences: 6 decimals; table values: source-derived fixed precision,Code/scripts/34_promote_nonoverlap_primary.py,canonical_nonoverlap_primary_20260830 / final_phase1_sensitivities,PASS
Results,Table 3,Table 3,RMSE_DPM,0.205659,repo/Data/Additional Sensitivity Analysis/Canonical Primary Nonoverlap 20260830/dpm_vs_ols_selected.csv,AOI=AOI-03; sensor=sentinel2; selected_endpoint=P1/P99,0.20565903265284,counts: integer; manuscript headline RMSE/differences: 6 decimals; table values: source-derived fixed precision,Code/scripts/34_promote_nonoverlap_primary.py,canonical_nonoverlap_primary_20260830 / final_phase1_sensitivities,PASS
Results,Table 3,Table 3,RMSE_OLS,0.041776,repo/Data/Additional Sensitivity Analysis/Canonical Primary Nonoverlap 20260830/dpm_vs_ols_selected.csv,AOI=AOI-03; sensor=sentinel2; selected_endpoint=P1/P99,0.0417760053410692,counts: integer; manuscript headline RMSE/differences: 6 decimals; table values: source-derived fixed precision,Code/scripts/34_promote_nonoverlap_primary.py,canonical_nonoverlap_primary_20260830 / final_phase1_sensitivities,PASS
Results,Table 3,Table 3,RMSE_ratio_DPM_over_OLS,4.92,repo/Data/Additional Sensitivity Analysis/Canonical Primary Nonoverlap 20260830/dpm_vs_ols_selected.csv,AOI=AOI-03; sensor=sentinel2; selected_endpoint=P1/P99,4.922898467045634,counts: integer; manuscript headline RMSE/differences: 6 decimals; table values: source-derived fixed precision,Code/scripts/34_promote_nonoverlap_primary.py,canonical_nonoverlap_primary_20260830 / final_phase1_sensitivities,PASS
Results,Table 4,Table 4,RMSE,0.001639,repo/Data/Additional Sensitivity Analysis/Canonical Primary Nonoverlap 20260830/aoi01_baseline_clipping.csv,AOI=AOI-01; sensor=landsat; method=zero,0.001639020132884,counts: integer; manuscript headline RMSE/differences: 6 decimals; table values: source-derived fixed precision,Code/scripts/34_promote_nonoverlap_primary.py,canonical_nonoverlap_primary_20260830 / final_phase1_sensitivities,PASS
Results,Table 4,Table 4,RMSE,0.001611,repo/Data/Additional Sensitivity Analysis/Canonical Primary Nonoverlap 20260830/aoi01_baseline_clipping.csv,AOI=AOI-01; sensor=landsat; method=training_mean,0.0016113647656836,counts: integer; manuscript headline RMSE/differences: 6 decimals; table values: source-derived fixed precision,Code/scripts/34_promote_nonoverlap_primary.py,canonical_nonoverlap_primary_20260830 / final_phase1_sensitivities,PASS
Results,Table 4,Table 4,RMSE,0.001210,repo/Data/Additional Sensitivity Analysis/Canonical Primary Nonoverlap 20260830/aoi01_baseline_clipping.csv,AOI=AOI-01; sensor=landsat; method=selected_OLS,0.0012098680224037,counts: integer; manuscript headline RMSE/differences: 6 decimals; table values: source-derived fixed precision,Code/scripts/34_promote_nonoverlap_primary.py,canonical_nonoverlap_primary_20260830 / final_phase1_sensitivities,PASS
Results,Table 4,Table 4,RMSE,0.493138,repo/Data/Additional Sensitivity Analysis/Canonical Primary Nonoverlap 20260830/aoi01_baseline_clipping.csv,AOI=AOI-01; sensor=landsat; method=selected_DPM,0.493138182764488,counts: integer; manuscript headline RMSE/differences: 6 decimals; table values: source-derived fixed precision,Code/scripts/34_promote_nonoverlap_primary.py,canonical_nonoverlap_primary_20260830 / final_phase1_sensitivities,PASS
Results,Table 4,Table 4,RMSE,0.001763,repo/Data/Additional Sensitivity Analysis/Canonical Primary Nonoverlap 20260830/aoi01_baseline_clipping.csv,AOI=AOI-01; sensor=modis; method=zero,0.0017626195791614,counts: integer; manuscript headline RMSE/differences: 6 decimals; table values: source-derived fixed precision,Code/scripts/34_promote_nonoverlap_primary.py,canonical_nonoverlap_primary_20260830 / final_phase1_sensitivities,PASS
Results,Table 4,Table 4,RMSE,0.001741,repo/Data/Additional Sensitivity Analysis/Canonical Primary Nonoverlap 20260830/aoi01_baseline_clipping.csv,AOI=AOI-01; sensor=modis; method=training_mean,0.0017408306819696,counts: integer; manuscript headline RMSE/differences: 6 decimals; table values: source-derived fixed precision,Code/scripts/34_promote_nonoverlap_primary.py,canonical_nonoverlap_primary_20260830 / final_phase1_sensitivities,PASS
Results,Table 4,Table 4,RMSE,0.001404,repo/Data/Additional Sensitivity Analysis/Canonical Primary Nonoverlap 20260830/aoi01_baseline_clipping.csv,AOI=AOI-01; sensor=modis; method=selected_OLS,0.0014037569395782,counts: integer; manuscript headline RMSE/differences: 6 decimals; table values: source-derived fixed precision,Code/scripts/34_promote_nonoverlap_primary.py,canonical_nonoverlap_primary_20260830 / final_phase1_sensitivities,PASS
Results,Table 4,Table 4,RMSE,0.432897,repo/Data/Additional Sensitivity Analysis/Canonical Primary Nonoverlap 20260830/aoi01_baseline_clipping.csv,AOI=AOI-01; sensor=modis; method=selected_DPM,0.4328971518373747,counts: integer; manuscript headline RMSE/differences: 6 decimals; table values: source-derived fixed precision,Code/scripts/34_promote_nonoverlap_primary.py,canonical_nonoverlap_primary_20260830 / final_phase1_sensitivities,PASS
Results,Table 4,Table 4,RMSE,0.001756,repo/Data/Additional Sensitivity Analysis/Canonical Primary Nonoverlap 20260830/aoi01_baseline_clipping.csv,AOI=AOI-01; sensor=sentinel2; method=zero,0.0017563469579076,counts: integer; manuscript headline RMSE/differences: 6 decimals; table values: source-derived fixed precision,Code/scripts/34_promote_nonoverlap_primary.py,canonical_nonoverlap_primary_20260830 / final_phase1_sensitivities,PASS
Results,Table 4,Table 4,RMSE,0.001732,repo/Data/Additional Sensitivity Analysis/Canonical Primary Nonoverlap 20260830/aoi01_baseline_clipping.csv,AOI=AOI-01; sensor=sentinel2; method=training_mean,0.0017315502227899,counts: integer; manuscript headline RMSE/differences: 6 decimals; table values: source-derived fixed precision,Code/scripts/34_promote_nonoverlap_primary.py,canonical_nonoverlap_primary_20260830 / final_phase1_sensitivities,PASS
Results,Table 4,Table 4,RMSE,0.001335,repo/Data/Additional Sensitivity Analysis/Canonical Primary Nonoverlap 20260830/aoi01_baseline_clipping.csv,AOI=AOI-01; sensor=sentinel2; method=selected_OLS,0.0013354750127916,counts: integer; manuscript headline RMSE/differences: 6 decimals; table values: source-derived fixed precision,Code/scripts/34_promote_nonoverlap_primary.py,canonical_nonoverlap_primary_20260830 / final_phase1_sensitivities,PASS
Results,Table 4,Table 4,RMSE,0.451374,repo/Data/Additional Sensitivity Analysis/Canonical Primary Nonoverlap 20260830/aoi01_baseline_clipping.csv,AOI=AOI-01; sensor=sentinel2; method=selected_DPM,0.4513743049259327,counts: integer; manuscript headline RMSE/differences: 6 decimals; table values: source-derived fixed precision,Code/scripts/34_promote_nonoverlap_primary.py,canonical_nonoverlap_primary_20260830 / final_phase1_sensitivities,PASS
Results,Table 5; Figure 1,Table 5; Figure 1,mean_difference_RMSE,-0.000829,repo/Data/Additional Sensitivity Analysis/Canonical Primary Nonoverlap 20260830/block_contrasts.csv,AOI=AOI-00; sensor=landsat; target_year=2024; contrast=1y_vs_2y,-0.0008291283830777,counts: integer; manuscript headline RMSE/differences: 6 decimals; table values: source-derived fixed precision,Code/scripts/34_promote_nonoverlap_primary.py,canonical_nonoverlap_primary_20260830 / final_phase1_sensitivities,PASS
Results,Table 5; Figure 1,Table 5; Figure 1,Holm_adjusted_p,0.029221,repo/Data/Additional Sensitivity Analysis/Canonical Primary Nonoverlap 20260830/block_contrasts.csv,AOI=AOI-00; sensor=landsat; target_year=2024; contrast=1y_vs_2y,0.0292209763158662,counts: integer; manuscript headline RMSE/differences: 6 decimals; table values: source-derived fixed precision,Code/scripts/34_promote_nonoverlap_primary.py,canonical_nonoverlap_primary_20260830 / final_phase1_sensitivities,PASS
Results,Table 5; Figure 1,Table 5; Figure 1,paired_block_n,39,repo/Data/Additional Sensitivity Analysis/Canonical Primary Nonoverlap 20260830/block_contrasts.csv,AOI=AOI-00; sensor=landsat; target_year=2024; contrast=1y_vs_2y,39,counts: integer; manuscript headline RMSE/differences: 6 decimals; table values: source-derived fixed precision,Code/scripts/34_promote_nonoverlap_primary.py,canonical_nonoverlap_primary_20260830 / final_phase1_sensitivities,PASS
Results,Table 5; Figure 1,Table 5; Figure 1,mean_difference_RMSE,0.000262,repo/Data/Additional Sensitivity Analysis/Canonical Primary Nonoverlap 20260830/block_contrasts.csv,AOI=AOI-00; sensor=landsat; target_year=2024; contrast=1y_vs_3y,0.0002623549373246,counts: integer; manuscript headline RMSE/differences: 6 decimals; table values: source-derived fixed precision,Code/scripts/34_promote_nonoverlap_primary.py,canonical_nonoverlap_primary_20260830 / final_phase1_sensitivities,PASS
Results,Table 5; Figure 1,Table 5; Figure 1,Holm_adjusted_p,0.274385,repo/Data/Additional Sensitivity Analysis/Canonical Primary Nonoverlap 20260830/block_contrasts.csv,AOI=AOI-00; sensor=landsat; target_year=2024; contrast=1y_vs_3y,0.2743848609654825,counts: integer; manuscript headline RMSE/differences: 6 decimals; table values: source-derived fixed precision,Code/scripts/34_promote_nonoverlap_primary.py,canonical_nonoverlap_primary_20260830 / final_phase1_sensitivities,PASS
Results,Table 5; Figure 1,Table 5; Figure 1,paired_block_n,39,repo/Data/Additional Sensitivity Analysis/Canonical Primary Nonoverlap 20260830/block_contrasts.csv,AOI=AOI-00; sensor=landsat; target_year=2024; contrast=1y_vs_3y,39,counts: integer; manuscript headline RMSE/differences: 6 decimals; table values: source-derived fixed precision,Code/scripts/34_promote_nonoverlap_primary.py,canonical_nonoverlap_primary_20260830 / final_phase1_sensitivities,PASS
Results,Table 5; Figure 1,Table 5; Figure 1,mean_difference_RMSE,0.001091,repo/Data/Additional Sensitivity Analysis/Canonical Primary Nonoverlap 20260830/block_contrasts.csv,AOI=AOI-00; sensor=landsat; target_year=2024; contrast=2y_vs_3y,0.0010914833204024,counts: integer; manuscript headline RMSE/differences: 6 decimals; table values: source-derived fixed precision,Code/scripts/34_promote_nonoverlap_primary.py,canonical_nonoverlap_primary_20260830 / final_phase1_sensitivities,PASS
Results,Table 5; Figure 1,Table 5; Figure 1,Holm_adjusted_p,0.000616474,repo/Data/Additional Sensitivity Analysis/Canonical Primary Nonoverlap 20260830/block_contrasts.csv,AOI=AOI-00; sensor=landsat; target_year=2024; contrast=2y_vs_3y,0.000616474196478,counts: integer; manuscript headline RMSE/differences: 6 decimals; table values: source-derived fixed precision,Code/scripts/34_promote_nonoverlap_primary.py,canonical_nonoverlap_primary_20260830 / final_phase1_sensitivities,PASS
Results,Table 5; Figure 1,Table 5; Figure 1,paired_block_n,39,repo/Data/Additional Sensitivity Analysis/Canonical Primary Nonoverlap 20260830/block_contrasts.csv,AOI=AOI-00; sensor=landsat; target_year=2024; contrast=2y_vs_3y,39,counts: integer; manuscript headline RMSE/differences: 6 decimals; table values: source-derived fixed precision,Code/scripts/34_promote_nonoverlap_primary.py,canonical_nonoverlap_primary_20260830 / final_phase1_sensitivities,PASS
Results,Table 5; Figure 1,Table 5; Figure 1,mean_difference_RMSE,0.002103,repo/Data/Additional Sensitivity Analysis/Canonical Primary Nonoverlap 20260830/block_contrasts.csv,AOI=AOI-00; sensor=landsat; target_year=2025; contrast=1y_vs_2y,0.0021027384342453,counts: integer; manuscript headline RMSE/differences: 6 decimals; table values: source-derived fixed precision,Code/scripts/34_promote_nonoverlap_primary.py,canonical_nonoverlap_primary_20260830 / final_phase1_sensitivities,PASS
Results,Table 5; Figure 1,Table 5; Figure 1,Holm_adjusted_p,0.0178543,repo/Data/Additional Sensitivity Analysis/Canonical Primary Nonoverlap 20260830/block_contrasts.csv,AOI=AOI-00; sensor=landsat; target_year=2025; contrast=1y_vs_2y,0.0178543146416838,counts: integer; manuscript headline RMSE/differences: 6 decimals; table values: source-derived fixed precision,Code/scripts/34_promote_nonoverlap_primary.py,canonical_nonoverlap_primary_20260830 / final_phase1_sensitivities,PASS
Results,Table 5; Figure 1,Table 5; Figure 1,paired_block_n,39,repo/Data/Additional Sensitivity Analysis/Canonical Primary Nonoverlap 20260830/block_contrasts.csv,AOI=AOI-00; sensor=landsat; target_year=2025; contrast=1y_vs_2y,39,counts: integer; manuscript headline RMSE/differences: 6 decimals; table values: source-derived fixed precision,Code/scripts/34_promote_nonoverlap_primary.py,canonical_nonoverlap_primary_20260830 / final_phase1_sensitivities,PASS
Results,Table 5; Figure 1,Table 5; Figure 1,mean_difference_RMSE,0.003147,repo/Data/Additional Sensitivity Analysis/Canonical Primary Nonoverlap 20260830/block_contrasts.csv,AOI=AOI-00; sensor=landsat; target_year=2025; contrast=1y_vs_3y,0.0031469904174724,counts: integer; manuscript headline RMSE/differences: 6 decimals; table values: source-derived fixed precision,Code/scripts/34_promote_nonoverlap_primary.py,canonical_nonoverlap_primary_20260830 / final_phase1_sensitivities,PASS
Results,Table 5; Figure 1,Table 5; Figure 1,Holm_adjusted_p,0.0192189,repo/Data/Additional Sensitivity Analysis/Canonical Primary Nonoverlap 20260830/block_contrasts.csv,AOI=AOI-00; sensor=landsat; target_year=2025; contrast=1y_vs_3y,0.0192189233402951,counts: integer; manuscript headline RMSE/differences: 6 decimals; table values: source-derived fixed precision,Code/scripts/34_promote_nonoverlap_primary.py,canonical_nonoverlap_primary_20260830 / final_phase1_sensitivities,PASS
Results,Table 5; Figure 1,Table 5; Figure 1,paired_block_n,39,repo/Data/Additional Sensitivity Analysis/Canonical Primary Nonoverlap 20260830/block_contrasts.csv,AOI=AOI-00; sensor=landsat; target_year=2025; contrast=1y_vs_3y,39,counts: integer; manuscript headline RMSE/differences: 6 decimals; table values: source-derived fixed precision,Code/scripts/34_promote_nonoverlap_primary.py,canonical_nonoverlap_primary_20260830 / final_phase1_sensitivities,PASS
Results,Table 5; Figure 1,Table 5; Figure 1,mean_difference_RMSE,0.001044,repo/Data/Additional Sensitivity Analysis/Canonical Primary Nonoverlap 20260830/block_contrasts.csv,AOI=AOI-00; sensor=landsat; target_year=2025; contrast=2y_vs_3y,0.0010442519832271,counts: integer; manuscript headline RMSE/differences: 6 decimals; table values: source-derived fixed precision,Code/scripts/34_promote_nonoverlap_primary.py,canonical_nonoverlap_primary_20260830 / final_phase1_sensitivities,PASS
Results,Table 5; Figure 1,Table 5; Figure 1,Holm_adjusted_p,0.0229182,repo/Data/Additional Sensitivity Analysis/Canonical Primary Nonoverlap 20260830/block_contrasts.csv,AOI=AOI-00; sensor=landsat; target_year=2025; contrast=2y_vs_3y,0.0229182268789525,counts: integer; manuscript headline RMSE/differences: 6 decimals; table values: source-derived fixed precision,Code/scripts/34_promote_nonoverlap_primary.py,canonical_nonoverlap_primary_20260830 / final_phase1_sensitivities,PASS
Results,Table 5; Figure 1,Table 5; Figure 1,paired_block_n,39,repo/Data/Additional Sensitivity Analysis/Canonical Primary Nonoverlap 20260830/block_contrasts.csv,AOI=AOI-00; sensor=landsat; target_year=2025; contrast=2y_vs_3y,39,counts: integer; manuscript headline RMSE/differences: 6 decimals; table values: source-derived fixed precision,Code/scripts/34_promote_nonoverlap_primary.py,canonical_nonoverlap_primary_20260830 / final_phase1_sensitivities,PASS
Results,Table 5; Figure 1,Table 5; Figure 1,mean_difference_RMSE,0.000158,repo/Data/Additional Sensitivity Analysis/Canonical Primary Nonoverlap 20260830/block_contrasts.csv,AOI=AOI-00; sensor=modis; target_year=2024; contrast=1y_vs_2y,0.000157812260319,counts: integer; manuscript headline RMSE/differences: 6 decimals; table values: source-derived fixed precision,Code/scripts/34_promote_nonoverlap_primary.py,canonical_nonoverlap_primary_20260830 / final_phase1_sensitivities,PASS
Results,Table 5; Figure 1,Table 5; Figure 1,Holm_adjusted_p,1,repo/Data/Additional Sensitivity Analysis/Canonical Primary Nonoverlap 20260830/block_contrasts.csv,AOI=AOI-00; sensor=modis; target_year=2024; contrast=1y_vs_2y,1.0,counts: integer; manuscript headline RMSE/differences: 6 decimals; table values: source-derived fixed precision,Code/scripts/34_promote_nonoverlap_primary.py,canonical_nonoverlap_primary_20260830 / final_phase1_sensitivities,PASS
Results,Table 5; Figure 1,Table 5; Figure 1,paired_block_n,39,repo/Data/Additional Sensitivity Analysis/Canonical Primary Nonoverlap 20260830/block_contrasts.csv,AOI=AOI-00; sensor=modis; target_year=2024; contrast=1y_vs_2y,39,counts: integer; manuscript headline RMSE/differences: 6 decimals; table values: source-derived fixed precision,Code/scripts/34_promote_nonoverlap_primary.py,canonical_nonoverlap_primary_20260830 / final_phase1_sensitivities,PASS
Results,Table 5; Figure 1,Table 5; Figure 1,mean_difference_RMSE,0.000188,repo/Data/Additional Sensitivity Analysis/Canonical Primary Nonoverlap 20260830/block_contrasts.csv,AOI=AOI-00; sensor=modis; target_year=2024; contrast=1y_vs_3y,0.0001875163096618,counts: integer; manuscript headline RMSE/differences: 6 decimals; table values: source-derived fixed precision,Code/scripts/34_promote_nonoverlap_primary.py,canonical_nonoverlap_primary_20260830 / final_phase1_sensitivities,PASS
Results,Table 5; Figure 1,Table 5; Figure 1,Holm_adjusted_p,1,repo/Data/Additional Sensitivity Analysis/Canonical Primary Nonoverlap 20260830/block_contrasts.csv,AOI=AOI-00; sensor=modis; target_year=2024; contrast=1y_vs_3y,1.0,counts: integer; manuscript headline RMSE/differences: 6 decimals; table values: source-derived fixed precision,Code/scripts/34_promote_nonoverlap_primary.py,canonical_nonoverlap_primary_20260830 / final_phase1_sensitivities,PASS
Results,Table 5; Figure 1,Table 5; Figure 1,paired_block_n,39,repo/Data/Additional Sensitivity Analysis/Canonical Primary Nonoverlap 20260830/block_contrasts.csv,AOI=AOI-00; sensor=modis; target_year=2024; contrast=1y_vs_3y,39,counts: integer; manuscript headline RMSE/differences: 6 decimals; table values: source-derived fixed precision,Code/scripts/34_promote_nonoverlap_primary.py,canonical_nonoverlap_primary_20260830 / final_phase1_sensitivities,PASS
Results,Table 5; Figure 1,Table 5; Figure 1,mean_difference_RMSE,0.000030,repo/Data/Additional Sensitivity Analysis/Canonical Primary Nonoverlap 20260830/block_contrasts.csv,AOI=AOI-00; sensor=modis; target_year=2024; contrast=2y_vs_3y,2.9704049342810696e-05,counts: integer; manuscript headline RMSE/differences: 6 decimals; table values: source-derived fixed precision,Code/scripts/34_promote_nonoverlap_primary.py,canonical_nonoverlap_primary_20260830 / final_phase1_sensitivities,PASS
Results,Table 5; Figure 1,Table 5; Figure 1,Holm_adjusted_p,1,repo/Data/Additional Sensitivity Analysis/Canonical Primary Nonoverlap 20260830/block_contrasts.csv,AOI=AOI-00; sensor=modis; target_year=2024; contrast=2y_vs_3y,1.0,counts: integer; manuscript headline RMSE/differences: 6 decimals; table values: source-derived fixed precision,Code/scripts/34_promote_nonoverlap_primary.py,canonical_nonoverlap_primary_20260830 / final_phase1_sensitivities,PASS
Results,Table 5; Figure 1,Table 5; Figure 1,paired_block_n,39,repo/Data/Additional Sensitivity Analysis/Canonical Primary Nonoverlap 20260830/block_contrasts.csv,AOI=AOI-00; sensor=modis; target_year=2024; contrast=2y_vs_3y,39,counts: integer; manuscript headline RMSE/differences: 6 decimals; table values: source-derived fixed precision,Code/scripts/34_promote_nonoverlap_primary.py,canonical_nonoverlap_primary_20260830 / final_phase1_sensitivities,PASS
Results,Table 5; Figure 1,Table 5; Figure 1,mean_difference_RMSE,0.001196,repo/Data/Additional Sensitivity Analysis/Canonical Primary Nonoverlap 20260830/block_contrasts.csv,AOI=AOI-00; sensor=modis; target_year=2025; contrast=1y_vs_2y,0.0011955846324076,counts: integer; manuscript headline RMSE/differences: 6 decimals; table values: source-derived fixed precision,Code/scripts/34_promote_nonoverlap_primary.py,canonical_nonoverlap_primary_20260830 / final_phase1_sensitivities,PASS
Results,Table 5; Figure 1,Table 5; Figure 1,Holm_adjusted_p,0.187613,repo/Data/Additional Sensitivity Analysis/Canonical Primary Nonoverlap 20260830/block_contrasts.csv,AOI=AOI-00; sensor=modis; target_year=2025; contrast=1y_vs_2y,0.1876129125335861,counts: integer; manuscript headline RMSE/differences: 6 decimals; table values: source-derived fixed precision,Code/scripts/34_promote_nonoverlap_primary.py,canonical_nonoverlap_primary_20260830 / final_phase1_sensitivities,PASS
Results,Table 5; Figure 1,Table 5; Figure 1,paired_block_n,39,repo/Data/Additional Sensitivity Analysis/Canonical Primary Nonoverlap 20260830/block_contrasts.csv,AOI=AOI-00; sensor=modis; target_year=2025; contrast=1y_vs_2y,39,counts: integer; manuscript headline RMSE/differences: 6 decimals; table values: source-derived fixed precision,Code/scripts/34_promote_nonoverlap_primary.py,canonical_nonoverlap_primary_20260830 / final_phase1_sensitivities,PASS
Results,Table 5; Figure 1,Table 5; Figure 1,mean_difference_RMSE,0.001185,repo/Data/Additional Sensitivity Analysis/Canonical Primary Nonoverlap 20260830/block_contrasts.csv,AOI=AOI-00; sensor=modis; target_year=2025; contrast=1y_vs_3y,0.0011850248491366,counts: integer; manuscript headline RMSE/differences: 6 decimals; table values: source-derived fixed precision,Code/scripts/34_promote_nonoverlap_primary.py,canonical_nonoverlap_primary_20260830 / final_phase1_sensitivities,PASS
Results,Table 5; Figure 1,Table 5; Figure 1,Holm_adjusted_p,0.187613,repo/Data/Additional Sensitivity Analysis/Canonical Primary Nonoverlap 20260830/block_contrasts.csv,AOI=AOI-00; sensor=modis; target_year=2025; contrast=1y_vs_3y,0.1876129125335861,counts: integer; manuscript headline RMSE/differences: 6 decimals; table values: source-derived fixed precision,Code/scripts/34_promote_nonoverlap_primary.py,canonical_nonoverlap_primary_20260830 / final_phase1_sensitivities,PASS
Results,Table 5; Figure 1,Table 5; Figure 1,paired_block_n,39,repo/Data/Additional Sensitivity Analysis/Canonical Primary Nonoverlap 20260830/block_contrasts.csv,AOI=AOI-00; sensor=modis; target_year=2025; contrast=1y_vs_3y,39,counts: integer; manuscript headline RMSE/differences: 6 decimals; table values: source-derived fixed precision,Code/scripts/34_promote_nonoverlap_primary.py,canonical_nonoverlap_primary_20260830 / final_phase1_sensitivities,PASS
Results,Table 5; Figure 1,Table 5; Figure 1,mean_difference_RMSE,-0.000011,repo/Data/Additional Sensitivity Analysis/Canonical Primary Nonoverlap 20260830/block_contrasts.csv,AOI=AOI-00; sensor=modis; target_year=2025; contrast=2y_vs_3y,-1.0559783271048356e-05,counts: integer; manuscript headline RMSE/differences: 6 decimals; table values: source-derived fixed precision,Code/scripts/34_promote_nonoverlap_primary.py,canonical_nonoverlap_primary_20260830 / final_phase1_sensitivities,PASS
Results,Table 5; Figure 1,Table 5; Figure 1,Holm_adjusted_p,0.914304,repo/Data/Additional Sensitivity Analysis/Canonical Primary Nonoverlap 20260830/block_contrasts.csv,AOI=AOI-00; sensor=modis; target_year=2025; contrast=2y_vs_3y,0.9143042930786444,counts: integer; manuscript headline RMSE/differences: 6 decimals; table values: source-derived fixed precision,Code/scripts/34_promote_nonoverlap_primary.py,canonical_nonoverlap_primary_20260830 / final_phase1_sensitivities,PASS
Results,Table 5; Figure 1,Table 5; Figure 1,paired_block_n,39,repo/Data/Additional Sensitivity Analysis/Canonical Primary Nonoverlap 20260830/block_contrasts.csv,AOI=AOI-00; sensor=modis; target_year=2025; contrast=2y_vs_3y,39,counts: integer; manuscript headline RMSE/differences: 6 decimals; table values: source-derived fixed precision,Code/scripts/34_promote_nonoverlap_primary.py,canonical_nonoverlap_primary_20260830 / final_phase1_sensitivities,PASS
Results,Table 5; Figure 1,Table 5; Figure 1,mean_difference_RMSE,0.000100,repo/Data/Additional Sensitivity Analysis/Canonical Primary Nonoverlap 20260830/block_contrasts.csv,AOI=AOI-00; sensor=sentinel2; target_year=2024; contrast=1y_vs_2y,0.0001000751715473,counts: integer; manuscript headline RMSE/differences: 6 decimals; table values: source-derived fixed precision,Code/scripts/34_promote_nonoverlap_primary.py,canonical_nonoverlap_primary_20260830 / final_phase1_sensitivities,PASS
Results,Table 5; Figure 1,Table 5; Figure 1,Holm_adjusted_p,0.762914,repo/Data/Additional Sensitivity Analysis/Canonical Primary Nonoverlap 20260830/block_contrasts.csv,AOI=AOI-00; sensor=sentinel2; target_year=2024; contrast=1y_vs_2y,0.7629143626112153,counts: integer; manuscript headline RMSE/differences: 6 decimals; table values: source-derived fixed precision,Code/scripts/34_promote_nonoverlap_primary.py,canonical_nonoverlap_primary_20260830 / final_phase1_sensitivities,PASS
Results,Table 5; Figure 1,Table 5; Figure 1,paired_block_n,39,repo/Data/Additional Sensitivity Analysis/Canonical Primary Nonoverlap 20260830/block_contrasts.csv,AOI=AOI-00; sensor=sentinel2; target_year=2024; contrast=1y_vs_2y,39,counts: integer; manuscript headline RMSE/differences: 6 decimals; table values: source-derived fixed precision,Code/scripts/34_promote_nonoverlap_primary.py,canonical_nonoverlap_primary_20260830 / final_phase1_sensitivities,PASS
Results,Table 5; Figure 1,Table 5; Figure 1,mean_difference_RMSE,-0.002338,repo/Data/Additional Sensitivity Analysis/Canonical Primary Nonoverlap 20260830/block_contrasts.csv,AOI=AOI-00; sensor=sentinel2; target_year=2024; contrast=1y_vs_3y,-0.0023382234580035,counts: integer; manuscript headline RMSE/differences: 6 decimals; table values: source-derived fixed precision,Code/scripts/34_promote_nonoverlap_primary.py,canonical_nonoverlap_primary_20260830 / final_phase1_sensitivities,PASS
Results,Table 5; Figure 1,Table 5; Figure 1,Holm_adjusted_p,0.305669,repo/Data/Additional Sensitivity Analysis/Canonical Primary Nonoverlap 20260830/block_contrasts.csv,AOI=AOI-00; sensor=sentinel2; target_year=2024; contrast=1y_vs_3y,0.3056687691683516,counts: integer; manuscript headline RMSE/differences: 6 decimals; table values: source-derived fixed precision,Code/scripts/34_promote_nonoverlap_primary.py,canonical_nonoverlap_primary_20260830 / final_phase1_sensitivities,PASS
Results,Table 5; Figure 1,Table 5; Figure 1,paired_block_n,39,repo/Data/Additional Sensitivity Analysis/Canonical Primary Nonoverlap 20260830/block_contrasts.csv,AOI=AOI-00; sensor=sentinel2; target_year=2024; contrast=1y_vs_3y,39,counts: integer; manuscript headline RMSE/differences: 6 decimals; table values: source-derived fixed precision,Code/scripts/34_promote_nonoverlap_primary.py,canonical_nonoverlap_primary_20260830 / final_phase1_sensitivities,PASS
Results,Table 5; Figure 1,Table 5; Figure 1,mean_difference_RMSE,-0.002438,repo/Data/Additional Sensitivity Analysis/Canonical Primary Nonoverlap 20260830/block_contrasts.csv,AOI=AOI-00; sensor=sentinel2; target_year=2024; contrast=2y_vs_3y,-0.0024382986295508,counts: integer; manuscript headline RMSE/differences: 6 decimals; table values: source-derived fixed precision,Code/scripts/34_promote_nonoverlap_primary.py,canonical_nonoverlap_primary_20260830 / final_phase1_sensitivities,PASS
Results,Table 5; Figure 1,Table 5; Figure 1,Holm_adjusted_p,0.201593,repo/Data/Additional Sensitivity Analysis/Canonical Primary Nonoverlap 20260830/block_contrasts.csv,AOI=AOI-00; sensor=sentinel2; target_year=2024; contrast=2y_vs_3y,0.2015930560963832,counts: integer; manuscript headline RMSE/differences: 6 decimals; table values: source-derived fixed precision,Code/scripts/34_promote_nonoverlap_primary.py,canonical_nonoverlap_primary_20260830 / final_phase1_sensitivities,PASS
Results,Table 5; Figure 1,Table 5; Figure 1,paired_block_n,39,repo/Data/Additional Sensitivity Analysis/Canonical Primary Nonoverlap 20260830/block_contrasts.csv,AOI=AOI-00; sensor=sentinel2; target_year=2024; contrast=2y_vs_3y,39,counts: integer; manuscript headline RMSE/differences: 6 decimals; table values: source-derived fixed precision,Code/scripts/34_promote_nonoverlap_primary.py,canonical_nonoverlap_primary_20260830 / final_phase1_sensitivities,PASS
Results,Table 5; Figure 1,Table 5; Figure 1,mean_difference_RMSE,0.001057,repo/Data/Additional Sensitivity Analysis/Canonical Primary Nonoverlap 20260830/block_contrasts.csv,AOI=AOI-00; sensor=sentinel2; target_year=2025; contrast=1y_vs_2y,0.0010571738426356,counts: integer; manuscript headline RMSE/differences: 6 decimals; table values: source-derived fixed precision,Code/scripts/34_promote_nonoverlap_primary.py,canonical_nonoverlap_primary_20260830 / final_phase1_sensitivities,PASS
Results,Table 5; Figure 1,Table 5; Figure 1,Holm_adjusted_p,0.173353,repo/Data/Additional Sensitivity Analysis/Canonical Primary Nonoverlap 20260830/block_contrasts.csv,AOI=AOI-00; sensor=sentinel2; target_year=2025; contrast=1y_vs_2y,0.173353154297029,counts: integer; manuscript headline RMSE/differences: 6 decimals; table values: source-derived fixed precision,Code/scripts/34_promote_nonoverlap_primary.py,canonical_nonoverlap_primary_20260830 / final_phase1_sensitivities,PASS
Results,Table 5; Figure 1,Table 5; Figure 1,paired_block_n,39,repo/Data/Additional Sensitivity Analysis/Canonical Primary Nonoverlap 20260830/block_contrasts.csv,AOI=AOI-00; sensor=sentinel2; target_year=2025; contrast=1y_vs_2y,39,counts: integer; manuscript headline RMSE/differences: 6 decimals; table values: source-derived fixed precision,Code/scripts/34_promote_nonoverlap_primary.py,canonical_nonoverlap_primary_20260830 / final_phase1_sensitivities,PASS
Results,Table 5; Figure 1,Table 5; Figure 1,mean_difference_RMSE,0.001976,repo/Data/Additional Sensitivity Analysis/Canonical Primary Nonoverlap 20260830/block_contrasts.csv,AOI=AOI-00; sensor=sentinel2; target_year=2025; contrast=1y_vs_3y,0.0019755688324701,counts: integer; manuscript headline RMSE/differences: 6 decimals; table values: source-derived fixed precision,Code/scripts/34_promote_nonoverlap_primary.py,canonical_nonoverlap_primary_20260830 / final_phase1_sensitivities,PASS
Results,Table 5; Figure 1,Table 5; Figure 1,Holm_adjusted_p,0.0488109,repo/Data/Additional Sensitivity Analysis/Canonical Primary Nonoverlap 20260830/block_contrasts.csv,AOI=AOI-00; sensor=sentinel2; target_year=2025; contrast=1y_vs_3y,0.0488109330379645,counts: integer; manuscript headline RMSE/differences: 6 decimals; table values: source-derived fixed precision,Code/scripts/34_promote_nonoverlap_primary.py,canonical_nonoverlap_primary_20260830 / final_phase1_sensitivities,PASS
Results,Table 5; Figure 1,Table 5; Figure 1,paired_block_n,39,repo/Data/Additional Sensitivity Analysis/Canonical Primary Nonoverlap 20260830/block_contrasts.csv,AOI=AOI-00; sensor=sentinel2; target_year=2025; contrast=1y_vs_3y,39,counts: integer; manuscript headline RMSE/differences: 6 decimals; table values: source-derived fixed precision,Code/scripts/34_promote_nonoverlap_primary.py,canonical_nonoverlap_primary_20260830 / final_phase1_sensitivities,PASS
Results,Table 5; Figure 1,Table 5; Figure 1,mean_difference_RMSE,0.000918,repo/Data/Additional Sensitivity Analysis/Canonical Primary Nonoverlap 20260830/block_contrasts.csv,AOI=AOI-00; sensor=sentinel2; target_year=2025; contrast=2y_vs_3y,0.0009183949898345,counts: integer; manuscript headline RMSE/differences: 6 decimals; table values: source-derived fixed precision,Code/scripts/34_promote_nonoverlap_primary.py,canonical_nonoverlap_primary_20260830 / final_phase1_sensitivities,PASS
Results,Table 5; Figure 1,Table 5; Figure 1,Holm_adjusted_p,1.20672e-06,repo/Data/Additional Sensitivity Analysis/Canonical Primary Nonoverlap 20260830/block_contrasts.csv,AOI=AOI-00; sensor=sentinel2; target_year=2025; contrast=2y_vs_3y,1.2067220480113458e-06,counts: integer; manuscript headline RMSE/differences: 6 decimals; table values: source-derived fixed precision,Code/scripts/34_promote_nonoverlap_primary.py,canonical_nonoverlap_primary_20260830 / final_phase1_sensitivities,PASS
Results,Table 5; Figure 1,Table 5; Figure 1,paired_block_n,39,repo/Data/Additional Sensitivity Analysis/Canonical Primary Nonoverlap 20260830/block_contrasts.csv,AOI=AOI-00; sensor=sentinel2; target_year=2025; contrast=2y_vs_3y,39,counts: integer; manuscript headline RMSE/differences: 6 decimals; table values: source-derived fixed precision,Code/scripts/34_promote_nonoverlap_primary.py,canonical_nonoverlap_primary_20260830 / final_phase1_sensitivities,PASS
Results,Table 5; Figure 1,Table 5; Figure 1,mean_difference_RMSE,0.000006,repo/Data/Additional Sensitivity Analysis/Canonical Primary Nonoverlap 20260830/block_contrasts.csv,AOI=AOI-01; sensor=landsat; target_year=2024; contrast=1y_vs_2y,6.076580444760074e-06,counts: integer; manuscript headline RMSE/differences: 6 decimals; table values: source-derived fixed precision,Code/scripts/34_promote_nonoverlap_primary.py,canonical_nonoverlap_primary_20260830 / final_phase1_sensitivities,PASS
Results,Table 5; Figure 1,Table 5; Figure 1,Holm_adjusted_p,0.407078,repo/Data/Additional Sensitivity Analysis/Canonical Primary Nonoverlap 20260830/block_contrasts.csv,AOI=AOI-01; sensor=landsat; target_year=2024; contrast=1y_vs_2y,0.4070775808404072,counts: integer; manuscript headline RMSE/differences: 6 decimals; table values: source-derived fixed precision,Code/scripts/34_promote_nonoverlap_primary.py,canonical_nonoverlap_primary_20260830 / final_phase1_sensitivities,PASS
Results,Table 5; Figure 1,Table 5; Figure 1,paired_block_n,35,repo/Data/Additional Sensitivity Analysis/Canonical Primary Nonoverlap 20260830/block_contrasts.csv,AOI=AOI-01; sensor=landsat; target_year=2024; contrast=1y_vs_2y,35,counts: integer; manuscript headline RMSE/differences: 6 decimals; table values: source-derived fixed precision,Code/scripts/34_promote_nonoverlap_primary.py,canonical_nonoverlap_primary_20260830 / final_phase1_sensitivities,PASS
Results,Table 5; Figure 1,Table 5; Figure 1,mean_difference_RMSE,0.000025,repo/Data/Additional Sensitivity Analysis/Canonical Primary Nonoverlap 20260830/block_contrasts.csv,AOI=AOI-01; sensor=landsat; target_year=2024; contrast=1y_vs_3y,2.461174190952549e-05,counts: integer; manuscript headline RMSE/differences: 6 decimals; table values: source-derived fixed precision,Code/scripts/34_promote_nonoverlap_primary.py,canonical_nonoverlap_primary_20260830 / final_phase1_sensitivities,PASS
Results,Table 5; Figure 1,Table 5; Figure 1,Holm_adjusted_p,0.200114,repo/Data/Additional Sensitivity Analysis/Canonical Primary Nonoverlap 20260830/block_contrasts.csv,AOI=AOI-01; sensor=landsat; target_year=2024; contrast=1y_vs_3y,0.2001142487127893,counts: integer; manuscript headline RMSE/differences: 6 decimals; table values: source-derived fixed precision,Code/scripts/34_promote_nonoverlap_primary.py,canonical_nonoverlap_primary_20260830 / final_phase1_sensitivities,PASS
Results,Table 5; Figure 1,Table 5; Figure 1,paired_block_n,35,repo/Data/Additional Sensitivity Analysis/Canonical Primary Nonoverlap 20260830/block_contrasts.csv,AOI=AOI-01; sensor=landsat; target_year=2024; contrast=1y_vs_3y,35,counts: integer; manuscript headline RMSE/differences: 6 decimals; table values: source-derived fixed precision,Code/scripts/34_promote_nonoverlap_primary.py,canonical_nonoverlap_primary_20260830 / final_phase1_sensitivities,PASS
Results,Table 5; Figure 1,Table 5; Figure 1,mean_difference_RMSE,0.000019,repo/Data/Additional Sensitivity Analysis/Canonical Primary Nonoverlap 20260830/block_contrasts.csv,AOI=AOI-01; sensor=landsat; target_year=2024; contrast=2y_vs_3y,1.8535161464765415e-05,counts: integer; manuscript headline RMSE/differences: 6 decimals; table values: source-derived fixed precision,Code/scripts/34_promote_nonoverlap_primary.py,canonical_nonoverlap_primary_20260830 / final_phase1_sensitivities,PASS
Results,Table 5; Figure 1,Table 5; Figure 1,Holm_adjusted_p,0.0510703,repo/Data/Additional Sensitivity Analysis/Canonical Primary Nonoverlap 20260830/block_contrasts.csv,AOI=AOI-01; sensor=landsat; target_year=2024; contrast=2y_vs_3y,0.0510702687403357,counts: integer; manuscript headline RMSE/differences: 6 decimals; table values: source-derived fixed precision,Code/scripts/34_promote_nonoverlap_primary.py,canonical_nonoverlap_primary_20260830 / final_phase1_sensitivities,PASS
Results,Table 5; Figure 1,Table 5; Figure 1,paired_block_n,35,repo/Data/Additional Sensitivity Analysis/Canonical Primary Nonoverlap 20260830/block_contrasts.csv,AOI=AOI-01; sensor=landsat; target_year=2024; contrast=2y_vs_3y,35,counts: integer; manuscript headline RMSE/differences: 6 decimals; table values: source-derived fixed precision,Code/scripts/34_promote_nonoverlap_primary.py,canonical_nonoverlap_primary_20260830 / final_phase1_sensitivities,PASS
Results,Table 5; Figure 1,Table 5; Figure 1,mean_difference_RMSE,0.000006,repo/Data/Additional Sensitivity Analysis/Canonical Primary Nonoverlap 20260830/block_contrasts.csv,AOI=AOI-01; sensor=landsat; target_year=2025; contrast=1y_vs_2y,5.558648388053625e-06,counts: integer; manuscript headline RMSE/differences: 6 decimals; table values: source-derived fixed precision,Code/scripts/34_promote_nonoverlap_primary.py,canonical_nonoverlap_primary_20260830 / final_phase1_sensitivities,PASS
Results,Table 5; Figure 1,Table 5; Figure 1,Holm_adjusted_p,0.250269,repo/Data/Additional Sensitivity Analysis/Canonical Primary Nonoverlap 20260830/block_contrasts.csv,AOI=AOI-01; sensor=landsat; target_year=2025; contrast=1y_vs_2y,0.250269443780521,counts: integer; manuscript headline RMSE/differences: 6 decimals; table values: source-derived fixed precision,Code/scripts/34_promote_nonoverlap_primary.py,canonical_nonoverlap_primary_20260830 / final_phase1_sensitivities,PASS
Results,Table 5; Figure 1,Table 5; Figure 1,paired_block_n,35,repo/Data/Additional Sensitivity Analysis/Canonical Primary Nonoverlap 20260830/block_contrasts.csv,AOI=AOI-01; sensor=landsat; target_year=2025; contrast=1y_vs_2y,35,counts: integer; manuscript headline RMSE/differences: 6 decimals; table values: source-derived fixed precision,Code/scripts/34_promote_nonoverlap_primary.py,canonical_nonoverlap_primary_20260830 / final_phase1_sensitivities,PASS
Results,Table 5; Figure 1,Table 5; Figure 1,mean_difference_RMSE,0.000011,repo/Data/Additional Sensitivity Analysis/Canonical Primary Nonoverlap 20260830/block_contrasts.csv,AOI=AOI-01; sensor=landsat; target_year=2025; contrast=1y_vs_3y,1.0716896029460468e-05,counts: integer; manuscript headline RMSE/differences: 6 decimals; table values: source-derived fixed precision,Code/scripts/34_promote_nonoverlap_primary.py,canonical_nonoverlap_primary_20260830 / final_phase1_sensitivities,PASS
Results,Table 5; Figure 1,Table 5; Figure 1,Holm_adjusted_p,6.28237e-06,repo/Data/Additional Sensitivity Analysis/Canonical Primary Nonoverlap 20260830/block_contrasts.csv,AOI=AOI-01; sensor=landsat; target_year=2025; contrast=1y_vs_3y,6.282374389335521e-06,counts: integer; manuscript headline RMSE/differences: 6 decimals; table values: source-derived fixed precision,Code/scripts/34_promote_nonoverlap_primary.py,canonical_nonoverlap_primary_20260830 / final_phase1_sensitivities,PASS
Results,Table 5; Figure 1,Table 5; Figure 1,paired_block_n,35,repo/Data/Additional Sensitivity Analysis/Canonical Primary Nonoverlap 20260830/block_contrasts.csv,AOI=AOI-01; sensor=landsat; target_year=2025; contrast=1y_vs_3y,35,counts: integer; manuscript headline RMSE/differences: 6 decimals; table values: source-derived fixed precision,Code/scripts/34_promote_nonoverlap_primary.py,canonical_nonoverlap_primary_20260830 / final_phase1_sensitivities,PASS
Results,Table 5; Figure 1,Table 5; Figure 1,mean_difference_RMSE,0.000005,repo/Data/Additional Sensitivity Analysis/Canonical Primary Nonoverlap 20260830/block_contrasts.csv,AOI=AOI-01; sensor=landsat; target_year=2025; contrast=2y_vs_3y,5.158247641406842e-06,counts: integer; manuscript headline RMSE/differences: 6 decimals; table values: source-derived fixed precision,Code/scripts/34_promote_nonoverlap_primary.py,canonical_nonoverlap_primary_20260830 / final_phase1_sensitivities,PASS
Results,Table 5; Figure 1,Table 5; Figure 1,Holm_adjusted_p,0.269036,repo/Data/Additional Sensitivity Analysis/Canonical Primary Nonoverlap 20260830/block_contrasts.csv,AOI=AOI-01; sensor=landsat; target_year=2025; contrast=2y_vs_3y,0.269036195353655,counts: integer; manuscript headline RMSE/differences: 6 decimals; table values: source-derived fixed precision,Code/scripts/34_promote_nonoverlap_primary.py,canonical_nonoverlap_primary_20260830 / final_phase1_sensitivities,PASS
Results,Table 5; Figure 1,Table 5; Figure 1,paired_block_n,35,repo/Data/Additional Sensitivity Analysis/Canonical Primary Nonoverlap 20260830/block_contrasts.csv,AOI=AOI-01; sensor=landsat; target_year=2025; contrast=2y_vs_3y,35,counts: integer; manuscript headline RMSE/differences: 6 decimals; table values: source-derived fixed precision,Code/scripts/34_promote_nonoverlap_primary.py,canonical_nonoverlap_primary_20260830 / final_phase1_sensitivities,PASS
Results,Table 5; Figure 1,Table 5; Figure 1,mean_difference_RMSE,-0.000017,repo/Data/Additional Sensitivity Analysis/Canonical Primary Nonoverlap 20260830/block_contrasts.csv,AOI=AOI-01; sensor=modis; target_year=2024; contrast=1y_vs_2y,-1.724615164778201e-05,counts: integer; manuscript headline RMSE/differences: 6 decimals; table values: source-derived fixed precision,Code/scripts/34_promote_nonoverlap_primary.py,canonical_nonoverlap_primary_20260830 / final_phase1_sensitivities,PASS
Results,Table 5; Figure 1,Table 5; Figure 1,Holm_adjusted_p,5.27313e-06,repo/Data/Additional Sensitivity Analysis/Canonical Primary Nonoverlap 20260830/block_contrasts.csv,AOI=AOI-01; sensor=modis; target_year=2024; contrast=1y_vs_2y,5.273129855958837e-06,counts: integer; manuscript headline RMSE/differences: 6 decimals; table values: source-derived fixed precision,Code/scripts/34_promote_nonoverlap_primary.py,canonical_nonoverlap_primary_20260830 / final_phase1_sensitivities,PASS
Results,Table 5; Figure 1,Table 5; Figure 1,paired_block_n,35,repo/Data/Additional Sensitivity Analysis/Canonical Primary Nonoverlap 20260830/block_contrasts.csv,AOI=AOI-01; sensor=modis; target_year=2024; contrast=1y_vs_2y,35,counts: integer; manuscript headline RMSE/differences: 6 decimals; table values: source-derived fixed precision,Code/scripts/34_promote_nonoverlap_primary.py,canonical_nonoverlap_primary_20260830 / final_phase1_sensitivities,PASS
Results,Table 5; Figure 1,Table 5; Figure 1,mean_difference_RMSE,0.000011,repo/Data/Additional Sensitivity Analysis/Canonical Primary Nonoverlap 20260830/block_contrasts.csv,AOI=AOI-01; sensor=modis; target_year=2024; contrast=1y_vs_3y,1.118629718198893e-05,counts: integer; manuscript headline RMSE/differences: 6 decimals; table values: source-derived fixed precision,Code/scripts/34_promote_nonoverlap_primary.py,canonical_nonoverlap_primary_20260830 / final_phase1_sensitivities,PASS
Results,Table 5; Figure 1,Table 5; Figure 1,Holm_adjusted_p,4.86184e-09,repo/Data/Additional Sensitivity Analysis/Canonical Primary Nonoverlap 20260830/block_contrasts.csv,AOI=AOI-01; sensor=modis; target_year=2024; contrast=1y_vs_3y,4.8618420396860455e-09,counts: integer; manuscript headline RMSE/differences: 6 decimals; table values: source-derived fixed precision,Code/scripts/34_promote_nonoverlap_primary.py,canonical_nonoverlap_primary_20260830 / final_phase1_sensitivities,PASS
Results,Table 5; Figure 1,Table 5; Figure 1,paired_block_n,35,repo/Data/Additional Sensitivity Analysis/Canonical Primary Nonoverlap 20260830/block_contrasts.csv,AOI=AOI-01; sensor=modis; target_year=2024; contrast=1y_vs_3y,35,counts: integer; manuscript headline RMSE/differences: 6 decimals; table values: source-derived fixed precision,Code/scripts/34_promote_nonoverlap_primary.py,canonical_nonoverlap_primary_20260830 / final_phase1_sensitivities,PASS
Results,Table 5; Figure 1,Table 5; Figure 1,mean_difference_RMSE,0.000028,repo/Data/Additional Sensitivity Analysis/Canonical Primary Nonoverlap 20260830/block_contrasts.csv,AOI=AOI-01; sensor=modis; target_year=2024; contrast=2y_vs_3y,2.8432448829770935e-05,counts: integer; manuscript headline RMSE/differences: 6 decimals; table values: source-derived fixed precision,Code/scripts/34_promote_nonoverlap_primary.py,canonical_nonoverlap_primary_20260830 / final_phase1_sensitivities,PASS
Results,Table 5; Figure 1,Table 5; Figure 1,Holm_adjusted_p,6.28866e-07,repo/Data/Additional Sensitivity Analysis/Canonical Primary Nonoverlap 20260830/block_contrasts.csv,AOI=AOI-01; sensor=modis; target_year=2024; contrast=2y_vs_3y,6.28866325587617e-07,counts: integer; manuscript headline RMSE/differences: 6 decimals; table values: source-derived fixed precision,Code/scripts/34_promote_nonoverlap_primary.py,canonical_nonoverlap_primary_20260830 / final_phase1_sensitivities,PASS
Results,Table 5; Figure 1,Table 5; Figure 1,paired_block_n,35,repo/Data/Additional Sensitivity Analysis/Canonical Primary Nonoverlap 20260830/block_contrasts.csv,AOI=AOI-01; sensor=modis; target_year=2024; contrast=2y_vs_3y,35,counts: integer; manuscript headline RMSE/differences: 6 decimals; table values: source-derived fixed precision,Code/scripts/34_promote_nonoverlap_primary.py,canonical_nonoverlap_primary_20260830 / final_phase1_sensitivities,PASS
Results,Table 5; Figure 1,Table 5; Figure 1,mean_difference_RMSE,0.000028,repo/Data/Additional Sensitivity Analysis/Canonical Primary Nonoverlap 20260830/block_contrasts.csv,AOI=AOI-01; sensor=modis; target_year=2025; contrast=1y_vs_2y,2.846786233290662e-05,counts: integer; manuscript headline RMSE/differences: 6 decimals; table values: source-derived fixed precision,Code/scripts/34_promote_nonoverlap_primary.py,canonical_nonoverlap_primary_20260830 / final_phase1_sensitivities,PASS
Results,Table 5; Figure 1,Table 5; Figure 1,Holm_adjusted_p,0.341791,repo/Data/Additional Sensitivity Analysis/Canonical Primary Nonoverlap 20260830/block_contrasts.csv,AOI=AOI-01; sensor=modis; target_year=2025; contrast=1y_vs_2y,0.3417906466580407,counts: integer; manuscript headline RMSE/differences: 6 decimals; table values: source-derived fixed precision,Code/scripts/34_promote_nonoverlap_primary.py,canonical_nonoverlap_primary_20260830 / final_phase1_sensitivities,PASS
Results,Table 5; Figure 1,Table 5; Figure 1,paired_block_n,35,repo/Data/Additional Sensitivity Analysis/Canonical Primary Nonoverlap 20260830/block_contrasts.csv,AOI=AOI-01; sensor=modis; target_year=2025; contrast=1y_vs_2y,35,counts: integer; manuscript headline RMSE/differences: 6 decimals; table values: source-derived fixed precision,Code/scripts/34_promote_nonoverlap_primary.py,canonical_nonoverlap_primary_20260830 / final_phase1_sensitivities,PASS
Results,Table 5; Figure 1,Table 5; Figure 1,mean_difference_RMSE,0.000033,repo/Data/Additional Sensitivity Analysis/Canonical Primary Nonoverlap 20260830/block_contrasts.csv,AOI=AOI-01; sensor=modis; target_year=2025; contrast=1y_vs_3y,3.3202662329268536e-05,counts: integer; manuscript headline RMSE/differences: 6 decimals; table values: source-derived fixed precision,Code/scripts/34_promote_nonoverlap_primary.py,canonical_nonoverlap_primary_20260830 / final_phase1_sensitivities,PASS
Results,Table 5; Figure 1,Table 5; Figure 1,Holm_adjusted_p,0.400796,repo/Data/Additional Sensitivity Analysis/Canonical Primary Nonoverlap 20260830/block_contrasts.csv,AOI=AOI-01; sensor=modis; target_year=2025; contrast=1y_vs_3y,0.4007962344650475,counts: integer; manuscript headline RMSE/differences: 6 decimals; table values: source-derived fixed precision,Code/scripts/34_promote_nonoverlap_primary.py,canonical_nonoverlap_primary_20260830 / final_phase1_sensitivities,PASS
Results,Table 5; Figure 1,Table 5; Figure 1,paired_block_n,35,repo/Data/Additional Sensitivity Analysis/Canonical Primary Nonoverlap 20260830/block_contrasts.csv,AOI=AOI-01; sensor=modis; target_year=2025; contrast=1y_vs_3y,35,counts: integer; manuscript headline RMSE/differences: 6 decimals; table values: source-derived fixed precision,Code/scripts/34_promote_nonoverlap_primary.py,canonical_nonoverlap_primary_20260830 / final_phase1_sensitivities,PASS
Results,Table 5; Figure 1,Table 5; Figure 1,mean_difference_RMSE,0.000005,repo/Data/Additional Sensitivity Analysis/Canonical Primary Nonoverlap 20260830/block_contrasts.csv,AOI=AOI-01; sensor=modis; target_year=2025; contrast=2y_vs_3y,4.7347999963619104e-06,counts: integer; manuscript headline RMSE/differences: 6 decimals; table values: source-derived fixed precision,Code/scripts/34_promote_nonoverlap_primary.py,canonical_nonoverlap_primary_20260830 / final_phase1_sensitivities,PASS
Results,Table 5; Figure 1,Table 5; Figure 1,Holm_adjusted_p,0.55275,repo/Data/Additional Sensitivity Analysis/Canonical Primary Nonoverlap 20260830/block_contrasts.csv,AOI=AOI-01; sensor=modis; target_year=2025; contrast=2y_vs_3y,0.552749909850303,counts: integer; manuscript headline RMSE/differences: 6 decimals; table values: source-derived fixed precision,Code/scripts/34_promote_nonoverlap_primary.py,canonical_nonoverlap_primary_20260830 / final_phase1_sensitivities,PASS
Results,Table 5; Figure 1,Table 5; Figure 1,paired_block_n,35,repo/Data/Additional Sensitivity Analysis/Canonical Primary Nonoverlap 20260830/block_contrasts.csv,AOI=AOI-01; sensor=modis; target_year=2025; contrast=2y_vs_3y,35,counts: integer; manuscript headline RMSE/differences: 6 decimals; table values: source-derived fixed precision,Code/scripts/34_promote_nonoverlap_primary.py,canonical_nonoverlap_primary_20260830 / final_phase1_sensitivities,PASS
Results,Table 5; Figure 1,Table 5; Figure 1,mean_difference_RMSE,-0.000003,repo/Data/Additional Sensitivity Analysis/Canonical Primary Nonoverlap 20260830/block_contrasts.csv,AOI=AOI-01; sensor=sentinel2; target_year=2024; contrast=1y_vs_2y,-3.4022651115334916e-06,counts: integer; manuscript headline RMSE/differences: 6 decimals; table values: source-derived fixed precision,Code/scripts/34_promote_nonoverlap_primary.py,canonical_nonoverlap_primary_20260830 / final_phase1_sensitivities,PASS
Results,Table 5; Figure 1,Table 5; Figure 1,Holm_adjusted_p,2.97819e-08,repo/Data/Additional Sensitivity Analysis/Canonical Primary Nonoverlap 20260830/block_contrasts.csv,AOI=AOI-01; sensor=sentinel2; target_year=2024; contrast=1y_vs_2y,2.9781902597569575e-08,counts: integer; manuscript headline RMSE/differences: 6 decimals; table values: source-derived fixed precision,Code/scripts/34_promote_nonoverlap_primary.py,canonical_nonoverlap_primary_20260830 / final_phase1_sensitivities,PASS
Results,Table 5; Figure 1,Table 5; Figure 1,paired_block_n,35,repo/Data/Additional Sensitivity Analysis/Canonical Primary Nonoverlap 20260830/block_contrasts.csv,AOI=AOI-01; sensor=sentinel2; target_year=2024; contrast=1y_vs_2y,35,counts: integer; manuscript headline RMSE/differences: 6 decimals; table values: source-derived fixed precision,Code/scripts/34_promote_nonoverlap_primary.py,canonical_nonoverlap_primary_20260830 / final_phase1_sensitivities,PASS
Results,Table 5; Figure 1,Table 5; Figure 1,mean_difference_RMSE,-0.000001,repo/Data/Additional Sensitivity Analysis/Canonical Primary Nonoverlap 20260830/block_contrasts.csv,AOI=AOI-01; sensor=sentinel2; target_year=2024; contrast=1y_vs_3y,-1.4555787543923322e-06,counts: integer; manuscript headline RMSE/differences: 6 decimals; table values: source-derived fixed precision,Code/scripts/34_promote_nonoverlap_primary.py,canonical_nonoverlap_primary_20260830 / final_phase1_sensitivities,PASS
Results,Table 5; Figure 1,Table 5; Figure 1,Holm_adjusted_p,0.421656,repo/Data/Additional Sensitivity Analysis/Canonical Primary Nonoverlap 20260830/block_contrasts.csv,AOI=AOI-01; sensor=sentinel2; target_year=2024; contrast=1y_vs_3y,0.4216562816452658,counts: integer; manuscript headline RMSE/differences: 6 decimals; table values: source-derived fixed precision,Code/scripts/34_promote_nonoverlap_primary.py,canonical_nonoverlap_primary_20260830 / final_phase1_sensitivities,PASS
Results,Table 5; Figure 1,Table 5; Figure 1,paired_block_n,35,repo/Data/Additional Sensitivity Analysis/Canonical Primary Nonoverlap 20260830/block_contrasts.csv,AOI=AOI-01; sensor=sentinel2; target_year=2024; contrast=1y_vs_3y,35,counts: integer; manuscript headline RMSE/differences: 6 decimals; table values: source-derived fixed precision,Code/scripts/34_promote_nonoverlap_primary.py,canonical_nonoverlap_primary_20260830 / final_phase1_sensitivities,PASS
Results,Table 5; Figure 1,Table 5; Figure 1,mean_difference_RMSE,0.000002,repo/Data/Additional Sensitivity Analysis/Canonical Primary Nonoverlap 20260830/block_contrasts.csv,AOI=AOI-01; sensor=sentinel2; target_year=2024; contrast=2y_vs_3y,1.946686357141159e-06,counts: integer; manuscript headline RMSE/differences: 6 decimals; table values: source-derived fixed precision,Code/scripts/34_promote_nonoverlap_primary.py,canonical_nonoverlap_primary_20260830 / final_phase1_sensitivities,PASS
Results,Table 5; Figure 1,Table 5; Figure 1,Holm_adjusted_p,0.421656,repo/Data/Additional Sensitivity Analysis/Canonical Primary Nonoverlap 20260830/block_contrasts.csv,AOI=AOI-01; sensor=sentinel2; target_year=2024; contrast=2y_vs_3y,0.4216562816452658,counts: integer; manuscript headline RMSE/differences: 6 decimals; table values: source-derived fixed precision,Code/scripts/34_promote_nonoverlap_primary.py,canonical_nonoverlap_primary_20260830 / final_phase1_sensitivities,PASS
Results,Table 5; Figure 1,Table 5; Figure 1,paired_block_n,35,repo/Data/Additional Sensitivity Analysis/Canonical Primary Nonoverlap 20260830/block_contrasts.csv,AOI=AOI-01; sensor=sentinel2; target_year=2024; contrast=2y_vs_3y,35,counts: integer; manuscript headline RMSE/differences: 6 decimals; table values: source-derived fixed precision,Code/scripts/34_promote_nonoverlap_primary.py,canonical_nonoverlap_primary_20260830 / final_phase1_sensitivities,PASS
Results,Table 5; Figure 1,Table 5; Figure 1,mean_difference_RMSE,0.000017,repo/Data/Additional Sensitivity Analysis/Canonical Primary Nonoverlap 20260830/block_contrasts.csv,AOI=AOI-01; sensor=sentinel2; target_year=2025; contrast=1y_vs_2y,1.724683233329768e-05,counts: integer; manuscript headline RMSE/differences: 6 decimals; table values: source-derived fixed precision,Code/scripts/34_promote_nonoverlap_primary.py,canonical_nonoverlap_primary_20260830 / final_phase1_sensitivities,PASS
Results,Table 5; Figure 1,Table 5; Figure 1,Holm_adjusted_p,0.002665,repo/Data/Additional Sensitivity Analysis/Canonical Primary Nonoverlap 20260830/block_contrasts.csv,AOI=AOI-01; sensor=sentinel2; target_year=2025; contrast=1y_vs_2y,0.0026649991777567,counts: integer; manuscript headline RMSE/differences: 6 decimals; table values: source-derived fixed precision,Code/scripts/34_promote_nonoverlap_primary.py,canonical_nonoverlap_primary_20260830 / final_phase1_sensitivities,PASS
Results,Table 5; Figure 1,Table 5; Figure 1,paired_block_n,35,repo/Data/Additional Sensitivity Analysis/Canonical Primary Nonoverlap 20260830/block_contrasts.csv,AOI=AOI-01; sensor=sentinel2; target_year=2025; contrast=1y_vs_2y,35,counts: integer; manuscript headline RMSE/differences: 6 decimals; table values: source-derived fixed precision,Code/scripts/34_promote_nonoverlap_primary.py,canonical_nonoverlap_primary_20260830 / final_phase1_sensitivities,PASS
Results,Table 5; Figure 1,Table 5; Figure 1,mean_difference_RMSE,0.000027,repo/Data/Additional Sensitivity Analysis/Canonical Primary Nonoverlap 20260830/block_contrasts.csv,AOI=AOI-01; sensor=sentinel2; target_year=2025; contrast=1y_vs_3y,2.7131032219935153e-05,counts: integer; manuscript headline RMSE/differences: 6 decimals; table values: source-derived fixed precision,Code/scripts/34_promote_nonoverlap_primary.py,canonical_nonoverlap_primary_20260830 / final_phase1_sensitivities,PASS
Results,Table 5; Figure 1,Table 5; Figure 1,Holm_adjusted_p,0.00269022,repo/Data/Additional Sensitivity Analysis/Canonical Primary Nonoverlap 20260830/block_contrasts.csv,AOI=AOI-01; sensor=sentinel2; target_year=2025; contrast=1y_vs_3y,0.0026902228179047,counts: integer; manuscript headline RMSE/differences: 6 decimals; table values: source-derived fixed precision,Code/scripts/34_promote_nonoverlap_primary.py,canonical_nonoverlap_primary_20260830 / final_phase1_sensitivities,PASS
Results,Table 5; Figure 1,Table 5; Figure 1,paired_block_n,35,repo/Data/Additional Sensitivity Analysis/Canonical Primary Nonoverlap 20260830/block_contrasts.csv,AOI=AOI-01; sensor=sentinel2; target_year=2025; contrast=1y_vs_3y,35,counts: integer; manuscript headline RMSE/differences: 6 decimals; table values: source-derived fixed precision,Code/scripts/34_promote_nonoverlap_primary.py,canonical_nonoverlap_primary_20260830 / final_phase1_sensitivities,PASS
Results,Table 5; Figure 1,Table 5; Figure 1,mean_difference_RMSE,0.000010,repo/Data/Additional Sensitivity Analysis/Canonical Primary Nonoverlap 20260830/block_contrasts.csv,AOI=AOI-01; sensor=sentinel2; target_year=2025; contrast=2y_vs_3y,9.884199886637472e-06,counts: integer; manuscript headline RMSE/differences: 6 decimals; table values: source-derived fixed precision,Code/scripts/34_promote_nonoverlap_primary.py,canonical_nonoverlap_primary_20260830 / final_phase1_sensitivities,PASS
Results,Table 5; Figure 1,Table 5; Figure 1,Holm_adjusted_p,0.00279668,repo/Data/Additional Sensitivity Analysis/Canonical Primary Nonoverlap 20260830/block_contrasts.csv,AOI=AOI-01; sensor=sentinel2; target_year=2025; contrast=2y_vs_3y,0.0027966775690642,counts: integer; manuscript headline RMSE/differences: 6 decimals; table values: source-derived fixed precision,Code/scripts/34_promote_nonoverlap_primary.py,canonical_nonoverlap_primary_20260830 / final_phase1_sensitivities,PASS
Results,Table 5; Figure 1,Table 5; Figure 1,paired_block_n,35,repo/Data/Additional Sensitivity Analysis/Canonical Primary Nonoverlap 20260830/block_contrasts.csv,AOI=AOI-01; sensor=sentinel2; target_year=2025; contrast=2y_vs_3y,35,counts: integer; manuscript headline RMSE/differences: 6 decimals; table values: source-derived fixed precision,Code/scripts/34_promote_nonoverlap_primary.py,canonical_nonoverlap_primary_20260830 / final_phase1_sensitivities,PASS
Results,Table 5; Figure 1,Table 5; Figure 1,mean_difference_RMSE,-0.002155,repo/Data/Additional Sensitivity Analysis/Canonical Primary Nonoverlap 20260830/block_contrasts.csv,AOI=AOI-02; sensor=landsat; target_year=2024; contrast=1y_vs_2y,-0.0021549249934953,counts: integer; manuscript headline RMSE/differences: 6 decimals; table values: source-derived fixed precision,Code/scripts/34_promote_nonoverlap_primary.py,canonical_nonoverlap_primary_20260830 / final_phase1_sensitivities,PASS
Results,Table 5; Figure 1,Table 5; Figure 1,Holm_adjusted_p,0.0975647,repo/Data/Additional Sensitivity Analysis/Canonical Primary Nonoverlap 20260830/block_contrasts.csv,AOI=AOI-02; sensor=landsat; target_year=2024; contrast=1y_vs_2y,0.0975646715547675,counts: integer; manuscript headline RMSE/differences: 6 decimals; table values: source-derived fixed precision,Code/scripts/34_promote_nonoverlap_primary.py,canonical_nonoverlap_primary_20260830 / final_phase1_sensitivities,PASS
Results,Table 5; Figure 1,Table 5; Figure 1,paired_block_n,30,repo/Data/Additional Sensitivity Analysis/Canonical Primary Nonoverlap 20260830/block_contrasts.csv,AOI=AOI-02; sensor=landsat; target_year=2024; contrast=1y_vs_2y,30,counts: integer; manuscript headline RMSE/differences: 6 decimals; table values: source-derived fixed precision,Code/scripts/34_promote_nonoverlap_primary.py,canonical_nonoverlap_primary_20260830 / final_phase1_sensitivities,PASS
Results,Table 5; Figure 1,Table 5; Figure 1,mean_difference_RMSE,-0.000568,repo/Data/Additional Sensitivity Analysis/Canonical Primary Nonoverlap 20260830/block_contrasts.csv,AOI=AOI-02; sensor=landsat; target_year=2024; contrast=1y_vs_3y,-0.0005681585637204,counts: integer; manuscript headline RMSE/differences: 6 decimals; table values: source-derived fixed precision,Code/scripts/34_promote_nonoverlap_primary.py,canonical_nonoverlap_primary_20260830 / final_phase1_sensitivities,PASS
Results,Table 5; Figure 1,Table 5; Figure 1,Holm_adjusted_p,0.193394,repo/Data/Additional Sensitivity Analysis/Canonical Primary Nonoverlap 20260830/block_contrasts.csv,AOI=AOI-02; sensor=landsat; target_year=2024; contrast=1y_vs_3y,0.193394467720755,counts: integer; manuscript headline RMSE/differences: 6 decimals; table values: source-derived fixed precision,Code/scripts/34_promote_nonoverlap_primary.py,canonical_nonoverlap_primary_20260830 / final_phase1_sensitivities,PASS
Results,Table 5; Figure 1,Table 5; Figure 1,paired_block_n,30,repo/Data/Additional Sensitivity Analysis/Canonical Primary Nonoverlap 20260830/block_contrasts.csv,AOI=AOI-02; sensor=landsat; target_year=2024; contrast=1y_vs_3y,30,counts: integer; manuscript headline RMSE/differences: 6 decimals; table values: source-derived fixed precision,Code/scripts/34_promote_nonoverlap_primary.py,canonical_nonoverlap_primary_20260830 / final_phase1_sensitivities,PASS
Results,Table 5; Figure 1,Table 5; Figure 1,mean_difference_RMSE,0.001587,repo/Data/Additional Sensitivity Analysis/Canonical Primary Nonoverlap 20260830/block_contrasts.csv,AOI=AOI-02; sensor=landsat; target_year=2024; contrast=2y_vs_3y,0.0015867664297749,counts: integer; manuscript headline RMSE/differences: 6 decimals; table values: source-derived fixed precision,Code/scripts/34_promote_nonoverlap_primary.py,canonical_nonoverlap_primary_20260830 / final_phase1_sensitivities,PASS
Results,Table 5; Figure 1,Table 5; Figure 1,Holm_adjusted_p,0.055856,repo/Data/Additional Sensitivity Analysis/Canonical Primary Nonoverlap 20260830/block_contrasts.csv,AOI=AOI-02; sensor=landsat; target_year=2024; contrast=2y_vs_3y,0.0558560147235944,counts: integer; manuscript headline RMSE/differences: 6 decimals; table values: source-derived fixed precision,Code/scripts/34_promote_nonoverlap_primary.py,canonical_nonoverlap_primary_20260830 / final_phase1_sensitivities,PASS
Results,Table 5; Figure 1,Table 5; Figure 1,paired_block_n,30,repo/Data/Additional Sensitivity Analysis/Canonical Primary Nonoverlap 20260830/block_contrasts.csv,AOI=AOI-02; sensor=landsat; target_year=2024; contrast=2y_vs_3y,30,counts: integer; manuscript headline RMSE/differences: 6 decimals; table values: source-derived fixed precision,Code/scripts/34_promote_nonoverlap_primary.py,canonical_nonoverlap_primary_20260830 / final_phase1_sensitivities,PASS
Results,Table 5; Figure 1,Table 5; Figure 1,mean_difference_RMSE,-0.002784,repo/Data/Additional Sensitivity Analysis/Canonical Primary Nonoverlap 20260830/block_contrasts.csv,AOI=AOI-02; sensor=landsat; target_year=2025; contrast=1y_vs_2y,-0.0027839275084825,counts: integer; manuscript headline RMSE/differences: 6 decimals; table values: source-derived fixed precision,Code/scripts/34_promote_nonoverlap_primary.py,canonical_nonoverlap_primary_20260830 / final_phase1_sensitivities,PASS
Results,Table 5; Figure 1,Table 5; Figure 1,Holm_adjusted_p,0.0013605,repo/Data/Additional Sensitivity Analysis/Canonical Primary Nonoverlap 20260830/block_contrasts.csv,AOI=AOI-02; sensor=landsat; target_year=2025; contrast=1y_vs_2y,0.0013605024190024,counts: integer; manuscript headline RMSE/differences: 6 decimals; table values: source-derived fixed precision,Code/scripts/34_promote_nonoverlap_primary.py,canonical_nonoverlap_primary_20260830 / final_phase1_sensitivities,PASS
Results,Table 5; Figure 1,Table 5; Figure 1,paired_block_n,28,repo/Data/Additional Sensitivity Analysis/Canonical Primary Nonoverlap 20260830/block_contrasts.csv,AOI=AOI-02; sensor=landsat; target_year=2025; contrast=1y_vs_2y,28,counts: integer; manuscript headline RMSE/differences: 6 decimals; table values: source-derived fixed precision,Code/scripts/34_promote_nonoverlap_primary.py,canonical_nonoverlap_primary_20260830 / final_phase1_sensitivities,PASS
Results,Table 5; Figure 1,Table 5; Figure 1,mean_difference_RMSE,0.001761,repo/Data/Additional Sensitivity Analysis/Canonical Primary Nonoverlap 20260830/block_contrasts.csv,AOI=AOI-02; sensor=landsat; target_year=2025; contrast=1y_vs_3y,0.0017611019338749,counts: integer; manuscript headline RMSE/differences: 6 decimals; table values: source-derived fixed precision,Code/scripts/34_promote_nonoverlap_primary.py,canonical_nonoverlap_primary_20260830 / final_phase1_sensitivities,PASS
Results,Table 5; Figure 1,Table 5; Figure 1,Holm_adjusted_p,0.0274926,repo/Data/Additional Sensitivity Analysis/Canonical Primary Nonoverlap 20260830/block_contrasts.csv,AOI=AOI-02; sensor=landsat; target_year=2025; contrast=1y_vs_3y,0.0274925556116039,counts: integer; manuscript headline RMSE/differences: 6 decimals; table values: source-derived fixed precision,Code/scripts/34_promote_nonoverlap_primary.py,canonical_nonoverlap_primary_20260830 / final_phase1_sensitivities,PASS
Results,Table 5; Figure 1,Table 5; Figure 1,paired_block_n,28,repo/Data/Additional Sensitivity Analysis/Canonical Primary Nonoverlap 20260830/block_contrasts.csv,AOI=AOI-02; sensor=landsat; target_year=2025; contrast=1y_vs_3y,28,counts: integer; manuscript headline RMSE/differences: 6 decimals; table values: source-derived fixed precision,Code/scripts/34_promote_nonoverlap_primary.py,canonical_nonoverlap_primary_20260830 / final_phase1_sensitivities,PASS
Results,Table 5; Figure 1,Table 5; Figure 1,mean_difference_RMSE,0.004545,repo/Data/Additional Sensitivity Analysis/Canonical Primary Nonoverlap 20260830/block_contrasts.csv,AOI=AOI-02; sensor=landsat; target_year=2025; contrast=2y_vs_3y,0.0045450294423574,counts: integer; manuscript headline RMSE/differences: 6 decimals; table values: source-derived fixed precision,Code/scripts/34_promote_nonoverlap_primary.py,canonical_nonoverlap_primary_20260830 / final_phase1_sensitivities,PASS
Results,Table 5; Figure 1,Table 5; Figure 1,Holm_adjusted_p,9.61161e-07,repo/Data/Additional Sensitivity Analysis/Canonical Primary Nonoverlap 20260830/block_contrasts.csv,AOI=AOI-02; sensor=landsat; target_year=2025; contrast=2y_vs_3y,9.61161144130481e-07,counts: integer; manuscript headline RMSE/differences: 6 decimals; table values: source-derived fixed precision,Code/scripts/34_promote_nonoverlap_primary.py,canonical_nonoverlap_primary_20260830 / final_phase1_sensitivities,PASS
Results,Table 5; Figure 1,Table 5; Figure 1,paired_block_n,28,repo/Data/Additional Sensitivity Analysis/Canonical Primary Nonoverlap 20260830/block_contrasts.csv,AOI=AOI-02; sensor=landsat; target_year=2025; contrast=2y_vs_3y,28,counts: integer; manuscript headline RMSE/differences: 6 decimals; table values: source-derived fixed precision,Code/scripts/34_promote_nonoverlap_primary.py,canonical_nonoverlap_primary_20260830 / final_phase1_sensitivities,PASS
Results,Table 5; Figure 1,Table 5; Figure 1,mean_difference_RMSE,0.009978,repo/Data/Additional Sensitivity Analysis/Canonical Primary Nonoverlap 20260830/block_contrasts.csv,AOI=AOI-02; sensor=modis; target_year=2024; contrast=1y_vs_2y,0.0099778043346874,counts: integer; manuscript headline RMSE/differences: 6 decimals; table values: source-derived fixed precision,Code/scripts/34_promote_nonoverlap_primary.py,canonical_nonoverlap_primary_20260830 / final_phase1_sensitivities,PASS
Results,Table 5; Figure 1,Table 5; Figure 1,Holm_adjusted_p,2.69797e-11,repo/Data/Additional Sensitivity Analysis/Canonical Primary Nonoverlap 20260830/block_contrasts.csv,AOI=AOI-02; sensor=modis; target_year=2024; contrast=1y_vs_2y,2.6979693042076497e-11,counts: integer; manuscript headline RMSE/differences: 6 decimals; table values: source-derived fixed precision,Code/scripts/34_promote_nonoverlap_primary.py,canonical_nonoverlap_primary_20260830 / final_phase1_sensitivities,PASS
Results,Table 5; Figure 1,Table 5; Figure 1,paired_block_n,38,repo/Data/Additional Sensitivity Analysis/Canonical Primary Nonoverlap 20260830/block_contrasts.csv,AOI=AOI-02; sensor=modis; target_year=2024; contrast=1y_vs_2y,38,counts: integer; manuscript headline RMSE/differences: 6 decimals; table values: source-derived fixed precision,Code/scripts/34_promote_nonoverlap_primary.py,canonical_nonoverlap_primary_20260830 / final_phase1_sensitivities,PASS
Results,Table 5; Figure 1,Table 5; Figure 1,mean_difference_RMSE,0.010529,repo/Data/Additional Sensitivity Analysis/Canonical Primary Nonoverlap 20260830/block_contrasts.csv,AOI=AOI-02; sensor=modis; target_year=2024; contrast=1y_vs_3y,0.0105291247862215,counts: integer; manuscript headline RMSE/differences: 6 decimals; table values: source-derived fixed precision,Code/scripts/34_promote_nonoverlap_primary.py,canonical_nonoverlap_primary_20260830 / final_phase1_sensitivities,PASS
Results,Table 5; Figure 1,Table 5; Figure 1,Holm_adjusted_p,1.03704e-10,repo/Data/Additional Sensitivity Analysis/Canonical Primary Nonoverlap 20260830/block_contrasts.csv,AOI=AOI-02; sensor=modis; target_year=2024; contrast=1y_vs_3y,1.0370410337146524e-10,counts: integer; manuscript headline RMSE/differences: 6 decimals; table values: source-derived fixed precision,Code/scripts/34_promote_nonoverlap_primary.py,canonical_nonoverlap_primary_20260830 / final_phase1_sensitivities,PASS
Results,Table 5; Figure 1,Table 5; Figure 1,paired_block_n,38,repo/Data/Additional Sensitivity Analysis/Canonical Primary Nonoverlap 20260830/block_contrasts.csv,AOI=AOI-02; sensor=modis; target_year=2024; contrast=1y_vs_3y,38,counts: integer; manuscript headline RMSE/differences: 6 decimals; table values: source-derived fixed precision,Code/scripts/34_promote_nonoverlap_primary.py,canonical_nonoverlap_primary_20260830 / final_phase1_sensitivities,PASS
Results,Table 5; Figure 1,Table 5; Figure 1,mean_difference_RMSE,0.000551,repo/Data/Additional Sensitivity Analysis/Canonical Primary Nonoverlap 20260830/block_contrasts.csv,AOI=AOI-02; sensor=modis; target_year=2024; contrast=2y_vs_3y,0.0005513204515341,counts: integer; manuscript headline RMSE/differences: 6 decimals; table values: source-derived fixed precision,Code/scripts/34_promote_nonoverlap_primary.py,canonical_nonoverlap_primary_20260830 / final_phase1_sensitivities,PASS
Results,Table 5; Figure 1,Table 5; Figure 1,Holm_adjusted_p,0.000431529,repo/Data/Additional Sensitivity Analysis/Canonical Primary Nonoverlap 20260830/block_contrasts.csv,AOI=AOI-02; sensor=modis; target_year=2024; contrast=2y_vs_3y,0.0004315294767207,counts: integer; manuscript headline RMSE/differences: 6 decimals; table values: source-derived fixed precision,Code/scripts/34_promote_nonoverlap_primary.py,canonical_nonoverlap_primary_20260830 / final_phase1_sensitivities,PASS
Results,Table 5; Figure 1,Table 5; Figure 1,paired_block_n,38,repo/Data/Additional Sensitivity Analysis/Canonical Primary Nonoverlap 20260830/block_contrasts.csv,AOI=AOI-02; sensor=modis; target_year=2024; contrast=2y_vs_3y,38,counts: integer; manuscript headline RMSE/differences: 6 decimals; table values: source-derived fixed precision,Code/scripts/34_promote_nonoverlap_primary.py,canonical_nonoverlap_primary_20260830 / final_phase1_sensitivities,PASS
Results,Table 5; Figure 1,Table 5; Figure 1,mean_difference_RMSE,0.003204,repo/Data/Additional Sensitivity Analysis/Canonical Primary Nonoverlap 20260830/block_contrasts.csv,AOI=AOI-02; sensor=modis; target_year=2025; contrast=1y_vs_2y,0.0032042749695061,counts: integer; manuscript headline RMSE/differences: 6 decimals; table values: source-derived fixed precision,Code/scripts/34_promote_nonoverlap_primary.py,canonical_nonoverlap_primary_20260830 / final_phase1_sensitivities,PASS
Results,Table 5; Figure 1,Table 5; Figure 1,Holm_adjusted_p,0.000565612,repo/Data/Additional Sensitivity Analysis/Canonical Primary Nonoverlap 20260830/block_contrasts.csv,AOI=AOI-02; sensor=modis; target_year=2025; contrast=1y_vs_2y,0.000565611685469,counts: integer; manuscript headline RMSE/differences: 6 decimals; table values: source-derived fixed precision,Code/scripts/34_promote_nonoverlap_primary.py,canonical_nonoverlap_primary_20260830 / final_phase1_sensitivities,PASS
Results,Table 5; Figure 1,Table 5; Figure 1,paired_block_n,24,repo/Data/Additional Sensitivity Analysis/Canonical Primary Nonoverlap 20260830/block_contrasts.csv,AOI=AOI-02; sensor=modis; target_year=2025; contrast=1y_vs_2y,24,counts: integer; manuscript headline RMSE/differences: 6 decimals; table values: source-derived fixed precision,Code/scripts/34_promote_nonoverlap_primary.py,canonical_nonoverlap_primary_20260830 / final_phase1_sensitivities,PASS
Results,Table 5; Figure 1,Table 5; Figure 1,mean_difference_RMSE,0.004291,repo/Data/Additional Sensitivity Analysis/Canonical Primary Nonoverlap 20260830/block_contrasts.csv,AOI=AOI-02; sensor=modis; target_year=2025; contrast=1y_vs_3y,0.0042914953509693,counts: integer; manuscript headline RMSE/differences: 6 decimals; table values: source-derived fixed precision,Code/scripts/34_promote_nonoverlap_primary.py,canonical_nonoverlap_primary_20260830 / final_phase1_sensitivities,PASS
Results,Table 5; Figure 1,Table 5; Figure 1,Holm_adjusted_p,0.000999197,repo/Data/Additional Sensitivity Analysis/Canonical Primary Nonoverlap 20260830/block_contrasts.csv,AOI=AOI-02; sensor=modis; target_year=2025; contrast=1y_vs_3y,0.0009991968405959,counts: integer; manuscript headline RMSE/differences: 6 decimals; table values: source-derived fixed precision,Code/scripts/34_promote_nonoverlap_primary.py,canonical_nonoverlap_primary_20260830 / final_phase1_sensitivities,PASS
Results,Table 5; Figure 1,Table 5; Figure 1,paired_block_n,24,repo/Data/Additional Sensitivity Analysis/Canonical Primary Nonoverlap 20260830/block_contrasts.csv,AOI=AOI-02; sensor=modis; target_year=2025; contrast=1y_vs_3y,24,counts: integer; manuscript headline RMSE/differences: 6 decimals; table values: source-derived fixed precision,Code/scripts/34_promote_nonoverlap_primary.py,canonical_nonoverlap_primary_20260830 / final_phase1_sensitivities,PASS
Results,Table 5; Figure 1,Table 5; Figure 1,mean_difference_RMSE,0.001087,repo/Data/Additional Sensitivity Analysis/Canonical Primary Nonoverlap 20260830/block_contrasts.csv,AOI=AOI-02; sensor=modis; target_year=2025; contrast=2y_vs_3y,0.0010872203814631,counts: integer; manuscript headline RMSE/differences: 6 decimals; table values: source-derived fixed precision,Code/scripts/34_promote_nonoverlap_primary.py,canonical_nonoverlap_primary_20260830 / final_phase1_sensitivities,PASS
Results,Table 5; Figure 1,Table 5; Figure 1,Holm_adjusted_p,0.00592487,repo/Data/Additional Sensitivity Analysis/Canonical Primary Nonoverlap 20260830/block_contrasts.csv,AOI=AOI-02; sensor=modis; target_year=2025; contrast=2y_vs_3y,0.005924868496797,counts: integer; manuscript headline RMSE/differences: 6 decimals; table values: source-derived fixed precision,Code/scripts/34_promote_nonoverlap_primary.py,canonical_nonoverlap_primary_20260830 / final_phase1_sensitivities,PASS
Results,Table 5; Figure 1,Table 5; Figure 1,paired_block_n,24,repo/Data/Additional Sensitivity Analysis/Canonical Primary Nonoverlap 20260830/block_contrasts.csv,AOI=AOI-02; sensor=modis; target_year=2025; contrast=2y_vs_3y,24,counts: integer; manuscript headline RMSE/differences: 6 decimals; table values: source-derived fixed precision,Code/scripts/34_promote_nonoverlap_primary.py,canonical_nonoverlap_primary_20260830 / final_phase1_sensitivities,PASS
Results,Table 5; Figure 1,Table 5; Figure 1,mean_difference_RMSE,-0.000779,repo/Data/Additional Sensitivity Analysis/Canonical Primary Nonoverlap 20260830/block_contrasts.csv,AOI=AOI-02; sensor=sentinel2; target_year=2024; contrast=1y_vs_2y,-0.00077921194539,counts: integer; manuscript headline RMSE/differences: 6 decimals; table values: source-derived fixed precision,Code/scripts/34_promote_nonoverlap_primary.py,canonical_nonoverlap_primary_20260830 / final_phase1_sensitivities,PASS
Results,Table 5; Figure 1,Table 5; Figure 1,Holm_adjusted_p,3.08789e-07,repo/Data/Additional Sensitivity Analysis/Canonical Primary Nonoverlap 20260830/block_contrasts.csv,AOI=AOI-02; sensor=sentinel2; target_year=2024; contrast=1y_vs_2y,3.087891175183488e-07,counts: integer; manuscript headline RMSE/differences: 6 decimals; table values: source-derived fixed precision,Code/scripts/34_promote_nonoverlap_primary.py,canonical_nonoverlap_primary_20260830 / final_phase1_sensitivities,PASS
Results,Table 5; Figure 1,Table 5; Figure 1,paired_block_n,38,repo/Data/Additional Sensitivity Analysis/Canonical Primary Nonoverlap 20260830/block_contrasts.csv,AOI=AOI-02; sensor=sentinel2; target_year=2024; contrast=1y_vs_2y,38,counts: integer; manuscript headline RMSE/differences: 6 decimals; table values: source-derived fixed precision,Code/scripts/34_promote_nonoverlap_primary.py,canonical_nonoverlap_primary_20260830 / final_phase1_sensitivities,PASS
Results,Table 5; Figure 1,Table 5; Figure 1,mean_difference_RMSE,0.003548,repo/Data/Additional Sensitivity Analysis/Canonical Primary Nonoverlap 20260830/block_contrasts.csv,AOI=AOI-02; sensor=sentinel2; target_year=2024; contrast=1y_vs_3y,0.0035477962594719,counts: integer; manuscript headline RMSE/differences: 6 decimals; table values: source-derived fixed precision,Code/scripts/34_promote_nonoverlap_primary.py,canonical_nonoverlap_primary_20260830 / final_phase1_sensitivities,PASS
Results,Table 5; Figure 1,Table 5; Figure 1,Holm_adjusted_p,9.32646e-05,repo/Data/Additional Sensitivity Analysis/Canonical Primary Nonoverlap 20260830/block_contrasts.csv,AOI=AOI-02; sensor=sentinel2; target_year=2024; contrast=1y_vs_3y,9.32646396127748e-05,counts: integer; manuscript headline RMSE/differences: 6 decimals; table values: source-derived fixed precision,Code/scripts/34_promote_nonoverlap_primary.py,canonical_nonoverlap_primary_20260830 / final_phase1_sensitivities,PASS
Results,Table 5; Figure 1,Table 5; Figure 1,paired_block_n,38,repo/Data/Additional Sensitivity Analysis/Canonical Primary Nonoverlap 20260830/block_contrasts.csv,AOI=AOI-02; sensor=sentinel2; target_year=2024; contrast=1y_vs_3y,38,counts: integer; manuscript headline RMSE/differences: 6 decimals; table values: source-derived fixed precision,Code/scripts/34_promote_nonoverlap_primary.py,canonical_nonoverlap_primary_20260830 / final_phase1_sensitivities,PASS
Results,Table 5; Figure 1,Table 5; Figure 1,mean_difference_RMSE,0.004327,repo/Data/Additional Sensitivity Analysis/Canonical Primary Nonoverlap 20260830/block_contrasts.csv,AOI=AOI-02; sensor=sentinel2; target_year=2024; contrast=2y_vs_3y,0.0043270082048619,counts: integer; manuscript headline RMSE/differences: 6 decimals; table values: source-derived fixed precision,Code/scripts/34_promote_nonoverlap_primary.py,canonical_nonoverlap_primary_20260830 / final_phase1_sensitivities,PASS
Results,Table 5; Figure 1,Table 5; Figure 1,Holm_adjusted_p,7.51136e-05,repo/Data/Additional Sensitivity Analysis/Canonical Primary Nonoverlap 20260830/block_contrasts.csv,AOI=AOI-02; sensor=sentinel2; target_year=2024; contrast=2y_vs_3y,7.51136337451258e-05,counts: integer; manuscript headline RMSE/differences: 6 decimals; table values: source-derived fixed precision,Code/scripts/34_promote_nonoverlap_primary.py,canonical_nonoverlap_primary_20260830 / final_phase1_sensitivities,PASS
Results,Table 5; Figure 1,Table 5; Figure 1,paired_block_n,38,repo/Data/Additional Sensitivity Analysis/Canonical Primary Nonoverlap 20260830/block_contrasts.csv,AOI=AOI-02; sensor=sentinel2; target_year=2024; contrast=2y_vs_3y,38,counts: integer; manuscript headline RMSE/differences: 6 decimals; table values: source-derived fixed precision,Code/scripts/34_promote_nonoverlap_primary.py,canonical_nonoverlap_primary_20260830 / final_phase1_sensitivities,PASS
Results,Table 5; Figure 1,Table 5; Figure 1,mean_difference_RMSE,0.001619,repo/Data/Additional Sensitivity Analysis/Canonical Primary Nonoverlap 20260830/block_contrasts.csv,AOI=AOI-02; sensor=sentinel2; target_year=2025; contrast=1y_vs_2y,0.0016190078408096,counts: integer; manuscript headline RMSE/differences: 6 decimals; table values: source-derived fixed precision,Code/scripts/34_promote_nonoverlap_primary.py,canonical_nonoverlap_primary_20260830 / final_phase1_sensitivities,PASS
Results,Table 5; Figure 1,Table 5; Figure 1,Holm_adjusted_p,0.00928748,repo/Data/Additional Sensitivity Analysis/Canonical Primary Nonoverlap 20260830/block_contrasts.csv,AOI=AOI-02; sensor=sentinel2; target_year=2025; contrast=1y_vs_2y,0.0092874842612724,counts: integer; manuscript headline RMSE/differences: 6 decimals; table values: source-derived fixed precision,Code/scripts/34_promote_nonoverlap_primary.py,canonical_nonoverlap_primary_20260830 / final_phase1_sensitivities,PASS
Results,Table 5; Figure 1,Table 5; Figure 1,paired_block_n,38,repo/Data/Additional Sensitivity Analysis/Canonical Primary Nonoverlap 20260830/block_contrasts.csv,AOI=AOI-02; sensor=sentinel2; target_year=2025; contrast=1y_vs_2y,38,counts: integer; manuscript headline RMSE/differences: 6 decimals; table values: source-derived fixed precision,Code/scripts/34_promote_nonoverlap_primary.py,canonical_nonoverlap_primary_20260830 / final_phase1_sensitivities,PASS
Results,Table 5; Figure 1,Table 5; Figure 1,mean_difference_RMSE,0.002420,repo/Data/Additional Sensitivity Analysis/Canonical Primary Nonoverlap 20260830/block_contrasts.csv,AOI=AOI-02; sensor=sentinel2; target_year=2025; contrast=1y_vs_3y,0.0024201416878417,counts: integer; manuscript headline RMSE/differences: 6 decimals; table values: source-derived fixed precision,Code/scripts/34_promote_nonoverlap_primary.py,canonical_nonoverlap_primary_20260830 / final_phase1_sensitivities,PASS
Results,Table 5; Figure 1,Table 5; Figure 1,Holm_adjusted_p,0.10873,repo/Data/Additional Sensitivity Analysis/Canonical Primary Nonoverlap 20260830/block_contrasts.csv,AOI=AOI-02; sensor=sentinel2; target_year=2025; contrast=1y_vs_3y,0.1087304093370731,counts: integer; manuscript headline RMSE/differences: 6 decimals; table values: source-derived fixed precision,Code/scripts/34_promote_nonoverlap_primary.py,canonical_nonoverlap_primary_20260830 / final_phase1_sensitivities,PASS
Results,Table 5; Figure 1,Table 5; Figure 1,paired_block_n,38,repo/Data/Additional Sensitivity Analysis/Canonical Primary Nonoverlap 20260830/block_contrasts.csv,AOI=AOI-02; sensor=sentinel2; target_year=2025; contrast=1y_vs_3y,38,counts: integer; manuscript headline RMSE/differences: 6 decimals; table values: source-derived fixed precision,Code/scripts/34_promote_nonoverlap_primary.py,canonical_nonoverlap_primary_20260830 / final_phase1_sensitivities,PASS
Results,Table 5; Figure 1,Table 5; Figure 1,mean_difference_RMSE,0.000801,repo/Data/Additional Sensitivity Analysis/Canonical Primary Nonoverlap 20260830/block_contrasts.csv,AOI=AOI-02; sensor=sentinel2; target_year=2025; contrast=2y_vs_3y,0.000801133847032,counts: integer; manuscript headline RMSE/differences: 6 decimals; table values: source-derived fixed precision,Code/scripts/34_promote_nonoverlap_primary.py,canonical_nonoverlap_primary_20260830 / final_phase1_sensitivities,PASS
Results,Table 5; Figure 1,Table 5; Figure 1,Holm_adjusted_p,0.264883,repo/Data/Additional Sensitivity Analysis/Canonical Primary Nonoverlap 20260830/block_contrasts.csv,AOI=AOI-02; sensor=sentinel2; target_year=2025; contrast=2y_vs_3y,0.2648832594570245,counts: integer; manuscript headline RMSE/differences: 6 decimals; table values: source-derived fixed precision,Code/scripts/34_promote_nonoverlap_primary.py,canonical_nonoverlap_primary_20260830 / final_phase1_sensitivities,PASS
Results,Table 5; Figure 1,Table 5; Figure 1,paired_block_n,38,repo/Data/Additional Sensitivity Analysis/Canonical Primary Nonoverlap 20260830/block_contrasts.csv,AOI=AOI-02; sensor=sentinel2; target_year=2025; contrast=2y_vs_3y,38,counts: integer; manuscript headline RMSE/differences: 6 decimals; table values: source-derived fixed precision,Code/scripts/34_promote_nonoverlap_primary.py,canonical_nonoverlap_primary_20260830 / final_phase1_sensitivities,PASS
Results,Table 5; Figure 1,Table 5; Figure 1,mean_difference_RMSE,0.004276,repo/Data/Additional Sensitivity Analysis/Canonical Primary Nonoverlap 20260830/block_contrasts.csv,AOI=AOI-03; sensor=landsat; target_year=2024; contrast=1y_vs_2y,0.0042759475030834,counts: integer; manuscript headline RMSE/differences: 6 decimals; table values: source-derived fixed precision,Code/scripts/34_promote_nonoverlap_primary.py,canonical_nonoverlap_primary_20260830 / final_phase1_sensitivities,PASS
Results,Table 5; Figure 1,Table 5; Figure 1,Holm_adjusted_p,7.48332e-09,repo/Data/Additional Sensitivity Analysis/Canonical Primary Nonoverlap 20260830/block_contrasts.csv,AOI=AOI-03; sensor=landsat; target_year=2024; contrast=1y_vs_2y,7.483324853045983e-09,counts: integer; manuscript headline RMSE/differences: 6 decimals; table values: source-derived fixed precision,Code/scripts/34_promote_nonoverlap_primary.py,canonical_nonoverlap_primary_20260830 / final_phase1_sensitivities,PASS
Results,Table 5; Figure 1,Table 5; Figure 1,paired_block_n,35,repo/Data/Additional Sensitivity Analysis/Canonical Primary Nonoverlap 20260830/block_contrasts.csv,AOI=AOI-03; sensor=landsat; target_year=2024; contrast=1y_vs_2y,35,counts: integer; manuscript headline RMSE/differences: 6 decimals; table values: source-derived fixed precision,Code/scripts/34_promote_nonoverlap_primary.py,canonical_nonoverlap_primary_20260830 / final_phase1_sensitivities,PASS
Results,Table 5; Figure 1,Table 5; Figure 1,mean_difference_RMSE,0.004850,repo/Data/Additional Sensitivity Analysis/Canonical Primary Nonoverlap 20260830/block_contrasts.csv,AOI=AOI-03; sensor=landsat; target_year=2024; contrast=1y_vs_3y,0.0048498168591073,counts: integer; manuscript headline RMSE/differences: 6 decimals; table values: source-derived fixed precision,Code/scripts/34_promote_nonoverlap_primary.py,canonical_nonoverlap_primary_20260830 / final_phase1_sensitivities,PASS
Results,Table 5; Figure 1,Table 5; Figure 1,Holm_adjusted_p,2.8338e-08,repo/Data/Additional Sensitivity Analysis/Canonical Primary Nonoverlap 20260830/block_contrasts.csv,AOI=AOI-03; sensor=landsat; target_year=2024; contrast=1y_vs_3y,2.8338041169842105e-08,counts: integer; manuscript headline RMSE/differences: 6 decimals; table values: source-derived fixed precision,Code/scripts/34_promote_nonoverlap_primary.py,canonical_nonoverlap_primary_20260830 / final_phase1_sensitivities,PASS
Results,Table 5; Figure 1,Table 5; Figure 1,paired_block_n,35,repo/Data/Additional Sensitivity Analysis/Canonical Primary Nonoverlap 20260830/block_contrasts.csv,AOI=AOI-03; sensor=landsat; target_year=2024; contrast=1y_vs_3y,35,counts: integer; manuscript headline RMSE/differences: 6 decimals; table values: source-derived fixed precision,Code/scripts/34_promote_nonoverlap_primary.py,canonical_nonoverlap_primary_20260830 / final_phase1_sensitivities,PASS
Results,Table 5; Figure 1,Table 5; Figure 1,mean_difference_RMSE,0.000574,repo/Data/Additional Sensitivity Analysis/Canonical Primary Nonoverlap 20260830/block_contrasts.csv,AOI=AOI-03; sensor=landsat; target_year=2024; contrast=2y_vs_3y,0.0005738693560239,counts: integer; manuscript headline RMSE/differences: 6 decimals; table values: source-derived fixed precision,Code/scripts/34_promote_nonoverlap_primary.py,canonical_nonoverlap_primary_20260830 / final_phase1_sensitivities,PASS
Results,Table 5; Figure 1,Table 5; Figure 1,Holm_adjusted_p,4.98954e-05,repo/Data/Additional Sensitivity Analysis/Canonical Primary Nonoverlap 20260830/block_contrasts.csv,AOI=AOI-03; sensor=landsat; target_year=2024; contrast=2y_vs_3y,4.989544462665088e-05,counts: integer; manuscript headline RMSE/differences: 6 decimals; table values: source-derived fixed precision,Code/scripts/34_promote_nonoverlap_primary.py,canonical_nonoverlap_primary_20260830 / final_phase1_sensitivities,PASS
Results,Table 5; Figure 1,Table 5; Figure 1,paired_block_n,35,repo/Data/Additional Sensitivity Analysis/Canonical Primary Nonoverlap 20260830/block_contrasts.csv,AOI=AOI-03; sensor=landsat; target_year=2024; contrast=2y_vs_3y,35,counts: integer; manuscript headline RMSE/differences: 6 decimals; table values: source-derived fixed precision,Code/scripts/34_promote_nonoverlap_primary.py,canonical_nonoverlap_primary_20260830 / final_phase1_sensitivities,PASS
Results,Table 5; Figure 1,Table 5; Figure 1,mean_difference_RMSE,-0.002591,repo/Data/Additional Sensitivity Analysis/Canonical Primary Nonoverlap 20260830/block_contrasts.csv,AOI=AOI-03; sensor=landsat; target_year=2025; contrast=1y_vs_2y,-0.0025914044063974,counts: integer; manuscript headline RMSE/differences: 6 decimals; table values: source-derived fixed precision,Code/scripts/34_promote_nonoverlap_primary.py,canonical_nonoverlap_primary_20260830 / final_phase1_sensitivities,PASS
Results,Table 5; Figure 1,Table 5; Figure 1,Holm_adjusted_p,2.79816e-05,repo/Data/Additional Sensitivity Analysis/Canonical Primary Nonoverlap 20260830/block_contrasts.csv,AOI=AOI-03; sensor=landsat; target_year=2025; contrast=1y_vs_2y,2.7981625638857855e-05,counts: integer; manuscript headline RMSE/differences: 6 decimals; table values: source-derived fixed precision,Code/scripts/34_promote_nonoverlap_primary.py,canonical_nonoverlap_primary_20260830 / final_phase1_sensitivities,PASS
Results,Table 5; Figure 1,Table 5; Figure 1,paired_block_n,35,repo/Data/Additional Sensitivity Analysis/Canonical Primary Nonoverlap 20260830/block_contrasts.csv,AOI=AOI-03; sensor=landsat; target_year=2025; contrast=1y_vs_2y,35,counts: integer; manuscript headline RMSE/differences: 6 decimals; table values: source-derived fixed precision,Code/scripts/34_promote_nonoverlap_primary.py,canonical_nonoverlap_primary_20260830 / final_phase1_sensitivities,PASS
Results,Table 5; Figure 1,Table 5; Figure 1,mean_difference_RMSE,-0.001145,repo/Data/Additional Sensitivity Analysis/Canonical Primary Nonoverlap 20260830/block_contrasts.csv,AOI=AOI-03; sensor=landsat; target_year=2025; contrast=1y_vs_3y,-0.0011448075628093,counts: integer; manuscript headline RMSE/differences: 6 decimals; table values: source-derived fixed precision,Code/scripts/34_promote_nonoverlap_primary.py,canonical_nonoverlap_primary_20260830 / final_phase1_sensitivities,PASS
Results,Table 5; Figure 1,Table 5; Figure 1,Holm_adjusted_p,5.96491e-05,repo/Data/Additional Sensitivity Analysis/Canonical Primary Nonoverlap 20260830/block_contrasts.csv,AOI=AOI-03; sensor=landsat; target_year=2025; contrast=1y_vs_3y,5.9649101295457513e-05,counts: integer; manuscript headline RMSE/differences: 6 decimals; table values: source-derived fixed precision,Code/scripts/34_promote_nonoverlap_primary.py,canonical_nonoverlap_primary_20260830 / final_phase1_sensitivities,PASS
Results,Table 5; Figure 1,Table 5; Figure 1,paired_block_n,35,repo/Data/Additional Sensitivity Analysis/Canonical Primary Nonoverlap 20260830/block_contrasts.csv,AOI=AOI-03; sensor=landsat; target_year=2025; contrast=1y_vs_3y,35,counts: integer; manuscript headline RMSE/differences: 6 decimals; table values: source-derived fixed precision,Code/scripts/34_promote_nonoverlap_primary.py,canonical_nonoverlap_primary_20260830 / final_phase1_sensitivities,PASS
Results,Table 5; Figure 1,Table 5; Figure 1,mean_difference_RMSE,0.001447,repo/Data/Additional Sensitivity Analysis/Canonical Primary Nonoverlap 20260830/block_contrasts.csv,AOI=AOI-03; sensor=landsat; target_year=2025; contrast=2y_vs_3y,0.001446596843588,counts: integer; manuscript headline RMSE/differences: 6 decimals; table values: source-derived fixed precision,Code/scripts/34_promote_nonoverlap_primary.py,canonical_nonoverlap_primary_20260830 / final_phase1_sensitivities,PASS
Results,Table 5; Figure 1,Table 5; Figure 1,Holm_adjusted_p,2.03164e-05,repo/Data/Additional Sensitivity Analysis/Canonical Primary Nonoverlap 20260830/block_contrasts.csv,AOI=AOI-03; sensor=landsat; target_year=2025; contrast=2y_vs_3y,2.0316431805992618e-05,counts: integer; manuscript headline RMSE/differences: 6 decimals; table values: source-derived fixed precision,Code/scripts/34_promote_nonoverlap_primary.py,canonical_nonoverlap_primary_20260830 / final_phase1_sensitivities,PASS
Results,Table 5; Figure 1,Table 5; Figure 1,paired_block_n,35,repo/Data/Additional Sensitivity Analysis/Canonical Primary Nonoverlap 20260830/block_contrasts.csv,AOI=AOI-03; sensor=landsat; target_year=2025; contrast=2y_vs_3y,35,counts: integer; manuscript headline RMSE/differences: 6 decimals; table values: source-derived fixed precision,Code/scripts/34_promote_nonoverlap_primary.py,canonical_nonoverlap_primary_20260830 / final_phase1_sensitivities,PASS
Results,Table 5; Figure 1,Table 5; Figure 1,mean_difference_RMSE,-0.000144,repo/Data/Additional Sensitivity Analysis/Canonical Primary Nonoverlap 20260830/block_contrasts.csv,AOI=AOI-03; sensor=modis; target_year=2024; contrast=1y_vs_2y,-0.0001438768074962,counts: integer; manuscript headline RMSE/differences: 6 decimals; table values: source-derived fixed precision,Code/scripts/34_promote_nonoverlap_primary.py,canonical_nonoverlap_primary_20260830 / final_phase1_sensitivities,PASS
Results,Table 5; Figure 1,Table 5; Figure 1,Holm_adjusted_p,0.613175,repo/Data/Additional Sensitivity Analysis/Canonical Primary Nonoverlap 20260830/block_contrasts.csv,AOI=AOI-03; sensor=modis; target_year=2024; contrast=1y_vs_2y,0.6131748466091276,counts: integer; manuscript headline RMSE/differences: 6 decimals; table values: source-derived fixed precision,Code/scripts/34_promote_nonoverlap_primary.py,canonical_nonoverlap_primary_20260830 / final_phase1_sensitivities,PASS
Results,Table 5; Figure 1,Table 5; Figure 1,paired_block_n,35,repo/Data/Additional Sensitivity Analysis/Canonical Primary Nonoverlap 20260830/block_contrasts.csv,AOI=AOI-03; sensor=modis; target_year=2024; contrast=1y_vs_2y,35,counts: integer; manuscript headline RMSE/differences: 6 decimals; table values: source-derived fixed precision,Code/scripts/34_promote_nonoverlap_primary.py,canonical_nonoverlap_primary_20260830 / final_phase1_sensitivities,PASS
Results,Table 5; Figure 1,Table 5; Figure 1,mean_difference_RMSE,-0.000590,repo/Data/Additional Sensitivity Analysis/Canonical Primary Nonoverlap 20260830/block_contrasts.csv,AOI=AOI-03; sensor=modis; target_year=2024; contrast=1y_vs_3y,-0.0005902274005168,counts: integer; manuscript headline RMSE/differences: 6 decimals; table values: source-derived fixed precision,Code/scripts/34_promote_nonoverlap_primary.py,canonical_nonoverlap_primary_20260830 / final_phase1_sensitivities,PASS
Results,Table 5; Figure 1,Table 5; Figure 1,Holm_adjusted_p,0.278883,repo/Data/Additional Sensitivity Analysis/Canonical Primary Nonoverlap 20260830/block_contrasts.csv,AOI=AOI-03; sensor=modis; target_year=2024; contrast=1y_vs_3y,0.2788830439009822,counts: integer; manuscript headline RMSE/differences: 6 decimals; table values: source-derived fixed precision,Code/scripts/34_promote_nonoverlap_primary.py,canonical_nonoverlap_primary_20260830 / final_phase1_sensitivities,PASS
Results,Table 5; Figure 1,Table 5; Figure 1,paired_block_n,35,repo/Data/Additional Sensitivity Analysis/Canonical Primary Nonoverlap 20260830/block_contrasts.csv,AOI=AOI-03; sensor=modis; target_year=2024; contrast=1y_vs_3y,35,counts: integer; manuscript headline RMSE/differences: 6 decimals; table values: source-derived fixed precision,Code/scripts/34_promote_nonoverlap_primary.py,canonical_nonoverlap_primary_20260830 / final_phase1_sensitivities,PASS
Results,Table 5; Figure 1,Table 5; Figure 1,mean_difference_RMSE,-0.000446,repo/Data/Additional Sensitivity Analysis/Canonical Primary Nonoverlap 20260830/block_contrasts.csv,AOI=AOI-03; sensor=modis; target_year=2024; contrast=2y_vs_3y,-0.0004463505930205,counts: integer; manuscript headline RMSE/differences: 6 decimals; table values: source-derived fixed precision,Code/scripts/34_promote_nonoverlap_primary.py,canonical_nonoverlap_primary_20260830 / final_phase1_sensitivities,PASS
Results,Table 5; Figure 1,Table 5; Figure 1,Holm_adjusted_p,0.0286216,repo/Data/Additional Sensitivity Analysis/Canonical Primary Nonoverlap 20260830/block_contrasts.csv,AOI=AOI-03; sensor=modis; target_year=2024; contrast=2y_vs_3y,0.0286216082780328,counts: integer; manuscript headline RMSE/differences: 6 decimals; table values: source-derived fixed precision,Code/scripts/34_promote_nonoverlap_primary.py,canonical_nonoverlap_primary_20260830 / final_phase1_sensitivities,PASS
Results,Table 5; Figure 1,Table 5; Figure 1,paired_block_n,35,repo/Data/Additional Sensitivity Analysis/Canonical Primary Nonoverlap 20260830/block_contrasts.csv,AOI=AOI-03; sensor=modis; target_year=2024; contrast=2y_vs_3y,35,counts: integer; manuscript headline RMSE/differences: 6 decimals; table values: source-derived fixed precision,Code/scripts/34_promote_nonoverlap_primary.py,canonical_nonoverlap_primary_20260830 / final_phase1_sensitivities,PASS
Results,Table 5; Figure 1,Table 5; Figure 1,mean_difference_RMSE,0.000376,repo/Data/Additional Sensitivity Analysis/Canonical Primary Nonoverlap 20260830/block_contrasts.csv,AOI=AOI-03; sensor=modis; target_year=2025; contrast=1y_vs_2y,0.0003760747871238,counts: integer; manuscript headline RMSE/differences: 6 decimals; table values: source-derived fixed precision,Code/scripts/34_promote_nonoverlap_primary.py,canonical_nonoverlap_primary_20260830 / final_phase1_sensitivities,PASS
Results,Table 5; Figure 1,Table 5; Figure 1,Holm_adjusted_p,3.97408e-06,repo/Data/Additional Sensitivity Analysis/Canonical Primary Nonoverlap 20260830/block_contrasts.csv,AOI=AOI-03; sensor=modis; target_year=2025; contrast=1y_vs_2y,3.97407969330731e-06,counts: integer; manuscript headline RMSE/differences: 6 decimals; table values: source-derived fixed precision,Code/scripts/34_promote_nonoverlap_primary.py,canonical_nonoverlap_primary_20260830 / final_phase1_sensitivities,PASS
Results,Table 5; Figure 1,Table 5; Figure 1,paired_block_n,35,repo/Data/Additional Sensitivity Analysis/Canonical Primary Nonoverlap 20260830/block_contrasts.csv,AOI=AOI-03; sensor=modis; target_year=2025; contrast=1y_vs_2y,35,counts: integer; manuscript headline RMSE/differences: 6 decimals; table values: source-derived fixed precision,Code/scripts/34_promote_nonoverlap_primary.py,canonical_nonoverlap_primary_20260830 / final_phase1_sensitivities,PASS
Results,Table 5; Figure 1,Table 5; Figure 1,mean_difference_RMSE,0.000456,repo/Data/Additional Sensitivity Analysis/Canonical Primary Nonoverlap 20260830/block_contrasts.csv,AOI=AOI-03; sensor=modis; target_year=2025; contrast=1y_vs_3y,0.0004557495321614,counts: integer; manuscript headline RMSE/differences: 6 decimals; table values: source-derived fixed precision,Code/scripts/34_promote_nonoverlap_primary.py,canonical_nonoverlap_primary_20260830 / final_phase1_sensitivities,PASS
Results,Table 5; Figure 1,Table 5; Figure 1,Holm_adjusted_p,0.248119,repo/Data/Additional Sensitivity Analysis/Canonical Primary Nonoverlap 20260830/block_contrasts.csv,AOI=AOI-03; sensor=modis; target_year=2025; contrast=1y_vs_3y,0.248118588567199,counts: integer; manuscript headline RMSE/differences: 6 decimals; table values: source-derived fixed precision,Code/scripts/34_promote_nonoverlap_primary.py,canonical_nonoverlap_primary_20260830 / final_phase1_sensitivities,PASS
Results,Table 5; Figure 1,Table 5; Figure 1,paired_block_n,35,repo/Data/Additional Sensitivity Analysis/Canonical Primary Nonoverlap 20260830/block_contrasts.csv,AOI=AOI-03; sensor=modis; target_year=2025; contrast=1y_vs_3y,35,counts: integer; manuscript headline RMSE/differences: 6 decimals; table values: source-derived fixed precision,Code/scripts/34_promote_nonoverlap_primary.py,canonical_nonoverlap_primary_20260830 / final_phase1_sensitivities,PASS
Results,Table 5; Figure 1,Table 5; Figure 1,mean_difference_RMSE,0.000080,repo/Data/Additional Sensitivity Analysis/Canonical Primary Nonoverlap 20260830/block_contrasts.csv,AOI=AOI-03; sensor=modis; target_year=2025; contrast=2y_vs_3y,7.967474503762203e-05,counts: integer; manuscript headline RMSE/differences: 6 decimals; table values: source-derived fixed precision,Code/scripts/34_promote_nonoverlap_primary.py,canonical_nonoverlap_primary_20260830 / final_phase1_sensitivities,PASS
Results,Table 5; Figure 1,Table 5; Figure 1,Holm_adjusted_p,0.754481,repo/Data/Additional Sensitivity Analysis/Canonical Primary Nonoverlap 20260830/block_contrasts.csv,AOI=AOI-03; sensor=modis; target_year=2025; contrast=2y_vs_3y,0.7544807781253253,counts: integer; manuscript headline RMSE/differences: 6 decimals; table values: source-derived fixed precision,Code/scripts/34_promote_nonoverlap_primary.py,canonical_nonoverlap_primary_20260830 / final_phase1_sensitivities,PASS
Results,Table 5; Figure 1,Table 5; Figure 1,paired_block_n,35,repo/Data/Additional Sensitivity Analysis/Canonical Primary Nonoverlap 20260830/block_contrasts.csv,AOI=AOI-03; sensor=modis; target_year=2025; contrast=2y_vs_3y,35,counts: integer; manuscript headline RMSE/differences: 6 decimals; table values: source-derived fixed precision,Code/scripts/34_promote_nonoverlap_primary.py,canonical_nonoverlap_primary_20260830 / final_phase1_sensitivities,PASS
Results,Table 5; Figure 1,Table 5; Figure 1,mean_difference_RMSE,0.000043,repo/Data/Additional Sensitivity Analysis/Canonical Primary Nonoverlap 20260830/block_contrasts.csv,AOI=AOI-03; sensor=sentinel2; target_year=2024; contrast=1y_vs_2y,4.267309856508349e-05,counts: integer; manuscript headline RMSE/differences: 6 decimals; table values: source-derived fixed precision,Code/scripts/34_promote_nonoverlap_primary.py,canonical_nonoverlap_primary_20260830 / final_phase1_sensitivities,PASS
Results,Table 5; Figure 1,Table 5; Figure 1,Holm_adjusted_p,1,repo/Data/Additional Sensitivity Analysis/Canonical Primary Nonoverlap 20260830/block_contrasts.csv,AOI=AOI-03; sensor=sentinel2; target_year=2024; contrast=1y_vs_2y,1.0,counts: integer; manuscript headline RMSE/differences: 6 decimals; table values: source-derived fixed precision,Code/scripts/34_promote_nonoverlap_primary.py,canonical_nonoverlap_primary_20260830 / final_phase1_sensitivities,PASS
Results,Table 5; Figure 1,Table 5; Figure 1,paired_block_n,35,repo/Data/Additional Sensitivity Analysis/Canonical Primary Nonoverlap 20260830/block_contrasts.csv,AOI=AOI-03; sensor=sentinel2; target_year=2024; contrast=1y_vs_2y,35,counts: integer; manuscript headline RMSE/differences: 6 decimals; table values: source-derived fixed precision,Code/scripts/34_promote_nonoverlap_primary.py,canonical_nonoverlap_primary_20260830 / final_phase1_sensitivities,PASS
Results,Table 5; Figure 1,Table 5; Figure 1,mean_difference_RMSE,-0.000296,repo/Data/Additional Sensitivity Analysis/Canonical Primary Nonoverlap 20260830/block_contrasts.csv,AOI=AOI-03; sensor=sentinel2; target_year=2024; contrast=1y_vs_3y,-0.000296494725426,counts: integer; manuscript headline RMSE/differences: 6 decimals; table values: source-derived fixed precision,Code/scripts/34_promote_nonoverlap_primary.py,canonical_nonoverlap_primary_20260830 / final_phase1_sensitivities,PASS
Results,Table 5; Figure 1,Table 5; Figure 1,Holm_adjusted_p,1,repo/Data/Additional Sensitivity Analysis/Canonical Primary Nonoverlap 20260830/block_contrasts.csv,AOI=AOI-03; sensor=sentinel2; target_year=2024; contrast=1y_vs_3y,1.0,counts: integer; manuscript headline RMSE/differences: 6 decimals; table values: source-derived fixed precision,Code/scripts/34_promote_nonoverlap_primary.py,canonical_nonoverlap_primary_20260830 / final_phase1_sensitivities,PASS
Results,Table 5; Figure 1,Table 5; Figure 1,paired_block_n,35,repo/Data/Additional Sensitivity Analysis/Canonical Primary Nonoverlap 20260830/block_contrasts.csv,AOI=AOI-03; sensor=sentinel2; target_year=2024; contrast=1y_vs_3y,35,counts: integer; manuscript headline RMSE/differences: 6 decimals; table values: source-derived fixed precision,Code/scripts/34_promote_nonoverlap_primary.py,canonical_nonoverlap_primary_20260830 / final_phase1_sensitivities,PASS
Results,Table 5; Figure 1,Table 5; Figure 1,mean_difference_RMSE,-0.000339,repo/Data/Additional Sensitivity Analysis/Canonical Primary Nonoverlap 20260830/block_contrasts.csv,AOI=AOI-03; sensor=sentinel2; target_year=2024; contrast=2y_vs_3y,-0.0003391678239911,counts: integer; manuscript headline RMSE/differences: 6 decimals; table values: source-derived fixed precision,Code/scripts/34_promote_nonoverlap_primary.py,canonical_nonoverlap_primary_20260830 / final_phase1_sensitivities,PASS
Results,Table 5; Figure 1,Table 5; Figure 1,Holm_adjusted_p,0.213202,repo/Data/Additional Sensitivity Analysis/Canonical Primary Nonoverlap 20260830/block_contrasts.csv,AOI=AOI-03; sensor=sentinel2; target_year=2024; contrast=2y_vs_3y,0.213201988613908,counts: integer; manuscript headline RMSE/differences: 6 decimals; table values: source-derived fixed precision,Code/scripts/34_promote_nonoverlap_primary.py,canonical_nonoverlap_primary_20260830 / final_phase1_sensitivities,PASS
Results,Table 5; Figure 1,Table 5; Figure 1,paired_block_n,35,repo/Data/Additional Sensitivity Analysis/Canonical Primary Nonoverlap 20260830/block_contrasts.csv,AOI=AOI-03; sensor=sentinel2; target_year=2024; contrast=2y_vs_3y,35,counts: integer; manuscript headline RMSE/differences: 6 decimals; table values: source-derived fixed precision,Code/scripts/34_promote_nonoverlap_primary.py,canonical_nonoverlap_primary_20260830 / final_phase1_sensitivities,PASS
Results,Table 5; Figure 1,Table 5; Figure 1,mean_difference_RMSE,-0.000311,repo/Data/Additional Sensitivity Analysis/Canonical Primary Nonoverlap 20260830/block_contrasts.csv,AOI=AOI-03; sensor=sentinel2; target_year=2025; contrast=1y_vs_2y,-0.0003113462327793,counts: integer; manuscript headline RMSE/differences: 6 decimals; table values: source-derived fixed precision,Code/scripts/34_promote_nonoverlap_primary.py,canonical_nonoverlap_primary_20260830 / final_phase1_sensitivities,PASS
Results,Table 5; Figure 1,Table 5; Figure 1,Holm_adjusted_p,0.470375,repo/Data/Additional Sensitivity Analysis/Canonical Primary Nonoverlap 20260830/block_contrasts.csv,AOI=AOI-03; sensor=sentinel2; target_year=2025; contrast=1y_vs_2y,0.4703754188176818,counts: integer; manuscript headline RMSE/differences: 6 decimals; table values: source-derived fixed precision,Code/scripts/34_promote_nonoverlap_primary.py,canonical_nonoverlap_primary_20260830 / final_phase1_sensitivities,PASS
Results,Table 5; Figure 1,Table 5; Figure 1,paired_block_n,35,repo/Data/Additional Sensitivity Analysis/Canonical Primary Nonoverlap 20260830/block_contrasts.csv,AOI=AOI-03; sensor=sentinel2; target_year=2025; contrast=1y_vs_2y,35,counts: integer; manuscript headline RMSE/differences: 6 decimals; table values: source-derived fixed precision,Code/scripts/34_promote_nonoverlap_primary.py,canonical_nonoverlap_primary_20260830 / final_phase1_sensitivities,PASS
Results,Table 5; Figure 1,Table 5; Figure 1,mean_difference_RMSE,-0.000182,repo/Data/Additional Sensitivity Analysis/Canonical Primary Nonoverlap 20260830/block_contrasts.csv,AOI=AOI-03; sensor=sentinel2; target_year=2025; contrast=1y_vs_3y,-0.0001821029537023,counts: integer; manuscript headline RMSE/differences: 6 decimals; table values: source-derived fixed precision,Code/scripts/34_promote_nonoverlap_primary.py,canonical_nonoverlap_primary_20260830 / final_phase1_sensitivities,PASS
Results,Table 5; Figure 1,Table 5; Figure 1,Holm_adjusted_p,0.470375,repo/Data/Additional Sensitivity Analysis/Canonical Primary Nonoverlap 20260830/block_contrasts.csv,AOI=AOI-03; sensor=sentinel2; target_year=2025; contrast=1y_vs_3y,0.4703754188176818,counts: integer; manuscript headline RMSE/differences: 6 decimals; table values: source-derived fixed precision,Code/scripts/34_promote_nonoverlap_primary.py,canonical_nonoverlap_primary_20260830 / final_phase1_sensitivities,PASS
Results,Table 5; Figure 1,Table 5; Figure 1,paired_block_n,35,repo/Data/Additional Sensitivity Analysis/Canonical Primary Nonoverlap 20260830/block_contrasts.csv,AOI=AOI-03; sensor=sentinel2; target_year=2025; contrast=1y_vs_3y,35,counts: integer; manuscript headline RMSE/differences: 6 decimals; table values: source-derived fixed precision,Code/scripts/34_promote_nonoverlap_primary.py,canonical_nonoverlap_primary_20260830 / final_phase1_sensitivities,PASS
Results,Table 5; Figure 1,Table 5; Figure 1,mean_difference_RMSE,0.000129,repo/Data/Additional Sensitivity Analysis/Canonical Primary Nonoverlap 20260830/block_contrasts.csv,AOI=AOI-03; sensor=sentinel2; target_year=2025; contrast=2y_vs_3y,0.000129243279077,counts: integer; manuscript headline RMSE/differences: 6 decimals; table values: source-derived fixed precision,Code/scripts/34_promote_nonoverlap_primary.py,canonical_nonoverlap_primary_20260830 / final_phase1_sensitivities,PASS
Results,Table 5; Figure 1,Table 5; Figure 1,Holm_adjusted_p,0.205749,repo/Data/Additional Sensitivity Analysis/Canonical Primary Nonoverlap 20260830/block_contrasts.csv,AOI=AOI-03; sensor=sentinel2; target_year=2025; contrast=2y_vs_3y,0.2057489652144984,counts: integer; manuscript headline RMSE/differences: 6 decimals; table values: source-derived fixed precision,Code/scripts/34_promote_nonoverlap_primary.py,canonical_nonoverlap_primary_20260830 / final_phase1_sensitivities,PASS
Results,Table 5; Figure 1,Table 5; Figure 1,paired_block_n,35,repo/Data/Additional Sensitivity Analysis/Canonical Primary Nonoverlap 20260830/block_contrasts.csv,AOI=AOI-03; sensor=sentinel2; target_year=2025; contrast=2y_vs_3y,35,counts: integer; manuscript headline RMSE/differences: 6 decimals; table values: source-derived fixed precision,Code/scripts/34_promote_nonoverlap_primary.py,canonical_nonoverlap_primary_20260830 / final_phase1_sensitivities,PASS
Results,Table 6,Table 6,target_identity_retention,1.0,repo/Data/Additional Sensitivity Analysis/New Nonoverlap Primary/Aggregation Order/summaries/aggregation_configuration_summary.csv,AOI=AOI-00; sensor=landsat; primary_history=W2022,1.0,counts: integer; manuscript headline RMSE/differences: 6 decimals; table values: source-derived fixed precision,Code/scripts/35_phase1_nonoverlap_sensitivity.py,canonical_nonoverlap_primary_20260830 / final_phase1_sensitivities,PASS
Results,Table 6,Table 6,delta_NDVI_abs_mean,0.004543,repo/Data/Additional Sensitivity Analysis/New Nonoverlap Primary/Aggregation Order/summaries/aggregation_configuration_summary.csv,AOI=AOI-00; sensor=landsat; primary_history=W2022,0.0045432823414869,counts: integer; manuscript headline RMSE/differences: 6 decimals; table values: source-derived fixed precision,Code/scripts/35_phase1_nonoverlap_sensitivity.py,canonical_nonoverlap_primary_20260830 / final_phase1_sensitivities,PASS
Results,Table 6,Table 6,delta_RMSE_operational,-0.000890,repo/Data/Additional Sensitivity Analysis/New Nonoverlap Primary/Aggregation Order/summaries/aggregation_configuration_summary.csv,AOI=AOI-00; sensor=landsat; primary_history=W2022,-0.0008902094751242,counts: integer; manuscript headline RMSE/differences: 6 decimals; table values: source-derived fixed precision,Code/scripts/35_phase1_nonoverlap_sensitivity.py,canonical_nonoverlap_primary_20260830 / final_phase1_sensitivities,PASS
Results,Table 6,Table 6,history_changed,False,repo/Data/Additional Sensitivity Analysis/New Nonoverlap Primary/Aggregation Order/summaries/aggregation_configuration_summary.csv,AOI=AOI-00; sensor=landsat; primary_history=W2022,False,counts: integer; manuscript headline RMSE/differences: 6 decimals; table values: source-derived fixed precision,Code/scripts/35_phase1_nonoverlap_sensitivity.py,canonical_nonoverlap_primary_20260830 / final_phase1_sensitivities,PASS
Results,Table 6,Table 6,rolling_origin_direction_changed,False,repo/Data/Additional Sensitivity Analysis/New Nonoverlap Primary/Aggregation Order/summaries/aggregation_configuration_summary.csv,AOI=AOI-00; sensor=landsat; primary_history=W2022,False,counts: integer; manuscript headline RMSE/differences: 6 decimals; table values: source-derived fixed precision,Code/scripts/35_phase1_nonoverlap_sensitivity.py,canonical_nonoverlap_primary_20260830 / final_phase1_sensitivities,PASS
Results,Table 6,Table 6,target_identity_retention,1.0,repo/Data/Additional Sensitivity Analysis/New Nonoverlap Primary/Aggregation Order/summaries/aggregation_configuration_summary.csv,AOI=AOI-00; sensor=modis; primary_history=W2023,1.0,counts: integer; manuscript headline RMSE/differences: 6 decimals; table values: source-derived fixed precision,Code/scripts/35_phase1_nonoverlap_sensitivity.py,canonical_nonoverlap_primary_20260830 / final_phase1_sensitivities,PASS
Results,Table 6,Table 6,delta_NDVI_abs_mean,0.001550,repo/Data/Additional Sensitivity Analysis/New Nonoverlap Primary/Aggregation Order/summaries/aggregation_configuration_summary.csv,AOI=AOI-00; sensor=modis; primary_history=W2023,0.0015497338595616,counts: integer; manuscript headline RMSE/differences: 6 decimals; table values: source-derived fixed precision,Code/scripts/35_phase1_nonoverlap_sensitivity.py,canonical_nonoverlap_primary_20260830 / final_phase1_sensitivities,PASS
Results,Table 6,Table 6,delta_RMSE_operational,-0.000283,repo/Data/Additional Sensitivity Analysis/New Nonoverlap Primary/Aggregation Order/summaries/aggregation_configuration_summary.csv,AOI=AOI-00; sensor=modis; primary_history=W2023,-0.0002827079820195,counts: integer; manuscript headline RMSE/differences: 6 decimals; table values: source-derived fixed precision,Code/scripts/35_phase1_nonoverlap_sensitivity.py,canonical_nonoverlap_primary_20260830 / final_phase1_sensitivities,PASS
Results,Table 6,Table 6,history_changed,False,repo/Data/Additional Sensitivity Analysis/New Nonoverlap Primary/Aggregation Order/summaries/aggregation_configuration_summary.csv,AOI=AOI-00; sensor=modis; primary_history=W2023,False,counts: integer; manuscript headline RMSE/differences: 6 decimals; table values: source-derived fixed precision,Code/scripts/35_phase1_nonoverlap_sensitivity.py,canonical_nonoverlap_primary_20260830 / final_phase1_sensitivities,PASS
Results,Table 6,Table 6,rolling_origin_direction_changed,False,repo/Data/Additional Sensitivity Analysis/New Nonoverlap Primary/Aggregation Order/summaries/aggregation_configuration_summary.csv,AOI=AOI-00; sensor=modis; primary_history=W2023,False,counts: integer; manuscript headline RMSE/differences: 6 decimals; table values: source-derived fixed precision,Code/scripts/35_phase1_nonoverlap_sensitivity.py,canonical_nonoverlap_primary_20260830 / final_phase1_sensitivities,PASS
Results,Table 6,Table 6,target_identity_retention,1.0,repo/Data/Additional Sensitivity Analysis/New Nonoverlap Primary/Aggregation Order/summaries/aggregation_configuration_summary.csv,AOI=AOI-00; sensor=sentinel2; primary_history=W2022,1.0,counts: integer; manuscript headline RMSE/differences: 6 decimals; table values: source-derived fixed precision,Code/scripts/35_phase1_nonoverlap_sensitivity.py,canonical_nonoverlap_primary_20260830 / final_phase1_sensitivities,PASS
Results,Table 6,Table 6,delta_NDVI_abs_mean,0.006829,repo/Data/Additional Sensitivity Analysis/New Nonoverlap Primary/Aggregation Order/summaries/aggregation_configuration_summary.csv,AOI=AOI-00; sensor=sentinel2; primary_history=W2022,0.0068287567708807,counts: integer; manuscript headline RMSE/differences: 6 decimals; table values: source-derived fixed precision,Code/scripts/35_phase1_nonoverlap_sensitivity.py,canonical_nonoverlap_primary_20260830 / final_phase1_sensitivities,PASS
Results,Table 6,Table 6,delta_RMSE_operational,0.000217,repo/Data/Additional Sensitivity Analysis/New Nonoverlap Primary/Aggregation Order/summaries/aggregation_configuration_summary.csv,AOI=AOI-00; sensor=sentinel2; primary_history=W2022,0.0002169204677767,counts: integer; manuscript headline RMSE/differences: 6 decimals; table values: source-derived fixed precision,Code/scripts/35_phase1_nonoverlap_sensitivity.py,canonical_nonoverlap_primary_20260830 / final_phase1_sensitivities,PASS
Results,Table 6,Table 6,history_changed,False,repo/Data/Additional Sensitivity Analysis/New Nonoverlap Primary/Aggregation Order/summaries/aggregation_configuration_summary.csv,AOI=AOI-00; sensor=sentinel2; primary_history=W2022,False,counts: integer; manuscript headline RMSE/differences: 6 decimals; table values: source-derived fixed precision,Code/scripts/35_phase1_nonoverlap_sensitivity.py,canonical_nonoverlap_primary_20260830 / final_phase1_sensitivities,PASS
Results,Table 6,Table 6,rolling_origin_direction_changed,False,repo/Data/Additional Sensitivity Analysis/New Nonoverlap Primary/Aggregation Order/summaries/aggregation_configuration_summary.csv,AOI=AOI-00; sensor=sentinel2; primary_history=W2022,False,counts: integer; manuscript headline RMSE/differences: 6 decimals; table values: source-derived fixed precision,Code/scripts/35_phase1_nonoverlap_sensitivity.py,canonical_nonoverlap_primary_20260830 / final_phase1_sensitivities,PASS
Results,Table 6,Table 6,target_identity_retention,1.0,repo/Data/Additional Sensitivity Analysis/New Nonoverlap Primary/Aggregation Order/summaries/aggregation_configuration_summary.csv,AOI=AOI-01; sensor=landsat; primary_history=W2023,1.0,counts: integer; manuscript headline RMSE/differences: 6 decimals; table values: source-derived fixed precision,Code/scripts/35_phase1_nonoverlap_sensitivity.py,canonical_nonoverlap_primary_20260830 / final_phase1_sensitivities,PASS
Results,Table 6,Table 6,delta_NDVI_abs_mean,0.000252,repo/Data/Additional Sensitivity Analysis/New Nonoverlap Primary/Aggregation Order/summaries/aggregation_configuration_summary.csv,AOI=AOI-01; sensor=landsat; primary_history=W2023,0.0002519097630041,counts: integer; manuscript headline RMSE/differences: 6 decimals; table values: source-derived fixed precision,Code/scripts/35_phase1_nonoverlap_sensitivity.py,canonical_nonoverlap_primary_20260830 / final_phase1_sensitivities,PASS
Results,Table 6,Table 6,delta_RMSE_operational,0.000022,repo/Data/Additional Sensitivity Analysis/New Nonoverlap Primary/Aggregation Order/summaries/aggregation_configuration_summary.csv,AOI=AOI-01; sensor=landsat; primary_history=W2023,2.2316427868699975e-05,counts: integer; manuscript headline RMSE/differences: 6 decimals; table values: source-derived fixed precision,Code/scripts/35_phase1_nonoverlap_sensitivity.py,canonical_nonoverlap_primary_20260830 / final_phase1_sensitivities,PASS
Results,Table 6,Table 6,history_changed,False,repo/Data/Additional Sensitivity Analysis/New Nonoverlap Primary/Aggregation Order/summaries/aggregation_configuration_summary.csv,AOI=AOI-01; sensor=landsat; primary_history=W2023,False,counts: integer; manuscript headline RMSE/differences: 6 decimals; table values: source-derived fixed precision,Code/scripts/35_phase1_nonoverlap_sensitivity.py,canonical_nonoverlap_primary_20260830 / final_phase1_sensitivities,PASS
Results,Table 6,Table 6,rolling_origin_direction_changed,False,repo/Data/Additional Sensitivity Analysis/New Nonoverlap Primary/Aggregation Order/summaries/aggregation_configuration_summary.csv,AOI=AOI-01; sensor=landsat; primary_history=W2023,False,counts: integer; manuscript headline RMSE/differences: 6 decimals; table values: source-derived fixed precision,Code/scripts/35_phase1_nonoverlap_sensitivity.py,canonical_nonoverlap_primary_20260830 / final_phase1_sensitivities,PASS
Results,Table 6,Table 6,target_identity_retention,1.0,repo/Data/Additional Sensitivity Analysis/New Nonoverlap Primary/Aggregation Order/summaries/aggregation_configuration_summary.csv,AOI=AOI-01; sensor=modis; primary_history=W2022,1.0,counts: integer; manuscript headline RMSE/differences: 6 decimals; table values: source-derived fixed precision,Code/scripts/35_phase1_nonoverlap_sensitivity.py,canonical_nonoverlap_primary_20260830 / final_phase1_sensitivities,PASS
Results,Table 6,Table 6,delta_NDVI_abs_mean,0.000114,repo/Data/Additional Sensitivity Analysis/New Nonoverlap Primary/Aggregation Order/summaries/aggregation_configuration_summary.csv,AOI=AOI-01; sensor=modis; primary_history=W2022,0.0001137337932829,counts: integer; manuscript headline RMSE/differences: 6 decimals; table values: source-derived fixed precision,Code/scripts/35_phase1_nonoverlap_sensitivity.py,canonical_nonoverlap_primary_20260830 / final_phase1_sensitivities,PASS
Results,Table 6,Table 6,delta_RMSE_operational,0.000008,repo/Data/Additional Sensitivity Analysis/New Nonoverlap Primary/Aggregation Order/summaries/aggregation_configuration_summary.csv,AOI=AOI-01; sensor=modis; primary_history=W2022,8.134185552200043e-06,counts: integer; manuscript headline RMSE/differences: 6 decimals; table values: source-derived fixed precision,Code/scripts/35_phase1_nonoverlap_sensitivity.py,canonical_nonoverlap_primary_20260830 / final_phase1_sensitivities,PASS
Results,Table 6,Table 6,history_changed,True,repo/Data/Additional Sensitivity Analysis/New Nonoverlap Primary/Aggregation Order/summaries/aggregation_configuration_summary.csv,AOI=AOI-01; sensor=modis; primary_history=W2022,True,counts: integer; manuscript headline RMSE/differences: 6 decimals; table values: source-derived fixed precision,Code/scripts/35_phase1_nonoverlap_sensitivity.py,canonical_nonoverlap_primary_20260830 / final_phase1_sensitivities,PASS
Results,Table 6,Table 6,rolling_origin_direction_changed,True,repo/Data/Additional Sensitivity Analysis/New Nonoverlap Primary/Aggregation Order/summaries/aggregation_configuration_summary.csv,AOI=AOI-01; sensor=modis; primary_history=W2022,True,counts: integer; manuscript headline RMSE/differences: 6 decimals; table values: source-derived fixed precision,Code/scripts/35_phase1_nonoverlap_sensitivity.py,canonical_nonoverlap_primary_20260830 / final_phase1_sensitivities,PASS
Results,Table 6,Table 6,target_identity_retention,1.0,repo/Data/Additional Sensitivity Analysis/New Nonoverlap Primary/Aggregation Order/summaries/aggregation_configuration_summary.csv,AOI=AOI-01; sensor=sentinel2; primary_history=W2023,1.0,counts: integer; manuscript headline RMSE/differences: 6 decimals; table values: source-derived fixed precision,Code/scripts/35_phase1_nonoverlap_sensitivity.py,canonical_nonoverlap_primary_20260830 / final_phase1_sensitivities,PASS
Results,Table 6,Table 6,delta_NDVI_abs_mean,0.000267,repo/Data/Additional Sensitivity Analysis/New Nonoverlap Primary/Aggregation Order/summaries/aggregation_configuration_summary.csv,AOI=AOI-01; sensor=sentinel2; primary_history=W2023,0.0002667860404594,counts: integer; manuscript headline RMSE/differences: 6 decimals; table values: source-derived fixed precision,Code/scripts/35_phase1_nonoverlap_sensitivity.py,canonical_nonoverlap_primary_20260830 / final_phase1_sensitivities,PASS
Results,Table 6,Table 6,delta_RMSE_operational,0.000063,repo/Data/Additional Sensitivity Analysis/New Nonoverlap Primary/Aggregation Order/summaries/aggregation_configuration_summary.csv,AOI=AOI-01; sensor=sentinel2; primary_history=W2023,6.337519264330003e-05,counts: integer; manuscript headline RMSE/differences: 6 decimals; table values: source-derived fixed precision,Code/scripts/35_phase1_nonoverlap_sensitivity.py,canonical_nonoverlap_primary_20260830 / final_phase1_sensitivities,PASS
Results,Table 6,Table 6,history_changed,False,repo/Data/Additional Sensitivity Analysis/New Nonoverlap Primary/Aggregation Order/summaries/aggregation_configuration_summary.csv,AOI=AOI-01; sensor=sentinel2; primary_history=W2023,False,counts: integer; manuscript headline RMSE/differences: 6 decimals; table values: source-derived fixed precision,Code/scripts/35_phase1_nonoverlap_sensitivity.py,canonical_nonoverlap_primary_20260830 / final_phase1_sensitivities,PASS
Results,Table 6,Table 6,rolling_origin_direction_changed,True,repo/Data/Additional Sensitivity Analysis/New Nonoverlap Primary/Aggregation Order/summaries/aggregation_configuration_summary.csv,AOI=AOI-01; sensor=sentinel2; primary_history=W2023,True,counts: integer; manuscript headline RMSE/differences: 6 decimals; table values: source-derived fixed precision,Code/scripts/35_phase1_nonoverlap_sensitivity.py,canonical_nonoverlap_primary_20260830 / final_phase1_sensitivities,PASS
Results,Table 6,Table 6,target_identity_retention,1.0,repo/Data/Additional Sensitivity Analysis/New Nonoverlap Primary/Aggregation Order/summaries/aggregation_configuration_summary.csv,AOI=AOI-02; sensor=landsat; primary_history=W2022_2023,1.0,counts: integer; manuscript headline RMSE/differences: 6 decimals; table values: source-derived fixed precision,Code/scripts/35_phase1_nonoverlap_sensitivity.py,canonical_nonoverlap_primary_20260830 / final_phase1_sensitivities,PASS
Results,Table 6,Table 6,delta_NDVI_abs_mean,0.004721,repo/Data/Additional Sensitivity Analysis/New Nonoverlap Primary/Aggregation Order/summaries/aggregation_configuration_summary.csv,AOI=AOI-02; sensor=landsat; primary_history=W2022_2023,0.0047209062731686,counts: integer; manuscript headline RMSE/differences: 6 decimals; table values: source-derived fixed precision,Code/scripts/35_phase1_nonoverlap_sensitivity.py,canonical_nonoverlap_primary_20260830 / final_phase1_sensitivities,PASS
Results,Table 6,Table 6,delta_RMSE_operational,0.000683,repo/Data/Additional Sensitivity Analysis/New Nonoverlap Primary/Aggregation Order/summaries/aggregation_configuration_summary.csv,AOI=AOI-02; sensor=landsat; primary_history=W2022_2023,0.0006833069207059,counts: integer; manuscript headline RMSE/differences: 6 decimals; table values: source-derived fixed precision,Code/scripts/35_phase1_nonoverlap_sensitivity.py,canonical_nonoverlap_primary_20260830 / final_phase1_sensitivities,PASS
Results,Table 6,Table 6,history_changed,False,repo/Data/Additional Sensitivity Analysis/New Nonoverlap Primary/Aggregation Order/summaries/aggregation_configuration_summary.csv,AOI=AOI-02; sensor=landsat; primary_history=W2022_2023,False,counts: integer; manuscript headline RMSE/differences: 6 decimals; table values: source-derived fixed precision,Code/scripts/35_phase1_nonoverlap_sensitivity.py,canonical_nonoverlap_primary_20260830 / final_phase1_sensitivities,PASS
Results,Table 6,Table 6,rolling_origin_direction_changed,False,repo/Data/Additional Sensitivity Analysis/New Nonoverlap Primary/Aggregation Order/summaries/aggregation_configuration_summary.csv,AOI=AOI-02; sensor=landsat; primary_history=W2022_2023,False,counts: integer; manuscript headline RMSE/differences: 6 decimals; table values: source-derived fixed precision,Code/scripts/35_phase1_nonoverlap_sensitivity.py,canonical_nonoverlap_primary_20260830 / final_phase1_sensitivities,PASS
Results,Table 6,Table 6,target_identity_retention,1.0,repo/Data/Additional Sensitivity Analysis/New Nonoverlap Primary/Aggregation Order/summaries/aggregation_configuration_summary.csv,AOI=AOI-02; sensor=modis; primary_history=W2022_2023,1.0,counts: integer; manuscript headline RMSE/differences: 6 decimals; table values: source-derived fixed precision,Code/scripts/35_phase1_nonoverlap_sensitivity.py,canonical_nonoverlap_primary_20260830 / final_phase1_sensitivities,PASS
Results,Table 6,Table 6,delta_NDVI_abs_mean,0.001606,repo/Data/Additional Sensitivity Analysis/New Nonoverlap Primary/Aggregation Order/summaries/aggregation_configuration_summary.csv,AOI=AOI-02; sensor=modis; primary_history=W2022_2023,0.0016062407405288,counts: integer; manuscript headline RMSE/differences: 6 decimals; table values: source-derived fixed precision,Code/scripts/35_phase1_nonoverlap_sensitivity.py,canonical_nonoverlap_primary_20260830 / final_phase1_sensitivities,PASS
Results,Table 6,Table 6,delta_RMSE_operational,-0.000053,repo/Data/Additional Sensitivity Analysis/New Nonoverlap Primary/Aggregation Order/summaries/aggregation_configuration_summary.csv,AOI=AOI-02; sensor=modis; primary_history=W2022_2023,-5.251690183520619e-05,counts: integer; manuscript headline RMSE/differences: 6 decimals; table values: source-derived fixed precision,Code/scripts/35_phase1_nonoverlap_sensitivity.py,canonical_nonoverlap_primary_20260830 / final_phase1_sensitivities,PASS
Results,Table 6,Table 6,history_changed,False,repo/Data/Additional Sensitivity Analysis/New Nonoverlap Primary/Aggregation Order/summaries/aggregation_configuration_summary.csv,AOI=AOI-02; sensor=modis; primary_history=W2022_2023,False,counts: integer; manuscript headline RMSE/differences: 6 decimals; table values: source-derived fixed precision,Code/scripts/35_phase1_nonoverlap_sensitivity.py,canonical_nonoverlap_primary_20260830 / final_phase1_sensitivities,PASS
Results,Table 6,Table 6,rolling_origin_direction_changed,False,repo/Data/Additional Sensitivity Analysis/New Nonoverlap Primary/Aggregation Order/summaries/aggregation_configuration_summary.csv,AOI=AOI-02; sensor=modis; primary_history=W2022_2023,False,counts: integer; manuscript headline RMSE/differences: 6 decimals; table values: source-derived fixed precision,Code/scripts/35_phase1_nonoverlap_sensitivity.py,canonical_nonoverlap_primary_20260830 / final_phase1_sensitivities,PASS
Results,Table 6,Table 6,target_identity_retention,1.0,repo/Data/Additional Sensitivity Analysis/New Nonoverlap Primary/Aggregation Order/summaries/aggregation_configuration_summary.csv,AOI=AOI-02; sensor=sentinel2; primary_history=W2022_2024,1.0,counts: integer; manuscript headline RMSE/differences: 6 decimals; table values: source-derived fixed precision,Code/scripts/35_phase1_nonoverlap_sensitivity.py,canonical_nonoverlap_primary_20260830 / final_phase1_sensitivities,PASS
Results,Table 6,Table 6,delta_NDVI_abs_mean,0.006681,repo/Data/Additional Sensitivity Analysis/New Nonoverlap Primary/Aggregation Order/summaries/aggregation_configuration_summary.csv,AOI=AOI-02; sensor=sentinel2; primary_history=W2022_2024,0.0066809112359083,counts: integer; manuscript headline RMSE/differences: 6 decimals; table values: source-derived fixed precision,Code/scripts/35_phase1_nonoverlap_sensitivity.py,canonical_nonoverlap_primary_20260830 / final_phase1_sensitivities,PASS
Results,Table 6,Table 6,delta_RMSE_operational,0.000319,repo/Data/Additional Sensitivity Analysis/New Nonoverlap Primary/Aggregation Order/summaries/aggregation_configuration_summary.csv,AOI=AOI-02; sensor=sentinel2; primary_history=W2022_2024,0.0003187890231538,counts: integer; manuscript headline RMSE/differences: 6 decimals; table values: source-derived fixed precision,Code/scripts/35_phase1_nonoverlap_sensitivity.py,canonical_nonoverlap_primary_20260830 / final_phase1_sensitivities,PASS
Results,Table 6,Table 6,history_changed,False,repo/Data/Additional Sensitivity Analysis/New Nonoverlap Primary/Aggregation Order/summaries/aggregation_configuration_summary.csv,AOI=AOI-02; sensor=sentinel2; primary_history=W2022_2024,False,counts: integer; manuscript headline RMSE/differences: 6 decimals; table values: source-derived fixed precision,Code/scripts/35_phase1_nonoverlap_sensitivity.py,canonical_nonoverlap_primary_20260830 / final_phase1_sensitivities,PASS
Results,Table 6,Table 6,rolling_origin_direction_changed,False,repo/Data/Additional Sensitivity Analysis/New Nonoverlap Primary/Aggregation Order/summaries/aggregation_configuration_summary.csv,AOI=AOI-02; sensor=sentinel2; primary_history=W2022_2024,False,counts: integer; manuscript headline RMSE/differences: 6 decimals; table values: source-derived fixed precision,Code/scripts/35_phase1_nonoverlap_sensitivity.py,canonical_nonoverlap_primary_20260830 / final_phase1_sensitivities,PASS
Results,Table 6,Table 6,target_identity_retention,1.0,repo/Data/Additional Sensitivity Analysis/New Nonoverlap Primary/Aggregation Order/summaries/aggregation_configuration_summary.csv,AOI=AOI-03; sensor=landsat; primary_history=W2022,1.0,counts: integer; manuscript headline RMSE/differences: 6 decimals; table values: source-derived fixed precision,Code/scripts/35_phase1_nonoverlap_sensitivity.py,canonical_nonoverlap_primary_20260830 / final_phase1_sensitivities,PASS
Results,Table 6,Table 6,delta_NDVI_abs_mean,0.003055,repo/Data/Additional Sensitivity Analysis/New Nonoverlap Primary/Aggregation Order/summaries/aggregation_configuration_summary.csv,AOI=AOI-03; sensor=landsat; primary_history=W2022,0.0030553892356959,counts: integer; manuscript headline RMSE/differences: 6 decimals; table values: source-derived fixed precision,Code/scripts/35_phase1_nonoverlap_sensitivity.py,canonical_nonoverlap_primary_20260830 / final_phase1_sensitivities,PASS
Results,Table 6,Table 6,delta_RMSE_operational,-0.000785,repo/Data/Additional Sensitivity Analysis/New Nonoverlap Primary/Aggregation Order/summaries/aggregation_configuration_summary.csv,AOI=AOI-03; sensor=landsat; primary_history=W2022,-0.000785238156833,counts: integer; manuscript headline RMSE/differences: 6 decimals; table values: source-derived fixed precision,Code/scripts/35_phase1_nonoverlap_sensitivity.py,canonical_nonoverlap_primary_20260830 / final_phase1_sensitivities,PASS
Results,Table 6,Table 6,history_changed,False,repo/Data/Additional Sensitivity Analysis/New Nonoverlap Primary/Aggregation Order/summaries/aggregation_configuration_summary.csv,AOI=AOI-03; sensor=landsat; primary_history=W2022,False,counts: integer; manuscript headline RMSE/differences: 6 decimals; table values: source-derived fixed precision,Code/scripts/35_phase1_nonoverlap_sensitivity.py,canonical_nonoverlap_primary_20260830 / final_phase1_sensitivities,PASS
Results,Table 6,Table 6,rolling_origin_direction_changed,False,repo/Data/Additional Sensitivity Analysis/New Nonoverlap Primary/Aggregation Order/summaries/aggregation_configuration_summary.csv,AOI=AOI-03; sensor=landsat; primary_history=W2022,False,counts: integer; manuscript headline RMSE/differences: 6 decimals; table values: source-derived fixed precision,Code/scripts/35_phase1_nonoverlap_sensitivity.py,canonical_nonoverlap_primary_20260830 / final_phase1_sensitivities,PASS
Results,Table 6,Table 6,target_identity_retention,1.0,repo/Data/Additional Sensitivity Analysis/New Nonoverlap Primary/Aggregation Order/summaries/aggregation_configuration_summary.csv,AOI=AOI-03; sensor=modis; primary_history=W2023,1.0,counts: integer; manuscript headline RMSE/differences: 6 decimals; table values: source-derived fixed precision,Code/scripts/35_phase1_nonoverlap_sensitivity.py,canonical_nonoverlap_primary_20260830 / final_phase1_sensitivities,PASS
Results,Table 6,Table 6,delta_NDVI_abs_mean,0.001262,repo/Data/Additional Sensitivity Analysis/New Nonoverlap Primary/Aggregation Order/summaries/aggregation_configuration_summary.csv,AOI=AOI-03; sensor=modis; primary_history=W2023,0.0012620456096493,counts: integer; manuscript headline RMSE/differences: 6 decimals; table values: source-derived fixed precision,Code/scripts/35_phase1_nonoverlap_sensitivity.py,canonical_nonoverlap_primary_20260830 / final_phase1_sensitivities,PASS
Results,Table 6,Table 6,delta_RMSE_operational,-0.000249,repo/Data/Additional Sensitivity Analysis/New Nonoverlap Primary/Aggregation Order/summaries/aggregation_configuration_summary.csv,AOI=AOI-03; sensor=modis; primary_history=W2023,-0.0002488352174978,counts: integer; manuscript headline RMSE/differences: 6 decimals; table values: source-derived fixed precision,Code/scripts/35_phase1_nonoverlap_sensitivity.py,canonical_nonoverlap_primary_20260830 / final_phase1_sensitivities,PASS
Results,Table 6,Table 6,history_changed,False,repo/Data/Additional Sensitivity Analysis/New Nonoverlap Primary/Aggregation Order/summaries/aggregation_configuration_summary.csv,AOI=AOI-03; sensor=modis; primary_history=W2023,False,counts: integer; manuscript headline RMSE/differences: 6 decimals; table values: source-derived fixed precision,Code/scripts/35_phase1_nonoverlap_sensitivity.py,canonical_nonoverlap_primary_20260830 / final_phase1_sensitivities,PASS
Results,Table 6,Table 6,rolling_origin_direction_changed,False,repo/Data/Additional Sensitivity Analysis/New Nonoverlap Primary/Aggregation Order/summaries/aggregation_configuration_summary.csv,AOI=AOI-03; sensor=modis; primary_history=W2023,False,counts: integer; manuscript headline RMSE/differences: 6 decimals; table values: source-derived fixed precision,Code/scripts/35_phase1_nonoverlap_sensitivity.py,canonical_nonoverlap_primary_20260830 / final_phase1_sensitivities,PASS
Results,Table 6,Table 6,target_identity_retention,1.0,repo/Data/Additional Sensitivity Analysis/New Nonoverlap Primary/Aggregation Order/summaries/aggregation_configuration_summary.csv,AOI=AOI-03; sensor=sentinel2; primary_history=W2024,1.0,counts: integer; manuscript headline RMSE/differences: 6 decimals; table values: source-derived fixed precision,Code/scripts/35_phase1_nonoverlap_sensitivity.py,canonical_nonoverlap_primary_20260830 / final_phase1_sensitivities,PASS
Results,Table 6,Table 6,delta_NDVI_abs_mean,0.003329,repo/Data/Additional Sensitivity Analysis/New Nonoverlap Primary/Aggregation Order/summaries/aggregation_configuration_summary.csv,AOI=AOI-03; sensor=sentinel2; primary_history=W2024,0.0033286647152304,counts: integer; manuscript headline RMSE/differences: 6 decimals; table values: source-derived fixed precision,Code/scripts/35_phase1_nonoverlap_sensitivity.py,canonical_nonoverlap_primary_20260830 / final_phase1_sensitivities,PASS
Results,Table 6,Table 6,delta_RMSE_operational,-0.000005,repo/Data/Additional Sensitivity Analysis/New Nonoverlap Primary/Aggregation Order/summaries/aggregation_configuration_summary.csv,AOI=AOI-03; sensor=sentinel2; primary_history=W2024,-5.013886111099319e-06,counts: integer; manuscript headline RMSE/differences: 6 decimals; table values: source-derived fixed precision,Code/scripts/35_phase1_nonoverlap_sensitivity.py,canonical_nonoverlap_primary_20260830 / final_phase1_sensitivities,PASS
Results,Table 6,Table 6,history_changed,False,repo/Data/Additional Sensitivity Analysis/New Nonoverlap Primary/Aggregation Order/summaries/aggregation_configuration_summary.csv,AOI=AOI-03; sensor=sentinel2; primary_history=W2024,False,counts: integer; manuscript headline RMSE/differences: 6 decimals; table values: source-derived fixed precision,Code/scripts/35_phase1_nonoverlap_sensitivity.py,canonical_nonoverlap_primary_20260830 / final_phase1_sensitivities,PASS
Results,Table 6,Table 6,rolling_origin_direction_changed,False,repo/Data/Additional Sensitivity Analysis/New Nonoverlap Primary/Aggregation Order/summaries/aggregation_configuration_summary.csv,AOI=AOI-03; sensor=sentinel2; primary_history=W2024,False,counts: integer; manuscript headline RMSE/differences: 6 decimals; table values: source-derived fixed precision,Code/scripts/35_phase1_nonoverlap_sensitivity.py,canonical_nonoverlap_primary_20260830 / final_phase1_sensitivities,PASS
Results,Table 6,Table 6,total_intended_units,12,repo/Data/Additional Sensitivity Analysis/New Nonoverlap Primary/Landsat Aerosol QA/summaries/AEROSOL_QA_FINAL_SUMMARY.csv,summary row=1,12.0,counts: integer; manuscript headline RMSE/differences: 6 decimals; table values: source-derived fixed precision,Code/scripts/37_postprocess_phase1_aerosol.py,canonical_nonoverlap_primary_20260830 / final_phase1_sensitivities,PASS
Results,Table 6,Table 6,zero_support_groups,2,repo/Data/Additional Sensitivity Analysis/New Nonoverlap Primary/Landsat Aerosol QA/summaries/AEROSOL_QA_FINAL_SUMMARY.csv,summary row=1,2.0,counts: integer; manuscript headline RMSE/differences: 6 decimals; table values: source-derived fixed precision,Code/scripts/37_postprocess_phase1_aerosol.py,canonical_nonoverlap_primary_20260830 / final_phase1_sensitivities,PASS
Results,Table 6,Table 6,estimable_operational,12,repo/Data/Additional Sensitivity Analysis/New Nonoverlap Primary/Landsat Aerosol QA/summaries/AEROSOL_QA_FINAL_SUMMARY.csv,summary row=1,12.0,counts: integer; manuscript headline RMSE/differences: 6 decimals; table values: source-derived fixed precision,Code/scripts/37_postprocess_phase1_aerosol.py,canonical_nonoverlap_primary_20260830 / final_phase1_sensitivities,PASS
Results,Table 6,Table 6,operational_min,-0.000030,repo/Data/Additional Sensitivity Analysis/New Nonoverlap Primary/Landsat Aerosol QA/summaries/AEROSOL_QA_FINAL_SUMMARY.csv,summary row=1,-3.0019416184370873e-05,counts: integer; manuscript headline RMSE/differences: 6 decimals; table values: source-derived fixed precision,Code/scripts/37_postprocess_phase1_aerosol.py,canonical_nonoverlap_primary_20260830 / final_phase1_sensitivities,PASS
Results,Table 6,Table 6,operational_max,0.030590,repo/Data/Additional Sensitivity Analysis/New Nonoverlap Primary/Landsat Aerosol QA/summaries/AEROSOL_QA_FINAL_SUMMARY.csv,summary row=1,0.0305898509651775,counts: integer; manuscript headline RMSE/differences: 6 decimals; table values: source-derived fixed precision,Code/scripts/37_postprocess_phase1_aerosol.py,canonical_nonoverlap_primary_20260830 / final_phase1_sensitivities,PASS
Results,Table 6,Table 6,matched_estimable,12,repo/Data/Additional Sensitivity Analysis/New Nonoverlap Primary/Landsat Aerosol QA/summaries/AEROSOL_QA_FINAL_SUMMARY.csv,summary row=1,12.0,counts: integer; manuscript headline RMSE/differences: 6 decimals; table values: source-derived fixed precision,Code/scripts/37_postprocess_phase1_aerosol.py,canonical_nonoverlap_primary_20260830 / final_phase1_sensitivities,PASS
Results,Table 6,Table 6,history_comparable_changes,9,repo/Data/Additional Sensitivity Analysis/New Nonoverlap Primary/Landsat Aerosol QA/summaries/AEROSOL_QA_FINAL_SUMMARY.csv,summary row=1,9.0,counts: integer; manuscript headline RMSE/differences: 6 decimals; table values: source-derived fixed precision,Code/scripts/37_postprocess_phase1_aerosol.py,canonical_nonoverlap_primary_20260830 / final_phase1_sensitivities,PASS
Results,Table 6,Table 6,ro_direction_changes,14,repo/Data/Additional Sensitivity Analysis/New Nonoverlap Primary/Landsat Aerosol QA/summaries/AEROSOL_QA_FINAL_SUMMARY.csv,summary row=1,14.0,counts: integer; manuscript headline RMSE/differences: 6 decimals; table values: source-derived fixed precision,Code/scripts/37_postprocess_phase1_aerosol.py,canonical_nonoverlap_primary_20260830 / final_phase1_sensitivities,PASS
Results,Table 6,Table 6,ro_not_comparable,3,repo/Data/Additional Sensitivity Analysis/New Nonoverlap Primary/Landsat Aerosol QA/summaries/AEROSOL_QA_FINAL_SUMMARY.csv,summary row=1,3.0,counts: integer; manuscript headline RMSE/differences: 6 decimals; table values: source-derived fixed precision,Code/scripts/37_postprocess_phase1_aerosol.py,canonical_nonoverlap_primary_20260830 / final_phase1_sensitivities,PASS
Results,Table 6,Table 6,comparison state,machine-readable row,repo/Data/Additional Sensitivity Analysis/New Nonoverlap Primary/Landsat Aerosol QA/summaries/AEROSOL_MATCHED_COMPARISONS.csv,row=2,"{""AOI"": ""AOI-00"", ""common_identity_n"": 74938, ""matched_delta_RMSE"": 0.0011035184336169, ""matched_status"": ""ESTIMABLE_IDENTICAL_SUPPORT"", ""mode"": ""exclude_high_aerosol"", ""operational_delta_RMSE"": 0.000135359724997, ""operational_status"": ""ESTIMABLE""}",counts: integer; manuscript headline RMSE/differences: 6 decimals; table values: source-derived fixed precision,Code/scripts/37_postprocess_phase1_aerosol.py,canonical_nonoverlap_primary_20260830 / final_phase1_sensitivities,PASS
Results,Table 6,Table 6,comparison state,machine-readable row,repo/Data/Additional Sensitivity Analysis/New Nonoverlap Primary/Landsat Aerosol QA/summaries/AEROSOL_MATCHED_COMPARISONS.csv,row=3,"{""AOI"": ""AOI-01"", ""common_identity_n"": 50871, ""matched_delta_RMSE"": 0.0001168654770996, ""matched_status"": ""ESTIMABLE_IDENTICAL_SUPPORT"", ""mode"": ""exclude_high_aerosol"", ""operational_delta_RMSE"": 0.0001125420912415, ""operational_status"": ""ESTIMABLE""}",counts: integer; manuscript headline RMSE/differences: 6 decimals; table values: source-derived fixed precision,Code/scripts/37_postprocess_phase1_aerosol.py,canonical_nonoverlap_primary_20260830 / final_phase1_sensitivities,PASS
Results,Table 6,Table 6,comparison state,machine-readable row,repo/Data/Additional Sensitivity Analysis/New Nonoverlap Primary/Landsat Aerosol QA/summaries/AEROSOL_MATCHED_COMPARISONS.csv,row=4,"{""AOI"": ""AOI-02"", ""common_identity_n"": 6944, ""matched_delta_RMSE"": 0.0164694134318352, ""matched_status"": ""ESTIMABLE_IDENTICAL_SUPPORT"", ""mode"": ""exclude_high_aerosol"", ""operational_delta_RMSE"": 0.0138641355802714, ""operational_status"": ""ESTIMABLE""}",counts: integer; manuscript headline RMSE/differences: 6 decimals; table values: source-derived fixed precision,Code/scripts/37_postprocess_phase1_aerosol.py,canonical_nonoverlap_primary_20260830 / final_phase1_sensitivities,PASS
Results,Table 6,Table 6,comparison state,machine-readable row,repo/Data/Additional Sensitivity Analysis/New Nonoverlap Primary/Landsat Aerosol QA/summaries/AEROSOL_MATCHED_COMPARISONS.csv,row=5,"{""AOI"": ""AOI-03"", ""common_identity_n"": 34680, ""matched_delta_RMSE"": 0.000330222136059, ""matched_status"": ""ESTIMABLE_IDENTICAL_SUPPORT"", ""mode"": ""exclude_high_aerosol"", ""operational_delta_RMSE"": -3.0019416184370873e-05, ""operational_status"": ""ESTIMABLE""}",counts: integer; manuscript headline RMSE/differences: 6 decimals; table values: source-derived fixed precision,Code/scripts/37_postprocess_phase1_aerosol.py,canonical_nonoverlap_primary_20260830 / final_phase1_sensitivities,PASS
Results,Table 6,Table 6,comparison state,machine-readable row,repo/Data/Additional Sensitivity Analysis/New Nonoverlap Primary/Landsat Aerosol QA/summaries/AEROSOL_MATCHED_COMPARISONS.csv,row=6,"{""AOI"": ""AOI-00"", ""common_identity_n"": 73726, ""matched_delta_RMSE"": 0.0056736815411889, ""matched_status"": ""ESTIMABLE_IDENTICAL_SUPPORT"", ""mode"": ""valid_retrieval_no_high"", ""operational_delta_RMSE"": 0.0046019549323267, ""operational_status"": ""ESTIMABLE""}",counts: integer; manuscript headline RMSE/differences: 6 decimals; table values: source-derived fixed precision,Code/scripts/37_postprocess_phase1_aerosol.py,canonical_nonoverlap_primary_20260830 / final_phase1_sensitivities,PASS
Results,Table 6,Table 6,comparison state,machine-readable row,repo/Data/Additional Sensitivity Analysis/New Nonoverlap Primary/Landsat Aerosol QA/summaries/AEROSOL_MATCHED_COMPARISONS.csv,row=7,"{""AOI"": ""AOI-01"", ""common_identity_n"": 49884, ""matched_delta_RMSE"": 0.0001275053704559, ""matched_status"": ""ESTIMABLE_IDENTICAL_SUPPORT"", ""mode"": ""valid_retrieval_no_high"", ""operational_delta_RMSE"": 0.0001368653177346, ""operational_status"": ""ESTIMABLE""}",counts: integer; manuscript headline RMSE/differences: 6 decimals; table values: source-derived fixed precision,Code/scripts/37_postprocess_phase1_aerosol.py,canonical_nonoverlap_primary_20260830 / final_phase1_sensitivities,PASS
Results,Table 6,Table 6,comparison state,machine-readable row,repo/Data/Additional Sensitivity Analysis/New Nonoverlap Primary/Landsat Aerosol QA/summaries/AEROSOL_MATCHED_COMPARISONS.csv,row=8,"{""AOI"": ""AOI-02"", ""common_identity_n"": 6342, ""matched_delta_RMSE"": 0.0301586653760715, ""matched_status"": ""ESTIMABLE_IDENTICAL_SUPPORT"", ""mode"": ""valid_retrieval_no_high"", ""operational_delta_RMSE"": 0.0250361224505986, ""operational_status"": ""ESTIMABLE""}",counts: integer; manuscript headline RMSE/differences: 6 decimals; table values: source-derived fixed precision,Code/scripts/37_postprocess_phase1_aerosol.py,canonical_nonoverlap_primary_20260830 / final_phase1_sensitivities,PASS
Results,Table 6,Table 6,comparison state,machine-readable row,repo/Data/Additional Sensitivity Analysis/New Nonoverlap Primary/Landsat Aerosol QA/summaries/AEROSOL_MATCHED_COMPARISONS.csv,row=9,"{""AOI"": ""AOI-03"", ""common_identity_n"": 33360, ""matched_delta_RMSE"": 0.0011899398366699, ""matched_status"": ""ESTIMABLE_IDENTICAL_SUPPORT"", ""mode"": ""valid_retrieval_no_high"", ""operational_delta_RMSE"": 0.0004952975915383, ""operational_status"": ""ESTIMABLE""}",counts: integer; manuscript headline RMSE/differences: 6 decimals; table values: source-derived fixed precision,Code/scripts/37_postprocess_phase1_aerosol.py,canonical_nonoverlap_primary_20260830 / final_phase1_sensitivities,PASS
Results,Table 6,Table 6,comparison state,machine-readable row,repo/Data/Additional Sensitivity Analysis/New Nonoverlap Primary/Landsat Aerosol QA/summaries/AEROSOL_MATCHED_COMPARISONS.csv,row=10,"{""AOI"": ""AOI-00"", ""common_identity_n"": 68267, ""matched_delta_RMSE"": 0.0130225299447058, ""matched_status"": ""ESTIMABLE_IDENTICAL_SUPPORT"", ""mode"": ""strict_aerosol"", ""operational_delta_RMSE"": 0.0118329094947425, ""operational_status"": ""ESTIMABLE""}",counts: integer; manuscript headline RMSE/differences: 6 decimals; table values: source-derived fixed precision,Code/scripts/37_postprocess_phase1_aerosol.py,canonical_nonoverlap_primary_20260830 / final_phase1_sensitivities,PASS
Results,Table 6,Table 6,comparison state,machine-readable row,repo/Data/Additional Sensitivity Analysis/New Nonoverlap Primary/Landsat Aerosol QA/summaries/AEROSOL_MATCHED_COMPARISONS.csv,row=11,"{""AOI"": ""AOI-01"", ""common_identity_n"": 43434, ""matched_delta_RMSE"": 0.0003219083419142, ""matched_status"": ""ESTIMABLE_IDENTICAL_SUPPORT"", ""mode"": ""strict_aerosol"", ""operational_delta_RMSE"": 0.0002763276489, ""operational_status"": ""ESTIMABLE""}",counts: integer; manuscript headline RMSE/differences: 6 decimals; table values: source-derived fixed precision,Code/scripts/37_postprocess_phase1_aerosol.py,canonical_nonoverlap_primary_20260830 / final_phase1_sensitivities,PASS
Results,Table 6,Table 6,comparison state,machine-readable row,repo/Data/Additional Sensitivity Analysis/New Nonoverlap Primary/Landsat Aerosol QA/summaries/AEROSOL_MATCHED_COMPARISONS.csv,row=12,"{""AOI"": ""AOI-02"", ""common_identity_n"": 4740, ""matched_delta_RMSE"": 0.0362295183246176, ""matched_status"": ""ESTIMABLE_IDENTICAL_SUPPORT"", ""mode"": ""strict_aerosol"", ""operational_delta_RMSE"": 0.0305898509651775, ""operational_status"": ""ESTIMABLE""}",counts: integer; manuscript headline RMSE/differences: 6 decimals; table values: source-derived fixed precision,Code/scripts/37_postprocess_phase1_aerosol.py,canonical_nonoverlap_primary_20260830 / final_phase1_sensitivities,PASS
Results,Table 6,Table 6,comparison state,machine-readable row,repo/Data/Additional Sensitivity Analysis/New Nonoverlap Primary/Landsat Aerosol QA/summaries/AEROSOL_MATCHED_COMPARISONS.csv,row=13,"{""AOI"": ""AOI-03"", ""common_identity_n"": 28891, ""matched_delta_RMSE"": 0.0040743671494334, ""matched_status"": ""ESTIMABLE_IDENTICAL_SUPPORT"", ""mode"": ""strict_aerosol"", ""operational_delta_RMSE"": 0.0024344626846391, ""operational_status"": ""ESTIMABLE""}",counts: integer; manuscript headline RMSE/differences: 6 decimals; table values: source-derived fixed precision,Code/scripts/37_postprocess_phase1_aerosol.py,canonical_nonoverlap_primary_20260830 / final_phase1_sensitivities,PASS
Results,Table 6,Table 6,comparison state,machine-readable row,repo/Data/Additional Sensitivity Analysis/New Nonoverlap Primary/Landsat Aerosol QA/summaries/AEROSOL_RO_DIRECTION_AUDIT.csv,row=2,"{""AOI"": ""AOI-00"", ""mode"": ""exclude_high_aerosol"", ""state"": ""NO_CHANGE"", ""target_year"": 2024}",counts: integer; manuscript headline RMSE/differences: 6 decimals; table values: source-derived fixed precision,Code/scripts/37_postprocess_phase1_aerosol.py,canonical_nonoverlap_primary_20260830 / final_phase1_sensitivities,PASS
Results,Table 6,Table 6,comparison state,machine-readable row,repo/Data/Additional Sensitivity Analysis/New Nonoverlap Primary/Landsat Aerosol QA/summaries/AEROSOL_RO_DIRECTION_AUDIT.csv,row=3,"{""AOI"": ""AOI-00"", ""mode"": ""exclude_high_aerosol"", ""state"": ""NO_CHANGE"", ""target_year"": 2025}",counts: integer; manuscript headline RMSE/differences: 6 decimals; table values: source-derived fixed precision,Code/scripts/37_postprocess_phase1_aerosol.py,canonical_nonoverlap_primary_20260830 / final_phase1_sensitivities,PASS
Results,Table 6,Table 6,comparison state,machine-readable row,repo/Data/Additional Sensitivity Analysis/New Nonoverlap Primary/Landsat Aerosol QA/summaries/AEROSOL_RO_DIRECTION_AUDIT.csv,row=4,"{""AOI"": ""AOI-01"", ""mode"": ""exclude_high_aerosol"", ""state"": ""DIRECTION_CHANGE"", ""target_year"": 2024}",counts: integer; manuscript headline RMSE/differences: 6 decimals; table values: source-derived fixed precision,Code/scripts/37_postprocess_phase1_aerosol.py,canonical_nonoverlap_primary_20260830 / final_phase1_sensitivities,PASS
Results,Table 6,Table 6,comparison state,machine-readable row,repo/Data/Additional Sensitivity Analysis/New Nonoverlap Primary/Landsat Aerosol QA/summaries/AEROSOL_RO_DIRECTION_AUDIT.csv,row=5,"{""AOI"": ""AOI-01"", ""mode"": ""exclude_high_aerosol"", ""state"": ""DIRECTION_CHANGE"", ""target_year"": 2025}",counts: integer; manuscript headline RMSE/differences: 6 decimals; table values: source-derived fixed precision,Code/scripts/37_postprocess_phase1_aerosol.py,canonical_nonoverlap_primary_20260830 / final_phase1_sensitivities,PASS
Results,Table 6,Table 6,comparison state,machine-readable row,repo/Data/Additional Sensitivity Analysis/New Nonoverlap Primary/Landsat Aerosol QA/summaries/AEROSOL_RO_DIRECTION_AUDIT.csv,row=6,"{""AOI"": ""AOI-02"", ""mode"": ""exclude_high_aerosol"", ""state"": ""NOT_COMPARABLE"", ""target_year"": 2024}",counts: integer; manuscript headline RMSE/differences: 6 decimals; table values: source-derived fixed precision,Code/scripts/37_postprocess_phase1_aerosol.py,canonical_nonoverlap_primary_20260830 / final_phase1_sensitivities,PASS
Results,Table 6,Table 6,comparison state,machine-readable row,repo/Data/Additional Sensitivity Analysis/New Nonoverlap Primary/Landsat Aerosol QA/summaries/AEROSOL_RO_DIRECTION_AUDIT.csv,row=7,"{""AOI"": ""AOI-02"", ""mode"": ""exclude_high_aerosol"", ""state"": ""DIRECTION_CHANGE"", ""target_year"": 2025}",counts: integer; manuscript headline RMSE/differences: 6 decimals; table values: source-derived fixed precision,Code/scripts/37_postprocess_phase1_aerosol.py,canonical_nonoverlap_primary_20260830 / final_phase1_sensitivities,PASS
Results,Table 6,Table 6,comparison state,machine-readable row,repo/Data/Additional Sensitivity Analysis/New Nonoverlap Primary/Landsat Aerosol QA/summaries/AEROSOL_RO_DIRECTION_AUDIT.csv,row=8,"{""AOI"": ""AOI-03"", ""mode"": ""exclude_high_aerosol"", ""state"": ""NO_CHANGE"", ""target_year"": 2024}",counts: integer; manuscript headline RMSE/differences: 6 decimals; table values: source-derived fixed precision,Code/scripts/37_postprocess_phase1_aerosol.py,canonical_nonoverlap_primary_20260830 / final_phase1_sensitivities,PASS
Results,Table 6,Table 6,comparison state,machine-readable row,repo/Data/Additional Sensitivity Analysis/New Nonoverlap Primary/Landsat Aerosol QA/summaries/AEROSOL_RO_DIRECTION_AUDIT.csv,row=9,"{""AOI"": ""AOI-03"", ""mode"": ""exclude_high_aerosol"", ""state"": ""DIRECTION_CHANGE"", ""target_year"": 2025}",counts: integer; manuscript headline RMSE/differences: 6 decimals; table values: source-derived fixed precision,Code/scripts/37_postprocess_phase1_aerosol.py,canonical_nonoverlap_primary_20260830 / final_phase1_sensitivities,PASS
Results,Table 6,Table 6,comparison state,machine-readable row,repo/Data/Additional Sensitivity Analysis/New Nonoverlap Primary/Landsat Aerosol QA/summaries/AEROSOL_RO_DIRECTION_AUDIT.csv,row=10,"{""AOI"": ""AOI-00"", ""mode"": ""valid_retrieval_no_high"", ""state"": ""DIRECTION_CHANGE"", ""target_year"": 2024}",counts: integer; manuscript headline RMSE/differences: 6 decimals; table values: source-derived fixed precision,Code/scripts/37_postprocess_phase1_aerosol.py,canonical_nonoverlap_primary_20260830 / final_phase1_sensitivities,PASS
Results,Table 6,Table 6,comparison state,machine-readable row,repo/Data/Additional Sensitivity Analysis/New Nonoverlap Primary/Landsat Aerosol QA/summaries/AEROSOL_RO_DIRECTION_AUDIT.csv,row=11,"{""AOI"": ""AOI-00"", ""mode"": ""valid_retrieval_no_high"", ""state"": ""NO_CHANGE"", ""target_year"": 2025}",counts: integer; manuscript headline RMSE/differences: 6 decimals; table values: source-derived fixed precision,Code/scripts/37_postprocess_phase1_aerosol.py,canonical_nonoverlap_primary_20260830 / final_phase1_sensitivities,PASS
Results,Table 6,Table 6,comparison state,machine-readable row,repo/Data/Additional Sensitivity Analysis/New Nonoverlap Primary/Landsat Aerosol QA/summaries/AEROSOL_RO_DIRECTION_AUDIT.csv,row=12,"{""AOI"": ""AOI-01"", ""mode"": ""valid_retrieval_no_high"", ""state"": ""DIRECTION_CHANGE"", ""target_year"": 2024}",counts: integer; manuscript headline RMSE/differences: 6 decimals; table values: source-derived fixed precision,Code/scripts/37_postprocess_phase1_aerosol.py,canonical_nonoverlap_primary_20260830 / final_phase1_sensitivities,PASS
Results,Table 6,Table 6,comparison state,machine-readable row,repo/Data/Additional Sensitivity Analysis/New Nonoverlap Primary/Landsat Aerosol QA/summaries/AEROSOL_RO_DIRECTION_AUDIT.csv,row=13,"{""AOI"": ""AOI-01"", ""mode"": ""valid_retrieval_no_high"", ""state"": ""DIRECTION_CHANGE"", ""target_year"": 2025}",counts: integer; manuscript headline RMSE/differences: 6 decimals; table values: source-derived fixed precision,Code/scripts/37_postprocess_phase1_aerosol.py,canonical_nonoverlap_primary_20260830 / final_phase1_sensitivities,PASS
Results,Table 6,Table 6,comparison state,machine-readable row,repo/Data/Additional Sensitivity Analysis/New Nonoverlap Primary/Landsat Aerosol QA/summaries/AEROSOL_RO_DIRECTION_AUDIT.csv,row=14,"{""AOI"": ""AOI-02"", ""mode"": ""valid_retrieval_no_high"", ""state"": ""NOT_COMPARABLE"", ""target_year"": 2024}",counts: integer; manuscript headline RMSE/differences: 6 decimals; table values: source-derived fixed precision,Code/scripts/37_postprocess_phase1_aerosol.py,canonical_nonoverlap_primary_20260830 / final_phase1_sensitivities,PASS
Results,Table 6,Table 6,comparison state,machine-readable row,repo/Data/Additional Sensitivity Analysis/New Nonoverlap Primary/Landsat Aerosol QA/summaries/AEROSOL_RO_DIRECTION_AUDIT.csv,row=15,"{""AOI"": ""AOI-02"", ""mode"": ""valid_retrieval_no_high"", ""state"": ""DIRECTION_CHANGE"", ""target_year"": 2025}",counts: integer; manuscript headline RMSE/differences: 6 decimals; table values: source-derived fixed precision,Code/scripts/37_postprocess_phase1_aerosol.py,canonical_nonoverlap_primary_20260830 / final_phase1_sensitivities,PASS
Results,Table 6,Table 6,comparison state,machine-readable row,repo/Data/Additional Sensitivity Analysis/New Nonoverlap Primary/Landsat Aerosol QA/summaries/AEROSOL_RO_DIRECTION_AUDIT.csv,row=16,"{""AOI"": ""AOI-03"", ""mode"": ""valid_retrieval_no_high"", ""state"": ""NO_CHANGE"", ""target_year"": 2024}",counts: integer; manuscript headline RMSE/differences: 6 decimals; table values: source-derived fixed precision,Code/scripts/37_postprocess_phase1_aerosol.py,canonical_nonoverlap_primary_20260830 / final_phase1_sensitivities,PASS
Results,Table 6,Table 6,comparison state,machine-readable row,repo/Data/Additional Sensitivity Analysis/New Nonoverlap Primary/Landsat Aerosol QA/summaries/AEROSOL_RO_DIRECTION_AUDIT.csv,row=17,"{""AOI"": ""AOI-03"", ""mode"": ""valid_retrieval_no_high"", ""state"": ""DIRECTION_CHANGE"", ""target_year"": 2025}",counts: integer; manuscript headline RMSE/differences: 6 decimals; table values: source-derived fixed precision,Code/scripts/37_postprocess_phase1_aerosol.py,canonical_nonoverlap_primary_20260830 / final_phase1_sensitivities,PASS
Results,Table 6,Table 6,comparison state,machine-readable row,repo/Data/Additional Sensitivity Analysis/New Nonoverlap Primary/Landsat Aerosol QA/summaries/AEROSOL_RO_DIRECTION_AUDIT.csv,row=18,"{""AOI"": ""AOI-00"", ""mode"": ""strict_aerosol"", ""state"": ""DIRECTION_CHANGE"", ""target_year"": 2024}",counts: integer; manuscript headline RMSE/differences: 6 decimals; table values: source-derived fixed precision,Code/scripts/37_postprocess_phase1_aerosol.py,canonical_nonoverlap_primary_20260830 / final_phase1_sensitivities,PASS
Results,Table 6,Table 6,comparison state,machine-readable row,repo/Data/Additional Sensitivity Analysis/New Nonoverlap Primary/Landsat Aerosol QA/summaries/AEROSOL_RO_DIRECTION_AUDIT.csv,row=19,"{""AOI"": ""AOI-00"", ""mode"": ""strict_aerosol"", ""state"": ""NO_CHANGE"", ""target_year"": 2025}",counts: integer; manuscript headline RMSE/differences: 6 decimals; table values: source-derived fixed precision,Code/scripts/37_postprocess_phase1_aerosol.py,canonical_nonoverlap_primary_20260830 / final_phase1_sensitivities,PASS
Results,Table 6,Table 6,comparison state,machine-readable row,repo/Data/Additional Sensitivity Analysis/New Nonoverlap Primary/Landsat Aerosol QA/summaries/AEROSOL_RO_DIRECTION_AUDIT.csv,row=20,"{""AOI"": ""AOI-01"", ""mode"": ""strict_aerosol"", ""state"": ""NO_CHANGE"", ""target_year"": 2024}",counts: integer; manuscript headline RMSE/differences: 6 decimals; table values: source-derived fixed precision,Code/scripts/37_postprocess_phase1_aerosol.py,canonical_nonoverlap_primary_20260830 / final_phase1_sensitivities,PASS
Results,Table 6,Table 6,comparison state,machine-readable row,repo/Data/Additional Sensitivity Analysis/New Nonoverlap Primary/Landsat Aerosol QA/summaries/AEROSOL_RO_DIRECTION_AUDIT.csv,row=21,"{""AOI"": ""AOI-01"", ""mode"": ""strict_aerosol"", ""state"": ""DIRECTION_CHANGE"", ""target_year"": 2025}",counts: integer; manuscript headline RMSE/differences: 6 decimals; table values: source-derived fixed precision,Code/scripts/37_postprocess_phase1_aerosol.py,canonical_nonoverlap_primary_20260830 / final_phase1_sensitivities,PASS
Results,Table 6,Table 6,comparison state,machine-readable row,repo/Data/Additional Sensitivity Analysis/New Nonoverlap Primary/Landsat Aerosol QA/summaries/AEROSOL_RO_DIRECTION_AUDIT.csv,row=22,"{""AOI"": ""AOI-02"", ""mode"": ""strict_aerosol"", ""state"": ""NOT_COMPARABLE"", ""target_year"": 2024}",counts: integer; manuscript headline RMSE/differences: 6 decimals; table values: source-derived fixed precision,Code/scripts/37_postprocess_phase1_aerosol.py,canonical_nonoverlap_primary_20260830 / final_phase1_sensitivities,PASS
Results,Table 6,Table 6,comparison state,machine-readable row,repo/Data/Additional Sensitivity Analysis/New Nonoverlap Primary/Landsat Aerosol QA/summaries/AEROSOL_RO_DIRECTION_AUDIT.csv,row=23,"{""AOI"": ""AOI-02"", ""mode"": ""strict_aerosol"", ""state"": ""DIRECTION_CHANGE"", ""target_year"": 2025}",counts: integer; manuscript headline RMSE/differences: 6 decimals; table values: source-derived fixed precision,Code/scripts/37_postprocess_phase1_aerosol.py,canonical_nonoverlap_primary_20260830 / final_phase1_sensitivities,PASS
Results,Table 6,Table 6,comparison state,machine-readable row,repo/Data/Additional Sensitivity Analysis/New Nonoverlap Primary/Landsat Aerosol QA/summaries/AEROSOL_RO_DIRECTION_AUDIT.csv,row=24,"{""AOI"": ""AOI-03"", ""mode"": ""strict_aerosol"", ""state"": ""DIRECTION_CHANGE"", ""target_year"": 2024}",counts: integer; manuscript headline RMSE/differences: 6 decimals; table values: source-derived fixed precision,Code/scripts/37_postprocess_phase1_aerosol.py,canonical_nonoverlap_primary_20260830 / final_phase1_sensitivities,PASS
Results,Table 6,Table 6,comparison state,machine-readable row,repo/Data/Additional Sensitivity Analysis/New Nonoverlap Primary/Landsat Aerosol QA/summaries/AEROSOL_RO_DIRECTION_AUDIT.csv,row=25,"{""AOI"": ""AOI-03"", ""mode"": ""strict_aerosol"", ""state"": ""DIRECTION_CHANGE"", ""target_year"": 2025}",counts: integer; manuscript headline RMSE/differences: 6 decimals; table values: source-derived fixed precision,Code/scripts/37_postprocess_phase1_aerosol.py,canonical_nonoverlap_primary_20260830 / final_phase1_sensitivities,PASS
