sensitivity,variant,experiment,AOI,sensor,train_years,target_year,rolling_id,history_length,block_id,block_rmse,block_mae,block_bias,block_n
spatial_aggregation_order,primary_ndvi_first,rolling_origin,AOI-00,landsat,2023,2024,R2024-H1,1,AOI-00_b_0_1,0.04821272956496563,0.04018497825444891,0.02213726680544052,51
spatial_aggregation_order,primary_ndvi_first,rolling_origin,AOI-00,landsat,2023,2024,R2024-H1,1,AOI-00_b_0_2,0.04432024649983571,0.03522701202497013,-0.013949319068262927,185
spatial_aggregation_order,primary_ndvi_first,rolling_origin,AOI-00,landsat,2023,2024,R2024-H1,1,AOI-00_b_0_3,0.03987011597561318,0.030468179040205386,-0.006333444470749113,156
spatial_aggregation_order,primary_ndvi_first,rolling_origin,AOI-00,landsat,2023,2024,R2024-H1,1,AOI-00_b_0_4,0.03446496451986761,0.027534037150506212,0.016425412740627754,57
spatial_aggregation_order,primary_ndvi_first,rolling_origin,AOI-00,landsat,2023,2024,R2024-H1,1,AOI-00_b_1_1,0.05846576049610671,0.04810821603853978,0.025598475505250077,403
spatial_aggregation_order,primary_ndvi_first,rolling_origin,AOI-00,landsat,2023,2024,R2024-H1,1,AOI-00_b_1_2,0.04715038637914695,0.03939032955286371,0.024275101942134163,860
spatial_aggregation_order,primary_ndvi_first,rolling_origin,AOI-00,landsat,2023,2024,R2024-H1,1,AOI-00_b_1_3,0.040792905234525195,0.03302140491083087,0.002340411274472645,900
spatial_aggregation_order,primary_ndvi_first,rolling_origin,AOI-00,landsat,2023,2024,R2024-H1,1,AOI-00_b_1_4,0.034462927362721295,0.027202266149815798,0.009531262278339885,834
spatial_aggregation_order,primary_ndvi_first,rolling_origin,AOI-00,landsat,2023,2024,R2024-H1,1,AOI-00_b_1_5,0.04049891229435913,0.032463939384680784,0.017455749010637584,12
spatial_aggregation_order,primary_ndvi_first,rolling_origin,AOI-00,landsat,2023,2024,R2024-H1,1,AOI-00_b_2_1,0.05645194988939549,0.04584249408689969,0.025707911302660365,442
spatial_aggregation_order,primary_ndvi_first,rolling_origin,AOI-00,landsat,2023,2024,R2024-H1,1,AOI-00_b_2_2,0.04935555333458848,0.04143164740812887,0.025254645630555083,894
spatial_aggregation_order,primary_ndvi_first,rolling_origin,AOI-00,landsat,2023,2024,R2024-H1,1,AOI-00_b_2_3,0.030848256334893933,0.024323435984803306,0.009837592825591782,855
spatial_aggregation_order,primary_ndvi_first,rolling_origin,AOI-00,landsat,2023,2024,R2024-H1,1,AOI-00_b_2_4,0.03722903381427093,0.027226216522252926,-0.010675713290688785,855
spatial_aggregation_order,primary_ndvi_first,rolling_origin,AOI-00,landsat,2023,2024,R2024-H1,1,AOI-00_b_2_5,0.03897614989931584,0.031176046852048663,-0.024987727932425572,236
spatial_aggregation_order,primary_ndvi_first,rolling_origin,AOI-00,landsat,2023,2024,R2024-H1,1,AOI-00_b_3_0,0.050462945757195406,0.03703285921344523,0.026374399276826402,45
spatial_aggregation_order,primary_ndvi_first,rolling_origin,AOI-00,landsat,2023,2024,R2024-H1,1,AOI-00_b_3_1,0.06854510744948246,0.06431349348966864,0.06366876560125112,603
spatial_aggregation_order,primary_ndvi_first,rolling_origin,AOI-00,landsat,2023,2024,R2024-H1,1,AOI-00_b_3_2,0.06689957716290583,0.05949042699149071,0.0511633505189498,855
spatial_aggregation_order,primary_ndvi_first,rolling_origin,AOI-00,landsat,2023,2024,R2024-H1,1,AOI-00_b_3_3,0.03714068967758916,0.028633985182332313,0.007577792199678934,855
spatial_aggregation_order,primary_ndvi_first,rolling_origin,AOI-00,landsat,2023,2024,R2024-H1,1,AOI-00_b_3_4,0.0383696767341966,0.030723683076180165,-0.016805763979033644,849
spatial_aggregation_order,primary_ndvi_first,rolling_origin,AOI-00,landsat,2023,2024,R2024-H1,1,AOI-00_b_3_5,0.05780703459473436,0.04482351026955711,-0.027282132581918594,221
spatial_aggregation_order,primary_ndvi_first,rolling_origin,AOI-00,landsat,2023,2024,R2024-H1,1,AOI-00_b_4_0,0.053879522634792835,0.04653551619654691,0.04414102685341589,78
spatial_aggregation_order,primary_ndvi_first,rolling_origin,AOI-00,landsat,2023,2024,R2024-H1,1,AOI-00_b_4_1,0.06812896888683995,0.0634119929921342,0.062313418670629075,894
spatial_aggregation_order,primary_ndvi_first,rolling_origin,AOI-00,landsat,2023,2024,R2024-H1,1,AOI-00_b_4_2,0.06662392580506954,0.05877880790910778,0.050333914885205576,855
spatial_aggregation_order,primary_ndvi_first,rolling_origin,AOI-00,landsat,2023,2024,R2024-H1,1,AOI-00_b_4_3,0.03424544945019202,0.02668690530368946,-0.001430071062105508,854
spatial_aggregation_order,primary_ndvi_first,rolling_origin,AOI-00,landsat,2023,2024,R2024-H1,1,AOI-00_b_4_4,0.04206688595984809,0.032579180788570965,-0.009856852998456272,639
spatial_aggregation_order,primary_ndvi_first,rolling_origin,AOI-00,landsat,2023,2024,R2024-H1,1,AOI-00_b_5_0,0.07848573254390792,0.07660893991816455,0.07660893991816455,3
spatial_aggregation_order,primary_ndvi_first,rolling_origin,AOI-00,landsat,2023,2024,R2024-H1,1,AOI-00_b_5_1,0.07195903555051857,0.06411651782531803,0.05243850346418247,858
spatial_aggregation_order,primary_ndvi_first,rolling_origin,AOI-00,landsat,2023,2024,R2024-H1,1,AOI-00_b_5_2,0.06710378364349955,0.057446296652508305,0.04155452758926693,870
spatial_aggregation_order,primary_ndvi_first,rolling_origin,AOI-00,landsat,2023,2024,R2024-H1,1,AOI-00_b_5_3,0.045558254419736474,0.0346737932018867,0.0024837607479086237,855
spatial_aggregation_order,primary_ndvi_first,rolling_origin,AOI-00,landsat,2023,2024,R2024-H1,1,AOI-00_b_5_4,0.043551704410556176,0.031596041734231924,0.006915067931159693,684
spatial_aggregation_order,primary_ndvi_first,rolling_origin,AOI-00,landsat,2023,2024,R2024-H1,1,AOI-00_b_6_0,0.06791130776426756,0.06283406133636693,0.056130044421413054,63
spatial_aggregation_order,primary_ndvi_first,rolling_origin,AOI-00,landsat,2023,2024,R2024-H1,1,AOI-00_b_6_1,0.07087761370505188,0.06419613538461033,0.061392792411735245,825
spatial_aggregation_order,primary_ndvi_first,rolling_origin,AOI-00,landsat,2023,2024,R2024-H1,1,AOI-00_b_6_2,0.07181162092117188,0.06810351388903173,0.06688555999470908,912
spatial_aggregation_order,primary_ndvi_first,rolling_origin,AOI-00,landsat,2023,2024,R2024-H1,1,AOI-00_b_6_3,0.05643086232061568,0.04599427721117984,0.027831900146184457,855
spatial_aggregation_order,primary_ndvi_first,rolling_origin,AOI-00,landsat,2023,2024,R2024-H1,1,AOI-00_b_6_4,0.04623521649067058,0.03370027283058644,-0.009613791508202796,213
spatial_aggregation_order,primary_ndvi_first,rolling_origin,AOI-00,landsat,2023,2024,R2024-H1,1,AOI-00_b_7_1,0.06907385981664041,0.06703876483064776,0.06703876483064776,57
spatial_aggregation_order,primary_ndvi_first,rolling_origin,AOI-00,landsat,2023,2024,R2024-H1,1,AOI-00_b_7_2,0.048975264607708895,0.043776872186294634,0.041603225274198755,102
spatial_aggregation_order,primary_ndvi_first,rolling_origin,AOI-00,landsat,2023,2024,R2024-H1,1,AOI-00_b_7_3,0.03320509434189455,0.02574861598932012,-0.008600460726467073,339
spatial_aggregation_order,primary_ndvi_first,rolling_origin,AOI-00,landsat,2023,2024,R2024-H1,1,AOI-00_b_7_4,0.03150308460756433,0.026254309398449284,-0.025041334021832635,62
spatial_aggregation_order,primary_ndvi_first,rolling_origin,AOI-00,landsat,2022;2023,2024,R2024-H2,2,AOI-00_b_0_1,0.04692144530062657,0.03830595171319624,0.013402875623393689,51
spatial_aggregation_order,primary_ndvi_first,rolling_origin,AOI-00,landsat,2022;2023,2024,R2024-H2,2,AOI-00_b_0_2,0.04605974721939858,0.03628456669534385,-0.01765180174162481,185
spatial_aggregation_order,primary_ndvi_first,rolling_origin,AOI-00,landsat,2022;2023,2024,R2024-H2,2,AOI-00_b_0_3,0.04095699815931314,0.031035666160291724,-0.00807702308996297,156
spatial_aggregation_order,primary_ndvi_first,rolling_origin,AOI-00,landsat,2022;2023,2024,R2024-H2,2,AOI-00_b_0_4,0.03420223952082158,0.027074760682321748,0.014832300835685194,57
spatial_aggregation_order,primary_ndvi_first,rolling_origin,AOI-00,landsat,2022;2023,2024,R2024-H2,2,AOI-00_b_1_1,0.055474366909703685,0.0456224966259309,0.018633875490931727,403
spatial_aggregation_order,primary_ndvi_first,rolling_origin,AOI-00,landsat,2022;2023,2024,R2024-H2,2,AOI-00_b_1_2,0.04671429051554084,0.038947568949384274,0.021407231686682158,860
spatial_aggregation_order,primary_ndvi_first,rolling_origin,AOI-00,landsat,2022;2023,2024,R2024-H2,2,AOI-00_b_1_3,0.0417994242949516,0.03351383222545394,-0.0004983119805103023,900
spatial_aggregation_order,primary_ndvi_first,rolling_origin,AOI-00,landsat,2022;2023,2024,R2024-H2,2,AOI-00_b_1_4,0.03515020976008686,0.027222160127408558,0.007064807081447358,834
spatial_aggregation_order,primary_ndvi_first,rolling_origin,AOI-00,landsat,2022;2023,2024,R2024-H2,2,AOI-00_b_1_5,0.04136839608050319,0.034996334621201,0.014061693239500331,12
spatial_aggregation_order,primary_ndvi_first,rolling_origin,AOI-00,landsat,2022;2023,2024,R2024-H2,2,AOI-00_b_2_1,0.05377420300834514,0.043941542350929355,0.020001650780375402,442
spatial_aggregation_order,primary_ndvi_first,rolling_origin,AOI-00,landsat,2022;2023,2024,R2024-H2,2,AOI-00_b_2_2,0.04846901703079667,0.040538762789831685,0.02227914258532875,894
spatial_aggregation_order,primary_ndvi_first,rolling_origin,AOI-00,landsat,2022;2023,2024,R2024-H2,2,AOI-00_b_2_3,0.030759311387727792,0.023927596435093387,0.0079919802076625,855
spatial_aggregation_order,primary_ndvi_first,rolling_origin,AOI-00,landsat,2022;2023,2024,R2024-H2,2,AOI-00_b_2_4,0.03905587668388483,0.028233165566552493,-0.013172452297818535,855
spatial_aggregation_order,primary_ndvi_first,rolling_origin,AOI-00,landsat,2022;2023,2024,R2024-H2,2,AOI-00_b_2_5,0.04053759458195515,0.032403769471504036,-0.026449486393079674,236
spatial_aggregation_order,primary_ndvi_first,rolling_origin,AOI-00,landsat,2022;2023,2024,R2024-H2,2,AOI-00_b_3_0,0.04936583456028858,0.03774016407412092,0.019665608863550097,45
spatial_aggregation_order,primary_ndvi_first,rolling_origin,AOI-00,landsat,2022;2023,2024,R2024-H2,2,AOI-00_b_3_1,0.06643928078231726,0.0620962092634087,0.061134986575825875,603
spatial_aggregation_order,primary_ndvi_first,rolling_origin,AOI-00,landsat,2022;2023,2024,R2024-H2,2,AOI-00_b_3_2,0.06470207707820658,0.057557933853021416,0.04753732560543844,855
spatial_aggregation_order,primary_ndvi_first,rolling_origin,AOI-00,landsat,2022;2023,2024,R2024-H2,2,AOI-00_b_3_3,0.036717415795258994,0.02819803073983369,0.00536150781335521,855
spatial_aggregation_order,primary_ndvi_first,rolling_origin,AOI-00,landsat,2022;2023,2024,R2024-H2,2,AOI-00_b_3_4,0.04048151620503107,0.032345644974480614,-0.019568005899459163,849
spatial_aggregation_order,primary_ndvi_first,rolling_origin,AOI-00,landsat,2022;2023,2024,R2024-H2,2,AOI-00_b_3_5,0.06140058998614277,0.04695866718812335,-0.03139516559243278,221
spatial_aggregation_order,primary_ndvi_first,rolling_origin,AOI-00,landsat,2022;2023,2024,R2024-H2,2,AOI-00_b_4_0,0.051426468186113815,0.043971489632601515,0.03996046321053565,78
spatial_aggregation_order,primary_ndvi_first,rolling_origin,AOI-00,landsat,2022;2023,2024,R2024-H2,2,AOI-00_b_4_1,0.06576166801086988,0.0609819032495822,0.059509476524116645,894
spatial_aggregation_order,primary_ndvi_first,rolling_origin,AOI-00,landsat,2022;2023,2024,R2024-H2,2,AOI-00_b_4_2,0.06421380771852286,0.056619242731308604,0.046372474821099574,855
spatial_aggregation_order,primary_ndvi_first,rolling_origin,AOI-00,landsat,2022;2023,2024,R2024-H2,2,AOI-00_b_4_3,0.03432098204590386,0.02661498270883249,-0.0028750345691874214,854
spatial_aggregation_order,primary_ndvi_first,rolling_origin,AOI-00,landsat,2022;2023,2024,R2024-H2,2,AOI-00_b_4_4,0.04381801912510713,0.03360205925060001,-0.013302007179230935,639
spatial_aggregation_order,primary_ndvi_first,rolling_origin,AOI-00,landsat,2022;2023,2024,R2024-H2,2,AOI-00_b_5_0,0.07511843354531234,0.07320822105002717,0.07320822105002717,3
spatial_aggregation_order,primary_ndvi_first,rolling_origin,AOI-00,landsat,2022;2023,2024,R2024-H2,2,AOI-00_b_5_1,0.06937891955154468,0.06146216756845004,0.04807718788589882,858
spatial_aggregation_order,primary_ndvi_first,rolling_origin,AOI-00,landsat,2022;2023,2024,R2024-H2,2,AOI-00_b_5_2,0.06472853317027154,0.0549893959400278,0.03676824680713506,870
spatial_aggregation_order,primary_ndvi_first,rolling_origin,AOI-00,landsat,2022;2023,2024,R2024-H2,2,AOI-00_b_5_3,0.04543352373766406,0.03433356134639855,-0.001995430075395494,855
spatial_aggregation_order,primary_ndvi_first,rolling_origin,AOI-00,landsat,2022;2023,2024,R2024-H2,2,AOI-00_b_5_4,0.043869439905328496,0.03144192709668595,0.002767943747187093,684
spatial_aggregation_order,primary_ndvi_first,rolling_origin,AOI-00,landsat,2022;2023,2024,R2024-H2,2,AOI-00_b_6_0,0.0655865693232541,0.06109493018487248,0.05254956592336764,63
spatial_aggregation_order,primary_ndvi_first,rolling_origin,AOI-00,landsat,2022;2023,2024,R2024-H2,2,AOI-00_b_6_1,0.06741115814893038,0.06079537812361127,0.056984485558682234,825
spatial_aggregation_order,primary_ndvi_first,rolling_origin,AOI-00,landsat,2022;2023,2024,R2024-H2,2,AOI-00_b_6_2,0.06710991375523795,0.06315882958639345,0.06160053522767459,912
spatial_aggregation_order,primary_ndvi_first,rolling_origin,AOI-00,landsat,2022;2023,2024,R2024-H2,2,AOI-00_b_6_3,0.05543609724249888,0.04453240450997217,0.022791374082531183,855
spatial_aggregation_order,primary_ndvi_first,rolling_origin,AOI-00,landsat,2022;2023,2024,R2024-H2,2,AOI-00_b_6_4,0.048155110735203274,0.035283376856669046,-0.015476509525281736,213
spatial_aggregation_order,primary_ndvi_first,rolling_origin,AOI-00,landsat,2022;2023,2024,R2024-H2,2,AOI-00_b_7_1,0.06572796205684762,0.06362409397609695,0.06362409397609695,57
spatial_aggregation_order,primary_ndvi_first,rolling_origin,AOI-00,landsat,2022;2023,2024,R2024-H2,2,AOI-00_b_7_2,0.04571961731733209,0.04056557700366707,0.037728693868447225,102
spatial_aggregation_order,primary_ndvi_first,rolling_origin,AOI-00,landsat,2022;2023,2024,R2024-H2,2,AOI-00_b_7_3,0.035282490110276,0.027293175671830407,-0.01206511748534982,339
spatial_aggregation_order,primary_ndvi_first,rolling_origin,AOI-00,landsat,2022;2023,2024,R2024-H2,2,AOI-00_b_7_4,0.03426590658002595,0.029036234771030858,-0.028195252599103583,62
spatial_aggregation_order,primary_ndvi_first,rolling_origin,AOI-00,landsat,2021;2022;2023,2024,R2024-H3,3,AOI-00_b_0_1,0.04661957879564091,0.038730568540420486,0.017859094471009408,51
spatial_aggregation_order,primary_ndvi_first,rolling_origin,AOI-00,landsat,2021;2022;2023,2024,R2024-H3,3,AOI-00_b_0_2,0.04565615175599214,0.03631168663200489,-0.01762504867809242,185
spatial_aggregation_order,primary_ndvi_first,rolling_origin,AOI-00,landsat,2021;2022;2023,2024,R2024-H3,3,AOI-00_b_0_3,0.04064949539255479,0.030902444872998435,-0.009774645274345893,156
spatial_aggregation_order,primary_ndvi_first,rolling_origin,AOI-00,landsat,2021;2022;2023,2024,R2024-H3,3,AOI-00_b_0_4,0.0330274827545056,0.025961517152533115,0.013002226488994907,57
spatial_aggregation_order,primary_ndvi_first,rolling_origin,AOI-00,landsat,2021;2022;2023,2024,R2024-H3,3,AOI-00_b_1_1,0.056744461855419474,0.04656849561398429,0.02153219053149374,403
spatial_aggregation_order,primary_ndvi_first,rolling_origin,AOI-00,landsat,2021;2022;2023,2024,R2024-H3,3,AOI-00_b_1_2,0.045523981086573545,0.03778541689916082,0.020699295885796175,860
spatial_aggregation_order,primary_ndvi_first,rolling_origin,AOI-00,landsat,2021;2022;2023,2024,R2024-H3,3,AOI-00_b_1_3,0.04087077914972727,0.03266515634831701,-0.0012319051718403873,900
spatial_aggregation_order,primary_ndvi_first,rolling_origin,AOI-00,landsat,2021;2022;2023,2024,R2024-H3,3,AOI-00_b_1_4,0.03380779649504584,0.026118522981900632,0.0060035154387299665,834
spatial_aggregation_order,primary_ndvi_first,rolling_origin,AOI-00,landsat,2021;2022;2023,2024,R2024-H3,3,AOI-00_b_1_5,0.03933202558856961,0.032767129135333875,0.013816945657117372,12
spatial_aggregation_order,primary_ndvi_first,rolling_origin,AOI-00,landsat,2021;2022;2023,2024,R2024-H3,3,AOI-00_b_2_1,0.05472428735060914,0.04444059516710937,0.021792280394005967,442
spatial_aggregation_order,primary_ndvi_first,rolling_origin,AOI-00,landsat,2021;2022;2023,2024,R2024-H3,3,AOI-00_b_2_2,0.04768597088457864,0.03976734414117944,0.021665953292398538,894
spatial_aggregation_order,primary_ndvi_first,rolling_origin,AOI-00,landsat,2021;2022;2023,2024,R2024-H3,3,AOI-00_b_2_3,0.02997880361044005,0.02317710015646994,0.006384176052630287,855
spatial_aggregation_order,primary_ndvi_first,rolling_origin,AOI-00,landsat,2021;2022;2023,2024,R2024-H3,3,AOI-00_b_2_4,0.03850768701437723,0.02799125820906626,-0.014207085844303469,855
spatial_aggregation_order,primary_ndvi_first,rolling_origin,AOI-00,landsat,2021;2022;2023,2024,R2024-H3,3,AOI-00_b_2_5,0.041311434700547746,0.03360663131520449,-0.028395187958765108,236
spatial_aggregation_order,primary_ndvi_first,rolling_origin,AOI-00,landsat,2021;2022;2023,2024,R2024-H3,3,AOI-00_b_3_0,0.04871393161438476,0.03639461447703238,0.02233874097936296,45
spatial_aggregation_order,primary_ndvi_first,rolling_origin,AOI-00,landsat,2021;2022;2023,2024,R2024-H3,3,AOI-00_b_3_1,0.06530240247387459,0.060990599935416126,0.06013295845000757,603
spatial_aggregation_order,primary_ndvi_first,rolling_origin,AOI-00,landsat,2021;2022;2023,2024,R2024-H3,3,AOI-00_b_3_2,0.06420038277856142,0.057014808535261925,0.04749677477610374,855
spatial_aggregation_order,primary_ndvi_first,rolling_origin,AOI-00,landsat,2021;2022;2023,2024,R2024-H3,3,AOI-00_b_3_3,0.03657392746902584,0.028082328652482204,0.004079996934998238,855
spatial_aggregation_order,primary_ndvi_first,rolling_origin,AOI-00,landsat,2021;2022;2023,2024,R2024-H3,3,AOI-00_b_3_4,0.040145700882986114,0.03243714162873665,-0.02036892373589328,849
spatial_aggregation_order,primary_ndvi_first,rolling_origin,AOI-00,landsat,2021;2022;2023,2024,R2024-H3,3,AOI-00_b_3_5,0.05982712001333298,0.04643262796491428,-0.0310070151251278,221
spatial_aggregation_order,primary_ndvi_first,rolling_origin,AOI-00,landsat,2021;2022;2023,2024,R2024-H3,3,AOI-00_b_4_0,0.05097290872235993,0.04367802043427421,0.04040805923908776,78
spatial_aggregation_order,primary_ndvi_first,rolling_origin,AOI-00,landsat,2021;2022;2023,2024,R2024-H3,3,AOI-00_b_4_1,0.0649033327657652,0.06015098474862171,0.05874526637509809,894
spatial_aggregation_order,primary_ndvi_first,rolling_origin,AOI-00,landsat,2021;2022;2023,2024,R2024-H3,3,AOI-00_b_4_2,0.06393023091397251,0.0563538200187358,0.046627181731538514,855
spatial_aggregation_order,primary_ndvi_first,rolling_origin,AOI-00,landsat,2021;2022;2023,2024,R2024-H3,3,AOI-00_b_4_3,0.034547577287526735,0.026824237023349105,-0.004835520321044935,854
spatial_aggregation_order,primary_ndvi_first,rolling_origin,AOI-00,landsat,2021;2022;2023,2024,R2024-H3,3,AOI-00_b_4_4,0.043136656085392446,0.03373039406757098,-0.013501774083463763,639
spatial_aggregation_order,primary_ndvi_first,rolling_origin,AOI-00,landsat,2021;2022;2023,2024,R2024-H3,3,AOI-00_b_5_0,0.07493105308024614,0.07296933882869504,0.07296933882869504,3
spatial_aggregation_order,primary_ndvi_first,rolling_origin,AOI-00,landsat,2021;2022;2023,2024,R2024-H3,3,AOI-00_b_5_1,0.06933125028339157,0.061536734129670666,0.048683895414966954,858
spatial_aggregation_order,primary_ndvi_first,rolling_origin,AOI-00,landsat,2021;2022;2023,2024,R2024-H3,3,AOI-00_b_5_2,0.06486716034562803,0.05531665850294134,0.03774904079398015,870
spatial_aggregation_order,primary_ndvi_first,rolling_origin,AOI-00,landsat,2021;2022;2023,2024,R2024-H3,3,AOI-00_b_5_3,0.04547214169718704,0.03470463810615669,-0.0012849598559470704,855
spatial_aggregation_order,primary_ndvi_first,rolling_origin,AOI-00,landsat,2021;2022;2023,2024,R2024-H3,3,AOI-00_b_5_4,0.04318840558456372,0.031076311126662832,0.0031861038392920304,684
spatial_aggregation_order,primary_ndvi_first,rolling_origin,AOI-00,landsat,2021;2022;2023,2024,R2024-H3,3,AOI-00_b_6_0,0.06498932968484152,0.060316950639944765,0.05246892170033432,63
spatial_aggregation_order,primary_ndvi_first,rolling_origin,AOI-00,landsat,2021;2022;2023,2024,R2024-H3,3,AOI-00_b_6_1,0.06768112689613356,0.06104920441684065,0.057632558355696334,825
spatial_aggregation_order,primary_ndvi_first,rolling_origin,AOI-00,landsat,2021;2022;2023,2024,R2024-H3,3,AOI-00_b_6_2,0.06824744322927512,0.06441455854939987,0.0630203613257615,912
spatial_aggregation_order,primary_ndvi_first,rolling_origin,AOI-00,landsat,2021;2022;2023,2024,R2024-H3,3,AOI-00_b_6_3,0.05478241516631837,0.04415059846511796,0.02399597396197547,855
spatial_aggregation_order,primary_ndvi_first,rolling_origin,AOI-00,landsat,2021;2022;2023,2024,R2024-H3,3,AOI-00_b_6_4,0.047214022831659326,0.03480777096920861,-0.013548154212017093,213
spatial_aggregation_order,primary_ndvi_first,rolling_origin,AOI-00,landsat,2021;2022;2023,2024,R2024-H3,3,AOI-00_b_7_1,0.06554082010435977,0.06339749334659656,0.06339749334659656,57
spatial_aggregation_order,primary_ndvi_first,rolling_origin,AOI-00,landsat,2021;2022;2023,2024,R2024-H3,3,AOI-00_b_7_2,0.04587392190876831,0.040609883823049316,0.037906897216101326,102
spatial_aggregation_order,primary_ndvi_first,rolling_origin,AOI-00,landsat,2021;2022;2023,2024,R2024-H3,3,AOI-00_b_7_3,0.0344457920615109,0.02690853648707013,-0.012247716747865386,339
spatial_aggregation_order,primary_ndvi_first,rolling_origin,AOI-00,landsat,2021;2022;2023,2024,R2024-H3,3,AOI-00_b_7_4,0.034464639400594084,0.02942625966535482,-0.02865138707015525,62
spatial_aggregation_order,primary_ndvi_first,rolling_origin,AOI-00,landsat,2024,2025,R2025-H1,1,AOI-00_b_0_1,0.04104037702090731,0.03336641506666218,-0.018635406730237315,51
spatial_aggregation_order,primary_ndvi_first,rolling_origin,AOI-00,landsat,2024,2025,R2025-H1,1,AOI-00_b_0_2,0.04747611264413896,0.04068043872366058,-0.035882219307899865,186
spatial_aggregation_order,primary_ndvi_first,rolling_origin,AOI-00,landsat,2024,2025,R2025-H1,1,AOI-00_b_0_3,0.05465650017054649,0.044371846532745805,-0.04126144401897834,156
spatial_aggregation_order,primary_ndvi_first,rolling_origin,AOI-00,landsat,2024,2025,R2025-H1,1,AOI-00_b_0_4,0.027190185890517745,0.0219665915979681,-0.014279284850579775,57
spatial_aggregation_order,primary_ndvi_first,rolling_origin,AOI-00,landsat,2024,2025,R2025-H1,1,AOI-00_b_1_1,0.04517007099855407,0.036788328595109644,-0.004360486816912156,403
spatial_aggregation_order,primary_ndvi_first,rolling_origin,AOI-00,landsat,2024,2025,R2025-H1,1,AOI-00_b_1_2,0.04104403758022271,0.03222944358502545,-0.02358225837872562,861
spatial_aggregation_order,primary_ndvi_first,rolling_origin,AOI-00,landsat,2024,2025,R2025-H1,1,AOI-00_b_1_3,0.04959536460603346,0.038640654717019406,-0.03454405435963343,900
spatial_aggregation_order,primary_ndvi_first,rolling_origin,AOI-00,landsat,2024,2025,R2025-H1,1,AOI-00_b_1_4,0.05667093507694785,0.04695568441651403,-0.039692958898445284,834
spatial_aggregation_order,primary_ndvi_first,rolling_origin,AOI-00,landsat,2024,2025,R2025-H1,1,AOI-00_b_1_5,0.03637779132697411,0.03307239631560725,-0.02412489715794316,12
spatial_aggregation_order,primary_ndvi_first,rolling_origin,AOI-00,landsat,2024,2025,R2025-H1,1,AOI-00_b_2_1,0.042707571221907735,0.034691113927312604,0.003430407035502275,474
spatial_aggregation_order,primary_ndvi_first,rolling_origin,AOI-00,landsat,2024,2025,R2025-H1,1,AOI-00_b_2_2,0.03932684883030251,0.03174602979023355,-0.006272597807420024,894
spatial_aggregation_order,primary_ndvi_first,rolling_origin,AOI-00,landsat,2024,2025,R2025-H1,1,AOI-00_b_2_3,0.06293886197341346,0.05213302409229728,-0.0486369236533274,855
spatial_aggregation_order,primary_ndvi_first,rolling_origin,AOI-00,landsat,2024,2025,R2025-H1,1,AOI-00_b_2_4,0.07930301032800265,0.06784794319174424,-0.06604076410876825,855
spatial_aggregation_order,primary_ndvi_first,rolling_origin,AOI-00,landsat,2024,2025,R2025-H1,1,AOI-00_b_2_5,0.06415615935065998,0.05753783099901972,-0.056532887294508984,258
spatial_aggregation_order,primary_ndvi_first,rolling_origin,AOI-00,landsat,2024,2025,R2025-H1,1,AOI-00_b_3_0,0.04155680747570772,0.03447766128865243,-0.004594016906633659,45
spatial_aggregation_order,primary_ndvi_first,rolling_origin,AOI-00,landsat,2024,2025,R2025-H1,1,AOI-00_b_3_1,0.02492568825808155,0.019263188761939314,0.0048557733404738426,603
spatial_aggregation_order,primary_ndvi_first,rolling_origin,AOI-00,landsat,2024,2025,R2025-H1,1,AOI-00_b_3_2,0.048605421621561076,0.041098652176795335,0.007096675710055761,855
spatial_aggregation_order,primary_ndvi_first,rolling_origin,AOI-00,landsat,2024,2025,R2025-H1,1,AOI-00_b_3_3,0.06326932876309461,0.05116473399126727,-0.04291431752525078,855
spatial_aggregation_order,primary_ndvi_first,rolling_origin,AOI-00,landsat,2024,2025,R2025-H1,1,AOI-00_b_3_4,0.07550074607666021,0.067817060152864,-0.06666613059714468,849
spatial_aggregation_order,primary_ndvi_first,rolling_origin,AOI-00,landsat,2024,2025,R2025-H1,1,AOI-00_b_3_5,0.07483274914039569,0.06474573676242516,-0.061109790184876396,228
spatial_aggregation_order,primary_ndvi_first,rolling_origin,AOI-00,landsat,2024,2025,R2025-H1,1,AOI-00_b_4_0,0.024892630098063247,0.019968733332414085,-0.002185901920742318,78
spatial_aggregation_order,primary_ndvi_first,rolling_origin,AOI-00,landsat,2024,2025,R2025-H1,1,AOI-00_b_4_1,0.029199242394963652,0.023817401895887803,0.010884012532977393,894
spatial_aggregation_order,primary_ndvi_first,rolling_origin,AOI-00,landsat,2024,2025,R2025-H1,1,AOI-00_b_4_2,0.041167241161674716,0.03464875443958667,0.0019002039443783026,855
spatial_aggregation_order,primary_ndvi_first,rolling_origin,AOI-00,landsat,2024,2025,R2025-H1,1,AOI-00_b_4_3,0.07938529656829892,0.07154725027683748,-0.07111265565544181,855
spatial_aggregation_order,primary_ndvi_first,rolling_origin,AOI-00,landsat,2024,2025,R2025-H1,1,AOI-00_b_4_4,0.06456648552419554,0.05691151507384434,-0.04963203474778542,639
spatial_aggregation_order,primary_ndvi_first,rolling_origin,AOI-00,landsat,2024,2025,R2025-H1,1,AOI-00_b_5_0,0.019692384419227816,0.01795935646265745,0.01795935646265745,3
spatial_aggregation_order,primary_ndvi_first,rolling_origin,AOI-00,landsat,2024,2025,R2025-H1,1,AOI-00_b_5_1,0.04556414293749371,0.03563362350029575,-0.003386721802426471,858
spatial_aggregation_order,primary_ndvi_first,rolling_origin,AOI-00,landsat,2024,2025,R2025-H1,1,AOI-00_b_5_2,0.0514798587288374,0.04072390683176622,-0.015295228304336451,870
spatial_aggregation_order,primary_ndvi_first,rolling_origin,AOI-00,landsat,2024,2025,R2025-H1,1,AOI-00_b_5_3,0.07888460921711804,0.06877044792971687,-0.06289568456757817,855
spatial_aggregation_order,primary_ndvi_first,rolling_origin,AOI-00,landsat,2024,2025,R2025-H1,1,AOI-00_b_5_4,0.05354059543787613,0.04374167244405948,-0.035541706713415847,684
spatial_aggregation_order,primary_ndvi_first,rolling_origin,AOI-00,landsat,2024,2025,R2025-H1,1,AOI-00_b_6_0,0.02894568133713922,0.02073616594940952,-0.007449485194449568,63
spatial_aggregation_order,primary_ndvi_first,rolling_origin,AOI-00,landsat,2024,2025,R2025-H1,1,AOI-00_b_6_1,0.03235248964790885,0.025893003047052728,0.004941766701410984,825
spatial_aggregation_order,primary_ndvi_first,rolling_origin,AOI-00,landsat,2024,2025,R2025-H1,1,AOI-00_b_6_2,0.024314349430075415,0.018797949664517685,0.009576386419759202,912
spatial_aggregation_order,primary_ndvi_first,rolling_origin,AOI-00,landsat,2024,2025,R2025-H1,1,AOI-00_b_6_3,0.05510307007327865,0.04453243555584358,-0.03277903591239713,855
spatial_aggregation_order,primary_ndvi_first,rolling_origin,AOI-00,landsat,2024,2025,R2025-H1,1,AOI-00_b_6_4,0.06490283942514552,0.05711028034862579,-0.05242363177037278,213
spatial_aggregation_order,primary_ndvi_first,rolling_origin,AOI-00,landsat,2024,2025,R2025-H1,1,AOI-00_b_7_1,0.030264126775227506,0.025825799153465164,0.013370507733648425,57
spatial_aggregation_order,primary_ndvi_first,rolling_origin,AOI-00,landsat,2024,2025,R2025-H1,1,AOI-00_b_7_2,0.021889457822746632,0.017034202440781403,-0.004197640756753894,102
spatial_aggregation_order,primary_ndvi_first,rolling_origin,AOI-00,landsat,2024,2025,R2025-H1,1,AOI-00_b_7_3,0.05789232121071878,0.05179941519704422,-0.050525241987598175,339
spatial_aggregation_order,primary_ndvi_first,rolling_origin,AOI-00,landsat,2024,2025,R2025-H1,1,AOI-00_b_7_4,0.057344315193467624,0.05408376195681832,-0.05408376195681832,63
spatial_aggregation_order,primary_ndvi_first,rolling_origin,AOI-00,landsat,2023;2024,2025,R2025-H2,2,AOI-00_b_0_1,0.03885055624218877,0.031749574706360945,-0.009716231780782212,51
spatial_aggregation_order,primary_ndvi_first,rolling_origin,AOI-00,landsat,2023;2024,2025,R2025-H2,2,AOI-00_b_0_2,0.03953017819060564,0.03248462965287414,-0.02434593099587688,186
spatial_aggregation_order,primary_ndvi_first,rolling_origin,AOI-00,landsat,2023;2024,2025,R2025-H2,2,AOI-00_b_0_3,0.04615333915502461,0.03642654326820305,-0.028884361965205885,156
spatial_aggregation_order,primary_ndvi_first,rolling_origin,AOI-00,landsat,2023;2024,2025,R2025-H2,2,AOI-00_b_0_4,0.0233252035805631,0.018885958202048185,-0.0020179208279184828,57
spatial_aggregation_order,primary_ndvi_first,rolling_origin,AOI-00,landsat,2023;2024,2025,R2025-H2,2,AOI-00_b_1_1,0.04484609885881891,0.03667920020667038,0.0053491115886700035,403
spatial_aggregation_order,primary_ndvi_first,rolling_origin,AOI-00,landsat,2023;2024,2025,R2025-H2,2,AOI-00_b_1_2,0.03595175114760364,0.027803389296794812,-0.011828751592620491,861
spatial_aggregation_order,primary_ndvi_first,rolling_origin,AOI-00,landsat,2023;2024,2025,R2025-H2,2,AOI-00_b_1_3,0.04234220358356753,0.032134137646138115,-0.022559163127643653,900
spatial_aggregation_order,primary_ndvi_first,rolling_origin,AOI-00,landsat,2023;2024,2025,R2025-H2,2,AOI-00_b_1_4,0.049297430212094706,0.0403157045730859,-0.027697633410781308,834
spatial_aggregation_order,primary_ndvi_first,rolling_origin,AOI-00,landsat,2023;2024,2025,R2025-H2,2,AOI-00_b_1_5,0.030602987080702054,0.027643203387404062,-0.012953509716363948,12
spatial_aggregation_order,primary_ndvi_first,rolling_origin,AOI-00,landsat,2023;2024,2025,R2025-H2,2,AOI-00_b_2_1,0.04423005834877723,0.03552435339842303,0.0139487795974055,474
spatial_aggregation_order,primary_ndvi_first,rolling_origin,AOI-00,landsat,2023;2024,2025,R2025-H2,2,AOI-00_b_2_2,0.03930767678253712,0.03216355136728803,0.0057218527197961866,894
spatial_aggregation_order,primary_ndvi_first,rolling_origin,AOI-00,landsat,2023;2024,2025,R2025-H2,2,AOI-00_b_2_3,0.05426469365990783,0.043934062136633055,-0.036464940440822,855
spatial_aggregation_order,primary_ndvi_first,rolling_origin,AOI-00,landsat,2023;2024,2025,R2025-H2,2,AOI-00_b_2_4,0.0695898900286917,0.05789584322305983,-0.05397270409431465,855
spatial_aggregation_order,primary_ndvi_first,rolling_origin,AOI-00,landsat,2023;2024,2025,R2025-H2,2,AOI-00_b_2_5,0.05351755171571444,0.04643655645547593,-0.04413783316766192,258
spatial_aggregation_order,primary_ndvi_first,rolling_origin,AOI-00,landsat,2023;2024,2025,R2025-H2,2,AOI-00_b_3_0,0.04265617358126983,0.03437066864020838,0.005398067377316012,45
spatial_aggregation_order,primary_ndvi_first,rolling_origin,AOI-00,landsat,2023;2024,2025,R2025-H2,2,AOI-00_b_3_1,0.02972259387225062,0.023895357877922515,0.016559456968727383,603
spatial_aggregation_order,primary_ndvi_first,rolling_origin,AOI-00,landsat,2023;2024,2025,R2025-H2,2,AOI-00_b_3_2,0.0518287481498097,0.04479995556870169,0.018479377779868,855
spatial_aggregation_order,primary_ndvi_first,rolling_origin,AOI-00,landsat,2023;2024,2025,R2025-H2,2,AOI-00_b_3_3,0.055733006356029555,0.0446929730484481,-0.030830322592794838,855
spatial_aggregation_order,primary_ndvi_first,rolling_origin,AOI-00,landsat,2023;2024,2025,R2025-H2,2,AOI-00_b_3_4,0.0653932369893922,0.05713865643847895,-0.054921416595482234,849
spatial_aggregation_order,primary_ndvi_first,rolling_origin,AOI-00,landsat,2023;2024,2025,R2025-H2,2,AOI-00_b_3_5,0.06639811522280799,0.05546515828466061,-0.04970889298945918,228
spatial_aggregation_order,primary_ndvi_first,rolling_origin,AOI-00,landsat,2023;2024,2025,R2025-H2,2,AOI-00_b_4_0,0.026893998733910737,0.023164066151082456,0.008919017808427392,78
spatial_aggregation_order,primary_ndvi_first,rolling_origin,AOI-00,landsat,2023;2024,2025,R2025-H2,2,AOI-00_b_4_1,0.03539468695776115,0.030770748712187934,0.022538033636338814,894
spatial_aggregation_order,primary_ndvi_first,rolling_origin,AOI-00,landsat,2023;2024,2025,R2025-H2,2,AOI-00_b_4_2,0.04339549951687373,0.03798871917745941,0.013036122612258573,855
spatial_aggregation_order,primary_ndvi_first,rolling_origin,AOI-00,landsat,2023;2024,2025,R2025-H2,2,AOI-00_b_4_3,0.06836009895908977,0.05961068393870923,-0.058615783142330125,855
spatial_aggregation_order,primary_ndvi_first,rolling_origin,AOI-00,landsat,2023;2024,2025,R2025-H2,2,AOI-00_b_4_4,0.056106562718758426,0.04833288441082161,-0.038139814633067454,639
spatial_aggregation_order,primary_ndvi_first,rolling_origin,AOI-00,landsat,2023;2024,2025,R2025-H2,2,AOI-00_b_5_0,0.030910817999639486,0.02984369587486198,0.02984369587486198,3
spatial_aggregation_order,primary_ndvi_first,rolling_origin,AOI-00,landsat,2023;2024,2025,R2025-H2,2,AOI-00_b_5_1,0.046392546243930244,0.037830429815460295,0.007837481309801886,858
spatial_aggregation_order,primary_ndvi_first,rolling_origin,AOI-00,landsat,2023;2024,2025,R2025-H2,2,AOI-00_b_5_2,0.04959184411088788,0.04015346616801259,-0.0045147950418171255,870
spatial_aggregation_order,primary_ndvi_first,rolling_origin,AOI-00,landsat,2023;2024,2025,R2025-H2,2,AOI-00_b_5_3,0.07001923909877207,0.059584799509792494,-0.051796877533216726,855
spatial_aggregation_order,primary_ndvi_first,rolling_origin,AOI-00,landsat,2023;2024,2025,R2025-H2,2,AOI-00_b_5_4,0.04683113099936463,0.036653623109929485,-0.024384148714210564,684
spatial_aggregation_order,primary_ndvi_first,rolling_origin,AOI-00,landsat,2023;2024,2025,R2025-H2,2,AOI-00_b_6_0,0.0286509864942558,0.022049877691090628,0.004026978085129891,63
spatial_aggregation_order,primary_ndvi_first,rolling_origin,AOI-00,landsat,2023;2024,2025,R2025-H2,2,AOI-00_b_6_1,0.03595712267300464,0.029735334183816735,0.016071568947697894,825
spatial_aggregation_order,primary_ndvi_first,rolling_origin,AOI-00,landsat,2023;2024,2025,R2025-H2,2,AOI-00_b_6_2,0.030207806357305793,0.024940661895139448,0.020113148439548353,912
spatial_aggregation_order,primary_ndvi_first,rolling_origin,AOI-00,landsat,2023;2024,2025,R2025-H2,2,AOI-00_b_6_3,0.049617775789436575,0.03972087184047221,-0.02215723989420647,855
spatial_aggregation_order,primary_ndvi_first,rolling_origin,AOI-00,landsat,2023;2024,2025,R2025-H2,2,AOI-00_b_6_4,0.05634117497995158,0.04782628706977992,-0.04187864788568106,213
spatial_aggregation_order,primary_ndvi_first,rolling_origin,AOI-00,landsat,2023;2024,2025,R2025-H2,2,AOI-00_b_7_1,0.03673470616926699,0.03240036513157196,0.024823275482619655,57
spatial_aggregation_order,primary_ndvi_first,rolling_origin,AOI-00,landsat,2023;2024,2025,R2025-H2,2,AOI-00_b_7_2,0.022634697498520418,0.018809142867451476,0.007081708653343952,102
spatial_aggregation_order,primary_ndvi_first,rolling_origin,AOI-00,landsat,2023;2024,2025,R2025-H2,2,AOI-00_b_7_3,0.04837608644449789,0.04215982322115557,-0.039057808370391654,339
spatial_aggregation_order,primary_ndvi_first,rolling_origin,AOI-00,landsat,2023;2024,2025,R2025-H2,2,AOI-00_b_7_4,0.046353327203979625,0.042395898724305686,-0.04225856663881244,63
spatial_aggregation_order,primary_ndvi_first,rolling_origin,AOI-00,landsat,2022;2023;2024,2025,R2025-H3,3,AOI-00_b_0_1,0.041220416534419956,0.03319815431217172,-0.012041274931513945,51
spatial_aggregation_order,primary_ndvi_first,rolling_origin,AOI-00,landsat,2022;2023;2024,2025,R2025-H3,3,AOI-00_b_0_2,0.03863320560115581,0.031415594988042014,-0.022653158715043063,186
spatial_aggregation_order,primary_ndvi_first,rolling_origin,AOI-00,landsat,2022;2023;2024,2025,R2025-H3,3,AOI-00_b_0_3,0.044552595240384116,0.035028557446396845,-0.025900795743734273,156
spatial_aggregation_order,primary_ndvi_first,rolling_origin,AOI-00,landsat,2022;2023;2024,2025,R2025-H3,3,AOI-00_b_0_4,0.023417925105237703,0.018849769906139655,0.0007879940553425526,57
spatial_aggregation_order,primary_ndvi_first,rolling_origin,AOI-00,landsat,2022;2023;2024,2025,R2025-H3,3,AOI-00_b_1_1,0.04431056298321951,0.03635397129781711,0.004237533473469851,403
spatial_aggregation_order,primary_ndvi_first,rolling_origin,AOI-00,landsat,2022;2023;2024,2025,R2025-H3,3,AOI-00_b_1_2,0.03593787091535498,0.027743062109633024,-0.00980250360161263,861
spatial_aggregation_order,primary_ndvi_first,rolling_origin,AOI-00,landsat,2022;2023;2024,2025,R2025-H3,3,AOI-00_b_1_3,0.041473246253920654,0.031388760795884076,-0.020177691702069917,900
spatial_aggregation_order,primary_ndvi_first,rolling_origin,AOI-00,landsat,2022;2023;2024,2025,R2025-H3,3,AOI-00_b_1_4,0.048470052531199515,0.039200982210505914,-0.025300143224207636,834
spatial_aggregation_order,primary_ndvi_first,rolling_origin,AOI-00,landsat,2022;2023;2024,2025,R2025-H3,3,AOI-00_b_1_5,0.030882000281762,0.02813254032247285,-0.011820936458327607,12
spatial_aggregation_order,primary_ndvi_first,rolling_origin,AOI-00,landsat,2022;2023;2024,2025,R2025-H3,3,AOI-00_b_2_1,0.04361578631722993,0.0351555851449756,0.014078838673927858,474
spatial_aggregation_order,primary_ndvi_first,rolling_origin,AOI-00,landsat,2022;2023;2024,2025,R2025-H3,3,AOI-00_b_2_2,0.0398392662363838,0.032659913281874696,0.008117999659401905,894
spatial_aggregation_order,primary_ndvi_first,rolling_origin,AOI-00,landsat,2022;2023;2024,2025,R2025-H3,3,AOI-00_b_2_3,0.05280674988955178,0.042476697887520544,-0.03379624376272795,855
spatial_aggregation_order,primary_ndvi_first,rolling_origin,AOI-00,landsat,2022;2023;2024,2025,R2025-H3,3,AOI-00_b_2_4,0.0677244118583207,0.056005485844664374,-0.05146355122307368,855
spatial_aggregation_order,primary_ndvi_first,rolling_origin,AOI-00,landsat,2022;2023;2024,2025,R2025-H3,3,AOI-00_b_2_5,0.051015775442516,0.043827106333931116,-0.04112667606168028,258
spatial_aggregation_order,primary_ndvi_first,rolling_origin,AOI-00,landsat,2022;2023;2024,2025,R2025-H3,3,AOI-00_b_3_0,0.044168398155346934,0.03607299427624982,0.0047201640648728786,45
spatial_aggregation_order,primary_ndvi_first,rolling_origin,AOI-00,landsat,2022;2023;2024,2025,R2025-H3,3,AOI-00_b_3_1,0.031149927646362617,0.025313875044581664,0.018509216009990618,603
spatial_aggregation_order,primary_ndvi_first,rolling_origin,AOI-00,landsat,2022;2023;2024,2025,R2025-H3,3,AOI-00_b_3_2,0.052867139335559074,0.04580716974044324,0.019936363112052,855
spatial_aggregation_order,primary_ndvi_first,rolling_origin,AOI-00,landsat,2022;2023;2024,2025,R2025-H3,3,AOI-00_b_3_3,0.054342628342076864,0.04352955470602042,-0.028296706295411835,855
spatial_aggregation_order,primary_ndvi_first,rolling_origin,AOI-00,landsat,2022;2023;2024,2025,R2025-H3,3,AOI-00_b_3_4,0.06381361824235694,0.05536426868397285,-0.05290866736441555,849
spatial_aggregation_order,primary_ndvi_first,rolling_origin,AOI-00,landsat,2022;2023;2024,2025,R2025-H3,3,AOI-00_b_3_5,0.06625303888987882,0.05440702344690594,-0.04822397434056047,228
spatial_aggregation_order,primary_ndvi_first,rolling_origin,AOI-00,landsat,2022;2023;2024,2025,R2025-H3,3,AOI-00_b_4_0,0.028095023991597707,0.024354126556214724,0.009949549250301159,78
spatial_aggregation_order,primary_ndvi_first,rolling_origin,AOI-00,landsat,2022;2023;2024,2025,R2025-H3,3,AOI-00_b_4_1,0.03684861896696817,0.032247412877228626,0.024411550332988346,894
spatial_aggregation_order,primary_ndvi_first,rolling_origin,AOI-00,landsat,2022;2023;2024,2025,R2025-H3,3,AOI-00_b_4_2,0.04414524875435279,0.03869636976774834,0.014114243897237675,855
spatial_aggregation_order,primary_ndvi_first,rolling_origin,AOI-00,landsat,2022;2023;2024,2025,R2025-H3,3,AOI-00_b_4_3,0.06559918371707109,0.056653625342753186,-0.055448313555046695,855
spatial_aggregation_order,primary_ndvi_first,rolling_origin,AOI-00,landsat,2022;2023;2024,2025,R2025-H3,3,AOI-00_b_4_4,0.055017479561179305,0.046882802136605915,-0.03651469623597664,639
spatial_aggregation_order,primary_ndvi_first,rolling_origin,AOI-00,landsat,2022;2023;2024,2025,R2025-H3,3,AOI-00_b_5_0,0.03306568005148269,0.03207079926312273,0.03207079926312273,3
spatial_aggregation_order,primary_ndvi_first,rolling_origin,AOI-00,landsat,2022;2023;2024,2025,R2025-H3,3,AOI-00_b_5_1,0.04708024766031883,0.03832810544019714,0.009051137649525762,858
spatial_aggregation_order,primary_ndvi_first,rolling_origin,AOI-00,landsat,2022;2023;2024,2025,R2025-H3,3,AOI-00_b_5_2,0.04995719439776214,0.04009816735917892,-0.003982418074903835,870
spatial_aggregation_order,primary_ndvi_first,rolling_origin,AOI-00,landsat,2022;2023;2024,2025,R2025-H3,3,AOI-00_b_5_3,0.06886695876484229,0.05817541210440059,-0.05077573035412665,855
spatial_aggregation_order,primary_ndvi_first,rolling_origin,AOI-00,landsat,2022;2023;2024,2025,R2025-H3,3,AOI-00_b_5_4,0.04634202993811052,0.035927021095692416,-0.023272806537630076,684
spatial_aggregation_order,primary_ndvi_first,rolling_origin,AOI-00,landsat,2022;2023;2024,2025,R2025-H3,3,AOI-00_b_6_0,0.029525253568775712,0.02302668301194966,0.00562790645045607,63
spatial_aggregation_order,primary_ndvi_first,rolling_origin,AOI-00,landsat,2022;2023;2024,2025,R2025-H3,3,AOI-00_b_6_1,0.036749213976150386,0.03052275854890855,0.017140300248500058,825
spatial_aggregation_order,primary_ndvi_first,rolling_origin,AOI-00,landsat,2022;2023;2024,2025,R2025-H3,3,AOI-00_b_6_2,0.03054902970504211,0.025261643582749668,0.020271439173410802,912
spatial_aggregation_order,primary_ndvi_first,rolling_origin,AOI-00,landsat,2022;2023;2024,2025,R2025-H3,3,AOI-00_b_6_3,0.049766463601957286,0.03946319425737143,-0.021868404218779083,855
spatial_aggregation_order,primary_ndvi_first,rolling_origin,AOI-00,landsat,2022;2023;2024,2025,R2025-H3,3,AOI-00_b_6_4,0.0558925041444519,0.046797889017020845,-0.04170773487257226,213
spatial_aggregation_order,primary_ndvi_first,rolling_origin,AOI-00,landsat,2022;2023;2024,2025,R2025-H3,3,AOI-00_b_7_1,0.037733935979538655,0.03336698273160341,0.02638782626113644,57
spatial_aggregation_order,primary_ndvi_first,rolling_origin,AOI-00,landsat,2022;2023;2024,2025,R2025-H3,3,AOI-00_b_7_2,0.023119072515653916,0.01916616415758995,0.00838002607414393,102
spatial_aggregation_order,primary_ndvi_first,rolling_origin,AOI-00,landsat,2022;2023;2024,2025,R2025-H3,3,AOI-00_b_7_3,0.04741344318007663,0.040965314852846074,-0.03747074242208673,339
spatial_aggregation_order,primary_ndvi_first,rolling_origin,AOI-00,landsat,2022;2023;2024,2025,R2025-H3,3,AOI-00_b_7_4,0.04441217561635223,0.04039598597918577,-0.04012226178368214,63
spatial_aggregation_order,primary_ndvi_first,rolling_origin,AOI-00,modis,2023,2024,R2024-H1,1,AOI-00_b_0_1,0.036651874072763664,0.029660471097110706,0.020526373242211536,51
spatial_aggregation_order,primary_ndvi_first,rolling_origin,AOI-00,modis,2023,2024,R2024-H1,1,AOI-00_b_0_2,0.03796220308043996,0.02846905984457375,0.021810465863144998,186
spatial_aggregation_order,primary_ndvi_first,rolling_origin,AOI-00,modis,2023,2024,R2024-H1,1,AOI-00_b_0_3,0.04495399926751194,0.03829264328869412,0.0346777244875206,156
spatial_aggregation_order,primary_ndvi_first,rolling_origin,AOI-00,modis,2023,2024,R2024-H1,1,AOI-00_b_0_4,0.04771671122601415,0.04099676363389642,0.040760514627722594,57
spatial_aggregation_order,primary_ndvi_first,rolling_origin,AOI-00,modis,2023,2024,R2024-H1,1,AOI-00_b_1_1,0.041009553809903294,0.03353095821201631,0.027107807740375363,408
spatial_aggregation_order,primary_ndvi_first,rolling_origin,AOI-00,modis,2023,2024,R2024-H1,1,AOI-00_b_1_2,0.05351922410045363,0.045960627012976735,0.04205775140557169,861
spatial_aggregation_order,primary_ndvi_first,rolling_origin,AOI-00,modis,2023,2024,R2024-H1,1,AOI-00_b_1_3,0.04047088816665483,0.03390989434597321,0.02937867540333989,900
spatial_aggregation_order,primary_ndvi_first,rolling_origin,AOI-00,modis,2023,2024,R2024-H1,1,AOI-00_b_1_4,0.03346367957655514,0.02650934408053464,0.013544790247763295,834
spatial_aggregation_order,primary_ndvi_first,rolling_origin,AOI-00,modis,2023,2024,R2024-H1,1,AOI-00_b_1_5,0.019770351687295507,0.017192229874891152,-0.0064877307779591204,12
spatial_aggregation_order,primary_ndvi_first,rolling_origin,AOI-00,modis,2023,2024,R2024-H1,1,AOI-00_b_2_1,0.04039086122686907,0.032838645045642816,0.019089923432067536,474
spatial_aggregation_order,primary_ndvi_first,rolling_origin,AOI-00,modis,2023,2024,R2024-H1,1,AOI-00_b_2_2,0.048857931689575786,0.04137086925054951,0.03639259050646685,894
spatial_aggregation_order,primary_ndvi_first,rolling_origin,AOI-00,modis,2023,2024,R2024-H1,1,AOI-00_b_2_3,0.026736320275447374,0.021806058059289174,0.014279126602851341,855
spatial_aggregation_order,primary_ndvi_first,rolling_origin,AOI-00,modis,2023,2024,R2024-H1,1,AOI-00_b_2_4,0.029533042138658993,0.022972916897164016,-0.008125419744623564,855
spatial_aggregation_order,primary_ndvi_first,rolling_origin,AOI-00,modis,2023,2024,R2024-H1,1,AOI-00_b_2_5,0.02880853265093899,0.0233006490808857,-0.016908456252556173,258
spatial_aggregation_order,primary_ndvi_first,rolling_origin,AOI-00,modis,2023,2024,R2024-H1,1,AOI-00_b_3_0,0.02442657818153788,0.021048174586446183,0.0026773061353676246,45
spatial_aggregation_order,primary_ndvi_first,rolling_origin,AOI-00,modis,2023,2024,R2024-H1,1,AOI-00_b_3_1,0.050489208886639964,0.04440763788716531,0.04089014811556748,603
spatial_aggregation_order,primary_ndvi_first,rolling_origin,AOI-00,modis,2023,2024,R2024-H1,1,AOI-00_b_3_2,0.056521698862844666,0.04832951830631052,0.04216866760264008,855
spatial_aggregation_order,primary_ndvi_first,rolling_origin,AOI-00,modis,2023,2024,R2024-H1,1,AOI-00_b_3_3,0.03710531087684649,0.029371214229224292,0.0029518294297640104,855
spatial_aggregation_order,primary_ndvi_first,rolling_origin,AOI-00,modis,2023,2024,R2024-H1,1,AOI-00_b_3_4,0.035600827116217836,0.02854929977972918,-0.020017684071564075,849
spatial_aggregation_order,primary_ndvi_first,rolling_origin,AOI-00,modis,2023,2024,R2024-H1,1,AOI-00_b_3_5,0.04386714447288303,0.03564175310837381,-0.02468503254542465,228
spatial_aggregation_order,primary_ndvi_first,rolling_origin,AOI-00,modis,2023,2024,R2024-H1,1,AOI-00_b_4_0,0.027609531621225047,0.022208015011354183,0.018101390226663457,78
spatial_aggregation_order,primary_ndvi_first,rolling_origin,AOI-00,modis,2023,2024,R2024-H1,1,AOI-00_b_4_1,0.047694034517031456,0.04194470380085039,0.03727091290837043,894
spatial_aggregation_order,primary_ndvi_first,rolling_origin,AOI-00,modis,2023,2024,R2024-H1,1,AOI-00_b_4_2,0.04426665806575202,0.037725134167610946,0.02757722776919264,855
spatial_aggregation_order,primary_ndvi_first,rolling_origin,AOI-00,modis,2023,2024,R2024-H1,1,AOI-00_b_4_3,0.03684103117830495,0.029982321764825973,0.0008386372338612517,855
spatial_aggregation_order,primary_ndvi_first,rolling_origin,AOI-00,modis,2023,2024,R2024-H1,1,AOI-00_b_4_4,0.04419202805523262,0.03569633588281884,-0.026299939230421746,639
spatial_aggregation_order,primary_ndvi_first,rolling_origin,AOI-00,modis,2023,2024,R2024-H1,1,AOI-00_b_5_0,0.0647401098488816,0.06409290892826856,0.06409290892826856,3
spatial_aggregation_order,primary_ndvi_first,rolling_origin,AOI-00,modis,2023,2024,R2024-H1,1,AOI-00_b_5_1,0.05707515990712045,0.049906218908927054,0.0370699734899332,858
spatial_aggregation_order,primary_ndvi_first,rolling_origin,AOI-00,modis,2023,2024,R2024-H1,1,AOI-00_b_5_2,0.05641200511315281,0.04751827940309832,0.033449633690117844,870
spatial_aggregation_order,primary_ndvi_first,rolling_origin,AOI-00,modis,2023,2024,R2024-H1,1,AOI-00_b_5_3,0.043028577592525846,0.034289306058015334,-0.0013439541900897882,855
spatial_aggregation_order,primary_ndvi_first,rolling_origin,AOI-00,modis,2023,2024,R2024-H1,1,AOI-00_b_5_4,0.0420069032385489,0.03099420428843297,-0.011868389910855079,684
spatial_aggregation_order,primary_ndvi_first,rolling_origin,AOI-00,modis,2023,2024,R2024-H1,1,AOI-00_b_6_0,0.0587185266064443,0.05109442880086585,0.049891185707423596,63
spatial_aggregation_order,primary_ndvi_first,rolling_origin,AOI-00,modis,2023,2024,R2024-H1,1,AOI-00_b_6_1,0.05903774676909383,0.051196757689448216,0.04596827175656696,825
spatial_aggregation_order,primary_ndvi_first,rolling_origin,AOI-00,modis,2023,2024,R2024-H1,1,AOI-00_b_6_2,0.05456058388016918,0.050044283986244865,0.048432394339231626,912
spatial_aggregation_order,primary_ndvi_first,rolling_origin,AOI-00,modis,2023,2024,R2024-H1,1,AOI-00_b_6_3,0.046707428587343086,0.03833708030221074,0.004207917446245362,855
spatial_aggregation_order,primary_ndvi_first,rolling_origin,AOI-00,modis,2023,2024,R2024-H1,1,AOI-00_b_6_4,0.060916119150139024,0.046331929404884356,-0.032765505097498974,213
spatial_aggregation_order,primary_ndvi_first,rolling_origin,AOI-00,modis,2023,2024,R2024-H1,1,AOI-00_b_7_1,0.06622190785378171,0.06288461109302361,0.06288461109302361,57
spatial_aggregation_order,primary_ndvi_first,rolling_origin,AOI-00,modis,2023,2024,R2024-H1,1,AOI-00_b_7_2,0.04149313723391496,0.0365325480913598,0.035321300730822215,102
spatial_aggregation_order,primary_ndvi_first,rolling_origin,AOI-00,modis,2023,2024,R2024-H1,1,AOI-00_b_7_3,0.04900390311290573,0.04079132259383935,-0.029346110656621675,339
spatial_aggregation_order,primary_ndvi_first,rolling_origin,AOI-00,modis,2023,2024,R2024-H1,1,AOI-00_b_7_4,0.046025389141621825,0.043287577826262545,-0.043287577826262545,63
spatial_aggregation_order,primary_ndvi_first,rolling_origin,AOI-00,modis,2022;2023,2024,R2024-H2,2,AOI-00_b_0_1,0.03474434252506435,0.028411965376977925,0.01581480055328426,51
spatial_aggregation_order,primary_ndvi_first,rolling_origin,AOI-00,modis,2022;2023,2024,R2024-H2,2,AOI-00_b_0_2,0.037310513492148784,0.028113498025342427,0.02084461428367852,186
spatial_aggregation_order,primary_ndvi_first,rolling_origin,AOI-00,modis,2022;2023,2024,R2024-H2,2,AOI-00_b_0_3,0.045219444493199076,0.03853129781017586,0.03497272902077854,156
spatial_aggregation_order,primary_ndvi_first,rolling_origin,AOI-00,modis,2022;2023,2024,R2024-H2,2,AOI-00_b_0_4,0.047775596719199544,0.041004280838042244,0.04078298820616443,57
spatial_aggregation_order,primary_ndvi_first,rolling_origin,AOI-00,modis,2022;2023,2024,R2024-H2,2,AOI-00_b_1_1,0.039025061777441986,0.03172858645657892,0.023438291232118456,408
spatial_aggregation_order,primary_ndvi_first,rolling_origin,AOI-00,modis,2022;2023,2024,R2024-H2,2,AOI-00_b_1_2,0.05335210411204742,0.045748255510630685,0.041193178640910925,861
spatial_aggregation_order,primary_ndvi_first,rolling_origin,AOI-00,modis,2022;2023,2024,R2024-H2,2,AOI-00_b_1_3,0.040207079799489835,0.03359392659053511,0.028731670160050335,900
spatial_aggregation_order,primary_ndvi_first,rolling_origin,AOI-00,modis,2022;2023,2024,R2024-H2,2,AOI-00_b_1_4,0.03358089612168782,0.026434499626777345,0.012617640781825467,834
spatial_aggregation_order,primary_ndvi_first,rolling_origin,AOI-00,modis,2022;2023,2024,R2024-H2,2,AOI-00_b_1_5,0.021487811948718707,0.01844566167892661,-0.008561253348677958,12
spatial_aggregation_order,primary_ndvi_first,rolling_origin,AOI-00,modis,2022;2023,2024,R2024-H2,2,AOI-00_b_2_1,0.03951453235357031,0.03227339239400928,0.0159206626871008,474
spatial_aggregation_order,primary_ndvi_first,rolling_origin,AOI-00,modis,2022;2023,2024,R2024-H2,2,AOI-00_b_2_2,0.04807885084434267,0.04059616047628354,0.03532196167172768,894
spatial_aggregation_order,primary_ndvi_first,rolling_origin,AOI-00,modis,2022;2023,2024,R2024-H2,2,AOI-00_b_2_3,0.02643541564648001,0.02153808496459763,0.013724035908937497,855
spatial_aggregation_order,primary_ndvi_first,rolling_origin,AOI-00,modis,2022;2023,2024,R2024-H2,2,AOI-00_b_2_4,0.03022578770166045,0.02342596971360749,-0.009101894881670305,855
spatial_aggregation_order,primary_ndvi_first,rolling_origin,AOI-00,modis,2022;2023,2024,R2024-H2,2,AOI-00_b_2_5,0.029171764083492993,0.02358655125179339,-0.01723268212916851,258
spatial_aggregation_order,primary_ndvi_first,rolling_origin,AOI-00,modis,2022;2023,2024,R2024-H2,2,AOI-00_b_3_0,0.024855249880681482,0.021688401952977884,-0.001327951317702674,45
spatial_aggregation_order,primary_ndvi_first,rolling_origin,AOI-00,modis,2022;2023,2024,R2024-H2,2,AOI-00_b_3_1,0.04952779329518483,0.04343627621091624,0.0393445320435527,603
spatial_aggregation_order,primary_ndvi_first,rolling_origin,AOI-00,modis,2022;2023,2024,R2024-H2,2,AOI-00_b_3_2,0.05537841839613818,0.04717367382701317,0.04028271199218349,855
spatial_aggregation_order,primary_ndvi_first,rolling_origin,AOI-00,modis,2022;2023,2024,R2024-H2,2,AOI-00_b_3_3,0.03758498165131687,0.029470384734224368,0.0019841280949345103,855
spatial_aggregation_order,primary_ndvi_first,rolling_origin,AOI-00,modis,2022;2023,2024,R2024-H2,2,AOI-00_b_3_4,0.0365172133181441,0.029313710234270488,-0.021273866259254946,849
spatial_aggregation_order,primary_ndvi_first,rolling_origin,AOI-00,modis,2022;2023,2024,R2024-H2,2,AOI-00_b_3_5,0.04502996646508673,0.03652278909117208,-0.026587241814681552,228
spatial_aggregation_order,primary_ndvi_first,rolling_origin,AOI-00,modis,2022;2023,2024,R2024-H2,2,AOI-00_b_4_0,0.02643795607182947,0.020975177124138645,0.015522939782659785,78
spatial_aggregation_order,primary_ndvi_first,rolling_origin,AOI-00,modis,2022;2023,2024,R2024-H2,2,AOI-00_b_4_1,0.04654395963447885,0.04065537102647672,0.03551848429788378,894
spatial_aggregation_order,primary_ndvi_first,rolling_origin,AOI-00,modis,2022;2023,2024,R2024-H2,2,AOI-00_b_4_2,0.04297680114814394,0.036332103740121,0.02519779089343454,855
spatial_aggregation_order,primary_ndvi_first,rolling_origin,AOI-00,modis,2022;2023,2024,R2024-H2,2,AOI-00_b_4_3,0.036770627020337,0.029908118379017204,0.00047124390445399725,855
spatial_aggregation_order,primary_ndvi_first,rolling_origin,AOI-00,modis,2022;2023,2024,R2024-H2,2,AOI-00_b_4_4,0.04519299081907174,0.03659157175404961,-0.02824119832812818,639
spatial_aggregation_order,primary_ndvi_first,rolling_origin,AOI-00,modis,2022;2023,2024,R2024-H2,2,AOI-00_b_5_0,0.06288173854485522,0.06226250190844146,0.06226250190844146,3
spatial_aggregation_order,primary_ndvi_first,rolling_origin,AOI-00,modis,2022;2023,2024,R2024-H2,2,AOI-00_b_5_1,0.055637725826862904,0.04854104475329253,0.03461655610351291,858
spatial_aggregation_order,primary_ndvi_first,rolling_origin,AOI-00,modis,2022;2023,2024,R2024-H2,2,AOI-00_b_5_2,0.054951876323100515,0.04616003818386416,0.030904882332871465,870
spatial_aggregation_order,primary_ndvi_first,rolling_origin,AOI-00,modis,2022;2023,2024,R2024-H2,2,AOI-00_b_5_3,0.04335763588044031,0.03464459809565893,-0.0036167955857320197,855
spatial_aggregation_order,primary_ndvi_first,rolling_origin,AOI-00,modis,2022;2023,2024,R2024-H2,2,AOI-00_b_5_4,0.043489060579567314,0.03197999066643323,-0.014270453553570537,684
spatial_aggregation_order,primary_ndvi_first,rolling_origin,AOI-00,modis,2022;2023,2024,R2024-H2,2,AOI-00_b_6_0,0.057369542645740616,0.04952041024615694,0.04809141480657606,63
spatial_aggregation_order,primary_ndvi_first,rolling_origin,AOI-00,modis,2022;2023,2024,R2024-H2,2,AOI-00_b_6_1,0.05744978298838207,0.04959328975567537,0.04348618340243996,825
spatial_aggregation_order,primary_ndvi_first,rolling_origin,AOI-00,modis,2022;2023,2024,R2024-H2,2,AOI-00_b_6_2,0.0520355603634237,0.047322467632263776,0.04537250513491165,912
spatial_aggregation_order,primary_ndvi_first,rolling_origin,AOI-00,modis,2022;2023,2024,R2024-H2,2,AOI-00_b_6_3,0.046973745775535244,0.03835857644629355,0.0012245558490248656,855
spatial_aggregation_order,primary_ndvi_first,rolling_origin,AOI-00,modis,2022;2023,2024,R2024-H2,2,AOI-00_b_6_4,0.06334697209024652,0.04852535681295578,-0.03616591740187926,213
spatial_aggregation_order,primary_ndvi_first,rolling_origin,AOI-00,modis,2022;2023,2024,R2024-H2,2,AOI-00_b_7_1,0.06462641863875004,0.061226796476625746,0.061226796476625746,57
spatial_aggregation_order,primary_ndvi_first,rolling_origin,AOI-00,modis,2022;2023,2024,R2024-H2,2,AOI-00_b_7_2,0.03973578463679998,0.034685505192181026,0.03334876065911382,102
spatial_aggregation_order,primary_ndvi_first,rolling_origin,AOI-00,modis,2022;2023,2024,R2024-H2,2,AOI-00_b_7_3,0.050647542627774954,0.04216825194583123,-0.03139176845099409,339
spatial_aggregation_order,primary_ndvi_first,rolling_origin,AOI-00,modis,2022;2023,2024,R2024-H2,2,AOI-00_b_7_4,0.04777965101413972,0.04508949729133166,-0.04508949729133166,63
spatial_aggregation_order,primary_ndvi_first,rolling_origin,AOI-00,modis,2021;2022;2023,2024,R2024-H3,3,AOI-00_b_0_1,0.03472084547817211,0.02833853785124437,0.016872417368673932,51
spatial_aggregation_order,primary_ndvi_first,rolling_origin,AOI-00,modis,2021;2022;2023,2024,R2024-H3,3,AOI-00_b_0_2,0.03591423421078847,0.026758165595357063,0.01799965563353985,186
spatial_aggregation_order,primary_ndvi_first,rolling_origin,AOI-00,modis,2021;2022;2023,2024,R2024-H3,3,AOI-00_b_0_3,0.04204397391734616,0.03541742663075226,0.030814115139167493,156
spatial_aggregation_order,primary_ndvi_first,rolling_origin,AOI-00,modis,2021;2022;2023,2024,R2024-H3,3,AOI-00_b_0_4,0.044469481092084595,0.03741545656146872,0.03690831767932584,57
spatial_aggregation_order,primary_ndvi_first,rolling_origin,AOI-00,modis,2021;2022;2023,2024,R2024-H3,3,AOI-00_b_1_1,0.03865693903188003,0.031181174763777297,0.023410215128696094,408
spatial_aggregation_order,primary_ndvi_first,rolling_origin,AOI-00,modis,2021;2022;2023,2024,R2024-H3,3,AOI-00_b_1_2,0.05055494042977029,0.04310421827122705,0.03824270006382408,861
spatial_aggregation_order,primary_ndvi_first,rolling_origin,AOI-00,modis,2021;2022;2023,2024,R2024-H3,3,AOI-00_b_1_3,0.03777775090753153,0.031327515458136425,0.025554513288934995,900
spatial_aggregation_order,primary_ndvi_first,rolling_origin,AOI-00,modis,2021;2022;2023,2024,R2024-H3,3,AOI-00_b_1_4,0.03209041441347495,0.024910294647705524,0.009732359343548758,834
spatial_aggregation_order,primary_ndvi_first,rolling_origin,AOI-00,modis,2021;2022;2023,2024,R2024-H3,3,AOI-00_b_1_5,0.021266903913386898,0.017781617629196517,-0.010252156609209362,12
spatial_aggregation_order,primary_ndvi_first,rolling_origin,AOI-00,modis,2021;2022;2023,2024,R2024-H3,3,AOI-00_b_2_1,0.03875495568112625,0.03150051182822944,0.015371382305182011,474
spatial_aggregation_order,primary_ndvi_first,rolling_origin,AOI-00,modis,2021;2022;2023,2024,R2024-H3,3,AOI-00_b_2_2,0.04609224939869254,0.038617003174363104,0.03258616788833252,894
spatial_aggregation_order,primary_ndvi_first,rolling_origin,AOI-00,modis,2021;2022;2023,2024,R2024-H3,3,AOI-00_b_2_3,0.02490372122446269,0.020073416385205246,0.010451115510630361,855
spatial_aggregation_order,primary_ndvi_first,rolling_origin,AOI-00,modis,2021;2022;2023,2024,R2024-H3,3,AOI-00_b_2_4,0.030784491794590488,0.023619696375886946,-0.011935785106275458,855
spatial_aggregation_order,primary_ndvi_first,rolling_origin,AOI-00,modis,2021;2022;2023,2024,R2024-H3,3,AOI-00_b_2_5,0.031209752303428387,0.025926419098431946,-0.020746134949811867,258
spatial_aggregation_order,primary_ndvi_first,rolling_origin,AOI-00,modis,2021;2022;2023,2024,R2024-H3,3,AOI-00_b_3_0,0.02427837456892747,0.02109810311179657,-0.0010062271194707854,45
spatial_aggregation_order,primary_ndvi_first,rolling_origin,AOI-00,modis,2021;2022;2023,2024,R2024-H3,3,AOI-00_b_3_1,0.04746249553455886,0.04143932653520624,0.03710361587770065,603
spatial_aggregation_order,primary_ndvi_first,rolling_origin,AOI-00,modis,2021;2022;2023,2024,R2024-H3,3,AOI-00_b_3_2,0.0537557502529367,0.04569715695370043,0.03839638729052708,855
spatial_aggregation_order,primary_ndvi_first,rolling_origin,AOI-00,modis,2021;2022;2023,2024,R2024-H3,3,AOI-00_b_3_3,0.03697655434413114,0.028962929173845593,-0.0008589033402070876,855
spatial_aggregation_order,primary_ndvi_first,rolling_origin,AOI-00,modis,2021;2022;2023,2024,R2024-H3,3,AOI-00_b_3_4,0.03786092852229878,0.0307484283042476,-0.02381633652986993,849
spatial_aggregation_order,primary_ndvi_first,rolling_origin,AOI-00,modis,2021;2022;2023,2024,R2024-H3,3,AOI-00_b_3_5,0.04609452959023631,0.0378266110183399,-0.028456632225661867,228
spatial_aggregation_order,primary_ndvi_first,rolling_origin,AOI-00,modis,2021;2022;2023,2024,R2024-H3,3,AOI-00_b_4_0,0.025294837799895938,0.020059103422221135,0.014358108558075133,78
spatial_aggregation_order,primary_ndvi_first,rolling_origin,AOI-00,modis,2021;2022;2023,2024,R2024-H3,3,AOI-00_b_4_1,0.04479506482897014,0.03898004628261535,0.03349304107169224,894
spatial_aggregation_order,primary_ndvi_first,rolling_origin,AOI-00,modis,2021;2022;2023,2024,R2024-H3,3,AOI-00_b_4_2,0.042026072872928665,0.03547072622964735,0.023825612286050703,855
spatial_aggregation_order,primary_ndvi_first,rolling_origin,AOI-00,modis,2021;2022;2023,2024,R2024-H3,3,AOI-00_b_4_3,0.036956628772000344,0.02988096896089431,-0.0029972337999797545,855
spatial_aggregation_order,primary_ndvi_first,rolling_origin,AOI-00,modis,2021;2022;2023,2024,R2024-H3,3,AOI-00_b_4_4,0.04654503918171546,0.03824603511204327,-0.030069903675275178,639
spatial_aggregation_order,primary_ndvi_first,rolling_origin,AOI-00,modis,2021;2022;2023,2024,R2024-H3,3,AOI-00_b_5_0,0.061007622608176666,0.060318302485042496,0.060318302485042496,3
spatial_aggregation_order,primary_ndvi_first,rolling_origin,AOI-00,modis,2021;2022;2023,2024,R2024-H3,3,AOI-00_b_5_1,0.05470992327724774,0.047751321247335186,0.03332145598579779,858
spatial_aggregation_order,primary_ndvi_first,rolling_origin,AOI-00,modis,2021;2022;2023,2024,R2024-H3,3,AOI-00_b_5_2,0.05427581470070471,0.045574792913094644,0.029704940851717654,870
spatial_aggregation_order,primary_ndvi_first,rolling_origin,AOI-00,modis,2021;2022;2023,2024,R2024-H3,3,AOI-00_b_5_3,0.04330460376122126,0.034944523870990694,-0.005100033423976826,855
spatial_aggregation_order,primary_ndvi_first,rolling_origin,AOI-00,modis,2021;2022;2023,2024,R2024-H3,3,AOI-00_b_5_4,0.04318923352145017,0.031900441690687335,-0.015619057884330054,684
spatial_aggregation_order,primary_ndvi_first,rolling_origin,AOI-00,modis,2021;2022;2023,2024,R2024-H3,3,AOI-00_b_6_0,0.055538624844189186,0.04766800946884713,0.04611529635802949,63
spatial_aggregation_order,primary_ndvi_first,rolling_origin,AOI-00,modis,2021;2022;2023,2024,R2024-H3,3,AOI-00_b_6_1,0.056156036686145785,0.04844278451280123,0.042220954866691404,825
spatial_aggregation_order,primary_ndvi_first,rolling_origin,AOI-00,modis,2021;2022;2023,2024,R2024-H3,3,AOI-00_b_6_2,0.051277293173126466,0.04662842088233991,0.04470927321237308,912
spatial_aggregation_order,primary_ndvi_first,rolling_origin,AOI-00,modis,2021;2022;2023,2024,R2024-H3,3,AOI-00_b_6_3,0.046501283432690096,0.03806103825522112,0.00048407049067152714,855
spatial_aggregation_order,primary_ndvi_first,rolling_origin,AOI-00,modis,2021;2022;2023,2024,R2024-H3,3,AOI-00_b_6_4,0.06294072392783784,0.04865393194839518,-0.03645479344097611,213
spatial_aggregation_order,primary_ndvi_first,rolling_origin,AOI-00,modis,2021;2022;2023,2024,R2024-H3,3,AOI-00_b_7_1,0.06264293294340531,0.059102777237635525,0.059102777237635525,57
spatial_aggregation_order,primary_ndvi_first,rolling_origin,AOI-00,modis,2021;2022;2023,2024,R2024-H3,3,AOI-00_b_7_2,0.03834032888012725,0.03304826368834686,0.03155264619583418,102
spatial_aggregation_order,primary_ndvi_first,rolling_origin,AOI-00,modis,2021;2022;2023,2024,R2024-H3,3,AOI-00_b_7_3,0.05133212206241952,0.04294183949189973,-0.03311170334237684,339
spatial_aggregation_order,primary_ndvi_first,rolling_origin,AOI-00,modis,2021;2022;2023,2024,R2024-H3,3,AOI-00_b_7_4,0.04959110846770812,0.04706337720321939,-0.04706337720321939,63
spatial_aggregation_order,primary_ndvi_first,rolling_origin,AOI-00,modis,2024,2025,R2025-H1,1,AOI-00_b_0_1,0.03037114033953447,0.024631338951948734,-0.011088226788806046,51
spatial_aggregation_order,primary_ndvi_first,rolling_origin,AOI-00,modis,2024,2025,R2025-H1,1,AOI-00_b_0_2,0.03496315046287291,0.03020622444788425,-0.027312500251362327,186
spatial_aggregation_order,primary_ndvi_first,rolling_origin,AOI-00,modis,2024,2025,R2025-H1,1,AOI-00_b_0_3,0.03798789970354262,0.030908237307732202,-0.023295479424803273,156
spatial_aggregation_order,primary_ndvi_first,rolling_origin,AOI-00,modis,2024,2025,R2025-H1,1,AOI-00_b_0_4,0.01538014656549059,0.011610885553333894,-0.001797037335344428,57
spatial_aggregation_order,primary_ndvi_first,rolling_origin,AOI-00,modis,2024,2025,R2025-H1,1,AOI-00_b_1_1,0.03181829524283971,0.025282984207227913,0.003883820816155138,408
spatial_aggregation_order,primary_ndvi_first,rolling_origin,AOI-00,modis,2024,2025,R2025-H1,1,AOI-00_b_1_2,0.02875653020728139,0.022659937290962922,-0.01333662723613629,861
spatial_aggregation_order,primary_ndvi_first,rolling_origin,AOI-00,modis,2024,2025,R2025-H1,1,AOI-00_b_1_3,0.03306602321661974,0.025985985588574945,-0.016822242172164936,900
spatial_aggregation_order,primary_ndvi_first,rolling_origin,AOI-00,modis,2024,2025,R2025-H1,1,AOI-00_b_1_4,0.0381959281023506,0.030249912641602632,-0.02482184339529404,834
spatial_aggregation_order,primary_ndvi_first,rolling_origin,AOI-00,modis,2024,2025,R2025-H1,1,AOI-00_b_1_5,0.026439966323714547,0.02039071279653375,-0.02039071279653375,12
spatial_aggregation_order,primary_ndvi_first,rolling_origin,AOI-00,modis,2024,2025,R2025-H1,1,AOI-00_b_2_1,0.032801155061968415,0.026138666097095434,-0.00407016125601213,474
spatial_aggregation_order,primary_ndvi_first,rolling_origin,AOI-00,modis,2024,2025,R2025-H1,1,AOI-00_b_2_2,0.0330798317193436,0.026047975874112648,0.0024399417321029856,894
spatial_aggregation_order,primary_ndvi_first,rolling_origin,AOI-00,modis,2024,2025,R2025-H1,1,AOI-00_b_2_3,0.037223826100885586,0.03011196598307883,-0.0210475038316953,855
spatial_aggregation_order,primary_ndvi_first,rolling_origin,AOI-00,modis,2024,2025,R2025-H1,1,AOI-00_b_2_4,0.06458279850595924,0.055247726620539936,-0.05322501210306843,855
spatial_aggregation_order,primary_ndvi_first,rolling_origin,AOI-00,modis,2024,2025,R2025-H1,1,AOI-00_b_2_5,0.05122297205534461,0.04289548145984339,-0.040156819994397686,258
spatial_aggregation_order,primary_ndvi_first,rolling_origin,AOI-00,modis,2024,2025,R2025-H1,1,AOI-00_b_3_0,0.027111764692276604,0.023026718538948145,-0.007745095593130696,45
spatial_aggregation_order,primary_ndvi_first,rolling_origin,AOI-00,modis,2024,2025,R2025-H1,1,AOI-00_b_3_1,0.02824301165953032,0.023442555200613228,0.0166772934336243,603
spatial_aggregation_order,primary_ndvi_first,rolling_origin,AOI-00,modis,2024,2025,R2025-H1,1,AOI-00_b_3_2,0.03881424825987542,0.032069717665531454,0.011303944729944369,855
spatial_aggregation_order,primary_ndvi_first,rolling_origin,AOI-00,modis,2024,2025,R2025-H1,1,AOI-00_b_3_3,0.0532019572731166,0.04148984429010765,-0.031221961071846254,855
spatial_aggregation_order,primary_ndvi_first,rolling_origin,AOI-00,modis,2024,2025,R2025-H1,1,AOI-00_b_3_4,0.055532723393883585,0.04605410618750425,-0.04051040102937767,849
spatial_aggregation_order,primary_ndvi_first,rolling_origin,AOI-00,modis,2024,2025,R2025-H1,1,AOI-00_b_3_5,0.055378247228417755,0.04383403145823809,-0.03904768742118204,228
spatial_aggregation_order,primary_ndvi_first,rolling_origin,AOI-00,modis,2024,2025,R2025-H1,1,AOI-00_b_4_0,0.021137322824861055,0.017723005923078308,-0.0006654521911284914,78
spatial_aggregation_order,primary_ndvi_first,rolling_origin,AOI-00,modis,2024,2025,R2025-H1,1,AOI-00_b_4_1,0.02948338236667223,0.025001884401535706,0.013111318160895846,894
spatial_aggregation_order,primary_ndvi_first,rolling_origin,AOI-00,modis,2024,2025,R2025-H1,1,AOI-00_b_4_2,0.029820686196798177,0.024778917657085356,0.006183238828300903,855
spatial_aggregation_order,primary_ndvi_first,rolling_origin,AOI-00,modis,2024,2025,R2025-H1,1,AOI-00_b_4_3,0.062281470948276574,0.052181876793015176,-0.0507575552868507,855
spatial_aggregation_order,primary_ndvi_first,rolling_origin,AOI-00,modis,2024,2025,R2025-H1,1,AOI-00_b_4_4,0.04875834801438058,0.04086883882089491,-0.036426254636549533,639
spatial_aggregation_order,primary_ndvi_first,rolling_origin,AOI-00,modis,2024,2025,R2025-H1,1,AOI-00_b_5_0,0.02099774743239952,0.013477051411693863,0.010601853304703387,3
spatial_aggregation_order,primary_ndvi_first,rolling_origin,AOI-00,modis,2024,2025,R2025-H1,1,AOI-00_b_5_1,0.039600804362165606,0.030668746474851925,-0.012861843064052485,858
spatial_aggregation_order,primary_ndvi_first,rolling_origin,AOI-00,modis,2024,2025,R2025-H1,1,AOI-00_b_5_2,0.04351034007022744,0.0351070664300601,-0.014590143908825622,870
spatial_aggregation_order,primary_ndvi_first,rolling_origin,AOI-00,modis,2024,2025,R2025-H1,1,AOI-00_b_5_3,0.06190735194244166,0.0516695826057091,-0.04290511030748051,855
spatial_aggregation_order,primary_ndvi_first,rolling_origin,AOI-00,modis,2024,2025,R2025-H1,1,AOI-00_b_5_4,0.04660917041744893,0.03586675781462944,-0.02701248769988612,684
spatial_aggregation_order,primary_ndvi_first,rolling_origin,AOI-00,modis,2024,2025,R2025-H1,1,AOI-00_b_6_0,0.02538565840223718,0.022121513753990556,0.0037735297313292674,63
spatial_aggregation_order,primary_ndvi_first,rolling_origin,AOI-00,modis,2024,2025,R2025-H1,1,AOI-00_b_6_1,0.029546088440282007,0.023272275101714843,-0.0013204860542113564,825
spatial_aggregation_order,primary_ndvi_first,rolling_origin,AOI-00,modis,2024,2025,R2025-H1,1,AOI-00_b_6_2,0.020295697964506688,0.01579679689900669,0.0023615050424064163,912
spatial_aggregation_order,primary_ndvi_first,rolling_origin,AOI-00,modis,2024,2025,R2025-H1,1,AOI-00_b_6_3,0.0465560901360252,0.03695083274141755,-0.028335739342993296,855
spatial_aggregation_order,primary_ndvi_first,rolling_origin,AOI-00,modis,2024,2025,R2025-H1,1,AOI-00_b_6_4,0.07182350114807814,0.05942599872176246,-0.05494756096029983,213
spatial_aggregation_order,primary_ndvi_first,rolling_origin,AOI-00,modis,2024,2025,R2025-H1,1,AOI-00_b_7_1,0.03730137930268294,0.03125189954826068,0.0134478537662382,57
spatial_aggregation_order,primary_ndvi_first,rolling_origin,AOI-00,modis,2024,2025,R2025-H1,1,AOI-00_b_7_2,0.022745232038878134,0.01786095696880432,-0.006751028393023243,102
spatial_aggregation_order,primary_ndvi_first,rolling_origin,AOI-00,modis,2024,2025,R2025-H1,1,AOI-00_b_7_3,0.051358354552636716,0.04687078151184168,-0.04599189366107228,339
spatial_aggregation_order,primary_ndvi_first,rolling_origin,AOI-00,modis,2024,2025,R2025-H1,1,AOI-00_b_7_4,0.06536042494810548,0.06231738357779183,-0.06231738357779183,63
spatial_aggregation_order,primary_ndvi_first,rolling_origin,AOI-00,modis,2023;2024,2025,R2025-H2,2,AOI-00_b_0_1,0.029253124557109926,0.023829066450635858,-0.005296722783728384,51
spatial_aggregation_order,primary_ndvi_first,rolling_origin,AOI-00,modis,2023;2024,2025,R2025-H2,2,AOI-00_b_0_2,0.028089612900163576,0.023565492684014745,-0.017929860860634746,186
spatial_aggregation_order,primary_ndvi_first,rolling_origin,AOI-00,modis,2023;2024,2025,R2025-H2,2,AOI-00_b_0_3,0.0324960638480908,0.026219870508681336,-0.012544658656510407,156
spatial_aggregation_order,primary_ndvi_first,rolling_origin,AOI-00,modis,2023;2024,2025,R2025-H2,2,AOI-00_b_0_4,0.017698378202092212,0.01411904598308325,0.008666369145946904,57
spatial_aggregation_order,primary_ndvi_first,rolling_origin,AOI-00,modis,2023;2024,2025,R2025-H2,2,AOI-00_b_1_1,0.03259542286071172,0.026008464087543585,0.010669651335975059,408
spatial_aggregation_order,primary_ndvi_first,rolling_origin,AOI-00,modis,2023;2024,2025,R2025-H2,2,AOI-00_b_1_2,0.026048678850534805,0.020417922977572056,-0.0036182956726093785,861
spatial_aggregation_order,primary_ndvi_first,rolling_origin,AOI-00,modis,2023;2024,2025,R2025-H2,2,AOI-00_b_1_3,0.029376166890150265,0.023792929981175544,-0.0066117258863727406,900
spatial_aggregation_order,primary_ndvi_first,rolling_origin,AOI-00,modis,2023;2024,2025,R2025-H2,2,AOI-00_b_1_4,0.032513622714749446,0.025042744624072542,-0.014664529273785216,834
spatial_aggregation_order,primary_ndvi_first,rolling_origin,AOI-00,modis,2023;2024,2025,R2025-H2,2,AOI-00_b_1_5,0.02105644728214344,0.015748532975894302,-0.01161977675482311,12
spatial_aggregation_order,primary_ndvi_first,rolling_origin,AOI-00,modis,2023;2024,2025,R2025-H2,2,AOI-00_b_2_1,0.0319006098903547,0.02498413023294128,0.0035450399397880562,474
spatial_aggregation_order,primary_ndvi_first,rolling_origin,AOI-00,modis,2023;2024,2025,R2025-H2,2,AOI-00_b_2_2,0.03523757610512331,0.027843650302830418,0.012450403553783353,894
spatial_aggregation_order,primary_ndvi_first,rolling_origin,AOI-00,modis,2023;2024,2025,R2025-H2,2,AOI-00_b_2_3,0.03241559011539754,0.026225132478565227,-0.010348609582034174,855
spatial_aggregation_order,primary_ndvi_first,rolling_origin,AOI-00,modis,2023;2024,2025,R2025-H2,2,AOI-00_b_2_4,0.056270074089449645,0.04719912788253975,-0.04301717818392827,855
spatial_aggregation_order,primary_ndvi_first,rolling_origin,AOI-00,modis,2023;2024,2025,R2025-H2,2,AOI-00_b_2_5,0.04324242566975918,0.03558636224168698,-0.029419108005179117,258
spatial_aggregation_order,primary_ndvi_first,rolling_origin,AOI-00,modis,2023;2024,2025,R2025-H2,2,AOI-00_b_3_0,0.025956595377183436,0.02161313454683306,-0.0007443180647481013,45
spatial_aggregation_order,primary_ndvi_first,rolling_origin,AOI-00,modis,2023;2024,2025,R2025-H2,2,AOI-00_b_3_1,0.03503606193899106,0.0305308229314128,0.026364991555572564,603
spatial_aggregation_order,primary_ndvi_first,rolling_origin,AOI-00,modis,2023;2024,2025,R2025-H2,2,AOI-00_b_3_2,0.04251727350653639,0.03570126865518388,0.0203740776793858,855
spatial_aggregation_order,primary_ndvi_first,rolling_origin,AOI-00,modis,2023;2024,2025,R2025-H2,2,AOI-00_b_3_3,0.04795638226638485,0.036761425636490416,-0.021018978954921812,855
spatial_aggregation_order,primary_ndvi_first,rolling_origin,AOI-00,modis,2023;2024,2025,R2025-H2,2,AOI-00_b_3_4,0.04863288749660103,0.04010702044714799,-0.030427755162644725,849
spatial_aggregation_order,primary_ndvi_first,rolling_origin,AOI-00,modis,2023;2024,2025,R2025-H2,2,AOI-00_b_3_5,0.04913223400427501,0.03721411234558099,-0.029530461469860606,228
spatial_aggregation_order,primary_ndvi_first,rolling_origin,AOI-00,modis,2023;2024,2025,R2025-H2,2,AOI-00_b_4_0,0.02319312816863854,0.018798784320265254,0.007962534570220713,78
spatial_aggregation_order,primary_ndvi_first,rolling_origin,AOI-00,modis,2023;2024,2025,R2025-H2,2,AOI-00_b_4_1,0.03489151547704357,0.030077110272000017,0.02250441165923106,894
spatial_aggregation_order,primary_ndvi_first,rolling_origin,AOI-00,modis,2023;2024,2025,R2025-H2,2,AOI-00_b_4_2,0.03274704238326249,0.02772424551888321,0.014918814458202683,855
spatial_aggregation_order,primary_ndvi_first,rolling_origin,AOI-00,modis,2023;2024,2025,R2025-H2,2,AOI-00_b_4_3,0.05356121276023932,0.04345803848107027,-0.039786961387972705,855
spatial_aggregation_order,primary_ndvi_first,rolling_origin,AOI-00,modis,2023;2024,2025,R2025-H2,2,AOI-00_b_4_4,0.04210702139796529,0.03403562777255568,-0.02699402728675181,639
spatial_aggregation_order,primary_ndvi_first,rolling_origin,AOI-00,modis,2023;2024,2025,R2025-H2,2,AOI-00_b_5_0,0.026955474410778182,0.02008215981977098,0.02008215981977098,3
spatial_aggregation_order,primary_ndvi_first,rolling_origin,AOI-00,modis,2023;2024,2025,R2025-H2,2,AOI-00_b_5_1,0.0376684280812195,0.029945473444881077,-0.004331343170292529,858
spatial_aggregation_order,primary_ndvi_first,rolling_origin,AOI-00,modis,2023;2024,2025,R2025-H2,2,AOI-00_b_5_2,0.04111871198503247,0.03381715935464242,-0.006423695178346657,870
spatial_aggregation_order,primary_ndvi_first,rolling_origin,AOI-00,modis,2023;2024,2025,R2025-H2,2,AOI-00_b_5_3,0.055193706574776305,0.04544583352902346,-0.03384860790760308,855
spatial_aggregation_order,primary_ndvi_first,rolling_origin,AOI-00,modis,2023;2024,2025,R2025-H2,2,AOI-00_b_5_4,0.042302878537233454,0.03193801814063947,-0.018146990325310093,684
spatial_aggregation_order,primary_ndvi_first,rolling_origin,AOI-00,modis,2023;2024,2025,R2025-H2,2,AOI-00_b_6_0,0.028811432271592552,0.024898076494701837,0.013137386122833918,63
spatial_aggregation_order,primary_ndvi_first,rolling_origin,AOI-00,modis,2023;2024,2025,R2025-H2,2,AOI-00_b_6_1,0.030622027507361056,0.024826850644623744,0.00715734104086933,825
spatial_aggregation_order,primary_ndvi_first,rolling_origin,AOI-00,modis,2023;2024,2025,R2025-H2,2,AOI-00_b_6_2,0.022692758969575066,0.017498139019443814,0.01000852677602451,912
spatial_aggregation_order,primary_ndvi_first,rolling_origin,AOI-00,modis,2023;2024,2025,R2025-H2,2,AOI-00_b_6_3,0.042092624631372595,0.03301652628890473,-0.02029708812057092,855
spatial_aggregation_order,primary_ndvi_first,rolling_origin,AOI-00,modis,2023;2024,2025,R2025-H2,2,AOI-00_b_6_4,0.06602262117372813,0.05222210250179495,-0.0471783851446657,213
spatial_aggregation_order,primary_ndvi_first,rolling_origin,AOI-00,modis,2023;2024,2025,R2025-H2,2,AOI-00_b_7_1,0.041500385163000475,0.03451885440613715,0.022515802531698367,57
spatial_aggregation_order,primary_ndvi_first,rolling_origin,AOI-00,modis,2023;2024,2025,R2025-H2,2,AOI-00_b_7_2,0.0218531858785284,0.016982735681948465,0.002018341861338571,102
spatial_aggregation_order,primary_ndvi_first,rolling_origin,AOI-00,modis,2023;2024,2025,R2025-H2,2,AOI-00_b_7_3,0.043141263809899015,0.03852527933517387,-0.036798564993425716,339
spatial_aggregation_order,primary_ndvi_first,rolling_origin,AOI-00,modis,2023;2024,2025,R2025-H2,2,AOI-00_b_7_4,0.056482537288851616,0.052938408062191425,-0.052938408062191425,63
spatial_aggregation_order,primary_ndvi_first,rolling_origin,AOI-00,modis,2022;2023;2024,2025,R2025-H3,3,AOI-00_b_0_1,0.029887793693528383,0.024241829983653596,-0.005882020109554254,51
spatial_aggregation_order,primary_ndvi_first,rolling_origin,AOI-00,modis,2022;2023;2024,2025,R2025-H3,3,AOI-00_b_0_2,0.026732322869098272,0.022366458837297716,-0.015849453556687286,186
spatial_aggregation_order,primary_ndvi_first,rolling_origin,AOI-00,modis,2022;2023;2024,2025,R2025-H3,3,AOI-00_b_0_3,0.031419710898728984,0.02528640198918535,-0.009448648474676639,156
spatial_aggregation_order,primary_ndvi_first,rolling_origin,AOI-00,modis,2022;2023;2024,2025,R2025-H3,3,AOI-00_b_0_4,0.019383069228041207,0.01587282205433117,0.011549031315732863,57
spatial_aggregation_order,primary_ndvi_first,rolling_origin,AOI-00,modis,2022;2023;2024,2025,R2025-H3,3,AOI-00_b_1_1,0.03232651007085552,0.025910752648179828,0.010822443920222325,408
spatial_aggregation_order,primary_ndvi_first,rolling_origin,AOI-00,modis,2022;2023;2024,2025,R2025-H3,3,AOI-00_b_1_2,0.02612776304642524,0.020588833329090842,-0.0012887036170132742,861
spatial_aggregation_order,primary_ndvi_first,rolling_origin,AOI-00,modis,2022;2023;2024,2025,R2025-H3,3,AOI-00_b_1_3,0.02902209999034779,0.023703263491351857,-0.00391678444904932,900
spatial_aggregation_order,primary_ndvi_first,rolling_origin,AOI-00,modis,2022;2023;2024,2025,R2025-H3,3,AOI-00_b_1_4,0.03143396574799173,0.024156468478403293,-0.012009079874609647,834
spatial_aggregation_order,primary_ndvi_first,rolling_origin,AOI-00,modis,2022;2023;2024,2025,R2025-H3,3,AOI-00_b_1_5,0.02070510426000026,0.016182467655112054,-0.00999343767009068,12
spatial_aggregation_order,primary_ndvi_first,rolling_origin,AOI-00,modis,2022;2023;2024,2025,R2025-H3,3,AOI-00_b_2_1,0.031567914996045325,0.0245697268566384,0.004313475492995319,474
spatial_aggregation_order,primary_ndvi_first,rolling_origin,AOI-00,modis,2022;2023;2024,2025,R2025-H3,3,AOI-00_b_2_2,0.03620857497438017,0.028707068646938776,0.01499684429316018,894
spatial_aggregation_order,primary_ndvi_first,rolling_origin,AOI-00,modis,2022;2023;2024,2025,R2025-H3,3,AOI-00_b_2_3,0.03159909694422293,0.025542348820286196,-0.007291144524864252,855
spatial_aggregation_order,primary_ndvi_first,rolling_origin,AOI-00,modis,2022;2023;2024,2025,R2025-H3,3,AOI-00_b_2_4,0.05411322740935264,0.04525657437800287,-0.040324227870980625,855
spatial_aggregation_order,primary_ndvi_first,rolling_origin,AOI-00,modis,2022;2023;2024,2025,R2025-H3,3,AOI-00_b_2_5,0.04115327719997942,0.03374990025517373,-0.026332828487694197,258
spatial_aggregation_order,primary_ndvi_first,rolling_origin,AOI-00,modis,2022;2023;2024,2025,R2025-H3,3,AOI-00_b_3_0,0.025968195357630522,0.021559703573402995,-0.00043197002676576744,45
spatial_aggregation_order,primary_ndvi_first,rolling_origin,AOI-00,modis,2022;2023;2024,2025,R2025-H3,3,AOI-00_b_3_1,0.03693964105014859,0.032482474640148556,0.028671844366257873,603
spatial_aggregation_order,primary_ndvi_first,rolling_origin,AOI-00,modis,2022;2023;2024,2025,R2025-H3,3,AOI-00_b_3_2,0.043567510458941854,0.036724591360858844,0.02222251103139056,855
spatial_aggregation_order,primary_ndvi_first,rolling_origin,AOI-00,modis,2022;2023;2024,2025,R2025-H3,3,AOI-00_b_3_3,0.046900617070428016,0.03572824019798544,-0.01832963014128853,855
spatial_aggregation_order,primary_ndvi_first,rolling_origin,AOI-00,modis,2022;2023;2024,2025,R2025-H3,3,AOI-00_b_3_4,0.04706329080704684,0.0387902132914173,-0.02782773210947898,849
spatial_aggregation_order,primary_ndvi_first,rolling_origin,AOI-00,modis,2022;2023;2024,2025,R2025-H3,3,AOI-00_b_3_5,0.04792260461558756,0.03586949830471502,-0.027350150380855663,228
spatial_aggregation_order,primary_ndvi_first,rolling_origin,AOI-00,modis,2022;2023;2024,2025,R2025-H3,3,AOI-00_b_4_0,0.024218497878490095,0.01943594957246316,0.00948276221175745,78
spatial_aggregation_order,primary_ndvi_first,rolling_origin,AOI-00,modis,2022;2023;2024,2025,R2025-H3,3,AOI-00_b_4_1,0.036418018956315516,0.03148277303024458,0.02459257906132497,894
spatial_aggregation_order,primary_ndvi_first,rolling_origin,AOI-00,modis,2022;2023;2024,2025,R2025-H3,3,AOI-00_b_4_2,0.03350971557380135,0.02837694149633877,0.01651890546166076,855
spatial_aggregation_order,primary_ndvi_first,rolling_origin,AOI-00,modis,2022;2023;2024,2025,R2025-H3,3,AOI-00_b_4_3,0.05108197764674537,0.04113505916080432,-0.03652781331553152,855
spatial_aggregation_order,primary_ndvi_first,rolling_origin,AOI-00,modis,2022;2023;2024,2025,R2025-H3,3,AOI-00_b_4_4,0.04087825148148533,0.03260328945696343,-0.02487681077405036,639
spatial_aggregation_order,primary_ndvi_first,rolling_origin,AOI-00,modis,2022;2023;2024,2025,R2025-H3,3,AOI-00_b_5_0,0.028528819800275364,0.022235065561557927,0.022235065561557927,3
spatial_aggregation_order,primary_ndvi_first,rolling_origin,AOI-00,modis,2022;2023;2024,2025,R2025-H3,3,AOI-00_b_5_1,0.037523136891350464,0.0299675399436454,-0.002883480161766617,858
spatial_aggregation_order,primary_ndvi_first,rolling_origin,AOI-00,modis,2022;2023;2024,2025,R2025-H3,3,AOI-00_b_5_2,0.04070008477364542,0.033524566458838646,-0.0052460678382698946,870
spatial_aggregation_order,primary_ndvi_first,rolling_origin,AOI-00,modis,2022;2023;2024,2025,R2025-H3,3,AOI-00_b_5_3,0.05354952629863843,0.04401887292212579,-0.032010292530883874,855
spatial_aggregation_order,primary_ndvi_first,rolling_origin,AOI-00,modis,2022;2023;2024,2025,R2025-H3,3,AOI-00_b_5_4,0.04187737047823108,0.03151910774104342,-0.016450458235929635,684
spatial_aggregation_order,primary_ndvi_first,rolling_origin,AOI-00,modis,2022;2023;2024,2025,R2025-H3,3,AOI-00_b_6_0,0.030160728556068623,0.026056073576802737,0.015203850781179747,63
spatial_aggregation_order,primary_ndvi_first,rolling_origin,AOI-00,modis,2022;2023;2024,2025,R2025-H3,3,AOI-00_b_6_1,0.03119548513991312,0.0254555958179686,0.008566104960047748,825
spatial_aggregation_order,primary_ndvi_first,rolling_origin,AOI-00,modis,2022;2023;2024,2025,R2025-H3,3,AOI-00_b_6_2,0.023205348889936014,0.017921614633274834,0.010800582757278574,912
spatial_aggregation_order,primary_ndvi_first,rolling_origin,AOI-00,modis,2022;2023;2024,2025,R2025-H3,3,AOI-00_b_6_3,0.041637711156394426,0.03259417515560404,-0.01921432504271642,855
spatial_aggregation_order,primary_ndvi_first,rolling_origin,AOI-00,modis,2022;2023;2024,2025,R2025-H3,3,AOI-00_b_6_4,0.06551303705855362,0.050938738395612075,-0.04629565402393429,213
spatial_aggregation_order,primary_ndvi_first,rolling_origin,AOI-00,modis,2022;2023;2024,2025,R2025-H3,3,AOI-00_b_7_1,0.042573932654216294,0.03542492869448369,0.024362614560994325,57
spatial_aggregation_order,primary_ndvi_first,rolling_origin,AOI-00,modis,2022;2023;2024,2025,R2025-H3,3,AOI-00_b_7_2,0.022107117601584035,0.017220250273174125,0.0036435186600146663,102
spatial_aggregation_order,primary_ndvi_first,rolling_origin,AOI-00,modis,2022;2023;2024,2025,R2025-H3,3,AOI-00_b_7_3,0.04138453495931936,0.03668492824013611,-0.03485868329399859,339
spatial_aggregation_order,primary_ndvi_first,rolling_origin,AOI-00,modis,2022;2023;2024,2025,R2025-H3,3,AOI-00_b_7_4,0.054537859126918886,0.05086072045768176,-0.05086072045768176,63
spatial_aggregation_order,primary_ndvi_first,rolling_origin,AOI-00,sentinel2,2023,2024,R2024-H1,1,AOI-00_b_0_1,0.058208229095498165,0.050710804691360384,0.04382227065742088,34
spatial_aggregation_order,primary_ndvi_first,rolling_origin,AOI-00,sentinel2,2023,2024,R2024-H1,1,AOI-00_b_0_2,0.034526803187446636,0.027823882504146094,0.0044599287173203266,124
spatial_aggregation_order,primary_ndvi_first,rolling_origin,AOI-00,sentinel2,2023,2024,R2024-H1,1,AOI-00_b_0_3,0.040209078212704835,0.02736344646686021,-0.022106692004197924,104
spatial_aggregation_order,primary_ndvi_first,rolling_origin,AOI-00,sentinel2,2023,2024,R2024-H1,1,AOI-00_b_0_4,0.01883219702413085,0.015037796952666046,-0.005634107524151835,38
spatial_aggregation_order,primary_ndvi_first,rolling_origin,AOI-00,sentinel2,2023,2024,R2024-H1,1,AOI-00_b_1_1,0.07593492774655357,0.05955013937848338,0.02436958561268828,265
spatial_aggregation_order,primary_ndvi_first,rolling_origin,AOI-00,sentinel2,2023,2024,R2024-H1,1,AOI-00_b_1_2,0.0376758624619911,0.029243243118547518,0.005711669135414667,580
spatial_aggregation_order,primary_ndvi_first,rolling_origin,AOI-00,sentinel2,2023,2024,R2024-H1,1,AOI-00_b_1_3,0.04415995744930846,0.03409243788743053,-0.0195905031730911,600
spatial_aggregation_order,primary_ndvi_first,rolling_origin,AOI-00,sentinel2,2023,2024,R2024-H1,1,AOI-00_b_1_4,0.0825960377420735,0.061518212421305084,-0.05043784677302468,543
spatial_aggregation_order,primary_ndvi_first,rolling_origin,AOI-00,sentinel2,2023,2024,R2024-H1,1,AOI-00_b_1_5,0.06759329598526294,0.05649916804942925,-0.052847197788182386,12
spatial_aggregation_order,primary_ndvi_first,rolling_origin,AOI-00,sentinel2,2023,2024,R2024-H1,1,AOI-00_b_2_1,0.06637836460814077,0.05229152021744524,-0.004049298113222025,382
spatial_aggregation_order,primary_ndvi_first,rolling_origin,AOI-00,sentinel2,2023,2024,R2024-H1,1,AOI-00_b_2_2,0.04968694112285624,0.0361869809486316,-0.022853482372633332,588
spatial_aggregation_order,primary_ndvi_first,rolling_origin,AOI-00,sentinel2,2023,2024,R2024-H1,1,AOI-00_b_2_3,0.04811155731788652,0.0370023437091843,-0.028968255238484602,472
spatial_aggregation_order,primary_ndvi_first,rolling_origin,AOI-00,sentinel2,2023,2024,R2024-H1,1,AOI-00_b_2_4,0.08979587685855125,0.07132431860960427,-0.06728277346466123,522
spatial_aggregation_order,primary_ndvi_first,rolling_origin,AOI-00,sentinel2,2023,2024,R2024-H1,1,AOI-00_b_2_5,0.07841167811985227,0.07010112907296501,-0.07004221469199753,176
spatial_aggregation_order,primary_ndvi_first,rolling_origin,AOI-00,sentinel2,2023,2024,R2024-H1,1,AOI-00_b_3_0,0.054193100790239215,0.04210752057079635,0.02429703396629617,45
spatial_aggregation_order,primary_ndvi_first,rolling_origin,AOI-00,sentinel2,2023,2024,R2024-H1,1,AOI-00_b_3_1,0.060468581463786274,0.05273195567357292,0.021217244597617698,533
spatial_aggregation_order,primary_ndvi_first,rolling_origin,AOI-00,sentinel2,2023,2024,R2024-H1,1,AOI-00_b_3_2,0.05845794549627042,0.049043697166178936,0.019558284477849113,758
spatial_aggregation_order,primary_ndvi_first,rolling_origin,AOI-00,sentinel2,2023,2024,R2024-H1,1,AOI-00_b_3_3,0.05235540304106759,0.03777624402652524,-0.018396803303098837,630
spatial_aggregation_order,primary_ndvi_first,rolling_origin,AOI-00,sentinel2,2023,2024,R2024-H1,1,AOI-00_b_3_4,0.04679712790774772,0.03842982423547443,-0.033092847263876964,566
spatial_aggregation_order,primary_ndvi_first,rolling_origin,AOI-00,sentinel2,2023,2024,R2024-H1,1,AOI-00_b_3_5,0.056954169375903106,0.04707109049795429,-0.03670937011857049,153
spatial_aggregation_order,primary_ndvi_first,rolling_origin,AOI-00,sentinel2,2023,2024,R2024-H1,1,AOI-00_b_4_0,0.04006748761531722,0.03404015475355953,0.02225566296830592,78
spatial_aggregation_order,primary_ndvi_first,rolling_origin,AOI-00,sentinel2,2023,2024,R2024-H1,1,AOI-00_b_4_1,0.05582701073428883,0.04784818664817161,0.029939145566887267,822
spatial_aggregation_order,primary_ndvi_first,rolling_origin,AOI-00,sentinel2,2023,2024,R2024-H1,1,AOI-00_b_4_2,0.05300930539003205,0.04437525590303185,0.015590496803124871,836
spatial_aggregation_order,primary_ndvi_first,rolling_origin,AOI-00,sentinel2,2023,2024,R2024-H1,1,AOI-00_b_4_3,0.06125260854617306,0.046039987893423874,-0.029924826568037816,737
spatial_aggregation_order,primary_ndvi_first,rolling_origin,AOI-00,sentinel2,2023,2024,R2024-H1,1,AOI-00_b_4_4,0.06243167339321091,0.04499701335482737,-0.026562073352839485,503
spatial_aggregation_order,primary_ndvi_first,rolling_origin,AOI-00,sentinel2,2023,2024,R2024-H1,1,AOI-00_b_5_0,0.08704377982305907,0.08648534217813503,0.08648534217813503,3
spatial_aggregation_order,primary_ndvi_first,rolling_origin,AOI-00,sentinel2,2023,2024,R2024-H1,1,AOI-00_b_5_1,0.07011671527229751,0.05980579678338443,0.03154210781499313,805
spatial_aggregation_order,primary_ndvi_first,rolling_origin,AOI-00,sentinel2,2023,2024,R2024-H1,1,AOI-00_b_5_2,0.06421157980271443,0.05290533299462943,0.014525624254047916,812
spatial_aggregation_order,primary_ndvi_first,rolling_origin,AOI-00,sentinel2,2023,2024,R2024-H1,1,AOI-00_b_5_3,0.07576314370079465,0.04994475864647392,-0.01575757494626435,652
spatial_aggregation_order,primary_ndvi_first,rolling_origin,AOI-00,sentinel2,2023,2024,R2024-H1,1,AOI-00_b_5_4,0.0644867742420814,0.040495596567756635,-0.010479020131122955,494
spatial_aggregation_order,primary_ndvi_first,rolling_origin,AOI-00,sentinel2,2023,2024,R2024-H1,1,AOI-00_b_6_0,0.10093716058985394,0.08470302307255895,0.014634881497799434,60
spatial_aggregation_order,primary_ndvi_first,rolling_origin,AOI-00,sentinel2,2023,2024,R2024-H1,1,AOI-00_b_6_1,0.07234092143347444,0.06414714301246142,0.057977426066380504,706
spatial_aggregation_order,primary_ndvi_first,rolling_origin,AOI-00,sentinel2,2023,2024,R2024-H1,1,AOI-00_b_6_2,0.07242282957029444,0.06673998844297888,0.06459946394968488,859
spatial_aggregation_order,primary_ndvi_first,rolling_origin,AOI-00,sentinel2,2023,2024,R2024-H1,1,AOI-00_b_6_3,0.05507233336404849,0.04389350372973202,0.014724808755367682,693
spatial_aggregation_order,primary_ndvi_first,rolling_origin,AOI-00,sentinel2,2023,2024,R2024-H1,1,AOI-00_b_6_4,0.04502019013568909,0.033197870431915896,0.0010090680391895287,151
spatial_aggregation_order,primary_ndvi_first,rolling_origin,AOI-00,sentinel2,2023,2024,R2024-H1,1,AOI-00_b_7_1,0.07262585072456196,0.06723294326914209,0.06723294326914209,47
spatial_aggregation_order,primary_ndvi_first,rolling_origin,AOI-00,sentinel2,2023,2024,R2024-H1,1,AOI-00_b_7_2,0.05031008647720445,0.04225336570133027,0.03748868072981288,94
spatial_aggregation_order,primary_ndvi_first,rolling_origin,AOI-00,sentinel2,2023,2024,R2024-H1,1,AOI-00_b_7_3,0.04882590852870652,0.034241836817013885,-0.01630387336933259,293
spatial_aggregation_order,primary_ndvi_first,rolling_origin,AOI-00,sentinel2,2023,2024,R2024-H1,1,AOI-00_b_7_4,0.03463738415023271,0.028432718034463293,-0.02239164997060821,49
spatial_aggregation_order,primary_ndvi_first,rolling_origin,AOI-00,sentinel2,2022;2023,2024,R2024-H2,2,AOI-00_b_0_1,0.05985649768285967,0.05211448524363148,0.046561932826413716,34
spatial_aggregation_order,primary_ndvi_first,rolling_origin,AOI-00,sentinel2,2022;2023,2024,R2024-H2,2,AOI-00_b_0_2,0.034750792747565706,0.02784129746212369,0.004462118005567777,124
spatial_aggregation_order,primary_ndvi_first,rolling_origin,AOI-00,sentinel2,2022;2023,2024,R2024-H2,2,AOI-00_b_0_3,0.040076463652708824,0.027537472419703193,-0.022544475698438846,104
spatial_aggregation_order,primary_ndvi_first,rolling_origin,AOI-00,sentinel2,2022;2023,2024,R2024-H2,2,AOI-00_b_0_4,0.01888938263712183,0.015152517925759673,-0.006045711324971132,38
spatial_aggregation_order,primary_ndvi_first,rolling_origin,AOI-00,sentinel2,2022;2023,2024,R2024-H2,2,AOI-00_b_1_1,0.07662801080500421,0.060232879822231626,0.026294428778603527,265
spatial_aggregation_order,primary_ndvi_first,rolling_origin,AOI-00,sentinel2,2022;2023,2024,R2024-H2,2,AOI-00_b_1_2,0.03732717329356919,0.028957922292889845,0.006046223852897679,580
spatial_aggregation_order,primary_ndvi_first,rolling_origin,AOI-00,sentinel2,2022;2023,2024,R2024-H2,2,AOI-00_b_1_3,0.04344415768300056,0.03356122516925242,-0.01920657676763068,600
spatial_aggregation_order,primary_ndvi_first,rolling_origin,AOI-00,sentinel2,2022;2023,2024,R2024-H2,2,AOI-00_b_1_4,0.08104221165802498,0.06048439226132889,-0.04948483425022753,543
spatial_aggregation_order,primary_ndvi_first,rolling_origin,AOI-00,sentinel2,2022;2023,2024,R2024-H2,2,AOI-00_b_1_5,0.06574384829816997,0.054912556779786494,-0.05110050971326111,12
spatial_aggregation_order,primary_ndvi_first,rolling_origin,AOI-00,sentinel2,2022;2023,2024,R2024-H2,2,AOI-00_b_2_1,0.06646349019939185,0.052330554059378455,-0.001767440071214002,382
spatial_aggregation_order,primary_ndvi_first,rolling_origin,AOI-00,sentinel2,2022;2023,2024,R2024-H2,2,AOI-00_b_2_2,0.04881201445986807,0.03556686674526737,-0.021753804866786033,588
spatial_aggregation_order,primary_ndvi_first,rolling_origin,AOI-00,sentinel2,2022;2023,2024,R2024-H2,2,AOI-00_b_2_3,0.04748060765390412,0.03660573609027427,-0.028649661774027557,472
spatial_aggregation_order,primary_ndvi_first,rolling_origin,AOI-00,sentinel2,2022;2023,2024,R2024-H2,2,AOI-00_b_2_4,0.08826628656310144,0.07023867627742172,-0.06621955625261625,522
spatial_aggregation_order,primary_ndvi_first,rolling_origin,AOI-00,sentinel2,2022;2023,2024,R2024-H2,2,AOI-00_b_2_5,0.07808785591180978,0.06993545458815122,-0.06987828398731825,176
spatial_aggregation_order,primary_ndvi_first,rolling_origin,AOI-00,sentinel2,2022;2023,2024,R2024-H2,2,AOI-00_b_3_0,0.05425727143691956,0.04225386864405817,0.02647289842743548,45
spatial_aggregation_order,primary_ndvi_first,rolling_origin,AOI-00,sentinel2,2022;2023,2024,R2024-H2,2,AOI-00_b_3_1,0.05983683952676313,0.05228879839806652,0.02196332011259011,533
spatial_aggregation_order,primary_ndvi_first,rolling_origin,AOI-00,sentinel2,2022;2023,2024,R2024-H2,2,AOI-00_b_3_2,0.05819408451211763,0.048892290323618845,0.020686268641513503,758
spatial_aggregation_order,primary_ndvi_first,rolling_origin,AOI-00,sentinel2,2022;2023,2024,R2024-H2,2,AOI-00_b_3_3,0.05173175055139432,0.03755528727078009,-0.01822153275395682,630
spatial_aggregation_order,primary_ndvi_first,rolling_origin,AOI-00,sentinel2,2022;2023,2024,R2024-H2,2,AOI-00_b_3_4,0.04633607282062615,0.038183211422075626,-0.03291274376074775,566
spatial_aggregation_order,primary_ndvi_first,rolling_origin,AOI-00,sentinel2,2022;2023,2024,R2024-H2,2,AOI-00_b_3_5,0.05598729833957924,0.046480608568680255,-0.03583021811559573,153
spatial_aggregation_order,primary_ndvi_first,rolling_origin,AOI-00,sentinel2,2022;2023,2024,R2024-H2,2,AOI-00_b_4_0,0.0400800757750654,0.03401783670531804,0.02345749784206804,78
spatial_aggregation_order,primary_ndvi_first,rolling_origin,AOI-00,sentinel2,2022;2023,2024,R2024-H2,2,AOI-00_b_4_1,0.0556162455155244,0.047678333686778235,0.030618365910776667,822
spatial_aggregation_order,primary_ndvi_first,rolling_origin,AOI-00,sentinel2,2022;2023,2024,R2024-H2,2,AOI-00_b_4_2,0.052853336629641895,0.044410224465624794,0.01692841061507442,836
spatial_aggregation_order,primary_ndvi_first,rolling_origin,AOI-00,sentinel2,2022;2023,2024,R2024-H2,2,AOI-00_b_4_3,0.06073051904964591,0.045847355109294635,-0.030068381057224938,737
spatial_aggregation_order,primary_ndvi_first,rolling_origin,AOI-00,sentinel2,2022;2023,2024,R2024-H2,2,AOI-00_b_4_4,0.0617297965700993,0.04474754529568969,-0.025908748924172546,503
spatial_aggregation_order,primary_ndvi_first,rolling_origin,AOI-00,sentinel2,2022;2023,2024,R2024-H2,2,AOI-00_b_5_0,0.08720106367565368,0.0866268305988983,0.0866268305988983,3
spatial_aggregation_order,primary_ndvi_first,rolling_origin,AOI-00,sentinel2,2022;2023,2024,R2024-H2,2,AOI-00_b_5_1,0.07008416691965418,0.05979219769358346,0.0328213377085314,805
spatial_aggregation_order,primary_ndvi_first,rolling_origin,AOI-00,sentinel2,2022;2023,2024,R2024-H2,2,AOI-00_b_5_2,0.06408742739057312,0.05303556206592072,0.016148855395459735,812
spatial_aggregation_order,primary_ndvi_first,rolling_origin,AOI-00,sentinel2,2022;2023,2024,R2024-H2,2,AOI-00_b_5_3,0.07505196870465104,0.04988157895760803,-0.014551696249433463,652
spatial_aggregation_order,primary_ndvi_first,rolling_origin,AOI-00,sentinel2,2022;2023,2024,R2024-H2,2,AOI-00_b_5_4,0.0635653819040655,0.0402861070903413,-0.0093730865556433,494
spatial_aggregation_order,primary_ndvi_first,rolling_origin,AOI-00,sentinel2,2022;2023,2024,R2024-H2,2,AOI-00_b_6_0,0.09931553419019994,0.0837659032754461,0.01592109842783914,60
spatial_aggregation_order,primary_ndvi_first,rolling_origin,AOI-00,sentinel2,2022;2023,2024,R2024-H2,2,AOI-00_b_6_1,0.07294575063238745,0.06483254811127498,0.059007199783734275,706
spatial_aggregation_order,primary_ndvi_first,rolling_origin,AOI-00,sentinel2,2022;2023,2024,R2024-H2,2,AOI-00_b_6_2,0.07353098857938298,0.06795382454695972,0.06601979830061486,859
spatial_aggregation_order,primary_ndvi_first,rolling_origin,AOI-00,sentinel2,2022;2023,2024,R2024-H2,2,AOI-00_b_6_3,0.054873006463160685,0.04381722227271251,0.016130608535638864,693
spatial_aggregation_order,primary_ndvi_first,rolling_origin,AOI-00,sentinel2,2022;2023,2024,R2024-H2,2,AOI-00_b_6_4,0.045585722358680233,0.03339380934588348,0.0025323862573045884,151
spatial_aggregation_order,primary_ndvi_first,rolling_origin,AOI-00,sentinel2,2022;2023,2024,R2024-H2,2,AOI-00_b_7_1,0.0729921711051282,0.06768901247931047,0.06768901247931047,47
spatial_aggregation_order,primary_ndvi_first,rolling_origin,AOI-00,sentinel2,2022;2023,2024,R2024-H2,2,AOI-00_b_7_2,0.05078591738414859,0.042638592782523584,0.038206869817370454,94
spatial_aggregation_order,primary_ndvi_first,rolling_origin,AOI-00,sentinel2,2022;2023,2024,R2024-H2,2,AOI-00_b_7_3,0.04761726233618702,0.03354657300362425,-0.01570812807881112,293
spatial_aggregation_order,primary_ndvi_first,rolling_origin,AOI-00,sentinel2,2022;2023,2024,R2024-H2,2,AOI-00_b_7_4,0.034339418480516255,0.028270971877724888,-0.022158855689713472,49
spatial_aggregation_order,primary_ndvi_first,rolling_origin,AOI-00,sentinel2,2021;2022;2023,2024,R2024-H3,3,AOI-00_b_0_1,0.0681544902084765,0.06074334344660204,0.05709478423010878,34
spatial_aggregation_order,primary_ndvi_first,rolling_origin,AOI-00,sentinel2,2021;2022;2023,2024,R2024-H3,3,AOI-00_b_0_2,0.03702523409710015,0.029441529029431944,0.013049855958186283,124
spatial_aggregation_order,primary_ndvi_first,rolling_origin,AOI-00,sentinel2,2021;2022;2023,2024,R2024-H3,3,AOI-00_b_0_3,0.03578749444326356,0.024736917862504856,-0.01426936088534723,104
spatial_aggregation_order,primary_ndvi_first,rolling_origin,AOI-00,sentinel2,2021;2022;2023,2024,R2024-H3,3,AOI-00_b_0_4,0.01798723645139147,0.014434446642708406,0.0022480056314331458,38
spatial_aggregation_order,primary_ndvi_first,rolling_origin,AOI-00,sentinel2,2021;2022;2023,2024,R2024-H3,3,AOI-00_b_1_1,0.0806711068798018,0.06477175224276752,0.03624830991587994,265
spatial_aggregation_order,primary_ndvi_first,rolling_origin,AOI-00,sentinel2,2021;2022;2023,2024,R2024-H3,3,AOI-00_b_1_2,0.03948292620158908,0.030786069752502646,0.014870124315700737,580
spatial_aggregation_order,primary_ndvi_first,rolling_origin,AOI-00,sentinel2,2021;2022;2023,2024,R2024-H3,3,AOI-00_b_1_3,0.039907512405861156,0.03079639630431835,-0.01034759521413896,600
spatial_aggregation_order,primary_ndvi_first,rolling_origin,AOI-00,sentinel2,2021;2022;2023,2024,R2024-H3,3,AOI-00_b_1_4,0.07501301769666278,0.05577874259004045,-0.04022148812040027,543
spatial_aggregation_order,primary_ndvi_first,rolling_origin,AOI-00,sentinel2,2021;2022;2023,2024,R2024-H3,3,AOI-00_b_1_5,0.05804931098350115,0.04810300491016695,-0.041273216812276504,12
spatial_aggregation_order,primary_ndvi_first,rolling_origin,AOI-00,sentinel2,2021;2022;2023,2024,R2024-H3,3,AOI-00_b_2_1,0.06715096260401021,0.052601303597115553,0.008440118259581632,382
spatial_aggregation_order,primary_ndvi_first,rolling_origin,AOI-00,sentinel2,2021;2022;2023,2024,R2024-H3,3,AOI-00_b_2_2,0.04513752982283799,0.03313403700052847,-0.012386245820973633,588
spatial_aggregation_order,primary_ndvi_first,rolling_origin,AOI-00,sentinel2,2021;2022;2023,2024,R2024-H3,3,AOI-00_b_2_3,0.04240560256973525,0.03244546144191551,-0.01983710259178119,472
spatial_aggregation_order,primary_ndvi_first,rolling_origin,AOI-00,sentinel2,2021;2022;2023,2024,R2024-H3,3,AOI-00_b_2_4,0.08094284895127396,0.06326116188382333,-0.05687790409647716,522
spatial_aggregation_order,primary_ndvi_first,rolling_origin,AOI-00,sentinel2,2021;2022;2023,2024,R2024-H3,3,AOI-00_b_2_5,0.07027359513972432,0.06136866430509246,-0.06117562054743352,176
spatial_aggregation_order,primary_ndvi_first,rolling_origin,AOI-00,sentinel2,2021;2022;2023,2024,R2024-H3,3,AOI-00_b_3_0,0.05925974200187838,0.046027837145826825,0.036605142938201815,45
spatial_aggregation_order,primary_ndvi_first,rolling_origin,AOI-00,sentinel2,2021;2022;2023,2024,R2024-H3,3,AOI-00_b_3_1,0.06315469859776454,0.05630386888479075,0.03107962699308758,533
spatial_aggregation_order,primary_ndvi_first,rolling_origin,AOI-00,sentinel2,2021;2022;2023,2024,R2024-H3,3,AOI-00_b_3_2,0.06172993861919457,0.05246183741626743,0.030073941004707897,758
spatial_aggregation_order,primary_ndvi_first,rolling_origin,AOI-00,sentinel2,2021;2022;2023,2024,R2024-H3,3,AOI-00_b_3_3,0.04900037821707865,0.03601854089789255,-0.009538069500660855,630
spatial_aggregation_order,primary_ndvi_first,rolling_origin,AOI-00,sentinel2,2021;2022;2023,2024,R2024-H3,3,AOI-00_b_3_4,0.040381732238942064,0.03225419495610824,-0.024198588726543385,566
spatial_aggregation_order,primary_ndvi_first,rolling_origin,AOI-00,sentinel2,2021;2022;2023,2024,R2024-H3,3,AOI-00_b_3_5,0.05033001234733752,0.04107186363350417,-0.026619353634671956,153
spatial_aggregation_order,primary_ndvi_first,rolling_origin,AOI-00,sentinel2,2021;2022;2023,2024,R2024-H3,3,AOI-00_b_4_0,0.045839100863445476,0.03912196814533299,0.03289764488385853,78
spatial_aggregation_order,primary_ndvi_first,rolling_origin,AOI-00,sentinel2,2021;2022;2023,2024,R2024-H3,3,AOI-00_b_4_1,0.06071051650907282,0.05241447409323002,0.03968716879828037,822
spatial_aggregation_order,primary_ndvi_first,rolling_origin,AOI-00,sentinel2,2021;2022;2023,2024,R2024-H3,3,AOI-00_b_4_2,0.056269787759026926,0.048025662690563686,0.026465248650568755,836
spatial_aggregation_order,primary_ndvi_first,rolling_origin,AOI-00,sentinel2,2021;2022;2023,2024,R2024-H3,3,AOI-00_b_4_3,0.05657797213424411,0.042907989035171276,-0.021584201457236198,737
spatial_aggregation_order,primary_ndvi_first,rolling_origin,AOI-00,sentinel2,2021;2022;2023,2024,R2024-H3,3,AOI-00_b_4_4,0.05825997454803189,0.04192419354326491,-0.016858346399054695,503
spatial_aggregation_order,primary_ndvi_first,rolling_origin,AOI-00,sentinel2,2021;2022;2023,2024,R2024-H3,3,AOI-00_b_5_0,0.09584749519393405,0.09531354765676593,0.09531354765676593,3
spatial_aggregation_order,primary_ndvi_first,rolling_origin,AOI-00,sentinel2,2021;2022;2023,2024,R2024-H3,3,AOI-00_b_5_1,0.07460236036053838,0.06339342763520416,0.04231647784087334,805
spatial_aggregation_order,primary_ndvi_first,rolling_origin,AOI-00,sentinel2,2021;2022;2023,2024,R2024-H3,3,AOI-00_b_5_2,0.06688028195615704,0.05589579558465652,0.025888425877827186,812
spatial_aggregation_order,primary_ndvi_first,rolling_origin,AOI-00,sentinel2,2021;2022;2023,2024,R2024-H3,3,AOI-00_b_5_3,0.07351942585176428,0.049663098392320554,-0.005108675866065719,652
spatial_aggregation_order,primary_ndvi_first,rolling_origin,AOI-00,sentinel2,2021;2022;2023,2024,R2024-H3,3,AOI-00_b_5_4,0.06238786960235432,0.041315780415489785,-1.0822547643115142e-06,494
spatial_aggregation_order,primary_ndvi_first,rolling_origin,AOI-00,sentinel2,2021;2022;2023,2024,R2024-H3,3,AOI-00_b_6_0,0.10001009336323509,0.08738097002217644,0.02542120320431606,60
spatial_aggregation_order,primary_ndvi_first,rolling_origin,AOI-00,sentinel2,2021;2022;2023,2024,R2024-H3,3,AOI-00_b_6_1,0.08053465817736118,0.07263998486555495,0.068325088639118,706
spatial_aggregation_order,primary_ndvi_first,rolling_origin,AOI-00,sentinel2,2021;2022;2023,2024,R2024-H3,3,AOI-00_b_6_2,0.08215629588746837,0.07692641016327532,0.07561520031317848,859
spatial_aggregation_order,primary_ndvi_first,rolling_origin,AOI-00,sentinel2,2021;2022;2023,2024,R2024-H3,3,AOI-00_b_6_3,0.058064640064966165,0.047311729937125645,0.025715682997894014,693
spatial_aggregation_order,primary_ndvi_first,rolling_origin,AOI-00,sentinel2,2021;2022;2023,2024,R2024-H3,3,AOI-00_b_6_4,0.04759403394353445,0.03469525874009204,0.012200963535535545,151
spatial_aggregation_order,primary_ndvi_first,rolling_origin,AOI-00,sentinel2,2021;2022;2023,2024,R2024-H3,3,AOI-00_b_7_1,0.08128891603161659,0.07659925515791606,0.07659925515791606,47
spatial_aggregation_order,primary_ndvi_first,rolling_origin,AOI-00,sentinel2,2021;2022;2023,2024,R2024-H3,3,AOI-00_b_7_2,0.05790636393684668,0.049854838670337666,0.04730336197551994,94
spatial_aggregation_order,primary_ndvi_first,rolling_origin,AOI-00,sentinel2,2021;2022;2023,2024,R2024-H3,3,AOI-00_b_7_3,0.04471394443274476,0.03200247940138686,-0.006698638454382045,293
spatial_aggregation_order,primary_ndvi_first,rolling_origin,AOI-00,sentinel2,2021;2022;2023,2024,R2024-H3,3,AOI-00_b_7_4,0.02934358076065248,0.02289371012153764,-0.013407261183030586,49
spatial_aggregation_order,primary_ndvi_first,rolling_origin,AOI-00,sentinel2,2024,2025,R2025-H1,1,AOI-00_b_0_1,0.06092309856545768,0.044955366653924425,-0.0106640428117463,39
spatial_aggregation_order,primary_ndvi_first,rolling_origin,AOI-00,sentinel2,2024,2025,R2025-H1,1,AOI-00_b_0_2,0.0542952521203082,0.04461600834949912,-0.03819590046855502,181
spatial_aggregation_order,primary_ndvi_first,rolling_origin,AOI-00,sentinel2,2024,2025,R2025-H1,1,AOI-00_b_0_3,0.06376695431258496,0.053250635017634294,-0.05070029066515934,156
spatial_aggregation_order,primary_ndvi_first,rolling_origin,AOI-00,sentinel2,2024,2025,R2025-H1,1,AOI-00_b_0_4,0.038754581758310584,0.032034537529034256,-0.028996505572467492,47
spatial_aggregation_order,primary_ndvi_first,rolling_origin,AOI-00,sentinel2,2024,2025,R2025-H1,1,AOI-00_b_1_1,0.07593262441970369,0.059844996548085984,0.016798407687562293,382
spatial_aggregation_order,primary_ndvi_first,rolling_origin,AOI-00,sentinel2,2024,2025,R2025-H1,1,AOI-00_b_1_2,0.05658320625464457,0.04445228717671662,-0.03479759945265199,822
spatial_aggregation_order,primary_ndvi_first,rolling_origin,AOI-00,sentinel2,2024,2025,R2025-H1,1,AOI-00_b_1_3,0.05358103631626895,0.04448229370772931,-0.04037687325578405,896
spatial_aggregation_order,primary_ndvi_first,rolling_origin,AOI-00,sentinel2,2024,2025,R2025-H1,1,AOI-00_b_1_4,0.0634751942475489,0.05355596703580393,-0.0513181590009825,785
spatial_aggregation_order,primary_ndvi_first,rolling_origin,AOI-00,sentinel2,2024,2025,R2025-H1,1,AOI-00_b_1_5,0.022419989254356124,0.019492925777821885,-0.012818046261696516,12
spatial_aggregation_order,primary_ndvi_first,rolling_origin,AOI-00,sentinel2,2024,2025,R2025-H1,1,AOI-00_b_2_1,0.0695325598960201,0.051152447842286515,0.006550637625685287,448
spatial_aggregation_order,primary_ndvi_first,rolling_origin,AOI-00,sentinel2,2024,2025,R2025-H1,1,AOI-00_b_2_2,0.05846151219684965,0.04665637938458334,-0.03134836265110161,838
spatial_aggregation_order,primary_ndvi_first,rolling_origin,AOI-00,sentinel2,2024,2025,R2025-H1,1,AOI-00_b_2_3,0.07687547062117227,0.06757981406111825,-0.06679775608974535,791
spatial_aggregation_order,primary_ndvi_first,rolling_origin,AOI-00,sentinel2,2024,2025,R2025-H1,1,AOI-00_b_2_4,0.08551310246532698,0.07778293616101799,-0.07644056409953591,839
spatial_aggregation_order,primary_ndvi_first,rolling_origin,AOI-00,sentinel2,2024,2025,R2025-H1,1,AOI-00_b_2_5,0.08241079842412986,0.07617731792071546,-0.07573280744827511,246
spatial_aggregation_order,primary_ndvi_first,rolling_origin,AOI-00,sentinel2,2024,2025,R2025-H1,1,AOI-00_b_3_0,0.052869600350682874,0.040722413025597315,0.03652804198054988,45
spatial_aggregation_order,primary_ndvi_first,rolling_origin,AOI-00,sentinel2,2024,2025,R2025-H1,1,AOI-00_b_3_1,0.03636311406517659,0.026382030653121648,0.0016811419054366089,569
spatial_aggregation_order,primary_ndvi_first,rolling_origin,AOI-00,sentinel2,2024,2025,R2025-H1,1,AOI-00_b_3_2,0.058456626488069374,0.04714698218309914,-0.007156808609833859,815
spatial_aggregation_order,primary_ndvi_first,rolling_origin,AOI-00,sentinel2,2024,2025,R2025-H1,1,AOI-00_b_3_3,0.07811805501292914,0.06749272872556882,-0.06315046256955525,833
spatial_aggregation_order,primary_ndvi_first,rolling_origin,AOI-00,sentinel2,2024,2025,R2025-H1,1,AOI-00_b_3_4,0.076391954640365,0.0683686320002672,-0.06688175532574549,810
spatial_aggregation_order,primary_ndvi_first,rolling_origin,AOI-00,sentinel2,2024,2025,R2025-H1,1,AOI-00_b_3_5,0.07499595158515027,0.06725163206702721,-0.06489366630306996,211
spatial_aggregation_order,primary_ndvi_first,rolling_origin,AOI-00,sentinel2,2024,2025,R2025-H1,1,AOI-00_b_4_0,0.034369972683612145,0.030263798240710658,0.02750123015955526,78
spatial_aggregation_order,primary_ndvi_first,rolling_origin,AOI-00,sentinel2,2024,2025,R2025-H1,1,AOI-00_b_4_1,0.03923405264128564,0.03320007997089799,0.01342462750726853,845
spatial_aggregation_order,primary_ndvi_first,rolling_origin,AOI-00,sentinel2,2024,2025,R2025-H1,1,AOI-00_b_4_2,0.04581634278973067,0.038207898395894696,0.007834162154166244,850
spatial_aggregation_order,primary_ndvi_first,rolling_origin,AOI-00,sentinel2,2024,2025,R2025-H1,1,AOI-00_b_4_3,0.09992176376655919,0.09324844045946293,-0.09198073429689704,849
spatial_aggregation_order,primary_ndvi_first,rolling_origin,AOI-00,sentinel2,2024,2025,R2025-H1,1,AOI-00_b_4_4,0.0855278580422152,0.0747881004541023,-0.06225700672068477,577
spatial_aggregation_order,primary_ndvi_first,rolling_origin,AOI-00,sentinel2,2024,2025,R2025-H1,1,AOI-00_b_5_0,0.03850629091026667,0.033528839068631466,0.033528839068631466,3
spatial_aggregation_order,primary_ndvi_first,rolling_origin,AOI-00,sentinel2,2024,2025,R2025-H1,1,AOI-00_b_5_1,0.04954781498013883,0.04039500190479716,0.011008516783441521,828
spatial_aggregation_order,primary_ndvi_first,rolling_origin,AOI-00,sentinel2,2024,2025,R2025-H1,1,AOI-00_b_5_2,0.05082618164573305,0.04271556531093753,-0.004663491065209909,813
spatial_aggregation_order,primary_ndvi_first,rolling_origin,AOI-00,sentinel2,2024,2025,R2025-H1,1,AOI-00_b_5_3,0.08879424753554241,0.07690300966113217,-0.0586124315390937,839
spatial_aggregation_order,primary_ndvi_first,rolling_origin,AOI-00,sentinel2,2024,2025,R2025-H1,1,AOI-00_b_5_4,0.07039298977901409,0.055608406073678895,-0.03551148239582819,643
spatial_aggregation_order,primary_ndvi_first,rolling_origin,AOI-00,sentinel2,2024,2025,R2025-H1,1,AOI-00_b_6_0,0.03213587552317035,0.026804963853956965,0.011015101215269213,63
spatial_aggregation_order,primary_ndvi_first,rolling_origin,AOI-00,sentinel2,2024,2025,R2025-H1,1,AOI-00_b_6_1,0.043431105382669304,0.03542251287497662,0.012568174379113872,789
spatial_aggregation_order,primary_ndvi_first,rolling_origin,AOI-00,sentinel2,2024,2025,R2025-H1,1,AOI-00_b_6_2,0.040873248702398696,0.034247991633105976,0.020643639123636245,769
spatial_aggregation_order,primary_ndvi_first,rolling_origin,AOI-00,sentinel2,2024,2025,R2025-H1,1,AOI-00_b_6_3,0.06642320829659185,0.05424343368967712,-0.028438642141586316,802
spatial_aggregation_order,primary_ndvi_first,rolling_origin,AOI-00,sentinel2,2024,2025,R2025-H1,1,AOI-00_b_6_4,0.08943545395952711,0.07880345687073356,-0.048811663227739645,195
spatial_aggregation_order,primary_ndvi_first,rolling_origin,AOI-00,sentinel2,2024,2025,R2025-H1,1,AOI-00_b_7_1,0.05380823118837542,0.04384875131401319,0.003311611562541008,55
spatial_aggregation_order,primary_ndvi_first,rolling_origin,AOI-00,sentinel2,2024,2025,R2025-H1,1,AOI-00_b_7_2,0.030856030049184007,0.022971584530437242,-0.003531716066239149,87
spatial_aggregation_order,primary_ndvi_first,rolling_origin,AOI-00,sentinel2,2024,2025,R2025-H1,1,AOI-00_b_7_3,0.05496435892201376,0.046754303147815056,-0.04221916179431874,320
spatial_aggregation_order,primary_ndvi_first,rolling_origin,AOI-00,sentinel2,2024,2025,R2025-H1,1,AOI-00_b_7_4,0.04622136125687219,0.038647001349352374,-0.03793050399033682,63
spatial_aggregation_order,primary_ndvi_first,rolling_origin,AOI-00,sentinel2,2023;2024,2025,R2025-H2,2,AOI-00_b_0_1,0.06289007454508085,0.046294138264268925,-0.02221638438993193,39
spatial_aggregation_order,primary_ndvi_first,rolling_origin,AOI-00,sentinel2,2023;2024,2025,R2025-H2,2,AOI-00_b_0_2,0.05250281956403843,0.041588704193671715,-0.034115706843869664,181
spatial_aggregation_order,primary_ndvi_first,rolling_origin,AOI-00,sentinel2,2023;2024,2025,R2025-H2,2,AOI-00_b_0_3,0.05831759673967257,0.04733240719410001,-0.04161099980645865,156
spatial_aggregation_order,primary_ndvi_first,rolling_origin,AOI-00,sentinel2,2023;2024,2025,R2025-H2,2,AOI-00_b_0_4,0.03714349381613953,0.03112467204766763,-0.021382203871633452,47
spatial_aggregation_order,primary_ndvi_first,rolling_origin,AOI-00,sentinel2,2023;2024,2025,R2025-H2,2,AOI-00_b_1_1,0.06927973192562704,0.055020493527418425,0.010416640645503735,382
spatial_aggregation_order,primary_ndvi_first,rolling_origin,AOI-00,sentinel2,2023;2024,2025,R2025-H2,2,AOI-00_b_1_2,0.05570864248494413,0.042439822138863936,-0.030232488305528264,822
spatial_aggregation_order,primary_ndvi_first,rolling_origin,AOI-00,sentinel2,2023;2024,2025,R2025-H2,2,AOI-00_b_1_3,0.050587692235787435,0.041167746006253336,-0.03354476911160723,896
spatial_aggregation_order,primary_ndvi_first,rolling_origin,AOI-00,sentinel2,2023;2024,2025,R2025-H2,2,AOI-00_b_1_4,0.06085666924136717,0.048739114024978616,-0.045252664548275257,785
spatial_aggregation_order,primary_ndvi_first,rolling_origin,AOI-00,sentinel2,2023;2024,2025,R2025-H2,2,AOI-00_b_1_5,0.025334474810030684,0.02145457314754011,-0.009508619954517855,12
spatial_aggregation_order,primary_ndvi_first,rolling_origin,AOI-00,sentinel2,2023;2024,2025,R2025-H2,2,AOI-00_b_2_1,0.06450929974499649,0.04844526344987426,0.004830010206195203,448
spatial_aggregation_order,primary_ndvi_first,rolling_origin,AOI-00,sentinel2,2023;2024,2025,R2025-H2,2,AOI-00_b_2_2,0.05928177246121753,0.04631668904424222,-0.026908922272209142,838
spatial_aggregation_order,primary_ndvi_first,rolling_origin,AOI-00,sentinel2,2023;2024,2025,R2025-H2,2,AOI-00_b_2_3,0.07377845498424555,0.06223494260830395,-0.060353332520663695,791
spatial_aggregation_order,primary_ndvi_first,rolling_origin,AOI-00,sentinel2,2023;2024,2025,R2025-H2,2,AOI-00_b_2_4,0.07906321940966911,0.07113135261818614,-0.06957744408270355,839
spatial_aggregation_order,primary_ndvi_first,rolling_origin,AOI-00,sentinel2,2023;2024,2025,R2025-H2,2,AOI-00_b_2_5,0.07567939889821967,0.06844374475356418,-0.06756889652284284,246
spatial_aggregation_order,primary_ndvi_first,rolling_origin,AOI-00,sentinel2,2023;2024,2025,R2025-H2,2,AOI-00_b_3_0,0.05518804428836956,0.04257904675284299,0.03531364208305432,45
spatial_aggregation_order,primary_ndvi_first,rolling_origin,AOI-00,sentinel2,2023;2024,2025,R2025-H2,2,AOI-00_b_3_1,0.04070855961075758,0.030833692556303756,0.006898705019438811,569
spatial_aggregation_order,primary_ndvi_first,rolling_origin,AOI-00,sentinel2,2023;2024,2025,R2025-H2,2,AOI-00_b_3_2,0.06199907451797701,0.05005513353389571,-0.005479548610647748,815
spatial_aggregation_order,primary_ndvi_first,rolling_origin,AOI-00,sentinel2,2023;2024,2025,R2025-H2,2,AOI-00_b_3_3,0.0739662993019924,0.0621276368580676,-0.05752232077942085,833
spatial_aggregation_order,primary_ndvi_first,rolling_origin,AOI-00,sentinel2,2023;2024,2025,R2025-H2,2,AOI-00_b_3_4,0.07119758151232863,0.06238348602495353,-0.060870187946194594,810
spatial_aggregation_order,primary_ndvi_first,rolling_origin,AOI-00,sentinel2,2023;2024,2025,R2025-H2,2,AOI-00_b_3_5,0.0724531348263425,0.06399105606485257,-0.06117070004179155,211
spatial_aggregation_order,primary_ndvi_first,rolling_origin,AOI-00,sentinel2,2023;2024,2025,R2025-H2,2,AOI-00_b_4_0,0.04014387767684008,0.035656232490513085,0.03253632554578431,78
spatial_aggregation_order,primary_ndvi_first,rolling_origin,AOI-00,sentinel2,2023;2024,2025,R2025-H2,2,AOI-00_b_4_1,0.04435206562055588,0.03813421399853441,0.018966780154913467,845
spatial_aggregation_order,primary_ndvi_first,rolling_origin,AOI-00,sentinel2,2023;2024,2025,R2025-H2,2,AOI-00_b_4_2,0.04862478017439578,0.040705324522742566,0.010290075863688172,850
spatial_aggregation_order,primary_ndvi_first,rolling_origin,AOI-00,sentinel2,2023;2024,2025,R2025-H2,2,AOI-00_b_4_3,0.0920531782465682,0.0845364068456146,-0.08345645429184183,849
spatial_aggregation_order,primary_ndvi_first,rolling_origin,AOI-00,sentinel2,2023;2024,2025,R2025-H2,2,AOI-00_b_4_4,0.0811169300788845,0.0695770208221968,-0.059299608438923894,577
spatial_aggregation_order,primary_ndvi_first,rolling_origin,AOI-00,sentinel2,2023;2024,2025,R2025-H2,2,AOI-00_b_5_0,0.04598204189798148,0.042216513342155926,0.042216513342155926,3
spatial_aggregation_order,primary_ndvi_first,rolling_origin,AOI-00,sentinel2,2023;2024,2025,R2025-H2,2,AOI-00_b_5_1,0.052478494415707094,0.042738032929607095,0.014940231705874999,828
spatial_aggregation_order,primary_ndvi_first,rolling_origin,AOI-00,sentinel2,2023;2024,2025,R2025-H2,2,AOI-00_b_5_2,0.052290689516736474,0.043082587354045035,-0.004060379227979942,813
spatial_aggregation_order,primary_ndvi_first,rolling_origin,AOI-00,sentinel2,2023;2024,2025,R2025-H2,2,AOI-00_b_5_3,0.084044463346092,0.07209113310613885,-0.05625792506348699,839
spatial_aggregation_order,primary_ndvi_first,rolling_origin,AOI-00,sentinel2,2023;2024,2025,R2025-H2,2,AOI-00_b_5_4,0.06754064802894527,0.05230182789214841,-0.032882352996108984,643
spatial_aggregation_order,primary_ndvi_first,rolling_origin,AOI-00,sentinel2,2023;2024,2025,R2025-H2,2,AOI-00_b_6_0,0.037509738403862236,0.032569419359142746,0.017258500954325056,63
spatial_aggregation_order,primary_ndvi_first,rolling_origin,AOI-00,sentinel2,2023;2024,2025,R2025-H2,2,AOI-00_b_6_1,0.04636998473333312,0.037570619274521884,0.015102660585866448,789
spatial_aggregation_order,primary_ndvi_first,rolling_origin,AOI-00,sentinel2,2023;2024,2025,R2025-H2,2,AOI-00_b_6_2,0.04314815026994168,0.03603622842748575,0.019495483360914397,769
spatial_aggregation_order,primary_ndvi_first,rolling_origin,AOI-00,sentinel2,2023;2024,2025,R2025-H2,2,AOI-00_b_6_3,0.06537557388850786,0.05328456598429175,-0.02983117112913368,802
spatial_aggregation_order,primary_ndvi_first,rolling_origin,AOI-00,sentinel2,2023;2024,2025,R2025-H2,2,AOI-00_b_6_4,0.08351360779067997,0.07369980651777024,-0.05169982138140925,195
spatial_aggregation_order,primary_ndvi_first,rolling_origin,AOI-00,sentinel2,2023;2024,2025,R2025-H2,2,AOI-00_b_7_1,0.058964406811875286,0.047323379735844794,0.006031902579816847,55
spatial_aggregation_order,primary_ndvi_first,rolling_origin,AOI-00,sentinel2,2023;2024,2025,R2025-H2,2,AOI-00_b_7_2,0.0341016390608921,0.02579407320777288,-0.0008208766150556919,87
spatial_aggregation_order,primary_ndvi_first,rolling_origin,AOI-00,sentinel2,2023;2024,2025,R2025-H2,2,AOI-00_b_7_3,0.05224512697709149,0.04299812825620601,-0.037380886285544625,320
spatial_aggregation_order,primary_ndvi_first,rolling_origin,AOI-00,sentinel2,2023;2024,2025,R2025-H2,2,AOI-00_b_7_4,0.04020333607194811,0.031544392038314585,-0.029577814526532045,63
spatial_aggregation_order,primary_ndvi_first,rolling_origin,AOI-00,sentinel2,2022;2023;2024,2025,R2025-H3,3,AOI-00_b_0_1,0.06310748921539718,0.04659016160491015,-0.0228547321494389,39
spatial_aggregation_order,primary_ndvi_first,rolling_origin,AOI-00,sentinel2,2022;2023;2024,2025,R2025-H3,3,AOI-00_b_0_2,0.05230540262053922,0.04127935431378503,-0.0336484925182328,181
spatial_aggregation_order,primary_ndvi_first,rolling_origin,AOI-00,sentinel2,2022;2023;2024,2025,R2025-H3,3,AOI-00_b_0_3,0.05785557714749758,0.04689250018897895,-0.04078953276935442,156
spatial_aggregation_order,primary_ndvi_first,rolling_origin,AOI-00,sentinel2,2022;2023;2024,2025,R2025-H3,3,AOI-00_b_0_4,0.03701973327365293,0.031073432367278987,-0.02066505082248913,47
spatial_aggregation_order,primary_ndvi_first,rolling_origin,AOI-00,sentinel2,2022;2023;2024,2025,R2025-H3,3,AOI-00_b_1_1,0.06891762333593235,0.054736440374068246,0.010143965573847318,382
spatial_aggregation_order,primary_ndvi_first,rolling_origin,AOI-00,sentinel2,2022;2023;2024,2025,R2025-H3,3,AOI-00_b_1_2,0.05560445843931258,0.042286176481133225,-0.029730979707064092,822
spatial_aggregation_order,primary_ndvi_first,rolling_origin,AOI-00,sentinel2,2022;2023;2024,2025,R2025-H3,3,AOI-00_b_1_3,0.050310099093436145,0.04089653252553108,-0.03288293453451559,896
spatial_aggregation_order,primary_ndvi_first,rolling_origin,AOI-00,sentinel2,2022;2023;2024,2025,R2025-H3,3,AOI-00_b_1_4,0.06059756137382714,0.04828085383998499,-0.04464504604029806,785
spatial_aggregation_order,primary_ndvi_first,rolling_origin,AOI-00,sentinel2,2022;2023;2024,2025,R2025-H3,3,AOI-00_b_1_5,0.02554208759634219,0.02162241291212329,-0.009095915733073584,12
spatial_aggregation_order,primary_ndvi_first,rolling_origin,AOI-00,sentinel2,2022;2023;2024,2025,R2025-H3,3,AOI-00_b_2_1,0.06423912369149307,0.04831063792681746,0.004886979633872903,448
spatial_aggregation_order,primary_ndvi_first,rolling_origin,AOI-00,sentinel2,2022;2023;2024,2025,R2025-H3,3,AOI-00_b_2_2,0.059294136564491236,0.04627161927642194,-0.026416301345179208,838
spatial_aggregation_order,primary_ndvi_first,rolling_origin,AOI-00,sentinel2,2022;2023;2024,2025,R2025-H3,3,AOI-00_b_2_3,0.07345422880514574,0.061742712922783695,-0.05971891543788183,791
spatial_aggregation_order,primary_ndvi_first,rolling_origin,AOI-00,sentinel2,2022;2023;2024,2025,R2025-H3,3,AOI-00_b_2_4,0.07847915433759078,0.07050701176773884,-0.06891341600517192,839
spatial_aggregation_order,primary_ndvi_first,rolling_origin,AOI-00,sentinel2,2022;2023;2024,2025,R2025-H3,3,AOI-00_b_2_5,0.07506980308191825,0.06774218161592001,-0.06681287408287515,246
spatial_aggregation_order,primary_ndvi_first,rolling_origin,AOI-00,sentinel2,2022;2023;2024,2025,R2025-H3,3,AOI-00_b_3_0,0.05551022264477993,0.042856676132718,0.035406412866526855,45
spatial_aggregation_order,primary_ndvi_first,rolling_origin,AOI-00,sentinel2,2022;2023;2024,2025,R2025-H3,3,AOI-00_b_3_1,0.041076316489152206,0.03123544318058664,0.0074463562395313656,569
spatial_aggregation_order,primary_ndvi_first,rolling_origin,AOI-00,sentinel2,2022;2023;2024,2025,R2025-H3,3,AOI-00_b_3_2,0.06225339648135428,0.05027589937283775,-0.005182274238767154,815
spatial_aggregation_order,primary_ndvi_first,rolling_origin,AOI-00,sentinel2,2022;2023;2024,2025,R2025-H3,3,AOI-00_b_3_3,0.07357812467737465,0.06162127952451073,-0.056945632668548275,833
spatial_aggregation_order,primary_ndvi_first,rolling_origin,AOI-00,sentinel2,2022;2023;2024,2025,R2025-H3,3,AOI-00_b_3_4,0.070718170197563,0.06181087340547699,-0.06026638326154615,810
spatial_aggregation_order,primary_ndvi_first,rolling_origin,AOI-00,sentinel2,2022;2023;2024,2025,R2025-H3,3,AOI-00_b_3_5,0.07219284562490584,0.06361835623284638,-0.06072874950245891,211
spatial_aggregation_order,primary_ndvi_first,rolling_origin,AOI-00,sentinel2,2022;2023;2024,2025,R2025-H3,3,AOI-00_b_4_0,0.0407082779544685,0.036179779874430426,0.03307107230738882,78
spatial_aggregation_order,primary_ndvi_first,rolling_origin,AOI-00,sentinel2,2022;2023;2024,2025,R2025-H3,3,AOI-00_b_4_1,0.044810909519159316,0.038580739034474364,0.019537386953034336,845
spatial_aggregation_order,primary_ndvi_first,rolling_origin,AOI-00,sentinel2,2022;2023;2024,2025,R2025-H3,3,AOI-00_b_4_2,0.04888357726115954,0.04093840272565536,0.01064241808019103,850
spatial_aggregation_order,primary_ndvi_first,rolling_origin,AOI-00,sentinel2,2022;2023;2024,2025,R2025-H3,3,AOI-00_b_4_3,0.09135465211858858,0.08375471936062802,-0.08267494587753156,849
spatial_aggregation_order,primary_ndvi_first,rolling_origin,AOI-00,sentinel2,2022;2023;2024,2025,R2025-H3,3,AOI-00_b_4_4,0.080739579856033,0.06911377906633569,-0.058911800296890915,577
spatial_aggregation_order,primary_ndvi_first,rolling_origin,AOI-00,sentinel2,2022;2023;2024,2025,R2025-H3,3,AOI-00_b_5_0,0.046691616444953565,0.0430095773042903,0.0430095773042903,3
spatial_aggregation_order,primary_ndvi_first,rolling_origin,AOI-00,sentinel2,2022;2023;2024,2025,R2025-H3,3,AOI-00_b_5_1,0.05276805826307364,0.04298062234401073,0.015396945340387188,828
spatial_aggregation_order,primary_ndvi_first,rolling_origin,AOI-00,sentinel2,2022;2023;2024,2025,R2025-H3,3,AOI-00_b_5_2,0.05242533869281318,0.04311735980916057,-0.003839070620210823,813
spatial_aggregation_order,primary_ndvi_first,rolling_origin,AOI-00,sentinel2,2022;2023;2024,2025,R2025-H3,3,AOI-00_b_5_3,0.08363484630052855,0.07165054172687925,-0.055912754555956526,839
spatial_aggregation_order,primary_ndvi_first,rolling_origin,AOI-00,sentinel2,2022;2023;2024,2025,R2025-H3,3,AOI-00_b_5_4,0.06730999983248258,0.05203517366948406,-0.032517760642494696,643
spatial_aggregation_order,primary_ndvi_first,rolling_origin,AOI-00,sentinel2,2022;2023;2024,2025,R2025-H3,3,AOI-00_b_6_0,0.037999457267388126,0.03311761388328629,0.01787870125641187,63
spatial_aggregation_order,primary_ndvi_first,rolling_origin,AOI-00,sentinel2,2022;2023;2024,2025,R2025-H3,3,AOI-00_b_6_1,0.04666548100574311,0.037807217426889875,0.015460559596116839,789
spatial_aggregation_order,primary_ndvi_first,rolling_origin,AOI-00,sentinel2,2022;2023;2024,2025,R2025-H3,3,AOI-00_b_6_2,0.04340612599307083,0.0362546847261519,0.01959293905331685,769
spatial_aggregation_order,primary_ndvi_first,rolling_origin,AOI-00,sentinel2,2022;2023;2024,2025,R2025-H3,3,AOI-00_b_6_3,0.06528091711570357,0.05317651986552434,-0.029750997967586602,802
spatial_aggregation_order,primary_ndvi_first,rolling_origin,AOI-00,sentinel2,2022;2023;2024,2025,R2025-H3,3,AOI-00_b_6_4,0.08306260555241739,0.07326026065545654,-0.05172542190775359,195
spatial_aggregation_order,primary_ndvi_first,rolling_origin,AOI-00,sentinel2,2022;2023;2024,2025,R2025-H3,3,AOI-00_b_7_1,0.05936030381360626,0.04759739414705761,0.006402942053279766,55
spatial_aggregation_order,primary_ndvi_first,rolling_origin,AOI-00,sentinel2,2022;2023;2024,2025,R2025-H3,3,AOI-00_b_7_2,0.03435533617624976,0.026048577857682345,-0.00045050557399873436,87
spatial_aggregation_order,primary_ndvi_first,rolling_origin,AOI-00,sentinel2,2022;2023;2024,2025,R2025-H3,3,AOI-00_b_7_3,0.051970409342299184,0.042620678961878676,-0.03686005899325799,320
spatial_aggregation_order,primary_ndvi_first,rolling_origin,AOI-00,sentinel2,2022;2023;2024,2025,R2025-H3,3,AOI-00_b_7_4,0.03968598179430896,0.030981561392754306,-0.028808441315764523,63
spatial_aggregation_order,primary_ndvi_first,rolling_origin,AOI-01,landsat,2023,2024,R2024-H1,1,AOI-01_b_-100_-28,0.0,0.0,0.0,42
spatial_aggregation_order,primary_ndvi_first,rolling_origin,AOI-01,landsat,2023,2024,R2024-H1,1,AOI-01_b_-101_-28,0.0,0.0,0.0,528
spatial_aggregation_order,primary_ndvi_first,rolling_origin,AOI-01,landsat,2023,2024,R2024-H1,1,AOI-01_b_-101_-29,2.0040011237070066e-05,1.4769289294066063e-06,1.4769289294066063e-06,501
spatial_aggregation_order,primary_ndvi_first,rolling_origin,AOI-01,landsat,2023,2024,R2024-H1,1,AOI-01_b_-101_-30,5.466797456611974e-05,7.887427528466e-06,7.887427528466e-06,432
spatial_aggregation_order,primary_ndvi_first,rolling_origin,AOI-01,landsat,2023,2024,R2024-H1,1,AOI-01_b_-101_-31,0.0006289463912775296,0.0005531455830109509,0.0005531455830109509,150
spatial_aggregation_order,primary_ndvi_first,rolling_origin,AOI-01,landsat,2023,2024,R2024-H1,1,AOI-01_b_-102_-27,0.00018082831867891825,9.854066593597951e-05,9.854066593597951e-05,156
spatial_aggregation_order,primary_ndvi_first,rolling_origin,AOI-01,landsat,2023,2024,R2024-H1,1,AOI-01_b_-102_-28,0.00010500638042958527,3.164449552927935e-05,3.164449552927935e-05,801
spatial_aggregation_order,primary_ndvi_first,rolling_origin,AOI-01,landsat,2023,2024,R2024-H1,1,AOI-01_b_-102_-29,0.0001886358161217239,7.069556566871223e-05,7.069556566871223e-05,849
spatial_aggregation_order,primary_ndvi_first,rolling_origin,AOI-01,landsat,2023,2024,R2024-H1,1,AOI-01_b_-102_-30,0.00012512829163844585,4.600980254840392e-05,4.600980254840392e-05,849
spatial_aggregation_order,primary_ndvi_first,rolling_origin,AOI-01,landsat,2023,2024,R2024-H1,1,AOI-01_b_-102_-31,0.00044811560046162,0.000272192634482832,0.000272192634482832,485
spatial_aggregation_order,primary_ndvi_first,rolling_origin,AOI-01,landsat,2023,2024,R2024-H1,1,AOI-01_b_-103_-27,0.0002460613253230799,0.00011933173958342795,0.00011933173958342795,314
spatial_aggregation_order,primary_ndvi_first,rolling_origin,AOI-01,landsat,2023,2024,R2024-H1,1,AOI-01_b_-103_-28,0.000200787703907981,8.551548918584965e-05,8.551548918584965e-05,846
spatial_aggregation_order,primary_ndvi_first,rolling_origin,AOI-01,landsat,2023,2024,R2024-H1,1,AOI-01_b_-103_-29,0.0006994072341370849,0.00047381658465854294,0.00047381658465854294,843
spatial_aggregation_order,primary_ndvi_first,rolling_origin,AOI-01,landsat,2023,2024,R2024-H1,1,AOI-01_b_-103_-30,0.0005010659264631905,0.0003865881814637659,0.0003865881814637659,846
spatial_aggregation_order,primary_ndvi_first,rolling_origin,AOI-01,landsat,2023,2024,R2024-H1,1,AOI-01_b_-103_-31,0.0005033491935969569,0.0003335315317060207,0.0003335315317060207,336
spatial_aggregation_order,primary_ndvi_first,rolling_origin,AOI-01,landsat,2023,2024,R2024-H1,1,AOI-01_b_-104_-27,0.004894221938111366,0.001298065309931466,-0.0011561792605869088,525
spatial_aggregation_order,primary_ndvi_first,rolling_origin,AOI-01,landsat,2023,2024,R2024-H1,1,AOI-01_b_-104_-28,0.0015291522290494478,0.00017404353490903468,-0.00012299986228457894,846
spatial_aggregation_order,primary_ndvi_first,rolling_origin,AOI-01,landsat,2023,2024,R2024-H1,1,AOI-01_b_-104_-29,0.0007457598206823446,0.0006234930683366282,0.0006234930683366282,843
spatial_aggregation_order,primary_ndvi_first,rolling_origin,AOI-01,landsat,2023,2024,R2024-H1,1,AOI-01_b_-104_-30,0.0006719118193547723,0.0005841846609944449,0.0005841846609944449,843
spatial_aggregation_order,primary_ndvi_first,rolling_origin,AOI-01,landsat,2023,2024,R2024-H1,1,AOI-01_b_-104_-31,0.0013762158165286074,0.0012386764477883368,0.00038552532373089187,423
spatial_aggregation_order,primary_ndvi_first,rolling_origin,AOI-01,landsat,2023,2024,R2024-H1,1,AOI-01_b_-105_-26,0.00025763885107818566,0.00010769305084185258,0.00010769305084185258,114
spatial_aggregation_order,primary_ndvi_first,rolling_origin,AOI-01,landsat,2023,2024,R2024-H1,1,AOI-01_b_-105_-27,0.0002216674895015093,5.7539047692076666e-05,5.367796219096074e-05,849
spatial_aggregation_order,primary_ndvi_first,rolling_origin,AOI-01,landsat,2023,2024,R2024-H1,1,AOI-01_b_-105_-28,0.00047564673933554627,0.00022065200325272066,0.00019266499227450846,851
spatial_aggregation_order,primary_ndvi_first,rolling_origin,AOI-01,landsat,2023,2024,R2024-H1,1,AOI-01_b_-105_-29,0.0006994070749804937,0.00060077836677185,0.00060077836677185,846
spatial_aggregation_order,primary_ndvi_first,rolling_origin,AOI-01,landsat,2023,2024,R2024-H1,1,AOI-01_b_-105_-30,0.0009930509759912877,0.0007828111360274328,0.0005218055900982724,645
spatial_aggregation_order,primary_ndvi_first,rolling_origin,AOI-01,landsat,2023,2024,R2024-H1,1,AOI-01_b_-105_-31,0.0019867647297370263,0.0019817191004293236,0.0007251488534314319,3
spatial_aggregation_order,primary_ndvi_first,rolling_origin,AOI-01,landsat,2023,2024,R2024-H1,1,AOI-01_b_-106_-27,0.0002482887852886422,0.00013561574666718734,0.00013561574666718734,720
spatial_aggregation_order,primary_ndvi_first,rolling_origin,AOI-01,landsat,2023,2024,R2024-H1,1,AOI-01_b_-106_-28,0.0005819225513227915,0.00047884800906242565,0.00047884800906242565,849
spatial_aggregation_order,primary_ndvi_first,rolling_origin,AOI-01,landsat,2023,2024,R2024-H1,1,AOI-01_b_-106_-29,0.0021630838933964706,0.0008194877749446489,0.0001453811623166245,843
spatial_aggregation_order,primary_ndvi_first,rolling_origin,AOI-01,landsat,2023,2024,R2024-H1,1,AOI-01_b_-106_-30,0.001875074134125873,0.001421604297592191,0.00030620034648777035,726
spatial_aggregation_order,primary_ndvi_first,rolling_origin,AOI-01,landsat,2023,2024,R2024-H1,1,AOI-01_b_-107_-27,0.00047836295140985734,0.00031434375955788113,0.00031434375955788113,294
spatial_aggregation_order,primary_ndvi_first,rolling_origin,AOI-01,landsat,2023,2024,R2024-H1,1,AOI-01_b_-107_-28,0.0006427467715886823,0.0005845782668785549,0.0005845782668785549,618
spatial_aggregation_order,primary_ndvi_first,rolling_origin,AOI-01,landsat,2023,2024,R2024-H1,1,AOI-01_b_-107_-29,0.0008102741656036066,0.0005982401206780793,0.0004954620618184425,666
spatial_aggregation_order,primary_ndvi_first,rolling_origin,AOI-01,landsat,2023,2024,R2024-H1,1,AOI-01_b_-107_-30,0.0015984171475837466,0.0014966398641280355,7.478704177373105e-06,387
spatial_aggregation_order,primary_ndvi_first,rolling_origin,AOI-01,landsat,2023,2024,R2024-H1,1,AOI-01_b_-108_-30,0.001978303543427139,0.001976383820038297,-0.0007347670305969814,3
spatial_aggregation_order,primary_ndvi_first,rolling_origin,AOI-01,landsat,2022;2023,2024,R2024-H2,2,AOI-01_b_-100_-28,0.0,0.0,0.0,42
spatial_aggregation_order,primary_ndvi_first,rolling_origin,AOI-01,landsat,2022;2023,2024,R2024-H2,2,AOI-01_b_-101_-28,0.0,0.0,0.0,528
spatial_aggregation_order,primary_ndvi_first,rolling_origin,AOI-01,landsat,2022;2023,2024,R2024-H2,2,AOI-01_b_-101_-29,1.4435649137798088e-05,9.125045685417226e-07,9.125045685417226e-07,501
spatial_aggregation_order,primary_ndvi_first,rolling_origin,AOI-01,landsat,2022;2023,2024,R2024-H2,2,AOI-01_b_-101_-30,4.194715508203529e-05,5.3277650858752115e-06,5.3277650858752115e-06,432
spatial_aggregation_order,primary_ndvi_first,rolling_origin,AOI-01,landsat,2022;2023,2024,R2024-H2,2,AOI-01_b_-101_-31,0.0005182065522045195,0.0004498288101231341,0.0004498288101231341,150
spatial_aggregation_order,primary_ndvi_first,rolling_origin,AOI-01,landsat,2022;2023,2024,R2024-H2,2,AOI-01_b_-102_-27,0.00013516090286147086,6.56509502273061e-05,6.56509502273061e-05,156
spatial_aggregation_order,primary_ndvi_first,rolling_origin,AOI-01,landsat,2022;2023,2024,R2024-H2,2,AOI-01_b_-102_-28,7.895197282643282e-05,2.2038098914165746e-05,2.2038098914165746e-05,801
spatial_aggregation_order,primary_ndvi_first,rolling_origin,AOI-01,landsat,2022;2023,2024,R2024-H2,2,AOI-01_b_-102_-29,0.00015010470258278074,5.292471152987557e-05,5.292471152987557e-05,849
spatial_aggregation_order,primary_ndvi_first,rolling_origin,AOI-01,landsat,2022;2023,2024,R2024-H2,2,AOI-01_b_-102_-30,9.375738673460378e-05,3.156208243008624e-05,3.156208243008624e-05,849
spatial_aggregation_order,primary_ndvi_first,rolling_origin,AOI-01,landsat,2022;2023,2024,R2024-H2,2,AOI-01_b_-102_-31,0.00037040610349569285,0.00021944337478221608,0.00021944337478221608,485
spatial_aggregation_order,primary_ndvi_first,rolling_origin,AOI-01,landsat,2022;2023,2024,R2024-H2,2,AOI-01_b_-103_-27,0.00019601315650547908,8.924467975777859e-05,8.924467975777859e-05,314
spatial_aggregation_order,primary_ndvi_first,rolling_origin,AOI-01,landsat,2022;2023,2024,R2024-H2,2,AOI-01_b_-103_-28,0.00015873433816421834,6.164343611636468e-05,6.164343611636468e-05,846
spatial_aggregation_order,primary_ndvi_first,rolling_origin,AOI-01,landsat,2022;2023,2024,R2024-H2,2,AOI-01_b_-103_-29,0.0005922424140183715,0.0003886690572346177,0.0003886690572346177,843
spatial_aggregation_order,primary_ndvi_first,rolling_origin,AOI-01,landsat,2022;2023,2024,R2024-H2,2,AOI-01_b_-103_-30,0.0004095509424164339,0.0003056673794283481,0.0003056673794283481,846
spatial_aggregation_order,primary_ndvi_first,rolling_origin,AOI-01,landsat,2022;2023,2024,R2024-H2,2,AOI-01_b_-103_-31,0.00041728248278802684,0.00026624096070102703,0.00026624096070102703,336
spatial_aggregation_order,primary_ndvi_first,rolling_origin,AOI-01,landsat,2022;2023,2024,R2024-H2,2,AOI-01_b_-104_-27,0.00514223032424985,0.0013517625758856853,-0.0012390048405213532,525
spatial_aggregation_order,primary_ndvi_first,rolling_origin,AOI-01,landsat,2022;2023,2024,R2024-H2,2,AOI-01_b_-104_-28,0.0015978408030578619,0.00017637458217750076,-0.00014249939441021245,846
spatial_aggregation_order,primary_ndvi_first,rolling_origin,AOI-01,landsat,2022;2023,2024,R2024-H2,2,AOI-01_b_-104_-29,0.0006254016784419534,0.000511905733095129,0.000511905733095129,843
spatial_aggregation_order,primary_ndvi_first,rolling_origin,AOI-01,landsat,2022;2023,2024,R2024-H2,2,AOI-01_b_-104_-30,0.0005574209922150077,0.0004749477686534193,0.0004749477686534193,843
spatial_aggregation_order,primary_ndvi_first,rolling_origin,AOI-01,landsat,2022;2023,2024,R2024-H2,2,AOI-01_b_-104_-31,0.0013594094421016298,0.0011612046142602265,0.00021131164592198555,423
spatial_aggregation_order,primary_ndvi_first,rolling_origin,AOI-01,landsat,2022;2023,2024,R2024-H2,2,AOI-01_b_-105_-26,0.00020990122170202582,8.17205363634375e-05,8.17205363634375e-05,114
spatial_aggregation_order,primary_ndvi_first,rolling_origin,AOI-01,landsat,2022;2023,2024,R2024-H2,2,AOI-01_b_-105_-27,0.00019238401290494546,4.6741385180293706e-05,3.999041324920565e-05,849
spatial_aggregation_order,primary_ndvi_first,rolling_origin,AOI-01,landsat,2022;2023,2024,R2024-H2,2,AOI-01_b_-105_-28,0.0004200681073070124,0.00017611786146455504,0.0001466504587518902,851
spatial_aggregation_order,primary_ndvi_first,rolling_origin,AOI-01,landsat,2022;2023,2024,R2024-H2,2,AOI-01_b_-105_-29,0.0005825646358658524,0.0004915909348087343,0.0004915909348087343,846
spatial_aggregation_order,primary_ndvi_first,rolling_origin,AOI-01,landsat,2022;2023,2024,R2024-H2,2,AOI-01_b_-105_-30,0.0009502385671311521,0.0006895639079350198,0.0003841142478441165,645
spatial_aggregation_order,primary_ndvi_first,rolling_origin,AOI-01,landsat,2022;2023,2024,R2024-H2,2,AOI-01_b_-105_-31,0.0019093182750968974,0.0018973159150429807,0.00046024172189033176,3
spatial_aggregation_order,primary_ndvi_first,rolling_origin,AOI-01,landsat,2022;2023,2024,R2024-H2,2,AOI-01_b_-106_-27,0.00019481086724064614,0.00010037265262274383,0.00010037265262274383,720
spatial_aggregation_order,primary_ndvi_first,rolling_origin,AOI-01,landsat,2022;2023,2024,R2024-H2,2,AOI-01_b_-106_-28,0.0004794523808059758,0.0003808125135539963,0.0003808125135539963,849
spatial_aggregation_order,primary_ndvi_first,rolling_origin,AOI-01,landsat,2022;2023,2024,R2024-H2,2,AOI-01_b_-106_-29,0.0021933202399428116,0.0007432238278315528,4.3868619972428566e-05,843
spatial_aggregation_order,primary_ndvi_first,rolling_origin,AOI-01,landsat,2022;2023,2024,R2024-H2,2,AOI-01_b_-106_-30,0.001924479948402155,0.0013594242516437854,0.00010588791969381287,726
spatial_aggregation_order,primary_ndvi_first,rolling_origin,AOI-01,landsat,2022;2023,2024,R2024-H2,2,AOI-01_b_-107_-27,0.00039497698031904063,0.0002528167580679315,0.0002528167580679315,294
spatial_aggregation_order,primary_ndvi_first,rolling_origin,AOI-01,landsat,2022;2023,2024,R2024-H2,2,AOI-01_b_-107_-28,0.0005290899051265404,0.0004734662675680472,0.0004734662675680472,618
spatial_aggregation_order,primary_ndvi_first,rolling_origin,AOI-01,landsat,2022;2023,2024,R2024-H2,2,AOI-01_b_-107_-29,0.0007254514680419672,0.0005101712052813667,0.00039704198101822547,666
spatial_aggregation_order,primary_ndvi_first,rolling_origin,AOI-01,landsat,2022;2023,2024,R2024-H2,2,AOI-01_b_-107_-30,0.001646848059314448,0.0014925354695831377,-0.00020788794901952447,387
spatial_aggregation_order,primary_ndvi_first,rolling_origin,AOI-01,landsat,2022;2023,2024,R2024-H2,2,AOI-01_b_-108_-30,0.0020894098956553532,0.0020651116987252024,-0.0009866081451560711,3
spatial_aggregation_order,primary_ndvi_first,rolling_origin,AOI-01,landsat,2021;2022;2023,2024,R2024-H3,3,AOI-01_b_-100_-28,0.0,0.0,0.0,42
spatial_aggregation_order,primary_ndvi_first,rolling_origin,AOI-01,landsat,2021;2022;2023,2024,R2024-H3,3,AOI-01_b_-101_-28,0.0,0.0,0.0,528
spatial_aggregation_order,primary_ndvi_first,rolling_origin,AOI-01,landsat,2021;2022;2023,2024,R2024-H3,3,AOI-01_b_-101_-29,1.1656733277094406e-05,7.363902087017396e-07,7.363902087017396e-07,501
spatial_aggregation_order,primary_ndvi_first,rolling_origin,AOI-01,landsat,2021;2022;2023,2024,R2024-H3,3,AOI-01_b_-101_-30,3.6289225982780805e-05,4.367838416163424e-06,4.367838416163424e-06,432
spatial_aggregation_order,primary_ndvi_first,rolling_origin,AOI-01,landsat,2021;2022;2023,2024,R2024-H3,3,AOI-01_b_-101_-31,0.00047499678794263225,0.0004074821722120171,0.0004074821722120171,150
spatial_aggregation_order,primary_ndvi_first,rolling_origin,AOI-01,landsat,2021;2022;2023,2024,R2024-H3,3,AOI-01_b_-102_-27,0.00011424641376187031,5.059498685909993e-05,5.059498685909993e-05,156
spatial_aggregation_order,primary_ndvi_first,rolling_origin,AOI-01,landsat,2021;2022;2023,2024,R2024-H3,3,AOI-01_b_-102_-28,6.679965465549077e-05,1.7368393552372427e-05,1.7368393552372427e-05,801
spatial_aggregation_order,primary_ndvi_first,rolling_origin,AOI-01,landsat,2021;2022;2023,2024,R2024-H3,3,AOI-01_b_-102_-29,0.00013378580336635072,4.499772228272747e-05,4.499772228272747e-05,849
spatial_aggregation_order,primary_ndvi_first,rolling_origin,AOI-01,landsat,2021;2022;2023,2024,R2024-H3,3,AOI-01_b_-102_-30,7.917053530282922e-05,2.4711647099617594e-05,2.4711647099617594e-05,849
spatial_aggregation_order,primary_ndvi_first,rolling_origin,AOI-01,landsat,2021;2022;2023,2024,R2024-H3,3,AOI-01_b_-102_-31,0.000340750146021949,0.00019772409144287243,0.00019772409144287243,485
spatial_aggregation_order,primary_ndvi_first,rolling_origin,AOI-01,landsat,2021;2022;2023,2024,R2024-H3,3,AOI-01_b_-103_-27,0.00017496848004649838,7.5467473588262e-05,7.5467473588262e-05,314
spatial_aggregation_order,primary_ndvi_first,rolling_origin,AOI-01,landsat,2021;2022;2023,2024,R2024-H3,3,AOI-01_b_-103_-28,0.00014104714630832474,5.103216761433446e-05,5.103216761433446e-05,846
spatial_aggregation_order,primary_ndvi_first,rolling_origin,AOI-01,landsat,2021;2022;2023,2024,R2024-H3,3,AOI-01_b_-103_-29,0.0005565000178266317,0.0003553760055904157,0.0003553760055904157,843
spatial_aggregation_order,primary_ndvi_first,rolling_origin,AOI-01,landsat,2021;2022;2023,2024,R2024-H3,3,AOI-01_b_-103_-30,0.00037323093610296793,0.00027075481345784487,0.00027075481345784487,846
spatial_aggregation_order,primary_ndvi_first,rolling_origin,AOI-01,landsat,2021;2022;2023,2024,R2024-H3,3,AOI-01_b_-103_-31,0.0003852138900806018,0.00023733714087190746,0.00023733714087190746,336
spatial_aggregation_order,primary_ndvi_first,rolling_origin,AOI-01,landsat,2021;2022;2023,2024,R2024-H3,3,AOI-01_b_-104_-27,0.005185113124366907,0.001359141524385551,-0.0012574636668180256,525
spatial_aggregation_order,primary_ndvi_first,rolling_origin,AOI-01,landsat,2021;2022;2023,2024,R2024-H3,3,AOI-01_b_-104_-28,0.0016105173090762387,0.00017449766254556344,-0.00014853343491511822,846
spatial_aggregation_order,primary_ndvi_first,rolling_origin,AOI-01,landsat,2021;2022;2023,2024,R2024-H3,3,AOI-01_b_-104_-29,0.0005825298730389126,0.0004680987537304641,0.0004680987537304641,843
spatial_aggregation_order,primary_ndvi_first,rolling_origin,AOI-01,landsat,2021;2022;2023,2024,R2024-H3,3,AOI-01_b_-104_-30,0.0005143114436422143,0.00043050209812957064,0.00043050209812957064,843
spatial_aggregation_order,primary_ndvi_first,rolling_origin,AOI-01,landsat,2021;2022;2023,2024,R2024-H3,3,AOI-01_b_-104_-31,0.0013549697893858782,0.0011310258768412087,0.0001547067144241387,423
spatial_aggregation_order,primary_ndvi_first,rolling_origin,AOI-01,landsat,2021;2022;2023,2024,R2024-H3,3,AOI-01_b_-105_-26,0.00019116221194016007,7.113358512993883e-05,7.113358512993883e-05,114
spatial_aggregation_order,primary_ndvi_first,rolling_origin,AOI-01,landsat,2021;2022;2023,2024,R2024-H3,3,AOI-01_b_-105_-27,0.0001824786734669891,4.192216056280083e-05,3.453505792975408e-05,849
spatial_aggregation_order,primary_ndvi_first,rolling_origin,AOI-01,landsat,2021;2022;2023,2024,R2024-H3,3,AOI-01_b_-105_-28,0.00040173276042428,0.0001565685561496406,0.00012668439131215017,851
spatial_aggregation_order,primary_ndvi_first,rolling_origin,AOI-01,landsat,2021;2022;2023,2024,R2024-H3,3,AOI-01_b_-105_-29,0.0005393420469360855,0.00044784445711421706,0.00044784445711421706,846
spatial_aggregation_order,primary_ndvi_first,rolling_origin,AOI-01,landsat,2021;2022;2023,2024,R2024-H3,3,AOI-01_b_-105_-30,0.0009347988018131614,0.000651670304208604,0.0003358042703249538,645
spatial_aggregation_order,primary_ndvi_first,rolling_origin,AOI-01,landsat,2021;2022;2023,2024,R2024-H3,3,AOI-01_b_-105_-31,0.001894221449099033,0.0018746811429600427,0.0003906765417287268,3
spatial_aggregation_order,primary_ndvi_first,rolling_origin,AOI-01,landsat,2021;2022;2023,2024,R2024-H3,3,AOI-01_b_-106_-27,0.000171415434759445,8.389219791163957e-05,8.389219791163957e-05,720
spatial_aggregation_order,primary_ndvi_first,rolling_origin,AOI-01,landsat,2021;2022;2023,2024,R2024-H3,3,AOI-01_b_-106_-28,0.0004401294051301555,0.00033876480749996644,0.00033876480749996644,849
spatial_aggregation_order,primary_ndvi_first,rolling_origin,AOI-01,landsat,2021;2022;2023,2024,R2024-H3,3,AOI-01_b_-106_-29,0.002197253186604272,0.0007101576508960816,4.943342190085681e-06,843
spatial_aggregation_order,primary_ndvi_first,rolling_origin,AOI-01,landsat,2021;2022;2023,2024,R2024-H3,3,AOI-01_b_-106_-30,0.0019328372675205272,0.0013326797800131626,4.6590195401079e-05,726
spatial_aggregation_order,primary_ndvi_first,rolling_origin,AOI-01,landsat,2021;2022;2023,2024,R2024-H3,3,AOI-01_b_-107_-27,0.00036305518978055785,0.00022689316144158914,0.00022689316144158914,294
spatial_aggregation_order,primary_ndvi_first,rolling_origin,AOI-01,landsat,2021;2022;2023,2024,R2024-H3,3,AOI-01_b_-107_-28,0.00048468240293366935,0.00042729980701884836,0.00042729980701884836,618
spatial_aggregation_order,primary_ndvi_first,rolling_origin,AOI-01,landsat,2021;2022;2023,2024,R2024-H3,3,AOI-01_b_-107_-29,0.0006974336632494906,0.00047674527508471026,0.0003607070437504412,666
spatial_aggregation_order,primary_ndvi_first,rolling_origin,AOI-01,landsat,2021;2022;2023,2024,R2024-H3,3,AOI-01_b_-107_-30,0.0016609712403797211,0.001484769545296122,-0.0002704191935135412,387
spatial_aggregation_order,primary_ndvi_first,rolling_origin,AOI-01,landsat,2021;2022;2023,2024,R2024-H3,3,AOI-01_b_-108_-30,0.0021228397292466896,0.0020883605063498818,-0.0010543181651344314,3
spatial_aggregation_order,primary_ndvi_first,rolling_origin,AOI-01,landsat,2024,2025,R2025-H1,1,AOI-01_b_-100_-28,1.0868170440625453e-05,3.0928497407036585e-06,3.0928497407036585e-06,24
spatial_aggregation_order,primary_ndvi_first,rolling_origin,AOI-01,landsat,2024,2025,R2025-H1,1,AOI-01_b_-101_-28,0.00016702525774605611,6.032122067800439e-05,6.032122067800439e-05,266
spatial_aggregation_order,primary_ndvi_first,rolling_origin,AOI-01,landsat,2024,2025,R2025-H1,1,AOI-01_b_-101_-29,2.5441853136618804e-05,3.854959612137059e-06,3.854959612137059e-06,191
spatial_aggregation_order,primary_ndvi_first,rolling_origin,AOI-01,landsat,2024,2025,R2025-H1,1,AOI-01_b_-101_-30,0.0002163761398256442,7.437028711516183e-05,7.437028711516183e-05,257
spatial_aggregation_order,primary_ndvi_first,rolling_origin,AOI-01,landsat,2024,2025,R2025-H1,1,AOI-01_b_-101_-31,0.0007884307913941287,0.0006848869407445126,0.0006848869407445126,139
spatial_aggregation_order,primary_ndvi_first,rolling_origin,AOI-01,landsat,2024,2025,R2025-H1,1,AOI-01_b_-102_-27,0.0002414095692609197,8.48805415734547e-05,8.48805415734547e-05,142
spatial_aggregation_order,primary_ndvi_first,rolling_origin,AOI-01,landsat,2024,2025,R2025-H1,1,AOI-01_b_-102_-28,0.00042125026393568594,0.0001463987180032115,0.0001463987180032115,475
spatial_aggregation_order,primary_ndvi_first,rolling_origin,AOI-01,landsat,2024,2025,R2025-H1,1,AOI-01_b_-102_-29,0.0002966716245947589,0.00014377783478904978,0.00014377783478904978,410
spatial_aggregation_order,primary_ndvi_first,rolling_origin,AOI-01,landsat,2024,2025,R2025-H1,1,AOI-01_b_-102_-30,0.0003280158895964855,0.00015087323156749463,0.00015087323156749463,542
spatial_aggregation_order,primary_ndvi_first,rolling_origin,AOI-01,landsat,2024,2025,R2025-H1,1,AOI-01_b_-102_-31,0.0005952112947081555,0.0003941548017863241,0.0003941548017863241,439
spatial_aggregation_order,primary_ndvi_first,rolling_origin,AOI-01,landsat,2024,2025,R2025-H1,1,AOI-01_b_-103_-27,0.0003643631345095612,0.00020383672123765878,0.00020383672123765878,233
spatial_aggregation_order,primary_ndvi_first,rolling_origin,AOI-01,landsat,2024,2025,R2025-H1,1,AOI-01_b_-103_-28,0.0006152384876382566,0.00035075822778094494,0.00035075822778094494,342
spatial_aggregation_order,primary_ndvi_first,rolling_origin,AOI-01,landsat,2024,2025,R2025-H1,1,AOI-01_b_-103_-29,0.0010781445375142751,0.000775313452678948,0.0005144160394026465,368
spatial_aggregation_order,primary_ndvi_first,rolling_origin,AOI-01,landsat,2024,2025,R2025-H1,1,AOI-01_b_-103_-30,0.0007505579291281242,0.0005274020052552308,0.00044396253111534035,613
spatial_aggregation_order,primary_ndvi_first,rolling_origin,AOI-01,landsat,2024,2025,R2025-H1,1,AOI-01_b_-103_-31,0.0007302657028494163,0.00044326848492330195,0.0003239581771506598,283
spatial_aggregation_order,primary_ndvi_first,rolling_origin,AOI-01,landsat,2024,2025,R2025-H1,1,AOI-01_b_-104_-27,0.006144527321098775,0.0020764750353422182,-0.0017954019815078798,154
spatial_aggregation_order,primary_ndvi_first,rolling_origin,AOI-01,landsat,2024,2025,R2025-H1,1,AOI-01_b_-104_-28,0.0030388193392956605,0.0006441943922309485,-0.00015581664002244685,252
spatial_aggregation_order,primary_ndvi_first,rolling_origin,AOI-01,landsat,2024,2025,R2025-H1,1,AOI-01_b_-104_-29,0.0007281904622657885,0.0005028414063871875,0.00046395318735983806,551
spatial_aggregation_order,primary_ndvi_first,rolling_origin,AOI-01,landsat,2024,2025,R2025-H1,1,AOI-01_b_-104_-30,0.001212111690816467,0.0007741422071337735,0.00010540874991089475,516
spatial_aggregation_order,primary_ndvi_first,rolling_origin,AOI-01,landsat,2024,2025,R2025-H1,1,AOI-01_b_-104_-31,0.0034636603399884835,0.0030515106983036535,-0.00282488870180238,339
spatial_aggregation_order,primary_ndvi_first,rolling_origin,AOI-01,landsat,2024,2025,R2025-H1,1,AOI-01_b_-105_-26,0.00028214053807415853,0.00014184951757933715,0.00014184951757933715,114
spatial_aggregation_order,primary_ndvi_first,rolling_origin,AOI-01,landsat,2024,2025,R2025-H1,1,AOI-01_b_-105_-27,0.0003252624628542523,8.926580221548006e-05,8.167108212602142e-05,833
spatial_aggregation_order,primary_ndvi_first,rolling_origin,AOI-01,landsat,2024,2025,R2025-H1,1,AOI-01_b_-105_-28,0.00045605420936467936,0.00022807878742717543,0.00019685496558240526,774
spatial_aggregation_order,primary_ndvi_first,rolling_origin,AOI-01,landsat,2024,2025,R2025-H1,1,AOI-01_b_-105_-29,0.0007089831717275653,0.0005682301244235825,0.0005682301244235825,760
spatial_aggregation_order,primary_ndvi_first,rolling_origin,AOI-01,landsat,2024,2025,R2025-H1,1,AOI-01_b_-105_-30,0.001862827146807736,0.001055263095134596,-0.0003008556347754555,612
spatial_aggregation_order,primary_ndvi_first,rolling_origin,AOI-01,landsat,2024,2025,R2025-H1,1,AOI-01_b_-105_-31,0.0053169741356281245,0.005302106469542888,-0.005302106469542888,3
spatial_aggregation_order,primary_ndvi_first,rolling_origin,AOI-01,landsat,2024,2025,R2025-H1,1,AOI-01_b_-106_-27,0.00018656243451937402,9.575593032590421e-05,9.575593032590421e-05,720
spatial_aggregation_order,primary_ndvi_first,rolling_origin,AOI-01,landsat,2024,2025,R2025-H1,1,AOI-01_b_-106_-28,0.0006079630745328087,0.0005220817180760551,0.0005220817180760551,849
spatial_aggregation_order,primary_ndvi_first,rolling_origin,AOI-01,landsat,2024,2025,R2025-H1,1,AOI-01_b_-106_-29,0.002174732052492583,0.0009677149840971907,0.00035148306457976757,843
spatial_aggregation_order,primary_ndvi_first,rolling_origin,AOI-01,landsat,2024,2025,R2025-H1,1,AOI-01_b_-106_-30,0.0023157781724275376,0.001799145042171624,-0.00037475668607302984,726
spatial_aggregation_order,primary_ndvi_first,rolling_origin,AOI-01,landsat,2024,2025,R2025-H1,1,AOI-01_b_-107_-27,0.0003710102401972778,0.00023820460089130665,0.00023820460089130665,294
spatial_aggregation_order,primary_ndvi_first,rolling_origin,AOI-01,landsat,2024,2025,R2025-H1,1,AOI-01_b_-107_-28,0.0006138096494982107,0.0005615869457835012,0.0005615869457835012,618
spatial_aggregation_order,primary_ndvi_first,rolling_origin,AOI-01,landsat,2024,2025,R2025-H1,1,AOI-01_b_-107_-29,0.0008433141993226562,0.0006344795639203422,0.0004878622472759795,666
spatial_aggregation_order,primary_ndvi_first,rolling_origin,AOI-01,landsat,2024,2025,R2025-H1,1,AOI-01_b_-107_-30,0.0018012319262628493,0.0016350667347295514,-9.112154496455815e-05,387
spatial_aggregation_order,primary_ndvi_first,rolling_origin,AOI-01,landsat,2024,2025,R2025-H1,1,AOI-01_b_-108_-30,0.0019163196160404622,0.0019078566013205885,-0.0019078566013205885,3
spatial_aggregation_order,primary_ndvi_first,rolling_origin,AOI-01,landsat,2023;2024,2025,R2025-H2,2,AOI-01_b_-100_-28,1.9794574326565793e-06,4.040550564640179e-07,4.040550564640179e-07,24
spatial_aggregation_order,primary_ndvi_first,rolling_origin,AOI-01,landsat,2023;2024,2025,R2025-H2,2,AOI-01_b_-101_-28,0.00016183190122970575,5.654703607439581e-05,5.654703607439581e-05,266
spatial_aggregation_order,primary_ndvi_first,rolling_origin,AOI-01,landsat,2023;2024,2025,R2025-H2,2,AOI-01_b_-101_-29,2.150227328256764e-05,2.8593759689437173e-06,2.8593759689437173e-06,191
spatial_aggregation_order,primary_ndvi_first,rolling_origin,AOI-01,landsat,2023;2024,2025,R2025-H2,2,AOI-01_b_-101_-30,0.00021400094237189463,7.130090378352042e-05,7.130090378352042e-05,257
spatial_aggregation_order,primary_ndvi_first,rolling_origin,AOI-01,landsat,2023;2024,2025,R2025-H2,2,AOI-01_b_-101_-31,0.0007929405534990131,0.0006817831099120774,0.0006817831099120774,139
spatial_aggregation_order,primary_ndvi_first,rolling_origin,AOI-01,landsat,2023;2024,2025,R2025-H2,2,AOI-01_b_-102_-27,0.00024002451989832245,7.987355907147485e-05,7.987355907147485e-05,142
spatial_aggregation_order,primary_ndvi_first,rolling_origin,AOI-01,landsat,2023;2024,2025,R2025-H2,2,AOI-01_b_-102_-28,0.00042797612840625866,0.00014302314134562207,0.00014302314134562207,475
spatial_aggregation_order,primary_ndvi_first,rolling_origin,AOI-01,landsat,2023;2024,2025,R2025-H2,2,AOI-01_b_-102_-29,0.0002929691688349172,0.00013720791937437055,0.00013720791937437055,410
spatial_aggregation_order,primary_ndvi_first,rolling_origin,AOI-01,landsat,2023;2024,2025,R2025-H2,2,AOI-01_b_-102_-30,0.0003265195463228888,0.0001463488180323949,0.0001463488180323949,542
spatial_aggregation_order,primary_ndvi_first,rolling_origin,AOI-01,landsat,2023;2024,2025,R2025-H2,2,AOI-01_b_-102_-31,0.0005984822111624467,0.0003891184046452559,0.0003891184046452559,439
spatial_aggregation_order,primary_ndvi_first,rolling_origin,AOI-01,landsat,2023;2024,2025,R2025-H2,2,AOI-01_b_-103_-27,0.00036102974447502857,0.00019593624858536149,0.00019593624858536149,233
spatial_aggregation_order,primary_ndvi_first,rolling_origin,AOI-01,landsat,2023;2024,2025,R2025-H2,2,AOI-01_b_-103_-28,0.0006226421943759307,0.00034938830032348137,0.00034938830032348137,342
spatial_aggregation_order,primary_ndvi_first,rolling_origin,AOI-01,landsat,2023;2024,2025,R2025-H2,2,AOI-01_b_-103_-29,0.0010873058390650676,0.000774332340901015,0.0005169597107524195,368
spatial_aggregation_order,primary_ndvi_first,rolling_origin,AOI-01,landsat,2023;2024,2025,R2025-H2,2,AOI-01_b_-103_-30,0.0007533423899633605,0.000520976042356888,0.00043754516979560137,613
spatial_aggregation_order,primary_ndvi_first,rolling_origin,AOI-01,landsat,2023;2024,2025,R2025-H2,2,AOI-01_b_-103_-31,0.0007327526783547195,0.0004371952160741792,0.0003186271159338945,283
spatial_aggregation_order,primary_ndvi_first,rolling_origin,AOI-01,landsat,2023;2024,2025,R2025-H2,2,AOI-01_b_-104_-27,0.0061093994908581785,0.0020620020715203316,-0.0017910461742847634,154
spatial_aggregation_order,primary_ndvi_first,rolling_origin,AOI-01,landsat,2023;2024,2025,R2025-H2,2,AOI-01_b_-104_-28,0.0030369082571889724,0.0006379210645279926,-0.00016122762546866656,252
spatial_aggregation_order,primary_ndvi_first,rolling_origin,AOI-01,landsat,2023;2024,2025,R2025-H2,2,AOI-01_b_-104_-29,0.0007331657769919032,0.0004981539063400723,0.00045921597583220683,551
spatial_aggregation_order,primary_ndvi_first,rolling_origin,AOI-01,landsat,2023;2024,2025,R2025-H2,2,AOI-01_b_-104_-30,0.0012133586441765945,0.0007682050765175845,0.000101642107980826,516
spatial_aggregation_order,primary_ndvi_first,rolling_origin,AOI-01,landsat,2023;2024,2025,R2025-H2,2,AOI-01_b_-104_-31,0.0034341349980863255,0.0030215251417883915,-0.00279274221973339,339
spatial_aggregation_order,primary_ndvi_first,rolling_origin,AOI-01,landsat,2023;2024,2025,R2025-H2,2,AOI-01_b_-105_-26,0.0002769845865204651,0.0001371650662612825,0.0001371650662612825,114
spatial_aggregation_order,primary_ndvi_first,rolling_origin,AOI-01,landsat,2023;2024,2025,R2025-H2,2,AOI-01_b_-105_-27,0.00032902869213568967,8.611836916197481e-05,7.85280545615224e-05,833
spatial_aggregation_order,primary_ndvi_first,rolling_origin,AOI-01,landsat,2023;2024,2025,R2025-H2,2,AOI-01_b_-105_-28,0.0004553047053824706,0.00021888481436119564,0.000187745901554743,774
spatial_aggregation_order,primary_ndvi_first,rolling_origin,AOI-01,landsat,2023;2024,2025,R2025-H2,2,AOI-01_b_-105_-29,0.0007123368219018709,0.0005642771600645627,0.0005642771600645627,760
spatial_aggregation_order,primary_ndvi_first,rolling_origin,AOI-01,landsat,2023;2024,2025,R2025-H2,2,AOI-01_b_-105_-30,0.0018517879411663433,0.0010457554414458996,-0.0002994798434314625,612
spatial_aggregation_order,primary_ndvi_first,rolling_origin,AOI-01,landsat,2023;2024,2025,R2025-H2,2,AOI-01_b_-105_-31,0.005233319756096117,0.005216826590272539,-0.005216826590272539,3
spatial_aggregation_order,primary_ndvi_first,rolling_origin,AOI-01,landsat,2023;2024,2025,R2025-H2,2,AOI-01_b_-106_-27,0.00017697037366795016,8.72486702649416e-05,8.72486702649416e-05,720
spatial_aggregation_order,primary_ndvi_first,rolling_origin,AOI-01,landsat,2023;2024,2025,R2025-H2,2,AOI-01_b_-106_-28,0.0006048238017395111,0.0005109165036863451,0.0005109165036863451,849
spatial_aggregation_order,primary_ndvi_first,rolling_origin,AOI-01,landsat,2023;2024,2025,R2025-H2,2,AOI-01_b_-106_-29,0.002144611342679242,0.000962678439122345,0.00035644943552866636,843
spatial_aggregation_order,primary_ndvi_first,rolling_origin,AOI-01,landsat,2023;2024,2025,R2025-H2,2,AOI-01_b_-106_-30,0.002279032167155391,0.0017815719843794664,-0.0003353486903096639,726
spatial_aggregation_order,primary_ndvi_first,rolling_origin,AOI-01,landsat,2023;2024,2025,R2025-H2,2,AOI-01_b_-107_-27,0.00036500365517493717,0.00022876966497079458,0.00022876966497079458,294
spatial_aggregation_order,primary_ndvi_first,rolling_origin,AOI-01,landsat,2023;2024,2025,R2025-H2,2,AOI-01_b_-107_-28,0.0006088256968226603,0.0005520190605531168,0.0005520190605531168,618
spatial_aggregation_order,primary_ndvi_first,rolling_origin,AOI-01,landsat,2023;2024,2025,R2025-H2,2,AOI-01_b_-107_-29,0.0008450656590980239,0.0006329630729510599,0.0004896945328172477,666
spatial_aggregation_order,primary_ndvi_first,rolling_origin,AOI-01,landsat,2023;2024,2025,R2025-H2,2,AOI-01_b_-107_-30,0.001780868319956312,0.0016198996473528883,-4.654776765811827e-05,387
spatial_aggregation_order,primary_ndvi_first,rolling_origin,AOI-01,landsat,2023;2024,2025,R2025-H2,2,AOI-01_b_-108_-30,0.001859262287506999,0.001849736453960517,-0.001849736453960517,3
spatial_aggregation_order,primary_ndvi_first,rolling_origin,AOI-01,landsat,2022;2023;2024,2025,R2025-H3,3,AOI-01_b_-100_-28,0.0,0.0,0.0,24
spatial_aggregation_order,primary_ndvi_first,rolling_origin,AOI-01,landsat,2022;2023;2024,2025,R2025-H3,3,AOI-01_b_-101_-28,0.00013657841688046916,4.514163635461261e-05,4.514163635461261e-05,266
spatial_aggregation_order,primary_ndvi_first,rolling_origin,AOI-01,landsat,2022;2023;2024,2025,R2025-H3,3,AOI-01_b_-101_-29,1.457699038881835e-05,1.7630102459110567e-06,1.7630102459110567e-06,191
spatial_aggregation_order,primary_ndvi_first,rolling_origin,AOI-01,landsat,2022;2023;2024,2025,R2025-H3,3,AOI-01_b_-101_-30,0.00018609774452009722,5.9270537703508705e-05,5.9270537703508705e-05,257
spatial_aggregation_order,primary_ndvi_first,rolling_origin,AOI-01,landsat,2022;2023;2024,2025,R2025-H3,3,AOI-01_b_-101_-31,0.0007052177576898799,0.0005974031272398556,0.0005974031272398556,139
spatial_aggregation_order,primary_ndvi_first,rolling_origin,AOI-01,landsat,2022;2023;2024,2025,R2025-H3,3,AOI-01_b_-102_-27,0.00021062800122966478,6.579361610456838e-05,6.579361610456838e-05,142
spatial_aggregation_order,primary_ndvi_first,rolling_origin,AOI-01,landsat,2022;2023;2024,2025,R2025-H3,3,AOI-01_b_-102_-28,0.00038661771431419196,0.00012244914991004204,0.00012244914991004204,475
spatial_aggregation_order,primary_ndvi_first,rolling_origin,AOI-01,landsat,2022;2023;2024,2025,R2025-H3,3,AOI-01_b_-102_-29,0.00025423720985503595,0.00011386618605949138,0.00011386618605949138,410
spatial_aggregation_order,primary_ndvi_first,rolling_origin,AOI-01,landsat,2022;2023;2024,2025,R2025-H3,3,AOI-01_b_-102_-30,0.00028644310818763907,0.00012409812642785105,0.00012409812642785105,542
spatial_aggregation_order,primary_ndvi_first,rolling_origin,AOI-01,landsat,2022;2023;2024,2025,R2025-H3,3,AOI-01_b_-102_-31,0.0005323565362991172,0.00033781688452014783,0.00033781688452014783,439
spatial_aggregation_order,primary_ndvi_first,rolling_origin,AOI-01,landsat,2022;2023;2024,2025,R2025-H3,3,AOI-01_b_-103_-27,0.00031479837451415,0.00016297901830376405,0.00016297901830376405,233
spatial_aggregation_order,primary_ndvi_first,rolling_origin,AOI-01,landsat,2022;2023;2024,2025,R2025-H3,3,AOI-01_b_-103_-28,0.0005588408542146165,0.00030741908121086954,0.00030741908121086954,342
spatial_aggregation_order,primary_ndvi_first,rolling_origin,AOI-01,landsat,2022;2023;2024,2025,R2025-H3,3,AOI-01_b_-103_-29,0.0010295648196409417,0.0007064989086371772,0.0004352351241915605,368
spatial_aggregation_order,primary_ndvi_first,rolling_origin,AOI-01,landsat,2022;2023;2024,2025,R2025-H3,3,AOI-01_b_-103_-30,0.0006959518259922115,0.00045789004660197057,0.0003719826811883359,613
spatial_aggregation_order,primary_ndvi_first,rolling_origin,AOI-01,landsat,2022;2023;2024,2025,R2025-H3,3,AOI-01_b_-103_-31,0.0006899756977129944,0.00038837328169228876,0.00026471390170248896,283
spatial_aggregation_order,primary_ndvi_first,rolling_origin,AOI-01,landsat,2022;2023;2024,2025,R2025-H3,3,AOI-01_b_-104_-27,0.006186359145295104,0.0020643931850893313,-0.0018371114623485915,154
spatial_aggregation_order,primary_ndvi_first,rolling_origin,AOI-01,landsat,2022;2023;2024,2025,R2025-H3,3,AOI-01_b_-104_-28,0.0030442346314596778,0.0006060227738322277,-0.00019888579002351773,252
spatial_aggregation_order,primary_ndvi_first,rolling_origin,AOI-01,landsat,2022;2023;2024,2025,R2025-H3,3,AOI-01_b_-104_-29,0.000666556795795509,0.0004366644549913047,0.00039711415458213936,551
spatial_aggregation_order,primary_ndvi_first,rolling_origin,AOI-01,landsat,2022;2023;2024,2025,R2025-H3,3,AOI-01_b_-104_-30,0.001204360065717938,0.0007229196599586093,3.341574471190077e-05,516
spatial_aggregation_order,primary_ndvi_first,rolling_origin,AOI-01,landsat,2022;2023;2024,2025,R2025-H3,3,AOI-01_b_-104_-31,0.0035541341880398055,0.0031376624619841786,-0.0029332117028130836,339
spatial_aggregation_order,primary_ndvi_first,rolling_origin,AOI-01,landsat,2022;2023;2024,2025,R2025-H3,3,AOI-01_b_-105_-26,0.00023786588769765174,0.00011492930858067566,0.00011492930858067566,114
spatial_aggregation_order,primary_ndvi_first,rolling_origin,AOI-01,landsat,2022;2023;2024,2025,R2025-H3,3,AOI-01_b_-105_-27,0.00030132229233124946,7.317621870136032e-05,6.53527985679311e-05,833
spatial_aggregation_order,primary_ndvi_first,rolling_origin,AOI-01,landsat,2022;2023;2024,2025,R2025-H3,3,AOI-01_b_-105_-28,0.0004185931417648911,0.00018474200918559085,0.0001525028808769482,774
spatial_aggregation_order,primary_ndvi_first,rolling_origin,AOI-01,landsat,2022;2023;2024,2025,R2025-H3,3,AOI-01_b_-105_-29,0.0006326854720515879,0.0004931209137750916,0.0004931209137750916,760
spatial_aggregation_order,primary_ndvi_first,rolling_origin,AOI-01,landsat,2022;2023;2024,2025,R2025-H3,3,AOI-01_b_-105_-30,0.001882126133148634,0.0010217725734384382,-0.000373050225887853,612
spatial_aggregation_order,primary_ndvi_first,rolling_origin,AOI-01,landsat,2022;2023;2024,2025,R2025-H3,3,AOI-01_b_-105_-31,0.005450202545071816,0.005436300631789989,-0.005436300631789989,3
spatial_aggregation_order,primary_ndvi_first,rolling_origin,AOI-01,landsat,2022;2023;2024,2025,R2025-H3,3,AOI-01_b_-106_-27,0.00014463930465785248,6.69935902098463e-05,6.69935902098463e-05,720
spatial_aggregation_order,primary_ndvi_first,rolling_origin,AOI-01,landsat,2022;2023;2024,2025,R2025-H3,3,AOI-01_b_-106_-28,0.000529785775153121,0.0004363093891833758,0.0004363093891833758,849
spatial_aggregation_order,primary_ndvi_first,rolling_origin,AOI-01,landsat,2022;2023;2024,2025,R2025-H3,3,AOI-01_b_-106_-29,0.0021754304849738496,0.0008969239395439794,0.0002663939489072295,843
spatial_aggregation_order,primary_ndvi_first,rolling_origin,AOI-01,landsat,2022;2023;2024,2025,R2025-H3,3,AOI-01_b_-106_-30,0.0023511314466969544,0.0017896196175087378,-0.00048687348011329284,726
spatial_aggregation_order,primary_ndvi_first,rolling_origin,AOI-01,landsat,2022;2023;2024,2025,R2025-H3,3,AOI-01_b_-107_-27,0.00031472248572746625,0.00019055141033846211,0.00019055141033846211,294
spatial_aggregation_order,primary_ndvi_first,rolling_origin,AOI-01,landsat,2022;2023;2024,2025,R2025-H3,3,AOI-01_b_-107_-28,0.0005306043446273598,0.0004744741638247919,0.0004744741638247919,618
spatial_aggregation_order,primary_ndvi_first,rolling_origin,AOI-01,landsat,2022;2023;2024,2025,R2025-H3,3,AOI-01_b_-107_-29,0.0007903128071600083,0.0005727030866869657,0.00041800309041427455,666
spatial_aggregation_order,primary_ndvi_first,rolling_origin,AOI-01,landsat,2022;2023;2024,2025,R2025-H3,3,AOI-01_b_-107_-30,0.0018194879401867202,0.0016295681624477877,-0.00020631972281148233,387
spatial_aggregation_order,primary_ndvi_first,rolling_origin,AOI-01,landsat,2022;2023;2024,2025,R2025-H3,3,AOI-01_b_-108_-30,0.0020370057125294353,0.002029376353128241,-0.002029376353128241,3
spatial_aggregation_order,primary_ndvi_first,rolling_origin,AOI-01,modis,2023,2024,R2024-H1,1,AOI-01_b_-100_-28,0.0,0.0,0.0,42
spatial_aggregation_order,primary_ndvi_first,rolling_origin,AOI-01,modis,2023,2024,R2024-H1,1,AOI-01_b_-101_-28,0.0,0.0,0.0,528
spatial_aggregation_order,primary_ndvi_first,rolling_origin,AOI-01,modis,2023,2024,R2024-H1,1,AOI-01_b_-101_-29,1.0291014836521336e-05,8.757566638743039e-07,8.757566638743039e-07,501
spatial_aggregation_order,primary_ndvi_first,rolling_origin,AOI-01,modis,2023,2024,R2024-H1,1,AOI-01_b_-101_-30,8.456955525257117e-05,2.175457209320482e-05,2.175457209320482e-05,432
spatial_aggregation_order,primary_ndvi_first,rolling_origin,AOI-01,modis,2023,2024,R2024-H1,1,AOI-01_b_-101_-31,0.0005022229647332682,0.0004881725423796533,0.0004881725423796533,150
spatial_aggregation_order,primary_ndvi_first,rolling_origin,AOI-01,modis,2023,2024,R2024-H1,1,AOI-01_b_-102_-27,0.0001402124569199239,8.73220495613985e-05,8.73220495613985e-05,156
spatial_aggregation_order,primary_ndvi_first,rolling_origin,AOI-01,modis,2023,2024,R2024-H1,1,AOI-01_b_-102_-28,0.00011359067806578463,4.1325998970010535e-05,4.1325998970010535e-05,801
spatial_aggregation_order,primary_ndvi_first,rolling_origin,AOI-01,modis,2023,2024,R2024-H1,1,AOI-01_b_-102_-29,0.00013370095056813457,5.41086610462917e-05,5.41086610462917e-05,849
spatial_aggregation_order,primary_ndvi_first,rolling_origin,AOI-01,modis,2023,2024,R2024-H1,1,AOI-01_b_-102_-30,0.00017914443862779747,9.158565652218363e-05,9.158565652218363e-05,849
spatial_aggregation_order,primary_ndvi_first,rolling_origin,AOI-01,modis,2023,2024,R2024-H1,1,AOI-01_b_-102_-31,0.0004441428657058655,0.000332878564320572,0.000332878564320572,486
spatial_aggregation_order,primary_ndvi_first,rolling_origin,AOI-01,modis,2023,2024,R2024-H1,1,AOI-01_b_-103_-27,0.00017738280417777338,9.995734879294862e-05,9.995734879294862e-05,315
spatial_aggregation_order,primary_ndvi_first,rolling_origin,AOI-01,modis,2023,2024,R2024-H1,1,AOI-01_b_-103_-28,0.0002244595488146403,0.00013631036398995127,0.00013631036398995127,846
spatial_aggregation_order,primary_ndvi_first,rolling_origin,AOI-01,modis,2023,2024,R2024-H1,1,AOI-01_b_-103_-29,0.0006274288395474251,0.00047524904844423475,0.00047524904844423475,843
spatial_aggregation_order,primary_ndvi_first,rolling_origin,AOI-01,modis,2023,2024,R2024-H1,1,AOI-01_b_-103_-30,0.0005503877455612146,0.00047150196820621267,0.00047150196820621267,846
spatial_aggregation_order,primary_ndvi_first,rolling_origin,AOI-01,modis,2023,2024,R2024-H1,1,AOI-01_b_-103_-31,0.0005553107344562355,0.00044854544880178963,0.00044854544880178963,336
spatial_aggregation_order,primary_ndvi_first,rolling_origin,AOI-01,modis,2023,2024,R2024-H1,1,AOI-01_b_-104_-27,0.006061866851219968,0.0015790652980317568,-0.0013781273570335727,525
spatial_aggregation_order,primary_ndvi_first,rolling_origin,AOI-01,modis,2023,2024,R2024-H1,1,AOI-01_b_-104_-28,0.0019296842764499967,0.00026422846397945184,-0.00013481096971556633,846
spatial_aggregation_order,primary_ndvi_first,rolling_origin,AOI-01,modis,2023,2024,R2024-H1,1,AOI-01_b_-104_-29,0.0006724687918628656,0.0006131714423291833,0.0006131714423291833,843
spatial_aggregation_order,primary_ndvi_first,rolling_origin,AOI-01,modis,2023,2024,R2024-H1,1,AOI-01_b_-104_-30,0.0006868466700427088,0.0006384715156778345,0.0006384715156778345,843
spatial_aggregation_order,primary_ndvi_first,rolling_origin,AOI-01,modis,2023,2024,R2024-H1,1,AOI-01_b_-104_-31,0.0014268840633143243,0.001290679047044732,0.0003546742114603219,423
spatial_aggregation_order,primary_ndvi_first,rolling_origin,AOI-01,modis,2023,2024,R2024-H1,1,AOI-01_b_-105_-26,0.00020088418803915336,8.767063429450545e-05,8.767063429450545e-05,114
spatial_aggregation_order,primary_ndvi_first,rolling_origin,AOI-01,modis,2023,2024,R2024-H1,1,AOI-01_b_-105_-27,0.00021463939022804218,4.810585674186197e-05,2.806265620959039e-05,849
spatial_aggregation_order,primary_ndvi_first,rolling_origin,AOI-01,modis,2023,2024,R2024-H1,1,AOI-01_b_-105_-28,0.00033875927485617704,0.0001634114872148725,0.0001329141977702092,852
spatial_aggregation_order,primary_ndvi_first,rolling_origin,AOI-01,modis,2023,2024,R2024-H1,1,AOI-01_b_-105_-29,0.0005703650325024123,0.000511849600428895,0.000511849600428895,849
spatial_aggregation_order,primary_ndvi_first,rolling_origin,AOI-01,modis,2023,2024,R2024-H1,1,AOI-01_b_-105_-30,0.0012675266471521864,0.0008481114303923417,0.00039880929077889,645
spatial_aggregation_order,primary_ndvi_first,rolling_origin,AOI-01,modis,2023,2024,R2024-H1,1,AOI-01_b_-105_-31,0.0019522831293387565,0.0019463760044372725,0.0005057940044850112,3
spatial_aggregation_order,primary_ndvi_first,rolling_origin,AOI-01,modis,2023,2024,R2024-H1,1,AOI-01_b_-106_-27,0.00025803250160408303,0.0001487778090304057,0.0001487778090304057,720
spatial_aggregation_order,primary_ndvi_first,rolling_origin,AOI-01,modis,2023,2024,R2024-H1,1,AOI-01_b_-106_-28,0.0005238027987345027,0.0004518447398174366,0.0004518447398174366,849
spatial_aggregation_order,primary_ndvi_first,rolling_origin,AOI-01,modis,2023,2024,R2024-H1,1,AOI-01_b_-106_-29,0.002497187535309382,0.0009314169572763511,0.00016510686180175142,843
spatial_aggregation_order,primary_ndvi_first,rolling_origin,AOI-01,modis,2023,2024,R2024-H1,1,AOI-01_b_-106_-30,0.002291263054238083,0.0014482450329004833,-5.645882453593823e-05,726
spatial_aggregation_order,primary_ndvi_first,rolling_origin,AOI-01,modis,2023,2024,R2024-H1,1,AOI-01_b_-107_-27,0.000495205499346672,0.0003461156963652209,0.0003461156963652209,294
spatial_aggregation_order,primary_ndvi_first,rolling_origin,AOI-01,modis,2023,2024,R2024-H1,1,AOI-01_b_-107_-28,0.0006803047751950319,0.0006394563905678157,0.0006394563905678157,618
spatial_aggregation_order,primary_ndvi_first,rolling_origin,AOI-01,modis,2023,2024,R2024-H1,1,AOI-01_b_-107_-29,0.0007591188953554005,0.0005642573528940961,0.0004454096119958022,666
spatial_aggregation_order,primary_ndvi_first,rolling_origin,AOI-01,modis,2023,2024,R2024-H1,1,AOI-01_b_-107_-30,0.0017563245776678572,0.0015818674991418978,-0.0002859876764128886,387
spatial_aggregation_order,primary_ndvi_first,rolling_origin,AOI-01,modis,2023,2024,R2024-H1,1,AOI-01_b_-108_-30,0.0021251910044918494,0.0021045263064472363,-0.0009802453326886423,3
spatial_aggregation_order,primary_ndvi_first,rolling_origin,AOI-01,modis,2022;2023,2024,R2024-H2,2,AOI-01_b_-100_-28,0.0,0.0,0.0,42
spatial_aggregation_order,primary_ndvi_first,rolling_origin,AOI-01,modis,2022;2023,2024,R2024-H2,2,AOI-01_b_-101_-28,0.0,0.0,0.0,528
spatial_aggregation_order,primary_ndvi_first,rolling_origin,AOI-01,modis,2022;2023,2024,R2024-H2,2,AOI-01_b_-101_-29,1.3508978711697891e-05,1.2782563819860026e-06,1.2782563819860026e-06,501
spatial_aggregation_order,primary_ndvi_first,rolling_origin,AOI-01,modis,2022;2023,2024,R2024-H2,2,AOI-01_b_-101_-30,9.665229302393454e-05,2.644277886637659e-05,2.644277886637659e-05,432
spatial_aggregation_order,primary_ndvi_first,rolling_origin,AOI-01,modis,2022;2023,2024,R2024-H2,2,AOI-01_b_-101_-31,0.0005560161946809539,0.000542074276357255,0.000542074276357255,150
spatial_aggregation_order,primary_ndvi_first,rolling_origin,AOI-01,modis,2022;2023,2024,R2024-H2,2,AOI-01_b_-102_-27,0.00016638931789612077,0.00011038423816547114,0.00011038423816547114,156
spatial_aggregation_order,primary_ndvi_first,rolling_origin,AOI-01,modis,2022;2023,2024,R2024-H2,2,AOI-01_b_-102_-28,0.000130293733931974,4.931424065485791e-05,4.931424065485791e-05,801
spatial_aggregation_order,primary_ndvi_first,rolling_origin,AOI-01,modis,2022;2023,2024,R2024-H2,2,AOI-01_b_-102_-29,0.0001526697822320994,6.461713686141317e-05,6.461713686141317e-05,849
spatial_aggregation_order,primary_ndvi_first,rolling_origin,AOI-01,modis,2022;2023,2024,R2024-H2,2,AOI-01_b_-102_-30,0.0002034885396179529,0.00010711226170193734,0.00010711226170193734,849
spatial_aggregation_order,primary_ndvi_first,rolling_origin,AOI-01,modis,2022;2023,2024,R2024-H2,2,AOI-01_b_-102_-31,0.0004886044251902833,0.0003738302912549973,0.0003738302912549973,486
spatial_aggregation_order,primary_ndvi_first,rolling_origin,AOI-01,modis,2022;2023,2024,R2024-H2,2,AOI-01_b_-103_-27,0.00020333530442300277,0.00011948526468578835,0.00011948526468578835,315
spatial_aggregation_order,primary_ndvi_first,rolling_origin,AOI-01,modis,2022;2023,2024,R2024-H2,2,AOI-01_b_-103_-28,0.00025399653951967393,0.00015971072856200603,0.00015971072856200603,846
spatial_aggregation_order,primary_ndvi_first,rolling_origin,AOI-01,modis,2022;2023,2024,R2024-H2,2,AOI-01_b_-103_-29,0.0006810461916958744,0.0005244865728341032,0.0005244865728341032,843
spatial_aggregation_order,primary_ndvi_first,rolling_origin,AOI-01,modis,2022;2023,2024,R2024-H2,2,AOI-01_b_-103_-30,0.0006031492895976506,0.0005215518658935296,0.0005215518658935296,846
spatial_aggregation_order,primary_ndvi_first,rolling_origin,AOI-01,modis,2022;2023,2024,R2024-H2,2,AOI-01_b_-103_-31,0.0006069397097013192,0.0004989665218590835,0.0004989665218590835,336
spatial_aggregation_order,primary_ndvi_first,rolling_origin,AOI-01,modis,2022;2023,2024,R2024-H2,2,AOI-01_b_-104_-27,0.005998332364570333,0.001570885734659971,-0.0013447030637880138,525
spatial_aggregation_order,primary_ndvi_first,rolling_origin,AOI-01,modis,2022;2023,2024,R2024-H2,2,AOI-01_b_-104_-28,0.001913212479522762,0.0002742062811751736,-0.0001191653979825383,846
spatial_aggregation_order,primary_ndvi_first,rolling_origin,AOI-01,modis,2022;2023,2024,R2024-H2,2,AOI-01_b_-104_-29,0.0007328244209846321,0.0006725791288953873,0.0006725791288953873,843
spatial_aggregation_order,primary_ndvi_first,rolling_origin,AOI-01,modis,2022;2023,2024,R2024-H2,2,AOI-01_b_-104_-30,0.0007484213231815277,0.0006993833439065237,0.0006993833439065237,843
spatial_aggregation_order,primary_ndvi_first,rolling_origin,AOI-01,modis,2022;2023,2024,R2024-H2,2,AOI-01_b_-104_-31,0.001442611166465352,0.0013330525917905215,0.00044088599949629944,423
spatial_aggregation_order,primary_ndvi_first,rolling_origin,AOI-01,modis,2022;2023,2024,R2024-H2,2,AOI-01_b_-105_-26,0.00022405859623218153,0.0001015355584389542,0.0001015355584389542,114
spatial_aggregation_order,primary_ndvi_first,rolling_origin,AOI-01,modis,2022;2023,2024,R2024-H2,2,AOI-01_b_-105_-27,0.00022058831128513555,5.437006206084909e-05,3.494127604370983e-05,849
spatial_aggregation_order,primary_ndvi_first,rolling_origin,AOI-01,modis,2022;2023,2024,R2024-H2,2,AOI-01_b_-105_-28,0.0003592819711528639,0.00018618215219602527,0.00015631212122263914,852
spatial_aggregation_order,primary_ndvi_first,rolling_origin,AOI-01,modis,2022;2023,2024,R2024-H2,2,AOI-01_b_-105_-29,0.0006253049395654933,0.0005652957381139602,0.0005652957381139602,849
spatial_aggregation_order,primary_ndvi_first,rolling_origin,AOI-01,modis,2022;2023,2024,R2024-H2,2,AOI-01_b_-105_-30,0.001281626756027598,0.0008978823015383237,0.0004645767440836641,645
spatial_aggregation_order,primary_ndvi_first,rolling_origin,AOI-01,modis,2022;2023,2024,R2024-H2,2,AOI-01_b_-105_-31,0.001986742417744757,0.001986360799601869,0.0006257483693373379,3
spatial_aggregation_order,primary_ndvi_first,rolling_origin,AOI-01,modis,2022;2023,2024,R2024-H2,2,AOI-01_b_-106_-27,0.0002882379950108652,0.00017140341473084685,0.00017140341473084685,720
spatial_aggregation_order,primary_ndvi_first,rolling_origin,AOI-01,modis,2022;2023,2024,R2024-H2,2,AOI-01_b_-106_-28,0.0005754939890023741,0.0005029742991203435,0.0005029742991203435,849
spatial_aggregation_order,primary_ndvi_first,rolling_origin,AOI-01,modis,2022;2023,2024,R2024-H2,2,AOI-01_b_-106_-29,0.0024995860030088716,0.0009795725043512335,0.00022065644701658654,843
spatial_aggregation_order,primary_ndvi_first,rolling_origin,AOI-01,modis,2022;2023,2024,R2024-H2,2,AOI-01_b_-106_-30,0.0022705579226474006,0.0014803744971534519,2.596901119721661e-05,726
spatial_aggregation_order,primary_ndvi_first,rolling_origin,AOI-01,modis,2022;2023,2024,R2024-H2,2,AOI-01_b_-107_-27,0.0005405459086780429,0.00038273247830186713,0.00038273247830186713,294
spatial_aggregation_order,primary_ndvi_first,rolling_origin,AOI-01,modis,2022;2023,2024,R2024-H2,2,AOI-01_b_-107_-28,0.0007418625409206039,0.0007005080217678661,0.0007005080217678661,618
spatial_aggregation_order,primary_ndvi_first,rolling_origin,AOI-01,modis,2022;2023,2024,R2024-H2,2,AOI-01_b_-107_-29,0.0007996807173307561,0.0006091648478409747,0.0004946687068019661,666
spatial_aggregation_order,primary_ndvi_first,rolling_origin,AOI-01,modis,2022;2023,2024,R2024-H2,2,AOI-01_b_-107_-30,0.0017323497316684186,0.001589147625589234,-0.00019312291259737037,387
spatial_aggregation_order,primary_ndvi_first,rolling_origin,AOI-01,modis,2022;2023,2024,R2024-H2,2,AOI-01_b_-108_-30,0.002075706762188095,0.0020670302835612804,-0.0008677572640307746,3
spatial_aggregation_order,primary_ndvi_first,rolling_origin,AOI-01,modis,2021;2022;2023,2024,R2024-H3,3,AOI-01_b_-100_-28,0.0,0.0,0.0,42
spatial_aggregation_order,primary_ndvi_first,rolling_origin,AOI-01,modis,2021;2022;2023,2024,R2024-H3,3,AOI-01_b_-101_-28,0.0,0.0,0.0,528
spatial_aggregation_order,primary_ndvi_first,rolling_origin,AOI-01,modis,2021;2022;2023,2024,R2024-H3,3,AOI-01_b_-101_-29,7.345445634205856e-06,4.624679867072292e-07,4.624679867072292e-07,501
spatial_aggregation_order,primary_ndvi_first,rolling_origin,AOI-01,modis,2021;2022;2023,2024,R2024-H3,3,AOI-01_b_-101_-30,7.536797327187699e-05,1.7863526853822086e-05,1.7863526853822086e-05,432
spatial_aggregation_order,primary_ndvi_first,rolling_origin,AOI-01,modis,2021;2022;2023,2024,R2024-H3,3,AOI-01_b_-101_-31,0.0004686357223053162,0.00045310677915996506,0.00045310677915996506,150
spatial_aggregation_order,primary_ndvi_first,rolling_origin,AOI-01,modis,2021;2022;2023,2024,R2024-H3,3,AOI-01_b_-102_-27,0.00011733627661263185,6.59303325345319e-05,6.59303325345319e-05,156
spatial_aggregation_order,primary_ndvi_first,rolling_origin,AOI-01,modis,2021;2022;2023,2024,R2024-H3,3,AOI-01_b_-102_-28,0.0001004044141000358,3.4214965945230616e-05,3.4214965945230616e-05,801
spatial_aggregation_order,primary_ndvi_first,rolling_origin,AOI-01,modis,2021;2022;2023,2024,R2024-H3,3,AOI-01_b_-102_-29,0.00011915758732496904,4.509035383866224e-05,4.509035383866224e-05,849
spatial_aggregation_order,primary_ndvi_first,rolling_origin,AOI-01,modis,2021;2022;2023,2024,R2024-H3,3,AOI-01_b_-102_-30,0.00016071275201350952,7.827476581064458e-05,7.827476581064458e-05,849
spatial_aggregation_order,primary_ndvi_first,rolling_origin,AOI-01,modis,2021;2022;2023,2024,R2024-H3,3,AOI-01_b_-102_-31,0.00041945927889872476,0.0003049034646085865,0.0003049034646085865,486
spatial_aggregation_order,primary_ndvi_first,rolling_origin,AOI-01,modis,2021;2022;2023,2024,R2024-H3,3,AOI-01_b_-103_-27,0.00015694123981583406,8.31241408015011e-05,8.31241408015011e-05,315
spatial_aggregation_order,primary_ndvi_first,rolling_origin,AOI-01,modis,2021;2022;2023,2024,R2024-H3,3,AOI-01_b_-103_-28,0.00020281965024610384,0.00011661886494569214,0.00011661886494569214,846
spatial_aggregation_order,primary_ndvi_first,rolling_origin,AOI-01,modis,2021;2022;2023,2024,R2024-H3,3,AOI-01_b_-103_-29,0.000604923673667273,0.0004468289941543413,0.0004468289941543413,843
spatial_aggregation_order,primary_ndvi_first,rolling_origin,AOI-01,modis,2021;2022;2023,2024,R2024-H3,3,AOI-01_b_-103_-30,0.0005224988436783525,0.0004406528136342225,0.0004406528136342225,846
spatial_aggregation_order,primary_ndvi_first,rolling_origin,AOI-01,modis,2021;2022;2023,2024,R2024-H3,3,AOI-01_b_-103_-31,0.0005297254267582318,0.0004165349441974089,0.0004165349441974089,336
spatial_aggregation_order,primary_ndvi_first,rolling_origin,AOI-01,modis,2021;2022;2023,2024,R2024-H3,3,AOI-01_b_-104_-27,0.00605492855950835,0.0015702215511537879,-0.0013860905074012748,525
spatial_aggregation_order,primary_ndvi_first,rolling_origin,AOI-01,modis,2021;2022;2023,2024,R2024-H3,3,AOI-01_b_-104_-28,0.0019285060320789634,0.00025292924693009523,-0.00014638206794455327,846
spatial_aggregation_order,primary_ndvi_first,rolling_origin,AOI-01,modis,2021;2022;2023,2024,R2024-H3,3,AOI-01_b_-104_-29,0.0006439280199008146,0.0005807506267173773,0.0005807506267173773,843
spatial_aggregation_order,primary_ndvi_first,rolling_origin,AOI-01,modis,2021;2022;2023,2024,R2024-H3,3,AOI-01_b_-104_-30,0.000657724533000911,0.0006061730920965139,0.0006061730920965139,843
spatial_aggregation_order,primary_ndvi_first,rolling_origin,AOI-01,modis,2021;2022;2023,2024,R2024-H3,3,AOI-01_b_-104_-31,0.0014182924918925604,0.0012724109025934337,0.00032899703534754014,423
spatial_aggregation_order,primary_ndvi_first,rolling_origin,AOI-01,modis,2021;2022;2023,2024,R2024-H3,3,AOI-01_b_-105_-26,0.00018590170092585564,7.687496515489666e-05,7.687496515489666e-05,114
spatial_aggregation_order,primary_ndvi_first,rolling_origin,AOI-01,modis,2021;2022;2023,2024,R2024-H3,3,AOI-01_b_-105_-27,0.00020997969358277252,4.298840937914839e-05,2.27652394165342e-05,849
spatial_aggregation_order,primary_ndvi_first,rolling_origin,AOI-01,modis,2021;2022;2023,2024,R2024-H3,3,AOI-01_b_-105_-28,0.0003253556573535128,0.00014457667871927717,0.00011378533356803953,852
spatial_aggregation_order,primary_ndvi_first,rolling_origin,AOI-01,modis,2021;2022;2023,2024,R2024-H3,3,AOI-01_b_-105_-29,0.0005409960214862921,0.0004796924108421167,0.0004796924108421167,849
spatial_aggregation_order,primary_ndvi_first,rolling_origin,AOI-01,modis,2021;2022;2023,2024,R2024-H3,3,AOI-01_b_-105_-30,0.001255451839337724,0.0008200727681836557,0.0003686550928863469,645
spatial_aggregation_order,primary_ndvi_first,rolling_origin,AOI-01,modis,2021;2022;2023,2024,R2024-H3,3,AOI-01_b_-105_-31,0.0019482314606140258,0.0019410852299114043,0.0004899216749094535,3
spatial_aggregation_order,primary_ndvi_first,rolling_origin,AOI-01,modis,2021;2022;2023,2024,R2024-H3,3,AOI-01_b_-106_-27,0.00023804551966167238,0.00013090719531778824,0.00013090719531778824,720
spatial_aggregation_order,primary_ndvi_first,rolling_origin,AOI-01,modis,2021;2022;2023,2024,R2024-H3,3,AOI-01_b_-106_-28,0.000495390051582467,0.0004182597737892241,0.0004182597737892241,849
spatial_aggregation_order,primary_ndvi_first,rolling_origin,AOI-01,modis,2021;2022;2023,2024,R2024-H3,3,AOI-01_b_-106_-29,0.002490906981773191,0.0009048718197694466,0.0001378218175698554,843
spatial_aggregation_order,primary_ndvi_first,rolling_origin,AOI-01,modis,2021;2022;2023,2024,R2024-H3,3,AOI-01_b_-106_-30,0.0022861811643360903,0.0014289662939078053,-8.206454292810612e-05,726
spatial_aggregation_order,primary_ndvi_first,rolling_origin,AOI-01,modis,2021;2022;2023,2024,R2024-H3,3,AOI-01_b_-107_-27,0.0004731727626656189,0.00032420726650465756,0.00032420726650465756,294
spatial_aggregation_order,primary_ndvi_first,rolling_origin,AOI-01,modis,2021;2022;2023,2024,R2024-H3,3,AOI-01_b_-107_-28,0.0006506264330786205,0.0006072531930175393,0.0006072531930175393,618
spatial_aggregation_order,primary_ndvi_first,rolling_origin,AOI-01,modis,2021;2022;2023,2024,R2024-H3,3,AOI-01_b_-107_-29,0.000741118134490306,0.0005411849954930036,0.0004213166695320857,666
spatial_aggregation_order,primary_ndvi_first,rolling_origin,AOI-01,modis,2021;2022;2023,2024,R2024-H3,3,AOI-01_b_-107_-30,0.0017570889834037315,0.001572578880593249,-0.00030973164490820523,387
spatial_aggregation_order,primary_ndvi_first,rolling_origin,AOI-01,modis,2021;2022;2023,2024,R2024-H3,3,AOI-01_b_-108_-30,0.0021335728796086275,0.0021105402631530247,-0.0009982872028060075,3
spatial_aggregation_order,primary_ndvi_first,rolling_origin,AOI-01,modis,2024,2025,R2025-H1,1,AOI-01_b_-100_-28,0.0,0.0,0.0,42
spatial_aggregation_order,primary_ndvi_first,rolling_origin,AOI-01,modis,2024,2025,R2025-H1,1,AOI-01_b_-101_-28,0.0,0.0,0.0,528
spatial_aggregation_order,primary_ndvi_first,rolling_origin,AOI-01,modis,2024,2025,R2025-H1,1,AOI-01_b_-101_-29,0.0001788210525082334,8.76230877918001e-06,-7.205755851517794e-06,501
spatial_aggregation_order,primary_ndvi_first,rolling_origin,AOI-01,modis,2024,2025,R2025-H1,1,AOI-01_b_-101_-30,6.870427687530092e-05,2.4666247830850193e-05,2.4666247830850193e-05,432
spatial_aggregation_order,primary_ndvi_first,rolling_origin,AOI-01,modis,2024,2025,R2025-H1,1,AOI-01_b_-101_-31,0.0003850307466655648,0.00036866634295276105,0.00036866634295276105,150
spatial_aggregation_order,primary_ndvi_first,rolling_origin,AOI-01,modis,2024,2025,R2025-H1,1,AOI-01_b_-102_-27,8.923369121673541e-05,5.889046159519493e-05,5.889046159519493e-05,156
spatial_aggregation_order,primary_ndvi_first,rolling_origin,AOI-01,modis,2024,2025,R2025-H1,1,AOI-01_b_-102_-28,5.4735207302543983e-05,1.969094435390192e-05,1.969094435390192e-05,801
spatial_aggregation_order,primary_ndvi_first,rolling_origin,AOI-01,modis,2024,2025,R2025-H1,1,AOI-01_b_-102_-29,0.00012431298261927117,5.763673107408848e-05,5.763673107408848e-05,849
spatial_aggregation_order,primary_ndvi_first,rolling_origin,AOI-01,modis,2024,2025,R2025-H1,1,AOI-01_b_-102_-30,0.00020391193648426053,9.255582510492363e-05,8.313297424511257e-05,849
spatial_aggregation_order,primary_ndvi_first,rolling_origin,AOI-01,modis,2024,2025,R2025-H1,1,AOI-01_b_-102_-31,0.000398644962226911,0.0003420415427509853,0.0003420415427509853,486
spatial_aggregation_order,primary_ndvi_first,rolling_origin,AOI-01,modis,2024,2025,R2025-H1,1,AOI-01_b_-103_-27,0.00013452311942493291,8.75490281799168e-05,8.75490281799168e-05,315
spatial_aggregation_order,primary_ndvi_first,rolling_origin,AOI-01,modis,2024,2025,R2025-H1,1,AOI-01_b_-103_-28,0.00013859977400784655,8.637947210098597e-05,8.637947210098597e-05,846
spatial_aggregation_order,primary_ndvi_first,rolling_origin,AOI-01,modis,2024,2025,R2025-H1,1,AOI-01_b_-103_-29,0.0009752396788683397,0.0005976040137854162,0.0001404951954774301,843
spatial_aggregation_order,primary_ndvi_first,rolling_origin,AOI-01,modis,2024,2025,R2025-H1,1,AOI-01_b_-103_-30,0.0005975006496463418,0.00044324081866050475,0.0003572933765287109,846
spatial_aggregation_order,primary_ndvi_first,rolling_origin,AOI-01,modis,2024,2025,R2025-H1,1,AOI-01_b_-103_-31,0.0005914410176041025,0.00040252424478375595,0.00029247059161095345,336
spatial_aggregation_order,primary_ndvi_first,rolling_origin,AOI-01,modis,2024,2025,R2025-H1,1,AOI-01_b_-104_-27,0.0053905965156087875,0.0014895898140097562,-0.001338942160818997,525
spatial_aggregation_order,primary_ndvi_first,rolling_origin,AOI-01,modis,2024,2025,R2025-H1,1,AOI-01_b_-104_-28,0.0023519009103534333,0.000315342002781699,-0.00021375775581306732,846
spatial_aggregation_order,primary_ndvi_first,rolling_origin,AOI-01,modis,2024,2025,R2025-H1,1,AOI-01_b_-104_-29,0.0006754405116636389,0.00047706462129995037,0.0003386184522230358,843
spatial_aggregation_order,primary_ndvi_first,rolling_origin,AOI-01,modis,2024,2025,R2025-H1,1,AOI-01_b_-104_-30,0.0010813872016767108,0.0007478156072993633,0.00016384062692896372,843
spatial_aggregation_order,primary_ndvi_first,rolling_origin,AOI-01,modis,2024,2025,R2025-H1,1,AOI-01_b_-104_-31,0.0035626793584509647,0.003113514671946822,-0.0028528608226022563,423
spatial_aggregation_order,primary_ndvi_first,rolling_origin,AOI-01,modis,2024,2025,R2025-H1,1,AOI-01_b_-105_-26,0.00010151949015538621,5.158581726878349e-05,5.158581726878349e-05,114
spatial_aggregation_order,primary_ndvi_first,rolling_origin,AOI-01,modis,2024,2025,R2025-H1,1,AOI-01_b_-105_-27,0.0001370546994344731,2.5686516993273693e-05,1.819984195691712e-05,849
spatial_aggregation_order,primary_ndvi_first,rolling_origin,AOI-01,modis,2024,2025,R2025-H1,1,AOI-01_b_-105_-28,0.0003125344422993174,0.00013748733764190415,9.975186923601017e-05,852
spatial_aggregation_order,primary_ndvi_first,rolling_origin,AOI-01,modis,2024,2025,R2025-H1,1,AOI-01_b_-105_-29,0.000402391378018528,0.0003665817057899424,0.0003665817057899424,849
spatial_aggregation_order,primary_ndvi_first,rolling_origin,AOI-01,modis,2024,2025,R2025-H1,1,AOI-01_b_-105_-30,0.002004089200926229,0.001154195058634421,-0.0003097011693931017,645
spatial_aggregation_order,primary_ndvi_first,rolling_origin,AOI-01,modis,2024,2025,R2025-H1,1,AOI-01_b_-105_-31,0.006497789872276594,0.00649764019573293,-0.00649764019573293,3
spatial_aggregation_order,primary_ndvi_first,rolling_origin,AOI-01,modis,2024,2025,R2025-H1,1,AOI-01_b_-106_-27,6.453895727404626e-05,2.5029741261484838e-05,2.5029741261484838e-05,720
spatial_aggregation_order,primary_ndvi_first,rolling_origin,AOI-01,modis,2024,2025,R2025-H1,1,AOI-01_b_-106_-28,0.00023908797143750818,0.00018500468322675296,0.00018500468322675296,849
spatial_aggregation_order,primary_ndvi_first,rolling_origin,AOI-01,modis,2024,2025,R2025-H1,1,AOI-01_b_-106_-29,0.002705348951710422,0.0007073004945362823,-7.68873929224736e-05,843
spatial_aggregation_order,primary_ndvi_first,rolling_origin,AOI-01,modis,2024,2025,R2025-H1,1,AOI-01_b_-106_-30,0.00307287491885991,0.0019348527318190643,-0.0012330985197899864,726
spatial_aggregation_order,primary_ndvi_first,rolling_origin,AOI-01,modis,2024,2025,R2025-H1,1,AOI-01_b_-107_-27,0.00017584289521984216,0.00010225679485169758,0.00010225679485169758,294
spatial_aggregation_order,primary_ndvi_first,rolling_origin,AOI-01,modis,2024,2025,R2025-H1,1,AOI-01_b_-107_-28,0.000264053158159726,0.00022956917285640524,0.00022956917285640524,618
spatial_aggregation_order,primary_ndvi_first,rolling_origin,AOI-01,modis,2024,2025,R2025-H1,1,AOI-01_b_-107_-29,0.0006760971413075503,0.00034903054389867085,0.00013048757168639588,666
spatial_aggregation_order,primary_ndvi_first,rolling_origin,AOI-01,modis,2024,2025,R2025-H1,1,AOI-01_b_-107_-30,0.0022985367377967823,0.001777847012734462,-0.0010223190037621055,387
spatial_aggregation_order,primary_ndvi_first,rolling_origin,AOI-01,modis,2024,2025,R2025-H1,1,AOI-01_b_-108_-30,0.0027987245091217997,0.0027986883469561523,-0.0027986883469561523,3
spatial_aggregation_order,primary_ndvi_first,rolling_origin,AOI-01,modis,2023;2024,2025,R2025-H2,2,AOI-01_b_-100_-28,0.0,0.0,0.0,42
spatial_aggregation_order,primary_ndvi_first,rolling_origin,AOI-01,modis,2023;2024,2025,R2025-H2,2,AOI-01_b_-101_-28,0.0,0.0,0.0,528
spatial_aggregation_order,primary_ndvi_first,rolling_origin,AOI-01,modis,2023;2024,2025,R2025-H2,2,AOI-01_b_-101_-29,0.00017875644154323396,8.370274616110489e-06,-7.597790014587316e-06,501
spatial_aggregation_order,primary_ndvi_first,rolling_origin,AOI-01,modis,2023;2024,2025,R2025-H2,2,AOI-01_b_-101_-30,7.69563902023821e-05,2.5279198252593192e-05,2.5279198252593192e-05,432
spatial_aggregation_order,primary_ndvi_first,rolling_origin,AOI-01,modis,2023;2024,2025,R2025-H2,2,AOI-01_b_-101_-31,0.00046789179210115817,0.00044495451144446453,0.00044495451144446453,150
spatial_aggregation_order,primary_ndvi_first,rolling_origin,AOI-01,modis,2023;2024,2025,R2025-H2,2,AOI-01_b_-102_-27,9.288642494516172e-05,5.662903017036579e-05,5.662903017036579e-05,156
spatial_aggregation_order,primary_ndvi_first,rolling_origin,AOI-01,modis,2023;2024,2025,R2025-H2,2,AOI-01_b_-102_-28,5.866195174851264e-05,1.9195232071380987e-05,1.9195232071380987e-05,801
spatial_aggregation_order,primary_ndvi_first,rolling_origin,AOI-01,modis,2023;2024,2025,R2025-H2,2,AOI-01_b_-102_-29,0.00014571306439791442,6.379430209872159e-05,6.379430209872159e-05,849
spatial_aggregation_order,primary_ndvi_first,rolling_origin,AOI-01,modis,2023;2024,2025,R2025-H2,2,AOI-01_b_-102_-30,0.0002230851837852222,0.00010257758512180918,9.315473426199811e-05,849
spatial_aggregation_order,primary_ndvi_first,rolling_origin,AOI-01,modis,2023;2024,2025,R2025-H2,2,AOI-01_b_-102_-31,0.0004895886050281659,0.0004132321643357165,0.0004132321643357165,486
spatial_aggregation_order,primary_ndvi_first,rolling_origin,AOI-01,modis,2023;2024,2025,R2025-H2,2,AOI-01_b_-103_-27,0.00015236525953843047,9.232803593562324e-05,9.232803593562324e-05,315
spatial_aggregation_order,primary_ndvi_first,rolling_origin,AOI-01,modis,2023;2024,2025,R2025-H2,2,AOI-01_b_-103_-28,0.0001586188090073133,9.269922777977413e-05,9.269922777977413e-05,846
spatial_aggregation_order,primary_ndvi_first,rolling_origin,AOI-01,modis,2023;2024,2025,R2025-H2,2,AOI-01_b_-103_-29,0.0009905777961145867,0.0006643809585689647,0.00023939299460857112,843
spatial_aggregation_order,primary_ndvi_first,rolling_origin,AOI-01,modis,2023;2024,2025,R2025-H2,2,AOI-01_b_-103_-30,0.0006773940892971854,0.0005291495385416068,0.00045062666400496227,846
spatial_aggregation_order,primary_ndvi_first,rolling_origin,AOI-01,modis,2023;2024,2025,R2025-H2,2,AOI-01_b_-103_-31,0.0006475044307788627,0.0004711237463509931,0.00036984575402109377,336
spatial_aggregation_order,primary_ndvi_first,rolling_origin,AOI-01,modis,2023;2024,2025,R2025-H2,2,AOI-01_b_-104_-27,0.0051867088360156004,0.0014386963181921768,-0.0012647490646831626,525
spatial_aggregation_order,primary_ndvi_first,rolling_origin,AOI-01,modis,2023;2024,2025,R2025-H2,2,AOI-01_b_-104_-28,0.0022714764468620137,0.0003075275136326948,-0.00020261377170385496,846
spatial_aggregation_order,primary_ndvi_first,rolling_origin,AOI-01,modis,2023;2024,2025,R2025-H2,2,AOI-01_b_-104_-29,0.0007446007490471852,0.0005644497342715365,0.0004315447000414478,843
spatial_aggregation_order,primary_ndvi_first,rolling_origin,AOI-01,modis,2023;2024,2025,R2025-H2,2,AOI-01_b_-104_-30,0.001087163006536414,0.0008299726413751215,0.0002957472762631978,843
spatial_aggregation_order,primary_ndvi_first,rolling_origin,AOI-01,modis,2023;2024,2025,R2025-H2,2,AOI-01_b_-104_-31,0.0032786362996807187,0.002875814959552456,-0.0025482745349796427,423
spatial_aggregation_order,primary_ndvi_first,rolling_origin,AOI-01,modis,2023;2024,2025,R2025-H2,2,AOI-01_b_-105_-26,0.00011423272946379475,5.4622579328633195e-05,5.4622579328633195e-05,114
spatial_aggregation_order,primary_ndvi_first,rolling_origin,AOI-01,modis,2023;2024,2025,R2025-H2,2,AOI-01_b_-105_-27,0.00014203570292436524,2.6804993936706705e-05,1.982696349692582e-05,849
spatial_aggregation_order,primary_ndvi_first,rolling_origin,AOI-01,modis,2023;2024,2025,R2025-H2,2,AOI-01_b_-105_-28,0.00032519083373011375,0.00015018393401541554,0.00011484887305988832,852
spatial_aggregation_order,primary_ndvi_first,rolling_origin,AOI-01,modis,2023;2024,2025,R2025-H2,2,AOI-01_b_-105_-29,0.0004924259015571469,0.0004436182584347499,0.0004436182584347499,849
spatial_aggregation_order,primary_ndvi_first,rolling_origin,AOI-01,modis,2023;2024,2025,R2025-H2,2,AOI-01_b_-105_-30,0.0019193237942655259,0.0011969997605871818,-0.00015125688061861842,645
spatial_aggregation_order,primary_ndvi_first,rolling_origin,AOI-01,modis,2023;2024,2025,R2025-H2,2,AOI-01_b_-105_-31,0.006072071597173278,0.006071797352629132,-0.006071797352629132,3
spatial_aggregation_order,primary_ndvi_first,rolling_origin,AOI-01,modis,2023;2024,2025,R2025-H2,2,AOI-01_b_-106_-27,7.062240260732499e-05,2.4590492129770383e-05,2.4590492129770383e-05,720
spatial_aggregation_order,primary_ndvi_first,rolling_origin,AOI-01,modis,2023;2024,2025,R2025-H2,2,AOI-01_b_-106_-28,0.0002843201825996637,0.00021075115953778632,0.00021075115953778632,849
spatial_aggregation_order,primary_ndvi_first,rolling_origin,AOI-01,modis,2023;2024,2025,R2025-H2,2,AOI-01_b_-106_-29,0.002639979590186936,0.0007548566233674267,8.798988782564647e-06,843
spatial_aggregation_order,primary_ndvi_first,rolling_origin,AOI-01,modis,2023;2024,2025,R2025-H2,2,AOI-01_b_-106_-30,0.0029005712186806346,0.0018943597648846202,-0.0010198806022700612,726
spatial_aggregation_order,primary_ndvi_first,rolling_origin,AOI-01,modis,2023;2024,2025,R2025-H2,2,AOI-01_b_-107_-27,0.000208480325997221,0.00011804563876801152,0.00011804563876801152,294
spatial_aggregation_order,primary_ndvi_first,rolling_origin,AOI-01,modis,2023;2024,2025,R2025-H2,2,AOI-01_b_-107_-28,0.0003131415719414822,0.00026631209038908087,0.00026631209038908087,618
spatial_aggregation_order,primary_ndvi_first,rolling_origin,AOI-01,modis,2023;2024,2025,R2025-H2,2,AOI-01_b_-107_-29,0.000683589735790669,0.0003901113285355606,0.0001867794286102165,666
spatial_aggregation_order,primary_ndvi_first,rolling_origin,AOI-01,modis,2023;2024,2025,R2025-H2,2,AOI-01_b_-107_-30,0.0021458683825057107,0.0017408263591020205,-0.0007950120271847241,387
spatial_aggregation_order,primary_ndvi_first,rolling_origin,AOI-01,modis,2023;2024,2025,R2025-H2,2,AOI-01_b_-108_-30,0.0024657906506893833,0.0024657203738162807,-0.0024657203738162807,3
spatial_aggregation_order,primary_ndvi_first,rolling_origin,AOI-01,modis,2022;2023;2024,2025,R2025-H3,3,AOI-01_b_-100_-28,0.0,0.0,0.0,42
spatial_aggregation_order,primary_ndvi_first,rolling_origin,AOI-01,modis,2022;2023;2024,2025,R2025-H3,3,AOI-01_b_-101_-28,0.0,0.0,0.0,528
spatial_aggregation_order,primary_ndvi_first,rolling_origin,AOI-01,modis,2022;2023;2024,2025,R2025-H3,3,AOI-01_b_-101_-29,0.0001787849898612838,8.515400485516609e-06,-7.452664145181197e-06,501
spatial_aggregation_order,primary_ndvi_first,rolling_origin,AOI-01,modis,2022;2023;2024,2025,R2025-H3,3,AOI-01_b_-101_-30,8.725110827055578e-05,2.9084818772525587e-05,2.9084818772525587e-05,432
spatial_aggregation_order,primary_ndvi_first,rolling_origin,AOI-01,modis,2022;2023;2024,2025,R2025-H3,3,AOI-01_b_-101_-31,0.0005235550984942415,0.0004984668162331482,0.0004984668162331482,150
spatial_aggregation_order,primary_ndvi_first,rolling_origin,AOI-01,modis,2022;2023;2024,2025,R2025-H3,3,AOI-01_b_-102_-27,0.00010670989293759813,6.585684042168475e-05,6.585684042168475e-05,156
spatial_aggregation_order,primary_ndvi_first,rolling_origin,AOI-01,modis,2022;2023;2024,2025,R2025-H3,3,AOI-01_b_-102_-28,6.701762359721952e-05,2.2311837345010783e-05,2.2311837345010783e-05,801
spatial_aggregation_order,primary_ndvi_first,rolling_origin,AOI-01,modis,2022;2023;2024,2025,R2025-H3,3,AOI-01_b_-102_-29,0.0001639841797490609,7.239576982549004e-05,7.239576982549004e-05,849
spatial_aggregation_order,primary_ndvi_first,rolling_origin,AOI-01,modis,2022;2023;2024,2025,R2025-H3,3,AOI-01_b_-102_-30,0.000240999045942975,0.00011581309119307587,0.0001063902403332648,849
spatial_aggregation_order,primary_ndvi_first,rolling_origin,AOI-01,modis,2022;2023;2024,2025,R2025-H3,3,AOI-01_b_-102_-31,0.0005468503254510993,0.000462836384980214,0.000462836384980214,486
spatial_aggregation_order,primary_ndvi_first,rolling_origin,AOI-01,modis,2022;2023;2024,2025,R2025-H3,3,AOI-01_b_-103_-27,0.0001724494814187847,0.00010574316353798497,0.00010574316353798497,315
spatial_aggregation_order,primary_ndvi_first,rolling_origin,AOI-01,modis,2022;2023;2024,2025,R2025-H3,3,AOI-01_b_-103_-28,0.0001792199233574588,0.0001058555915307519,0.0001058555915307519,846
spatial_aggregation_order,primary_ndvi_first,rolling_origin,AOI-01,modis,2022;2023;2024,2025,R2025-H3,3,AOI-01_b_-103_-29,0.0010088554116825174,0.000708886894187867,0.0003011084045860997,843
spatial_aggregation_order,primary_ndvi_first,rolling_origin,AOI-01,modis,2022;2023;2024,2025,R2025-H3,3,AOI-01_b_-103_-30,0.000730365755720342,0.0005848427347177352,0.0005101989968238643,846
spatial_aggregation_order,primary_ndvi_first,rolling_origin,AOI-01,modis,2022;2023;2024,2025,R2025-H3,3,AOI-01_b_-103_-31,0.0006884003656043143,0.0005191188614243026,0.00042246832596146746,336
spatial_aggregation_order,primary_ndvi_first,rolling_origin,AOI-01,modis,2022;2023;2024,2025,R2025-H3,3,AOI-01_b_-104_-27,0.005091135262272232,0.0014196213219367097,-0.00122346236440391,525
spatial_aggregation_order,primary_ndvi_first,rolling_origin,AOI-01,modis,2022;2023;2024,2025,R2025-H3,3,AOI-01_b_-104_-28,0.002233852510353772,0.0003106855155330071,-0.00019013107507778157,846
spatial_aggregation_order,primary_ndvi_first,rolling_origin,AOI-01,modis,2022;2023;2024,2025,R2025-H3,3,AOI-01_b_-104_-29,0.000790998652979334,0.0006216288868998641,0.0004919911665822781,843
spatial_aggregation_order,primary_ndvi_first,rolling_origin,AOI-01,modis,2022;2023;2024,2025,R2025-H3,3,AOI-01_b_-104_-30,0.001103293618870202,0.0008822661309303427,0.0003740740230162278,843
spatial_aggregation_order,primary_ndvi_first,rolling_origin,AOI-01,modis,2022;2023;2024,2025,R2025-H3,3,AOI-01_b_-104_-31,0.00313886859216111,0.0027568214384191044,-0.0023923186516846442,423
spatial_aggregation_order,primary_ndvi_first,rolling_origin,AOI-01,modis,2022;2023;2024,2025,R2025-H3,3,AOI-01_b_-105_-26,0.0001294472702738418,6.262990564220117e-05,6.262990564220117e-05,114
spatial_aggregation_order,primary_ndvi_first,rolling_origin,AOI-01,modis,2022;2023;2024,2025,R2025-H3,3,AOI-01_b_-105_-27,0.00014802391829261431,3.000257632831144e-05,2.3298307129443513e-05,849
spatial_aggregation_order,primary_ndvi_first,rolling_origin,AOI-01,modis,2022;2023;2024,2025,R2025-H3,3,AOI-01_b_-105_-28,0.0003398987429590539,0.000167341979891083,0.00013331090331501045,852
spatial_aggregation_order,primary_ndvi_first,rolling_origin,AOI-01,modis,2022;2023;2024,2025,R2025-H3,3,AOI-01_b_-105_-29,0.0005503565129346907,0.0004967060717095827,0.0004967060717095827,849
spatial_aggregation_order,primary_ndvi_first,rolling_origin,AOI-01,modis,2022;2023;2024,2025,R2025-H3,3,AOI-01_b_-105_-30,0.0018855625807014545,0.001227770384941236,-6.124217283139494e-05,645
spatial_aggregation_order,primary_ndvi_first,rolling_origin,AOI-01,modis,2022;2023;2024,2025,R2025-H3,3,AOI-01_b_-105_-31,0.005861836328069502,0.005861489028196637,-0.005861489028196637,3
spatial_aggregation_order,primary_ndvi_first,rolling_origin,AOI-01,modis,2022;2023;2024,2025,R2025-H3,3,AOI-01_b_-106_-27,8.037888435494283e-05,2.8443072040976668e-05,2.8443072040976668e-05,720
spatial_aggregation_order,primary_ndvi_first,rolling_origin,AOI-01,modis,2022;2023;2024,2025,R2025-H3,3,AOI-01_b_-106_-28,0.00031922717699996167,0.00023833633325308844,0.00023833633325308844,849
spatial_aggregation_order,primary_ndvi_first,rolling_origin,AOI-01,modis,2022;2023;2024,2025,R2025-H3,3,AOI-01_b_-106_-29,0.0026127001728234755,0.0007909192205604675,6.398119586170566e-05,843
spatial_aggregation_order,primary_ndvi_first,rolling_origin,AOI-01,modis,2022;2023;2024,2025,R2025-H3,3,AOI-01_b_-106_-30,0.0028209002544610094,0.0018797160250516901,-0.0009052263303875475,726
spatial_aggregation_order,primary_ndvi_first,rolling_origin,AOI-01,modis,2022;2023;2024,2025,R2025-H3,3,AOI-01_b_-107_-27,0.00023422018772029774,0.00013323157535914085,0.00013323157535914085,294
spatial_aggregation_order,primary_ndvi_first,rolling_origin,AOI-01,modis,2022;2023;2024,2025,R2025-H3,3,AOI-01_b_-107_-28,0.0003518002577381507,0.0003002664694163645,0.0003002664694163645,618
spatial_aggregation_order,primary_ndvi_first,rolling_origin,AOI-01,modis,2022;2023;2024,2025,R2025-H3,3,AOI-01_b_-107_-29,0.0006966602582990693,0.0004208887664673087,0.0002257169407915712,666
spatial_aggregation_order,primary_ndvi_first,rolling_origin,AOI-01,modis,2022;2023;2024,2025,R2025-H3,3,AOI-01_b_-107_-30,0.0020769269916890765,0.0017268926592215292,-0.0006736960789271689,387
spatial_aggregation_order,primary_ndvi_first,rolling_origin,AOI-01,modis,2022;2023;2024,2025,R2025-H3,3,AOI-01_b_-108_-30,0.0022971348137785417,0.0022970425895458,-0.0022970425895458,3
spatial_aggregation_order,primary_ndvi_first,rolling_origin,AOI-01,sentinel2,2023,2024,R2024-H1,1,AOI-01_b_-100_-28,5.514575822177458e-05,2.799675994333189e-05,2.799675994333189e-05,42
spatial_aggregation_order,primary_ndvi_first,rolling_origin,AOI-01,sentinel2,2023,2024,R2024-H1,1,AOI-01_b_-101_-28,5.0239035163088e-05,1.317653183207293e-05,1.317653183207293e-05,528
spatial_aggregation_order,primary_ndvi_first,rolling_origin,AOI-01,sentinel2,2023,2024,R2024-H1,1,AOI-01_b_-101_-29,3.544000871961579e-05,6.235549852541672e-06,6.235549852541672e-06,501
spatial_aggregation_order,primary_ndvi_first,rolling_origin,AOI-01,sentinel2,2023,2024,R2024-H1,1,AOI-01_b_-101_-30,0.00013604198897063704,6.152054430378368e-05,6.152054430378368e-05,432
spatial_aggregation_order,primary_ndvi_first,rolling_origin,AOI-01,sentinel2,2023,2024,R2024-H1,1,AOI-01_b_-101_-31,0.000561888611667856,0.000533395530983179,0.000533395530983179,150
spatial_aggregation_order,primary_ndvi_first,rolling_origin,AOI-01,sentinel2,2023,2024,R2024-H1,1,AOI-01_b_-102_-27,0.00028529727647340873,0.00024156221148012686,0.00024156221148012686,156
spatial_aggregation_order,primary_ndvi_first,rolling_origin,AOI-01,sentinel2,2023,2024,R2024-H1,1,AOI-01_b_-102_-28,0.00015108548256495975,7.767473367940807e-05,7.767473367940807e-05,801
spatial_aggregation_order,primary_ndvi_first,rolling_origin,AOI-01,sentinel2,2023,2024,R2024-H1,1,AOI-01_b_-102_-29,0.0002351473667830781,0.0001330787748007044,0.0001330787748007044,849
spatial_aggregation_order,primary_ndvi_first,rolling_origin,AOI-01,sentinel2,2023,2024,R2024-H1,1,AOI-01_b_-102_-30,0.00021703376422961952,0.00011802912539224127,0.00011802912539224127,849
spatial_aggregation_order,primary_ndvi_first,rolling_origin,AOI-01,sentinel2,2023,2024,R2024-H1,1,AOI-01_b_-102_-31,0.00044382425317906484,0.00034461427636758835,0.00034461427636758835,486
spatial_aggregation_order,primary_ndvi_first,rolling_origin,AOI-01,sentinel2,2023,2024,R2024-H1,1,AOI-01_b_-103_-27,0.0002954641099751975,0.00021199040162707858,0.00021199040162707858,315
spatial_aggregation_order,primary_ndvi_first,rolling_origin,AOI-01,sentinel2,2023,2024,R2024-H1,1,AOI-01_b_-103_-28,0.00025531629703116464,0.00017563940158515522,0.00017563940158515522,846
spatial_aggregation_order,primary_ndvi_first,rolling_origin,AOI-01,sentinel2,2023,2024,R2024-H1,1,AOI-01_b_-103_-29,0.0005898176363478639,0.00046934470314171744,0.00046934470314171744,843
spatial_aggregation_order,primary_ndvi_first,rolling_origin,AOI-01,sentinel2,2023,2024,R2024-H1,1,AOI-01_b_-103_-30,0.0004861822343359179,0.00041628537479425083,0.00041628537479425083,846
spatial_aggregation_order,primary_ndvi_first,rolling_origin,AOI-01,sentinel2,2023,2024,R2024-H1,1,AOI-01_b_-103_-31,0.00048533383508328904,0.0003818369759156215,0.0003818369759156215,336
spatial_aggregation_order,primary_ndvi_first,rolling_origin,AOI-01,sentinel2,2023,2024,R2024-H1,1,AOI-01_b_-104_-27,0.005547139720830449,0.001488034000354057,-0.001301431637001304,525
spatial_aggregation_order,primary_ndvi_first,rolling_origin,AOI-01,sentinel2,2023,2024,R2024-H1,1,AOI-01_b_-104_-28,0.0016134576366086282,0.00026978173779080244,-5.113397325807724e-05,846
spatial_aggregation_order,primary_ndvi_first,rolling_origin,AOI-01,sentinel2,2023,2024,R2024-H1,1,AOI-01_b_-104_-29,0.0007070994667898933,0.0006571052759961093,0.0006571052759961093,843
spatial_aggregation_order,primary_ndvi_first,rolling_origin,AOI-01,sentinel2,2023,2024,R2024-H1,1,AOI-01_b_-104_-30,0.000594384506767256,0.0005459818247163812,0.0005459818247163812,843
spatial_aggregation_order,primary_ndvi_first,rolling_origin,AOI-01,sentinel2,2023,2024,R2024-H1,1,AOI-01_b_-104_-31,0.0014178961389418594,0.0011733278450187952,0.00011316760935831943,423
spatial_aggregation_order,primary_ndvi_first,rolling_origin,AOI-01,sentinel2,2023,2024,R2024-H1,1,AOI-01_b_-105_-26,9.805510081895118e-05,3.096725176555524e-05,3.096725176555524e-05,114
spatial_aggregation_order,primary_ndvi_first,rolling_origin,AOI-01,sentinel2,2023,2024,R2024-H1,1,AOI-01_b_-105_-27,0.00017296736805062692,3.542972250498689e-05,2.5404199481183876e-05,849
spatial_aggregation_order,primary_ndvi_first,rolling_origin,AOI-01,sentinel2,2023,2024,R2024-H1,1,AOI-01_b_-105_-28,0.00034884848981896096,0.0001232319396987066,9.138881897313453e-05,852
spatial_aggregation_order,primary_ndvi_first,rolling_origin,AOI-01,sentinel2,2023,2024,R2024-H1,1,AOI-01_b_-105_-29,0.0004994576371985667,0.0004304402081115814,0.0004304402081115814,849
spatial_aggregation_order,primary_ndvi_first,rolling_origin,AOI-01,sentinel2,2023,2024,R2024-H1,1,AOI-01_b_-105_-30,0.001077587823928177,0.0007400011618738234,0.00033539812264488935,645
spatial_aggregation_order,primary_ndvi_first,rolling_origin,AOI-01,sentinel2,2023,2024,R2024-H1,1,AOI-01_b_-105_-31,0.0019446590599790845,0.001867429220182074,0.00011835801073160409,3
spatial_aggregation_order,primary_ndvi_first,rolling_origin,AOI-01,sentinel2,2023,2024,R2024-H1,1,AOI-01_b_-106_-27,9.389268779148527e-05,3.6836493422591886e-05,3.6836493422591886e-05,720
spatial_aggregation_order,primary_ndvi_first,rolling_origin,AOI-01,sentinel2,2023,2024,R2024-H1,1,AOI-01_b_-106_-28,0.0002839553990890063,0.00018903717229616803,0.00018903717229616803,849
spatial_aggregation_order,primary_ndvi_first,rolling_origin,AOI-01,sentinel2,2023,2024,R2024-H1,1,AOI-01_b_-106_-29,0.0023590058451220257,0.0005697968776109697,-0.00020889074480460898,843
spatial_aggregation_order,primary_ndvi_first,rolling_origin,AOI-01,sentinel2,2023,2024,R2024-H1,1,AOI-01_b_-106_-30,0.0021188214667359775,0.0011472185527933024,-0.0004565144913556953,726
spatial_aggregation_order,primary_ndvi_first,rolling_origin,AOI-01,sentinel2,2023,2024,R2024-H1,1,AOI-01_b_-107_-27,0.00021247487653601078,0.00012061668022716596,0.00012061668022716596,294
spatial_aggregation_order,primary_ndvi_first,rolling_origin,AOI-01,sentinel2,2023,2024,R2024-H1,1,AOI-01_b_-107_-28,0.00028015903390380125,0.00021859942431813454,0.00021859942431813454,618
spatial_aggregation_order,primary_ndvi_first,rolling_origin,AOI-01,sentinel2,2023,2024,R2024-H1,1,AOI-01_b_-107_-29,0.0005541115737210706,0.00025427025878690197,0.0001145178096371832,666
spatial_aggregation_order,primary_ndvi_first,rolling_origin,AOI-01,sentinel2,2023,2024,R2024-H1,1,AOI-01_b_-107_-30,0.0019164113104040551,0.001447379257115073,-0.000849257927610408,387
spatial_aggregation_order,primary_ndvi_first,rolling_origin,AOI-01,sentinel2,2023,2024,R2024-H1,1,AOI-01_b_-108_-30,0.002399468146083881,0.002200226402777642,-0.0016193546000577662,3
spatial_aggregation_order,primary_ndvi_first,rolling_origin,AOI-01,sentinel2,2022;2023,2024,R2024-H2,2,AOI-01_b_-100_-28,0.00010910486390705081,6.009595518383937e-05,6.009595518383937e-05,42
spatial_aggregation_order,primary_ndvi_first,rolling_origin,AOI-01,sentinel2,2022;2023,2024,R2024-H2,2,AOI-01_b_-101_-28,7.914342465595273e-05,2.6092338333592594e-05,2.6092338333592594e-05,528
spatial_aggregation_order,primary_ndvi_first,rolling_origin,AOI-01,sentinel2,2022;2023,2024,R2024-H2,2,AOI-01_b_-101_-29,5.6997792764279756e-05,1.50631234276714e-05,1.50631234276714e-05,501
spatial_aggregation_order,primary_ndvi_first,rolling_origin,AOI-01,sentinel2,2022;2023,2024,R2024-H2,2,AOI-01_b_-101_-30,0.00018200947506680728,9.258197848976598e-05,9.258197848976598e-05,432
spatial_aggregation_order,primary_ndvi_first,rolling_origin,AOI-01,sentinel2,2022;2023,2024,R2024-H2,2,AOI-01_b_-101_-31,0.0006431713925187278,0.0006201799680777171,0.0006201799680777171,150
spatial_aggregation_order,primary_ndvi_first,rolling_origin,AOI-01,sentinel2,2022;2023,2024,R2024-H2,2,AOI-01_b_-102_-27,0.00036792763354358553,0.0003324600220582366,0.0003324600220582366,156
spatial_aggregation_order,primary_ndvi_first,rolling_origin,AOI-01,sentinel2,2022;2023,2024,R2024-H2,2,AOI-01_b_-102_-28,0.00020775708790166946,0.00013707378035964938,0.00013707378035964938,801
spatial_aggregation_order,primary_ndvi_first,rolling_origin,AOI-01,sentinel2,2022;2023,2024,R2024-H2,2,AOI-01_b_-102_-29,0.0002909593434804243,0.00018808968927044666,0.00018808968927044666,849
spatial_aggregation_order,primary_ndvi_first,rolling_origin,AOI-01,sentinel2,2022;2023,2024,R2024-H2,2,AOI-01_b_-102_-30,0.000271178975359936,0.000169401992099524,0.000169401992099524,849
spatial_aggregation_order,primary_ndvi_first,rolling_origin,AOI-01,sentinel2,2022;2023,2024,R2024-H2,2,AOI-01_b_-102_-31,0.0005127032571127599,0.000422054991180344,0.000422054991180344,486
spatial_aggregation_order,primary_ndvi_first,rolling_origin,AOI-01,sentinel2,2022;2023,2024,R2024-H2,2,AOI-01_b_-103_-27,0.00036455473883531764,0.0002871930117806997,0.0002871930117806997,315
spatial_aggregation_order,primary_ndvi_first,rolling_origin,AOI-01,sentinel2,2022;2023,2024,R2024-H2,2,AOI-01_b_-103_-28,0.00032290644988664484,0.0002455845017764452,0.0002455845017764452,846
spatial_aggregation_order,primary_ndvi_first,rolling_origin,AOI-01,sentinel2,2022;2023,2024,R2024-H2,2,AOI-01_b_-103_-29,0.0006553594729340669,0.0005491571216465497,0.0005491571216465497,843
spatial_aggregation_order,primary_ndvi_first,rolling_origin,AOI-01,sentinel2,2022;2023,2024,R2024-H2,2,AOI-01_b_-103_-30,0.0005614917614673202,0.0005012471304180408,0.0005012471304180408,846
spatial_aggregation_order,primary_ndvi_first,rolling_origin,AOI-01,sentinel2,2022;2023,2024,R2024-H2,2,AOI-01_b_-103_-31,0.0005539356627167648,0.0004622139162886986,0.0004622139162886986,336
spatial_aggregation_order,primary_ndvi_first,rolling_origin,AOI-01,sentinel2,2022;2023,2024,R2024-H2,2,AOI-01_b_-104_-27,0.005582662323647804,0.0015332019227958342,-0.001267038149498964,525
spatial_aggregation_order,primary_ndvi_first,rolling_origin,AOI-01,sentinel2,2022;2023,2024,R2024-H2,2,AOI-01_b_-104_-28,0.0016314326622241444,0.00031915193657112084,-4.22712798794258e-06,846
spatial_aggregation_order,primary_ndvi_first,rolling_origin,AOI-01,sentinel2,2022;2023,2024,R2024-H2,2,AOI-01_b_-104_-29,0.0007811586143396997,0.0007381168445252723,0.0007381168445252723,843
spatial_aggregation_order,primary_ndvi_first,rolling_origin,AOI-01,sentinel2,2022;2023,2024,R2024-H2,2,AOI-01_b_-104_-30,0.000671703888093815,0.000632222571767922,0.000632222571767922,843
spatial_aggregation_order,primary_ndvi_first,rolling_origin,AOI-01,sentinel2,2022;2023,2024,R2024-H2,2,AOI-01_b_-104_-31,0.0014309600764113545,0.00122361918710312,0.00018676268971076928,423
spatial_aggregation_order,primary_ndvi_first,rolling_origin,AOI-01,sentinel2,2022;2023,2024,R2024-H2,2,AOI-01_b_-105_-26,0.0001305490651964739,4.744362537551334e-05,4.744362537551334e-05,114
spatial_aggregation_order,primary_ndvi_first,rolling_origin,AOI-01,sentinel2,2022;2023,2024,R2024-H2,2,AOI-01_b_-105_-27,0.0001881897406872635,4.46756976885032e-05,3.475321068190247e-05,849
spatial_aggregation_order,primary_ndvi_first,rolling_origin,AOI-01,sentinel2,2022;2023,2024,R2024-H2,2,AOI-01_b_-105_-28,0.0003763761202679577,0.00016296821251414145,0.00013166717336782812,852
spatial_aggregation_order,primary_ndvi_first,rolling_origin,AOI-01,sentinel2,2022;2023,2024,R2024-H2,2,AOI-01_b_-105_-29,0.0005745897720445456,0.0005131963401143732,0.0005131963401143732,849
spatial_aggregation_order,primary_ndvi_first,rolling_origin,AOI-01,sentinel2,2022;2023,2024,R2024-H2,2,AOI-01_b_-105_-30,0.0011155604868530364,0.000812858341175337,0.0004121106564960803,645
spatial_aggregation_order,primary_ndvi_first,rolling_origin,AOI-01,sentinel2,2022;2023,2024,R2024-H2,2,AOI-01_b_-105_-31,0.001946708444675562,0.0018837956096495773,0.00017276665233162966,3
spatial_aggregation_order,primary_ndvi_first,rolling_origin,AOI-01,sentinel2,2022;2023,2024,R2024-H2,2,AOI-01_b_-106_-27,0.0001364452881771985,6.509550379819332e-05,6.509550379819332e-05,720
spatial_aggregation_order,primary_ndvi_first,rolling_origin,AOI-01,sentinel2,2022;2023,2024,R2024-H2,2,AOI-01_b_-106_-28,0.0003485544745367959,0.00025932544305379393,0.00025932544305379393,849
spatial_aggregation_order,primary_ndvi_first,rolling_origin,AOI-01,sentinel2,2022;2023,2024,R2024-H2,2,AOI-01_b_-106_-29,0.0023678916265170553,0.0006268239382885484,-0.0001495477300438486,843
spatial_aggregation_order,primary_ndvi_first,rolling_origin,AOI-01,sentinel2,2022;2023,2024,R2024-H2,2,AOI-01_b_-106_-30,0.0021232431659460953,0.0012016786472109659,-0.00038259073034348196,726
spatial_aggregation_order,primary_ndvi_first,rolling_origin,AOI-01,sentinel2,2022;2023,2024,R2024-H2,2,AOI-01_b_-107_-27,0.0002684710241166182,0.00017016013263559983,0.00017016013263559983,294
spatial_aggregation_order,primary_ndvi_first,rolling_origin,AOI-01,sentinel2,2022;2023,2024,R2024-H2,2,AOI-01_b_-107_-28,0.000356388217454324,0.00030182466333296897,0.00030182466333296897,618
spatial_aggregation_order,primary_ndvi_first,rolling_origin,AOI-01,sentinel2,2022;2023,2024,R2024-H2,2,AOI-01_b_-107_-29,0.0005782848878869892,0.0003066619776887566,0.00017024050043824816,666
spatial_aggregation_order,primary_ndvi_first,rolling_origin,AOI-01,sentinel2,2022;2023,2024,R2024-H2,2,AOI-01_b_-107_-30,0.0018903842944998051,0.001474777692222058,-0.0007698153859811011,387
spatial_aggregation_order,primary_ndvi_first,rolling_origin,AOI-01,sentinel2,2022;2023,2024,R2024-H2,2,AOI-01_b_-108_-30,0.002356466144012337,0.002181474727131477,-0.0015506890080836013,3
spatial_aggregation_order,primary_ndvi_first,rolling_origin,AOI-01,sentinel2,2021;2022;2023,2024,R2024-H3,3,AOI-01_b_-100_-28,6.158391377953785e-05,3.1504310480678516e-05,3.1504310480678516e-05,42
spatial_aggregation_order,primary_ndvi_first,rolling_origin,AOI-01,sentinel2,2021;2022;2023,2024,R2024-H3,3,AOI-01_b_-101_-28,5.43277814425978e-05,1.4440202827883382e-05,1.4440202827883382e-05,528
spatial_aggregation_order,primary_ndvi_first,rolling_origin,AOI-01,sentinel2,2021;2022;2023,2024,R2024-H3,3,AOI-01_b_-101_-29,3.825848927681619e-05,6.9480552431029585e-06,6.9480552431029585e-06,501
spatial_aggregation_order,primary_ndvi_first,rolling_origin,AOI-01,sentinel2,2021;2022;2023,2024,R2024-H3,3,AOI-01_b_-101_-30,0.00014480568446018535,6.620416897878694e-05,6.620416897878694e-05,432
spatial_aggregation_order,primary_ndvi_first,rolling_origin,AOI-01,sentinel2,2021;2022;2023,2024,R2024-H3,3,AOI-01_b_-101_-31,0.0005898532029594323,0.0005608124782352097,0.0005608124782352097,150
spatial_aggregation_order,primary_ndvi_first,rolling_origin,AOI-01,sentinel2,2021;2022;2023,2024,R2024-H3,3,AOI-01_b_-102_-27,0.00030275195600917273,0.00025803739911442583,0.00025803739911442583,156
spatial_aggregation_order,primary_ndvi_first,rolling_origin,AOI-01,sentinel2,2021;2022;2023,2024,R2024-H3,3,AOI-01_b_-102_-28,0.00016094909004365585,8.457544899081581e-05,8.457544899081581e-05,801
spatial_aggregation_order,primary_ndvi_first,rolling_origin,AOI-01,sentinel2,2021;2022;2023,2024,R2024-H3,3,AOI-01_b_-102_-29,0.0002483730761576745,0.00014221208796954887,0.00014221208796954887,849
spatial_aggregation_order,primary_ndvi_first,rolling_origin,AOI-01,sentinel2,2021;2022;2023,2024,R2024-H3,3,AOI-01_b_-102_-30,0.00022943373449522104,0.00012630779173159398,0.00012630779173159398,849
spatial_aggregation_order,primary_ndvi_first,rolling_origin,AOI-01,sentinel2,2021;2022;2023,2024,R2024-H3,3,AOI-01_b_-102_-31,0.00046616097560882324,0.0003637494753472573,0.0003637494753472573,486
spatial_aggregation_order,primary_ndvi_first,rolling_origin,AOI-01,sentinel2,2021;2022;2023,2024,R2024-H3,3,AOI-01_b_-103_-27,0.00031212688056004987,0.00022572963592615733,0.00022572963592615733,315
spatial_aggregation_order,primary_ndvi_first,rolling_origin,AOI-01,sentinel2,2021;2022;2023,2024,R2024-H3,3,AOI-01_b_-103_-28,0.0002703237856374231,0.0001876713506145152,0.0001876713506145152,846
spatial_aggregation_order,primary_ndvi_first,rolling_origin,AOI-01,sentinel2,2021;2022;2023,2024,R2024-H3,3,AOI-01_b_-103_-29,0.0006174014125531055,0.0004935747531076973,0.0004935747531076973,843
spatial_aggregation_order,primary_ndvi_first,rolling_origin,AOI-01,sentinel2,2021;2022;2023,2024,R2024-H3,3,AOI-01_b_-103_-30,0.0005106974073750066,0.0004390011401823281,0.0004390011401823281,846
spatial_aggregation_order,primary_ndvi_first,rolling_origin,AOI-01,sentinel2,2021;2022;2023,2024,R2024-H3,3,AOI-01_b_-103_-31,0.000509206844290661,0.0004027506141566765,0.0004027506141566765,336
spatial_aggregation_order,primary_ndvi_first,rolling_origin,AOI-01,sentinel2,2021;2022;2023,2024,R2024-H3,3,AOI-01_b_-104_-27,0.00548724717274835,0.001478170006198085,-0.0012789044371758847,525
spatial_aggregation_order,primary_ndvi_first,rolling_origin,AOI-01,sentinel2,2021;2022;2023,2024,R2024-H3,3,AOI-01_b_-104_-28,0.0015946303274649589,0.0002742810511077011,-4.040149751767382e-05,846
spatial_aggregation_order,primary_ndvi_first,rolling_origin,AOI-01,sentinel2,2021;2022;2023,2024,R2024-H3,3,AOI-01_b_-104_-29,0.0007399357789506544,0.0006886470662973236,0.0006886470662973236,843
spatial_aggregation_order,primary_ndvi_first,rolling_origin,AOI-01,sentinel2,2021;2022;2023,2024,R2024-H3,3,AOI-01_b_-104_-30,0.0006232095654042306,0.0005737943553189387,0.0005737943553189387,843
spatial_aggregation_order,primary_ndvi_first,rolling_origin,AOI-01,sentinel2,2021;2022;2023,2024,R2024-H3,3,AOI-01_b_-104_-31,0.0014165372955776846,0.0011918535534271215,0.00015359317951810073,423
spatial_aggregation_order,primary_ndvi_first,rolling_origin,AOI-01,sentinel2,2021;2022;2023,2024,R2024-H3,3,AOI-01_b_-105_-26,0.00010428675590972096,3.3432342663113183e-05,3.3432342663113183e-05,114
spatial_aggregation_order,primary_ndvi_first,rolling_origin,AOI-01,sentinel2,2021;2022;2023,2024,R2024-H3,3,AOI-01_b_-105_-27,0.00017647023908079327,3.688112436806464e-05,2.7552649856974964e-05,849
spatial_aggregation_order,primary_ndvi_first,rolling_origin,AOI-01,sentinel2,2021;2022;2023,2024,R2024-H3,3,AOI-01_b_-105_-28,0.00035723322040274406,0.00013016338173614037,9.858146797762941e-05,852
spatial_aggregation_order,primary_ndvi_first,rolling_origin,AOI-01,sentinel2,2021;2022;2023,2024,R2024-H3,3,AOI-01_b_-105_-29,0.0005244813500373473,0.00045347502138481195,0.00045347502138481195,849
spatial_aggregation_order,primary_ndvi_first,rolling_origin,AOI-01,sentinel2,2021;2022;2023,2024,R2024-H3,3,AOI-01_b_-105_-30,0.0010784155899930708,0.0007607985901716854,0.0003674613165643188,645
spatial_aggregation_order,primary_ndvi_first,rolling_origin,AOI-01,sentinel2,2021;2022;2023,2024,R2024-H3,3,AOI-01_b_-105_-31,0.001951167519181989,0.0018889578250093182,0.00017770710775880886,3
spatial_aggregation_order,primary_ndvi_first,rolling_origin,AOI-01,sentinel2,2021;2022;2023,2024,R2024-H3,3,AOI-01_b_-106_-27,0.0001006659530811319,4.013843533049597e-05,4.013843533049597e-05,720
spatial_aggregation_order,primary_ndvi_first,rolling_origin,AOI-01,sentinel2,2021;2022;2023,2024,R2024-H3,3,AOI-01_b_-106_-28,0.0002997649729960533,0.00020166278065467404,0.00020166278065467404,849
spatial_aggregation_order,primary_ndvi_first,rolling_origin,AOI-01,sentinel2,2021;2022;2023,2024,R2024-H3,3,AOI-01_b_-106_-29,0.0023499336490031765,0.0005789970601621854,-0.00019559454302102655,843
spatial_aggregation_order,primary_ndvi_first,rolling_origin,AOI-01,sentinel2,2021;2022;2023,2024,R2024-H3,3,AOI-01_b_-106_-30,0.0020923392212553503,0.0011518968346591878,-0.00042464524709058635,726
spatial_aggregation_order,primary_ndvi_first,rolling_origin,AOI-01,sentinel2,2021;2022;2023,2024,R2024-H3,3,AOI-01_b_-107_-27,0.00022492087170645125,0.00012883720583225274,0.00012883720583225274,294
spatial_aggregation_order,primary_ndvi_first,rolling_origin,AOI-01,sentinel2,2021;2022;2023,2024,R2024-H3,3,AOI-01_b_-107_-28,0.0002968472762194453,0.0002333573753203074,0.0002333573753203074,618
spatial_aggregation_order,primary_ndvi_first,rolling_origin,AOI-01,sentinel2,2021;2022;2023,2024,R2024-H3,3,AOI-01_b_-107_-29,0.0005579312732682342,0.00026456650703965304,0.00012661936890804036,666
spatial_aggregation_order,primary_ndvi_first,rolling_origin,AOI-01,sentinel2,2021;2022;2023,2024,R2024-H3,3,AOI-01_b_-107_-30,0.0018937266311832757,0.001444978607971846,-0.0008153831840567415,387
spatial_aggregation_order,primary_ndvi_first,rolling_origin,AOI-01,sentinel2,2021;2022;2023,2024,R2024-H3,3,AOI-01_b_-108_-30,0.0023664248344237135,0.0021810503985382843,-0.0015740670903284365,3
spatial_aggregation_order,primary_ndvi_first,rolling_origin,AOI-01,sentinel2,2024,2025,R2025-H1,1,AOI-01_b_-100_-28,0.0,0.0,0.0,42
spatial_aggregation_order,primary_ndvi_first,rolling_origin,AOI-01,sentinel2,2024,2025,R2025-H1,1,AOI-01_b_-101_-28,0.0,0.0,0.0,528
spatial_aggregation_order,primary_ndvi_first,rolling_origin,AOI-01,sentinel2,2024,2025,R2025-H1,1,AOI-01_b_-101_-29,0.00017870682913162639,7.984032315348902e-06,-7.984032315348902e-06,501
spatial_aggregation_order,primary_ndvi_first,rolling_origin,AOI-01,sentinel2,2024,2025,R2025-H1,1,AOI-01_b_-101_-30,3.476757104476547e-06,3.2479261873282835e-07,3.2479261873282835e-07,432
spatial_aggregation_order,primary_ndvi_first,rolling_origin,AOI-01,sentinel2,2024,2025,R2025-H1,1,AOI-01_b_-101_-31,0.00010897581273169688,6.40862301951704e-05,6.40862301951704e-05,150
spatial_aggregation_order,primary_ndvi_first,rolling_origin,AOI-01,sentinel2,2024,2025,R2025-H1,1,AOI-01_b_-102_-27,0.0,0.0,0.0,156
spatial_aggregation_order,primary_ndvi_first,rolling_origin,AOI-01,sentinel2,2024,2025,R2025-H1,1,AOI-01_b_-102_-28,0.0,0.0,0.0,801
spatial_aggregation_order,primary_ndvi_first,rolling_origin,AOI-01,sentinel2,2024,2025,R2025-H1,1,AOI-01_b_-102_-29,4.5693382071875736e-05,8.266286741206654e-06,8.266286741206654e-06,849
spatial_aggregation_order,primary_ndvi_first,rolling_origin,AOI-01,sentinel2,2024,2025,R2025-H1,1,AOI-01_b_-102_-30,0.00013738151156584568,5.123740085277953e-06,-4.299110774533119e-06,849
spatial_aggregation_order,primary_ndvi_first,rolling_origin,AOI-01,sentinel2,2024,2025,R2025-H1,1,AOI-01_b_-102_-31,0.0001077298935459887,5.1737521044874804e-05,5.1737521044874804e-05,486
spatial_aggregation_order,primary_ndvi_first,rolling_origin,AOI-01,sentinel2,2024,2025,R2025-H1,1,AOI-01_b_-103_-27,1.0325124094565588e-05,6.573892262443305e-07,6.573892262443305e-07,315
spatial_aggregation_order,primary_ndvi_first,rolling_origin,AOI-01,sentinel2,2024,2025,R2025-H1,1,AOI-01_b_-103_-28,1.8580337888974885e-05,1.7437548432528085e-06,1.7437548432528085e-06,846
spatial_aggregation_order,primary_ndvi_first,rolling_origin,AOI-01,sentinel2,2024,2025,R2025-H1,1,AOI-01_b_-103_-29,0.0009286957471674046,0.000378738551770115,-9.669840853432611e-05,843
spatial_aggregation_order,primary_ndvi_first,rolling_origin,AOI-01,sentinel2,2024,2025,R2025-H1,1,AOI-01_b_-103_-30,0.00043033730539708987,0.00011305761648185299,1.7066698587647032e-05,846
spatial_aggregation_order,primary_ndvi_first,rolling_origin,AOI-01,sentinel2,2024,2025,R2025-H1,1,AOI-01_b_-103_-31,0.0004721138692651538,0.00011257483938538615,-8.377541083559083e-06,336
spatial_aggregation_order,primary_ndvi_first,rolling_origin,AOI-01,sentinel2,2024,2025,R2025-H1,1,AOI-01_b_-104_-27,0.0045497071664744055,0.0012310957994138177,-0.0011956609177235166,525
spatial_aggregation_order,primary_ndvi_first,rolling_origin,AOI-01,sentinel2,2024,2025,R2025-H1,1,AOI-01_b_-104_-28,0.00182656489925305,0.00021030598382854152,-0.00020259609048762443,846
spatial_aggregation_order,primary_ndvi_first,rolling_origin,AOI-01,sentinel2,2024,2025,R2025-H1,1,AOI-01_b_-104_-29,0.0005638950279056284,0.00021558985744974193,7.063783867701604e-05,843
spatial_aggregation_order,primary_ndvi_first,rolling_origin,AOI-01,sentinel2,2024,2025,R2025-H1,1,AOI-01_b_-104_-30,0.0011111357085697923,0.0004382640792762696,-0.00023813050345375796,843
spatial_aggregation_order,primary_ndvi_first,rolling_origin,AOI-01,sentinel2,2024,2025,R2025-H1,1,AOI-01_b_-104_-31,0.003929229194973691,0.003400192056032041,-0.0033308002920656907,423
spatial_aggregation_order,primary_ndvi_first,rolling_origin,AOI-01,sentinel2,2024,2025,R2025-H1,1,AOI-01_b_-105_-26,7.252786503574908e-06,8.511831687000909e-07,8.511831687000909e-07,114
spatial_aggregation_order,primary_ndvi_first,rolling_origin,AOI-01,sentinel2,2024,2025,R2025-H1,1,AOI-01_b_-105_-27,0.000193608612841702,2.021968903953585e-05,1.1239535740161517e-05,849
spatial_aggregation_order,primary_ndvi_first,rolling_origin,AOI-01,sentinel2,2024,2025,R2025-H1,1,AOI-01_b_-105_-28,0.00031255760636368494,4.4406535106165685e-05,1.6609269839862012e-08,852
spatial_aggregation_order,primary_ndvi_first,rolling_origin,AOI-01,sentinel2,2024,2025,R2025-H1,1,AOI-01_b_-105_-29,0.00020484664510179995,0.00011092591324368372,0.00011092591324368372,849
spatial_aggregation_order,primary_ndvi_first,rolling_origin,AOI-01,sentinel2,2024,2025,R2025-H1,1,AOI-01_b_-105_-30,0.0018096802116523544,0.0008843121895916917,-0.0005485956696748837,645
spatial_aggregation_order,primary_ndvi_first,rolling_origin,AOI-01,sentinel2,2024,2025,R2025-H1,1,AOI-01_b_-105_-31,0.006861191892583325,0.0068595287128598486,-0.0068595287128598486,3
spatial_aggregation_order,primary_ndvi_first,rolling_origin,AOI-01,sentinel2,2024,2025,R2025-H1,1,AOI-01_b_-106_-27,0.0,0.0,0.0,720
spatial_aggregation_order,primary_ndvi_first,rolling_origin,AOI-01,sentinel2,2024,2025,R2025-H1,1,AOI-01_b_-106_-28,7.123636194572835e-05,1.915076744732822e-05,1.915076744732822e-05,849
spatial_aggregation_order,primary_ndvi_first,rolling_origin,AOI-01,sentinel2,2024,2025,R2025-H1,1,AOI-01_b_-106_-29,0.0024386520523142735,0.00043142184669376277,-0.00033403422785603686,843
spatial_aggregation_order,primary_ndvi_first,rolling_origin,AOI-01,sentinel2,2024,2025,R2025-H1,1,AOI-01_b_-106_-30,0.002914043481705276,0.0017729352001530543,-0.0015247104945953164,726
spatial_aggregation_order,primary_ndvi_first,rolling_origin,AOI-01,sentinel2,2024,2025,R2025-H1,1,AOI-01_b_-107_-27,6.512113881507483e-05,1.5052867432713797e-05,1.5052867432713797e-05,294
spatial_aggregation_order,primary_ndvi_first,rolling_origin,AOI-01,sentinel2,2024,2025,R2025-H1,1,AOI-01_b_-107_-28,3.802342031306325e-05,7.06337447051047e-06,7.06337447051047e-06,618
spatial_aggregation_order,primary_ndvi_first,rolling_origin,AOI-01,sentinel2,2024,2025,R2025-H1,1,AOI-01_b_-107_-29,0.0006515534252139108,0.00014926719312145537,-8.924893138881346e-05,666
spatial_aggregation_order,primary_ndvi_first,rolling_origin,AOI-01,sentinel2,2024,2025,R2025-H1,1,AOI-01_b_-107_-30,0.002414563379718233,0.0016417389656446539,-0.0013979546443626239,387
spatial_aggregation_order,primary_ndvi_first,rolling_origin,AOI-01,sentinel2,2024,2025,R2025-H1,1,AOI-01_b_-108_-30,0.003313120395076033,0.003313067524257913,-0.003313067524257913,3
spatial_aggregation_order,primary_ndvi_first,rolling_origin,AOI-01,sentinel2,2023;2024,2025,R2025-H2,2,AOI-01_b_-100_-28,0.0,0.0,0.0,42
spatial_aggregation_order,primary_ndvi_first,rolling_origin,AOI-01,sentinel2,2023;2024,2025,R2025-H2,2,AOI-01_b_-101_-28,0.0,0.0,0.0,528
spatial_aggregation_order,primary_ndvi_first,rolling_origin,AOI-01,sentinel2,2023;2024,2025,R2025-H2,2,AOI-01_b_-101_-29,0.00017870682913162639,7.984032315348902e-06,-7.984032315348902e-06,501
spatial_aggregation_order,primary_ndvi_first,rolling_origin,AOI-01,sentinel2,2023;2024,2025,R2025-H2,2,AOI-01_b_-101_-30,1.4264224347672978e-06,1.0944166924070478e-07,1.0944166924070478e-07,432
spatial_aggregation_order,primary_ndvi_first,rolling_origin,AOI-01,sentinel2,2023;2024,2025,R2025-H2,2,AOI-01_b_-101_-31,0.00010399152974645765,5.760344057895029e-05,5.760344057895029e-05,150
spatial_aggregation_order,primary_ndvi_first,rolling_origin,AOI-01,sentinel2,2023;2024,2025,R2025-H2,2,AOI-01_b_-102_-27,0.0,0.0,0.0,156
spatial_aggregation_order,primary_ndvi_first,rolling_origin,AOI-01,sentinel2,2023;2024,2025,R2025-H2,2,AOI-01_b_-102_-28,0.0,0.0,0.0,801
spatial_aggregation_order,primary_ndvi_first,rolling_origin,AOI-01,sentinel2,2023;2024,2025,R2025-H2,2,AOI-01_b_-102_-29,4.534284498677604e-05,7.712924895641115e-06,7.712924895641115e-06,849
spatial_aggregation_order,primary_ndvi_first,rolling_origin,AOI-01,sentinel2,2023;2024,2025,R2025-H2,2,AOI-01_b_-102_-30,0.00013733521721087462,4.9585636176016914e-06,-4.4642872422093805e-06,849
spatial_aggregation_order,primary_ndvi_first,rolling_origin,AOI-01,sentinel2,2023;2024,2025,R2025-H2,2,AOI-01_b_-102_-31,0.0001054931723111643,4.7291485235247164e-05,4.7291485235247164e-05,486
spatial_aggregation_order,primary_ndvi_first,rolling_origin,AOI-01,sentinel2,2023;2024,2025,R2025-H2,2,AOI-01_b_-103_-27,9.70666915852988e-06,5.469088492382399e-07,5.469088492382399e-07,315
spatial_aggregation_order,primary_ndvi_first,rolling_origin,AOI-01,sentinel2,2023;2024,2025,R2025-H2,2,AOI-01_b_-103_-28,1.792160674861192e-05,1.5832681664568276e-06,1.5832681664568276e-06,846
spatial_aggregation_order,primary_ndvi_first,rolling_origin,AOI-01,sentinel2,2023;2024,2025,R2025-H2,2,AOI-01_b_-103_-29,0.0009226202822816464,0.0003779111063387302,-9.153402825299206e-05,843
spatial_aggregation_order,primary_ndvi_first,rolling_origin,AOI-01,sentinel2,2023;2024,2025,R2025-H2,2,AOI-01_b_-103_-30,0.00042788443574299357,0.00011041683284531646,1.5333007429476854e-05,846
spatial_aggregation_order,primary_ndvi_first,rolling_origin,AOI-01,sentinel2,2023;2024,2025,R2025-H2,2,AOI-01_b_-103_-31,0.0004688140663141998,0.00011078299498375597,-9.037631658975154e-06,336
spatial_aggregation_order,primary_ndvi_first,rolling_origin,AOI-01,sentinel2,2023;2024,2025,R2025-H2,2,AOI-01_b_-104_-27,0.004413330499357855,0.0011940115538190083,-0.001157789674716699,525
spatial_aggregation_order,primary_ndvi_first,rolling_origin,AOI-01,sentinel2,2023;2024,2025,R2025-H2,2,AOI-01_b_-104_-28,0.0017552870367385832,0.00020131441028330233,-0.00019491598950991025,846
spatial_aggregation_order,primary_ndvi_first,rolling_origin,AOI-01,sentinel2,2023;2024,2025,R2025-H2,2,AOI-01_b_-104_-29,0.0005649812304549017,0.00021448503044621179,7.013902919560256e-05,843
spatial_aggregation_order,primary_ndvi_first,rolling_origin,AOI-01,sentinel2,2023;2024,2025,R2025-H2,2,AOI-01_b_-104_-30,0.0011067311723057022,0.00043431112718444754,-0.00023837782619873097,843
spatial_aggregation_order,primary_ndvi_first,rolling_origin,AOI-01,sentinel2,2023;2024,2025,R2025-H2,2,AOI-01_b_-104_-31,0.003886964118065634,0.003364397813035393,-0.003296695248526511,423
spatial_aggregation_order,primary_ndvi_first,rolling_origin,AOI-01,sentinel2,2023;2024,2025,R2025-H2,2,AOI-01_b_-105_-26,5.0534973850928426e-06,4.733033949743148e-07,4.733033949743148e-07,114
spatial_aggregation_order,primary_ndvi_first,rolling_origin,AOI-01,sentinel2,2023;2024,2025,R2025-H2,2,AOI-01_b_-105_-27,0.00020183809622312205,2.1054949211272638e-05,1.2053519325936883e-05,849
spatial_aggregation_order,primary_ndvi_first,rolling_origin,AOI-01,sentinel2,2023;2024,2025,R2025-H2,2,AOI-01_b_-105_-28,0.0003141683957042621,4.4421542239842525e-05,1.4965832670319986e-07,852
spatial_aggregation_order,primary_ndvi_first,rolling_origin,AOI-01,sentinel2,2023;2024,2025,R2025-H2,2,AOI-01_b_-105_-29,0.0002101854963623069,0.00010818234704126637,0.00010818234704126637,849
spatial_aggregation_order,primary_ndvi_first,rolling_origin,AOI-01,sentinel2,2023;2024,2025,R2025-H2,2,AOI-01_b_-105_-30,0.0017699323326000056,0.000868089182926611,-0.0005314040310226456,645
spatial_aggregation_order,primary_ndvi_first,rolling_origin,AOI-01,sentinel2,2023;2024,2025,R2025-H2,2,AOI-01_b_-105_-31,0.0067794017716823664,0.006777380799337152,-0.006777380799337152,3
spatial_aggregation_order,primary_ndvi_first,rolling_origin,AOI-01,sentinel2,2023;2024,2025,R2025-H2,2,AOI-01_b_-106_-27,0.0,0.0,0.0,720
spatial_aggregation_order,primary_ndvi_first,rolling_origin,AOI-01,sentinel2,2023;2024,2025,R2025-H2,2,AOI-01_b_-106_-28,7.104883914055616e-05,1.7779829169645834e-05,1.7779829169645834e-05,849
spatial_aggregation_order,primary_ndvi_first,rolling_origin,AOI-01,sentinel2,2023;2024,2025,R2025-H2,2,AOI-01_b_-106_-29,0.002393985261285156,0.00042522916286358227,-0.0003276947886285627,843
spatial_aggregation_order,primary_ndvi_first,rolling_origin,AOI-01,sentinel2,2023;2024,2025,R2025-H2,2,AOI-01_b_-106_-30,0.002854739099805216,0.0017462696484982644,-0.0014967510361045956,726
spatial_aggregation_order,primary_ndvi_first,rolling_origin,AOI-01,sentinel2,2023;2024,2025,R2025-H2,2,AOI-01_b_-107_-27,6.528112610524922e-05,1.428476789882074e-05,1.428476789882074e-05,294
spatial_aggregation_order,primary_ndvi_first,rolling_origin,AOI-01,sentinel2,2023;2024,2025,R2025-H2,2,AOI-01_b_-107_-28,3.6859391148598565e-05,6.266512131133677e-06,6.266512131133677e-06,618
spatial_aggregation_order,primary_ndvi_first,rolling_origin,AOI-01,sentinel2,2023;2024,2025,R2025-H2,2,AOI-01_b_-107_-29,0.0006475987696670885,0.00014734138135745684,-8.942653970386406e-05,666
spatial_aggregation_order,primary_ndvi_first,rolling_origin,AOI-01,sentinel2,2023;2024,2025,R2025-H2,2,AOI-01_b_-107_-30,0.0023804125007482304,0.0016179537434052316,-0.0013756136406291978,387
spatial_aggregation_order,primary_ndvi_first,rolling_origin,AOI-01,sentinel2,2023;2024,2025,R2025-H2,2,AOI-01_b_-108_-30,0.003274397576576262,0.0032743333487045227,-0.0032743333487045227,3
spatial_aggregation_order,primary_ndvi_first,rolling_origin,AOI-01,sentinel2,2022;2023;2024,2025,R2025-H3,3,AOI-01_b_-100_-28,0.0,0.0,0.0,42
spatial_aggregation_order,primary_ndvi_first,rolling_origin,AOI-01,sentinel2,2022;2023;2024,2025,R2025-H3,3,AOI-01_b_-101_-28,0.0,0.0,0.0,528
spatial_aggregation_order,primary_ndvi_first,rolling_origin,AOI-01,sentinel2,2022;2023;2024,2025,R2025-H3,3,AOI-01_b_-101_-29,0.00017870682913162639,7.984032315348902e-06,-7.984032315348902e-06,501
spatial_aggregation_order,primary_ndvi_first,rolling_origin,AOI-01,sentinel2,2022;2023;2024,2025,R2025-H3,3,AOI-01_b_-101_-30,6.901192947037816e-06,6.582335570849769e-07,6.582335570849769e-07,432
spatial_aggregation_order,primary_ndvi_first,rolling_origin,AOI-01,sentinel2,2022;2023;2024,2025,R2025-H3,3,AOI-01_b_-101_-31,0.0001392808386254656,8.814951628808891e-05,8.814951628808891e-05,150
spatial_aggregation_order,primary_ndvi_first,rolling_origin,AOI-01,sentinel2,2022;2023;2024,2025,R2025-H3,3,AOI-01_b_-102_-27,0.0,0.0,0.0,156
spatial_aggregation_order,primary_ndvi_first,rolling_origin,AOI-01,sentinel2,2022;2023;2024,2025,R2025-H3,3,AOI-01_b_-102_-28,0.0,0.0,0.0,801
spatial_aggregation_order,primary_ndvi_first,rolling_origin,AOI-01,sentinel2,2022;2023;2024,2025,R2025-H3,3,AOI-01_b_-102_-29,5.6212886998305666e-05,1.1065185974811321e-05,1.1065185974811321e-05,849
spatial_aggregation_order,primary_ndvi_first,rolling_origin,AOI-01,sentinel2,2022;2023;2024,2025,R2025-H3,3,AOI-01_b_-102_-30,0.00013754972773486095,5.524335847528707e-06,-3.898515012282365e-06,849
spatial_aggregation_order,primary_ndvi_first,rolling_origin,AOI-01,sentinel2,2022;2023;2024,2025,R2025-H3,3,AOI-01_b_-102_-31,0.00013425111604379423,6.933819959667233e-05,6.933819959667233e-05,486
spatial_aggregation_order,primary_ndvi_first,rolling_origin,AOI-01,sentinel2,2022;2023;2024,2025,R2025-H3,3,AOI-01_b_-103_-27,1.3614168408519693e-05,1.0708487140898133e-06,1.0708487140898133e-06,315
spatial_aggregation_order,primary_ndvi_first,rolling_origin,AOI-01,sentinel2,2022;2023;2024,2025,R2025-H3,3,AOI-01_b_-103_-28,2.366584053430368e-05,2.6216425358590852e-06,2.6216425358590852e-06,846
spatial_aggregation_order,primary_ndvi_first,rolling_origin,AOI-01,sentinel2,2022;2023;2024,2025,R2025-H3,3,AOI-01_b_-103_-29,0.0009176981554862763,0.0003991447277927406,-6.173810039580419e-05,843
spatial_aggregation_order,primary_ndvi_first,rolling_origin,AOI-01,sentinel2,2022;2023;2024,2025,R2025-H3,3,AOI-01_b_-103_-30,0.0004313929120001986,0.00012899874612632274,3.559543338371669e-05,846
spatial_aggregation_order,primary_ndvi_first,rolling_origin,AOI-01,sentinel2,2022;2023;2024,2025,R2025-H3,3,AOI-01_b_-103_-31,0.0004686403582845529,0.00012390465299159394,6.199751849155909e-06,336
spatial_aggregation_order,primary_ndvi_first,rolling_origin,AOI-01,sentinel2,2022;2023;2024,2025,R2025-H3,3,AOI-01_b_-104_-27,0.004400280592403671,0.0011919044192541118,-0.00114965171136692,525
spatial_aggregation_order,primary_ndvi_first,rolling_origin,AOI-01,sentinel2,2022;2023;2024,2025,R2025-H3,3,AOI-01_b_-104_-28,0.0017500847671781518,0.00020304953818640247,-0.00019148335176397027,846
spatial_aggregation_order,primary_ndvi_first,rolling_origin,AOI-01,sentinel2,2022;2023;2024,2025,R2025-H3,3,AOI-01_b_-104_-29,0.0005750323282825154,0.0002467298747747469,0.00010449616140708408,843
spatial_aggregation_order,primary_ndvi_first,rolling_origin,AOI-01,sentinel2,2022;2023;2024,2025,R2025-H3,3,AOI-01_b_-104_-30,0.0010949541796187073,0.00045576761889184423,-0.0002056332811735674,843
spatial_aggregation_order,primary_ndvi_first,rolling_origin,AOI-01,sentinel2,2022;2023;2024,2025,R2025-H3,3,AOI-01_b_-104_-31,0.0038369585101907648,0.00332535416974962,-0.00323868601354916,423
spatial_aggregation_order,primary_ndvi_first,rolling_origin,AOI-01,sentinel2,2022;2023;2024,2025,R2025-H3,3,AOI-01_b_-105_-26,1.1946677986824116e-05,1.5053589952812342e-06,1.5053589952812342e-06,114
spatial_aggregation_order,primary_ndvi_first,rolling_origin,AOI-01,sentinel2,2022;2023;2024,2025,R2025-H3,3,AOI-01_b_-105_-27,0.000205523025750058,2.252851130771384e-05,1.3667386912689553e-05,849
spatial_aggregation_order,primary_ndvi_first,rolling_origin,AOI-01,sentinel2,2022;2023;2024,2025,R2025-H3,3,AOI-01_b_-105_-28,0.0003172870580215993,4.913366906916588e-05,5.140149730400926e-06,852
spatial_aggregation_order,primary_ndvi_first,rolling_origin,AOI-01,sentinel2,2022;2023;2024,2025,R2025-H3,3,AOI-01_b_-105_-29,0.0002425369913757645,0.00013929377600168215,0.00013929377600168215,849
spatial_aggregation_order,primary_ndvi_first,rolling_origin,AOI-01,sentinel2,2022;2023;2024,2025,R2025-H3,3,AOI-01_b_-105_-30,0.0017540670848278765,0.0008926384299123406,-0.00048531338481818157,645
spatial_aggregation_order,primary_ndvi_first,rolling_origin,AOI-01,sentinel2,2022;2023;2024,2025,R2025-H3,3,AOI-01_b_-105_-31,0.0067205720990241805,0.006718536223445066,-0.006718536223445066,3
spatial_aggregation_order,primary_ndvi_first,rolling_origin,AOI-01,sentinel2,2022;2023;2024,2025,R2025-H3,3,AOI-01_b_-106_-27,0.0,0.0,0.0,720
spatial_aggregation_order,primary_ndvi_first,rolling_origin,AOI-01,sentinel2,2022;2023;2024,2025,R2025-H3,3,AOI-01_b_-106_-28,8.718485599023908e-05,2.5573418718647422e-05,2.5573418718647422e-05,849
spatial_aggregation_order,primary_ndvi_first,rolling_origin,AOI-01,sentinel2,2022;2023;2024,2025,R2025-H3,3,AOI-01_b_-106_-29,0.002387254421634502,0.00043379110867840373,-0.000314069405359899,843
spatial_aggregation_order,primary_ndvi_first,rolling_origin,AOI-01,sentinel2,2022;2023;2024,2025,R2025-H3,3,AOI-01_b_-106_-30,0.0028253662327436943,0.0017485724321113505,-0.0014484692899689167,726
spatial_aggregation_order,primary_ndvi_first,rolling_origin,AOI-01,sentinel2,2022;2023;2024,2025,R2025-H3,3,AOI-01_b_-107_-27,7.912323064978812e-05,1.9550763320140505e-05,1.9550763320140505e-05,294
spatial_aggregation_order,primary_ndvi_first,rolling_origin,AOI-01,sentinel2,2022;2023;2024,2025,R2025-H3,3,AOI-01_b_-107_-28,4.8046568279927077e-05,9.93903781966198e-06,9.93903781966198e-06,618
spatial_aggregation_order,primary_ndvi_first,rolling_origin,AOI-01,sentinel2,2022;2023;2024,2025,R2025-H3,3,AOI-01_b_-107_-29,0.0006398736922494745,0.00015473975319788252,-7.793303950782221e-05,666
spatial_aggregation_order,primary_ndvi_first,rolling_origin,AOI-01,sentinel2,2022;2023;2024,2025,R2025-H3,3,AOI-01_b_-107_-30,0.002347115419026904,0.0016205490779312676,-0.0013225032546582598,387
spatial_aggregation_order,primary_ndvi_first,rolling_origin,AOI-01,sentinel2,2022;2023;2024,2025,R2025-H3,3,AOI-01_b_-108_-30,0.003215213608296899,0.003215148287729508,-0.003215148287729508,3
spatial_aggregation_order,primary_ndvi_first,rolling_origin,AOI-02,landsat,2023,2024,R2024-H1,1,AOI-02_b_-65_-110,0.01823248078877801,0.014085627321985622,0.01157663416798213,2
spatial_aggregation_order,primary_ndvi_first,rolling_origin,AOI-02,landsat,2023,2024,R2024-H1,1,AOI-02_b_-66_-110,0.040906443835786975,0.03337137184162291,0.0008411742917598987,37
spatial_aggregation_order,primary_ndvi_first,rolling_origin,AOI-02,landsat,2023,2024,R2024-H1,1,AOI-02_b_-66_-111,0.04741683083104315,0.038902473942909445,0.015135239166826726,113
spatial_aggregation_order,primary_ndvi_first,rolling_origin,AOI-02,landsat,2023,2024,R2024-H1,1,AOI-02_b_-66_-112,0.061292320229292326,0.04767181108741243,0.020977390645216965,92
spatial_aggregation_order,primary_ndvi_first,rolling_origin,AOI-02,landsat,2023,2024,R2024-H1,1,AOI-02_b_-67_-111,0.06723799615136099,0.054083086739091506,0.03835188595633246,16
spatial_aggregation_order,primary_ndvi_first,rolling_origin,AOI-02,landsat,2023,2024,R2024-H1,1,AOI-02_b_-67_-112,0.057355330241517885,0.04528496257538273,0.023062704103358714,201
spatial_aggregation_order,primary_ndvi_first,rolling_origin,AOI-02,landsat,2023,2024,R2024-H1,1,AOI-02_b_-67_-113,0.06697898674206669,0.051671245585634594,0.043329595091574205,31
spatial_aggregation_order,primary_ndvi_first,rolling_origin,AOI-02,landsat,2023,2024,R2024-H1,1,AOI-02_b_-68_-109,0.0450421351750879,0.04308281100935479,-0.04308281100935479,2
spatial_aggregation_order,primary_ndvi_first,rolling_origin,AOI-02,landsat,2023,2024,R2024-H1,1,AOI-02_b_-68_-112,0.08066652362902325,0.05659492153674182,0.041992335616979674,80
spatial_aggregation_order,primary_ndvi_first,rolling_origin,AOI-02,landsat,2023,2024,R2024-H1,1,AOI-02_b_-69_-108,0.04842845600570892,0.03596993319291219,-0.01139491322722395,23
spatial_aggregation_order,primary_ndvi_first,rolling_origin,AOI-02,landsat,2023,2024,R2024-H1,1,AOI-02_b_-69_-109,0.04685919374296072,0.03577206282698267,0.003931193294997934,151
spatial_aggregation_order,primary_ndvi_first,rolling_origin,AOI-02,landsat,2023,2024,R2024-H1,1,AOI-02_b_-69_-110,0.041049556122778406,0.03672185561823379,0.011060571964002489,3
spatial_aggregation_order,primary_ndvi_first,rolling_origin,AOI-02,landsat,2023,2024,R2024-H1,1,AOI-02_b_-69_-112,0.06504155914595434,0.050455129301960853,0.04328089269186039,12
spatial_aggregation_order,primary_ndvi_first,rolling_origin,AOI-02,landsat,2023,2024,R2024-H1,1,AOI-02_b_-69_-113,0.0516836686610096,0.04175337068738048,0.03595748423173921,29
spatial_aggregation_order,primary_ndvi_first,rolling_origin,AOI-02,landsat,2023,2024,R2024-H1,1,AOI-02_b_-70_-108,0.036200572386439145,0.030460946573447813,-0.01782279569573523,20
spatial_aggregation_order,primary_ndvi_first,rolling_origin,AOI-02,landsat,2023,2024,R2024-H1,1,AOI-02_b_-70_-109,0.04734002170588496,0.037334279450829295,-0.007695718610212904,37
spatial_aggregation_order,primary_ndvi_first,rolling_origin,AOI-02,landsat,2023,2024,R2024-H1,1,AOI-02_b_-70_-110,0.0727553654663491,0.06964714804271921,0.02103848791281293,2
spatial_aggregation_order,primary_ndvi_first,rolling_origin,AOI-02,landsat,2023,2024,R2024-H1,1,AOI-02_b_-70_-111,0.09119098129044001,0.07641707099170188,0.008017120501238631,3
spatial_aggregation_order,primary_ndvi_first,rolling_origin,AOI-02,landsat,2023,2024,R2024-H1,1,AOI-02_b_-70_-112,0.06955849502752497,0.062012808303687605,-0.05250823348809834,5
spatial_aggregation_order,primary_ndvi_first,rolling_origin,AOI-02,landsat,2023,2024,R2024-H1,1,AOI-02_b_-71_-108,0.07512644914096905,0.05052993869555099,0.03287018025009163,4
spatial_aggregation_order,primary_ndvi_first,rolling_origin,AOI-02,landsat,2023,2024,R2024-H1,1,AOI-02_b_-71_-109,0.07870756008011248,0.06230980103094661,0.04183825665866133,92
spatial_aggregation_order,primary_ndvi_first,rolling_origin,AOI-02,landsat,2023,2024,R2024-H1,1,AOI-02_b_-71_-110,0.03979073604418451,0.03250124499171034,-0.021276480537836012,4
spatial_aggregation_order,primary_ndvi_first,rolling_origin,AOI-02,landsat,2023,2024,R2024-H1,1,AOI-02_b_-71_-111,0.0510676727772713,0.046016597797309745,-0.03829832987130402,31
spatial_aggregation_order,primary_ndvi_first,rolling_origin,AOI-02,landsat,2023,2024,R2024-H1,1,AOI-02_b_-71_-112,0.0657866439742755,0.05141637889122222,0.02221570539440866,22
spatial_aggregation_order,primary_ndvi_first,rolling_origin,AOI-02,landsat,2023,2024,R2024-H1,1,AOI-02_b_-72_-108,0.057322103927492374,0.04794427187069021,0.04370709987012734,7
spatial_aggregation_order,primary_ndvi_first,rolling_origin,AOI-02,landsat,2023,2024,R2024-H1,1,AOI-02_b_-72_-109,0.0647329574449706,0.05087329335063269,-0.005559327514244707,205
spatial_aggregation_order,primary_ndvi_first,rolling_origin,AOI-02,landsat,2023,2024,R2024-H1,1,AOI-02_b_-72_-110,0.061738152541228594,0.04762376574879063,-0.0018428716315665838,127
spatial_aggregation_order,primary_ndvi_first,rolling_origin,AOI-02,landsat,2023,2024,R2024-H1,1,AOI-02_b_-72_-111,0.06779269689297268,0.0532552038917286,-0.010970188345229625,168
spatial_aggregation_order,primary_ndvi_first,rolling_origin,AOI-02,landsat,2023,2024,R2024-H1,1,AOI-02_b_-72_-112,0.07476381185728918,0.054874485971430874,0.02184566937274536,16
spatial_aggregation_order,primary_ndvi_first,rolling_origin,AOI-02,landsat,2023,2024,R2024-H1,1,AOI-02_b_-73_-111,0.0492495163745742,0.043096058143590445,-0.017487648146492125,7
spatial_aggregation_order,primary_ndvi_first,rolling_origin,AOI-02,landsat,2022;2023,2024,R2024-H2,2,AOI-02_b_-65_-110,0.013536134220321046,0.012708331553482805,-0.004661034086691468,2
spatial_aggregation_order,primary_ndvi_first,rolling_origin,AOI-02,landsat,2022;2023,2024,R2024-H2,2,AOI-02_b_-66_-110,0.04318564623113979,0.03393542605608747,-0.012998768966949676,37
spatial_aggregation_order,primary_ndvi_first,rolling_origin,AOI-02,landsat,2022;2023,2024,R2024-H2,2,AOI-02_b_-66_-111,0.04326598031395933,0.03583121062740559,0.0026437760849631273,113
spatial_aggregation_order,primary_ndvi_first,rolling_origin,AOI-02,landsat,2022;2023,2024,R2024-H2,2,AOI-02_b_-66_-112,0.05609291001544708,0.043790684219373426,0.008660721811518807,92
spatial_aggregation_order,primary_ndvi_first,rolling_origin,AOI-02,landsat,2022;2023,2024,R2024-H2,2,AOI-02_b_-67_-111,0.06123442696844363,0.05212619723210055,0.024174602808515747,16
spatial_aggregation_order,primary_ndvi_first,rolling_origin,AOI-02,landsat,2022;2023,2024,R2024-H2,2,AOI-02_b_-67_-112,0.05434782504682461,0.04276680153881735,0.017808426924351903,201
spatial_aggregation_order,primary_ndvi_first,rolling_origin,AOI-02,landsat,2022;2023,2024,R2024-H2,2,AOI-02_b_-67_-113,0.0568603874721728,0.042511224930690636,0.03306427769847131,31
spatial_aggregation_order,primary_ndvi_first,rolling_origin,AOI-02,landsat,2022;2023,2024,R2024-H2,2,AOI-02_b_-68_-109,0.06331007067232533,0.06211735658800943,-0.06211735658800943,2
spatial_aggregation_order,primary_ndvi_first,rolling_origin,AOI-02,landsat,2022;2023,2024,R2024-H2,2,AOI-02_b_-68_-112,0.07415211898544467,0.05265181067992063,0.03520171791041863,80
spatial_aggregation_order,primary_ndvi_first,rolling_origin,AOI-02,landsat,2022;2023,2024,R2024-H2,2,AOI-02_b_-69_-108,0.054109622852017245,0.04034719649062939,-0.028808126301732143,23
spatial_aggregation_order,primary_ndvi_first,rolling_origin,AOI-02,landsat,2022;2023,2024,R2024-H2,2,AOI-02_b_-69_-109,0.04831197610061274,0.03698444062684315,-0.01555242500773,151
spatial_aggregation_order,primary_ndvi_first,rolling_origin,AOI-02,landsat,2022;2023,2024,R2024-H2,2,AOI-02_b_-69_-110,0.03995113195149007,0.034068798282972934,-0.008244354199475853,3
spatial_aggregation_order,primary_ndvi_first,rolling_origin,AOI-02,landsat,2022;2023,2024,R2024-H2,2,AOI-02_b_-69_-112,0.055124357830567676,0.04291453983592789,0.031164462005429657,12
spatial_aggregation_order,primary_ndvi_first,rolling_origin,AOI-02,landsat,2022;2023,2024,R2024-H2,2,AOI-02_b_-69_-113,0.04084939680377211,0.032475204359565794,0.018174721305982168,29
spatial_aggregation_order,primary_ndvi_first,rolling_origin,AOI-02,landsat,2022;2023,2024,R2024-H2,2,AOI-02_b_-70_-108,0.04726523906227416,0.040663974203256514,-0.036201342207524835,20
spatial_aggregation_order,primary_ndvi_first,rolling_origin,AOI-02,landsat,2022;2023,2024,R2024-H2,2,AOI-02_b_-70_-109,0.05397257616003106,0.041349545137206165,-0.026246775008042438,37
spatial_aggregation_order,primary_ndvi_first,rolling_origin,AOI-02,landsat,2022;2023,2024,R2024-H2,2,AOI-02_b_-70_-110,0.06640575063269673,0.06640522694764339,0.00026372547066577656,2
spatial_aggregation_order,primary_ndvi_first,rolling_origin,AOI-02,landsat,2022;2023,2024,R2024-H2,2,AOI-02_b_-70_-111,0.08928839552412166,0.0818196481889188,-0.012238530883438847,3
spatial_aggregation_order,primary_ndvi_first,rolling_origin,AOI-02,landsat,2022;2023,2024,R2024-H2,2,AOI-02_b_-70_-112,0.0841309878560815,0.07284902647961708,-0.07204091071321843,5
spatial_aggregation_order,primary_ndvi_first,rolling_origin,AOI-02,landsat,2022;2023,2024,R2024-H2,2,AOI-02_b_-71_-108,0.07184936192072512,0.05322300946614246,0.01575398102478716,4
spatial_aggregation_order,primary_ndvi_first,rolling_origin,AOI-02,landsat,2022;2023,2024,R2024-H2,2,AOI-02_b_-71_-109,0.07228325477883193,0.057238423398045926,0.027142997171385484,92
spatial_aggregation_order,primary_ndvi_first,rolling_origin,AOI-02,landsat,2022;2023,2024,R2024-H2,2,AOI-02_b_-71_-110,0.05426275121639842,0.043160909834332156,-0.043160909834332156,4
spatial_aggregation_order,primary_ndvi_first,rolling_origin,AOI-02,landsat,2022;2023,2024,R2024-H2,2,AOI-02_b_-71_-111,0.06545332147124419,0.05916175205244228,-0.056479330706128705,31
spatial_aggregation_order,primary_ndvi_first,rolling_origin,AOI-02,landsat,2022;2023,2024,R2024-H2,2,AOI-02_b_-71_-112,0.060394746824216354,0.04995377683967564,0.004054717854055979,22
spatial_aggregation_order,primary_ndvi_first,rolling_origin,AOI-02,landsat,2022;2023,2024,R2024-H2,2,AOI-02_b_-72_-108,0.053763694100602694,0.04460287577263118,0.03963619091588113,7
spatial_aggregation_order,primary_ndvi_first,rolling_origin,AOI-02,landsat,2022;2023,2024,R2024-H2,2,AOI-02_b_-72_-109,0.06629263234657237,0.052100177069187056,-0.017901102439179542,205
spatial_aggregation_order,primary_ndvi_first,rolling_origin,AOI-02,landsat,2022;2023,2024,R2024-H2,2,AOI-02_b_-72_-110,0.06400021136600638,0.048501290378794526,-0.018196638837501725,127
spatial_aggregation_order,primary_ndvi_first,rolling_origin,AOI-02,landsat,2022;2023,2024,R2024-H2,2,AOI-02_b_-72_-111,0.07224081531398269,0.05783086895933137,-0.028882583216446562,168
spatial_aggregation_order,primary_ndvi_first,rolling_origin,AOI-02,landsat,2022;2023,2024,R2024-H2,2,AOI-02_b_-72_-112,0.06847392244247963,0.05249350998345824,0.006782614552121865,16
spatial_aggregation_order,primary_ndvi_first,rolling_origin,AOI-02,landsat,2022;2023,2024,R2024-H2,2,AOI-02_b_-73_-111,0.05352565351684297,0.04724258869972185,-0.030401150026073038,7
spatial_aggregation_order,primary_ndvi_first,rolling_origin,AOI-02,landsat,2021;2022;2023,2024,R2024-H3,3,AOI-02_b_-65_-110,0.015785057517000288,0.012323309316090075,-0.009864283466880647,2
spatial_aggregation_order,primary_ndvi_first,rolling_origin,AOI-02,landsat,2021;2022;2023,2024,R2024-H3,3,AOI-02_b_-66_-110,0.04485565632817844,0.035358645391063995,-0.017531735707991644,37
spatial_aggregation_order,primary_ndvi_first,rolling_origin,AOI-02,landsat,2021;2022;2023,2024,R2024-H3,3,AOI-02_b_-66_-111,0.04290154350546095,0.03529097393219752,-0.0015122238007073989,113
spatial_aggregation_order,primary_ndvi_first,rolling_origin,AOI-02,landsat,2021;2022;2023,2024,R2024-H3,3,AOI-02_b_-66_-112,0.05513808218846107,0.04319281195361547,0.004553585557067591,92
spatial_aggregation_order,primary_ndvi_first,rolling_origin,AOI-02,landsat,2021;2022;2023,2024,R2024-H3,3,AOI-02_b_-67_-111,0.0599572623580951,0.05237824999029909,0.019547332896117188,16
spatial_aggregation_order,primary_ndvi_first,rolling_origin,AOI-02,landsat,2021;2022;2023,2024,R2024-H3,3,AOI-02_b_-67_-112,0.05349089363118976,0.041879955439787585,0.01567557818200743,201
spatial_aggregation_order,primary_ndvi_first,rolling_origin,AOI-02,landsat,2021;2022;2023,2024,R2024-H3,3,AOI-02_b_-67_-113,0.053876224894225416,0.03991477500705873,0.029530595555619685,31
spatial_aggregation_order,primary_ndvi_first,rolling_origin,AOI-02,landsat,2021;2022;2023,2024,R2024-H3,3,AOI-02_b_-68_-109,0.06914761862823202,0.06810247141033426,-0.06810247141033426,2
spatial_aggregation_order,primary_ndvi_first,rolling_origin,AOI-02,landsat,2021;2022;2023,2024,R2024-H3,3,AOI-02_b_-68_-112,0.07216057375361314,0.05157626592959648,0.03263938606005663,80
spatial_aggregation_order,primary_ndvi_first,rolling_origin,AOI-02,landsat,2021;2022;2023,2024,R2024-H3,3,AOI-02_b_-69_-108,0.056966912467949465,0.04286452592136013,-0.034339998558023034,23
spatial_aggregation_order,primary_ndvi_first,rolling_origin,AOI-02,landsat,2021;2022;2023,2024,R2024-H3,3,AOI-02_b_-69_-109,0.05038624342426729,0.038689389039397004,-0.021663077850956978,151
spatial_aggregation_order,primary_ndvi_first,rolling_origin,AOI-02,landsat,2021;2022;2023,2024,R2024-H3,3,AOI-02_b_-69_-110,0.04151163936884422,0.036049540285557326,-0.014305053758279987,3
spatial_aggregation_order,primary_ndvi_first,rolling_origin,AOI-02,landsat,2021;2022;2023,2024,R2024-H3,3,AOI-02_b_-69_-112,0.05231441801134686,0.041017882092629125,0.027113302209510706,12
spatial_aggregation_order,primary_ndvi_first,rolling_origin,AOI-02,landsat,2021;2022;2023,2024,R2024-H3,3,AOI-02_b_-69_-113,0.03858208979437478,0.030920573574221774,0.01253954160200295,29
spatial_aggregation_order,primary_ndvi_first,rolling_origin,AOI-02,landsat,2021;2022;2023,2024,R2024-H3,3,AOI-02_b_-70_-108,0.051665310296024655,0.044549573213050614,-0.04200307286921552,20
spatial_aggregation_order,primary_ndvi_first,rolling_origin,AOI-02,landsat,2021;2022;2023,2024,R2024-H3,3,AOI-02_b_-70_-109,0.05719692767709906,0.04369141764152646,-0.03209673070883831,37
spatial_aggregation_order,primary_ndvi_first,rolling_origin,AOI-02,landsat,2021;2022;2023,2024,R2024-H3,3,AOI-02_b_-70_-110,0.06579247693842724,0.065498949776086,-0.006207865971752546,2
spatial_aggregation_order,primary_ndvi_first,rolling_origin,AOI-02,landsat,2021;2022;2023,2024,R2024-H3,3,AOI-02_b_-70_-111,0.08972763513948531,0.08355127505669031,-0.018565005129265916,3
spatial_aggregation_order,primary_ndvi_first,rolling_origin,AOI-02,landsat,2021;2022;2023,2024,R2024-H3,3,AOI-02_b_-70_-112,0.08914677446032997,0.07816527794989339,-0.07816527794989339,5
spatial_aggregation_order,primary_ndvi_first,rolling_origin,AOI-02,landsat,2021;2022;2023,2024,R2024-H3,3,AOI-02_b_-71_-108,0.07156237824764464,0.053975855846173856,0.01030513881866578,4
spatial_aggregation_order,primary_ndvi_first,rolling_origin,AOI-02,landsat,2021;2022;2023,2024,R2024-H3,3,AOI-02_b_-71_-109,0.07079114002122167,0.055847744661623726,0.0223709272721607,92
spatial_aggregation_order,primary_ndvi_first,rolling_origin,AOI-02,landsat,2021;2022;2023,2024,R2024-H3,3,AOI-02_b_-71_-110,0.059685907547504954,0.04994270800561193,-0.04994270800561193,4
spatial_aggregation_order,primary_ndvi_first,rolling_origin,AOI-02,landsat,2021;2022;2023,2024,R2024-H3,3,AOI-02_b_-71_-111,0.0703863675043209,0.06372282970907371,-0.06222583758780665,31
spatial_aggregation_order,primary_ndvi_first,rolling_origin,AOI-02,landsat,2021;2022;2023,2024,R2024-H3,3,AOI-02_b_-71_-112,0.059874441670472775,0.05048738391873513,-0.00168619432269987,22
spatial_aggregation_order,primary_ndvi_first,rolling_origin,AOI-02,landsat,2021;2022;2023,2024,R2024-H3,3,AOI-02_b_-72_-108,0.05232816141798346,0.04319449142949864,0.03783415207797135,7
spatial_aggregation_order,primary_ndvi_first,rolling_origin,AOI-02,landsat,2021;2022;2023,2024,R2024-H3,3,AOI-02_b_-72_-109,0.06742267377643683,0.05293963609718034,-0.0220152570869499,205
spatial_aggregation_order,primary_ndvi_first,rolling_origin,AOI-02,landsat,2021;2022;2023,2024,R2024-H3,3,AOI-02_b_-72_-110,0.06565363686634751,0.04986072503685762,-0.023432343612527624,127
spatial_aggregation_order,primary_ndvi_first,rolling_origin,AOI-02,landsat,2021;2022;2023,2024,R2024-H3,3,AOI-02_b_-72_-111,0.07454473484823894,0.060453033143986104,-0.034554001455982156,168
spatial_aggregation_order,primary_ndvi_first,rolling_origin,AOI-02,landsat,2021;2022;2023,2024,R2024-H3,3,AOI-02_b_-72_-112,0.06724508340641375,0.05220349123033858,0.0019077276796757095,16
spatial_aggregation_order,primary_ndvi_first,rolling_origin,AOI-02,landsat,2021;2022;2023,2024,R2024-H3,3,AOI-02_b_-73_-111,0.05562938626230635,0.048686328319295126,-0.0346751306141313,7
spatial_aggregation_order,primary_ndvi_first,rolling_origin,AOI-02,landsat,2024,2025,R2025-H1,1,AOI-02_b_-65_-110,0.030231474485806698,0.029007968324531064,0.029007968324531064,2
spatial_aggregation_order,primary_ndvi_first,rolling_origin,AOI-02,landsat,2024,2025,R2025-H1,1,AOI-02_b_-66_-109,0.050970873268937955,0.04331709889480864,0.01671276013290024,15
spatial_aggregation_order,primary_ndvi_first,rolling_origin,AOI-02,landsat,2024,2025,R2025-H1,1,AOI-02_b_-66_-110,0.061771870541545294,0.04753813881734392,0.010370318885616027,107
spatial_aggregation_order,primary_ndvi_first,rolling_origin,AOI-02,landsat,2024,2025,R2025-H1,1,AOI-02_b_-66_-111,0.08296389628809396,0.06325521058146759,0.03474483038457449,138
spatial_aggregation_order,primary_ndvi_first,rolling_origin,AOI-02,landsat,2024,2025,R2025-H1,1,AOI-02_b_-67_-109,0.085007702403466,0.06510574018394014,0.04897757765030202,91
spatial_aggregation_order,primary_ndvi_first,rolling_origin,AOI-02,landsat,2024,2025,R2025-H1,1,AOI-02_b_-67_-110,0.05246026906155513,0.040490921597787645,0.01711106235914538,408
spatial_aggregation_order,primary_ndvi_first,rolling_origin,AOI-02,landsat,2024,2025,R2025-H1,1,AOI-02_b_-67_-111,0.060511300996662555,0.04717696198643244,0.004661317234854328,287
spatial_aggregation_order,primary_ndvi_first,rolling_origin,AOI-02,landsat,2024,2025,R2025-H1,1,AOI-02_b_-67_-112,0.07109672736714746,0.054716801073579124,0.04295832369379495,135
spatial_aggregation_order,primary_ndvi_first,rolling_origin,AOI-02,landsat,2024,2025,R2025-H1,1,AOI-02_b_-67_-113,0.07342688288295335,0.06959662552308397,0.04773776302471044,14
spatial_aggregation_order,primary_ndvi_first,rolling_origin,AOI-02,landsat,2024,2025,R2025-H1,1,AOI-02_b_-68_-109,0.06687854709353311,0.05442057057632227,0.0028696358585307935,230
spatial_aggregation_order,primary_ndvi_first,rolling_origin,AOI-02,landsat,2024,2025,R2025-H1,1,AOI-02_b_-68_-110,0.05764045746142677,0.04541477103220087,-0.008773407750975924,218
spatial_aggregation_order,primary_ndvi_first,rolling_origin,AOI-02,landsat,2024,2025,R2025-H1,1,AOI-02_b_-68_-111,0.05236863684055627,0.04146252560653998,0.0008373721226788854,358
spatial_aggregation_order,primary_ndvi_first,rolling_origin,AOI-02,landsat,2024,2025,R2025-H1,1,AOI-02_b_-68_-112,0.06862900504911798,0.05363331110298227,0.03954886745654634,367
spatial_aggregation_order,primary_ndvi_first,rolling_origin,AOI-02,landsat,2024,2025,R2025-H1,1,AOI-02_b_-68_-113,0.03084048234761741,0.02633538983900484,-0.00565509655286732,4
spatial_aggregation_order,primary_ndvi_first,rolling_origin,AOI-02,landsat,2024,2025,R2025-H1,1,AOI-02_b_-69_-108,0.05853888858400828,0.05087004711467304,0.020381269979358203,12
spatial_aggregation_order,primary_ndvi_first,rolling_origin,AOI-02,landsat,2024,2025,R2025-H1,1,AOI-02_b_-69_-109,0.042044005599467825,0.0358366185484159,-0.01404353250156665,32
spatial_aggregation_order,primary_ndvi_first,rolling_origin,AOI-02,landsat,2024,2025,R2025-H1,1,AOI-02_b_-69_-110,0.050460684596401024,0.036757869887096166,0.0029446548806687464,322
spatial_aggregation_order,primary_ndvi_first,rolling_origin,AOI-02,landsat,2024,2025,R2025-H1,1,AOI-02_b_-69_-111,0.05503534928888093,0.04263848951724006,-0.015982105070933693,602
spatial_aggregation_order,primary_ndvi_first,rolling_origin,AOI-02,landsat,2024,2025,R2025-H1,1,AOI-02_b_-69_-112,0.060462246221442674,0.04633891952334598,0.013007517066809924,597
spatial_aggregation_order,primary_ndvi_first,rolling_origin,AOI-02,landsat,2024,2025,R2025-H1,1,AOI-02_b_-69_-113,0.06653756737757564,0.049696513015140706,0.034489283739248484,106
spatial_aggregation_order,primary_ndvi_first,rolling_origin,AOI-02,landsat,2024,2025,R2025-H1,1,AOI-02_b_-70_-108,0.050822153926022684,0.04150917088472596,0.015330106499204016,107
spatial_aggregation_order,primary_ndvi_first,rolling_origin,AOI-02,landsat,2024,2025,R2025-H1,1,AOI-02_b_-70_-109,0.051568909022374286,0.03674390288094116,0.010260311569601737,146
spatial_aggregation_order,primary_ndvi_first,rolling_origin,AOI-02,landsat,2024,2025,R2025-H1,1,AOI-02_b_-70_-110,0.044687942270313724,0.03638218067454588,0.01929977046719233,232
spatial_aggregation_order,primary_ndvi_first,rolling_origin,AOI-02,landsat,2024,2025,R2025-H1,1,AOI-02_b_-70_-111,0.0560972517216031,0.044279255108167076,0.0071008336861113405,491
spatial_aggregation_order,primary_ndvi_first,rolling_origin,AOI-02,landsat,2024,2025,R2025-H1,1,AOI-02_b_-70_-112,0.05298124046226894,0.041651536430270544,0.0036236101548405785,304
spatial_aggregation_order,primary_ndvi_first,rolling_origin,AOI-02,landsat,2024,2025,R2025-H1,1,AOI-02_b_-71_-108,0.04836385991548197,0.03914243973452525,-0.013471853201124645,42
spatial_aggregation_order,primary_ndvi_first,rolling_origin,AOI-02,landsat,2024,2025,R2025-H1,1,AOI-02_b_-71_-109,0.06525328453033825,0.050663902869977906,0.03738786650681601,296
spatial_aggregation_order,primary_ndvi_first,rolling_origin,AOI-02,landsat,2024,2025,R2025-H1,1,AOI-02_b_-71_-110,0.04150087716780264,0.03260696311621778,0.0028767595254503005,257
spatial_aggregation_order,primary_ndvi_first,rolling_origin,AOI-02,landsat,2024,2025,R2025-H1,1,AOI-02_b_-71_-111,0.0526482389565565,0.039380104731818584,0.019094011998174548,288
spatial_aggregation_order,primary_ndvi_first,rolling_origin,AOI-02,landsat,2024,2025,R2025-H1,1,AOI-02_b_-71_-112,0.0711588585473907,0.04983310956029564,0.025325762967766327,120
spatial_aggregation_order,primary_ndvi_first,rolling_origin,AOI-02,landsat,2024,2025,R2025-H1,1,AOI-02_b_-72_-108,0.06773004489358507,0.058828310979449794,0.04632426414755541,7
spatial_aggregation_order,primary_ndvi_first,rolling_origin,AOI-02,landsat,2024,2025,R2025-H1,1,AOI-02_b_-72_-109,0.05765187696488514,0.04510946950603157,0.01873410395826313,409
spatial_aggregation_order,primary_ndvi_first,rolling_origin,AOI-02,landsat,2024,2025,R2025-H1,1,AOI-02_b_-72_-110,0.04766032461416494,0.03707770373116913,0.017279507995946408,380
spatial_aggregation_order,primary_ndvi_first,rolling_origin,AOI-02,landsat,2024,2025,R2025-H1,1,AOI-02_b_-72_-111,0.061813460215904024,0.05026486288621032,0.041981532706899,438
spatial_aggregation_order,primary_ndvi_first,rolling_origin,AOI-02,landsat,2024,2025,R2025-H1,1,AOI-02_b_-72_-112,0.10392216815483034,0.09089038077243473,0.06068037599850694,31
spatial_aggregation_order,primary_ndvi_first,rolling_origin,AOI-02,landsat,2024,2025,R2025-H1,1,AOI-02_b_-73_-111,0.031121056816718156,0.028778775388136342,0.009310442802965533,7
spatial_aggregation_order,primary_ndvi_first,rolling_origin,AOI-02,landsat,2023;2024,2025,R2025-H2,2,AOI-02_b_-65_-110,0.040893325147081896,0.03997147670149498,0.03997147670149498,2
spatial_aggregation_order,primary_ndvi_first,rolling_origin,AOI-02,landsat,2023;2024,2025,R2025-H2,2,AOI-02_b_-66_-109,0.055646948003472606,0.0456321865623334,0.02782742612085174,15
spatial_aggregation_order,primary_ndvi_first,rolling_origin,AOI-02,landsat,2023;2024,2025,R2025-H2,2,AOI-02_b_-66_-110,0.0649389426935081,0.05021816004745454,0.02136744897727926,107
spatial_aggregation_order,primary_ndvi_first,rolling_origin,AOI-02,landsat,2023;2024,2025,R2025-H2,2,AOI-02_b_-66_-111,0.08890449824008043,0.0702648737678427,0.04608131810549628,138
spatial_aggregation_order,primary_ndvi_first,rolling_origin,AOI-02,landsat,2023;2024,2025,R2025-H2,2,AOI-02_b_-67_-109,0.09239303475596548,0.07216712256341908,0.060415905826719615,91
spatial_aggregation_order,primary_ndvi_first,rolling_origin,AOI-02,landsat,2023;2024,2025,R2025-H2,2,AOI-02_b_-67_-110,0.05747843372082619,0.044199791101061765,0.028519725563925107,408
spatial_aggregation_order,primary_ndvi_first,rolling_origin,AOI-02,landsat,2023;2024,2025,R2025-H2,2,AOI-02_b_-67_-111,0.06287810096786842,0.0501333249733658,0.01669210414298462,287
spatial_aggregation_order,primary_ndvi_first,rolling_origin,AOI-02,landsat,2023;2024,2025,R2025-H2,2,AOI-02_b_-67_-112,0.07742330843574291,0.05962805727446995,0.0517173146943191,135
spatial_aggregation_order,primary_ndvi_first,rolling_origin,AOI-02,landsat,2023;2024,2025,R2025-H2,2,AOI-02_b_-67_-113,0.07932905254230718,0.07442207039644788,0.05629381111307647,14
spatial_aggregation_order,primary_ndvi_first,rolling_origin,AOI-02,landsat,2023;2024,2025,R2025-H2,2,AOI-02_b_-68_-109,0.06856507032849672,0.0569775309790196,0.014624572880474102,230
spatial_aggregation_order,primary_ndvi_first,rolling_origin,AOI-02,landsat,2023;2024,2025,R2025-H2,2,AOI-02_b_-68_-110,0.05636716667417131,0.04460402023941372,0.0020922467636656705,218
spatial_aggregation_order,primary_ndvi_first,rolling_origin,AOI-02,landsat,2023;2024,2025,R2025-H2,2,AOI-02_b_-68_-111,0.05398227373713777,0.04274225470280555,0.012654191079381831,358
spatial_aggregation_order,primary_ndvi_first,rolling_origin,AOI-02,landsat,2023;2024,2025,R2025-H2,2,AOI-02_b_-68_-112,0.07498705407132471,0.05990903679410148,0.04882658258235518,367
spatial_aggregation_order,primary_ndvi_first,rolling_origin,AOI-02,landsat,2023;2024,2025,R2025-H2,2,AOI-02_b_-68_-113,0.031055168700615393,0.026617741135388978,0.00484965773941895,4
spatial_aggregation_order,primary_ndvi_first,rolling_origin,AOI-02,landsat,2023;2024,2025,R2025-H2,2,AOI-02_b_-69_-108,0.06379778039328059,0.053259093816794466,0.03162428624578875,12
spatial_aggregation_order,primary_ndvi_first,rolling_origin,AOI-02,landsat,2023;2024,2025,R2025-H2,2,AOI-02_b_-69_-109,0.03964764523872238,0.03304771057665981,-0.0024524926406620934,32
spatial_aggregation_order,primary_ndvi_first,rolling_origin,AOI-02,landsat,2023;2024,2025,R2025-H2,2,AOI-02_b_-69_-110,0.05262573287518484,0.039005159614512654,0.01453347372328048,322
spatial_aggregation_order,primary_ndvi_first,rolling_origin,AOI-02,landsat,2023;2024,2025,R2025-H2,2,AOI-02_b_-69_-111,0.05297022515558331,0.0412424247315946,-0.0042269859296656396,602
spatial_aggregation_order,primary_ndvi_first,rolling_origin,AOI-02,landsat,2023;2024,2025,R2025-H2,2,AOI-02_b_-69_-112,0.06381946282635263,0.0497491734329986,0.02412289194495114,597
spatial_aggregation_order,primary_ndvi_first,rolling_origin,AOI-02,landsat,2023;2024,2025,R2025-H2,2,AOI-02_b_-69_-113,0.0734717128005335,0.05646772245666781,0.04614951224133206,106
spatial_aggregation_order,primary_ndvi_first,rolling_origin,AOI-02,landsat,2023;2024,2025,R2025-H2,2,AOI-02_b_-70_-108,0.05580890001514076,0.045369732017445756,0.027504420233743034,107
spatial_aggregation_order,primary_ndvi_first,rolling_origin,AOI-02,landsat,2023;2024,2025,R2025-H2,2,AOI-02_b_-70_-109,0.05545998618894907,0.040664181820336175,0.02237899984347048,146
spatial_aggregation_order,primary_ndvi_first,rolling_origin,AOI-02,landsat,2023;2024,2025,R2025-H2,2,AOI-02_b_-70_-110,0.05107250891114032,0.04256906342381968,0.031067446450345645,232
spatial_aggregation_order,primary_ndvi_first,rolling_origin,AOI-02,landsat,2023;2024,2025,R2025-H2,2,AOI-02_b_-70_-111,0.05900884590806174,0.04744006754329088,0.018748547650101106,491
spatial_aggregation_order,primary_ndvi_first,rolling_origin,AOI-02,landsat,2023;2024,2025,R2025-H2,2,AOI-02_b_-70_-112,0.055251080917501603,0.04376540669816403,0.01531377456569372,304
spatial_aggregation_order,primary_ndvi_first,rolling_origin,AOI-02,landsat,2023;2024,2025,R2025-H2,2,AOI-02_b_-71_-108,0.04615345873128189,0.03558984171003318,-0.0024625467402245253,42
spatial_aggregation_order,primary_ndvi_first,rolling_origin,AOI-02,landsat,2023;2024,2025,R2025-H2,2,AOI-02_b_-71_-109,0.0719589804794367,0.05722963907427087,0.04816968625630031,296
spatial_aggregation_order,primary_ndvi_first,rolling_origin,AOI-02,landsat,2023;2024,2025,R2025-H2,2,AOI-02_b_-71_-110,0.04415570667605702,0.03455638909496487,0.015022834916097991,257
spatial_aggregation_order,primary_ndvi_first,rolling_origin,AOI-02,landsat,2023;2024,2025,R2025-H2,2,AOI-02_b_-71_-111,0.05800352051963788,0.04395515827658555,0.030554968581512718,288
spatial_aggregation_order,primary_ndvi_first,rolling_origin,AOI-02,landsat,2023;2024,2025,R2025-H2,2,AOI-02_b_-71_-112,0.0762340247736236,0.054780500875411996,0.03689838031221386,120
spatial_aggregation_order,primary_ndvi_first,rolling_origin,AOI-02,landsat,2023;2024,2025,R2025-H2,2,AOI-02_b_-72_-108,0.07393199014204742,0.06293952582654498,0.054429460247461266,7
spatial_aggregation_order,primary_ndvi_first,rolling_origin,AOI-02,landsat,2023;2024,2025,R2025-H2,2,AOI-02_b_-72_-109,0.062367565215388554,0.04947724009335112,0.02951429110413375,409
spatial_aggregation_order,primary_ndvi_first,rolling_origin,AOI-02,landsat,2023;2024,2025,R2025-H2,2,AOI-02_b_-72_-110,0.05297437013977547,0.04145129521537089,0.028700129599874547,380
spatial_aggregation_order,primary_ndvi_first,rolling_origin,AOI-02,landsat,2023;2024,2025,R2025-H2,2,AOI-02_b_-72_-111,0.07049652007176316,0.058981830685947506,0.05362754192092338,438
spatial_aggregation_order,primary_ndvi_first,rolling_origin,AOI-02,landsat,2023;2024,2025,R2025-H2,2,AOI-02_b_-72_-112,0.11150318559818177,0.09724840910863632,0.07161092501840295,31
spatial_aggregation_order,primary_ndvi_first,rolling_origin,AOI-02,landsat,2023;2024,2025,R2025-H2,2,AOI-02_b_-73_-111,0.035780959771604774,0.030576599104623563,0.019418867902497788,7
spatial_aggregation_order,primary_ndvi_first,rolling_origin,AOI-02,landsat,2022;2023;2024,2025,R2025-H3,3,AOI-02_b_-65_-110,0.02761097077581584,0.026354091489503906,0.026354091489503906,2
spatial_aggregation_order,primary_ndvi_first,rolling_origin,AOI-02,landsat,2022;2023;2024,2025,R2025-H3,3,AOI-02_b_-66_-109,0.05002438876228345,0.04263572322038974,0.013710288332725647,15
spatial_aggregation_order,primary_ndvi_first,rolling_origin,AOI-02,landsat,2022;2023;2024,2025,R2025-H3,3,AOI-02_b_-66_-110,0.06043055778553788,0.04657750778296256,0.007638904701412432,107
spatial_aggregation_order,primary_ndvi_first,rolling_origin,AOI-02,landsat,2022;2023;2024,2025,R2025-H3,3,AOI-02_b_-66_-111,0.0801494389282784,0.06027078792546526,0.031230800226415126,138
spatial_aggregation_order,primary_ndvi_first,rolling_origin,AOI-02,landsat,2022;2023;2024,2025,R2025-H3,3,AOI-02_b_-67_-109,0.0821081160133615,0.062370823093691755,0.045228686211905386,91
spatial_aggregation_order,primary_ndvi_first,rolling_origin,AOI-02,landsat,2022;2023;2024,2025,R2025-H3,3,AOI-02_b_-67_-110,0.050832440677112185,0.03936627883076154,0.013430583352558395,408
spatial_aggregation_order,primary_ndvi_first,rolling_origin,AOI-02,landsat,2022;2023;2024,2025,R2025-H3,3,AOI-02_b_-67_-111,0.059761824518470334,0.04628799337963007,-0.000453884041222907,287
spatial_aggregation_order,primary_ndvi_first,rolling_origin,AOI-02,landsat,2022;2023;2024,2025,R2025-H3,3,AOI-02_b_-67_-112,0.0709558651225065,0.05503075284214443,0.04538843603394648,135
spatial_aggregation_order,primary_ndvi_first,rolling_origin,AOI-02,landsat,2022;2023;2024,2025,R2025-H3,3,AOI-02_b_-67_-113,0.07524027465126976,0.07139966316861544,0.05063589597545814,14
spatial_aggregation_order,primary_ndvi_first,rolling_origin,AOI-02,landsat,2022;2023;2024,2025,R2025-H3,3,AOI-02_b_-68_-109,0.06646654827554838,0.05354716230227151,-0.0016094090187187974,230
spatial_aggregation_order,primary_ndvi_first,rolling_origin,AOI-02,landsat,2022;2023;2024,2025,R2025-H3,3,AOI-02_b_-68_-110,0.059702115054502604,0.04758632252159969,-0.01120161706252937,218
spatial_aggregation_order,primary_ndvi_first,rolling_origin,AOI-02,landsat,2022;2023;2024,2025,R2025-H3,3,AOI-02_b_-68_-111,0.05229601875878829,0.04155094580781653,-0.0037843829413079233,358
spatial_aggregation_order,primary_ndvi_first,rolling_origin,AOI-02,landsat,2022;2023;2024,2025,R2025-H3,3,AOI-02_b_-68_-112,0.06797877410911808,0.05387876924405025,0.040782714407259,367
spatial_aggregation_order,primary_ndvi_first,rolling_origin,AOI-02,landsat,2022;2023;2024,2025,R2025-H3,3,AOI-02_b_-68_-113,0.030373856956496317,0.02568424009087604,-0.0072510090345643124,4
spatial_aggregation_order,primary_ndvi_first,rolling_origin,AOI-02,landsat,2022;2023;2024,2025,R2025-H3,3,AOI-02_b_-69_-108,0.05630713152247557,0.0491321395066824,0.01708280077249837,12
spatial_aggregation_order,primary_ndvi_first,rolling_origin,AOI-02,landsat,2022;2023;2024,2025,R2025-H3,3,AOI-02_b_-69_-109,0.043741242231277254,0.03734164258199047,-0.01814460286091554,32
spatial_aggregation_order,primary_ndvi_first,rolling_origin,AOI-02,landsat,2022;2023;2024,2025,R2025-H3,3,AOI-02_b_-69_-110,0.04995986148417535,0.03623108413220725,-0.001151293435606552,322
spatial_aggregation_order,primary_ndvi_first,rolling_origin,AOI-02,landsat,2022;2023;2024,2025,R2025-H3,3,AOI-02_b_-69_-111,0.05625878645076364,0.04378987957853813,-0.020461569946086458,602
spatial_aggregation_order,primary_ndvi_first,rolling_origin,AOI-02,landsat,2022;2023;2024,2025,R2025-H3,3,AOI-02_b_-69_-112,0.059978301246985735,0.046034703244188485,0.010003410446202756,597
spatial_aggregation_order,primary_ndvi_first,rolling_origin,AOI-02,landsat,2022;2023;2024,2025,R2025-H3,3,AOI-02_b_-69_-113,0.06392979837288541,0.047295361243243766,0.030228652694844965,106
spatial_aggregation_order,primary_ndvi_first,rolling_origin,AOI-02,landsat,2022;2023;2024,2025,R2025-H3,3,AOI-02_b_-70_-108,0.04924386166541422,0.04059168626159791,0.009883908135234345,107
spatial_aggregation_order,primary_ndvi_first,rolling_origin,AOI-02,landsat,2022;2023;2024,2025,R2025-H3,3,AOI-02_b_-70_-109,0.0503414338906448,0.03615849768481303,0.004942394907075832,146
spatial_aggregation_order,primary_ndvi_first,rolling_origin,AOI-02,landsat,2022;2023;2024,2025,R2025-H3,3,AOI-02_b_-70_-110,0.04247627012969799,0.03417085245359916,0.014791347395156492,232
spatial_aggregation_order,primary_ndvi_first,rolling_origin,AOI-02,landsat,2022;2023;2024,2025,R2025-H3,3,AOI-02_b_-70_-111,0.05505442188178643,0.043141499493000536,0.002869063278907322,491
spatial_aggregation_order,primary_ndvi_first,rolling_origin,AOI-02,landsat,2022;2023;2024,2025,R2025-H3,3,AOI-02_b_-70_-112,0.05237718714270987,0.04123688247744393,-0.0007060581481303128,304
spatial_aggregation_order,primary_ndvi_first,rolling_origin,AOI-02,landsat,2022;2023;2024,2025,R2025-H3,3,AOI-02_b_-71_-108,0.05022673065836658,0.041402741201607196,-0.016231348148063367,42
spatial_aggregation_order,primary_ndvi_first,rolling_origin,AOI-02,landsat,2022;2023;2024,2025,R2025-H3,3,AOI-02_b_-71_-109,0.06420029188493957,0.0499280958550764,0.03515299431436103,296
spatial_aggregation_order,primary_ndvi_first,rolling_origin,AOI-02,landsat,2022;2023;2024,2025,R2025-H3,3,AOI-02_b_-71_-110,0.041245114109693684,0.03247078758323003,-0.0025043164510966855,257
spatial_aggregation_order,primary_ndvi_first,rolling_origin,AOI-02,landsat,2022;2023;2024,2025,R2025-H3,3,AOI-02_b_-71_-111,0.0509331353461838,0.03829394508971443,0.015292935633922814,288
spatial_aggregation_order,primary_ndvi_first,rolling_origin,AOI-02,landsat,2022;2023;2024,2025,R2025-H3,3,AOI-02_b_-71_-112,0.06941787061483494,0.04868642326641093,0.02126717804094249,120
spatial_aggregation_order,primary_ndvi_first,rolling_origin,AOI-02,landsat,2022;2023;2024,2025,R2025-H3,3,AOI-02_b_-72_-108,0.06949535579560172,0.0590456516168243,0.05026213788394442,7
spatial_aggregation_order,primary_ndvi_first,rolling_origin,AOI-02,landsat,2022;2023;2024,2025,R2025-H3,3,AOI-02_b_-72_-109,0.05619107746707853,0.04396268664540384,0.016502996825311853,409
spatial_aggregation_order,primary_ndvi_first,rolling_origin,AOI-02,landsat,2022;2023;2024,2025,R2025-H3,3,AOI-02_b_-72_-110,0.04632118789072234,0.03622926127564366,0.01357145090243995,380
spatial_aggregation_order,primary_ndvi_first,rolling_origin,AOI-02,landsat,2022;2023;2024,2025,R2025-H3,3,AOI-02_b_-72_-111,0.058395032810573295,0.04713238692663212,0.03775369374086346,438
spatial_aggregation_order,primary_ndvi_first,rolling_origin,AOI-02,landsat,2022;2023;2024,2025,R2025-H3,3,AOI-02_b_-72_-112,0.10037609759732885,0.08741343722594569,0.05810250900415722,31
spatial_aggregation_order,primary_ndvi_first,rolling_origin,AOI-02,landsat,2022;2023;2024,2025,R2025-H3,3,AOI-02_b_-73_-111,0.03014200773971697,0.02786552244459916,0.008628532336994399,7
spatial_aggregation_order,primary_ndvi_first,rolling_origin,AOI-02,modis,2023,2024,R2024-H1,1,AOI-02_b_-65_-110,0.06666878672579188,0.06335714708998993,-0.06335714708998993,6
spatial_aggregation_order,primary_ndvi_first,rolling_origin,AOI-02,modis,2023,2024,R2024-H1,1,AOI-02_b_-66_-109,0.02558424911131029,0.021935792420575445,-2.919942620326771e-05,24
spatial_aggregation_order,primary_ndvi_first,rolling_origin,AOI-02,modis,2023,2024,R2024-H1,1,AOI-02_b_-66_-110,0.059191334405908534,0.04643881229448373,-0.035689153899018375,563
spatial_aggregation_order,primary_ndvi_first,rolling_origin,AOI-02,modis,2023,2024,R2024-H1,1,AOI-02_b_-66_-111,0.06293686536186341,0.04869806987101129,-0.027070156746520795,332
spatial_aggregation_order,primary_ndvi_first,rolling_origin,AOI-02,modis,2023,2024,R2024-H1,1,AOI-02_b_-66_-112,0.04983753395409761,0.039744685792441156,-0.02079428528855549,211
spatial_aggregation_order,primary_ndvi_first,rolling_origin,AOI-02,modis,2023,2024,R2024-H1,1,AOI-02_b_-66_-113,0.047176181297641236,0.04399782064390937,-0.04399782064390937,6
spatial_aggregation_order,primary_ndvi_first,rolling_origin,AOI-02,modis,2023,2024,R2024-H1,1,AOI-02_b_-67_-109,0.045066172474792124,0.03679563677132306,-0.030193431646670148,349
spatial_aggregation_order,primary_ndvi_first,rolling_origin,AOI-02,modis,2023,2024,R2024-H1,1,AOI-02_b_-67_-110,0.053689141993063697,0.042723765950524364,-0.03264854646363745,767
spatial_aggregation_order,primary_ndvi_first,rolling_origin,AOI-02,modis,2023,2024,R2024-H1,1,AOI-02_b_-67_-111,0.05729160754839171,0.04621856998178785,-0.0343298185711161,696
spatial_aggregation_order,primary_ndvi_first,rolling_origin,AOI-02,modis,2023,2024,R2024-H1,1,AOI-02_b_-67_-112,0.05521315058730992,0.04200662610108878,-0.03116641542174341,657
spatial_aggregation_order,primary_ndvi_first,rolling_origin,AOI-02,modis,2023,2024,R2024-H1,1,AOI-02_b_-67_-113,0.05083118029854774,0.04108465340649836,-0.02697495118275456,141
spatial_aggregation_order,primary_ndvi_first,rolling_origin,AOI-02,modis,2023,2024,R2024-H1,1,AOI-02_b_-68_-109,0.047936968783340535,0.03818512703480449,-0.01594826749403571,584
spatial_aggregation_order,primary_ndvi_first,rolling_origin,AOI-02,modis,2023,2024,R2024-H1,1,AOI-02_b_-68_-110,0.05467246154136206,0.042190991843489,-0.01939596940518748,819
spatial_aggregation_order,primary_ndvi_first,rolling_origin,AOI-02,modis,2023,2024,R2024-H1,1,AOI-02_b_-68_-111,0.0508493575549754,0.04197563502863115,-0.029270826146734364,796
spatial_aggregation_order,primary_ndvi_first,rolling_origin,AOI-02,modis,2023,2024,R2024-H1,1,AOI-02_b_-68_-112,0.058644745638429634,0.044976374374257666,-0.024751934753948057,777
spatial_aggregation_order,primary_ndvi_first,rolling_origin,AOI-02,modis,2023,2024,R2024-H1,1,AOI-02_b_-68_-113,0.019989980213601967,0.015289308793796105,-0.015289308793796105,6
spatial_aggregation_order,primary_ndvi_first,rolling_origin,AOI-02,modis,2023,2024,R2024-H1,1,AOI-02_b_-69_-108,0.044436094747259194,0.03410470138476586,0.01658588054224896,39
spatial_aggregation_order,primary_ndvi_first,rolling_origin,AOI-02,modis,2023,2024,R2024-H1,1,AOI-02_b_-69_-109,0.03794064970668568,0.029704809057548118,0.005713046309729226,717
spatial_aggregation_order,primary_ndvi_first,rolling_origin,AOI-02,modis,2023,2024,R2024-H1,1,AOI-02_b_-69_-110,0.04973228671980525,0.04026858324529981,-0.02881435667488761,786
spatial_aggregation_order,primary_ndvi_first,rolling_origin,AOI-02,modis,2023,2024,R2024-H1,1,AOI-02_b_-69_-111,0.052713452715368064,0.04174243242136292,-0.0347558210358101,806
spatial_aggregation_order,primary_ndvi_first,rolling_origin,AOI-02,modis,2023,2024,R2024-H1,1,AOI-02_b_-69_-112,0.04496977369455946,0.03716014292249662,-0.024959821934759,795
spatial_aggregation_order,primary_ndvi_first,rolling_origin,AOI-02,modis,2023,2024,R2024-H1,1,AOI-02_b_-69_-113,0.05259804704250468,0.04281491279108201,-0.02708983394280094,117
spatial_aggregation_order,primary_ndvi_first,rolling_origin,AOI-02,modis,2023,2024,R2024-H1,1,AOI-02_b_-70_-108,0.05082051645212352,0.041432780245795824,-0.013541929900230464,364
spatial_aggregation_order,primary_ndvi_first,rolling_origin,AOI-02,modis,2023,2024,R2024-H1,1,AOI-02_b_-70_-109,0.04170775357474363,0.03273796363270567,0.005321237148805848,807
spatial_aggregation_order,primary_ndvi_first,rolling_origin,AOI-02,modis,2023,2024,R2024-H1,1,AOI-02_b_-70_-110,0.047178412330881485,0.0366399204287537,-0.010015642513180907,734
spatial_aggregation_order,primary_ndvi_first,rolling_origin,AOI-02,modis,2023,2024,R2024-H1,1,AOI-02_b_-70_-111,0.03422699968300067,0.026747384403052275,-0.01694682207159977,816
spatial_aggregation_order,primary_ndvi_first,rolling_origin,AOI-02,modis,2023,2024,R2024-H1,1,AOI-02_b_-70_-112,0.0458248062093605,0.03636143764513325,-0.026841789214722158,342
spatial_aggregation_order,primary_ndvi_first,rolling_origin,AOI-02,modis,2023,2024,R2024-H1,1,AOI-02_b_-71_-108,0.0532768735986795,0.042457036882033054,-0.024453382659124553,155
spatial_aggregation_order,primary_ndvi_first,rolling_origin,AOI-02,modis,2023,2024,R2024-H1,1,AOI-02_b_-71_-109,0.045399513626784474,0.03698256789844872,-0.026674489676476162,746
spatial_aggregation_order,primary_ndvi_first,rolling_origin,AOI-02,modis,2023,2024,R2024-H1,1,AOI-02_b_-71_-110,0.05820189166294234,0.04955044184273793,-0.04674695034103295,798
spatial_aggregation_order,primary_ndvi_first,rolling_origin,AOI-02,modis,2023,2024,R2024-H1,1,AOI-02_b_-71_-111,0.04823767545343687,0.03775662317981192,-0.021774707664397246,807
spatial_aggregation_order,primary_ndvi_first,rolling_origin,AOI-02,modis,2023,2024,R2024-H1,1,AOI-02_b_-71_-112,0.04404570725211026,0.03494649428382487,-0.006388074575444383,441
spatial_aggregation_order,primary_ndvi_first,rolling_origin,AOI-02,modis,2023,2024,R2024-H1,1,AOI-02_b_-72_-108,0.047291139739964905,0.031063651727849775,-0.02305450404938408,9
spatial_aggregation_order,primary_ndvi_first,rolling_origin,AOI-02,modis,2023,2024,R2024-H1,1,AOI-02_b_-72_-109,0.05222928142062497,0.041928131123740026,-0.034982104373086055,369
spatial_aggregation_order,primary_ndvi_first,rolling_origin,AOI-02,modis,2023,2024,R2024-H1,1,AOI-02_b_-72_-110,0.050033567356079334,0.04166655836900815,-0.03280777370122959,651
spatial_aggregation_order,primary_ndvi_first,rolling_origin,AOI-02,modis,2023,2024,R2024-H1,1,AOI-02_b_-72_-111,0.041864333586054285,0.03409562003923853,-0.01934099199307154,729
spatial_aggregation_order,primary_ndvi_first,rolling_origin,AOI-02,modis,2023,2024,R2024-H1,1,AOI-02_b_-72_-112,0.05027524371222938,0.038577653510636724,-0.0032758798053929296,138
spatial_aggregation_order,primary_ndvi_first,rolling_origin,AOI-02,modis,2023,2024,R2024-H1,1,AOI-02_b_-73_-111,0.034155925310917816,0.02606456173812431,-0.00023974546410008044,9
spatial_aggregation_order,primary_ndvi_first,rolling_origin,AOI-02,modis,2022;2023,2024,R2024-H2,2,AOI-02_b_-65_-110,0.05180700959607775,0.04738128378732354,-0.04738128378732354,6
spatial_aggregation_order,primary_ndvi_first,rolling_origin,AOI-02,modis,2022;2023,2024,R2024-H2,2,AOI-02_b_-66_-109,0.02910398008737913,0.024874442391068747,0.016330622404868624,24
spatial_aggregation_order,primary_ndvi_first,rolling_origin,AOI-02,modis,2022;2023,2024,R2024-H2,2,AOI-02_b_-66_-110,0.05035256818504861,0.039212846965209484,-0.017904109560748536,563
spatial_aggregation_order,primary_ndvi_first,rolling_origin,AOI-02,modis,2022;2023,2024,R2024-H2,2,AOI-02_b_-66_-111,0.05776602286908673,0.04473982684358059,-0.007720558035003375,332
spatial_aggregation_order,primary_ndvi_first,rolling_origin,AOI-02,modis,2022;2023,2024,R2024-H2,2,AOI-02_b_-66_-112,0.046236973980889585,0.03578175273132651,-0.0005043177087582728,211
spatial_aggregation_order,primary_ndvi_first,rolling_origin,AOI-02,modis,2022;2023,2024,R2024-H2,2,AOI-02_b_-66_-113,0.03409938650260766,0.030844234158877454,-0.029602437300403166,6
spatial_aggregation_order,primary_ndvi_first,rolling_origin,AOI-02,modis,2022;2023,2024,R2024-H2,2,AOI-02_b_-67_-109,0.03563539335057446,0.0273688103904045,-0.013525341880067564,349
spatial_aggregation_order,primary_ndvi_first,rolling_origin,AOI-02,modis,2022;2023,2024,R2024-H2,2,AOI-02_b_-67_-110,0.04596776795160946,0.03579997551969917,-0.017305788386781724,767
spatial_aggregation_order,primary_ndvi_first,rolling_origin,AOI-02,modis,2022;2023,2024,R2024-H2,2,AOI-02_b_-67_-111,0.05141473449077355,0.040737259215195235,-0.020111292281740883,696
spatial_aggregation_order,primary_ndvi_first,rolling_origin,AOI-02,modis,2022;2023,2024,R2024-H2,2,AOI-02_b_-67_-112,0.04713445148755235,0.03398319300749481,-0.0065583981452585465,657
spatial_aggregation_order,primary_ndvi_first,rolling_origin,AOI-02,modis,2022;2023,2024,R2024-H2,2,AOI-02_b_-67_-113,0.044250635002052605,0.03503440547105927,-0.005664976356260391,141
spatial_aggregation_order,primary_ndvi_first,rolling_origin,AOI-02,modis,2022;2023,2024,R2024-H2,2,AOI-02_b_-68_-109,0.04452192943573584,0.03456122756082234,-0.0030184141489762234,584
spatial_aggregation_order,primary_ndvi_first,rolling_origin,AOI-02,modis,2022;2023,2024,R2024-H2,2,AOI-02_b_-68_-110,0.05007997743224101,0.03796323751978777,-0.002449675551365055,819
spatial_aggregation_order,primary_ndvi_first,rolling_origin,AOI-02,modis,2022;2023,2024,R2024-H2,2,AOI-02_b_-68_-111,0.044951191684574975,0.0357783937176698,-0.015138954345852372,796
spatial_aggregation_order,primary_ndvi_first,rolling_origin,AOI-02,modis,2022;2023,2024,R2024-H2,2,AOI-02_b_-68_-112,0.05254891408430353,0.03752474052165645,-0.0012657814347394173,777
spatial_aggregation_order,primary_ndvi_first,rolling_origin,AOI-02,modis,2022;2023,2024,R2024-H2,2,AOI-02_b_-68_-113,0.012983877265250425,0.012233300657018756,0.0014407245450832977,6
spatial_aggregation_order,primary_ndvi_first,rolling_origin,AOI-02,modis,2022;2023,2024,R2024-H2,2,AOI-02_b_-69_-108,0.04962480004275433,0.03857208566657685,0.028894426760481692,39
spatial_aggregation_order,primary_ndvi_first,rolling_origin,AOI-02,modis,2022;2023,2024,R2024-H2,2,AOI-02_b_-69_-109,0.041074164739789795,0.031208926351997478,0.016691412474279257,717
spatial_aggregation_order,primary_ndvi_first,rolling_origin,AOI-02,modis,2022;2023,2024,R2024-H2,2,AOI-02_b_-69_-110,0.04340801507844647,0.033678739478510224,-0.01544145829505005,786
spatial_aggregation_order,primary_ndvi_first,rolling_origin,AOI-02,modis,2022;2023,2024,R2024-H2,2,AOI-02_b_-69_-111,0.04635122942716093,0.035280529791891,-0.022964718306683438,806
spatial_aggregation_order,primary_ndvi_first,rolling_origin,AOI-02,modis,2022;2023,2024,R2024-H2,2,AOI-02_b_-69_-112,0.03996011085755025,0.03207482395904865,-0.009901800295847325,795
spatial_aggregation_order,primary_ndvi_first,rolling_origin,AOI-02,modis,2022;2023,2024,R2024-H2,2,AOI-02_b_-69_-113,0.04540162877151694,0.03562322452337212,-0.01267226919280858,117
spatial_aggregation_order,primary_ndvi_first,rolling_origin,AOI-02,modis,2022;2023,2024,R2024-H2,2,AOI-02_b_-70_-108,0.04876777483735499,0.039067575326314476,-0.003988122064257507,364
spatial_aggregation_order,primary_ndvi_first,rolling_origin,AOI-02,modis,2022;2023,2024,R2024-H2,2,AOI-02_b_-70_-109,0.04458766577143995,0.0347861147436877,0.01652644438933213,807
spatial_aggregation_order,primary_ndvi_first,rolling_origin,AOI-02,modis,2022;2023,2024,R2024-H2,2,AOI-02_b_-70_-110,0.045926944114955244,0.03427086371370686,0.001919288376227307,734
spatial_aggregation_order,primary_ndvi_first,rolling_origin,AOI-02,modis,2022;2023,2024,R2024-H2,2,AOI-02_b_-70_-111,0.02979961001881776,0.022769766313603074,-0.0047700939989596906,816
spatial_aggregation_order,primary_ndvi_first,rolling_origin,AOI-02,modis,2022;2023,2024,R2024-H2,2,AOI-02_b_-70_-112,0.04000731827847539,0.031508578786645744,-0.014524390156481945,342
spatial_aggregation_order,primary_ndvi_first,rolling_origin,AOI-02,modis,2022;2023,2024,R2024-H2,2,AOI-02_b_-71_-108,0.049772181460351825,0.03950154247940593,-0.01066315797211461,155
spatial_aggregation_order,primary_ndvi_first,rolling_origin,AOI-02,modis,2022;2023,2024,R2024-H2,2,AOI-02_b_-71_-109,0.037715919885041485,0.029509106638139347,-0.008812727686230055,746
spatial_aggregation_order,primary_ndvi_first,rolling_origin,AOI-02,modis,2022;2023,2024,R2024-H2,2,AOI-02_b_-71_-110,0.04952990067063745,0.04072707154223364,-0.03564604395872321,798
spatial_aggregation_order,primary_ndvi_first,rolling_origin,AOI-02,modis,2022;2023,2024,R2024-H2,2,AOI-02_b_-71_-111,0.044065426187162575,0.032854512575653576,-0.008862171734453035,807
spatial_aggregation_order,primary_ndvi_first,rolling_origin,AOI-02,modis,2022;2023,2024,R2024-H2,2,AOI-02_b_-71_-112,0.04438291419310798,0.034139794315143766,0.006735242350898747,441
spatial_aggregation_order,primary_ndvi_first,rolling_origin,AOI-02,modis,2022;2023,2024,R2024-H2,2,AOI-02_b_-72_-108,0.04197636616092346,0.030069383466623047,0.004696757823355156,9
spatial_aggregation_order,primary_ndvi_first,rolling_origin,AOI-02,modis,2022;2023,2024,R2024-H2,2,AOI-02_b_-72_-109,0.04246714586435138,0.03227343968719975,-0.01710072137674365,369
spatial_aggregation_order,primary_ndvi_first,rolling_origin,AOI-02,modis,2022;2023,2024,R2024-H2,2,AOI-02_b_-72_-110,0.043226373914004725,0.03558000773021222,-0.01918280450193003,651
spatial_aggregation_order,primary_ndvi_first,rolling_origin,AOI-02,modis,2022;2023,2024,R2024-H2,2,AOI-02_b_-72_-111,0.03888894832795484,0.030864806012883945,-0.006053563028477247,729
spatial_aggregation_order,primary_ndvi_first,rolling_origin,AOI-02,modis,2022;2023,2024,R2024-H2,2,AOI-02_b_-72_-112,0.05085115294078309,0.040531869546076765,0.011479431924808648,138
spatial_aggregation_order,primary_ndvi_first,rolling_origin,AOI-02,modis,2022;2023,2024,R2024-H2,2,AOI-02_b_-73_-111,0.03662579081547857,0.026731262794053547,0.01653683775460412,9
spatial_aggregation_order,primary_ndvi_first,rolling_origin,AOI-02,modis,2021;2022;2023,2024,R2024-H3,3,AOI-02_b_-65_-110,0.05109050915351074,0.04662999176003027,-0.04662999176003027,6
spatial_aggregation_order,primary_ndvi_first,rolling_origin,AOI-02,modis,2021;2022;2023,2024,R2024-H3,3,AOI-02_b_-66_-109,0.029873394926115834,0.025356861325145887,0.016945920409688852,24
spatial_aggregation_order,primary_ndvi_first,rolling_origin,AOI-02,modis,2021;2022;2023,2024,R2024-H3,3,AOI-02_b_-66_-110,0.050326736804873776,0.0392081766964505,-0.017793610192588082,563
spatial_aggregation_order,primary_ndvi_first,rolling_origin,AOI-02,modis,2021;2022;2023,2024,R2024-H3,3,AOI-02_b_-66_-111,0.05761708996989475,0.044350298476632986,-0.008164207166888855,332
spatial_aggregation_order,primary_ndvi_first,rolling_origin,AOI-02,modis,2021;2022;2023,2024,R2024-H3,3,AOI-02_b_-66_-112,0.04583945953783668,0.03524252954206429,-0.0012810354809911543,211
spatial_aggregation_order,primary_ndvi_first,rolling_origin,AOI-02,modis,2021;2022;2023,2024,R2024-H3,3,AOI-02_b_-66_-113,0.032985247722131926,0.02997015751200331,-0.028291356100105136,6
spatial_aggregation_order,primary_ndvi_first,rolling_origin,AOI-02,modis,2021;2022;2023,2024,R2024-H3,3,AOI-02_b_-67_-109,0.03557505480023003,0.027327816930703124,-0.013019229095657428,349
spatial_aggregation_order,primary_ndvi_first,rolling_origin,AOI-02,modis,2021;2022;2023,2024,R2024-H3,3,AOI-02_b_-67_-110,0.04556594733134371,0.035348118946217276,-0.016330257229642174,767
spatial_aggregation_order,primary_ndvi_first,rolling_origin,AOI-02,modis,2021;2022;2023,2024,R2024-H3,3,AOI-02_b_-67_-111,0.05037427640834246,0.03978090231623894,-0.018741357427364082,696
spatial_aggregation_order,primary_ndvi_first,rolling_origin,AOI-02,modis,2021;2022;2023,2024,R2024-H3,3,AOI-02_b_-67_-112,0.04721489773758368,0.0337804603902737,-0.009178184834930271,657
spatial_aggregation_order,primary_ndvi_first,rolling_origin,AOI-02,modis,2021;2022;2023,2024,R2024-H3,3,AOI-02_b_-67_-113,0.04414053845135904,0.03491021990540209,-0.006925882969017626,141
spatial_aggregation_order,primary_ndvi_first,rolling_origin,AOI-02,modis,2021;2022;2023,2024,R2024-H3,3,AOI-02_b_-68_-109,0.0446922456560056,0.03468215181573088,-0.0011882578278015284,584
spatial_aggregation_order,primary_ndvi_first,rolling_origin,AOI-02,modis,2021;2022;2023,2024,R2024-H3,3,AOI-02_b_-68_-110,0.05036186452779797,0.03815989837893738,-0.002042099692405152,819
spatial_aggregation_order,primary_ndvi_first,rolling_origin,AOI-02,modis,2021;2022;2023,2024,R2024-H3,3,AOI-02_b_-68_-111,0.04420726639699299,0.03504592040491018,-0.013734540162957564,796
spatial_aggregation_order,primary_ndvi_first,rolling_origin,AOI-02,modis,2021;2022;2023,2024,R2024-H3,3,AOI-02_b_-68_-112,0.052863295320517194,0.038045400788907634,-0.0033416388401791798,777
spatial_aggregation_order,primary_ndvi_first,rolling_origin,AOI-02,modis,2021;2022;2023,2024,R2024-H3,3,AOI-02_b_-68_-113,0.013036595640087542,0.012252457617138335,0.0019248975757516495,6
spatial_aggregation_order,primary_ndvi_first,rolling_origin,AOI-02,modis,2021;2022;2023,2024,R2024-H3,3,AOI-02_b_-69_-108,0.05109229846681936,0.03992613276734941,0.03094464345046558,39
spatial_aggregation_order,primary_ndvi_first,rolling_origin,AOI-02,modis,2021;2022;2023,2024,R2024-H3,3,AOI-02_b_-69_-109,0.0421421840286155,0.031903307489619954,0.019212764775874545,717
spatial_aggregation_order,primary_ndvi_first,rolling_origin,AOI-02,modis,2021;2022;2023,2024,R2024-H3,3,AOI-02_b_-69_-110,0.042808524649750684,0.033051072412060525,-0.013768223807768192,786
spatial_aggregation_order,primary_ndvi_first,rolling_origin,AOI-02,modis,2021;2022;2023,2024,R2024-H3,3,AOI-02_b_-69_-111,0.045070888306088526,0.03414299418883589,-0.020731228642458674,806
spatial_aggregation_order,primary_ndvi_first,rolling_origin,AOI-02,modis,2021;2022;2023,2024,R2024-H3,3,AOI-02_b_-69_-112,0.039219627241519076,0.03149880905634445,-0.008927280315861784,795
spatial_aggregation_order,primary_ndvi_first,rolling_origin,AOI-02,modis,2021;2022;2023,2024,R2024-H3,3,AOI-02_b_-69_-113,0.045539820049998334,0.03540582477018948,-0.011369044410506216,117
spatial_aggregation_order,primary_ndvi_first,rolling_origin,AOI-02,modis,2021;2022;2023,2024,R2024-H3,3,AOI-02_b_-70_-108,0.04874209260777166,0.03890924720852737,-0.0009622063709979829,364
spatial_aggregation_order,primary_ndvi_first,rolling_origin,AOI-02,modis,2021;2022;2023,2024,R2024-H3,3,AOI-02_b_-70_-109,0.04549786894427306,0.03556863361108897,0.01896745199716,807
spatial_aggregation_order,primary_ndvi_first,rolling_origin,AOI-02,modis,2021;2022;2023,2024,R2024-H3,3,AOI-02_b_-70_-110,0.046109732580064615,0.03413007244987788,0.004101835637524301,734
spatial_aggregation_order,primary_ndvi_first,rolling_origin,AOI-02,modis,2021;2022;2023,2024,R2024-H3,3,AOI-02_b_-70_-111,0.02962412024556735,0.022673174135218233,-0.002673188725371401,816
spatial_aggregation_order,primary_ndvi_first,rolling_origin,AOI-02,modis,2021;2022;2023,2024,R2024-H3,3,AOI-02_b_-70_-112,0.039239366838585095,0.03097433468695664,-0.012477309048166022,342
spatial_aggregation_order,primary_ndvi_first,rolling_origin,AOI-02,modis,2021;2022;2023,2024,R2024-H3,3,AOI-02_b_-71_-108,0.048946678026020804,0.03850143361022945,-0.009137736019253813,155
spatial_aggregation_order,primary_ndvi_first,rolling_origin,AOI-02,modis,2021;2022;2023,2024,R2024-H3,3,AOI-02_b_-71_-109,0.03759675630197619,0.029173168792728056,-0.008729400893530467,746
spatial_aggregation_order,primary_ndvi_first,rolling_origin,AOI-02,modis,2021;2022;2023,2024,R2024-H3,3,AOI-02_b_-71_-110,0.04784015163243275,0.03905742053714953,-0.03316809409748281,798
spatial_aggregation_order,primary_ndvi_first,rolling_origin,AOI-02,modis,2021;2022;2023,2024,R2024-H3,3,AOI-02_b_-71_-111,0.04366862073645693,0.03235843893050674,-0.007025881769235734,807
spatial_aggregation_order,primary_ndvi_first,rolling_origin,AOI-02,modis,2021;2022;2023,2024,R2024-H3,3,AOI-02_b_-71_-112,0.044540951844490424,0.0340569498478373,0.008496875931531471,441
spatial_aggregation_order,primary_ndvi_first,rolling_origin,AOI-02,modis,2021;2022;2023,2024,R2024-H3,3,AOI-02_b_-72_-108,0.04159955746629147,0.029092611754312422,0.0011990546793153852,9
spatial_aggregation_order,primary_ndvi_first,rolling_origin,AOI-02,modis,2021;2022;2023,2024,R2024-H3,3,AOI-02_b_-72_-109,0.042334420064145666,0.032049698044499385,-0.01702434413548413,369
spatial_aggregation_order,primary_ndvi_first,rolling_origin,AOI-02,modis,2021;2022;2023,2024,R2024-H3,3,AOI-02_b_-72_-110,0.042198786585179816,0.03458876398027158,-0.01759885081491865,651
spatial_aggregation_order,primary_ndvi_first,rolling_origin,AOI-02,modis,2021;2022;2023,2024,R2024-H3,3,AOI-02_b_-72_-111,0.038177785800572926,0.03012152264896881,-0.004350056184371799,729
spatial_aggregation_order,primary_ndvi_first,rolling_origin,AOI-02,modis,2021;2022;2023,2024,R2024-H3,3,AOI-02_b_-72_-112,0.05132735172991551,0.04092293921510468,0.012663030322960822,138
spatial_aggregation_order,primary_ndvi_first,rolling_origin,AOI-02,modis,2021;2022;2023,2024,R2024-H3,3,AOI-02_b_-73_-111,0.037303011024082865,0.027295175100209252,0.017004523313489252,9
spatial_aggregation_order,primary_ndvi_first,rolling_origin,AOI-02,modis,2024,2025,R2025-H1,1,AOI-02_b_-65_-110,0.06041959057361502,0.05800733546769922,0.05800733546769922,4
spatial_aggregation_order,primary_ndvi_first,rolling_origin,AOI-02,modis,2024,2025,R2025-H1,1,AOI-02_b_-66_-109,0.061163277387612534,0.041491242820601223,0.03669976405575717,18
spatial_aggregation_order,primary_ndvi_first,rolling_origin,AOI-02,modis,2024,2025,R2025-H1,1,AOI-02_b_-66_-110,0.06873273914772748,0.055152587118358444,0.03964957606459594,135
spatial_aggregation_order,primary_ndvi_first,rolling_origin,AOI-02,modis,2024,2025,R2025-H1,1,AOI-02_b_-66_-111,0.060349069180038094,0.047561982604823305,0.028035835989004394,238
spatial_aggregation_order,primary_ndvi_first,rolling_origin,AOI-02,modis,2024,2025,R2025-H1,1,AOI-02_b_-66_-112,0.08437657750930422,0.0700057900102642,0.0633741943339691,259
spatial_aggregation_order,primary_ndvi_first,rolling_origin,AOI-02,modis,2024,2025,R2025-H1,1,AOI-02_b_-66_-113,0.057050872588872356,0.04167852330945506,0.041103606752214174,6
spatial_aggregation_order,primary_ndvi_first,rolling_origin,AOI-02,modis,2024,2025,R2025-H1,1,AOI-02_b_-67_-109,0.06887653721506166,0.06065909467388546,0.056735904140787795,262
spatial_aggregation_order,primary_ndvi_first,rolling_origin,AOI-02,modis,2024,2025,R2025-H1,1,AOI-02_b_-67_-110,0.06592666513889939,0.05610253048691091,0.03826888764595717,700
spatial_aggregation_order,primary_ndvi_first,rolling_origin,AOI-02,modis,2024,2025,R2025-H1,1,AOI-02_b_-67_-111,0.04781078628162951,0.03680180348961917,0.010272447982002608,563
spatial_aggregation_order,primary_ndvi_first,rolling_origin,AOI-02,modis,2024,2025,R2025-H1,1,AOI-02_b_-67_-112,0.04814415609547127,0.03768359630724604,0.021794585391563554,653
spatial_aggregation_order,primary_ndvi_first,rolling_origin,AOI-02,modis,2024,2025,R2025-H1,1,AOI-02_b_-67_-113,0.04405047804610316,0.0336005565555646,0.012782876270295165,141
spatial_aggregation_order,primary_ndvi_first,rolling_origin,AOI-02,modis,2024,2025,R2025-H1,1,AOI-02_b_-68_-109,0.06069909802874775,0.048821758856578405,0.022502873952626252,542
spatial_aggregation_order,primary_ndvi_first,rolling_origin,AOI-02,modis,2024,2025,R2025-H1,1,AOI-02_b_-68_-110,0.06387768849368877,0.05125305200244256,0.005460331022934236,766
spatial_aggregation_order,primary_ndvi_first,rolling_origin,AOI-02,modis,2024,2025,R2025-H1,1,AOI-02_b_-68_-111,0.0636519653257433,0.04977064678376069,0.021168693620114448,742
spatial_aggregation_order,primary_ndvi_first,rolling_origin,AOI-02,modis,2024,2025,R2025-H1,1,AOI-02_b_-68_-112,0.05162239056653622,0.03861454190960787,0.02272992734212466,720
spatial_aggregation_order,primary_ndvi_first,rolling_origin,AOI-02,modis,2024,2025,R2025-H1,1,AOI-02_b_-68_-113,0.025543229681071117,0.02237364517484879,0.015381157603742451,6
spatial_aggregation_order,primary_ndvi_first,rolling_origin,AOI-02,modis,2024,2025,R2025-H1,1,AOI-02_b_-69_-108,0.035208004556443226,0.028040229743965632,0.02142437498522902,39
spatial_aggregation_order,primary_ndvi_first,rolling_origin,AOI-02,modis,2024,2025,R2025-H1,1,AOI-02_b_-69_-109,0.04916436741424894,0.03859753909837999,0.011210587889372552,698
spatial_aggregation_order,primary_ndvi_first,rolling_origin,AOI-02,modis,2024,2025,R2025-H1,1,AOI-02_b_-69_-110,0.05733383768035872,0.04628231705134741,0.03279918051615755,784
spatial_aggregation_order,primary_ndvi_first,rolling_origin,AOI-02,modis,2024,2025,R2025-H1,1,AOI-02_b_-69_-111,0.042285083203635575,0.03419575747876021,0.02519659046740334,802
spatial_aggregation_order,primary_ndvi_first,rolling_origin,AOI-02,modis,2024,2025,R2025-H1,1,AOI-02_b_-69_-112,0.054531597492143535,0.04181954398706184,0.030446790780959777,786
spatial_aggregation_order,primary_ndvi_first,rolling_origin,AOI-02,modis,2024,2025,R2025-H1,1,AOI-02_b_-69_-113,0.04940234833626664,0.03666296485057938,0.01004599278232817,117
spatial_aggregation_order,primary_ndvi_first,rolling_origin,AOI-02,modis,2024,2025,R2025-H1,1,AOI-02_b_-70_-108,0.042457624732022456,0.033234687092789546,0.020230940808464166,342
spatial_aggregation_order,primary_ndvi_first,rolling_origin,AOI-02,modis,2024,2025,R2025-H1,1,AOI-02_b_-70_-109,0.04852767897532204,0.037068116653436275,0.026887727617132585,661
spatial_aggregation_order,primary_ndvi_first,rolling_origin,AOI-02,modis,2024,2025,R2025-H1,1,AOI-02_b_-70_-110,0.06669876026796917,0.05466803465392996,0.05016067586253841,819
spatial_aggregation_order,primary_ndvi_first,rolling_origin,AOI-02,modis,2024,2025,R2025-H1,1,AOI-02_b_-70_-111,0.04489013815893375,0.035729624292488465,0.029226546873852722,816
spatial_aggregation_order,primary_ndvi_first,rolling_origin,AOI-02,modis,2024,2025,R2025-H1,1,AOI-02_b_-70_-112,0.06163144174794191,0.04838370706476216,0.029074118233192982,342
spatial_aggregation_order,primary_ndvi_first,rolling_origin,AOI-02,modis,2024,2025,R2025-H1,1,AOI-02_b_-71_-108,0.05650102453649263,0.0416298338330362,0.0264803237805796,138
spatial_aggregation_order,primary_ndvi_first,rolling_origin,AOI-02,modis,2024,2025,R2025-H1,1,AOI-02_b_-71_-109,0.05711751133787783,0.04360211921457889,0.028878121421313376,642
spatial_aggregation_order,primary_ndvi_first,rolling_origin,AOI-02,modis,2024,2025,R2025-H1,1,AOI-02_b_-71_-110,0.040013025201657,0.03198580712542073,0.0129995029523025,810
spatial_aggregation_order,primary_ndvi_first,rolling_origin,AOI-02,modis,2024,2025,R2025-H1,1,AOI-02_b_-71_-111,0.04382168038237857,0.03600220467598385,0.025947780640899833,804
spatial_aggregation_order,primary_ndvi_first,rolling_origin,AOI-02,modis,2024,2025,R2025-H1,1,AOI-02_b_-71_-112,0.0512698067381656,0.04125934339509107,0.019021985357024682,326
spatial_aggregation_order,primary_ndvi_first,rolling_origin,AOI-02,modis,2024,2025,R2025-H1,1,AOI-02_b_-72_-108,0.02154613454216301,0.01769530295284947,0.010478441591616372,14
spatial_aggregation_order,primary_ndvi_first,rolling_origin,AOI-02,modis,2024,2025,R2025-H1,1,AOI-02_b_-72_-109,0.046562576189209275,0.03659374138067536,0.020240923393325377,363
spatial_aggregation_order,primary_ndvi_first,rolling_origin,AOI-02,modis,2024,2025,R2025-H1,1,AOI-02_b_-72_-110,0.05034426649569975,0.03985994743753887,0.019811829931995317,639
spatial_aggregation_order,primary_ndvi_first,rolling_origin,AOI-02,modis,2024,2025,R2025-H1,1,AOI-02_b_-72_-111,0.054558732560028134,0.04619490649074464,0.042601157648872366,729
spatial_aggregation_order,primary_ndvi_first,rolling_origin,AOI-02,modis,2024,2025,R2025-H1,1,AOI-02_b_-72_-112,0.07179113929400126,0.05740802170604485,0.03901026907635439,133
spatial_aggregation_order,primary_ndvi_first,rolling_origin,AOI-02,modis,2024,2025,R2025-H1,1,AOI-02_b_-73_-111,0.03829091966830549,0.034694988642206465,0.030512533078774898,9
spatial_aggregation_order,primary_ndvi_first,rolling_origin,AOI-02,modis,2023;2024,2025,R2025-H2,2,AOI-02_b_-65_-110,0.052885660934173816,0.05013174554939638,0.05013174554939638,4
spatial_aggregation_order,primary_ndvi_first,rolling_origin,AOI-02,modis,2023;2024,2025,R2025-H2,2,AOI-02_b_-66_-109,0.05666828707472522,0.03773749472256523,0.028921347192105214,18
spatial_aggregation_order,primary_ndvi_first,rolling_origin,AOI-02,modis,2023;2024,2025,R2025-H2,2,AOI-02_b_-66_-110,0.064458781276631,0.04940218351885732,0.031760724205809034,135
spatial_aggregation_order,primary_ndvi_first,rolling_origin,AOI-02,modis,2023;2024,2025,R2025-H2,2,AOI-02_b_-66_-111,0.05714410510012366,0.04520061976627399,0.02047615642008812,238
spatial_aggregation_order,primary_ndvi_first,rolling_origin,AOI-02,modis,2023;2024,2025,R2025-H2,2,AOI-02_b_-66_-112,0.07883641860841328,0.06431423006500958,0.05584679878873965,259
spatial_aggregation_order,primary_ndvi_first,rolling_origin,AOI-02,modis,2023;2024,2025,R2025-H2,2,AOI-02_b_-66_-113,0.05139980295804181,0.03864022825533259,0.032988800013681485,6
spatial_aggregation_order,primary_ndvi_first,rolling_origin,AOI-02,modis,2023;2024,2025,R2025-H2,2,AOI-02_b_-67_-109,0.06256835225089406,0.054124826848382566,0.04892797311044617,262
spatial_aggregation_order,primary_ndvi_first,rolling_origin,AOI-02,modis,2023;2024,2025,R2025-H2,2,AOI-02_b_-67_-110,0.06159582183316887,0.052073563606491395,0.030259315130527428,700
spatial_aggregation_order,primary_ndvi_first,rolling_origin,AOI-02,modis,2023;2024,2025,R2025-H2,2,AOI-02_b_-67_-111,0.04680156411541507,0.03596695064555407,0.002210398460139389,563
spatial_aggregation_order,primary_ndvi_first,rolling_origin,AOI-02,modis,2023;2024,2025,R2025-H2,2,AOI-02_b_-67_-112,0.045444301131676475,0.0348283946690613,0.015089091997908038,653
spatial_aggregation_order,primary_ndvi_first,rolling_origin,AOI-02,modis,2023;2024,2025,R2025-H2,2,AOI-02_b_-67_-113,0.04232542185853032,0.03189027528361055,0.00556879528238063,141
spatial_aggregation_order,primary_ndvi_first,rolling_origin,AOI-02,modis,2023;2024,2025,R2025-H2,2,AOI-02_b_-68_-109,0.0582358743401368,0.0468493416073936,0.014441244206510809,542
spatial_aggregation_order,primary_ndvi_first,rolling_origin,AOI-02,modis,2023;2024,2025,R2025-H2,2,AOI-02_b_-68_-110,0.0638193373202362,0.05108983893399211,-0.0022330943647389753,766
spatial_aggregation_order,primary_ndvi_first,rolling_origin,AOI-02,modis,2023;2024,2025,R2025-H2,2,AOI-02_b_-68_-111,0.061372469095309974,0.048080680083905446,0.013129445942595996,742
spatial_aggregation_order,primary_ndvi_first,rolling_origin,AOI-02,modis,2023;2024,2025,R2025-H2,2,AOI-02_b_-68_-112,0.04890103777917718,0.03569365366098129,0.015767549114197792,720
spatial_aggregation_order,primary_ndvi_first,rolling_origin,AOI-02,modis,2023;2024,2025,R2025-H2,2,AOI-02_b_-68_-113,0.021765219085078214,0.01977539602011627,0.007723348149700021,6
spatial_aggregation_order,primary_ndvi_first,rolling_origin,AOI-02,modis,2023;2024,2025,R2025-H2,2,AOI-02_b_-69_-108,0.031076925558874525,0.024551317969727118,0.0136908265174961,39
spatial_aggregation_order,primary_ndvi_first,rolling_origin,AOI-02,modis,2023;2024,2025,R2025-H2,2,AOI-02_b_-69_-109,0.04796462036067765,0.03725510882756148,0.003032271574514724,698
spatial_aggregation_order,primary_ndvi_first,rolling_origin,AOI-02,modis,2023;2024,2025,R2025-H2,2,AOI-02_b_-69_-110,0.05307916281357593,0.04263585212427173,0.02473332202089303,784
spatial_aggregation_order,primary_ndvi_first,rolling_origin,AOI-02,modis,2023;2024,2025,R2025-H2,2,AOI-02_b_-69_-111,0.03797629018307011,0.030104328899440286,0.01697797288481859,802
spatial_aggregation_order,primary_ndvi_first,rolling_origin,AOI-02,modis,2023;2024,2025,R2025-H2,2,AOI-02_b_-69_-112,0.05048095630447454,0.038408268464508934,0.02259922713355881,786
spatial_aggregation_order,primary_ndvi_first,rolling_origin,AOI-02,modis,2023;2024,2025,R2025-H2,2,AOI-02_b_-69_-113,0.04819279014988754,0.03517362726244656,0.0021525490982229555,117
spatial_aggregation_order,primary_ndvi_first,rolling_origin,AOI-02,modis,2023;2024,2025,R2025-H2,2,AOI-02_b_-70_-108,0.03916559344621973,0.030881157121438026,0.011956487778697511,342
spatial_aggregation_order,primary_ndvi_first,rolling_origin,AOI-02,modis,2023;2024,2025,R2025-H2,2,AOI-02_b_-70_-109,0.044558228363524695,0.03361885894983578,0.018688101269872155,661
spatial_aggregation_order,primary_ndvi_first,rolling_origin,AOI-02,modis,2023;2024,2025,R2025-H2,2,AOI-02_b_-70_-110,0.06078069423322349,0.04887231935620888,0.04203035576153059,819
spatial_aggregation_order,primary_ndvi_first,rolling_origin,AOI-02,modis,2023;2024,2025,R2025-H2,2,AOI-02_b_-70_-111,0.04003343590959898,0.031294769389902825,0.021139767605400973,816
spatial_aggregation_order,primary_ndvi_first,rolling_origin,AOI-02,modis,2023;2024,2025,R2025-H2,2,AOI-02_b_-70_-112,0.0581858983517789,0.045542438721469895,0.020963913404538015,342
spatial_aggregation_order,primary_ndvi_first,rolling_origin,AOI-02,modis,2023;2024,2025,R2025-H2,2,AOI-02_b_-71_-108,0.053276099039528825,0.040319532746615656,0.0184169619646046,138
spatial_aggregation_order,primary_ndvi_first,rolling_origin,AOI-02,modis,2023;2024,2025,R2025-H2,2,AOI-02_b_-71_-109,0.053668796123234795,0.040819846990879365,0.021256644868322804,642
spatial_aggregation_order,primary_ndvi_first,rolling_origin,AOI-02,modis,2023;2024,2025,R2025-H2,2,AOI-02_b_-71_-110,0.03814237654075184,0.030089119053997766,0.004702072436542814,810
spatial_aggregation_order,primary_ndvi_first,rolling_origin,AOI-02,modis,2023;2024,2025,R2025-H2,2,AOI-02_b_-71_-111,0.0395960160800749,0.0318438458590808,0.017925323065978,804
spatial_aggregation_order,primary_ndvi_first,rolling_origin,AOI-02,modis,2023;2024,2025,R2025-H2,2,AOI-02_b_-71_-112,0.048963194485862054,0.03951617694706422,0.011013004479816638,326
spatial_aggregation_order,primary_ndvi_first,rolling_origin,AOI-02,modis,2023;2024,2025,R2025-H2,2,AOI-02_b_-72_-108,0.01917864118999976,0.01670801600921049,0.003973595886962905,14
spatial_aggregation_order,primary_ndvi_first,rolling_origin,AOI-02,modis,2023;2024,2025,R2025-H2,2,AOI-02_b_-72_-109,0.04376731934421846,0.03405144413819637,0.012658290046372799,363
spatial_aggregation_order,primary_ndvi_first,rolling_origin,AOI-02,modis,2023;2024,2025,R2025-H2,2,AOI-02_b_-72_-110,0.047760171339272295,0.0373790560477846,0.011751379690673821,639
spatial_aggregation_order,primary_ndvi_first,rolling_origin,AOI-02,modis,2023;2024,2025,R2025-H2,2,AOI-02_b_-72_-111,0.048485132664243896,0.03983041057016134,0.03461970159483187,729
spatial_aggregation_order,primary_ndvi_first,rolling_origin,AOI-02,modis,2023;2024,2025,R2025-H2,2,AOI-02_b_-72_-112,0.06775174950896062,0.053168188676752236,0.031224484253648828,133
spatial_aggregation_order,primary_ndvi_first,rolling_origin,AOI-02,modis,2023;2024,2025,R2025-H2,2,AOI-02_b_-73_-111,0.0326310358630426,0.02887438418002746,0.0230335894789439,9
spatial_aggregation_order,primary_ndvi_first,rolling_origin,AOI-02,modis,2022;2023;2024,2025,R2025-H3,3,AOI-02_b_-65_-110,0.05556960062038914,0.0529738707178478,0.0529738707178478,4
spatial_aggregation_order,primary_ndvi_first,rolling_origin,AOI-02,modis,2022;2023;2024,2025,R2025-H3,3,AOI-02_b_-66_-109,0.05806078213859921,0.03865611480308478,0.03186003981148428,18
spatial_aggregation_order,primary_ndvi_first,rolling_origin,AOI-02,modis,2022;2023;2024,2025,R2025-H3,3,AOI-02_b_-66_-110,0.06585514961127971,0.05132938903707819,0.034589670085089196,135
spatial_aggregation_order,primary_ndvi_first,rolling_origin,AOI-02,modis,2022;2023;2024,2025,R2025-H3,3,AOI-02_b_-66_-111,0.058272425700819114,0.04613520967415898,0.023632223115555715,238
spatial_aggregation_order,primary_ndvi_first,rolling_origin,AOI-02,modis,2022;2023;2024,2025,R2025-H3,3,AOI-02_b_-66_-112,0.08108893508278488,0.0666543425633244,0.05903494830679964,259
spatial_aggregation_order,primary_ndvi_first,rolling_origin,AOI-02,modis,2022;2023;2024,2025,R2025-H3,3,AOI-02_b_-66_-113,0.0530005374828194,0.03942452440337568,0.03559319921343087,6
spatial_aggregation_order,primary_ndvi_first,rolling_origin,AOI-02,modis,2022;2023;2024,2025,R2025-H3,3,AOI-02_b_-67_-109,0.06483836087748268,0.05651512924975183,0.05183733550187559,262
spatial_aggregation_order,primary_ndvi_first,rolling_origin,AOI-02,modis,2022;2023;2024,2025,R2025-H3,3,AOI-02_b_-67_-110,0.06294836856650829,0.05334536302734319,0.03296829271069219,700
spatial_aggregation_order,primary_ndvi_first,rolling_origin,AOI-02,modis,2022;2023;2024,2025,R2025-H3,3,AOI-02_b_-67_-111,0.04706306714950011,0.03614011270324613,0.004867226082048732,563
spatial_aggregation_order,primary_ndvi_first,rolling_origin,AOI-02,modis,2022;2023;2024,2025,R2025-H3,3,AOI-02_b_-67_-112,0.04690142391220722,0.03650141631669663,0.01901632865854552,653
spatial_aggregation_order,primary_ndvi_first,rolling_origin,AOI-02,modis,2022;2023;2024,2025,R2025-H3,3,AOI-02_b_-67_-113,0.04274376715394816,0.03247453704108652,0.009068306712928933,141
spatial_aggregation_order,primary_ndvi_first,rolling_origin,AOI-02,modis,2022;2023;2024,2025,R2025-H3,3,AOI-02_b_-68_-109,0.05899349991992154,0.047462899929871114,0.01709848898803368,542
spatial_aggregation_order,primary_ndvi_first,rolling_origin,AOI-02,modis,2022;2023;2024,2025,R2025-H3,3,AOI-02_b_-68_-110,0.06392757949087922,0.05132658294276024,0.0007900600451573783,766
spatial_aggregation_order,primary_ndvi_first,rolling_origin,AOI-02,modis,2022;2023;2024,2025,R2025-H3,3,AOI-02_b_-68_-111,0.06193071204696954,0.04846147719439047,0.01580893330277058,742
spatial_aggregation_order,primary_ndvi_first,rolling_origin,AOI-02,modis,2022;2023;2024,2025,R2025-H3,3,AOI-02_b_-68_-112,0.050188696995871133,0.037218175210212125,0.019517194638099367,720
spatial_aggregation_order,primary_ndvi_first,rolling_origin,AOI-02,modis,2022;2023;2024,2025,R2025-H3,3,AOI-02_b_-68_-113,0.022989996503570878,0.02074955061835181,0.010781896526941346,6
spatial_aggregation_order,primary_ndvi_first,rolling_origin,AOI-02,modis,2022;2023;2024,2025,R2025-H3,3,AOI-02_b_-69_-108,0.03246762153691261,0.025754122537259717,0.016674107903140473,39
spatial_aggregation_order,primary_ndvi_first,rolling_origin,AOI-02,modis,2022;2023;2024,2025,R2025-H3,3,AOI-02_b_-69_-109,0.04819332460656399,0.03759393322792709,0.005573557003504836,698
spatial_aggregation_order,primary_ndvi_first,rolling_origin,AOI-02,modis,2022;2023;2024,2025,R2025-H3,3,AOI-02_b_-69_-110,0.05431587064930227,0.04367773823284766,0.02738636440775612,784
spatial_aggregation_order,primary_ndvi_first,rolling_origin,AOI-02,modis,2022;2023;2024,2025,R2025-H3,3,AOI-02_b_-69_-111,0.03917119660185489,0.03122933493447866,0.019479208212394024,802
spatial_aggregation_order,primary_ndvi_first,rolling_origin,AOI-02,modis,2022;2023;2024,2025,R2025-H3,3,AOI-02_b_-69_-112,0.051757718163734374,0.039501255385313,0.025457405716044688,786
spatial_aggregation_order,primary_ndvi_first,rolling_origin,AOI-02,modis,2022;2023;2024,2025,R2025-H3,3,AOI-02_b_-69_-113,0.04818064313591819,0.03537279561262317,0.004976931769444147,117
spatial_aggregation_order,primary_ndvi_first,rolling_origin,AOI-02,modis,2022;2023;2024,2025,R2025-H3,3,AOI-02_b_-70_-108,0.0399525443361183,0.031456485926608234,0.014402235637806151,342
spatial_aggregation_order,primary_ndvi_first,rolling_origin,AOI-02,modis,2022;2023;2024,2025,R2025-H3,3,AOI-02_b_-70_-109,0.04572299526343557,0.03458640935278896,0.021208209475240974,661
spatial_aggregation_order,primary_ndvi_first,rolling_origin,AOI-02,modis,2022;2023;2024,2025,R2025-H3,3,AOI-02_b_-70_-110,0.0625626994707597,0.05060980406793211,0.044619338281471736,819
spatial_aggregation_order,primary_ndvi_first,rolling_origin,AOI-02,modis,2022;2023;2024,2025,R2025-H3,3,AOI-02_b_-70_-111,0.04142399050593509,0.03255551176778378,0.023772019601909618,816
spatial_aggregation_order,primary_ndvi_first,rolling_origin,AOI-02,modis,2022;2023;2024,2025,R2025-H3,3,AOI-02_b_-70_-112,0.05911846998798494,0.046320763033915385,0.023572885834056582,342
spatial_aggregation_order,primary_ndvi_first,rolling_origin,AOI-02,modis,2022;2023;2024,2025,R2025-H3,3,AOI-02_b_-71_-108,0.05433054696701832,0.04079678453482902,0.021072485470906,138
spatial_aggregation_order,primary_ndvi_first,rolling_origin,AOI-02,modis,2022;2023;2024,2025,R2025-H3,3,AOI-02_b_-71_-109,0.05497560258951603,0.04189558053747585,0.024351299712032624,642
spatial_aggregation_order,primary_ndvi_first,rolling_origin,AOI-02,modis,2022;2023;2024,2025,R2025-H3,3,AOI-02_b_-71_-110,0.038526500536445484,0.03049651538233156,0.007124986010375094,810
spatial_aggregation_order,primary_ndvi_first,rolling_origin,AOI-02,modis,2022;2023;2024,2025,R2025-H3,3,AOI-02_b_-71_-111,0.04088372134625046,0.033118921299701364,0.020621495889158716,804
spatial_aggregation_order,primary_ndvi_first,rolling_origin,AOI-02,modis,2022;2023;2024,2025,R2025-H3,3,AOI-02_b_-71_-112,0.049740392380781366,0.04008683626570347,0.013722570010984337,326
spatial_aggregation_order,primary_ndvi_first,rolling_origin,AOI-02,modis,2022;2023;2024,2025,R2025-H3,3,AOI-02_b_-72_-108,0.02041087342941493,0.017250972437730005,0.008177922491414512,14
spatial_aggregation_order,primary_ndvi_first,rolling_origin,AOI-02,modis,2022;2023;2024,2025,R2025-H3,3,AOI-02_b_-72_-109,0.044748005203486714,0.03501409974641386,0.015791546016767622,363
spatial_aggregation_order,primary_ndvi_first,rolling_origin,AOI-02,modis,2022;2023;2024,2025,R2025-H3,3,AOI-02_b_-72_-110,0.048495839199065416,0.03806910015726936,0.014409796626058869,639
spatial_aggregation_order,primary_ndvi_first,rolling_origin,AOI-02,modis,2022;2023;2024,2025,R2025-H3,3,AOI-02_b_-72_-111,0.050385419167148844,0.04184748463234018,0.03735662040845089,729
spatial_aggregation_order,primary_ndvi_first,rolling_origin,AOI-02,modis,2022;2023;2024,2025,R2025-H3,3,AOI-02_b_-72_-112,0.0690322568636695,0.05456246792395837,0.0341558548327061,133
spatial_aggregation_order,primary_ndvi_first,rolling_origin,AOI-02,modis,2022;2023;2024,2025,R2025-H3,3,AOI-02_b_-73_-111,0.03497745177243188,0.03138788042183265,0.026269888979284742,9
spatial_aggregation_order,primary_ndvi_first,rolling_origin,AOI-02,sentinel2,2023,2024,R2024-H1,1,AOI-02_b_-65_-110,0.04450970504700877,0.029370923740736753,-0.02878680719912899,6
spatial_aggregation_order,primary_ndvi_first,rolling_origin,AOI-02,sentinel2,2023,2024,R2024-H1,1,AOI-02_b_-66_-109,0.06580608853144237,0.05462730153473579,0.03920684316863084,36
spatial_aggregation_order,primary_ndvi_first,rolling_origin,AOI-02,sentinel2,2023,2024,R2024-H1,1,AOI-02_b_-66_-110,0.06073468358955472,0.04700046176831149,0.013445633982972466,585
spatial_aggregation_order,primary_ndvi_first,rolling_origin,AOI-02,sentinel2,2023,2024,R2024-H1,1,AOI-02_b_-66_-111,0.06862335646265699,0.05524540157846949,0.02930609743347291,365
spatial_aggregation_order,primary_ndvi_first,rolling_origin,AOI-02,sentinel2,2023,2024,R2024-H1,1,AOI-02_b_-66_-112,0.08137240874376925,0.06034000327776342,0.04165714860718659,274
spatial_aggregation_order,primary_ndvi_first,rolling_origin,AOI-02,sentinel2,2023,2024,R2024-H1,1,AOI-02_b_-66_-113,0.023493092252411404,0.020568945171832907,0.0002233903370813528,5
spatial_aggregation_order,primary_ndvi_first,rolling_origin,AOI-02,sentinel2,2023,2024,R2024-H1,1,AOI-02_b_-67_-109,0.0553468899810644,0.043769029804272754,0.0012476318226481594,390
spatial_aggregation_order,primary_ndvi_first,rolling_origin,AOI-02,sentinel2,2023,2024,R2024-H1,1,AOI-02_b_-67_-110,0.06758656214169279,0.05158996754468945,-0.006725648727095165,755
spatial_aggregation_order,primary_ndvi_first,rolling_origin,AOI-02,sentinel2,2023,2024,R2024-H1,1,AOI-02_b_-67_-111,0.07138037300354164,0.05382261964299251,0.003308669564643511,739
spatial_aggregation_order,primary_ndvi_first,rolling_origin,AOI-02,sentinel2,2023,2024,R2024-H1,1,AOI-02_b_-67_-112,0.07768190539705734,0.06830810964917283,0.058452303592070286,674
spatial_aggregation_order,primary_ndvi_first,rolling_origin,AOI-02,sentinel2,2023,2024,R2024-H1,1,AOI-02_b_-67_-113,0.0829780245870878,0.0712547551173518,0.04649230740314737,122
spatial_aggregation_order,primary_ndvi_first,rolling_origin,AOI-02,sentinel2,2023,2024,R2024-H1,1,AOI-02_b_-68_-109,0.05157607583788013,0.04102204431559731,0.0010501345815968287,614
spatial_aggregation_order,primary_ndvi_first,rolling_origin,AOI-02,sentinel2,2023,2024,R2024-H1,1,AOI-02_b_-68_-110,0.06087299413057638,0.048019189354108184,0.018989223410590877,784
spatial_aggregation_order,primary_ndvi_first,rolling_origin,AOI-02,sentinel2,2023,2024,R2024-H1,1,AOI-02_b_-68_-111,0.05924171189511451,0.04519849946001509,0.008520619626332935,810
spatial_aggregation_order,primary_ndvi_first,rolling_origin,AOI-02,sentinel2,2023,2024,R2024-H1,1,AOI-02_b_-68_-112,0.08039425509700933,0.06469883271433677,0.04838694792555445,711
spatial_aggregation_order,primary_ndvi_first,rolling_origin,AOI-02,sentinel2,2023,2024,R2024-H1,1,AOI-02_b_-68_-113,0.042789666112833205,0.03688604109897609,-0.019134565561009426,6
spatial_aggregation_order,primary_ndvi_first,rolling_origin,AOI-02,sentinel2,2023,2024,R2024-H1,1,AOI-02_b_-69_-108,0.04248317927832688,0.033039706445805464,0.02453269435674133,39
spatial_aggregation_order,primary_ndvi_first,rolling_origin,AOI-02,sentinel2,2023,2024,R2024-H1,1,AOI-02_b_-69_-109,0.044725917054000065,0.03487288999999124,0.014839208119181766,717
spatial_aggregation_order,primary_ndvi_first,rolling_origin,AOI-02,sentinel2,2023,2024,R2024-H1,1,AOI-02_b_-69_-110,0.050957137030290825,0.04095559423255673,0.018483759135957952,806
spatial_aggregation_order,primary_ndvi_first,rolling_origin,AOI-02,sentinel2,2023,2024,R2024-H1,1,AOI-02_b_-69_-111,0.04694933227343106,0.03601445273729351,-0.0019107613063105615,807
spatial_aggregation_order,primary_ndvi_first,rolling_origin,AOI-02,sentinel2,2023,2024,R2024-H1,1,AOI-02_b_-69_-112,0.058161146478866936,0.045445104641629486,0.015467960861004028,781
spatial_aggregation_order,primary_ndvi_first,rolling_origin,AOI-02,sentinel2,2023,2024,R2024-H1,1,AOI-02_b_-69_-113,0.056852463172918345,0.0445511126371143,0.025904435244771314,117
spatial_aggregation_order,primary_ndvi_first,rolling_origin,AOI-02,sentinel2,2023,2024,R2024-H1,1,AOI-02_b_-70_-108,0.049118496272292755,0.03877866182546043,-0.01880897057703648,372
spatial_aggregation_order,primary_ndvi_first,rolling_origin,AOI-02,sentinel2,2023,2024,R2024-H1,1,AOI-02_b_-70_-109,0.04749090111443633,0.03798355817969481,0.0071630259264375195,819
spatial_aggregation_order,primary_ndvi_first,rolling_origin,AOI-02,sentinel2,2023,2024,R2024-H1,1,AOI-02_b_-70_-110,0.05325059568737753,0.04048137970552962,0.008911251476236032,828
spatial_aggregation_order,primary_ndvi_first,rolling_origin,AOI-02,sentinel2,2023,2024,R2024-H1,1,AOI-02_b_-70_-111,0.045437859779639767,0.0355594556883388,0.008722770134772533,816
spatial_aggregation_order,primary_ndvi_first,rolling_origin,AOI-02,sentinel2,2023,2024,R2024-H1,1,AOI-02_b_-70_-112,0.04715954200654073,0.03625939645216733,-0.002329259543517456,342
spatial_aggregation_order,primary_ndvi_first,rolling_origin,AOI-02,sentinel2,2023,2024,R2024-H1,1,AOI-02_b_-71_-108,0.07042764673610401,0.049852049398102644,-0.013569186810285025,167
spatial_aggregation_order,primary_ndvi_first,rolling_origin,AOI-02,sentinel2,2023,2024,R2024-H1,1,AOI-02_b_-71_-109,0.06209872146359269,0.050077740092537175,0.027946330190016758,800
spatial_aggregation_order,primary_ndvi_first,rolling_origin,AOI-02,sentinel2,2023,2024,R2024-H1,1,AOI-02_b_-71_-110,0.043671349950109496,0.033817557571476926,-0.012351484173485333,810
spatial_aggregation_order,primary_ndvi_first,rolling_origin,AOI-02,sentinel2,2023,2024,R2024-H1,1,AOI-02_b_-71_-111,0.05270729714386962,0.040841782556862154,0.004302719751631622,807
spatial_aggregation_order,primary_ndvi_first,rolling_origin,AOI-02,sentinel2,2023,2024,R2024-H1,1,AOI-02_b_-71_-112,0.06397825789243179,0.047960630526693714,0.001957609634245481,441
spatial_aggregation_order,primary_ndvi_first,rolling_origin,AOI-02,sentinel2,2023,2024,R2024-H1,1,AOI-02_b_-72_-108,0.08846003209828436,0.08160039528055375,0.08160039528055375,11
spatial_aggregation_order,primary_ndvi_first,rolling_origin,AOI-02,sentinel2,2023,2024,R2024-H1,1,AOI-02_b_-72_-109,0.06485429551503336,0.04829737720043014,0.009348721331281324,442
spatial_aggregation_order,primary_ndvi_first,rolling_origin,AOI-02,sentinel2,2023,2024,R2024-H1,1,AOI-02_b_-72_-110,0.05500223326524649,0.04229519541095048,-0.003046718339120375,610
spatial_aggregation_order,primary_ndvi_first,rolling_origin,AOI-02,sentinel2,2023,2024,R2024-H1,1,AOI-02_b_-72_-111,0.050029171530541976,0.03870707974592526,0.0020992851904600893,729
spatial_aggregation_order,primary_ndvi_first,rolling_origin,AOI-02,sentinel2,2023,2024,R2024-H1,1,AOI-02_b_-72_-112,0.07629683072494334,0.05954015751889784,0.021892011034881087,138
spatial_aggregation_order,primary_ndvi_first,rolling_origin,AOI-02,sentinel2,2023,2024,R2024-H1,1,AOI-02_b_-73_-111,0.06790463450259412,0.062066883762521424,-0.018638077554299963,9
spatial_aggregation_order,primary_ndvi_first,rolling_origin,AOI-02,sentinel2,2022;2023,2024,R2024-H2,2,AOI-02_b_-65_-110,0.06167731814979951,0.05152025471963718,-0.05152025471963718,6
spatial_aggregation_order,primary_ndvi_first,rolling_origin,AOI-02,sentinel2,2022;2023,2024,R2024-H2,2,AOI-02_b_-66_-109,0.054974486217713114,0.04293351454304279,0.01649445800433461,36
spatial_aggregation_order,primary_ndvi_first,rolling_origin,AOI-02,sentinel2,2022;2023,2024,R2024-H2,2,AOI-02_b_-66_-110,0.05967183564511168,0.046734887386034214,-0.009104306669809166,585
spatial_aggregation_order,primary_ndvi_first,rolling_origin,AOI-02,sentinel2,2022;2023,2024,R2024-H2,2,AOI-02_b_-66_-111,0.062233801115754724,0.049312379790185316,0.006887740032057857,365
spatial_aggregation_order,primary_ndvi_first,rolling_origin,AOI-02,sentinel2,2022;2023,2024,R2024-H2,2,AOI-02_b_-66_-112,0.07233279634203334,0.05378249613906711,0.019321126892102178,274
spatial_aggregation_order,primary_ndvi_first,rolling_origin,AOI-02,sentinel2,2022;2023,2024,R2024-H2,2,AOI-02_b_-66_-113,0.03261457394599126,0.027852084496369077,-0.022798958029223503,5
spatial_aggregation_order,primary_ndvi_first,rolling_origin,AOI-02,sentinel2,2022;2023,2024,R2024-H2,2,AOI-02_b_-67_-109,0.05913078256608237,0.047645413427694884,-0.021338249144929863,390
spatial_aggregation_order,primary_ndvi_first,rolling_origin,AOI-02,sentinel2,2022;2023,2024,R2024-H2,2,AOI-02_b_-67_-110,0.07326372667746753,0.05605733250191146,-0.029545288836438966,755
spatial_aggregation_order,primary_ndvi_first,rolling_origin,AOI-02,sentinel2,2022;2023,2024,R2024-H2,2,AOI-02_b_-67_-111,0.07370614327303841,0.054161532787647085,-0.019707288492494705,739
spatial_aggregation_order,primary_ndvi_first,rolling_origin,AOI-02,sentinel2,2022;2023,2024,R2024-H2,2,AOI-02_b_-67_-112,0.0630071183439049,0.0532955255405775,0.03693376329776476,674
spatial_aggregation_order,primary_ndvi_first,rolling_origin,AOI-02,sentinel2,2022;2023,2024,R2024-H2,2,AOI-02_b_-67_-113,0.07290782513990866,0.05991342791413201,0.024467240357344315,122
spatial_aggregation_order,primary_ndvi_first,rolling_origin,AOI-02,sentinel2,2022;2023,2024,R2024-H2,2,AOI-02_b_-68_-109,0.05588462198312914,0.04322050222286001,-0.02204936456158522,614
spatial_aggregation_order,primary_ndvi_first,rolling_origin,AOI-02,sentinel2,2022;2023,2024,R2024-H2,2,AOI-02_b_-68_-110,0.05774538081387566,0.045121351997821246,-0.003629539574515878,784
spatial_aggregation_order,primary_ndvi_first,rolling_origin,AOI-02,sentinel2,2022;2023,2024,R2024-H2,2,AOI-02_b_-68_-111,0.060189980700833735,0.04617801983313862,-0.014498272692042595,810
spatial_aggregation_order,primary_ndvi_first,rolling_origin,AOI-02,sentinel2,2022;2023,2024,R2024-H2,2,AOI-02_b_-68_-112,0.06932483713297133,0.05270305784032023,0.026641074739951226,711
spatial_aggregation_order,primary_ndvi_first,rolling_origin,AOI-02,sentinel2,2022;2023,2024,R2024-H2,2,AOI-02_b_-68_-113,0.05641197374070186,0.04468004140647517,-0.04155590094562598,6
spatial_aggregation_order,primary_ndvi_first,rolling_origin,AOI-02,sentinel2,2022;2023,2024,R2024-H2,2,AOI-02_b_-69_-108,0.03451127935701379,0.029330142750816687,0.0013732979876672612,39
spatial_aggregation_order,primary_ndvi_first,rolling_origin,AOI-02,sentinel2,2022;2023,2024,R2024-H2,2,AOI-02_b_-69_-109,0.04286380729922169,0.03348465166220086,-0.008530115422280216,717
spatial_aggregation_order,primary_ndvi_first,rolling_origin,AOI-02,sentinel2,2022;2023,2024,R2024-H2,2,AOI-02_b_-69_-110,0.04746295261295328,0.03765984598328727,-0.004706324606013171,806
spatial_aggregation_order,primary_ndvi_first,rolling_origin,AOI-02,sentinel2,2022;2023,2024,R2024-H2,2,AOI-02_b_-69_-111,0.05317622919539741,0.042991438298299704,-0.025277178642645698,807
spatial_aggregation_order,primary_ndvi_first,rolling_origin,AOI-02,sentinel2,2022;2023,2024,R2024-H2,2,AOI-02_b_-69_-112,0.056527497115204446,0.04443240937052269,-0.007415906713874195,781
spatial_aggregation_order,primary_ndvi_first,rolling_origin,AOI-02,sentinel2,2022;2023,2024,R2024-H2,2,AOI-02_b_-69_-113,0.05032508063762991,0.03838235570972381,0.002837881166562042,117
spatial_aggregation_order,primary_ndvi_first,rolling_origin,AOI-02,sentinel2,2022;2023,2024,R2024-H2,2,AOI-02_b_-70_-108,0.06195961229134383,0.05131608065746485,-0.04231874286046265,372
spatial_aggregation_order,primary_ndvi_first,rolling_origin,AOI-02,sentinel2,2022;2023,2024,R2024-H2,2,AOI-02_b_-70_-109,0.049474301198687766,0.03951690509464932,-0.016124799912780725,819
spatial_aggregation_order,primary_ndvi_first,rolling_origin,AOI-02,sentinel2,2022;2023,2024,R2024-H2,2,AOI-02_b_-70_-110,0.0543097855138418,0.042916713847666384,-0.014295813750588771,828
spatial_aggregation_order,primary_ndvi_first,rolling_origin,AOI-02,sentinel2,2022;2023,2024,R2024-H2,2,AOI-02_b_-70_-111,0.046674884680961974,0.0372377060694242,-0.014547490547159961,816
spatial_aggregation_order,primary_ndvi_first,rolling_origin,AOI-02,sentinel2,2022;2023,2024,R2024-H2,2,AOI-02_b_-70_-112,0.053455540554711994,0.041387201112257715,-0.02557203889818916,342
spatial_aggregation_order,primary_ndvi_first,rolling_origin,AOI-02,sentinel2,2022;2023,2024,R2024-H2,2,AOI-02_b_-71_-108,0.07811653004429157,0.06054084313377295,-0.03649973513503305,167
spatial_aggregation_order,primary_ndvi_first,rolling_origin,AOI-02,sentinel2,2022;2023,2024,R2024-H2,2,AOI-02_b_-71_-109,0.05562579813097024,0.043985572393695015,0.0054413877938693685,800
spatial_aggregation_order,primary_ndvi_first,rolling_origin,AOI-02,sentinel2,2022;2023,2024,R2024-H2,2,AOI-02_b_-71_-110,0.055015280534836355,0.04448516996517097,-0.03582728499530331,810
spatial_aggregation_order,primary_ndvi_first,rolling_origin,AOI-02,sentinel2,2022;2023,2024,R2024-H2,2,AOI-02_b_-71_-111,0.05559160357267854,0.043375539239359336,-0.01885684012483891,807
spatial_aggregation_order,primary_ndvi_first,rolling_origin,AOI-02,sentinel2,2022;2023,2024,R2024-H2,2,AOI-02_b_-71_-112,0.06711731270731983,0.05068567375199484,-0.02107893638647618,441
spatial_aggregation_order,primary_ndvi_first,rolling_origin,AOI-02,sentinel2,2022;2023,2024,R2024-H2,2,AOI-02_b_-72_-108,0.06937653828281418,0.060425933862479214,0.060425933862479214,11
spatial_aggregation_order,primary_ndvi_first,rolling_origin,AOI-02,sentinel2,2022;2023,2024,R2024-H2,2,AOI-02_b_-72_-109,0.06533247464664638,0.04902131678121805,-0.01314921688547252,442
spatial_aggregation_order,primary_ndvi_first,rolling_origin,AOI-02,sentinel2,2022;2023,2024,R2024-H2,2,AOI-02_b_-72_-110,0.0606251786379711,0.04703854344400183,-0.026161556420458445,610
spatial_aggregation_order,primary_ndvi_first,rolling_origin,AOI-02,sentinel2,2022;2023,2024,R2024-H2,2,AOI-02_b_-72_-111,0.05402572556283396,0.0424777572925264,-0.02097908905508345,729
spatial_aggregation_order,primary_ndvi_first,rolling_origin,AOI-02,sentinel2,2022;2023,2024,R2024-H2,2,AOI-02_b_-72_-112,0.07275535543910024,0.057403061895409335,-0.00098042950273214,138
spatial_aggregation_order,primary_ndvi_first,rolling_origin,AOI-02,sentinel2,2022;2023,2024,R2024-H2,2,AOI-02_b_-73_-111,0.07676980908743315,0.06920350268026942,-0.04097783306970129,9
spatial_aggregation_order,primary_ndvi_first,rolling_origin,AOI-02,sentinel2,2021;2022;2023,2024,R2024-H3,3,AOI-02_b_-65_-110,0.04975410675158173,0.036307288456616495,-0.036307288456616495,6
spatial_aggregation_order,primary_ndvi_first,rolling_origin,AOI-02,sentinel2,2021;2022;2023,2024,R2024-H3,3,AOI-02_b_-66_-109,0.06223009754625765,0.04974023510553225,0.031649021188655625,36
spatial_aggregation_order,primary_ndvi_first,rolling_origin,AOI-02,sentinel2,2021;2022;2023,2024,R2024-H3,3,AOI-02_b_-66_-110,0.05995781649317183,0.04651481446461488,0.005599819749753546,585
spatial_aggregation_order,primary_ndvi_first,rolling_origin,AOI-02,sentinel2,2021;2022;2023,2024,R2024-H3,3,AOI-02_b_-66_-111,0.06594305478368458,0.05274010859177465,0.021227003807205415,365
spatial_aggregation_order,primary_ndvi_first,rolling_origin,AOI-02,sentinel2,2021;2022;2023,2024,R2024-H3,3,AOI-02_b_-66_-112,0.07782485503734378,0.05713338044215509,0.03343208489176283,274
spatial_aggregation_order,primary_ndvi_first,rolling_origin,AOI-02,sentinel2,2021;2022;2023,2024,R2024-H3,3,AOI-02_b_-66_-113,0.024742381650828284,0.020349401046179848,-0.0067849086080014834,5
spatial_aggregation_order,primary_ndvi_first,rolling_origin,AOI-02,sentinel2,2021;2022;2023,2024,R2024-H3,3,AOI-02_b_-67_-109,0.05605648967695316,0.04442329347569354,-0.006534465070144788,390
spatial_aggregation_order,primary_ndvi_first,rolling_origin,AOI-02,sentinel2,2021;2022;2023,2024,R2024-H3,3,AOI-02_b_-67_-110,0.06909205132152162,0.05256376096096417,-0.014093322126439404,755
spatial_aggregation_order,primary_ndvi_first,rolling_origin,AOI-02,sentinel2,2021;2022;2023,2024,R2024-H3,3,AOI-02_b_-67_-111,0.07191796994590065,0.05371485792562588,-0.003710958538430916,739
spatial_aggregation_order,primary_ndvi_first,rolling_origin,AOI-02,sentinel2,2021;2022;2023,2024,R2024-H3,3,AOI-02_b_-67_-112,0.07086494712307982,0.0611912550582945,0.04877795535382741,674
spatial_aggregation_order,primary_ndvi_first,rolling_origin,AOI-02,sentinel2,2021;2022;2023,2024,R2024-H3,3,AOI-02_b_-67_-113,0.07849971422719143,0.06620804314042611,0.03771596291481206,122
spatial_aggregation_order,primary_ndvi_first,rolling_origin,AOI-02,sentinel2,2021;2022;2023,2024,R2024-H3,3,AOI-02_b_-68_-109,0.052280331018195195,0.041148808241922005,-0.005821386420881385,614
spatial_aggregation_order,primary_ndvi_first,rolling_origin,AOI-02,sentinel2,2021;2022;2023,2024,R2024-H3,3,AOI-02_b_-68_-110,0.05931476774706206,0.04642412715669245,0.011265421908827171,784
spatial_aggregation_order,primary_ndvi_first,rolling_origin,AOI-02,sentinel2,2021;2022;2023,2024,R2024-H3,3,AOI-02_b_-68_-111,0.05903357213334193,0.04504289347125094,0.0015061935734691362,810
spatial_aggregation_order,primary_ndvi_first,rolling_origin,AOI-02,sentinel2,2021;2022;2023,2024,R2024-H3,3,AOI-02_b_-68_-112,0.07551151424426536,0.059062371669805144,0.03911563030367905,711
spatial_aggregation_order,primary_ndvi_first,rolling_origin,AOI-02,sentinel2,2021;2022;2023,2024,R2024-H3,3,AOI-02_b_-68_-113,0.047136802050322446,0.03846126520468048,-0.027208379623908967,6
spatial_aggregation_order,primary_ndvi_first,rolling_origin,AOI-02,sentinel2,2021;2022;2023,2024,R2024-H3,3,AOI-02_b_-69_-108,0.03928657511975531,0.030961039136447974,0.017767363073366942,39
spatial_aggregation_order,primary_ndvi_first,rolling_origin,AOI-02,sentinel2,2021;2022;2023,2024,R2024-H3,3,AOI-02_b_-69_-109,0.04336114814718895,0.033542403989613695,0.00844604945542617,717
spatial_aggregation_order,primary_ndvi_first,rolling_origin,AOI-02,sentinel2,2021;2022;2023,2024,R2024-H3,3,AOI-02_b_-69_-110,0.04937930256099698,0.03945738193906728,0.011772832434088663,806
spatial_aggregation_order,primary_ndvi_first,rolling_origin,AOI-02,sentinel2,2021;2022;2023,2024,R2024-H3,3,AOI-02_b_-69_-111,0.04787260220444784,0.037231693324591385,-0.008309072280569384,807
spatial_aggregation_order,primary_ndvi_first,rolling_origin,AOI-02,sentinel2,2021;2022;2023,2024,R2024-H3,3,AOI-02_b_-69_-112,0.05675494590974566,0.04428281612484445,0.008214154112782264,781
spatial_aggregation_order,primary_ndvi_first,rolling_origin,AOI-02,sentinel2,2021;2022;2023,2024,R2024-H3,3,AOI-02_b_-69_-113,0.05466102532201529,0.04237799900842518,0.01897450707663201,117
spatial_aggregation_order,primary_ndvi_first,rolling_origin,AOI-02,sentinel2,2021;2022;2023,2024,R2024-H3,3,AOI-02_b_-70_-108,0.051971257036830705,0.04141252167131837,-0.024953132526243902,372
spatial_aggregation_order,primary_ndvi_first,rolling_origin,AOI-02,sentinel2,2021;2022;2023,2024,R2024-H3,3,AOI-02_b_-70_-109,0.04728183297030382,0.03773101344667027,0.0006253828065157782,819
spatial_aggregation_order,primary_ndvi_first,rolling_origin,AOI-02,sentinel2,2021;2022;2023,2024,R2024-H3,3,AOI-02_b_-70_-110,0.052751413002373036,0.040416473067006596,0.00223043066123752,828
spatial_aggregation_order,primary_ndvi_first,rolling_origin,AOI-02,sentinel2,2021;2022;2023,2024,R2024-H3,3,AOI-02_b_-70_-111,0.04508365146928703,0.03546557486277003,0.002153986355322573,816
spatial_aggregation_order,primary_ndvi_first,rolling_origin,AOI-02,sentinel2,2021;2022;2023,2024,R2024-H3,3,AOI-02_b_-70_-112,0.04823451255802243,0.03684397691502362,-0.008946764017105827,342
spatial_aggregation_order,primary_ndvi_first,rolling_origin,AOI-02,sentinel2,2021;2022;2023,2024,R2024-H3,3,AOI-02_b_-71_-108,0.07225558292219844,0.05217865302349233,-0.020740234872400568,167
spatial_aggregation_order,primary_ndvi_first,rolling_origin,AOI-02,sentinel2,2021;2022;2023,2024,R2024-H3,3,AOI-02_b_-71_-109,0.05915700296036279,0.0472912763963757,0.020020740104728065,800
spatial_aggregation_order,primary_ndvi_first,rolling_origin,AOI-02,sentinel2,2021;2022;2023,2024,R2024-H3,3,AOI-02_b_-71_-110,0.046043801511539945,0.03602412355946433,-0.01855587295143142,810
spatial_aggregation_order,primary_ndvi_first,rolling_origin,AOI-02,sentinel2,2021;2022;2023,2024,R2024-H3,3,AOI-02_b_-71_-111,0.053017823488861755,0.04106458564464191,-0.0024623216551375848,807
spatial_aggregation_order,primary_ndvi_first,rolling_origin,AOI-02,sentinel2,2021;2022;2023,2024,R2024-H3,3,AOI-02_b_-71_-112,0.0645634088951239,0.04829455891079093,-0.005025518780616553,441
spatial_aggregation_order,primary_ndvi_first,rolling_origin,AOI-02,sentinel2,2021;2022;2023,2024,R2024-H3,3,AOI-02_b_-72_-108,0.07913005966493879,0.0713160415091265,0.0713160415091265,11
spatial_aggregation_order,primary_ndvi_first,rolling_origin,AOI-02,sentinel2,2021;2022;2023,2024,R2024-H3,3,AOI-02_b_-72_-109,0.06453883515300268,0.04781786763726076,0.0014107137787180233,442
spatial_aggregation_order,primary_ndvi_first,rolling_origin,AOI-02,sentinel2,2021;2022;2023,2024,R2024-H3,3,AOI-02_b_-72_-110,0.05621698852246717,0.04316293331986943,-0.009891045468929518,610
spatial_aggregation_order,primary_ndvi_first,rolling_origin,AOI-02,sentinel2,2021;2022;2023,2024,R2024-H3,3,AOI-02_b_-72_-111,0.050585447880018314,0.038999224101070505,-0.004809687412036714,729
spatial_aggregation_order,primary_ndvi_first,rolling_origin,AOI-02,sentinel2,2021;2022;2023,2024,R2024-H3,3,AOI-02_b_-72_-112,0.0751346083134947,0.058581920583227955,0.014617945687712741,138
spatial_aggregation_order,primary_ndvi_first,rolling_origin,AOI-02,sentinel2,2021;2022;2023,2024,R2024-H3,3,AOI-02_b_-73_-111,0.07122470240419546,0.06535589360495869,-0.026856521744346145,9
spatial_aggregation_order,primary_ndvi_first,rolling_origin,AOI-02,sentinel2,2024,2025,R2025-H1,1,AOI-02_b_-65_-110,0.04301377304745969,0.037278939523702516,0.032933667484876916,6
spatial_aggregation_order,primary_ndvi_first,rolling_origin,AOI-02,sentinel2,2024,2025,R2025-H1,1,AOI-02_b_-66_-109,0.04340919821730035,0.03303985619774285,0.0010569867362854313,28
spatial_aggregation_order,primary_ndvi_first,rolling_origin,AOI-02,sentinel2,2024,2025,R2025-H1,1,AOI-02_b_-66_-110,0.06147555066549487,0.04408241611973823,0.008621027849226347,629
spatial_aggregation_order,primary_ndvi_first,rolling_origin,AOI-02,sentinel2,2024,2025,R2025-H1,1,AOI-02_b_-66_-111,0.07225868351230479,0.057776919409054585,0.013963253079010226,399
spatial_aggregation_order,primary_ndvi_first,rolling_origin,AOI-02,sentinel2,2024,2025,R2025-H1,1,AOI-02_b_-66_-112,0.06509018651220226,0.05171239988981261,0.030868575713258607,279
spatial_aggregation_order,primary_ndvi_first,rolling_origin,AOI-02,sentinel2,2024,2025,R2025-H1,1,AOI-02_b_-66_-113,0.03572163403423239,0.034594397142748055,0.02095300882880193,6
spatial_aggregation_order,primary_ndvi_first,rolling_origin,AOI-02,sentinel2,2024,2025,R2025-H1,1,AOI-02_b_-67_-109,0.04867644095828872,0.036707220807300975,0.010222887723159522,370
spatial_aggregation_order,primary_ndvi_first,rolling_origin,AOI-02,sentinel2,2024,2025,R2025-H1,1,AOI-02_b_-67_-110,0.04886866760614556,0.037724134435950483,0.004402486482207087,806
spatial_aggregation_order,primary_ndvi_first,rolling_origin,AOI-02,sentinel2,2024,2025,R2025-H1,1,AOI-02_b_-67_-111,0.06657788062623965,0.05299411883383042,-0.024919218339546086,806
spatial_aggregation_order,primary_ndvi_first,rolling_origin,AOI-02,sentinel2,2024,2025,R2025-H1,1,AOI-02_b_-67_-112,0.07976876479390207,0.07068151474379851,0.0661132537817196,816
spatial_aggregation_order,primary_ndvi_first,rolling_origin,AOI-02,sentinel2,2024,2025,R2025-H1,1,AOI-02_b_-67_-113,0.07706694487842548,0.0638400679882445,0.06025410288010891,141
spatial_aggregation_order,primary_ndvi_first,rolling_origin,AOI-02,sentinel2,2024,2025,R2025-H1,1,AOI-02_b_-68_-109,0.047381712948891305,0.037541017877478856,-0.011634213952051208,596
spatial_aggregation_order,primary_ndvi_first,rolling_origin,AOI-02,sentinel2,2024,2025,R2025-H1,1,AOI-02_b_-68_-110,0.06540442427744433,0.05269399279508662,-0.006349510900287411,815
spatial_aggregation_order,primary_ndvi_first,rolling_origin,AOI-02,sentinel2,2024,2025,R2025-H1,1,AOI-02_b_-68_-111,0.050579831119252065,0.03976417457357864,-0.0037049650353228065,818
spatial_aggregation_order,primary_ndvi_first,rolling_origin,AOI-02,sentinel2,2024,2025,R2025-H1,1,AOI-02_b_-68_-112,0.07921679583324608,0.0667580229390151,0.05247346660013072,790
spatial_aggregation_order,primary_ndvi_first,rolling_origin,AOI-02,sentinel2,2024,2025,R2025-H1,1,AOI-02_b_-68_-113,0.052891984999282,0.039368867638259,-0.03791227954111782,6
spatial_aggregation_order,primary_ndvi_first,rolling_origin,AOI-02,sentinel2,2024,2025,R2025-H1,1,AOI-02_b_-69_-108,0.04519849777858033,0.03766253111202627,0.026719151684018498,39
spatial_aggregation_order,primary_ndvi_first,rolling_origin,AOI-02,sentinel2,2024,2025,R2025-H1,1,AOI-02_b_-69_-109,0.06251318190430898,0.04794777085230148,-0.028328100371837042,705
spatial_aggregation_order,primary_ndvi_first,rolling_origin,AOI-02,sentinel2,2024,2025,R2025-H1,1,AOI-02_b_-69_-110,0.04699754564316368,0.03724412530890676,0.0068251462061934545,807
spatial_aggregation_order,primary_ndvi_first,rolling_origin,AOI-02,sentinel2,2024,2025,R2025-H1,1,AOI-02_b_-69_-111,0.04884054549204728,0.03686046090325204,-0.008462820361310797,806
spatial_aggregation_order,primary_ndvi_first,rolling_origin,AOI-02,sentinel2,2024,2025,R2025-H1,1,AOI-02_b_-69_-112,0.050811240393926246,0.03806822399381644,0.009456478707995012,779
spatial_aggregation_order,primary_ndvi_first,rolling_origin,AOI-02,sentinel2,2024,2025,R2025-H1,1,AOI-02_b_-69_-113,0.04521852017767223,0.034893718768306346,-0.00023378559907028543,117
spatial_aggregation_order,primary_ndvi_first,rolling_origin,AOI-02,sentinel2,2024,2025,R2025-H1,1,AOI-02_b_-70_-108,0.05379565948437154,0.041471994391058344,-0.02227882655233413,371
spatial_aggregation_order,primary_ndvi_first,rolling_origin,AOI-02,sentinel2,2024,2025,R2025-H1,1,AOI-02_b_-70_-109,0.06602556181526002,0.04964587517172694,-0.028174549073418428,804
spatial_aggregation_order,primary_ndvi_first,rolling_origin,AOI-02,sentinel2,2024,2025,R2025-H1,1,AOI-02_b_-70_-110,0.05057566079330677,0.03845481694252621,0.004081082401907106,820
spatial_aggregation_order,primary_ndvi_first,rolling_origin,AOI-02,sentinel2,2024,2025,R2025-H1,1,AOI-02_b_-70_-111,0.045877483933862234,0.03551380752006666,0.00833568247391181,816
spatial_aggregation_order,primary_ndvi_first,rolling_origin,AOI-02,sentinel2,2024,2025,R2025-H1,1,AOI-02_b_-70_-112,0.04875629151531875,0.03689890253852855,-0.004997858038039947,342
spatial_aggregation_order,primary_ndvi_first,rolling_origin,AOI-02,sentinel2,2024,2025,R2025-H1,1,AOI-02_b_-71_-108,0.04777464088631946,0.03787769159332607,-0.01388468622286069,149
spatial_aggregation_order,primary_ndvi_first,rolling_origin,AOI-02,sentinel2,2024,2025,R2025-H1,1,AOI-02_b_-71_-109,0.055903055680574965,0.044306548816954484,0.020861631568649435,675
spatial_aggregation_order,primary_ndvi_first,rolling_origin,AOI-02,sentinel2,2024,2025,R2025-H1,1,AOI-02_b_-71_-110,0.05068453923463496,0.04037303862470345,-0.014381009841954315,788
spatial_aggregation_order,primary_ndvi_first,rolling_origin,AOI-02,sentinel2,2024,2025,R2025-H1,1,AOI-02_b_-71_-111,0.0543728773382643,0.03976106133555964,0.01185192273968186,806
spatial_aggregation_order,primary_ndvi_first,rolling_origin,AOI-02,sentinel2,2024,2025,R2025-H1,1,AOI-02_b_-71_-112,0.06034081900239364,0.04454356727311601,-0.005745505387590676,439
spatial_aggregation_order,primary_ndvi_first,rolling_origin,AOI-02,sentinel2,2024,2025,R2025-H1,1,AOI-02_b_-72_-108,0.08568542394716898,0.0746334043364699,0.0746334043364699,8
spatial_aggregation_order,primary_ndvi_first,rolling_origin,AOI-02,sentinel2,2024,2025,R2025-H1,1,AOI-02_b_-72_-109,0.0669342462227706,0.0517940055714607,0.01429248117245606,450
spatial_aggregation_order,primary_ndvi_first,rolling_origin,AOI-02,sentinel2,2024,2025,R2025-H1,1,AOI-02_b_-72_-110,0.05905354195717076,0.04461330326197572,-0.0024989696393803613,626
spatial_aggregation_order,primary_ndvi_first,rolling_origin,AOI-02,sentinel2,2024,2025,R2025-H1,1,AOI-02_b_-72_-111,0.05503132831525351,0.045218761585799794,0.02625746728902065,729
spatial_aggregation_order,primary_ndvi_first,rolling_origin,AOI-02,sentinel2,2024,2025,R2025-H1,1,AOI-02_b_-72_-112,0.07242128469737517,0.05781375311994665,0.04256552465938427,138
spatial_aggregation_order,primary_ndvi_first,rolling_origin,AOI-02,sentinel2,2024,2025,R2025-H1,1,AOI-02_b_-73_-111,0.036491202560105254,0.03228797862155475,-0.0019046554427874446,9
spatial_aggregation_order,primary_ndvi_first,rolling_origin,AOI-02,sentinel2,2023;2024,2025,R2025-H2,2,AOI-02_b_-65_-110,0.045052104635846565,0.03901956146510795,0.035470303268767545,6
spatial_aggregation_order,primary_ndvi_first,rolling_origin,AOI-02,sentinel2,2023;2024,2025,R2025-H2,2,AOI-02_b_-66_-109,0.04364998731382598,0.033937158537625696,0.0034055211660126766,28
spatial_aggregation_order,primary_ndvi_first,rolling_origin,AOI-02,sentinel2,2023;2024,2025,R2025-H2,2,AOI-02_b_-66_-110,0.061960681430743965,0.04489552469780438,0.010969896697762754,629
spatial_aggregation_order,primary_ndvi_first,rolling_origin,AOI-02,sentinel2,2023;2024,2025,R2025-H2,2,AOI-02_b_-66_-111,0.07285658223775304,0.05839881340412508,0.01616842908405558,399
spatial_aggregation_order,primary_ndvi_first,rolling_origin,AOI-02,sentinel2,2023;2024,2025,R2025-H2,2,AOI-02_b_-66_-112,0.06626362066844811,0.052885261513520083,0.03303283337240489,279
spatial_aggregation_order,primary_ndvi_first,rolling_origin,AOI-02,sentinel2,2023;2024,2025,R2025-H2,2,AOI-02_b_-66_-113,0.037494998179444794,0.03651153881532814,0.023712762981627934,6
spatial_aggregation_order,primary_ndvi_first,rolling_origin,AOI-02,sentinel2,2023;2024,2025,R2025-H2,2,AOI-02_b_-67_-109,0.04940160387952589,0.03733198436739156,0.012610757071271662,370
spatial_aggregation_order,primary_ndvi_first,rolling_origin,AOI-02,sentinel2,2023;2024,2025,R2025-H2,2,AOI-02_b_-67_-110,0.04928040272279925,0.038041743567484604,0.0070234172907241346,806
spatial_aggregation_order,primary_ndvi_first,rolling_origin,AOI-02,sentinel2,2023;2024,2025,R2025-H2,2,AOI-02_b_-67_-111,0.06568304451800369,0.05216240472312416,-0.022254827946323472,806
spatial_aggregation_order,primary_ndvi_first,rolling_origin,AOI-02,sentinel2,2023;2024,2025,R2025-H2,2,AOI-02_b_-67_-112,0.0812411677466167,0.07208366372819221,0.06780337979778386,816
spatial_aggregation_order,primary_ndvi_first,rolling_origin,AOI-02,sentinel2,2023;2024,2025,R2025-H2,2,AOI-02_b_-67_-113,0.07885701347353641,0.06558534468783915,0.06239966250869549,141
spatial_aggregation_order,primary_ndvi_first,rolling_origin,AOI-02,sentinel2,2023;2024,2025,R2025-H2,2,AOI-02_b_-68_-109,0.04688207560513404,0.037194823463656164,-0.00896193596191817,596
spatial_aggregation_order,primary_ndvi_first,rolling_origin,AOI-02,sentinel2,2023;2024,2025,R2025-H2,2,AOI-02_b_-68_-110,0.0650893074263403,0.052455389585394835,-0.003948737428244519,815
spatial_aggregation_order,primary_ndvi_first,rolling_origin,AOI-02,sentinel2,2023;2024,2025,R2025-H2,2,AOI-02_b_-68_-111,0.05049967653675552,0.039499513197880115,-0.0010281543770447829,818
spatial_aggregation_order,primary_ndvi_first,rolling_origin,AOI-02,sentinel2,2023;2024,2025,R2025-H2,2,AOI-02_b_-68_-112,0.08055129007082161,0.06804800513738456,0.05432262279625829,790
spatial_aggregation_order,primary_ndvi_first,rolling_origin,AOI-02,sentinel2,2023;2024,2025,R2025-H2,2,AOI-02_b_-68_-113,0.05139514982944278,0.03871350456870706,-0.03569922771584993,6
spatial_aggregation_order,primary_ndvi_first,rolling_origin,AOI-02,sentinel2,2023;2024,2025,R2025-H2,2,AOI-02_b_-69_-108,0.04683067599337274,0.03893352940852281,0.029207856003270968,39
spatial_aggregation_order,primary_ndvi_first,rolling_origin,AOI-02,sentinel2,2023;2024,2025,R2025-H2,2,AOI-02_b_-69_-109,0.06142641035028488,0.04693173817345039,-0.025578456609826054,705
spatial_aggregation_order,primary_ndvi_first,rolling_origin,AOI-02,sentinel2,2023;2024,2025,R2025-H2,2,AOI-02_b_-69_-110,0.047616735495552544,0.0378619533987504,0.0095095861592129,807
spatial_aggregation_order,primary_ndvi_first,rolling_origin,AOI-02,sentinel2,2023;2024,2025,R2025-H2,2,AOI-02_b_-69_-111,0.04851982573759195,0.03648309842873594,-0.0056535408832417535,806
spatial_aggregation_order,primary_ndvi_first,rolling_origin,AOI-02,sentinel2,2023;2024,2025,R2025-H2,2,AOI-02_b_-69_-112,0.051362490562707114,0.038510289854011774,0.011971585791705533,779
spatial_aggregation_order,primary_ndvi_first,rolling_origin,AOI-02,sentinel2,2023;2024,2025,R2025-H2,2,AOI-02_b_-69_-113,0.0454577345704787,0.03524852471154418,0.002351505799286278,117
spatial_aggregation_order,primary_ndvi_first,rolling_origin,AOI-02,sentinel2,2023;2024,2025,R2025-H2,2,AOI-02_b_-70_-108,0.0528068208490403,0.04075862831664813,-0.019451983777503207,371
spatial_aggregation_order,primary_ndvi_first,rolling_origin,AOI-02,sentinel2,2023;2024,2025,R2025-H2,2,AOI-02_b_-70_-109,0.06495826004255474,0.0488186552189163,-0.02546061608477606,804
spatial_aggregation_order,primary_ndvi_first,rolling_origin,AOI-02,sentinel2,2023;2024,2025,R2025-H2,2,AOI-02_b_-70_-110,0.05097862342144066,0.03892425930379072,0.006764750803162264,820
spatial_aggregation_order,primary_ndvi_first,rolling_origin,AOI-02,sentinel2,2023;2024,2025,R2025-H2,2,AOI-02_b_-70_-111,0.04660660089861818,0.03603935520103772,0.011066411714943611,816
spatial_aggregation_order,primary_ndvi_first,rolling_origin,AOI-02,sentinel2,2023;2024,2025,R2025-H2,2,AOI-02_b_-70_-112,0.04870043762095727,0.036762249325402466,-0.0022909643379795583,342
spatial_aggregation_order,primary_ndvi_first,rolling_origin,AOI-02,sentinel2,2023;2024,2025,R2025-H2,2,AOI-02_b_-71_-108,0.04702477381757255,0.036749336363325565,-0.011179248125714877,149
spatial_aggregation_order,primary_ndvi_first,rolling_origin,AOI-02,sentinel2,2023;2024,2025,R2025-H2,2,AOI-02_b_-71_-109,0.056899161764607326,0.04510109417654069,0.023196144886506988,675
spatial_aggregation_order,primary_ndvi_first,rolling_origin,AOI-02,sentinel2,2023;2024,2025,R2025-H2,2,AOI-02_b_-71_-110,0.05004108492554207,0.03975646446926854,-0.011470953484791302,788
spatial_aggregation_order,primary_ndvi_first,rolling_origin,AOI-02,sentinel2,2023;2024,2025,R2025-H2,2,AOI-02_b_-71_-111,0.05516625625465317,0.0406616886965899,0.014543370944195957,806
spatial_aggregation_order,primary_ndvi_first,rolling_origin,AOI-02,sentinel2,2023;2024,2025,R2025-H2,2,AOI-02_b_-71_-112,0.060221689003500174,0.044362514400975744,-0.003077503462942976,439
spatial_aggregation_order,primary_ndvi_first,rolling_origin,AOI-02,sentinel2,2023;2024,2025,R2025-H2,2,AOI-02_b_-72_-108,0.08708731117626275,0.07616119846110758,0.07616119846110758,8
spatial_aggregation_order,primary_ndvi_first,rolling_origin,AOI-02,sentinel2,2023;2024,2025,R2025-H2,2,AOI-02_b_-72_-109,0.06758966994908053,0.052437944962280256,0.016647264365857915,450
spatial_aggregation_order,primary_ndvi_first,rolling_origin,AOI-02,sentinel2,2023;2024,2025,R2025-H2,2,AOI-02_b_-72_-110,0.059150671569837984,0.044869618921836184,0.00018861878383238576,626
spatial_aggregation_order,primary_ndvi_first,rolling_origin,AOI-02,sentinel2,2023;2024,2025,R2025-H2,2,AOI-02_b_-72_-111,0.05653498828532905,0.04662517423225872,0.028904667851727302,729
spatial_aggregation_order,primary_ndvi_first,rolling_origin,AOI-02,sentinel2,2023;2024,2025,R2025-H2,2,AOI-02_b_-72_-112,0.0741309579689787,0.05947947131994463,0.04510360494001317,138
spatial_aggregation_order,primary_ndvi_first,rolling_origin,AOI-02,sentinel2,2023;2024,2025,R2025-H2,2,AOI-02_b_-73_-111,0.036633908111112425,0.03221376588065806,0.0002123871106276234,9
spatial_aggregation_order,primary_ndvi_first,rolling_origin,AOI-02,sentinel2,2022;2023;2024,2025,R2025-H3,3,AOI-02_b_-65_-110,0.037670221788143034,0.03223826527620453,0.025057347796780538,6
spatial_aggregation_order,primary_ndvi_first,rolling_origin,AOI-02,sentinel2,2022;2023;2024,2025,R2025-H3,3,AOI-02_b_-66_-109,0.044572578065390445,0.03242966854732512,-0.007617613084586785,28
spatial_aggregation_order,primary_ndvi_first,rolling_origin,AOI-02,sentinel2,2022;2023;2024,2025,R2025-H3,3,AOI-02_b_-66_-110,0.06137359493360712,0.04233586406399898,-5.215273735822506e-05,629
spatial_aggregation_order,primary_ndvi_first,rolling_origin,AOI-02,sentinel2,2022;2023;2024,2025,R2025-H3,3,AOI-02_b_-66_-111,0.0716896207237995,0.056772946930232424,0.0046802568816282026,399
spatial_aggregation_order,primary_ndvi_first,rolling_origin,AOI-02,sentinel2,2022;2023;2024,2025,R2025-H3,3,AOI-02_b_-66_-112,0.06176231007666805,0.04765469690330933,0.02141192684472725,279
spatial_aggregation_order,primary_ndvi_first,rolling_origin,AOI-02,sentinel2,2022;2023;2024,2025,R2025-H3,3,AOI-02_b_-66_-113,0.03258468140347793,0.030302851975507934,0.014023577385985106,6
spatial_aggregation_order,primary_ndvi_first,rolling_origin,AOI-02,sentinel2,2022;2023;2024,2025,R2025-H3,3,AOI-02_b_-67_-109,0.048375550113391376,0.036536028137281296,0.0017152206923816663,370
spatial_aggregation_order,primary_ndvi_first,rolling_origin,AOI-02,sentinel2,2022;2023;2024,2025,R2025-H3,3,AOI-02_b_-67_-110,0.049259254472040506,0.038287639184881275,-0.003116094986776483,806
spatial_aggregation_order,primary_ndvi_first,rolling_origin,AOI-02,sentinel2,2022;2023;2024,2025,R2025-H3,3,AOI-02_b_-67_-111,0.06991047497201357,0.05559042169130528,-0.03225336241729744,806
spatial_aggregation_order,primary_ndvi_first,rolling_origin,AOI-02,sentinel2,2022;2023;2024,2025,R2025-H3,3,AOI-02_b_-67_-112,0.07090612729371439,0.06147293282903576,0.0546444457095709,816
spatial_aggregation_order,primary_ndvi_first,rolling_origin,AOI-02,sentinel2,2022;2023;2024,2025,R2025-H3,3,AOI-02_b_-67_-113,0.07038526828556754,0.05694555595415712,0.050718101758191435,141
spatial_aggregation_order,primary_ndvi_first,rolling_origin,AOI-02,sentinel2,2022;2023;2024,2025,R2025-H3,3,AOI-02_b_-68_-109,0.050036162978988094,0.039728698025990175,-0.018934883991633396,596
spatial_aggregation_order,primary_ndvi_first,rolling_origin,AOI-02,sentinel2,2022;2023;2024,2025,R2025-H3,3,AOI-02_b_-68_-110,0.0662760546840539,0.0533215636565794,-0.014802414339327125,815
spatial_aggregation_order,primary_ndvi_first,rolling_origin,AOI-02,sentinel2,2022;2023;2024,2025,R2025-H3,3,AOI-02_b_-68_-111,0.05184354875747801,0.041218188830854104,-0.010986398961774916,818
spatial_aggregation_order,primary_ndvi_first,rolling_origin,AOI-02,sentinel2,2022;2023;2024,2025,R2025-H3,3,AOI-02_b_-68_-112,0.07301289106541496,0.05964361786428376,0.04167956400019907,790
spatial_aggregation_order,primary_ndvi_first,rolling_origin,AOI-02,sentinel2,2022;2023;2024,2025,R2025-H3,3,AOI-02_b_-68_-113,0.060112150124825375,0.04716185167921578,-0.04716185167921578,6
spatial_aggregation_order,primary_ndvi_first,rolling_origin,AOI-02,sentinel2,2022;2023;2024,2025,R2025-H3,3,AOI-02_b_-69_-108,0.04151785912786273,0.03459244361954441,0.01863941646961892,39
spatial_aggregation_order,primary_ndvi_first,rolling_origin,AOI-02,sentinel2,2022;2023;2024,2025,R2025-H3,3,AOI-02_b_-69_-109,0.0664115447455418,0.05151455813469223,-0.03530043913001127,705
spatial_aggregation_order,primary_ndvi_first,rolling_origin,AOI-02,sentinel2,2022;2023;2024,2025,R2025-H3,3,AOI-02_b_-69_-110,0.04718878109203894,0.03710318166014912,-0.00042390988626454085,807
spatial_aggregation_order,primary_ndvi_first,rolling_origin,AOI-02,sentinel2,2022;2023;2024,2025,R2025-H3,3,AOI-02_b_-69_-111,0.05080967738245143,0.03886134052268206,-0.01518207211995363,806
spatial_aggregation_order,primary_ndvi_first,rolling_origin,AOI-02,sentinel2,2022;2023;2024,2025,R2025-H3,3,AOI-02_b_-69_-112,0.05010519162280125,0.037301865320012194,0.0014887937359286997,779
spatial_aggregation_order,primary_ndvi_first,rolling_origin,AOI-02,sentinel2,2022;2023;2024,2025,R2025-H3,3,AOI-02_b_-69_-113,0.04666614625906247,0.03501064507066697,-0.007903616553744705,117
spatial_aggregation_order,primary_ndvi_first,rolling_origin,AOI-02,sentinel2,2022;2023;2024,2025,R2025-H3,3,AOI-02_b_-70_-108,0.057347107747481876,0.044133880616544045,-0.028923541735026145,371
spatial_aggregation_order,primary_ndvi_first,rolling_origin,AOI-02,sentinel2,2022;2023;2024,2025,R2025-H3,3,AOI-02_b_-70_-109,0.0695591096359878,0.0525274397394988,-0.03529844017438689,804
spatial_aggregation_order,primary_ndvi_first,rolling_origin,AOI-02,sentinel2,2022;2023;2024,2025,R2025-H3,3,AOI-02_b_-70_-110,0.0510257750730704,0.038475174702482164,-0.003171248065940588,820
spatial_aggregation_order,primary_ndvi_first,rolling_origin,AOI-02,sentinel2,2022;2023;2024,2025,R2025-H3,3,AOI-02_b_-70_-111,0.04582104780447341,0.03561671482825208,0.001283072702347932,816
spatial_aggregation_order,primary_ndvi_first,rolling_origin,AOI-02,sentinel2,2022;2023;2024,2025,R2025-H3,3,AOI-02_b_-70_-112,0.05061638929344821,0.038638449836550535,-0.01215162305591277,342
spatial_aggregation_order,primary_ndvi_first,rolling_origin,AOI-02,sentinel2,2022;2023;2024,2025,R2025-H3,3,AOI-02_b_-71_-108,0.05021885581847369,0.0406542886005983,-0.02104462864914762,149
spatial_aggregation_order,primary_ndvi_first,rolling_origin,AOI-02,sentinel2,2022;2023;2024,2025,R2025-H3,3,AOI-02_b_-71_-109,0.0536901325638765,0.04228301002230613,0.012127527789952026,675
spatial_aggregation_order,primary_ndvi_first,rolling_origin,AOI-02,sentinel2,2022;2023;2024,2025,R2025-H3,3,AOI-02_b_-71_-110,0.05324290024958712,0.04255667889899662,-0.02067257632006486,788
spatial_aggregation_order,primary_ndvi_first,rolling_origin,AOI-02,sentinel2,2022;2023;2024,2025,R2025-H3,3,AOI-02_b_-71_-111,0.053912986845247694,0.03879728734765414,0.004632608846361968,806
spatial_aggregation_order,primary_ndvi_first,rolling_origin,AOI-02,sentinel2,2022;2023;2024,2025,R2025-H3,3,AOI-02_b_-71_-112,0.061812081543036204,0.04596733918312032,-0.013064322548646696,439
spatial_aggregation_order,primary_ndvi_first,rolling_origin,AOI-02,sentinel2,2022;2023;2024,2025,R2025-H3,3,AOI-02_b_-72_-108,0.07566982397258283,0.06426816012155595,0.06247567871549167,8
spatial_aggregation_order,primary_ndvi_first,rolling_origin,AOI-02,sentinel2,2022;2023;2024,2025,R2025-H3,3,AOI-02_b_-72_-109,0.06615990882182686,0.05074756479145278,0.0056444003732997695,450
spatial_aggregation_order,primary_ndvi_first,rolling_origin,AOI-02,sentinel2,2022;2023;2024,2025,R2025-H3,3,AOI-02_b_-72_-110,0.06044718684660634,0.0452048524516323,-0.00973466399281672,626
spatial_aggregation_order,primary_ndvi_first,rolling_origin,AOI-02,sentinel2,2022;2023;2024,2025,R2025-H3,3,AOI-02_b_-72_-111,0.052811684431031396,0.04285907826382898,0.018850371582357778,729
spatial_aggregation_order,primary_ndvi_first,rolling_origin,AOI-02,sentinel2,2022;2023;2024,2025,R2025-H3,3,AOI-02_b_-72_-112,0.06897689826795053,0.05420083275716341,0.03469533524638956,138
spatial_aggregation_order,primary_ndvi_first,rolling_origin,AOI-02,sentinel2,2022;2023;2024,2025,R2025-H3,3,AOI-02_b_-73_-111,0.03900917620076304,0.03404430677703664,-0.01156167969425945,9
spatial_aggregation_order,primary_ndvi_first,rolling_origin,AOI-03,landsat,2023,2024,R2024-H1,1,AOI-03_b_-34_-48,0.07112625653154311,0.06619319805090616,0.06619319805090616,9
spatial_aggregation_order,primary_ndvi_first,rolling_origin,AOI-03,landsat,2023,2024,R2024-H1,1,AOI-03_b_-35_-48,0.0462362943076708,0.03401130995493696,0.007316681099727252,402
spatial_aggregation_order,primary_ndvi_first,rolling_origin,AOI-03,landsat,2023,2024,R2024-H1,1,AOI-03_b_-35_-49,0.04579869942939814,0.033840510994162035,0.010676680719784873,526
spatial_aggregation_order,primary_ndvi_first,rolling_origin,AOI-03,landsat,2023,2024,R2024-H1,1,AOI-03_b_-35_-50,0.051946219696388844,0.03773136516305115,0.016297766936393024,387
spatial_aggregation_order,primary_ndvi_first,rolling_origin,AOI-03,landsat,2023,2024,R2024-H1,1,AOI-03_b_-35_-51,0.032585258611756394,0.021589400381974388,0.019292982533280597,237
spatial_aggregation_order,primary_ndvi_first,rolling_origin,AOI-03,landsat,2023,2024,R2024-H1,1,AOI-03_b_-36_-47,0.04381732194426378,0.03694181920731313,0.004233678979415603,54
spatial_aggregation_order,primary_ndvi_first,rolling_origin,AOI-03,landsat,2023,2024,R2024-H1,1,AOI-03_b_-36_-48,0.054780588061563634,0.041273935411599225,-0.007692501722298854,683
spatial_aggregation_order,primary_ndvi_first,rolling_origin,AOI-03,landsat,2023,2024,R2024-H1,1,AOI-03_b_-36_-49,0.04739333163144707,0.032996120652647516,0.007598070837816405,755
spatial_aggregation_order,primary_ndvi_first,rolling_origin,AOI-03,landsat,2023,2024,R2024-H1,1,AOI-03_b_-36_-50,0.039310144886863206,0.028534382561951847,0.013201564666624362,817
spatial_aggregation_order,primary_ndvi_first,rolling_origin,AOI-03,landsat,2023,2024,R2024-H1,1,AOI-03_b_-36_-51,0.025782746329603493,0.0223915951465934,0.020893702909569045,660
spatial_aggregation_order,primary_ndvi_first,rolling_origin,AOI-03,landsat,2023,2024,R2024-H1,1,AOI-03_b_-37_-47,0.07355837747697518,0.06016047776548059,0.005298534541306111,86
spatial_aggregation_order,primary_ndvi_first,rolling_origin,AOI-03,landsat,2023,2024,R2024-H1,1,AOI-03_b_-37_-48,0.0435719147509186,0.033133936561520624,0.007460434507744925,460
spatial_aggregation_order,primary_ndvi_first,rolling_origin,AOI-03,landsat,2023,2024,R2024-H1,1,AOI-03_b_-37_-49,0.03936453414872901,0.028459845591756665,0.016830131812763036,569
spatial_aggregation_order,primary_ndvi_first,rolling_origin,AOI-03,landsat,2023,2024,R2024-H1,1,AOI-03_b_-37_-50,0.028711175907391195,0.022535632782822328,0.009563067805558085,733
spatial_aggregation_order,primary_ndvi_first,rolling_origin,AOI-03,landsat,2023,2024,R2024-H1,1,AOI-03_b_-37_-51,0.025293471575447698,0.022102843230905417,0.021590321475940803,486
spatial_aggregation_order,primary_ndvi_first,rolling_origin,AOI-03,landsat,2023,2024,R2024-H1,1,AOI-03_b_-38_-47,0.03561179479272329,0.025476955524842713,0.00045437575673134943,148
spatial_aggregation_order,primary_ndvi_first,rolling_origin,AOI-03,landsat,2023,2024,R2024-H1,1,AOI-03_b_-38_-48,0.037976307069491864,0.02878926698643248,0.015495258854657941,486
spatial_aggregation_order,primary_ndvi_first,rolling_origin,AOI-03,landsat,2023,2024,R2024-H1,1,AOI-03_b_-38_-49,0.03435012290053204,0.027631372508831194,0.021596785718687776,534
spatial_aggregation_order,primary_ndvi_first,rolling_origin,AOI-03,landsat,2023,2024,R2024-H1,1,AOI-03_b_-38_-50,0.03114990882542772,0.026540208694189892,0.022459841569449385,597
spatial_aggregation_order,primary_ndvi_first,rolling_origin,AOI-03,landsat,2023,2024,R2024-H1,1,AOI-03_b_-38_-51,0.03125560731194357,0.027066409853115442,0.026197492333636187,595
spatial_aggregation_order,primary_ndvi_first,rolling_origin,AOI-03,landsat,2023,2024,R2024-H1,1,AOI-03_b_-39_-47,0.040358357454822795,0.03003307105178751,0.01253102386675537,400
spatial_aggregation_order,primary_ndvi_first,rolling_origin,AOI-03,landsat,2023,2024,R2024-H1,1,AOI-03_b_-39_-48,0.03266622605597215,0.025350075731467175,0.00954320409477253,606
spatial_aggregation_order,primary_ndvi_first,rolling_origin,AOI-03,landsat,2023,2024,R2024-H1,1,AOI-03_b_-39_-49,0.02639953067341212,0.0218259831155906,0.015600669716131324,591
spatial_aggregation_order,primary_ndvi_first,rolling_origin,AOI-03,landsat,2023,2024,R2024-H1,1,AOI-03_b_-39_-50,0.02901956853776803,0.024663466213619627,0.02240227005433196,670
spatial_aggregation_order,primary_ndvi_first,rolling_origin,AOI-03,landsat,2023,2024,R2024-H1,1,AOI-03_b_-39_-51,0.03351024654198754,0.032643433403670694,0.032643433403670694,63
spatial_aggregation_order,primary_ndvi_first,rolling_origin,AOI-03,landsat,2023,2024,R2024-H1,1,AOI-03_b_-40_-47,0.025714935839379425,0.019583256045444735,0.01231420280154938,193
spatial_aggregation_order,primary_ndvi_first,rolling_origin,AOI-03,landsat,2023,2024,R2024-H1,1,AOI-03_b_-40_-48,0.03387547094504253,0.027218382705840143,0.02030147885987614,606
spatial_aggregation_order,primary_ndvi_first,rolling_origin,AOI-03,landsat,2023,2024,R2024-H1,1,AOI-03_b_-40_-49,0.03415220959675415,0.031008695927442115,0.030434399194395112,623
spatial_aggregation_order,primary_ndvi_first,rolling_origin,AOI-03,landsat,2023,2024,R2024-H1,1,AOI-03_b_-40_-50,0.03036925687008551,0.026198332797309938,0.02411677701164172,836
spatial_aggregation_order,primary_ndvi_first,rolling_origin,AOI-03,landsat,2023,2024,R2024-H1,1,AOI-03_b_-40_-51,0.02538777594535579,0.022607069648799695,0.0224971316445193,156
spatial_aggregation_order,primary_ndvi_first,rolling_origin,AOI-03,landsat,2023,2024,R2024-H1,1,AOI-03_b_-41_-47,0.04249794438131849,0.03384264213841473,0.012276054429673614,70
spatial_aggregation_order,primary_ndvi_first,rolling_origin,AOI-03,landsat,2023,2024,R2024-H1,1,AOI-03_b_-41_-48,0.033080496787957145,0.028865534721422843,0.025498369942819614,442
spatial_aggregation_order,primary_ndvi_first,rolling_origin,AOI-03,landsat,2023,2024,R2024-H1,1,AOI-03_b_-41_-49,0.0312862128838331,0.029016671097044706,0.028180091906506177,465
spatial_aggregation_order,primary_ndvi_first,rolling_origin,AOI-03,landsat,2023,2024,R2024-H1,1,AOI-03_b_-41_-50,0.02632087272254998,0.02278073118199737,0.021068128518275234,591
spatial_aggregation_order,primary_ndvi_first,rolling_origin,AOI-03,landsat,2023,2024,R2024-H1,1,AOI-03_b_-41_-51,0.01602191732131161,0.014270088389329836,0.013309532561969286,15
spatial_aggregation_order,primary_ndvi_first,rolling_origin,AOI-03,landsat,2022;2023,2024,R2024-H2,2,AOI-03_b_-34_-48,0.055755402719286015,0.05008954146011323,0.05008954146011323,9
spatial_aggregation_order,primary_ndvi_first,rolling_origin,AOI-03,landsat,2022;2023,2024,R2024-H2,2,AOI-03_b_-35_-48,0.04541960660631651,0.03175499200249766,-0.007768169976437526,402
spatial_aggregation_order,primary_ndvi_first,rolling_origin,AOI-03,landsat,2022;2023,2024,R2024-H2,2,AOI-03_b_-35_-49,0.043580501343072,0.031112621256985235,-0.0038092619393517335,526
spatial_aggregation_order,primary_ndvi_first,rolling_origin,AOI-03,landsat,2022;2023,2024,R2024-H2,2,AOI-03_b_-35_-50,0.04795942682259554,0.033091933488254545,0.005198427846460684,387
spatial_aggregation_order,primary_ndvi_first,rolling_origin,AOI-03,landsat,2022;2023,2024,R2024-H2,2,AOI-03_b_-35_-51,0.026326178129617944,0.015663064866719197,0.009824409271875945,237
spatial_aggregation_order,primary_ndvi_first,rolling_origin,AOI-03,landsat,2022;2023,2024,R2024-H2,2,AOI-03_b_-36_-47,0.04323915470519634,0.03460543793780037,-0.015576323405321287,54
spatial_aggregation_order,primary_ndvi_first,rolling_origin,AOI-03,landsat,2022;2023,2024,R2024-H2,2,AOI-03_b_-36_-48,0.058116839532946864,0.04580598015894739,-0.026462094554590202,683
spatial_aggregation_order,primary_ndvi_first,rolling_origin,AOI-03,landsat,2022;2023,2024,R2024-H2,2,AOI-03_b_-36_-49,0.046290102890019495,0.030841798361331933,-0.004965330524291754,755
spatial_aggregation_order,primary_ndvi_first,rolling_origin,AOI-03,landsat,2022;2023,2024,R2024-H2,2,AOI-03_b_-36_-50,0.03559056485691059,0.02501714332373992,0.00024881479242877904,817
spatial_aggregation_order,primary_ndvi_first,rolling_origin,AOI-03,landsat,2022;2023,2024,R2024-H2,2,AOI-03_b_-36_-51,0.017311214260941215,0.013954803949691008,0.009010837432246468,660
spatial_aggregation_order,primary_ndvi_first,rolling_origin,AOI-03,landsat,2022;2023,2024,R2024-H2,2,AOI-03_b_-37_-47,0.06825320114638622,0.05410376940901305,-0.012012567761750446,86
spatial_aggregation_order,primary_ndvi_first,rolling_origin,AOI-03,landsat,2022;2023,2024,R2024-H2,2,AOI-03_b_-37_-48,0.04340861417507749,0.03262071319692167,-0.007854083138155466,460
spatial_aggregation_order,primary_ndvi_first,rolling_origin,AOI-03,landsat,2022;2023,2024,R2024-H2,2,AOI-03_b_-37_-49,0.03366076861728205,0.024067951460683558,0.0054697110896859665,569
spatial_aggregation_order,primary_ndvi_first,rolling_origin,AOI-03,landsat,2022;2023,2024,R2024-H2,2,AOI-03_b_-37_-50,0.026482546958067746,0.020176235260637877,-0.005633375373741343,733
spatial_aggregation_order,primary_ndvi_first,rolling_origin,AOI-03,landsat,2022;2023,2024,R2024-H2,2,AOI-03_b_-37_-51,0.015774655811140872,0.012682677871151316,0.008945556966928137,486
spatial_aggregation_order,primary_ndvi_first,rolling_origin,AOI-03,landsat,2022;2023,2024,R2024-H2,2,AOI-03_b_-38_-47,0.037999011402425766,0.026165388616888868,-0.012654168806999391,148
spatial_aggregation_order,primary_ndvi_first,rolling_origin,AOI-03,landsat,2022;2023,2024,R2024-H2,2,AOI-03_b_-38_-48,0.03330172030715668,0.024645762139671585,0.004493115834312505,486
spatial_aggregation_order,primary_ndvi_first,rolling_origin,AOI-03,landsat,2022;2023,2024,R2024-H2,2,AOI-03_b_-38_-49,0.02588413517866289,0.019952222255874327,0.008377098484243664,534
spatial_aggregation_order,primary_ndvi_first,rolling_origin,AOI-03,landsat,2022;2023,2024,R2024-H2,2,AOI-03_b_-38_-50,0.02235039132675829,0.01745192625017141,0.0075386700654294075,597
spatial_aggregation_order,primary_ndvi_first,rolling_origin,AOI-03,landsat,2022;2023,2024,R2024-H2,2,AOI-03_b_-38_-51,0.020835159635829492,0.016532207439050196,0.013298256949365235,595
spatial_aggregation_order,primary_ndvi_first,rolling_origin,AOI-03,landsat,2022;2023,2024,R2024-H2,2,AOI-03_b_-39_-47,0.03622173579737655,0.026759764713225033,-0.0006764170028135882,400
spatial_aggregation_order,primary_ndvi_first,rolling_origin,AOI-03,landsat,2022;2023,2024,R2024-H2,2,AOI-03_b_-39_-48,0.030014346052894953,0.02331836434480084,-0.005664100643838381,606
spatial_aggregation_order,primary_ndvi_first,rolling_origin,AOI-03,landsat,2022;2023,2024,R2024-H2,2,AOI-03_b_-39_-49,0.021084656395822878,0.016877441872947384,0.0003665490109087073,591
spatial_aggregation_order,primary_ndvi_first,rolling_origin,AOI-03,landsat,2022;2023,2024,R2024-H2,2,AOI-03_b_-39_-50,0.01971316678954666,0.015440564229951829,0.007863434872033665,670
spatial_aggregation_order,primary_ndvi_first,rolling_origin,AOI-03,landsat,2022;2023,2024,R2024-H2,2,AOI-03_b_-39_-51,0.021068140477176266,0.01982068235404554,0.01982068235404554,63
spatial_aggregation_order,primary_ndvi_first,rolling_origin,AOI-03,landsat,2022;2023,2024,R2024-H2,2,AOI-03_b_-40_-47,0.02234361169605253,0.016171750200092174,0.002906256260420223,193
spatial_aggregation_order,primary_ndvi_first,rolling_origin,AOI-03,landsat,2022;2023,2024,R2024-H2,2,AOI-03_b_-40_-48,0.02563722640438935,0.019337853451782985,0.005554941808926476,606
spatial_aggregation_order,primary_ndvi_first,rolling_origin,AOI-03,landsat,2022;2023,2024,R2024-H2,2,AOI-03_b_-40_-49,0.021152631307147046,0.018329511247067717,0.01504843337831204,623
spatial_aggregation_order,primary_ndvi_first,rolling_origin,AOI-03,landsat,2022;2023,2024,R2024-H2,2,AOI-03_b_-40_-50,0.020655190444845307,0.016785749550217343,0.010161731490918683,836
spatial_aggregation_order,primary_ndvi_first,rolling_origin,AOI-03,landsat,2022;2023,2024,R2024-H2,2,AOI-03_b_-40_-51,0.014807610241866923,0.011198357078979471,0.009339905304970175,156
spatial_aggregation_order,primary_ndvi_first,rolling_origin,AOI-03,landsat,2022;2023,2024,R2024-H2,2,AOI-03_b_-41_-47,0.036994836229447874,0.029599858747966966,0.0005307830055697912,70
spatial_aggregation_order,primary_ndvi_first,rolling_origin,AOI-03,landsat,2022;2023,2024,R2024-H2,2,AOI-03_b_-41_-48,0.02281970404226472,0.01891567644406584,0.01042648611598319,442
spatial_aggregation_order,primary_ndvi_first,rolling_origin,AOI-03,landsat,2022;2023,2024,R2024-H2,2,AOI-03_b_-41_-49,0.02061323888741494,0.018317077303338303,0.015420282106828494,465
spatial_aggregation_order,primary_ndvi_first,rolling_origin,AOI-03,landsat,2022;2023,2024,R2024-H2,2,AOI-03_b_-41_-50,0.01760181291209107,0.01384952035100732,0.0081372368366135,591
spatial_aggregation_order,primary_ndvi_first,rolling_origin,AOI-03,landsat,2022;2023,2024,R2024-H2,2,AOI-03_b_-41_-51,0.00900955553418804,0.0066173309808505755,-0.0005173903002710275,15
spatial_aggregation_order,primary_ndvi_first,rolling_origin,AOI-03,landsat,2021;2022;2023,2024,R2024-H3,3,AOI-03_b_-34_-48,0.05806613676550729,0.052570887473665756,0.052570887473665756,9
spatial_aggregation_order,primary_ndvi_first,rolling_origin,AOI-03,landsat,2021;2022;2023,2024,R2024-H3,3,AOI-03_b_-35_-48,0.04513288730275664,0.03179392318762355,-0.005415903715003018,402
spatial_aggregation_order,primary_ndvi_first,rolling_origin,AOI-03,landsat,2021;2022;2023,2024,R2024-H3,3,AOI-03_b_-35_-49,0.04352227357786519,0.031225995238703813,-0.0015328756657082216,526
spatial_aggregation_order,primary_ndvi_first,rolling_origin,AOI-03,landsat,2021;2022;2023,2024,R2024-H3,3,AOI-03_b_-35_-50,0.048363445526307156,0.03371258017449278,0.007016668707106327,387
spatial_aggregation_order,primary_ndvi_first,rolling_origin,AOI-03,landsat,2021;2022;2023,2024,R2024-H3,3,AOI-03_b_-35_-51,0.027195111206995002,0.016439143129056727,0.011451851170365042,237
spatial_aggregation_order,primary_ndvi_first,rolling_origin,AOI-03,landsat,2021;2022;2023,2024,R2024-H3,3,AOI-03_b_-36_-47,0.042643450682824914,0.03432981350764351,-0.012625393953637778,54
spatial_aggregation_order,primary_ndvi_first,rolling_origin,AOI-03,landsat,2021;2022;2023,2024,R2024-H3,3,AOI-03_b_-36_-48,0.057126053860616685,0.04477555275354025,-0.023642982024981263,683
spatial_aggregation_order,primary_ndvi_first,rolling_origin,AOI-03,landsat,2021;2022;2023,2024,R2024-H3,3,AOI-03_b_-36_-49,0.04614326101771993,0.030954759617384815,-0.0029507742265882566,755
spatial_aggregation_order,primary_ndvi_first,rolling_origin,AOI-03,landsat,2021;2022;2023,2024,R2024-H3,3,AOI-03_b_-36_-50,0.03581466324668398,0.025194794937262132,0.002326206486125949,817
spatial_aggregation_order,primary_ndvi_first,rolling_origin,AOI-03,landsat,2021;2022;2023,2024,R2024-H3,3,AOI-03_b_-36_-51,0.01841627984420779,0.015007849631741847,0.010957421253362791,660
spatial_aggregation_order,primary_ndvi_first,rolling_origin,AOI-03,landsat,2021;2022;2023,2024,R2024-H3,3,AOI-03_b_-37_-47,0.06858226459483918,0.054709217361296705,-0.009378241821217648,86
spatial_aggregation_order,primary_ndvi_first,rolling_origin,AOI-03,landsat,2021;2022;2023,2024,R2024-H3,3,AOI-03_b_-37_-48,0.04298807116124371,0.03249235099901275,-0.005478577022267584,460
spatial_aggregation_order,primary_ndvi_first,rolling_origin,AOI-03,landsat,2021;2022;2023,2024,R2024-H3,3,AOI-03_b_-37_-49,0.03427944269711942,0.02451164364767848,0.007322840458502018,569
spatial_aggregation_order,primary_ndvi_first,rolling_origin,AOI-03,landsat,2021;2022;2023,2024,R2024-H3,3,AOI-03_b_-37_-50,0.026215015173248864,0.019994937139030704,-0.0032669707112046318,733
spatial_aggregation_order,primary_ndvi_first,rolling_origin,AOI-03,landsat,2021;2022;2023,2024,R2024-H3,3,AOI-03_b_-37_-51,0.01702750719977154,0.013848301590488568,0.010988671221711573,486
spatial_aggregation_order,primary_ndvi_first,rolling_origin,AOI-03,landsat,2021;2022;2023,2024,R2024-H3,3,AOI-03_b_-38_-47,0.03725860861353525,0.02578997014910859,-0.01056421544690853,148
spatial_aggregation_order,primary_ndvi_first,rolling_origin,AOI-03,landsat,2021;2022;2023,2024,R2024-H3,3,AOI-03_b_-38_-48,0.03377845309159315,0.025078899332221107,0.0063016704790587194,486
spatial_aggregation_order,primary_ndvi_first,rolling_origin,AOI-03,landsat,2021;2022;2023,2024,R2024-H3,3,AOI-03_b_-38_-49,0.026884738404823198,0.02084327510722806,0.010491332468913102,534
spatial_aggregation_order,primary_ndvi_first,rolling_origin,AOI-03,landsat,2021;2022;2023,2024,R2024-H3,3,AOI-03_b_-38_-50,0.02329082636310605,0.018484819569474065,0.009870198592040268,597
spatial_aggregation_order,primary_ndvi_first,rolling_origin,AOI-03,landsat,2021;2022;2023,2024,R2024-H3,3,AOI-03_b_-38_-51,0.022304705077845686,0.017997426409049805,0.01537361193805516,595
spatial_aggregation_order,primary_ndvi_first,rolling_origin,AOI-03,landsat,2021;2022;2023,2024,R2024-H3,3,AOI-03_b_-39_-47,0.03647770984401743,0.027014896045905533,0.00141447490178353,400
spatial_aggregation_order,primary_ndvi_first,rolling_origin,AOI-03,landsat,2021;2022;2023,2024,R2024-H3,3,AOI-03_b_-39_-48,0.02983568731817597,0.023066072849357837,-0.0033155491266250894,606
spatial_aggregation_order,primary_ndvi_first,rolling_origin,AOI-03,landsat,2021;2022;2023,2024,R2024-H3,3,AOI-03_b_-39_-49,0.02125942508094693,0.017146625276010758,0.0027377273084883726,591
spatial_aggregation_order,primary_ndvi_first,rolling_origin,AOI-03,landsat,2021;2022;2023,2024,R2024-H3,3,AOI-03_b_-39_-50,0.020762401853279804,0.016489865004637547,0.010146522477462862,670
spatial_aggregation_order,primary_ndvi_first,rolling_origin,AOI-03,landsat,2021;2022;2023,2024,R2024-H3,3,AOI-03_b_-39_-51,0.023038565292767533,0.021886346995740644,0.021886346995740644,63
spatial_aggregation_order,primary_ndvi_first,rolling_origin,AOI-03,landsat,2021;2022;2023,2024,R2024-H3,3,AOI-03_b_-40_-47,0.0226368090741845,0.016552772562713248,0.004519669347402766,193
spatial_aggregation_order,primary_ndvi_first,rolling_origin,AOI-03,landsat,2021;2022;2023,2024,R2024-H3,3,AOI-03_b_-40_-48,0.02647515292090822,0.02003773242344788,0.007859669736772882,606
spatial_aggregation_order,primary_ndvi_first,rolling_origin,AOI-03,landsat,2021;2022;2023,2024,R2024-H3,3,AOI-03_b_-40_-49,0.02295945841501993,0.020016701585506516,0.017438850018233573,623
spatial_aggregation_order,primary_ndvi_first,rolling_origin,AOI-03,landsat,2021;2022;2023,2024,R2024-H3,3,AOI-03_b_-40_-50,0.02186921351717208,0.017941768458771035,0.012370854611739947,836
spatial_aggregation_order,primary_ndvi_first,rolling_origin,AOI-03,landsat,2021;2022;2023,2024,R2024-H3,3,AOI-03_b_-40_-51,0.016240180874412334,0.01264388558254953,0.011447947011662556,156
spatial_aggregation_order,primary_ndvi_first,rolling_origin,AOI-03,landsat,2021;2022;2023,2024,R2024-H3,3,AOI-03_b_-41_-47,0.03752453476113649,0.030124379703178144,0.0024142021846426734,70
spatial_aggregation_order,primary_ndvi_first,rolling_origin,AOI-03,landsat,2021;2022;2023,2024,R2024-H3,3,AOI-03_b_-41_-48,0.024046961128439032,0.020168637039269258,0.012777109463922508,442
spatial_aggregation_order,primary_ndvi_first,rolling_origin,AOI-03,landsat,2021;2022;2023,2024,R2024-H3,3,AOI-03_b_-41_-49,0.02218115039535,0.019904178368764586,0.01747797227172251,465
spatial_aggregation_order,primary_ndvi_first,rolling_origin,AOI-03,landsat,2021;2022;2023,2024,R2024-H3,3,AOI-03_b_-41_-50,0.01866649085229929,0.01493275424971037,0.010216602587869496,591
spatial_aggregation_order,primary_ndvi_first,rolling_origin,AOI-03,landsat,2021;2022;2023,2024,R2024-H3,3,AOI-03_b_-41_-51,0.009138010020380439,0.007315762759909606,0.0016755000452460256,15
spatial_aggregation_order,primary_ndvi_first,rolling_origin,AOI-03,landsat,2024,2025,R2025-H1,1,AOI-03_b_-34_-48,0.04758284175569685,0.043790817067101064,0.043790817067101064,7
spatial_aggregation_order,primary_ndvi_first,rolling_origin,AOI-03,landsat,2024,2025,R2025-H1,1,AOI-03_b_-35_-48,0.04467773948386735,0.03358917648286862,-0.010602023735658805,351
spatial_aggregation_order,primary_ndvi_first,rolling_origin,AOI-03,landsat,2024,2025,R2025-H1,1,AOI-03_b_-35_-49,0.051987112179213556,0.03757334171220631,-0.009792312902367442,475
spatial_aggregation_order,primary_ndvi_first,rolling_origin,AOI-03,landsat,2024,2025,R2025-H1,1,AOI-03_b_-35_-50,0.048330513937084804,0.03094687390725772,-0.010110908876038919,401
spatial_aggregation_order,primary_ndvi_first,rolling_origin,AOI-03,landsat,2024,2025,R2025-H1,1,AOI-03_b_-35_-51,0.026560198095558287,0.0208377889413186,0.01502965651937635,237
spatial_aggregation_order,primary_ndvi_first,rolling_origin,AOI-03,landsat,2024,2025,R2025-H1,1,AOI-03_b_-36_-47,0.052356364681285926,0.04412051931277292,-0.023996564650917686,30
spatial_aggregation_order,primary_ndvi_first,rolling_origin,AOI-03,landsat,2024,2025,R2025-H1,1,AOI-03_b_-36_-48,0.05935894806481161,0.04750885707693127,-0.02786701593087549,611
spatial_aggregation_order,primary_ndvi_first,rolling_origin,AOI-03,landsat,2024,2025,R2025-H1,1,AOI-03_b_-36_-49,0.040787686707731134,0.02703755846047785,-0.0036895059864087724,639
spatial_aggregation_order,primary_ndvi_first,rolling_origin,AOI-03,landsat,2024,2025,R2025-H1,1,AOI-03_b_-36_-50,0.031250189396634626,0.023119545193794434,0.0004052056391241595,816
spatial_aggregation_order,primary_ndvi_first,rolling_origin,AOI-03,landsat,2024,2025,R2025-H1,1,AOI-03_b_-36_-51,0.024285255132963965,0.021933166990703967,0.019130462250733105,660
spatial_aggregation_order,primary_ndvi_first,rolling_origin,AOI-03,landsat,2024,2025,R2025-H1,1,AOI-03_b_-37_-47,0.09938573990744479,0.0775076981405091,-0.05609782547517584,25
spatial_aggregation_order,primary_ndvi_first,rolling_origin,AOI-03,landsat,2024,2025,R2025-H1,1,AOI-03_b_-37_-48,0.05174186086179121,0.037955028144581744,-0.010166201583110756,519
spatial_aggregation_order,primary_ndvi_first,rolling_origin,AOI-03,landsat,2024,2025,R2025-H1,1,AOI-03_b_-37_-49,0.03494442250631536,0.024400985772225964,0.002201782665845787,736
spatial_aggregation_order,primary_ndvi_first,rolling_origin,AOI-03,landsat,2024,2025,R2025-H1,1,AOI-03_b_-37_-50,0.028882429184364306,0.021371118119313134,0.002508349286354937,762
spatial_aggregation_order,primary_ndvi_first,rolling_origin,AOI-03,landsat,2024,2025,R2025-H1,1,AOI-03_b_-37_-51,0.023113396030403962,0.02066870839291553,0.020435829078250898,481
spatial_aggregation_order,primary_ndvi_first,rolling_origin,AOI-03,landsat,2024,2025,R2025-H1,1,AOI-03_b_-38_-47,0.02910137357226608,0.021132278075687967,0.006857372219044492,88
spatial_aggregation_order,primary_ndvi_first,rolling_origin,AOI-03,landsat,2024,2025,R2025-H1,1,AOI-03_b_-38_-48,0.025542213891061216,0.019565289318445988,0.0029129459525296065,356
spatial_aggregation_order,primary_ndvi_first,rolling_origin,AOI-03,landsat,2024,2025,R2025-H1,1,AOI-03_b_-38_-49,0.027341059922935094,0.02141887247090515,0.003049000269304317,680
spatial_aggregation_order,primary_ndvi_first,rolling_origin,AOI-03,landsat,2024,2025,R2025-H1,1,AOI-03_b_-38_-50,0.028655431264929292,0.02359801058270255,0.020222764653951928,737
spatial_aggregation_order,primary_ndvi_first,rolling_origin,AOI-03,landsat,2024,2025,R2025-H1,1,AOI-03_b_-38_-51,0.03786015912118247,0.03260483402440583,0.03229060406946272,461
spatial_aggregation_order,primary_ndvi_first,rolling_origin,AOI-03,landsat,2024,2025,R2025-H1,1,AOI-03_b_-39_-47,0.03663563820028845,0.025392448328900474,0.003223037896078268,66
spatial_aggregation_order,primary_ndvi_first,rolling_origin,AOI-03,landsat,2024,2025,R2025-H1,1,AOI-03_b_-39_-48,0.03948876638090853,0.031219493449971537,-0.01312192421716702,375
spatial_aggregation_order,primary_ndvi_first,rolling_origin,AOI-03,landsat,2024,2025,R2025-H1,1,AOI-03_b_-39_-49,0.027797304347512528,0.021988244849658434,0.0023133845774367476,741
spatial_aggregation_order,primary_ndvi_first,rolling_origin,AOI-03,landsat,2024,2025,R2025-H1,1,AOI-03_b_-39_-50,0.03187183767921449,0.02610415547791105,0.024185866094924697,691
spatial_aggregation_order,primary_ndvi_first,rolling_origin,AOI-03,landsat,2024,2025,R2025-H1,1,AOI-03_b_-39_-51,0.041513144727869856,0.03895697931566513,0.03895697931566513,49
spatial_aggregation_order,primary_ndvi_first,rolling_origin,AOI-03,landsat,2024,2025,R2025-H1,1,AOI-03_b_-40_-47,0.02048740178723703,0.014449577965036644,0.001715814344320569,188
spatial_aggregation_order,primary_ndvi_first,rolling_origin,AOI-03,landsat,2024,2025,R2025-H1,1,AOI-03_b_-40_-48,0.03243381728497234,0.02467708009773895,-0.004666057673236415,344
spatial_aggregation_order,primary_ndvi_first,rolling_origin,AOI-03,landsat,2024,2025,R2025-H1,1,AOI-03_b_-40_-49,0.025000580214346813,0.0197170679340834,0.007227171951785647,649
spatial_aggregation_order,primary_ndvi_first,rolling_origin,AOI-03,landsat,2024,2025,R2025-H1,1,AOI-03_b_-40_-50,0.03666952481438031,0.03079976900432002,0.028865867467819214,743
spatial_aggregation_order,primary_ndvi_first,rolling_origin,AOI-03,landsat,2024,2025,R2025-H1,1,AOI-03_b_-40_-51,0.044209486877833666,0.04050615070600439,0.04050615070600439,115
spatial_aggregation_order,primary_ndvi_first,rolling_origin,AOI-03,landsat,2024,2025,R2025-H1,1,AOI-03_b_-41_-47,0.04024597114238579,0.03145425359957906,-0.010597835710250721,39
spatial_aggregation_order,primary_ndvi_first,rolling_origin,AOI-03,landsat,2024,2025,R2025-H1,1,AOI-03_b_-41_-48,0.027288864238224058,0.02200717356006015,0.01126627718255036,337
spatial_aggregation_order,primary_ndvi_first,rolling_origin,AOI-03,landsat,2024,2025,R2025-H1,1,AOI-03_b_-41_-49,0.028404406631374828,0.02395921199111193,0.02299273695217624,558
spatial_aggregation_order,primary_ndvi_first,rolling_origin,AOI-03,landsat,2024,2025,R2025-H1,1,AOI-03_b_-41_-50,0.038963805484876365,0.03426816253586637,0.03388705315651976,428
spatial_aggregation_order,primary_ndvi_first,rolling_origin,AOI-03,landsat,2024,2025,R2025-H1,1,AOI-03_b_-41_-51,0.040338413328546145,0.038038264632295773,0.038038264632295773,7
spatial_aggregation_order,primary_ndvi_first,rolling_origin,AOI-03,landsat,2023;2024,2025,R2025-H2,2,AOI-03_b_-34_-48,0.05642435776962224,0.05287939206770612,0.05287939206770612,7
spatial_aggregation_order,primary_ndvi_first,rolling_origin,AOI-03,landsat,2023;2024,2025,R2025-H2,2,AOI-03_b_-35_-48,0.04343869137472982,0.03226709087573772,-0.0024439088514464787,351
spatial_aggregation_order,primary_ndvi_first,rolling_origin,AOI-03,landsat,2023;2024,2025,R2025-H2,2,AOI-03_b_-35_-49,0.05153064012076074,0.037644974941229994,-0.0023952578835156955,475
spatial_aggregation_order,primary_ndvi_first,rolling_origin,AOI-03,landsat,2023;2024,2025,R2025-H2,2,AOI-03_b_-35_-50,0.047000826710848105,0.030468576055055308,-0.00534807848736773,401
spatial_aggregation_order,primary_ndvi_first,rolling_origin,AOI-03,landsat,2023;2024,2025,R2025-H2,2,AOI-03_b_-35_-51,0.029491064993273117,0.023354716320721895,0.01859162410941526,237
spatial_aggregation_order,primary_ndvi_first,rolling_origin,AOI-03,landsat,2023;2024,2025,R2025-H2,2,AOI-03_b_-36_-47,0.050490697752677914,0.043142572104311626,-0.012633813171484383,30
spatial_aggregation_order,primary_ndvi_first,rolling_origin,AOI-03,landsat,2023;2024,2025,R2025-H2,2,AOI-03_b_-36_-48,0.05618980642474867,0.04421870330498378,-0.017912079562339207,611
spatial_aggregation_order,primary_ndvi_first,rolling_origin,AOI-03,landsat,2023;2024,2025,R2025-H2,2,AOI-03_b_-36_-49,0.041173271649946885,0.02756330944460822,0.0022548612024544676,639
spatial_aggregation_order,primary_ndvi_first,rolling_origin,AOI-03,landsat,2023;2024,2025,R2025-H2,2,AOI-03_b_-36_-50,0.03273276547223222,0.024542751063415746,0.006092020160087309,816
spatial_aggregation_order,primary_ndvi_first,rolling_origin,AOI-03,landsat,2023;2024,2025,R2025-H2,2,AOI-03_b_-36_-51,0.028052499373639583,0.025494550444051987,0.02374310194131823,660
spatial_aggregation_order,primary_ndvi_first,rolling_origin,AOI-03,landsat,2023;2024,2025,R2025-H2,2,AOI-03_b_-37_-47,0.09621761846116102,0.0757309839434372,-0.04875208802389418,25
spatial_aggregation_order,primary_ndvi_first,rolling_origin,AOI-03,landsat,2023;2024,2025,R2025-H2,2,AOI-03_b_-37_-48,0.04996084720279933,0.0370055232545141,-0.0028994814875467827,519
spatial_aggregation_order,primary_ndvi_first,rolling_origin,AOI-03,landsat,2023;2024,2025,R2025-H2,2,AOI-03_b_-37_-49,0.03704454190862643,0.025678951978020507,0.006914685444961777,736
spatial_aggregation_order,primary_ndvi_first,rolling_origin,AOI-03,landsat,2023;2024,2025,R2025-H2,2,AOI-03_b_-37_-50,0.030859943683964722,0.023013486858544655,0.00925535002929999,762
spatial_aggregation_order,primary_ndvi_first,rolling_origin,AOI-03,landsat,2023;2024,2025,R2025-H2,2,AOI-03_b_-37_-51,0.027392430753557566,0.02511312003963338,0.025014726534704948,481
spatial_aggregation_order,primary_ndvi_first,rolling_origin,AOI-03,landsat,2023;2024,2025,R2025-H2,2,AOI-03_b_-38_-47,0.031228293129604914,0.023101492735234767,0.011452935215333497,88
spatial_aggregation_order,primary_ndvi_first,rolling_origin,AOI-03,landsat,2023;2024,2025,R2025-H2,2,AOI-03_b_-38_-48,0.026747784853814738,0.020561502224806256,0.007185202737038677,356
spatial_aggregation_order,primary_ndvi_first,rolling_origin,AOI-03,landsat,2023;2024,2025,R2025-H2,2,AOI-03_b_-38_-49,0.029613166732625915,0.02319254667796441,0.008943800020859396,680
spatial_aggregation_order,primary_ndvi_first,rolling_origin,AOI-03,landsat,2023;2024,2025,R2025-H2,2,AOI-03_b_-38_-50,0.03371180803928791,0.0286551362026457,0.0264525383682514,737
spatial_aggregation_order,primary_ndvi_first,rolling_origin,AOI-03,landsat,2023;2024,2025,R2025-H2,2,AOI-03_b_-38_-51,0.04268583040426051,0.03757853870975964,0.03744110505988075,461
spatial_aggregation_order,primary_ndvi_first,rolling_origin,AOI-03,landsat,2023;2024,2025,R2025-H2,2,AOI-03_b_-39_-47,0.04005614488581585,0.02732347235034328,0.008889987431970763,66
spatial_aggregation_order,primary_ndvi_first,rolling_origin,AOI-03,landsat,2023;2024,2025,R2025-H2,2,AOI-03_b_-39_-48,0.03824415698339646,0.029799569530928476,-0.005802308405085104,375
spatial_aggregation_order,primary_ndvi_first,rolling_origin,AOI-03,landsat,2023;2024,2025,R2025-H2,2,AOI-03_b_-39_-49,0.02937150744230387,0.023382989855563002,0.009068777332375164,741
spatial_aggregation_order,primary_ndvi_first,rolling_origin,AOI-03,landsat,2023;2024,2025,R2025-H2,2,AOI-03_b_-39_-50,0.037212532111797994,0.03138060913343829,0.030416310473365925,691
spatial_aggregation_order,primary_ndvi_first,rolling_origin,AOI-03,landsat,2023;2024,2025,R2025-H2,2,AOI-03_b_-39_-51,0.046896341207358194,0.04448217940085131,0.04448217940085131,49
spatial_aggregation_order,primary_ndvi_first,rolling_origin,AOI-03,landsat,2023;2024,2025,R2025-H2,2,AOI-03_b_-40_-47,0.021828435070456738,0.015372963388329965,0.005368219760941937,188
spatial_aggregation_order,primary_ndvi_first,rolling_origin,AOI-03,landsat,2023;2024,2025,R2025-H2,2,AOI-03_b_-40_-48,0.03289584318498532,0.024643357151070452,0.0016755456817712086,344
spatial_aggregation_order,primary_ndvi_first,rolling_origin,AOI-03,landsat,2023;2024,2025,R2025-H2,2,AOI-03_b_-40_-49,0.027333967461985048,0.02226941153865936,0.013414825991980787,649
spatial_aggregation_order,primary_ndvi_first,rolling_origin,AOI-03,landsat,2023;2024,2025,R2025-H2,2,AOI-03_b_-40_-50,0.04174633103261697,0.03587255490729591,0.03475218576767923,743
spatial_aggregation_order,primary_ndvi_first,rolling_origin,AOI-03,landsat,2023;2024,2025,R2025-H2,2,AOI-03_b_-40_-51,0.04988949240597541,0.046292422581763325,0.046292422581763325,115
spatial_aggregation_order,primary_ndvi_first,rolling_origin,AOI-03,landsat,2023;2024,2025,R2025-H2,2,AOI-03_b_-41_-47,0.04043762866888419,0.031512419047096514,-0.004962229153055415,39
spatial_aggregation_order,primary_ndvi_first,rolling_origin,AOI-03,landsat,2023;2024,2025,R2025-H2,2,AOI-03_b_-41_-48,0.030667139125703895,0.025182555797403493,0.01765663731942211,337
spatial_aggregation_order,primary_ndvi_first,rolling_origin,AOI-03,landsat,2023;2024,2025,R2025-H2,2,AOI-03_b_-41_-49,0.032872140017315477,0.028514474168559456,0.028050648930537665,558
spatial_aggregation_order,primary_ndvi_first,rolling_origin,AOI-03,landsat,2023;2024,2025,R2025-H2,2,AOI-03_b_-41_-50,0.04433146835009576,0.03981109383158852,0.03966352595030553,428
spatial_aggregation_order,primary_ndvi_first,rolling_origin,AOI-03,landsat,2023;2024,2025,R2025-H2,2,AOI-03_b_-41_-51,0.04743848925435575,0.04530208786012794,0.04530208786012794,7
spatial_aggregation_order,primary_ndvi_first,rolling_origin,AOI-03,landsat,2022;2023;2024,2025,R2025-H3,3,AOI-03_b_-34_-48,0.05084104253233985,0.04702559419824053,0.04702559419824053,7
spatial_aggregation_order,primary_ndvi_first,rolling_origin,AOI-03,landsat,2022;2023;2024,2025,R2025-H3,3,AOI-03_b_-35_-48,0.04406147843366457,0.032618531520453624,-0.007995962166818764,351
spatial_aggregation_order,primary_ndvi_first,rolling_origin,AOI-03,landsat,2022;2023;2024,2025,R2025-H3,3,AOI-03_b_-35_-49,0.05187186477576897,0.037419606284479504,-0.007700502479561209,475
spatial_aggregation_order,primary_ndvi_first,rolling_origin,AOI-03,landsat,2022;2023;2024,2025,R2025-H3,3,AOI-03_b_-35_-50,0.047810614386718256,0.030470978556918927,-0.009679033178043505,401
spatial_aggregation_order,primary_ndvi_first,rolling_origin,AOI-03,landsat,2022;2023;2024,2025,R2025-H3,3,AOI-03_b_-35_-51,0.026802133479730178,0.02097605072053953,0.01458605248608931,237
spatial_aggregation_order,primary_ndvi_first,rolling_origin,AOI-03,landsat,2022;2023;2024,2025,R2025-H3,3,AOI-03_b_-36_-47,0.05181042289367106,0.043976090184949204,-0.019225117523435083,30
spatial_aggregation_order,primary_ndvi_first,rolling_origin,AOI-03,landsat,2022;2023;2024,2025,R2025-H3,3,AOI-03_b_-36_-48,0.05814566277298306,0.04629696173721439,-0.024046835014020735,611
spatial_aggregation_order,primary_ndvi_first,rolling_origin,AOI-03,landsat,2022;2023;2024,2025,R2025-H3,3,AOI-03_b_-36_-49,0.040937975053423524,0.02727671383954324,-0.00249593793126881,639
spatial_aggregation_order,primary_ndvi_first,rolling_origin,AOI-03,landsat,2022;2023;2024,2025,R2025-H3,3,AOI-03_b_-36_-50,0.03185257710974686,0.0236171704283417,0.0013663181340358391,816
spatial_aggregation_order,primary_ndvi_first,rolling_origin,AOI-03,landsat,2022;2023;2024,2025,R2025-H3,3,AOI-03_b_-36_-51,0.024435576846201453,0.02195358356256456,0.01934083227868053,660
spatial_aggregation_order,primary_ndvi_first,rolling_origin,AOI-03,landsat,2022;2023;2024,2025,R2025-H3,3,AOI-03_b_-37_-47,0.09873154719369144,0.07743856761788201,-0.05404069053472745,25
spatial_aggregation_order,primary_ndvi_first,rolling_origin,AOI-03,landsat,2022;2023;2024,2025,R2025-H3,3,AOI-03_b_-37_-48,0.05076376058708701,0.03695416567803223,-0.008145658930224793,519
spatial_aggregation_order,primary_ndvi_first,rolling_origin,AOI-03,landsat,2022;2023;2024,2025,R2025-H3,3,AOI-03_b_-37_-49,0.03587571812964241,0.024937361863664943,0.0026300420663852033,736
spatial_aggregation_order,primary_ndvi_first,rolling_origin,AOI-03,landsat,2022;2023;2024,2025,R2025-H3,3,AOI-03_b_-37_-50,0.029505762455400212,0.0218178421214842,0.004160915476763225,762
spatial_aggregation_order,primary_ndvi_first,rolling_origin,AOI-03,landsat,2022;2023;2024,2025,R2025-H3,3,AOI-03_b_-37_-51,0.023393301162113654,0.020873121924308576,0.020623399345809663,481
spatial_aggregation_order,primary_ndvi_first,rolling_origin,AOI-03,landsat,2022;2023;2024,2025,R2025-H3,3,AOI-03_b_-38_-47,0.029626336857940232,0.02122329285664311,0.007056203457453871,88
spatial_aggregation_order,primary_ndvi_first,rolling_origin,AOI-03,landsat,2022;2023;2024,2025,R2025-H3,3,AOI-03_b_-38_-48,0.02574587852976453,0.01967586641812364,0.003034368902581806,356
spatial_aggregation_order,primary_ndvi_first,rolling_origin,AOI-03,landsat,2022;2023;2024,2025,R2025-H3,3,AOI-03_b_-38_-49,0.02817336592038872,0.022120911320240827,0.004128773606611067,680
spatial_aggregation_order,primary_ndvi_first,rolling_origin,AOI-03,landsat,2022;2023;2024,2025,R2025-H3,3,AOI-03_b_-38_-50,0.02986385556249049,0.02468889202675466,0.02152583850565355,737
spatial_aggregation_order,primary_ndvi_first,rolling_origin,AOI-03,landsat,2022;2023;2024,2025,R2025-H3,3,AOI-03_b_-38_-51,0.03860724179427489,0.03319794925417857,0.032864409094360426,461
spatial_aggregation_order,primary_ndvi_first,rolling_origin,AOI-03,landsat,2022;2023;2024,2025,R2025-H3,3,AOI-03_b_-39_-47,0.038412345888604774,0.026939664920735896,0.004197032585814668,66
spatial_aggregation_order,primary_ndvi_first,rolling_origin,AOI-03,landsat,2022;2023;2024,2025,R2025-H3,3,AOI-03_b_-39_-48,0.039191931567540444,0.030949533919957445,-0.011053747049042873,375
spatial_aggregation_order,primary_ndvi_first,rolling_origin,AOI-03,landsat,2022;2023;2024,2025,R2025-H3,3,AOI-03_b_-39_-49,0.028128670118402567,0.0222548607330027,0.003971621283374158,741
spatial_aggregation_order,primary_ndvi_first,rolling_origin,AOI-03,landsat,2022;2023;2024,2025,R2025-H3,3,AOI-03_b_-39_-50,0.033162019630746165,0.027221828165139128,0.02548939311702618,691
spatial_aggregation_order,primary_ndvi_first,rolling_origin,AOI-03,landsat,2022;2023;2024,2025,R2025-H3,3,AOI-03_b_-39_-51,0.04240817514502811,0.03978396999345633,0.03978396999345633,49
spatial_aggregation_order,primary_ndvi_first,rolling_origin,AOI-03,landsat,2022;2023;2024,2025,R2025-H3,3,AOI-03_b_-40_-47,0.02083696614600997,0.014640386766973129,0.001416538220936892,188
spatial_aggregation_order,primary_ndvi_first,rolling_origin,AOI-03,landsat,2022;2023;2024,2025,R2025-H3,3,AOI-03_b_-40_-48,0.03271599420116358,0.024741244191184963,-0.0032536246424890226,344
spatial_aggregation_order,primary_ndvi_first,rolling_origin,AOI-03,landsat,2022;2023;2024,2025,R2025-H3,3,AOI-03_b_-40_-49,0.025317374001347186,0.020086021940973055,0.008501785373940824,649
spatial_aggregation_order,primary_ndvi_first,rolling_origin,AOI-03,landsat,2022;2023;2024,2025,R2025-H3,3,AOI-03_b_-40_-50,0.03772685684220538,0.031715968986254624,0.02993686714437914,743
spatial_aggregation_order,primary_ndvi_first,rolling_origin,AOI-03,landsat,2022;2023;2024,2025,R2025-H3,3,AOI-03_b_-40_-51,0.04536828804082979,0.041509548620085115,0.041509548620085115,115
spatial_aggregation_order,primary_ndvi_first,rolling_origin,AOI-03,landsat,2022;2023;2024,2025,R2025-H3,3,AOI-03_b_-41_-47,0.040668790579428474,0.03155734578295432,-0.009547196341599461,39
spatial_aggregation_order,primary_ndvi_first,rolling_origin,AOI-03,landsat,2022;2023;2024,2025,R2025-H3,3,AOI-03_b_-41_-48,0.028022787850379663,0.02257459051247121,0.01267785991194209,337
spatial_aggregation_order,primary_ndvi_first,rolling_origin,AOI-03,landsat,2022;2023;2024,2025,R2025-H3,3,AOI-03_b_-41_-49,0.02899843246199393,0.024424518282791904,0.023503979217260447,558
spatial_aggregation_order,primary_ndvi_first,rolling_origin,AOI-03,landsat,2022;2023;2024,2025,R2025-H3,3,AOI-03_b_-41_-50,0.040019372786196765,0.03523795042632752,0.03488382979234874,428
spatial_aggregation_order,primary_ndvi_first,rolling_origin,AOI-03,landsat,2022;2023;2024,2025,R2025-H3,3,AOI-03_b_-41_-51,0.04237215352833079,0.04004004980960112,0.04004004980960112,7
spatial_aggregation_order,primary_ndvi_first,rolling_origin,AOI-03,modis,2023,2024,R2024-H1,1,AOI-03_b_-34_-48,0.043030215561138,0.03541466556620646,0.033151113709464476,9
spatial_aggregation_order,primary_ndvi_first,rolling_origin,AOI-03,modis,2023,2024,R2024-H1,1,AOI-03_b_-35_-48,0.047372651244985194,0.034917749569325945,0.031191419541189046,402
spatial_aggregation_order,primary_ndvi_first,rolling_origin,AOI-03,modis,2023,2024,R2024-H1,1,AOI-03_b_-35_-49,0.07422487034593128,0.05618168292834304,0.049005320100934294,534
spatial_aggregation_order,primary_ndvi_first,rolling_origin,AOI-03,modis,2023,2024,R2024-H1,1,AOI-03_b_-35_-50,0.047825032934193136,0.03233089400264641,0.02222040317212677,377
spatial_aggregation_order,primary_ndvi_first,rolling_origin,AOI-03,modis,2023,2024,R2024-H1,1,AOI-03_b_-35_-51,0.02455670238101545,0.016559883080638497,0.007502258906538186,181
spatial_aggregation_order,primary_ndvi_first,rolling_origin,AOI-03,modis,2023,2024,R2024-H1,1,AOI-03_b_-36_-47,0.06471687807855685,0.05028241663874375,0.04288320602852175,54
spatial_aggregation_order,primary_ndvi_first,rolling_origin,AOI-03,modis,2023,2024,R2024-H1,1,AOI-03_b_-36_-48,0.07132863388458305,0.05613843071061071,0.048661056077088115,693
spatial_aggregation_order,primary_ndvi_first,rolling_origin,AOI-03,modis,2023,2024,R2024-H1,1,AOI-03_b_-36_-49,0.050545088460508494,0.034818516394621316,0.02885548216620955,785
spatial_aggregation_order,primary_ndvi_first,rolling_origin,AOI-03,modis,2023,2024,R2024-H1,1,AOI-03_b_-36_-50,0.03589583224837179,0.0250394319649745,0.018695973756444995,791
spatial_aggregation_order,primary_ndvi_first,rolling_origin,AOI-03,modis,2023,2024,R2024-H1,1,AOI-03_b_-36_-51,0.0308472599409666,0.02595450398810002,0.024181510428717672,620
spatial_aggregation_order,primary_ndvi_first,rolling_origin,AOI-03,modis,2023,2024,R2024-H1,1,AOI-03_b_-37_-47,0.07240254815145808,0.05622820401269457,0.045175608117098275,96
spatial_aggregation_order,primary_ndvi_first,rolling_origin,AOI-03,modis,2023,2024,R2024-H1,1,AOI-03_b_-37_-48,0.05934913407888657,0.04326662828876442,0.03703295980202716,837
spatial_aggregation_order,primary_ndvi_first,rolling_origin,AOI-03,modis,2023,2024,R2024-H1,1,AOI-03_b_-37_-49,0.03653547246852454,0.02398791624542369,0.014529093142196695,673
spatial_aggregation_order,primary_ndvi_first,rolling_origin,AOI-03,modis,2023,2024,R2024-H1,1,AOI-03_b_-37_-50,0.03359072456916001,0.023302199645322295,0.013332276787423115,688
spatial_aggregation_order,primary_ndvi_first,rolling_origin,AOI-03,modis,2023,2024,R2024-H1,1,AOI-03_b_-37_-51,0.03952471615560933,0.03389564891482671,0.03377130215706809,486
spatial_aggregation_order,primary_ndvi_first,rolling_origin,AOI-03,modis,2023,2024,R2024-H1,1,AOI-03_b_-38_-47,0.03851349370911725,0.029712752106507923,0.020025665924149692,255
spatial_aggregation_order,primary_ndvi_first,rolling_origin,AOI-03,modis,2023,2024,R2024-H1,1,AOI-03_b_-38_-48,0.03765332427642711,0.026124522600706798,0.01879411803182178,712
spatial_aggregation_order,primary_ndvi_first,rolling_origin,AOI-03,modis,2023,2024,R2024-H1,1,AOI-03_b_-38_-49,0.03989750302287613,0.029303646804381925,0.025117057506214038,732
spatial_aggregation_order,primary_ndvi_first,rolling_origin,AOI-03,modis,2023,2024,R2024-H1,1,AOI-03_b_-38_-50,0.03628204087039896,0.02891668581367556,0.0262079264657565,817
spatial_aggregation_order,primary_ndvi_first,rolling_origin,AOI-03,modis,2023,2024,R2024-H1,1,AOI-03_b_-38_-51,0.030002255604623086,0.02492428625937104,0.02459711646847115,618
spatial_aggregation_order,primary_ndvi_first,rolling_origin,AOI-03,modis,2023,2024,R2024-H1,1,AOI-03_b_-39_-47,0.04408843917560658,0.03162059312220817,0.024064938339281257,701
spatial_aggregation_order,primary_ndvi_first,rolling_origin,AOI-03,modis,2023,2024,R2024-H1,1,AOI-03_b_-39_-48,0.039246100649151,0.027821288230989713,0.01982516657596869,779
spatial_aggregation_order,primary_ndvi_first,rolling_origin,AOI-03,modis,2023,2024,R2024-H1,1,AOI-03_b_-39_-49,0.039033108486025724,0.02989061113451705,0.024761647249652893,855
spatial_aggregation_order,primary_ndvi_first,rolling_origin,AOI-03,modis,2023,2024,R2024-H1,1,AOI-03_b_-39_-50,0.040712132546577816,0.03521368291364563,0.034639463396619725,822
spatial_aggregation_order,primary_ndvi_first,rolling_origin,AOI-03,modis,2023,2024,R2024-H1,1,AOI-03_b_-39_-51,0.03927131697430196,0.034988795096841364,0.034988795096841364,63
spatial_aggregation_order,primary_ndvi_first,rolling_origin,AOI-03,modis,2023,2024,R2024-H1,1,AOI-03_b_-40_-47,0.030471456875773566,0.02231316553862497,0.019288373113863246,429
spatial_aggregation_order,primary_ndvi_first,rolling_origin,AOI-03,modis,2023,2024,R2024-H1,1,AOI-03_b_-40_-48,0.03730797740662843,0.02744078856988742,0.022639980937109574,855
spatial_aggregation_order,primary_ndvi_first,rolling_origin,AOI-03,modis,2023,2024,R2024-H1,1,AOI-03_b_-40_-49,0.03814638770735796,0.034457876753011395,0.03394830907568118,837
spatial_aggregation_order,primary_ndvi_first,rolling_origin,AOI-03,modis,2023,2024,R2024-H1,1,AOI-03_b_-40_-50,0.03667760224930143,0.030940612554687916,0.029627618511812635,858
spatial_aggregation_order,primary_ndvi_first,rolling_origin,AOI-03,modis,2023,2024,R2024-H1,1,AOI-03_b_-40_-51,0.043529942823308285,0.038450346475375444,0.038450346475375444,156
spatial_aggregation_order,primary_ndvi_first,rolling_origin,AOI-03,modis,2023,2024,R2024-H1,1,AOI-03_b_-41_-47,0.050922791967514036,0.03692718367813659,0.03330960903258871,117
spatial_aggregation_order,primary_ndvi_first,rolling_origin,AOI-03,modis,2023,2024,R2024-H1,1,AOI-03_b_-41_-48,0.03424791003935566,0.025647562495655543,0.022809482396945992,621
spatial_aggregation_order,primary_ndvi_first,rolling_origin,AOI-03,modis,2023,2024,R2024-H1,1,AOI-03_b_-41_-49,0.030588159371791157,0.025826107346565628,0.024965687033559805,636
spatial_aggregation_order,primary_ndvi_first,rolling_origin,AOI-03,modis,2023,2024,R2024-H1,1,AOI-03_b_-41_-50,0.03272691072960925,0.02699275196785594,0.025180648994804863,591
spatial_aggregation_order,primary_ndvi_first,rolling_origin,AOI-03,modis,2023,2024,R2024-H1,1,AOI-03_b_-41_-51,0.044322527560677845,0.038295267787202505,0.038295267787202505,15
spatial_aggregation_order,primary_ndvi_first,rolling_origin,AOI-03,modis,2022;2023,2024,R2024-H2,2,AOI-03_b_-34_-48,0.039516810178129816,0.032034578486922614,0.028264325413136844,9
spatial_aggregation_order,primary_ndvi_first,rolling_origin,AOI-03,modis,2022;2023,2024,R2024-H2,2,AOI-03_b_-35_-48,0.04380492397246576,0.03178273422192159,0.025752944405113908,402
spatial_aggregation_order,primary_ndvi_first,rolling_origin,AOI-03,modis,2022;2023,2024,R2024-H2,2,AOI-03_b_-35_-49,0.07053435400344778,0.05264284406588531,0.04352061956639676,534
spatial_aggregation_order,primary_ndvi_first,rolling_origin,AOI-03,modis,2022;2023,2024,R2024-H2,2,AOI-03_b_-35_-50,0.04524280451625851,0.030385810339427607,0.018407261684502397,377
spatial_aggregation_order,primary_ndvi_first,rolling_origin,AOI-03,modis,2022;2023,2024,R2024-H2,2,AOI-03_b_-35_-51,0.023107317466392194,0.015584498968686956,0.004541243502356984,181
spatial_aggregation_order,primary_ndvi_first,rolling_origin,AOI-03,modis,2022;2023,2024,R2024-H2,2,AOI-03_b_-36_-47,0.06031665265693916,0.0465678174525952,0.03563965090846183,54
spatial_aggregation_order,primary_ndvi_first,rolling_origin,AOI-03,modis,2022;2023,2024,R2024-H2,2,AOI-03_b_-36_-48,0.06682480513165759,0.051701326832480014,0.04152621677644972,693
spatial_aggregation_order,primary_ndvi_first,rolling_origin,AOI-03,modis,2022;2023,2024,R2024-H2,2,AOI-03_b_-36_-49,0.04795521769474017,0.03266068621762646,0.024360903074180606,785
spatial_aggregation_order,primary_ndvi_first,rolling_origin,AOI-03,modis,2022;2023,2024,R2024-H2,2,AOI-03_b_-36_-50,0.03348861501341269,0.023038740684557985,0.014356679654213993,791
spatial_aggregation_order,primary_ndvi_first,rolling_origin,AOI-03,modis,2022;2023,2024,R2024-H2,2,AOI-03_b_-36_-51,0.027774426129697355,0.022852065710831,0.0201458594788588,620
spatial_aggregation_order,primary_ndvi_first,rolling_origin,AOI-03,modis,2022;2023,2024,R2024-H2,2,AOI-03_b_-37_-47,0.0688119598969913,0.05273102038357774,0.038691222005250235,96
spatial_aggregation_order,primary_ndvi_first,rolling_origin,AOI-03,modis,2022;2023,2024,R2024-H2,2,AOI-03_b_-37_-48,0.055850724310005824,0.04032362596964378,0.03173467026780147,837
spatial_aggregation_order,primary_ndvi_first,rolling_origin,AOI-03,modis,2022;2023,2024,R2024-H2,2,AOI-03_b_-37_-49,0.0347009320243645,0.022438809125500295,0.010890682042111055,673
spatial_aggregation_order,primary_ndvi_first,rolling_origin,AOI-03,modis,2022;2023,2024,R2024-H2,2,AOI-03_b_-37_-50,0.031742283141797174,0.02221339782371902,0.008203422719301379,688
spatial_aggregation_order,primary_ndvi_first,rolling_origin,AOI-03,modis,2022;2023,2024,R2024-H2,2,AOI-03_b_-37_-51,0.03556809375560166,0.029622350395143777,0.029328598060184445,486
spatial_aggregation_order,primary_ndvi_first,rolling_origin,AOI-03,modis,2022;2023,2024,R2024-H2,2,AOI-03_b_-38_-47,0.03669961275381404,0.02808678142753305,0.015312492513490258,255
spatial_aggregation_order,primary_ndvi_first,rolling_origin,AOI-03,modis,2022;2023,2024,R2024-H2,2,AOI-03_b_-38_-48,0.03539135777840903,0.024376073370436215,0.015255475704566333,712
spatial_aggregation_order,primary_ndvi_first,rolling_origin,AOI-03,modis,2022;2023,2024,R2024-H2,2,AOI-03_b_-38_-49,0.036753985768832126,0.026266702971584753,0.020669170404647854,732
spatial_aggregation_order,primary_ndvi_first,rolling_origin,AOI-03,modis,2022;2023,2024,R2024-H2,2,AOI-03_b_-38_-50,0.032613153238943246,0.02550097771838254,0.021157683038217166,817
spatial_aggregation_order,primary_ndvi_first,rolling_origin,AOI-03,modis,2022;2023,2024,R2024-H2,2,AOI-03_b_-38_-51,0.026323001752193455,0.02098843006786721,0.020276727007040297,618
spatial_aggregation_order,primary_ndvi_first,rolling_origin,AOI-03,modis,2022;2023,2024,R2024-H2,2,AOI-03_b_-39_-47,0.041297987615683096,0.029484029870268585,0.019705956465223804,701
spatial_aggregation_order,primary_ndvi_first,rolling_origin,AOI-03,modis,2022;2023,2024,R2024-H2,2,AOI-03_b_-39_-48,0.036391977838798335,0.025950896643409174,0.014566904119152072,779
spatial_aggregation_order,primary_ndvi_first,rolling_origin,AOI-03,modis,2022;2023,2024,R2024-H2,2,AOI-03_b_-39_-49,0.03576822793619961,0.02704176067096102,0.01952192147970052,855
spatial_aggregation_order,primary_ndvi_first,rolling_origin,AOI-03,modis,2022;2023,2024,R2024-H2,2,AOI-03_b_-39_-50,0.03634121393222383,0.030675517290309633,0.029532656912081887,822
spatial_aggregation_order,primary_ndvi_first,rolling_origin,AOI-03,modis,2022;2023,2024,R2024-H2,2,AOI-03_b_-39_-51,0.0353181333470934,0.030640783492150925,0.030640783492150925,63
spatial_aggregation_order,primary_ndvi_first,rolling_origin,AOI-03,modis,2022;2023,2024,R2024-H2,2,AOI-03_b_-40_-47,0.02824488070401943,0.020204640905708615,0.01633583417116674,429
spatial_aggregation_order,primary_ndvi_first,rolling_origin,AOI-03,modis,2022;2023,2024,R2024-H2,2,AOI-03_b_-40_-48,0.03437140353034344,0.025116583019265393,0.01764976209817925,855
spatial_aggregation_order,primary_ndvi_first,rolling_origin,AOI-03,modis,2022;2023,2024,R2024-H2,2,AOI-03_b_-40_-49,0.033518364064588836,0.02956371741072876,0.028696669880875544,837
spatial_aggregation_order,primary_ndvi_first,rolling_origin,AOI-03,modis,2022;2023,2024,R2024-H2,2,AOI-03_b_-40_-50,0.032871827328335844,0.027072913339550142,0.024838586815534386,858
spatial_aggregation_order,primary_ndvi_first,rolling_origin,AOI-03,modis,2022;2023,2024,R2024-H2,2,AOI-03_b_-40_-51,0.03931802142345673,0.03390782892871645,0.03377790580263199,156
spatial_aggregation_order,primary_ndvi_first,rolling_origin,AOI-03,modis,2022;2023,2024,R2024-H2,2,AOI-03_b_-41_-47,0.04756653797149868,0.03389460060441489,0.02938870279851728,117
spatial_aggregation_order,primary_ndvi_first,rolling_origin,AOI-03,modis,2022;2023,2024,R2024-H2,2,AOI-03_b_-41_-48,0.03092486165882976,0.02265161790812601,0.017777646192069323,621
spatial_aggregation_order,primary_ndvi_first,rolling_origin,AOI-03,modis,2022;2023,2024,R2024-H2,2,AOI-03_b_-41_-49,0.0271673395714028,0.02237145184101513,0.02075528188344892,636
spatial_aggregation_order,primary_ndvi_first,rolling_origin,AOI-03,modis,2022;2023,2024,R2024-H2,2,AOI-03_b_-41_-50,0.029433573229450435,0.02374002874801847,0.020768955129204063,591
spatial_aggregation_order,primary_ndvi_first,rolling_origin,AOI-03,modis,2022;2023,2024,R2024-H2,2,AOI-03_b_-41_-51,0.03982583622220819,0.03325837287143556,0.03325837287143556,15
spatial_aggregation_order,primary_ndvi_first,rolling_origin,AOI-03,modis,2021;2022;2023,2024,R2024-H3,3,AOI-03_b_-34_-48,0.03444634010884181,0.029348243210039537,0.02029261374218013,9
spatial_aggregation_order,primary_ndvi_first,rolling_origin,AOI-03,modis,2021;2022;2023,2024,R2024-H3,3,AOI-03_b_-35_-48,0.039333203368703794,0.02772010974355876,0.017225862963439937,402
spatial_aggregation_order,primary_ndvi_first,rolling_origin,AOI-03,modis,2021;2022;2023,2024,R2024-H3,3,AOI-03_b_-35_-49,0.0654617904724034,0.047937813308894836,0.034947004136424056,534
spatial_aggregation_order,primary_ndvi_first,rolling_origin,AOI-03,modis,2021;2022;2023,2024,R2024-H3,3,AOI-03_b_-35_-50,0.04190764404423082,0.027830543278169178,0.01176928751793582,377
spatial_aggregation_order,primary_ndvi_first,rolling_origin,AOI-03,modis,2021;2022;2023,2024,R2024-H3,3,AOI-03_b_-35_-51,0.02171391834729992,0.015442378670429411,-0.001201334897988393,181
spatial_aggregation_order,primary_ndvi_first,rolling_origin,AOI-03,modis,2021;2022;2023,2024,R2024-H3,3,AOI-03_b_-36_-47,0.05502909630641867,0.041888309322121973,0.025295439195399137,54
spatial_aggregation_order,primary_ndvi_first,rolling_origin,AOI-03,modis,2021;2022;2023,2024,R2024-H3,3,AOI-03_b_-36_-48,0.06124523492531729,0.04692641395232892,0.031291446643927724,693
spatial_aggregation_order,primary_ndvi_first,rolling_origin,AOI-03,modis,2021;2022;2023,2024,R2024-H3,3,AOI-03_b_-36_-49,0.04453109601857713,0.030252239511821447,0.0169124155332635,785
spatial_aggregation_order,primary_ndvi_first,rolling_origin,AOI-03,modis,2021;2022;2023,2024,R2024-H3,3,AOI-03_b_-36_-50,0.030712883216803842,0.021059792710708094,0.007007286500057036,791
spatial_aggregation_order,primary_ndvi_first,rolling_origin,AOI-03,modis,2021;2022;2023,2024,R2024-H3,3,AOI-03_b_-36_-51,0.023124221364628758,0.018149988540026005,0.013042057761634545,620
spatial_aggregation_order,primary_ndvi_first,rolling_origin,AOI-03,modis,2021;2022;2023,2024,R2024-H3,3,AOI-03_b_-37_-47,0.0642715229287836,0.04821882343212417,0.029111247333294527,96
spatial_aggregation_order,primary_ndvi_first,rolling_origin,AOI-03,modis,2021;2022;2023,2024,R2024-H3,3,AOI-03_b_-37_-48,0.05129919472347853,0.03649262400919564,0.02340846307814456,837
spatial_aggregation_order,primary_ndvi_first,rolling_origin,AOI-03,modis,2021;2022;2023,2024,R2024-H3,3,AOI-03_b_-37_-49,0.03259633567192811,0.02098071006122132,0.004419723930622828,673
spatial_aggregation_order,primary_ndvi_first,rolling_origin,AOI-03,modis,2021;2022;2023,2024,R2024-H3,3,AOI-03_b_-37_-50,0.0305183856833048,0.022518019153049084,-1.1699846664781593e-05,688
spatial_aggregation_order,primary_ndvi_first,rolling_origin,AOI-03,modis,2021;2022;2023,2024,R2024-H3,3,AOI-03_b_-37_-51,0.029398569695163062,0.023025893353023682,0.021803935189843054,486
spatial_aggregation_order,primary_ndvi_first,rolling_origin,AOI-03,modis,2021;2022;2023,2024,R2024-H3,3,AOI-03_b_-38_-47,0.034740652013667175,0.0259542645860199,0.007570829964168615,255
spatial_aggregation_order,primary_ndvi_first,rolling_origin,AOI-03,modis,2021;2022;2023,2024,R2024-H3,3,AOI-03_b_-38_-48,0.03239688852108833,0.022228740781491126,0.008912582480149497,712
spatial_aggregation_order,primary_ndvi_first,rolling_origin,AOI-03,modis,2021;2022;2023,2024,R2024-H3,3,AOI-03_b_-38_-49,0.03256702663132395,0.02281103101071487,0.01317306996460729,732
spatial_aggregation_order,primary_ndvi_first,rolling_origin,AOI-03,modis,2021;2022;2023,2024,R2024-H3,3,AOI-03_b_-38_-50,0.027804183662320348,0.02153060692448516,0.013021425048219836,817
spatial_aggregation_order,primary_ndvi_first,rolling_origin,AOI-03,modis,2021;2022;2023,2024,R2024-H3,3,AOI-03_b_-38_-51,0.02085159216083115,0.015400201404910894,0.012875195315753084,618
spatial_aggregation_order,primary_ndvi_first,rolling_origin,AOI-03,modis,2021;2022;2023,2024,R2024-H3,3,AOI-03_b_-39_-47,0.03773930550695866,0.027027547230061313,0.012424088153390536,701
spatial_aggregation_order,primary_ndvi_first,rolling_origin,AOI-03,modis,2021;2022;2023,2024,R2024-H3,3,AOI-03_b_-39_-48,0.03344031985942407,0.02516754829742064,0.006366330037942125,779
spatial_aggregation_order,primary_ndvi_first,rolling_origin,AOI-03,modis,2021;2022;2023,2024,R2024-H3,3,AOI-03_b_-39_-49,0.03182787821442657,0.024030306712975805,0.01121264512409629,855
spatial_aggregation_order,primary_ndvi_first,rolling_origin,AOI-03,modis,2021;2022;2023,2024,R2024-H3,3,AOI-03_b_-39_-50,0.02992552637240501,0.024051242389279744,0.02133945826348429,822
spatial_aggregation_order,primary_ndvi_first,rolling_origin,AOI-03,modis,2021;2022;2023,2024,R2024-H3,3,AOI-03_b_-39_-51,0.028946688614918028,0.02322775955521021,0.023211445258703285,63
spatial_aggregation_order,primary_ndvi_first,rolling_origin,AOI-03,modis,2021;2022;2023,2024,R2024-H3,3,AOI-03_b_-40_-47,0.0247141988973973,0.01686707601598535,0.010633773536774487,429
spatial_aggregation_order,primary_ndvi_first,rolling_origin,AOI-03,modis,2021;2022;2023,2024,R2024-H3,3,AOI-03_b_-40_-48,0.030894002539413566,0.023208502223425298,0.009573929406759723,855
spatial_aggregation_order,primary_ndvi_first,rolling_origin,AOI-03,modis,2021;2022;2023,2024,R2024-H3,3,AOI-03_b_-40_-49,0.026689849384291375,0.02238476635545821,0.02035767165306268,837
spatial_aggregation_order,primary_ndvi_first,rolling_origin,AOI-03,modis,2021;2022;2023,2024,R2024-H3,3,AOI-03_b_-40_-50,0.02735154214156791,0.0219043607798591,0.016965284344587557,858
spatial_aggregation_order,primary_ndvi_first,rolling_origin,AOI-03,modis,2021;2022;2023,2024,R2024-H3,3,AOI-03_b_-40_-51,0.03272642874840022,0.027226937215886114,0.026021972689340773,156
spatial_aggregation_order,primary_ndvi_first,rolling_origin,AOI-03,modis,2021;2022;2023,2024,R2024-H3,3,AOI-03_b_-41_-47,0.04261438512898336,0.029759110486965685,0.02296597679550362,117
spatial_aggregation_order,primary_ndvi_first,rolling_origin,AOI-03,modis,2021;2022;2023,2024,R2024-H3,3,AOI-03_b_-41_-48,0.026891828574709294,0.020012464190076122,0.009659918307003246,621
spatial_aggregation_order,primary_ndvi_first,rolling_origin,AOI-03,modis,2021;2022;2023,2024,R2024-H3,3,AOI-03_b_-41_-49,0.02200245733489982,0.017332793643421683,0.013464468732753004,636
spatial_aggregation_order,primary_ndvi_first,rolling_origin,AOI-03,modis,2021;2022;2023,2024,R2024-H3,3,AOI-03_b_-41_-50,0.02468932174919463,0.019423173627111354,0.013275509507121355,591
spatial_aggregation_order,primary_ndvi_first,rolling_origin,AOI-03,modis,2021;2022;2023,2024,R2024-H3,3,AOI-03_b_-41_-51,0.03307761717331971,0.026114133562604065,0.02513555250472074,15
spatial_aggregation_order,primary_ndvi_first,rolling_origin,AOI-03,modis,2024,2025,R2025-H1,1,AOI-03_b_-34_-48,0.021568752613372502,0.018960057717569378,-0.011423312772279206,9
spatial_aggregation_order,primary_ndvi_first,rolling_origin,AOI-03,modis,2024,2025,R2025-H1,1,AOI-03_b_-35_-48,0.03401238008245255,0.024774965908173113,-0.012595287266586475,402
spatial_aggregation_order,primary_ndvi_first,rolling_origin,AOI-03,modis,2024,2025,R2025-H1,1,AOI-03_b_-35_-49,0.04103714817823395,0.028588993311483825,-0.01774910535760551,534
spatial_aggregation_order,primary_ndvi_first,rolling_origin,AOI-03,modis,2024,2025,R2025-H1,1,AOI-03_b_-35_-50,0.03586229040653388,0.02482443252716393,-0.02165088010771003,395
spatial_aggregation_order,primary_ndvi_first,rolling_origin,AOI-03,modis,2024,2025,R2025-H1,1,AOI-03_b_-35_-51,0.013948574329781145,0.010799781584057257,-0.006381636588225287,237
spatial_aggregation_order,primary_ndvi_first,rolling_origin,AOI-03,modis,2024,2025,R2025-H1,1,AOI-03_b_-36_-47,0.04246863453427888,0.03478329021663071,-0.02718155498553077,54
spatial_aggregation_order,primary_ndvi_first,rolling_origin,AOI-03,modis,2024,2025,R2025-H1,1,AOI-03_b_-36_-48,0.05083082170578854,0.041457571972625284,-0.03138094321177422,693
spatial_aggregation_order,primary_ndvi_first,rolling_origin,AOI-03,modis,2024,2025,R2025-H1,1,AOI-03_b_-36_-49,0.03438700955830108,0.024047762348957263,-0.0177587563083871,812
spatial_aggregation_order,primary_ndvi_first,rolling_origin,AOI-03,modis,2024,2025,R2025-H1,1,AOI-03_b_-36_-50,0.025393403634783002,0.018606536535185198,-0.011943352044220548,855
spatial_aggregation_order,primary_ndvi_first,rolling_origin,AOI-03,modis,2024,2025,R2025-H1,1,AOI-03_b_-36_-51,0.013200426872325336,0.010046216267729176,0.0048352889557425035,660
spatial_aggregation_order,primary_ndvi_first,rolling_origin,AOI-03,modis,2024,2025,R2025-H1,1,AOI-03_b_-37_-47,0.0579035826830948,0.045089919619023464,-0.02691656476334624,83
spatial_aggregation_order,primary_ndvi_first,rolling_origin,AOI-03,modis,2024,2025,R2025-H1,1,AOI-03_b_-37_-48,0.04054652551532403,0.02866784024334576,-0.01756862117593713,826
spatial_aggregation_order,primary_ndvi_first,rolling_origin,AOI-03,modis,2024,2025,R2025-H1,1,AOI-03_b_-37_-49,0.02567359206947397,0.01875709957746607,-0.01212408871237154,787
spatial_aggregation_order,primary_ndvi_first,rolling_origin,AOI-03,modis,2024,2025,R2025-H1,1,AOI-03_b_-37_-50,0.0221152794087891,0.016866803566369937,-0.007676790360974118,831
spatial_aggregation_order,primary_ndvi_first,rolling_origin,AOI-03,modis,2024,2025,R2025-H1,1,AOI-03_b_-37_-51,0.014847157221360723,0.013016199573090687,0.012616424310986573,486
spatial_aggregation_order,primary_ndvi_first,rolling_origin,AOI-03,modis,2024,2025,R2025-H1,1,AOI-03_b_-38_-47,0.037656360263023644,0.025414681824705986,-0.01721563318808158,209
spatial_aggregation_order,primary_ndvi_first,rolling_origin,AOI-03,modis,2024,2025,R2025-H1,1,AOI-03_b_-38_-48,0.027979161373182123,0.019034559308178347,-0.008868161660696806,612
spatial_aggregation_order,primary_ndvi_first,rolling_origin,AOI-03,modis,2024,2025,R2025-H1,1,AOI-03_b_-38_-49,0.02275750154141366,0.017929462068024603,-0.007609170377493523,579
spatial_aggregation_order,primary_ndvi_first,rolling_origin,AOI-03,modis,2024,2025,R2025-H1,1,AOI-03_b_-38_-50,0.020074716751917587,0.01639980649923341,0.010247481960968578,846
spatial_aggregation_order,primary_ndvi_first,rolling_origin,AOI-03,modis,2024,2025,R2025-H1,1,AOI-03_b_-38_-51,0.015565688990758149,0.012797612838190907,0.010873563692734076,618
spatial_aggregation_order,primary_ndvi_first,rolling_origin,AOI-03,modis,2024,2025,R2025-H1,1,AOI-03_b_-39_-47,0.03306535988513298,0.024990033305490555,-0.01701617962512096,505
spatial_aggregation_order,primary_ndvi_first,rolling_origin,AOI-03,modis,2024,2025,R2025-H1,1,AOI-03_b_-39_-48,0.03849068275267309,0.0309832828167918,-0.026124885689449935,616
spatial_aggregation_order,primary_ndvi_first,rolling_origin,AOI-03,modis,2024,2025,R2025-H1,1,AOI-03_b_-39_-49,0.0279156252623591,0.02151845866914528,-0.006065810114574095,719
spatial_aggregation_order,primary_ndvi_first,rolling_origin,AOI-03,modis,2024,2025,R2025-H1,1,AOI-03_b_-39_-50,0.022707007643211118,0.019479030426269407,0.018494830628033303,822
spatial_aggregation_order,primary_ndvi_first,rolling_origin,AOI-03,modis,2024,2025,R2025-H1,1,AOI-03_b_-39_-51,0.017125290927706944,0.01499989321592711,0.014254528546463809,63
spatial_aggregation_order,primary_ndvi_first,rolling_origin,AOI-03,modis,2024,2025,R2025-H1,1,AOI-03_b_-40_-47,0.015722458772520112,0.011388872846785853,-0.005000632047366102,286
spatial_aggregation_order,primary_ndvi_first,rolling_origin,AOI-03,modis,2024,2025,R2025-H1,1,AOI-03_b_-40_-48,0.026924392611516978,0.019385236394839668,-0.009328632019508268,634
spatial_aggregation_order,primary_ndvi_first,rolling_origin,AOI-03,modis,2024,2025,R2025-H1,1,AOI-03_b_-40_-49,0.02218204649850129,0.016488210669231545,0.0006656024597943124,817
spatial_aggregation_order,primary_ndvi_first,rolling_origin,AOI-03,modis,2024,2025,R2025-H1,1,AOI-03_b_-40_-50,0.024351315694802186,0.022062187693621827,0.0213859194832364,858
spatial_aggregation_order,primary_ndvi_first,rolling_origin,AOI-03,modis,2024,2025,R2025-H1,1,AOI-03_b_-40_-51,0.02461537532275153,0.022362968846820815,0.0222496129935155,156
spatial_aggregation_order,primary_ndvi_first,rolling_origin,AOI-03,modis,2024,2025,R2025-H1,1,AOI-03_b_-41_-47,0.02008635232323568,0.015174411986432186,-0.000198909133051748,78
spatial_aggregation_order,primary_ndvi_first,rolling_origin,AOI-03,modis,2024,2025,R2025-H1,1,AOI-03_b_-41_-48,0.019746233369279956,0.014633535224950768,0.0010311637473111941,536
spatial_aggregation_order,primary_ndvi_first,rolling_origin,AOI-03,modis,2024,2025,R2025-H1,1,AOI-03_b_-41_-49,0.012035114590409622,0.009385306439412915,0.006219019528995178,636
spatial_aggregation_order,primary_ndvi_first,rolling_origin,AOI-03,modis,2024,2025,R2025-H1,1,AOI-03_b_-41_-50,0.02180429451283274,0.01885472659060641,0.018689943360773165,591
spatial_aggregation_order,primary_ndvi_first,rolling_origin,AOI-03,modis,2024,2025,R2025-H1,1,AOI-03_b_-41_-51,0.019598650970150556,0.016456301918193344,0.016456301918193344,15
spatial_aggregation_order,primary_ndvi_first,rolling_origin,AOI-03,modis,2023;2024,2025,R2025-H2,2,AOI-03_b_-34_-48,0.019152811846766885,0.016230213930103446,0.0010214081059667938,9
spatial_aggregation_order,primary_ndvi_first,rolling_origin,AOI-03,modis,2023;2024,2025,R2025-H2,2,AOI-03_b_-35_-48,0.030058128749945255,0.02197070567967738,0.0005795709313949849,402
spatial_aggregation_order,primary_ndvi_first,rolling_origin,AOI-03,modis,2023;2024,2025,R2025-H2,2,AOI-03_b_-35_-49,0.036217070317817214,0.025779101922772166,-0.005095832332757761,534
spatial_aggregation_order,primary_ndvi_first,rolling_origin,AOI-03,modis,2023;2024,2025,R2025-H2,2,AOI-03_b_-35_-50,0.029441510407354,0.019390304178663595,-0.011723950417737676,395
spatial_aggregation_order,primary_ndvi_first,rolling_origin,AOI-03,modis,2023;2024,2025,R2025-H2,2,AOI-03_b_-35_-51,0.014472398866357403,0.012701138097536856,0.002162113111824406,237
spatial_aggregation_order,primary_ndvi_first,rolling_origin,AOI-03,modis,2023;2024,2025,R2025-H2,2,AOI-03_b_-36_-47,0.03429646717254627,0.026649088377175438,-0.011755057778134443,54
spatial_aggregation_order,primary_ndvi_first,rolling_origin,AOI-03,modis,2023;2024,2025,R2025-H2,2,AOI-03_b_-36_-48,0.04219732249601626,0.03414535240519254,-0.016517996180289426,693
spatial_aggregation_order,primary_ndvi_first,rolling_origin,AOI-03,modis,2023;2024,2025,R2025-H2,2,AOI-03_b_-36_-49,0.02901819325416659,0.019546143641640815,-0.006827918373861201,812
spatial_aggregation_order,primary_ndvi_first,rolling_origin,AOI-03,modis,2023;2024,2025,R2025-H2,2,AOI-03_b_-36_-50,0.022132714959517116,0.016084210900243118,-0.0009546982107868173,855
spatial_aggregation_order,primary_ndvi_first,rolling_origin,AOI-03,modis,2023;2024,2025,R2025-H2,2,AOI-03_b_-36_-51,0.01964514105408786,0.017224316904719855,0.01536653345252081,660
spatial_aggregation_order,primary_ndvi_first,rolling_origin,AOI-03,modis,2023;2024,2025,R2025-H2,2,AOI-03_b_-37_-47,0.05162243031017261,0.03867810551918267,-0.012435306817555204,83
spatial_aggregation_order,primary_ndvi_first,rolling_origin,AOI-03,modis,2023;2024,2025,R2025-H2,2,AOI-03_b_-37_-48,0.03530494676796059,0.026079073247470493,-0.0049421228601623,826
spatial_aggregation_order,primary_ndvi_first,rolling_origin,AOI-03,modis,2023;2024,2025,R2025-H2,2,AOI-03_b_-37_-49,0.023042716098749142,0.016205914939023677,-0.002025318772160367,787
spatial_aggregation_order,primary_ndvi_first,rolling_origin,AOI-03,modis,2023;2024,2025,R2025-H2,2,AOI-03_b_-37_-50,0.021020213727335566,0.01639167067118517,0.004606920924113316,831
spatial_aggregation_order,primary_ndvi_first,rolling_origin,AOI-03,modis,2023;2024,2025,R2025-H2,2,AOI-03_b_-37_-51,0.0246538782902173,0.023325523349205415,0.023325523349205415,486
spatial_aggregation_order,primary_ndvi_first,rolling_origin,AOI-03,modis,2023;2024,2025,R2025-H2,2,AOI-03_b_-38_-47,0.032410472185670613,0.023402149430999594,-0.005009532538039291,209
spatial_aggregation_order,primary_ndvi_first,rolling_origin,AOI-03,modis,2023;2024,2025,R2025-H2,2,AOI-03_b_-38_-48,0.02605493664727225,0.01841609999170241,0.001260952228756792,612
spatial_aggregation_order,primary_ndvi_first,rolling_origin,AOI-03,modis,2023;2024,2025,R2025-H2,2,AOI-03_b_-38_-49,0.022321378337231135,0.01751405338503636,0.003914341855365799,579
spatial_aggregation_order,primary_ndvi_first,rolling_origin,AOI-03,modis,2023;2024,2025,R2025-H2,2,AOI-03_b_-38_-50,0.02815032207748128,0.024054295596690523,0.022154033090443313,846
spatial_aggregation_order,primary_ndvi_first,rolling_origin,AOI-03,modis,2023;2024,2025,R2025-H2,2,AOI-03_b_-38_-51,0.02440190019270515,0.021905753317483564,0.02159481336963126,618
spatial_aggregation_order,primary_ndvi_first,rolling_origin,AOI-03,modis,2023;2024,2025,R2025-H2,2,AOI-03_b_-39_-47,0.028308580557344178,0.02117780243239406,-0.006040619427153454,505
spatial_aggregation_order,primary_ndvi_first,rolling_origin,AOI-03,modis,2023;2024,2025,R2025-H2,2,AOI-03_b_-39_-48,0.030713839599263246,0.024007541278847043,-0.014110330090462912,616
spatial_aggregation_order,primary_ndvi_first,rolling_origin,AOI-03,modis,2023;2024,2025,R2025-H2,2,AOI-03_b_-39_-49,0.02775235515777921,0.02282667149948377,0.00620009323790358,719
spatial_aggregation_order,primary_ndvi_first,rolling_origin,AOI-03,modis,2023;2024,2025,R2025-H2,2,AOI-03_b_-39_-50,0.03327071362251179,0.030634787692405685,0.030519292338040998,822
spatial_aggregation_order,primary_ndvi_first,rolling_origin,AOI-03,modis,2023;2024,2025,R2025-H2,2,AOI-03_b_-39_-51,0.02700252119612094,0.02517655496876839,0.02517655496876839,63
spatial_aggregation_order,primary_ndvi_first,rolling_origin,AOI-03,modis,2023;2024,2025,R2025-H2,2,AOI-03_b_-40_-47,0.015991168755759955,0.011774141164348615,0.004330996418814864,286
spatial_aggregation_order,primary_ndvi_first,rolling_origin,AOI-03,modis,2023;2024,2025,R2025-H2,2,AOI-03_b_-40_-48,0.025500824867672266,0.018380478414959076,0.003098600711648262,634
spatial_aggregation_order,primary_ndvi_first,rolling_origin,AOI-03,modis,2023;2024,2025,R2025-H2,2,AOI-03_b_-40_-49,0.025358801686123235,0.021163784303170244,0.012730643728753752,817
spatial_aggregation_order,primary_ndvi_first,rolling_origin,AOI-03,modis,2023;2024,2025,R2025-H2,2,AOI-03_b_-40_-50,0.03512516119034857,0.03324170369689577,0.033108832099109385,858
spatial_aggregation_order,primary_ndvi_first,rolling_origin,AOI-03,modis,2023;2024,2025,R2025-H2,2,AOI-03_b_-40_-51,0.0353364789954775,0.03376149509707565,0.03376149509707565,156
spatial_aggregation_order,primary_ndvi_first,rolling_origin,AOI-03,modis,2023;2024,2025,R2025-H2,2,AOI-03_b_-41_-47,0.023606110074364035,0.017835672425240104,0.009820933944286733,78
spatial_aggregation_order,primary_ndvi_first,rolling_origin,AOI-03,modis,2023;2024,2025,R2025-H2,2,AOI-03_b_-41_-48,0.024040723813731894,0.01893254478583961,0.013309850026125336,536
spatial_aggregation_order,primary_ndvi_first,rolling_origin,AOI-03,modis,2023;2024,2025,R2025-H2,2,AOI-03_b_-41_-49,0.020129887054928894,0.017406428459885267,0.017104479703363866,636
spatial_aggregation_order,primary_ndvi_first,rolling_origin,AOI-03,modis,2023;2024,2025,R2025-H2,2,AOI-03_b_-41_-50,0.03219566740816175,0.03009142396901759,0.03009142396901759,591
spatial_aggregation_order,primary_ndvi_first,rolling_origin,AOI-03,modis,2023;2024,2025,R2025-H2,2,AOI-03_b_-41_-51,0.03059465575611767,0.028712077506026713,0.028712077506026713,15
spatial_aggregation_order,primary_ndvi_first,rolling_origin,AOI-03,modis,2022;2023;2024,2025,R2025-H3,3,AOI-03_b_-34_-48,0.019424881805622244,0.01625238720249857,0.0023386973666180404,9
spatial_aggregation_order,primary_ndvi_first,rolling_origin,AOI-03,modis,2022;2023;2024,2025,R2025-H3,3,AOI-03_b_-35_-48,0.02987916480425424,0.02184380340810982,0.002024634816792361,402
spatial_aggregation_order,primary_ndvi_first,rolling_origin,AOI-03,modis,2022;2023;2024,2025,R2025-H3,3,AOI-03_b_-35_-49,0.035877017499682425,0.025674677045969135,-0.0037420462768438193,534
spatial_aggregation_order,primary_ndvi_first,rolling_origin,AOI-03,modis,2022;2023;2024,2025,R2025-H3,3,AOI-03_b_-35_-50,0.028846484393160635,0.018983987861932127,-0.010739538115938887,395
spatial_aggregation_order,primary_ndvi_first,rolling_origin,AOI-03,modis,2022;2023;2024,2025,R2025-H3,3,AOI-03_b_-35_-51,0.014771713835834574,0.013021552468209246,0.002924472699008367,237
spatial_aggregation_order,primary_ndvi_first,rolling_origin,AOI-03,modis,2022;2023;2024,2025,R2025-H3,3,AOI-03_b_-36_-47,0.033652613292999844,0.025982765957142002,-0.009915955234918604,54
spatial_aggregation_order,primary_ndvi_first,rolling_origin,AOI-03,modis,2022;2023;2024,2025,R2025-H3,3,AOI-03_b_-36_-48,0.04138055236587851,0.03341506878993792,-0.014777515376171647,693
spatial_aggregation_order,primary_ndvi_first,rolling_origin,AOI-03,modis,2022;2023;2024,2025,R2025-H3,3,AOI-03_b_-36_-49,0.028600723114159395,0.019274022452636385,-0.005710154857710139,812
spatial_aggregation_order,primary_ndvi_first,rolling_origin,AOI-03,modis,2022;2023;2024,2025,R2025-H3,3,AOI-03_b_-36_-50,0.022068643955818767,0.01612922245752846,0.0001538147964190561,855
spatial_aggregation_order,primary_ndvi_first,rolling_origin,AOI-03,modis,2022;2023;2024,2025,R2025-H3,3,AOI-03_b_-36_-51,0.02042251042558824,0.01804288862115412,0.01635386930610063,660
spatial_aggregation_order,primary_ndvi_first,rolling_origin,AOI-03,modis,2022;2023;2024,2025,R2025-H3,3,AOI-03_b_-37_-47,0.05106574435977908,0.0380110127573847,-0.010761621913846796,83
spatial_aggregation_order,primary_ndvi_first,rolling_origin,AOI-03,modis,2022;2023;2024,2025,R2025-H3,3,AOI-03_b_-37_-48,0.03489502975395616,0.025920772693403538,-0.0035859707625362745,826
spatial_aggregation_order,primary_ndvi_first,rolling_origin,AOI-03,modis,2022;2023;2024,2025,R2025-H3,3,AOI-03_b_-37_-49,0.02303302445479375,0.016244608056397998,-0.001029088387289744,787
spatial_aggregation_order,primary_ndvi_first,rolling_origin,AOI-03,modis,2022;2023;2024,2025,R2025-H3,3,AOI-03_b_-37_-50,0.021305202605496797,0.016716734407249252,0.005900528693351988,831
spatial_aggregation_order,primary_ndvi_first,rolling_origin,AOI-03,modis,2022;2023;2024,2025,R2025-H3,3,AOI-03_b_-37_-51,0.025624171318679577,0.024339077376337833,0.024339077376337833,486
spatial_aggregation_order,primary_ndvi_first,rolling_origin,AOI-03,modis,2022;2023;2024,2025,R2025-H3,3,AOI-03_b_-38_-47,0.03199325006841037,0.023328751836807774,-0.0037186589547832357,209
spatial_aggregation_order,primary_ndvi_first,rolling_origin,AOI-03,modis,2022;2023;2024,2025,R2025-H3,3,AOI-03_b_-38_-48,0.02604075368843683,0.018561815746335388,0.0022450820546917514,612
spatial_aggregation_order,primary_ndvi_first,rolling_origin,AOI-03,modis,2022;2023;2024,2025,R2025-H3,3,AOI-03_b_-38_-49,0.022643946748189283,0.017808116132837795,0.005090280414415468,579
spatial_aggregation_order,primary_ndvi_first,rolling_origin,AOI-03,modis,2022;2023;2024,2025,R2025-H3,3,AOI-03_b_-38_-50,0.02913552717565937,0.025026507116427645,0.023377142207386955,846
spatial_aggregation_order,primary_ndvi_first,rolling_origin,AOI-03,modis,2022;2023;2024,2025,R2025-H3,3,AOI-03_b_-38_-51,0.025323932348073955,0.022859984289773507,0.022610493768414036,618
spatial_aggregation_order,primary_ndvi_first,rolling_origin,AOI-03,modis,2022;2023;2024,2025,R2025-H3,3,AOI-03_b_-39_-47,0.02800307210546797,0.020953273259608596,-0.004901731326651575,505
spatial_aggregation_order,primary_ndvi_first,rolling_origin,AOI-03,modis,2022;2023;2024,2025,R2025-H3,3,AOI-03_b_-39_-48,0.030021325252344404,0.023422551256979052,-0.0128140846393668,616
spatial_aggregation_order,primary_ndvi_first,rolling_origin,AOI-03,modis,2022;2023;2024,2025,R2025-H3,3,AOI-03_b_-39_-49,0.028034753542365398,0.023190589371478762,0.007493474030417479,719
spatial_aggregation_order,primary_ndvi_first,rolling_origin,AOI-03,modis,2022;2023;2024,2025,R2025-H3,3,AOI-03_b_-39_-50,0.03442152805764977,0.031850120765915056,0.03176303590247002,822
spatial_aggregation_order,primary_ndvi_first,rolling_origin,AOI-03,modis,2022;2023;2024,2025,R2025-H3,3,AOI-03_b_-39_-51,0.028001699765131983,0.02622737146128141,0.02622737146128141,63
spatial_aggregation_order,primary_ndvi_first,rolling_origin,AOI-03,modis,2022;2023;2024,2025,R2025-H3,3,AOI-03_b_-40_-47,0.01629325333665393,0.012102580621733187,0.00517891448050365,286
spatial_aggregation_order,primary_ndvi_first,rolling_origin,AOI-03,modis,2022;2023;2024,2025,R2025-H3,3,AOI-03_b_-40_-48,0.02571178576635101,0.01865565122049757,0.004414039743715658,634
spatial_aggregation_order,primary_ndvi_first,rolling_origin,AOI-03,modis,2022;2023;2024,2025,R2025-H3,3,AOI-03_b_-40_-49,0.025976778215729267,0.021878036730863085,0.013981488749001118,817
spatial_aggregation_order,primary_ndvi_first,rolling_origin,AOI-03,modis,2022;2023;2024,2025,R2025-H3,3,AOI-03_b_-40_-50,0.036256405232616175,0.034406594327479244,0.03429980432682663,858
spatial_aggregation_order,primary_ndvi_first,rolling_origin,AOI-03,modis,2022;2023;2024,2025,R2025-H3,3,AOI-03_b_-40_-51,0.03643674017352685,0.034915536813515204,0.034915536813515204,156
spatial_aggregation_order,primary_ndvi_first,rolling_origin,AOI-03,modis,2022;2023;2024,2025,R2025-H3,3,AOI-03_b_-41_-47,0.024242845282463985,0.01832077048978118,0.010879996462928419,78
spatial_aggregation_order,primary_ndvi_first,rolling_origin,AOI-03,modis,2022;2023;2024,2025,R2025-H3,3,AOI-03_b_-41_-48,0.024827426782876597,0.01967295408973997,0.014598083096846496,536
spatial_aggregation_order,primary_ndvi_first,rolling_origin,AOI-03,modis,2022;2023;2024,2025,R2025-H3,3,AOI-03_b_-41_-49,0.021054383789140905,0.01837626173164676,0.018148897072750195,636
spatial_aggregation_order,primary_ndvi_first,rolling_origin,AOI-03,modis,2022;2023;2024,2025,R2025-H3,3,AOI-03_b_-41_-50,0.03327290271452715,0.031226145333991626,0.031226145333991626,591
spatial_aggregation_order,primary_ndvi_first,rolling_origin,AOI-03,modis,2022;2023;2024,2025,R2025-H3,3,AOI-03_b_-41_-51,0.031798540390433686,0.02999630118719386,0.02999630118719386,15
spatial_aggregation_order,primary_ndvi_first,rolling_origin,AOI-03,sentinel2,2023,2024,R2024-H1,1,AOI-03_b_-34_-48,0.04557774755994458,0.034377086199399595,0.03408378946067485,9
spatial_aggregation_order,primary_ndvi_first,rolling_origin,AOI-03,sentinel2,2023,2024,R2024-H1,1,AOI-03_b_-35_-48,0.05305077862000936,0.03653307539209837,-0.02153864004635722,402
spatial_aggregation_order,primary_ndvi_first,rolling_origin,AOI-03,sentinel2,2023,2024,R2024-H1,1,AOI-03_b_-35_-49,0.056353002670222155,0.03972086109896012,-0.022355338299815813,534
spatial_aggregation_order,primary_ndvi_first,rolling_origin,AOI-03,sentinel2,2023,2024,R2024-H1,1,AOI-03_b_-35_-50,0.050948484459380626,0.0332929516581624,-0.0003144175690278089,424
spatial_aggregation_order,primary_ndvi_first,rolling_origin,AOI-03,sentinel2,2023,2024,R2024-H1,1,AOI-03_b_-35_-51,0.03365019527068467,0.019856103907366626,0.01652044573493585,228
spatial_aggregation_order,primary_ndvi_first,rolling_origin,AOI-03,sentinel2,2023,2024,R2024-H1,1,AOI-03_b_-36_-47,0.055285456251217946,0.04334419038730246,-0.03596693226601024,54
spatial_aggregation_order,primary_ndvi_first,rolling_origin,AOI-03,sentinel2,2023,2024,R2024-H1,1,AOI-03_b_-36_-48,0.06842638317524548,0.056621601001055885,-0.041132667262231075,693
spatial_aggregation_order,primary_ndvi_first,rolling_origin,AOI-03,sentinel2,2023,2024,R2024-H1,1,AOI-03_b_-36_-49,0.05166456572416661,0.033608637509318494,-0.012089165877384369,816
spatial_aggregation_order,primary_ndvi_first,rolling_origin,AOI-03,sentinel2,2023,2024,R2024-H1,1,AOI-03_b_-36_-50,0.036576326639966225,0.026846674839875573,-0.006561804809274042,854
spatial_aggregation_order,primary_ndvi_first,rolling_origin,AOI-03,sentinel2,2023,2024,R2024-H1,1,AOI-03_b_-36_-51,0.021929164086421343,0.016586723035371256,0.007803244162972587,651
spatial_aggregation_order,primary_ndvi_first,rolling_origin,AOI-03,sentinel2,2023,2024,R2024-H1,1,AOI-03_b_-37_-47,0.07565104777788602,0.06272224461824406,-0.033571062429078334,96
spatial_aggregation_order,primary_ndvi_first,rolling_origin,AOI-03,sentinel2,2023,2024,R2024-H1,1,AOI-03_b_-37_-48,0.049273059890838536,0.035890189888978734,-0.010344572539255692,846
spatial_aggregation_order,primary_ndvi_first,rolling_origin,AOI-03,sentinel2,2023,2024,R2024-H1,1,AOI-03_b_-37_-49,0.035857299999403465,0.02608624411354425,-0.0005778396110018272,881
spatial_aggregation_order,primary_ndvi_first,rolling_origin,AOI-03,sentinel2,2023,2024,R2024-H1,1,AOI-03_b_-37_-50,0.02935422312643835,0.02257814171102279,-0.011511548428158895,790
spatial_aggregation_order,primary_ndvi_first,rolling_origin,AOI-03,sentinel2,2023,2024,R2024-H1,1,AOI-03_b_-37_-51,0.01449846432408194,0.010649963671624796,0.003248349738784068,468
spatial_aggregation_order,primary_ndvi_first,rolling_origin,AOI-03,sentinel2,2023,2024,R2024-H1,1,AOI-03_b_-38_-47,0.03940618448934756,0.028893012084791423,-0.009824116927032995,255
spatial_aggregation_order,primary_ndvi_first,rolling_origin,AOI-03,sentinel2,2023,2024,R2024-H1,1,AOI-03_b_-38_-48,0.032014404553506355,0.023781346011195473,0.0027301322498862477,863
spatial_aggregation_order,primary_ndvi_first,rolling_origin,AOI-03,sentinel2,2023,2024,R2024-H1,1,AOI-03_b_-38_-49,0.02797122001401843,0.020746405410440764,0.001311573939509133,792
spatial_aggregation_order,primary_ndvi_first,rolling_origin,AOI-03,sentinel2,2023,2024,R2024-H1,1,AOI-03_b_-38_-50,0.021866148334182087,0.016885259046144407,-0.004418978422166911,841
spatial_aggregation_order,primary_ndvi_first,rolling_origin,AOI-03,sentinel2,2023,2024,R2024-H1,1,AOI-03_b_-38_-51,0.01763250008304278,0.014103152623308428,0.00784995374639514,607
spatial_aggregation_order,primary_ndvi_first,rolling_origin,AOI-03,sentinel2,2023,2024,R2024-H1,1,AOI-03_b_-39_-47,0.03677800531218432,0.026462808165682358,-0.0010631046475557619,699
spatial_aggregation_order,primary_ndvi_first,rolling_origin,AOI-03,sentinel2,2023,2024,R2024-H1,1,AOI-03_b_-39_-48,0.03576553984224227,0.0278871454023722,-0.01564279590028905,794
spatial_aggregation_order,primary_ndvi_first,rolling_origin,AOI-03,sentinel2,2023,2024,R2024-H1,1,AOI-03_b_-39_-49,0.02547320284349531,0.020278136714448548,-0.011357860503088447,841
spatial_aggregation_order,primary_ndvi_first,rolling_origin,AOI-03,sentinel2,2023,2024,R2024-H1,1,AOI-03_b_-39_-50,0.01957300509226374,0.015036395632879097,-0.002066260273981335,800
spatial_aggregation_order,primary_ndvi_first,rolling_origin,AOI-03,sentinel2,2023,2024,R2024-H1,1,AOI-03_b_-39_-51,0.015105251520172797,0.012724295259375505,0.010832549241766187,62
spatial_aggregation_order,primary_ndvi_first,rolling_origin,AOI-03,sentinel2,2023,2024,R2024-H1,1,AOI-03_b_-40_-47,0.02567274872544705,0.01926744053132738,0.01047749123025429,427
spatial_aggregation_order,primary_ndvi_first,rolling_origin,AOI-03,sentinel2,2023,2024,R2024-H1,1,AOI-03_b_-40_-48,0.029532577067872136,0.02274851981496925,-0.006984649415520831,836
spatial_aggregation_order,primary_ndvi_first,rolling_origin,AOI-03,sentinel2,2023,2024,R2024-H1,1,AOI-03_b_-40_-49,0.01837452566729626,0.014184703772873182,-0.004885120798678588,817
spatial_aggregation_order,primary_ndvi_first,rolling_origin,AOI-03,sentinel2,2023,2024,R2024-H1,1,AOI-03_b_-40_-50,0.02081103087901128,0.016624788064254593,0.007393758174085412,817
spatial_aggregation_order,primary_ndvi_first,rolling_origin,AOI-03,sentinel2,2023,2024,R2024-H1,1,AOI-03_b_-40_-51,0.021298275235911858,0.01732439817436611,0.014844669676659483,146
spatial_aggregation_order,primary_ndvi_first,rolling_origin,AOI-03,sentinel2,2023,2024,R2024-H1,1,AOI-03_b_-41_-47,0.03541574921542231,0.025093509750920902,-0.004048179885409222,117
spatial_aggregation_order,primary_ndvi_first,rolling_origin,AOI-03,sentinel2,2023,2024,R2024-H1,1,AOI-03_b_-41_-48,0.026397261461645907,0.02041206578093592,-0.00337424313377006,592
spatial_aggregation_order,primary_ndvi_first,rolling_origin,AOI-03,sentinel2,2023,2024,R2024-H1,1,AOI-03_b_-41_-49,0.021925764709091584,0.01876883075213431,0.015881556253879586,562
spatial_aggregation_order,primary_ndvi_first,rolling_origin,AOI-03,sentinel2,2023,2024,R2024-H1,1,AOI-03_b_-41_-50,0.022442901585868372,0.01806392216638812,0.011782436418833524,513
spatial_aggregation_order,primary_ndvi_first,rolling_origin,AOI-03,sentinel2,2023,2024,R2024-H1,1,AOI-03_b_-41_-51,0.013724174139190127,0.01216875162122407,0.00738730842148426,15
spatial_aggregation_order,primary_ndvi_first,rolling_origin,AOI-03,sentinel2,2022;2023,2024,R2024-H2,2,AOI-03_b_-34_-48,0.046646219591352706,0.03543669818890807,0.03543669818890807,9
spatial_aggregation_order,primary_ndvi_first,rolling_origin,AOI-03,sentinel2,2022;2023,2024,R2024-H2,2,AOI-03_b_-35_-48,0.052460034745649815,0.03602587891159121,-0.0203077622008152,402
spatial_aggregation_order,primary_ndvi_first,rolling_origin,AOI-03,sentinel2,2022;2023,2024,R2024-H2,2,AOI-03_b_-35_-49,0.05583015261924126,0.03942677603211061,-0.021228314453372765,534
spatial_aggregation_order,primary_ndvi_first,rolling_origin,AOI-03,sentinel2,2022;2023,2024,R2024-H2,2,AOI-03_b_-35_-50,0.05098931407023139,0.033428337984609965,0.00041256662350808474,424
spatial_aggregation_order,primary_ndvi_first,rolling_origin,AOI-03,sentinel2,2022;2023,2024,R2024-H2,2,AOI-03_b_-35_-51,0.03418353592984982,0.020323715300524445,0.017144094187589387,228
spatial_aggregation_order,primary_ndvi_first,rolling_origin,AOI-03,sentinel2,2022;2023,2024,R2024-H2,2,AOI-03_b_-36_-47,0.05448888631954762,0.042484509275731865,-0.034145262589067846,54
spatial_aggregation_order,primary_ndvi_first,rolling_origin,AOI-03,sentinel2,2022;2023,2024,R2024-H2,2,AOI-03_b_-36_-48,0.06773521929706317,0.05583202140430055,-0.03943109372517012,693
spatial_aggregation_order,primary_ndvi_first,rolling_origin,AOI-03,sentinel2,2022;2023,2024,R2024-H2,2,AOI-03_b_-36_-49,0.051349342976638464,0.03350437608428507,-0.011195944066787108,816
spatial_aggregation_order,primary_ndvi_first,rolling_origin,AOI-03,sentinel2,2022;2023,2024,R2024-H2,2,AOI-03_b_-36_-50,0.036416165834350346,0.026744863979051813,-0.00562792075179579,854
spatial_aggregation_order,primary_ndvi_first,rolling_origin,AOI-03,sentinel2,2022;2023,2024,R2024-H2,2,AOI-03_b_-36_-51,0.022227821086260816,0.01698980186070082,0.008684625435671087,651
spatial_aggregation_order,primary_ndvi_first,rolling_origin,AOI-03,sentinel2,2022;2023,2024,R2024-H2,2,AOI-03_b_-37_-47,0.07569145517764866,0.06281428150484643,-0.032069949245090906,96
spatial_aggregation_order,primary_ndvi_first,rolling_origin,AOI-03,sentinel2,2022;2023,2024,R2024-H2,2,AOI-03_b_-37_-48,0.048990298316632826,0.035679890304845224,-0.009143769698097208,846
spatial_aggregation_order,primary_ndvi_first,rolling_origin,AOI-03,sentinel2,2022;2023,2024,R2024-H2,2,AOI-03_b_-37_-49,0.03597443882239744,0.026122022918595923,0.00019090557538275368,881
spatial_aggregation_order,primary_ndvi_first,rolling_origin,AOI-03,sentinel2,2022;2023,2024,R2024-H2,2,AOI-03_b_-37_-50,0.028998855104643374,0.022281680509849005,-0.01022100007930369,790
spatial_aggregation_order,primary_ndvi_first,rolling_origin,AOI-03,sentinel2,2022;2023,2024,R2024-H2,2,AOI-03_b_-37_-51,0.01476286192340265,0.010898420265326307,0.004207383120389381,468
spatial_aggregation_order,primary_ndvi_first,rolling_origin,AOI-03,sentinel2,2022;2023,2024,R2024-H2,2,AOI-03_b_-38_-47,0.039039728983089265,0.028726583037069833,-0.008738651900511917,255
spatial_aggregation_order,primary_ndvi_first,rolling_origin,AOI-03,sentinel2,2022;2023,2024,R2024-H2,2,AOI-03_b_-38_-48,0.03210531061073642,0.02386087402100217,0.003434516339899096,863
spatial_aggregation_order,primary_ndvi_first,rolling_origin,AOI-03,sentinel2,2022;2023,2024,R2024-H2,2,AOI-03_b_-38_-49,0.028237058769702315,0.020912094277080864,0.002321308508671298,792
spatial_aggregation_order,primary_ndvi_first,rolling_origin,AOI-03,sentinel2,2022;2023,2024,R2024-H2,2,AOI-03_b_-38_-50,0.02171299517909721,0.01682489518467698,-0.003213009318028549,841
spatial_aggregation_order,primary_ndvi_first,rolling_origin,AOI-03,sentinel2,2022;2023,2024,R2024-H2,2,AOI-03_b_-38_-51,0.01813333629944446,0.01459310649874808,0.008844145753632638,607
spatial_aggregation_order,primary_ndvi_first,rolling_origin,AOI-03,sentinel2,2022;2023,2024,R2024-H2,2,AOI-03_b_-39_-47,0.03703072813448352,0.0266943872508744,-8.684420405935184e-05,699
spatial_aggregation_order,primary_ndvi_first,rolling_origin,AOI-03,sentinel2,2022;2023,2024,R2024-H2,2,AOI-03_b_-39_-48,0.035292518246292655,0.02751558883442414,-0.01439063960696535,794
spatial_aggregation_order,primary_ndvi_first,rolling_origin,AOI-03,sentinel2,2022;2023,2024,R2024-H2,2,AOI-03_b_-39_-49,0.024927489856021737,0.01979306739498154,-0.010097917320344974,841
spatial_aggregation_order,primary_ndvi_first,rolling_origin,AOI-03,sentinel2,2022;2023,2024,R2024-H2,2,AOI-03_b_-39_-50,0.019518982216106266,0.01499424920793991,-0.0008750872810288088,800
spatial_aggregation_order,primary_ndvi_first,rolling_origin,AOI-03,sentinel2,2022;2023,2024,R2024-H2,2,AOI-03_b_-39_-51,0.015834615591704532,0.013421245258105145,0.011790349616546894,62
spatial_aggregation_order,primary_ndvi_first,rolling_origin,AOI-03,sentinel2,2022;2023,2024,R2024-H2,2,AOI-03_b_-40_-47,0.02588204382572376,0.01950381191291354,0.01101289603234053,427
spatial_aggregation_order,primary_ndvi_first,rolling_origin,AOI-03,sentinel2,2022;2023,2024,R2024-H2,2,AOI-03_b_-40_-48,0.029372650307195075,0.022581528170645813,-0.005792056551477756,836
spatial_aggregation_order,primary_ndvi_first,rolling_origin,AOI-03,sentinel2,2022;2023,2024,R2024-H2,2,AOI-03_b_-40_-49,0.018136197722734154,0.014023856105509389,-0.003644577394859129,817
spatial_aggregation_order,primary_ndvi_first,rolling_origin,AOI-03,sentinel2,2022;2023,2024,R2024-H2,2,AOI-03_b_-40_-50,0.021289132979171364,0.01710602902593154,0.008541511788007973,817
spatial_aggregation_order,primary_ndvi_first,rolling_origin,AOI-03,sentinel2,2022;2023,2024,R2024-H2,2,AOI-03_b_-40_-51,0.02210695859840505,0.018187265072662676,0.015938958342368963,146
spatial_aggregation_order,primary_ndvi_first,rolling_origin,AOI-03,sentinel2,2022;2023,2024,R2024-H2,2,AOI-03_b_-41_-47,0.035647858823713865,0.02531858461297466,-0.003243793055895158,117
spatial_aggregation_order,primary_ndvi_first,rolling_origin,AOI-03,sentinel2,2022;2023,2024,R2024-H2,2,AOI-03_b_-41_-48,0.026286876292758065,0.02040490789834003,-0.002122892230377225,592
spatial_aggregation_order,primary_ndvi_first,rolling_origin,AOI-03,sentinel2,2022;2023,2024,R2024-H2,2,AOI-03_b_-41_-49,0.0226848244118366,0.01951806181008171,0.016879772930694672,562
spatial_aggregation_order,primary_ndvi_first,rolling_origin,AOI-03,sentinel2,2022;2023,2024,R2024-H2,2,AOI-03_b_-41_-50,0.023043574769046286,0.01870451016139956,0.01283808434303973,513
spatial_aggregation_order,primary_ndvi_first,rolling_origin,AOI-03,sentinel2,2022;2023,2024,R2024-H2,2,AOI-03_b_-41_-51,0.014400595883724247,0.012761232236246898,0.008592813484502776,15
spatial_aggregation_order,primary_ndvi_first,rolling_origin,AOI-03,sentinel2,2021;2022;2023,2024,R2024-H3,3,AOI-03_b_-34_-48,0.04876364438029973,0.03815310415939878,0.03815310415939878,9
spatial_aggregation_order,primary_ndvi_first,rolling_origin,AOI-03,sentinel2,2021;2022;2023,2024,R2024-H3,3,AOI-03_b_-35_-48,0.0514459940484048,0.035583035151575196,-0.017645426491242608,402
spatial_aggregation_order,primary_ndvi_first,rolling_origin,AOI-03,sentinel2,2021;2022;2023,2024,R2024-H3,3,AOI-03_b_-35_-49,0.05485449563956953,0.03900878192746276,-0.01861199506937965,534
spatial_aggregation_order,primary_ndvi_first,rolling_origin,AOI-03,sentinel2,2021;2022;2023,2024,R2024-H3,3,AOI-03_b_-35_-50,0.05109367485263928,0.03417684248304763,0.0028054008007797494,424
spatial_aggregation_order,primary_ndvi_first,rolling_origin,AOI-03,sentinel2,2021;2022;2023,2024,R2024-H3,3,AOI-03_b_-35_-51,0.03554780401670231,0.02185290772354165,0.019518804892480913,228
spatial_aggregation_order,primary_ndvi_first,rolling_origin,AOI-03,sentinel2,2021;2022;2023,2024,R2024-H3,3,AOI-03_b_-36_-47,0.052877783480469585,0.04128300033762292,-0.031221154877460865,54
spatial_aggregation_order,primary_ndvi_first,rolling_origin,AOI-03,sentinel2,2021;2022;2023,2024,R2024-H3,3,AOI-03_b_-36_-48,0.06626981029389183,0.0542331438407015,-0.03658769187423346,693
spatial_aggregation_order,primary_ndvi_first,rolling_origin,AOI-03,sentinel2,2021;2022;2023,2024,R2024-H3,3,AOI-03_b_-36_-49,0.0508206417617184,0.03350050175054403,-0.008745919019629744,816
spatial_aggregation_order,primary_ndvi_first,rolling_origin,AOI-03,sentinel2,2021;2022;2023,2024,R2024-H3,3,AOI-03_b_-36_-50,0.036114938511817817,0.026716204599493306,-0.0031150676356274066,854
spatial_aggregation_order,primary_ndvi_first,rolling_origin,AOI-03,sentinel2,2021;2022;2023,2024,R2024-H3,3,AOI-03_b_-36_-51,0.02331026889197213,0.01839474522197802,0.011192103862669977,651
spatial_aggregation_order,primary_ndvi_first,rolling_origin,AOI-03,sentinel2,2021;2022;2023,2024,R2024-H3,3,AOI-03_b_-37_-47,0.07487181202798433,0.06202250564117714,-0.029287875851607525,96
spatial_aggregation_order,primary_ndvi_first,rolling_origin,AOI-03,sentinel2,2021;2022;2023,2024,R2024-H3,3,AOI-03_b_-37_-48,0.04855476016852798,0.03567175295986029,-0.006517269027728983,846
spatial_aggregation_order,primary_ndvi_first,rolling_origin,AOI-03,sentinel2,2021;2022;2023,2024,R2024-H3,3,AOI-03_b_-37_-49,0.03615614733440932,0.02636977868734994,0.002583765408172863,881
spatial_aggregation_order,primary_ndvi_first,rolling_origin,AOI-03,sentinel2,2021;2022;2023,2024,R2024-H3,3,AOI-03_b_-37_-50,0.028225273297004087,0.021632128330513558,-0.007538520243216998,790
spatial_aggregation_order,primary_ndvi_first,rolling_origin,AOI-03,sentinel2,2021;2022;2023,2024,R2024-H3,3,AOI-03_b_-37_-51,0.015686880125284096,0.0118578798267907,0.006749268163949888,468
spatial_aggregation_order,primary_ndvi_first,rolling_origin,AOI-03,sentinel2,2021;2022;2023,2024,R2024-H3,3,AOI-03_b_-38_-47,0.03849908597875145,0.028706236744101853,-0.0061407466768286555,255
spatial_aggregation_order,primary_ndvi_first,rolling_origin,AOI-03,sentinel2,2021;2022;2023,2024,R2024-H3,3,AOI-03_b_-38_-48,0.032472947084003244,0.02439599066866298,0.005802777109158717,863
spatial_aggregation_order,primary_ndvi_first,rolling_origin,AOI-03,sentinel2,2021;2022;2023,2024,R2024-H3,3,AOI-03_b_-38_-49,0.02866556478101335,0.021162873962646933,0.004879074883872491,792
spatial_aggregation_order,primary_ndvi_first,rolling_origin,AOI-03,sentinel2,2021;2022;2023,2024,R2024-H3,3,AOI-03_b_-38_-50,0.021508729721825937,0.016764784132826394,-0.0005617103404465358,841
spatial_aggregation_order,primary_ndvi_first,rolling_origin,AOI-03,sentinel2,2021;2022;2023,2024,R2024-H3,3,AOI-03_b_-38_-51,0.019524378899221123,0.01598838261385717,0.011401609116545837,607
spatial_aggregation_order,primary_ndvi_first,rolling_origin,AOI-03,sentinel2,2021;2022;2023,2024,R2024-H3,3,AOI-03_b_-39_-47,0.03725523667772467,0.026894282472477,0.0023908906274101352,699
spatial_aggregation_order,primary_ndvi_first,rolling_origin,AOI-03,sentinel2,2021;2022;2023,2024,R2024-H3,3,AOI-03_b_-39_-48,0.03431991310042799,0.026794336373675703,-0.011729065153240504,794
spatial_aggregation_order,primary_ndvi_first,rolling_origin,AOI-03,sentinel2,2021;2022;2023,2024,R2024-H3,3,AOI-03_b_-39_-49,0.023966838148626612,0.018938210184446927,-0.0074227031464730395,841
spatial_aggregation_order,primary_ndvi_first,rolling_origin,AOI-03,sentinel2,2021;2022;2023,2024,R2024-H3,3,AOI-03_b_-39_-50,0.019596115836616648,0.015071183586256205,0.0017696557364982738,800
spatial_aggregation_order,primary_ndvi_first,rolling_origin,AOI-03,sentinel2,2021;2022;2023,2024,R2024-H3,3,AOI-03_b_-39_-51,0.01781913519219692,0.015446242783167877,0.014331688331184344,62
spatial_aggregation_order,primary_ndvi_first,rolling_origin,AOI-03,sentinel2,2021;2022;2023,2024,R2024-H3,3,AOI-03_b_-40_-47,0.026971997952484686,0.020771279674971305,0.013243202060518084,427
spatial_aggregation_order,primary_ndvi_first,rolling_origin,AOI-03,sentinel2,2021;2022;2023,2024,R2024-H3,3,AOI-03_b_-40_-48,0.029016120773680633,0.022268927216887204,-0.0031482443905165042,836
spatial_aggregation_order,primary_ndvi_first,rolling_origin,AOI-03,sentinel2,2021;2022;2023,2024,R2024-H3,3,AOI-03_b_-40_-49,0.017817559641325535,0.013873992325439923,-0.0009779590049809022,817
spatial_aggregation_order,primary_ndvi_first,rolling_origin,AOI-03,sentinel2,2021;2022;2023,2024,R2024-H3,3,AOI-03_b_-40_-50,0.022490416731010487,0.01828821999009441,0.011167016256232802,817
spatial_aggregation_order,primary_ndvi_first,rolling_origin,AOI-03,sentinel2,2021;2022;2023,2024,R2024-H3,3,AOI-03_b_-40_-51,0.024063896614440652,0.02032338105764202,0.018540773203208336,146
spatial_aggregation_order,primary_ndvi_first,rolling_origin,AOI-03,sentinel2,2021;2022;2023,2024,R2024-H3,3,AOI-03_b_-41_-47,0.03576194536834782,0.025584218828512664,-0.0010820750612777136,117
spatial_aggregation_order,primary_ndvi_first,rolling_origin,AOI-03,sentinel2,2021;2022;2023,2024,R2024-H3,3,AOI-03_b_-41_-48,0.026217470288431768,0.020598640435192484,0.0005485148188052496,592
spatial_aggregation_order,primary_ndvi_first,rolling_origin,AOI-03,sentinel2,2021;2022;2023,2024,R2024-H3,3,AOI-03_b_-41_-49,0.024659589228455646,0.021560896616367665,0.019439019571163268,562
spatial_aggregation_order,primary_ndvi_first,rolling_origin,AOI-03,sentinel2,2021;2022;2023,2024,R2024-H3,3,AOI-03_b_-41_-50,0.02458991405707938,0.02039814112715838,0.015422778005301558,513
spatial_aggregation_order,primary_ndvi_first,rolling_origin,AOI-03,sentinel2,2021;2022;2023,2024,R2024-H3,3,AOI-03_b_-41_-51,0.016120243637794907,0.01434918299302006,0.011243906851637064,15
spatial_aggregation_order,primary_ndvi_first,rolling_origin,AOI-03,sentinel2,2024,2025,R2025-H1,1,AOI-03_b_-34_-48,0.036884491037380826,0.022071927643933606,0.02045929236496051,8
spatial_aggregation_order,primary_ndvi_first,rolling_origin,AOI-03,sentinel2,2024,2025,R2025-H1,1,AOI-03_b_-35_-48,0.07913822824113888,0.059222144321425564,-0.043960236664671394,342
spatial_aggregation_order,primary_ndvi_first,rolling_origin,AOI-03,sentinel2,2024,2025,R2025-H1,1,AOI-03_b_-35_-49,0.061909468690437876,0.04417190501127663,-0.01928533307086168,503
spatial_aggregation_order,primary_ndvi_first,rolling_origin,AOI-03,sentinel2,2024,2025,R2025-H1,1,AOI-03_b_-35_-50,0.061815341844206353,0.038043494551247406,-0.01452206791755028,385
spatial_aggregation_order,primary_ndvi_first,rolling_origin,AOI-03,sentinel2,2024,2025,R2025-H1,1,AOI-03_b_-35_-51,0.03168411499755328,0.025105781340074226,0.021587713605678217,237
spatial_aggregation_order,primary_ndvi_first,rolling_origin,AOI-03,sentinel2,2024,2025,R2025-H1,1,AOI-03_b_-36_-47,0.0697204524131222,0.05708623740448652,-0.054812654547909824,54
spatial_aggregation_order,primary_ndvi_first,rolling_origin,AOI-03,sentinel2,2024,2025,R2025-H1,1,AOI-03_b_-36_-48,0.0763177235051509,0.06155048880653713,-0.05157355611502727,688
spatial_aggregation_order,primary_ndvi_first,rolling_origin,AOI-03,sentinel2,2024,2025,R2025-H1,1,AOI-03_b_-36_-49,0.043580599306602574,0.028588377974704416,-0.010288914881873116,783
spatial_aggregation_order,primary_ndvi_first,rolling_origin,AOI-03,sentinel2,2024,2025,R2025-H1,1,AOI-03_b_-36_-50,0.032973445464866406,0.02473825151233467,-0.00030954388632507194,870
spatial_aggregation_order,primary_ndvi_first,rolling_origin,AOI-03,sentinel2,2024,2025,R2025-H1,1,AOI-03_b_-36_-51,0.03170397384688732,0.029115872841964634,0.02624741531494915,660
spatial_aggregation_order,primary_ndvi_first,rolling_origin,AOI-03,sentinel2,2024,2025,R2025-H1,1,AOI-03_b_-37_-47,0.08121645849596602,0.07056099403626447,-0.05570244310391744,96
spatial_aggregation_order,primary_ndvi_first,rolling_origin,AOI-03,sentinel2,2024,2025,R2025-H1,1,AOI-03_b_-37_-48,0.05636494223373783,0.03991750510594162,-0.021611794190948302,794
spatial_aggregation_order,primary_ndvi_first,rolling_origin,AOI-03,sentinel2,2024,2025,R2025-H1,1,AOI-03_b_-37_-49,0.03354318476118078,0.023219541795441494,-0.003520458534849829,865
spatial_aggregation_order,primary_ndvi_first,rolling_origin,AOI-03,sentinel2,2024,2025,R2025-H1,1,AOI-03_b_-37_-50,0.0317546128212558,0.02395464314540132,0.0005017830830701159,830
spatial_aggregation_order,primary_ndvi_first,rolling_origin,AOI-03,sentinel2,2024,2025,R2025-H1,1,AOI-03_b_-37_-51,0.028087703406013173,0.026450115015762086,0.026450115015762086,486
spatial_aggregation_order,primary_ndvi_first,rolling_origin,AOI-03,sentinel2,2024,2025,R2025-H1,1,AOI-03_b_-38_-47,0.060534351485237774,0.04037619404222913,-0.021503980000184074,240
spatial_aggregation_order,primary_ndvi_first,rolling_origin,AOI-03,sentinel2,2024,2025,R2025-H1,1,AOI-03_b_-38_-48,0.03549467382840206,0.025629869720300263,-0.004848056588292259,756
spatial_aggregation_order,primary_ndvi_first,rolling_origin,AOI-03,sentinel2,2024,2025,R2025-H1,1,AOI-03_b_-38_-49,0.029427347928203267,0.022054922409011954,0.0020596381997479507,796
spatial_aggregation_order,primary_ndvi_first,rolling_origin,AOI-03,sentinel2,2024,2025,R2025-H1,1,AOI-03_b_-38_-50,0.019737251578252766,0.015822829990032688,0.011071733990530573,846
spatial_aggregation_order,primary_ndvi_first,rolling_origin,AOI-03,sentinel2,2024,2025,R2025-H1,1,AOI-03_b_-38_-51,0.022205654640994672,0.020002559940057882,0.019650071832232552,618
spatial_aggregation_order,primary_ndvi_first,rolling_origin,AOI-03,sentinel2,2024,2025,R2025-H1,1,AOI-03_b_-39_-47,0.04666895385212608,0.03178548793515564,-0.019676768294894793,673
spatial_aggregation_order,primary_ndvi_first,rolling_origin,AOI-03,sentinel2,2024,2025,R2025-H1,1,AOI-03_b_-39_-48,0.044906887438206256,0.033460682449295134,-0.021877343499505302,737
spatial_aggregation_order,primary_ndvi_first,rolling_origin,AOI-03,sentinel2,2024,2025,R2025-H1,1,AOI-03_b_-39_-49,0.02634278329818822,0.020499054010905272,0.003612294618467329,830
spatial_aggregation_order,primary_ndvi_first,rolling_origin,AOI-03,sentinel2,2024,2025,R2025-H1,1,AOI-03_b_-39_-50,0.022806921189345367,0.018996549205261056,0.016819756297996258,822
spatial_aggregation_order,primary_ndvi_first,rolling_origin,AOI-03,sentinel2,2024,2025,R2025-H1,1,AOI-03_b_-39_-51,0.027891688576098573,0.026062132138781807,0.026020338150578325,63
spatial_aggregation_order,primary_ndvi_first,rolling_origin,AOI-03,sentinel2,2024,2025,R2025-H1,1,AOI-03_b_-40_-47,0.0257536010126478,0.017875797016975226,-0.001214704389805057,325
spatial_aggregation_order,primary_ndvi_first,rolling_origin,AOI-03,sentinel2,2024,2025,R2025-H1,1,AOI-03_b_-40_-48,0.028628322004364232,0.022504173153992526,0.004071286294860932,776
spatial_aggregation_order,primary_ndvi_first,rolling_origin,AOI-03,sentinel2,2024,2025,R2025-H1,1,AOI-03_b_-40_-49,0.02528756695244383,0.020305482075671257,0.012873241838973136,837
spatial_aggregation_order,primary_ndvi_first,rolling_origin,AOI-03,sentinel2,2024,2025,R2025-H1,1,AOI-03_b_-40_-50,0.028907437095012412,0.024854211132783962,0.023737177012670405,858
spatial_aggregation_order,primary_ndvi_first,rolling_origin,AOI-03,sentinel2,2024,2025,R2025-H1,1,AOI-03_b_-40_-51,0.02781973852410266,0.024687558413775512,0.024427185878113242,156
spatial_aggregation_order,primary_ndvi_first,rolling_origin,AOI-03,sentinel2,2024,2025,R2025-H1,1,AOI-03_b_-41_-47,0.042369146170995665,0.02926664601493218,-0.0197327315461817,87
spatial_aggregation_order,primary_ndvi_first,rolling_origin,AOI-03,sentinel2,2024,2025,R2025-H1,1,AOI-03_b_-41_-48,0.031907707709313574,0.026232272805566587,0.011798788326222876,594
spatial_aggregation_order,primary_ndvi_first,rolling_origin,AOI-03,sentinel2,2024,2025,R2025-H1,1,AOI-03_b_-41_-49,0.02868340557244377,0.02519746141671075,0.024806568827687166,636
spatial_aggregation_order,primary_ndvi_first,rolling_origin,AOI-03,sentinel2,2024,2025,R2025-H1,1,AOI-03_b_-41_-50,0.02679669760654409,0.022672441824124305,0.02235679354007864,591
spatial_aggregation_order,primary_ndvi_first,rolling_origin,AOI-03,sentinel2,2024,2025,R2025-H1,1,AOI-03_b_-41_-51,0.014200256318628214,0.012175883102531407,0.010789371502659576,15
spatial_aggregation_order,primary_ndvi_first,rolling_origin,AOI-03,sentinel2,2023;2024,2025,R2025-H2,2,AOI-03_b_-34_-48,0.03575866166564627,0.021025267777987158,0.018362890564501504,8
spatial_aggregation_order,primary_ndvi_first,rolling_origin,AOI-03,sentinel2,2023;2024,2025,R2025-H2,2,AOI-03_b_-35_-48,0.08033183963631377,0.05990253445328204,-0.04605301890054897,342
spatial_aggregation_order,primary_ndvi_first,rolling_origin,AOI-03,sentinel2,2023;2024,2025,R2025-H2,2,AOI-03_b_-35_-49,0.06259175768050236,0.0444128733772365,-0.02137892585277013,503
spatial_aggregation_order,primary_ndvi_first,rolling_origin,AOI-03,sentinel2,2023;2024,2025,R2025-H2,2,AOI-03_b_-35_-50,0.062332254641140825,0.03788713759952069,-0.01656958159294586,385
spatial_aggregation_order,primary_ndvi_first,rolling_origin,AOI-03,sentinel2,2023;2024,2025,R2025-H2,2,AOI-03_b_-35_-51,0.030311675941872486,0.023820105545762818,0.019528353120338675,237
spatial_aggregation_order,primary_ndvi_first,rolling_origin,AOI-03,sentinel2,2023;2024,2025,R2025-H2,2,AOI-03_b_-36_-47,0.07139172032670925,0.058808148000716445,-0.056932812520586074,54
spatial_aggregation_order,primary_ndvi_first,rolling_origin,AOI-03,sentinel2,2023;2024,2025,R2025-H2,2,AOI-03_b_-36_-48,0.07776090627955654,0.06299920834279736,-0.05368287029550901,688
spatial_aggregation_order,primary_ndvi_first,rolling_origin,AOI-03,sentinel2,2023;2024,2025,R2025-H2,2,AOI-03_b_-36_-49,0.044123415579558296,0.02863794655748106,-0.012356727375590888,783
spatial_aggregation_order,primary_ndvi_first,rolling_origin,AOI-03,sentinel2,2023;2024,2025,R2025-H2,2,AOI-03_b_-36_-50,0.03304426181494159,0.024622031764743372,-0.0023775246799387357,870
spatial_aggregation_order,primary_ndvi_first,rolling_origin,AOI-03,sentinel2,2023;2024,2025,R2025-H2,2,AOI-03_b_-36_-51,0.030012118306983863,0.027382326630530952,0.02417707085838408,660
spatial_aggregation_order,primary_ndvi_first,rolling_origin,AOI-03,sentinel2,2023;2024,2025,R2025-H2,2,AOI-03_b_-37_-47,0.08267025688345118,0.07203626635183381,-0.05780737986657184,96
spatial_aggregation_order,primary_ndvi_first,rolling_origin,AOI-03,sentinel2,2023;2024,2025,R2025-H2,2,AOI-03_b_-37_-48,0.05720674773902467,0.04026824659479489,-0.023700801616737346,794
spatial_aggregation_order,primary_ndvi_first,rolling_origin,AOI-03,sentinel2,2023;2024,2025,R2025-H2,2,AOI-03_b_-37_-49,0.03378303822026033,0.02337916415732952,-0.005535196774064654,865
spatial_aggregation_order,primary_ndvi_first,rolling_origin,AOI-03,sentinel2,2023;2024,2025,R2025-H2,2,AOI-03_b_-37_-50,0.03178734074771176,0.02387891232715048,-0.0015878298961611351,830
spatial_aggregation_order,primary_ndvi_first,rolling_origin,AOI-03,sentinel2,2023;2024,2025,R2025-H2,2,AOI-03_b_-37_-51,0.026146713202917463,0.024387190373159437,0.024380379441390942,486
spatial_aggregation_order,primary_ndvi_first,rolling_origin,AOI-03,sentinel2,2023;2024,2025,R2025-H2,2,AOI-03_b_-38_-47,0.06130848121926641,0.040763348939695895,-0.02358386217576019,240
spatial_aggregation_order,primary_ndvi_first,rolling_origin,AOI-03,sentinel2,2023;2024,2025,R2025-H2,2,AOI-03_b_-38_-48,0.03580781387714132,0.02560591723071872,-0.00681455600757447,756
spatial_aggregation_order,primary_ndvi_first,rolling_origin,AOI-03,sentinel2,2023;2024,2025,R2025-H2,2,AOI-03_b_-38_-49,0.029331858188315962,0.021994434982215514,-1.217939984846848e-05,796
spatial_aggregation_order,primary_ndvi_first,rolling_origin,AOI-03,sentinel2,2023;2024,2025,R2025-H2,2,AOI-03_b_-38_-50,0.01864535447135237,0.014776383787874887,0.008990021213235937,846
spatial_aggregation_order,primary_ndvi_first,rolling_origin,AOI-03,sentinel2,2023;2024,2025,R2025-H2,2,AOI-03_b_-38_-51,0.020396570657076816,0.018085818238463225,0.01758184424841422,618
spatial_aggregation_order,primary_ndvi_first,rolling_origin,AOI-03,sentinel2,2023;2024,2025,R2025-H2,2,AOI-03_b_-39_-47,0.04755803786679588,0.032492022852292766,-0.021675533177648046,673
spatial_aggregation_order,primary_ndvi_first,rolling_origin,AOI-03,sentinel2,2023;2024,2025,R2025-H2,2,AOI-03_b_-39_-48,0.04594910515959944,0.034424950845108285,-0.023949328613741248,737
spatial_aggregation_order,primary_ndvi_first,rolling_origin,AOI-03,sentinel2,2023;2024,2025,R2025-H2,2,AOI-03_b_-39_-49,0.026134079773514004,0.020148884852978256,0.0015222971013514098,830
spatial_aggregation_order,primary_ndvi_first,rolling_origin,AOI-03,sentinel2,2023;2024,2025,R2025-H2,2,AOI-03_b_-39_-50,0.021315803822544468,0.017468538858680983,0.014737267237558587,822
spatial_aggregation_order,primary_ndvi_first,rolling_origin,AOI-03,sentinel2,2023;2024,2025,R2025-H2,2,AOI-03_b_-39_-51,0.02596848475199267,0.024055952655695243,0.023948391627166533,63
spatial_aggregation_order,primary_ndvi_first,rolling_origin,AOI-03,sentinel2,2023;2024,2025,R2025-H2,2,AOI-03_b_-40_-47,0.02581742794479943,0.0174105604144318,-0.0031183117865618048,325
spatial_aggregation_order,primary_ndvi_first,rolling_origin,AOI-03,sentinel2,2023;2024,2025,R2025-H2,2,AOI-03_b_-40_-48,0.028374693614230617,0.02219634175707492,0.001995949903361715,776
spatial_aggregation_order,primary_ndvi_first,rolling_origin,AOI-03,sentinel2,2023;2024,2025,R2025-H2,2,AOI-03_b_-40_-49,0.02429093226442304,0.019191981132695848,0.010785815656163841,837
spatial_aggregation_order,primary_ndvi_first,rolling_origin,AOI-03,sentinel2,2023;2024,2025,R2025-H2,2,AOI-03_b_-40_-50,0.027223468865941732,0.023113488617755855,0.021657455903000437,858
spatial_aggregation_order,primary_ndvi_first,rolling_origin,AOI-03,sentinel2,2023;2024,2025,R2025-H2,2,AOI-03_b_-40_-51,0.026015113181404554,0.02277107110694304,0.022350391561910106,156
spatial_aggregation_order,primary_ndvi_first,rolling_origin,AOI-03,sentinel2,2023;2024,2025,R2025-H2,2,AOI-03_b_-41_-47,0.04321418195993276,0.02960799417117901,-0.021445057942280493,87
spatial_aggregation_order,primary_ndvi_first,rolling_origin,AOI-03,sentinel2,2023;2024,2025,R2025-H2,2,AOI-03_b_-41_-48,0.031192891431962116,0.02538500525904743,0.009707911009001261,594
spatial_aggregation_order,primary_ndvi_first,rolling_origin,AOI-03,sentinel2,2023;2024,2025,R2025-H2,2,AOI-03_b_-41_-49,0.026908435033600735,0.023295649732514717,0.022732862472124242,636
spatial_aggregation_order,primary_ndvi_first,rolling_origin,AOI-03,sentinel2,2023;2024,2025,R2025-H2,2,AOI-03_b_-41_-50,0.025089096061039942,0.020806264894399837,0.02028100758877493,591
spatial_aggregation_order,primary_ndvi_first,rolling_origin,AOI-03,sentinel2,2023;2024,2025,R2025-H2,2,AOI-03_b_-41_-51,0.01268890874925814,0.010926125837914857,0.008705058055519077,15
spatial_aggregation_order,primary_ndvi_first,rolling_origin,AOI-03,sentinel2,2022;2023;2024,2025,R2025-H3,3,AOI-03_b_-34_-48,0.03586731235739234,0.021007208513627695,0.01838094047716328,8
spatial_aggregation_order,primary_ndvi_first,rolling_origin,AOI-03,sentinel2,2022;2023;2024,2025,R2025-H3,3,AOI-03_b_-35_-48,0.08014531653020429,0.05961680050251595,-0.04609858411118821,342
spatial_aggregation_order,primary_ndvi_first,rolling_origin,AOI-03,sentinel2,2022;2023;2024,2025,R2025-H3,3,AOI-03_b_-35_-49,0.0626338189933176,0.04432920663538034,-0.021410245431224686,503
spatial_aggregation_order,primary_ndvi_first,rolling_origin,AOI-03,sentinel2,2022;2023;2024,2025,R2025-H3,3,AOI-03_b_-35_-50,0.0622868833571145,0.03774622898600163,-0.016997727550850144,385
spatial_aggregation_order,primary_ndvi_first,rolling_origin,AOI-03,sentinel2,2022;2023;2024,2025,R2025-H3,3,AOI-03_b_-35_-51,0.03002942909662458,0.023536404186748506,0.018895388863884456,237
spatial_aggregation_order,primary_ndvi_first,rolling_origin,AOI-03,sentinel2,2022;2023;2024,2025,R2025-H3,3,AOI-03_b_-36_-47,0.07118079585712798,0.058552107323550144,-0.05649723950790801,54
spatial_aggregation_order,primary_ndvi_first,rolling_origin,AOI-03,sentinel2,2022;2023;2024,2025,R2025-H3,3,AOI-03_b_-36_-48,0.07752420075678106,0.06280852552680903,-0.053334165002326434,688
spatial_aggregation_order,primary_ndvi_first,rolling_origin,AOI-03,sentinel2,2022;2023;2024,2025,R2025-H3,3,AOI-03_b_-36_-49,0.04405830328468465,0.028531768674565826,-0.01267508009897536,783
spatial_aggregation_order,primary_ndvi_first,rolling_origin,AOI-03,sentinel2,2022;2023;2024,2025,R2025-H3,3,AOI-03_b_-36_-50,0.03318513199355369,0.024672762824978173,-0.0026896646667758867,870
spatial_aggregation_order,primary_ndvi_first,rolling_origin,AOI-03,sentinel2,2022;2023;2024,2025,R2025-H3,3,AOI-03_b_-36_-51,0.029665351074112438,0.027002809708891285,0.023737153767720676,660
spatial_aggregation_order,primary_ndvi_first,rolling_origin,AOI-03,sentinel2,2022;2023;2024,2025,R2025-H3,3,AOI-03_b_-37_-47,0.08262938540013716,0.07204069871305589,-0.05763932498502244,96
spatial_aggregation_order,primary_ndvi_first,rolling_origin,AOI-03,sentinel2,2022;2023;2024,2025,R2025-H3,3,AOI-03_b_-37_-48,0.0570902396250197,0.04006274599786855,-0.02376632889525174,794
spatial_aggregation_order,primary_ndvi_first,rolling_origin,AOI-03,sentinel2,2022;2023;2024,2025,R2025-H3,3,AOI-03_b_-37_-49,0.03395137775591534,0.023474108487318065,-0.005953855562428953,865
spatial_aggregation_order,primary_ndvi_first,rolling_origin,AOI-03,sentinel2,2022;2023;2024,2025,R2025-H3,3,AOI-03_b_-37_-50,0.03184649866069125,0.023923010814356015,-0.0016890959094219772,830
spatial_aggregation_order,primary_ndvi_first,rolling_origin,AOI-03,sentinel2,2022;2023;2024,2025,R2025-H3,3,AOI-03_b_-37_-51,0.025748743404610537,0.023946036466950957,0.02392976103155779,486
spatial_aggregation_order,primary_ndvi_first,rolling_origin,AOI-03,sentinel2,2022;2023;2024,2025,R2025-H3,3,AOI-03_b_-38_-47,0.06133932597255901,0.04075612566887962,-0.02385615049306024,240
spatial_aggregation_order,primary_ndvi_first,rolling_origin,AOI-03,sentinel2,2022;2023;2024,2025,R2025-H3,3,AOI-03_b_-38_-48,0.03585308982691189,0.025577088562368806,-0.0073165268795667366,756
spatial_aggregation_order,primary_ndvi_first,rolling_origin,AOI-03,sentinel2,2022;2023;2024,2025,R2025-H3,3,AOI-03_b_-38_-49,0.029518072747123907,0.022165745013636582,-0.0002865207746694491,796
spatial_aggregation_order,primary_ndvi_first,rolling_origin,AOI-03,sentinel2,2022;2023;2024,2025,R2025-H3,3,AOI-03_b_-38_-50,0.018601440236790872,0.014708936520909814,0.008749906366367983,846
spatial_aggregation_order,primary_ndvi_first,rolling_origin,AOI-03,sentinel2,2022;2023;2024,2025,R2025-H3,3,AOI-03_b_-38_-51,0.020016603026818645,0.017663154220438806,0.01710472237309643,618
spatial_aggregation_order,primary_ndvi_first,rolling_origin,AOI-03,sentinel2,2022;2023;2024,2025,R2025-H3,3,AOI-03_b_-39_-47,0.04768681208811465,0.032603233312372255,-0.021975678697877574,673
spatial_aggregation_order,primary_ndvi_first,rolling_origin,AOI-03,sentinel2,2022;2023;2024,2025,R2025-H3,3,AOI-03_b_-39_-48,0.046023944836252696,0.034512846948398165,-0.023995235697232088,737
spatial_aggregation_order,primary_ndvi_first,rolling_origin,AOI-03,sentinel2,2022;2023;2024,2025,R2025-H3,3,AOI-03_b_-39_-49,0.026192082405921847,0.020191052256095878,0.0014383671210467198,830
spatial_aggregation_order,primary_ndvi_first,rolling_origin,AOI-03,sentinel2,2022;2023;2024,2025,R2025-H3,3,AOI-03_b_-39_-50,0.02119164508786102,0.017306655870972947,0.014510795840544646,822
spatial_aggregation_order,primary_ndvi_first,rolling_origin,AOI-03,sentinel2,2022;2023;2024,2025,R2025-H3,3,AOI-03_b_-39_-51,0.025607085703912486,0.023657423084332347,0.023536631426012162,63
spatial_aggregation_order,primary_ndvi_first,rolling_origin,AOI-03,sentinel2,2022;2023;2024,2025,R2025-H3,3,AOI-03_b_-40_-47,0.02582545901323906,0.01727680310027247,-0.0037550849646230274,325
spatial_aggregation_order,primary_ndvi_first,rolling_origin,AOI-03,sentinel2,2022;2023;2024,2025,R2025-H3,3,AOI-03_b_-40_-48,0.028560436422997205,0.022347336864778692,0.0019683061983560885,776
spatial_aggregation_order,primary_ndvi_first,rolling_origin,AOI-03,sentinel2,2022;2023;2024,2025,R2025-H3,3,AOI-03_b_-40_-49,0.024239582334467318,0.019105866959997116,0.0106461159250106,837
spatial_aggregation_order,primary_ndvi_first,rolling_origin,AOI-03,sentinel2,2022;2023;2024,2025,R2025-H3,3,AOI-03_b_-40_-50,0.027043046254435432,0.022892235494697336,0.02138233679562908,858
spatial_aggregation_order,primary_ndvi_first,rolling_origin,AOI-03,sentinel2,2022;2023;2024,2025,R2025-H3,3,AOI-03_b_-40_-51,0.025736965588078455,0.02245990273731426,0.02202383302775713,156
spatial_aggregation_order,primary_ndvi_first,rolling_origin,AOI-03,sentinel2,2022;2023;2024,2025,R2025-H3,3,AOI-03_b_-41_-47,0.04351238384338532,0.029769491726474445,-0.021820777023799906,87
spatial_aggregation_order,primary_ndvi_first,rolling_origin,AOI-03,sentinel2,2022;2023;2024,2025,R2025-H3,3,AOI-03_b_-41_-48,0.031208516071359056,0.025357521976677035,0.009628866181560199,594
spatial_aggregation_order,primary_ndvi_first,rolling_origin,AOI-03,sentinel2,2022;2023;2024,2025,R2025-H3,3,AOI-03_b_-41_-49,0.02661811693875933,0.022960483067512236,0.0223520319413112,636
spatial_aggregation_order,primary_ndvi_first,rolling_origin,AOI-03,sentinel2,2022;2023;2024,2025,R2025-H3,3,AOI-03_b_-41_-50,0.024845070315507256,0.02052264871761583,0.019936726686097923,591
spatial_aggregation_order,primary_ndvi_first,rolling_origin,AOI-03,sentinel2,2022;2023;2024,2025,R2025-H3,3,AOI-03_b_-41_-51,0.012561024212613965,0.010794879876018206,0.00851065089784585,15
