AOI_ID,AOI_geometry_hash,GEE_collection_ID,acquisition_datetime,exclusion_reason,experiment_design_hash,included,manifest_version,nominal_date,platform,processing_baseline_if_available,processing_version,product_version,query_config_hash,sensor,source_manifest_hash,support_end,support_midpoint,support_start,system:id,system:index,system:time_start,window_end,window_start,year
AOI-00,1546767a1ff01463f1bf4ea81cd86b44fbf42ba20f48c2d45d50120a3bab3ca5,MODIS/061/MOD09Q1,2021-07-04T00:00:00+00:00,,b21c8cc7f3d4d35e1db4dfa1c8245ff10ba657c0a0a001992b552808766cc49b,True,source-scenes-v1,2021-07-20,Terra MODIS,,061,061,abb69c87977c12abcc39e2c9c68a76b673d623523c73cc749f6c3c8ab28ae1f8,modis,33beba1fab8fb8e1cafadac6c90c6425b98634ac9e529438d27905e5eb9c23dd,2021-07-11,2021-07-07,2021-07-04,MODIS/061/MOD09Q1/2021_07_04,,1625356800000,2021-08-04,2021-07-05,2021
AOI-00,1546767a1ff01463f1bf4ea81cd86b44fbf42ba20f48c2d45d50120a3bab3ca5,MODIS/061/MOD09Q1,2021-07-12T00:00:00+00:00,,b21c8cc7f3d4d35e1db4dfa1c8245ff10ba657c0a0a001992b552808766cc49b,True,source-scenes-v1,2021-07-20,Terra MODIS,,061,061,abb69c87977c12abcc39e2c9c68a76b673d623523c73cc749f6c3c8ab28ae1f8,modis,33beba1fab8fb8e1cafadac6c90c6425b98634ac9e529438d27905e5eb9c23dd,2021-07-19,2021-07-15,2021-07-12,MODIS/061/MOD09Q1/2021_07_12,,1626048000000,2021-08-04,2021-07-05,2021
AOI-00,1546767a1ff01463f1bf4ea81cd86b44fbf42ba20f48c2d45d50120a3bab3ca5,MODIS/061/MOD09Q1,2021-07-20T00:00:00+00:00,,b21c8cc7f3d4d35e1db4dfa1c8245ff10ba657c0a0a001992b552808766cc49b,True,source-scenes-v1,2021-07-20,Terra MODIS,,061,061,abb69c87977c12abcc39e2c9c68a76b673d623523c73cc749f6c3c8ab28ae1f8,modis,33beba1fab8fb8e1cafadac6c90c6425b98634ac9e529438d27905e5eb9c23dd,2021-07-27,2021-07-23,2021-07-20,MODIS/061/MOD09Q1/2021_07_20,,1626739200000,2021-08-04,2021-07-05,2021
AOI-00,1546767a1ff01463f1bf4ea81cd86b44fbf42ba20f48c2d45d50120a3bab3ca5,MODIS/061/MOD09Q1,2021-07-28T00:00:00+00:00,,b21c8cc7f3d4d35e1db4dfa1c8245ff10ba657c0a0a001992b552808766cc49b,True,source-scenes-v1,2021-07-20,Terra MODIS,,061,061,abb69c87977c12abcc39e2c9c68a76b673d623523c73cc749f6c3c8ab28ae1f8,modis,33beba1fab8fb8e1cafadac6c90c6425b98634ac9e529438d27905e5eb9c23dd,2021-08-04,2021-07-31,2021-07-28,MODIS/061/MOD09Q1/2021_07_28,,1627430400000,2021-08-04,2021-07-05,2021
AOI-00,1546767a1ff01463f1bf4ea81cd86b44fbf42ba20f48c2d45d50120a3bab3ca5,MODIS/061/MOD09Q1,2021-08-05T00:00:00+00:00,SUPPORT_INTERVAL_OUTSIDE_NOMINAL_WINDOW,b21c8cc7f3d4d35e1db4dfa1c8245ff10ba657c0a0a001992b552808766cc49b,False,source-scenes-v1,2021-07-20,Terra MODIS,,061,061,abb69c87977c12abcc39e2c9c68a76b673d623523c73cc749f6c3c8ab28ae1f8,modis,33beba1fab8fb8e1cafadac6c90c6425b98634ac9e529438d27905e5eb9c23dd,2021-08-12,2021-08-08,2021-08-05,MODIS/061/MOD09Q1/2021_08_05,,1628121600000,2021-08-04,2021-07-05,2021
AOI-00,1546767a1ff01463f1bf4ea81cd86b44fbf42ba20f48c2d45d50120a3bab3ca5,MODIS/061/MOD09Q1,2021-08-13T00:00:00+00:00,SUPPORT_INTERVAL_OUTSIDE_NOMINAL_WINDOW,b21c8cc7f3d4d35e1db4dfa1c8245ff10ba657c0a0a001992b552808766cc49b,False,source-scenes-v1,2021-07-20,Terra MODIS,,061,061,abb69c87977c12abcc39e2c9c68a76b673d623523c73cc749f6c3c8ab28ae1f8,modis,33beba1fab8fb8e1cafadac6c90c6425b98634ac9e529438d27905e5eb9c23dd,2021-08-20,2021-08-16,2021-08-13,MODIS/061/MOD09Q1/2021_08_13,,1628812800000,2021-08-04,2021-07-05,2021
AOI-00,1546767a1ff01463f1bf4ea81cd86b44fbf42ba20f48c2d45d50120a3bab3ca5,MODIS/061/MOD09Q1,2021-08-21T00:00:00+00:00,SUPPORT_INTERVAL_OUTSIDE_NOMINAL_WINDOW,b21c8cc7f3d4d35e1db4dfa1c8245ff10ba657c0a0a001992b552808766cc49b,False,source-scenes-v1,2021-07-20,Terra MODIS,,061,061,abb69c87977c12abcc39e2c9c68a76b673d623523c73cc749f6c3c8ab28ae1f8,modis,33beba1fab8fb8e1cafadac6c90c6425b98634ac9e529438d27905e5eb9c23dd,2021-08-28,2021-08-24,2021-08-21,MODIS/061/MOD09Q1/2021_08_21,,1629504000000,2021-08-04,2021-07-05,2021
AOI-00,1546767a1ff01463f1bf4ea81cd86b44fbf42ba20f48c2d45d50120a3bab3ca5,MODIS/061/MOD09Q1,2021-07-04T00:00:00+00:00,SUPPORT_INTERVAL_OUTSIDE_NOMINAL_WINDOW,b21c8cc7f3d4d35e1db4dfa1c8245ff10ba657c0a0a001992b552808766cc49b,False,source-scenes-v1,2021-07-31,Terra MODIS,,061,061,1cc1bcd4242f4de46f2d0161e3ec176e4d3bdf52798f21e88d2cd4629fa50f39,modis,e92efc0cffc49693e882bf288eb4880f31d01e34470aaf6cd7bc876029d533e3,2021-07-11,2021-07-07,2021-07-04,MODIS/061/MOD09Q1/2021_07_04,,1625356800000,2021-08-15,2021-07-16,2021
AOI-00,1546767a1ff01463f1bf4ea81cd86b44fbf42ba20f48c2d45d50120a3bab3ca5,MODIS/061/MOD09Q1,2021-07-12T00:00:00+00:00,,b21c8cc7f3d4d35e1db4dfa1c8245ff10ba657c0a0a001992b552808766cc49b,True,source-scenes-v1,2021-07-31,Terra MODIS,,061,061,1cc1bcd4242f4de46f2d0161e3ec176e4d3bdf52798f21e88d2cd4629fa50f39,modis,e92efc0cffc49693e882bf288eb4880f31d01e34470aaf6cd7bc876029d533e3,2021-07-19,2021-07-15,2021-07-12,MODIS/061/MOD09Q1/2021_07_12,,1626048000000,2021-08-15,2021-07-16,2021
AOI-00,1546767a1ff01463f1bf4ea81cd86b44fbf42ba20f48c2d45d50120a3bab3ca5,MODIS/061/MOD09Q1,2021-07-20T00:00:00+00:00,,b21c8cc7f3d4d35e1db4dfa1c8245ff10ba657c0a0a001992b552808766cc49b,True,source-scenes-v1,2021-07-31,Terra MODIS,,061,061,1cc1bcd4242f4de46f2d0161e3ec176e4d3bdf52798f21e88d2cd4629fa50f39,modis,e92efc0cffc49693e882bf288eb4880f31d01e34470aaf6cd7bc876029d533e3,2021-07-27,2021-07-23,2021-07-20,MODIS/061/MOD09Q1/2021_07_20,,1626739200000,2021-08-15,2021-07-16,2021
AOI-00,1546767a1ff01463f1bf4ea81cd86b44fbf42ba20f48c2d45d50120a3bab3ca5,MODIS/061/MOD09Q1,2021-07-28T00:00:00+00:00,,b21c8cc7f3d4d35e1db4dfa1c8245ff10ba657c0a0a001992b552808766cc49b,True,source-scenes-v1,2021-07-31,Terra MODIS,,061,061,1cc1bcd4242f4de46f2d0161e3ec176e4d3bdf52798f21e88d2cd4629fa50f39,modis,e92efc0cffc49693e882bf288eb4880f31d01e34470aaf6cd7bc876029d533e3,2021-08-04,2021-07-31,2021-07-28,MODIS/061/MOD09Q1/2021_07_28,,1627430400000,2021-08-15,2021-07-16,2021
AOI-00,1546767a1ff01463f1bf4ea81cd86b44fbf42ba20f48c2d45d50120a3bab3ca5,MODIS/061/MOD09Q1,2021-08-05T00:00:00+00:00,,b21c8cc7f3d4d35e1db4dfa1c8245ff10ba657c0a0a001992b552808766cc49b,True,source-scenes-v1,2021-07-31,Terra MODIS,,061,061,1cc1bcd4242f4de46f2d0161e3ec176e4d3bdf52798f21e88d2cd4629fa50f39,modis,e92efc0cffc49693e882bf288eb4880f31d01e34470aaf6cd7bc876029d533e3,2021-08-12,2021-08-08,2021-08-05,MODIS/061/MOD09Q1/2021_08_05,,1628121600000,2021-08-15,2021-07-16,2021
AOI-00,1546767a1ff01463f1bf4ea81cd86b44fbf42ba20f48c2d45d50120a3bab3ca5,MODIS/061/MOD09Q1,2021-08-13T00:00:00+00:00,,b21c8cc7f3d4d35e1db4dfa1c8245ff10ba657c0a0a001992b552808766cc49b,True,source-scenes-v1,2021-07-31,Terra MODIS,,061,061,1cc1bcd4242f4de46f2d0161e3ec176e4d3bdf52798f21e88d2cd4629fa50f39,modis,e92efc0cffc49693e882bf288eb4880f31d01e34470aaf6cd7bc876029d533e3,2021-08-20,2021-08-16,2021-08-13,MODIS/061/MOD09Q1/2021_08_13,,1628812800000,2021-08-15,2021-07-16,2021
AOI-00,1546767a1ff01463f1bf4ea81cd86b44fbf42ba20f48c2d45d50120a3bab3ca5,MODIS/061/MOD09Q1,2021-08-21T00:00:00+00:00,SUPPORT_INTERVAL_OUTSIDE_NOMINAL_WINDOW,b21c8cc7f3d4d35e1db4dfa1c8245ff10ba657c0a0a001992b552808766cc49b,False,source-scenes-v1,2021-07-31,Terra MODIS,,061,061,1cc1bcd4242f4de46f2d0161e3ec176e4d3bdf52798f21e88d2cd4629fa50f39,modis,e92efc0cffc49693e882bf288eb4880f31d01e34470aaf6cd7bc876029d533e3,2021-08-28,2021-08-24,2021-08-21,MODIS/061/MOD09Q1/2021_08_21,,1629504000000,2021-08-15,2021-07-16,2021
AOI-00,1546767a1ff01463f1bf4ea81cd86b44fbf42ba20f48c2d45d50120a3bab3ca5,MODIS/061/MOD09Q1,2021-07-04T00:00:00+00:00,SUPPORT_INTERVAL_OUTSIDE_NOMINAL_WINDOW,b21c8cc7f3d4d35e1db4dfa1c8245ff10ba657c0a0a001992b552808766cc49b,False,source-scenes-v1,2021-08-10,Terra MODIS,,061,061,dfee4840b368ae4101a170838cf0d1b2c10c565fc8e1e9d69371fd70bd35c429,modis,403a065bbf64b86edbc1233814689ceb46cc3b8c7fe649ec8b4a7bce8b291cab,2021-07-11,2021-07-07,2021-07-04,MODIS/061/MOD09Q1/2021_07_04,,1625356800000,2021-08-25,2021-07-26,2021
AOI-00,1546767a1ff01463f1bf4ea81cd86b44fbf42ba20f48c2d45d50120a3bab3ca5,MODIS/061/MOD09Q1,2021-07-12T00:00:00+00:00,SUPPORT_INTERVAL_OUTSIDE_NOMINAL_WINDOW,b21c8cc7f3d4d35e1db4dfa1c8245ff10ba657c0a0a001992b552808766cc49b,False,source-scenes-v1,2021-08-10,Terra MODIS,,061,061,dfee4840b368ae4101a170838cf0d1b2c10c565fc8e1e9d69371fd70bd35c429,modis,403a065bbf64b86edbc1233814689ceb46cc3b8c7fe649ec8b4a7bce8b291cab,2021-07-19,2021-07-15,2021-07-12,MODIS/061/MOD09Q1/2021_07_12,,1626048000000,2021-08-25,2021-07-26,2021
AOI-00,1546767a1ff01463f1bf4ea81cd86b44fbf42ba20f48c2d45d50120a3bab3ca5,MODIS/061/MOD09Q1,2021-07-20T00:00:00+00:00,,b21c8cc7f3d4d35e1db4dfa1c8245ff10ba657c0a0a001992b552808766cc49b,True,source-scenes-v1,2021-08-10,Terra MODIS,,061,061,dfee4840b368ae4101a170838cf0d1b2c10c565fc8e1e9d69371fd70bd35c429,modis,403a065bbf64b86edbc1233814689ceb46cc3b8c7fe649ec8b4a7bce8b291cab,2021-07-27,2021-07-23,2021-07-20,MODIS/061/MOD09Q1/2021_07_20,,1626739200000,2021-08-25,2021-07-26,2021
AOI-00,1546767a1ff01463f1bf4ea81cd86b44fbf42ba20f48c2d45d50120a3bab3ca5,MODIS/061/MOD09Q1,2021-07-28T00:00:00+00:00,,b21c8cc7f3d4d35e1db4dfa1c8245ff10ba657c0a0a001992b552808766cc49b,True,source-scenes-v1,2021-08-10,Terra MODIS,,061,061,dfee4840b368ae4101a170838cf0d1b2c10c565fc8e1e9d69371fd70bd35c429,modis,403a065bbf64b86edbc1233814689ceb46cc3b8c7fe649ec8b4a7bce8b291cab,2021-08-04,2021-07-31,2021-07-28,MODIS/061/MOD09Q1/2021_07_28,,1627430400000,2021-08-25,2021-07-26,2021
AOI-00,1546767a1ff01463f1bf4ea81cd86b44fbf42ba20f48c2d45d50120a3bab3ca5,MODIS/061/MOD09Q1,2021-08-05T00:00:00+00:00,,b21c8cc7f3d4d35e1db4dfa1c8245ff10ba657c0a0a001992b552808766cc49b,True,source-scenes-v1,2021-08-10,Terra MODIS,,061,061,dfee4840b368ae4101a170838cf0d1b2c10c565fc8e1e9d69371fd70bd35c429,modis,403a065bbf64b86edbc1233814689ceb46cc3b8c7fe649ec8b4a7bce8b291cab,2021-08-12,2021-08-08,2021-08-05,MODIS/061/MOD09Q1/2021_08_05,,1628121600000,2021-08-25,2021-07-26,2021
AOI-00,1546767a1ff01463f1bf4ea81cd86b44fbf42ba20f48c2d45d50120a3bab3ca5,MODIS/061/MOD09Q1,2021-08-13T00:00:00+00:00,,b21c8cc7f3d4d35e1db4dfa1c8245ff10ba657c0a0a001992b552808766cc49b,True,source-scenes-v1,2021-08-10,Terra MODIS,,061,061,dfee4840b368ae4101a170838cf0d1b2c10c565fc8e1e9d69371fd70bd35c429,modis,403a065bbf64b86edbc1233814689ceb46cc3b8c7fe649ec8b4a7bce8b291cab,2021-08-20,2021-08-16,2021-08-13,MODIS/061/MOD09Q1/2021_08_13,,1628812800000,2021-08-25,2021-07-26,2021
AOI-00,1546767a1ff01463f1bf4ea81cd86b44fbf42ba20f48c2d45d50120a3bab3ca5,MODIS/061/MOD09Q1,2021-08-21T00:00:00+00:00,,b21c8cc7f3d4d35e1db4dfa1c8245ff10ba657c0a0a001992b552808766cc49b,True,source-scenes-v1,2021-08-10,Terra MODIS,,061,061,dfee4840b368ae4101a170838cf0d1b2c10c565fc8e1e9d69371fd70bd35c429,modis,403a065bbf64b86edbc1233814689ceb46cc3b8c7fe649ec8b4a7bce8b291cab,2021-08-28,2021-08-24,2021-08-21,MODIS/061/MOD09Q1/2021_08_21,,1629504000000,2021-08-25,2021-07-26,2021
AOI-00,1546767a1ff01463f1bf4ea81cd86b44fbf42ba20f48c2d45d50120a3bab3ca5,MODIS/061/MOD09Q1,2022-07-04T00:00:00+00:00,,b21c8cc7f3d4d35e1db4dfa1c8245ff10ba657c0a0a001992b552808766cc49b,True,source-scenes-v1,2022-07-20,Terra MODIS,,061,061,905dcc88d32ba37a3e0a0c358e58676f24228826ca1ca422302bea6de3238cb1,modis,34ea9df1f1bb0e000d4e6a220e55b3200883eded133f34bd6178c647aad3e598,2022-07-11,2022-07-07,2022-07-04,MODIS/061/MOD09Q1/2022_07_04,,1656892800000,2022-08-04,2022-07-05,2022
AOI-00,1546767a1ff01463f1bf4ea81cd86b44fbf42ba20f48c2d45d50120a3bab3ca5,MODIS/061/MOD09Q1,2022-07-12T00:00:00+00:00,,b21c8cc7f3d4d35e1db4dfa1c8245ff10ba657c0a0a001992b552808766cc49b,True,source-scenes-v1,2022-07-20,Terra MODIS,,061,061,905dcc88d32ba37a3e0a0c358e58676f24228826ca1ca422302bea6de3238cb1,modis,34ea9df1f1bb0e000d4e6a220e55b3200883eded133f34bd6178c647aad3e598,2022-07-19,2022-07-15,2022-07-12,MODIS/061/MOD09Q1/2022_07_12,,1657584000000,2022-08-04,2022-07-05,2022
AOI-00,1546767a1ff01463f1bf4ea81cd86b44fbf42ba20f48c2d45d50120a3bab3ca5,MODIS/061/MOD09Q1,2022-07-20T00:00:00+00:00,,b21c8cc7f3d4d35e1db4dfa1c8245ff10ba657c0a0a001992b552808766cc49b,True,source-scenes-v1,2022-07-20,Terra MODIS,,061,061,905dcc88d32ba37a3e0a0c358e58676f24228826ca1ca422302bea6de3238cb1,modis,34ea9df1f1bb0e000d4e6a220e55b3200883eded133f34bd6178c647aad3e598,2022-07-27,2022-07-23,2022-07-20,MODIS/061/MOD09Q1/2022_07_20,,1658275200000,2022-08-04,2022-07-05,2022
AOI-00,1546767a1ff01463f1bf4ea81cd86b44fbf42ba20f48c2d45d50120a3bab3ca5,MODIS/061/MOD09Q1,2022-07-28T00:00:00+00:00,,b21c8cc7f3d4d35e1db4dfa1c8245ff10ba657c0a0a001992b552808766cc49b,True,source-scenes-v1,2022-07-20,Terra MODIS,,061,061,905dcc88d32ba37a3e0a0c358e58676f24228826ca1ca422302bea6de3238cb1,modis,34ea9df1f1bb0e000d4e6a220e55b3200883eded133f34bd6178c647aad3e598,2022-08-04,2022-07-31,2022-07-28,MODIS/061/MOD09Q1/2022_07_28,,1658966400000,2022-08-04,2022-07-05,2022
AOI-00,1546767a1ff01463f1bf4ea81cd86b44fbf42ba20f48c2d45d50120a3bab3ca5,MODIS/061/MOD09Q1,2022-08-05T00:00:00+00:00,SUPPORT_INTERVAL_OUTSIDE_NOMINAL_WINDOW,b21c8cc7f3d4d35e1db4dfa1c8245ff10ba657c0a0a001992b552808766cc49b,False,source-scenes-v1,2022-07-20,Terra MODIS,,061,061,905dcc88d32ba37a3e0a0c358e58676f24228826ca1ca422302bea6de3238cb1,modis,34ea9df1f1bb0e000d4e6a220e55b3200883eded133f34bd6178c647aad3e598,2022-08-12,2022-08-08,2022-08-05,MODIS/061/MOD09Q1/2022_08_05,,1659657600000,2022-08-04,2022-07-05,2022
AOI-00,1546767a1ff01463f1bf4ea81cd86b44fbf42ba20f48c2d45d50120a3bab3ca5,MODIS/061/MOD09Q1,2022-08-13T00:00:00+00:00,SUPPORT_INTERVAL_OUTSIDE_NOMINAL_WINDOW,b21c8cc7f3d4d35e1db4dfa1c8245ff10ba657c0a0a001992b552808766cc49b,False,source-scenes-v1,2022-07-20,Terra MODIS,,061,061,905dcc88d32ba37a3e0a0c358e58676f24228826ca1ca422302bea6de3238cb1,modis,34ea9df1f1bb0e000d4e6a220e55b3200883eded133f34bd6178c647aad3e598,2022-08-20,2022-08-16,2022-08-13,MODIS/061/MOD09Q1/2022_08_13,,1660348800000,2022-08-04,2022-07-05,2022
AOI-00,1546767a1ff01463f1bf4ea81cd86b44fbf42ba20f48c2d45d50120a3bab3ca5,MODIS/061/MOD09Q1,2022-08-21T00:00:00+00:00,SUPPORT_INTERVAL_OUTSIDE_NOMINAL_WINDOW,b21c8cc7f3d4d35e1db4dfa1c8245ff10ba657c0a0a001992b552808766cc49b,False,source-scenes-v1,2022-07-20,Terra MODIS,,061,061,905dcc88d32ba37a3e0a0c358e58676f24228826ca1ca422302bea6de3238cb1,modis,34ea9df1f1bb0e000d4e6a220e55b3200883eded133f34bd6178c647aad3e598,2022-08-28,2022-08-24,2022-08-21,MODIS/061/MOD09Q1/2022_08_21,,1661040000000,2022-08-04,2022-07-05,2022
AOI-00,1546767a1ff01463f1bf4ea81cd86b44fbf42ba20f48c2d45d50120a3bab3ca5,MODIS/061/MOD09Q1,2022-07-04T00:00:00+00:00,SUPPORT_INTERVAL_OUTSIDE_NOMINAL_WINDOW,b21c8cc7f3d4d35e1db4dfa1c8245ff10ba657c0a0a001992b552808766cc49b,False,source-scenes-v1,2022-07-31,Terra MODIS,,061,061,3fd96c0dd7e224da353e0f5c37b419ed68da5562aa315bb51b2e37135356fc3e,modis,d4383fa715aa3e9f10537d75715830d62a54c2e687d85476fe75536fc7a323e1,2022-07-11,2022-07-07,2022-07-04,MODIS/061/MOD09Q1/2022_07_04,,1656892800000,2022-08-15,2022-07-16,2022
AOI-00,1546767a1ff01463f1bf4ea81cd86b44fbf42ba20f48c2d45d50120a3bab3ca5,MODIS/061/MOD09Q1,2022-07-12T00:00:00+00:00,,b21c8cc7f3d4d35e1db4dfa1c8245ff10ba657c0a0a001992b552808766cc49b,True,source-scenes-v1,2022-07-31,Terra MODIS,,061,061,3fd96c0dd7e224da353e0f5c37b419ed68da5562aa315bb51b2e37135356fc3e,modis,d4383fa715aa3e9f10537d75715830d62a54c2e687d85476fe75536fc7a323e1,2022-07-19,2022-07-15,2022-07-12,MODIS/061/MOD09Q1/2022_07_12,,1657584000000,2022-08-15,2022-07-16,2022
AOI-00,1546767a1ff01463f1bf4ea81cd86b44fbf42ba20f48c2d45d50120a3bab3ca5,MODIS/061/MOD09Q1,2022-07-20T00:00:00+00:00,,b21c8cc7f3d4d35e1db4dfa1c8245ff10ba657c0a0a001992b552808766cc49b,True,source-scenes-v1,2022-07-31,Terra MODIS,,061,061,3fd96c0dd7e224da353e0f5c37b419ed68da5562aa315bb51b2e37135356fc3e,modis,d4383fa715aa3e9f10537d75715830d62a54c2e687d85476fe75536fc7a323e1,2022-07-27,2022-07-23,2022-07-20,MODIS/061/MOD09Q1/2022_07_20,,1658275200000,2022-08-15,2022-07-16,2022
AOI-00,1546767a1ff01463f1bf4ea81cd86b44fbf42ba20f48c2d45d50120a3bab3ca5,MODIS/061/MOD09Q1,2022-07-28T00:00:00+00:00,,b21c8cc7f3d4d35e1db4dfa1c8245ff10ba657c0a0a001992b552808766cc49b,True,source-scenes-v1,2022-07-31,Terra MODIS,,061,061,3fd96c0dd7e224da353e0f5c37b419ed68da5562aa315bb51b2e37135356fc3e,modis,d4383fa715aa3e9f10537d75715830d62a54c2e687d85476fe75536fc7a323e1,2022-08-04,2022-07-31,2022-07-28,MODIS/061/MOD09Q1/2022_07_28,,1658966400000,2022-08-15,2022-07-16,2022
AOI-00,1546767a1ff01463f1bf4ea81cd86b44fbf42ba20f48c2d45d50120a3bab3ca5,MODIS/061/MOD09Q1,2022-08-05T00:00:00+00:00,,b21c8cc7f3d4d35e1db4dfa1c8245ff10ba657c0a0a001992b552808766cc49b,True,source-scenes-v1,2022-07-31,Terra MODIS,,061,061,3fd96c0dd7e224da353e0f5c37b419ed68da5562aa315bb51b2e37135356fc3e,modis,d4383fa715aa3e9f10537d75715830d62a54c2e687d85476fe75536fc7a323e1,2022-08-12,2022-08-08,2022-08-05,MODIS/061/MOD09Q1/2022_08_05,,1659657600000,2022-08-15,2022-07-16,2022
AOI-00,1546767a1ff01463f1bf4ea81cd86b44fbf42ba20f48c2d45d50120a3bab3ca5,MODIS/061/MOD09Q1,2022-08-13T00:00:00+00:00,,b21c8cc7f3d4d35e1db4dfa1c8245ff10ba657c0a0a001992b552808766cc49b,True,source-scenes-v1,2022-07-31,Terra MODIS,,061,061,3fd96c0dd7e224da353e0f5c37b419ed68da5562aa315bb51b2e37135356fc3e,modis,d4383fa715aa3e9f10537d75715830d62a54c2e687d85476fe75536fc7a323e1,2022-08-20,2022-08-16,2022-08-13,MODIS/061/MOD09Q1/2022_08_13,,1660348800000,2022-08-15,2022-07-16,2022
AOI-00,1546767a1ff01463f1bf4ea81cd86b44fbf42ba20f48c2d45d50120a3bab3ca5,MODIS/061/MOD09Q1,2022-08-21T00:00:00+00:00,SUPPORT_INTERVAL_OUTSIDE_NOMINAL_WINDOW,b21c8cc7f3d4d35e1db4dfa1c8245ff10ba657c0a0a001992b552808766cc49b,False,source-scenes-v1,2022-07-31,Terra MODIS,,061,061,3fd96c0dd7e224da353e0f5c37b419ed68da5562aa315bb51b2e37135356fc3e,modis,d4383fa715aa3e9f10537d75715830d62a54c2e687d85476fe75536fc7a323e1,2022-08-28,2022-08-24,2022-08-21,MODIS/061/MOD09Q1/2022_08_21,,1661040000000,2022-08-15,2022-07-16,2022
AOI-00,1546767a1ff01463f1bf4ea81cd86b44fbf42ba20f48c2d45d50120a3bab3ca5,MODIS/061/MOD09Q1,2022-07-04T00:00:00+00:00,SUPPORT_INTERVAL_OUTSIDE_NOMINAL_WINDOW,b21c8cc7f3d4d35e1db4dfa1c8245ff10ba657c0a0a001992b552808766cc49b,False,source-scenes-v1,2022-08-10,Terra MODIS,,061,061,f7a8670e4a939a93612fdc136f26843eee441216eb74d61635ecc3d972e3144f,modis,e4a3223d0b483fb234a30a1ebfb98b9ef55582c06992a0a76414027c8e2b8046,2022-07-11,2022-07-07,2022-07-04,MODIS/061/MOD09Q1/2022_07_04,,1656892800000,2022-08-25,2022-07-26,2022
AOI-00,1546767a1ff01463f1bf4ea81cd86b44fbf42ba20f48c2d45d50120a3bab3ca5,MODIS/061/MOD09Q1,2022-07-12T00:00:00+00:00,SUPPORT_INTERVAL_OUTSIDE_NOMINAL_WINDOW,b21c8cc7f3d4d35e1db4dfa1c8245ff10ba657c0a0a001992b552808766cc49b,False,source-scenes-v1,2022-08-10,Terra MODIS,,061,061,f7a8670e4a939a93612fdc136f26843eee441216eb74d61635ecc3d972e3144f,modis,e4a3223d0b483fb234a30a1ebfb98b9ef55582c06992a0a76414027c8e2b8046,2022-07-19,2022-07-15,2022-07-12,MODIS/061/MOD09Q1/2022_07_12,,1657584000000,2022-08-25,2022-07-26,2022
AOI-00,1546767a1ff01463f1bf4ea81cd86b44fbf42ba20f48c2d45d50120a3bab3ca5,MODIS/061/MOD09Q1,2022-07-20T00:00:00+00:00,,b21c8cc7f3d4d35e1db4dfa1c8245ff10ba657c0a0a001992b552808766cc49b,True,source-scenes-v1,2022-08-10,Terra MODIS,,061,061,f7a8670e4a939a93612fdc136f26843eee441216eb74d61635ecc3d972e3144f,modis,e4a3223d0b483fb234a30a1ebfb98b9ef55582c06992a0a76414027c8e2b8046,2022-07-27,2022-07-23,2022-07-20,MODIS/061/MOD09Q1/2022_07_20,,1658275200000,2022-08-25,2022-07-26,2022
AOI-00,1546767a1ff01463f1bf4ea81cd86b44fbf42ba20f48c2d45d50120a3bab3ca5,MODIS/061/MOD09Q1,2022-07-28T00:00:00+00:00,,b21c8cc7f3d4d35e1db4dfa1c8245ff10ba657c0a0a001992b552808766cc49b,True,source-scenes-v1,2022-08-10,Terra MODIS,,061,061,f7a8670e4a939a93612fdc136f26843eee441216eb74d61635ecc3d972e3144f,modis,e4a3223d0b483fb234a30a1ebfb98b9ef55582c06992a0a76414027c8e2b8046,2022-08-04,2022-07-31,2022-07-28,MODIS/061/MOD09Q1/2022_07_28,,1658966400000,2022-08-25,2022-07-26,2022
AOI-00,1546767a1ff01463f1bf4ea81cd86b44fbf42ba20f48c2d45d50120a3bab3ca5,MODIS/061/MOD09Q1,2022-08-05T00:00:00+00:00,,b21c8cc7f3d4d35e1db4dfa1c8245ff10ba657c0a0a001992b552808766cc49b,True,source-scenes-v1,2022-08-10,Terra MODIS,,061,061,f7a8670e4a939a93612fdc136f26843eee441216eb74d61635ecc3d972e3144f,modis,e4a3223d0b483fb234a30a1ebfb98b9ef55582c06992a0a76414027c8e2b8046,2022-08-12,2022-08-08,2022-08-05,MODIS/061/MOD09Q1/2022_08_05,,1659657600000,2022-08-25,2022-07-26,2022
AOI-00,1546767a1ff01463f1bf4ea81cd86b44fbf42ba20f48c2d45d50120a3bab3ca5,MODIS/061/MOD09Q1,2022-08-13T00:00:00+00:00,,b21c8cc7f3d4d35e1db4dfa1c8245ff10ba657c0a0a001992b552808766cc49b,True,source-scenes-v1,2022-08-10,Terra MODIS,,061,061,f7a8670e4a939a93612fdc136f26843eee441216eb74d61635ecc3d972e3144f,modis,e4a3223d0b483fb234a30a1ebfb98b9ef55582c06992a0a76414027c8e2b8046,2022-08-20,2022-08-16,2022-08-13,MODIS/061/MOD09Q1/2022_08_13,,1660348800000,2022-08-25,2022-07-26,2022
AOI-00,1546767a1ff01463f1bf4ea81cd86b44fbf42ba20f48c2d45d50120a3bab3ca5,MODIS/061/MOD09Q1,2022-08-21T00:00:00+00:00,,b21c8cc7f3d4d35e1db4dfa1c8245ff10ba657c0a0a001992b552808766cc49b,True,source-scenes-v1,2022-08-10,Terra MODIS,,061,061,f7a8670e4a939a93612fdc136f26843eee441216eb74d61635ecc3d972e3144f,modis,e4a3223d0b483fb234a30a1ebfb98b9ef55582c06992a0a76414027c8e2b8046,2022-08-28,2022-08-24,2022-08-21,MODIS/061/MOD09Q1/2022_08_21,,1661040000000,2022-08-25,2022-07-26,2022
AOI-00,1546767a1ff01463f1bf4ea81cd86b44fbf42ba20f48c2d45d50120a3bab3ca5,MODIS/061/MOD09Q1,2023-07-04T00:00:00+00:00,,b21c8cc7f3d4d35e1db4dfa1c8245ff10ba657c0a0a001992b552808766cc49b,True,source-scenes-v1,2023-07-20,Terra MODIS,,061,061,a7fac44b51950ccb472e790b085aad2bc9cbe76b8bf0c76cbce2ded416eee084,modis,af6cdb58df2d1ae20188217b4c29afca20c80a5f0ab50e31ab12a888b2f73a6c,2023-07-11,2023-07-07,2023-07-04,MODIS/061/MOD09Q1/2023_07_04,,1688428800000,2023-08-04,2023-07-05,2023
AOI-00,1546767a1ff01463f1bf4ea81cd86b44fbf42ba20f48c2d45d50120a3bab3ca5,MODIS/061/MOD09Q1,2023-07-12T00:00:00+00:00,,b21c8cc7f3d4d35e1db4dfa1c8245ff10ba657c0a0a001992b552808766cc49b,True,source-scenes-v1,2023-07-20,Terra MODIS,,061,061,a7fac44b51950ccb472e790b085aad2bc9cbe76b8bf0c76cbce2ded416eee084,modis,af6cdb58df2d1ae20188217b4c29afca20c80a5f0ab50e31ab12a888b2f73a6c,2023-07-19,2023-07-15,2023-07-12,MODIS/061/MOD09Q1/2023_07_12,,1689120000000,2023-08-04,2023-07-05,2023
AOI-00,1546767a1ff01463f1bf4ea81cd86b44fbf42ba20f48c2d45d50120a3bab3ca5,MODIS/061/MOD09Q1,2023-07-20T00:00:00+00:00,,b21c8cc7f3d4d35e1db4dfa1c8245ff10ba657c0a0a001992b552808766cc49b,True,source-scenes-v1,2023-07-20,Terra MODIS,,061,061,a7fac44b51950ccb472e790b085aad2bc9cbe76b8bf0c76cbce2ded416eee084,modis,af6cdb58df2d1ae20188217b4c29afca20c80a5f0ab50e31ab12a888b2f73a6c,2023-07-27,2023-07-23,2023-07-20,MODIS/061/MOD09Q1/2023_07_20,,1689811200000,2023-08-04,2023-07-05,2023
AOI-00,1546767a1ff01463f1bf4ea81cd86b44fbf42ba20f48c2d45d50120a3bab3ca5,MODIS/061/MOD09Q1,2023-07-28T00:00:00+00:00,,b21c8cc7f3d4d35e1db4dfa1c8245ff10ba657c0a0a001992b552808766cc49b,True,source-scenes-v1,2023-07-20,Terra MODIS,,061,061,a7fac44b51950ccb472e790b085aad2bc9cbe76b8bf0c76cbce2ded416eee084,modis,af6cdb58df2d1ae20188217b4c29afca20c80a5f0ab50e31ab12a888b2f73a6c,2023-08-04,2023-07-31,2023-07-28,MODIS/061/MOD09Q1/2023_07_28,,1690502400000,2023-08-04,2023-07-05,2023
AOI-00,1546767a1ff01463f1bf4ea81cd86b44fbf42ba20f48c2d45d50120a3bab3ca5,MODIS/061/MOD09Q1,2023-08-05T00:00:00+00:00,SUPPORT_INTERVAL_OUTSIDE_NOMINAL_WINDOW,b21c8cc7f3d4d35e1db4dfa1c8245ff10ba657c0a0a001992b552808766cc49b,False,source-scenes-v1,2023-07-20,Terra MODIS,,061,061,a7fac44b51950ccb472e790b085aad2bc9cbe76b8bf0c76cbce2ded416eee084,modis,af6cdb58df2d1ae20188217b4c29afca20c80a5f0ab50e31ab12a888b2f73a6c,2023-08-12,2023-08-08,2023-08-05,MODIS/061/MOD09Q1/2023_08_05,,1691193600000,2023-08-04,2023-07-05,2023
AOI-00,1546767a1ff01463f1bf4ea81cd86b44fbf42ba20f48c2d45d50120a3bab3ca5,MODIS/061/MOD09Q1,2023-08-13T00:00:00+00:00,SUPPORT_INTERVAL_OUTSIDE_NOMINAL_WINDOW,b21c8cc7f3d4d35e1db4dfa1c8245ff10ba657c0a0a001992b552808766cc49b,False,source-scenes-v1,2023-07-20,Terra MODIS,,061,061,a7fac44b51950ccb472e790b085aad2bc9cbe76b8bf0c76cbce2ded416eee084,modis,af6cdb58df2d1ae20188217b4c29afca20c80a5f0ab50e31ab12a888b2f73a6c,2023-08-20,2023-08-16,2023-08-13,MODIS/061/MOD09Q1/2023_08_13,,1691884800000,2023-08-04,2023-07-05,2023
AOI-00,1546767a1ff01463f1bf4ea81cd86b44fbf42ba20f48c2d45d50120a3bab3ca5,MODIS/061/MOD09Q1,2023-08-21T00:00:00+00:00,SUPPORT_INTERVAL_OUTSIDE_NOMINAL_WINDOW,b21c8cc7f3d4d35e1db4dfa1c8245ff10ba657c0a0a001992b552808766cc49b,False,source-scenes-v1,2023-07-20,Terra MODIS,,061,061,a7fac44b51950ccb472e790b085aad2bc9cbe76b8bf0c76cbce2ded416eee084,modis,af6cdb58df2d1ae20188217b4c29afca20c80a5f0ab50e31ab12a888b2f73a6c,2023-08-28,2023-08-24,2023-08-21,MODIS/061/MOD09Q1/2023_08_21,,1692576000000,2023-08-04,2023-07-05,2023
AOI-00,1546767a1ff01463f1bf4ea81cd86b44fbf42ba20f48c2d45d50120a3bab3ca5,MODIS/061/MOD09Q1,2023-07-04T00:00:00+00:00,SUPPORT_INTERVAL_OUTSIDE_NOMINAL_WINDOW,b21c8cc7f3d4d35e1db4dfa1c8245ff10ba657c0a0a001992b552808766cc49b,False,source-scenes-v1,2023-07-31,Terra MODIS,,061,061,7a0b5f1f1798769696d25d1a84c6eeb32ffe4c3002ae69b97d48d9972aab6b42,modis,fd994f812b594df58003d5719d4ab87afb0e26deaa8c9f925e10b05ddf3ec932,2023-07-11,2023-07-07,2023-07-04,MODIS/061/MOD09Q1/2023_07_04,,1688428800000,2023-08-15,2023-07-16,2023
AOI-00,1546767a1ff01463f1bf4ea81cd86b44fbf42ba20f48c2d45d50120a3bab3ca5,MODIS/061/MOD09Q1,2023-07-12T00:00:00+00:00,,b21c8cc7f3d4d35e1db4dfa1c8245ff10ba657c0a0a001992b552808766cc49b,True,source-scenes-v1,2023-07-31,Terra MODIS,,061,061,7a0b5f1f1798769696d25d1a84c6eeb32ffe4c3002ae69b97d48d9972aab6b42,modis,fd994f812b594df58003d5719d4ab87afb0e26deaa8c9f925e10b05ddf3ec932,2023-07-19,2023-07-15,2023-07-12,MODIS/061/MOD09Q1/2023_07_12,,1689120000000,2023-08-15,2023-07-16,2023
AOI-00,1546767a1ff01463f1bf4ea81cd86b44fbf42ba20f48c2d45d50120a3bab3ca5,MODIS/061/MOD09Q1,2023-07-20T00:00:00+00:00,,b21c8cc7f3d4d35e1db4dfa1c8245ff10ba657c0a0a001992b552808766cc49b,True,source-scenes-v1,2023-07-31,Terra MODIS,,061,061,7a0b5f1f1798769696d25d1a84c6eeb32ffe4c3002ae69b97d48d9972aab6b42,modis,fd994f812b594df58003d5719d4ab87afb0e26deaa8c9f925e10b05ddf3ec932,2023-07-27,2023-07-23,2023-07-20,MODIS/061/MOD09Q1/2023_07_20,,1689811200000,2023-08-15,2023-07-16,2023
AOI-00,1546767a1ff01463f1bf4ea81cd86b44fbf42ba20f48c2d45d50120a3bab3ca5,MODIS/061/MOD09Q1,2023-07-28T00:00:00+00:00,,b21c8cc7f3d4d35e1db4dfa1c8245ff10ba657c0a0a001992b552808766cc49b,True,source-scenes-v1,2023-07-31,Terra MODIS,,061,061,7a0b5f1f1798769696d25d1a84c6eeb32ffe4c3002ae69b97d48d9972aab6b42,modis,fd994f812b594df58003d5719d4ab87afb0e26deaa8c9f925e10b05ddf3ec932,2023-08-04,2023-07-31,2023-07-28,MODIS/061/MOD09Q1/2023_07_28,,1690502400000,2023-08-15,2023-07-16,2023
AOI-00,1546767a1ff01463f1bf4ea81cd86b44fbf42ba20f48c2d45d50120a3bab3ca5,MODIS/061/MOD09Q1,2023-08-05T00:00:00+00:00,,b21c8cc7f3d4d35e1db4dfa1c8245ff10ba657c0a0a001992b552808766cc49b,True,source-scenes-v1,2023-07-31,Terra MODIS,,061,061,7a0b5f1f1798769696d25d1a84c6eeb32ffe4c3002ae69b97d48d9972aab6b42,modis,fd994f812b594df58003d5719d4ab87afb0e26deaa8c9f925e10b05ddf3ec932,2023-08-12,2023-08-08,2023-08-05,MODIS/061/MOD09Q1/2023_08_05,,1691193600000,2023-08-15,2023-07-16,2023
AOI-00,1546767a1ff01463f1bf4ea81cd86b44fbf42ba20f48c2d45d50120a3bab3ca5,MODIS/061/MOD09Q1,2023-08-13T00:00:00+00:00,,b21c8cc7f3d4d35e1db4dfa1c8245ff10ba657c0a0a001992b552808766cc49b,True,source-scenes-v1,2023-07-31,Terra MODIS,,061,061,7a0b5f1f1798769696d25d1a84c6eeb32ffe4c3002ae69b97d48d9972aab6b42,modis,fd994f812b594df58003d5719d4ab87afb0e26deaa8c9f925e10b05ddf3ec932,2023-08-20,2023-08-16,2023-08-13,MODIS/061/MOD09Q1/2023_08_13,,1691884800000,2023-08-15,2023-07-16,2023
AOI-00,1546767a1ff01463f1bf4ea81cd86b44fbf42ba20f48c2d45d50120a3bab3ca5,MODIS/061/MOD09Q1,2023-08-21T00:00:00+00:00,SUPPORT_INTERVAL_OUTSIDE_NOMINAL_WINDOW,b21c8cc7f3d4d35e1db4dfa1c8245ff10ba657c0a0a001992b552808766cc49b,False,source-scenes-v1,2023-07-31,Terra MODIS,,061,061,7a0b5f1f1798769696d25d1a84c6eeb32ffe4c3002ae69b97d48d9972aab6b42,modis,fd994f812b594df58003d5719d4ab87afb0e26deaa8c9f925e10b05ddf3ec932,2023-08-28,2023-08-24,2023-08-21,MODIS/061/MOD09Q1/2023_08_21,,1692576000000,2023-08-15,2023-07-16,2023
AOI-00,1546767a1ff01463f1bf4ea81cd86b44fbf42ba20f48c2d45d50120a3bab3ca5,MODIS/061/MOD09Q1,2023-07-04T00:00:00+00:00,SUPPORT_INTERVAL_OUTSIDE_NOMINAL_WINDOW,b21c8cc7f3d4d35e1db4dfa1c8245ff10ba657c0a0a001992b552808766cc49b,False,source-scenes-v1,2023-08-10,Terra MODIS,,061,061,e90404c44266ab199b4511d10af5bb01e45856fcccfb95e7e3479de2d112e38a,modis,f99fccd7074a66a0142bf7547d2a71dc45e394b7690471937565dff331210c86,2023-07-11,2023-07-07,2023-07-04,MODIS/061/MOD09Q1/2023_07_04,,1688428800000,2023-08-25,2023-07-26,2023
AOI-00,1546767a1ff01463f1bf4ea81cd86b44fbf42ba20f48c2d45d50120a3bab3ca5,MODIS/061/MOD09Q1,2023-07-12T00:00:00+00:00,SUPPORT_INTERVAL_OUTSIDE_NOMINAL_WINDOW,b21c8cc7f3d4d35e1db4dfa1c8245ff10ba657c0a0a001992b552808766cc49b,False,source-scenes-v1,2023-08-10,Terra MODIS,,061,061,e90404c44266ab199b4511d10af5bb01e45856fcccfb95e7e3479de2d112e38a,modis,f99fccd7074a66a0142bf7547d2a71dc45e394b7690471937565dff331210c86,2023-07-19,2023-07-15,2023-07-12,MODIS/061/MOD09Q1/2023_07_12,,1689120000000,2023-08-25,2023-07-26,2023
AOI-00,1546767a1ff01463f1bf4ea81cd86b44fbf42ba20f48c2d45d50120a3bab3ca5,MODIS/061/MOD09Q1,2023-07-20T00:00:00+00:00,,b21c8cc7f3d4d35e1db4dfa1c8245ff10ba657c0a0a001992b552808766cc49b,True,source-scenes-v1,2023-08-10,Terra MODIS,,061,061,e90404c44266ab199b4511d10af5bb01e45856fcccfb95e7e3479de2d112e38a,modis,f99fccd7074a66a0142bf7547d2a71dc45e394b7690471937565dff331210c86,2023-07-27,2023-07-23,2023-07-20,MODIS/061/MOD09Q1/2023_07_20,,1689811200000,2023-08-25,2023-07-26,2023
AOI-00,1546767a1ff01463f1bf4ea81cd86b44fbf42ba20f48c2d45d50120a3bab3ca5,MODIS/061/MOD09Q1,2023-07-28T00:00:00+00:00,,b21c8cc7f3d4d35e1db4dfa1c8245ff10ba657c0a0a001992b552808766cc49b,True,source-scenes-v1,2023-08-10,Terra MODIS,,061,061,e90404c44266ab199b4511d10af5bb01e45856fcccfb95e7e3479de2d112e38a,modis,f99fccd7074a66a0142bf7547d2a71dc45e394b7690471937565dff331210c86,2023-08-04,2023-07-31,2023-07-28,MODIS/061/MOD09Q1/2023_07_28,,1690502400000,2023-08-25,2023-07-26,2023
AOI-00,1546767a1ff01463f1bf4ea81cd86b44fbf42ba20f48c2d45d50120a3bab3ca5,MODIS/061/MOD09Q1,2023-08-05T00:00:00+00:00,,b21c8cc7f3d4d35e1db4dfa1c8245ff10ba657c0a0a001992b552808766cc49b,True,source-scenes-v1,2023-08-10,Terra MODIS,,061,061,e90404c44266ab199b4511d10af5bb01e45856fcccfb95e7e3479de2d112e38a,modis,f99fccd7074a66a0142bf7547d2a71dc45e394b7690471937565dff331210c86,2023-08-12,2023-08-08,2023-08-05,MODIS/061/MOD09Q1/2023_08_05,,1691193600000,2023-08-25,2023-07-26,2023
AOI-00,1546767a1ff01463f1bf4ea81cd86b44fbf42ba20f48c2d45d50120a3bab3ca5,MODIS/061/MOD09Q1,2023-08-13T00:00:00+00:00,,b21c8cc7f3d4d35e1db4dfa1c8245ff10ba657c0a0a001992b552808766cc49b,True,source-scenes-v1,2023-08-10,Terra MODIS,,061,061,e90404c44266ab199b4511d10af5bb01e45856fcccfb95e7e3479de2d112e38a,modis,f99fccd7074a66a0142bf7547d2a71dc45e394b7690471937565dff331210c86,2023-08-20,2023-08-16,2023-08-13,MODIS/061/MOD09Q1/2023_08_13,,1691884800000,2023-08-25,2023-07-26,2023
AOI-00,1546767a1ff01463f1bf4ea81cd86b44fbf42ba20f48c2d45d50120a3bab3ca5,MODIS/061/MOD09Q1,2023-08-21T00:00:00+00:00,,b21c8cc7f3d4d35e1db4dfa1c8245ff10ba657c0a0a001992b552808766cc49b,True,source-scenes-v1,2023-08-10,Terra MODIS,,061,061,e90404c44266ab199b4511d10af5bb01e45856fcccfb95e7e3479de2d112e38a,modis,f99fccd7074a66a0142bf7547d2a71dc45e394b7690471937565dff331210c86,2023-08-28,2023-08-24,2023-08-21,MODIS/061/MOD09Q1/2023_08_21,,1692576000000,2023-08-25,2023-07-26,2023
AOI-00,1546767a1ff01463f1bf4ea81cd86b44fbf42ba20f48c2d45d50120a3bab3ca5,MODIS/061/MOD09Q1,2024-07-03T00:00:00+00:00,,b21c8cc7f3d4d35e1db4dfa1c8245ff10ba657c0a0a001992b552808766cc49b,True,source-scenes-v1,2024-07-20,Terra MODIS,,061,061,986b063ada4b90d085ba1046fb3591548e1ca3af56459fd31b964b34adb27840,modis,db4495bb4f920d46e6c5f350d7d3cbeb4f88da43376d618b81f526b45b2d60a5,2024-07-10,2024-07-06,2024-07-03,MODIS/061/MOD09Q1/2024_07_03,,1719964800000,2024-08-04,2024-07-05,2024
AOI-00,1546767a1ff01463f1bf4ea81cd86b44fbf42ba20f48c2d45d50120a3bab3ca5,MODIS/061/MOD09Q1,2024-07-11T00:00:00+00:00,,b21c8cc7f3d4d35e1db4dfa1c8245ff10ba657c0a0a001992b552808766cc49b,True,source-scenes-v1,2024-07-20,Terra MODIS,,061,061,986b063ada4b90d085ba1046fb3591548e1ca3af56459fd31b964b34adb27840,modis,db4495bb4f920d46e6c5f350d7d3cbeb4f88da43376d618b81f526b45b2d60a5,2024-07-18,2024-07-14,2024-07-11,MODIS/061/MOD09Q1/2024_07_11,,1720656000000,2024-08-04,2024-07-05,2024
AOI-00,1546767a1ff01463f1bf4ea81cd86b44fbf42ba20f48c2d45d50120a3bab3ca5,MODIS/061/MOD09Q1,2024-07-19T00:00:00+00:00,,b21c8cc7f3d4d35e1db4dfa1c8245ff10ba657c0a0a001992b552808766cc49b,True,source-scenes-v1,2024-07-20,Terra MODIS,,061,061,986b063ada4b90d085ba1046fb3591548e1ca3af56459fd31b964b34adb27840,modis,db4495bb4f920d46e6c5f350d7d3cbeb4f88da43376d618b81f526b45b2d60a5,2024-07-26,2024-07-22,2024-07-19,MODIS/061/MOD09Q1/2024_07_19,,1721347200000,2024-08-04,2024-07-05,2024
AOI-00,1546767a1ff01463f1bf4ea81cd86b44fbf42ba20f48c2d45d50120a3bab3ca5,MODIS/061/MOD09Q1,2024-07-27T00:00:00+00:00,,b21c8cc7f3d4d35e1db4dfa1c8245ff10ba657c0a0a001992b552808766cc49b,True,source-scenes-v1,2024-07-20,Terra MODIS,,061,061,986b063ada4b90d085ba1046fb3591548e1ca3af56459fd31b964b34adb27840,modis,db4495bb4f920d46e6c5f350d7d3cbeb4f88da43376d618b81f526b45b2d60a5,2024-08-03,2024-07-30,2024-07-27,MODIS/061/MOD09Q1/2024_07_27,,1722038400000,2024-08-04,2024-07-05,2024
AOI-00,1546767a1ff01463f1bf4ea81cd86b44fbf42ba20f48c2d45d50120a3bab3ca5,MODIS/061/MOD09Q1,2024-08-04T00:00:00+00:00,,b21c8cc7f3d4d35e1db4dfa1c8245ff10ba657c0a0a001992b552808766cc49b,True,source-scenes-v1,2024-07-20,Terra MODIS,,061,061,986b063ada4b90d085ba1046fb3591548e1ca3af56459fd31b964b34adb27840,modis,db4495bb4f920d46e6c5f350d7d3cbeb4f88da43376d618b81f526b45b2d60a5,2024-08-11,2024-08-07,2024-08-04,MODIS/061/MOD09Q1/2024_08_04,,1722729600000,2024-08-04,2024-07-05,2024
AOI-00,1546767a1ff01463f1bf4ea81cd86b44fbf42ba20f48c2d45d50120a3bab3ca5,MODIS/061/MOD09Q1,2024-08-12T00:00:00+00:00,SUPPORT_INTERVAL_OUTSIDE_NOMINAL_WINDOW,b21c8cc7f3d4d35e1db4dfa1c8245ff10ba657c0a0a001992b552808766cc49b,False,source-scenes-v1,2024-07-20,Terra MODIS,,061,061,986b063ada4b90d085ba1046fb3591548e1ca3af56459fd31b964b34adb27840,modis,db4495bb4f920d46e6c5f350d7d3cbeb4f88da43376d618b81f526b45b2d60a5,2024-08-19,2024-08-15,2024-08-12,MODIS/061/MOD09Q1/2024_08_12,,1723420800000,2024-08-04,2024-07-05,2024
AOI-00,1546767a1ff01463f1bf4ea81cd86b44fbf42ba20f48c2d45d50120a3bab3ca5,MODIS/061/MOD09Q1,2024-08-20T00:00:00+00:00,SUPPORT_INTERVAL_OUTSIDE_NOMINAL_WINDOW,b21c8cc7f3d4d35e1db4dfa1c8245ff10ba657c0a0a001992b552808766cc49b,False,source-scenes-v1,2024-07-20,Terra MODIS,,061,061,986b063ada4b90d085ba1046fb3591548e1ca3af56459fd31b964b34adb27840,modis,db4495bb4f920d46e6c5f350d7d3cbeb4f88da43376d618b81f526b45b2d60a5,2024-08-27,2024-08-23,2024-08-20,MODIS/061/MOD09Q1/2024_08_20,,1724112000000,2024-08-04,2024-07-05,2024
AOI-00,1546767a1ff01463f1bf4ea81cd86b44fbf42ba20f48c2d45d50120a3bab3ca5,MODIS/061/MOD09Q1,2024-07-03T00:00:00+00:00,SUPPORT_INTERVAL_OUTSIDE_NOMINAL_WINDOW,b21c8cc7f3d4d35e1db4dfa1c8245ff10ba657c0a0a001992b552808766cc49b,False,source-scenes-v1,2024-07-31,Terra MODIS,,061,061,d4c048cd5db87657546862c97b9d71592dca4fcbeb1010c621bffd5ba9f2b76e,modis,d587bf33585877e5bef5516701fd9f929d956c06c318619b950210c87fc1307d,2024-07-10,2024-07-06,2024-07-03,MODIS/061/MOD09Q1/2024_07_03,,1719964800000,2024-08-15,2024-07-16,2024
AOI-00,1546767a1ff01463f1bf4ea81cd86b44fbf42ba20f48c2d45d50120a3bab3ca5,MODIS/061/MOD09Q1,2024-07-11T00:00:00+00:00,,b21c8cc7f3d4d35e1db4dfa1c8245ff10ba657c0a0a001992b552808766cc49b,True,source-scenes-v1,2024-07-31,Terra MODIS,,061,061,d4c048cd5db87657546862c97b9d71592dca4fcbeb1010c621bffd5ba9f2b76e,modis,d587bf33585877e5bef5516701fd9f929d956c06c318619b950210c87fc1307d,2024-07-18,2024-07-14,2024-07-11,MODIS/061/MOD09Q1/2024_07_11,,1720656000000,2024-08-15,2024-07-16,2024
AOI-00,1546767a1ff01463f1bf4ea81cd86b44fbf42ba20f48c2d45d50120a3bab3ca5,MODIS/061/MOD09Q1,2024-07-19T00:00:00+00:00,,b21c8cc7f3d4d35e1db4dfa1c8245ff10ba657c0a0a001992b552808766cc49b,True,source-scenes-v1,2024-07-31,Terra MODIS,,061,061,d4c048cd5db87657546862c97b9d71592dca4fcbeb1010c621bffd5ba9f2b76e,modis,d587bf33585877e5bef5516701fd9f929d956c06c318619b950210c87fc1307d,2024-07-26,2024-07-22,2024-07-19,MODIS/061/MOD09Q1/2024_07_19,,1721347200000,2024-08-15,2024-07-16,2024
AOI-00,1546767a1ff01463f1bf4ea81cd86b44fbf42ba20f48c2d45d50120a3bab3ca5,MODIS/061/MOD09Q1,2024-07-27T00:00:00+00:00,,b21c8cc7f3d4d35e1db4dfa1c8245ff10ba657c0a0a001992b552808766cc49b,True,source-scenes-v1,2024-07-31,Terra MODIS,,061,061,d4c048cd5db87657546862c97b9d71592dca4fcbeb1010c621bffd5ba9f2b76e,modis,d587bf33585877e5bef5516701fd9f929d956c06c318619b950210c87fc1307d,2024-08-03,2024-07-30,2024-07-27,MODIS/061/MOD09Q1/2024_07_27,,1722038400000,2024-08-15,2024-07-16,2024
AOI-00,1546767a1ff01463f1bf4ea81cd86b44fbf42ba20f48c2d45d50120a3bab3ca5,MODIS/061/MOD09Q1,2024-08-04T00:00:00+00:00,,b21c8cc7f3d4d35e1db4dfa1c8245ff10ba657c0a0a001992b552808766cc49b,True,source-scenes-v1,2024-07-31,Terra MODIS,,061,061,d4c048cd5db87657546862c97b9d71592dca4fcbeb1010c621bffd5ba9f2b76e,modis,d587bf33585877e5bef5516701fd9f929d956c06c318619b950210c87fc1307d,2024-08-11,2024-08-07,2024-08-04,MODIS/061/MOD09Q1/2024_08_04,,1722729600000,2024-08-15,2024-07-16,2024
AOI-00,1546767a1ff01463f1bf4ea81cd86b44fbf42ba20f48c2d45d50120a3bab3ca5,MODIS/061/MOD09Q1,2024-08-12T00:00:00+00:00,,b21c8cc7f3d4d35e1db4dfa1c8245ff10ba657c0a0a001992b552808766cc49b,True,source-scenes-v1,2024-07-31,Terra MODIS,,061,061,d4c048cd5db87657546862c97b9d71592dca4fcbeb1010c621bffd5ba9f2b76e,modis,d587bf33585877e5bef5516701fd9f929d956c06c318619b950210c87fc1307d,2024-08-19,2024-08-15,2024-08-12,MODIS/061/MOD09Q1/2024_08_12,,1723420800000,2024-08-15,2024-07-16,2024
AOI-00,1546767a1ff01463f1bf4ea81cd86b44fbf42ba20f48c2d45d50120a3bab3ca5,MODIS/061/MOD09Q1,2024-08-20T00:00:00+00:00,SUPPORT_INTERVAL_OUTSIDE_NOMINAL_WINDOW,b21c8cc7f3d4d35e1db4dfa1c8245ff10ba657c0a0a001992b552808766cc49b,False,source-scenes-v1,2024-07-31,Terra MODIS,,061,061,d4c048cd5db87657546862c97b9d71592dca4fcbeb1010c621bffd5ba9f2b76e,modis,d587bf33585877e5bef5516701fd9f929d956c06c318619b950210c87fc1307d,2024-08-27,2024-08-23,2024-08-20,MODIS/061/MOD09Q1/2024_08_20,,1724112000000,2024-08-15,2024-07-16,2024
AOI-00,1546767a1ff01463f1bf4ea81cd86b44fbf42ba20f48c2d45d50120a3bab3ca5,MODIS/061/MOD09Q1,2024-07-03T00:00:00+00:00,SUPPORT_INTERVAL_OUTSIDE_NOMINAL_WINDOW,b21c8cc7f3d4d35e1db4dfa1c8245ff10ba657c0a0a001992b552808766cc49b,False,source-scenes-v1,2024-08-10,Terra MODIS,,061,061,ac27651bde69f160fce0c915ed5b6f05b170ae152d6bae8df00d752fcc5b9639,modis,97c51a9f14dc02b35b6dbcb2e72237b250fc6e1bf7f2a303a1b30de6eb297806,2024-07-10,2024-07-06,2024-07-03,MODIS/061/MOD09Q1/2024_07_03,,1719964800000,2024-08-25,2024-07-26,2024
AOI-00,1546767a1ff01463f1bf4ea81cd86b44fbf42ba20f48c2d45d50120a3bab3ca5,MODIS/061/MOD09Q1,2024-07-11T00:00:00+00:00,SUPPORT_INTERVAL_OUTSIDE_NOMINAL_WINDOW,b21c8cc7f3d4d35e1db4dfa1c8245ff10ba657c0a0a001992b552808766cc49b,False,source-scenes-v1,2024-08-10,Terra MODIS,,061,061,ac27651bde69f160fce0c915ed5b6f05b170ae152d6bae8df00d752fcc5b9639,modis,97c51a9f14dc02b35b6dbcb2e72237b250fc6e1bf7f2a303a1b30de6eb297806,2024-07-18,2024-07-14,2024-07-11,MODIS/061/MOD09Q1/2024_07_11,,1720656000000,2024-08-25,2024-07-26,2024
AOI-00,1546767a1ff01463f1bf4ea81cd86b44fbf42ba20f48c2d45d50120a3bab3ca5,MODIS/061/MOD09Q1,2024-07-19T00:00:00+00:00,,b21c8cc7f3d4d35e1db4dfa1c8245ff10ba657c0a0a001992b552808766cc49b,True,source-scenes-v1,2024-08-10,Terra MODIS,,061,061,ac27651bde69f160fce0c915ed5b6f05b170ae152d6bae8df00d752fcc5b9639,modis,97c51a9f14dc02b35b6dbcb2e72237b250fc6e1bf7f2a303a1b30de6eb297806,2024-07-26,2024-07-22,2024-07-19,MODIS/061/MOD09Q1/2024_07_19,,1721347200000,2024-08-25,2024-07-26,2024
AOI-00,1546767a1ff01463f1bf4ea81cd86b44fbf42ba20f48c2d45d50120a3bab3ca5,MODIS/061/MOD09Q1,2024-07-27T00:00:00+00:00,,b21c8cc7f3d4d35e1db4dfa1c8245ff10ba657c0a0a001992b552808766cc49b,True,source-scenes-v1,2024-08-10,Terra MODIS,,061,061,ac27651bde69f160fce0c915ed5b6f05b170ae152d6bae8df00d752fcc5b9639,modis,97c51a9f14dc02b35b6dbcb2e72237b250fc6e1bf7f2a303a1b30de6eb297806,2024-08-03,2024-07-30,2024-07-27,MODIS/061/MOD09Q1/2024_07_27,,1722038400000,2024-08-25,2024-07-26,2024
AOI-00,1546767a1ff01463f1bf4ea81cd86b44fbf42ba20f48c2d45d50120a3bab3ca5,MODIS/061/MOD09Q1,2024-08-04T00:00:00+00:00,,b21c8cc7f3d4d35e1db4dfa1c8245ff10ba657c0a0a001992b552808766cc49b,True,source-scenes-v1,2024-08-10,Terra MODIS,,061,061,ac27651bde69f160fce0c915ed5b6f05b170ae152d6bae8df00d752fcc5b9639,modis,97c51a9f14dc02b35b6dbcb2e72237b250fc6e1bf7f2a303a1b30de6eb297806,2024-08-11,2024-08-07,2024-08-04,MODIS/061/MOD09Q1/2024_08_04,,1722729600000,2024-08-25,2024-07-26,2024
AOI-00,1546767a1ff01463f1bf4ea81cd86b44fbf42ba20f48c2d45d50120a3bab3ca5,MODIS/061/MOD09Q1,2024-08-12T00:00:00+00:00,,b21c8cc7f3d4d35e1db4dfa1c8245ff10ba657c0a0a001992b552808766cc49b,True,source-scenes-v1,2024-08-10,Terra MODIS,,061,061,ac27651bde69f160fce0c915ed5b6f05b170ae152d6bae8df00d752fcc5b9639,modis,97c51a9f14dc02b35b6dbcb2e72237b250fc6e1bf7f2a303a1b30de6eb297806,2024-08-19,2024-08-15,2024-08-12,MODIS/061/MOD09Q1/2024_08_12,,1723420800000,2024-08-25,2024-07-26,2024
AOI-00,1546767a1ff01463f1bf4ea81cd86b44fbf42ba20f48c2d45d50120a3bab3ca5,MODIS/061/MOD09Q1,2024-08-20T00:00:00+00:00,,b21c8cc7f3d4d35e1db4dfa1c8245ff10ba657c0a0a001992b552808766cc49b,True,source-scenes-v1,2024-08-10,Terra MODIS,,061,061,ac27651bde69f160fce0c915ed5b6f05b170ae152d6bae8df00d752fcc5b9639,modis,97c51a9f14dc02b35b6dbcb2e72237b250fc6e1bf7f2a303a1b30de6eb297806,2024-08-27,2024-08-23,2024-08-20,MODIS/061/MOD09Q1/2024_08_20,,1724112000000,2024-08-25,2024-07-26,2024
AOI-00,1546767a1ff01463f1bf4ea81cd86b44fbf42ba20f48c2d45d50120a3bab3ca5,MODIS/061/MOD09Q1,2025-07-04T00:00:00+00:00,,b21c8cc7f3d4d35e1db4dfa1c8245ff10ba657c0a0a001992b552808766cc49b,True,source-scenes-v1,2025-07-20,Terra MODIS,,061,061,0d4876f30001901bf38a4e1531252a2159cc40d9730fa84495bce8c4a0bf97a9,modis,15667be141384d789708828c40f841e118771c74214783658ce05ed01c8ba502,2025-07-11,2025-07-07,2025-07-04,MODIS/061/MOD09Q1/2025_07_04,,1751587200000,2025-08-04,2025-07-05,2025
AOI-00,1546767a1ff01463f1bf4ea81cd86b44fbf42ba20f48c2d45d50120a3bab3ca5,MODIS/061/MOD09Q1,2025-07-12T00:00:00+00:00,,b21c8cc7f3d4d35e1db4dfa1c8245ff10ba657c0a0a001992b552808766cc49b,True,source-scenes-v1,2025-07-20,Terra MODIS,,061,061,0d4876f30001901bf38a4e1531252a2159cc40d9730fa84495bce8c4a0bf97a9,modis,15667be141384d789708828c40f841e118771c74214783658ce05ed01c8ba502,2025-07-19,2025-07-15,2025-07-12,MODIS/061/MOD09Q1/2025_07_12,,1752278400000,2025-08-04,2025-07-05,2025
AOI-00,1546767a1ff01463f1bf4ea81cd86b44fbf42ba20f48c2d45d50120a3bab3ca5,MODIS/061/MOD09Q1,2025-07-20T00:00:00+00:00,,b21c8cc7f3d4d35e1db4dfa1c8245ff10ba657c0a0a001992b552808766cc49b,True,source-scenes-v1,2025-07-20,Terra MODIS,,061,061,0d4876f30001901bf38a4e1531252a2159cc40d9730fa84495bce8c4a0bf97a9,modis,15667be141384d789708828c40f841e118771c74214783658ce05ed01c8ba502,2025-07-27,2025-07-23,2025-07-20,MODIS/061/MOD09Q1/2025_07_20,,1752969600000,2025-08-04,2025-07-05,2025
AOI-00,1546767a1ff01463f1bf4ea81cd86b44fbf42ba20f48c2d45d50120a3bab3ca5,MODIS/061/MOD09Q1,2025-07-28T00:00:00+00:00,,b21c8cc7f3d4d35e1db4dfa1c8245ff10ba657c0a0a001992b552808766cc49b,True,source-scenes-v1,2025-07-20,Terra MODIS,,061,061,0d4876f30001901bf38a4e1531252a2159cc40d9730fa84495bce8c4a0bf97a9,modis,15667be141384d789708828c40f841e118771c74214783658ce05ed01c8ba502,2025-08-04,2025-07-31,2025-07-28,MODIS/061/MOD09Q1/2025_07_28,,1753660800000,2025-08-04,2025-07-05,2025
AOI-00,1546767a1ff01463f1bf4ea81cd86b44fbf42ba20f48c2d45d50120a3bab3ca5,MODIS/061/MOD09Q1,2025-08-05T00:00:00+00:00,SUPPORT_INTERVAL_OUTSIDE_NOMINAL_WINDOW,b21c8cc7f3d4d35e1db4dfa1c8245ff10ba657c0a0a001992b552808766cc49b,False,source-scenes-v1,2025-07-20,Terra MODIS,,061,061,0d4876f30001901bf38a4e1531252a2159cc40d9730fa84495bce8c4a0bf97a9,modis,15667be141384d789708828c40f841e118771c74214783658ce05ed01c8ba502,2025-08-12,2025-08-08,2025-08-05,MODIS/061/MOD09Q1/2025_08_05,,1754352000000,2025-08-04,2025-07-05,2025
AOI-00,1546767a1ff01463f1bf4ea81cd86b44fbf42ba20f48c2d45d50120a3bab3ca5,MODIS/061/MOD09Q1,2025-08-13T00:00:00+00:00,SUPPORT_INTERVAL_OUTSIDE_NOMINAL_WINDOW,b21c8cc7f3d4d35e1db4dfa1c8245ff10ba657c0a0a001992b552808766cc49b,False,source-scenes-v1,2025-07-20,Terra MODIS,,061,061,0d4876f30001901bf38a4e1531252a2159cc40d9730fa84495bce8c4a0bf97a9,modis,15667be141384d789708828c40f841e118771c74214783658ce05ed01c8ba502,2025-08-20,2025-08-16,2025-08-13,MODIS/061/MOD09Q1/2025_08_13,,1755043200000,2025-08-04,2025-07-05,2025
AOI-00,1546767a1ff01463f1bf4ea81cd86b44fbf42ba20f48c2d45d50120a3bab3ca5,MODIS/061/MOD09Q1,2025-08-21T00:00:00+00:00,SUPPORT_INTERVAL_OUTSIDE_NOMINAL_WINDOW,b21c8cc7f3d4d35e1db4dfa1c8245ff10ba657c0a0a001992b552808766cc49b,False,source-scenes-v1,2025-07-20,Terra MODIS,,061,061,0d4876f30001901bf38a4e1531252a2159cc40d9730fa84495bce8c4a0bf97a9,modis,15667be141384d789708828c40f841e118771c74214783658ce05ed01c8ba502,2025-08-28,2025-08-24,2025-08-21,MODIS/061/MOD09Q1/2025_08_21,,1755734400000,2025-08-04,2025-07-05,2025
AOI-00,1546767a1ff01463f1bf4ea81cd86b44fbf42ba20f48c2d45d50120a3bab3ca5,MODIS/061/MOD09Q1,2025-07-04T00:00:00+00:00,SUPPORT_INTERVAL_OUTSIDE_NOMINAL_WINDOW,b21c8cc7f3d4d35e1db4dfa1c8245ff10ba657c0a0a001992b552808766cc49b,False,source-scenes-v1,2025-07-31,Terra MODIS,,061,061,5aca633eefbb5088d0c1c4cf918766f1ca3ad6e9ab29fb269e1eaff38154a80b,modis,b53494191ee76ff83836578bf965f83197397c8f4626fbbc70075dd61dce31e7,2025-07-11,2025-07-07,2025-07-04,MODIS/061/MOD09Q1/2025_07_04,,1751587200000,2025-08-15,2025-07-16,2025
AOI-00,1546767a1ff01463f1bf4ea81cd86b44fbf42ba20f48c2d45d50120a3bab3ca5,MODIS/061/MOD09Q1,2025-07-12T00:00:00+00:00,,b21c8cc7f3d4d35e1db4dfa1c8245ff10ba657c0a0a001992b552808766cc49b,True,source-scenes-v1,2025-07-31,Terra MODIS,,061,061,5aca633eefbb5088d0c1c4cf918766f1ca3ad6e9ab29fb269e1eaff38154a80b,modis,b53494191ee76ff83836578bf965f83197397c8f4626fbbc70075dd61dce31e7,2025-07-19,2025-07-15,2025-07-12,MODIS/061/MOD09Q1/2025_07_12,,1752278400000,2025-08-15,2025-07-16,2025
AOI-00,1546767a1ff01463f1bf4ea81cd86b44fbf42ba20f48c2d45d50120a3bab3ca5,MODIS/061/MOD09Q1,2025-07-20T00:00:00+00:00,,b21c8cc7f3d4d35e1db4dfa1c8245ff10ba657c0a0a001992b552808766cc49b,True,source-scenes-v1,2025-07-31,Terra MODIS,,061,061,5aca633eefbb5088d0c1c4cf918766f1ca3ad6e9ab29fb269e1eaff38154a80b,modis,b53494191ee76ff83836578bf965f83197397c8f4626fbbc70075dd61dce31e7,2025-07-27,2025-07-23,2025-07-20,MODIS/061/MOD09Q1/2025_07_20,,1752969600000,2025-08-15,2025-07-16,2025
AOI-00,1546767a1ff01463f1bf4ea81cd86b44fbf42ba20f48c2d45d50120a3bab3ca5,MODIS/061/MOD09Q1,2025-07-28T00:00:00+00:00,,b21c8cc7f3d4d35e1db4dfa1c8245ff10ba657c0a0a001992b552808766cc49b,True,source-scenes-v1,2025-07-31,Terra MODIS,,061,061,5aca633eefbb5088d0c1c4cf918766f1ca3ad6e9ab29fb269e1eaff38154a80b,modis,b53494191ee76ff83836578bf965f83197397c8f4626fbbc70075dd61dce31e7,2025-08-04,2025-07-31,2025-07-28,MODIS/061/MOD09Q1/2025_07_28,,1753660800000,2025-08-15,2025-07-16,2025
AOI-00,1546767a1ff01463f1bf4ea81cd86b44fbf42ba20f48c2d45d50120a3bab3ca5,MODIS/061/MOD09Q1,2025-08-05T00:00:00+00:00,,b21c8cc7f3d4d35e1db4dfa1c8245ff10ba657c0a0a001992b552808766cc49b,True,source-scenes-v1,2025-07-31,Terra MODIS,,061,061,5aca633eefbb5088d0c1c4cf918766f1ca3ad6e9ab29fb269e1eaff38154a80b,modis,b53494191ee76ff83836578bf965f83197397c8f4626fbbc70075dd61dce31e7,2025-08-12,2025-08-08,2025-08-05,MODIS/061/MOD09Q1/2025_08_05,,1754352000000,2025-08-15,2025-07-16,2025
AOI-00,1546767a1ff01463f1bf4ea81cd86b44fbf42ba20f48c2d45d50120a3bab3ca5,MODIS/061/MOD09Q1,2025-08-13T00:00:00+00:00,,b21c8cc7f3d4d35e1db4dfa1c8245ff10ba657c0a0a001992b552808766cc49b,True,source-scenes-v1,2025-07-31,Terra MODIS,,061,061,5aca633eefbb5088d0c1c4cf918766f1ca3ad6e9ab29fb269e1eaff38154a80b,modis,b53494191ee76ff83836578bf965f83197397c8f4626fbbc70075dd61dce31e7,2025-08-20,2025-08-16,2025-08-13,MODIS/061/MOD09Q1/2025_08_13,,1755043200000,2025-08-15,2025-07-16,2025
AOI-00,1546767a1ff01463f1bf4ea81cd86b44fbf42ba20f48c2d45d50120a3bab3ca5,MODIS/061/MOD09Q1,2025-08-21T00:00:00+00:00,SUPPORT_INTERVAL_OUTSIDE_NOMINAL_WINDOW,b21c8cc7f3d4d35e1db4dfa1c8245ff10ba657c0a0a001992b552808766cc49b,False,source-scenes-v1,2025-07-31,Terra MODIS,,061,061,5aca633eefbb5088d0c1c4cf918766f1ca3ad6e9ab29fb269e1eaff38154a80b,modis,b53494191ee76ff83836578bf965f83197397c8f4626fbbc70075dd61dce31e7,2025-08-28,2025-08-24,2025-08-21,MODIS/061/MOD09Q1/2025_08_21,,1755734400000,2025-08-15,2025-07-16,2025
AOI-00,1546767a1ff01463f1bf4ea81cd86b44fbf42ba20f48c2d45d50120a3bab3ca5,MODIS/061/MOD09Q1,2025-07-04T00:00:00+00:00,SUPPORT_INTERVAL_OUTSIDE_NOMINAL_WINDOW,b21c8cc7f3d4d35e1db4dfa1c8245ff10ba657c0a0a001992b552808766cc49b,False,source-scenes-v1,2025-08-10,Terra MODIS,,061,061,dd3a95603b02aec1db42cba72bf3f1fc4b407e376178c5ba1a12dcda288f812d,modis,9184de9e0fc22eba601d45cc688421b9fb4f74e197c6388aedd30be7e7883b88,2025-07-11,2025-07-07,2025-07-04,MODIS/061/MOD09Q1/2025_07_04,,1751587200000,2025-08-25,2025-07-26,2025
AOI-00,1546767a1ff01463f1bf4ea81cd86b44fbf42ba20f48c2d45d50120a3bab3ca5,MODIS/061/MOD09Q1,2025-07-12T00:00:00+00:00,SUPPORT_INTERVAL_OUTSIDE_NOMINAL_WINDOW,b21c8cc7f3d4d35e1db4dfa1c8245ff10ba657c0a0a001992b552808766cc49b,False,source-scenes-v1,2025-08-10,Terra MODIS,,061,061,dd3a95603b02aec1db42cba72bf3f1fc4b407e376178c5ba1a12dcda288f812d,modis,9184de9e0fc22eba601d45cc688421b9fb4f74e197c6388aedd30be7e7883b88,2025-07-19,2025-07-15,2025-07-12,MODIS/061/MOD09Q1/2025_07_12,,1752278400000,2025-08-25,2025-07-26,2025
AOI-00,1546767a1ff01463f1bf4ea81cd86b44fbf42ba20f48c2d45d50120a3bab3ca5,MODIS/061/MOD09Q1,2025-07-20T00:00:00+00:00,,b21c8cc7f3d4d35e1db4dfa1c8245ff10ba657c0a0a001992b552808766cc49b,True,source-scenes-v1,2025-08-10,Terra MODIS,,061,061,dd3a95603b02aec1db42cba72bf3f1fc4b407e376178c5ba1a12dcda288f812d,modis,9184de9e0fc22eba601d45cc688421b9fb4f74e197c6388aedd30be7e7883b88,2025-07-27,2025-07-23,2025-07-20,MODIS/061/MOD09Q1/2025_07_20,,1752969600000,2025-08-25,2025-07-26,2025
AOI-00,1546767a1ff01463f1bf4ea81cd86b44fbf42ba20f48c2d45d50120a3bab3ca5,MODIS/061/MOD09Q1,2025-07-28T00:00:00+00:00,,b21c8cc7f3d4d35e1db4dfa1c8245ff10ba657c0a0a001992b552808766cc49b,True,source-scenes-v1,2025-08-10,Terra MODIS,,061,061,dd3a95603b02aec1db42cba72bf3f1fc4b407e376178c5ba1a12dcda288f812d,modis,9184de9e0fc22eba601d45cc688421b9fb4f74e197c6388aedd30be7e7883b88,2025-08-04,2025-07-31,2025-07-28,MODIS/061/MOD09Q1/2025_07_28,,1753660800000,2025-08-25,2025-07-26,2025
AOI-00,1546767a1ff01463f1bf4ea81cd86b44fbf42ba20f48c2d45d50120a3bab3ca5,MODIS/061/MOD09Q1,2025-08-05T00:00:00+00:00,,b21c8cc7f3d4d35e1db4dfa1c8245ff10ba657c0a0a001992b552808766cc49b,True,source-scenes-v1,2025-08-10,Terra MODIS,,061,061,dd3a95603b02aec1db42cba72bf3f1fc4b407e376178c5ba1a12dcda288f812d,modis,9184de9e0fc22eba601d45cc688421b9fb4f74e197c6388aedd30be7e7883b88,2025-08-12,2025-08-08,2025-08-05,MODIS/061/MOD09Q1/2025_08_05,,1754352000000,2025-08-25,2025-07-26,2025
AOI-00,1546767a1ff01463f1bf4ea81cd86b44fbf42ba20f48c2d45d50120a3bab3ca5,MODIS/061/MOD09Q1,2025-08-13T00:00:00+00:00,,b21c8cc7f3d4d35e1db4dfa1c8245ff10ba657c0a0a001992b552808766cc49b,True,source-scenes-v1,2025-08-10,Terra MODIS,,061,061,dd3a95603b02aec1db42cba72bf3f1fc4b407e376178c5ba1a12dcda288f812d,modis,9184de9e0fc22eba601d45cc688421b9fb4f74e197c6388aedd30be7e7883b88,2025-08-20,2025-08-16,2025-08-13,MODIS/061/MOD09Q1/2025_08_13,,1755043200000,2025-08-25,2025-07-26,2025
AOI-00,1546767a1ff01463f1bf4ea81cd86b44fbf42ba20f48c2d45d50120a3bab3ca5,MODIS/061/MOD09Q1,2025-08-21T00:00:00+00:00,,b21c8cc7f3d4d35e1db4dfa1c8245ff10ba657c0a0a001992b552808766cc49b,True,source-scenes-v1,2025-08-10,Terra MODIS,,061,061,dd3a95603b02aec1db42cba72bf3f1fc4b407e376178c5ba1a12dcda288f812d,modis,9184de9e0fc22eba601d45cc688421b9fb4f74e197c6388aedd30be7e7883b88,2025-08-28,2025-08-24,2025-08-21,MODIS/061/MOD09Q1/2025_08_21,,1755734400000,2025-08-25,2025-07-26,2025
AOI-01,18ae788e0cf1ef68015dfee09e2ef7a0a1af4676e0b5d436994b707dfe92dec3,MODIS/061/MOD09Q1,2021-07-04T00:00:00+00:00,,b21c8cc7f3d4d35e1db4dfa1c8245ff10ba657c0a0a001992b552808766cc49b,True,source-scenes-v1,2021-07-20,Terra MODIS,,061,061,aa90a96f8490edc538e2b7b2d4de0a7a689800214bde07491797ded2fc963e1b,modis,ab0b85cec62dd7038ebabd046481e36cfb7d246afac9198585371ce7f58cd7e4,2021-07-11,2021-07-07,2021-07-04,MODIS/061/MOD09Q1/2021_07_04,,1625356800000,2021-08-04,2021-07-05,2021
AOI-01,18ae788e0cf1ef68015dfee09e2ef7a0a1af4676e0b5d436994b707dfe92dec3,MODIS/061/MOD09Q1,2021-07-12T00:00:00+00:00,,b21c8cc7f3d4d35e1db4dfa1c8245ff10ba657c0a0a001992b552808766cc49b,True,source-scenes-v1,2021-07-20,Terra MODIS,,061,061,aa90a96f8490edc538e2b7b2d4de0a7a689800214bde07491797ded2fc963e1b,modis,ab0b85cec62dd7038ebabd046481e36cfb7d246afac9198585371ce7f58cd7e4,2021-07-19,2021-07-15,2021-07-12,MODIS/061/MOD09Q1/2021_07_12,,1626048000000,2021-08-04,2021-07-05,2021
AOI-01,18ae788e0cf1ef68015dfee09e2ef7a0a1af4676e0b5d436994b707dfe92dec3,MODIS/061/MOD09Q1,2021-07-20T00:00:00+00:00,,b21c8cc7f3d4d35e1db4dfa1c8245ff10ba657c0a0a001992b552808766cc49b,True,source-scenes-v1,2021-07-20,Terra MODIS,,061,061,aa90a96f8490edc538e2b7b2d4de0a7a689800214bde07491797ded2fc963e1b,modis,ab0b85cec62dd7038ebabd046481e36cfb7d246afac9198585371ce7f58cd7e4,2021-07-27,2021-07-23,2021-07-20,MODIS/061/MOD09Q1/2021_07_20,,1626739200000,2021-08-04,2021-07-05,2021
AOI-01,18ae788e0cf1ef68015dfee09e2ef7a0a1af4676e0b5d436994b707dfe92dec3,MODIS/061/MOD09Q1,2021-07-28T00:00:00+00:00,,b21c8cc7f3d4d35e1db4dfa1c8245ff10ba657c0a0a001992b552808766cc49b,True,source-scenes-v1,2021-07-20,Terra MODIS,,061,061,aa90a96f8490edc538e2b7b2d4de0a7a689800214bde07491797ded2fc963e1b,modis,ab0b85cec62dd7038ebabd046481e36cfb7d246afac9198585371ce7f58cd7e4,2021-08-04,2021-07-31,2021-07-28,MODIS/061/MOD09Q1/2021_07_28,,1627430400000,2021-08-04,2021-07-05,2021
AOI-01,18ae788e0cf1ef68015dfee09e2ef7a0a1af4676e0b5d436994b707dfe92dec3,MODIS/061/MOD09Q1,2021-08-05T00:00:00+00:00,SUPPORT_INTERVAL_OUTSIDE_NOMINAL_WINDOW,b21c8cc7f3d4d35e1db4dfa1c8245ff10ba657c0a0a001992b552808766cc49b,False,source-scenes-v1,2021-07-20,Terra MODIS,,061,061,aa90a96f8490edc538e2b7b2d4de0a7a689800214bde07491797ded2fc963e1b,modis,ab0b85cec62dd7038ebabd046481e36cfb7d246afac9198585371ce7f58cd7e4,2021-08-12,2021-08-08,2021-08-05,MODIS/061/MOD09Q1/2021_08_05,,1628121600000,2021-08-04,2021-07-05,2021
AOI-01,18ae788e0cf1ef68015dfee09e2ef7a0a1af4676e0b5d436994b707dfe92dec3,MODIS/061/MOD09Q1,2021-08-13T00:00:00+00:00,SUPPORT_INTERVAL_OUTSIDE_NOMINAL_WINDOW,b21c8cc7f3d4d35e1db4dfa1c8245ff10ba657c0a0a001992b552808766cc49b,False,source-scenes-v1,2021-07-20,Terra MODIS,,061,061,aa90a96f8490edc538e2b7b2d4de0a7a689800214bde07491797ded2fc963e1b,modis,ab0b85cec62dd7038ebabd046481e36cfb7d246afac9198585371ce7f58cd7e4,2021-08-20,2021-08-16,2021-08-13,MODIS/061/MOD09Q1/2021_08_13,,1628812800000,2021-08-04,2021-07-05,2021
AOI-01,18ae788e0cf1ef68015dfee09e2ef7a0a1af4676e0b5d436994b707dfe92dec3,MODIS/061/MOD09Q1,2021-08-21T00:00:00+00:00,SUPPORT_INTERVAL_OUTSIDE_NOMINAL_WINDOW,b21c8cc7f3d4d35e1db4dfa1c8245ff10ba657c0a0a001992b552808766cc49b,False,source-scenes-v1,2021-07-20,Terra MODIS,,061,061,aa90a96f8490edc538e2b7b2d4de0a7a689800214bde07491797ded2fc963e1b,modis,ab0b85cec62dd7038ebabd046481e36cfb7d246afac9198585371ce7f58cd7e4,2021-08-28,2021-08-24,2021-08-21,MODIS/061/MOD09Q1/2021_08_21,,1629504000000,2021-08-04,2021-07-05,2021
AOI-01,18ae788e0cf1ef68015dfee09e2ef7a0a1af4676e0b5d436994b707dfe92dec3,MODIS/061/MOD09Q1,2021-07-04T00:00:00+00:00,SUPPORT_INTERVAL_OUTSIDE_NOMINAL_WINDOW,b21c8cc7f3d4d35e1db4dfa1c8245ff10ba657c0a0a001992b552808766cc49b,False,source-scenes-v1,2021-07-31,Terra MODIS,,061,061,aba547f899987715a4581be4a293ae1107a6134aa5be27834f3c6d31b4425365,modis,6c24a3a66d59d7afe98831b196b42278274ffc48bac6e90c1b99a8166a1cf020,2021-07-11,2021-07-07,2021-07-04,MODIS/061/MOD09Q1/2021_07_04,,1625356800000,2021-08-15,2021-07-16,2021
AOI-01,18ae788e0cf1ef68015dfee09e2ef7a0a1af4676e0b5d436994b707dfe92dec3,MODIS/061/MOD09Q1,2021-07-12T00:00:00+00:00,,b21c8cc7f3d4d35e1db4dfa1c8245ff10ba657c0a0a001992b552808766cc49b,True,source-scenes-v1,2021-07-31,Terra MODIS,,061,061,aba547f899987715a4581be4a293ae1107a6134aa5be27834f3c6d31b4425365,modis,6c24a3a66d59d7afe98831b196b42278274ffc48bac6e90c1b99a8166a1cf020,2021-07-19,2021-07-15,2021-07-12,MODIS/061/MOD09Q1/2021_07_12,,1626048000000,2021-08-15,2021-07-16,2021
AOI-01,18ae788e0cf1ef68015dfee09e2ef7a0a1af4676e0b5d436994b707dfe92dec3,MODIS/061/MOD09Q1,2021-07-20T00:00:00+00:00,,b21c8cc7f3d4d35e1db4dfa1c8245ff10ba657c0a0a001992b552808766cc49b,True,source-scenes-v1,2021-07-31,Terra MODIS,,061,061,aba547f899987715a4581be4a293ae1107a6134aa5be27834f3c6d31b4425365,modis,6c24a3a66d59d7afe98831b196b42278274ffc48bac6e90c1b99a8166a1cf020,2021-07-27,2021-07-23,2021-07-20,MODIS/061/MOD09Q1/2021_07_20,,1626739200000,2021-08-15,2021-07-16,2021
AOI-01,18ae788e0cf1ef68015dfee09e2ef7a0a1af4676e0b5d436994b707dfe92dec3,MODIS/061/MOD09Q1,2021-07-28T00:00:00+00:00,,b21c8cc7f3d4d35e1db4dfa1c8245ff10ba657c0a0a001992b552808766cc49b,True,source-scenes-v1,2021-07-31,Terra MODIS,,061,061,aba547f899987715a4581be4a293ae1107a6134aa5be27834f3c6d31b4425365,modis,6c24a3a66d59d7afe98831b196b42278274ffc48bac6e90c1b99a8166a1cf020,2021-08-04,2021-07-31,2021-07-28,MODIS/061/MOD09Q1/2021_07_28,,1627430400000,2021-08-15,2021-07-16,2021
AOI-01,18ae788e0cf1ef68015dfee09e2ef7a0a1af4676e0b5d436994b707dfe92dec3,MODIS/061/MOD09Q1,2021-08-05T00:00:00+00:00,,b21c8cc7f3d4d35e1db4dfa1c8245ff10ba657c0a0a001992b552808766cc49b,True,source-scenes-v1,2021-07-31,Terra MODIS,,061,061,aba547f899987715a4581be4a293ae1107a6134aa5be27834f3c6d31b4425365,modis,6c24a3a66d59d7afe98831b196b42278274ffc48bac6e90c1b99a8166a1cf020,2021-08-12,2021-08-08,2021-08-05,MODIS/061/MOD09Q1/2021_08_05,,1628121600000,2021-08-15,2021-07-16,2021
AOI-01,18ae788e0cf1ef68015dfee09e2ef7a0a1af4676e0b5d436994b707dfe92dec3,MODIS/061/MOD09Q1,2021-08-13T00:00:00+00:00,,b21c8cc7f3d4d35e1db4dfa1c8245ff10ba657c0a0a001992b552808766cc49b,True,source-scenes-v1,2021-07-31,Terra MODIS,,061,061,aba547f899987715a4581be4a293ae1107a6134aa5be27834f3c6d31b4425365,modis,6c24a3a66d59d7afe98831b196b42278274ffc48bac6e90c1b99a8166a1cf020,2021-08-20,2021-08-16,2021-08-13,MODIS/061/MOD09Q1/2021_08_13,,1628812800000,2021-08-15,2021-07-16,2021
AOI-01,18ae788e0cf1ef68015dfee09e2ef7a0a1af4676e0b5d436994b707dfe92dec3,MODIS/061/MOD09Q1,2021-08-21T00:00:00+00:00,SUPPORT_INTERVAL_OUTSIDE_NOMINAL_WINDOW,b21c8cc7f3d4d35e1db4dfa1c8245ff10ba657c0a0a001992b552808766cc49b,False,source-scenes-v1,2021-07-31,Terra MODIS,,061,061,aba547f899987715a4581be4a293ae1107a6134aa5be27834f3c6d31b4425365,modis,6c24a3a66d59d7afe98831b196b42278274ffc48bac6e90c1b99a8166a1cf020,2021-08-28,2021-08-24,2021-08-21,MODIS/061/MOD09Q1/2021_08_21,,1629504000000,2021-08-15,2021-07-16,2021
AOI-01,18ae788e0cf1ef68015dfee09e2ef7a0a1af4676e0b5d436994b707dfe92dec3,MODIS/061/MOD09Q1,2021-07-04T00:00:00+00:00,SUPPORT_INTERVAL_OUTSIDE_NOMINAL_WINDOW,b21c8cc7f3d4d35e1db4dfa1c8245ff10ba657c0a0a001992b552808766cc49b,False,source-scenes-v1,2021-08-10,Terra MODIS,,061,061,da130403b5a2870464b818c9686ce8dd452e67fd2415d0f936892c76ec8fa4b2,modis,116f15cffacd36260390c72f96462c3cecafac68c5c66faab94004862e3610d5,2021-07-11,2021-07-07,2021-07-04,MODIS/061/MOD09Q1/2021_07_04,,1625356800000,2021-08-25,2021-07-26,2021
AOI-01,18ae788e0cf1ef68015dfee09e2ef7a0a1af4676e0b5d436994b707dfe92dec3,MODIS/061/MOD09Q1,2021-07-12T00:00:00+00:00,SUPPORT_INTERVAL_OUTSIDE_NOMINAL_WINDOW,b21c8cc7f3d4d35e1db4dfa1c8245ff10ba657c0a0a001992b552808766cc49b,False,source-scenes-v1,2021-08-10,Terra MODIS,,061,061,da130403b5a2870464b818c9686ce8dd452e67fd2415d0f936892c76ec8fa4b2,modis,116f15cffacd36260390c72f96462c3cecafac68c5c66faab94004862e3610d5,2021-07-19,2021-07-15,2021-07-12,MODIS/061/MOD09Q1/2021_07_12,,1626048000000,2021-08-25,2021-07-26,2021
AOI-01,18ae788e0cf1ef68015dfee09e2ef7a0a1af4676e0b5d436994b707dfe92dec3,MODIS/061/MOD09Q1,2021-07-20T00:00:00+00:00,,b21c8cc7f3d4d35e1db4dfa1c8245ff10ba657c0a0a001992b552808766cc49b,True,source-scenes-v1,2021-08-10,Terra MODIS,,061,061,da130403b5a2870464b818c9686ce8dd452e67fd2415d0f936892c76ec8fa4b2,modis,116f15cffacd36260390c72f96462c3cecafac68c5c66faab94004862e3610d5,2021-07-27,2021-07-23,2021-07-20,MODIS/061/MOD09Q1/2021_07_20,,1626739200000,2021-08-25,2021-07-26,2021
AOI-01,18ae788e0cf1ef68015dfee09e2ef7a0a1af4676e0b5d436994b707dfe92dec3,MODIS/061/MOD09Q1,2021-07-28T00:00:00+00:00,,b21c8cc7f3d4d35e1db4dfa1c8245ff10ba657c0a0a001992b552808766cc49b,True,source-scenes-v1,2021-08-10,Terra MODIS,,061,061,da130403b5a2870464b818c9686ce8dd452e67fd2415d0f936892c76ec8fa4b2,modis,116f15cffacd36260390c72f96462c3cecafac68c5c66faab94004862e3610d5,2021-08-04,2021-07-31,2021-07-28,MODIS/061/MOD09Q1/2021_07_28,,1627430400000,2021-08-25,2021-07-26,2021
AOI-01,18ae788e0cf1ef68015dfee09e2ef7a0a1af4676e0b5d436994b707dfe92dec3,MODIS/061/MOD09Q1,2021-08-05T00:00:00+00:00,,b21c8cc7f3d4d35e1db4dfa1c8245ff10ba657c0a0a001992b552808766cc49b,True,source-scenes-v1,2021-08-10,Terra MODIS,,061,061,da130403b5a2870464b818c9686ce8dd452e67fd2415d0f936892c76ec8fa4b2,modis,116f15cffacd36260390c72f96462c3cecafac68c5c66faab94004862e3610d5,2021-08-12,2021-08-08,2021-08-05,MODIS/061/MOD09Q1/2021_08_05,,1628121600000,2021-08-25,2021-07-26,2021
AOI-01,18ae788e0cf1ef68015dfee09e2ef7a0a1af4676e0b5d436994b707dfe92dec3,MODIS/061/MOD09Q1,2021-08-13T00:00:00+00:00,,b21c8cc7f3d4d35e1db4dfa1c8245ff10ba657c0a0a001992b552808766cc49b,True,source-scenes-v1,2021-08-10,Terra MODIS,,061,061,da130403b5a2870464b818c9686ce8dd452e67fd2415d0f936892c76ec8fa4b2,modis,116f15cffacd36260390c72f96462c3cecafac68c5c66faab94004862e3610d5,2021-08-20,2021-08-16,2021-08-13,MODIS/061/MOD09Q1/2021_08_13,,1628812800000,2021-08-25,2021-07-26,2021
AOI-01,18ae788e0cf1ef68015dfee09e2ef7a0a1af4676e0b5d436994b707dfe92dec3,MODIS/061/MOD09Q1,2021-08-21T00:00:00+00:00,,b21c8cc7f3d4d35e1db4dfa1c8245ff10ba657c0a0a001992b552808766cc49b,True,source-scenes-v1,2021-08-10,Terra MODIS,,061,061,da130403b5a2870464b818c9686ce8dd452e67fd2415d0f936892c76ec8fa4b2,modis,116f15cffacd36260390c72f96462c3cecafac68c5c66faab94004862e3610d5,2021-08-28,2021-08-24,2021-08-21,MODIS/061/MOD09Q1/2021_08_21,,1629504000000,2021-08-25,2021-07-26,2021
AOI-01,18ae788e0cf1ef68015dfee09e2ef7a0a1af4676e0b5d436994b707dfe92dec3,MODIS/061/MOD09Q1,2022-07-04T00:00:00+00:00,,b21c8cc7f3d4d35e1db4dfa1c8245ff10ba657c0a0a001992b552808766cc49b,True,source-scenes-v1,2022-07-20,Terra MODIS,,061,061,90d566844949cd56e9fd228b32897d0843a5ed6c40d1adbe5bf8bf9f4ba27669,modis,b2bfa395bc8edfc494d8f42ff6149e79af07e70a0ecd694d26e8b1b755c0441e,2022-07-11,2022-07-07,2022-07-04,MODIS/061/MOD09Q1/2022_07_04,,1656892800000,2022-08-04,2022-07-05,2022
AOI-01,18ae788e0cf1ef68015dfee09e2ef7a0a1af4676e0b5d436994b707dfe92dec3,MODIS/061/MOD09Q1,2022-07-12T00:00:00+00:00,,b21c8cc7f3d4d35e1db4dfa1c8245ff10ba657c0a0a001992b552808766cc49b,True,source-scenes-v1,2022-07-20,Terra MODIS,,061,061,90d566844949cd56e9fd228b32897d0843a5ed6c40d1adbe5bf8bf9f4ba27669,modis,b2bfa395bc8edfc494d8f42ff6149e79af07e70a0ecd694d26e8b1b755c0441e,2022-07-19,2022-07-15,2022-07-12,MODIS/061/MOD09Q1/2022_07_12,,1657584000000,2022-08-04,2022-07-05,2022
AOI-01,18ae788e0cf1ef68015dfee09e2ef7a0a1af4676e0b5d436994b707dfe92dec3,MODIS/061/MOD09Q1,2022-07-20T00:00:00+00:00,,b21c8cc7f3d4d35e1db4dfa1c8245ff10ba657c0a0a001992b552808766cc49b,True,source-scenes-v1,2022-07-20,Terra MODIS,,061,061,90d566844949cd56e9fd228b32897d0843a5ed6c40d1adbe5bf8bf9f4ba27669,modis,b2bfa395bc8edfc494d8f42ff6149e79af07e70a0ecd694d26e8b1b755c0441e,2022-07-27,2022-07-23,2022-07-20,MODIS/061/MOD09Q1/2022_07_20,,1658275200000,2022-08-04,2022-07-05,2022
AOI-01,18ae788e0cf1ef68015dfee09e2ef7a0a1af4676e0b5d436994b707dfe92dec3,MODIS/061/MOD09Q1,2022-07-28T00:00:00+00:00,,b21c8cc7f3d4d35e1db4dfa1c8245ff10ba657c0a0a001992b552808766cc49b,True,source-scenes-v1,2022-07-20,Terra MODIS,,061,061,90d566844949cd56e9fd228b32897d0843a5ed6c40d1adbe5bf8bf9f4ba27669,modis,b2bfa395bc8edfc494d8f42ff6149e79af07e70a0ecd694d26e8b1b755c0441e,2022-08-04,2022-07-31,2022-07-28,MODIS/061/MOD09Q1/2022_07_28,,1658966400000,2022-08-04,2022-07-05,2022
AOI-01,18ae788e0cf1ef68015dfee09e2ef7a0a1af4676e0b5d436994b707dfe92dec3,MODIS/061/MOD09Q1,2022-08-05T00:00:00+00:00,SUPPORT_INTERVAL_OUTSIDE_NOMINAL_WINDOW,b21c8cc7f3d4d35e1db4dfa1c8245ff10ba657c0a0a001992b552808766cc49b,False,source-scenes-v1,2022-07-20,Terra MODIS,,061,061,90d566844949cd56e9fd228b32897d0843a5ed6c40d1adbe5bf8bf9f4ba27669,modis,b2bfa395bc8edfc494d8f42ff6149e79af07e70a0ecd694d26e8b1b755c0441e,2022-08-12,2022-08-08,2022-08-05,MODIS/061/MOD09Q1/2022_08_05,,1659657600000,2022-08-04,2022-07-05,2022
AOI-01,18ae788e0cf1ef68015dfee09e2ef7a0a1af4676e0b5d436994b707dfe92dec3,MODIS/061/MOD09Q1,2022-08-13T00:00:00+00:00,SUPPORT_INTERVAL_OUTSIDE_NOMINAL_WINDOW,b21c8cc7f3d4d35e1db4dfa1c8245ff10ba657c0a0a001992b552808766cc49b,False,source-scenes-v1,2022-07-20,Terra MODIS,,061,061,90d566844949cd56e9fd228b32897d0843a5ed6c40d1adbe5bf8bf9f4ba27669,modis,b2bfa395bc8edfc494d8f42ff6149e79af07e70a0ecd694d26e8b1b755c0441e,2022-08-20,2022-08-16,2022-08-13,MODIS/061/MOD09Q1/2022_08_13,,1660348800000,2022-08-04,2022-07-05,2022
AOI-01,18ae788e0cf1ef68015dfee09e2ef7a0a1af4676e0b5d436994b707dfe92dec3,MODIS/061/MOD09Q1,2022-08-21T00:00:00+00:00,SUPPORT_INTERVAL_OUTSIDE_NOMINAL_WINDOW,b21c8cc7f3d4d35e1db4dfa1c8245ff10ba657c0a0a001992b552808766cc49b,False,source-scenes-v1,2022-07-20,Terra MODIS,,061,061,90d566844949cd56e9fd228b32897d0843a5ed6c40d1adbe5bf8bf9f4ba27669,modis,b2bfa395bc8edfc494d8f42ff6149e79af07e70a0ecd694d26e8b1b755c0441e,2022-08-28,2022-08-24,2022-08-21,MODIS/061/MOD09Q1/2022_08_21,,1661040000000,2022-08-04,2022-07-05,2022
AOI-01,18ae788e0cf1ef68015dfee09e2ef7a0a1af4676e0b5d436994b707dfe92dec3,MODIS/061/MOD09Q1,2022-07-04T00:00:00+00:00,SUPPORT_INTERVAL_OUTSIDE_NOMINAL_WINDOW,b21c8cc7f3d4d35e1db4dfa1c8245ff10ba657c0a0a001992b552808766cc49b,False,source-scenes-v1,2022-07-31,Terra MODIS,,061,061,477b18a8cfea46934743fb6ecef8fa043a930e1a277d241063452eb9d864753f,modis,088081cac55078a6a20d061118a72621bb64a379460a552379058b291e804b39,2022-07-11,2022-07-07,2022-07-04,MODIS/061/MOD09Q1/2022_07_04,,1656892800000,2022-08-15,2022-07-16,2022
AOI-01,18ae788e0cf1ef68015dfee09e2ef7a0a1af4676e0b5d436994b707dfe92dec3,MODIS/061/MOD09Q1,2022-07-12T00:00:00+00:00,,b21c8cc7f3d4d35e1db4dfa1c8245ff10ba657c0a0a001992b552808766cc49b,True,source-scenes-v1,2022-07-31,Terra MODIS,,061,061,477b18a8cfea46934743fb6ecef8fa043a930e1a277d241063452eb9d864753f,modis,088081cac55078a6a20d061118a72621bb64a379460a552379058b291e804b39,2022-07-19,2022-07-15,2022-07-12,MODIS/061/MOD09Q1/2022_07_12,,1657584000000,2022-08-15,2022-07-16,2022
AOI-01,18ae788e0cf1ef68015dfee09e2ef7a0a1af4676e0b5d436994b707dfe92dec3,MODIS/061/MOD09Q1,2022-07-20T00:00:00+00:00,,b21c8cc7f3d4d35e1db4dfa1c8245ff10ba657c0a0a001992b552808766cc49b,True,source-scenes-v1,2022-07-31,Terra MODIS,,061,061,477b18a8cfea46934743fb6ecef8fa043a930e1a277d241063452eb9d864753f,modis,088081cac55078a6a20d061118a72621bb64a379460a552379058b291e804b39,2022-07-27,2022-07-23,2022-07-20,MODIS/061/MOD09Q1/2022_07_20,,1658275200000,2022-08-15,2022-07-16,2022
AOI-01,18ae788e0cf1ef68015dfee09e2ef7a0a1af4676e0b5d436994b707dfe92dec3,MODIS/061/MOD09Q1,2022-07-28T00:00:00+00:00,,b21c8cc7f3d4d35e1db4dfa1c8245ff10ba657c0a0a001992b552808766cc49b,True,source-scenes-v1,2022-07-31,Terra MODIS,,061,061,477b18a8cfea46934743fb6ecef8fa043a930e1a277d241063452eb9d864753f,modis,088081cac55078a6a20d061118a72621bb64a379460a552379058b291e804b39,2022-08-04,2022-07-31,2022-07-28,MODIS/061/MOD09Q1/2022_07_28,,1658966400000,2022-08-15,2022-07-16,2022
AOI-01,18ae788e0cf1ef68015dfee09e2ef7a0a1af4676e0b5d436994b707dfe92dec3,MODIS/061/MOD09Q1,2022-08-05T00:00:00+00:00,,b21c8cc7f3d4d35e1db4dfa1c8245ff10ba657c0a0a001992b552808766cc49b,True,source-scenes-v1,2022-07-31,Terra MODIS,,061,061,477b18a8cfea46934743fb6ecef8fa043a930e1a277d241063452eb9d864753f,modis,088081cac55078a6a20d061118a72621bb64a379460a552379058b291e804b39,2022-08-12,2022-08-08,2022-08-05,MODIS/061/MOD09Q1/2022_08_05,,1659657600000,2022-08-15,2022-07-16,2022
AOI-01,18ae788e0cf1ef68015dfee09e2ef7a0a1af4676e0b5d436994b707dfe92dec3,MODIS/061/MOD09Q1,2022-08-13T00:00:00+00:00,,b21c8cc7f3d4d35e1db4dfa1c8245ff10ba657c0a0a001992b552808766cc49b,True,source-scenes-v1,2022-07-31,Terra MODIS,,061,061,477b18a8cfea46934743fb6ecef8fa043a930e1a277d241063452eb9d864753f,modis,088081cac55078a6a20d061118a72621bb64a379460a552379058b291e804b39,2022-08-20,2022-08-16,2022-08-13,MODIS/061/MOD09Q1/2022_08_13,,1660348800000,2022-08-15,2022-07-16,2022
AOI-01,18ae788e0cf1ef68015dfee09e2ef7a0a1af4676e0b5d436994b707dfe92dec3,MODIS/061/MOD09Q1,2022-08-21T00:00:00+00:00,SUPPORT_INTERVAL_OUTSIDE_NOMINAL_WINDOW,b21c8cc7f3d4d35e1db4dfa1c8245ff10ba657c0a0a001992b552808766cc49b,False,source-scenes-v1,2022-07-31,Terra MODIS,,061,061,477b18a8cfea46934743fb6ecef8fa043a930e1a277d241063452eb9d864753f,modis,088081cac55078a6a20d061118a72621bb64a379460a552379058b291e804b39,2022-08-28,2022-08-24,2022-08-21,MODIS/061/MOD09Q1/2022_08_21,,1661040000000,2022-08-15,2022-07-16,2022
AOI-01,18ae788e0cf1ef68015dfee09e2ef7a0a1af4676e0b5d436994b707dfe92dec3,MODIS/061/MOD09Q1,2022-07-04T00:00:00+00:00,SUPPORT_INTERVAL_OUTSIDE_NOMINAL_WINDOW,b21c8cc7f3d4d35e1db4dfa1c8245ff10ba657c0a0a001992b552808766cc49b,False,source-scenes-v1,2022-08-10,Terra MODIS,,061,061,a58caac8a6172088d328e0f96b0bc4eb4d9b73d2ae358ad14202dfca87947abf,modis,c468d366561aa3c3f34833c56c0e289e82c2ebebe44764bbe759be28a4171c58,2022-07-11,2022-07-07,2022-07-04,MODIS/061/MOD09Q1/2022_07_04,,1656892800000,2022-08-25,2022-07-26,2022
AOI-01,18ae788e0cf1ef68015dfee09e2ef7a0a1af4676e0b5d436994b707dfe92dec3,MODIS/061/MOD09Q1,2022-07-12T00:00:00+00:00,SUPPORT_INTERVAL_OUTSIDE_NOMINAL_WINDOW,b21c8cc7f3d4d35e1db4dfa1c8245ff10ba657c0a0a001992b552808766cc49b,False,source-scenes-v1,2022-08-10,Terra MODIS,,061,061,a58caac8a6172088d328e0f96b0bc4eb4d9b73d2ae358ad14202dfca87947abf,modis,c468d366561aa3c3f34833c56c0e289e82c2ebebe44764bbe759be28a4171c58,2022-07-19,2022-07-15,2022-07-12,MODIS/061/MOD09Q1/2022_07_12,,1657584000000,2022-08-25,2022-07-26,2022
AOI-01,18ae788e0cf1ef68015dfee09e2ef7a0a1af4676e0b5d436994b707dfe92dec3,MODIS/061/MOD09Q1,2022-07-20T00:00:00+00:00,,b21c8cc7f3d4d35e1db4dfa1c8245ff10ba657c0a0a001992b552808766cc49b,True,source-scenes-v1,2022-08-10,Terra MODIS,,061,061,a58caac8a6172088d328e0f96b0bc4eb4d9b73d2ae358ad14202dfca87947abf,modis,c468d366561aa3c3f34833c56c0e289e82c2ebebe44764bbe759be28a4171c58,2022-07-27,2022-07-23,2022-07-20,MODIS/061/MOD09Q1/2022_07_20,,1658275200000,2022-08-25,2022-07-26,2022
AOI-01,18ae788e0cf1ef68015dfee09e2ef7a0a1af4676e0b5d436994b707dfe92dec3,MODIS/061/MOD09Q1,2022-07-28T00:00:00+00:00,,b21c8cc7f3d4d35e1db4dfa1c8245ff10ba657c0a0a001992b552808766cc49b,True,source-scenes-v1,2022-08-10,Terra MODIS,,061,061,a58caac8a6172088d328e0f96b0bc4eb4d9b73d2ae358ad14202dfca87947abf,modis,c468d366561aa3c3f34833c56c0e289e82c2ebebe44764bbe759be28a4171c58,2022-08-04,2022-07-31,2022-07-28,MODIS/061/MOD09Q1/2022_07_28,,1658966400000,2022-08-25,2022-07-26,2022
AOI-01,18ae788e0cf1ef68015dfee09e2ef7a0a1af4676e0b5d436994b707dfe92dec3,MODIS/061/MOD09Q1,2022-08-05T00:00:00+00:00,,b21c8cc7f3d4d35e1db4dfa1c8245ff10ba657c0a0a001992b552808766cc49b,True,source-scenes-v1,2022-08-10,Terra MODIS,,061,061,a58caac8a6172088d328e0f96b0bc4eb4d9b73d2ae358ad14202dfca87947abf,modis,c468d366561aa3c3f34833c56c0e289e82c2ebebe44764bbe759be28a4171c58,2022-08-12,2022-08-08,2022-08-05,MODIS/061/MOD09Q1/2022_08_05,,1659657600000,2022-08-25,2022-07-26,2022
AOI-01,18ae788e0cf1ef68015dfee09e2ef7a0a1af4676e0b5d436994b707dfe92dec3,MODIS/061/MOD09Q1,2022-08-13T00:00:00+00:00,,b21c8cc7f3d4d35e1db4dfa1c8245ff10ba657c0a0a001992b552808766cc49b,True,source-scenes-v1,2022-08-10,Terra MODIS,,061,061,a58caac8a6172088d328e0f96b0bc4eb4d9b73d2ae358ad14202dfca87947abf,modis,c468d366561aa3c3f34833c56c0e289e82c2ebebe44764bbe759be28a4171c58,2022-08-20,2022-08-16,2022-08-13,MODIS/061/MOD09Q1/2022_08_13,,1660348800000,2022-08-25,2022-07-26,2022
AOI-01,18ae788e0cf1ef68015dfee09e2ef7a0a1af4676e0b5d436994b707dfe92dec3,MODIS/061/MOD09Q1,2022-08-21T00:00:00+00:00,,b21c8cc7f3d4d35e1db4dfa1c8245ff10ba657c0a0a001992b552808766cc49b,True,source-scenes-v1,2022-08-10,Terra MODIS,,061,061,a58caac8a6172088d328e0f96b0bc4eb4d9b73d2ae358ad14202dfca87947abf,modis,c468d366561aa3c3f34833c56c0e289e82c2ebebe44764bbe759be28a4171c58,2022-08-28,2022-08-24,2022-08-21,MODIS/061/MOD09Q1/2022_08_21,,1661040000000,2022-08-25,2022-07-26,2022
AOI-01,18ae788e0cf1ef68015dfee09e2ef7a0a1af4676e0b5d436994b707dfe92dec3,MODIS/061/MOD09Q1,2023-07-04T00:00:00+00:00,,b21c8cc7f3d4d35e1db4dfa1c8245ff10ba657c0a0a001992b552808766cc49b,True,source-scenes-v1,2023-07-20,Terra MODIS,,061,061,c4ccc300a24833829b3c597a2e81bf0624efa9b6adb228f8159a5d5c6dc46e5b,modis,19b947d7e28107c6865810e84ac81cfc32347f2239f53dfa38f7e2e3a566e969,2023-07-11,2023-07-07,2023-07-04,MODIS/061/MOD09Q1/2023_07_04,,1688428800000,2023-08-04,2023-07-05,2023
AOI-01,18ae788e0cf1ef68015dfee09e2ef7a0a1af4676e0b5d436994b707dfe92dec3,MODIS/061/MOD09Q1,2023-07-12T00:00:00+00:00,,b21c8cc7f3d4d35e1db4dfa1c8245ff10ba657c0a0a001992b552808766cc49b,True,source-scenes-v1,2023-07-20,Terra MODIS,,061,061,c4ccc300a24833829b3c597a2e81bf0624efa9b6adb228f8159a5d5c6dc46e5b,modis,19b947d7e28107c6865810e84ac81cfc32347f2239f53dfa38f7e2e3a566e969,2023-07-19,2023-07-15,2023-07-12,MODIS/061/MOD09Q1/2023_07_12,,1689120000000,2023-08-04,2023-07-05,2023
AOI-01,18ae788e0cf1ef68015dfee09e2ef7a0a1af4676e0b5d436994b707dfe92dec3,MODIS/061/MOD09Q1,2023-07-20T00:00:00+00:00,,b21c8cc7f3d4d35e1db4dfa1c8245ff10ba657c0a0a001992b552808766cc49b,True,source-scenes-v1,2023-07-20,Terra MODIS,,061,061,c4ccc300a24833829b3c597a2e81bf0624efa9b6adb228f8159a5d5c6dc46e5b,modis,19b947d7e28107c6865810e84ac81cfc32347f2239f53dfa38f7e2e3a566e969,2023-07-27,2023-07-23,2023-07-20,MODIS/061/MOD09Q1/2023_07_20,,1689811200000,2023-08-04,2023-07-05,2023
AOI-01,18ae788e0cf1ef68015dfee09e2ef7a0a1af4676e0b5d436994b707dfe92dec3,MODIS/061/MOD09Q1,2023-07-28T00:00:00+00:00,,b21c8cc7f3d4d35e1db4dfa1c8245ff10ba657c0a0a001992b552808766cc49b,True,source-scenes-v1,2023-07-20,Terra MODIS,,061,061,c4ccc300a24833829b3c597a2e81bf0624efa9b6adb228f8159a5d5c6dc46e5b,modis,19b947d7e28107c6865810e84ac81cfc32347f2239f53dfa38f7e2e3a566e969,2023-08-04,2023-07-31,2023-07-28,MODIS/061/MOD09Q1/2023_07_28,,1690502400000,2023-08-04,2023-07-05,2023
AOI-01,18ae788e0cf1ef68015dfee09e2ef7a0a1af4676e0b5d436994b707dfe92dec3,MODIS/061/MOD09Q1,2023-08-05T00:00:00+00:00,SUPPORT_INTERVAL_OUTSIDE_NOMINAL_WINDOW,b21c8cc7f3d4d35e1db4dfa1c8245ff10ba657c0a0a001992b552808766cc49b,False,source-scenes-v1,2023-07-20,Terra MODIS,,061,061,c4ccc300a24833829b3c597a2e81bf0624efa9b6adb228f8159a5d5c6dc46e5b,modis,19b947d7e28107c6865810e84ac81cfc32347f2239f53dfa38f7e2e3a566e969,2023-08-12,2023-08-08,2023-08-05,MODIS/061/MOD09Q1/2023_08_05,,1691193600000,2023-08-04,2023-07-05,2023
AOI-01,18ae788e0cf1ef68015dfee09e2ef7a0a1af4676e0b5d436994b707dfe92dec3,MODIS/061/MOD09Q1,2023-08-13T00:00:00+00:00,SUPPORT_INTERVAL_OUTSIDE_NOMINAL_WINDOW,b21c8cc7f3d4d35e1db4dfa1c8245ff10ba657c0a0a001992b552808766cc49b,False,source-scenes-v1,2023-07-20,Terra MODIS,,061,061,c4ccc300a24833829b3c597a2e81bf0624efa9b6adb228f8159a5d5c6dc46e5b,modis,19b947d7e28107c6865810e84ac81cfc32347f2239f53dfa38f7e2e3a566e969,2023-08-20,2023-08-16,2023-08-13,MODIS/061/MOD09Q1/2023_08_13,,1691884800000,2023-08-04,2023-07-05,2023
AOI-01,18ae788e0cf1ef68015dfee09e2ef7a0a1af4676e0b5d436994b707dfe92dec3,MODIS/061/MOD09Q1,2023-08-21T00:00:00+00:00,SUPPORT_INTERVAL_OUTSIDE_NOMINAL_WINDOW,b21c8cc7f3d4d35e1db4dfa1c8245ff10ba657c0a0a001992b552808766cc49b,False,source-scenes-v1,2023-07-20,Terra MODIS,,061,061,c4ccc300a24833829b3c597a2e81bf0624efa9b6adb228f8159a5d5c6dc46e5b,modis,19b947d7e28107c6865810e84ac81cfc32347f2239f53dfa38f7e2e3a566e969,2023-08-28,2023-08-24,2023-08-21,MODIS/061/MOD09Q1/2023_08_21,,1692576000000,2023-08-04,2023-07-05,2023
AOI-01,18ae788e0cf1ef68015dfee09e2ef7a0a1af4676e0b5d436994b707dfe92dec3,MODIS/061/MOD09Q1,2023-07-04T00:00:00+00:00,SUPPORT_INTERVAL_OUTSIDE_NOMINAL_WINDOW,b21c8cc7f3d4d35e1db4dfa1c8245ff10ba657c0a0a001992b552808766cc49b,False,source-scenes-v1,2023-07-31,Terra MODIS,,061,061,9153774981db8d0e1ea5b35a47ed9a67f251dc47ac19d4ea8c7c0243ca1947a4,modis,d86973f56536eb90b944c4e529fb909b7c6f35afeddf0eb153d8f7241549b71d,2023-07-11,2023-07-07,2023-07-04,MODIS/061/MOD09Q1/2023_07_04,,1688428800000,2023-08-15,2023-07-16,2023
AOI-01,18ae788e0cf1ef68015dfee09e2ef7a0a1af4676e0b5d436994b707dfe92dec3,MODIS/061/MOD09Q1,2023-07-12T00:00:00+00:00,,b21c8cc7f3d4d35e1db4dfa1c8245ff10ba657c0a0a001992b552808766cc49b,True,source-scenes-v1,2023-07-31,Terra MODIS,,061,061,9153774981db8d0e1ea5b35a47ed9a67f251dc47ac19d4ea8c7c0243ca1947a4,modis,d86973f56536eb90b944c4e529fb909b7c6f35afeddf0eb153d8f7241549b71d,2023-07-19,2023-07-15,2023-07-12,MODIS/061/MOD09Q1/2023_07_12,,1689120000000,2023-08-15,2023-07-16,2023
AOI-01,18ae788e0cf1ef68015dfee09e2ef7a0a1af4676e0b5d436994b707dfe92dec3,MODIS/061/MOD09Q1,2023-07-20T00:00:00+00:00,,b21c8cc7f3d4d35e1db4dfa1c8245ff10ba657c0a0a001992b552808766cc49b,True,source-scenes-v1,2023-07-31,Terra MODIS,,061,061,9153774981db8d0e1ea5b35a47ed9a67f251dc47ac19d4ea8c7c0243ca1947a4,modis,d86973f56536eb90b944c4e529fb909b7c6f35afeddf0eb153d8f7241549b71d,2023-07-27,2023-07-23,2023-07-20,MODIS/061/MOD09Q1/2023_07_20,,1689811200000,2023-08-15,2023-07-16,2023
AOI-01,18ae788e0cf1ef68015dfee09e2ef7a0a1af4676e0b5d436994b707dfe92dec3,MODIS/061/MOD09Q1,2023-07-28T00:00:00+00:00,,b21c8cc7f3d4d35e1db4dfa1c8245ff10ba657c0a0a001992b552808766cc49b,True,source-scenes-v1,2023-07-31,Terra MODIS,,061,061,9153774981db8d0e1ea5b35a47ed9a67f251dc47ac19d4ea8c7c0243ca1947a4,modis,d86973f56536eb90b944c4e529fb909b7c6f35afeddf0eb153d8f7241549b71d,2023-08-04,2023-07-31,2023-07-28,MODIS/061/MOD09Q1/2023_07_28,,1690502400000,2023-08-15,2023-07-16,2023
AOI-01,18ae788e0cf1ef68015dfee09e2ef7a0a1af4676e0b5d436994b707dfe92dec3,MODIS/061/MOD09Q1,2023-08-05T00:00:00+00:00,,b21c8cc7f3d4d35e1db4dfa1c8245ff10ba657c0a0a001992b552808766cc49b,True,source-scenes-v1,2023-07-31,Terra MODIS,,061,061,9153774981db8d0e1ea5b35a47ed9a67f251dc47ac19d4ea8c7c0243ca1947a4,modis,d86973f56536eb90b944c4e529fb909b7c6f35afeddf0eb153d8f7241549b71d,2023-08-12,2023-08-08,2023-08-05,MODIS/061/MOD09Q1/2023_08_05,,1691193600000,2023-08-15,2023-07-16,2023
AOI-01,18ae788e0cf1ef68015dfee09e2ef7a0a1af4676e0b5d436994b707dfe92dec3,MODIS/061/MOD09Q1,2023-08-13T00:00:00+00:00,,b21c8cc7f3d4d35e1db4dfa1c8245ff10ba657c0a0a001992b552808766cc49b,True,source-scenes-v1,2023-07-31,Terra MODIS,,061,061,9153774981db8d0e1ea5b35a47ed9a67f251dc47ac19d4ea8c7c0243ca1947a4,modis,d86973f56536eb90b944c4e529fb909b7c6f35afeddf0eb153d8f7241549b71d,2023-08-20,2023-08-16,2023-08-13,MODIS/061/MOD09Q1/2023_08_13,,1691884800000,2023-08-15,2023-07-16,2023
AOI-01,18ae788e0cf1ef68015dfee09e2ef7a0a1af4676e0b5d436994b707dfe92dec3,MODIS/061/MOD09Q1,2023-08-21T00:00:00+00:00,SUPPORT_INTERVAL_OUTSIDE_NOMINAL_WINDOW,b21c8cc7f3d4d35e1db4dfa1c8245ff10ba657c0a0a001992b552808766cc49b,False,source-scenes-v1,2023-07-31,Terra MODIS,,061,061,9153774981db8d0e1ea5b35a47ed9a67f251dc47ac19d4ea8c7c0243ca1947a4,modis,d86973f56536eb90b944c4e529fb909b7c6f35afeddf0eb153d8f7241549b71d,2023-08-28,2023-08-24,2023-08-21,MODIS/061/MOD09Q1/2023_08_21,,1692576000000,2023-08-15,2023-07-16,2023
AOI-01,18ae788e0cf1ef68015dfee09e2ef7a0a1af4676e0b5d436994b707dfe92dec3,MODIS/061/MOD09Q1,2023-07-04T00:00:00+00:00,SUPPORT_INTERVAL_OUTSIDE_NOMINAL_WINDOW,b21c8cc7f3d4d35e1db4dfa1c8245ff10ba657c0a0a001992b552808766cc49b,False,source-scenes-v1,2023-08-10,Terra MODIS,,061,061,7afd3ec7abaef8cb6e69f58b6bc78b4d9f02413a39a8dd85f2ffd437e9214475,modis,604a4c5bff9d1d78e859781ff8716fc31624c5b223a918315901a6758e941730,2023-07-11,2023-07-07,2023-07-04,MODIS/061/MOD09Q1/2023_07_04,,1688428800000,2023-08-25,2023-07-26,2023
AOI-01,18ae788e0cf1ef68015dfee09e2ef7a0a1af4676e0b5d436994b707dfe92dec3,MODIS/061/MOD09Q1,2023-07-12T00:00:00+00:00,SUPPORT_INTERVAL_OUTSIDE_NOMINAL_WINDOW,b21c8cc7f3d4d35e1db4dfa1c8245ff10ba657c0a0a001992b552808766cc49b,False,source-scenes-v1,2023-08-10,Terra MODIS,,061,061,7afd3ec7abaef8cb6e69f58b6bc78b4d9f02413a39a8dd85f2ffd437e9214475,modis,604a4c5bff9d1d78e859781ff8716fc31624c5b223a918315901a6758e941730,2023-07-19,2023-07-15,2023-07-12,MODIS/061/MOD09Q1/2023_07_12,,1689120000000,2023-08-25,2023-07-26,2023
AOI-01,18ae788e0cf1ef68015dfee09e2ef7a0a1af4676e0b5d436994b707dfe92dec3,MODIS/061/MOD09Q1,2023-07-20T00:00:00+00:00,,b21c8cc7f3d4d35e1db4dfa1c8245ff10ba657c0a0a001992b552808766cc49b,True,source-scenes-v1,2023-08-10,Terra MODIS,,061,061,7afd3ec7abaef8cb6e69f58b6bc78b4d9f02413a39a8dd85f2ffd437e9214475,modis,604a4c5bff9d1d78e859781ff8716fc31624c5b223a918315901a6758e941730,2023-07-27,2023-07-23,2023-07-20,MODIS/061/MOD09Q1/2023_07_20,,1689811200000,2023-08-25,2023-07-26,2023
AOI-01,18ae788e0cf1ef68015dfee09e2ef7a0a1af4676e0b5d436994b707dfe92dec3,MODIS/061/MOD09Q1,2023-07-28T00:00:00+00:00,,b21c8cc7f3d4d35e1db4dfa1c8245ff10ba657c0a0a001992b552808766cc49b,True,source-scenes-v1,2023-08-10,Terra MODIS,,061,061,7afd3ec7abaef8cb6e69f58b6bc78b4d9f02413a39a8dd85f2ffd437e9214475,modis,604a4c5bff9d1d78e859781ff8716fc31624c5b223a918315901a6758e941730,2023-08-04,2023-07-31,2023-07-28,MODIS/061/MOD09Q1/2023_07_28,,1690502400000,2023-08-25,2023-07-26,2023
AOI-01,18ae788e0cf1ef68015dfee09e2ef7a0a1af4676e0b5d436994b707dfe92dec3,MODIS/061/MOD09Q1,2023-08-05T00:00:00+00:00,,b21c8cc7f3d4d35e1db4dfa1c8245ff10ba657c0a0a001992b552808766cc49b,True,source-scenes-v1,2023-08-10,Terra MODIS,,061,061,7afd3ec7abaef8cb6e69f58b6bc78b4d9f02413a39a8dd85f2ffd437e9214475,modis,604a4c5bff9d1d78e859781ff8716fc31624c5b223a918315901a6758e941730,2023-08-12,2023-08-08,2023-08-05,MODIS/061/MOD09Q1/2023_08_05,,1691193600000,2023-08-25,2023-07-26,2023
AOI-01,18ae788e0cf1ef68015dfee09e2ef7a0a1af4676e0b5d436994b707dfe92dec3,MODIS/061/MOD09Q1,2023-08-13T00:00:00+00:00,,b21c8cc7f3d4d35e1db4dfa1c8245ff10ba657c0a0a001992b552808766cc49b,True,source-scenes-v1,2023-08-10,Terra MODIS,,061,061,7afd3ec7abaef8cb6e69f58b6bc78b4d9f02413a39a8dd85f2ffd437e9214475,modis,604a4c5bff9d1d78e859781ff8716fc31624c5b223a918315901a6758e941730,2023-08-20,2023-08-16,2023-08-13,MODIS/061/MOD09Q1/2023_08_13,,1691884800000,2023-08-25,2023-07-26,2023
AOI-01,18ae788e0cf1ef68015dfee09e2ef7a0a1af4676e0b5d436994b707dfe92dec3,MODIS/061/MOD09Q1,2023-08-21T00:00:00+00:00,,b21c8cc7f3d4d35e1db4dfa1c8245ff10ba657c0a0a001992b552808766cc49b,True,source-scenes-v1,2023-08-10,Terra MODIS,,061,061,7afd3ec7abaef8cb6e69f58b6bc78b4d9f02413a39a8dd85f2ffd437e9214475,modis,604a4c5bff9d1d78e859781ff8716fc31624c5b223a918315901a6758e941730,2023-08-28,2023-08-24,2023-08-21,MODIS/061/MOD09Q1/2023_08_21,,1692576000000,2023-08-25,2023-07-26,2023
AOI-01,18ae788e0cf1ef68015dfee09e2ef7a0a1af4676e0b5d436994b707dfe92dec3,MODIS/061/MOD09Q1,2024-07-03T00:00:00+00:00,,b21c8cc7f3d4d35e1db4dfa1c8245ff10ba657c0a0a001992b552808766cc49b,True,source-scenes-v1,2024-07-20,Terra MODIS,,061,061,3e683b44ea97291c6cd69bb2fe38a72356d315642e34f186fdeabe658932ac06,modis,bc3c9e666b2a57522347977f32b6950f4d127569b0d24e17dcd4e87bd48251b4,2024-07-10,2024-07-06,2024-07-03,MODIS/061/MOD09Q1/2024_07_03,,1719964800000,2024-08-04,2024-07-05,2024
AOI-01,18ae788e0cf1ef68015dfee09e2ef7a0a1af4676e0b5d436994b707dfe92dec3,MODIS/061/MOD09Q1,2024-07-11T00:00:00+00:00,,b21c8cc7f3d4d35e1db4dfa1c8245ff10ba657c0a0a001992b552808766cc49b,True,source-scenes-v1,2024-07-20,Terra MODIS,,061,061,3e683b44ea97291c6cd69bb2fe38a72356d315642e34f186fdeabe658932ac06,modis,bc3c9e666b2a57522347977f32b6950f4d127569b0d24e17dcd4e87bd48251b4,2024-07-18,2024-07-14,2024-07-11,MODIS/061/MOD09Q1/2024_07_11,,1720656000000,2024-08-04,2024-07-05,2024
AOI-01,18ae788e0cf1ef68015dfee09e2ef7a0a1af4676e0b5d436994b707dfe92dec3,MODIS/061/MOD09Q1,2024-07-19T00:00:00+00:00,,b21c8cc7f3d4d35e1db4dfa1c8245ff10ba657c0a0a001992b552808766cc49b,True,source-scenes-v1,2024-07-20,Terra MODIS,,061,061,3e683b44ea97291c6cd69bb2fe38a72356d315642e34f186fdeabe658932ac06,modis,bc3c9e666b2a57522347977f32b6950f4d127569b0d24e17dcd4e87bd48251b4,2024-07-26,2024-07-22,2024-07-19,MODIS/061/MOD09Q1/2024_07_19,,1721347200000,2024-08-04,2024-07-05,2024
AOI-01,18ae788e0cf1ef68015dfee09e2ef7a0a1af4676e0b5d436994b707dfe92dec3,MODIS/061/MOD09Q1,2024-07-27T00:00:00+00:00,,b21c8cc7f3d4d35e1db4dfa1c8245ff10ba657c0a0a001992b552808766cc49b,True,source-scenes-v1,2024-07-20,Terra MODIS,,061,061,3e683b44ea97291c6cd69bb2fe38a72356d315642e34f186fdeabe658932ac06,modis,bc3c9e666b2a57522347977f32b6950f4d127569b0d24e17dcd4e87bd48251b4,2024-08-03,2024-07-30,2024-07-27,MODIS/061/MOD09Q1/2024_07_27,,1722038400000,2024-08-04,2024-07-05,2024
AOI-01,18ae788e0cf1ef68015dfee09e2ef7a0a1af4676e0b5d436994b707dfe92dec3,MODIS/061/MOD09Q1,2024-08-04T00:00:00+00:00,,b21c8cc7f3d4d35e1db4dfa1c8245ff10ba657c0a0a001992b552808766cc49b,True,source-scenes-v1,2024-07-20,Terra MODIS,,061,061,3e683b44ea97291c6cd69bb2fe38a72356d315642e34f186fdeabe658932ac06,modis,bc3c9e666b2a57522347977f32b6950f4d127569b0d24e17dcd4e87bd48251b4,2024-08-11,2024-08-07,2024-08-04,MODIS/061/MOD09Q1/2024_08_04,,1722729600000,2024-08-04,2024-07-05,2024
AOI-01,18ae788e0cf1ef68015dfee09e2ef7a0a1af4676e0b5d436994b707dfe92dec3,MODIS/061/MOD09Q1,2024-08-12T00:00:00+00:00,SUPPORT_INTERVAL_OUTSIDE_NOMINAL_WINDOW,b21c8cc7f3d4d35e1db4dfa1c8245ff10ba657c0a0a001992b552808766cc49b,False,source-scenes-v1,2024-07-20,Terra MODIS,,061,061,3e683b44ea97291c6cd69bb2fe38a72356d315642e34f186fdeabe658932ac06,modis,bc3c9e666b2a57522347977f32b6950f4d127569b0d24e17dcd4e87bd48251b4,2024-08-19,2024-08-15,2024-08-12,MODIS/061/MOD09Q1/2024_08_12,,1723420800000,2024-08-04,2024-07-05,2024
AOI-01,18ae788e0cf1ef68015dfee09e2ef7a0a1af4676e0b5d436994b707dfe92dec3,MODIS/061/MOD09Q1,2024-08-20T00:00:00+00:00,SUPPORT_INTERVAL_OUTSIDE_NOMINAL_WINDOW,b21c8cc7f3d4d35e1db4dfa1c8245ff10ba657c0a0a001992b552808766cc49b,False,source-scenes-v1,2024-07-20,Terra MODIS,,061,061,3e683b44ea97291c6cd69bb2fe38a72356d315642e34f186fdeabe658932ac06,modis,bc3c9e666b2a57522347977f32b6950f4d127569b0d24e17dcd4e87bd48251b4,2024-08-27,2024-08-23,2024-08-20,MODIS/061/MOD09Q1/2024_08_20,,1724112000000,2024-08-04,2024-07-05,2024
AOI-01,18ae788e0cf1ef68015dfee09e2ef7a0a1af4676e0b5d436994b707dfe92dec3,MODIS/061/MOD09Q1,2024-07-03T00:00:00+00:00,SUPPORT_INTERVAL_OUTSIDE_NOMINAL_WINDOW,b21c8cc7f3d4d35e1db4dfa1c8245ff10ba657c0a0a001992b552808766cc49b,False,source-scenes-v1,2024-07-31,Terra MODIS,,061,061,c230de777759edb6854a584c15f6ede0ad78b0d5ae67756e212704933bf4bbb1,modis,70f8dead02e800f98739e5df488fe03c908d8f7f766bdda1507ef7dbbf663ab9,2024-07-10,2024-07-06,2024-07-03,MODIS/061/MOD09Q1/2024_07_03,,1719964800000,2024-08-15,2024-07-16,2024
AOI-01,18ae788e0cf1ef68015dfee09e2ef7a0a1af4676e0b5d436994b707dfe92dec3,MODIS/061/MOD09Q1,2024-07-11T00:00:00+00:00,,b21c8cc7f3d4d35e1db4dfa1c8245ff10ba657c0a0a001992b552808766cc49b,True,source-scenes-v1,2024-07-31,Terra MODIS,,061,061,c230de777759edb6854a584c15f6ede0ad78b0d5ae67756e212704933bf4bbb1,modis,70f8dead02e800f98739e5df488fe03c908d8f7f766bdda1507ef7dbbf663ab9,2024-07-18,2024-07-14,2024-07-11,MODIS/061/MOD09Q1/2024_07_11,,1720656000000,2024-08-15,2024-07-16,2024
AOI-01,18ae788e0cf1ef68015dfee09e2ef7a0a1af4676e0b5d436994b707dfe92dec3,MODIS/061/MOD09Q1,2024-07-19T00:00:00+00:00,,b21c8cc7f3d4d35e1db4dfa1c8245ff10ba657c0a0a001992b552808766cc49b,True,source-scenes-v1,2024-07-31,Terra MODIS,,061,061,c230de777759edb6854a584c15f6ede0ad78b0d5ae67756e212704933bf4bbb1,modis,70f8dead02e800f98739e5df488fe03c908d8f7f766bdda1507ef7dbbf663ab9,2024-07-26,2024-07-22,2024-07-19,MODIS/061/MOD09Q1/2024_07_19,,1721347200000,2024-08-15,2024-07-16,2024
AOI-01,18ae788e0cf1ef68015dfee09e2ef7a0a1af4676e0b5d436994b707dfe92dec3,MODIS/061/MOD09Q1,2024-07-27T00:00:00+00:00,,b21c8cc7f3d4d35e1db4dfa1c8245ff10ba657c0a0a001992b552808766cc49b,True,source-scenes-v1,2024-07-31,Terra MODIS,,061,061,c230de777759edb6854a584c15f6ede0ad78b0d5ae67756e212704933bf4bbb1,modis,70f8dead02e800f98739e5df488fe03c908d8f7f766bdda1507ef7dbbf663ab9,2024-08-03,2024-07-30,2024-07-27,MODIS/061/MOD09Q1/2024_07_27,,1722038400000,2024-08-15,2024-07-16,2024
AOI-01,18ae788e0cf1ef68015dfee09e2ef7a0a1af4676e0b5d436994b707dfe92dec3,MODIS/061/MOD09Q1,2024-08-04T00:00:00+00:00,,b21c8cc7f3d4d35e1db4dfa1c8245ff10ba657c0a0a001992b552808766cc49b,True,source-scenes-v1,2024-07-31,Terra MODIS,,061,061,c230de777759edb6854a584c15f6ede0ad78b0d5ae67756e212704933bf4bbb1,modis,70f8dead02e800f98739e5df488fe03c908d8f7f766bdda1507ef7dbbf663ab9,2024-08-11,2024-08-07,2024-08-04,MODIS/061/MOD09Q1/2024_08_04,,1722729600000,2024-08-15,2024-07-16,2024
AOI-01,18ae788e0cf1ef68015dfee09e2ef7a0a1af4676e0b5d436994b707dfe92dec3,MODIS/061/MOD09Q1,2024-08-12T00:00:00+00:00,,b21c8cc7f3d4d35e1db4dfa1c8245ff10ba657c0a0a001992b552808766cc49b,True,source-scenes-v1,2024-07-31,Terra MODIS,,061,061,c230de777759edb6854a584c15f6ede0ad78b0d5ae67756e212704933bf4bbb1,modis,70f8dead02e800f98739e5df488fe03c908d8f7f766bdda1507ef7dbbf663ab9,2024-08-19,2024-08-15,2024-08-12,MODIS/061/MOD09Q1/2024_08_12,,1723420800000,2024-08-15,2024-07-16,2024
AOI-01,18ae788e0cf1ef68015dfee09e2ef7a0a1af4676e0b5d436994b707dfe92dec3,MODIS/061/MOD09Q1,2024-08-20T00:00:00+00:00,SUPPORT_INTERVAL_OUTSIDE_NOMINAL_WINDOW,b21c8cc7f3d4d35e1db4dfa1c8245ff10ba657c0a0a001992b552808766cc49b,False,source-scenes-v1,2024-07-31,Terra MODIS,,061,061,c230de777759edb6854a584c15f6ede0ad78b0d5ae67756e212704933bf4bbb1,modis,70f8dead02e800f98739e5df488fe03c908d8f7f766bdda1507ef7dbbf663ab9,2024-08-27,2024-08-23,2024-08-20,MODIS/061/MOD09Q1/2024_08_20,,1724112000000,2024-08-15,2024-07-16,2024
AOI-01,18ae788e0cf1ef68015dfee09e2ef7a0a1af4676e0b5d436994b707dfe92dec3,MODIS/061/MOD09Q1,2024-07-03T00:00:00+00:00,SUPPORT_INTERVAL_OUTSIDE_NOMINAL_WINDOW,b21c8cc7f3d4d35e1db4dfa1c8245ff10ba657c0a0a001992b552808766cc49b,False,source-scenes-v1,2024-08-10,Terra MODIS,,061,061,77172deff9fea9c9ad195db6714332118330880b934cb76e9cad7404da514599,modis,bb07ee7bb214ae68a05c8b2950b4ab9d7c53b66c19087f478a12c3f8e594413c,2024-07-10,2024-07-06,2024-07-03,MODIS/061/MOD09Q1/2024_07_03,,1719964800000,2024-08-25,2024-07-26,2024
AOI-01,18ae788e0cf1ef68015dfee09e2ef7a0a1af4676e0b5d436994b707dfe92dec3,MODIS/061/MOD09Q1,2024-07-11T00:00:00+00:00,SUPPORT_INTERVAL_OUTSIDE_NOMINAL_WINDOW,b21c8cc7f3d4d35e1db4dfa1c8245ff10ba657c0a0a001992b552808766cc49b,False,source-scenes-v1,2024-08-10,Terra MODIS,,061,061,77172deff9fea9c9ad195db6714332118330880b934cb76e9cad7404da514599,modis,bb07ee7bb214ae68a05c8b2950b4ab9d7c53b66c19087f478a12c3f8e594413c,2024-07-18,2024-07-14,2024-07-11,MODIS/061/MOD09Q1/2024_07_11,,1720656000000,2024-08-25,2024-07-26,2024
AOI-01,18ae788e0cf1ef68015dfee09e2ef7a0a1af4676e0b5d436994b707dfe92dec3,MODIS/061/MOD09Q1,2024-07-19T00:00:00+00:00,,b21c8cc7f3d4d35e1db4dfa1c8245ff10ba657c0a0a001992b552808766cc49b,True,source-scenes-v1,2024-08-10,Terra MODIS,,061,061,77172deff9fea9c9ad195db6714332118330880b934cb76e9cad7404da514599,modis,bb07ee7bb214ae68a05c8b2950b4ab9d7c53b66c19087f478a12c3f8e594413c,2024-07-26,2024-07-22,2024-07-19,MODIS/061/MOD09Q1/2024_07_19,,1721347200000,2024-08-25,2024-07-26,2024
AOI-01,18ae788e0cf1ef68015dfee09e2ef7a0a1af4676e0b5d436994b707dfe92dec3,MODIS/061/MOD09Q1,2024-07-27T00:00:00+00:00,,b21c8cc7f3d4d35e1db4dfa1c8245ff10ba657c0a0a001992b552808766cc49b,True,source-scenes-v1,2024-08-10,Terra MODIS,,061,061,77172deff9fea9c9ad195db6714332118330880b934cb76e9cad7404da514599,modis,bb07ee7bb214ae68a05c8b2950b4ab9d7c53b66c19087f478a12c3f8e594413c,2024-08-03,2024-07-30,2024-07-27,MODIS/061/MOD09Q1/2024_07_27,,1722038400000,2024-08-25,2024-07-26,2024
AOI-01,18ae788e0cf1ef68015dfee09e2ef7a0a1af4676e0b5d436994b707dfe92dec3,MODIS/061/MOD09Q1,2024-08-04T00:00:00+00:00,,b21c8cc7f3d4d35e1db4dfa1c8245ff10ba657c0a0a001992b552808766cc49b,True,source-scenes-v1,2024-08-10,Terra MODIS,,061,061,77172deff9fea9c9ad195db6714332118330880b934cb76e9cad7404da514599,modis,bb07ee7bb214ae68a05c8b2950b4ab9d7c53b66c19087f478a12c3f8e594413c,2024-08-11,2024-08-07,2024-08-04,MODIS/061/MOD09Q1/2024_08_04,,1722729600000,2024-08-25,2024-07-26,2024
AOI-01,18ae788e0cf1ef68015dfee09e2ef7a0a1af4676e0b5d436994b707dfe92dec3,MODIS/061/MOD09Q1,2024-08-12T00:00:00+00:00,,b21c8cc7f3d4d35e1db4dfa1c8245ff10ba657c0a0a001992b552808766cc49b,True,source-scenes-v1,2024-08-10,Terra MODIS,,061,061,77172deff9fea9c9ad195db6714332118330880b934cb76e9cad7404da514599,modis,bb07ee7bb214ae68a05c8b2950b4ab9d7c53b66c19087f478a12c3f8e594413c,2024-08-19,2024-08-15,2024-08-12,MODIS/061/MOD09Q1/2024_08_12,,1723420800000,2024-08-25,2024-07-26,2024
AOI-01,18ae788e0cf1ef68015dfee09e2ef7a0a1af4676e0b5d436994b707dfe92dec3,MODIS/061/MOD09Q1,2024-08-20T00:00:00+00:00,,b21c8cc7f3d4d35e1db4dfa1c8245ff10ba657c0a0a001992b552808766cc49b,True,source-scenes-v1,2024-08-10,Terra MODIS,,061,061,77172deff9fea9c9ad195db6714332118330880b934cb76e9cad7404da514599,modis,bb07ee7bb214ae68a05c8b2950b4ab9d7c53b66c19087f478a12c3f8e594413c,2024-08-27,2024-08-23,2024-08-20,MODIS/061/MOD09Q1/2024_08_20,,1724112000000,2024-08-25,2024-07-26,2024
AOI-01,18ae788e0cf1ef68015dfee09e2ef7a0a1af4676e0b5d436994b707dfe92dec3,MODIS/061/MOD09Q1,2025-07-04T00:00:00+00:00,,b21c8cc7f3d4d35e1db4dfa1c8245ff10ba657c0a0a001992b552808766cc49b,True,source-scenes-v1,2025-07-20,Terra MODIS,,061,061,c9b0b4c8f3f5c4702b2f79d0212812464a2427c9e5ef5a09a090a4643ac34dcb,modis,869b84902f6712a5a7e61363a99c72ac58e1b353937162f2c424a271eb5f4059,2025-07-11,2025-07-07,2025-07-04,MODIS/061/MOD09Q1/2025_07_04,,1751587200000,2025-08-04,2025-07-05,2025
AOI-01,18ae788e0cf1ef68015dfee09e2ef7a0a1af4676e0b5d436994b707dfe92dec3,MODIS/061/MOD09Q1,2025-07-12T00:00:00+00:00,,b21c8cc7f3d4d35e1db4dfa1c8245ff10ba657c0a0a001992b552808766cc49b,True,source-scenes-v1,2025-07-20,Terra MODIS,,061,061,c9b0b4c8f3f5c4702b2f79d0212812464a2427c9e5ef5a09a090a4643ac34dcb,modis,869b84902f6712a5a7e61363a99c72ac58e1b353937162f2c424a271eb5f4059,2025-07-19,2025-07-15,2025-07-12,MODIS/061/MOD09Q1/2025_07_12,,1752278400000,2025-08-04,2025-07-05,2025
AOI-01,18ae788e0cf1ef68015dfee09e2ef7a0a1af4676e0b5d436994b707dfe92dec3,MODIS/061/MOD09Q1,2025-07-20T00:00:00+00:00,,b21c8cc7f3d4d35e1db4dfa1c8245ff10ba657c0a0a001992b552808766cc49b,True,source-scenes-v1,2025-07-20,Terra MODIS,,061,061,c9b0b4c8f3f5c4702b2f79d0212812464a2427c9e5ef5a09a090a4643ac34dcb,modis,869b84902f6712a5a7e61363a99c72ac58e1b353937162f2c424a271eb5f4059,2025-07-27,2025-07-23,2025-07-20,MODIS/061/MOD09Q1/2025_07_20,,1752969600000,2025-08-04,2025-07-05,2025
AOI-01,18ae788e0cf1ef68015dfee09e2ef7a0a1af4676e0b5d436994b707dfe92dec3,MODIS/061/MOD09Q1,2025-07-28T00:00:00+00:00,,b21c8cc7f3d4d35e1db4dfa1c8245ff10ba657c0a0a001992b552808766cc49b,True,source-scenes-v1,2025-07-20,Terra MODIS,,061,061,c9b0b4c8f3f5c4702b2f79d0212812464a2427c9e5ef5a09a090a4643ac34dcb,modis,869b84902f6712a5a7e61363a99c72ac58e1b353937162f2c424a271eb5f4059,2025-08-04,2025-07-31,2025-07-28,MODIS/061/MOD09Q1/2025_07_28,,1753660800000,2025-08-04,2025-07-05,2025
AOI-01,18ae788e0cf1ef68015dfee09e2ef7a0a1af4676e0b5d436994b707dfe92dec3,MODIS/061/MOD09Q1,2025-08-05T00:00:00+00:00,SUPPORT_INTERVAL_OUTSIDE_NOMINAL_WINDOW,b21c8cc7f3d4d35e1db4dfa1c8245ff10ba657c0a0a001992b552808766cc49b,False,source-scenes-v1,2025-07-20,Terra MODIS,,061,061,c9b0b4c8f3f5c4702b2f79d0212812464a2427c9e5ef5a09a090a4643ac34dcb,modis,869b84902f6712a5a7e61363a99c72ac58e1b353937162f2c424a271eb5f4059,2025-08-12,2025-08-08,2025-08-05,MODIS/061/MOD09Q1/2025_08_05,,1754352000000,2025-08-04,2025-07-05,2025
AOI-01,18ae788e0cf1ef68015dfee09e2ef7a0a1af4676e0b5d436994b707dfe92dec3,MODIS/061/MOD09Q1,2025-08-13T00:00:00+00:00,SUPPORT_INTERVAL_OUTSIDE_NOMINAL_WINDOW,b21c8cc7f3d4d35e1db4dfa1c8245ff10ba657c0a0a001992b552808766cc49b,False,source-scenes-v1,2025-07-20,Terra MODIS,,061,061,c9b0b4c8f3f5c4702b2f79d0212812464a2427c9e5ef5a09a090a4643ac34dcb,modis,869b84902f6712a5a7e61363a99c72ac58e1b353937162f2c424a271eb5f4059,2025-08-20,2025-08-16,2025-08-13,MODIS/061/MOD09Q1/2025_08_13,,1755043200000,2025-08-04,2025-07-05,2025
AOI-01,18ae788e0cf1ef68015dfee09e2ef7a0a1af4676e0b5d436994b707dfe92dec3,MODIS/061/MOD09Q1,2025-08-21T00:00:00+00:00,SUPPORT_INTERVAL_OUTSIDE_NOMINAL_WINDOW,b21c8cc7f3d4d35e1db4dfa1c8245ff10ba657c0a0a001992b552808766cc49b,False,source-scenes-v1,2025-07-20,Terra MODIS,,061,061,c9b0b4c8f3f5c4702b2f79d0212812464a2427c9e5ef5a09a090a4643ac34dcb,modis,869b84902f6712a5a7e61363a99c72ac58e1b353937162f2c424a271eb5f4059,2025-08-28,2025-08-24,2025-08-21,MODIS/061/MOD09Q1/2025_08_21,,1755734400000,2025-08-04,2025-07-05,2025
AOI-01,18ae788e0cf1ef68015dfee09e2ef7a0a1af4676e0b5d436994b707dfe92dec3,MODIS/061/MOD09Q1,2025-07-04T00:00:00+00:00,SUPPORT_INTERVAL_OUTSIDE_NOMINAL_WINDOW,b21c8cc7f3d4d35e1db4dfa1c8245ff10ba657c0a0a001992b552808766cc49b,False,source-scenes-v1,2025-07-31,Terra MODIS,,061,061,959b6c64b9d09132cd30ebbf8e0f8886b47adeb8c061c291a64ee7e2f76b988d,modis,6193fedc4c7652b934ebb26b9299bc61b9868868656faeb9e01d65cd7d5a1021,2025-07-11,2025-07-07,2025-07-04,MODIS/061/MOD09Q1/2025_07_04,,1751587200000,2025-08-15,2025-07-16,2025
AOI-01,18ae788e0cf1ef68015dfee09e2ef7a0a1af4676e0b5d436994b707dfe92dec3,MODIS/061/MOD09Q1,2025-07-12T00:00:00+00:00,,b21c8cc7f3d4d35e1db4dfa1c8245ff10ba657c0a0a001992b552808766cc49b,True,source-scenes-v1,2025-07-31,Terra MODIS,,061,061,959b6c64b9d09132cd30ebbf8e0f8886b47adeb8c061c291a64ee7e2f76b988d,modis,6193fedc4c7652b934ebb26b9299bc61b9868868656faeb9e01d65cd7d5a1021,2025-07-19,2025-07-15,2025-07-12,MODIS/061/MOD09Q1/2025_07_12,,1752278400000,2025-08-15,2025-07-16,2025
AOI-01,18ae788e0cf1ef68015dfee09e2ef7a0a1af4676e0b5d436994b707dfe92dec3,MODIS/061/MOD09Q1,2025-07-20T00:00:00+00:00,,b21c8cc7f3d4d35e1db4dfa1c8245ff10ba657c0a0a001992b552808766cc49b,True,source-scenes-v1,2025-07-31,Terra MODIS,,061,061,959b6c64b9d09132cd30ebbf8e0f8886b47adeb8c061c291a64ee7e2f76b988d,modis,6193fedc4c7652b934ebb26b9299bc61b9868868656faeb9e01d65cd7d5a1021,2025-07-27,2025-07-23,2025-07-20,MODIS/061/MOD09Q1/2025_07_20,,1752969600000,2025-08-15,2025-07-16,2025
AOI-01,18ae788e0cf1ef68015dfee09e2ef7a0a1af4676e0b5d436994b707dfe92dec3,MODIS/061/MOD09Q1,2025-07-28T00:00:00+00:00,,b21c8cc7f3d4d35e1db4dfa1c8245ff10ba657c0a0a001992b552808766cc49b,True,source-scenes-v1,2025-07-31,Terra MODIS,,061,061,959b6c64b9d09132cd30ebbf8e0f8886b47adeb8c061c291a64ee7e2f76b988d,modis,6193fedc4c7652b934ebb26b9299bc61b9868868656faeb9e01d65cd7d5a1021,2025-08-04,2025-07-31,2025-07-28,MODIS/061/MOD09Q1/2025_07_28,,1753660800000,2025-08-15,2025-07-16,2025
AOI-01,18ae788e0cf1ef68015dfee09e2ef7a0a1af4676e0b5d436994b707dfe92dec3,MODIS/061/MOD09Q1,2025-08-05T00:00:00+00:00,,b21c8cc7f3d4d35e1db4dfa1c8245ff10ba657c0a0a001992b552808766cc49b,True,source-scenes-v1,2025-07-31,Terra MODIS,,061,061,959b6c64b9d09132cd30ebbf8e0f8886b47adeb8c061c291a64ee7e2f76b988d,modis,6193fedc4c7652b934ebb26b9299bc61b9868868656faeb9e01d65cd7d5a1021,2025-08-12,2025-08-08,2025-08-05,MODIS/061/MOD09Q1/2025_08_05,,1754352000000,2025-08-15,2025-07-16,2025
AOI-01,18ae788e0cf1ef68015dfee09e2ef7a0a1af4676e0b5d436994b707dfe92dec3,MODIS/061/MOD09Q1,2025-08-13T00:00:00+00:00,,b21c8cc7f3d4d35e1db4dfa1c8245ff10ba657c0a0a001992b552808766cc49b,True,source-scenes-v1,2025-07-31,Terra MODIS,,061,061,959b6c64b9d09132cd30ebbf8e0f8886b47adeb8c061c291a64ee7e2f76b988d,modis,6193fedc4c7652b934ebb26b9299bc61b9868868656faeb9e01d65cd7d5a1021,2025-08-20,2025-08-16,2025-08-13,MODIS/061/MOD09Q1/2025_08_13,,1755043200000,2025-08-15,2025-07-16,2025
AOI-01,18ae788e0cf1ef68015dfee09e2ef7a0a1af4676e0b5d436994b707dfe92dec3,MODIS/061/MOD09Q1,2025-08-21T00:00:00+00:00,SUPPORT_INTERVAL_OUTSIDE_NOMINAL_WINDOW,b21c8cc7f3d4d35e1db4dfa1c8245ff10ba657c0a0a001992b552808766cc49b,False,source-scenes-v1,2025-07-31,Terra MODIS,,061,061,959b6c64b9d09132cd30ebbf8e0f8886b47adeb8c061c291a64ee7e2f76b988d,modis,6193fedc4c7652b934ebb26b9299bc61b9868868656faeb9e01d65cd7d5a1021,2025-08-28,2025-08-24,2025-08-21,MODIS/061/MOD09Q1/2025_08_21,,1755734400000,2025-08-15,2025-07-16,2025
AOI-01,18ae788e0cf1ef68015dfee09e2ef7a0a1af4676e0b5d436994b707dfe92dec3,MODIS/061/MOD09Q1,2025-07-04T00:00:00+00:00,SUPPORT_INTERVAL_OUTSIDE_NOMINAL_WINDOW,b21c8cc7f3d4d35e1db4dfa1c8245ff10ba657c0a0a001992b552808766cc49b,False,source-scenes-v1,2025-08-10,Terra MODIS,,061,061,a830dcb130849a1ef00d82ea48aa720780adeb9d2a3ebf7e0092924e411f76ab,modis,119121de1ec136e211576e55cef41a2a35412c6791de33026256ae6e5fbab1bb,2025-07-11,2025-07-07,2025-07-04,MODIS/061/MOD09Q1/2025_07_04,,1751587200000,2025-08-25,2025-07-26,2025
AOI-01,18ae788e0cf1ef68015dfee09e2ef7a0a1af4676e0b5d436994b707dfe92dec3,MODIS/061/MOD09Q1,2025-07-12T00:00:00+00:00,SUPPORT_INTERVAL_OUTSIDE_NOMINAL_WINDOW,b21c8cc7f3d4d35e1db4dfa1c8245ff10ba657c0a0a001992b552808766cc49b,False,source-scenes-v1,2025-08-10,Terra MODIS,,061,061,a830dcb130849a1ef00d82ea48aa720780adeb9d2a3ebf7e0092924e411f76ab,modis,119121de1ec136e211576e55cef41a2a35412c6791de33026256ae6e5fbab1bb,2025-07-19,2025-07-15,2025-07-12,MODIS/061/MOD09Q1/2025_07_12,,1752278400000,2025-08-25,2025-07-26,2025
AOI-01,18ae788e0cf1ef68015dfee09e2ef7a0a1af4676e0b5d436994b707dfe92dec3,MODIS/061/MOD09Q1,2025-07-20T00:00:00+00:00,,b21c8cc7f3d4d35e1db4dfa1c8245ff10ba657c0a0a001992b552808766cc49b,True,source-scenes-v1,2025-08-10,Terra MODIS,,061,061,a830dcb130849a1ef00d82ea48aa720780adeb9d2a3ebf7e0092924e411f76ab,modis,119121de1ec136e211576e55cef41a2a35412c6791de33026256ae6e5fbab1bb,2025-07-27,2025-07-23,2025-07-20,MODIS/061/MOD09Q1/2025_07_20,,1752969600000,2025-08-25,2025-07-26,2025
AOI-01,18ae788e0cf1ef68015dfee09e2ef7a0a1af4676e0b5d436994b707dfe92dec3,MODIS/061/MOD09Q1,2025-07-28T00:00:00+00:00,,b21c8cc7f3d4d35e1db4dfa1c8245ff10ba657c0a0a001992b552808766cc49b,True,source-scenes-v1,2025-08-10,Terra MODIS,,061,061,a830dcb130849a1ef00d82ea48aa720780adeb9d2a3ebf7e0092924e411f76ab,modis,119121de1ec136e211576e55cef41a2a35412c6791de33026256ae6e5fbab1bb,2025-08-04,2025-07-31,2025-07-28,MODIS/061/MOD09Q1/2025_07_28,,1753660800000,2025-08-25,2025-07-26,2025
AOI-01,18ae788e0cf1ef68015dfee09e2ef7a0a1af4676e0b5d436994b707dfe92dec3,MODIS/061/MOD09Q1,2025-08-05T00:00:00+00:00,,b21c8cc7f3d4d35e1db4dfa1c8245ff10ba657c0a0a001992b552808766cc49b,True,source-scenes-v1,2025-08-10,Terra MODIS,,061,061,a830dcb130849a1ef00d82ea48aa720780adeb9d2a3ebf7e0092924e411f76ab,modis,119121de1ec136e211576e55cef41a2a35412c6791de33026256ae6e5fbab1bb,2025-08-12,2025-08-08,2025-08-05,MODIS/061/MOD09Q1/2025_08_05,,1754352000000,2025-08-25,2025-07-26,2025
AOI-01,18ae788e0cf1ef68015dfee09e2ef7a0a1af4676e0b5d436994b707dfe92dec3,MODIS/061/MOD09Q1,2025-08-13T00:00:00+00:00,,b21c8cc7f3d4d35e1db4dfa1c8245ff10ba657c0a0a001992b552808766cc49b,True,source-scenes-v1,2025-08-10,Terra MODIS,,061,061,a830dcb130849a1ef00d82ea48aa720780adeb9d2a3ebf7e0092924e411f76ab,modis,119121de1ec136e211576e55cef41a2a35412c6791de33026256ae6e5fbab1bb,2025-08-20,2025-08-16,2025-08-13,MODIS/061/MOD09Q1/2025_08_13,,1755043200000,2025-08-25,2025-07-26,2025
AOI-01,18ae788e0cf1ef68015dfee09e2ef7a0a1af4676e0b5d436994b707dfe92dec3,MODIS/061/MOD09Q1,2025-08-21T00:00:00+00:00,,b21c8cc7f3d4d35e1db4dfa1c8245ff10ba657c0a0a001992b552808766cc49b,True,source-scenes-v1,2025-08-10,Terra MODIS,,061,061,a830dcb130849a1ef00d82ea48aa720780adeb9d2a3ebf7e0092924e411f76ab,modis,119121de1ec136e211576e55cef41a2a35412c6791de33026256ae6e5fbab1bb,2025-08-28,2025-08-24,2025-08-21,MODIS/061/MOD09Q1/2025_08_21,,1755734400000,2025-08-25,2025-07-26,2025
AOI-02,ffcd445586dcd3b933d48bcc1cbd5c7c04e40be18f8c37915aa1d54e8887a72f,MODIS/061/MOD09Q1,2021-07-04T00:00:00+00:00,,b21c8cc7f3d4d35e1db4dfa1c8245ff10ba657c0a0a001992b552808766cc49b,True,source-scenes-v1,2021-07-20,Terra MODIS,,061,061,2a79d985ed2dabead81cc7fd0e331bb8f22af8091c1b01c460e0045e6f6bfdb0,modis,6f6277ec0a84b8381e2533ce25121842ac0c04ab52163a57a7c3965114d06d58,2021-07-11,2021-07-07,2021-07-04,MODIS/061/MOD09Q1/2021_07_04,,1625356800000,2021-08-04,2021-07-05,2021
AOI-02,ffcd445586dcd3b933d48bcc1cbd5c7c04e40be18f8c37915aa1d54e8887a72f,MODIS/061/MOD09Q1,2021-07-12T00:00:00+00:00,,b21c8cc7f3d4d35e1db4dfa1c8245ff10ba657c0a0a001992b552808766cc49b,True,source-scenes-v1,2021-07-20,Terra MODIS,,061,061,2a79d985ed2dabead81cc7fd0e331bb8f22af8091c1b01c460e0045e6f6bfdb0,modis,6f6277ec0a84b8381e2533ce25121842ac0c04ab52163a57a7c3965114d06d58,2021-07-19,2021-07-15,2021-07-12,MODIS/061/MOD09Q1/2021_07_12,,1626048000000,2021-08-04,2021-07-05,2021
AOI-02,ffcd445586dcd3b933d48bcc1cbd5c7c04e40be18f8c37915aa1d54e8887a72f,MODIS/061/MOD09Q1,2021-07-20T00:00:00+00:00,,b21c8cc7f3d4d35e1db4dfa1c8245ff10ba657c0a0a001992b552808766cc49b,True,source-scenes-v1,2021-07-20,Terra MODIS,,061,061,2a79d985ed2dabead81cc7fd0e331bb8f22af8091c1b01c460e0045e6f6bfdb0,modis,6f6277ec0a84b8381e2533ce25121842ac0c04ab52163a57a7c3965114d06d58,2021-07-27,2021-07-23,2021-07-20,MODIS/061/MOD09Q1/2021_07_20,,1626739200000,2021-08-04,2021-07-05,2021
AOI-02,ffcd445586dcd3b933d48bcc1cbd5c7c04e40be18f8c37915aa1d54e8887a72f,MODIS/061/MOD09Q1,2021-07-28T00:00:00+00:00,,b21c8cc7f3d4d35e1db4dfa1c8245ff10ba657c0a0a001992b552808766cc49b,True,source-scenes-v1,2021-07-20,Terra MODIS,,061,061,2a79d985ed2dabead81cc7fd0e331bb8f22af8091c1b01c460e0045e6f6bfdb0,modis,6f6277ec0a84b8381e2533ce25121842ac0c04ab52163a57a7c3965114d06d58,2021-08-04,2021-07-31,2021-07-28,MODIS/061/MOD09Q1/2021_07_28,,1627430400000,2021-08-04,2021-07-05,2021
AOI-02,ffcd445586dcd3b933d48bcc1cbd5c7c04e40be18f8c37915aa1d54e8887a72f,MODIS/061/MOD09Q1,2021-08-05T00:00:00+00:00,SUPPORT_INTERVAL_OUTSIDE_NOMINAL_WINDOW,b21c8cc7f3d4d35e1db4dfa1c8245ff10ba657c0a0a001992b552808766cc49b,False,source-scenes-v1,2021-07-20,Terra MODIS,,061,061,2a79d985ed2dabead81cc7fd0e331bb8f22af8091c1b01c460e0045e6f6bfdb0,modis,6f6277ec0a84b8381e2533ce25121842ac0c04ab52163a57a7c3965114d06d58,2021-08-12,2021-08-08,2021-08-05,MODIS/061/MOD09Q1/2021_08_05,,1628121600000,2021-08-04,2021-07-05,2021
AOI-02,ffcd445586dcd3b933d48bcc1cbd5c7c04e40be18f8c37915aa1d54e8887a72f,MODIS/061/MOD09Q1,2021-08-13T00:00:00+00:00,SUPPORT_INTERVAL_OUTSIDE_NOMINAL_WINDOW,b21c8cc7f3d4d35e1db4dfa1c8245ff10ba657c0a0a001992b552808766cc49b,False,source-scenes-v1,2021-07-20,Terra MODIS,,061,061,2a79d985ed2dabead81cc7fd0e331bb8f22af8091c1b01c460e0045e6f6bfdb0,modis,6f6277ec0a84b8381e2533ce25121842ac0c04ab52163a57a7c3965114d06d58,2021-08-20,2021-08-16,2021-08-13,MODIS/061/MOD09Q1/2021_08_13,,1628812800000,2021-08-04,2021-07-05,2021
AOI-02,ffcd445586dcd3b933d48bcc1cbd5c7c04e40be18f8c37915aa1d54e8887a72f,MODIS/061/MOD09Q1,2021-08-21T00:00:00+00:00,SUPPORT_INTERVAL_OUTSIDE_NOMINAL_WINDOW,b21c8cc7f3d4d35e1db4dfa1c8245ff10ba657c0a0a001992b552808766cc49b,False,source-scenes-v1,2021-07-20,Terra MODIS,,061,061,2a79d985ed2dabead81cc7fd0e331bb8f22af8091c1b01c460e0045e6f6bfdb0,modis,6f6277ec0a84b8381e2533ce25121842ac0c04ab52163a57a7c3965114d06d58,2021-08-28,2021-08-24,2021-08-21,MODIS/061/MOD09Q1/2021_08_21,,1629504000000,2021-08-04,2021-07-05,2021
AOI-02,ffcd445586dcd3b933d48bcc1cbd5c7c04e40be18f8c37915aa1d54e8887a72f,MODIS/061/MOD09Q1,2021-07-04T00:00:00+00:00,SUPPORT_INTERVAL_OUTSIDE_NOMINAL_WINDOW,b21c8cc7f3d4d35e1db4dfa1c8245ff10ba657c0a0a001992b552808766cc49b,False,source-scenes-v1,2021-07-31,Terra MODIS,,061,061,63d4e74cfa5155098f01049652af800528a481232154863ba00383c7d9d19ad3,modis,c122ae289b4bdbc186bc91e3cc4bd5ad18a25fb541df2914c478ade43e5cdfd9,2021-07-11,2021-07-07,2021-07-04,MODIS/061/MOD09Q1/2021_07_04,,1625356800000,2021-08-15,2021-07-16,2021
AOI-02,ffcd445586dcd3b933d48bcc1cbd5c7c04e40be18f8c37915aa1d54e8887a72f,MODIS/061/MOD09Q1,2021-07-12T00:00:00+00:00,,b21c8cc7f3d4d35e1db4dfa1c8245ff10ba657c0a0a001992b552808766cc49b,True,source-scenes-v1,2021-07-31,Terra MODIS,,061,061,63d4e74cfa5155098f01049652af800528a481232154863ba00383c7d9d19ad3,modis,c122ae289b4bdbc186bc91e3cc4bd5ad18a25fb541df2914c478ade43e5cdfd9,2021-07-19,2021-07-15,2021-07-12,MODIS/061/MOD09Q1/2021_07_12,,1626048000000,2021-08-15,2021-07-16,2021
AOI-02,ffcd445586dcd3b933d48bcc1cbd5c7c04e40be18f8c37915aa1d54e8887a72f,MODIS/061/MOD09Q1,2021-07-20T00:00:00+00:00,,b21c8cc7f3d4d35e1db4dfa1c8245ff10ba657c0a0a001992b552808766cc49b,True,source-scenes-v1,2021-07-31,Terra MODIS,,061,061,63d4e74cfa5155098f01049652af800528a481232154863ba00383c7d9d19ad3,modis,c122ae289b4bdbc186bc91e3cc4bd5ad18a25fb541df2914c478ade43e5cdfd9,2021-07-27,2021-07-23,2021-07-20,MODIS/061/MOD09Q1/2021_07_20,,1626739200000,2021-08-15,2021-07-16,2021
AOI-02,ffcd445586dcd3b933d48bcc1cbd5c7c04e40be18f8c37915aa1d54e8887a72f,MODIS/061/MOD09Q1,2021-07-28T00:00:00+00:00,,b21c8cc7f3d4d35e1db4dfa1c8245ff10ba657c0a0a001992b552808766cc49b,True,source-scenes-v1,2021-07-31,Terra MODIS,,061,061,63d4e74cfa5155098f01049652af800528a481232154863ba00383c7d9d19ad3,modis,c122ae289b4bdbc186bc91e3cc4bd5ad18a25fb541df2914c478ade43e5cdfd9,2021-08-04,2021-07-31,2021-07-28,MODIS/061/MOD09Q1/2021_07_28,,1627430400000,2021-08-15,2021-07-16,2021
AOI-02,ffcd445586dcd3b933d48bcc1cbd5c7c04e40be18f8c37915aa1d54e8887a72f,MODIS/061/MOD09Q1,2021-08-05T00:00:00+00:00,,b21c8cc7f3d4d35e1db4dfa1c8245ff10ba657c0a0a001992b552808766cc49b,True,source-scenes-v1,2021-07-31,Terra MODIS,,061,061,63d4e74cfa5155098f01049652af800528a481232154863ba00383c7d9d19ad3,modis,c122ae289b4bdbc186bc91e3cc4bd5ad18a25fb541df2914c478ade43e5cdfd9,2021-08-12,2021-08-08,2021-08-05,MODIS/061/MOD09Q1/2021_08_05,,1628121600000,2021-08-15,2021-07-16,2021
AOI-02,ffcd445586dcd3b933d48bcc1cbd5c7c04e40be18f8c37915aa1d54e8887a72f,MODIS/061/MOD09Q1,2021-08-13T00:00:00+00:00,,b21c8cc7f3d4d35e1db4dfa1c8245ff10ba657c0a0a001992b552808766cc49b,True,source-scenes-v1,2021-07-31,Terra MODIS,,061,061,63d4e74cfa5155098f01049652af800528a481232154863ba00383c7d9d19ad3,modis,c122ae289b4bdbc186bc91e3cc4bd5ad18a25fb541df2914c478ade43e5cdfd9,2021-08-20,2021-08-16,2021-08-13,MODIS/061/MOD09Q1/2021_08_13,,1628812800000,2021-08-15,2021-07-16,2021
AOI-02,ffcd445586dcd3b933d48bcc1cbd5c7c04e40be18f8c37915aa1d54e8887a72f,MODIS/061/MOD09Q1,2021-08-21T00:00:00+00:00,SUPPORT_INTERVAL_OUTSIDE_NOMINAL_WINDOW,b21c8cc7f3d4d35e1db4dfa1c8245ff10ba657c0a0a001992b552808766cc49b,False,source-scenes-v1,2021-07-31,Terra MODIS,,061,061,63d4e74cfa5155098f01049652af800528a481232154863ba00383c7d9d19ad3,modis,c122ae289b4bdbc186bc91e3cc4bd5ad18a25fb541df2914c478ade43e5cdfd9,2021-08-28,2021-08-24,2021-08-21,MODIS/061/MOD09Q1/2021_08_21,,1629504000000,2021-08-15,2021-07-16,2021
AOI-02,ffcd445586dcd3b933d48bcc1cbd5c7c04e40be18f8c37915aa1d54e8887a72f,MODIS/061/MOD09Q1,2021-07-04T00:00:00+00:00,SUPPORT_INTERVAL_OUTSIDE_NOMINAL_WINDOW,b21c8cc7f3d4d35e1db4dfa1c8245ff10ba657c0a0a001992b552808766cc49b,False,source-scenes-v1,2021-08-10,Terra MODIS,,061,061,e15fae038dbf8c4c7aed8eec85b75e5c244e1b8595e2e3e2b44dc76ff54c091b,modis,e8731652877aa121d810dbcb62f097239cdd9dc72cd8040d37301faf9de9f76c,2021-07-11,2021-07-07,2021-07-04,MODIS/061/MOD09Q1/2021_07_04,,1625356800000,2021-08-25,2021-07-26,2021
AOI-02,ffcd445586dcd3b933d48bcc1cbd5c7c04e40be18f8c37915aa1d54e8887a72f,MODIS/061/MOD09Q1,2021-07-12T00:00:00+00:00,SUPPORT_INTERVAL_OUTSIDE_NOMINAL_WINDOW,b21c8cc7f3d4d35e1db4dfa1c8245ff10ba657c0a0a001992b552808766cc49b,False,source-scenes-v1,2021-08-10,Terra MODIS,,061,061,e15fae038dbf8c4c7aed8eec85b75e5c244e1b8595e2e3e2b44dc76ff54c091b,modis,e8731652877aa121d810dbcb62f097239cdd9dc72cd8040d37301faf9de9f76c,2021-07-19,2021-07-15,2021-07-12,MODIS/061/MOD09Q1/2021_07_12,,1626048000000,2021-08-25,2021-07-26,2021
AOI-02,ffcd445586dcd3b933d48bcc1cbd5c7c04e40be18f8c37915aa1d54e8887a72f,MODIS/061/MOD09Q1,2021-07-20T00:00:00+00:00,,b21c8cc7f3d4d35e1db4dfa1c8245ff10ba657c0a0a001992b552808766cc49b,True,source-scenes-v1,2021-08-10,Terra MODIS,,061,061,e15fae038dbf8c4c7aed8eec85b75e5c244e1b8595e2e3e2b44dc76ff54c091b,modis,e8731652877aa121d810dbcb62f097239cdd9dc72cd8040d37301faf9de9f76c,2021-07-27,2021-07-23,2021-07-20,MODIS/061/MOD09Q1/2021_07_20,,1626739200000,2021-08-25,2021-07-26,2021
AOI-02,ffcd445586dcd3b933d48bcc1cbd5c7c04e40be18f8c37915aa1d54e8887a72f,MODIS/061/MOD09Q1,2021-07-28T00:00:00+00:00,,b21c8cc7f3d4d35e1db4dfa1c8245ff10ba657c0a0a001992b552808766cc49b,True,source-scenes-v1,2021-08-10,Terra MODIS,,061,061,e15fae038dbf8c4c7aed8eec85b75e5c244e1b8595e2e3e2b44dc76ff54c091b,modis,e8731652877aa121d810dbcb62f097239cdd9dc72cd8040d37301faf9de9f76c,2021-08-04,2021-07-31,2021-07-28,MODIS/061/MOD09Q1/2021_07_28,,1627430400000,2021-08-25,2021-07-26,2021
AOI-02,ffcd445586dcd3b933d48bcc1cbd5c7c04e40be18f8c37915aa1d54e8887a72f,MODIS/061/MOD09Q1,2021-08-05T00:00:00+00:00,,b21c8cc7f3d4d35e1db4dfa1c8245ff10ba657c0a0a001992b552808766cc49b,True,source-scenes-v1,2021-08-10,Terra MODIS,,061,061,e15fae038dbf8c4c7aed8eec85b75e5c244e1b8595e2e3e2b44dc76ff54c091b,modis,e8731652877aa121d810dbcb62f097239cdd9dc72cd8040d37301faf9de9f76c,2021-08-12,2021-08-08,2021-08-05,MODIS/061/MOD09Q1/2021_08_05,,1628121600000,2021-08-25,2021-07-26,2021
AOI-02,ffcd445586dcd3b933d48bcc1cbd5c7c04e40be18f8c37915aa1d54e8887a72f,MODIS/061/MOD09Q1,2021-08-13T00:00:00+00:00,,b21c8cc7f3d4d35e1db4dfa1c8245ff10ba657c0a0a001992b552808766cc49b,True,source-scenes-v1,2021-08-10,Terra MODIS,,061,061,e15fae038dbf8c4c7aed8eec85b75e5c244e1b8595e2e3e2b44dc76ff54c091b,modis,e8731652877aa121d810dbcb62f097239cdd9dc72cd8040d37301faf9de9f76c,2021-08-20,2021-08-16,2021-08-13,MODIS/061/MOD09Q1/2021_08_13,,1628812800000,2021-08-25,2021-07-26,2021
AOI-02,ffcd445586dcd3b933d48bcc1cbd5c7c04e40be18f8c37915aa1d54e8887a72f,MODIS/061/MOD09Q1,2021-08-21T00:00:00+00:00,,b21c8cc7f3d4d35e1db4dfa1c8245ff10ba657c0a0a001992b552808766cc49b,True,source-scenes-v1,2021-08-10,Terra MODIS,,061,061,e15fae038dbf8c4c7aed8eec85b75e5c244e1b8595e2e3e2b44dc76ff54c091b,modis,e8731652877aa121d810dbcb62f097239cdd9dc72cd8040d37301faf9de9f76c,2021-08-28,2021-08-24,2021-08-21,MODIS/061/MOD09Q1/2021_08_21,,1629504000000,2021-08-25,2021-07-26,2021
AOI-02,ffcd445586dcd3b933d48bcc1cbd5c7c04e40be18f8c37915aa1d54e8887a72f,MODIS/061/MOD09Q1,2022-07-04T00:00:00+00:00,,b21c8cc7f3d4d35e1db4dfa1c8245ff10ba657c0a0a001992b552808766cc49b,True,source-scenes-v1,2022-07-20,Terra MODIS,,061,061,9c7c59d11eafa9053234f6af2fbf43fdf3a1af5b9cd22c6628615e00ca84d00a,modis,eaa964d40a7468299f69d09ecdd1275e976c37269e5f96eeebb300a976789685,2022-07-11,2022-07-07,2022-07-04,MODIS/061/MOD09Q1/2022_07_04,,1656892800000,2022-08-04,2022-07-05,2022
AOI-02,ffcd445586dcd3b933d48bcc1cbd5c7c04e40be18f8c37915aa1d54e8887a72f,MODIS/061/MOD09Q1,2022-07-12T00:00:00+00:00,,b21c8cc7f3d4d35e1db4dfa1c8245ff10ba657c0a0a001992b552808766cc49b,True,source-scenes-v1,2022-07-20,Terra MODIS,,061,061,9c7c59d11eafa9053234f6af2fbf43fdf3a1af5b9cd22c6628615e00ca84d00a,modis,eaa964d40a7468299f69d09ecdd1275e976c37269e5f96eeebb300a976789685,2022-07-19,2022-07-15,2022-07-12,MODIS/061/MOD09Q1/2022_07_12,,1657584000000,2022-08-04,2022-07-05,2022
AOI-02,ffcd445586dcd3b933d48bcc1cbd5c7c04e40be18f8c37915aa1d54e8887a72f,MODIS/061/MOD09Q1,2022-07-20T00:00:00+00:00,,b21c8cc7f3d4d35e1db4dfa1c8245ff10ba657c0a0a001992b552808766cc49b,True,source-scenes-v1,2022-07-20,Terra MODIS,,061,061,9c7c59d11eafa9053234f6af2fbf43fdf3a1af5b9cd22c6628615e00ca84d00a,modis,eaa964d40a7468299f69d09ecdd1275e976c37269e5f96eeebb300a976789685,2022-07-27,2022-07-23,2022-07-20,MODIS/061/MOD09Q1/2022_07_20,,1658275200000,2022-08-04,2022-07-05,2022
AOI-02,ffcd445586dcd3b933d48bcc1cbd5c7c04e40be18f8c37915aa1d54e8887a72f,MODIS/061/MOD09Q1,2022-07-28T00:00:00+00:00,,b21c8cc7f3d4d35e1db4dfa1c8245ff10ba657c0a0a001992b552808766cc49b,True,source-scenes-v1,2022-07-20,Terra MODIS,,061,061,9c7c59d11eafa9053234f6af2fbf43fdf3a1af5b9cd22c6628615e00ca84d00a,modis,eaa964d40a7468299f69d09ecdd1275e976c37269e5f96eeebb300a976789685,2022-08-04,2022-07-31,2022-07-28,MODIS/061/MOD09Q1/2022_07_28,,1658966400000,2022-08-04,2022-07-05,2022
AOI-02,ffcd445586dcd3b933d48bcc1cbd5c7c04e40be18f8c37915aa1d54e8887a72f,MODIS/061/MOD09Q1,2022-08-05T00:00:00+00:00,SUPPORT_INTERVAL_OUTSIDE_NOMINAL_WINDOW,b21c8cc7f3d4d35e1db4dfa1c8245ff10ba657c0a0a001992b552808766cc49b,False,source-scenes-v1,2022-07-20,Terra MODIS,,061,061,9c7c59d11eafa9053234f6af2fbf43fdf3a1af5b9cd22c6628615e00ca84d00a,modis,eaa964d40a7468299f69d09ecdd1275e976c37269e5f96eeebb300a976789685,2022-08-12,2022-08-08,2022-08-05,MODIS/061/MOD09Q1/2022_08_05,,1659657600000,2022-08-04,2022-07-05,2022
AOI-02,ffcd445586dcd3b933d48bcc1cbd5c7c04e40be18f8c37915aa1d54e8887a72f,MODIS/061/MOD09Q1,2022-08-13T00:00:00+00:00,SUPPORT_INTERVAL_OUTSIDE_NOMINAL_WINDOW,b21c8cc7f3d4d35e1db4dfa1c8245ff10ba657c0a0a001992b552808766cc49b,False,source-scenes-v1,2022-07-20,Terra MODIS,,061,061,9c7c59d11eafa9053234f6af2fbf43fdf3a1af5b9cd22c6628615e00ca84d00a,modis,eaa964d40a7468299f69d09ecdd1275e976c37269e5f96eeebb300a976789685,2022-08-20,2022-08-16,2022-08-13,MODIS/061/MOD09Q1/2022_08_13,,1660348800000,2022-08-04,2022-07-05,2022
AOI-02,ffcd445586dcd3b933d48bcc1cbd5c7c04e40be18f8c37915aa1d54e8887a72f,MODIS/061/MOD09Q1,2022-08-21T00:00:00+00:00,SUPPORT_INTERVAL_OUTSIDE_NOMINAL_WINDOW,b21c8cc7f3d4d35e1db4dfa1c8245ff10ba657c0a0a001992b552808766cc49b,False,source-scenes-v1,2022-07-20,Terra MODIS,,061,061,9c7c59d11eafa9053234f6af2fbf43fdf3a1af5b9cd22c6628615e00ca84d00a,modis,eaa964d40a7468299f69d09ecdd1275e976c37269e5f96eeebb300a976789685,2022-08-28,2022-08-24,2022-08-21,MODIS/061/MOD09Q1/2022_08_21,,1661040000000,2022-08-04,2022-07-05,2022
AOI-02,ffcd445586dcd3b933d48bcc1cbd5c7c04e40be18f8c37915aa1d54e8887a72f,MODIS/061/MOD09Q1,2022-07-04T00:00:00+00:00,SUPPORT_INTERVAL_OUTSIDE_NOMINAL_WINDOW,b21c8cc7f3d4d35e1db4dfa1c8245ff10ba657c0a0a001992b552808766cc49b,False,source-scenes-v1,2022-07-31,Terra MODIS,,061,061,9fe5e997619723df140096ac792204614744f9b5f012f54c5b8a06dc6bb19d1a,modis,544ca3951a1f475600fb34294b9165fa35220c1569c7eae0e83f747ad5452116,2022-07-11,2022-07-07,2022-07-04,MODIS/061/MOD09Q1/2022_07_04,,1656892800000,2022-08-15,2022-07-16,2022
AOI-02,ffcd445586dcd3b933d48bcc1cbd5c7c04e40be18f8c37915aa1d54e8887a72f,MODIS/061/MOD09Q1,2022-07-12T00:00:00+00:00,,b21c8cc7f3d4d35e1db4dfa1c8245ff10ba657c0a0a001992b552808766cc49b,True,source-scenes-v1,2022-07-31,Terra MODIS,,061,061,9fe5e997619723df140096ac792204614744f9b5f012f54c5b8a06dc6bb19d1a,modis,544ca3951a1f475600fb34294b9165fa35220c1569c7eae0e83f747ad5452116,2022-07-19,2022-07-15,2022-07-12,MODIS/061/MOD09Q1/2022_07_12,,1657584000000,2022-08-15,2022-07-16,2022
AOI-02,ffcd445586dcd3b933d48bcc1cbd5c7c04e40be18f8c37915aa1d54e8887a72f,MODIS/061/MOD09Q1,2022-07-20T00:00:00+00:00,,b21c8cc7f3d4d35e1db4dfa1c8245ff10ba657c0a0a001992b552808766cc49b,True,source-scenes-v1,2022-07-31,Terra MODIS,,061,061,9fe5e997619723df140096ac792204614744f9b5f012f54c5b8a06dc6bb19d1a,modis,544ca3951a1f475600fb34294b9165fa35220c1569c7eae0e83f747ad5452116,2022-07-27,2022-07-23,2022-07-20,MODIS/061/MOD09Q1/2022_07_20,,1658275200000,2022-08-15,2022-07-16,2022
AOI-02,ffcd445586dcd3b933d48bcc1cbd5c7c04e40be18f8c37915aa1d54e8887a72f,MODIS/061/MOD09Q1,2022-07-28T00:00:00+00:00,,b21c8cc7f3d4d35e1db4dfa1c8245ff10ba657c0a0a001992b552808766cc49b,True,source-scenes-v1,2022-07-31,Terra MODIS,,061,061,9fe5e997619723df140096ac792204614744f9b5f012f54c5b8a06dc6bb19d1a,modis,544ca3951a1f475600fb34294b9165fa35220c1569c7eae0e83f747ad5452116,2022-08-04,2022-07-31,2022-07-28,MODIS/061/MOD09Q1/2022_07_28,,1658966400000,2022-08-15,2022-07-16,2022
AOI-02,ffcd445586dcd3b933d48bcc1cbd5c7c04e40be18f8c37915aa1d54e8887a72f,MODIS/061/MOD09Q1,2022-08-05T00:00:00+00:00,,b21c8cc7f3d4d35e1db4dfa1c8245ff10ba657c0a0a001992b552808766cc49b,True,source-scenes-v1,2022-07-31,Terra MODIS,,061,061,9fe5e997619723df140096ac792204614744f9b5f012f54c5b8a06dc6bb19d1a,modis,544ca3951a1f475600fb34294b9165fa35220c1569c7eae0e83f747ad5452116,2022-08-12,2022-08-08,2022-08-05,MODIS/061/MOD09Q1/2022_08_05,,1659657600000,2022-08-15,2022-07-16,2022
AOI-02,ffcd445586dcd3b933d48bcc1cbd5c7c04e40be18f8c37915aa1d54e8887a72f,MODIS/061/MOD09Q1,2022-08-13T00:00:00+00:00,,b21c8cc7f3d4d35e1db4dfa1c8245ff10ba657c0a0a001992b552808766cc49b,True,source-scenes-v1,2022-07-31,Terra MODIS,,061,061,9fe5e997619723df140096ac792204614744f9b5f012f54c5b8a06dc6bb19d1a,modis,544ca3951a1f475600fb34294b9165fa35220c1569c7eae0e83f747ad5452116,2022-08-20,2022-08-16,2022-08-13,MODIS/061/MOD09Q1/2022_08_13,,1660348800000,2022-08-15,2022-07-16,2022
AOI-02,ffcd445586dcd3b933d48bcc1cbd5c7c04e40be18f8c37915aa1d54e8887a72f,MODIS/061/MOD09Q1,2022-08-21T00:00:00+00:00,SUPPORT_INTERVAL_OUTSIDE_NOMINAL_WINDOW,b21c8cc7f3d4d35e1db4dfa1c8245ff10ba657c0a0a001992b552808766cc49b,False,source-scenes-v1,2022-07-31,Terra MODIS,,061,061,9fe5e997619723df140096ac792204614744f9b5f012f54c5b8a06dc6bb19d1a,modis,544ca3951a1f475600fb34294b9165fa35220c1569c7eae0e83f747ad5452116,2022-08-28,2022-08-24,2022-08-21,MODIS/061/MOD09Q1/2022_08_21,,1661040000000,2022-08-15,2022-07-16,2022
AOI-02,ffcd445586dcd3b933d48bcc1cbd5c7c04e40be18f8c37915aa1d54e8887a72f,MODIS/061/MOD09Q1,2022-07-04T00:00:00+00:00,SUPPORT_INTERVAL_OUTSIDE_NOMINAL_WINDOW,b21c8cc7f3d4d35e1db4dfa1c8245ff10ba657c0a0a001992b552808766cc49b,False,source-scenes-v1,2022-08-10,Terra MODIS,,061,061,8073f429ff7f688ec360ddd9a9d524e474b54a5ff6344d644b65ab54d4c6c2bf,modis,b7d39f418ca1a98a4a60cf2b1e3f94a0c7e13f33efd32f861101de087323587d,2022-07-11,2022-07-07,2022-07-04,MODIS/061/MOD09Q1/2022_07_04,,1656892800000,2022-08-25,2022-07-26,2022
AOI-02,ffcd445586dcd3b933d48bcc1cbd5c7c04e40be18f8c37915aa1d54e8887a72f,MODIS/061/MOD09Q1,2022-07-12T00:00:00+00:00,SUPPORT_INTERVAL_OUTSIDE_NOMINAL_WINDOW,b21c8cc7f3d4d35e1db4dfa1c8245ff10ba657c0a0a001992b552808766cc49b,False,source-scenes-v1,2022-08-10,Terra MODIS,,061,061,8073f429ff7f688ec360ddd9a9d524e474b54a5ff6344d644b65ab54d4c6c2bf,modis,b7d39f418ca1a98a4a60cf2b1e3f94a0c7e13f33efd32f861101de087323587d,2022-07-19,2022-07-15,2022-07-12,MODIS/061/MOD09Q1/2022_07_12,,1657584000000,2022-08-25,2022-07-26,2022
AOI-02,ffcd445586dcd3b933d48bcc1cbd5c7c04e40be18f8c37915aa1d54e8887a72f,MODIS/061/MOD09Q1,2022-07-20T00:00:00+00:00,,b21c8cc7f3d4d35e1db4dfa1c8245ff10ba657c0a0a001992b552808766cc49b,True,source-scenes-v1,2022-08-10,Terra MODIS,,061,061,8073f429ff7f688ec360ddd9a9d524e474b54a5ff6344d644b65ab54d4c6c2bf,modis,b7d39f418ca1a98a4a60cf2b1e3f94a0c7e13f33efd32f861101de087323587d,2022-07-27,2022-07-23,2022-07-20,MODIS/061/MOD09Q1/2022_07_20,,1658275200000,2022-08-25,2022-07-26,2022
AOI-02,ffcd445586dcd3b933d48bcc1cbd5c7c04e40be18f8c37915aa1d54e8887a72f,MODIS/061/MOD09Q1,2022-07-28T00:00:00+00:00,,b21c8cc7f3d4d35e1db4dfa1c8245ff10ba657c0a0a001992b552808766cc49b,True,source-scenes-v1,2022-08-10,Terra MODIS,,061,061,8073f429ff7f688ec360ddd9a9d524e474b54a5ff6344d644b65ab54d4c6c2bf,modis,b7d39f418ca1a98a4a60cf2b1e3f94a0c7e13f33efd32f861101de087323587d,2022-08-04,2022-07-31,2022-07-28,MODIS/061/MOD09Q1/2022_07_28,,1658966400000,2022-08-25,2022-07-26,2022
AOI-02,ffcd445586dcd3b933d48bcc1cbd5c7c04e40be18f8c37915aa1d54e8887a72f,MODIS/061/MOD09Q1,2022-08-05T00:00:00+00:00,,b21c8cc7f3d4d35e1db4dfa1c8245ff10ba657c0a0a001992b552808766cc49b,True,source-scenes-v1,2022-08-10,Terra MODIS,,061,061,8073f429ff7f688ec360ddd9a9d524e474b54a5ff6344d644b65ab54d4c6c2bf,modis,b7d39f418ca1a98a4a60cf2b1e3f94a0c7e13f33efd32f861101de087323587d,2022-08-12,2022-08-08,2022-08-05,MODIS/061/MOD09Q1/2022_08_05,,1659657600000,2022-08-25,2022-07-26,2022
AOI-02,ffcd445586dcd3b933d48bcc1cbd5c7c04e40be18f8c37915aa1d54e8887a72f,MODIS/061/MOD09Q1,2022-08-13T00:00:00+00:00,,b21c8cc7f3d4d35e1db4dfa1c8245ff10ba657c0a0a001992b552808766cc49b,True,source-scenes-v1,2022-08-10,Terra MODIS,,061,061,8073f429ff7f688ec360ddd9a9d524e474b54a5ff6344d644b65ab54d4c6c2bf,modis,b7d39f418ca1a98a4a60cf2b1e3f94a0c7e13f33efd32f861101de087323587d,2022-08-20,2022-08-16,2022-08-13,MODIS/061/MOD09Q1/2022_08_13,,1660348800000,2022-08-25,2022-07-26,2022
AOI-02,ffcd445586dcd3b933d48bcc1cbd5c7c04e40be18f8c37915aa1d54e8887a72f,MODIS/061/MOD09Q1,2022-08-21T00:00:00+00:00,,b21c8cc7f3d4d35e1db4dfa1c8245ff10ba657c0a0a001992b552808766cc49b,True,source-scenes-v1,2022-08-10,Terra MODIS,,061,061,8073f429ff7f688ec360ddd9a9d524e474b54a5ff6344d644b65ab54d4c6c2bf,modis,b7d39f418ca1a98a4a60cf2b1e3f94a0c7e13f33efd32f861101de087323587d,2022-08-28,2022-08-24,2022-08-21,MODIS/061/MOD09Q1/2022_08_21,,1661040000000,2022-08-25,2022-07-26,2022
AOI-02,ffcd445586dcd3b933d48bcc1cbd5c7c04e40be18f8c37915aa1d54e8887a72f,MODIS/061/MOD09Q1,2023-07-04T00:00:00+00:00,,b21c8cc7f3d4d35e1db4dfa1c8245ff10ba657c0a0a001992b552808766cc49b,True,source-scenes-v1,2023-07-20,Terra MODIS,,061,061,cf08f9fee92d8f2c121aa0c46b36d77c72f2be1f6f2e78ade08f92f567751815,modis,d3de0fa611ac1fda89a98167ea3fa2dd33262609bfafb5f8ddd30ca0fab7e979,2023-07-11,2023-07-07,2023-07-04,MODIS/061/MOD09Q1/2023_07_04,,1688428800000,2023-08-04,2023-07-05,2023
AOI-02,ffcd445586dcd3b933d48bcc1cbd5c7c04e40be18f8c37915aa1d54e8887a72f,MODIS/061/MOD09Q1,2023-07-12T00:00:00+00:00,,b21c8cc7f3d4d35e1db4dfa1c8245ff10ba657c0a0a001992b552808766cc49b,True,source-scenes-v1,2023-07-20,Terra MODIS,,061,061,cf08f9fee92d8f2c121aa0c46b36d77c72f2be1f6f2e78ade08f92f567751815,modis,d3de0fa611ac1fda89a98167ea3fa2dd33262609bfafb5f8ddd30ca0fab7e979,2023-07-19,2023-07-15,2023-07-12,MODIS/061/MOD09Q1/2023_07_12,,1689120000000,2023-08-04,2023-07-05,2023
AOI-02,ffcd445586dcd3b933d48bcc1cbd5c7c04e40be18f8c37915aa1d54e8887a72f,MODIS/061/MOD09Q1,2023-07-20T00:00:00+00:00,,b21c8cc7f3d4d35e1db4dfa1c8245ff10ba657c0a0a001992b552808766cc49b,True,source-scenes-v1,2023-07-20,Terra MODIS,,061,061,cf08f9fee92d8f2c121aa0c46b36d77c72f2be1f6f2e78ade08f92f567751815,modis,d3de0fa611ac1fda89a98167ea3fa2dd33262609bfafb5f8ddd30ca0fab7e979,2023-07-27,2023-07-23,2023-07-20,MODIS/061/MOD09Q1/2023_07_20,,1689811200000,2023-08-04,2023-07-05,2023
AOI-02,ffcd445586dcd3b933d48bcc1cbd5c7c04e40be18f8c37915aa1d54e8887a72f,MODIS/061/MOD09Q1,2023-07-28T00:00:00+00:00,,b21c8cc7f3d4d35e1db4dfa1c8245ff10ba657c0a0a001992b552808766cc49b,True,source-scenes-v1,2023-07-20,Terra MODIS,,061,061,cf08f9fee92d8f2c121aa0c46b36d77c72f2be1f6f2e78ade08f92f567751815,modis,d3de0fa611ac1fda89a98167ea3fa2dd33262609bfafb5f8ddd30ca0fab7e979,2023-08-04,2023-07-31,2023-07-28,MODIS/061/MOD09Q1/2023_07_28,,1690502400000,2023-08-04,2023-07-05,2023
AOI-02,ffcd445586dcd3b933d48bcc1cbd5c7c04e40be18f8c37915aa1d54e8887a72f,MODIS/061/MOD09Q1,2023-08-05T00:00:00+00:00,SUPPORT_INTERVAL_OUTSIDE_NOMINAL_WINDOW,b21c8cc7f3d4d35e1db4dfa1c8245ff10ba657c0a0a001992b552808766cc49b,False,source-scenes-v1,2023-07-20,Terra MODIS,,061,061,cf08f9fee92d8f2c121aa0c46b36d77c72f2be1f6f2e78ade08f92f567751815,modis,d3de0fa611ac1fda89a98167ea3fa2dd33262609bfafb5f8ddd30ca0fab7e979,2023-08-12,2023-08-08,2023-08-05,MODIS/061/MOD09Q1/2023_08_05,,1691193600000,2023-08-04,2023-07-05,2023
AOI-02,ffcd445586dcd3b933d48bcc1cbd5c7c04e40be18f8c37915aa1d54e8887a72f,MODIS/061/MOD09Q1,2023-08-13T00:00:00+00:00,SUPPORT_INTERVAL_OUTSIDE_NOMINAL_WINDOW,b21c8cc7f3d4d35e1db4dfa1c8245ff10ba657c0a0a001992b552808766cc49b,False,source-scenes-v1,2023-07-20,Terra MODIS,,061,061,cf08f9fee92d8f2c121aa0c46b36d77c72f2be1f6f2e78ade08f92f567751815,modis,d3de0fa611ac1fda89a98167ea3fa2dd33262609bfafb5f8ddd30ca0fab7e979,2023-08-20,2023-08-16,2023-08-13,MODIS/061/MOD09Q1/2023_08_13,,1691884800000,2023-08-04,2023-07-05,2023
AOI-02,ffcd445586dcd3b933d48bcc1cbd5c7c04e40be18f8c37915aa1d54e8887a72f,MODIS/061/MOD09Q1,2023-08-21T00:00:00+00:00,SUPPORT_INTERVAL_OUTSIDE_NOMINAL_WINDOW,b21c8cc7f3d4d35e1db4dfa1c8245ff10ba657c0a0a001992b552808766cc49b,False,source-scenes-v1,2023-07-20,Terra MODIS,,061,061,cf08f9fee92d8f2c121aa0c46b36d77c72f2be1f6f2e78ade08f92f567751815,modis,d3de0fa611ac1fda89a98167ea3fa2dd33262609bfafb5f8ddd30ca0fab7e979,2023-08-28,2023-08-24,2023-08-21,MODIS/061/MOD09Q1/2023_08_21,,1692576000000,2023-08-04,2023-07-05,2023
AOI-02,ffcd445586dcd3b933d48bcc1cbd5c7c04e40be18f8c37915aa1d54e8887a72f,MODIS/061/MOD09Q1,2023-07-04T00:00:00+00:00,SUPPORT_INTERVAL_OUTSIDE_NOMINAL_WINDOW,b21c8cc7f3d4d35e1db4dfa1c8245ff10ba657c0a0a001992b552808766cc49b,False,source-scenes-v1,2023-07-31,Terra MODIS,,061,061,b38453b824c75750deeacedeb0df91aaf5a8813833a139e3ba9e67f2ce55ca2b,modis,e71edacb2b8b62bf9f9e0cd6781fb3f22a43bf023d28d7edcad1027611a110ce,2023-07-11,2023-07-07,2023-07-04,MODIS/061/MOD09Q1/2023_07_04,,1688428800000,2023-08-15,2023-07-16,2023
AOI-02,ffcd445586dcd3b933d48bcc1cbd5c7c04e40be18f8c37915aa1d54e8887a72f,MODIS/061/MOD09Q1,2023-07-12T00:00:00+00:00,,b21c8cc7f3d4d35e1db4dfa1c8245ff10ba657c0a0a001992b552808766cc49b,True,source-scenes-v1,2023-07-31,Terra MODIS,,061,061,b38453b824c75750deeacedeb0df91aaf5a8813833a139e3ba9e67f2ce55ca2b,modis,e71edacb2b8b62bf9f9e0cd6781fb3f22a43bf023d28d7edcad1027611a110ce,2023-07-19,2023-07-15,2023-07-12,MODIS/061/MOD09Q1/2023_07_12,,1689120000000,2023-08-15,2023-07-16,2023
AOI-02,ffcd445586dcd3b933d48bcc1cbd5c7c04e40be18f8c37915aa1d54e8887a72f,MODIS/061/MOD09Q1,2023-07-20T00:00:00+00:00,,b21c8cc7f3d4d35e1db4dfa1c8245ff10ba657c0a0a001992b552808766cc49b,True,source-scenes-v1,2023-07-31,Terra MODIS,,061,061,b38453b824c75750deeacedeb0df91aaf5a8813833a139e3ba9e67f2ce55ca2b,modis,e71edacb2b8b62bf9f9e0cd6781fb3f22a43bf023d28d7edcad1027611a110ce,2023-07-27,2023-07-23,2023-07-20,MODIS/061/MOD09Q1/2023_07_20,,1689811200000,2023-08-15,2023-07-16,2023
AOI-02,ffcd445586dcd3b933d48bcc1cbd5c7c04e40be18f8c37915aa1d54e8887a72f,MODIS/061/MOD09Q1,2023-07-28T00:00:00+00:00,,b21c8cc7f3d4d35e1db4dfa1c8245ff10ba657c0a0a001992b552808766cc49b,True,source-scenes-v1,2023-07-31,Terra MODIS,,061,061,b38453b824c75750deeacedeb0df91aaf5a8813833a139e3ba9e67f2ce55ca2b,modis,e71edacb2b8b62bf9f9e0cd6781fb3f22a43bf023d28d7edcad1027611a110ce,2023-08-04,2023-07-31,2023-07-28,MODIS/061/MOD09Q1/2023_07_28,,1690502400000,2023-08-15,2023-07-16,2023
AOI-02,ffcd445586dcd3b933d48bcc1cbd5c7c04e40be18f8c37915aa1d54e8887a72f,MODIS/061/MOD09Q1,2023-08-05T00:00:00+00:00,,b21c8cc7f3d4d35e1db4dfa1c8245ff10ba657c0a0a001992b552808766cc49b,True,source-scenes-v1,2023-07-31,Terra MODIS,,061,061,b38453b824c75750deeacedeb0df91aaf5a8813833a139e3ba9e67f2ce55ca2b,modis,e71edacb2b8b62bf9f9e0cd6781fb3f22a43bf023d28d7edcad1027611a110ce,2023-08-12,2023-08-08,2023-08-05,MODIS/061/MOD09Q1/2023_08_05,,1691193600000,2023-08-15,2023-07-16,2023
AOI-02,ffcd445586dcd3b933d48bcc1cbd5c7c04e40be18f8c37915aa1d54e8887a72f,MODIS/061/MOD09Q1,2023-08-13T00:00:00+00:00,,b21c8cc7f3d4d35e1db4dfa1c8245ff10ba657c0a0a001992b552808766cc49b,True,source-scenes-v1,2023-07-31,Terra MODIS,,061,061,b38453b824c75750deeacedeb0df91aaf5a8813833a139e3ba9e67f2ce55ca2b,modis,e71edacb2b8b62bf9f9e0cd6781fb3f22a43bf023d28d7edcad1027611a110ce,2023-08-20,2023-08-16,2023-08-13,MODIS/061/MOD09Q1/2023_08_13,,1691884800000,2023-08-15,2023-07-16,2023
AOI-02,ffcd445586dcd3b933d48bcc1cbd5c7c04e40be18f8c37915aa1d54e8887a72f,MODIS/061/MOD09Q1,2023-08-21T00:00:00+00:00,SUPPORT_INTERVAL_OUTSIDE_NOMINAL_WINDOW,b21c8cc7f3d4d35e1db4dfa1c8245ff10ba657c0a0a001992b552808766cc49b,False,source-scenes-v1,2023-07-31,Terra MODIS,,061,061,b38453b824c75750deeacedeb0df91aaf5a8813833a139e3ba9e67f2ce55ca2b,modis,e71edacb2b8b62bf9f9e0cd6781fb3f22a43bf023d28d7edcad1027611a110ce,2023-08-28,2023-08-24,2023-08-21,MODIS/061/MOD09Q1/2023_08_21,,1692576000000,2023-08-15,2023-07-16,2023
AOI-02,ffcd445586dcd3b933d48bcc1cbd5c7c04e40be18f8c37915aa1d54e8887a72f,MODIS/061/MOD09Q1,2023-07-04T00:00:00+00:00,SUPPORT_INTERVAL_OUTSIDE_NOMINAL_WINDOW,b21c8cc7f3d4d35e1db4dfa1c8245ff10ba657c0a0a001992b552808766cc49b,False,source-scenes-v1,2023-08-10,Terra MODIS,,061,061,966e930c80cc96850b8c717508324d7da89cb13ed0f35d42acb8846c50ac255b,modis,fe703df2821acf2e721e9d79ee9a77df57ded8ed27ac69a2941b291e85be2705,2023-07-11,2023-07-07,2023-07-04,MODIS/061/MOD09Q1/2023_07_04,,1688428800000,2023-08-25,2023-07-26,2023
AOI-02,ffcd445586dcd3b933d48bcc1cbd5c7c04e40be18f8c37915aa1d54e8887a72f,MODIS/061/MOD09Q1,2023-07-12T00:00:00+00:00,SUPPORT_INTERVAL_OUTSIDE_NOMINAL_WINDOW,b21c8cc7f3d4d35e1db4dfa1c8245ff10ba657c0a0a001992b552808766cc49b,False,source-scenes-v1,2023-08-10,Terra MODIS,,061,061,966e930c80cc96850b8c717508324d7da89cb13ed0f35d42acb8846c50ac255b,modis,fe703df2821acf2e721e9d79ee9a77df57ded8ed27ac69a2941b291e85be2705,2023-07-19,2023-07-15,2023-07-12,MODIS/061/MOD09Q1/2023_07_12,,1689120000000,2023-08-25,2023-07-26,2023
AOI-02,ffcd445586dcd3b933d48bcc1cbd5c7c04e40be18f8c37915aa1d54e8887a72f,MODIS/061/MOD09Q1,2023-07-20T00:00:00+00:00,,b21c8cc7f3d4d35e1db4dfa1c8245ff10ba657c0a0a001992b552808766cc49b,True,source-scenes-v1,2023-08-10,Terra MODIS,,061,061,966e930c80cc96850b8c717508324d7da89cb13ed0f35d42acb8846c50ac255b,modis,fe703df2821acf2e721e9d79ee9a77df57ded8ed27ac69a2941b291e85be2705,2023-07-27,2023-07-23,2023-07-20,MODIS/061/MOD09Q1/2023_07_20,,1689811200000,2023-08-25,2023-07-26,2023
AOI-02,ffcd445586dcd3b933d48bcc1cbd5c7c04e40be18f8c37915aa1d54e8887a72f,MODIS/061/MOD09Q1,2023-07-28T00:00:00+00:00,,b21c8cc7f3d4d35e1db4dfa1c8245ff10ba657c0a0a001992b552808766cc49b,True,source-scenes-v1,2023-08-10,Terra MODIS,,061,061,966e930c80cc96850b8c717508324d7da89cb13ed0f35d42acb8846c50ac255b,modis,fe703df2821acf2e721e9d79ee9a77df57ded8ed27ac69a2941b291e85be2705,2023-08-04,2023-07-31,2023-07-28,MODIS/061/MOD09Q1/2023_07_28,,1690502400000,2023-08-25,2023-07-26,2023
AOI-02,ffcd445586dcd3b933d48bcc1cbd5c7c04e40be18f8c37915aa1d54e8887a72f,MODIS/061/MOD09Q1,2023-08-05T00:00:00+00:00,,b21c8cc7f3d4d35e1db4dfa1c8245ff10ba657c0a0a001992b552808766cc49b,True,source-scenes-v1,2023-08-10,Terra MODIS,,061,061,966e930c80cc96850b8c717508324d7da89cb13ed0f35d42acb8846c50ac255b,modis,fe703df2821acf2e721e9d79ee9a77df57ded8ed27ac69a2941b291e85be2705,2023-08-12,2023-08-08,2023-08-05,MODIS/061/MOD09Q1/2023_08_05,,1691193600000,2023-08-25,2023-07-26,2023
AOI-02,ffcd445586dcd3b933d48bcc1cbd5c7c04e40be18f8c37915aa1d54e8887a72f,MODIS/061/MOD09Q1,2023-08-13T00:00:00+00:00,,b21c8cc7f3d4d35e1db4dfa1c8245ff10ba657c0a0a001992b552808766cc49b,True,source-scenes-v1,2023-08-10,Terra MODIS,,061,061,966e930c80cc96850b8c717508324d7da89cb13ed0f35d42acb8846c50ac255b,modis,fe703df2821acf2e721e9d79ee9a77df57ded8ed27ac69a2941b291e85be2705,2023-08-20,2023-08-16,2023-08-13,MODIS/061/MOD09Q1/2023_08_13,,1691884800000,2023-08-25,2023-07-26,2023
AOI-02,ffcd445586dcd3b933d48bcc1cbd5c7c04e40be18f8c37915aa1d54e8887a72f,MODIS/061/MOD09Q1,2023-08-21T00:00:00+00:00,,b21c8cc7f3d4d35e1db4dfa1c8245ff10ba657c0a0a001992b552808766cc49b,True,source-scenes-v1,2023-08-10,Terra MODIS,,061,061,966e930c80cc96850b8c717508324d7da89cb13ed0f35d42acb8846c50ac255b,modis,fe703df2821acf2e721e9d79ee9a77df57ded8ed27ac69a2941b291e85be2705,2023-08-28,2023-08-24,2023-08-21,MODIS/061/MOD09Q1/2023_08_21,,1692576000000,2023-08-25,2023-07-26,2023
AOI-02,ffcd445586dcd3b933d48bcc1cbd5c7c04e40be18f8c37915aa1d54e8887a72f,MODIS/061/MOD09Q1,2024-07-03T00:00:00+00:00,,b21c8cc7f3d4d35e1db4dfa1c8245ff10ba657c0a0a001992b552808766cc49b,True,source-scenes-v1,2024-07-20,Terra MODIS,,061,061,fa35525b4da72fa7003bb93baa1bbc94fdc6d5ad2ac1f1e078963165c567b4da,modis,8f8b066ee9477b34b505906878562d117b83e6c5de11c2189c252409b806d943,2024-07-10,2024-07-06,2024-07-03,MODIS/061/MOD09Q1/2024_07_03,,1719964800000,2024-08-04,2024-07-05,2024
AOI-02,ffcd445586dcd3b933d48bcc1cbd5c7c04e40be18f8c37915aa1d54e8887a72f,MODIS/061/MOD09Q1,2024-07-11T00:00:00+00:00,,b21c8cc7f3d4d35e1db4dfa1c8245ff10ba657c0a0a001992b552808766cc49b,True,source-scenes-v1,2024-07-20,Terra MODIS,,061,061,fa35525b4da72fa7003bb93baa1bbc94fdc6d5ad2ac1f1e078963165c567b4da,modis,8f8b066ee9477b34b505906878562d117b83e6c5de11c2189c252409b806d943,2024-07-18,2024-07-14,2024-07-11,MODIS/061/MOD09Q1/2024_07_11,,1720656000000,2024-08-04,2024-07-05,2024
AOI-02,ffcd445586dcd3b933d48bcc1cbd5c7c04e40be18f8c37915aa1d54e8887a72f,MODIS/061/MOD09Q1,2024-07-19T00:00:00+00:00,,b21c8cc7f3d4d35e1db4dfa1c8245ff10ba657c0a0a001992b552808766cc49b,True,source-scenes-v1,2024-07-20,Terra MODIS,,061,061,fa35525b4da72fa7003bb93baa1bbc94fdc6d5ad2ac1f1e078963165c567b4da,modis,8f8b066ee9477b34b505906878562d117b83e6c5de11c2189c252409b806d943,2024-07-26,2024-07-22,2024-07-19,MODIS/061/MOD09Q1/2024_07_19,,1721347200000,2024-08-04,2024-07-05,2024
AOI-02,ffcd445586dcd3b933d48bcc1cbd5c7c04e40be18f8c37915aa1d54e8887a72f,MODIS/061/MOD09Q1,2024-07-27T00:00:00+00:00,,b21c8cc7f3d4d35e1db4dfa1c8245ff10ba657c0a0a001992b552808766cc49b,True,source-scenes-v1,2024-07-20,Terra MODIS,,061,061,fa35525b4da72fa7003bb93baa1bbc94fdc6d5ad2ac1f1e078963165c567b4da,modis,8f8b066ee9477b34b505906878562d117b83e6c5de11c2189c252409b806d943,2024-08-03,2024-07-30,2024-07-27,MODIS/061/MOD09Q1/2024_07_27,,1722038400000,2024-08-04,2024-07-05,2024
AOI-02,ffcd445586dcd3b933d48bcc1cbd5c7c04e40be18f8c37915aa1d54e8887a72f,MODIS/061/MOD09Q1,2024-08-04T00:00:00+00:00,,b21c8cc7f3d4d35e1db4dfa1c8245ff10ba657c0a0a001992b552808766cc49b,True,source-scenes-v1,2024-07-20,Terra MODIS,,061,061,fa35525b4da72fa7003bb93baa1bbc94fdc6d5ad2ac1f1e078963165c567b4da,modis,8f8b066ee9477b34b505906878562d117b83e6c5de11c2189c252409b806d943,2024-08-11,2024-08-07,2024-08-04,MODIS/061/MOD09Q1/2024_08_04,,1722729600000,2024-08-04,2024-07-05,2024
AOI-02,ffcd445586dcd3b933d48bcc1cbd5c7c04e40be18f8c37915aa1d54e8887a72f,MODIS/061/MOD09Q1,2024-08-12T00:00:00+00:00,SUPPORT_INTERVAL_OUTSIDE_NOMINAL_WINDOW,b21c8cc7f3d4d35e1db4dfa1c8245ff10ba657c0a0a001992b552808766cc49b,False,source-scenes-v1,2024-07-20,Terra MODIS,,061,061,fa35525b4da72fa7003bb93baa1bbc94fdc6d5ad2ac1f1e078963165c567b4da,modis,8f8b066ee9477b34b505906878562d117b83e6c5de11c2189c252409b806d943,2024-08-19,2024-08-15,2024-08-12,MODIS/061/MOD09Q1/2024_08_12,,1723420800000,2024-08-04,2024-07-05,2024
AOI-02,ffcd445586dcd3b933d48bcc1cbd5c7c04e40be18f8c37915aa1d54e8887a72f,MODIS/061/MOD09Q1,2024-08-20T00:00:00+00:00,SUPPORT_INTERVAL_OUTSIDE_NOMINAL_WINDOW,b21c8cc7f3d4d35e1db4dfa1c8245ff10ba657c0a0a001992b552808766cc49b,False,source-scenes-v1,2024-07-20,Terra MODIS,,061,061,fa35525b4da72fa7003bb93baa1bbc94fdc6d5ad2ac1f1e078963165c567b4da,modis,8f8b066ee9477b34b505906878562d117b83e6c5de11c2189c252409b806d943,2024-08-27,2024-08-23,2024-08-20,MODIS/061/MOD09Q1/2024_08_20,,1724112000000,2024-08-04,2024-07-05,2024
AOI-02,ffcd445586dcd3b933d48bcc1cbd5c7c04e40be18f8c37915aa1d54e8887a72f,MODIS/061/MOD09Q1,2024-07-03T00:00:00+00:00,SUPPORT_INTERVAL_OUTSIDE_NOMINAL_WINDOW,b21c8cc7f3d4d35e1db4dfa1c8245ff10ba657c0a0a001992b552808766cc49b,False,source-scenes-v1,2024-07-31,Terra MODIS,,061,061,7744849281952fb129b51dbe8d88850f5252e10fa13c814f7a82459460cddc54,modis,2a3fa3b6a34109b1a1fa874891bfa3f735c070c23a3f83a4f88a01eadc5743c9,2024-07-10,2024-07-06,2024-07-03,MODIS/061/MOD09Q1/2024_07_03,,1719964800000,2024-08-15,2024-07-16,2024
AOI-02,ffcd445586dcd3b933d48bcc1cbd5c7c04e40be18f8c37915aa1d54e8887a72f,MODIS/061/MOD09Q1,2024-07-11T00:00:00+00:00,,b21c8cc7f3d4d35e1db4dfa1c8245ff10ba657c0a0a001992b552808766cc49b,True,source-scenes-v1,2024-07-31,Terra MODIS,,061,061,7744849281952fb129b51dbe8d88850f5252e10fa13c814f7a82459460cddc54,modis,2a3fa3b6a34109b1a1fa874891bfa3f735c070c23a3f83a4f88a01eadc5743c9,2024-07-18,2024-07-14,2024-07-11,MODIS/061/MOD09Q1/2024_07_11,,1720656000000,2024-08-15,2024-07-16,2024
AOI-02,ffcd445586dcd3b933d48bcc1cbd5c7c04e40be18f8c37915aa1d54e8887a72f,MODIS/061/MOD09Q1,2024-07-19T00:00:00+00:00,,b21c8cc7f3d4d35e1db4dfa1c8245ff10ba657c0a0a001992b552808766cc49b,True,source-scenes-v1,2024-07-31,Terra MODIS,,061,061,7744849281952fb129b51dbe8d88850f5252e10fa13c814f7a82459460cddc54,modis,2a3fa3b6a34109b1a1fa874891bfa3f735c070c23a3f83a4f88a01eadc5743c9,2024-07-26,2024-07-22,2024-07-19,MODIS/061/MOD09Q1/2024_07_19,,1721347200000,2024-08-15,2024-07-16,2024
AOI-02,ffcd445586dcd3b933d48bcc1cbd5c7c04e40be18f8c37915aa1d54e8887a72f,MODIS/061/MOD09Q1,2024-07-27T00:00:00+00:00,,b21c8cc7f3d4d35e1db4dfa1c8245ff10ba657c0a0a001992b552808766cc49b,True,source-scenes-v1,2024-07-31,Terra MODIS,,061,061,7744849281952fb129b51dbe8d88850f5252e10fa13c814f7a82459460cddc54,modis,2a3fa3b6a34109b1a1fa874891bfa3f735c070c23a3f83a4f88a01eadc5743c9,2024-08-03,2024-07-30,2024-07-27,MODIS/061/MOD09Q1/2024_07_27,,1722038400000,2024-08-15,2024-07-16,2024
AOI-02,ffcd445586dcd3b933d48bcc1cbd5c7c04e40be18f8c37915aa1d54e8887a72f,MODIS/061/MOD09Q1,2024-08-04T00:00:00+00:00,,b21c8cc7f3d4d35e1db4dfa1c8245ff10ba657c0a0a001992b552808766cc49b,True,source-scenes-v1,2024-07-31,Terra MODIS,,061,061,7744849281952fb129b51dbe8d88850f5252e10fa13c814f7a82459460cddc54,modis,2a3fa3b6a34109b1a1fa874891bfa3f735c070c23a3f83a4f88a01eadc5743c9,2024-08-11,2024-08-07,2024-08-04,MODIS/061/MOD09Q1/2024_08_04,,1722729600000,2024-08-15,2024-07-16,2024
AOI-02,ffcd445586dcd3b933d48bcc1cbd5c7c04e40be18f8c37915aa1d54e8887a72f,MODIS/061/MOD09Q1,2024-08-12T00:00:00+00:00,,b21c8cc7f3d4d35e1db4dfa1c8245ff10ba657c0a0a001992b552808766cc49b,True,source-scenes-v1,2024-07-31,Terra MODIS,,061,061,7744849281952fb129b51dbe8d88850f5252e10fa13c814f7a82459460cddc54,modis,2a3fa3b6a34109b1a1fa874891bfa3f735c070c23a3f83a4f88a01eadc5743c9,2024-08-19,2024-08-15,2024-08-12,MODIS/061/MOD09Q1/2024_08_12,,1723420800000,2024-08-15,2024-07-16,2024
AOI-02,ffcd445586dcd3b933d48bcc1cbd5c7c04e40be18f8c37915aa1d54e8887a72f,MODIS/061/MOD09Q1,2024-08-20T00:00:00+00:00,SUPPORT_INTERVAL_OUTSIDE_NOMINAL_WINDOW,b21c8cc7f3d4d35e1db4dfa1c8245ff10ba657c0a0a001992b552808766cc49b,False,source-scenes-v1,2024-07-31,Terra MODIS,,061,061,7744849281952fb129b51dbe8d88850f5252e10fa13c814f7a82459460cddc54,modis,2a3fa3b6a34109b1a1fa874891bfa3f735c070c23a3f83a4f88a01eadc5743c9,2024-08-27,2024-08-23,2024-08-20,MODIS/061/MOD09Q1/2024_08_20,,1724112000000,2024-08-15,2024-07-16,2024
AOI-02,ffcd445586dcd3b933d48bcc1cbd5c7c04e40be18f8c37915aa1d54e8887a72f,MODIS/061/MOD09Q1,2024-07-03T00:00:00+00:00,SUPPORT_INTERVAL_OUTSIDE_NOMINAL_WINDOW,b21c8cc7f3d4d35e1db4dfa1c8245ff10ba657c0a0a001992b552808766cc49b,False,source-scenes-v1,2024-08-10,Terra MODIS,,061,061,1b3d6a746f2f7b25b53895780e62d7d4e125c01eaaecc01d03c55067a97ea414,modis,e387fa1853964fdf398298d1a02fbb7e826f33866657ff238df71d7c26c8f130,2024-07-10,2024-07-06,2024-07-03,MODIS/061/MOD09Q1/2024_07_03,,1719964800000,2024-08-25,2024-07-26,2024
AOI-02,ffcd445586dcd3b933d48bcc1cbd5c7c04e40be18f8c37915aa1d54e8887a72f,MODIS/061/MOD09Q1,2024-07-11T00:00:00+00:00,SUPPORT_INTERVAL_OUTSIDE_NOMINAL_WINDOW,b21c8cc7f3d4d35e1db4dfa1c8245ff10ba657c0a0a001992b552808766cc49b,False,source-scenes-v1,2024-08-10,Terra MODIS,,061,061,1b3d6a746f2f7b25b53895780e62d7d4e125c01eaaecc01d03c55067a97ea414,modis,e387fa1853964fdf398298d1a02fbb7e826f33866657ff238df71d7c26c8f130,2024-07-18,2024-07-14,2024-07-11,MODIS/061/MOD09Q1/2024_07_11,,1720656000000,2024-08-25,2024-07-26,2024
AOI-02,ffcd445586dcd3b933d48bcc1cbd5c7c04e40be18f8c37915aa1d54e8887a72f,MODIS/061/MOD09Q1,2024-07-19T00:00:00+00:00,,b21c8cc7f3d4d35e1db4dfa1c8245ff10ba657c0a0a001992b552808766cc49b,True,source-scenes-v1,2024-08-10,Terra MODIS,,061,061,1b3d6a746f2f7b25b53895780e62d7d4e125c01eaaecc01d03c55067a97ea414,modis,e387fa1853964fdf398298d1a02fbb7e826f33866657ff238df71d7c26c8f130,2024-07-26,2024-07-22,2024-07-19,MODIS/061/MOD09Q1/2024_07_19,,1721347200000,2024-08-25,2024-07-26,2024
AOI-02,ffcd445586dcd3b933d48bcc1cbd5c7c04e40be18f8c37915aa1d54e8887a72f,MODIS/061/MOD09Q1,2024-07-27T00:00:00+00:00,,b21c8cc7f3d4d35e1db4dfa1c8245ff10ba657c0a0a001992b552808766cc49b,True,source-scenes-v1,2024-08-10,Terra MODIS,,061,061,1b3d6a746f2f7b25b53895780e62d7d4e125c01eaaecc01d03c55067a97ea414,modis,e387fa1853964fdf398298d1a02fbb7e826f33866657ff238df71d7c26c8f130,2024-08-03,2024-07-30,2024-07-27,MODIS/061/MOD09Q1/2024_07_27,,1722038400000,2024-08-25,2024-07-26,2024
AOI-02,ffcd445586dcd3b933d48bcc1cbd5c7c04e40be18f8c37915aa1d54e8887a72f,MODIS/061/MOD09Q1,2024-08-04T00:00:00+00:00,,b21c8cc7f3d4d35e1db4dfa1c8245ff10ba657c0a0a001992b552808766cc49b,True,source-scenes-v1,2024-08-10,Terra MODIS,,061,061,1b3d6a746f2f7b25b53895780e62d7d4e125c01eaaecc01d03c55067a97ea414,modis,e387fa1853964fdf398298d1a02fbb7e826f33866657ff238df71d7c26c8f130,2024-08-11,2024-08-07,2024-08-04,MODIS/061/MOD09Q1/2024_08_04,,1722729600000,2024-08-25,2024-07-26,2024
AOI-02,ffcd445586dcd3b933d48bcc1cbd5c7c04e40be18f8c37915aa1d54e8887a72f,MODIS/061/MOD09Q1,2024-08-12T00:00:00+00:00,,b21c8cc7f3d4d35e1db4dfa1c8245ff10ba657c0a0a001992b552808766cc49b,True,source-scenes-v1,2024-08-10,Terra MODIS,,061,061,1b3d6a746f2f7b25b53895780e62d7d4e125c01eaaecc01d03c55067a97ea414,modis,e387fa1853964fdf398298d1a02fbb7e826f33866657ff238df71d7c26c8f130,2024-08-19,2024-08-15,2024-08-12,MODIS/061/MOD09Q1/2024_08_12,,1723420800000,2024-08-25,2024-07-26,2024
AOI-02,ffcd445586dcd3b933d48bcc1cbd5c7c04e40be18f8c37915aa1d54e8887a72f,MODIS/061/MOD09Q1,2024-08-20T00:00:00+00:00,,b21c8cc7f3d4d35e1db4dfa1c8245ff10ba657c0a0a001992b552808766cc49b,True,source-scenes-v1,2024-08-10,Terra MODIS,,061,061,1b3d6a746f2f7b25b53895780e62d7d4e125c01eaaecc01d03c55067a97ea414,modis,e387fa1853964fdf398298d1a02fbb7e826f33866657ff238df71d7c26c8f130,2024-08-27,2024-08-23,2024-08-20,MODIS/061/MOD09Q1/2024_08_20,,1724112000000,2024-08-25,2024-07-26,2024
AOI-02,ffcd445586dcd3b933d48bcc1cbd5c7c04e40be18f8c37915aa1d54e8887a72f,MODIS/061/MOD09Q1,2025-07-04T00:00:00+00:00,,b21c8cc7f3d4d35e1db4dfa1c8245ff10ba657c0a0a001992b552808766cc49b,True,source-scenes-v1,2025-07-20,Terra MODIS,,061,061,804c281146a94b4a87e1d11ffd59681cfd52eee9c09d0df911baf654653b7220,modis,3b1e9dbb79368dd969b4b07dc6b46a304189d48e2ae776189ed5b88202c02c01,2025-07-11,2025-07-07,2025-07-04,MODIS/061/MOD09Q1/2025_07_04,,1751587200000,2025-08-04,2025-07-05,2025
AOI-02,ffcd445586dcd3b933d48bcc1cbd5c7c04e40be18f8c37915aa1d54e8887a72f,MODIS/061/MOD09Q1,2025-07-12T00:00:00+00:00,,b21c8cc7f3d4d35e1db4dfa1c8245ff10ba657c0a0a001992b552808766cc49b,True,source-scenes-v1,2025-07-20,Terra MODIS,,061,061,804c281146a94b4a87e1d11ffd59681cfd52eee9c09d0df911baf654653b7220,modis,3b1e9dbb79368dd969b4b07dc6b46a304189d48e2ae776189ed5b88202c02c01,2025-07-19,2025-07-15,2025-07-12,MODIS/061/MOD09Q1/2025_07_12,,1752278400000,2025-08-04,2025-07-05,2025
AOI-02,ffcd445586dcd3b933d48bcc1cbd5c7c04e40be18f8c37915aa1d54e8887a72f,MODIS/061/MOD09Q1,2025-07-20T00:00:00+00:00,,b21c8cc7f3d4d35e1db4dfa1c8245ff10ba657c0a0a001992b552808766cc49b,True,source-scenes-v1,2025-07-20,Terra MODIS,,061,061,804c281146a94b4a87e1d11ffd59681cfd52eee9c09d0df911baf654653b7220,modis,3b1e9dbb79368dd969b4b07dc6b46a304189d48e2ae776189ed5b88202c02c01,2025-07-27,2025-07-23,2025-07-20,MODIS/061/MOD09Q1/2025_07_20,,1752969600000,2025-08-04,2025-07-05,2025
AOI-02,ffcd445586dcd3b933d48bcc1cbd5c7c04e40be18f8c37915aa1d54e8887a72f,MODIS/061/MOD09Q1,2025-07-28T00:00:00+00:00,,b21c8cc7f3d4d35e1db4dfa1c8245ff10ba657c0a0a001992b552808766cc49b,True,source-scenes-v1,2025-07-20,Terra MODIS,,061,061,804c281146a94b4a87e1d11ffd59681cfd52eee9c09d0df911baf654653b7220,modis,3b1e9dbb79368dd969b4b07dc6b46a304189d48e2ae776189ed5b88202c02c01,2025-08-04,2025-07-31,2025-07-28,MODIS/061/MOD09Q1/2025_07_28,,1753660800000,2025-08-04,2025-07-05,2025
AOI-02,ffcd445586dcd3b933d48bcc1cbd5c7c04e40be18f8c37915aa1d54e8887a72f,MODIS/061/MOD09Q1,2025-08-05T00:00:00+00:00,SUPPORT_INTERVAL_OUTSIDE_NOMINAL_WINDOW,b21c8cc7f3d4d35e1db4dfa1c8245ff10ba657c0a0a001992b552808766cc49b,False,source-scenes-v1,2025-07-20,Terra MODIS,,061,061,804c281146a94b4a87e1d11ffd59681cfd52eee9c09d0df911baf654653b7220,modis,3b1e9dbb79368dd969b4b07dc6b46a304189d48e2ae776189ed5b88202c02c01,2025-08-12,2025-08-08,2025-08-05,MODIS/061/MOD09Q1/2025_08_05,,1754352000000,2025-08-04,2025-07-05,2025
AOI-02,ffcd445586dcd3b933d48bcc1cbd5c7c04e40be18f8c37915aa1d54e8887a72f,MODIS/061/MOD09Q1,2025-08-13T00:00:00+00:00,SUPPORT_INTERVAL_OUTSIDE_NOMINAL_WINDOW,b21c8cc7f3d4d35e1db4dfa1c8245ff10ba657c0a0a001992b552808766cc49b,False,source-scenes-v1,2025-07-20,Terra MODIS,,061,061,804c281146a94b4a87e1d11ffd59681cfd52eee9c09d0df911baf654653b7220,modis,3b1e9dbb79368dd969b4b07dc6b46a304189d48e2ae776189ed5b88202c02c01,2025-08-20,2025-08-16,2025-08-13,MODIS/061/MOD09Q1/2025_08_13,,1755043200000,2025-08-04,2025-07-05,2025
AOI-02,ffcd445586dcd3b933d48bcc1cbd5c7c04e40be18f8c37915aa1d54e8887a72f,MODIS/061/MOD09Q1,2025-08-21T00:00:00+00:00,SUPPORT_INTERVAL_OUTSIDE_NOMINAL_WINDOW,b21c8cc7f3d4d35e1db4dfa1c8245ff10ba657c0a0a001992b552808766cc49b,False,source-scenes-v1,2025-07-20,Terra MODIS,,061,061,804c281146a94b4a87e1d11ffd59681cfd52eee9c09d0df911baf654653b7220,modis,3b1e9dbb79368dd969b4b07dc6b46a304189d48e2ae776189ed5b88202c02c01,2025-08-28,2025-08-24,2025-08-21,MODIS/061/MOD09Q1/2025_08_21,,1755734400000,2025-08-04,2025-07-05,2025
AOI-02,ffcd445586dcd3b933d48bcc1cbd5c7c04e40be18f8c37915aa1d54e8887a72f,MODIS/061/MOD09Q1,2025-07-04T00:00:00+00:00,SUPPORT_INTERVAL_OUTSIDE_NOMINAL_WINDOW,b21c8cc7f3d4d35e1db4dfa1c8245ff10ba657c0a0a001992b552808766cc49b,False,source-scenes-v1,2025-07-31,Terra MODIS,,061,061,2d58c8dc81e096dfa9846a3710f566083ff2440c37e655ac8eb087d463f8d23d,modis,dd5cbfe65c36736ad051960e825aa69b606318d4b5bb2d2e05e7cdfde77b7810,2025-07-11,2025-07-07,2025-07-04,MODIS/061/MOD09Q1/2025_07_04,,1751587200000,2025-08-15,2025-07-16,2025
AOI-02,ffcd445586dcd3b933d48bcc1cbd5c7c04e40be18f8c37915aa1d54e8887a72f,MODIS/061/MOD09Q1,2025-07-12T00:00:00+00:00,,b21c8cc7f3d4d35e1db4dfa1c8245ff10ba657c0a0a001992b552808766cc49b,True,source-scenes-v1,2025-07-31,Terra MODIS,,061,061,2d58c8dc81e096dfa9846a3710f566083ff2440c37e655ac8eb087d463f8d23d,modis,dd5cbfe65c36736ad051960e825aa69b606318d4b5bb2d2e05e7cdfde77b7810,2025-07-19,2025-07-15,2025-07-12,MODIS/061/MOD09Q1/2025_07_12,,1752278400000,2025-08-15,2025-07-16,2025
AOI-02,ffcd445586dcd3b933d48bcc1cbd5c7c04e40be18f8c37915aa1d54e8887a72f,MODIS/061/MOD09Q1,2025-07-20T00:00:00+00:00,,b21c8cc7f3d4d35e1db4dfa1c8245ff10ba657c0a0a001992b552808766cc49b,True,source-scenes-v1,2025-07-31,Terra MODIS,,061,061,2d58c8dc81e096dfa9846a3710f566083ff2440c37e655ac8eb087d463f8d23d,modis,dd5cbfe65c36736ad051960e825aa69b606318d4b5bb2d2e05e7cdfde77b7810,2025-07-27,2025-07-23,2025-07-20,MODIS/061/MOD09Q1/2025_07_20,,1752969600000,2025-08-15,2025-07-16,2025
AOI-02,ffcd445586dcd3b933d48bcc1cbd5c7c04e40be18f8c37915aa1d54e8887a72f,MODIS/061/MOD09Q1,2025-07-28T00:00:00+00:00,,b21c8cc7f3d4d35e1db4dfa1c8245ff10ba657c0a0a001992b552808766cc49b,True,source-scenes-v1,2025-07-31,Terra MODIS,,061,061,2d58c8dc81e096dfa9846a3710f566083ff2440c37e655ac8eb087d463f8d23d,modis,dd5cbfe65c36736ad051960e825aa69b606318d4b5bb2d2e05e7cdfde77b7810,2025-08-04,2025-07-31,2025-07-28,MODIS/061/MOD09Q1/2025_07_28,,1753660800000,2025-08-15,2025-07-16,2025
AOI-02,ffcd445586dcd3b933d48bcc1cbd5c7c04e40be18f8c37915aa1d54e8887a72f,MODIS/061/MOD09Q1,2025-08-05T00:00:00+00:00,,b21c8cc7f3d4d35e1db4dfa1c8245ff10ba657c0a0a001992b552808766cc49b,True,source-scenes-v1,2025-07-31,Terra MODIS,,061,061,2d58c8dc81e096dfa9846a3710f566083ff2440c37e655ac8eb087d463f8d23d,modis,dd5cbfe65c36736ad051960e825aa69b606318d4b5bb2d2e05e7cdfde77b7810,2025-08-12,2025-08-08,2025-08-05,MODIS/061/MOD09Q1/2025_08_05,,1754352000000,2025-08-15,2025-07-16,2025
AOI-02,ffcd445586dcd3b933d48bcc1cbd5c7c04e40be18f8c37915aa1d54e8887a72f,MODIS/061/MOD09Q1,2025-08-13T00:00:00+00:00,,b21c8cc7f3d4d35e1db4dfa1c8245ff10ba657c0a0a001992b552808766cc49b,True,source-scenes-v1,2025-07-31,Terra MODIS,,061,061,2d58c8dc81e096dfa9846a3710f566083ff2440c37e655ac8eb087d463f8d23d,modis,dd5cbfe65c36736ad051960e825aa69b606318d4b5bb2d2e05e7cdfde77b7810,2025-08-20,2025-08-16,2025-08-13,MODIS/061/MOD09Q1/2025_08_13,,1755043200000,2025-08-15,2025-07-16,2025
AOI-02,ffcd445586dcd3b933d48bcc1cbd5c7c04e40be18f8c37915aa1d54e8887a72f,MODIS/061/MOD09Q1,2025-08-21T00:00:00+00:00,SUPPORT_INTERVAL_OUTSIDE_NOMINAL_WINDOW,b21c8cc7f3d4d35e1db4dfa1c8245ff10ba657c0a0a001992b552808766cc49b,False,source-scenes-v1,2025-07-31,Terra MODIS,,061,061,2d58c8dc81e096dfa9846a3710f566083ff2440c37e655ac8eb087d463f8d23d,modis,dd5cbfe65c36736ad051960e825aa69b606318d4b5bb2d2e05e7cdfde77b7810,2025-08-28,2025-08-24,2025-08-21,MODIS/061/MOD09Q1/2025_08_21,,1755734400000,2025-08-15,2025-07-16,2025
AOI-02,ffcd445586dcd3b933d48bcc1cbd5c7c04e40be18f8c37915aa1d54e8887a72f,MODIS/061/MOD09Q1,2025-07-04T00:00:00+00:00,SUPPORT_INTERVAL_OUTSIDE_NOMINAL_WINDOW,b21c8cc7f3d4d35e1db4dfa1c8245ff10ba657c0a0a001992b552808766cc49b,False,source-scenes-v1,2025-08-10,Terra MODIS,,061,061,84ff9f8e8570b82cac0a81a8c8af7630a8b63e37304798c29a46be34390485da,modis,0cdf8915bfe9126faca0910f7ed2caff20094f79f5bb188130c66d095c5ffee6,2025-07-11,2025-07-07,2025-07-04,MODIS/061/MOD09Q1/2025_07_04,,1751587200000,2025-08-25,2025-07-26,2025
AOI-02,ffcd445586dcd3b933d48bcc1cbd5c7c04e40be18f8c37915aa1d54e8887a72f,MODIS/061/MOD09Q1,2025-07-12T00:00:00+00:00,SUPPORT_INTERVAL_OUTSIDE_NOMINAL_WINDOW,b21c8cc7f3d4d35e1db4dfa1c8245ff10ba657c0a0a001992b552808766cc49b,False,source-scenes-v1,2025-08-10,Terra MODIS,,061,061,84ff9f8e8570b82cac0a81a8c8af7630a8b63e37304798c29a46be34390485da,modis,0cdf8915bfe9126faca0910f7ed2caff20094f79f5bb188130c66d095c5ffee6,2025-07-19,2025-07-15,2025-07-12,MODIS/061/MOD09Q1/2025_07_12,,1752278400000,2025-08-25,2025-07-26,2025
AOI-02,ffcd445586dcd3b933d48bcc1cbd5c7c04e40be18f8c37915aa1d54e8887a72f,MODIS/061/MOD09Q1,2025-07-20T00:00:00+00:00,,b21c8cc7f3d4d35e1db4dfa1c8245ff10ba657c0a0a001992b552808766cc49b,True,source-scenes-v1,2025-08-10,Terra MODIS,,061,061,84ff9f8e8570b82cac0a81a8c8af7630a8b63e37304798c29a46be34390485da,modis,0cdf8915bfe9126faca0910f7ed2caff20094f79f5bb188130c66d095c5ffee6,2025-07-27,2025-07-23,2025-07-20,MODIS/061/MOD09Q1/2025_07_20,,1752969600000,2025-08-25,2025-07-26,2025
AOI-02,ffcd445586dcd3b933d48bcc1cbd5c7c04e40be18f8c37915aa1d54e8887a72f,MODIS/061/MOD09Q1,2025-07-28T00:00:00+00:00,,b21c8cc7f3d4d35e1db4dfa1c8245ff10ba657c0a0a001992b552808766cc49b,True,source-scenes-v1,2025-08-10,Terra MODIS,,061,061,84ff9f8e8570b82cac0a81a8c8af7630a8b63e37304798c29a46be34390485da,modis,0cdf8915bfe9126faca0910f7ed2caff20094f79f5bb188130c66d095c5ffee6,2025-08-04,2025-07-31,2025-07-28,MODIS/061/MOD09Q1/2025_07_28,,1753660800000,2025-08-25,2025-07-26,2025
AOI-02,ffcd445586dcd3b933d48bcc1cbd5c7c04e40be18f8c37915aa1d54e8887a72f,MODIS/061/MOD09Q1,2025-08-05T00:00:00+00:00,,b21c8cc7f3d4d35e1db4dfa1c8245ff10ba657c0a0a001992b552808766cc49b,True,source-scenes-v1,2025-08-10,Terra MODIS,,061,061,84ff9f8e8570b82cac0a81a8c8af7630a8b63e37304798c29a46be34390485da,modis,0cdf8915bfe9126faca0910f7ed2caff20094f79f5bb188130c66d095c5ffee6,2025-08-12,2025-08-08,2025-08-05,MODIS/061/MOD09Q1/2025_08_05,,1754352000000,2025-08-25,2025-07-26,2025
AOI-02,ffcd445586dcd3b933d48bcc1cbd5c7c04e40be18f8c37915aa1d54e8887a72f,MODIS/061/MOD09Q1,2025-08-13T00:00:00+00:00,,b21c8cc7f3d4d35e1db4dfa1c8245ff10ba657c0a0a001992b552808766cc49b,True,source-scenes-v1,2025-08-10,Terra MODIS,,061,061,84ff9f8e8570b82cac0a81a8c8af7630a8b63e37304798c29a46be34390485da,modis,0cdf8915bfe9126faca0910f7ed2caff20094f79f5bb188130c66d095c5ffee6,2025-08-20,2025-08-16,2025-08-13,MODIS/061/MOD09Q1/2025_08_13,,1755043200000,2025-08-25,2025-07-26,2025
AOI-02,ffcd445586dcd3b933d48bcc1cbd5c7c04e40be18f8c37915aa1d54e8887a72f,MODIS/061/MOD09Q1,2025-08-21T00:00:00+00:00,,b21c8cc7f3d4d35e1db4dfa1c8245ff10ba657c0a0a001992b552808766cc49b,True,source-scenes-v1,2025-08-10,Terra MODIS,,061,061,84ff9f8e8570b82cac0a81a8c8af7630a8b63e37304798c29a46be34390485da,modis,0cdf8915bfe9126faca0910f7ed2caff20094f79f5bb188130c66d095c5ffee6,2025-08-28,2025-08-24,2025-08-21,MODIS/061/MOD09Q1/2025_08_21,,1755734400000,2025-08-25,2025-07-26,2025
AOI-03,57ca12641709501bb5f30118c491acefed62396c209537573d7eed1d5b0cca15,MODIS/061/MOD09Q1,2021-07-04T00:00:00+00:00,,b21c8cc7f3d4d35e1db4dfa1c8245ff10ba657c0a0a001992b552808766cc49b,True,source-scenes-v1,2021-07-20,Terra MODIS,,061,061,22eacc3584e28a3d06cdbee07b1b727f4d0663b188eb3c81f373280732f58b7e,modis,94e65d6673e82ca7499543da42979a9991200088ea142ef4bbcf07853db0b992,2021-07-11,2021-07-07,2021-07-04,MODIS/061/MOD09Q1/2021_07_04,,1625356800000,2021-08-04,2021-07-05,2021
AOI-03,57ca12641709501bb5f30118c491acefed62396c209537573d7eed1d5b0cca15,MODIS/061/MOD09Q1,2021-07-12T00:00:00+00:00,,b21c8cc7f3d4d35e1db4dfa1c8245ff10ba657c0a0a001992b552808766cc49b,True,source-scenes-v1,2021-07-20,Terra MODIS,,061,061,22eacc3584e28a3d06cdbee07b1b727f4d0663b188eb3c81f373280732f58b7e,modis,94e65d6673e82ca7499543da42979a9991200088ea142ef4bbcf07853db0b992,2021-07-19,2021-07-15,2021-07-12,MODIS/061/MOD09Q1/2021_07_12,,1626048000000,2021-08-04,2021-07-05,2021
AOI-03,57ca12641709501bb5f30118c491acefed62396c209537573d7eed1d5b0cca15,MODIS/061/MOD09Q1,2021-07-20T00:00:00+00:00,,b21c8cc7f3d4d35e1db4dfa1c8245ff10ba657c0a0a001992b552808766cc49b,True,source-scenes-v1,2021-07-20,Terra MODIS,,061,061,22eacc3584e28a3d06cdbee07b1b727f4d0663b188eb3c81f373280732f58b7e,modis,94e65d6673e82ca7499543da42979a9991200088ea142ef4bbcf07853db0b992,2021-07-27,2021-07-23,2021-07-20,MODIS/061/MOD09Q1/2021_07_20,,1626739200000,2021-08-04,2021-07-05,2021
AOI-03,57ca12641709501bb5f30118c491acefed62396c209537573d7eed1d5b0cca15,MODIS/061/MOD09Q1,2021-07-28T00:00:00+00:00,,b21c8cc7f3d4d35e1db4dfa1c8245ff10ba657c0a0a001992b552808766cc49b,True,source-scenes-v1,2021-07-20,Terra MODIS,,061,061,22eacc3584e28a3d06cdbee07b1b727f4d0663b188eb3c81f373280732f58b7e,modis,94e65d6673e82ca7499543da42979a9991200088ea142ef4bbcf07853db0b992,2021-08-04,2021-07-31,2021-07-28,MODIS/061/MOD09Q1/2021_07_28,,1627430400000,2021-08-04,2021-07-05,2021
AOI-03,57ca12641709501bb5f30118c491acefed62396c209537573d7eed1d5b0cca15,MODIS/061/MOD09Q1,2021-08-05T00:00:00+00:00,SUPPORT_INTERVAL_OUTSIDE_NOMINAL_WINDOW,b21c8cc7f3d4d35e1db4dfa1c8245ff10ba657c0a0a001992b552808766cc49b,False,source-scenes-v1,2021-07-20,Terra MODIS,,061,061,22eacc3584e28a3d06cdbee07b1b727f4d0663b188eb3c81f373280732f58b7e,modis,94e65d6673e82ca7499543da42979a9991200088ea142ef4bbcf07853db0b992,2021-08-12,2021-08-08,2021-08-05,MODIS/061/MOD09Q1/2021_08_05,,1628121600000,2021-08-04,2021-07-05,2021
AOI-03,57ca12641709501bb5f30118c491acefed62396c209537573d7eed1d5b0cca15,MODIS/061/MOD09Q1,2021-08-13T00:00:00+00:00,SUPPORT_INTERVAL_OUTSIDE_NOMINAL_WINDOW,b21c8cc7f3d4d35e1db4dfa1c8245ff10ba657c0a0a001992b552808766cc49b,False,source-scenes-v1,2021-07-20,Terra MODIS,,061,061,22eacc3584e28a3d06cdbee07b1b727f4d0663b188eb3c81f373280732f58b7e,modis,94e65d6673e82ca7499543da42979a9991200088ea142ef4bbcf07853db0b992,2021-08-20,2021-08-16,2021-08-13,MODIS/061/MOD09Q1/2021_08_13,,1628812800000,2021-08-04,2021-07-05,2021
AOI-03,57ca12641709501bb5f30118c491acefed62396c209537573d7eed1d5b0cca15,MODIS/061/MOD09Q1,2021-08-21T00:00:00+00:00,SUPPORT_INTERVAL_OUTSIDE_NOMINAL_WINDOW,b21c8cc7f3d4d35e1db4dfa1c8245ff10ba657c0a0a001992b552808766cc49b,False,source-scenes-v1,2021-07-20,Terra MODIS,,061,061,22eacc3584e28a3d06cdbee07b1b727f4d0663b188eb3c81f373280732f58b7e,modis,94e65d6673e82ca7499543da42979a9991200088ea142ef4bbcf07853db0b992,2021-08-28,2021-08-24,2021-08-21,MODIS/061/MOD09Q1/2021_08_21,,1629504000000,2021-08-04,2021-07-05,2021
AOI-03,57ca12641709501bb5f30118c491acefed62396c209537573d7eed1d5b0cca15,MODIS/061/MOD09Q1,2021-07-04T00:00:00+00:00,SUPPORT_INTERVAL_OUTSIDE_NOMINAL_WINDOW,b21c8cc7f3d4d35e1db4dfa1c8245ff10ba657c0a0a001992b552808766cc49b,False,source-scenes-v1,2021-07-31,Terra MODIS,,061,061,bb795faed1371ce3b89ad1cdf34f0d83722ff063681193f381aede4338b423ae,modis,d498f41c72a762b98fb4db9baa951d20aabbd6331471ba27ffc10b92ec2d4975,2021-07-11,2021-07-07,2021-07-04,MODIS/061/MOD09Q1/2021_07_04,,1625356800000,2021-08-15,2021-07-16,2021
AOI-03,57ca12641709501bb5f30118c491acefed62396c209537573d7eed1d5b0cca15,MODIS/061/MOD09Q1,2021-07-12T00:00:00+00:00,,b21c8cc7f3d4d35e1db4dfa1c8245ff10ba657c0a0a001992b552808766cc49b,True,source-scenes-v1,2021-07-31,Terra MODIS,,061,061,bb795faed1371ce3b89ad1cdf34f0d83722ff063681193f381aede4338b423ae,modis,d498f41c72a762b98fb4db9baa951d20aabbd6331471ba27ffc10b92ec2d4975,2021-07-19,2021-07-15,2021-07-12,MODIS/061/MOD09Q1/2021_07_12,,1626048000000,2021-08-15,2021-07-16,2021
AOI-03,57ca12641709501bb5f30118c491acefed62396c209537573d7eed1d5b0cca15,MODIS/061/MOD09Q1,2021-07-20T00:00:00+00:00,,b21c8cc7f3d4d35e1db4dfa1c8245ff10ba657c0a0a001992b552808766cc49b,True,source-scenes-v1,2021-07-31,Terra MODIS,,061,061,bb795faed1371ce3b89ad1cdf34f0d83722ff063681193f381aede4338b423ae,modis,d498f41c72a762b98fb4db9baa951d20aabbd6331471ba27ffc10b92ec2d4975,2021-07-27,2021-07-23,2021-07-20,MODIS/061/MOD09Q1/2021_07_20,,1626739200000,2021-08-15,2021-07-16,2021
AOI-03,57ca12641709501bb5f30118c491acefed62396c209537573d7eed1d5b0cca15,MODIS/061/MOD09Q1,2021-07-28T00:00:00+00:00,,b21c8cc7f3d4d35e1db4dfa1c8245ff10ba657c0a0a001992b552808766cc49b,True,source-scenes-v1,2021-07-31,Terra MODIS,,061,061,bb795faed1371ce3b89ad1cdf34f0d83722ff063681193f381aede4338b423ae,modis,d498f41c72a762b98fb4db9baa951d20aabbd6331471ba27ffc10b92ec2d4975,2021-08-04,2021-07-31,2021-07-28,MODIS/061/MOD09Q1/2021_07_28,,1627430400000,2021-08-15,2021-07-16,2021
AOI-03,57ca12641709501bb5f30118c491acefed62396c209537573d7eed1d5b0cca15,MODIS/061/MOD09Q1,2021-08-05T00:00:00+00:00,,b21c8cc7f3d4d35e1db4dfa1c8245ff10ba657c0a0a001992b552808766cc49b,True,source-scenes-v1,2021-07-31,Terra MODIS,,061,061,bb795faed1371ce3b89ad1cdf34f0d83722ff063681193f381aede4338b423ae,modis,d498f41c72a762b98fb4db9baa951d20aabbd6331471ba27ffc10b92ec2d4975,2021-08-12,2021-08-08,2021-08-05,MODIS/061/MOD09Q1/2021_08_05,,1628121600000,2021-08-15,2021-07-16,2021
AOI-03,57ca12641709501bb5f30118c491acefed62396c209537573d7eed1d5b0cca15,MODIS/061/MOD09Q1,2021-08-13T00:00:00+00:00,,b21c8cc7f3d4d35e1db4dfa1c8245ff10ba657c0a0a001992b552808766cc49b,True,source-scenes-v1,2021-07-31,Terra MODIS,,061,061,bb795faed1371ce3b89ad1cdf34f0d83722ff063681193f381aede4338b423ae,modis,d498f41c72a762b98fb4db9baa951d20aabbd6331471ba27ffc10b92ec2d4975,2021-08-20,2021-08-16,2021-08-13,MODIS/061/MOD09Q1/2021_08_13,,1628812800000,2021-08-15,2021-07-16,2021
AOI-03,57ca12641709501bb5f30118c491acefed62396c209537573d7eed1d5b0cca15,MODIS/061/MOD09Q1,2021-08-21T00:00:00+00:00,SUPPORT_INTERVAL_OUTSIDE_NOMINAL_WINDOW,b21c8cc7f3d4d35e1db4dfa1c8245ff10ba657c0a0a001992b552808766cc49b,False,source-scenes-v1,2021-07-31,Terra MODIS,,061,061,bb795faed1371ce3b89ad1cdf34f0d83722ff063681193f381aede4338b423ae,modis,d498f41c72a762b98fb4db9baa951d20aabbd6331471ba27ffc10b92ec2d4975,2021-08-28,2021-08-24,2021-08-21,MODIS/061/MOD09Q1/2021_08_21,,1629504000000,2021-08-15,2021-07-16,2021
AOI-03,57ca12641709501bb5f30118c491acefed62396c209537573d7eed1d5b0cca15,MODIS/061/MOD09Q1,2021-07-04T00:00:00+00:00,SUPPORT_INTERVAL_OUTSIDE_NOMINAL_WINDOW,b21c8cc7f3d4d35e1db4dfa1c8245ff10ba657c0a0a001992b552808766cc49b,False,source-scenes-v1,2021-08-10,Terra MODIS,,061,061,b375797a812c5c8afbf4a0b05dd7bb50e4593059545aedf71e81a76513967113,modis,9c6b2540d7f17030727fb5288dcd453efe2a0792750c5c29491898d4a5baccf0,2021-07-11,2021-07-07,2021-07-04,MODIS/061/MOD09Q1/2021_07_04,,1625356800000,2021-08-25,2021-07-26,2021
AOI-03,57ca12641709501bb5f30118c491acefed62396c209537573d7eed1d5b0cca15,MODIS/061/MOD09Q1,2021-07-12T00:00:00+00:00,SUPPORT_INTERVAL_OUTSIDE_NOMINAL_WINDOW,b21c8cc7f3d4d35e1db4dfa1c8245ff10ba657c0a0a001992b552808766cc49b,False,source-scenes-v1,2021-08-10,Terra MODIS,,061,061,b375797a812c5c8afbf4a0b05dd7bb50e4593059545aedf71e81a76513967113,modis,9c6b2540d7f17030727fb5288dcd453efe2a0792750c5c29491898d4a5baccf0,2021-07-19,2021-07-15,2021-07-12,MODIS/061/MOD09Q1/2021_07_12,,1626048000000,2021-08-25,2021-07-26,2021
AOI-03,57ca12641709501bb5f30118c491acefed62396c209537573d7eed1d5b0cca15,MODIS/061/MOD09Q1,2021-07-20T00:00:00+00:00,,b21c8cc7f3d4d35e1db4dfa1c8245ff10ba657c0a0a001992b552808766cc49b,True,source-scenes-v1,2021-08-10,Terra MODIS,,061,061,b375797a812c5c8afbf4a0b05dd7bb50e4593059545aedf71e81a76513967113,modis,9c6b2540d7f17030727fb5288dcd453efe2a0792750c5c29491898d4a5baccf0,2021-07-27,2021-07-23,2021-07-20,MODIS/061/MOD09Q1/2021_07_20,,1626739200000,2021-08-25,2021-07-26,2021
AOI-03,57ca12641709501bb5f30118c491acefed62396c209537573d7eed1d5b0cca15,MODIS/061/MOD09Q1,2021-07-28T00:00:00+00:00,,b21c8cc7f3d4d35e1db4dfa1c8245ff10ba657c0a0a001992b552808766cc49b,True,source-scenes-v1,2021-08-10,Terra MODIS,,061,061,b375797a812c5c8afbf4a0b05dd7bb50e4593059545aedf71e81a76513967113,modis,9c6b2540d7f17030727fb5288dcd453efe2a0792750c5c29491898d4a5baccf0,2021-08-04,2021-07-31,2021-07-28,MODIS/061/MOD09Q1/2021_07_28,,1627430400000,2021-08-25,2021-07-26,2021
AOI-03,57ca12641709501bb5f30118c491acefed62396c209537573d7eed1d5b0cca15,MODIS/061/MOD09Q1,2021-08-05T00:00:00+00:00,,b21c8cc7f3d4d35e1db4dfa1c8245ff10ba657c0a0a001992b552808766cc49b,True,source-scenes-v1,2021-08-10,Terra MODIS,,061,061,b375797a812c5c8afbf4a0b05dd7bb50e4593059545aedf71e81a76513967113,modis,9c6b2540d7f17030727fb5288dcd453efe2a0792750c5c29491898d4a5baccf0,2021-08-12,2021-08-08,2021-08-05,MODIS/061/MOD09Q1/2021_08_05,,1628121600000,2021-08-25,2021-07-26,2021
AOI-03,57ca12641709501bb5f30118c491acefed62396c209537573d7eed1d5b0cca15,MODIS/061/MOD09Q1,2021-08-13T00:00:00+00:00,,b21c8cc7f3d4d35e1db4dfa1c8245ff10ba657c0a0a001992b552808766cc49b,True,source-scenes-v1,2021-08-10,Terra MODIS,,061,061,b375797a812c5c8afbf4a0b05dd7bb50e4593059545aedf71e81a76513967113,modis,9c6b2540d7f17030727fb5288dcd453efe2a0792750c5c29491898d4a5baccf0,2021-08-20,2021-08-16,2021-08-13,MODIS/061/MOD09Q1/2021_08_13,,1628812800000,2021-08-25,2021-07-26,2021
AOI-03,57ca12641709501bb5f30118c491acefed62396c209537573d7eed1d5b0cca15,MODIS/061/MOD09Q1,2021-08-21T00:00:00+00:00,,b21c8cc7f3d4d35e1db4dfa1c8245ff10ba657c0a0a001992b552808766cc49b,True,source-scenes-v1,2021-08-10,Terra MODIS,,061,061,b375797a812c5c8afbf4a0b05dd7bb50e4593059545aedf71e81a76513967113,modis,9c6b2540d7f17030727fb5288dcd453efe2a0792750c5c29491898d4a5baccf0,2021-08-28,2021-08-24,2021-08-21,MODIS/061/MOD09Q1/2021_08_21,,1629504000000,2021-08-25,2021-07-26,2021
AOI-03,57ca12641709501bb5f30118c491acefed62396c209537573d7eed1d5b0cca15,MODIS/061/MOD09Q1,2022-07-04T00:00:00+00:00,,b21c8cc7f3d4d35e1db4dfa1c8245ff10ba657c0a0a001992b552808766cc49b,True,source-scenes-v1,2022-07-20,Terra MODIS,,061,061,2f9f3269c216c396fa9958b9631412e0f2f3ed68e1587e1006e232e42c34f6da,modis,c216a56b3529b4599c82f0fd308f45c753b6faa1cb75e145224902730f7c66ff,2022-07-11,2022-07-07,2022-07-04,MODIS/061/MOD09Q1/2022_07_04,,1656892800000,2022-08-04,2022-07-05,2022
AOI-03,57ca12641709501bb5f30118c491acefed62396c209537573d7eed1d5b0cca15,MODIS/061/MOD09Q1,2022-07-12T00:00:00+00:00,,b21c8cc7f3d4d35e1db4dfa1c8245ff10ba657c0a0a001992b552808766cc49b,True,source-scenes-v1,2022-07-20,Terra MODIS,,061,061,2f9f3269c216c396fa9958b9631412e0f2f3ed68e1587e1006e232e42c34f6da,modis,c216a56b3529b4599c82f0fd308f45c753b6faa1cb75e145224902730f7c66ff,2022-07-19,2022-07-15,2022-07-12,MODIS/061/MOD09Q1/2022_07_12,,1657584000000,2022-08-04,2022-07-05,2022
AOI-03,57ca12641709501bb5f30118c491acefed62396c209537573d7eed1d5b0cca15,MODIS/061/MOD09Q1,2022-07-20T00:00:00+00:00,,b21c8cc7f3d4d35e1db4dfa1c8245ff10ba657c0a0a001992b552808766cc49b,True,source-scenes-v1,2022-07-20,Terra MODIS,,061,061,2f9f3269c216c396fa9958b9631412e0f2f3ed68e1587e1006e232e42c34f6da,modis,c216a56b3529b4599c82f0fd308f45c753b6faa1cb75e145224902730f7c66ff,2022-07-27,2022-07-23,2022-07-20,MODIS/061/MOD09Q1/2022_07_20,,1658275200000,2022-08-04,2022-07-05,2022
AOI-03,57ca12641709501bb5f30118c491acefed62396c209537573d7eed1d5b0cca15,MODIS/061/MOD09Q1,2022-07-28T00:00:00+00:00,,b21c8cc7f3d4d35e1db4dfa1c8245ff10ba657c0a0a001992b552808766cc49b,True,source-scenes-v1,2022-07-20,Terra MODIS,,061,061,2f9f3269c216c396fa9958b9631412e0f2f3ed68e1587e1006e232e42c34f6da,modis,c216a56b3529b4599c82f0fd308f45c753b6faa1cb75e145224902730f7c66ff,2022-08-04,2022-07-31,2022-07-28,MODIS/061/MOD09Q1/2022_07_28,,1658966400000,2022-08-04,2022-07-05,2022
AOI-03,57ca12641709501bb5f30118c491acefed62396c209537573d7eed1d5b0cca15,MODIS/061/MOD09Q1,2022-08-05T00:00:00+00:00,SUPPORT_INTERVAL_OUTSIDE_NOMINAL_WINDOW,b21c8cc7f3d4d35e1db4dfa1c8245ff10ba657c0a0a001992b552808766cc49b,False,source-scenes-v1,2022-07-20,Terra MODIS,,061,061,2f9f3269c216c396fa9958b9631412e0f2f3ed68e1587e1006e232e42c34f6da,modis,c216a56b3529b4599c82f0fd308f45c753b6faa1cb75e145224902730f7c66ff,2022-08-12,2022-08-08,2022-08-05,MODIS/061/MOD09Q1/2022_08_05,,1659657600000,2022-08-04,2022-07-05,2022
AOI-03,57ca12641709501bb5f30118c491acefed62396c209537573d7eed1d5b0cca15,MODIS/061/MOD09Q1,2022-08-13T00:00:00+00:00,SUPPORT_INTERVAL_OUTSIDE_NOMINAL_WINDOW,b21c8cc7f3d4d35e1db4dfa1c8245ff10ba657c0a0a001992b552808766cc49b,False,source-scenes-v1,2022-07-20,Terra MODIS,,061,061,2f9f3269c216c396fa9958b9631412e0f2f3ed68e1587e1006e232e42c34f6da,modis,c216a56b3529b4599c82f0fd308f45c753b6faa1cb75e145224902730f7c66ff,2022-08-20,2022-08-16,2022-08-13,MODIS/061/MOD09Q1/2022_08_13,,1660348800000,2022-08-04,2022-07-05,2022
AOI-03,57ca12641709501bb5f30118c491acefed62396c209537573d7eed1d5b0cca15,MODIS/061/MOD09Q1,2022-08-21T00:00:00+00:00,SUPPORT_INTERVAL_OUTSIDE_NOMINAL_WINDOW,b21c8cc7f3d4d35e1db4dfa1c8245ff10ba657c0a0a001992b552808766cc49b,False,source-scenes-v1,2022-07-20,Terra MODIS,,061,061,2f9f3269c216c396fa9958b9631412e0f2f3ed68e1587e1006e232e42c34f6da,modis,c216a56b3529b4599c82f0fd308f45c753b6faa1cb75e145224902730f7c66ff,2022-08-28,2022-08-24,2022-08-21,MODIS/061/MOD09Q1/2022_08_21,,1661040000000,2022-08-04,2022-07-05,2022
AOI-03,57ca12641709501bb5f30118c491acefed62396c209537573d7eed1d5b0cca15,MODIS/061/MOD09Q1,2022-07-04T00:00:00+00:00,SUPPORT_INTERVAL_OUTSIDE_NOMINAL_WINDOW,b21c8cc7f3d4d35e1db4dfa1c8245ff10ba657c0a0a001992b552808766cc49b,False,source-scenes-v1,2022-07-31,Terra MODIS,,061,061,819f23e2df4d03e3d15141b56b3214b556205a88acdd2ef43ccc230da2da05a6,modis,0c63aeb823ca32d77faeeb361c79d53e36a48311a27938bebe5f3bf39417386f,2022-07-11,2022-07-07,2022-07-04,MODIS/061/MOD09Q1/2022_07_04,,1656892800000,2022-08-15,2022-07-16,2022
AOI-03,57ca12641709501bb5f30118c491acefed62396c209537573d7eed1d5b0cca15,MODIS/061/MOD09Q1,2022-07-12T00:00:00+00:00,,b21c8cc7f3d4d35e1db4dfa1c8245ff10ba657c0a0a001992b552808766cc49b,True,source-scenes-v1,2022-07-31,Terra MODIS,,061,061,819f23e2df4d03e3d15141b56b3214b556205a88acdd2ef43ccc230da2da05a6,modis,0c63aeb823ca32d77faeeb361c79d53e36a48311a27938bebe5f3bf39417386f,2022-07-19,2022-07-15,2022-07-12,MODIS/061/MOD09Q1/2022_07_12,,1657584000000,2022-08-15,2022-07-16,2022
AOI-03,57ca12641709501bb5f30118c491acefed62396c209537573d7eed1d5b0cca15,MODIS/061/MOD09Q1,2022-07-20T00:00:00+00:00,,b21c8cc7f3d4d35e1db4dfa1c8245ff10ba657c0a0a001992b552808766cc49b,True,source-scenes-v1,2022-07-31,Terra MODIS,,061,061,819f23e2df4d03e3d15141b56b3214b556205a88acdd2ef43ccc230da2da05a6,modis,0c63aeb823ca32d77faeeb361c79d53e36a48311a27938bebe5f3bf39417386f,2022-07-27,2022-07-23,2022-07-20,MODIS/061/MOD09Q1/2022_07_20,,1658275200000,2022-08-15,2022-07-16,2022
AOI-03,57ca12641709501bb5f30118c491acefed62396c209537573d7eed1d5b0cca15,MODIS/061/MOD09Q1,2022-07-28T00:00:00+00:00,,b21c8cc7f3d4d35e1db4dfa1c8245ff10ba657c0a0a001992b552808766cc49b,True,source-scenes-v1,2022-07-31,Terra MODIS,,061,061,819f23e2df4d03e3d15141b56b3214b556205a88acdd2ef43ccc230da2da05a6,modis,0c63aeb823ca32d77faeeb361c79d53e36a48311a27938bebe5f3bf39417386f,2022-08-04,2022-07-31,2022-07-28,MODIS/061/MOD09Q1/2022_07_28,,1658966400000,2022-08-15,2022-07-16,2022
AOI-03,57ca12641709501bb5f30118c491acefed62396c209537573d7eed1d5b0cca15,MODIS/061/MOD09Q1,2022-08-05T00:00:00+00:00,,b21c8cc7f3d4d35e1db4dfa1c8245ff10ba657c0a0a001992b552808766cc49b,True,source-scenes-v1,2022-07-31,Terra MODIS,,061,061,819f23e2df4d03e3d15141b56b3214b556205a88acdd2ef43ccc230da2da05a6,modis,0c63aeb823ca32d77faeeb361c79d53e36a48311a27938bebe5f3bf39417386f,2022-08-12,2022-08-08,2022-08-05,MODIS/061/MOD09Q1/2022_08_05,,1659657600000,2022-08-15,2022-07-16,2022
AOI-03,57ca12641709501bb5f30118c491acefed62396c209537573d7eed1d5b0cca15,MODIS/061/MOD09Q1,2022-08-13T00:00:00+00:00,,b21c8cc7f3d4d35e1db4dfa1c8245ff10ba657c0a0a001992b552808766cc49b,True,source-scenes-v1,2022-07-31,Terra MODIS,,061,061,819f23e2df4d03e3d15141b56b3214b556205a88acdd2ef43ccc230da2da05a6,modis,0c63aeb823ca32d77faeeb361c79d53e36a48311a27938bebe5f3bf39417386f,2022-08-20,2022-08-16,2022-08-13,MODIS/061/MOD09Q1/2022_08_13,,1660348800000,2022-08-15,2022-07-16,2022
AOI-03,57ca12641709501bb5f30118c491acefed62396c209537573d7eed1d5b0cca15,MODIS/061/MOD09Q1,2022-08-21T00:00:00+00:00,SUPPORT_INTERVAL_OUTSIDE_NOMINAL_WINDOW,b21c8cc7f3d4d35e1db4dfa1c8245ff10ba657c0a0a001992b552808766cc49b,False,source-scenes-v1,2022-07-31,Terra MODIS,,061,061,819f23e2df4d03e3d15141b56b3214b556205a88acdd2ef43ccc230da2da05a6,modis,0c63aeb823ca32d77faeeb361c79d53e36a48311a27938bebe5f3bf39417386f,2022-08-28,2022-08-24,2022-08-21,MODIS/061/MOD09Q1/2022_08_21,,1661040000000,2022-08-15,2022-07-16,2022
AOI-03,57ca12641709501bb5f30118c491acefed62396c209537573d7eed1d5b0cca15,MODIS/061/MOD09Q1,2022-07-04T00:00:00+00:00,SUPPORT_INTERVAL_OUTSIDE_NOMINAL_WINDOW,b21c8cc7f3d4d35e1db4dfa1c8245ff10ba657c0a0a001992b552808766cc49b,False,source-scenes-v1,2022-08-10,Terra MODIS,,061,061,f57d5d6872ca79ac8947410260365eb799bb0dd7b51282afac01b7bc70484a66,modis,c692038a1b570b9de02b54d65452193303363402a4dec2747b786403488e4404,2022-07-11,2022-07-07,2022-07-04,MODIS/061/MOD09Q1/2022_07_04,,1656892800000,2022-08-25,2022-07-26,2022
AOI-03,57ca12641709501bb5f30118c491acefed62396c209537573d7eed1d5b0cca15,MODIS/061/MOD09Q1,2022-07-12T00:00:00+00:00,SUPPORT_INTERVAL_OUTSIDE_NOMINAL_WINDOW,b21c8cc7f3d4d35e1db4dfa1c8245ff10ba657c0a0a001992b552808766cc49b,False,source-scenes-v1,2022-08-10,Terra MODIS,,061,061,f57d5d6872ca79ac8947410260365eb799bb0dd7b51282afac01b7bc70484a66,modis,c692038a1b570b9de02b54d65452193303363402a4dec2747b786403488e4404,2022-07-19,2022-07-15,2022-07-12,MODIS/061/MOD09Q1/2022_07_12,,1657584000000,2022-08-25,2022-07-26,2022
AOI-03,57ca12641709501bb5f30118c491acefed62396c209537573d7eed1d5b0cca15,MODIS/061/MOD09Q1,2022-07-20T00:00:00+00:00,,b21c8cc7f3d4d35e1db4dfa1c8245ff10ba657c0a0a001992b552808766cc49b,True,source-scenes-v1,2022-08-10,Terra MODIS,,061,061,f57d5d6872ca79ac8947410260365eb799bb0dd7b51282afac01b7bc70484a66,modis,c692038a1b570b9de02b54d65452193303363402a4dec2747b786403488e4404,2022-07-27,2022-07-23,2022-07-20,MODIS/061/MOD09Q1/2022_07_20,,1658275200000,2022-08-25,2022-07-26,2022
AOI-03,57ca12641709501bb5f30118c491acefed62396c209537573d7eed1d5b0cca15,MODIS/061/MOD09Q1,2022-07-28T00:00:00+00:00,,b21c8cc7f3d4d35e1db4dfa1c8245ff10ba657c0a0a001992b552808766cc49b,True,source-scenes-v1,2022-08-10,Terra MODIS,,061,061,f57d5d6872ca79ac8947410260365eb799bb0dd7b51282afac01b7bc70484a66,modis,c692038a1b570b9de02b54d65452193303363402a4dec2747b786403488e4404,2022-08-04,2022-07-31,2022-07-28,MODIS/061/MOD09Q1/2022_07_28,,1658966400000,2022-08-25,2022-07-26,2022
AOI-03,57ca12641709501bb5f30118c491acefed62396c209537573d7eed1d5b0cca15,MODIS/061/MOD09Q1,2022-08-05T00:00:00+00:00,,b21c8cc7f3d4d35e1db4dfa1c8245ff10ba657c0a0a001992b552808766cc49b,True,source-scenes-v1,2022-08-10,Terra MODIS,,061,061,f57d5d6872ca79ac8947410260365eb799bb0dd7b51282afac01b7bc70484a66,modis,c692038a1b570b9de02b54d65452193303363402a4dec2747b786403488e4404,2022-08-12,2022-08-08,2022-08-05,MODIS/061/MOD09Q1/2022_08_05,,1659657600000,2022-08-25,2022-07-26,2022
AOI-03,57ca12641709501bb5f30118c491acefed62396c209537573d7eed1d5b0cca15,MODIS/061/MOD09Q1,2022-08-13T00:00:00+00:00,,b21c8cc7f3d4d35e1db4dfa1c8245ff10ba657c0a0a001992b552808766cc49b,True,source-scenes-v1,2022-08-10,Terra MODIS,,061,061,f57d5d6872ca79ac8947410260365eb799bb0dd7b51282afac01b7bc70484a66,modis,c692038a1b570b9de02b54d65452193303363402a4dec2747b786403488e4404,2022-08-20,2022-08-16,2022-08-13,MODIS/061/MOD09Q1/2022_08_13,,1660348800000,2022-08-25,2022-07-26,2022
AOI-03,57ca12641709501bb5f30118c491acefed62396c209537573d7eed1d5b0cca15,MODIS/061/MOD09Q1,2022-08-21T00:00:00+00:00,,b21c8cc7f3d4d35e1db4dfa1c8245ff10ba657c0a0a001992b552808766cc49b,True,source-scenes-v1,2022-08-10,Terra MODIS,,061,061,f57d5d6872ca79ac8947410260365eb799bb0dd7b51282afac01b7bc70484a66,modis,c692038a1b570b9de02b54d65452193303363402a4dec2747b786403488e4404,2022-08-28,2022-08-24,2022-08-21,MODIS/061/MOD09Q1/2022_08_21,,1661040000000,2022-08-25,2022-07-26,2022
AOI-03,57ca12641709501bb5f30118c491acefed62396c209537573d7eed1d5b0cca15,MODIS/061/MOD09Q1,2023-07-04T00:00:00+00:00,,b21c8cc7f3d4d35e1db4dfa1c8245ff10ba657c0a0a001992b552808766cc49b,True,source-scenes-v1,2023-07-20,Terra MODIS,,061,061,3eda29adffce655273eed9adaf011b24f29449671fd32f551bc754b4fba42303,modis,7bd6ac8ab0a773a0613cee67028399d72f6958d78672cea1c187d8b90ab0295e,2023-07-11,2023-07-07,2023-07-04,MODIS/061/MOD09Q1/2023_07_04,,1688428800000,2023-08-04,2023-07-05,2023
AOI-03,57ca12641709501bb5f30118c491acefed62396c209537573d7eed1d5b0cca15,MODIS/061/MOD09Q1,2023-07-12T00:00:00+00:00,,b21c8cc7f3d4d35e1db4dfa1c8245ff10ba657c0a0a001992b552808766cc49b,True,source-scenes-v1,2023-07-20,Terra MODIS,,061,061,3eda29adffce655273eed9adaf011b24f29449671fd32f551bc754b4fba42303,modis,7bd6ac8ab0a773a0613cee67028399d72f6958d78672cea1c187d8b90ab0295e,2023-07-19,2023-07-15,2023-07-12,MODIS/061/MOD09Q1/2023_07_12,,1689120000000,2023-08-04,2023-07-05,2023
AOI-03,57ca12641709501bb5f30118c491acefed62396c209537573d7eed1d5b0cca15,MODIS/061/MOD09Q1,2023-07-20T00:00:00+00:00,,b21c8cc7f3d4d35e1db4dfa1c8245ff10ba657c0a0a001992b552808766cc49b,True,source-scenes-v1,2023-07-20,Terra MODIS,,061,061,3eda29adffce655273eed9adaf011b24f29449671fd32f551bc754b4fba42303,modis,7bd6ac8ab0a773a0613cee67028399d72f6958d78672cea1c187d8b90ab0295e,2023-07-27,2023-07-23,2023-07-20,MODIS/061/MOD09Q1/2023_07_20,,1689811200000,2023-08-04,2023-07-05,2023
AOI-03,57ca12641709501bb5f30118c491acefed62396c209537573d7eed1d5b0cca15,MODIS/061/MOD09Q1,2023-07-28T00:00:00+00:00,,b21c8cc7f3d4d35e1db4dfa1c8245ff10ba657c0a0a001992b552808766cc49b,True,source-scenes-v1,2023-07-20,Terra MODIS,,061,061,3eda29adffce655273eed9adaf011b24f29449671fd32f551bc754b4fba42303,modis,7bd6ac8ab0a773a0613cee67028399d72f6958d78672cea1c187d8b90ab0295e,2023-08-04,2023-07-31,2023-07-28,MODIS/061/MOD09Q1/2023_07_28,,1690502400000,2023-08-04,2023-07-05,2023
AOI-03,57ca12641709501bb5f30118c491acefed62396c209537573d7eed1d5b0cca15,MODIS/061/MOD09Q1,2023-08-05T00:00:00+00:00,SUPPORT_INTERVAL_OUTSIDE_NOMINAL_WINDOW,b21c8cc7f3d4d35e1db4dfa1c8245ff10ba657c0a0a001992b552808766cc49b,False,source-scenes-v1,2023-07-20,Terra MODIS,,061,061,3eda29adffce655273eed9adaf011b24f29449671fd32f551bc754b4fba42303,modis,7bd6ac8ab0a773a0613cee67028399d72f6958d78672cea1c187d8b90ab0295e,2023-08-12,2023-08-08,2023-08-05,MODIS/061/MOD09Q1/2023_08_05,,1691193600000,2023-08-04,2023-07-05,2023
AOI-03,57ca12641709501bb5f30118c491acefed62396c209537573d7eed1d5b0cca15,MODIS/061/MOD09Q1,2023-08-13T00:00:00+00:00,SUPPORT_INTERVAL_OUTSIDE_NOMINAL_WINDOW,b21c8cc7f3d4d35e1db4dfa1c8245ff10ba657c0a0a001992b552808766cc49b,False,source-scenes-v1,2023-07-20,Terra MODIS,,061,061,3eda29adffce655273eed9adaf011b24f29449671fd32f551bc754b4fba42303,modis,7bd6ac8ab0a773a0613cee67028399d72f6958d78672cea1c187d8b90ab0295e,2023-08-20,2023-08-16,2023-08-13,MODIS/061/MOD09Q1/2023_08_13,,1691884800000,2023-08-04,2023-07-05,2023
AOI-03,57ca12641709501bb5f30118c491acefed62396c209537573d7eed1d5b0cca15,MODIS/061/MOD09Q1,2023-08-21T00:00:00+00:00,SUPPORT_INTERVAL_OUTSIDE_NOMINAL_WINDOW,b21c8cc7f3d4d35e1db4dfa1c8245ff10ba657c0a0a001992b552808766cc49b,False,source-scenes-v1,2023-07-20,Terra MODIS,,061,061,3eda29adffce655273eed9adaf011b24f29449671fd32f551bc754b4fba42303,modis,7bd6ac8ab0a773a0613cee67028399d72f6958d78672cea1c187d8b90ab0295e,2023-08-28,2023-08-24,2023-08-21,MODIS/061/MOD09Q1/2023_08_21,,1692576000000,2023-08-04,2023-07-05,2023
AOI-03,57ca12641709501bb5f30118c491acefed62396c209537573d7eed1d5b0cca15,MODIS/061/MOD09Q1,2023-07-04T00:00:00+00:00,SUPPORT_INTERVAL_OUTSIDE_NOMINAL_WINDOW,b21c8cc7f3d4d35e1db4dfa1c8245ff10ba657c0a0a001992b552808766cc49b,False,source-scenes-v1,2023-07-31,Terra MODIS,,061,061,52b9c5c6bba54694301f9d474461fc481c17e5bfa0156509125ccd5106a65c4e,modis,d050f54946f62286cb6d1eb09a830b9f4cf1f276ec1e9b5b461f9acb7c7f43a7,2023-07-11,2023-07-07,2023-07-04,MODIS/061/MOD09Q1/2023_07_04,,1688428800000,2023-08-15,2023-07-16,2023
AOI-03,57ca12641709501bb5f30118c491acefed62396c209537573d7eed1d5b0cca15,MODIS/061/MOD09Q1,2023-07-12T00:00:00+00:00,,b21c8cc7f3d4d35e1db4dfa1c8245ff10ba657c0a0a001992b552808766cc49b,True,source-scenes-v1,2023-07-31,Terra MODIS,,061,061,52b9c5c6bba54694301f9d474461fc481c17e5bfa0156509125ccd5106a65c4e,modis,d050f54946f62286cb6d1eb09a830b9f4cf1f276ec1e9b5b461f9acb7c7f43a7,2023-07-19,2023-07-15,2023-07-12,MODIS/061/MOD09Q1/2023_07_12,,1689120000000,2023-08-15,2023-07-16,2023
AOI-03,57ca12641709501bb5f30118c491acefed62396c209537573d7eed1d5b0cca15,MODIS/061/MOD09Q1,2023-07-20T00:00:00+00:00,,b21c8cc7f3d4d35e1db4dfa1c8245ff10ba657c0a0a001992b552808766cc49b,True,source-scenes-v1,2023-07-31,Terra MODIS,,061,061,52b9c5c6bba54694301f9d474461fc481c17e5bfa0156509125ccd5106a65c4e,modis,d050f54946f62286cb6d1eb09a830b9f4cf1f276ec1e9b5b461f9acb7c7f43a7,2023-07-27,2023-07-23,2023-07-20,MODIS/061/MOD09Q1/2023_07_20,,1689811200000,2023-08-15,2023-07-16,2023
AOI-03,57ca12641709501bb5f30118c491acefed62396c209537573d7eed1d5b0cca15,MODIS/061/MOD09Q1,2023-07-28T00:00:00+00:00,,b21c8cc7f3d4d35e1db4dfa1c8245ff10ba657c0a0a001992b552808766cc49b,True,source-scenes-v1,2023-07-31,Terra MODIS,,061,061,52b9c5c6bba54694301f9d474461fc481c17e5bfa0156509125ccd5106a65c4e,modis,d050f54946f62286cb6d1eb09a830b9f4cf1f276ec1e9b5b461f9acb7c7f43a7,2023-08-04,2023-07-31,2023-07-28,MODIS/061/MOD09Q1/2023_07_28,,1690502400000,2023-08-15,2023-07-16,2023
AOI-03,57ca12641709501bb5f30118c491acefed62396c209537573d7eed1d5b0cca15,MODIS/061/MOD09Q1,2023-08-05T00:00:00+00:00,,b21c8cc7f3d4d35e1db4dfa1c8245ff10ba657c0a0a001992b552808766cc49b,True,source-scenes-v1,2023-07-31,Terra MODIS,,061,061,52b9c5c6bba54694301f9d474461fc481c17e5bfa0156509125ccd5106a65c4e,modis,d050f54946f62286cb6d1eb09a830b9f4cf1f276ec1e9b5b461f9acb7c7f43a7,2023-08-12,2023-08-08,2023-08-05,MODIS/061/MOD09Q1/2023_08_05,,1691193600000,2023-08-15,2023-07-16,2023
AOI-03,57ca12641709501bb5f30118c491acefed62396c209537573d7eed1d5b0cca15,MODIS/061/MOD09Q1,2023-08-13T00:00:00+00:00,,b21c8cc7f3d4d35e1db4dfa1c8245ff10ba657c0a0a001992b552808766cc49b,True,source-scenes-v1,2023-07-31,Terra MODIS,,061,061,52b9c5c6bba54694301f9d474461fc481c17e5bfa0156509125ccd5106a65c4e,modis,d050f54946f62286cb6d1eb09a830b9f4cf1f276ec1e9b5b461f9acb7c7f43a7,2023-08-20,2023-08-16,2023-08-13,MODIS/061/MOD09Q1/2023_08_13,,1691884800000,2023-08-15,2023-07-16,2023
AOI-03,57ca12641709501bb5f30118c491acefed62396c209537573d7eed1d5b0cca15,MODIS/061/MOD09Q1,2023-08-21T00:00:00+00:00,SUPPORT_INTERVAL_OUTSIDE_NOMINAL_WINDOW,b21c8cc7f3d4d35e1db4dfa1c8245ff10ba657c0a0a001992b552808766cc49b,False,source-scenes-v1,2023-07-31,Terra MODIS,,061,061,52b9c5c6bba54694301f9d474461fc481c17e5bfa0156509125ccd5106a65c4e,modis,d050f54946f62286cb6d1eb09a830b9f4cf1f276ec1e9b5b461f9acb7c7f43a7,2023-08-28,2023-08-24,2023-08-21,MODIS/061/MOD09Q1/2023_08_21,,1692576000000,2023-08-15,2023-07-16,2023
AOI-03,57ca12641709501bb5f30118c491acefed62396c209537573d7eed1d5b0cca15,MODIS/061/MOD09Q1,2023-07-04T00:00:00+00:00,SUPPORT_INTERVAL_OUTSIDE_NOMINAL_WINDOW,b21c8cc7f3d4d35e1db4dfa1c8245ff10ba657c0a0a001992b552808766cc49b,False,source-scenes-v1,2023-08-10,Terra MODIS,,061,061,0d91f27e9b1c4c8f4d38ad6b2362b6257240a7ebc761455d418bf1dea0b898c9,modis,1f046f0f15db4e8ed9d62c207036300172146fa618fe70aff57769fb948026b3,2023-07-11,2023-07-07,2023-07-04,MODIS/061/MOD09Q1/2023_07_04,,1688428800000,2023-08-25,2023-07-26,2023
AOI-03,57ca12641709501bb5f30118c491acefed62396c209537573d7eed1d5b0cca15,MODIS/061/MOD09Q1,2023-07-12T00:00:00+00:00,SUPPORT_INTERVAL_OUTSIDE_NOMINAL_WINDOW,b21c8cc7f3d4d35e1db4dfa1c8245ff10ba657c0a0a001992b552808766cc49b,False,source-scenes-v1,2023-08-10,Terra MODIS,,061,061,0d91f27e9b1c4c8f4d38ad6b2362b6257240a7ebc761455d418bf1dea0b898c9,modis,1f046f0f15db4e8ed9d62c207036300172146fa618fe70aff57769fb948026b3,2023-07-19,2023-07-15,2023-07-12,MODIS/061/MOD09Q1/2023_07_12,,1689120000000,2023-08-25,2023-07-26,2023
AOI-03,57ca12641709501bb5f30118c491acefed62396c209537573d7eed1d5b0cca15,MODIS/061/MOD09Q1,2023-07-20T00:00:00+00:00,,b21c8cc7f3d4d35e1db4dfa1c8245ff10ba657c0a0a001992b552808766cc49b,True,source-scenes-v1,2023-08-10,Terra MODIS,,061,061,0d91f27e9b1c4c8f4d38ad6b2362b6257240a7ebc761455d418bf1dea0b898c9,modis,1f046f0f15db4e8ed9d62c207036300172146fa618fe70aff57769fb948026b3,2023-07-27,2023-07-23,2023-07-20,MODIS/061/MOD09Q1/2023_07_20,,1689811200000,2023-08-25,2023-07-26,2023
AOI-03,57ca12641709501bb5f30118c491acefed62396c209537573d7eed1d5b0cca15,MODIS/061/MOD09Q1,2023-07-28T00:00:00+00:00,,b21c8cc7f3d4d35e1db4dfa1c8245ff10ba657c0a0a001992b552808766cc49b,True,source-scenes-v1,2023-08-10,Terra MODIS,,061,061,0d91f27e9b1c4c8f4d38ad6b2362b6257240a7ebc761455d418bf1dea0b898c9,modis,1f046f0f15db4e8ed9d62c207036300172146fa618fe70aff57769fb948026b3,2023-08-04,2023-07-31,2023-07-28,MODIS/061/MOD09Q1/2023_07_28,,1690502400000,2023-08-25,2023-07-26,2023
AOI-03,57ca12641709501bb5f30118c491acefed62396c209537573d7eed1d5b0cca15,MODIS/061/MOD09Q1,2023-08-05T00:00:00+00:00,,b21c8cc7f3d4d35e1db4dfa1c8245ff10ba657c0a0a001992b552808766cc49b,True,source-scenes-v1,2023-08-10,Terra MODIS,,061,061,0d91f27e9b1c4c8f4d38ad6b2362b6257240a7ebc761455d418bf1dea0b898c9,modis,1f046f0f15db4e8ed9d62c207036300172146fa618fe70aff57769fb948026b3,2023-08-12,2023-08-08,2023-08-05,MODIS/061/MOD09Q1/2023_08_05,,1691193600000,2023-08-25,2023-07-26,2023
AOI-03,57ca12641709501bb5f30118c491acefed62396c209537573d7eed1d5b0cca15,MODIS/061/MOD09Q1,2023-08-13T00:00:00+00:00,,b21c8cc7f3d4d35e1db4dfa1c8245ff10ba657c0a0a001992b552808766cc49b,True,source-scenes-v1,2023-08-10,Terra MODIS,,061,061,0d91f27e9b1c4c8f4d38ad6b2362b6257240a7ebc761455d418bf1dea0b898c9,modis,1f046f0f15db4e8ed9d62c207036300172146fa618fe70aff57769fb948026b3,2023-08-20,2023-08-16,2023-08-13,MODIS/061/MOD09Q1/2023_08_13,,1691884800000,2023-08-25,2023-07-26,2023
AOI-03,57ca12641709501bb5f30118c491acefed62396c209537573d7eed1d5b0cca15,MODIS/061/MOD09Q1,2023-08-21T00:00:00+00:00,,b21c8cc7f3d4d35e1db4dfa1c8245ff10ba657c0a0a001992b552808766cc49b,True,source-scenes-v1,2023-08-10,Terra MODIS,,061,061,0d91f27e9b1c4c8f4d38ad6b2362b6257240a7ebc761455d418bf1dea0b898c9,modis,1f046f0f15db4e8ed9d62c207036300172146fa618fe70aff57769fb948026b3,2023-08-28,2023-08-24,2023-08-21,MODIS/061/MOD09Q1/2023_08_21,,1692576000000,2023-08-25,2023-07-26,2023
AOI-03,57ca12641709501bb5f30118c491acefed62396c209537573d7eed1d5b0cca15,MODIS/061/MOD09Q1,2024-07-03T00:00:00+00:00,,b21c8cc7f3d4d35e1db4dfa1c8245ff10ba657c0a0a001992b552808766cc49b,True,source-scenes-v1,2024-07-20,Terra MODIS,,061,061,5ff63391388c7908c10a5fa13a66eb10b32596d87b0652dfb67f92d08c9a58b4,modis,bd6fce3ebab5eb82b11ba244c42c14ea07b492475291d4c6df38888273d6824a,2024-07-10,2024-07-06,2024-07-03,MODIS/061/MOD09Q1/2024_07_03,,1719964800000,2024-08-04,2024-07-05,2024
AOI-03,57ca12641709501bb5f30118c491acefed62396c209537573d7eed1d5b0cca15,MODIS/061/MOD09Q1,2024-07-11T00:00:00+00:00,,b21c8cc7f3d4d35e1db4dfa1c8245ff10ba657c0a0a001992b552808766cc49b,True,source-scenes-v1,2024-07-20,Terra MODIS,,061,061,5ff63391388c7908c10a5fa13a66eb10b32596d87b0652dfb67f92d08c9a58b4,modis,bd6fce3ebab5eb82b11ba244c42c14ea07b492475291d4c6df38888273d6824a,2024-07-18,2024-07-14,2024-07-11,MODIS/061/MOD09Q1/2024_07_11,,1720656000000,2024-08-04,2024-07-05,2024
AOI-03,57ca12641709501bb5f30118c491acefed62396c209537573d7eed1d5b0cca15,MODIS/061/MOD09Q1,2024-07-19T00:00:00+00:00,,b21c8cc7f3d4d35e1db4dfa1c8245ff10ba657c0a0a001992b552808766cc49b,True,source-scenes-v1,2024-07-20,Terra MODIS,,061,061,5ff63391388c7908c10a5fa13a66eb10b32596d87b0652dfb67f92d08c9a58b4,modis,bd6fce3ebab5eb82b11ba244c42c14ea07b492475291d4c6df38888273d6824a,2024-07-26,2024-07-22,2024-07-19,MODIS/061/MOD09Q1/2024_07_19,,1721347200000,2024-08-04,2024-07-05,2024
AOI-03,57ca12641709501bb5f30118c491acefed62396c209537573d7eed1d5b0cca15,MODIS/061/MOD09Q1,2024-07-27T00:00:00+00:00,,b21c8cc7f3d4d35e1db4dfa1c8245ff10ba657c0a0a001992b552808766cc49b,True,source-scenes-v1,2024-07-20,Terra MODIS,,061,061,5ff63391388c7908c10a5fa13a66eb10b32596d87b0652dfb67f92d08c9a58b4,modis,bd6fce3ebab5eb82b11ba244c42c14ea07b492475291d4c6df38888273d6824a,2024-08-03,2024-07-30,2024-07-27,MODIS/061/MOD09Q1/2024_07_27,,1722038400000,2024-08-04,2024-07-05,2024
AOI-03,57ca12641709501bb5f30118c491acefed62396c209537573d7eed1d5b0cca15,MODIS/061/MOD09Q1,2024-08-04T00:00:00+00:00,,b21c8cc7f3d4d35e1db4dfa1c8245ff10ba657c0a0a001992b552808766cc49b,True,source-scenes-v1,2024-07-20,Terra MODIS,,061,061,5ff63391388c7908c10a5fa13a66eb10b32596d87b0652dfb67f92d08c9a58b4,modis,bd6fce3ebab5eb82b11ba244c42c14ea07b492475291d4c6df38888273d6824a,2024-08-11,2024-08-07,2024-08-04,MODIS/061/MOD09Q1/2024_08_04,,1722729600000,2024-08-04,2024-07-05,2024
AOI-03,57ca12641709501bb5f30118c491acefed62396c209537573d7eed1d5b0cca15,MODIS/061/MOD09Q1,2024-08-12T00:00:00+00:00,SUPPORT_INTERVAL_OUTSIDE_NOMINAL_WINDOW,b21c8cc7f3d4d35e1db4dfa1c8245ff10ba657c0a0a001992b552808766cc49b,False,source-scenes-v1,2024-07-20,Terra MODIS,,061,061,5ff63391388c7908c10a5fa13a66eb10b32596d87b0652dfb67f92d08c9a58b4,modis,bd6fce3ebab5eb82b11ba244c42c14ea07b492475291d4c6df38888273d6824a,2024-08-19,2024-08-15,2024-08-12,MODIS/061/MOD09Q1/2024_08_12,,1723420800000,2024-08-04,2024-07-05,2024
AOI-03,57ca12641709501bb5f30118c491acefed62396c209537573d7eed1d5b0cca15,MODIS/061/MOD09Q1,2024-08-20T00:00:00+00:00,SUPPORT_INTERVAL_OUTSIDE_NOMINAL_WINDOW,b21c8cc7f3d4d35e1db4dfa1c8245ff10ba657c0a0a001992b552808766cc49b,False,source-scenes-v1,2024-07-20,Terra MODIS,,061,061,5ff63391388c7908c10a5fa13a66eb10b32596d87b0652dfb67f92d08c9a58b4,modis,bd6fce3ebab5eb82b11ba244c42c14ea07b492475291d4c6df38888273d6824a,2024-08-27,2024-08-23,2024-08-20,MODIS/061/MOD09Q1/2024_08_20,,1724112000000,2024-08-04,2024-07-05,2024
AOI-03,57ca12641709501bb5f30118c491acefed62396c209537573d7eed1d5b0cca15,MODIS/061/MOD09Q1,2024-07-03T00:00:00+00:00,SUPPORT_INTERVAL_OUTSIDE_NOMINAL_WINDOW,b21c8cc7f3d4d35e1db4dfa1c8245ff10ba657c0a0a001992b552808766cc49b,False,source-scenes-v1,2024-07-31,Terra MODIS,,061,061,cdda4a9932aaa0c75cb57c5841be8afb86e58cdf0a95592fcacd03d28369e745,modis,fef36c4439c8cb58f2dc9b1823f966ba08cb5e25751dc5a1b715f826e5203d06,2024-07-10,2024-07-06,2024-07-03,MODIS/061/MOD09Q1/2024_07_03,,1719964800000,2024-08-15,2024-07-16,2024
AOI-03,57ca12641709501bb5f30118c491acefed62396c209537573d7eed1d5b0cca15,MODIS/061/MOD09Q1,2024-07-11T00:00:00+00:00,,b21c8cc7f3d4d35e1db4dfa1c8245ff10ba657c0a0a001992b552808766cc49b,True,source-scenes-v1,2024-07-31,Terra MODIS,,061,061,cdda4a9932aaa0c75cb57c5841be8afb86e58cdf0a95592fcacd03d28369e745,modis,fef36c4439c8cb58f2dc9b1823f966ba08cb5e25751dc5a1b715f826e5203d06,2024-07-18,2024-07-14,2024-07-11,MODIS/061/MOD09Q1/2024_07_11,,1720656000000,2024-08-15,2024-07-16,2024
AOI-03,57ca12641709501bb5f30118c491acefed62396c209537573d7eed1d5b0cca15,MODIS/061/MOD09Q1,2024-07-19T00:00:00+00:00,,b21c8cc7f3d4d35e1db4dfa1c8245ff10ba657c0a0a001992b552808766cc49b,True,source-scenes-v1,2024-07-31,Terra MODIS,,061,061,cdda4a9932aaa0c75cb57c5841be8afb86e58cdf0a95592fcacd03d28369e745,modis,fef36c4439c8cb58f2dc9b1823f966ba08cb5e25751dc5a1b715f826e5203d06,2024-07-26,2024-07-22,2024-07-19,MODIS/061/MOD09Q1/2024_07_19,,1721347200000,2024-08-15,2024-07-16,2024
AOI-03,57ca12641709501bb5f30118c491acefed62396c209537573d7eed1d5b0cca15,MODIS/061/MOD09Q1,2024-07-27T00:00:00+00:00,,b21c8cc7f3d4d35e1db4dfa1c8245ff10ba657c0a0a001992b552808766cc49b,True,source-scenes-v1,2024-07-31,Terra MODIS,,061,061,cdda4a9932aaa0c75cb57c5841be8afb86e58cdf0a95592fcacd03d28369e745,modis,fef36c4439c8cb58f2dc9b1823f966ba08cb5e25751dc5a1b715f826e5203d06,2024-08-03,2024-07-30,2024-07-27,MODIS/061/MOD09Q1/2024_07_27,,1722038400000,2024-08-15,2024-07-16,2024
AOI-03,57ca12641709501bb5f30118c491acefed62396c209537573d7eed1d5b0cca15,MODIS/061/MOD09Q1,2024-08-04T00:00:00+00:00,,b21c8cc7f3d4d35e1db4dfa1c8245ff10ba657c0a0a001992b552808766cc49b,True,source-scenes-v1,2024-07-31,Terra MODIS,,061,061,cdda4a9932aaa0c75cb57c5841be8afb86e58cdf0a95592fcacd03d28369e745,modis,fef36c4439c8cb58f2dc9b1823f966ba08cb5e25751dc5a1b715f826e5203d06,2024-08-11,2024-08-07,2024-08-04,MODIS/061/MOD09Q1/2024_08_04,,1722729600000,2024-08-15,2024-07-16,2024
AOI-03,57ca12641709501bb5f30118c491acefed62396c209537573d7eed1d5b0cca15,MODIS/061/MOD09Q1,2024-08-12T00:00:00+00:00,,b21c8cc7f3d4d35e1db4dfa1c8245ff10ba657c0a0a001992b552808766cc49b,True,source-scenes-v1,2024-07-31,Terra MODIS,,061,061,cdda4a9932aaa0c75cb57c5841be8afb86e58cdf0a95592fcacd03d28369e745,modis,fef36c4439c8cb58f2dc9b1823f966ba08cb5e25751dc5a1b715f826e5203d06,2024-08-19,2024-08-15,2024-08-12,MODIS/061/MOD09Q1/2024_08_12,,1723420800000,2024-08-15,2024-07-16,2024
AOI-03,57ca12641709501bb5f30118c491acefed62396c209537573d7eed1d5b0cca15,MODIS/061/MOD09Q1,2024-08-20T00:00:00+00:00,SUPPORT_INTERVAL_OUTSIDE_NOMINAL_WINDOW,b21c8cc7f3d4d35e1db4dfa1c8245ff10ba657c0a0a001992b552808766cc49b,False,source-scenes-v1,2024-07-31,Terra MODIS,,061,061,cdda4a9932aaa0c75cb57c5841be8afb86e58cdf0a95592fcacd03d28369e745,modis,fef36c4439c8cb58f2dc9b1823f966ba08cb5e25751dc5a1b715f826e5203d06,2024-08-27,2024-08-23,2024-08-20,MODIS/061/MOD09Q1/2024_08_20,,1724112000000,2024-08-15,2024-07-16,2024
AOI-03,57ca12641709501bb5f30118c491acefed62396c209537573d7eed1d5b0cca15,MODIS/061/MOD09Q1,2024-07-03T00:00:00+00:00,SUPPORT_INTERVAL_OUTSIDE_NOMINAL_WINDOW,b21c8cc7f3d4d35e1db4dfa1c8245ff10ba657c0a0a001992b552808766cc49b,False,source-scenes-v1,2024-08-10,Terra MODIS,,061,061,1d50cae224903d391addc65faef70f382ef89cea715d5b226e0ffa22b72253d4,modis,8fe825935f22b57c4dd13cd1290fc957434fb1f2dcad4d2e74663bac3053ecc6,2024-07-10,2024-07-06,2024-07-03,MODIS/061/MOD09Q1/2024_07_03,,1719964800000,2024-08-25,2024-07-26,2024
AOI-03,57ca12641709501bb5f30118c491acefed62396c209537573d7eed1d5b0cca15,MODIS/061/MOD09Q1,2024-07-11T00:00:00+00:00,SUPPORT_INTERVAL_OUTSIDE_NOMINAL_WINDOW,b21c8cc7f3d4d35e1db4dfa1c8245ff10ba657c0a0a001992b552808766cc49b,False,source-scenes-v1,2024-08-10,Terra MODIS,,061,061,1d50cae224903d391addc65faef70f382ef89cea715d5b226e0ffa22b72253d4,modis,8fe825935f22b57c4dd13cd1290fc957434fb1f2dcad4d2e74663bac3053ecc6,2024-07-18,2024-07-14,2024-07-11,MODIS/061/MOD09Q1/2024_07_11,,1720656000000,2024-08-25,2024-07-26,2024
AOI-03,57ca12641709501bb5f30118c491acefed62396c209537573d7eed1d5b0cca15,MODIS/061/MOD09Q1,2024-07-19T00:00:00+00:00,,b21c8cc7f3d4d35e1db4dfa1c8245ff10ba657c0a0a001992b552808766cc49b,True,source-scenes-v1,2024-08-10,Terra MODIS,,061,061,1d50cae224903d391addc65faef70f382ef89cea715d5b226e0ffa22b72253d4,modis,8fe825935f22b57c4dd13cd1290fc957434fb1f2dcad4d2e74663bac3053ecc6,2024-07-26,2024-07-22,2024-07-19,MODIS/061/MOD09Q1/2024_07_19,,1721347200000,2024-08-25,2024-07-26,2024
AOI-03,57ca12641709501bb5f30118c491acefed62396c209537573d7eed1d5b0cca15,MODIS/061/MOD09Q1,2024-07-27T00:00:00+00:00,,b21c8cc7f3d4d35e1db4dfa1c8245ff10ba657c0a0a001992b552808766cc49b,True,source-scenes-v1,2024-08-10,Terra MODIS,,061,061,1d50cae224903d391addc65faef70f382ef89cea715d5b226e0ffa22b72253d4,modis,8fe825935f22b57c4dd13cd1290fc957434fb1f2dcad4d2e74663bac3053ecc6,2024-08-03,2024-07-30,2024-07-27,MODIS/061/MOD09Q1/2024_07_27,,1722038400000,2024-08-25,2024-07-26,2024
AOI-03,57ca12641709501bb5f30118c491acefed62396c209537573d7eed1d5b0cca15,MODIS/061/MOD09Q1,2024-08-04T00:00:00+00:00,,b21c8cc7f3d4d35e1db4dfa1c8245ff10ba657c0a0a001992b552808766cc49b,True,source-scenes-v1,2024-08-10,Terra MODIS,,061,061,1d50cae224903d391addc65faef70f382ef89cea715d5b226e0ffa22b72253d4,modis,8fe825935f22b57c4dd13cd1290fc957434fb1f2dcad4d2e74663bac3053ecc6,2024-08-11,2024-08-07,2024-08-04,MODIS/061/MOD09Q1/2024_08_04,,1722729600000,2024-08-25,2024-07-26,2024
AOI-03,57ca12641709501bb5f30118c491acefed62396c209537573d7eed1d5b0cca15,MODIS/061/MOD09Q1,2024-08-12T00:00:00+00:00,,b21c8cc7f3d4d35e1db4dfa1c8245ff10ba657c0a0a001992b552808766cc49b,True,source-scenes-v1,2024-08-10,Terra MODIS,,061,061,1d50cae224903d391addc65faef70f382ef89cea715d5b226e0ffa22b72253d4,modis,8fe825935f22b57c4dd13cd1290fc957434fb1f2dcad4d2e74663bac3053ecc6,2024-08-19,2024-08-15,2024-08-12,MODIS/061/MOD09Q1/2024_08_12,,1723420800000,2024-08-25,2024-07-26,2024
AOI-03,57ca12641709501bb5f30118c491acefed62396c209537573d7eed1d5b0cca15,MODIS/061/MOD09Q1,2024-08-20T00:00:00+00:00,,b21c8cc7f3d4d35e1db4dfa1c8245ff10ba657c0a0a001992b552808766cc49b,True,source-scenes-v1,2024-08-10,Terra MODIS,,061,061,1d50cae224903d391addc65faef70f382ef89cea715d5b226e0ffa22b72253d4,modis,8fe825935f22b57c4dd13cd1290fc957434fb1f2dcad4d2e74663bac3053ecc6,2024-08-27,2024-08-23,2024-08-20,MODIS/061/MOD09Q1/2024_08_20,,1724112000000,2024-08-25,2024-07-26,2024
AOI-03,57ca12641709501bb5f30118c491acefed62396c209537573d7eed1d5b0cca15,MODIS/061/MOD09Q1,2025-07-04T00:00:00+00:00,,b21c8cc7f3d4d35e1db4dfa1c8245ff10ba657c0a0a001992b552808766cc49b,True,source-scenes-v1,2025-07-20,Terra MODIS,,061,061,3b303b17647d2794471c1ba2c14f8a4c8fce02879ce19c1036150ac57ddad8f7,modis,d815a07f2fc6223b9b27ee32abe188b453f2486d666af520d94fdcd781195638,2025-07-11,2025-07-07,2025-07-04,MODIS/061/MOD09Q1/2025_07_04,,1751587200000,2025-08-04,2025-07-05,2025
AOI-03,57ca12641709501bb5f30118c491acefed62396c209537573d7eed1d5b0cca15,MODIS/061/MOD09Q1,2025-07-12T00:00:00+00:00,,b21c8cc7f3d4d35e1db4dfa1c8245ff10ba657c0a0a001992b552808766cc49b,True,source-scenes-v1,2025-07-20,Terra MODIS,,061,061,3b303b17647d2794471c1ba2c14f8a4c8fce02879ce19c1036150ac57ddad8f7,modis,d815a07f2fc6223b9b27ee32abe188b453f2486d666af520d94fdcd781195638,2025-07-19,2025-07-15,2025-07-12,MODIS/061/MOD09Q1/2025_07_12,,1752278400000,2025-08-04,2025-07-05,2025
AOI-03,57ca12641709501bb5f30118c491acefed62396c209537573d7eed1d5b0cca15,MODIS/061/MOD09Q1,2025-07-20T00:00:00+00:00,,b21c8cc7f3d4d35e1db4dfa1c8245ff10ba657c0a0a001992b552808766cc49b,True,source-scenes-v1,2025-07-20,Terra MODIS,,061,061,3b303b17647d2794471c1ba2c14f8a4c8fce02879ce19c1036150ac57ddad8f7,modis,d815a07f2fc6223b9b27ee32abe188b453f2486d666af520d94fdcd781195638,2025-07-27,2025-07-23,2025-07-20,MODIS/061/MOD09Q1/2025_07_20,,1752969600000,2025-08-04,2025-07-05,2025
AOI-03,57ca12641709501bb5f30118c491acefed62396c209537573d7eed1d5b0cca15,MODIS/061/MOD09Q1,2025-07-28T00:00:00+00:00,,b21c8cc7f3d4d35e1db4dfa1c8245ff10ba657c0a0a001992b552808766cc49b,True,source-scenes-v1,2025-07-20,Terra MODIS,,061,061,3b303b17647d2794471c1ba2c14f8a4c8fce02879ce19c1036150ac57ddad8f7,modis,d815a07f2fc6223b9b27ee32abe188b453f2486d666af520d94fdcd781195638,2025-08-04,2025-07-31,2025-07-28,MODIS/061/MOD09Q1/2025_07_28,,1753660800000,2025-08-04,2025-07-05,2025
AOI-03,57ca12641709501bb5f30118c491acefed62396c209537573d7eed1d5b0cca15,MODIS/061/MOD09Q1,2025-08-05T00:00:00+00:00,SUPPORT_INTERVAL_OUTSIDE_NOMINAL_WINDOW,b21c8cc7f3d4d35e1db4dfa1c8245ff10ba657c0a0a001992b552808766cc49b,False,source-scenes-v1,2025-07-20,Terra MODIS,,061,061,3b303b17647d2794471c1ba2c14f8a4c8fce02879ce19c1036150ac57ddad8f7,modis,d815a07f2fc6223b9b27ee32abe188b453f2486d666af520d94fdcd781195638,2025-08-12,2025-08-08,2025-08-05,MODIS/061/MOD09Q1/2025_08_05,,1754352000000,2025-08-04,2025-07-05,2025
AOI-03,57ca12641709501bb5f30118c491acefed62396c209537573d7eed1d5b0cca15,MODIS/061/MOD09Q1,2025-08-13T00:00:00+00:00,SUPPORT_INTERVAL_OUTSIDE_NOMINAL_WINDOW,b21c8cc7f3d4d35e1db4dfa1c8245ff10ba657c0a0a001992b552808766cc49b,False,source-scenes-v1,2025-07-20,Terra MODIS,,061,061,3b303b17647d2794471c1ba2c14f8a4c8fce02879ce19c1036150ac57ddad8f7,modis,d815a07f2fc6223b9b27ee32abe188b453f2486d666af520d94fdcd781195638,2025-08-20,2025-08-16,2025-08-13,MODIS/061/MOD09Q1/2025_08_13,,1755043200000,2025-08-04,2025-07-05,2025
AOI-03,57ca12641709501bb5f30118c491acefed62396c209537573d7eed1d5b0cca15,MODIS/061/MOD09Q1,2025-08-21T00:00:00+00:00,SUPPORT_INTERVAL_OUTSIDE_NOMINAL_WINDOW,b21c8cc7f3d4d35e1db4dfa1c8245ff10ba657c0a0a001992b552808766cc49b,False,source-scenes-v1,2025-07-20,Terra MODIS,,061,061,3b303b17647d2794471c1ba2c14f8a4c8fce02879ce19c1036150ac57ddad8f7,modis,d815a07f2fc6223b9b27ee32abe188b453f2486d666af520d94fdcd781195638,2025-08-28,2025-08-24,2025-08-21,MODIS/061/MOD09Q1/2025_08_21,,1755734400000,2025-08-04,2025-07-05,2025
AOI-03,57ca12641709501bb5f30118c491acefed62396c209537573d7eed1d5b0cca15,MODIS/061/MOD09Q1,2025-07-04T00:00:00+00:00,SUPPORT_INTERVAL_OUTSIDE_NOMINAL_WINDOW,b21c8cc7f3d4d35e1db4dfa1c8245ff10ba657c0a0a001992b552808766cc49b,False,source-scenes-v1,2025-07-31,Terra MODIS,,061,061,f40e0ddcac98abe02b5bcd0a46ee77d8184ce955bcab7d606847c1538b2fa366,modis,f16832348a38655acd1abd614ba1d22c7ce5ea91044e0cb61d371f30519c4bfc,2025-07-11,2025-07-07,2025-07-04,MODIS/061/MOD09Q1/2025_07_04,,1751587200000,2025-08-15,2025-07-16,2025
AOI-03,57ca12641709501bb5f30118c491acefed62396c209537573d7eed1d5b0cca15,MODIS/061/MOD09Q1,2025-07-12T00:00:00+00:00,,b21c8cc7f3d4d35e1db4dfa1c8245ff10ba657c0a0a001992b552808766cc49b,True,source-scenes-v1,2025-07-31,Terra MODIS,,061,061,f40e0ddcac98abe02b5bcd0a46ee77d8184ce955bcab7d606847c1538b2fa366,modis,f16832348a38655acd1abd614ba1d22c7ce5ea91044e0cb61d371f30519c4bfc,2025-07-19,2025-07-15,2025-07-12,MODIS/061/MOD09Q1/2025_07_12,,1752278400000,2025-08-15,2025-07-16,2025
AOI-03,57ca12641709501bb5f30118c491acefed62396c209537573d7eed1d5b0cca15,MODIS/061/MOD09Q1,2025-07-20T00:00:00+00:00,,b21c8cc7f3d4d35e1db4dfa1c8245ff10ba657c0a0a001992b552808766cc49b,True,source-scenes-v1,2025-07-31,Terra MODIS,,061,061,f40e0ddcac98abe02b5bcd0a46ee77d8184ce955bcab7d606847c1538b2fa366,modis,f16832348a38655acd1abd614ba1d22c7ce5ea91044e0cb61d371f30519c4bfc,2025-07-27,2025-07-23,2025-07-20,MODIS/061/MOD09Q1/2025_07_20,,1752969600000,2025-08-15,2025-07-16,2025
AOI-03,57ca12641709501bb5f30118c491acefed62396c209537573d7eed1d5b0cca15,MODIS/061/MOD09Q1,2025-07-28T00:00:00+00:00,,b21c8cc7f3d4d35e1db4dfa1c8245ff10ba657c0a0a001992b552808766cc49b,True,source-scenes-v1,2025-07-31,Terra MODIS,,061,061,f40e0ddcac98abe02b5bcd0a46ee77d8184ce955bcab7d606847c1538b2fa366,modis,f16832348a38655acd1abd614ba1d22c7ce5ea91044e0cb61d371f30519c4bfc,2025-08-04,2025-07-31,2025-07-28,MODIS/061/MOD09Q1/2025_07_28,,1753660800000,2025-08-15,2025-07-16,2025
AOI-03,57ca12641709501bb5f30118c491acefed62396c209537573d7eed1d5b0cca15,MODIS/061/MOD09Q1,2025-08-05T00:00:00+00:00,,b21c8cc7f3d4d35e1db4dfa1c8245ff10ba657c0a0a001992b552808766cc49b,True,source-scenes-v1,2025-07-31,Terra MODIS,,061,061,f40e0ddcac98abe02b5bcd0a46ee77d8184ce955bcab7d606847c1538b2fa366,modis,f16832348a38655acd1abd614ba1d22c7ce5ea91044e0cb61d371f30519c4bfc,2025-08-12,2025-08-08,2025-08-05,MODIS/061/MOD09Q1/2025_08_05,,1754352000000,2025-08-15,2025-07-16,2025
AOI-03,57ca12641709501bb5f30118c491acefed62396c209537573d7eed1d5b0cca15,MODIS/061/MOD09Q1,2025-08-13T00:00:00+00:00,,b21c8cc7f3d4d35e1db4dfa1c8245ff10ba657c0a0a001992b552808766cc49b,True,source-scenes-v1,2025-07-31,Terra MODIS,,061,061,f40e0ddcac98abe02b5bcd0a46ee77d8184ce955bcab7d606847c1538b2fa366,modis,f16832348a38655acd1abd614ba1d22c7ce5ea91044e0cb61d371f30519c4bfc,2025-08-20,2025-08-16,2025-08-13,MODIS/061/MOD09Q1/2025_08_13,,1755043200000,2025-08-15,2025-07-16,2025
AOI-03,57ca12641709501bb5f30118c491acefed62396c209537573d7eed1d5b0cca15,MODIS/061/MOD09Q1,2025-08-21T00:00:00+00:00,SUPPORT_INTERVAL_OUTSIDE_NOMINAL_WINDOW,b21c8cc7f3d4d35e1db4dfa1c8245ff10ba657c0a0a001992b552808766cc49b,False,source-scenes-v1,2025-07-31,Terra MODIS,,061,061,f40e0ddcac98abe02b5bcd0a46ee77d8184ce955bcab7d606847c1538b2fa366,modis,f16832348a38655acd1abd614ba1d22c7ce5ea91044e0cb61d371f30519c4bfc,2025-08-28,2025-08-24,2025-08-21,MODIS/061/MOD09Q1/2025_08_21,,1755734400000,2025-08-15,2025-07-16,2025
AOI-03,57ca12641709501bb5f30118c491acefed62396c209537573d7eed1d5b0cca15,MODIS/061/MOD09Q1,2025-07-04T00:00:00+00:00,SUPPORT_INTERVAL_OUTSIDE_NOMINAL_WINDOW,b21c8cc7f3d4d35e1db4dfa1c8245ff10ba657c0a0a001992b552808766cc49b,False,source-scenes-v1,2025-08-10,Terra MODIS,,061,061,856fa29d018253ffec012021654154531bf59aea15b604cefdba0d484c7c12e9,modis,a5a2a7c82afe4a7da102589b72cb9b9f110454dc5e5e36b8647491cf952bfdff,2025-07-11,2025-07-07,2025-07-04,MODIS/061/MOD09Q1/2025_07_04,,1751587200000,2025-08-25,2025-07-26,2025
AOI-03,57ca12641709501bb5f30118c491acefed62396c209537573d7eed1d5b0cca15,MODIS/061/MOD09Q1,2025-07-12T00:00:00+00:00,SUPPORT_INTERVAL_OUTSIDE_NOMINAL_WINDOW,b21c8cc7f3d4d35e1db4dfa1c8245ff10ba657c0a0a001992b552808766cc49b,False,source-scenes-v1,2025-08-10,Terra MODIS,,061,061,856fa29d018253ffec012021654154531bf59aea15b604cefdba0d484c7c12e9,modis,a5a2a7c82afe4a7da102589b72cb9b9f110454dc5e5e36b8647491cf952bfdff,2025-07-19,2025-07-15,2025-07-12,MODIS/061/MOD09Q1/2025_07_12,,1752278400000,2025-08-25,2025-07-26,2025
AOI-03,57ca12641709501bb5f30118c491acefed62396c209537573d7eed1d5b0cca15,MODIS/061/MOD09Q1,2025-07-20T00:00:00+00:00,,b21c8cc7f3d4d35e1db4dfa1c8245ff10ba657c0a0a001992b552808766cc49b,True,source-scenes-v1,2025-08-10,Terra MODIS,,061,061,856fa29d018253ffec012021654154531bf59aea15b604cefdba0d484c7c12e9,modis,a5a2a7c82afe4a7da102589b72cb9b9f110454dc5e5e36b8647491cf952bfdff,2025-07-27,2025-07-23,2025-07-20,MODIS/061/MOD09Q1/2025_07_20,,1752969600000,2025-08-25,2025-07-26,2025
AOI-03,57ca12641709501bb5f30118c491acefed62396c209537573d7eed1d5b0cca15,MODIS/061/MOD09Q1,2025-07-28T00:00:00+00:00,,b21c8cc7f3d4d35e1db4dfa1c8245ff10ba657c0a0a001992b552808766cc49b,True,source-scenes-v1,2025-08-10,Terra MODIS,,061,061,856fa29d018253ffec012021654154531bf59aea15b604cefdba0d484c7c12e9,modis,a5a2a7c82afe4a7da102589b72cb9b9f110454dc5e5e36b8647491cf952bfdff,2025-08-04,2025-07-31,2025-07-28,MODIS/061/MOD09Q1/2025_07_28,,1753660800000,2025-08-25,2025-07-26,2025
AOI-03,57ca12641709501bb5f30118c491acefed62396c209537573d7eed1d5b0cca15,MODIS/061/MOD09Q1,2025-08-05T00:00:00+00:00,,b21c8cc7f3d4d35e1db4dfa1c8245ff10ba657c0a0a001992b552808766cc49b,True,source-scenes-v1,2025-08-10,Terra MODIS,,061,061,856fa29d018253ffec012021654154531bf59aea15b604cefdba0d484c7c12e9,modis,a5a2a7c82afe4a7da102589b72cb9b9f110454dc5e5e36b8647491cf952bfdff,2025-08-12,2025-08-08,2025-08-05,MODIS/061/MOD09Q1/2025_08_05,,1754352000000,2025-08-25,2025-07-26,2025
AOI-03,57ca12641709501bb5f30118c491acefed62396c209537573d7eed1d5b0cca15,MODIS/061/MOD09Q1,2025-08-13T00:00:00+00:00,,b21c8cc7f3d4d35e1db4dfa1c8245ff10ba657c0a0a001992b552808766cc49b,True,source-scenes-v1,2025-08-10,Terra MODIS,,061,061,856fa29d018253ffec012021654154531bf59aea15b604cefdba0d484c7c12e9,modis,a5a2a7c82afe4a7da102589b72cb9b9f110454dc5e5e36b8647491cf952bfdff,2025-08-20,2025-08-16,2025-08-13,MODIS/061/MOD09Q1/2025_08_13,,1755043200000,2025-08-25,2025-07-26,2025
AOI-03,57ca12641709501bb5f30118c491acefed62396c209537573d7eed1d5b0cca15,MODIS/061/MOD09Q1,2025-08-21T00:00:00+00:00,,b21c8cc7f3d4d35e1db4dfa1c8245ff10ba657c0a0a001992b552808766cc49b,True,source-scenes-v1,2025-08-10,Terra MODIS,,061,061,856fa29d018253ffec012021654154531bf59aea15b604cefdba0d484c7c12e9,modis,a5a2a7c82afe4a7da102589b72cb9b9f110454dc5e5e36b8647491cf952bfdff,2025-08-28,2025-08-24,2025-08-21,MODIS/061/MOD09Q1/2025_08_21,,1755734400000,2025-08-25,2025-07-26,2025
