metric_id,analysis_family,sensor,AOI,target_year,history/configuration,metric_name,full_precision_value,manuscript_display_value,rounding_rule,source_file,source_row/filter,generating_script,status
primary_pair_rows,primary_data,ALL,ALL,ALL,ALL,total paired observations,681545,"681,545",counts: integer; manuscript headline RMSE/differences: 6 decimals; table values: source-derived fixed precision,results/manuscript_summary/canonical_primary_manifest.json,JSON key=pair_rows,code/primary_analysis/build_canonical_nonoverlap_outputs.py,CANONICAL
primary_multi_aoi_runs,primary_data,ALL,ALL,ALL,ALL,Multi-AOI OLS runs,72,72,counts: integer; manuscript headline RMSE/differences: 6 decimals; table values: source-derived fixed precision,results/manuscript_summary/canonical_primary_manifest.json,JSON key=multi_aoi_runs,code/primary_analysis/build_canonical_nonoverlap_outputs.py,CANONICAL
primary_rolling_origin_runs,primary_data,ALL,ALL,ALL,ALL,Rolling-Origin OLS runs,72,72,counts: integer; manuscript headline RMSE/differences: 6 decimals; table values: source-derived fixed precision,results/manuscript_summary/canonical_primary_manifest.json,JSON key=rolling_origin_runs,code/primary_analysis/build_canonical_nonoverlap_outputs.py,CANONICAL
primary_dpm_runs,primary_data,ALL,ALL,ALL,ALL,DPM endpoint configurations,48,48,counts: integer; manuscript headline RMSE/differences: 6 decimals; table values: source-derived fixed precision,results/manuscript_summary/canonical_primary_manifest.json,JSON key=dpm_runs,code/primary_analysis/build_canonical_nonoverlap_outputs.py,CANONICAL
primary_block_contrasts,primary_data,ALL,ALL,ALL,ALL,predefined paired block contrasts,72,72,counts: integer; manuscript headline RMSE/differences: 6 decimals; table values: source-derived fixed precision,results/manuscript_summary/canonical_primary_manifest.json,JSON key=block_contrasts,code/primary_analysis/build_canonical_nonoverlap_outputs.py,CANONICAL
multi_landsat_AOI-00_W2022_RMSE,multi_aoi_ols,landsat,AOI-00,2025,W2022,RMSE,0.0492297588303295,0.049230,counts: integer; manuscript headline RMSE/differences: 6 decimals; table values: source-derived fixed precision,results/primary/multi_aoi/multi_aoi_metrics.csv,AOI=AOI-00; sensor=landsat; window=W2022; target_year=2025,code/primary_analysis/build_canonical_nonoverlap_outputs.py,CANONICAL
multi_landsat_AOI-00_W2022_MAE,multi_aoi_ols,landsat,AOI-00,2025,W2022,MAE,0.0403013681922729,0.040301,counts: integer; manuscript headline RMSE/differences: 6 decimals; table values: source-derived fixed precision,results/primary/multi_aoi/multi_aoi_metrics.csv,AOI=AOI-00; sensor=landsat; window=W2022; target_year=2025,code/primary_analysis/build_canonical_nonoverlap_outputs.py,CANONICAL
multi_landsat_AOI-00_W2022_Bias,multi_aoi_ols,landsat,AOI-00,2025,W2022,Bias,-0.0010518259242066,-0.001052,counts: integer; manuscript headline RMSE/differences: 6 decimals; table values: source-derived fixed precision,results/primary/multi_aoi/multi_aoi_metrics.csv,AOI=AOI-00; sensor=landsat; window=W2022; target_year=2025,code/primary_analysis/build_canonical_nonoverlap_outputs.py,CANONICAL
multi_landsat_AOI-00_W2022_R2,multi_aoi_ols,landsat,AOI-00,2025,W2022,R2,0.7405386596973291,0.7405386596973291,counts: integer; manuscript headline RMSE/differences: 6 decimals; table values: source-derived fixed precision,results/primary/multi_aoi/multi_aoi_metrics.csv,AOI=AOI-00; sensor=landsat; window=W2022; target_year=2025,code/primary_analysis/build_canonical_nonoverlap_outputs.py,CANONICAL
multi_landsat_AOI-00_W2022_Pearson_r,multi_aoi_ols,landsat,AOI-00,2025,W2022,Pearson_r,0.8607811944412894,0.8607811944412894,counts: integer; manuscript headline RMSE/differences: 6 decimals; table values: source-derived fixed precision,results/primary/multi_aoi/multi_aoi_metrics.csv,AOI=AOI-00; sensor=landsat; window=W2022; target_year=2025,code/primary_analysis/build_canonical_nonoverlap_outputs.py,CANONICAL
multi_landsat_AOI-00_W2023_RMSE,multi_aoi_ols,landsat,AOI-00,2025,W2023,RMSE,0.0500402703789647,0.050040,counts: integer; manuscript headline RMSE/differences: 6 decimals; table values: source-derived fixed precision,results/primary/multi_aoi/multi_aoi_metrics.csv,AOI=AOI-00; sensor=landsat; window=W2023; target_year=2025,code/primary_analysis/build_canonical_nonoverlap_outputs.py,CANONICAL
multi_landsat_AOI-00_W2023_MAE,multi_aoi_ols,landsat,AOI-00,2025,W2023,MAE,0.0408831384432917,0.040883,counts: integer; manuscript headline RMSE/differences: 6 decimals; table values: source-derived fixed precision,results/primary/multi_aoi/multi_aoi_metrics.csv,AOI=AOI-00; sensor=landsat; window=W2023; target_year=2025,code/primary_analysis/build_canonical_nonoverlap_outputs.py,CANONICAL
multi_landsat_AOI-00_W2023_Bias,multi_aoi_ols,landsat,AOI-00,2025,W2023,Bias,-0.0088321794688838,-0.008832,counts: integer; manuscript headline RMSE/differences: 6 decimals; table values: source-derived fixed precision,results/primary/multi_aoi/multi_aoi_metrics.csv,AOI=AOI-00; sensor=landsat; window=W2023; target_year=2025,code/primary_analysis/build_canonical_nonoverlap_outputs.py,CANONICAL
multi_landsat_AOI-00_W2023_R2,multi_aoi_ols,landsat,AOI-00,2025,W2023,R2,0.7319248633892765,0.7319248633892765,counts: integer; manuscript headline RMSE/differences: 6 decimals; table values: source-derived fixed precision,results/primary/multi_aoi/multi_aoi_metrics.csv,AOI=AOI-00; sensor=landsat; window=W2023; target_year=2025,code/primary_analysis/build_canonical_nonoverlap_outputs.py,CANONICAL
multi_landsat_AOI-00_W2023_Pearson_r,multi_aoi_ols,landsat,AOI-00,2025,W2023,Pearson_r,0.8607811944412886,0.8607811944412886,counts: integer; manuscript headline RMSE/differences: 6 decimals; table values: source-derived fixed precision,results/primary/multi_aoi/multi_aoi_metrics.csv,AOI=AOI-00; sensor=landsat; window=W2023; target_year=2025,code/primary_analysis/build_canonical_nonoverlap_outputs.py,CANONICAL
multi_landsat_AOI-00_W2024_RMSE,multi_aoi_ols,landsat,AOI-00,2025,W2024,RMSE,0.0564420936508308,0.056442,counts: integer; manuscript headline RMSE/differences: 6 decimals; table values: source-derived fixed precision,results/primary/multi_aoi/multi_aoi_metrics.csv,AOI=AOI-00; sensor=landsat; window=W2024; target_year=2025,code/primary_analysis/build_canonical_nonoverlap_outputs.py,CANONICAL
multi_landsat_AOI-00_W2024_MAE,multi_aoi_ols,landsat,AOI-00,2025,W2024,MAE,0.0458712970417949,0.045871,counts: integer; manuscript headline RMSE/differences: 6 decimals; table values: source-derived fixed precision,results/primary/multi_aoi/multi_aoi_metrics.csv,AOI=AOI-00; sensor=landsat; window=W2024; target_year=2025,code/primary_analysis/build_canonical_nonoverlap_outputs.py,CANONICAL
multi_landsat_AOI-00_W2024_Bias,multi_aoi_ols,landsat,AOI-00,2025,W2024,Bias,-0.0272877164921305,-0.027288,counts: integer; manuscript headline RMSE/differences: 6 decimals; table values: source-derived fixed precision,results/primary/multi_aoi/multi_aoi_metrics.csv,AOI=AOI-00; sensor=landsat; window=W2024; target_year=2025,code/primary_analysis/build_canonical_nonoverlap_outputs.py,CANONICAL
multi_landsat_AOI-00_W2024_R2,multi_aoi_ols,landsat,AOI-00,2025,W2024,R2,0.6589457461127983,0.6589457461127983,counts: integer; manuscript headline RMSE/differences: 6 decimals; table values: source-derived fixed precision,results/primary/multi_aoi/multi_aoi_metrics.csv,AOI=AOI-00; sensor=landsat; window=W2024; target_year=2025,code/primary_analysis/build_canonical_nonoverlap_outputs.py,CANONICAL
multi_landsat_AOI-00_W2024_Pearson_r,multi_aoi_ols,landsat,AOI-00,2025,W2024,Pearson_r,0.8607811944412875,0.8607811944412875,counts: integer; manuscript headline RMSE/differences: 6 decimals; table values: source-derived fixed precision,results/primary/multi_aoi/multi_aoi_metrics.csv,AOI=AOI-00; sensor=landsat; window=W2024; target_year=2025,code/primary_analysis/build_canonical_nonoverlap_outputs.py,CANONICAL
multi_landsat_AOI-00_W2022_2023_RMSE,multi_aoi_ols,landsat,AOI-00,2025,W2022_2023,RMSE,0.0494710693808697,0.049471,counts: integer; manuscript headline RMSE/differences: 6 decimals; table values: source-derived fixed precision,results/primary/multi_aoi/multi_aoi_metrics.csv,AOI=AOI-00; sensor=landsat; window=W2022_2023; target_year=2025,code/primary_analysis/build_canonical_nonoverlap_outputs.py,CANONICAL
multi_landsat_AOI-00_W2022_2023_MAE,multi_aoi_ols,landsat,AOI-00,2025,W2022_2023,MAE,0.0405291375754565,0.040529,counts: integer; manuscript headline RMSE/differences: 6 decimals; table values: source-derived fixed precision,results/primary/multi_aoi/multi_aoi_metrics.csv,AOI=AOI-00; sensor=landsat; window=W2022_2023; target_year=2025,code/primary_analysis/build_canonical_nonoverlap_outputs.py,CANONICAL
multi_landsat_AOI-00_W2022_2023_Bias,multi_aoi_ols,landsat,AOI-00,2025,W2022_2023,Bias,-0.0050750157569322,-0.005075,counts: integer; manuscript headline RMSE/differences: 6 decimals; table values: source-derived fixed precision,results/primary/multi_aoi/multi_aoi_metrics.csv,AOI=AOI-00; sensor=landsat; window=W2022_2023; target_year=2025,code/primary_analysis/build_canonical_nonoverlap_outputs.py,CANONICAL
multi_landsat_AOI-00_W2022_2023_R2,multi_aoi_ols,landsat,AOI-00,2025,W2022_2023,R2,0.7379888113696362,0.7379888113696362,counts: integer; manuscript headline RMSE/differences: 6 decimals; table values: source-derived fixed precision,results/primary/multi_aoi/multi_aoi_metrics.csv,AOI=AOI-00; sensor=landsat; window=W2022_2023; target_year=2025,code/primary_analysis/build_canonical_nonoverlap_outputs.py,CANONICAL
multi_landsat_AOI-00_W2022_2023_Pearson_r,multi_aoi_ols,landsat,AOI-00,2025,W2022_2023,Pearson_r,0.8607811944412872,0.8607811944412872,counts: integer; manuscript headline RMSE/differences: 6 decimals; table values: source-derived fixed precision,results/primary/multi_aoi/multi_aoi_metrics.csv,AOI=AOI-00; sensor=landsat; window=W2022_2023; target_year=2025,code/primary_analysis/build_canonical_nonoverlap_outputs.py,CANONICAL
multi_landsat_AOI-00_W2023_2024_RMSE,multi_aoi_ols,landsat,AOI-00,2025,W2023_2024,RMSE,0.0530310819217106,0.053031,counts: integer; manuscript headline RMSE/differences: 6 decimals; table values: source-derived fixed precision,results/primary/multi_aoi/multi_aoi_metrics.csv,AOI=AOI-00; sensor=landsat; window=W2023_2024; target_year=2025,code/primary_analysis/build_canonical_nonoverlap_outputs.py,CANONICAL
multi_landsat_AOI-00_W2023_2024_MAE,multi_aoi_ols,landsat,AOI-00,2025,W2023_2024,MAE,0.0432492653225373,0.043249,counts: integer; manuscript headline RMSE/differences: 6 decimals; table values: source-derived fixed precision,results/primary/multi_aoi/multi_aoi_metrics.csv,AOI=AOI-00; sensor=landsat; window=W2023_2024; target_year=2025,code/primary_analysis/build_canonical_nonoverlap_outputs.py,CANONICAL
multi_landsat_AOI-00_W2023_2024_Bias,multi_aoi_ols,landsat,AOI-00,2025,W2023_2024,Bias,-0.0197504641536073,-0.019750,counts: integer; manuscript headline RMSE/differences: 6 decimals; table values: source-derived fixed precision,results/primary/multi_aoi/multi_aoi_metrics.csv,AOI=AOI-00; sensor=landsat; window=W2023_2024; target_year=2025,code/primary_analysis/build_canonical_nonoverlap_outputs.py,CANONICAL
multi_landsat_AOI-00_W2023_2024_R2,multi_aoi_ols,landsat,AOI-00,2025,W2023_2024,R2,0.6989225592062891,0.6989225592062891,counts: integer; manuscript headline RMSE/differences: 6 decimals; table values: source-derived fixed precision,results/primary/multi_aoi/multi_aoi_metrics.csv,AOI=AOI-00; sensor=landsat; window=W2023_2024; target_year=2025,code/primary_analysis/build_canonical_nonoverlap_outputs.py,CANONICAL
multi_landsat_AOI-00_W2023_2024_Pearson_r,multi_aoi_ols,landsat,AOI-00,2025,W2023_2024,Pearson_r,0.8607811944412884,0.8607811944412884,counts: integer; manuscript headline RMSE/differences: 6 decimals; table values: source-derived fixed precision,results/primary/multi_aoi/multi_aoi_metrics.csv,AOI=AOI-00; sensor=landsat; window=W2023_2024; target_year=2025,code/primary_analysis/build_canonical_nonoverlap_outputs.py,CANONICAL
multi_landsat_AOI-00_W2022_2024_RMSE,multi_aoi_ols,landsat,AOI-00,2025,W2022_2024,RMSE,0.0514311399500868,0.051431,counts: integer; manuscript headline RMSE/differences: 6 decimals; table values: source-derived fixed precision,results/primary/multi_aoi/multi_aoi_metrics.csv,AOI=AOI-00; sensor=landsat; window=W2022_2024; target_year=2025,code/primary_analysis/build_canonical_nonoverlap_outputs.py,CANONICAL
multi_landsat_AOI-00_W2022_2024_MAE,multi_aoi_ols,landsat,AOI-00,2025,W2022_2024,MAE,0.042138244427321,0.042138,counts: integer; manuscript headline RMSE/differences: 6 decimals; table values: source-derived fixed precision,results/primary/multi_aoi/multi_aoi_metrics.csv,AOI=AOI-00; sensor=landsat; window=W2022_2024; target_year=2025,code/primary_analysis/build_canonical_nonoverlap_outputs.py,CANONICAL
multi_landsat_AOI-00_W2022_2024_Bias,multi_aoi_ols,landsat,AOI-00,2025,W2022_2024,Bias,-0.0148883960426229,-0.014888,counts: integer; manuscript headline RMSE/differences: 6 decimals; table values: source-derived fixed precision,results/primary/multi_aoi/multi_aoi_metrics.csv,AOI=AOI-00; sensor=landsat; window=W2022_2024; target_year=2025,code/primary_analysis/build_canonical_nonoverlap_outputs.py,CANONICAL
multi_landsat_AOI-00_W2022_2024_R2,multi_aoi_ols,landsat,AOI-00,2025,W2022_2024,R2,0.7168154590562494,0.7168154590562494,counts: integer; manuscript headline RMSE/differences: 6 decimals; table values: source-derived fixed precision,results/primary/multi_aoi/multi_aoi_metrics.csv,AOI=AOI-00; sensor=landsat; window=W2022_2024; target_year=2025,code/primary_analysis/build_canonical_nonoverlap_outputs.py,CANONICAL
multi_landsat_AOI-00_W2022_2024_Pearson_r,multi_aoi_ols,landsat,AOI-00,2025,W2022_2024,Pearson_r,0.8607811944412878,0.8607811944412878,counts: integer; manuscript headline RMSE/differences: 6 decimals; table values: source-derived fixed precision,results/primary/multi_aoi/multi_aoi_metrics.csv,AOI=AOI-00; sensor=landsat; window=W2022_2024; target_year=2025,code/primary_analysis/build_canonical_nonoverlap_outputs.py,CANONICAL
multi_modis_AOI-00_W2022_RMSE,multi_aoi_ols,modis,AOI-00,2025,W2022,RMSE,0.0428567236749459,0.042857,counts: integer; manuscript headline RMSE/differences: 6 decimals; table values: source-derived fixed precision,results/primary/multi_aoi/multi_aoi_metrics.csv,AOI=AOI-00; sensor=modis; window=W2022; target_year=2025,code/primary_analysis/build_canonical_nonoverlap_outputs.py,CANONICAL
multi_modis_AOI-00_W2022_MAE,multi_aoi_ols,modis,AOI-00,2025,W2022,MAE,0.0330049589599437,0.033005,counts: integer; manuscript headline RMSE/differences: 6 decimals; table values: source-derived fixed precision,results/primary/multi_aoi/multi_aoi_metrics.csv,AOI=AOI-00; sensor=modis; window=W2022; target_year=2025,code/primary_analysis/build_canonical_nonoverlap_outputs.py,CANONICAL
multi_modis_AOI-00_W2022_Bias,multi_aoi_ols,modis,AOI-00,2025,W2022,Bias,-0.0094164417593354,-0.009416,counts: integer; manuscript headline RMSE/differences: 6 decimals; table values: source-derived fixed precision,results/primary/multi_aoi/multi_aoi_metrics.csv,AOI=AOI-00; sensor=modis; window=W2022; target_year=2025,code/primary_analysis/build_canonical_nonoverlap_outputs.py,CANONICAL
multi_modis_AOI-00_W2022_R2,multi_aoi_ols,modis,AOI-00,2025,W2022,R2,0.8074222535834166,0.8074222535834166,counts: integer; manuscript headline RMSE/differences: 6 decimals; table values: source-derived fixed precision,results/primary/multi_aoi/multi_aoi_metrics.csv,AOI=AOI-00; sensor=modis; window=W2022; target_year=2025,code/primary_analysis/build_canonical_nonoverlap_outputs.py,CANONICAL
multi_modis_AOI-00_W2022_Pearson_r,multi_aoi_ols,modis,AOI-00,2025,W2022,Pearson_r,0.9039491553791996,0.9039491553791996,counts: integer; manuscript headline RMSE/differences: 6 decimals; table values: source-derived fixed precision,results/primary/multi_aoi/multi_aoi_metrics.csv,AOI=AOI-00; sensor=modis; window=W2022; target_year=2025,code/primary_analysis/build_canonical_nonoverlap_outputs.py,CANONICAL
multi_modis_AOI-00_W2023_RMSE,multi_aoi_ols,modis,AOI-00,2025,W2023,RMSE,0.0418347022994977,0.041835,counts: integer; manuscript headline RMSE/differences: 6 decimals; table values: source-derived fixed precision,results/primary/multi_aoi/multi_aoi_metrics.csv,AOI=AOI-00; sensor=modis; window=W2023; target_year=2025,code/primary_analysis/build_canonical_nonoverlap_outputs.py,CANONICAL
multi_modis_AOI-00_W2023_MAE,multi_aoi_ols,modis,AOI-00,2025,W2023,MAE,0.0329651744131916,0.032965,counts: integer; manuscript headline RMSE/differences: 6 decimals; table values: source-derived fixed precision,results/primary/multi_aoi/multi_aoi_metrics.csv,AOI=AOI-00; sensor=modis; window=W2023; target_year=2025,code/primary_analysis/build_canonical_nonoverlap_outputs.py,CANONICAL
multi_modis_AOI-00_W2023_Bias,multi_aoi_ols,modis,AOI-00,2025,W2023,Bias,-0.0005316982009135,-0.000532,counts: integer; manuscript headline RMSE/differences: 6 decimals; table values: source-derived fixed precision,results/primary/multi_aoi/multi_aoi_metrics.csv,AOI=AOI-00; sensor=modis; window=W2023; target_year=2025,code/primary_analysis/build_canonical_nonoverlap_outputs.py,CANONICAL
multi_modis_AOI-00_W2023_R2,multi_aoi_ols,modis,AOI-00,2025,W2023,R2,0.8164976915126667,0.8164976915126667,counts: integer; manuscript headline RMSE/differences: 6 decimals; table values: source-derived fixed precision,results/primary/multi_aoi/multi_aoi_metrics.csv,AOI=AOI-00; sensor=modis; window=W2023; target_year=2025,code/primary_analysis/build_canonical_nonoverlap_outputs.py,CANONICAL
multi_modis_AOI-00_W2023_Pearson_r,multi_aoi_ols,modis,AOI-00,2025,W2023,Pearson_r,0.9039382033914638,0.9039382033914638,counts: integer; manuscript headline RMSE/differences: 6 decimals; table values: source-derived fixed precision,results/primary/multi_aoi/multi_aoi_metrics.csv,AOI=AOI-00; sensor=modis; window=W2023; target_year=2025,code/primary_analysis/build_canonical_nonoverlap_outputs.py,CANONICAL
multi_modis_AOI-00_W2024_RMSE,multi_aoi_ols,modis,AOI-00,2025,W2024,RMSE,0.0444963977992049,0.044496,counts: integer; manuscript headline RMSE/differences: 6 decimals; table values: source-derived fixed precision,results/primary/multi_aoi/multi_aoi_metrics.csv,AOI=AOI-00; sensor=modis; window=W2024; target_year=2025,code/primary_analysis/build_canonical_nonoverlap_outputs.py,CANONICAL
multi_modis_AOI-00_W2024_MAE,multi_aoi_ols,modis,AOI-00,2025,W2024,MAE,0.0342448811228304,0.034245,counts: integer; manuscript headline RMSE/differences: 6 decimals; table values: source-derived fixed precision,results/primary/multi_aoi/multi_aoi_metrics.csv,AOI=AOI-00; sensor=modis; window=W2024; target_year=2025,code/primary_analysis/build_canonical_nonoverlap_outputs.py,CANONICAL
multi_modis_AOI-00_W2024_Bias,multi_aoi_ols,modis,AOI-00,2025,W2024,Bias,-0.0127998791318279,-0.012800,counts: integer; manuscript headline RMSE/differences: 6 decimals; table values: source-derived fixed precision,results/primary/multi_aoi/multi_aoi_metrics.csv,AOI=AOI-00; sensor=modis; window=W2024; target_year=2025,code/primary_analysis/build_canonical_nonoverlap_outputs.py,CANONICAL
multi_modis_AOI-00_W2024_R2,multi_aoi_ols,modis,AOI-00,2025,W2024,R2,0.7924045289014423,0.7924045289014423,counts: integer; manuscript headline RMSE/differences: 6 decimals; table values: source-derived fixed precision,results/primary/multi_aoi/multi_aoi_metrics.csv,AOI=AOI-00; sensor=modis; window=W2024; target_year=2025,code/primary_analysis/build_canonical_nonoverlap_outputs.py,CANONICAL
multi_modis_AOI-00_W2024_Pearson_r,multi_aoi_ols,modis,AOI-00,2025,W2024,Pearson_r,0.9039382033914616,0.9039382033914616,counts: integer; manuscript headline RMSE/differences: 6 decimals; table values: source-derived fixed precision,results/primary/multi_aoi/multi_aoi_metrics.csv,AOI=AOI-00; sensor=modis; window=W2024; target_year=2025,code/primary_analysis/build_canonical_nonoverlap_outputs.py,CANONICAL
multi_modis_AOI-00_W2022_2023_RMSE,multi_aoi_ols,modis,AOI-00,2025,W2022_2023,RMSE,0.0419312262114272,0.041931,counts: integer; manuscript headline RMSE/differences: 6 decimals; table values: source-derived fixed precision,results/primary/multi_aoi/multi_aoi_metrics.csv,AOI=AOI-00; sensor=modis; window=W2022_2023; target_year=2025,code/primary_analysis/build_canonical_nonoverlap_outputs.py,CANONICAL
multi_modis_AOI-00_W2022_2023_MAE,multi_aoi_ols,modis,AOI-00,2025,W2022_2023,MAE,0.0327474991523431,0.032747,counts: integer; manuscript headline RMSE/differences: 6 decimals; table values: source-derived fixed precision,results/primary/multi_aoi/multi_aoi_metrics.csv,AOI=AOI-00; sensor=modis; window=W2022_2023; target_year=2025,code/primary_analysis/build_canonical_nonoverlap_outputs.py,CANONICAL
multi_modis_AOI-00_W2022_2023_Bias,multi_aoi_ols,modis,AOI-00,2025,W2022_2023,Bias,-0.003707723400219,-0.003708,counts: integer; manuscript headline RMSE/differences: 6 decimals; table values: source-derived fixed precision,results/primary/multi_aoi/multi_aoi_metrics.csv,AOI=AOI-00; sensor=modis; window=W2022_2023; target_year=2025,code/primary_analysis/build_canonical_nonoverlap_outputs.py,CANONICAL
multi_modis_AOI-00_W2022_2023_R2,multi_aoi_ols,modis,AOI-00,2025,W2022_2023,R2,0.8156499362626483,0.8156499362626483,counts: integer; manuscript headline RMSE/differences: 6 decimals; table values: source-derived fixed precision,results/primary/multi_aoi/multi_aoi_metrics.csv,AOI=AOI-00; sensor=modis; window=W2022_2023; target_year=2025,code/primary_analysis/build_canonical_nonoverlap_outputs.py,CANONICAL
multi_modis_AOI-00_W2022_2023_Pearson_r,multi_aoi_ols,modis,AOI-00,2025,W2022_2023,Pearson_r,0.9039382033914624,0.9039382033914624,counts: integer; manuscript headline RMSE/differences: 6 decimals; table values: source-derived fixed precision,results/primary/multi_aoi/multi_aoi_metrics.csv,AOI=AOI-00; sensor=modis; window=W2022_2023; target_year=2025,code/primary_analysis/build_canonical_nonoverlap_outputs.py,CANONICAL
multi_modis_AOI-00_W2023_2024_RMSE,multi_aoi_ols,modis,AOI-00,2025,W2023_2024,RMSE,0.0423814986103728,0.042381,counts: integer; manuscript headline RMSE/differences: 6 decimals; table values: source-derived fixed precision,results/primary/multi_aoi/multi_aoi_metrics.csv,AOI=AOI-00; sensor=modis; window=W2023_2024; target_year=2025,code/primary_analysis/build_canonical_nonoverlap_outputs.py,CANONICAL
multi_modis_AOI-00_W2023_2024_MAE,multi_aoi_ols,modis,AOI-00,2025,W2023_2024,MAE,0.0330424066343567,0.033042,counts: integer; manuscript headline RMSE/differences: 6 decimals; table values: source-derived fixed precision,results/primary/multi_aoi/multi_aoi_metrics.csv,AOI=AOI-00; sensor=modis; window=W2023_2024; target_year=2025,code/primary_analysis/build_canonical_nonoverlap_outputs.py,CANONICAL
multi_modis_AOI-00_W2023_2024_Bias,multi_aoi_ols,modis,AOI-00,2025,W2023_2024,Bias,-0.0055904452425919,-0.005590,counts: integer; manuscript headline RMSE/differences: 6 decimals; table values: source-derived fixed precision,results/primary/multi_aoi/multi_aoi_metrics.csv,AOI=AOI-00; sensor=modis; window=W2023_2024; target_year=2025,code/primary_analysis/build_canonical_nonoverlap_outputs.py,CANONICAL
multi_modis_AOI-00_W2023_2024_R2,multi_aoi_ols,modis,AOI-00,2025,W2023_2024,R2,0.8116694455252969,0.8116694455252969,counts: integer; manuscript headline RMSE/differences: 6 decimals; table values: source-derived fixed precision,results/primary/multi_aoi/multi_aoi_metrics.csv,AOI=AOI-00; sensor=modis; window=W2023_2024; target_year=2025,code/primary_analysis/build_canonical_nonoverlap_outputs.py,CANONICAL
multi_modis_AOI-00_W2023_2024_Pearson_r,multi_aoi_ols,modis,AOI-00,2025,W2023_2024,Pearson_r,0.9039382033914632,0.9039382033914632,counts: integer; manuscript headline RMSE/differences: 6 decimals; table values: source-derived fixed precision,results/primary/multi_aoi/multi_aoi_metrics.csv,AOI=AOI-00; sensor=modis; window=W2023_2024; target_year=2025,code/primary_analysis/build_canonical_nonoverlap_outputs.py,CANONICAL
multi_modis_AOI-00_W2022_2024_RMSE,multi_aoi_ols,modis,AOI-00,2025,W2022_2024,RMSE,0.0423813599278264,0.042381,counts: integer; manuscript headline RMSE/differences: 6 decimals; table values: source-derived fixed precision,results/primary/multi_aoi/multi_aoi_metrics.csv,AOI=AOI-00; sensor=modis; window=W2022_2024; target_year=2025,code/primary_analysis/build_canonical_nonoverlap_outputs.py,CANONICAL
multi_modis_AOI-00_W2022_2024_MAE,multi_aoi_ols,modis,AOI-00,2025,W2022_2024,MAE,0.0329399323498866,0.032940,counts: integer; manuscript headline RMSE/differences: 6 decimals; table values: source-derived fixed precision,results/primary/multi_aoi/multi_aoi_metrics.csv,AOI=AOI-00; sensor=modis; window=W2022_2024; target_year=2025,code/primary_analysis/build_canonical_nonoverlap_outputs.py,CANONICAL
multi_modis_AOI-00_W2022_2024_Bias,multi_aoi_ols,modis,AOI-00,2025,W2022_2024,Bias,-0.0065957525893229,-0.006596,counts: integer; manuscript headline RMSE/differences: 6 decimals; table values: source-derived fixed precision,results/primary/multi_aoi/multi_aoi_metrics.csv,AOI=AOI-00; sensor=modis; window=W2022_2024; target_year=2025,code/primary_analysis/build_canonical_nonoverlap_outputs.py,CANONICAL
multi_modis_AOI-00_W2022_2024_R2,multi_aoi_ols,modis,AOI-00,2025,W2022_2024,R2,0.811670678049817,0.811670678049817,counts: integer; manuscript headline RMSE/differences: 6 decimals; table values: source-derived fixed precision,results/primary/multi_aoi/multi_aoi_metrics.csv,AOI=AOI-00; sensor=modis; window=W2022_2024; target_year=2025,code/primary_analysis/build_canonical_nonoverlap_outputs.py,CANONICAL
multi_modis_AOI-00_W2022_2024_Pearson_r,multi_aoi_ols,modis,AOI-00,2025,W2022_2024,Pearson_r,0.903938203391462,0.903938203391462,counts: integer; manuscript headline RMSE/differences: 6 decimals; table values: source-derived fixed precision,results/primary/multi_aoi/multi_aoi_metrics.csv,AOI=AOI-00; sensor=modis; window=W2022_2024; target_year=2025,code/primary_analysis/build_canonical_nonoverlap_outputs.py,CANONICAL
multi_sentinel2_AOI-00_W2022_RMSE,multi_aoi_ols,sentinel2,AOI-00,2025,W2022,RMSE,0.0727859818139534,0.072786,counts: integer; manuscript headline RMSE/differences: 6 decimals; table values: source-derived fixed precision,results/primary/multi_aoi/multi_aoi_metrics.csv,AOI=AOI-00; sensor=sentinel2; window=W2022; target_year=2025,code/primary_analysis/build_canonical_nonoverlap_outputs.py,CANONICAL
multi_sentinel2_AOI-00_W2022_MAE,multi_aoi_ols,sentinel2,AOI-00,2025,W2022,MAE,0.0597696586373336,0.059770,counts: integer; manuscript headline RMSE/differences: 6 decimals; table values: source-derived fixed precision,results/primary/multi_aoi/multi_aoi_metrics.csv,AOI=AOI-00; sensor=sentinel2; window=W2022; target_year=2025,code/primary_analysis/build_canonical_nonoverlap_outputs.py,CANONICAL
multi_sentinel2_AOI-00_W2022_Bias,multi_aoi_ols,sentinel2,AOI-00,2025,W2022,Bias,-0.0320900111554334,-0.032090,counts: integer; manuscript headline RMSE/differences: 6 decimals; table values: source-derived fixed precision,results/primary/multi_aoi/multi_aoi_metrics.csv,AOI=AOI-00; sensor=sentinel2; window=W2022; target_year=2025,code/primary_analysis/build_canonical_nonoverlap_outputs.py,CANONICAL
multi_sentinel2_AOI-00_W2022_R2,multi_aoi_ols,sentinel2,AOI-00,2025,W2022,R2,0.4714880048218224,0.4714880048218224,counts: integer; manuscript headline RMSE/differences: 6 decimals; table values: source-derived fixed precision,results/primary/multi_aoi/multi_aoi_metrics.csv,AOI=AOI-00; sensor=sentinel2; window=W2022; target_year=2025,code/primary_analysis/build_canonical_nonoverlap_outputs.py,CANONICAL
multi_sentinel2_AOI-00_W2022_Pearson_r,multi_aoi_ols,sentinel2,AOI-00,2025,W2022,Pearson_r,0.7579114802276049,0.7579114802276049,counts: integer; manuscript headline RMSE/differences: 6 decimals; table values: source-derived fixed precision,results/primary/multi_aoi/multi_aoi_metrics.csv,AOI=AOI-00; sensor=sentinel2; window=W2022; target_year=2025,code/primary_analysis/build_canonical_nonoverlap_outputs.py,CANONICAL
multi_sentinel2_AOI-00_W2023_RMSE,multi_aoi_ols,sentinel2,AOI-00,2025,W2023,RMSE,0.0764232508466077,0.076423,counts: integer; manuscript headline RMSE/differences: 6 decimals; table values: source-derived fixed precision,results/primary/multi_aoi/multi_aoi_metrics.csv,AOI=AOI-00; sensor=sentinel2; window=W2023; target_year=2025,code/primary_analysis/build_canonical_nonoverlap_outputs.py,CANONICAL
multi_sentinel2_AOI-00_W2023_MAE,multi_aoi_ols,sentinel2,AOI-00,2025,W2023,MAE,0.0625182505991173,0.062518,counts: integer; manuscript headline RMSE/differences: 6 decimals; table values: source-derived fixed precision,results/primary/multi_aoi/multi_aoi_metrics.csv,AOI=AOI-00; sensor=sentinel2; window=W2023; target_year=2025,code/primary_analysis/build_canonical_nonoverlap_outputs.py,CANONICAL
multi_sentinel2_AOI-00_W2023_Bias,multi_aoi_ols,sentinel2,AOI-00,2025,W2023,Bias,-0.0380818853922085,-0.038082,counts: integer; manuscript headline RMSE/differences: 6 decimals; table values: source-derived fixed precision,results/primary/multi_aoi/multi_aoi_metrics.csv,AOI=AOI-00; sensor=sentinel2; window=W2023; target_year=2025,code/primary_analysis/build_canonical_nonoverlap_outputs.py,CANONICAL
multi_sentinel2_AOI-00_W2023_R2,multi_aoi_ols,sentinel2,AOI-00,2025,W2023,R2,0.4173464801933024,0.4173464801933024,counts: integer; manuscript headline RMSE/differences: 6 decimals; table values: source-derived fixed precision,results/primary/multi_aoi/multi_aoi_metrics.csv,AOI=AOI-00; sensor=sentinel2; window=W2023; target_year=2025,code/primary_analysis/build_canonical_nonoverlap_outputs.py,CANONICAL
multi_sentinel2_AOI-00_W2023_Pearson_r,multi_aoi_ols,sentinel2,AOI-00,2025,W2023,Pearson_r,0.7579801645602897,0.7579801645602897,counts: integer; manuscript headline RMSE/differences: 6 decimals; table values: source-derived fixed precision,results/primary/multi_aoi/multi_aoi_metrics.csv,AOI=AOI-00; sensor=sentinel2; window=W2023; target_year=2025,code/primary_analysis/build_canonical_nonoverlap_outputs.py,CANONICAL
multi_sentinel2_AOI-00_W2024_RMSE,multi_aoi_ols,sentinel2,AOI-00,2025,W2024,RMSE,0.0798319825140218,0.079832,counts: integer; manuscript headline RMSE/differences: 6 decimals; table values: source-derived fixed precision,results/primary/multi_aoi/multi_aoi_metrics.csv,AOI=AOI-00; sensor=sentinel2; window=W2024; target_year=2025,code/primary_analysis/build_canonical_nonoverlap_outputs.py,CANONICAL
multi_sentinel2_AOI-00_W2024_MAE,multi_aoi_ols,sentinel2,AOI-00,2025,W2024,MAE,0.0662292313325491,0.066229,counts: integer; manuscript headline RMSE/differences: 6 decimals; table values: source-derived fixed precision,results/primary/multi_aoi/multi_aoi_metrics.csv,AOI=AOI-00; sensor=sentinel2; window=W2024; target_year=2025,code/primary_analysis/build_canonical_nonoverlap_outputs.py,CANONICAL
multi_sentinel2_AOI-00_W2024_Bias,multi_aoi_ols,sentinel2,AOI-00,2025,W2024,Bias,-0.0458787664269048,-0.045879,counts: integer; manuscript headline RMSE/differences: 6 decimals; table values: source-derived fixed precision,results/primary/multi_aoi/multi_aoi_metrics.csv,AOI=AOI-00; sensor=sentinel2; window=W2024; target_year=2025,code/primary_analysis/build_canonical_nonoverlap_outputs.py,CANONICAL
multi_sentinel2_AOI-00_W2024_R2,multi_aoi_ols,sentinel2,AOI-00,2025,W2024,R2,0.364210738573093,0.364210738573093,counts: integer; manuscript headline RMSE/differences: 6 decimals; table values: source-derived fixed precision,results/primary/multi_aoi/multi_aoi_metrics.csv,AOI=AOI-00; sensor=sentinel2; window=W2024; target_year=2025,code/primary_analysis/build_canonical_nonoverlap_outputs.py,CANONICAL
multi_sentinel2_AOI-00_W2024_Pearson_r,multi_aoi_ols,sentinel2,AOI-00,2025,W2024,Pearson_r,0.7578994922621423,0.7578994922621423,counts: integer; manuscript headline RMSE/differences: 6 decimals; table values: source-derived fixed precision,results/primary/multi_aoi/multi_aoi_metrics.csv,AOI=AOI-00; sensor=sentinel2; window=W2024; target_year=2025,code/primary_analysis/build_canonical_nonoverlap_outputs.py,CANONICAL
multi_sentinel2_AOI-00_W2022_2023_RMSE,multi_aoi_ols,sentinel2,AOI-00,2025,W2022_2023,RMSE,0.0748030360390739,0.074803,counts: integer; manuscript headline RMSE/differences: 6 decimals; table values: source-derived fixed precision,results/primary/multi_aoi/multi_aoi_metrics.csv,AOI=AOI-00; sensor=sentinel2; window=W2022_2023; target_year=2025,code/primary_analysis/build_canonical_nonoverlap_outputs.py,CANONICAL
multi_sentinel2_AOI-00_W2022_2023_MAE,multi_aoi_ols,sentinel2,AOI-00,2025,W2022_2023,MAE,0.0612845656492012,0.061285,counts: integer; manuscript headline RMSE/differences: 6 decimals; table values: source-derived fixed precision,results/primary/multi_aoi/multi_aoi_metrics.csv,AOI=AOI-00; sensor=sentinel2; window=W2022_2023; target_year=2025,code/primary_analysis/build_canonical_nonoverlap_outputs.py,CANONICAL
multi_sentinel2_AOI-00_W2022_2023_Bias,multi_aoi_ols,sentinel2,AOI-00,2025,W2022_2023,Bias,-0.0355455908798914,-0.035546,counts: integer; manuscript headline RMSE/differences: 6 decimals; table values: source-derived fixed precision,results/primary/multi_aoi/multi_aoi_metrics.csv,AOI=AOI-00; sensor=sentinel2; window=W2022_2023; target_year=2025,code/primary_analysis/build_canonical_nonoverlap_outputs.py,CANONICAL
multi_sentinel2_AOI-00_W2022_2023_R2,multi_aoi_ols,sentinel2,AOI-00,2025,W2022_2023,R2,0.4417897468291138,0.4417897468291138,counts: integer; manuscript headline RMSE/differences: 6 decimals; table values: source-derived fixed precision,results/primary/multi_aoi/multi_aoi_metrics.csv,AOI=AOI-00; sensor=sentinel2; window=W2022_2023; target_year=2025,code/primary_analysis/build_canonical_nonoverlap_outputs.py,CANONICAL
multi_sentinel2_AOI-00_W2022_2023_Pearson_r,multi_aoi_ols,sentinel2,AOI-00,2025,W2022_2023,Pearson_r,0.7579687421506721,0.7579687421506721,counts: integer; manuscript headline RMSE/differences: 6 decimals; table values: source-derived fixed precision,results/primary/multi_aoi/multi_aoi_metrics.csv,AOI=AOI-00; sensor=sentinel2; window=W2022_2023; target_year=2025,code/primary_analysis/build_canonical_nonoverlap_outputs.py,CANONICAL
multi_sentinel2_AOI-00_W2023_2024_RMSE,multi_aoi_ols,sentinel2,AOI-00,2025,W2023_2024,RMSE,0.0770719252230506,0.077072,counts: integer; manuscript headline RMSE/differences: 6 decimals; table values: source-derived fixed precision,results/primary/multi_aoi/multi_aoi_metrics.csv,AOI=AOI-00; sensor=sentinel2; window=W2023_2024; target_year=2025,code/primary_analysis/build_canonical_nonoverlap_outputs.py,CANONICAL
multi_sentinel2_AOI-00_W2023_2024_MAE,multi_aoi_ols,sentinel2,AOI-00,2025,W2023_2024,MAE,0.0633704849612775,0.063370,counts: integer; manuscript headline RMSE/differences: 6 decimals; table values: source-derived fixed precision,results/primary/multi_aoi/multi_aoi_metrics.csv,AOI=AOI-00; sensor=sentinel2; window=W2023_2024; target_year=2025,code/primary_analysis/build_canonical_nonoverlap_outputs.py,CANONICAL
multi_sentinel2_AOI-00_W2023_2024_Bias,multi_aoi_ols,sentinel2,AOI-00,2025,W2023_2024,Bias,-0.0402972454217138,-0.040297,counts: integer; manuscript headline RMSE/differences: 6 decimals; table values: source-derived fixed precision,results/primary/multi_aoi/multi_aoi_metrics.csv,AOI=AOI-00; sensor=sentinel2; window=W2023_2024; target_year=2025,code/primary_analysis/build_canonical_nonoverlap_outputs.py,CANONICAL
multi_sentinel2_AOI-00_W2023_2024_R2,multi_aoi_ols,sentinel2,AOI-00,2025,W2023_2024,R2,0.4074134710845062,0.4074134710845062,counts: integer; manuscript headline RMSE/differences: 6 decimals; table values: source-derived fixed precision,results/primary/multi_aoi/multi_aoi_metrics.csv,AOI=AOI-00; sensor=sentinel2; window=W2023_2024; target_year=2025,code/primary_analysis/build_canonical_nonoverlap_outputs.py,CANONICAL
multi_sentinel2_AOI-00_W2023_2024_Pearson_r,multi_aoi_ols,sentinel2,AOI-00,2025,W2023_2024,Pearson_r,0.7579674240266432,0.7579674240266432,counts: integer; manuscript headline RMSE/differences: 6 decimals; table values: source-derived fixed precision,results/primary/multi_aoi/multi_aoi_metrics.csv,AOI=AOI-00; sensor=sentinel2; window=W2023_2024; target_year=2025,code/primary_analysis/build_canonical_nonoverlap_outputs.py,CANONICAL
multi_sentinel2_AOI-00_W2022_2024_RMSE,multi_aoi_ols,sentinel2,AOI-00,2025,W2022_2024,RMSE,0.0759227317183154,0.075923,counts: integer; manuscript headline RMSE/differences: 6 decimals; table values: source-derived fixed precision,results/primary/multi_aoi/multi_aoi_metrics.csv,AOI=AOI-00; sensor=sentinel2; window=W2022_2024; target_year=2025,code/primary_analysis/build_canonical_nonoverlap_outputs.py,CANONICAL
multi_sentinel2_AOI-00_W2022_2024_MAE,multi_aoi_ols,sentinel2,AOI-00,2025,W2022_2024,MAE,0.0624263001271205,0.062426,counts: integer; manuscript headline RMSE/differences: 6 decimals; table values: source-derived fixed precision,results/primary/multi_aoi/multi_aoi_metrics.csv,AOI=AOI-00; sensor=sentinel2; window=W2022_2024; target_year=2025,code/primary_analysis/build_canonical_nonoverlap_outputs.py,CANONICAL
multi_sentinel2_AOI-00_W2022_2024_Bias,multi_aoi_ols,sentinel2,AOI-00,2025,W2022_2024,Bias,-0.0382905963255622,-0.038291,counts: integer; manuscript headline RMSE/differences: 6 decimals; table values: source-derived fixed precision,results/primary/multi_aoi/multi_aoi_metrics.csv,AOI=AOI-00; sensor=sentinel2; window=W2022_2024; target_year=2025,code/primary_analysis/build_canonical_nonoverlap_outputs.py,CANONICAL
multi_sentinel2_AOI-00_W2022_2024_R2,multi_aoi_ols,sentinel2,AOI-00,2025,W2022_2024,R2,0.4249534386598284,0.4249534386598284,counts: integer; manuscript headline RMSE/differences: 6 decimals; table values: source-derived fixed precision,results/primary/multi_aoi/multi_aoi_metrics.csv,AOI=AOI-00; sensor=sentinel2; window=W2022_2024; target_year=2025,code/primary_analysis/build_canonical_nonoverlap_outputs.py,CANONICAL
multi_sentinel2_AOI-00_W2022_2024_Pearson_r,multi_aoi_ols,sentinel2,AOI-00,2025,W2022_2024,Pearson_r,0.7579578034819726,0.7579578034819726,counts: integer; manuscript headline RMSE/differences: 6 decimals; table values: source-derived fixed precision,results/primary/multi_aoi/multi_aoi_metrics.csv,AOI=AOI-00; sensor=sentinel2; window=W2022_2024; target_year=2025,code/primary_analysis/build_canonical_nonoverlap_outputs.py,CANONICAL
multi_landsat_AOI-01_W2022_RMSE,multi_aoi_ols,landsat,AOI-01,2025,W2022,RMSE,0.0012424284297672,0.001242,counts: integer; manuscript headline RMSE/differences: 6 decimals; table values: source-derived fixed precision,results/primary/multi_aoi/multi_aoi_metrics.csv,AOI=AOI-01; sensor=landsat; window=W2022; target_year=2025,code/primary_analysis/build_canonical_nonoverlap_outputs.py,CANONICAL
multi_landsat_AOI-01_W2022_MAE,multi_aoi_ols,landsat,AOI-01,2025,W2022,MAE,0.0005031351925982,0.000503,counts: integer; manuscript headline RMSE/differences: 6 decimals; table values: source-derived fixed precision,results/primary/multi_aoi/multi_aoi_metrics.csv,AOI=AOI-01; sensor=landsat; window=W2022; target_year=2025,code/primary_analysis/build_canonical_nonoverlap_outputs.py,CANONICAL
multi_landsat_AOI-01_W2022_Bias,multi_aoi_ols,landsat,AOI-01,2025,W2022,Bias,5.742505955217569e-05,0.000057,counts: integer; manuscript headline RMSE/differences: 6 decimals; table values: source-derived fixed precision,results/primary/multi_aoi/multi_aoi_metrics.csv,AOI=AOI-01; sensor=landsat; window=W2022; target_year=2025,code/primary_analysis/build_canonical_nonoverlap_outputs.py,CANONICAL
multi_landsat_AOI-01_W2022_R2,multi_aoi_ols,landsat,AOI-01,2025,W2022,R2,0.3999511273373355,0.3999511273373355,counts: integer; manuscript headline RMSE/differences: 6 decimals; table values: source-derived fixed precision,results/primary/multi_aoi/multi_aoi_metrics.csv,AOI=AOI-01; sensor=landsat; window=W2022; target_year=2025,code/primary_analysis/build_canonical_nonoverlap_outputs.py,CANONICAL
multi_landsat_AOI-01_W2022_Pearson_r,multi_aoi_ols,landsat,AOI-01,2025,W2022,Pearson_r,0.7203625341946122,0.7203625341946122,counts: integer; manuscript headline RMSE/differences: 6 decimals; table values: source-derived fixed precision,results/primary/multi_aoi/multi_aoi_metrics.csv,AOI=AOI-01; sensor=landsat; window=W2022; target_year=2025,code/primary_analysis/build_canonical_nonoverlap_outputs.py,CANONICAL
multi_landsat_AOI-01_W2023_RMSE,multi_aoi_ols,landsat,AOI-01,2025,W2023,RMSE,0.0012098680224037,0.001210,counts: integer; manuscript headline RMSE/differences: 6 decimals; table values: source-derived fixed precision,results/primary/multi_aoi/multi_aoi_metrics.csv,AOI=AOI-01; sensor=landsat; window=W2023; target_year=2025,code/primary_analysis/build_canonical_nonoverlap_outputs.py,CANONICAL
multi_landsat_AOI-01_W2023_MAE,multi_aoi_ols,landsat,AOI-01,2025,W2023,MAE,0.000557630174531,0.000558,counts: integer; manuscript headline RMSE/differences: 6 decimals; table values: source-derived fixed precision,results/primary/multi_aoi/multi_aoi_metrics.csv,AOI=AOI-01; sensor=landsat; window=W2023; target_year=2025,code/primary_analysis/build_canonical_nonoverlap_outputs.py,CANONICAL
multi_landsat_AOI-01_W2023_Bias,multi_aoi_ols,landsat,AOI-01,2025,W2023,Bias,0.0001593946556148,0.000159,counts: integer; manuscript headline RMSE/differences: 6 decimals; table values: source-derived fixed precision,results/primary/multi_aoi/multi_aoi_metrics.csv,AOI=AOI-01; sensor=landsat; window=W2023; target_year=2025,code/primary_analysis/build_canonical_nonoverlap_outputs.py,CANONICAL
multi_landsat_AOI-01_W2023_R2,multi_aoi_ols,landsat,AOI-01,2025,W2023,R2,0.4309900517005192,0.4309900517005192,counts: integer; manuscript headline RMSE/differences: 6 decimals; table values: source-derived fixed precision,results/primary/multi_aoi/multi_aoi_metrics.csv,AOI=AOI-01; sensor=landsat; window=W2023; target_year=2025,code/primary_analysis/build_canonical_nonoverlap_outputs.py,CANONICAL
multi_landsat_AOI-01_W2023_Pearson_r,multi_aoi_ols,landsat,AOI-01,2025,W2023,Pearson_r,0.7134506875280094,0.7134506875280094,counts: integer; manuscript headline RMSE/differences: 6 decimals; table values: source-derived fixed precision,results/primary/multi_aoi/multi_aoi_metrics.csv,AOI=AOI-01; sensor=landsat; window=W2023; target_year=2025,code/primary_analysis/build_canonical_nonoverlap_outputs.py,CANONICAL
multi_landsat_AOI-01_W2024_RMSE,multi_aoi_ols,landsat,AOI-01,2025,W2024,RMSE,0.0012350993319251,0.001235,counts: integer; manuscript headline RMSE/differences: 6 decimals; table values: source-derived fixed precision,results/primary/multi_aoi/multi_aoi_metrics.csv,AOI=AOI-01; sensor=landsat; window=W2024; target_year=2025,code/primary_analysis/build_canonical_nonoverlap_outputs.py,CANONICAL
multi_landsat_AOI-01_W2024_MAE,multi_aoi_ols,landsat,AOI-01,2025,W2024,MAE,0.0005652125927523,0.000565,counts: integer; manuscript headline RMSE/differences: 6 decimals; table values: source-derived fixed precision,results/primary/multi_aoi/multi_aoi_metrics.csv,AOI=AOI-01; sensor=landsat; window=W2024; target_year=2025,code/primary_analysis/build_canonical_nonoverlap_outputs.py,CANONICAL
multi_landsat_AOI-01_W2024_Bias,multi_aoi_ols,landsat,AOI-01,2025,W2024,Bias,0.0001485423577904,0.000149,counts: integer; manuscript headline RMSE/differences: 6 decimals; table values: source-derived fixed precision,results/primary/multi_aoi/multi_aoi_metrics.csv,AOI=AOI-01; sensor=landsat; window=W2024; target_year=2025,code/primary_analysis/build_canonical_nonoverlap_outputs.py,CANONICAL
multi_landsat_AOI-01_W2024_R2,multi_aoi_ols,landsat,AOI-01,2025,W2024,R2,0.4070096353521019,0.4070096353521019,counts: integer; manuscript headline RMSE/differences: 6 decimals; table values: source-derived fixed precision,results/primary/multi_aoi/multi_aoi_metrics.csv,AOI=AOI-01; sensor=landsat; window=W2024; target_year=2025,code/primary_analysis/build_canonical_nonoverlap_outputs.py,CANONICAL
multi_landsat_AOI-01_W2024_Pearson_r,multi_aoi_ols,landsat,AOI-01,2025,W2024,Pearson_r,0.7054465839794869,0.7054465839794869,counts: integer; manuscript headline RMSE/differences: 6 decimals; table values: source-derived fixed precision,results/primary/multi_aoi/multi_aoi_metrics.csv,AOI=AOI-01; sensor=landsat; window=W2024; target_year=2025,code/primary_analysis/build_canonical_nonoverlap_outputs.py,CANONICAL
multi_landsat_AOI-01_W2022_2023_RMSE,multi_aoi_ols,landsat,AOI-01,2025,W2022_2023,RMSE,0.0012197323830697,0.001220,counts: integer; manuscript headline RMSE/differences: 6 decimals; table values: source-derived fixed precision,results/primary/multi_aoi/multi_aoi_metrics.csv,AOI=AOI-01; sensor=landsat; window=W2022_2023; target_year=2025,code/primary_analysis/build_canonical_nonoverlap_outputs.py,CANONICAL
multi_landsat_AOI-01_W2022_2023_MAE,multi_aoi_ols,landsat,AOI-01,2025,W2022_2023,MAE,0.0005359453060655,0.000536,counts: integer; manuscript headline RMSE/differences: 6 decimals; table values: source-derived fixed precision,results/primary/multi_aoi/multi_aoi_metrics.csv,AOI=AOI-01; sensor=landsat; window=W2022_2023; target_year=2025,code/primary_analysis/build_canonical_nonoverlap_outputs.py,CANONICAL
multi_landsat_AOI-01_W2022_2023_Bias,multi_aoi_ols,landsat,AOI-01,2025,W2022_2023,Bias,0.000119446646195,0.000119,counts: integer; manuscript headline RMSE/differences: 6 decimals; table values: source-derived fixed precision,results/primary/multi_aoi/multi_aoi_metrics.csv,AOI=AOI-01; sensor=landsat; window=W2022_2023; target_year=2025,code/primary_analysis/build_canonical_nonoverlap_outputs.py,CANONICAL
multi_landsat_AOI-01_W2022_2023_R2,multi_aoi_ols,landsat,AOI-01,2025,W2022_2023,R2,0.421673661771451,0.421673661771451,counts: integer; manuscript headline RMSE/differences: 6 decimals; table values: source-derived fixed precision,results/primary/multi_aoi/multi_aoi_metrics.csv,AOI=AOI-01; sensor=landsat; window=W2022_2023; target_year=2025,code/primary_analysis/build_canonical_nonoverlap_outputs.py,CANONICAL
multi_landsat_AOI-01_W2022_2023_Pearson_r,multi_aoi_ols,landsat,AOI-01,2025,W2022_2023,Pearson_r,0.7160638775658889,0.7160638775658889,counts: integer; manuscript headline RMSE/differences: 6 decimals; table values: source-derived fixed precision,results/primary/multi_aoi/multi_aoi_metrics.csv,AOI=AOI-01; sensor=landsat; window=W2022_2023; target_year=2025,code/primary_analysis/build_canonical_nonoverlap_outputs.py,CANONICAL
multi_landsat_AOI-01_W2023_2024_RMSE,multi_aoi_ols,landsat,AOI-01,2025,W2023_2024,RMSE,0.0012197222847369,0.001220,counts: integer; manuscript headline RMSE/differences: 6 decimals; table values: source-derived fixed precision,results/primary/multi_aoi/multi_aoi_metrics.csv,AOI=AOI-01; sensor=landsat; window=W2023_2024; target_year=2025,code/primary_analysis/build_canonical_nonoverlap_outputs.py,CANONICAL
multi_landsat_AOI-01_W2023_2024_MAE,multi_aoi_ols,landsat,AOI-01,2025,W2023_2024,MAE,0.0005606587153263,0.000561,counts: integer; manuscript headline RMSE/differences: 6 decimals; table values: source-derived fixed precision,results/primary/multi_aoi/multi_aoi_metrics.csv,AOI=AOI-01; sensor=landsat; window=W2023_2024; target_year=2025,code/primary_analysis/build_canonical_nonoverlap_outputs.py,CANONICAL
multi_landsat_AOI-01_W2023_2024_Bias,multi_aoi_ols,landsat,AOI-01,2025,W2023_2024,Bias,0.000155080683469,0.000155,counts: integer; manuscript headline RMSE/differences: 6 decimals; table values: source-derived fixed precision,results/primary/multi_aoi/multi_aoi_metrics.csv,AOI=AOI-01; sensor=landsat; window=W2023_2024; target_year=2025,code/primary_analysis/build_canonical_nonoverlap_outputs.py,CANONICAL
multi_landsat_AOI-01_W2023_2024_R2,multi_aoi_ols,landsat,AOI-01,2025,W2023_2024,R2,0.4216832378190176,0.4216832378190176,counts: integer; manuscript headline RMSE/differences: 6 decimals; table values: source-derived fixed precision,results/primary/multi_aoi/multi_aoi_metrics.csv,AOI=AOI-01; sensor=landsat; window=W2023_2024; target_year=2025,code/primary_analysis/build_canonical_nonoverlap_outputs.py,CANONICAL
multi_landsat_AOI-01_W2023_2024_Pearson_r,multi_aoi_ols,landsat,AOI-01,2025,W2023_2024,Pearson_r,0.7103775184797825,0.7103775184797825,counts: integer; manuscript headline RMSE/differences: 6 decimals; table values: source-derived fixed precision,results/primary/multi_aoi/multi_aoi_metrics.csv,AOI=AOI-01; sensor=landsat; window=W2023_2024; target_year=2025,code/primary_analysis/build_canonical_nonoverlap_outputs.py,CANONICAL
multi_landsat_AOI-01_W2022_2024_RMSE,multi_aoi_ols,landsat,AOI-01,2025,W2022_2024,RMSE,0.0012242071713751,0.001224,counts: integer; manuscript headline RMSE/differences: 6 decimals; table values: source-derived fixed precision,results/primary/multi_aoi/multi_aoi_metrics.csv,AOI=AOI-01; sensor=landsat; window=W2022_2024; target_year=2025,code/primary_analysis/build_canonical_nonoverlap_outputs.py,CANONICAL
multi_landsat_AOI-01_W2022_2024_MAE,multi_aoi_ols,landsat,AOI-01,2025,W2022_2024,MAE,0.0005445588729091,0.000545,counts: integer; manuscript headline RMSE/differences: 6 decimals; table values: source-derived fixed precision,results/primary/multi_aoi/multi_aoi_metrics.csv,AOI=AOI-01; sensor=landsat; window=W2022_2024; target_year=2025,code/primary_analysis/build_canonical_nonoverlap_outputs.py,CANONICAL
multi_landsat_AOI-01_W2022_2024_Bias,multi_aoi_ols,landsat,AOI-01,2025,W2022_2024,Bias,0.0001280504410593,0.000128,counts: integer; manuscript headline RMSE/differences: 6 decimals; table values: source-derived fixed precision,results/primary/multi_aoi/multi_aoi_metrics.csv,AOI=AOI-01; sensor=landsat; window=W2022_2024; target_year=2025,code/primary_analysis/build_canonical_nonoverlap_outputs.py,CANONICAL
multi_landsat_AOI-01_W2022_2024_R2,multi_aoi_ols,landsat,AOI-01,2025,W2022_2024,R2,0.4174225079664491,0.4174225079664491,counts: integer; manuscript headline RMSE/differences: 6 decimals; table values: source-derived fixed precision,results/primary/multi_aoi/multi_aoi_metrics.csv,AOI=AOI-01; sensor=landsat; window=W2022_2024; target_year=2025,code/primary_analysis/build_canonical_nonoverlap_outputs.py,CANONICAL
multi_landsat_AOI-01_W2022_2024_Pearson_r,multi_aoi_ols,landsat,AOI-01,2025,W2022_2024,Pearson_r,0.712916071686131,0.712916071686131,counts: integer; manuscript headline RMSE/differences: 6 decimals; table values: source-derived fixed precision,results/primary/multi_aoi/multi_aoi_metrics.csv,AOI=AOI-01; sensor=landsat; window=W2022_2024; target_year=2025,code/primary_analysis/build_canonical_nonoverlap_outputs.py,CANONICAL
multi_modis_AOI-01_W2022_RMSE,multi_aoi_ols,modis,AOI-01,2025,W2022,RMSE,0.0014037569395782,0.001404,counts: integer; manuscript headline RMSE/differences: 6 decimals; table values: source-derived fixed precision,results/primary/multi_aoi/multi_aoi_metrics.csv,AOI=AOI-01; sensor=modis; window=W2022; target_year=2025,code/primary_analysis/build_canonical_nonoverlap_outputs.py,CANONICAL
multi_modis_AOI-01_W2022_MAE,multi_aoi_ols,modis,AOI-01,2025,W2022,MAE,0.0005410276030743,0.000541,counts: integer; manuscript headline RMSE/differences: 6 decimals; table values: source-derived fixed precision,results/primary/multi_aoi/multi_aoi_metrics.csv,AOI=AOI-01; sensor=modis; window=W2022; target_year=2025,code/primary_analysis/build_canonical_nonoverlap_outputs.py,CANONICAL
multi_modis_AOI-01_W2022_Bias,multi_aoi_ols,modis,AOI-01,2025,W2022,Bias,9.589164980583136e-05,0.000096,counts: integer; manuscript headline RMSE/differences: 6 decimals; table values: source-derived fixed precision,results/primary/multi_aoi/multi_aoi_metrics.csv,AOI=AOI-01; sensor=modis; window=W2022; target_year=2025,code/primary_analysis/build_canonical_nonoverlap_outputs.py,CANONICAL
multi_modis_AOI-01_W2022_R2,multi_aoi_ols,modis,AOI-01,2025,W2022,R2,0.3407307982564471,0.3407307982564471,counts: integer; manuscript headline RMSE/differences: 6 decimals; table values: source-derived fixed precision,results/primary/multi_aoi/multi_aoi_metrics.csv,AOI=AOI-01; sensor=modis; window=W2022; target_year=2025,code/primary_analysis/build_canonical_nonoverlap_outputs.py,CANONICAL
multi_modis_AOI-01_W2022_Pearson_r,multi_aoi_ols,modis,AOI-01,2025,W2022,Pearson_r,0.6654250687974319,0.6654250687974319,counts: integer; manuscript headline RMSE/differences: 6 decimals; table values: source-derived fixed precision,results/primary/multi_aoi/multi_aoi_metrics.csv,AOI=AOI-01; sensor=modis; window=W2022; target_year=2025,code/primary_analysis/build_canonical_nonoverlap_outputs.py,CANONICAL
multi_modis_AOI-01_W2023_RMSE,multi_aoi_ols,modis,AOI-01,2025,W2023,RMSE,0.0014088676538546,0.001409,counts: integer; manuscript headline RMSE/differences: 6 decimals; table values: source-derived fixed precision,results/primary/multi_aoi/multi_aoi_metrics.csv,AOI=AOI-01; sensor=modis; window=W2023; target_year=2025,code/primary_analysis/build_canonical_nonoverlap_outputs.py,CANONICAL
multi_modis_AOI-01_W2023_MAE,multi_aoi_ols,modis,AOI-01,2025,W2023,MAE,0.0004990877590444,0.000499,counts: integer; manuscript headline RMSE/differences: 6 decimals; table values: source-derived fixed precision,results/primary/multi_aoi/multi_aoi_metrics.csv,AOI=AOI-01; sensor=modis; window=W2023; target_year=2025,code/primary_analysis/build_canonical_nonoverlap_outputs.py,CANONICAL
multi_modis_AOI-01_W2023_Bias,multi_aoi_ols,modis,AOI-01,2025,W2023,Bias,3.539408937355919e-05,0.000035,counts: integer; manuscript headline RMSE/differences: 6 decimals; table values: source-derived fixed precision,results/primary/multi_aoi/multi_aoi_metrics.csv,AOI=AOI-01; sensor=modis; window=W2023; target_year=2025,code/primary_analysis/build_canonical_nonoverlap_outputs.py,CANONICAL
multi_modis_AOI-01_W2023_R2,multi_aoi_ols,modis,AOI-01,2025,W2023,R2,0.3359216039213991,0.3359216039213991,counts: integer; manuscript headline RMSE/differences: 6 decimals; table values: source-derived fixed precision,results/primary/multi_aoi/multi_aoi_metrics.csv,AOI=AOI-01; sensor=modis; window=W2023; target_year=2025,code/primary_analysis/build_canonical_nonoverlap_outputs.py,CANONICAL
multi_modis_AOI-01_W2023_Pearson_r,multi_aoi_ols,modis,AOI-01,2025,W2023,Pearson_r,0.6796639317879669,0.6796639317879669,counts: integer; manuscript headline RMSE/differences: 6 decimals; table values: source-derived fixed precision,results/primary/multi_aoi/multi_aoi_metrics.csv,AOI=AOI-01; sensor=modis; window=W2023; target_year=2025,code/primary_analysis/build_canonical_nonoverlap_outputs.py,CANONICAL
multi_modis_AOI-01_W2024_RMSE,multi_aoi_ols,modis,AOI-01,2025,W2024,RMSE,0.0015115023429366,0.001512,counts: integer; manuscript headline RMSE/differences: 6 decimals; table values: source-derived fixed precision,results/primary/multi_aoi/multi_aoi_metrics.csv,AOI=AOI-01; sensor=modis; window=W2024; target_year=2025,code/primary_analysis/build_canonical_nonoverlap_outputs.py,CANONICAL
multi_modis_AOI-01_W2024_MAE,multi_aoi_ols,modis,AOI-01,2025,W2024,MAE,0.0004756763433514,0.000476,counts: integer; manuscript headline RMSE/differences: 6 decimals; table values: source-derived fixed precision,results/primary/multi_aoi/multi_aoi_metrics.csv,AOI=AOI-01; sensor=modis; window=W2024; target_year=2025,code/primary_analysis/build_canonical_nonoverlap_outputs.py,CANONICAL
multi_modis_AOI-01_W2024_Bias,multi_aoi_ols,modis,AOI-01,2025,W2024,Bias,-6.218584233705868e-05,-0.000062,counts: integer; manuscript headline RMSE/differences: 6 decimals; table values: source-derived fixed precision,results/primary/multi_aoi/multi_aoi_metrics.csv,AOI=AOI-01; sensor=modis; window=W2024; target_year=2025,code/primary_analysis/build_canonical_nonoverlap_outputs.py,CANONICAL
multi_modis_AOI-01_W2024_R2,multi_aoi_ols,modis,AOI-01,2025,W2024,R2,0.2356423707434934,0.2356423707434934,counts: integer; manuscript headline RMSE/differences: 6 decimals; table values: source-derived fixed precision,results/primary/multi_aoi/multi_aoi_metrics.csv,AOI=AOI-01; sensor=modis; window=W2024; target_year=2025,code/primary_analysis/build_canonical_nonoverlap_outputs.py,CANONICAL
multi_modis_AOI-01_W2024_Pearson_r,multi_aoi_ols,modis,AOI-01,2025,W2024,Pearson_r,0.6575709350028794,0.6575709350028794,counts: integer; manuscript headline RMSE/differences: 6 decimals; table values: source-derived fixed precision,results/primary/multi_aoi/multi_aoi_metrics.csv,AOI=AOI-01; sensor=modis; window=W2024; target_year=2025,code/primary_analysis/build_canonical_nonoverlap_outputs.py,CANONICAL
multi_modis_AOI-01_W2022_2023_RMSE,multi_aoi_ols,modis,AOI-01,2025,W2022_2023,RMSE,0.0014073432227546,0.001407,counts: integer; manuscript headline RMSE/differences: 6 decimals; table values: source-derived fixed precision,results/primary/multi_aoi/multi_aoi_metrics.csv,AOI=AOI-01; sensor=modis; window=W2022_2023; target_year=2025,code/primary_analysis/build_canonical_nonoverlap_outputs.py,CANONICAL
multi_modis_AOI-01_W2022_2023_MAE,multi_aoi_ols,modis,AOI-01,2025,W2022_2023,MAE,0.0005183907871877,0.000518,counts: integer; manuscript headline RMSE/differences: 6 decimals; table values: source-derived fixed precision,results/primary/multi_aoi/multi_aoi_metrics.csv,AOI=AOI-01; sensor=modis; window=W2022_2023; target_year=2025,code/primary_analysis/build_canonical_nonoverlap_outputs.py,CANONICAL
multi_modis_AOI-01_W2022_2023_Bias,multi_aoi_ols,modis,AOI-01,2025,W2022_2023,Bias,6.230365546306616e-05,0.000062,counts: integer; manuscript headline RMSE/differences: 6 decimals; table values: source-derived fixed precision,results/primary/multi_aoi/multi_aoi_metrics.csv,AOI=AOI-01; sensor=modis; window=W2022_2023; target_year=2025,code/primary_analysis/build_canonical_nonoverlap_outputs.py,CANONICAL
multi_modis_AOI-01_W2022_2023_R2,multi_aoi_ols,modis,AOI-01,2025,W2022_2023,R2,0.3373579263000901,0.3373579263000901,counts: integer; manuscript headline RMSE/differences: 6 decimals; table values: source-derived fixed precision,results/primary/multi_aoi/multi_aoi_metrics.csv,AOI=AOI-01; sensor=modis; window=W2022_2023; target_year=2025,code/primary_analysis/build_canonical_nonoverlap_outputs.py,CANONICAL
multi_modis_AOI-01_W2022_2023_Pearson_r,multi_aoi_ols,modis,AOI-01,2025,W2022_2023,Pearson_r,0.6722940262195224,0.6722940262195224,counts: integer; manuscript headline RMSE/differences: 6 decimals; table values: source-derived fixed precision,results/primary/multi_aoi/multi_aoi_metrics.csv,AOI=AOI-01; sensor=modis; window=W2022_2023; target_year=2025,code/primary_analysis/build_canonical_nonoverlap_outputs.py,CANONICAL
multi_modis_AOI-01_W2023_2024_RMSE,multi_aoi_ols,modis,AOI-01,2025,W2023_2024,RMSE,0.0014605660351389,0.001461,counts: integer; manuscript headline RMSE/differences: 6 decimals; table values: source-derived fixed precision,results/primary/multi_aoi/multi_aoi_metrics.csv,AOI=AOI-01; sensor=modis; window=W2023_2024; target_year=2025,code/primary_analysis/build_canonical_nonoverlap_outputs.py,CANONICAL
multi_modis_AOI-01_W2023_2024_MAE,multi_aoi_ols,modis,AOI-01,2025,W2023_2024,MAE,0.0004862206811799,0.000486,counts: integer; manuscript headline RMSE/differences: 6 decimals; table values: source-derived fixed precision,results/primary/multi_aoi/multi_aoi_metrics.csv,AOI=AOI-01; sensor=modis; window=W2023_2024; target_year=2025,code/primary_analysis/build_canonical_nonoverlap_outputs.py,CANONICAL
multi_modis_AOI-01_W2023_2024_Bias,multi_aoi_ols,modis,AOI-01,2025,W2023_2024,Bias,-1.6969499692965838e-05,-0.000017,counts: integer; manuscript headline RMSE/differences: 6 decimals; table values: source-derived fixed precision,results/primary/multi_aoi/multi_aoi_metrics.csv,AOI=AOI-01; sensor=modis; window=W2023_2024; target_year=2025,code/primary_analysis/build_canonical_nonoverlap_outputs.py,CANONICAL
multi_modis_AOI-01_W2023_2024_R2,multi_aoi_ols,modis,AOI-01,2025,W2023_2024,R2,0.2862907104643526,0.2862907104643526,counts: integer; manuscript headline RMSE/differences: 6 decimals; table values: source-derived fixed precision,results/primary/multi_aoi/multi_aoi_metrics.csv,AOI=AOI-01; sensor=modis; window=W2023_2024; target_year=2025,code/primary_analysis/build_canonical_nonoverlap_outputs.py,CANONICAL
multi_modis_AOI-01_W2023_2024_Pearson_r,multi_aoi_ols,modis,AOI-01,2025,W2023_2024,Pearson_r,0.6699813784261468,0.6699813784261468,counts: integer; manuscript headline RMSE/differences: 6 decimals; table values: source-derived fixed precision,results/primary/multi_aoi/multi_aoi_metrics.csv,AOI=AOI-01; sensor=modis; window=W2023_2024; target_year=2025,code/primary_analysis/build_canonical_nonoverlap_outputs.py,CANONICAL
multi_modis_AOI-01_W2022_2024_RMSE,multi_aoi_ols,modis,AOI-01,2025,W2022_2024,RMSE,0.0014436509254424,0.001444,counts: integer; manuscript headline RMSE/differences: 6 decimals; table values: source-derived fixed precision,results/primary/multi_aoi/multi_aoi_metrics.csv,AOI=AOI-01; sensor=modis; window=W2022_2024; target_year=2025,code/primary_analysis/build_canonical_nonoverlap_outputs.py,CANONICAL
multi_modis_AOI-01_W2022_2024_MAE,multi_aoi_ols,modis,AOI-01,2025,W2022_2024,MAE,0.0004999696919478,0.000500,counts: integer; manuscript headline RMSE/differences: 6 decimals; table values: source-derived fixed precision,results/primary/multi_aoi/multi_aoi_metrics.csv,AOI=AOI-01; sensor=modis; window=W2022_2024; target_year=2025,code/primary_analysis/build_canonical_nonoverlap_outputs.py,CANONICAL
multi_modis_AOI-01_W2022_2024_Bias,multi_aoi_ols,modis,AOI-01,2025,W2022_2024,Bias,1.1816095187176434e-05,0.000012,counts: integer; manuscript headline RMSE/differences: 6 decimals; table values: source-derived fixed precision,results/primary/multi_aoi/multi_aoi_metrics.csv,AOI=AOI-01; sensor=modis; window=W2022_2024; target_year=2025,code/primary_analysis/build_canonical_nonoverlap_outputs.py,CANONICAL
multi_modis_AOI-01_W2022_2024_R2,multi_aoi_ols,modis,AOI-01,2025,W2022_2024,R2,0.3027262070806158,0.3027262070806158,counts: integer; manuscript headline RMSE/differences: 6 decimals; table values: source-derived fixed precision,results/primary/multi_aoi/multi_aoi_metrics.csv,AOI=AOI-01; sensor=modis; window=W2022_2024; target_year=2025,code/primary_analysis/build_canonical_nonoverlap_outputs.py,CANONICAL
multi_modis_AOI-01_W2022_2024_Pearson_r,multi_aoi_ols,modis,AOI-01,2025,W2022_2024,Pearson_r,0.6687899265588954,0.6687899265588954,counts: integer; manuscript headline RMSE/differences: 6 decimals; table values: source-derived fixed precision,results/primary/multi_aoi/multi_aoi_metrics.csv,AOI=AOI-01; sensor=modis; window=W2022_2024; target_year=2025,code/primary_analysis/build_canonical_nonoverlap_outputs.py,CANONICAL
multi_sentinel2_AOI-01_W2022_RMSE,multi_aoi_ols,sentinel2,AOI-01,2025,W2022,RMSE,0.0013356244417826,0.001336,counts: integer; manuscript headline RMSE/differences: 6 decimals; table values: source-derived fixed precision,results/primary/multi_aoi/multi_aoi_metrics.csv,AOI=AOI-01; sensor=sentinel2; window=W2022; target_year=2025,code/primary_analysis/build_canonical_nonoverlap_outputs.py,CANONICAL
multi_sentinel2_AOI-01_W2022_MAE,multi_aoi_ols,sentinel2,AOI-01,2025,W2022,MAE,0.0002990082224308,0.000299,counts: integer; manuscript headline RMSE/differences: 6 decimals; table values: source-derived fixed precision,results/primary/multi_aoi/multi_aoi_metrics.csv,AOI=AOI-01; sensor=sentinel2; window=W2022; target_year=2025,code/primary_analysis/build_canonical_nonoverlap_outputs.py,CANONICAL
multi_sentinel2_AOI-01_W2022_Bias,multi_aoi_ols,sentinel2,AOI-01,2025,W2022,Bias,-0.0002150939735895,-0.000215,counts: integer; manuscript headline RMSE/differences: 6 decimals; table values: source-derived fixed precision,results/primary/multi_aoi/multi_aoi_metrics.csv,AOI=AOI-01; sensor=sentinel2; window=W2022; target_year=2025,code/primary_analysis/build_canonical_nonoverlap_outputs.py,CANONICAL
multi_sentinel2_AOI-01_W2022_R2,multi_aoi_ols,sentinel2,AOI-01,2025,W2022,R2,0.4012298254677032,0.4012298254677032,counts: integer; manuscript headline RMSE/differences: 6 decimals; table values: source-derived fixed precision,results/primary/multi_aoi/multi_aoi_metrics.csv,AOI=AOI-01; sensor=sentinel2; window=W2022; target_year=2025,code/primary_analysis/build_canonical_nonoverlap_outputs.py,CANONICAL
multi_sentinel2_AOI-01_W2022_Pearson_r,multi_aoi_ols,sentinel2,AOI-01,2025,W2022,Pearson_r,0.8399322368496508,0.8399322368496508,counts: integer; manuscript headline RMSE/differences: 6 decimals; table values: source-derived fixed precision,results/primary/multi_aoi/multi_aoi_metrics.csv,AOI=AOI-01; sensor=sentinel2; window=W2022; target_year=2025,code/primary_analysis/build_canonical_nonoverlap_outputs.py,CANONICAL
multi_sentinel2_AOI-01_W2023_RMSE,multi_aoi_ols,sentinel2,AOI-01,2025,W2023,RMSE,0.0013354750127916,0.001335,counts: integer; manuscript headline RMSE/differences: 6 decimals; table values: source-derived fixed precision,results/primary/multi_aoi/multi_aoi_metrics.csv,AOI=AOI-01; sensor=sentinel2; window=W2023; target_year=2025,code/primary_analysis/build_canonical_nonoverlap_outputs.py,CANONICAL
multi_sentinel2_AOI-01_W2023_MAE,multi_aoi_ols,sentinel2,AOI-01,2025,W2023,MAE,0.0002968420766248,0.000297,counts: integer; manuscript headline RMSE/differences: 6 decimals; table values: source-derived fixed precision,results/primary/multi_aoi/multi_aoi_metrics.csv,AOI=AOI-01; sensor=sentinel2; window=W2023; target_year=2025,code/primary_analysis/build_canonical_nonoverlap_outputs.py,CANONICAL
multi_sentinel2_AOI-01_W2023_Bias,multi_aoi_ols,sentinel2,AOI-01,2025,W2023,Bias,-0.0002184730476986,-0.000218,counts: integer; manuscript headline RMSE/differences: 6 decimals; table values: source-derived fixed precision,results/primary/multi_aoi/multi_aoi_metrics.csv,AOI=AOI-01; sensor=sentinel2; window=W2023; target_year=2025,code/primary_analysis/build_canonical_nonoverlap_outputs.py,CANONICAL
multi_sentinel2_AOI-01_W2023_R2,multi_aoi_ols,sentinel2,AOI-01,2025,W2023,R2,0.4013637981850003,0.4013637981850003,counts: integer; manuscript headline RMSE/differences: 6 decimals; table values: source-derived fixed precision,results/primary/multi_aoi/multi_aoi_metrics.csv,AOI=AOI-01; sensor=sentinel2; window=W2023; target_year=2025,code/primary_analysis/build_canonical_nonoverlap_outputs.py,CANONICAL
multi_sentinel2_AOI-01_W2023_Pearson_r,multi_aoi_ols,sentinel2,AOI-01,2025,W2023,Pearson_r,0.8398846313982713,0.8398846313982713,counts: integer; manuscript headline RMSE/differences: 6 decimals; table values: source-derived fixed precision,results/primary/multi_aoi/multi_aoi_metrics.csv,AOI=AOI-01; sensor=sentinel2; window=W2023; target_year=2025,code/primary_analysis/build_canonical_nonoverlap_outputs.py,CANONICAL
multi_sentinel2_AOI-01_W2024_RMSE,multi_aoi_ols,sentinel2,AOI-01,2025,W2024,RMSE,0.0014091877610971,0.001409,counts: integer; manuscript headline RMSE/differences: 6 decimals; table values: source-derived fixed precision,results/primary/multi_aoi/multi_aoi_metrics.csv,AOI=AOI-01; sensor=sentinel2; window=W2024; target_year=2025,code/primary_analysis/build_canonical_nonoverlap_outputs.py,CANONICAL
multi_sentinel2_AOI-01_W2024_MAE,multi_aoi_ols,sentinel2,AOI-01,2025,W2024,MAE,0.0003313765039227,0.000331,counts: integer; manuscript headline RMSE/differences: 6 decimals; table values: source-derived fixed precision,results/primary/multi_aoi/multi_aoi_metrics.csv,AOI=AOI-01; sensor=sentinel2; window=W2024; target_year=2025,code/primary_analysis/build_canonical_nonoverlap_outputs.py,CANONICAL
multi_sentinel2_AOI-01_W2024_Bias,multi_aoi_ols,sentinel2,AOI-01,2025,W2024,Bias,-0.0001974692435317,-0.000197,counts: integer; manuscript headline RMSE/differences: 6 decimals; table values: source-derived fixed precision,results/primary/multi_aoi/multi_aoi_metrics.csv,AOI=AOI-01; sensor=sentinel2; window=W2024; target_year=2025,code/primary_analysis/build_canonical_nonoverlap_outputs.py,CANONICAL
multi_sentinel2_AOI-01_W2024_R2,multi_aoi_ols,sentinel2,AOI-01,2025,W2024,R2,0.3334554699433572,0.3334554699433572,counts: integer; manuscript headline RMSE/differences: 6 decimals; table values: source-derived fixed precision,results/primary/multi_aoi/multi_aoi_metrics.csv,AOI=AOI-01; sensor=sentinel2; window=W2024; target_year=2025,code/primary_analysis/build_canonical_nonoverlap_outputs.py,CANONICAL
multi_sentinel2_AOI-01_W2024_Pearson_r,multi_aoi_ols,sentinel2,AOI-01,2025,W2024,Pearson_r,0.82993450311845,0.82993450311845,counts: integer; manuscript headline RMSE/differences: 6 decimals; table values: source-derived fixed precision,results/primary/multi_aoi/multi_aoi_metrics.csv,AOI=AOI-01; sensor=sentinel2; window=W2024; target_year=2025,code/primary_analysis/build_canonical_nonoverlap_outputs.py,CANONICAL
multi_sentinel2_AOI-01_W2022_2023_RMSE,multi_aoi_ols,sentinel2,AOI-01,2025,W2022_2023,RMSE,0.001335780547216,0.001336,counts: integer; manuscript headline RMSE/differences: 6 decimals; table values: source-derived fixed precision,results/primary/multi_aoi/multi_aoi_metrics.csv,AOI=AOI-01; sensor=sentinel2; window=W2022_2023; target_year=2025,code/primary_analysis/build_canonical_nonoverlap_outputs.py,CANONICAL
multi_sentinel2_AOI-01_W2022_2023_MAE,multi_aoi_ols,sentinel2,AOI-01,2025,W2022_2023,MAE,0.0002980362334368,0.000298,counts: integer; manuscript headline RMSE/differences: 6 decimals; table values: source-derived fixed precision,results/primary/multi_aoi/multi_aoi_metrics.csv,AOI=AOI-01; sensor=sentinel2; window=W2022_2023; target_year=2025,code/primary_analysis/build_canonical_nonoverlap_outputs.py,CANONICAL
multi_sentinel2_AOI-01_W2022_2023_Bias,multi_aoi_ols,sentinel2,AOI-01,2025,W2022_2023,Bias,-0.000216685036802,-0.000217,counts: integer; manuscript headline RMSE/differences: 6 decimals; table values: source-derived fixed precision,results/primary/multi_aoi/multi_aoi_metrics.csv,AOI=AOI-01; sensor=sentinel2; window=W2022_2023; target_year=2025,code/primary_analysis/build_canonical_nonoverlap_outputs.py,CANONICAL
multi_sentinel2_AOI-01_W2022_2023_R2,multi_aoi_ols,sentinel2,AOI-01,2025,W2022_2023,R2,0.4010898508804336,0.4010898508804336,counts: integer; manuscript headline RMSE/differences: 6 decimals; table values: source-derived fixed precision,results/primary/multi_aoi/multi_aoi_metrics.csv,AOI=AOI-01; sensor=sentinel2; window=W2022_2023; target_year=2025,code/primary_analysis/build_canonical_nonoverlap_outputs.py,CANONICAL
multi_sentinel2_AOI-01_W2022_2023_Pearson_r,multi_aoi_ols,sentinel2,AOI-01,2025,W2022_2023,Pearson_r,0.8399310431333413,0.8399310431333413,counts: integer; manuscript headline RMSE/differences: 6 decimals; table values: source-derived fixed precision,results/primary/multi_aoi/multi_aoi_metrics.csv,AOI=AOI-01; sensor=sentinel2; window=W2022_2023; target_year=2025,code/primary_analysis/build_canonical_nonoverlap_outputs.py,CANONICAL
multi_sentinel2_AOI-01_W2023_2024_RMSE,multi_aoi_ols,sentinel2,AOI-01,2025,W2023_2024,RMSE,0.0013822239014969,0.001382,counts: integer; manuscript headline RMSE/differences: 6 decimals; table values: source-derived fixed precision,results/primary/multi_aoi/multi_aoi_metrics.csv,AOI=AOI-01; sensor=sentinel2; window=W2023_2024; target_year=2025,code/primary_analysis/build_canonical_nonoverlap_outputs.py,CANONICAL
multi_sentinel2_AOI-01_W2023_2024_MAE,multi_aoi_ols,sentinel2,AOI-01,2025,W2023_2024,MAE,0.0003160442621861,0.000316,counts: integer; manuscript headline RMSE/differences: 6 decimals; table values: source-derived fixed precision,results/primary/multi_aoi/multi_aoi_metrics.csv,AOI=AOI-01; sensor=sentinel2; window=W2023_2024; target_year=2025,code/primary_analysis/build_canonical_nonoverlap_outputs.py,CANONICAL
multi_sentinel2_AOI-01_W2023_2024_Bias,multi_aoi_ols,sentinel2,AOI-01,2025,W2023_2024,Bias,-0.0002079181406843,-0.000208,counts: integer; manuscript headline RMSE/differences: 6 decimals; table values: source-derived fixed precision,results/primary/multi_aoi/multi_aoi_metrics.csv,AOI=AOI-01; sensor=sentinel2; window=W2023_2024; target_year=2025,code/primary_analysis/build_canonical_nonoverlap_outputs.py,CANONICAL
multi_sentinel2_AOI-01_W2023_2024_R2,multi_aoi_ols,sentinel2,AOI-01,2025,W2023_2024,R2,0.3587191951724442,0.3587191951724442,counts: integer; manuscript headline RMSE/differences: 6 decimals; table values: source-derived fixed precision,results/primary/multi_aoi/multi_aoi_metrics.csv,AOI=AOI-01; sensor=sentinel2; window=W2023_2024; target_year=2025,code/primary_analysis/build_canonical_nonoverlap_outputs.py,CANONICAL
multi_sentinel2_AOI-01_W2023_2024_Pearson_r,multi_aoi_ols,sentinel2,AOI-01,2025,W2023_2024,Pearson_r,0.8367532279597554,0.8367532279597554,counts: integer; manuscript headline RMSE/differences: 6 decimals; table values: source-derived fixed precision,results/primary/multi_aoi/multi_aoi_metrics.csv,AOI=AOI-01; sensor=sentinel2; window=W2023_2024; target_year=2025,code/primary_analysis/build_canonical_nonoverlap_outputs.py,CANONICAL
multi_sentinel2_AOI-01_W2022_2024_RMSE,multi_aoi_ols,sentinel2,AOI-01,2025,W2022_2024,RMSE,0.0013650495350562,0.001365,counts: integer; manuscript headline RMSE/differences: 6 decimals; table values: source-derived fixed precision,results/primary/multi_aoi/multi_aoi_metrics.csv,AOI=AOI-01; sensor=sentinel2; window=W2022_2024; target_year=2025,code/primary_analysis/build_canonical_nonoverlap_outputs.py,CANONICAL
multi_sentinel2_AOI-01_W2022_2024_MAE,multi_aoi_ols,sentinel2,AOI-01,2025,W2022_2024,MAE,0.0003098211827688,0.000310,counts: integer; manuscript headline RMSE/differences: 6 decimals; table values: source-derived fixed precision,results/primary/multi_aoi/multi_aoi_metrics.csv,AOI=AOI-01; sensor=sentinel2; window=W2022_2024; target_year=2025,code/primary_analysis/build_canonical_nonoverlap_outputs.py,CANONICAL
multi_sentinel2_AOI-01_W2022_2024_Bias,multi_aoi_ols,sentinel2,AOI-01,2025,W2022_2024,Bias,-0.0002102339775963,-0.000210,counts: integer; manuscript headline RMSE/differences: 6 decimals; table values: source-derived fixed precision,results/primary/multi_aoi/multi_aoi_metrics.csv,AOI=AOI-01; sensor=sentinel2; window=W2022_2024; target_year=2025,code/primary_analysis/build_canonical_nonoverlap_outputs.py,CANONICAL
multi_sentinel2_AOI-01_W2022_2024_R2,multi_aoi_ols,sentinel2,AOI-01,2025,W2022_2024,R2,0.374556236696824,0.374556236696824,counts: integer; manuscript headline RMSE/differences: 6 decimals; table values: source-derived fixed precision,results/primary/multi_aoi/multi_aoi_metrics.csv,AOI=AOI-01; sensor=sentinel2; window=W2022_2024; target_year=2025,code/primary_analysis/build_canonical_nonoverlap_outputs.py,CANONICAL
multi_sentinel2_AOI-01_W2022_2024_Pearson_r,multi_aoi_ols,sentinel2,AOI-01,2025,W2022_2024,Pearson_r,0.8385305762230606,0.8385305762230606,counts: integer; manuscript headline RMSE/differences: 6 decimals; table values: source-derived fixed precision,results/primary/multi_aoi/multi_aoi_metrics.csv,AOI=AOI-01; sensor=sentinel2; window=W2022_2024; target_year=2025,code/primary_analysis/build_canonical_nonoverlap_outputs.py,CANONICAL
multi_landsat_AOI-02_W2022_RMSE,multi_aoi_ols,landsat,AOI-02,2025,W2022,RMSE,0.0578903638243602,0.057890,counts: integer; manuscript headline RMSE/differences: 6 decimals; table values: source-derived fixed precision,results/primary/multi_aoi/multi_aoi_metrics.csv,AOI=AOI-02; sensor=landsat; window=W2022; target_year=2025,code/primary_analysis/build_canonical_nonoverlap_outputs.py,CANONICAL
multi_landsat_AOI-02_W2022_MAE,multi_aoi_ols,landsat,AOI-02,2025,W2022,MAE,0.0446810797609554,0.044681,counts: integer; manuscript headline RMSE/differences: 6 decimals; table values: source-derived fixed precision,results/primary/multi_aoi/multi_aoi_metrics.csv,AOI=AOI-02; sensor=landsat; window=W2022; target_year=2025,code/primary_analysis/build_canonical_nonoverlap_outputs.py,CANONICAL
multi_landsat_AOI-02_W2022_Bias,multi_aoi_ols,landsat,AOI-02,2025,W2022,Bias,0.0099514964340654,0.009951,counts: integer; manuscript headline RMSE/differences: 6 decimals; table values: source-derived fixed precision,results/primary/multi_aoi/multi_aoi_metrics.csv,AOI=AOI-02; sensor=landsat; window=W2022; target_year=2025,code/primary_analysis/build_canonical_nonoverlap_outputs.py,CANONICAL
multi_landsat_AOI-02_W2022_R2,multi_aoi_ols,landsat,AOI-02,2025,W2022,R2,0.8760985081772599,0.8760985081772599,counts: integer; manuscript headline RMSE/differences: 6 decimals; table values: source-derived fixed precision,results/primary/multi_aoi/multi_aoi_metrics.csv,AOI=AOI-02; sensor=landsat; window=W2022; target_year=2025,code/primary_analysis/build_canonical_nonoverlap_outputs.py,CANONICAL
multi_landsat_AOI-02_W2022_Pearson_r,multi_aoi_ols,landsat,AOI-02,2025,W2022,Pearson_r,0.9379718196852974,0.9379718196852974,counts: integer; manuscript headline RMSE/differences: 6 decimals; table values: source-derived fixed precision,results/primary/multi_aoi/multi_aoi_metrics.csv,AOI=AOI-02; sensor=landsat; window=W2022; target_year=2025,code/primary_analysis/build_canonical_nonoverlap_outputs.py,CANONICAL
multi_landsat_AOI-02_W2023_RMSE,multi_aoi_ols,landsat,AOI-02,2025,W2023,RMSE,0.0599049307984293,0.059905,counts: integer; manuscript headline RMSE/differences: 6 decimals; table values: source-derived fixed precision,results/primary/multi_aoi/multi_aoi_metrics.csv,AOI=AOI-02; sensor=landsat; window=W2023; target_year=2025,code/primary_analysis/build_canonical_nonoverlap_outputs.py,CANONICAL
multi_landsat_AOI-02_W2023_MAE,multi_aoi_ols,landsat,AOI-02,2025,W2023,MAE,0.0461222857533128,0.046122,counts: integer; manuscript headline RMSE/differences: 6 decimals; table values: source-derived fixed precision,results/primary/multi_aoi/multi_aoi_metrics.csv,AOI=AOI-02; sensor=landsat; window=W2023; target_year=2025,code/primary_analysis/build_canonical_nonoverlap_outputs.py,CANONICAL
multi_landsat_AOI-02_W2023_Bias,multi_aoi_ols,landsat,AOI-02,2025,W2023,Bias,0.0176682460558081,0.017668,counts: integer; manuscript headline RMSE/differences: 6 decimals; table values: source-derived fixed precision,results/primary/multi_aoi/multi_aoi_metrics.csv,AOI=AOI-02; sensor=landsat; window=W2023; target_year=2025,code/primary_analysis/build_canonical_nonoverlap_outputs.py,CANONICAL
multi_landsat_AOI-02_W2023_R2,multi_aoi_ols,landsat,AOI-02,2025,W2023,R2,0.867324993028732,0.867324993028732,counts: integer; manuscript headline RMSE/differences: 6 decimals; table values: source-derived fixed precision,results/primary/multi_aoi/multi_aoi_metrics.csv,AOI=AOI-02; sensor=landsat; window=W2023; target_year=2025,code/primary_analysis/build_canonical_nonoverlap_outputs.py,CANONICAL
multi_landsat_AOI-02_W2023_Pearson_r,multi_aoi_ols,landsat,AOI-02,2025,W2023,Pearson_r,0.937971819685298,0.937971819685298,counts: integer; manuscript headline RMSE/differences: 6 decimals; table values: source-derived fixed precision,results/primary/multi_aoi/multi_aoi_metrics.csv,AOI=AOI-02; sensor=landsat; window=W2023; target_year=2025,code/primary_analysis/build_canonical_nonoverlap_outputs.py,CANONICAL
multi_landsat_AOI-02_W2024_RMSE,multi_aoi_ols,landsat,AOI-02,2025,W2024,RMSE,0.0603633392006119,0.060363,counts: integer; manuscript headline RMSE/differences: 6 decimals; table values: source-derived fixed precision,results/primary/multi_aoi/multi_aoi_metrics.csv,AOI=AOI-02; sensor=landsat; window=W2024; target_year=2025,code/primary_analysis/build_canonical_nonoverlap_outputs.py,CANONICAL
multi_landsat_AOI-02_W2024_MAE,multi_aoi_ols,landsat,AOI-02,2025,W2024,MAE,0.0464362886847532,0.046436,counts: integer; manuscript headline RMSE/differences: 6 decimals; table values: source-derived fixed precision,results/primary/multi_aoi/multi_aoi_metrics.csv,AOI=AOI-02; sensor=landsat; window=W2024; target_year=2025,code/primary_analysis/build_canonical_nonoverlap_outputs.py,CANONICAL
multi_landsat_AOI-02_W2024_Bias,multi_aoi_ols,landsat,AOI-02,2025,W2024,Bias,0.0185172141314255,0.018517,counts: integer; manuscript headline RMSE/differences: 6 decimals; table values: source-derived fixed precision,results/primary/multi_aoi/multi_aoi_metrics.csv,AOI=AOI-02; sensor=landsat; window=W2024; target_year=2025,code/primary_analysis/build_canonical_nonoverlap_outputs.py,CANONICAL
multi_landsat_AOI-02_W2024_R2,multi_aoi_ols,landsat,AOI-02,2025,W2024,R2,0.8652866953465363,0.8652866953465363,counts: integer; manuscript headline RMSE/differences: 6 decimals; table values: source-derived fixed precision,results/primary/multi_aoi/multi_aoi_metrics.csv,AOI=AOI-02; sensor=landsat; window=W2024; target_year=2025,code/primary_analysis/build_canonical_nonoverlap_outputs.py,CANONICAL
multi_landsat_AOI-02_W2024_Pearson_r,multi_aoi_ols,landsat,AOI-02,2025,W2024,Pearson_r,0.9379718196852976,0.9379718196852976,counts: integer; manuscript headline RMSE/differences: 6 decimals; table values: source-derived fixed precision,results/primary/multi_aoi/multi_aoi_metrics.csv,AOI=AOI-02; sensor=landsat; window=W2024; target_year=2025,code/primary_analysis/build_canonical_nonoverlap_outputs.py,CANONICAL
multi_landsat_AOI-02_W2022_2023_RMSE,multi_aoi_ols,landsat,AOI-02,2025,W2022_2023,RMSE,0.057445153399661,0.057445,counts: integer; manuscript headline RMSE/differences: 6 decimals; table values: source-derived fixed precision,results/primary/multi_aoi/multi_aoi_metrics.csv,AOI=AOI-02; sensor=landsat; window=W2022_2023; target_year=2025,code/primary_analysis/build_canonical_nonoverlap_outputs.py,CANONICAL
multi_landsat_AOI-02_W2022_2023_MAE,multi_aoi_ols,landsat,AOI-02,2025,W2022_2023,MAE,0.0443105776824502,0.044311,counts: integer; manuscript headline RMSE/differences: 6 decimals; table values: source-derived fixed precision,results/primary/multi_aoi/multi_aoi_metrics.csv,AOI=AOI-02; sensor=landsat; window=W2022_2023; target_year=2025,code/primary_analysis/build_canonical_nonoverlap_outputs.py,CANONICAL
multi_landsat_AOI-02_W2022_2023_Bias,multi_aoi_ols,landsat,AOI-02,2025,W2022_2023,Bias,0.0069461803464485,0.006946,counts: integer; manuscript headline RMSE/differences: 6 decimals; table values: source-derived fixed precision,results/primary/multi_aoi/multi_aoi_metrics.csv,AOI=AOI-02; sensor=landsat; window=W2022_2023; target_year=2025,code/primary_analysis/build_canonical_nonoverlap_outputs.py,CANONICAL
multi_landsat_AOI-02_W2022_2023_R2,multi_aoi_ols,landsat,AOI-02,2025,W2022_2023,R2,0.8779969284805731,0.8779969284805731,counts: integer; manuscript headline RMSE/differences: 6 decimals; table values: source-derived fixed precision,results/primary/multi_aoi/multi_aoi_metrics.csv,AOI=AOI-02; sensor=landsat; window=W2022_2023; target_year=2025,code/primary_analysis/build_canonical_nonoverlap_outputs.py,CANONICAL
multi_landsat_AOI-02_W2022_2023_Pearson_r,multi_aoi_ols,landsat,AOI-02,2025,W2022_2023,Pearson_r,0.937971819685298,0.937971819685298,counts: integer; manuscript headline RMSE/differences: 6 decimals; table values: source-derived fixed precision,results/primary/multi_aoi/multi_aoi_metrics.csv,AOI=AOI-02; sensor=landsat; window=W2022_2023; target_year=2025,code/primary_analysis/build_canonical_nonoverlap_outputs.py,CANONICAL
multi_landsat_AOI-02_W2023_2024_RMSE,multi_aoi_ols,landsat,AOI-02,2025,W2023_2024,RMSE,0.0622913612206142,0.062291,counts: integer; manuscript headline RMSE/differences: 6 decimals; table values: source-derived fixed precision,results/primary/multi_aoi/multi_aoi_metrics.csv,AOI=AOI-02; sensor=landsat; window=W2023_2024; target_year=2025,code/primary_analysis/build_canonical_nonoverlap_outputs.py,CANONICAL
multi_landsat_AOI-02_W2023_2024_MAE,multi_aoi_ols,landsat,AOI-02,2025,W2023_2024,MAE,0.048331183741156,0.048331,counts: integer; manuscript headline RMSE/differences: 6 decimals; table values: source-derived fixed precision,results/primary/multi_aoi/multi_aoi_metrics.csv,AOI=AOI-02; sensor=landsat; window=W2023_2024; target_year=2025,code/primary_analysis/build_canonical_nonoverlap_outputs.py,CANONICAL
multi_landsat_AOI-02_W2023_2024_Bias,multi_aoi_ols,landsat,AOI-02,2025,W2023_2024,Bias,0.0249972076531057,0.024997,counts: integer; manuscript headline RMSE/differences: 6 decimals; table values: source-derived fixed precision,results/primary/multi_aoi/multi_aoi_metrics.csv,AOI=AOI-02; sensor=landsat; window=W2023_2024; target_year=2025,code/primary_analysis/build_canonical_nonoverlap_outputs.py,CANONICAL
multi_landsat_AOI-02_W2023_2024_R2,multi_aoi_ols,landsat,AOI-02,2025,W2023_2024,R2,0.85654370169073,0.85654370169073,counts: integer; manuscript headline RMSE/differences: 6 decimals; table values: source-derived fixed precision,results/primary/multi_aoi/multi_aoi_metrics.csv,AOI=AOI-02; sensor=landsat; window=W2023_2024; target_year=2025,code/primary_analysis/build_canonical_nonoverlap_outputs.py,CANONICAL
multi_landsat_AOI-02_W2023_2024_Pearson_r,multi_aoi_ols,landsat,AOI-02,2025,W2023_2024,Pearson_r,0.9379718196852976,0.9379718196852976,counts: integer; manuscript headline RMSE/differences: 6 decimals; table values: source-derived fixed precision,results/primary/multi_aoi/multi_aoi_metrics.csv,AOI=AOI-02; sensor=landsat; window=W2023_2024; target_year=2025,code/primary_analysis/build_canonical_nonoverlap_outputs.py,CANONICAL
multi_landsat_AOI-02_W2022_2024_RMSE,multi_aoi_ols,landsat,AOI-02,2025,W2022_2024,RMSE,0.0585893432074184,0.058589,counts: integer; manuscript headline RMSE/differences: 6 decimals; table values: source-derived fixed precision,results/primary/multi_aoi/multi_aoi_metrics.csv,AOI=AOI-02; sensor=landsat; window=W2022_2024; target_year=2025,code/primary_analysis/build_canonical_nonoverlap_outputs.py,CANONICAL
multi_landsat_AOI-02_W2022_2024_MAE,multi_aoi_ols,landsat,AOI-02,2025,W2022_2024,MAE,0.0452870003451738,0.045287,counts: integer; manuscript headline RMSE/differences: 6 decimals; table values: source-derived fixed precision,results/primary/multi_aoi/multi_aoi_metrics.csv,AOI=AOI-02; sensor=landsat; window=W2022_2024; target_year=2025,code/primary_analysis/build_canonical_nonoverlap_outputs.py,CANONICAL
multi_landsat_AOI-02_W2022_2024_Bias,multi_aoi_ols,landsat,AOI-02,2025,W2022_2024,Bias,0.0133811559851205,0.013381,counts: integer; manuscript headline RMSE/differences: 6 decimals; table values: source-derived fixed precision,results/primary/multi_aoi/multi_aoi_metrics.csv,AOI=AOI-02; sensor=landsat; window=W2022_2024; target_year=2025,code/primary_analysis/build_canonical_nonoverlap_outputs.py,CANONICAL
multi_landsat_AOI-02_W2022_2024_R2,multi_aoi_ols,landsat,AOI-02,2025,W2022_2024,R2,0.8730884241914783,0.8730884241914783,counts: integer; manuscript headline RMSE/differences: 6 decimals; table values: source-derived fixed precision,results/primary/multi_aoi/multi_aoi_metrics.csv,AOI=AOI-02; sensor=landsat; window=W2022_2024; target_year=2025,code/primary_analysis/build_canonical_nonoverlap_outputs.py,CANONICAL
multi_landsat_AOI-02_W2022_2024_Pearson_r,multi_aoi_ols,landsat,AOI-02,2025,W2022_2024,Pearson_r,0.9379718196852972,0.9379718196852972,counts: integer; manuscript headline RMSE/differences: 6 decimals; table values: source-derived fixed precision,results/primary/multi_aoi/multi_aoi_metrics.csv,AOI=AOI-02; sensor=landsat; window=W2022_2024; target_year=2025,code/primary_analysis/build_canonical_nonoverlap_outputs.py,CANONICAL
multi_modis_AOI-02_W2022_RMSE,multi_aoi_ols,modis,AOI-02,2025,W2022,RMSE,0.0572061428477001,0.057206,counts: integer; manuscript headline RMSE/differences: 6 decimals; table values: source-derived fixed precision,results/primary/multi_aoi/multi_aoi_metrics.csv,AOI=AOI-02; sensor=modis; window=W2022; target_year=2025,code/primary_analysis/build_canonical_nonoverlap_outputs.py,CANONICAL
multi_modis_AOI-02_W2022_MAE,multi_aoi_ols,modis,AOI-02,2025,W2022,MAE,0.0433420255544829,0.043342,counts: integer; manuscript headline RMSE/differences: 6 decimals; table values: source-derived fixed precision,results/primary/multi_aoi/multi_aoi_metrics.csv,AOI=AOI-02; sensor=modis; window=W2022; target_year=2025,code/primary_analysis/build_canonical_nonoverlap_outputs.py,CANONICAL
multi_modis_AOI-02_W2022_Bias,multi_aoi_ols,modis,AOI-02,2025,W2022,Bias,0.0135768470479175,0.013577,counts: integer; manuscript headline RMSE/differences: 6 decimals; table values: source-derived fixed precision,results/primary/multi_aoi/multi_aoi_metrics.csv,AOI=AOI-02; sensor=modis; window=W2022; target_year=2025,code/primary_analysis/build_canonical_nonoverlap_outputs.py,CANONICAL
multi_modis_AOI-02_W2022_R2,multi_aoi_ols,modis,AOI-02,2025,W2022,R2,0.7549771974357876,0.7549771974357876,counts: integer; manuscript headline RMSE/differences: 6 decimals; table values: source-derived fixed precision,results/primary/multi_aoi/multi_aoi_metrics.csv,AOI=AOI-02; sensor=modis; window=W2022; target_year=2025,code/primary_analysis/build_canonical_nonoverlap_outputs.py,CANONICAL
multi_modis_AOI-02_W2022_Pearson_r,multi_aoi_ols,modis,AOI-02,2025,W2022,Pearson_r,0.8768581830923972,0.8768581830923972,counts: integer; manuscript headline RMSE/differences: 6 decimals; table values: source-derived fixed precision,results/primary/multi_aoi/multi_aoi_metrics.csv,AOI=AOI-02; sensor=modis; window=W2022; target_year=2025,code/primary_analysis/build_canonical_nonoverlap_outputs.py,CANONICAL
multi_modis_AOI-02_W2023_RMSE,multi_aoi_ols,modis,AOI-02,2025,W2023,RMSE,0.0569266511551095,0.056927,counts: integer; manuscript headline RMSE/differences: 6 decimals; table values: source-derived fixed precision,results/primary/multi_aoi/multi_aoi_metrics.csv,AOI=AOI-02; sensor=modis; window=W2023; target_year=2025,code/primary_analysis/build_canonical_nonoverlap_outputs.py,CANONICAL
multi_modis_AOI-02_W2023_MAE,multi_aoi_ols,modis,AOI-02,2025,W2023,MAE,0.0439691058069198,0.043969,counts: integer; manuscript headline RMSE/differences: 6 decimals; table values: source-derived fixed precision,results/primary/multi_aoi/multi_aoi_metrics.csv,AOI=AOI-02; sensor=modis; window=W2023; target_year=2025,code/primary_analysis/build_canonical_nonoverlap_outputs.py,CANONICAL
multi_modis_AOI-02_W2023_Bias,multi_aoi_ols,modis,AOI-02,2025,W2023,Bias,-0.0113949067370488,-0.011395,counts: integer; manuscript headline RMSE/differences: 6 decimals; table values: source-derived fixed precision,results/primary/multi_aoi/multi_aoi_metrics.csv,AOI=AOI-02; sensor=modis; window=W2023; target_year=2025,code/primary_analysis/build_canonical_nonoverlap_outputs.py,CANONICAL
multi_modis_AOI-02_W2023_R2,multi_aoi_ols,modis,AOI-02,2025,W2023,R2,0.7573655614739481,0.7573655614739481,counts: integer; manuscript headline RMSE/differences: 6 decimals; table values: source-derived fixed precision,results/primary/multi_aoi/multi_aoi_metrics.csv,AOI=AOI-02; sensor=modis; window=W2023; target_year=2025,code/primary_analysis/build_canonical_nonoverlap_outputs.py,CANONICAL
multi_modis_AOI-02_W2023_Pearson_r,multi_aoi_ols,modis,AOI-02,2025,W2023,Pearson_r,0.8768579330350761,0.8768579330350761,counts: integer; manuscript headline RMSE/differences: 6 decimals; table values: source-derived fixed precision,results/primary/multi_aoi/multi_aoi_metrics.csv,AOI=AOI-02; sensor=modis; window=W2023; target_year=2025,code/primary_analysis/build_canonical_nonoverlap_outputs.py,CANONICAL
multi_modis_AOI-02_W2024_RMSE,multi_aoi_ols,modis,AOI-02,2025,W2024,RMSE,0.0645379145692177,0.064538,counts: integer; manuscript headline RMSE/differences: 6 decimals; table values: source-derived fixed precision,results/primary/multi_aoi/multi_aoi_metrics.csv,AOI=AOI-02; sensor=modis; window=W2024; target_year=2025,code/primary_analysis/build_canonical_nonoverlap_outputs.py,CANONICAL
multi_modis_AOI-02_W2024_MAE,multi_aoi_ols,modis,AOI-02,2025,W2024,MAE,0.0491772304027757,0.049177,counts: integer; manuscript headline RMSE/differences: 6 decimals; table values: source-derived fixed precision,results/primary/multi_aoi/multi_aoi_metrics.csv,AOI=AOI-02; sensor=modis; window=W2024; target_year=2025,code/primary_analysis/build_canonical_nonoverlap_outputs.py,CANONICAL
multi_modis_AOI-02_W2024_Bias,multi_aoi_ols,modis,AOI-02,2025,W2024,Bias,0.031245428378228,0.031245,counts: integer; manuscript headline RMSE/differences: 6 decimals; table values: source-derived fixed precision,results/primary/multi_aoi/multi_aoi_metrics.csv,AOI=AOI-02; sensor=modis; window=W2024; target_year=2025,code/primary_analysis/build_canonical_nonoverlap_outputs.py,CANONICAL
multi_modis_AOI-02_W2024_R2,multi_aoi_ols,modis,AOI-02,2025,W2024,R2,0.6881462101983714,0.6881462101983714,counts: integer; manuscript headline RMSE/differences: 6 decimals; table values: source-derived fixed precision,results/primary/multi_aoi/multi_aoi_metrics.csv,AOI=AOI-02; sensor=modis; window=W2024; target_year=2025,code/primary_analysis/build_canonical_nonoverlap_outputs.py,CANONICAL
multi_modis_AOI-02_W2024_Pearson_r,multi_aoi_ols,modis,AOI-02,2025,W2024,Pearson_r,0.8768581830923973,0.8768581830923973,counts: integer; manuscript headline RMSE/differences: 6 decimals; table values: source-derived fixed precision,results/primary/multi_aoi/multi_aoi_metrics.csv,AOI=AOI-02; sensor=modis; window=W2024; target_year=2025,code/primary_analysis/build_canonical_nonoverlap_outputs.py,CANONICAL
multi_modis_AOI-02_W2022_2023_RMSE,multi_aoi_ols,modis,AOI-02,2025,W2022_2023,RMSE,0.0563666402504544,0.056367,counts: integer; manuscript headline RMSE/differences: 6 decimals; table values: source-derived fixed precision,results/primary/multi_aoi/multi_aoi_metrics.csv,AOI=AOI-02; sensor=modis; window=W2022_2023; target_year=2025,code/primary_analysis/build_canonical_nonoverlap_outputs.py,CANONICAL
multi_modis_AOI-02_W2022_2023_MAE,multi_aoi_ols,modis,AOI-02,2025,W2022_2023,MAE,0.0427253206227319,0.042725,counts: integer; manuscript headline RMSE/differences: 6 decimals; table values: source-derived fixed precision,results/primary/multi_aoi/multi_aoi_metrics.csv,AOI=AOI-02; sensor=modis; window=W2022_2023; target_year=2025,code/primary_analysis/build_canonical_nonoverlap_outputs.py,CANONICAL
multi_modis_AOI-02_W2022_2023_Bias,multi_aoi_ols,modis,AOI-02,2025,W2022_2023,Bias,0.00949228308474,0.009492,counts: integer; manuscript headline RMSE/differences: 6 decimals; table values: source-derived fixed precision,results/primary/multi_aoi/multi_aoi_metrics.csv,AOI=AOI-02; sensor=modis; window=W2022_2023; target_year=2025,code/primary_analysis/build_canonical_nonoverlap_outputs.py,CANONICAL
multi_modis_AOI-02_W2022_2023_R2,multi_aoi_ols,modis,AOI-02,2025,W2022_2023,R2,0.7621158703397992,0.7621158703397992,counts: integer; manuscript headline RMSE/differences: 6 decimals; table values: source-derived fixed precision,results/primary/multi_aoi/multi_aoi_metrics.csv,AOI=AOI-02; sensor=modis; window=W2022_2023; target_year=2025,code/primary_analysis/build_canonical_nonoverlap_outputs.py,CANONICAL
multi_modis_AOI-02_W2022_2023_Pearson_r,multi_aoi_ols,modis,AOI-02,2025,W2022_2023,Pearson_r,0.8768581830923973,0.8768581830923973,counts: integer; manuscript headline RMSE/differences: 6 decimals; table values: source-derived fixed precision,results/primary/multi_aoi/multi_aoi_metrics.csv,AOI=AOI-02; sensor=modis; window=W2022_2023; target_year=2025,code/primary_analysis/build_canonical_nonoverlap_outputs.py,CANONICAL
multi_modis_AOI-02_W2023_2024_RMSE,multi_aoi_ols,modis,AOI-02,2025,W2023_2024,RMSE,0.0608018750003585,0.060802,counts: integer; manuscript headline RMSE/differences: 6 decimals; table values: source-derived fixed precision,results/primary/multi_aoi/multi_aoi_metrics.csv,AOI=AOI-02; sensor=modis; window=W2023_2024; target_year=2025,code/primary_analysis/build_canonical_nonoverlap_outputs.py,CANONICAL
multi_modis_AOI-02_W2023_2024_MAE,multi_aoi_ols,modis,AOI-02,2025,W2023_2024,MAE,0.0457933684566834,0.045793,counts: integer; manuscript headline RMSE/differences: 6 decimals; table values: source-derived fixed precision,results/primary/multi_aoi/multi_aoi_metrics.csv,AOI=AOI-02; sensor=modis; window=W2023_2024; target_year=2025,code/primary_analysis/build_canonical_nonoverlap_outputs.py,CANONICAL
multi_modis_AOI-02_W2023_2024_Bias,multi_aoi_ols,modis,AOI-02,2025,W2023_2024,Bias,0.0232255808831164,0.023226,counts: integer; manuscript headline RMSE/differences: 6 decimals; table values: source-derived fixed precision,results/primary/multi_aoi/multi_aoi_metrics.csv,AOI=AOI-02; sensor=modis; window=W2023_2024; target_year=2025,code/primary_analysis/build_canonical_nonoverlap_outputs.py,CANONICAL
multi_modis_AOI-02_W2023_2024_R2,multi_aoi_ols,modis,AOI-02,2025,W2023_2024,R2,0.7232069922467852,0.7232069922467852,counts: integer; manuscript headline RMSE/differences: 6 decimals; table values: source-derived fixed precision,results/primary/multi_aoi/multi_aoi_metrics.csv,AOI=AOI-02; sensor=modis; window=W2023_2024; target_year=2025,code/primary_analysis/build_canonical_nonoverlap_outputs.py,CANONICAL
multi_modis_AOI-02_W2023_2024_Pearson_r,multi_aoi_ols,modis,AOI-02,2025,W2023_2024,Pearson_r,0.8768581830923973,0.8768581830923973,counts: integer; manuscript headline RMSE/differences: 6 decimals; table values: source-derived fixed precision,results/primary/multi_aoi/multi_aoi_metrics.csv,AOI=AOI-02; sensor=modis; window=W2023_2024; target_year=2025,code/primary_analysis/build_canonical_nonoverlap_outputs.py,CANONICAL
multi_modis_AOI-02_W2022_2024_RMSE,multi_aoi_ols,modis,AOI-02,2025,W2022_2024,RMSE,0.0594389686902229,0.059439,counts: integer; manuscript headline RMSE/differences: 6 decimals; table values: source-derived fixed precision,results/primary/multi_aoi/multi_aoi_metrics.csv,AOI=AOI-02; sensor=modis; window=W2022_2024; target_year=2025,code/primary_analysis/build_canonical_nonoverlap_outputs.py,CANONICAL
multi_modis_AOI-02_W2022_2024_MAE,multi_aoi_ols,modis,AOI-02,2025,W2022_2024,MAE,0.0447826327526072,0.044783,counts: integer; manuscript headline RMSE/differences: 6 decimals; table values: source-derived fixed precision,results/primary/multi_aoi/multi_aoi_metrics.csv,AOI=AOI-02; sensor=modis; window=W2022_2024; target_year=2025,code/primary_analysis/build_canonical_nonoverlap_outputs.py,CANONICAL
multi_modis_AOI-02_W2022_2024_Bias,multi_aoi_ols,modis,AOI-02,2025,W2022_2024,Bias,0.0203373600093379,0.020337,counts: integer; manuscript headline RMSE/differences: 6 decimals; table values: source-derived fixed precision,results/primary/multi_aoi/multi_aoi_metrics.csv,AOI=AOI-02; sensor=modis; window=W2022_2024; target_year=2025,code/primary_analysis/build_canonical_nonoverlap_outputs.py,CANONICAL
multi_modis_AOI-02_W2022_2024_R2,multi_aoi_ols,modis,AOI-02,2025,W2022_2024,R2,0.7354768403889647,0.7354768403889647,counts: integer; manuscript headline RMSE/differences: 6 decimals; table values: source-derived fixed precision,results/primary/multi_aoi/multi_aoi_metrics.csv,AOI=AOI-02; sensor=modis; window=W2022_2024; target_year=2025,code/primary_analysis/build_canonical_nonoverlap_outputs.py,CANONICAL
multi_modis_AOI-02_W2022_2024_Pearson_r,multi_aoi_ols,modis,AOI-02,2025,W2022_2024,Pearson_r,0.8768581830923973,0.8768581830923973,counts: integer; manuscript headline RMSE/differences: 6 decimals; table values: source-derived fixed precision,results/primary/multi_aoi/multi_aoi_metrics.csv,AOI=AOI-02; sensor=modis; window=W2022_2024; target_year=2025,code/primary_analysis/build_canonical_nonoverlap_outputs.py,CANONICAL
multi_sentinel2_AOI-02_W2022_RMSE,multi_aoi_ols,sentinel2,AOI-02,2025,W2022,RMSE,0.0613619890964156,0.061362,counts: integer; manuscript headline RMSE/differences: 6 decimals; table values: source-derived fixed precision,results/primary/multi_aoi/multi_aoi_metrics.csv,AOI=AOI-02; sensor=sentinel2; window=W2022; target_year=2025,code/primary_analysis/build_canonical_nonoverlap_outputs.py,CANONICAL
multi_sentinel2_AOI-02_W2022_MAE,multi_aoi_ols,sentinel2,AOI-02,2025,W2022,MAE,0.0471071563413775,0.047107,counts: integer; manuscript headline RMSE/differences: 6 decimals; table values: source-derived fixed precision,results/primary/multi_aoi/multi_aoi_metrics.csv,AOI=AOI-02; sensor=sentinel2; window=W2022; target_year=2025,code/primary_analysis/build_canonical_nonoverlap_outputs.py,CANONICAL
multi_sentinel2_AOI-02_W2022_Bias,multi_aoi_ols,sentinel2,AOI-02,2025,W2022,Bias,-0.0144082256539491,-0.014408,counts: integer; manuscript headline RMSE/differences: 6 decimals; table values: source-derived fixed precision,results/primary/multi_aoi/multi_aoi_metrics.csv,AOI=AOI-02; sensor=sentinel2; window=W2022; target_year=2025,code/primary_analysis/build_canonical_nonoverlap_outputs.py,CANONICAL
multi_sentinel2_AOI-02_W2022_R2,multi_aoi_ols,sentinel2,AOI-02,2025,W2022,R2,0.8681801126134924,0.8681801126134924,counts: integer; manuscript headline RMSE/differences: 6 decimals; table values: source-derived fixed precision,results/primary/multi_aoi/multi_aoi_metrics.csv,AOI=AOI-02; sensor=sentinel2; window=W2022; target_year=2025,code/primary_analysis/build_canonical_nonoverlap_outputs.py,CANONICAL
multi_sentinel2_AOI-02_W2022_Pearson_r,multi_aoi_ols,sentinel2,AOI-02,2025,W2022,Pearson_r,0.9356596147899816,0.9356596147899816,counts: integer; manuscript headline RMSE/differences: 6 decimals; table values: source-derived fixed precision,results/primary/multi_aoi/multi_aoi_metrics.csv,AOI=AOI-02; sensor=sentinel2; window=W2022; target_year=2025,code/primary_analysis/build_canonical_nonoverlap_outputs.py,CANONICAL
multi_sentinel2_AOI-02_W2023_RMSE,multi_aoi_ols,sentinel2,AOI-02,2025,W2023,RMSE,0.0608456171651324,0.060846,counts: integer; manuscript headline RMSE/differences: 6 decimals; table values: source-derived fixed precision,results/primary/multi_aoi/multi_aoi_metrics.csv,AOI=AOI-02; sensor=sentinel2; window=W2023; target_year=2025,code/primary_analysis/build_canonical_nonoverlap_outputs.py,CANONICAL
multi_sentinel2_AOI-02_W2023_MAE,multi_aoi_ols,sentinel2,AOI-02,2025,W2023,MAE,0.0465503357464224,0.046550,counts: integer; manuscript headline RMSE/differences: 6 decimals; table values: source-derived fixed precision,results/primary/multi_aoi/multi_aoi_metrics.csv,AOI=AOI-02; sensor=sentinel2; window=W2023; target_year=2025,code/primary_analysis/build_canonical_nonoverlap_outputs.py,CANONICAL
multi_sentinel2_AOI-02_W2023_Bias,multi_aoi_ols,sentinel2,AOI-02,2025,W2023,Bias,-0.0119974728539419,-0.011997,counts: integer; manuscript headline RMSE/differences: 6 decimals; table values: source-derived fixed precision,results/primary/multi_aoi/multi_aoi_metrics.csv,AOI=AOI-02; sensor=sentinel2; window=W2023; target_year=2025,code/primary_analysis/build_canonical_nonoverlap_outputs.py,CANONICAL
multi_sentinel2_AOI-02_W2023_R2,multi_aoi_ols,sentinel2,AOI-02,2025,W2023,R2,0.8703893528403873,0.8703893528403873,counts: integer; manuscript headline RMSE/differences: 6 decimals; table values: source-derived fixed precision,results/primary/multi_aoi/multi_aoi_metrics.csv,AOI=AOI-02; sensor=sentinel2; window=W2023; target_year=2025,code/primary_analysis/build_canonical_nonoverlap_outputs.py,CANONICAL
multi_sentinel2_AOI-02_W2023_Pearson_r,multi_aoi_ols,sentinel2,AOI-02,2025,W2023,Pearson_r,0.935659614789982,0.935659614789982,counts: integer; manuscript headline RMSE/differences: 6 decimals; table values: source-derived fixed precision,results/primary/multi_aoi/multi_aoi_metrics.csv,AOI=AOI-02; sensor=sentinel2; window=W2023; target_year=2025,code/primary_analysis/build_canonical_nonoverlap_outputs.py,CANONICAL
multi_sentinel2_AOI-02_W2024_RMSE,multi_aoi_ols,sentinel2,AOI-02,2025,W2024,RMSE,0.0621643086972976,0.062164,counts: integer; manuscript headline RMSE/differences: 6 decimals; table values: source-derived fixed precision,results/primary/multi_aoi/multi_aoi_metrics.csv,AOI=AOI-02; sensor=sentinel2; window=W2024; target_year=2025,code/primary_analysis/build_canonical_nonoverlap_outputs.py,CANONICAL
multi_sentinel2_AOI-02_W2024_MAE,multi_aoi_ols,sentinel2,AOI-02,2025,W2024,MAE,0.0481235771712585,0.048124,counts: integer; manuscript headline RMSE/differences: 6 decimals; table values: source-derived fixed precision,results/primary/multi_aoi/multi_aoi_metrics.csv,AOI=AOI-02; sensor=sentinel2; window=W2024; target_year=2025,code/primary_analysis/build_canonical_nonoverlap_outputs.py,CANONICAL
multi_sentinel2_AOI-02_W2024_Bias,multi_aoi_ols,sentinel2,AOI-02,2025,W2024,Bias,0.0172218523825001,0.017222,counts: integer; manuscript headline RMSE/differences: 6 decimals; table values: source-derived fixed precision,results/primary/multi_aoi/multi_aoi_metrics.csv,AOI=AOI-02; sensor=sentinel2; window=W2024; target_year=2025,code/primary_analysis/build_canonical_nonoverlap_outputs.py,CANONICAL
multi_sentinel2_AOI-02_W2024_R2,multi_aoi_ols,sentinel2,AOI-02,2025,W2024,R2,0.8647104367449556,0.8647104367449556,counts: integer; manuscript headline RMSE/differences: 6 decimals; table values: source-derived fixed precision,results/primary/multi_aoi/multi_aoi_metrics.csv,AOI=AOI-02; sensor=sentinel2; window=W2024; target_year=2025,code/primary_analysis/build_canonical_nonoverlap_outputs.py,CANONICAL
multi_sentinel2_AOI-02_W2024_Pearson_r,multi_aoi_ols,sentinel2,AOI-02,2025,W2024,Pearson_r,0.935659614789983,0.935659614789983,counts: integer; manuscript headline RMSE/differences: 6 decimals; table values: source-derived fixed precision,results/primary/multi_aoi/multi_aoi_metrics.csv,AOI=AOI-02; sensor=sentinel2; window=W2024; target_year=2025,code/primary_analysis/build_canonical_nonoverlap_outputs.py,CANONICAL
multi_sentinel2_AOI-02_W2022_2023_RMSE,multi_aoi_ols,sentinel2,AOI-02,2025,W2022_2023,RMSE,0.0612898797959522,0.061290,counts: integer; manuscript headline RMSE/differences: 6 decimals; table values: source-derived fixed precision,results/primary/multi_aoi/multi_aoi_metrics.csv,AOI=AOI-02; sensor=sentinel2; window=W2022_2023; target_year=2025,code/primary_analysis/build_canonical_nonoverlap_outputs.py,CANONICAL
multi_sentinel2_AOI-02_W2022_2023_MAE,multi_aoi_ols,sentinel2,AOI-02,2025,W2022_2023,MAE,0.0470029043621969,0.047003,counts: integer; manuscript headline RMSE/differences: 6 decimals; table values: source-derived fixed precision,results/primary/multi_aoi/multi_aoi_metrics.csv,AOI=AOI-02; sensor=sentinel2; window=W2022_2023; target_year=2025,code/primary_analysis/build_canonical_nonoverlap_outputs.py,CANONICAL
multi_sentinel2_AOI-02_W2022_2023_Bias,multi_aoi_ols,sentinel2,AOI-02,2025,W2022_2023,Bias,-0.014109088744176,-0.014109,counts: integer; manuscript headline RMSE/differences: 6 decimals; table values: source-derived fixed precision,results/primary/multi_aoi/multi_aoi_metrics.csv,AOI=AOI-02; sensor=sentinel2; window=W2022_2023; target_year=2025,code/primary_analysis/build_canonical_nonoverlap_outputs.py,CANONICAL
multi_sentinel2_AOI-02_W2022_2023_R2,multi_aoi_ols,sentinel2,AOI-02,2025,W2022_2023,R2,0.8684897458201836,0.8684897458201836,counts: integer; manuscript headline RMSE/differences: 6 decimals; table values: source-derived fixed precision,results/primary/multi_aoi/multi_aoi_metrics.csv,AOI=AOI-02; sensor=sentinel2; window=W2022_2023; target_year=2025,code/primary_analysis/build_canonical_nonoverlap_outputs.py,CANONICAL
multi_sentinel2_AOI-02_W2022_2023_Pearson_r,multi_aoi_ols,sentinel2,AOI-02,2025,W2022_2023,Pearson_r,0.935659614789982,0.935659614789982,counts: integer; manuscript headline RMSE/differences: 6 decimals; table values: source-derived fixed precision,results/primary/multi_aoi/multi_aoi_metrics.csv,AOI=AOI-02; sensor=sentinel2; window=W2022_2023; target_year=2025,code/primary_analysis/build_canonical_nonoverlap_outputs.py,CANONICAL
multi_sentinel2_AOI-02_W2023_2024_RMSE,multi_aoi_ols,sentinel2,AOI-02,2025,W2023_2024,RMSE,0.0604646146401997,0.060465,counts: integer; manuscript headline RMSE/differences: 6 decimals; table values: source-derived fixed precision,results/primary/multi_aoi/multi_aoi_metrics.csv,AOI=AOI-02; sensor=sentinel2; window=W2023_2024; target_year=2025,code/primary_analysis/build_canonical_nonoverlap_outputs.py,CANONICAL
multi_sentinel2_AOI-02_W2023_2024_MAE,multi_aoi_ols,sentinel2,AOI-02,2025,W2023_2024,MAE,0.0465565864480172,0.046557,counts: integer; manuscript headline RMSE/differences: 6 decimals; table values: source-derived fixed precision,results/primary/multi_aoi/multi_aoi_metrics.csv,AOI=AOI-02; sensor=sentinel2; window=W2023_2024; target_year=2025,code/primary_analysis/build_canonical_nonoverlap_outputs.py,CANONICAL
multi_sentinel2_AOI-02_W2023_2024_Bias,multi_aoi_ols,sentinel2,AOI-02,2025,W2023_2024,Bias,0.0098124158794889,0.009812,counts: integer; manuscript headline RMSE/differences: 6 decimals; table values: source-derived fixed precision,results/primary/multi_aoi/multi_aoi_metrics.csv,AOI=AOI-02; sensor=sentinel2; window=W2023_2024; target_year=2025,code/primary_analysis/build_canonical_nonoverlap_outputs.py,CANONICAL
multi_sentinel2_AOI-02_W2023_2024_R2,multi_aoi_ols,sentinel2,AOI-02,2025,W2023_2024,R2,0.8720074603161226,0.8720074603161226,counts: integer; manuscript headline RMSE/differences: 6 decimals; table values: source-derived fixed precision,results/primary/multi_aoi/multi_aoi_metrics.csv,AOI=AOI-02; sensor=sentinel2; window=W2023_2024; target_year=2025,code/primary_analysis/build_canonical_nonoverlap_outputs.py,CANONICAL
multi_sentinel2_AOI-02_W2023_2024_Pearson_r,multi_aoi_ols,sentinel2,AOI-02,2025,W2023_2024,Pearson_r,0.9356596147899822,0.9356596147899822,counts: integer; manuscript headline RMSE/differences: 6 decimals; table values: source-derived fixed precision,results/primary/multi_aoi/multi_aoi_metrics.csv,AOI=AOI-02; sensor=sentinel2; window=W2023_2024; target_year=2025,code/primary_analysis/build_canonical_nonoverlap_outputs.py,CANONICAL
multi_sentinel2_AOI-02_W2022_2024_RMSE,multi_aoi_ols,sentinel2,AOI-02,2025,W2022_2024,RMSE,0.0596448274340375,0.059645,counts: integer; manuscript headline RMSE/differences: 6 decimals; table values: source-derived fixed precision,results/primary/multi_aoi/multi_aoi_metrics.csv,AOI=AOI-02; sensor=sentinel2; window=W2022_2024; target_year=2025,code/primary_analysis/build_canonical_nonoverlap_outputs.py,CANONICAL
multi_sentinel2_AOI-02_W2022_2024_MAE,multi_aoi_ols,sentinel2,AOI-02,2025,W2022_2024,MAE,0.0456849593104843,0.045685,counts: integer; manuscript headline RMSE/differences: 6 decimals; table values: source-derived fixed precision,results/primary/multi_aoi/multi_aoi_metrics.csv,AOI=AOI-02; sensor=sentinel2; window=W2022_2024; target_year=2025,code/primary_analysis/build_canonical_nonoverlap_outputs.py,CANONICAL
multi_sentinel2_AOI-02_W2022_2024_Bias,multi_aoi_ols,sentinel2,AOI-02,2025,W2022_2024,Bias,-0.0001728020156,-0.000173,counts: integer; manuscript headline RMSE/differences: 6 decimals; table values: source-derived fixed precision,results/primary/multi_aoi/multi_aoi_metrics.csv,AOI=AOI-02; sensor=sentinel2; window=W2022_2024; target_year=2025,code/primary_analysis/build_canonical_nonoverlap_outputs.py,CANONICAL
multi_sentinel2_AOI-02_W2022_2024_R2,multi_aoi_ols,sentinel2,AOI-02,2025,W2022_2024,R2,0.8754546117614118,0.8754546117614118,counts: integer; manuscript headline RMSE/differences: 6 decimals; table values: source-derived fixed precision,results/primary/multi_aoi/multi_aoi_metrics.csv,AOI=AOI-02; sensor=sentinel2; window=W2022_2024; target_year=2025,code/primary_analysis/build_canonical_nonoverlap_outputs.py,CANONICAL
multi_sentinel2_AOI-02_W2022_2024_Pearson_r,multi_aoi_ols,sentinel2,AOI-02,2025,W2022_2024,Pearson_r,0.9356596147899816,0.9356596147899816,counts: integer; manuscript headline RMSE/differences: 6 decimals; table values: source-derived fixed precision,results/primary/multi_aoi/multi_aoi_metrics.csv,AOI=AOI-02; sensor=sentinel2; window=W2022_2024; target_year=2025,code/primary_analysis/build_canonical_nonoverlap_outputs.py,CANONICAL
multi_landsat_AOI-03_W2022_RMSE,multi_aoi_ols,landsat,AOI-03,2025,W2022,RMSE,0.0367796409806039,0.036780,counts: integer; manuscript headline RMSE/differences: 6 decimals; table values: source-derived fixed precision,results/primary/multi_aoi/multi_aoi_metrics.csv,AOI=AOI-03; sensor=landsat; window=W2022; target_year=2025,code/primary_analysis/build_canonical_nonoverlap_outputs.py,CANONICAL
multi_landsat_AOI-03_W2022_MAE,multi_aoi_ols,landsat,AOI-03,2025,W2022,MAE,0.0277418501410072,0.027742,counts: integer; manuscript headline RMSE/differences: 6 decimals; table values: source-derived fixed precision,results/primary/multi_aoi/multi_aoi_metrics.csv,AOI=AOI-03; sensor=landsat; window=W2022; target_year=2025,code/primary_analysis/build_canonical_nonoverlap_outputs.py,CANONICAL
multi_landsat_AOI-03_W2022_Bias,multi_aoi_ols,landsat,AOI-03,2025,W2022,Bias,0.0074635677135337,0.007464,counts: integer; manuscript headline RMSE/differences: 6 decimals; table values: source-derived fixed precision,results/primary/multi_aoi/multi_aoi_metrics.csv,AOI=AOI-03; sensor=landsat; window=W2022; target_year=2025,code/primary_analysis/build_canonical_nonoverlap_outputs.py,CANONICAL
multi_landsat_AOI-03_W2022_R2,multi_aoi_ols,landsat,AOI-03,2025,W2022,R2,0.861954340963434,0.861954340963434,counts: integer; manuscript headline RMSE/differences: 6 decimals; table values: source-derived fixed precision,results/primary/multi_aoi/multi_aoi_metrics.csv,AOI=AOI-03; sensor=landsat; window=W2022; target_year=2025,code/primary_analysis/build_canonical_nonoverlap_outputs.py,CANONICAL
multi_landsat_AOI-03_W2022_Pearson_r,multi_aoi_ols,landsat,AOI-03,2025,W2022,Pearson_r,0.9317552096621348,0.9317552096621348,counts: integer; manuscript headline RMSE/differences: 6 decimals; table values: source-derived fixed precision,results/primary/multi_aoi/multi_aoi_metrics.csv,AOI=AOI-03; sensor=landsat; window=W2022; target_year=2025,code/primary_analysis/build_canonical_nonoverlap_outputs.py,CANONICAL
multi_landsat_AOI-03_W2023_RMSE,multi_aoi_ols,landsat,AOI-03,2025,W2023,RMSE,0.0446983117999134,0.044698,counts: integer; manuscript headline RMSE/differences: 6 decimals; table values: source-derived fixed precision,results/primary/multi_aoi/multi_aoi_metrics.csv,AOI=AOI-03; sensor=landsat; window=W2023; target_year=2025,code/primary_analysis/build_canonical_nonoverlap_outputs.py,CANONICAL
multi_landsat_AOI-03_W2023_MAE,multi_aoi_ols,landsat,AOI-03,2025,W2023,MAE,0.0362424439279888,0.036242,counts: integer; manuscript headline RMSE/differences: 6 decimals; table values: source-derived fixed precision,results/primary/multi_aoi/multi_aoi_metrics.csv,AOI=AOI-03; sensor=landsat; window=W2023; target_year=2025,code/primary_analysis/build_canonical_nonoverlap_outputs.py,CANONICAL
multi_landsat_AOI-03_W2023_Bias,multi_aoi_ols,landsat,AOI-03,2025,W2023,Bias,0.0253838323646337,0.025384,counts: integer; manuscript headline RMSE/differences: 6 decimals; table values: source-derived fixed precision,results/primary/multi_aoi/multi_aoi_metrics.csv,AOI=AOI-03; sensor=landsat; window=W2023; target_year=2025,code/primary_analysis/build_canonical_nonoverlap_outputs.py,CANONICAL
multi_landsat_AOI-03_W2023_R2,multi_aoi_ols,landsat,AOI-03,2025,W2023,R2,0.7961127704998615,0.7961127704998615,counts: integer; manuscript headline RMSE/differences: 6 decimals; table values: source-derived fixed precision,results/primary/multi_aoi/multi_aoi_metrics.csv,AOI=AOI-03; sensor=landsat; window=W2023; target_year=2025,code/primary_analysis/build_canonical_nonoverlap_outputs.py,CANONICAL
multi_landsat_AOI-03_W2023_Pearson_r,multi_aoi_ols,landsat,AOI-03,2025,W2023,Pearson_r,0.9314587026513984,0.9314587026513984,counts: integer; manuscript headline RMSE/differences: 6 decimals; table values: source-derived fixed precision,results/primary/multi_aoi/multi_aoi_metrics.csv,AOI=AOI-03; sensor=landsat; window=W2023; target_year=2025,code/primary_analysis/build_canonical_nonoverlap_outputs.py,CANONICAL
multi_landsat_AOI-03_W2024_RMSE,multi_aoi_ols,landsat,AOI-03,2025,W2024,RMSE,0.0378331345629376,0.037833,counts: integer; manuscript headline RMSE/differences: 6 decimals; table values: source-derived fixed precision,results/primary/multi_aoi/multi_aoi_metrics.csv,AOI=AOI-03; sensor=landsat; window=W2024; target_year=2025,code/primary_analysis/build_canonical_nonoverlap_outputs.py,CANONICAL
multi_landsat_AOI-03_W2024_MAE,multi_aoi_ols,landsat,AOI-03,2025,W2024,MAE,0.0292759047753244,0.029276,counts: integer; manuscript headline RMSE/differences: 6 decimals; table values: source-derived fixed precision,results/primary/multi_aoi/multi_aoi_metrics.csv,AOI=AOI-03; sensor=landsat; window=W2024; target_year=2025,code/primary_analysis/build_canonical_nonoverlap_outputs.py,CANONICAL
multi_landsat_AOI-03_W2024_Bias,multi_aoi_ols,landsat,AOI-03,2025,W2024,Bias,0.0116057585030791,0.011606,counts: integer; manuscript headline RMSE/differences: 6 decimals; table values: source-derived fixed precision,results/primary/multi_aoi/multi_aoi_metrics.csv,AOI=AOI-03; sensor=landsat; window=W2024; target_year=2025,code/primary_analysis/build_canonical_nonoverlap_outputs.py,CANONICAL
multi_landsat_AOI-03_W2024_R2,multi_aoi_ols,landsat,AOI-03,2025,W2024,R2,0.8539328911020295,0.8539328911020295,counts: integer; manuscript headline RMSE/differences: 6 decimals; table values: source-derived fixed precision,results/primary/multi_aoi/multi_aoi_metrics.csv,AOI=AOI-03; sensor=landsat; window=W2024; target_year=2025,code/primary_analysis/build_canonical_nonoverlap_outputs.py,CANONICAL
multi_landsat_AOI-03_W2024_Pearson_r,multi_aoi_ols,landsat,AOI-03,2025,W2024,Pearson_r,0.9315467673418728,0.9315467673418728,counts: integer; manuscript headline RMSE/differences: 6 decimals; table values: source-derived fixed precision,results/primary/multi_aoi/multi_aoi_metrics.csv,AOI=AOI-03; sensor=landsat; window=W2024; target_year=2025,code/primary_analysis/build_canonical_nonoverlap_outputs.py,CANONICAL
multi_landsat_AOI-03_W2022_2023_RMSE,multi_aoi_ols,landsat,AOI-03,2025,W2022_2023,RMSE,0.039597871486759,0.039598,counts: integer; manuscript headline RMSE/differences: 6 decimals; table values: source-derived fixed precision,results/primary/multi_aoi/multi_aoi_metrics.csv,AOI=AOI-03; sensor=landsat; window=W2022_2023; target_year=2025,code/primary_analysis/build_canonical_nonoverlap_outputs.py,CANONICAL
multi_landsat_AOI-03_W2022_2023_MAE,multi_aoi_ols,landsat,AOI-03,2025,W2022_2023,MAE,0.0310130484849012,0.031013,counts: integer; manuscript headline RMSE/differences: 6 decimals; table values: source-derived fixed precision,results/primary/multi_aoi/multi_aoi_metrics.csv,AOI=AOI-03; sensor=landsat; window=W2022_2023; target_year=2025,code/primary_analysis/build_canonical_nonoverlap_outputs.py,CANONICAL
multi_landsat_AOI-03_W2022_2023_Bias,multi_aoi_ols,landsat,AOI-03,2025,W2022_2023,Bias,0.0158276274682825,0.015828,counts: integer; manuscript headline RMSE/differences: 6 decimals; table values: source-derived fixed precision,results/primary/multi_aoi/multi_aoi_metrics.csv,AOI=AOI-03; sensor=landsat; window=W2022_2023; target_year=2025,code/primary_analysis/build_canonical_nonoverlap_outputs.py,CANONICAL
multi_landsat_AOI-03_W2022_2023_R2,multi_aoi_ols,landsat,AOI-03,2025,W2022_2023,R2,0.8399884003757282,0.8399884003757282,counts: integer; manuscript headline RMSE/differences: 6 decimals; table values: source-derived fixed precision,results/primary/multi_aoi/multi_aoi_metrics.csv,AOI=AOI-03; sensor=landsat; window=W2022_2023; target_year=2025,code/primary_analysis/build_canonical_nonoverlap_outputs.py,CANONICAL
multi_landsat_AOI-03_W2022_2023_Pearson_r,multi_aoi_ols,landsat,AOI-03,2025,W2022_2023,Pearson_r,0.93158611572824,0.93158611572824,counts: integer; manuscript headline RMSE/differences: 6 decimals; table values: source-derived fixed precision,results/primary/multi_aoi/multi_aoi_metrics.csv,AOI=AOI-03; sensor=landsat; window=W2022_2023; target_year=2025,code/primary_analysis/build_canonical_nonoverlap_outputs.py,CANONICAL
multi_landsat_AOI-03_W2023_2024_RMSE,multi_aoi_ols,landsat,AOI-03,2025,W2023_2024,RMSE,0.0403608217572506,0.040361,counts: integer; manuscript headline RMSE/differences: 6 decimals; table values: source-derived fixed precision,results/primary/multi_aoi/multi_aoi_metrics.csv,AOI=AOI-03; sensor=landsat; window=W2023_2024; target_year=2025,code/primary_analysis/build_canonical_nonoverlap_outputs.py,CANONICAL
multi_landsat_AOI-03_W2023_2024_MAE,multi_aoi_ols,landsat,AOI-03,2025,W2023_2024,MAE,0.0320276333655505,0.032028,counts: integer; manuscript headline RMSE/differences: 6 decimals; table values: source-derived fixed precision,results/primary/multi_aoi/multi_aoi_metrics.csv,AOI=AOI-03; sensor=landsat; window=W2023_2024; target_year=2025,code/primary_analysis/build_canonical_nonoverlap_outputs.py,CANONICAL
multi_landsat_AOI-03_W2023_2024_Bias,multi_aoi_ols,landsat,AOI-03,2025,W2023_2024,Bias,0.0178619254259415,0.017862,counts: integer; manuscript headline RMSE/differences: 6 decimals; table values: source-derived fixed precision,results/primary/multi_aoi/multi_aoi_metrics.csv,AOI=AOI-03; sensor=landsat; window=W2023_2024; target_year=2025,code/primary_analysis/build_canonical_nonoverlap_outputs.py,CANONICAL
multi_landsat_AOI-03_W2023_2024_R2,multi_aoi_ols,landsat,AOI-03,2025,W2023_2024,R2,0.8337629653842307,0.8337629653842307,counts: integer; manuscript headline RMSE/differences: 6 decimals; table values: source-derived fixed precision,results/primary/multi_aoi/multi_aoi_metrics.csv,AOI=AOI-03; sensor=landsat; window=W2023_2024; target_year=2025,code/primary_analysis/build_canonical_nonoverlap_outputs.py,CANONICAL
multi_landsat_AOI-03_W2023_2024_Pearson_r,multi_aoi_ols,landsat,AOI-03,2025,W2023_2024,Pearson_r,0.9314929312459388,0.9314929312459388,counts: integer; manuscript headline RMSE/differences: 6 decimals; table values: source-derived fixed precision,results/primary/multi_aoi/multi_aoi_metrics.csv,AOI=AOI-03; sensor=landsat; window=W2023_2024; target_year=2025,code/primary_analysis/build_canonical_nonoverlap_outputs.py,CANONICAL
multi_landsat_AOI-03_W2022_2024_RMSE,multi_aoi_ols,landsat,AOI-03,2025,W2022_2024,RMSE,0.0388553593735334,0.038855,counts: integer; manuscript headline RMSE/differences: 6 decimals; table values: source-derived fixed precision,results/primary/multi_aoi/multi_aoi_metrics.csv,AOI=AOI-03; sensor=landsat; window=W2022_2024; target_year=2025,code/primary_analysis/build_canonical_nonoverlap_outputs.py,CANONICAL
multi_landsat_AOI-03_W2022_2024_MAE,multi_aoi_ols,landsat,AOI-03,2025,W2022_2024,MAE,0.0303184931299491,0.030318,counts: integer; manuscript headline RMSE/differences: 6 decimals; table values: source-derived fixed precision,results/primary/multi_aoi/multi_aoi_metrics.csv,AOI=AOI-03; sensor=landsat; window=W2022_2024; target_year=2025,code/primary_analysis/build_canonical_nonoverlap_outputs.py,CANONICAL
multi_landsat_AOI-03_W2022_2024_Bias,multi_aoi_ols,landsat,AOI-03,2025,W2022_2024,Bias,0.0142693697944905,0.014269,counts: integer; manuscript headline RMSE/differences: 6 decimals; table values: source-derived fixed precision,results/primary/multi_aoi/multi_aoi_metrics.csv,AOI=AOI-03; sensor=landsat; window=W2022_2024; target_year=2025,code/primary_analysis/build_canonical_nonoverlap_outputs.py,CANONICAL
multi_landsat_AOI-03_W2022_2024_R2,multi_aoi_ols,landsat,AOI-03,2025,W2022_2024,R2,0.8459329938398575,0.8459329938398575,counts: integer; manuscript headline RMSE/differences: 6 decimals; table values: source-derived fixed precision,results/primary/multi_aoi/multi_aoi_metrics.csv,AOI=AOI-03; sensor=landsat; window=W2022_2024; target_year=2025,code/primary_analysis/build_canonical_nonoverlap_outputs.py,CANONICAL
multi_landsat_AOI-03_W2022_2024_Pearson_r,multi_aoi_ols,landsat,AOI-03,2025,W2022_2024,Pearson_r,0.9315690216747432,0.9315690216747432,counts: integer; manuscript headline RMSE/differences: 6 decimals; table values: source-derived fixed precision,results/primary/multi_aoi/multi_aoi_metrics.csv,AOI=AOI-03; sensor=landsat; window=W2022_2024; target_year=2025,code/primary_analysis/build_canonical_nonoverlap_outputs.py,CANONICAL
multi_modis_AOI-03_W2022_RMSE,multi_aoi_ols,modis,AOI-03,2025,W2022,RMSE,0.0367661805133679,0.036766,counts: integer; manuscript headline RMSE/differences: 6 decimals; table values: source-derived fixed precision,results/primary/multi_aoi/multi_aoi_metrics.csv,AOI=AOI-03; sensor=modis; window=W2022; target_year=2025,code/primary_analysis/build_canonical_nonoverlap_outputs.py,CANONICAL
multi_modis_AOI-03_W2022_MAE,multi_aoi_ols,modis,AOI-03,2025,W2022,MAE,0.0266150632276926,0.026615,counts: integer; manuscript headline RMSE/differences: 6 decimals; table values: source-derived fixed precision,results/primary/multi_aoi/multi_aoi_metrics.csv,AOI=AOI-03; sensor=modis; window=W2022; target_year=2025,code/primary_analysis/build_canonical_nonoverlap_outputs.py,CANONICAL
multi_modis_AOI-03_W2022_Bias,multi_aoi_ols,modis,AOI-03,2025,W2022,Bias,0.0005493302605848,0.000549,counts: integer; manuscript headline RMSE/differences: 6 decimals; table values: source-derived fixed precision,results/primary/multi_aoi/multi_aoi_metrics.csv,AOI=AOI-03; sensor=modis; window=W2022; target_year=2025,code/primary_analysis/build_canonical_nonoverlap_outputs.py,CANONICAL
multi_modis_AOI-03_W2022_R2,multi_aoi_ols,modis,AOI-03,2025,W2022,R2,0.8760161748305333,0.8760161748305333,counts: integer; manuscript headline RMSE/differences: 6 decimals; table values: source-derived fixed precision,results/primary/multi_aoi/multi_aoi_metrics.csv,AOI=AOI-03; sensor=modis; window=W2022; target_year=2025,code/primary_analysis/build_canonical_nonoverlap_outputs.py,CANONICAL
multi_modis_AOI-03_W2022_Pearson_r,multi_aoi_ols,modis,AOI-03,2025,W2022,Pearson_r,0.9560241372148202,0.9560241372148202,counts: integer; manuscript headline RMSE/differences: 6 decimals; table values: source-derived fixed precision,results/primary/multi_aoi/multi_aoi_metrics.csv,AOI=AOI-03; sensor=modis; window=W2022; target_year=2025,code/primary_analysis/build_canonical_nonoverlap_outputs.py,CANONICAL
multi_modis_AOI-03_W2023_RMSE,multi_aoi_ols,modis,AOI-03,2025,W2023,RMSE,0.0320985275017847,0.032099,counts: integer; manuscript headline RMSE/differences: 6 decimals; table values: source-derived fixed precision,results/primary/multi_aoi/multi_aoi_metrics.csv,AOI=AOI-03; sensor=modis; window=W2023; target_year=2025,code/primary_analysis/build_canonical_nonoverlap_outputs.py,CANONICAL
multi_modis_AOI-03_W2023_MAE,multi_aoi_ols,modis,AOI-03,2025,W2023,MAE,0.0253886107297001,0.025389,counts: integer; manuscript headline RMSE/differences: 6 decimals; table values: source-derived fixed precision,results/primary/multi_aoi/multi_aoi_metrics.csv,AOI=AOI-03; sensor=modis; window=W2023; target_year=2025,code/primary_analysis/build_canonical_nonoverlap_outputs.py,CANONICAL
multi_modis_AOI-03_W2023_Bias,multi_aoi_ols,modis,AOI-03,2025,W2023,Bias,0.0094572997225095,0.009457,counts: integer; manuscript headline RMSE/differences: 6 decimals; table values: source-derived fixed precision,results/primary/multi_aoi/multi_aoi_metrics.csv,AOI=AOI-03; sensor=modis; window=W2023; target_year=2025,code/primary_analysis/build_canonical_nonoverlap_outputs.py,CANONICAL
multi_modis_AOI-03_W2023_R2,multi_aoi_ols,modis,AOI-03,2025,W2023,R2,0.9054986047475684,0.9054986047475684,counts: integer; manuscript headline RMSE/differences: 6 decimals; table values: source-derived fixed precision,results/primary/multi_aoi/multi_aoi_metrics.csv,AOI=AOI-03; sensor=modis; window=W2023; target_year=2025,code/primary_analysis/build_canonical_nonoverlap_outputs.py,CANONICAL
multi_modis_AOI-03_W2023_Pearson_r,multi_aoi_ols,modis,AOI-03,2025,W2023,Pearson_r,0.9567268331912242,0.9567268331912242,counts: integer; manuscript headline RMSE/differences: 6 decimals; table values: source-derived fixed precision,results/primary/multi_aoi/multi_aoi_metrics.csv,AOI=AOI-03; sensor=modis; window=W2023; target_year=2025,code/primary_analysis/build_canonical_nonoverlap_outputs.py,CANONICAL
multi_modis_AOI-03_W2024_RMSE,multi_aoi_ols,modis,AOI-03,2025,W2024,RMSE,0.0331368200538369,0.033137,counts: integer; manuscript headline RMSE/differences: 6 decimals; table values: source-derived fixed precision,results/primary/multi_aoi/multi_aoi_metrics.csv,AOI=AOI-03; sensor=modis; window=W2024; target_year=2025,code/primary_analysis/build_canonical_nonoverlap_outputs.py,CANONICAL
multi_modis_AOI-03_W2024_MAE,multi_aoi_ols,modis,AOI-03,2025,W2024,MAE,0.0264650236960208,0.026465,counts: integer; manuscript headline RMSE/differences: 6 decimals; table values: source-derived fixed precision,results/primary/multi_aoi/multi_aoi_metrics.csv,AOI=AOI-03; sensor=modis; window=W2024; target_year=2025,code/primary_analysis/build_canonical_nonoverlap_outputs.py,CANONICAL
multi_modis_AOI-03_W2024_Bias,multi_aoi_ols,modis,AOI-03,2025,W2024,Bias,0.0113852801813987,0.011385,counts: integer; manuscript headline RMSE/differences: 6 decimals; table values: source-derived fixed precision,results/primary/multi_aoi/multi_aoi_metrics.csv,AOI=AOI-03; sensor=modis; window=W2024; target_year=2025,code/primary_analysis/build_canonical_nonoverlap_outputs.py,CANONICAL
multi_modis_AOI-03_W2024_R2,multi_aoi_ols,modis,AOI-03,2025,W2024,R2,0.8992860429741835,0.8992860429741835,counts: integer; manuscript headline RMSE/differences: 6 decimals; table values: source-derived fixed precision,results/primary/multi_aoi/multi_aoi_metrics.csv,AOI=AOI-03; sensor=modis; window=W2024; target_year=2025,code/primary_analysis/build_canonical_nonoverlap_outputs.py,CANONICAL
multi_modis_AOI-03_W2024_Pearson_r,multi_aoi_ols,modis,AOI-03,2025,W2024,Pearson_r,0.9564197390356606,0.9564197390356606,counts: integer; manuscript headline RMSE/differences: 6 decimals; table values: source-derived fixed precision,results/primary/multi_aoi/multi_aoi_metrics.csv,AOI=AOI-03; sensor=modis; window=W2024; target_year=2025,code/primary_analysis/build_canonical_nonoverlap_outputs.py,CANONICAL
multi_modis_AOI-03_W2022_2023_RMSE,multi_aoi_ols,modis,AOI-03,2025,W2022_2023,RMSE,0.0322171445429851,0.032217,counts: integer; manuscript headline RMSE/differences: 6 decimals; table values: source-derived fixed precision,results/primary/multi_aoi/multi_aoi_metrics.csv,AOI=AOI-03; sensor=modis; window=W2022_2023; target_year=2025,code/primary_analysis/build_canonical_nonoverlap_outputs.py,CANONICAL
multi_modis_AOI-03_W2022_2023_MAE,multi_aoi_ols,modis,AOI-03,2025,W2022_2023,MAE,0.0249897578097833,0.024990,counts: integer; manuscript headline RMSE/differences: 6 decimals; table values: source-derived fixed precision,results/primary/multi_aoi/multi_aoi_metrics.csv,AOI=AOI-03; sensor=modis; window=W2022_2023; target_year=2025,code/primary_analysis/build_canonical_nonoverlap_outputs.py,CANONICAL
multi_modis_AOI-03_W2022_2023_Bias,multi_aoi_ols,modis,AOI-03,2025,W2022_2023,Bias,0.0064483704149827,0.006448,counts: integer; manuscript headline RMSE/differences: 6 decimals; table values: source-derived fixed precision,results/primary/multi_aoi/multi_aoi_metrics.csv,AOI=AOI-03; sensor=modis; window=W2022_2023; target_year=2025,code/primary_analysis/build_canonical_nonoverlap_outputs.py,CANONICAL
multi_modis_AOI-03_W2022_2023_R2,multi_aoi_ols,modis,AOI-03,2025,W2022_2023,R2,0.9047988724830868,0.9047988724830868,counts: integer; manuscript headline RMSE/differences: 6 decimals; table values: source-derived fixed precision,results/primary/multi_aoi/multi_aoi_metrics.csv,AOI=AOI-03; sensor=modis; window=W2022_2023; target_year=2025,code/primary_analysis/build_canonical_nonoverlap_outputs.py,CANONICAL
multi_modis_AOI-03_W2022_2023_Pearson_r,multi_aoi_ols,modis,AOI-03,2025,W2022_2023,Pearson_r,0.9565189443494212,0.9565189443494212,counts: integer; manuscript headline RMSE/differences: 6 decimals; table values: source-derived fixed precision,results/primary/multi_aoi/multi_aoi_metrics.csv,AOI=AOI-03; sensor=modis; window=W2022_2023; target_year=2025,code/primary_analysis/build_canonical_nonoverlap_outputs.py,CANONICAL
multi_modis_AOI-03_W2023_2024_RMSE,multi_aoi_ols,modis,AOI-03,2025,W2023_2024,RMSE,0.0327178257301312,0.032718,counts: integer; manuscript headline RMSE/differences: 6 decimals; table values: source-derived fixed precision,results/primary/multi_aoi/multi_aoi_metrics.csv,AOI=AOI-03; sensor=modis; window=W2023_2024; target_year=2025,code/primary_analysis/build_canonical_nonoverlap_outputs.py,CANONICAL
multi_modis_AOI-03_W2023_2024_MAE,multi_aoi_ols,modis,AOI-03,2025,W2023_2024,MAE,0.026019559990907,0.026020,counts: integer; manuscript headline RMSE/differences: 6 decimals; table values: source-derived fixed precision,results/primary/multi_aoi/multi_aoi_metrics.csv,AOI=AOI-03; sensor=modis; window=W2023_2024; target_year=2025,code/primary_analysis/build_canonical_nonoverlap_outputs.py,CANONICAL
multi_modis_AOI-03_W2023_2024_Bias,multi_aoi_ols,modis,AOI-03,2025,W2023_2024,Bias,0.0105989705107837,0.010599,counts: integer; manuscript headline RMSE/differences: 6 decimals; table values: source-derived fixed precision,results/primary/multi_aoi/multi_aoi_metrics.csv,AOI=AOI-03; sensor=modis; window=W2023_2024; target_year=2025,code/primary_analysis/build_canonical_nonoverlap_outputs.py,CANONICAL
multi_modis_AOI-03_W2023_2024_R2,multi_aoi_ols,modis,AOI-03,2025,W2023_2024,R2,0.9018168705531248,0.9018168705531248,counts: integer; manuscript headline RMSE/differences: 6 decimals; table values: source-derived fixed precision,results/primary/multi_aoi/multi_aoi_metrics.csv,AOI=AOI-03; sensor=modis; window=W2023_2024; target_year=2025,code/primary_analysis/build_canonical_nonoverlap_outputs.py,CANONICAL
multi_modis_AOI-03_W2023_2024_Pearson_r,multi_aoi_ols,modis,AOI-03,2025,W2023_2024,Pearson_r,0.956521703598288,0.956521703598288,counts: integer; manuscript headline RMSE/differences: 6 decimals; table values: source-derived fixed precision,results/primary/multi_aoi/multi_aoi_metrics.csv,AOI=AOI-03; sensor=modis; window=W2023_2024; target_year=2025,code/primary_analysis/build_canonical_nonoverlap_outputs.py,CANONICAL
multi_modis_AOI-03_W2022_2024_RMSE,multi_aoi_ols,modis,AOI-03,2025,W2022_2024,RMSE,0.0326519290100027,0.032652,counts: integer; manuscript headline RMSE/differences: 6 decimals; table values: source-derived fixed precision,results/primary/multi_aoi/multi_aoi_metrics.csv,AOI=AOI-03; sensor=modis; window=W2022_2024; target_year=2025,code/primary_analysis/build_canonical_nonoverlap_outputs.py,CANONICAL
multi_modis_AOI-03_W2022_2024_MAE,multi_aoi_ols,modis,AOI-03,2025,W2022_2024,MAE,0.0256863723714172,0.025686,counts: integer; manuscript headline RMSE/differences: 6 decimals; table values: source-derived fixed precision,results/primary/multi_aoi/multi_aoi_metrics.csv,AOI=AOI-03; sensor=modis; window=W2022_2024; target_year=2025,code/primary_analysis/build_canonical_nonoverlap_outputs.py,CANONICAL
multi_modis_AOI-03_W2022_2024_Bias,multi_aoi_ols,modis,AOI-03,2025,W2022_2024,Bias,0.0086793986326361,0.008679,counts: integer; manuscript headline RMSE/differences: 6 decimals; table values: source-derived fixed precision,results/primary/multi_aoi/multi_aoi_metrics.csv,AOI=AOI-03; sensor=modis; window=W2022_2024; target_year=2025,code/primary_analysis/build_canonical_nonoverlap_outputs.py,CANONICAL
multi_modis_AOI-03_W2022_2024_R2,multi_aoi_ols,modis,AOI-03,2025,W2022_2024,R2,0.9022119720321456,0.9022119720321456,counts: integer; manuscript headline RMSE/differences: 6 decimals; table values: source-derived fixed precision,results/primary/multi_aoi/multi_aoi_metrics.csv,AOI=AOI-03; sensor=modis; window=W2022_2024; target_year=2025,code/primary_analysis/build_canonical_nonoverlap_outputs.py,CANONICAL
multi_modis_AOI-03_W2022_2024_Pearson_r,multi_aoi_ols,modis,AOI-03,2025,W2022_2024,Pearson_r,0.9564318457401382,0.9564318457401382,counts: integer; manuscript headline RMSE/differences: 6 decimals; table values: source-derived fixed precision,results/primary/multi_aoi/multi_aoi_metrics.csv,AOI=AOI-03; sensor=modis; window=W2022_2024; target_year=2025,code/primary_analysis/build_canonical_nonoverlap_outputs.py,CANONICAL
multi_sentinel2_AOI-03_W2022_RMSE,multi_aoi_ols,sentinel2,AOI-03,2025,W2022,RMSE,0.0418459931112116,0.041846,counts: integer; manuscript headline RMSE/differences: 6 decimals; table values: source-derived fixed precision,results/primary/multi_aoi/multi_aoi_metrics.csv,AOI=AOI-03; sensor=sentinel2; window=W2022; target_year=2025,code/primary_analysis/build_canonical_nonoverlap_outputs.py,CANONICAL
multi_sentinel2_AOI-03_W2022_MAE,multi_aoi_ols,sentinel2,AOI-03,2025,W2022,MAE,0.0283249598993125,0.028325,counts: integer; manuscript headline RMSE/differences: 6 decimals; table values: source-derived fixed precision,results/primary/multi_aoi/multi_aoi_metrics.csv,AOI=AOI-03; sensor=sentinel2; window=W2022; target_year=2025,code/primary_analysis/build_canonical_nonoverlap_outputs.py,CANONICAL
multi_sentinel2_AOI-03_W2022_Bias,multi_aoi_ols,sentinel2,AOI-03,2025,W2022,Bias,-0.0032225105171374,-0.003223,counts: integer; manuscript headline RMSE/differences: 6 decimals; table values: source-derived fixed precision,results/primary/multi_aoi/multi_aoi_metrics.csv,AOI=AOI-03; sensor=sentinel2; window=W2022; target_year=2025,code/primary_analysis/build_canonical_nonoverlap_outputs.py,CANONICAL
multi_sentinel2_AOI-03_W2022_R2,multi_aoi_ols,sentinel2,AOI-03,2025,W2022,R2,0.809102104853717,0.809102104853717,counts: integer; manuscript headline RMSE/differences: 6 decimals; table values: source-derived fixed precision,results/primary/multi_aoi/multi_aoi_metrics.csv,AOI=AOI-03; sensor=sentinel2; window=W2022; target_year=2025,code/primary_analysis/build_canonical_nonoverlap_outputs.py,CANONICAL
multi_sentinel2_AOI-03_W2022_Pearson_r,multi_aoi_ols,sentinel2,AOI-03,2025,W2022,Pearson_r,0.9009694520478974,0.9009694520478974,counts: integer; manuscript headline RMSE/differences: 6 decimals; table values: source-derived fixed precision,results/primary/multi_aoi/multi_aoi_metrics.csv,AOI=AOI-03; sensor=sentinel2; window=W2022; target_year=2025,code/primary_analysis/build_canonical_nonoverlap_outputs.py,CANONICAL
multi_sentinel2_AOI-03_W2023_RMSE,multi_aoi_ols,sentinel2,AOI-03,2025,W2023,RMSE,0.0432933571275753,0.043293,counts: integer; manuscript headline RMSE/differences: 6 decimals; table values: source-derived fixed precision,results/primary/multi_aoi/multi_aoi_metrics.csv,AOI=AOI-03; sensor=sentinel2; window=W2023; target_year=2025,code/primary_analysis/build_canonical_nonoverlap_outputs.py,CANONICAL
multi_sentinel2_AOI-03_W2023_MAE,multi_aoi_ols,sentinel2,AOI-03,2025,W2023,MAE,0.0287941462829899,0.028794,counts: integer; manuscript headline RMSE/differences: 6 decimals; table values: source-derived fixed precision,results/primary/multi_aoi/multi_aoi_metrics.csv,AOI=AOI-03; sensor=sentinel2; window=W2023; target_year=2025,code/primary_analysis/build_canonical_nonoverlap_outputs.py,CANONICAL
multi_sentinel2_AOI-03_W2023_Bias,multi_aoi_ols,sentinel2,AOI-03,2025,W2023,Bias,-0.0054375824425423,-0.005438,counts: integer; manuscript headline RMSE/differences: 6 decimals; table values: source-derived fixed precision,results/primary/multi_aoi/multi_aoi_metrics.csv,AOI=AOI-03; sensor=sentinel2; window=W2023; target_year=2025,code/primary_analysis/build_canonical_nonoverlap_outputs.py,CANONICAL
multi_sentinel2_AOI-03_W2023_R2,multi_aoi_ols,sentinel2,AOI-03,2025,W2023,R2,0.7956682242513468,0.7956682242513468,counts: integer; manuscript headline RMSE/differences: 6 decimals; table values: source-derived fixed precision,results/primary/multi_aoi/multi_aoi_metrics.csv,AOI=AOI-03; sensor=sentinel2; window=W2023; target_year=2025,code/primary_analysis/build_canonical_nonoverlap_outputs.py,CANONICAL
multi_sentinel2_AOI-03_W2023_Pearson_r,multi_aoi_ols,sentinel2,AOI-03,2025,W2023,Pearson_r,0.9005999324178938,0.9005999324178938,counts: integer; manuscript headline RMSE/differences: 6 decimals; table values: source-derived fixed precision,results/primary/multi_aoi/multi_aoi_metrics.csv,AOI=AOI-03; sensor=sentinel2; window=W2023; target_year=2025,code/primary_analysis/build_canonical_nonoverlap_outputs.py,CANONICAL
multi_sentinel2_AOI-03_W2024_RMSE,multi_aoi_ols,sentinel2,AOI-03,2025,W2024,RMSE,0.0417760053410692,0.041776,counts: integer; manuscript headline RMSE/differences: 6 decimals; table values: source-derived fixed precision,results/primary/multi_aoi/multi_aoi_metrics.csv,AOI=AOI-03; sensor=sentinel2; window=W2024; target_year=2025,code/primary_analysis/build_canonical_nonoverlap_outputs.py,CANONICAL
multi_sentinel2_AOI-03_W2024_MAE,multi_aoi_ols,sentinel2,AOI-03,2025,W2024,MAE,0.0284692519851365,0.028469,counts: integer; manuscript headline RMSE/differences: 6 decimals; table values: source-derived fixed precision,results/primary/multi_aoi/multi_aoi_metrics.csv,AOI=AOI-03; sensor=sentinel2; window=W2024; target_year=2025,code/primary_analysis/build_canonical_nonoverlap_outputs.py,CANONICAL
multi_sentinel2_AOI-03_W2024_Bias,multi_aoi_ols,sentinel2,AOI-03,2025,W2024,Bias,-0.0024264328666484,-0.002426,counts: integer; manuscript headline RMSE/differences: 6 decimals; table values: source-derived fixed precision,results/primary/multi_aoi/multi_aoi_metrics.csv,AOI=AOI-03; sensor=sentinel2; window=W2024; target_year=2025,code/primary_analysis/build_canonical_nonoverlap_outputs.py,CANONICAL
multi_sentinel2_AOI-03_W2024_R2,multi_aoi_ols,sentinel2,AOI-03,2025,W2024,R2,0.8097401274802645,0.8097401274802645,counts: integer; manuscript headline RMSE/differences: 6 decimals; table values: source-derived fixed precision,results/primary/multi_aoi/multi_aoi_metrics.csv,AOI=AOI-03; sensor=sentinel2; window=W2024; target_year=2025,code/primary_analysis/build_canonical_nonoverlap_outputs.py,CANONICAL
multi_sentinel2_AOI-03_W2024_Pearson_r,multi_aoi_ols,sentinel2,AOI-03,2025,W2024,Pearson_r,0.9009453347402078,0.9009453347402078,counts: integer; manuscript headline RMSE/differences: 6 decimals; table values: source-derived fixed precision,results/primary/multi_aoi/multi_aoi_metrics.csv,AOI=AOI-03; sensor=sentinel2; window=W2024; target_year=2025,code/primary_analysis/build_canonical_nonoverlap_outputs.py,CANONICAL
multi_sentinel2_AOI-03_W2022_2023_RMSE,multi_aoi_ols,sentinel2,AOI-03,2025,W2022_2023,RMSE,0.042337150037392,0.042337,counts: integer; manuscript headline RMSE/differences: 6 decimals; table values: source-derived fixed precision,results/primary/multi_aoi/multi_aoi_metrics.csv,AOI=AOI-03; sensor=sentinel2; window=W2022_2023; target_year=2025,code/primary_analysis/build_canonical_nonoverlap_outputs.py,CANONICAL
multi_sentinel2_AOI-03_W2022_2023_MAE,multi_aoi_ols,sentinel2,AOI-03,2025,W2022_2023,MAE,0.0283761311265739,0.028376,counts: integer; manuscript headline RMSE/differences: 6 decimals; table values: source-derived fixed precision,results/primary/multi_aoi/multi_aoi_metrics.csv,AOI=AOI-03; sensor=sentinel2; window=W2022_2023; target_year=2025,code/primary_analysis/build_canonical_nonoverlap_outputs.py,CANONICAL
multi_sentinel2_AOI-03_W2022_2023_Bias,multi_aoi_ols,sentinel2,AOI-03,2025,W2022_2023,Bias,-0.0043845842624315,-0.004385,counts: integer; manuscript headline RMSE/differences: 6 decimals; table values: source-derived fixed precision,results/primary/multi_aoi/multi_aoi_metrics.csv,AOI=AOI-03; sensor=sentinel2; window=W2022_2023; target_year=2025,code/primary_analysis/build_canonical_nonoverlap_outputs.py,CANONICAL
multi_sentinel2_AOI-03_W2022_2023_R2,multi_aoi_ols,sentinel2,AOI-03,2025,W2022_2023,R2,0.8045945731383305,0.8045945731383305,counts: integer; manuscript headline RMSE/differences: 6 decimals; table values: source-derived fixed precision,results/primary/multi_aoi/multi_aoi_metrics.csv,AOI=AOI-03; sensor=sentinel2; window=W2022_2023; target_year=2025,code/primary_analysis/build_canonical_nonoverlap_outputs.py,CANONICAL
multi_sentinel2_AOI-03_W2022_2023_Pearson_r,multi_aoi_ols,sentinel2,AOI-03,2025,W2022_2023,Pearson_r,0.9008053410873604,0.9008053410873604,counts: integer; manuscript headline RMSE/differences: 6 decimals; table values: source-derived fixed precision,results/primary/multi_aoi/multi_aoi_metrics.csv,AOI=AOI-03; sensor=sentinel2; window=W2022_2023; target_year=2025,code/primary_analysis/build_canonical_nonoverlap_outputs.py,CANONICAL
multi_sentinel2_AOI-03_W2023_2024_RMSE,multi_aoi_ols,sentinel2,AOI-03,2025,W2023_2024,RMSE,0.0422580131745853,0.042258,counts: integer; manuscript headline RMSE/differences: 6 decimals; table values: source-derived fixed precision,results/primary/multi_aoi/multi_aoi_metrics.csv,AOI=AOI-03; sensor=sentinel2; window=W2023_2024; target_year=2025,code/primary_analysis/build_canonical_nonoverlap_outputs.py,CANONICAL
multi_sentinel2_AOI-03_W2023_2024_MAE,multi_aoi_ols,sentinel2,AOI-03,2025,W2023_2024,MAE,0.0283996017944257,0.028400,counts: integer; manuscript headline RMSE/differences: 6 decimals; table values: source-derived fixed precision,results/primary/multi_aoi/multi_aoi_metrics.csv,AOI=AOI-03; sensor=sentinel2; window=W2023_2024; target_year=2025,code/primary_analysis/build_canonical_nonoverlap_outputs.py,CANONICAL
multi_sentinel2_AOI-03_W2023_2024_Bias,multi_aoi_ols,sentinel2,AOI-03,2025,W2023_2024,Bias,-0.0040741011387953,-0.004074,counts: integer; manuscript headline RMSE/differences: 6 decimals; table values: source-derived fixed precision,results/primary/multi_aoi/multi_aoi_metrics.csv,AOI=AOI-03; sensor=sentinel2; window=W2023_2024; target_year=2025,code/primary_analysis/build_canonical_nonoverlap_outputs.py,CANONICAL
multi_sentinel2_AOI-03_W2023_2024_R2,multi_aoi_ols,sentinel2,AOI-03,2025,W2023_2024,R2,0.8053243964709831,0.8053243964709831,counts: integer; manuscript headline RMSE/differences: 6 decimals; table values: source-derived fixed precision,results/primary/multi_aoi/multi_aoi_metrics.csv,AOI=AOI-03; sensor=sentinel2; window=W2023_2024; target_year=2025,code/primary_analysis/build_canonical_nonoverlap_outputs.py,CANONICAL
multi_sentinel2_AOI-03_W2023_2024_Pearson_r,multi_aoi_ols,sentinel2,AOI-03,2025,W2023_2024,Pearson_r,0.9008128360598032,0.9008128360598032,counts: integer; manuscript headline RMSE/differences: 6 decimals; table values: source-derived fixed precision,results/primary/multi_aoi/multi_aoi_metrics.csv,AOI=AOI-03; sensor=sentinel2; window=W2023_2024; target_year=2025,code/primary_analysis/build_canonical_nonoverlap_outputs.py,CANONICAL
multi_sentinel2_AOI-03_W2022_2024_RMSE,multi_aoi_ols,sentinel2,AOI-03,2025,W2022_2024,RMSE,0.0420939656716141,0.042094,counts: integer; manuscript headline RMSE/differences: 6 decimals; table values: source-derived fixed precision,results/primary/multi_aoi/multi_aoi_metrics.csv,AOI=AOI-03; sensor=sentinel2; window=W2022_2024; target_year=2025,code/primary_analysis/build_canonical_nonoverlap_outputs.py,CANONICAL
multi_sentinel2_AOI-03_W2022_2024_MAE,multi_aoi_ols,sentinel2,AOI-03,2025,W2022_2024,MAE,0.028356104100038,0.028356,counts: integer; manuscript headline RMSE/differences: 6 decimals; table values: source-derived fixed precision,results/primary/multi_aoi/multi_aoi_metrics.csv,AOI=AOI-03; sensor=sentinel2; window=W2022_2024; target_year=2025,code/primary_analysis/build_canonical_nonoverlap_outputs.py,CANONICAL
multi_sentinel2_AOI-03_W2022_2024_Bias,multi_aoi_ols,sentinel2,AOI-03,2025,W2022_2024,Bias,-0.0037910819019682,-0.003791,counts: integer; manuscript headline RMSE/differences: 6 decimals; table values: source-derived fixed precision,results/primary/multi_aoi/multi_aoi_metrics.csv,AOI=AOI-03; sensor=sentinel2; window=W2022_2024; target_year=2025,code/primary_analysis/build_canonical_nonoverlap_outputs.py,CANONICAL
multi_sentinel2_AOI-03_W2022_2024_R2,multi_aoi_ols,sentinel2,AOI-03,2025,W2022_2024,R2,0.8068329415099443,0.8068329415099443,counts: integer; manuscript headline RMSE/differences: 6 decimals; table values: source-derived fixed precision,results/primary/multi_aoi/multi_aoi_metrics.csv,AOI=AOI-03; sensor=sentinel2; window=W2022_2024; target_year=2025,code/primary_analysis/build_canonical_nonoverlap_outputs.py,CANONICAL
multi_sentinel2_AOI-03_W2022_2024_Pearson_r,multi_aoi_ols,sentinel2,AOI-03,2025,W2022_2024,Pearson_r,0.9008683316697196,0.9008683316697196,counts: integer; manuscript headline RMSE/differences: 6 decimals; table values: source-derived fixed precision,results/primary/multi_aoi/multi_aoi_metrics.csv,AOI=AOI-03; sensor=sentinel2; window=W2022_2024; target_year=2025,code/primary_analysis/build_canonical_nonoverlap_outputs.py,CANONICAL
rolling_landsat_AOI-00_R2024-H1_RMSE,rolling_origin_ols,landsat,AOI-00,2024,R2024-H1,RMSE,0.0542160330755278,0.054216,counts: integer; manuscript headline RMSE/differences: 6 decimals; table values: source-derived fixed precision,results/primary/rolling_origin/rolling_origin_metrics.csv,AOI=AOI-00; sensor=landsat; rolling_id=R2024-H1; target_year=2024,code/primary_analysis/build_canonical_nonoverlap_outputs.py,CANONICAL
rolling_landsat_AOI-00_R2024-H1_MAE,rolling_origin_ols,landsat,AOI-00,2024,R2024-H1,MAE,0.0437617159430832,0.043762,counts: integer; manuscript headline RMSE/differences: 6 decimals; table values: source-derived fixed precision,results/primary/rolling_origin/rolling_origin_metrics.csv,AOI=AOI-00; sensor=landsat; rolling_id=R2024-H1; target_year=2024,code/primary_analysis/build_canonical_nonoverlap_outputs.py,CANONICAL
rolling_landsat_AOI-00_R2024-H1_Bias,rolling_origin_ols,landsat,AOI-00,2024,R2024-H1,Bias,0.0169635777091307,0.016964,counts: integer; manuscript headline RMSE/differences: 6 decimals; table values: source-derived fixed precision,results/primary/rolling_origin/rolling_origin_metrics.csv,AOI=AOI-00; sensor=landsat; rolling_id=R2024-H1; target_year=2024,code/primary_analysis/build_canonical_nonoverlap_outputs.py,CANONICAL
rolling_landsat_AOI-00_R2024-H2_RMSE,rolling_origin_ols,landsat,AOI-00,2024,R2024-H2,RMSE,0.0554669895597215,0.055467,counts: integer; manuscript headline RMSE/differences: 6 decimals; table values: source-derived fixed precision,results/primary/rolling_origin/rolling_origin_metrics.csv,AOI=AOI-00; sensor=landsat; rolling_id=R2024-H2; target_year=2024,code/primary_analysis/build_canonical_nonoverlap_outputs.py,CANONICAL
rolling_landsat_AOI-00_R2024-H2_MAE,rolling_origin_ols,landsat,AOI-00,2024,R2024-H2,MAE,0.0448675056412832,0.044868,counts: integer; manuscript headline RMSE/differences: 6 decimals; table values: source-derived fixed precision,results/primary/rolling_origin/rolling_origin_metrics.csv,AOI=AOI-00; sensor=landsat; rolling_id=R2024-H2; target_year=2024,code/primary_analysis/build_canonical_nonoverlap_outputs.py,CANONICAL
rolling_landsat_AOI-00_R2024-H2_Bias,rolling_origin_ols,landsat,AOI-00,2024,R2024-H2,Bias,0.0209593586172175,0.020959,counts: integer; manuscript headline RMSE/differences: 6 decimals; table values: source-derived fixed precision,results/primary/rolling_origin/rolling_origin_metrics.csv,AOI=AOI-00; sensor=landsat; rolling_id=R2024-H2; target_year=2024,code/primary_analysis/build_canonical_nonoverlap_outputs.py,CANONICAL
rolling_landsat_AOI-00_R2024-H3_RMSE,rolling_origin_ols,landsat,AOI-00,2024,R2024-H3,RMSE,0.0541550305470345,0.054155,counts: integer; manuscript headline RMSE/differences: 6 decimals; table values: source-derived fixed precision,results/primary/rolling_origin/rolling_origin_metrics.csv,AOI=AOI-00; sensor=landsat; rolling_id=R2024-H3; target_year=2024,code/primary_analysis/build_canonical_nonoverlap_outputs.py,CANONICAL
rolling_landsat_AOI-00_R2024-H3_MAE,rolling_origin_ols,landsat,AOI-00,2024,R2024-H3,MAE,0.0437275406326013,0.043728,counts: integer; manuscript headline RMSE/differences: 6 decimals; table values: source-derived fixed precision,results/primary/rolling_origin/rolling_origin_metrics.csv,AOI=AOI-00; sensor=landsat; rolling_id=R2024-H3; target_year=2024,code/primary_analysis/build_canonical_nonoverlap_outputs.py,CANONICAL
rolling_landsat_AOI-00_R2024-H3_Bias,rolling_origin_ols,landsat,AOI-00,2024,R2024-H3,Bias,0.0179888864187821,0.017989,counts: integer; manuscript headline RMSE/differences: 6 decimals; table values: source-derived fixed precision,results/primary/rolling_origin/rolling_origin_metrics.csv,AOI=AOI-00; sensor=landsat; rolling_id=R2024-H3; target_year=2024,code/primary_analysis/build_canonical_nonoverlap_outputs.py,CANONICAL
rolling_landsat_AOI-00_R2025-H1_RMSE,rolling_origin_ols,landsat,AOI-00,2025,R2025-H1,RMSE,0.0564420936508308,0.056442,counts: integer; manuscript headline RMSE/differences: 6 decimals; table values: source-derived fixed precision,results/primary/rolling_origin/rolling_origin_metrics.csv,AOI=AOI-00; sensor=landsat; rolling_id=R2025-H1; target_year=2025,code/primary_analysis/build_canonical_nonoverlap_outputs.py,CANONICAL
rolling_landsat_AOI-00_R2025-H1_MAE,rolling_origin_ols,landsat,AOI-00,2025,R2025-H1,MAE,0.0458712970417949,0.045871,counts: integer; manuscript headline RMSE/differences: 6 decimals; table values: source-derived fixed precision,results/primary/rolling_origin/rolling_origin_metrics.csv,AOI=AOI-00; sensor=landsat; rolling_id=R2025-H1; target_year=2025,code/primary_analysis/build_canonical_nonoverlap_outputs.py,CANONICAL
rolling_landsat_AOI-00_R2025-H1_Bias,rolling_origin_ols,landsat,AOI-00,2025,R2025-H1,Bias,-0.0272877164921305,-0.027288,counts: integer; manuscript headline RMSE/differences: 6 decimals; table values: source-derived fixed precision,results/primary/rolling_origin/rolling_origin_metrics.csv,AOI=AOI-00; sensor=landsat; rolling_id=R2025-H1; target_year=2025,code/primary_analysis/build_canonical_nonoverlap_outputs.py,CANONICAL
rolling_landsat_AOI-00_R2025-H2_RMSE,rolling_origin_ols,landsat,AOI-00,2025,R2025-H2,RMSE,0.0530310819217106,0.053031,counts: integer; manuscript headline RMSE/differences: 6 decimals; table values: source-derived fixed precision,results/primary/rolling_origin/rolling_origin_metrics.csv,AOI=AOI-00; sensor=landsat; rolling_id=R2025-H2; target_year=2025,code/primary_analysis/build_canonical_nonoverlap_outputs.py,CANONICAL
rolling_landsat_AOI-00_R2025-H2_MAE,rolling_origin_ols,landsat,AOI-00,2025,R2025-H2,MAE,0.0432492653225373,0.043249,counts: integer; manuscript headline RMSE/differences: 6 decimals; table values: source-derived fixed precision,results/primary/rolling_origin/rolling_origin_metrics.csv,AOI=AOI-00; sensor=landsat; rolling_id=R2025-H2; target_year=2025,code/primary_analysis/build_canonical_nonoverlap_outputs.py,CANONICAL
rolling_landsat_AOI-00_R2025-H2_Bias,rolling_origin_ols,landsat,AOI-00,2025,R2025-H2,Bias,-0.0197504641536073,-0.019750,counts: integer; manuscript headline RMSE/differences: 6 decimals; table values: source-derived fixed precision,results/primary/rolling_origin/rolling_origin_metrics.csv,AOI=AOI-00; sensor=landsat; rolling_id=R2025-H2; target_year=2025,code/primary_analysis/build_canonical_nonoverlap_outputs.py,CANONICAL
rolling_landsat_AOI-00_R2025-H3_RMSE,rolling_origin_ols,landsat,AOI-00,2025,R2025-H3,RMSE,0.0514311399500868,0.051431,counts: integer; manuscript headline RMSE/differences: 6 decimals; table values: source-derived fixed precision,results/primary/rolling_origin/rolling_origin_metrics.csv,AOI=AOI-00; sensor=landsat; rolling_id=R2025-H3; target_year=2025,code/primary_analysis/build_canonical_nonoverlap_outputs.py,CANONICAL
rolling_landsat_AOI-00_R2025-H3_MAE,rolling_origin_ols,landsat,AOI-00,2025,R2025-H3,MAE,0.042138244427321,0.042138,counts: integer; manuscript headline RMSE/differences: 6 decimals; table values: source-derived fixed precision,results/primary/rolling_origin/rolling_origin_metrics.csv,AOI=AOI-00; sensor=landsat; rolling_id=R2025-H3; target_year=2025,code/primary_analysis/build_canonical_nonoverlap_outputs.py,CANONICAL
rolling_landsat_AOI-00_R2025-H3_Bias,rolling_origin_ols,landsat,AOI-00,2025,R2025-H3,Bias,-0.0148883960426229,-0.014888,counts: integer; manuscript headline RMSE/differences: 6 decimals; table values: source-derived fixed precision,results/primary/rolling_origin/rolling_origin_metrics.csv,AOI=AOI-00; sensor=landsat; rolling_id=R2025-H3; target_year=2025,code/primary_analysis/build_canonical_nonoverlap_outputs.py,CANONICAL
rolling_modis_AOI-00_R2024-H1_RMSE,rolling_origin_ols,modis,AOI-00,2024,R2024-H1,RMSE,0.0469609231337881,0.046961,counts: integer; manuscript headline RMSE/differences: 6 decimals; table values: source-derived fixed precision,results/primary/rolling_origin/rolling_origin_metrics.csv,AOI=AOI-00; sensor=modis; rolling_id=R2024-H1; target_year=2024,code/primary_analysis/build_canonical_nonoverlap_outputs.py,CANONICAL
rolling_modis_AOI-00_R2024-H1_MAE,rolling_origin_ols,modis,AOI-00,2024,R2024-H1,MAE,0.037881294005967,0.037881,counts: integer; manuscript headline RMSE/differences: 6 decimals; table values: source-derived fixed precision,results/primary/rolling_origin/rolling_origin_metrics.csv,AOI=AOI-00; sensor=modis; rolling_id=R2024-H1; target_year=2024,code/primary_analysis/build_canonical_nonoverlap_outputs.py,CANONICAL
rolling_modis_AOI-00_R2024-H1_Bias,rolling_origin_ols,modis,AOI-00,2024,R2024-H1,Bias,0.009768128020213,0.009768,counts: integer; manuscript headline RMSE/differences: 6 decimals; table values: source-derived fixed precision,results/primary/rolling_origin/rolling_origin_metrics.csv,AOI=AOI-00; sensor=modis; rolling_id=R2024-H1; target_year=2024,code/primary_analysis/build_canonical_nonoverlap_outputs.py,CANONICAL
rolling_modis_AOI-00_R2024-H2_RMSE,rolling_origin_ols,modis,AOI-00,2024,R2024-H2,RMSE,0.0465865170269773,0.046587,counts: integer; manuscript headline RMSE/differences: 6 decimals; table values: source-derived fixed precision,results/primary/rolling_origin/rolling_origin_metrics.csv,AOI=AOI-00; sensor=modis; rolling_id=R2024-H2; target_year=2024,code/primary_analysis/build_canonical_nonoverlap_outputs.py,CANONICAL
rolling_modis_AOI-00_R2024-H2_MAE,rolling_origin_ols,modis,AOI-00,2024,R2024-H2,MAE,0.0372497972336459,0.037250,counts: integer; manuscript headline RMSE/differences: 6 decimals; table values: source-derived fixed precision,results/primary/rolling_origin/rolling_origin_metrics.csv,AOI=AOI-00; sensor=modis; rolling_id=R2024-H2; target_year=2024,code/primary_analysis/build_canonical_nonoverlap_outputs.py,CANONICAL
rolling_modis_AOI-00_R2024-H2_Bias,rolling_origin_ols,modis,AOI-00,2024,R2024-H2,Bias,0.0057805861365,0.005781,counts: integer; manuscript headline RMSE/differences: 6 decimals; table values: source-derived fixed precision,results/primary/rolling_origin/rolling_origin_metrics.csv,AOI=AOI-00; sensor=modis; rolling_id=R2024-H2; target_year=2024,code/primary_analysis/build_canonical_nonoverlap_outputs.py,CANONICAL
rolling_modis_AOI-00_R2024-H3_RMSE,rolling_origin_ols,modis,AOI-00,2024,R2024-H3,RMSE,0.0466259156172687,0.046626,counts: integer; manuscript headline RMSE/differences: 6 decimals; table values: source-derived fixed precision,results/primary/rolling_origin/rolling_origin_metrics.csv,AOI=AOI-00; sensor=modis; rolling_id=R2024-H3; target_year=2024,code/primary_analysis/build_canonical_nonoverlap_outputs.py,CANONICAL
rolling_modis_AOI-00_R2024-H3_MAE,rolling_origin_ols,modis,AOI-00,2024,R2024-H3,MAE,0.037397439119613,0.037397,counts: integer; manuscript headline RMSE/differences: 6 decimals; table values: source-derived fixed precision,results/primary/rolling_origin/rolling_origin_metrics.csv,AOI=AOI-00; sensor=modis; rolling_id=R2024-H3; target_year=2024,code/primary_analysis/build_canonical_nonoverlap_outputs.py,CANONICAL
rolling_modis_AOI-00_R2024-H3_Bias,rolling_origin_ols,modis,AOI-00,2024,R2024-H3,Bias,0.0071070110318137,0.007107,counts: integer; manuscript headline RMSE/differences: 6 decimals; table values: source-derived fixed precision,results/primary/rolling_origin/rolling_origin_metrics.csv,AOI=AOI-00; sensor=modis; rolling_id=R2024-H3; target_year=2024,code/primary_analysis/build_canonical_nonoverlap_outputs.py,CANONICAL
rolling_modis_AOI-00_R2025-H1_RMSE,rolling_origin_ols,modis,AOI-00,2025,R2025-H1,RMSE,0.0444963977992049,0.044496,counts: integer; manuscript headline RMSE/differences: 6 decimals; table values: source-derived fixed precision,results/primary/rolling_origin/rolling_origin_metrics.csv,AOI=AOI-00; sensor=modis; rolling_id=R2025-H1; target_year=2025,code/primary_analysis/build_canonical_nonoverlap_outputs.py,CANONICAL
rolling_modis_AOI-00_R2025-H1_MAE,rolling_origin_ols,modis,AOI-00,2025,R2025-H1,MAE,0.0342448811228304,0.034245,counts: integer; manuscript headline RMSE/differences: 6 decimals; table values: source-derived fixed precision,results/primary/rolling_origin/rolling_origin_metrics.csv,AOI=AOI-00; sensor=modis; rolling_id=R2025-H1; target_year=2025,code/primary_analysis/build_canonical_nonoverlap_outputs.py,CANONICAL
rolling_modis_AOI-00_R2025-H1_Bias,rolling_origin_ols,modis,AOI-00,2025,R2025-H1,Bias,-0.0127998791318279,-0.012800,counts: integer; manuscript headline RMSE/differences: 6 decimals; table values: source-derived fixed precision,results/primary/rolling_origin/rolling_origin_metrics.csv,AOI=AOI-00; sensor=modis; rolling_id=R2025-H1; target_year=2025,code/primary_analysis/build_canonical_nonoverlap_outputs.py,CANONICAL
rolling_modis_AOI-00_R2025-H2_RMSE,rolling_origin_ols,modis,AOI-00,2025,R2025-H2,RMSE,0.0423814986103728,0.042381,counts: integer; manuscript headline RMSE/differences: 6 decimals; table values: source-derived fixed precision,results/primary/rolling_origin/rolling_origin_metrics.csv,AOI=AOI-00; sensor=modis; rolling_id=R2025-H2; target_year=2025,code/primary_analysis/build_canonical_nonoverlap_outputs.py,CANONICAL
rolling_modis_AOI-00_R2025-H2_MAE,rolling_origin_ols,modis,AOI-00,2025,R2025-H2,MAE,0.0330424066343567,0.033042,counts: integer; manuscript headline RMSE/differences: 6 decimals; table values: source-derived fixed precision,results/primary/rolling_origin/rolling_origin_metrics.csv,AOI=AOI-00; sensor=modis; rolling_id=R2025-H2; target_year=2025,code/primary_analysis/build_canonical_nonoverlap_outputs.py,CANONICAL
rolling_modis_AOI-00_R2025-H2_Bias,rolling_origin_ols,modis,AOI-00,2025,R2025-H2,Bias,-0.0055904452425919,-0.005590,counts: integer; manuscript headline RMSE/differences: 6 decimals; table values: source-derived fixed precision,results/primary/rolling_origin/rolling_origin_metrics.csv,AOI=AOI-00; sensor=modis; rolling_id=R2025-H2; target_year=2025,code/primary_analysis/build_canonical_nonoverlap_outputs.py,CANONICAL
rolling_modis_AOI-00_R2025-H3_RMSE,rolling_origin_ols,modis,AOI-00,2025,R2025-H3,RMSE,0.0423813599278264,0.042381,counts: integer; manuscript headline RMSE/differences: 6 decimals; table values: source-derived fixed precision,results/primary/rolling_origin/rolling_origin_metrics.csv,AOI=AOI-00; sensor=modis; rolling_id=R2025-H3; target_year=2025,code/primary_analysis/build_canonical_nonoverlap_outputs.py,CANONICAL
rolling_modis_AOI-00_R2025-H3_MAE,rolling_origin_ols,modis,AOI-00,2025,R2025-H3,MAE,0.0329399323498866,0.032940,counts: integer; manuscript headline RMSE/differences: 6 decimals; table values: source-derived fixed precision,results/primary/rolling_origin/rolling_origin_metrics.csv,AOI=AOI-00; sensor=modis; rolling_id=R2025-H3; target_year=2025,code/primary_analysis/build_canonical_nonoverlap_outputs.py,CANONICAL
rolling_modis_AOI-00_R2025-H3_Bias,rolling_origin_ols,modis,AOI-00,2025,R2025-H3,Bias,-0.0065957525893229,-0.006596,counts: integer; manuscript headline RMSE/differences: 6 decimals; table values: source-derived fixed precision,results/primary/rolling_origin/rolling_origin_metrics.csv,AOI=AOI-00; sensor=modis; rolling_id=R2025-H3; target_year=2025,code/primary_analysis/build_canonical_nonoverlap_outputs.py,CANONICAL
rolling_sentinel2_AOI-00_R2024-H1_RMSE,rolling_origin_ols,sentinel2,AOI-00,2024,R2024-H1,RMSE,0.0639527993636913,0.063953,counts: integer; manuscript headline RMSE/differences: 6 decimals; table values: source-derived fixed precision,results/primary/rolling_origin/rolling_origin_metrics.csv,AOI=AOI-00; sensor=sentinel2; rolling_id=R2024-H1; target_year=2024,code/primary_analysis/build_canonical_nonoverlap_outputs.py,CANONICAL
rolling_sentinel2_AOI-00_R2024-H1_MAE,rolling_origin_ols,sentinel2,AOI-00,2024,R2024-H1,MAE,0.0504870588248307,0.050487,counts: integer; manuscript headline RMSE/differences: 6 decimals; table values: source-derived fixed precision,results/primary/rolling_origin/rolling_origin_metrics.csv,AOI=AOI-00; sensor=sentinel2; rolling_id=R2024-H1; target_year=2024,code/primary_analysis/build_canonical_nonoverlap_outputs.py,CANONICAL
rolling_sentinel2_AOI-00_R2024-H1_Bias,rolling_origin_ols,sentinel2,AOI-00,2024,R2024-H1,Bias,0.0065738078385262,0.006574,counts: integer; manuscript headline RMSE/differences: 6 decimals; table values: source-derived fixed precision,results/primary/rolling_origin/rolling_origin_metrics.csv,AOI=AOI-00; sensor=sentinel2; rolling_id=R2024-H1; target_year=2024,code/primary_analysis/build_canonical_nonoverlap_outputs.py,CANONICAL
rolling_sentinel2_AOI-00_R2024-H2_RMSE,rolling_origin_ols,sentinel2,AOI-00,2024,R2024-H2,RMSE,0.0638539209006433,0.063854,counts: integer; manuscript headline RMSE/differences: 6 decimals; table values: source-derived fixed precision,results/primary/rolling_origin/rolling_origin_metrics.csv,AOI=AOI-00; sensor=sentinel2; rolling_id=R2024-H2; target_year=2024,code/primary_analysis/build_canonical_nonoverlap_outputs.py,CANONICAL
rolling_sentinel2_AOI-00_R2024-H2_MAE,rolling_origin_ols,sentinel2,AOI-00,2024,R2024-H2,MAE,0.0505515394288713,0.050552,counts: integer; manuscript headline RMSE/differences: 6 decimals; table values: source-derived fixed precision,results/primary/rolling_origin/rolling_origin_metrics.csv,AOI=AOI-00; sensor=sentinel2; rolling_id=R2024-H2; target_year=2024,code/primary_analysis/build_canonical_nonoverlap_outputs.py,CANONICAL
rolling_sentinel2_AOI-00_R2024-H2_Bias,rolling_origin_ols,sentinel2,AOI-00,2024,R2024-H2,Bias,0.0093999981186249,0.009400,counts: integer; manuscript headline RMSE/differences: 6 decimals; table values: source-derived fixed precision,results/primary/rolling_origin/rolling_origin_metrics.csv,AOI=AOI-00; sensor=sentinel2; rolling_id=R2024-H2; target_year=2024,code/primary_analysis/build_canonical_nonoverlap_outputs.py,CANONICAL
rolling_sentinel2_AOI-00_R2024-H3_RMSE,rolling_origin_ols,sentinel2,AOI-00,2024,R2024-H3,RMSE,0.067040609042033,0.067041,counts: integer; manuscript headline RMSE/differences: 6 decimals; table values: source-derived fixed precision,results/primary/rolling_origin/rolling_origin_metrics.csv,AOI=AOI-00; sensor=sentinel2; rolling_id=R2024-H3; target_year=2024,code/primary_analysis/build_canonical_nonoverlap_outputs.py,CANONICAL
rolling_sentinel2_AOI-00_R2024-H3_MAE,rolling_origin_ols,sentinel2,AOI-00,2024,R2024-H3,MAE,0.0534111403032675,0.053411,counts: integer; manuscript headline RMSE/differences: 6 decimals; table values: source-derived fixed precision,results/primary/rolling_origin/rolling_origin_metrics.csv,AOI=AOI-00; sensor=sentinel2; rolling_id=R2024-H3; target_year=2024,code/primary_analysis/build_canonical_nonoverlap_outputs.py,CANONICAL
rolling_sentinel2_AOI-00_R2024-H3_Bias,rolling_origin_ols,sentinel2,AOI-00,2024,R2024-H3,Bias,0.0239037622902255,0.023904,counts: integer; manuscript headline RMSE/differences: 6 decimals; table values: source-derived fixed precision,results/primary/rolling_origin/rolling_origin_metrics.csv,AOI=AOI-00; sensor=sentinel2; rolling_id=R2024-H3; target_year=2024,code/primary_analysis/build_canonical_nonoverlap_outputs.py,CANONICAL
rolling_sentinel2_AOI-00_R2025-H1_RMSE,rolling_origin_ols,sentinel2,AOI-00,2025,R2025-H1,RMSE,0.0798319825140218,0.079832,counts: integer; manuscript headline RMSE/differences: 6 decimals; table values: source-derived fixed precision,results/primary/rolling_origin/rolling_origin_metrics.csv,AOI=AOI-00; sensor=sentinel2; rolling_id=R2025-H1; target_year=2025,code/primary_analysis/build_canonical_nonoverlap_outputs.py,CANONICAL
rolling_sentinel2_AOI-00_R2025-H1_MAE,rolling_origin_ols,sentinel2,AOI-00,2025,R2025-H1,MAE,0.0662292313325491,0.066229,counts: integer; manuscript headline RMSE/differences: 6 decimals; table values: source-derived fixed precision,results/primary/rolling_origin/rolling_origin_metrics.csv,AOI=AOI-00; sensor=sentinel2; rolling_id=R2025-H1; target_year=2025,code/primary_analysis/build_canonical_nonoverlap_outputs.py,CANONICAL
rolling_sentinel2_AOI-00_R2025-H1_Bias,rolling_origin_ols,sentinel2,AOI-00,2025,R2025-H1,Bias,-0.0458787664269048,-0.045879,counts: integer; manuscript headline RMSE/differences: 6 decimals; table values: source-derived fixed precision,results/primary/rolling_origin/rolling_origin_metrics.csv,AOI=AOI-00; sensor=sentinel2; rolling_id=R2025-H1; target_year=2025,code/primary_analysis/build_canonical_nonoverlap_outputs.py,CANONICAL
rolling_sentinel2_AOI-00_R2025-H2_RMSE,rolling_origin_ols,sentinel2,AOI-00,2025,R2025-H2,RMSE,0.0770719252230506,0.077072,counts: integer; manuscript headline RMSE/differences: 6 decimals; table values: source-derived fixed precision,results/primary/rolling_origin/rolling_origin_metrics.csv,AOI=AOI-00; sensor=sentinel2; rolling_id=R2025-H2; target_year=2025,code/primary_analysis/build_canonical_nonoverlap_outputs.py,CANONICAL
rolling_sentinel2_AOI-00_R2025-H2_MAE,rolling_origin_ols,sentinel2,AOI-00,2025,R2025-H2,MAE,0.0633704849612775,0.063370,counts: integer; manuscript headline RMSE/differences: 6 decimals; table values: source-derived fixed precision,results/primary/rolling_origin/rolling_origin_metrics.csv,AOI=AOI-00; sensor=sentinel2; rolling_id=R2025-H2; target_year=2025,code/primary_analysis/build_canonical_nonoverlap_outputs.py,CANONICAL
rolling_sentinel2_AOI-00_R2025-H2_Bias,rolling_origin_ols,sentinel2,AOI-00,2025,R2025-H2,Bias,-0.0402972454217138,-0.040297,counts: integer; manuscript headline RMSE/differences: 6 decimals; table values: source-derived fixed precision,results/primary/rolling_origin/rolling_origin_metrics.csv,AOI=AOI-00; sensor=sentinel2; rolling_id=R2025-H2; target_year=2025,code/primary_analysis/build_canonical_nonoverlap_outputs.py,CANONICAL
rolling_sentinel2_AOI-00_R2025-H3_RMSE,rolling_origin_ols,sentinel2,AOI-00,2025,R2025-H3,RMSE,0.0759227317183154,0.075923,counts: integer; manuscript headline RMSE/differences: 6 decimals; table values: source-derived fixed precision,results/primary/rolling_origin/rolling_origin_metrics.csv,AOI=AOI-00; sensor=sentinel2; rolling_id=R2025-H3; target_year=2025,code/primary_analysis/build_canonical_nonoverlap_outputs.py,CANONICAL
rolling_sentinel2_AOI-00_R2025-H3_MAE,rolling_origin_ols,sentinel2,AOI-00,2025,R2025-H3,MAE,0.0624263001271205,0.062426,counts: integer; manuscript headline RMSE/differences: 6 decimals; table values: source-derived fixed precision,results/primary/rolling_origin/rolling_origin_metrics.csv,AOI=AOI-00; sensor=sentinel2; rolling_id=R2025-H3; target_year=2025,code/primary_analysis/build_canonical_nonoverlap_outputs.py,CANONICAL
rolling_sentinel2_AOI-00_R2025-H3_Bias,rolling_origin_ols,sentinel2,AOI-00,2025,R2025-H3,Bias,-0.0382905963255622,-0.038291,counts: integer; manuscript headline RMSE/differences: 6 decimals; table values: source-derived fixed precision,results/primary/rolling_origin/rolling_origin_metrics.csv,AOI=AOI-00; sensor=sentinel2; rolling_id=R2025-H3; target_year=2025,code/primary_analysis/build_canonical_nonoverlap_outputs.py,CANONICAL
rolling_landsat_AOI-01_R2024-H1_RMSE,rolling_origin_ols,landsat,AOI-01,2024,R2024-H1,RMSE,0.0011966216384227,0.001197,counts: integer; manuscript headline RMSE/differences: 6 decimals; table values: source-derived fixed precision,results/primary/rolling_origin/rolling_origin_metrics.csv,AOI=AOI-01; sensor=landsat; rolling_id=R2024-H1; target_year=2024,code/primary_analysis/build_canonical_nonoverlap_outputs.py,CANONICAL
rolling_landsat_AOI-01_R2024-H1_MAE,rolling_origin_ols,landsat,AOI-01,2024,R2024-H1,MAE,0.0004665693732839,0.000467,counts: integer; manuscript headline RMSE/differences: 6 decimals; table values: source-derived fixed precision,results/primary/rolling_origin/rolling_origin_metrics.csv,AOI=AOI-01; sensor=landsat; rolling_id=R2024-H1; target_year=2024,code/primary_analysis/build_canonical_nonoverlap_outputs.py,CANONICAL
rolling_landsat_AOI-01_R2024-H1_Bias,rolling_origin_ols,landsat,AOI-01,2024,R2024-H1,Bias,0.0001854765924289,0.000185,counts: integer; manuscript headline RMSE/differences: 6 decimals; table values: source-derived fixed precision,results/primary/rolling_origin/rolling_origin_metrics.csv,AOI=AOI-01; sensor=landsat; rolling_id=R2024-H1; target_year=2024,code/primary_analysis/build_canonical_nonoverlap_outputs.py,CANONICAL
rolling_landsat_AOI-01_R2024-H2_RMSE,rolling_origin_ols,landsat,AOI-01,2024,R2024-H2,RMSE,0.001203393337067,0.001203,counts: integer; manuscript headline RMSE/differences: 6 decimals; table values: source-derived fixed precision,results/primary/rolling_origin/rolling_origin_metrics.csv,AOI=AOI-01; sensor=landsat; rolling_id=R2024-H2; target_year=2024,code/primary_analysis/build_canonical_nonoverlap_outputs.py,CANONICAL
rolling_landsat_AOI-01_R2024-H2_MAE,rolling_origin_ols,landsat,AOI-01,2024,R2024-H2,MAE,0.0004439769653025,0.000444,counts: integer; manuscript headline RMSE/differences: 6 decimals; table values: source-derived fixed precision,results/primary/rolling_origin/rolling_origin_metrics.csv,AOI=AOI-01; sensor=landsat; rolling_id=R2024-H2; target_year=2024,code/primary_analysis/build_canonical_nonoverlap_outputs.py,CANONICAL
rolling_landsat_AOI-01_R2024-H2_Bias,rolling_origin_ols,landsat,AOI-01,2024,R2024-H2,Bias,0.000151213000998,0.000151,counts: integer; manuscript headline RMSE/differences: 6 decimals; table values: source-derived fixed precision,results/primary/rolling_origin/rolling_origin_metrics.csv,AOI=AOI-01; sensor=landsat; rolling_id=R2024-H2; target_year=2024,code/primary_analysis/build_canonical_nonoverlap_outputs.py,CANONICAL
rolling_landsat_AOI-01_R2024-H3_RMSE,rolling_origin_ols,landsat,AOI-01,2024,R2024-H3,RMSE,0.0012010449610705,0.001201,counts: integer; manuscript headline RMSE/differences: 6 decimals; table values: source-derived fixed precision,results/primary/rolling_origin/rolling_origin_metrics.csv,AOI=AOI-01; sensor=landsat; rolling_id=R2024-H3; target_year=2024,code/primary_analysis/build_canonical_nonoverlap_outputs.py,CANONICAL
rolling_landsat_AOI-01_R2024-H3_MAE,rolling_origin_ols,landsat,AOI-01,2024,R2024-H3,MAE,0.000405989787641,0.000406,counts: integer; manuscript headline RMSE/differences: 6 decimals; table values: source-derived fixed precision,results/primary/rolling_origin/rolling_origin_metrics.csv,AOI=AOI-01; sensor=landsat; rolling_id=R2024-H3; target_year=2024,code/primary_analysis/build_canonical_nonoverlap_outputs.py,CANONICAL
rolling_landsat_AOI-01_R2024-H3_Bias,rolling_origin_ols,landsat,AOI-01,2024,R2024-H3,Bias,0.000103434488731,0.000103,counts: integer; manuscript headline RMSE/differences: 6 decimals; table values: source-derived fixed precision,results/primary/rolling_origin/rolling_origin_metrics.csv,AOI=AOI-01; sensor=landsat; rolling_id=R2024-H3; target_year=2024,code/primary_analysis/build_canonical_nonoverlap_outputs.py,CANONICAL
rolling_landsat_AOI-01_R2025-H1_RMSE,rolling_origin_ols,landsat,AOI-01,2025,R2025-H1,RMSE,0.0012350993319251,0.001235,counts: integer; manuscript headline RMSE/differences: 6 decimals; table values: source-derived fixed precision,results/primary/rolling_origin/rolling_origin_metrics.csv,AOI=AOI-01; sensor=landsat; rolling_id=R2025-H1; target_year=2025,code/primary_analysis/build_canonical_nonoverlap_outputs.py,CANONICAL
rolling_landsat_AOI-01_R2025-H1_MAE,rolling_origin_ols,landsat,AOI-01,2025,R2025-H1,MAE,0.0005652125927523,0.000565,counts: integer; manuscript headline RMSE/differences: 6 decimals; table values: source-derived fixed precision,results/primary/rolling_origin/rolling_origin_metrics.csv,AOI=AOI-01; sensor=landsat; rolling_id=R2025-H1; target_year=2025,code/primary_analysis/build_canonical_nonoverlap_outputs.py,CANONICAL
rolling_landsat_AOI-01_R2025-H1_Bias,rolling_origin_ols,landsat,AOI-01,2025,R2025-H1,Bias,0.0001485423577904,0.000149,counts: integer; manuscript headline RMSE/differences: 6 decimals; table values: source-derived fixed precision,results/primary/rolling_origin/rolling_origin_metrics.csv,AOI=AOI-01; sensor=landsat; rolling_id=R2025-H1; target_year=2025,code/primary_analysis/build_canonical_nonoverlap_outputs.py,CANONICAL
rolling_landsat_AOI-01_R2025-H2_RMSE,rolling_origin_ols,landsat,AOI-01,2025,R2025-H2,RMSE,0.0012197222847369,0.001220,counts: integer; manuscript headline RMSE/differences: 6 decimals; table values: source-derived fixed precision,results/primary/rolling_origin/rolling_origin_metrics.csv,AOI=AOI-01; sensor=landsat; rolling_id=R2025-H2; target_year=2025,code/primary_analysis/build_canonical_nonoverlap_outputs.py,CANONICAL
rolling_landsat_AOI-01_R2025-H2_MAE,rolling_origin_ols,landsat,AOI-01,2025,R2025-H2,MAE,0.0005606587153263,0.000561,counts: integer; manuscript headline RMSE/differences: 6 decimals; table values: source-derived fixed precision,results/primary/rolling_origin/rolling_origin_metrics.csv,AOI=AOI-01; sensor=landsat; rolling_id=R2025-H2; target_year=2025,code/primary_analysis/build_canonical_nonoverlap_outputs.py,CANONICAL
rolling_landsat_AOI-01_R2025-H2_Bias,rolling_origin_ols,landsat,AOI-01,2025,R2025-H2,Bias,0.000155080683469,0.000155,counts: integer; manuscript headline RMSE/differences: 6 decimals; table values: source-derived fixed precision,results/primary/rolling_origin/rolling_origin_metrics.csv,AOI=AOI-01; sensor=landsat; rolling_id=R2025-H2; target_year=2025,code/primary_analysis/build_canonical_nonoverlap_outputs.py,CANONICAL
rolling_landsat_AOI-01_R2025-H3_RMSE,rolling_origin_ols,landsat,AOI-01,2025,R2025-H3,RMSE,0.0012242071713751,0.001224,counts: integer; manuscript headline RMSE/differences: 6 decimals; table values: source-derived fixed precision,results/primary/rolling_origin/rolling_origin_metrics.csv,AOI=AOI-01; sensor=landsat; rolling_id=R2025-H3; target_year=2025,code/primary_analysis/build_canonical_nonoverlap_outputs.py,CANONICAL
rolling_landsat_AOI-01_R2025-H3_MAE,rolling_origin_ols,landsat,AOI-01,2025,R2025-H3,MAE,0.0005445588729091,0.000545,counts: integer; manuscript headline RMSE/differences: 6 decimals; table values: source-derived fixed precision,results/primary/rolling_origin/rolling_origin_metrics.csv,AOI=AOI-01; sensor=landsat; rolling_id=R2025-H3; target_year=2025,code/primary_analysis/build_canonical_nonoverlap_outputs.py,CANONICAL
rolling_landsat_AOI-01_R2025-H3_Bias,rolling_origin_ols,landsat,AOI-01,2025,R2025-H3,Bias,0.0001280504410593,0.000128,counts: integer; manuscript headline RMSE/differences: 6 decimals; table values: source-derived fixed precision,results/primary/rolling_origin/rolling_origin_metrics.csv,AOI=AOI-01; sensor=landsat; rolling_id=R2025-H3; target_year=2025,code/primary_analysis/build_canonical_nonoverlap_outputs.py,CANONICAL
rolling_modis_AOI-01_R2024-H1_RMSE,rolling_origin_ols,modis,AOI-01,2024,R2024-H1,RMSE,0.0013635053795138,0.001364,counts: integer; manuscript headline RMSE/differences: 6 decimals; table values: source-derived fixed precision,results/primary/rolling_origin/rolling_origin_metrics.csv,AOI=AOI-01; sensor=modis; rolling_id=R2024-H1; target_year=2024,code/primary_analysis/build_canonical_nonoverlap_outputs.py,CANONICAL
rolling_modis_AOI-01_R2024-H1_MAE,rolling_origin_ols,modis,AOI-01,2024,R2024-H1,MAE,0.0004234003438508,0.000423,counts: integer; manuscript headline RMSE/differences: 6 decimals; table values: source-derived fixed precision,results/primary/rolling_origin/rolling_origin_metrics.csv,AOI=AOI-01; sensor=modis; rolling_id=R2024-H1; target_year=2024,code/primary_analysis/build_canonical_nonoverlap_outputs.py,CANONICAL
rolling_modis_AOI-01_R2024-H1_Bias,rolling_origin_ols,modis,AOI-01,2024,R2024-H1,Bias,0.0001627015204742,0.000163,counts: integer; manuscript headline RMSE/differences: 6 decimals; table values: source-derived fixed precision,results/primary/rolling_origin/rolling_origin_metrics.csv,AOI=AOI-01; sensor=modis; rolling_id=R2024-H1; target_year=2024,code/primary_analysis/build_canonical_nonoverlap_outputs.py,CANONICAL
rolling_modis_AOI-01_R2024-H2_RMSE,rolling_origin_ols,modis,AOI-01,2024,R2024-H2,RMSE,0.0013673184031955,0.001367,counts: integer; manuscript headline RMSE/differences: 6 decimals; table values: source-derived fixed precision,results/primary/rolling_origin/rolling_origin_metrics.csv,AOI=AOI-01; sensor=modis; rolling_id=R2024-H2; target_year=2024,code/primary_analysis/build_canonical_nonoverlap_outputs.py,CANONICAL
rolling_modis_AOI-01_R2024-H2_MAE,rolling_origin_ols,modis,AOI-01,2024,R2024-H2,MAE,0.0004476709888295,0.000448,counts: integer; manuscript headline RMSE/differences: 6 decimals; table values: source-derived fixed precision,results/primary/rolling_origin/rolling_origin_metrics.csv,AOI=AOI-01; sensor=modis; rolling_id=R2024-H2; target_year=2024,code/primary_analysis/build_canonical_nonoverlap_outputs.py,CANONICAL
rolling_modis_AOI-01_R2024-H2_Bias,rolling_origin_ols,modis,AOI-01,2024,R2024-H2,Bias,0.0001903319223997,0.000190,counts: integer; manuscript headline RMSE/differences: 6 decimals; table values: source-derived fixed precision,results/primary/rolling_origin/rolling_origin_metrics.csv,AOI=AOI-01; sensor=modis; rolling_id=R2024-H2; target_year=2024,code/primary_analysis/build_canonical_nonoverlap_outputs.py,CANONICAL
rolling_modis_AOI-01_R2024-H3_RMSE,rolling_origin_ols,modis,AOI-01,2024,R2024-H3,RMSE,0.0013582031236274,0.001358,counts: integer; manuscript headline RMSE/differences: 6 decimals; table values: source-derived fixed precision,results/primary/rolling_origin/rolling_origin_metrics.csv,AOI=AOI-01; sensor=modis; rolling_id=R2024-H3; target_year=2024,code/primary_analysis/build_canonical_nonoverlap_outputs.py,CANONICAL
rolling_modis_AOI-01_R2024-H3_MAE,rolling_origin_ols,modis,AOI-01,2024,R2024-H3,MAE,0.0004085943086886,0.000409,counts: integer; manuscript headline RMSE/differences: 6 decimals; table values: source-derived fixed precision,results/primary/rolling_origin/rolling_origin_metrics.csv,AOI=AOI-01; sensor=modis; rolling_id=R2024-H3; target_year=2024,code/primary_analysis/build_canonical_nonoverlap_outputs.py,CANONICAL
rolling_modis_AOI-01_R2024-H3_Bias,rolling_origin_ols,modis,AOI-01,2024,R2024-H3,Bias,0.000147361225361,0.000147,counts: integer; manuscript headline RMSE/differences: 6 decimals; table values: source-derived fixed precision,results/primary/rolling_origin/rolling_origin_metrics.csv,AOI=AOI-01; sensor=modis; rolling_id=R2024-H3; target_year=2024,code/primary_analysis/build_canonical_nonoverlap_outputs.py,CANONICAL
rolling_modis_AOI-01_R2025-H1_RMSE,rolling_origin_ols,modis,AOI-01,2025,R2025-H1,RMSE,0.0015115023429366,0.001512,counts: integer; manuscript headline RMSE/differences: 6 decimals; table values: source-derived fixed precision,results/primary/rolling_origin/rolling_origin_metrics.csv,AOI=AOI-01; sensor=modis; rolling_id=R2025-H1; target_year=2025,code/primary_analysis/build_canonical_nonoverlap_outputs.py,CANONICAL
rolling_modis_AOI-01_R2025-H1_MAE,rolling_origin_ols,modis,AOI-01,2025,R2025-H1,MAE,0.0004756763433514,0.000476,counts: integer; manuscript headline RMSE/differences: 6 decimals; table values: source-derived fixed precision,results/primary/rolling_origin/rolling_origin_metrics.csv,AOI=AOI-01; sensor=modis; rolling_id=R2025-H1; target_year=2025,code/primary_analysis/build_canonical_nonoverlap_outputs.py,CANONICAL
rolling_modis_AOI-01_R2025-H1_Bias,rolling_origin_ols,modis,AOI-01,2025,R2025-H1,Bias,-6.218584233705868e-05,-0.000062,counts: integer; manuscript headline RMSE/differences: 6 decimals; table values: source-derived fixed precision,results/primary/rolling_origin/rolling_origin_metrics.csv,AOI=AOI-01; sensor=modis; rolling_id=R2025-H1; target_year=2025,code/primary_analysis/build_canonical_nonoverlap_outputs.py,CANONICAL
rolling_modis_AOI-01_R2025-H2_RMSE,rolling_origin_ols,modis,AOI-01,2025,R2025-H2,RMSE,0.0014605660351389,0.001461,counts: integer; manuscript headline RMSE/differences: 6 decimals; table values: source-derived fixed precision,results/primary/rolling_origin/rolling_origin_metrics.csv,AOI=AOI-01; sensor=modis; rolling_id=R2025-H2; target_year=2025,code/primary_analysis/build_canonical_nonoverlap_outputs.py,CANONICAL
rolling_modis_AOI-01_R2025-H2_MAE,rolling_origin_ols,modis,AOI-01,2025,R2025-H2,MAE,0.0004862206811799,0.000486,counts: integer; manuscript headline RMSE/differences: 6 decimals; table values: source-derived fixed precision,results/primary/rolling_origin/rolling_origin_metrics.csv,AOI=AOI-01; sensor=modis; rolling_id=R2025-H2; target_year=2025,code/primary_analysis/build_canonical_nonoverlap_outputs.py,CANONICAL
rolling_modis_AOI-01_R2025-H2_Bias,rolling_origin_ols,modis,AOI-01,2025,R2025-H2,Bias,-1.6969499692965838e-05,-0.000017,counts: integer; manuscript headline RMSE/differences: 6 decimals; table values: source-derived fixed precision,results/primary/rolling_origin/rolling_origin_metrics.csv,AOI=AOI-01; sensor=modis; rolling_id=R2025-H2; target_year=2025,code/primary_analysis/build_canonical_nonoverlap_outputs.py,CANONICAL
rolling_modis_AOI-01_R2025-H3_RMSE,rolling_origin_ols,modis,AOI-01,2025,R2025-H3,RMSE,0.0014436509254424,0.001444,counts: integer; manuscript headline RMSE/differences: 6 decimals; table values: source-derived fixed precision,results/primary/rolling_origin/rolling_origin_metrics.csv,AOI=AOI-01; sensor=modis; rolling_id=R2025-H3; target_year=2025,code/primary_analysis/build_canonical_nonoverlap_outputs.py,CANONICAL
rolling_modis_AOI-01_R2025-H3_MAE,rolling_origin_ols,modis,AOI-01,2025,R2025-H3,MAE,0.0004999696919478,0.000500,counts: integer; manuscript headline RMSE/differences: 6 decimals; table values: source-derived fixed precision,results/primary/rolling_origin/rolling_origin_metrics.csv,AOI=AOI-01; sensor=modis; rolling_id=R2025-H3; target_year=2025,code/primary_analysis/build_canonical_nonoverlap_outputs.py,CANONICAL
rolling_modis_AOI-01_R2025-H3_Bias,rolling_origin_ols,modis,AOI-01,2025,R2025-H3,Bias,1.1816095187176434e-05,0.000012,counts: integer; manuscript headline RMSE/differences: 6 decimals; table values: source-derived fixed precision,results/primary/rolling_origin/rolling_origin_metrics.csv,AOI=AOI-01; sensor=modis; rolling_id=R2025-H3; target_year=2025,code/primary_analysis/build_canonical_nonoverlap_outputs.py,CANONICAL
rolling_sentinel2_AOI-01_R2024-H1_RMSE,rolling_origin_ols,sentinel2,AOI-01,2024,R2024-H1,RMSE,0.0012779982405298,0.001278,counts: integer; manuscript headline RMSE/differences: 6 decimals; table values: source-derived fixed precision,results/primary/rolling_origin/rolling_origin_metrics.csv,AOI=AOI-01; sensor=sentinel2; rolling_id=R2024-H1; target_year=2024,code/primary_analysis/build_canonical_nonoverlap_outputs.py,CANONICAL
rolling_sentinel2_AOI-01_R2024-H1_MAE,rolling_origin_ols,sentinel2,AOI-01,2024,R2024-H1,MAE,0.0003369035871577,0.000337,counts: integer; manuscript headline RMSE/differences: 6 decimals; table values: source-derived fixed precision,results/primary/rolling_origin/rolling_origin_metrics.csv,AOI=AOI-01; sensor=sentinel2; rolling_id=R2024-H1; target_year=2024,code/primary_analysis/build_canonical_nonoverlap_outputs.py,CANONICAL
rolling_sentinel2_AOI-01_R2024-H1_Bias,rolling_origin_ols,sentinel2,AOI-01,2024,R2024-H1,Bias,6.60404765884094e-05,0.000066,counts: integer; manuscript headline RMSE/differences: 6 decimals; table values: source-derived fixed precision,results/primary/rolling_origin/rolling_origin_metrics.csv,AOI=AOI-01; sensor=sentinel2; rolling_id=R2024-H1; target_year=2024,code/primary_analysis/build_canonical_nonoverlap_outputs.py,CANONICAL
rolling_sentinel2_AOI-01_R2024-H2_RMSE,rolling_origin_ols,sentinel2,AOI-01,2024,R2024-H2,RMSE,0.0012801467881383,0.001280,counts: integer; manuscript headline RMSE/differences: 6 decimals; table values: source-derived fixed precision,results/primary/rolling_origin/rolling_origin_metrics.csv,AOI=AOI-01; sensor=sentinel2; rolling_id=R2024-H2; target_year=2024,code/primary_analysis/build_canonical_nonoverlap_outputs.py,CANONICAL
rolling_sentinel2_AOI-01_R2024-H2_MAE,rolling_origin_ols,sentinel2,AOI-01,2024,R2024-H2,MAE,0.0003414777255832,0.000341,counts: integer; manuscript headline RMSE/differences: 6 decimals; table values: source-derived fixed precision,results/primary/rolling_origin/rolling_origin_metrics.csv,AOI=AOI-01; sensor=sentinel2; rolling_id=R2024-H2; target_year=2024,code/primary_analysis/build_canonical_nonoverlap_outputs.py,CANONICAL
rolling_sentinel2_AOI-01_R2024-H2_Bias,rolling_origin_ols,sentinel2,AOI-01,2024,R2024-H2,Bias,7.070506003870111e-05,0.000071,counts: integer; manuscript headline RMSE/differences: 6 decimals; table values: source-derived fixed precision,results/primary/rolling_origin/rolling_origin_metrics.csv,AOI=AOI-01; sensor=sentinel2; rolling_id=R2024-H2; target_year=2024,code/primary_analysis/build_canonical_nonoverlap_outputs.py,CANONICAL
rolling_sentinel2_AOI-01_R2024-H3_RMSE,rolling_origin_ols,sentinel2,AOI-01,2024,R2024-H3,RMSE,0.0012728278746073,0.001273,counts: integer; manuscript headline RMSE/differences: 6 decimals; table values: source-derived fixed precision,results/primary/rolling_origin/rolling_origin_metrics.csv,AOI=AOI-01; sensor=sentinel2; rolling_id=R2024-H3; target_year=2024,code/primary_analysis/build_canonical_nonoverlap_outputs.py,CANONICAL
rolling_sentinel2_AOI-01_R2024-H3_MAE,rolling_origin_ols,sentinel2,AOI-01,2024,R2024-H3,MAE,0.0003401694653879,0.000340,counts: integer; manuscript headline RMSE/differences: 6 decimals; table values: source-derived fixed precision,results/primary/rolling_origin/rolling_origin_metrics.csv,AOI=AOI-01; sensor=sentinel2; rolling_id=R2024-H3; target_year=2024,code/primary_analysis/build_canonical_nonoverlap_outputs.py,CANONICAL
rolling_sentinel2_AOI-01_R2024-H3_Bias,rolling_origin_ols,sentinel2,AOI-01,2024,R2024-H3,Bias,7.14468621197947e-05,0.000071,counts: integer; manuscript headline RMSE/differences: 6 decimals; table values: source-derived fixed precision,results/primary/rolling_origin/rolling_origin_metrics.csv,AOI=AOI-01; sensor=sentinel2; rolling_id=R2024-H3; target_year=2024,code/primary_analysis/build_canonical_nonoverlap_outputs.py,CANONICAL
rolling_sentinel2_AOI-01_R2025-H1_RMSE,rolling_origin_ols,sentinel2,AOI-01,2025,R2025-H1,RMSE,0.0014091877610971,0.001409,counts: integer; manuscript headline RMSE/differences: 6 decimals; table values: source-derived fixed precision,results/primary/rolling_origin/rolling_origin_metrics.csv,AOI=AOI-01; sensor=sentinel2; rolling_id=R2025-H1; target_year=2025,code/primary_analysis/build_canonical_nonoverlap_outputs.py,CANONICAL
rolling_sentinel2_AOI-01_R2025-H1_MAE,rolling_origin_ols,sentinel2,AOI-01,2025,R2025-H1,MAE,0.0003313765039227,0.000331,counts: integer; manuscript headline RMSE/differences: 6 decimals; table values: source-derived fixed precision,results/primary/rolling_origin/rolling_origin_metrics.csv,AOI=AOI-01; sensor=sentinel2; rolling_id=R2025-H1; target_year=2025,code/primary_analysis/build_canonical_nonoverlap_outputs.py,CANONICAL
rolling_sentinel2_AOI-01_R2025-H1_Bias,rolling_origin_ols,sentinel2,AOI-01,2025,R2025-H1,Bias,-0.0001974692435317,-0.000197,counts: integer; manuscript headline RMSE/differences: 6 decimals; table values: source-derived fixed precision,results/primary/rolling_origin/rolling_origin_metrics.csv,AOI=AOI-01; sensor=sentinel2; rolling_id=R2025-H1; target_year=2025,code/primary_analysis/build_canonical_nonoverlap_outputs.py,CANONICAL
rolling_sentinel2_AOI-01_R2025-H2_RMSE,rolling_origin_ols,sentinel2,AOI-01,2025,R2025-H2,RMSE,0.0013822239014969,0.001382,counts: integer; manuscript headline RMSE/differences: 6 decimals; table values: source-derived fixed precision,results/primary/rolling_origin/rolling_origin_metrics.csv,AOI=AOI-01; sensor=sentinel2; rolling_id=R2025-H2; target_year=2025,code/primary_analysis/build_canonical_nonoverlap_outputs.py,CANONICAL
rolling_sentinel2_AOI-01_R2025-H2_MAE,rolling_origin_ols,sentinel2,AOI-01,2025,R2025-H2,MAE,0.0003160442621861,0.000316,counts: integer; manuscript headline RMSE/differences: 6 decimals; table values: source-derived fixed precision,results/primary/rolling_origin/rolling_origin_metrics.csv,AOI=AOI-01; sensor=sentinel2; rolling_id=R2025-H2; target_year=2025,code/primary_analysis/build_canonical_nonoverlap_outputs.py,CANONICAL
rolling_sentinel2_AOI-01_R2025-H2_Bias,rolling_origin_ols,sentinel2,AOI-01,2025,R2025-H2,Bias,-0.0002079181406843,-0.000208,counts: integer; manuscript headline RMSE/differences: 6 decimals; table values: source-derived fixed precision,results/primary/rolling_origin/rolling_origin_metrics.csv,AOI=AOI-01; sensor=sentinel2; rolling_id=R2025-H2; target_year=2025,code/primary_analysis/build_canonical_nonoverlap_outputs.py,CANONICAL
rolling_sentinel2_AOI-01_R2025-H3_RMSE,rolling_origin_ols,sentinel2,AOI-01,2025,R2025-H3,RMSE,0.0013650495350562,0.001365,counts: integer; manuscript headline RMSE/differences: 6 decimals; table values: source-derived fixed precision,results/primary/rolling_origin/rolling_origin_metrics.csv,AOI=AOI-01; sensor=sentinel2; rolling_id=R2025-H3; target_year=2025,code/primary_analysis/build_canonical_nonoverlap_outputs.py,CANONICAL
rolling_sentinel2_AOI-01_R2025-H3_MAE,rolling_origin_ols,sentinel2,AOI-01,2025,R2025-H3,MAE,0.0003098211827688,0.000310,counts: integer; manuscript headline RMSE/differences: 6 decimals; table values: source-derived fixed precision,results/primary/rolling_origin/rolling_origin_metrics.csv,AOI=AOI-01; sensor=sentinel2; rolling_id=R2025-H3; target_year=2025,code/primary_analysis/build_canonical_nonoverlap_outputs.py,CANONICAL
rolling_sentinel2_AOI-01_R2025-H3_Bias,rolling_origin_ols,sentinel2,AOI-01,2025,R2025-H3,Bias,-0.0002102339775963,-0.000210,counts: integer; manuscript headline RMSE/differences: 6 decimals; table values: source-derived fixed precision,results/primary/rolling_origin/rolling_origin_metrics.csv,AOI=AOI-01; sensor=sentinel2; rolling_id=R2025-H3; target_year=2025,code/primary_analysis/build_canonical_nonoverlap_outputs.py,CANONICAL
rolling_landsat_AOI-02_R2024-H1_RMSE,rolling_origin_ols,landsat,AOI-02,2024,R2024-H1,RMSE,0.0593462611788799,0.059346,counts: integer; manuscript headline RMSE/differences: 6 decimals; table values: source-derived fixed precision,results/primary/rolling_origin/rolling_origin_metrics.csv,AOI=AOI-02; sensor=landsat; rolling_id=R2024-H1; target_year=2024,code/primary_analysis/build_canonical_nonoverlap_outputs.py,CANONICAL
rolling_landsat_AOI-02_R2024-H1_MAE,rolling_origin_ols,landsat,AOI-02,2024,R2024-H1,MAE,0.0458840518762673,0.045884,counts: integer; manuscript headline RMSE/differences: 6 decimals; table values: source-derived fixed precision,results/primary/rolling_origin/rolling_origin_metrics.csv,AOI=AOI-02; sensor=landsat; rolling_id=R2024-H1; target_year=2024,code/primary_analysis/build_canonical_nonoverlap_outputs.py,CANONICAL
rolling_landsat_AOI-02_R2024-H1_Bias,rolling_origin_ols,landsat,AOI-02,2024,R2024-H1,Bias,-0.0002007641515721,-0.000201,counts: integer; manuscript headline RMSE/differences: 6 decimals; table values: source-derived fixed precision,results/primary/rolling_origin/rolling_origin_metrics.csv,AOI=AOI-02; sensor=landsat; rolling_id=R2024-H1; target_year=2024,code/primary_analysis/build_canonical_nonoverlap_outputs.py,CANONICAL
rolling_landsat_AOI-02_R2024-H2_RMSE,rolling_origin_ols,landsat,AOI-02,2024,R2024-H2,RMSE,0.0606507706603559,0.060651,counts: integer; manuscript headline RMSE/differences: 6 decimals; table values: source-derived fixed precision,results/primary/rolling_origin/rolling_origin_metrics.csv,AOI=AOI-02; sensor=landsat; rolling_id=R2024-H2; target_year=2024,code/primary_analysis/build_canonical_nonoverlap_outputs.py,CANONICAL
rolling_landsat_AOI-02_R2024-H2_MAE,rolling_origin_ols,landsat,AOI-02,2024,R2024-H2,MAE,0.0472757154924788,0.047276,counts: integer; manuscript headline RMSE/differences: 6 decimals; table values: source-derived fixed precision,results/primary/rolling_origin/rolling_origin_metrics.csv,AOI=AOI-02; sensor=landsat; rolling_id=R2024-H2; target_year=2024,code/primary_analysis/build_canonical_nonoverlap_outputs.py,CANONICAL
rolling_landsat_AOI-02_R2024-H2_Bias,rolling_origin_ols,landsat,AOI-02,2024,R2024-H2,Bias,-0.0091556011408714,-0.009156,counts: integer; manuscript headline RMSE/differences: 6 decimals; table values: source-derived fixed precision,results/primary/rolling_origin/rolling_origin_metrics.csv,AOI=AOI-02; sensor=landsat; rolling_id=R2024-H2; target_year=2024,code/primary_analysis/build_canonical_nonoverlap_outputs.py,CANONICAL
rolling_landsat_AOI-02_R2024-H3_RMSE,rolling_origin_ols,landsat,AOI-02,2024,R2024-H3,RMSE,0.0595840265830233,0.059584,counts: integer; manuscript headline RMSE/differences: 6 decimals; table values: source-derived fixed precision,results/primary/rolling_origin/rolling_origin_metrics.csv,AOI=AOI-02; sensor=landsat; rolling_id=R2024-H3; target_year=2024,code/primary_analysis/build_canonical_nonoverlap_outputs.py,CANONICAL
rolling_landsat_AOI-02_R2024-H3_MAE,rolling_origin_ols,landsat,AOI-02,2024,R2024-H3,MAE,0.0461049407623678,0.046105,counts: integer; manuscript headline RMSE/differences: 6 decimals; table values: source-derived fixed precision,results/primary/rolling_origin/rolling_origin_metrics.csv,AOI=AOI-02; sensor=landsat; rolling_id=R2024-H3; target_year=2024,code/primary_analysis/build_canonical_nonoverlap_outputs.py,CANONICAL
rolling_landsat_AOI-02_R2024-H3_Bias,rolling_origin_ols,landsat,AOI-02,2024,R2024-H3,Bias,-0.0046331504153905,-0.004633,counts: integer; manuscript headline RMSE/differences: 6 decimals; table values: source-derived fixed precision,results/primary/rolling_origin/rolling_origin_metrics.csv,AOI=AOI-02; sensor=landsat; rolling_id=R2024-H3; target_year=2024,code/primary_analysis/build_canonical_nonoverlap_outputs.py,CANONICAL
rolling_landsat_AOI-02_R2025-H1_RMSE,rolling_origin_ols,landsat,AOI-02,2025,R2025-H1,RMSE,0.0603633392006119,0.060363,counts: integer; manuscript headline RMSE/differences: 6 decimals; table values: source-derived fixed precision,results/primary/rolling_origin/rolling_origin_metrics.csv,AOI=AOI-02; sensor=landsat; rolling_id=R2025-H1; target_year=2025,code/primary_analysis/build_canonical_nonoverlap_outputs.py,CANONICAL
rolling_landsat_AOI-02_R2025-H1_MAE,rolling_origin_ols,landsat,AOI-02,2025,R2025-H1,MAE,0.0464362886847532,0.046436,counts: integer; manuscript headline RMSE/differences: 6 decimals; table values: source-derived fixed precision,results/primary/rolling_origin/rolling_origin_metrics.csv,AOI=AOI-02; sensor=landsat; rolling_id=R2025-H1; target_year=2025,code/primary_analysis/build_canonical_nonoverlap_outputs.py,CANONICAL
rolling_landsat_AOI-02_R2025-H1_Bias,rolling_origin_ols,landsat,AOI-02,2025,R2025-H1,Bias,0.0185172141314255,0.018517,counts: integer; manuscript headline RMSE/differences: 6 decimals; table values: source-derived fixed precision,results/primary/rolling_origin/rolling_origin_metrics.csv,AOI=AOI-02; sensor=landsat; rolling_id=R2025-H1; target_year=2025,code/primary_analysis/build_canonical_nonoverlap_outputs.py,CANONICAL
rolling_landsat_AOI-02_R2025-H2_RMSE,rolling_origin_ols,landsat,AOI-02,2025,R2025-H2,RMSE,0.0622913612206142,0.062291,counts: integer; manuscript headline RMSE/differences: 6 decimals; table values: source-derived fixed precision,results/primary/rolling_origin/rolling_origin_metrics.csv,AOI=AOI-02; sensor=landsat; rolling_id=R2025-H2; target_year=2025,code/primary_analysis/build_canonical_nonoverlap_outputs.py,CANONICAL
rolling_landsat_AOI-02_R2025-H2_MAE,rolling_origin_ols,landsat,AOI-02,2025,R2025-H2,MAE,0.048331183741156,0.048331,counts: integer; manuscript headline RMSE/differences: 6 decimals; table values: source-derived fixed precision,results/primary/rolling_origin/rolling_origin_metrics.csv,AOI=AOI-02; sensor=landsat; rolling_id=R2025-H2; target_year=2025,code/primary_analysis/build_canonical_nonoverlap_outputs.py,CANONICAL
rolling_landsat_AOI-02_R2025-H2_Bias,rolling_origin_ols,landsat,AOI-02,2025,R2025-H2,Bias,0.0249972076531057,0.024997,counts: integer; manuscript headline RMSE/differences: 6 decimals; table values: source-derived fixed precision,results/primary/rolling_origin/rolling_origin_metrics.csv,AOI=AOI-02; sensor=landsat; rolling_id=R2025-H2; target_year=2025,code/primary_analysis/build_canonical_nonoverlap_outputs.py,CANONICAL
rolling_landsat_AOI-02_R2025-H3_RMSE,rolling_origin_ols,landsat,AOI-02,2025,R2025-H3,RMSE,0.0585893432074184,0.058589,counts: integer; manuscript headline RMSE/differences: 6 decimals; table values: source-derived fixed precision,results/primary/rolling_origin/rolling_origin_metrics.csv,AOI=AOI-02; sensor=landsat; rolling_id=R2025-H3; target_year=2025,code/primary_analysis/build_canonical_nonoverlap_outputs.py,CANONICAL
rolling_landsat_AOI-02_R2025-H3_MAE,rolling_origin_ols,landsat,AOI-02,2025,R2025-H3,MAE,0.0452870003451738,0.045287,counts: integer; manuscript headline RMSE/differences: 6 decimals; table values: source-derived fixed precision,results/primary/rolling_origin/rolling_origin_metrics.csv,AOI=AOI-02; sensor=landsat; rolling_id=R2025-H3; target_year=2025,code/primary_analysis/build_canonical_nonoverlap_outputs.py,CANONICAL
rolling_landsat_AOI-02_R2025-H3_Bias,rolling_origin_ols,landsat,AOI-02,2025,R2025-H3,Bias,0.0133811559851205,0.013381,counts: integer; manuscript headline RMSE/differences: 6 decimals; table values: source-derived fixed precision,results/primary/rolling_origin/rolling_origin_metrics.csv,AOI=AOI-02; sensor=landsat; rolling_id=R2025-H3; target_year=2025,code/primary_analysis/build_canonical_nonoverlap_outputs.py,CANONICAL
rolling_modis_AOI-02_R2024-H1_RMSE,rolling_origin_ols,modis,AOI-02,2024,R2024-H1,RMSE,0.0599952240551655,0.059995,counts: integer; manuscript headline RMSE/differences: 6 decimals; table values: source-derived fixed precision,results/primary/rolling_origin/rolling_origin_metrics.csv,AOI=AOI-02; sensor=modis; rolling_id=R2024-H1; target_year=2024,code/primary_analysis/build_canonical_nonoverlap_outputs.py,CANONICAL
rolling_modis_AOI-02_R2024-H1_MAE,rolling_origin_ols,modis,AOI-02,2024,R2024-H1,MAE,0.049779624663225,0.049780,counts: integer; manuscript headline RMSE/differences: 6 decimals; table values: source-derived fixed precision,results/primary/rolling_origin/rolling_origin_metrics.csv,AOI=AOI-02; sensor=modis; rolling_id=R2024-H1; target_year=2024,code/primary_analysis/build_canonical_nonoverlap_outputs.py,CANONICAL
rolling_modis_AOI-02_R2024-H1_Bias,rolling_origin_ols,modis,AOI-02,2024,R2024-H1,Bias,-0.040667299732298,-0.040667,counts: integer; manuscript headline RMSE/differences: 6 decimals; table values: source-derived fixed precision,results/primary/rolling_origin/rolling_origin_metrics.csv,AOI=AOI-02; sensor=modis; rolling_id=R2024-H1; target_year=2024,code/primary_analysis/build_canonical_nonoverlap_outputs.py,CANONICAL
rolling_modis_AOI-02_R2024-H2_RMSE,rolling_origin_ols,modis,AOI-02,2024,R2024-H2,RMSE,0.0492250227463887,0.049225,counts: integer; manuscript headline RMSE/differences: 6 decimals; table values: source-derived fixed precision,results/primary/rolling_origin/rolling_origin_metrics.csv,AOI=AOI-02; sensor=modis; rolling_id=R2024-H2; target_year=2024,code/primary_analysis/build_canonical_nonoverlap_outputs.py,CANONICAL
rolling_modis_AOI-02_R2024-H2_MAE,rolling_origin_ols,modis,AOI-02,2024,R2024-H2,MAE,0.0394257274447905,0.039426,counts: integer; manuscript headline RMSE/differences: 6 decimals; table values: source-derived fixed precision,results/primary/rolling_origin/rolling_origin_metrics.csv,AOI=AOI-02; sensor=modis; rolling_id=R2024-H2; target_year=2024,code/primary_analysis/build_canonical_nonoverlap_outputs.py,CANONICAL
rolling_modis_AOI-02_R2024-H2_Bias,rolling_origin_ols,modis,AOI-02,2024,R2024-H2,Bias,-0.018191933351073,-0.018192,counts: integer; manuscript headline RMSE/differences: 6 decimals; table values: source-derived fixed precision,results/primary/rolling_origin/rolling_origin_metrics.csv,AOI=AOI-02; sensor=modis; rolling_id=R2024-H2; target_year=2024,code/primary_analysis/build_canonical_nonoverlap_outputs.py,CANONICAL
rolling_modis_AOI-02_R2024-H3_RMSE,rolling_origin_ols,modis,AOI-02,2024,R2024-H3,RMSE,0.0484820464122728,0.048482,counts: integer; manuscript headline RMSE/differences: 6 decimals; table values: source-derived fixed precision,results/primary/rolling_origin/rolling_origin_metrics.csv,AOI=AOI-02; sensor=modis; rolling_id=R2024-H3; target_year=2024,code/primary_analysis/build_canonical_nonoverlap_outputs.py,CANONICAL
rolling_modis_AOI-02_R2024-H3_MAE,rolling_origin_ols,modis,AOI-02,2024,R2024-H3,MAE,0.0387256551836902,0.038726,counts: integer; manuscript headline RMSE/differences: 6 decimals; table values: source-derived fixed precision,results/primary/rolling_origin/rolling_origin_metrics.csv,AOI=AOI-02; sensor=modis; rolling_id=R2024-H3; target_year=2024,code/primary_analysis/build_canonical_nonoverlap_outputs.py,CANONICAL
rolling_modis_AOI-02_R2024-H3_Bias,rolling_origin_ols,modis,AOI-02,2024,R2024-H3,Bias,-0.0157994854208896,-0.015799,counts: integer; manuscript headline RMSE/differences: 6 decimals; table values: source-derived fixed precision,results/primary/rolling_origin/rolling_origin_metrics.csv,AOI=AOI-02; sensor=modis; rolling_id=R2024-H3; target_year=2024,code/primary_analysis/build_canonical_nonoverlap_outputs.py,CANONICAL
rolling_modis_AOI-02_R2025-H1_RMSE,rolling_origin_ols,modis,AOI-02,2025,R2025-H1,RMSE,0.0645379145692177,0.064538,counts: integer; manuscript headline RMSE/differences: 6 decimals; table values: source-derived fixed precision,results/primary/rolling_origin/rolling_origin_metrics.csv,AOI=AOI-02; sensor=modis; rolling_id=R2025-H1; target_year=2025,code/primary_analysis/build_canonical_nonoverlap_outputs.py,CANONICAL
rolling_modis_AOI-02_R2025-H1_MAE,rolling_origin_ols,modis,AOI-02,2025,R2025-H1,MAE,0.0491772304027757,0.049177,counts: integer; manuscript headline RMSE/differences: 6 decimals; table values: source-derived fixed precision,results/primary/rolling_origin/rolling_origin_metrics.csv,AOI=AOI-02; sensor=modis; rolling_id=R2025-H1; target_year=2025,code/primary_analysis/build_canonical_nonoverlap_outputs.py,CANONICAL
rolling_modis_AOI-02_R2025-H1_Bias,rolling_origin_ols,modis,AOI-02,2025,R2025-H1,Bias,0.031245428378228,0.031245,counts: integer; manuscript headline RMSE/differences: 6 decimals; table values: source-derived fixed precision,results/primary/rolling_origin/rolling_origin_metrics.csv,AOI=AOI-02; sensor=modis; rolling_id=R2025-H1; target_year=2025,code/primary_analysis/build_canonical_nonoverlap_outputs.py,CANONICAL
rolling_modis_AOI-02_R2025-H2_RMSE,rolling_origin_ols,modis,AOI-02,2025,R2025-H2,RMSE,0.0608018750003585,0.060802,counts: integer; manuscript headline RMSE/differences: 6 decimals; table values: source-derived fixed precision,results/primary/rolling_origin/rolling_origin_metrics.csv,AOI=AOI-02; sensor=modis; rolling_id=R2025-H2; target_year=2025,code/primary_analysis/build_canonical_nonoverlap_outputs.py,CANONICAL
rolling_modis_AOI-02_R2025-H2_MAE,rolling_origin_ols,modis,AOI-02,2025,R2025-H2,MAE,0.0457933684566834,0.045793,counts: integer; manuscript headline RMSE/differences: 6 decimals; table values: source-derived fixed precision,results/primary/rolling_origin/rolling_origin_metrics.csv,AOI=AOI-02; sensor=modis; rolling_id=R2025-H2; target_year=2025,code/primary_analysis/build_canonical_nonoverlap_outputs.py,CANONICAL
rolling_modis_AOI-02_R2025-H2_Bias,rolling_origin_ols,modis,AOI-02,2025,R2025-H2,Bias,0.0232255808831164,0.023226,counts: integer; manuscript headline RMSE/differences: 6 decimals; table values: source-derived fixed precision,results/primary/rolling_origin/rolling_origin_metrics.csv,AOI=AOI-02; sensor=modis; rolling_id=R2025-H2; target_year=2025,code/primary_analysis/build_canonical_nonoverlap_outputs.py,CANONICAL
rolling_modis_AOI-02_R2025-H3_RMSE,rolling_origin_ols,modis,AOI-02,2025,R2025-H3,RMSE,0.0594389686902229,0.059439,counts: integer; manuscript headline RMSE/differences: 6 decimals; table values: source-derived fixed precision,results/primary/rolling_origin/rolling_origin_metrics.csv,AOI=AOI-02; sensor=modis; rolling_id=R2025-H3; target_year=2025,code/primary_analysis/build_canonical_nonoverlap_outputs.py,CANONICAL
rolling_modis_AOI-02_R2025-H3_MAE,rolling_origin_ols,modis,AOI-02,2025,R2025-H3,MAE,0.0447826327526072,0.044783,counts: integer; manuscript headline RMSE/differences: 6 decimals; table values: source-derived fixed precision,results/primary/rolling_origin/rolling_origin_metrics.csv,AOI=AOI-02; sensor=modis; rolling_id=R2025-H3; target_year=2025,code/primary_analysis/build_canonical_nonoverlap_outputs.py,CANONICAL
rolling_modis_AOI-02_R2025-H3_Bias,rolling_origin_ols,modis,AOI-02,2025,R2025-H3,Bias,0.0203373600093379,0.020337,counts: integer; manuscript headline RMSE/differences: 6 decimals; table values: source-derived fixed precision,results/primary/rolling_origin/rolling_origin_metrics.csv,AOI=AOI-02; sensor=modis; rolling_id=R2025-H3; target_year=2025,code/primary_analysis/build_canonical_nonoverlap_outputs.py,CANONICAL
rolling_sentinel2_AOI-02_R2024-H1_RMSE,rolling_origin_ols,sentinel2,AOI-02,2024,R2024-H1,RMSE,0.0687365625368537,0.068737,counts: integer; manuscript headline RMSE/differences: 6 decimals; table values: source-derived fixed precision,results/primary/rolling_origin/rolling_origin_metrics.csv,AOI=AOI-02; sensor=sentinel2; rolling_id=R2024-H1; target_year=2024,code/primary_analysis/build_canonical_nonoverlap_outputs.py,CANONICAL
rolling_sentinel2_AOI-02_R2024-H1_MAE,rolling_origin_ols,sentinel2,AOI-02,2024,R2024-H1,MAE,0.054043848053285,0.054044,counts: integer; manuscript headline RMSE/differences: 6 decimals; table values: source-derived fixed precision,results/primary/rolling_origin/rolling_origin_metrics.csv,AOI=AOI-02; sensor=sentinel2; rolling_id=R2024-H1; target_year=2024,code/primary_analysis/build_canonical_nonoverlap_outputs.py,CANONICAL
rolling_sentinel2_AOI-02_R2024-H1_Bias,rolling_origin_ols,sentinel2,AOI-02,2024,R2024-H1,Bias,-0.0279847444720948,-0.027985,counts: integer; manuscript headline RMSE/differences: 6 decimals; table values: source-derived fixed precision,results/primary/rolling_origin/rolling_origin_metrics.csv,AOI=AOI-02; sensor=sentinel2; rolling_id=R2024-H1; target_year=2024,code/primary_analysis/build_canonical_nonoverlap_outputs.py,CANONICAL
rolling_sentinel2_AOI-02_R2024-H2_RMSE,rolling_origin_ols,sentinel2,AOI-02,2024,R2024-H2,RMSE,0.0696974260117873,0.069697,counts: integer; manuscript headline RMSE/differences: 6 decimals; table values: source-derived fixed precision,results/primary/rolling_origin/rolling_origin_metrics.csv,AOI=AOI-02; sensor=sentinel2; rolling_id=R2024-H2; target_year=2024,code/primary_analysis/build_canonical_nonoverlap_outputs.py,CANONICAL
rolling_sentinel2_AOI-02_R2024-H2_MAE,rolling_origin_ols,sentinel2,AOI-02,2024,R2024-H2,MAE,0.0549433583684758,0.054943,counts: integer; manuscript headline RMSE/differences: 6 decimals; table values: source-derived fixed precision,results/primary/rolling_origin/rolling_origin_metrics.csv,AOI=AOI-02; sensor=sentinel2; rolling_id=R2024-H2; target_year=2024,code/primary_analysis/build_canonical_nonoverlap_outputs.py,CANONICAL
rolling_sentinel2_AOI-02_R2024-H2_Bias,rolling_origin_ols,sentinel2,AOI-02,2024,R2024-H2,Bias,-0.0303790165048944,-0.030379,counts: integer; manuscript headline RMSE/differences: 6 decimals; table values: source-derived fixed precision,results/primary/rolling_origin/rolling_origin_metrics.csv,AOI=AOI-02; sensor=sentinel2; rolling_id=R2024-H2; target_year=2024,code/primary_analysis/build_canonical_nonoverlap_outputs.py,CANONICAL
rolling_sentinel2_AOI-02_R2024-H3_RMSE,rolling_origin_ols,sentinel2,AOI-02,2024,R2024-H3,RMSE,0.0643876418066712,0.064388,counts: integer; manuscript headline RMSE/differences: 6 decimals; table values: source-derived fixed precision,results/primary/rolling_origin/rolling_origin_metrics.csv,AOI=AOI-02; sensor=sentinel2; rolling_id=R2024-H3; target_year=2024,code/primary_analysis/build_canonical_nonoverlap_outputs.py,CANONICAL
rolling_sentinel2_AOI-02_R2024-H3_MAE,rolling_origin_ols,sentinel2,AOI-02,2024,R2024-H3,MAE,0.0503545019704249,0.050355,counts: integer; manuscript headline RMSE/differences: 6 decimals; table values: source-derived fixed precision,results/primary/rolling_origin/rolling_origin_metrics.csv,AOI=AOI-02; sensor=sentinel2; rolling_id=R2024-H3; target_year=2024,code/primary_analysis/build_canonical_nonoverlap_outputs.py,CANONICAL
rolling_sentinel2_AOI-02_R2024-H3_Bias,rolling_origin_ols,sentinel2,AOI-02,2024,R2024-H3,Bias,-0.0133915145484808,-0.013392,counts: integer; manuscript headline RMSE/differences: 6 decimals; table values: source-derived fixed precision,results/primary/rolling_origin/rolling_origin_metrics.csv,AOI=AOI-02; sensor=sentinel2; rolling_id=R2024-H3; target_year=2024,code/primary_analysis/build_canonical_nonoverlap_outputs.py,CANONICAL
rolling_sentinel2_AOI-02_R2025-H1_RMSE,rolling_origin_ols,sentinel2,AOI-02,2025,R2025-H1,RMSE,0.0621643086972976,0.062164,counts: integer; manuscript headline RMSE/differences: 6 decimals; table values: source-derived fixed precision,results/primary/rolling_origin/rolling_origin_metrics.csv,AOI=AOI-02; sensor=sentinel2; rolling_id=R2025-H1; target_year=2025,code/primary_analysis/build_canonical_nonoverlap_outputs.py,CANONICAL
rolling_sentinel2_AOI-02_R2025-H1_MAE,rolling_origin_ols,sentinel2,AOI-02,2025,R2025-H1,MAE,0.0481235771712585,0.048124,counts: integer; manuscript headline RMSE/differences: 6 decimals; table values: source-derived fixed precision,results/primary/rolling_origin/rolling_origin_metrics.csv,AOI=AOI-02; sensor=sentinel2; rolling_id=R2025-H1; target_year=2025,code/primary_analysis/build_canonical_nonoverlap_outputs.py,CANONICAL
rolling_sentinel2_AOI-02_R2025-H1_Bias,rolling_origin_ols,sentinel2,AOI-02,2025,R2025-H1,Bias,0.0172218523825001,0.017222,counts: integer; manuscript headline RMSE/differences: 6 decimals; table values: source-derived fixed precision,results/primary/rolling_origin/rolling_origin_metrics.csv,AOI=AOI-02; sensor=sentinel2; rolling_id=R2025-H1; target_year=2025,code/primary_analysis/build_canonical_nonoverlap_outputs.py,CANONICAL
rolling_sentinel2_AOI-02_R2025-H2_RMSE,rolling_origin_ols,sentinel2,AOI-02,2025,R2025-H2,RMSE,0.0604646146401997,0.060465,counts: integer; manuscript headline RMSE/differences: 6 decimals; table values: source-derived fixed precision,results/primary/rolling_origin/rolling_origin_metrics.csv,AOI=AOI-02; sensor=sentinel2; rolling_id=R2025-H2; target_year=2025,code/primary_analysis/build_canonical_nonoverlap_outputs.py,CANONICAL
rolling_sentinel2_AOI-02_R2025-H2_MAE,rolling_origin_ols,sentinel2,AOI-02,2025,R2025-H2,MAE,0.0465565864480172,0.046557,counts: integer; manuscript headline RMSE/differences: 6 decimals; table values: source-derived fixed precision,results/primary/rolling_origin/rolling_origin_metrics.csv,AOI=AOI-02; sensor=sentinel2; rolling_id=R2025-H2; target_year=2025,code/primary_analysis/build_canonical_nonoverlap_outputs.py,CANONICAL
rolling_sentinel2_AOI-02_R2025-H2_Bias,rolling_origin_ols,sentinel2,AOI-02,2025,R2025-H2,Bias,0.0098124158794889,0.009812,counts: integer; manuscript headline RMSE/differences: 6 decimals; table values: source-derived fixed precision,results/primary/rolling_origin/rolling_origin_metrics.csv,AOI=AOI-02; sensor=sentinel2; rolling_id=R2025-H2; target_year=2025,code/primary_analysis/build_canonical_nonoverlap_outputs.py,CANONICAL
rolling_sentinel2_AOI-02_R2025-H3_RMSE,rolling_origin_ols,sentinel2,AOI-02,2025,R2025-H3,RMSE,0.0596448274340375,0.059645,counts: integer; manuscript headline RMSE/differences: 6 decimals; table values: source-derived fixed precision,results/primary/rolling_origin/rolling_origin_metrics.csv,AOI=AOI-02; sensor=sentinel2; rolling_id=R2025-H3; target_year=2025,code/primary_analysis/build_canonical_nonoverlap_outputs.py,CANONICAL
rolling_sentinel2_AOI-02_R2025-H3_MAE,rolling_origin_ols,sentinel2,AOI-02,2025,R2025-H3,MAE,0.0456849593104843,0.045685,counts: integer; manuscript headline RMSE/differences: 6 decimals; table values: source-derived fixed precision,results/primary/rolling_origin/rolling_origin_metrics.csv,AOI=AOI-02; sensor=sentinel2; rolling_id=R2025-H3; target_year=2025,code/primary_analysis/build_canonical_nonoverlap_outputs.py,CANONICAL
rolling_sentinel2_AOI-02_R2025-H3_Bias,rolling_origin_ols,sentinel2,AOI-02,2025,R2025-H3,Bias,-0.0001728020156,-0.000173,counts: integer; manuscript headline RMSE/differences: 6 decimals; table values: source-derived fixed precision,results/primary/rolling_origin/rolling_origin_metrics.csv,AOI=AOI-02; sensor=sentinel2; rolling_id=R2025-H3; target_year=2025,code/primary_analysis/build_canonical_nonoverlap_outputs.py,CANONICAL
rolling_landsat_AOI-03_R2024-H1_RMSE,rolling_origin_ols,landsat,AOI-03,2024,R2024-H1,RMSE,0.035675246404977,0.035675,counts: integer; manuscript headline RMSE/differences: 6 decimals; table values: source-derived fixed precision,results/primary/rolling_origin/rolling_origin_metrics.csv,AOI=AOI-03; sensor=landsat; rolling_id=R2024-H1; target_year=2024,code/primary_analysis/build_canonical_nonoverlap_outputs.py,CANONICAL
rolling_landsat_AOI-03_R2024-H1_MAE,rolling_origin_ols,landsat,AOI-03,2024,R2024-H1,MAE,0.0274063790917321,0.027406,counts: integer; manuscript headline RMSE/differences: 6 decimals; table values: source-derived fixed precision,results/primary/rolling_origin/rolling_origin_metrics.csv,AOI=AOI-03; sensor=landsat; rolling_id=R2024-H1; target_year=2024,code/primary_analysis/build_canonical_nonoverlap_outputs.py,CANONICAL
rolling_landsat_AOI-03_R2024-H1_Bias,rolling_origin_ols,landsat,AOI-03,2024,R2024-H1,Bias,0.0143951655094644,0.014395,counts: integer; manuscript headline RMSE/differences: 6 decimals; table values: source-derived fixed precision,results/primary/rolling_origin/rolling_origin_metrics.csv,AOI=AOI-03; sensor=landsat; rolling_id=R2024-H1; target_year=2024,code/primary_analysis/build_canonical_nonoverlap_outputs.py,CANONICAL
rolling_landsat_AOI-03_R2024-H2_RMSE,rolling_origin_ols,landsat,AOI-03,2024,R2024-H2,RMSE,0.0325111692536066,0.032511,counts: integer; manuscript headline RMSE/differences: 6 decimals; table values: source-derived fixed precision,results/primary/rolling_origin/rolling_origin_metrics.csv,AOI=AOI-03; sensor=landsat; rolling_id=R2024-H2; target_year=2024,code/primary_analysis/build_canonical_nonoverlap_outputs.py,CANONICAL
rolling_landsat_AOI-03_R2024-H2_MAE,rolling_origin_ols,landsat,AOI-03,2024,R2024-H2,MAE,0.0232703194143969,0.023270,counts: integer; manuscript headline RMSE/differences: 6 decimals; table values: source-derived fixed precision,results/primary/rolling_origin/rolling_origin_metrics.csv,AOI=AOI-03; sensor=landsat; rolling_id=R2024-H2; target_year=2024,code/primary_analysis/build_canonical_nonoverlap_outputs.py,CANONICAL
rolling_landsat_AOI-03_R2024-H2_Bias,rolling_origin_ols,landsat,AOI-03,2024,R2024-H2,Bias,0.0046320504851668,0.004632,counts: integer; manuscript headline RMSE/differences: 6 decimals; table values: source-derived fixed precision,results/primary/rolling_origin/rolling_origin_metrics.csv,AOI=AOI-03; sensor=landsat; rolling_id=R2024-H2; target_year=2024,code/primary_analysis/build_canonical_nonoverlap_outputs.py,CANONICAL
rolling_landsat_AOI-03_R2024-H3_RMSE,rolling_origin_ols,landsat,AOI-03,2024,R2024-H3,RMSE,0.0322136907409183,0.032214,counts: integer; manuscript headline RMSE/differences: 6 decimals; table values: source-derived fixed precision,results/primary/rolling_origin/rolling_origin_metrics.csv,AOI=AOI-03; sensor=landsat; rolling_id=R2024-H3; target_year=2024,code/primary_analysis/build_canonical_nonoverlap_outputs.py,CANONICAL
rolling_landsat_AOI-03_R2024-H3_MAE,rolling_origin_ols,landsat,AOI-03,2024,R2024-H3,MAE,0.0227181787508962,0.022718,counts: integer; manuscript headline RMSE/differences: 6 decimals; table values: source-derived fixed precision,results/primary/rolling_origin/rolling_origin_metrics.csv,AOI=AOI-03; sensor=landsat; rolling_id=R2024-H3; target_year=2024,code/primary_analysis/build_canonical_nonoverlap_outputs.py,CANONICAL
rolling_landsat_AOI-03_R2024-H3_Bias,rolling_origin_ols,landsat,AOI-03,2024,R2024-H3,Bias,0.0026011256560848,0.002601,counts: integer; manuscript headline RMSE/differences: 6 decimals; table values: source-derived fixed precision,results/primary/rolling_origin/rolling_origin_metrics.csv,AOI=AOI-03; sensor=landsat; rolling_id=R2024-H3; target_year=2024,code/primary_analysis/build_canonical_nonoverlap_outputs.py,CANONICAL
rolling_landsat_AOI-03_R2025-H1_RMSE,rolling_origin_ols,landsat,AOI-03,2025,R2025-H1,RMSE,0.0378331345629376,0.037833,counts: integer; manuscript headline RMSE/differences: 6 decimals; table values: source-derived fixed precision,results/primary/rolling_origin/rolling_origin_metrics.csv,AOI=AOI-03; sensor=landsat; rolling_id=R2025-H1; target_year=2025,code/primary_analysis/build_canonical_nonoverlap_outputs.py,CANONICAL
rolling_landsat_AOI-03_R2025-H1_MAE,rolling_origin_ols,landsat,AOI-03,2025,R2025-H1,MAE,0.0292759047753244,0.029276,counts: integer; manuscript headline RMSE/differences: 6 decimals; table values: source-derived fixed precision,results/primary/rolling_origin/rolling_origin_metrics.csv,AOI=AOI-03; sensor=landsat; rolling_id=R2025-H1; target_year=2025,code/primary_analysis/build_canonical_nonoverlap_outputs.py,CANONICAL
rolling_landsat_AOI-03_R2025-H1_Bias,rolling_origin_ols,landsat,AOI-03,2025,R2025-H1,Bias,0.0116057585030791,0.011606,counts: integer; manuscript headline RMSE/differences: 6 decimals; table values: source-derived fixed precision,results/primary/rolling_origin/rolling_origin_metrics.csv,AOI=AOI-03; sensor=landsat; rolling_id=R2025-H1; target_year=2025,code/primary_analysis/build_canonical_nonoverlap_outputs.py,CANONICAL
rolling_landsat_AOI-03_R2025-H2_RMSE,rolling_origin_ols,landsat,AOI-03,2025,R2025-H2,RMSE,0.0403608217572506,0.040361,counts: integer; manuscript headline RMSE/differences: 6 decimals; table values: source-derived fixed precision,results/primary/rolling_origin/rolling_origin_metrics.csv,AOI=AOI-03; sensor=landsat; rolling_id=R2025-H2; target_year=2025,code/primary_analysis/build_canonical_nonoverlap_outputs.py,CANONICAL
rolling_landsat_AOI-03_R2025-H2_MAE,rolling_origin_ols,landsat,AOI-03,2025,R2025-H2,MAE,0.0320276333655505,0.032028,counts: integer; manuscript headline RMSE/differences: 6 decimals; table values: source-derived fixed precision,results/primary/rolling_origin/rolling_origin_metrics.csv,AOI=AOI-03; sensor=landsat; rolling_id=R2025-H2; target_year=2025,code/primary_analysis/build_canonical_nonoverlap_outputs.py,CANONICAL
rolling_landsat_AOI-03_R2025-H2_Bias,rolling_origin_ols,landsat,AOI-03,2025,R2025-H2,Bias,0.0178619254259415,0.017862,counts: integer; manuscript headline RMSE/differences: 6 decimals; table values: source-derived fixed precision,results/primary/rolling_origin/rolling_origin_metrics.csv,AOI=AOI-03; sensor=landsat; rolling_id=R2025-H2; target_year=2025,code/primary_analysis/build_canonical_nonoverlap_outputs.py,CANONICAL
rolling_landsat_AOI-03_R2025-H3_RMSE,rolling_origin_ols,landsat,AOI-03,2025,R2025-H3,RMSE,0.0388553593735334,0.038855,counts: integer; manuscript headline RMSE/differences: 6 decimals; table values: source-derived fixed precision,results/primary/rolling_origin/rolling_origin_metrics.csv,AOI=AOI-03; sensor=landsat; rolling_id=R2025-H3; target_year=2025,code/primary_analysis/build_canonical_nonoverlap_outputs.py,CANONICAL
rolling_landsat_AOI-03_R2025-H3_MAE,rolling_origin_ols,landsat,AOI-03,2025,R2025-H3,MAE,0.0303184931299491,0.030318,counts: integer; manuscript headline RMSE/differences: 6 decimals; table values: source-derived fixed precision,results/primary/rolling_origin/rolling_origin_metrics.csv,AOI=AOI-03; sensor=landsat; rolling_id=R2025-H3; target_year=2025,code/primary_analysis/build_canonical_nonoverlap_outputs.py,CANONICAL
rolling_landsat_AOI-03_R2025-H3_Bias,rolling_origin_ols,landsat,AOI-03,2025,R2025-H3,Bias,0.0142693697944905,0.014269,counts: integer; manuscript headline RMSE/differences: 6 decimals; table values: source-derived fixed precision,results/primary/rolling_origin/rolling_origin_metrics.csv,AOI=AOI-03; sensor=landsat; rolling_id=R2025-H3; target_year=2025,code/primary_analysis/build_canonical_nonoverlap_outputs.py,CANONICAL
rolling_modis_AOI-03_R2024-H1_RMSE,rolling_origin_ols,modis,AOI-03,2024,R2024-H1,RMSE,0.03337744257448,0.033377,counts: integer; manuscript headline RMSE/differences: 6 decimals; table values: source-derived fixed precision,results/primary/rolling_origin/rolling_origin_metrics.csv,AOI=AOI-03; sensor=modis; rolling_id=R2024-H1; target_year=2024,code/primary_analysis/build_canonical_nonoverlap_outputs.py,CANONICAL
rolling_modis_AOI-03_R2024-H1_MAE,rolling_origin_ols,modis,AOI-03,2024,R2024-H1,MAE,0.0253949168921849,0.025395,counts: integer; manuscript headline RMSE/differences: 6 decimals; table values: source-derived fixed precision,results/primary/rolling_origin/rolling_origin_metrics.csv,AOI=AOI-03; sensor=modis; rolling_id=R2024-H1; target_year=2024,code/primary_analysis/build_canonical_nonoverlap_outputs.py,CANONICAL
rolling_modis_AOI-03_R2024-H1_Bias,rolling_origin_ols,modis,AOI-03,2024,R2024-H1,Bias,-0.0014193691857892,-0.001419,counts: integer; manuscript headline RMSE/differences: 6 decimals; table values: source-derived fixed precision,results/primary/rolling_origin/rolling_origin_metrics.csv,AOI=AOI-03; sensor=modis; rolling_id=R2024-H1; target_year=2024,code/primary_analysis/build_canonical_nonoverlap_outputs.py,CANONICAL
rolling_modis_AOI-03_R2024-H2_RMSE,rolling_origin_ols,modis,AOI-03,2024,R2024-H2,RMSE,0.0337963471969423,0.033796,counts: integer; manuscript headline RMSE/differences: 6 decimals; table values: source-derived fixed precision,results/primary/rolling_origin/rolling_origin_metrics.csv,AOI=AOI-03; sensor=modis; rolling_id=R2024-H2; target_year=2024,code/primary_analysis/build_canonical_nonoverlap_outputs.py,CANONICAL
rolling_modis_AOI-03_R2024-H2_MAE,rolling_origin_ols,modis,AOI-03,2024,R2024-H2,MAE,0.0255838710722828,0.025584,counts: integer; manuscript headline RMSE/differences: 6 decimals; table values: source-derived fixed precision,results/primary/rolling_origin/rolling_origin_metrics.csv,AOI=AOI-03; sensor=modis; rolling_id=R2024-H2; target_year=2024,code/primary_analysis/build_canonical_nonoverlap_outputs.py,CANONICAL
rolling_modis_AOI-03_R2024-H2_Bias,rolling_origin_ols,modis,AOI-03,2024,R2024-H2,Bias,-0.0049646296373452,-0.004965,counts: integer; manuscript headline RMSE/differences: 6 decimals; table values: source-derived fixed precision,results/primary/rolling_origin/rolling_origin_metrics.csv,AOI=AOI-03; sensor=modis; rolling_id=R2024-H2; target_year=2024,code/primary_analysis/build_canonical_nonoverlap_outputs.py,CANONICAL
rolling_modis_AOI-03_R2024-H3_RMSE,rolling_origin_ols,modis,AOI-03,2024,R2024-H3,RMSE,0.0343572357942719,0.034357,counts: integer; manuscript headline RMSE/differences: 6 decimals; table values: source-derived fixed precision,results/primary/rolling_origin/rolling_origin_metrics.csv,AOI=AOI-03; sensor=modis; rolling_id=R2024-H3; target_year=2024,code/primary_analysis/build_canonical_nonoverlap_outputs.py,CANONICAL
rolling_modis_AOI-03_R2024-H3_MAE,rolling_origin_ols,modis,AOI-03,2024,R2024-H3,MAE,0.0262705741680192,0.026271,counts: integer; manuscript headline RMSE/differences: 6 decimals; table values: source-derived fixed precision,results/primary/rolling_origin/rolling_origin_metrics.csv,AOI=AOI-03; sensor=modis; rolling_id=R2024-H3; target_year=2024,code/primary_analysis/build_canonical_nonoverlap_outputs.py,CANONICAL
rolling_modis_AOI-03_R2024-H3_Bias,rolling_origin_ols,modis,AOI-03,2024,R2024-H3,Bias,-0.0083657687642393,-0.008366,counts: integer; manuscript headline RMSE/differences: 6 decimals; table values: source-derived fixed precision,results/primary/rolling_origin/rolling_origin_metrics.csv,AOI=AOI-03; sensor=modis; rolling_id=R2024-H3; target_year=2024,code/primary_analysis/build_canonical_nonoverlap_outputs.py,CANONICAL
rolling_modis_AOI-03_R2025-H1_RMSE,rolling_origin_ols,modis,AOI-03,2025,R2025-H1,RMSE,0.0331368200538369,0.033137,counts: integer; manuscript headline RMSE/differences: 6 decimals; table values: source-derived fixed precision,results/primary/rolling_origin/rolling_origin_metrics.csv,AOI=AOI-03; sensor=modis; rolling_id=R2025-H1; target_year=2025,code/primary_analysis/build_canonical_nonoverlap_outputs.py,CANONICAL
rolling_modis_AOI-03_R2025-H1_MAE,rolling_origin_ols,modis,AOI-03,2025,R2025-H1,MAE,0.0264650236960208,0.026465,counts: integer; manuscript headline RMSE/differences: 6 decimals; table values: source-derived fixed precision,results/primary/rolling_origin/rolling_origin_metrics.csv,AOI=AOI-03; sensor=modis; rolling_id=R2025-H1; target_year=2025,code/primary_analysis/build_canonical_nonoverlap_outputs.py,CANONICAL
rolling_modis_AOI-03_R2025-H1_Bias,rolling_origin_ols,modis,AOI-03,2025,R2025-H1,Bias,0.0113852801813987,0.011385,counts: integer; manuscript headline RMSE/differences: 6 decimals; table values: source-derived fixed precision,results/primary/rolling_origin/rolling_origin_metrics.csv,AOI=AOI-03; sensor=modis; rolling_id=R2025-H1; target_year=2025,code/primary_analysis/build_canonical_nonoverlap_outputs.py,CANONICAL
rolling_modis_AOI-03_R2025-H2_RMSE,rolling_origin_ols,modis,AOI-03,2025,R2025-H2,RMSE,0.0327178257301312,0.032718,counts: integer; manuscript headline RMSE/differences: 6 decimals; table values: source-derived fixed precision,results/primary/rolling_origin/rolling_origin_metrics.csv,AOI=AOI-03; sensor=modis; rolling_id=R2025-H2; target_year=2025,code/primary_analysis/build_canonical_nonoverlap_outputs.py,CANONICAL
rolling_modis_AOI-03_R2025-H2_MAE,rolling_origin_ols,modis,AOI-03,2025,R2025-H2,MAE,0.026019559990907,0.026020,counts: integer; manuscript headline RMSE/differences: 6 decimals; table values: source-derived fixed precision,results/primary/rolling_origin/rolling_origin_metrics.csv,AOI=AOI-03; sensor=modis; rolling_id=R2025-H2; target_year=2025,code/primary_analysis/build_canonical_nonoverlap_outputs.py,CANONICAL
rolling_modis_AOI-03_R2025-H2_Bias,rolling_origin_ols,modis,AOI-03,2025,R2025-H2,Bias,0.0105989705107837,0.010599,counts: integer; manuscript headline RMSE/differences: 6 decimals; table values: source-derived fixed precision,results/primary/rolling_origin/rolling_origin_metrics.csv,AOI=AOI-03; sensor=modis; rolling_id=R2025-H2; target_year=2025,code/primary_analysis/build_canonical_nonoverlap_outputs.py,CANONICAL
rolling_modis_AOI-03_R2025-H3_RMSE,rolling_origin_ols,modis,AOI-03,2025,R2025-H3,RMSE,0.0326519290100027,0.032652,counts: integer; manuscript headline RMSE/differences: 6 decimals; table values: source-derived fixed precision,results/primary/rolling_origin/rolling_origin_metrics.csv,AOI=AOI-03; sensor=modis; rolling_id=R2025-H3; target_year=2025,code/primary_analysis/build_canonical_nonoverlap_outputs.py,CANONICAL
rolling_modis_AOI-03_R2025-H3_MAE,rolling_origin_ols,modis,AOI-03,2025,R2025-H3,MAE,0.0256863723714172,0.025686,counts: integer; manuscript headline RMSE/differences: 6 decimals; table values: source-derived fixed precision,results/primary/rolling_origin/rolling_origin_metrics.csv,AOI=AOI-03; sensor=modis; rolling_id=R2025-H3; target_year=2025,code/primary_analysis/build_canonical_nonoverlap_outputs.py,CANONICAL
rolling_modis_AOI-03_R2025-H3_Bias,rolling_origin_ols,modis,AOI-03,2025,R2025-H3,Bias,0.0086793986326361,0.008679,counts: integer; manuscript headline RMSE/differences: 6 decimals; table values: source-derived fixed precision,results/primary/rolling_origin/rolling_origin_metrics.csv,AOI=AOI-03; sensor=modis; rolling_id=R2025-H3; target_year=2025,code/primary_analysis/build_canonical_nonoverlap_outputs.py,CANONICAL
rolling_sentinel2_AOI-03_R2024-H1_RMSE,rolling_origin_ols,sentinel2,AOI-03,2024,R2024-H1,RMSE,0.0451574848414513,0.045157,counts: integer; manuscript headline RMSE/differences: 6 decimals; table values: source-derived fixed precision,results/primary/rolling_origin/rolling_origin_metrics.csv,AOI=AOI-03; sensor=sentinel2; rolling_id=R2024-H1; target_year=2024,code/primary_analysis/build_canonical_nonoverlap_outputs.py,CANONICAL
rolling_sentinel2_AOI-03_R2024-H1_MAE,rolling_origin_ols,sentinel2,AOI-03,2024,R2024-H1,MAE,0.0306081109912275,0.030608,counts: integer; manuscript headline RMSE/differences: 6 decimals; table values: source-derived fixed precision,results/primary/rolling_origin/rolling_origin_metrics.csv,AOI=AOI-03; sensor=sentinel2; rolling_id=R2024-H1; target_year=2024,code/primary_analysis/build_canonical_nonoverlap_outputs.py,CANONICAL
rolling_sentinel2_AOI-03_R2024-H1_Bias,rolling_origin_ols,sentinel2,AOI-03,2024,R2024-H1,Bias,-0.0049245226146776,-0.004925,counts: integer; manuscript headline RMSE/differences: 6 decimals; table values: source-derived fixed precision,results/primary/rolling_origin/rolling_origin_metrics.csv,AOI=AOI-03; sensor=sentinel2; rolling_id=R2024-H1; target_year=2024,code/primary_analysis/build_canonical_nonoverlap_outputs.py,CANONICAL
rolling_sentinel2_AOI-03_R2024-H2_RMSE,rolling_origin_ols,sentinel2,AOI-03,2024,R2024-H2,RMSE,0.0442276799959836,0.044228,counts: integer; manuscript headline RMSE/differences: 6 decimals; table values: source-derived fixed precision,results/primary/rolling_origin/rolling_origin_metrics.csv,AOI=AOI-03; sensor=sentinel2; rolling_id=R2024-H2; target_year=2024,code/primary_analysis/build_canonical_nonoverlap_outputs.py,CANONICAL
rolling_sentinel2_AOI-03_R2024-H2_MAE,rolling_origin_ols,sentinel2,AOI-03,2024,R2024-H2,MAE,0.030230129129949,0.030230,counts: integer; manuscript headline RMSE/differences: 6 decimals; table values: source-derived fixed precision,results/primary/rolling_origin/rolling_origin_metrics.csv,AOI=AOI-03; sensor=sentinel2; rolling_id=R2024-H2; target_year=2024,code/primary_analysis/build_canonical_nonoverlap_outputs.py,CANONICAL
rolling_sentinel2_AOI-03_R2024-H2_Bias,rolling_origin_ols,sentinel2,AOI-03,2024,R2024-H2,Bias,-0.0027107603450003,-0.002711,counts: integer; manuscript headline RMSE/differences: 6 decimals; table values: source-derived fixed precision,results/primary/rolling_origin/rolling_origin_metrics.csv,AOI=AOI-03; sensor=sentinel2; rolling_id=R2024-H2; target_year=2024,code/primary_analysis/build_canonical_nonoverlap_outputs.py,CANONICAL
rolling_sentinel2_AOI-03_R2024-H3_RMSE,rolling_origin_ols,sentinel2,AOI-03,2024,R2024-H3,RMSE,0.0440836819752526,0.044084,counts: integer; manuscript headline RMSE/differences: 6 decimals; table values: source-derived fixed precision,results/primary/rolling_origin/rolling_origin_metrics.csv,AOI=AOI-03; sensor=sentinel2; rolling_id=R2024-H3; target_year=2024,code/primary_analysis/build_canonical_nonoverlap_outputs.py,CANONICAL
rolling_sentinel2_AOI-03_R2024-H3_MAE,rolling_origin_ols,sentinel2,AOI-03,2024,R2024-H3,MAE,0.0306296856435946,0.030630,counts: integer; manuscript headline RMSE/differences: 6 decimals; table values: source-derived fixed precision,results/primary/rolling_origin/rolling_origin_metrics.csv,AOI=AOI-03; sensor=sentinel2; rolling_id=R2024-H3; target_year=2024,code/primary_analysis/build_canonical_nonoverlap_outputs.py,CANONICAL
rolling_sentinel2_AOI-03_R2024-H3_Bias,rolling_origin_ols,sentinel2,AOI-03,2024,R2024-H3,Bias,-0.0004111578431963,-0.000411,counts: integer; manuscript headline RMSE/differences: 6 decimals; table values: source-derived fixed precision,results/primary/rolling_origin/rolling_origin_metrics.csv,AOI=AOI-03; sensor=sentinel2; rolling_id=R2024-H3; target_year=2024,code/primary_analysis/build_canonical_nonoverlap_outputs.py,CANONICAL
rolling_sentinel2_AOI-03_R2025-H1_RMSE,rolling_origin_ols,sentinel2,AOI-03,2025,R2025-H1,RMSE,0.0417760053410692,0.041776,counts: integer; manuscript headline RMSE/differences: 6 decimals; table values: source-derived fixed precision,results/primary/rolling_origin/rolling_origin_metrics.csv,AOI=AOI-03; sensor=sentinel2; rolling_id=R2025-H1; target_year=2025,code/primary_analysis/build_canonical_nonoverlap_outputs.py,CANONICAL
rolling_sentinel2_AOI-03_R2025-H1_MAE,rolling_origin_ols,sentinel2,AOI-03,2025,R2025-H1,MAE,0.0284692519851365,0.028469,counts: integer; manuscript headline RMSE/differences: 6 decimals; table values: source-derived fixed precision,results/primary/rolling_origin/rolling_origin_metrics.csv,AOI=AOI-03; sensor=sentinel2; rolling_id=R2025-H1; target_year=2025,code/primary_analysis/build_canonical_nonoverlap_outputs.py,CANONICAL
rolling_sentinel2_AOI-03_R2025-H1_Bias,rolling_origin_ols,sentinel2,AOI-03,2025,R2025-H1,Bias,-0.0024264328666484,-0.002426,counts: integer; manuscript headline RMSE/differences: 6 decimals; table values: source-derived fixed precision,results/primary/rolling_origin/rolling_origin_metrics.csv,AOI=AOI-03; sensor=sentinel2; rolling_id=R2025-H1; target_year=2025,code/primary_analysis/build_canonical_nonoverlap_outputs.py,CANONICAL
rolling_sentinel2_AOI-03_R2025-H2_RMSE,rolling_origin_ols,sentinel2,AOI-03,2025,R2025-H2,RMSE,0.0422580131745853,0.042258,counts: integer; manuscript headline RMSE/differences: 6 decimals; table values: source-derived fixed precision,results/primary/rolling_origin/rolling_origin_metrics.csv,AOI=AOI-03; sensor=sentinel2; rolling_id=R2025-H2; target_year=2025,code/primary_analysis/build_canonical_nonoverlap_outputs.py,CANONICAL
rolling_sentinel2_AOI-03_R2025-H2_MAE,rolling_origin_ols,sentinel2,AOI-03,2025,R2025-H2,MAE,0.0283996017944257,0.028400,counts: integer; manuscript headline RMSE/differences: 6 decimals; table values: source-derived fixed precision,results/primary/rolling_origin/rolling_origin_metrics.csv,AOI=AOI-03; sensor=sentinel2; rolling_id=R2025-H2; target_year=2025,code/primary_analysis/build_canonical_nonoverlap_outputs.py,CANONICAL
rolling_sentinel2_AOI-03_R2025-H2_Bias,rolling_origin_ols,sentinel2,AOI-03,2025,R2025-H2,Bias,-0.0040741011387953,-0.004074,counts: integer; manuscript headline RMSE/differences: 6 decimals; table values: source-derived fixed precision,results/primary/rolling_origin/rolling_origin_metrics.csv,AOI=AOI-03; sensor=sentinel2; rolling_id=R2025-H2; target_year=2025,code/primary_analysis/build_canonical_nonoverlap_outputs.py,CANONICAL
rolling_sentinel2_AOI-03_R2025-H3_RMSE,rolling_origin_ols,sentinel2,AOI-03,2025,R2025-H3,RMSE,0.0420939656716141,0.042094,counts: integer; manuscript headline RMSE/differences: 6 decimals; table values: source-derived fixed precision,results/primary/rolling_origin/rolling_origin_metrics.csv,AOI=AOI-03; sensor=sentinel2; rolling_id=R2025-H3; target_year=2025,code/primary_analysis/build_canonical_nonoverlap_outputs.py,CANONICAL
rolling_sentinel2_AOI-03_R2025-H3_MAE,rolling_origin_ols,sentinel2,AOI-03,2025,R2025-H3,MAE,0.028356104100038,0.028356,counts: integer; manuscript headline RMSE/differences: 6 decimals; table values: source-derived fixed precision,results/primary/rolling_origin/rolling_origin_metrics.csv,AOI=AOI-03; sensor=sentinel2; rolling_id=R2025-H3; target_year=2025,code/primary_analysis/build_canonical_nonoverlap_outputs.py,CANONICAL
rolling_sentinel2_AOI-03_R2025-H3_Bias,rolling_origin_ols,sentinel2,AOI-03,2025,R2025-H3,Bias,-0.0037910819019682,-0.003791,counts: integer; manuscript headline RMSE/differences: 6 decimals; table values: source-derived fixed precision,results/primary/rolling_origin/rolling_origin_metrics.csv,AOI=AOI-03; sensor=sentinel2; rolling_id=R2025-H3; target_year=2025,code/primary_analysis/build_canonical_nonoverlap_outputs.py,CANONICAL
dpm_landsat_AOI-00_P1/P99_RMSE_DPM,dpm,landsat,AOI-00,2025,P1/P99,RMSE_DPM,0.2115284351420828,0.211528,counts: integer; manuscript headline RMSE/differences: 6 decimals; table values: source-derived fixed precision,results/primary/dpm/dpm_endpoint_sensitivity.csv,AOI=AOI-00; sensor=landsat; endpoint=P1/P99,code/primary_analysis/build_canonical_nonoverlap_outputs.py,CANONICAL
dpm_landsat_AOI-00_P1/P99_MAE_DPM,dpm,landsat,AOI-00,2025,P1/P99,MAE_DPM,0.1986284586607676,0.198628,counts: integer; manuscript headline RMSE/differences: 6 decimals; table values: source-derived fixed precision,results/primary/dpm/dpm_endpoint_sensitivity.csv,AOI=AOI-00; sensor=landsat; endpoint=P1/P99,code/primary_analysis/build_canonical_nonoverlap_outputs.py,CANONICAL
dpm_landsat_AOI-00_P1/P99_total_clip_ratio,dpm,landsat,AOI-00,2025,P1/P99,total_clip_ratio,0.0200829295099165,0.0200829295099165,counts: integer; manuscript headline RMSE/differences: 6 decimals; table values: source-derived fixed precision,results/primary/dpm/dpm_endpoint_sensitivity.csv,AOI=AOI-00; sensor=landsat; endpoint=P1/P99,code/primary_analysis/build_canonical_nonoverlap_outputs.py,CANONICAL
dpm_landsat_AOI-00_P2/P98_RMSE_DPM,dpm,landsat,AOI-00,2025,P2/P98,RMSE_DPM,0.2017949683030098,0.201795,counts: integer; manuscript headline RMSE/differences: 6 decimals; table values: source-derived fixed precision,results/primary/dpm/dpm_endpoint_sensitivity.csv,AOI=AOI-00; sensor=landsat; endpoint=P2/P98,code/primary_analysis/build_canonical_nonoverlap_outputs.py,CANONICAL
dpm_landsat_AOI-00_P2/P98_MAE_DPM,dpm,landsat,AOI-00,2025,P2/P98,MAE_DPM,0.1851668472183813,0.185167,counts: integer; manuscript headline RMSE/differences: 6 decimals; table values: source-derived fixed precision,results/primary/dpm/dpm_endpoint_sensitivity.csv,AOI=AOI-00; sensor=landsat; endpoint=P2/P98,code/primary_analysis/build_canonical_nonoverlap_outputs.py,CANONICAL
dpm_landsat_AOI-00_P2/P98_total_clip_ratio,dpm,landsat,AOI-00,2025,P2/P98,total_clip_ratio,0.0400659439476445,0.0400659439476445,counts: integer; manuscript headline RMSE/differences: 6 decimals; table values: source-derived fixed precision,results/primary/dpm/dpm_endpoint_sensitivity.csv,AOI=AOI-00; sensor=landsat; endpoint=P2/P98,code/primary_analysis/build_canonical_nonoverlap_outputs.py,CANONICAL
dpm_landsat_AOI-00_P5/P95_RMSE_DPM,dpm,landsat,AOI-00,2025,P5/P95,RMSE_DPM,0.1971286950457216,0.197129,counts: integer; manuscript headline RMSE/differences: 6 decimals; table values: source-derived fixed precision,results/primary/dpm/dpm_endpoint_sensitivity.csv,AOI=AOI-00; sensor=landsat; endpoint=P5/P95,code/primary_analysis/build_canonical_nonoverlap_outputs.py,CANONICAL
dpm_landsat_AOI-00_P5/P95_MAE_DPM,dpm,landsat,AOI-00,2025,P5/P95,MAE_DPM,0.1670796522037335,0.167080,counts: integer; manuscript headline RMSE/differences: 6 decimals; table values: source-derived fixed precision,results/primary/dpm/dpm_endpoint_sensitivity.csv,AOI=AOI-00; sensor=landsat; endpoint=P5/P95,code/primary_analysis/build_canonical_nonoverlap_outputs.py,CANONICAL
dpm_landsat_AOI-00_P5/P95_total_clip_ratio,dpm,landsat,AOI-00,2025,P5/P95,total_clip_ratio,0.1000149872608282,0.1000149872608282,counts: integer; manuscript headline RMSE/differences: 6 decimals; table values: source-derived fixed precision,results/primary/dpm/dpm_endpoint_sensitivity.csv,AOI=AOI-00; sensor=landsat; endpoint=P5/P95,code/primary_analysis/build_canonical_nonoverlap_outputs.py,CANONICAL
dpm_landsat_AOI-00_P10/P90_RMSE_DPM,dpm,landsat,AOI-00,2025,P10/P90,RMSE_DPM,0.2490543765921777,0.249054,counts: integer; manuscript headline RMSE/differences: 6 decimals; table values: source-derived fixed precision,results/primary/dpm/dpm_endpoint_sensitivity.csv,AOI=AOI-00; sensor=landsat; endpoint=P10/P90,code/primary_analysis/build_canonical_nonoverlap_outputs.py,CANONICAL
dpm_landsat_AOI-00_P10/P90_MAE_DPM,dpm,landsat,AOI-00,2025,P10/P90,MAE_DPM,0.2099325484149835,0.209933,counts: integer; manuscript headline RMSE/differences: 6 decimals; table values: source-derived fixed precision,results/primary/dpm/dpm_endpoint_sensitivity.csv,AOI=AOI-00; sensor=landsat; endpoint=P10/P90,code/primary_analysis/build_canonical_nonoverlap_outputs.py,CANONICAL
dpm_landsat_AOI-00_P10/P90_total_clip_ratio,dpm,landsat,AOI-00,2025,P10/P90,total_clip_ratio,0.2000299745216565,0.2000299745216565,counts: integer; manuscript headline RMSE/differences: 6 decimals; table values: source-derived fixed precision,results/primary/dpm/dpm_endpoint_sensitivity.csv,AOI=AOI-00; sensor=landsat; endpoint=P10/P90,code/primary_analysis/build_canonical_nonoverlap_outputs.py,CANONICAL
dpm_modis_AOI-00_P1/P99_RMSE_DPM,dpm,modis,AOI-00,2025,P1/P99,RMSE_DPM,0.1973162741246914,0.197316,counts: integer; manuscript headline RMSE/differences: 6 decimals; table values: source-derived fixed precision,results/primary/dpm/dpm_endpoint_sensitivity.csv,AOI=AOI-00; sensor=modis; endpoint=P1/P99,code/primary_analysis/build_canonical_nonoverlap_outputs.py,CANONICAL
dpm_modis_AOI-00_P1/P99_MAE_DPM,dpm,modis,AOI-00,2025,P1/P99,MAE_DPM,0.1831793611945566,0.183179,counts: integer; manuscript headline RMSE/differences: 6 decimals; table values: source-derived fixed precision,results/primary/dpm/dpm_endpoint_sensitivity.csv,AOI=AOI-00; sensor=modis; endpoint=P1/P99,code/primary_analysis/build_canonical_nonoverlap_outputs.py,CANONICAL
dpm_modis_AOI-00_P1/P99_total_clip_ratio,dpm,modis,AOI-00,2025,P1/P99,total_clip_ratio,0.0200633013250362,0.0200633013250362,counts: integer; manuscript headline RMSE/differences: 6 decimals; table values: source-derived fixed precision,results/primary/dpm/dpm_endpoint_sensitivity.csv,AOI=AOI-00; sensor=modis; endpoint=P1/P99,code/primary_analysis/build_canonical_nonoverlap_outputs.py,CANONICAL
dpm_modis_AOI-00_P2/P98_RMSE_DPM,dpm,modis,AOI-00,2025,P2/P98,RMSE_DPM,0.1833673902157167,0.183367,counts: integer; manuscript headline RMSE/differences: 6 decimals; table values: source-derived fixed precision,results/primary/dpm/dpm_endpoint_sensitivity.csv,AOI=AOI-00; sensor=modis; endpoint=P2/P98,code/primary_analysis/build_canonical_nonoverlap_outputs.py,CANONICAL
dpm_modis_AOI-00_P2/P98_MAE_DPM,dpm,modis,AOI-00,2025,P2/P98,MAE_DPM,0.1630273637964535,0.163027,counts: integer; manuscript headline RMSE/differences: 6 decimals; table values: source-derived fixed precision,results/primary/dpm/dpm_endpoint_sensitivity.csv,AOI=AOI-00; sensor=modis; endpoint=P2/P98,code/primary_analysis/build_canonical_nonoverlap_outputs.py,CANONICAL
dpm_modis_AOI-00_P2/P98_total_clip_ratio,dpm,modis,AOI-00,2025,P2/P98,total_clip_ratio,0.0400193122686551,0.0400193122686551,counts: integer; manuscript headline RMSE/differences: 6 decimals; table values: source-derived fixed precision,results/primary/dpm/dpm_endpoint_sensitivity.csv,AOI=AOI-00; sensor=modis; endpoint=P2/P98,code/primary_analysis/build_canonical_nonoverlap_outputs.py,CANONICAL
dpm_modis_AOI-00_P5/P95_RMSE_DPM,dpm,modis,AOI-00,2025,P5/P95,RMSE_DPM,0.1933579237587785,0.193358,counts: integer; manuscript headline RMSE/differences: 6 decimals; table values: source-derived fixed precision,results/primary/dpm/dpm_endpoint_sensitivity.csv,AOI=AOI-00; sensor=modis; endpoint=P5/P95,code/primary_analysis/build_canonical_nonoverlap_outputs.py,CANONICAL
dpm_modis_AOI-00_P5/P95_MAE_DPM,dpm,modis,AOI-00,2025,P5/P95,MAE_DPM,0.1599562814786206,0.159956,counts: integer; manuscript headline RMSE/differences: 6 decimals; table values: source-derived fixed precision,results/primary/dpm/dpm_endpoint_sensitivity.csv,AOI=AOI-00; sensor=modis; endpoint=P5/P95,code/primary_analysis/build_canonical_nonoverlap_outputs.py,CANONICAL
dpm_modis_AOI-00_P5/P95_total_clip_ratio,dpm,modis,AOI-00,2025,P5/P95,total_clip_ratio,0.0999946354809291,0.0999946354809291,counts: integer; manuscript headline RMSE/differences: 6 decimals; table values: source-derived fixed precision,results/primary/dpm/dpm_endpoint_sensitivity.csv,AOI=AOI-00; sensor=modis; endpoint=P5/P95,code/primary_analysis/build_canonical_nonoverlap_outputs.py,CANONICAL
dpm_modis_AOI-00_P10/P90_RMSE_DPM,dpm,modis,AOI-00,2025,P10/P90,RMSE_DPM,0.2437115328403747,0.243712,counts: integer; manuscript headline RMSE/differences: 6 decimals; table values: source-derived fixed precision,results/primary/dpm/dpm_endpoint_sensitivity.csv,AOI=AOI-00; sensor=modis; endpoint=P10/P90,code/primary_analysis/build_canonical_nonoverlap_outputs.py,CANONICAL
dpm_modis_AOI-00_P10/P90_MAE_DPM,dpm,modis,AOI-00,2025,P10/P90,MAE_DPM,0.2043284829848946,0.204328,counts: integer; manuscript headline RMSE/differences: 6 decimals; table values: source-derived fixed precision,results/primary/dpm/dpm_endpoint_sensitivity.csv,AOI=AOI-00; sensor=modis; endpoint=P10/P90,code/primary_analysis/build_canonical_nonoverlap_outputs.py,CANONICAL
dpm_modis_AOI-00_P10/P90_total_clip_ratio,dpm,modis,AOI-00,2025,P10/P90,total_clip_ratio,0.1999892709618582,0.1999892709618582,counts: integer; manuscript headline RMSE/differences: 6 decimals; table values: source-derived fixed precision,results/primary/dpm/dpm_endpoint_sensitivity.csv,AOI=AOI-00; sensor=modis; endpoint=P10/P90,code/primary_analysis/build_canonical_nonoverlap_outputs.py,CANONICAL
dpm_sentinel2_AOI-00_P1/P99_RMSE_DPM,dpm,sentinel2,AOI-00,2025,P1/P99,RMSE_DPM,0.1776795811146561,0.177680,counts: integer; manuscript headline RMSE/differences: 6 decimals; table values: source-derived fixed precision,results/primary/dpm/dpm_endpoint_sensitivity.csv,AOI=AOI-00; sensor=sentinel2; endpoint=P1/P99,code/primary_analysis/build_canonical_nonoverlap_outputs.py,CANONICAL
dpm_sentinel2_AOI-00_P1/P99_MAE_DPM,dpm,sentinel2,AOI-00,2025,P1/P99,MAE_DPM,0.1512046087178893,0.151205,counts: integer; manuscript headline RMSE/differences: 6 decimals; table values: source-derived fixed precision,results/primary/dpm/dpm_endpoint_sensitivity.csv,AOI=AOI-00; sensor=sentinel2; endpoint=P1/P99,code/primary_analysis/build_canonical_nonoverlap_outputs.py,CANONICAL
dpm_sentinel2_AOI-00_P1/P99_total_clip_ratio,dpm,sentinel2,AOI-00,2025,P1/P99,total_clip_ratio,0.02014208759466,0.02014208759466,counts: integer; manuscript headline RMSE/differences: 6 decimals; table values: source-derived fixed precision,results/primary/dpm/dpm_endpoint_sensitivity.csv,AOI=AOI-00; sensor=sentinel2; endpoint=P1/P99,code/primary_analysis/build_canonical_nonoverlap_outputs.py,CANONICAL
dpm_sentinel2_AOI-00_P2/P98_RMSE_DPM,dpm,sentinel2,AOI-00,2025,P2/P98,RMSE_DPM,0.1811258756219257,0.181126,counts: integer; manuscript headline RMSE/differences: 6 decimals; table values: source-derived fixed precision,results/primary/dpm/dpm_endpoint_sensitivity.csv,AOI=AOI-00; sensor=sentinel2; endpoint=P2/P98,code/primary_analysis/build_canonical_nonoverlap_outputs.py,CANONICAL
dpm_sentinel2_AOI-00_P2/P98_MAE_DPM,dpm,sentinel2,AOI-00,2025,P2/P98,MAE_DPM,0.1523509671773381,0.152351,counts: integer; manuscript headline RMSE/differences: 6 decimals; table values: source-derived fixed precision,results/primary/dpm/dpm_endpoint_sensitivity.csv,AOI=AOI-00; sensor=sentinel2; endpoint=P2/P98,code/primary_analysis/build_canonical_nonoverlap_outputs.py,CANONICAL
dpm_sentinel2_AOI-00_P2/P98_total_clip_ratio,dpm,sentinel2,AOI-00,2025,P2/P98,total_clip_ratio,0.0401280349754079,0.0401280349754079,counts: integer; manuscript headline RMSE/differences: 6 decimals; table values: source-derived fixed precision,results/primary/dpm/dpm_endpoint_sensitivity.csv,AOI=AOI-00; sensor=sentinel2; endpoint=P2/P98,code/primary_analysis/build_canonical_nonoverlap_outputs.py,CANONICAL
dpm_sentinel2_AOI-00_P5/P95_RMSE_DPM,dpm,sentinel2,AOI-00,2025,P5/P95,RMSE_DPM,0.2119347557358626,0.211935,counts: integer; manuscript headline RMSE/differences: 6 decimals; table values: source-derived fixed precision,results/primary/dpm/dpm_endpoint_sensitivity.csv,AOI=AOI-00; sensor=sentinel2; endpoint=P5/P95,code/primary_analysis/build_canonical_nonoverlap_outputs.py,CANONICAL
dpm_sentinel2_AOI-00_P5/P95_MAE_DPM,dpm,sentinel2,AOI-00,2025,P5/P95,MAE_DPM,0.1780626483719873,0.178063,counts: integer; manuscript headline RMSE/differences: 6 decimals; table values: source-derived fixed precision,results/primary/dpm/dpm_endpoint_sensitivity.csv,AOI=AOI-00; sensor=sentinel2; endpoint=P5/P95,code/primary_analysis/build_canonical_nonoverlap_outputs.py,CANONICAL
dpm_sentinel2_AOI-00_P5/P95_total_clip_ratio,dpm,sentinel2,AOI-00,2025,P5/P95,total_clip_ratio,0.1000858771176516,0.1000858771176516,counts: integer; manuscript headline RMSE/differences: 6 decimals; table values: source-derived fixed precision,results/primary/dpm/dpm_endpoint_sensitivity.csv,AOI=AOI-00; sensor=sentinel2; endpoint=P5/P95,code/primary_analysis/build_canonical_nonoverlap_outputs.py,CANONICAL
dpm_sentinel2_AOI-00_P10/P90_RMSE_DPM,dpm,sentinel2,AOI-00,2025,P10/P90,RMSE_DPM,0.2666553758047848,0.266655,counts: integer; manuscript headline RMSE/differences: 6 decimals; table values: source-derived fixed precision,results/primary/dpm/dpm_endpoint_sensitivity.csv,AOI=AOI-00; sensor=sentinel2; endpoint=P10/P90,code/primary_analysis/build_canonical_nonoverlap_outputs.py,CANONICAL
dpm_sentinel2_AOI-00_P10/P90_MAE_DPM,dpm,sentinel2,AOI-00,2025,P10/P90,MAE_DPM,0.228589530364104,0.228590,counts: integer; manuscript headline RMSE/differences: 6 decimals; table values: source-derived fixed precision,results/primary/dpm/dpm_endpoint_sensitivity.csv,AOI=AOI-00; sensor=sentinel2; endpoint=P10/P90,code/primary_analysis/build_canonical_nonoverlap_outputs.py,CANONICAL
dpm_sentinel2_AOI-00_P10/P90_total_clip_ratio,dpm,sentinel2,AOI-00,2025,P10/P90,total_clip_ratio,0.2000156140213912,0.2000156140213912,counts: integer; manuscript headline RMSE/differences: 6 decimals; table values: source-derived fixed precision,results/primary/dpm/dpm_endpoint_sensitivity.csv,AOI=AOI-00; sensor=sentinel2; endpoint=P10/P90,code/primary_analysis/build_canonical_nonoverlap_outputs.py,CANONICAL
dpm_landsat_AOI-01_P1/P99_RMSE_DPM,dpm,landsat,AOI-01,2025,P1/P99,RMSE_DPM,0.493138182764488,0.493138,counts: integer; manuscript headline RMSE/differences: 6 decimals; table values: source-derived fixed precision,results/primary/dpm/dpm_endpoint_sensitivity.csv,AOI=AOI-01; sensor=landsat; endpoint=P1/P99,code/primary_analysis/build_canonical_nonoverlap_outputs.py,CANONICAL
dpm_landsat_AOI-01_P1/P99_MAE_DPM,dpm,landsat,AOI-01,2025,P1/P99,MAE_DPM,0.4621668680431773,0.462167,counts: integer; manuscript headline RMSE/differences: 6 decimals; table values: source-derived fixed precision,results/primary/dpm/dpm_endpoint_sensitivity.csv,AOI=AOI-01; sensor=landsat; endpoint=P1/P99,code/primary_analysis/build_canonical_nonoverlap_outputs.py,CANONICAL
dpm_landsat_AOI-01_P1/P99_total_clip_ratio,dpm,landsat,AOI-01,2025,P1/P99,total_clip_ratio,0.0199979168836579,0.0199979168836579,counts: integer; manuscript headline RMSE/differences: 6 decimals; table values: source-derived fixed precision,results/primary/dpm/dpm_endpoint_sensitivity.csv,AOI=AOI-01; sensor=landsat; endpoint=P1/P99,code/primary_analysis/build_canonical_nonoverlap_outputs.py,CANONICAL
dpm_landsat_AOI-01_P2/P98_RMSE_DPM,dpm,landsat,AOI-01,2025,P2/P98,RMSE_DPM,0.5021678544132477,0.502168,counts: integer; manuscript headline RMSE/differences: 6 decimals; table values: source-derived fixed precision,results/primary/dpm/dpm_endpoint_sensitivity.csv,AOI=AOI-01; sensor=landsat; endpoint=P2/P98,code/primary_analysis/build_canonical_nonoverlap_outputs.py,CANONICAL
dpm_landsat_AOI-01_P2/P98_MAE_DPM,dpm,landsat,AOI-01,2025,P2/P98,MAE_DPM,0.4541520047566894,0.454152,counts: integer; manuscript headline RMSE/differences: 6 decimals; table values: source-derived fixed precision,results/primary/dpm/dpm_endpoint_sensitivity.csv,AOI=AOI-01; sensor=landsat; endpoint=P2/P98,code/primary_analysis/build_canonical_nonoverlap_outputs.py,CANONICAL
dpm_landsat_AOI-01_P2/P98_total_clip_ratio,dpm,landsat,AOI-01,2025,P2/P98,total_clip_ratio,0.0399958337673159,0.0399958337673159,counts: integer; manuscript headline RMSE/differences: 6 decimals; table values: source-derived fixed precision,results/primary/dpm/dpm_endpoint_sensitivity.csv,AOI=AOI-01; sensor=landsat; endpoint=P2/P98,code/primary_analysis/build_canonical_nonoverlap_outputs.py,CANONICAL
dpm_landsat_AOI-01_P5/P95_RMSE_DPM,dpm,landsat,AOI-01,2025,P5/P95,RMSE_DPM,0.5429056428457283,0.542906,counts: integer; manuscript headline RMSE/differences: 6 decimals; table values: source-derived fixed precision,results/primary/dpm/dpm_endpoint_sensitivity.csv,AOI=AOI-01; sensor=landsat; endpoint=P5/P95,code/primary_analysis/build_canonical_nonoverlap_outputs.py,CANONICAL
dpm_landsat_AOI-01_P5/P95_MAE_DPM,dpm,landsat,AOI-01,2025,P5/P95,MAE_DPM,0.4727543063616828,0.472754,counts: integer; manuscript headline RMSE/differences: 6 decimals; table values: source-derived fixed precision,results/primary/dpm/dpm_endpoint_sensitivity.csv,AOI=AOI-01; sensor=landsat; endpoint=P5/P95,code/primary_analysis/build_canonical_nonoverlap_outputs.py,CANONICAL
dpm_landsat_AOI-01_P5/P95_total_clip_ratio,dpm,landsat,AOI-01,2025,P5/P95,total_clip_ratio,0.0999895844182897,0.0999895844182897,counts: integer; manuscript headline RMSE/differences: 6 decimals; table values: source-derived fixed precision,results/primary/dpm/dpm_endpoint_sensitivity.csv,AOI=AOI-01; sensor=landsat; endpoint=P5/P95,code/primary_analysis/build_canonical_nonoverlap_outputs.py,CANONICAL
dpm_landsat_AOI-01_P10/P90_RMSE_DPM,dpm,landsat,AOI-01,2025,P10/P90,RMSE_DPM,0.5935976401673033,0.593598,counts: integer; manuscript headline RMSE/differences: 6 decimals; table values: source-derived fixed precision,results/primary/dpm/dpm_endpoint_sensitivity.csv,AOI=AOI-01; sensor=landsat; endpoint=P10/P90,code/primary_analysis/build_canonical_nonoverlap_outputs.py,CANONICAL
dpm_landsat_AOI-01_P10/P90_MAE_DPM,dpm,landsat,AOI-01,2025,P10/P90,MAE_DPM,0.4999308026739664,0.499931,counts: integer; manuscript headline RMSE/differences: 6 decimals; table values: source-derived fixed precision,results/primary/dpm/dpm_endpoint_sensitivity.csv,AOI=AOI-01; sensor=landsat; endpoint=P10/P90,code/primary_analysis/build_canonical_nonoverlap_outputs.py,CANONICAL
dpm_landsat_AOI-01_P10/P90_total_clip_ratio,dpm,landsat,AOI-01,2025,P10/P90,total_clip_ratio,0.1999791688365795,0.1999791688365795,counts: integer; manuscript headline RMSE/differences: 6 decimals; table values: source-derived fixed precision,results/primary/dpm/dpm_endpoint_sensitivity.csv,AOI=AOI-01; sensor=landsat; endpoint=P10/P90,code/primary_analysis/build_canonical_nonoverlap_outputs.py,CANONICAL
dpm_modis_AOI-01_P1/P99_RMSE_DPM,dpm,modis,AOI-01,2025,P1/P99,RMSE_DPM,0.4328971518373747,0.432897,counts: integer; manuscript headline RMSE/differences: 6 decimals; table values: source-derived fixed precision,results/primary/dpm/dpm_endpoint_sensitivity.csv,AOI=AOI-01; sensor=modis; endpoint=P1/P99,code/primary_analysis/build_canonical_nonoverlap_outputs.py,CANONICAL
dpm_modis_AOI-01_P1/P99_MAE_DPM,dpm,modis,AOI-01,2025,P1/P99,MAE_DPM,0.3867879901106142,0.386788,counts: integer; manuscript headline RMSE/differences: 6 decimals; table values: source-derived fixed precision,results/primary/dpm/dpm_endpoint_sensitivity.csv,AOI=AOI-01; sensor=modis; endpoint=P1/P99,code/primary_analysis/build_canonical_nonoverlap_outputs.py,CANONICAL
dpm_modis_AOI-01_P1/P99_total_clip_ratio,dpm,modis,AOI-01,2025,P1/P99,total_clip_ratio,0.0200872476412701,0.0200872476412701,counts: integer; manuscript headline RMSE/differences: 6 decimals; table values: source-derived fixed precision,results/primary/dpm/dpm_endpoint_sensitivity.csv,AOI=AOI-01; sensor=modis; endpoint=P1/P99,code/primary_analysis/build_canonical_nonoverlap_outputs.py,CANONICAL
dpm_modis_AOI-01_P2/P98_RMSE_DPM,dpm,modis,AOI-01,2025,P2/P98,RMSE_DPM,0.4695057361035206,0.469506,counts: integer; manuscript headline RMSE/differences: 6 decimals; table values: source-derived fixed precision,results/primary/dpm/dpm_endpoint_sensitivity.csv,AOI=AOI-01; sensor=modis; endpoint=P2/P98,code/primary_analysis/build_canonical_nonoverlap_outputs.py,CANONICAL
dpm_modis_AOI-01_P2/P98_MAE_DPM,dpm,modis,AOI-01,2025,P2/P98,MAE_DPM,0.4099878907156022,0.409988,counts: integer; manuscript headline RMSE/differences: 6 decimals; table values: source-derived fixed precision,results/primary/dpm/dpm_endpoint_sensitivity.csv,AOI=AOI-01; sensor=modis; endpoint=P2/P98,code/primary_analysis/build_canonical_nonoverlap_outputs.py,CANONICAL
dpm_modis_AOI-01_P2/P98_total_clip_ratio,dpm,modis,AOI-01,2025,P2/P98,total_clip_ratio,0.0400730445368773,0.0400730445368773,counts: integer; manuscript headline RMSE/differences: 6 decimals; table values: source-derived fixed precision,results/primary/dpm/dpm_endpoint_sensitivity.csv,AOI=AOI-01; sensor=modis; endpoint=P2/P98,code/primary_analysis/build_canonical_nonoverlap_outputs.py,CANONICAL
dpm_modis_AOI-01_P5/P95_RMSE_DPM,dpm,modis,AOI-01,2025,P5/P95,RMSE_DPM,0.5196586049614714,0.519659,counts: integer; manuscript headline RMSE/differences: 6 decimals; table values: source-derived fixed precision,results/primary/dpm/dpm_endpoint_sensitivity.csv,AOI=AOI-01; sensor=modis; endpoint=P5/P95,code/primary_analysis/build_canonical_nonoverlap_outputs.py,CANONICAL
dpm_modis_AOI-01_P5/P95_MAE_DPM,dpm,modis,AOI-01,2025,P5/P95,MAE_DPM,0.4404660736970796,0.440466,counts: integer; manuscript headline RMSE/differences: 6 decimals; table values: source-derived fixed precision,results/primary/dpm/dpm_endpoint_sensitivity.csv,AOI=AOI-01; sensor=modis; endpoint=P5/P95,code/primary_analysis/build_canonical_nonoverlap_outputs.py,CANONICAL
dpm_modis_AOI-01_P5/P95_total_clip_ratio,dpm,modis,AOI-01,2025,P5/P95,total_clip_ratio,0.1000304352236989,0.1000304352236989,counts: integer; manuscript headline RMSE/differences: 6 decimals; table values: source-derived fixed precision,results/primary/dpm/dpm_endpoint_sensitivity.csv,AOI=AOI-01; sensor=modis; endpoint=P5/P95,code/primary_analysis/build_canonical_nonoverlap_outputs.py,CANONICAL
dpm_modis_AOI-01_P10/P90_RMSE_DPM,dpm,modis,AOI-01,2025,P10/P90,RMSE_DPM,0.5625244923785696,0.562524,counts: integer; manuscript headline RMSE/differences: 6 decimals; table values: source-derived fixed precision,results/primary/dpm/dpm_endpoint_sensitivity.csv,AOI=AOI-01; sensor=modis; endpoint=P10/P90,code/primary_analysis/build_canonical_nonoverlap_outputs.py,CANONICAL
dpm_modis_AOI-01_P10/P90_MAE_DPM,dpm,modis,AOI-01,2025,P10/P90,MAE_DPM,0.4612208813726504,0.461221,counts: integer; manuscript headline RMSE/differences: 6 decimals; table values: source-derived fixed precision,results/primary/dpm/dpm_endpoint_sensitivity.csv,AOI=AOI-01; sensor=modis; endpoint=P10/P90,code/primary_analysis/build_canonical_nonoverlap_outputs.py,CANONICAL
dpm_modis_AOI-01_P10/P90_total_clip_ratio,dpm,modis,AOI-01,2025,P10/P90,total_clip_ratio,0.2000608704473978,0.2000608704473978,counts: integer; manuscript headline RMSE/differences: 6 decimals; table values: source-derived fixed precision,results/primary/dpm/dpm_endpoint_sensitivity.csv,AOI=AOI-01; sensor=modis; endpoint=P10/P90,code/primary_analysis/build_canonical_nonoverlap_outputs.py,CANONICAL
dpm_sentinel2_AOI-01_P1/P99_RMSE_DPM,dpm,sentinel2,AOI-01,2025,P1/P99,RMSE_DPM,0.4513743049259327,0.451374,counts: integer; manuscript headline RMSE/differences: 6 decimals; table values: source-derived fixed precision,results/primary/dpm/dpm_endpoint_sensitivity.csv,AOI=AOI-01; sensor=sentinel2; endpoint=P1/P99,code/primary_analysis/build_canonical_nonoverlap_outputs.py,CANONICAL
dpm_sentinel2_AOI-01_P1/P99_MAE_DPM,dpm,sentinel2,AOI-01,2025,P1/P99,MAE_DPM,0.4124638233320331,0.412464,counts: integer; manuscript headline RMSE/differences: 6 decimals; table values: source-derived fixed precision,results/primary/dpm/dpm_endpoint_sensitivity.csv,AOI=AOI-01; sensor=sentinel2; endpoint=P1/P99,code/primary_analysis/build_canonical_nonoverlap_outputs.py,CANONICAL
dpm_sentinel2_AOI-01_P1/P99_total_clip_ratio,dpm,sentinel2,AOI-01,2025,P1/P99,total_clip_ratio,0.0200937709310113,0.0200937709310113,counts: integer; manuscript headline RMSE/differences: 6 decimals; table values: source-derived fixed precision,results/primary/dpm/dpm_endpoint_sensitivity.csv,AOI=AOI-01; sensor=sentinel2; endpoint=P1/P99,code/primary_analysis/build_canonical_nonoverlap_outputs.py,CANONICAL
dpm_sentinel2_AOI-01_P2/P98_RMSE_DPM,dpm,sentinel2,AOI-01,2025,P2/P98,RMSE_DPM,0.4809630804108164,0.480963,counts: integer; manuscript headline RMSE/differences: 6 decimals; table values: source-derived fixed precision,results/primary/dpm/dpm_endpoint_sensitivity.csv,AOI=AOI-01; sensor=sentinel2; endpoint=P2/P98,code/primary_analysis/build_canonical_nonoverlap_outputs.py,CANONICAL
dpm_sentinel2_AOI-01_P2/P98_MAE_DPM,dpm,sentinel2,AOI-01,2025,P2/P98,MAE_DPM,0.4293250975641344,0.429325,counts: integer; manuscript headline RMSE/differences: 6 decimals; table values: source-derived fixed precision,results/primary/dpm/dpm_endpoint_sensitivity.csv,AOI=AOI-01; sensor=sentinel2; endpoint=P2/P98,code/primary_analysis/build_canonical_nonoverlap_outputs.py,CANONICAL
dpm_sentinel2_AOI-01_P2/P98_total_clip_ratio,dpm,sentinel2,AOI-01,2025,P2/P98,total_clip_ratio,0.0400844968828893,0.0400844968828893,counts: integer; manuscript headline RMSE/differences: 6 decimals; table values: source-derived fixed precision,results/primary/dpm/dpm_endpoint_sensitivity.csv,AOI=AOI-01; sensor=sentinel2; endpoint=P2/P98,code/primary_analysis/build_canonical_nonoverlap_outputs.py,CANONICAL
dpm_sentinel2_AOI-01_P5/P95_RMSE_DPM,dpm,sentinel2,AOI-01,2025,P5/P95,RMSE_DPM,0.5329000283761709,0.532900,counts: integer; manuscript headline RMSE/differences: 6 decimals; table values: source-derived fixed precision,results/primary/dpm/dpm_endpoint_sensitivity.csv,AOI=AOI-01; sensor=sentinel2; endpoint=P5/P95,code/primary_analysis/build_canonical_nonoverlap_outputs.py,CANONICAL
dpm_sentinel2_AOI-01_P5/P95_MAE_DPM,dpm,sentinel2,AOI-01,2025,P5/P95,MAE_DPM,0.457422691623731,0.457423,counts: integer; manuscript headline RMSE/differences: 6 decimals; table values: source-derived fixed precision,results/primary/dpm/dpm_endpoint_sensitivity.csv,AOI=AOI-01; sensor=sentinel2; endpoint=P5/P95,code/primary_analysis/build_canonical_nonoverlap_outputs.py,CANONICAL
dpm_sentinel2_AOI-01_P5/P95_total_clip_ratio,dpm,sentinel2,AOI-01,2025,P5/P95,total_clip_ratio,0.1000566747385233,0.1000566747385233,counts: integer; manuscript headline RMSE/differences: 6 decimals; table values: source-derived fixed precision,results/primary/dpm/dpm_endpoint_sensitivity.csv,AOI=AOI-01; sensor=sentinel2; endpoint=P5/P95,code/primary_analysis/build_canonical_nonoverlap_outputs.py,CANONICAL
dpm_sentinel2_AOI-01_P10/P90_RMSE_DPM,dpm,sentinel2,AOI-01,2025,P10/P90,RMSE_DPM,0.5795660354362265,0.579566,counts: integer; manuscript headline RMSE/differences: 6 decimals; table values: source-derived fixed precision,results/primary/dpm/dpm_endpoint_sensitivity.csv,AOI=AOI-01; sensor=sentinel2; endpoint=P10/P90,code/primary_analysis/build_canonical_nonoverlap_outputs.py,CANONICAL
dpm_sentinel2_AOI-01_P10/P90_MAE_DPM,dpm,sentinel2,AOI-01,2025,P10/P90,MAE_DPM,0.4819250311180952,0.481925,counts: integer; manuscript headline RMSE/differences: 6 decimals; table values: source-derived fixed precision,results/primary/dpm/dpm_endpoint_sensitivity.csv,AOI=AOI-01; sensor=sentinel2; endpoint=P10/P90,code/primary_analysis/build_canonical_nonoverlap_outputs.py,CANONICAL
dpm_sentinel2_AOI-01_P10/P90_total_clip_ratio,dpm,sentinel2,AOI-01,2025,P10/P90,total_clip_ratio,0.2000103044979133,0.2000103044979133,counts: integer; manuscript headline RMSE/differences: 6 decimals; table values: source-derived fixed precision,results/primary/dpm/dpm_endpoint_sensitivity.csv,AOI=AOI-01; sensor=sentinel2; endpoint=P10/P90,code/primary_analysis/build_canonical_nonoverlap_outputs.py,CANONICAL
dpm_landsat_AOI-02_P1/P99_RMSE_DPM,dpm,landsat,AOI-02,2025,P1/P99,RMSE_DPM,0.2026885441476797,0.202689,counts: integer; manuscript headline RMSE/differences: 6 decimals; table values: source-derived fixed precision,results/primary/dpm/dpm_endpoint_sensitivity.csv,AOI=AOI-02; sensor=landsat; endpoint=P1/P99,code/primary_analysis/build_canonical_nonoverlap_outputs.py,CANONICAL
dpm_landsat_AOI-02_P1/P99_MAE_DPM,dpm,landsat,AOI-02,2025,P1/P99,MAE_DPM,0.1801388346835951,0.180139,counts: integer; manuscript headline RMSE/differences: 6 decimals; table values: source-derived fixed precision,results/primary/dpm/dpm_endpoint_sensitivity.csv,AOI=AOI-02; sensor=landsat; endpoint=P1/P99,code/primary_analysis/build_canonical_nonoverlap_outputs.py,CANONICAL
dpm_landsat_AOI-02_P1/P99_total_clip_ratio,dpm,landsat,AOI-02,2025,P1/P99,total_clip_ratio,0.0207492795389049,0.0207492795389049,counts: integer; manuscript headline RMSE/differences: 6 decimals; table values: source-derived fixed precision,results/primary/dpm/dpm_endpoint_sensitivity.csv,AOI=AOI-02; sensor=landsat; endpoint=P1/P99,code/primary_analysis/build_canonical_nonoverlap_outputs.py,CANONICAL
dpm_landsat_AOI-02_P2/P98_RMSE_DPM,dpm,landsat,AOI-02,2025,P2/P98,RMSE_DPM,0.216160239870315,0.216160,counts: integer; manuscript headline RMSE/differences: 6 decimals; table values: source-derived fixed precision,results/primary/dpm/dpm_endpoint_sensitivity.csv,AOI=AOI-02; sensor=landsat; endpoint=P2/P98,code/primary_analysis/build_canonical_nonoverlap_outputs.py,CANONICAL
dpm_landsat_AOI-02_P2/P98_MAE_DPM,dpm,landsat,AOI-02,2025,P2/P98,MAE_DPM,0.1921279178370149,0.192128,counts: integer; manuscript headline RMSE/differences: 6 decimals; table values: source-derived fixed precision,results/primary/dpm/dpm_endpoint_sensitivity.csv,AOI=AOI-02; sensor=landsat; endpoint=P2/P98,code/primary_analysis/build_canonical_nonoverlap_outputs.py,CANONICAL
dpm_landsat_AOI-02_P2/P98_total_clip_ratio,dpm,landsat,AOI-02,2025,P2/P98,total_clip_ratio,0.0403458213256484,0.0403458213256484,counts: integer; manuscript headline RMSE/differences: 6 decimals; table values: source-derived fixed precision,results/primary/dpm/dpm_endpoint_sensitivity.csv,AOI=AOI-02; sensor=landsat; endpoint=P2/P98,code/primary_analysis/build_canonical_nonoverlap_outputs.py,CANONICAL
dpm_landsat_AOI-02_P5/P95_RMSE_DPM,dpm,landsat,AOI-02,2025,P5/P95,RMSE_DPM,0.2345017703810571,0.234502,counts: integer; manuscript headline RMSE/differences: 6 decimals; table values: source-derived fixed precision,results/primary/dpm/dpm_endpoint_sensitivity.csv,AOI=AOI-02; sensor=landsat; endpoint=P5/P95,code/primary_analysis/build_canonical_nonoverlap_outputs.py,CANONICAL
dpm_landsat_AOI-02_P5/P95_MAE_DPM,dpm,landsat,AOI-02,2025,P5/P95,MAE_DPM,0.2078898619213345,0.207890,counts: integer; manuscript headline RMSE/differences: 6 decimals; table values: source-derived fixed precision,results/primary/dpm/dpm_endpoint_sensitivity.csv,AOI=AOI-02; sensor=landsat; endpoint=P5/P95,code/primary_analysis/build_canonical_nonoverlap_outputs.py,CANONICAL
dpm_landsat_AOI-02_P5/P95_total_clip_ratio,dpm,landsat,AOI-02,2025,P5/P95,total_clip_ratio,0.1002881844380403,0.1002881844380403,counts: integer; manuscript headline RMSE/differences: 6 decimals; table values: source-derived fixed precision,results/primary/dpm/dpm_endpoint_sensitivity.csv,AOI=AOI-02; sensor=landsat; endpoint=P5/P95,code/primary_analysis/build_canonical_nonoverlap_outputs.py,CANONICAL
dpm_landsat_AOI-02_P10/P90_RMSE_DPM,dpm,landsat,AOI-02,2025,P10/P90,RMSE_DPM,0.2484751710375673,0.248475,counts: integer; manuscript headline RMSE/differences: 6 decimals; table values: source-derived fixed precision,results/primary/dpm/dpm_endpoint_sensitivity.csv,AOI=AOI-02; sensor=landsat; endpoint=P10/P90,code/primary_analysis/build_canonical_nonoverlap_outputs.py,CANONICAL
dpm_landsat_AOI-02_P10/P90_MAE_DPM,dpm,landsat,AOI-02,2025,P10/P90,MAE_DPM,0.2187540241539675,0.218754,counts: integer; manuscript headline RMSE/differences: 6 decimals; table values: source-derived fixed precision,results/primary/dpm/dpm_endpoint_sensitivity.csv,AOI=AOI-02; sensor=landsat; endpoint=P10/P90,code/primary_analysis/build_canonical_nonoverlap_outputs.py,CANONICAL
dpm_landsat_AOI-02_P10/P90_total_clip_ratio,dpm,landsat,AOI-02,2025,P10/P90,total_clip_ratio,0.2005763688760806,0.2005763688760806,counts: integer; manuscript headline RMSE/differences: 6 decimals; table values: source-derived fixed precision,results/primary/dpm/dpm_endpoint_sensitivity.csv,AOI=AOI-02; sensor=landsat; endpoint=P10/P90,code/primary_analysis/build_canonical_nonoverlap_outputs.py,CANONICAL
dpm_modis_AOI-02_P1/P99_RMSE_DPM,dpm,modis,AOI-02,2025,P1/P99,RMSE_DPM,0.1841326036129534,0.184133,counts: integer; manuscript headline RMSE/differences: 6 decimals; table values: source-derived fixed precision,results/primary/dpm/dpm_endpoint_sensitivity.csv,AOI=AOI-02; sensor=modis; endpoint=P1/P99,code/primary_analysis/build_canonical_nonoverlap_outputs.py,CANONICAL
dpm_modis_AOI-02_P1/P99_MAE_DPM,dpm,modis,AOI-02,2025,P1/P99,MAE_DPM,0.1630891464498561,0.163089,counts: integer; manuscript headline RMSE/differences: 6 decimals; table values: source-derived fixed precision,results/primary/dpm/dpm_endpoint_sensitivity.csv,AOI=AOI-02; sensor=modis; endpoint=P1/P99,code/primary_analysis/build_canonical_nonoverlap_outputs.py,CANONICAL
dpm_modis_AOI-02_P1/P99_total_clip_ratio,dpm,modis,AOI-02,2025,P1/P99,total_clip_ratio,0.0200913242009132,0.0200913242009132,counts: integer; manuscript headline RMSE/differences: 6 decimals; table values: source-derived fixed precision,results/primary/dpm/dpm_endpoint_sensitivity.csv,AOI=AOI-02; sensor=modis; endpoint=P1/P99,code/primary_analysis/build_canonical_nonoverlap_outputs.py,CANONICAL
dpm_modis_AOI-02_P2/P98_RMSE_DPM,dpm,modis,AOI-02,2025,P2/P98,RMSE_DPM,0.1667894190096023,0.166789,counts: integer; manuscript headline RMSE/differences: 6 decimals; table values: source-derived fixed precision,results/primary/dpm/dpm_endpoint_sensitivity.csv,AOI=AOI-02; sensor=modis; endpoint=P2/P98,code/primary_analysis/build_canonical_nonoverlap_outputs.py,CANONICAL
dpm_modis_AOI-02_P2/P98_MAE_DPM,dpm,modis,AOI-02,2025,P2/P98,MAE_DPM,0.1388802591892098,0.138880,counts: integer; manuscript headline RMSE/differences: 6 decimals; table values: source-derived fixed precision,results/primary/dpm/dpm_endpoint_sensitivity.csv,AOI=AOI-02; sensor=modis; endpoint=P2/P98,code/primary_analysis/build_canonical_nonoverlap_outputs.py,CANONICAL
dpm_modis_AOI-02_P2/P98_total_clip_ratio,dpm,modis,AOI-02,2025,P2/P98,total_clip_ratio,0.0401826484018264,0.0401826484018264,counts: integer; manuscript headline RMSE/differences: 6 decimals; table values: source-derived fixed precision,results/primary/dpm/dpm_endpoint_sensitivity.csv,AOI=AOI-02; sensor=modis; endpoint=P2/P98,code/primary_analysis/build_canonical_nonoverlap_outputs.py,CANONICAL
dpm_modis_AOI-02_P5/P95_RMSE_DPM,dpm,modis,AOI-02,2025,P5/P95,RMSE_DPM,0.1932973641614747,0.193297,counts: integer; manuscript headline RMSE/differences: 6 decimals; table values: source-derived fixed precision,results/primary/dpm/dpm_endpoint_sensitivity.csv,AOI=AOI-02; sensor=modis; endpoint=P5/P95,code/primary_analysis/build_canonical_nonoverlap_outputs.py,CANONICAL
dpm_modis_AOI-02_P5/P95_MAE_DPM,dpm,modis,AOI-02,2025,P5/P95,MAE_DPM,0.1602845972654006,0.160285,counts: integer; manuscript headline RMSE/differences: 6 decimals; table values: source-derived fixed precision,results/primary/dpm/dpm_endpoint_sensitivity.csv,AOI=AOI-02; sensor=modis; endpoint=P5/P95,code/primary_analysis/build_canonical_nonoverlap_outputs.py,CANONICAL
dpm_modis_AOI-02_P5/P95_total_clip_ratio,dpm,modis,AOI-02,2025,P5/P95,total_clip_ratio,0.1004566210045662,0.1004566210045662,counts: integer; manuscript headline RMSE/differences: 6 decimals; table values: source-derived fixed precision,results/primary/dpm/dpm_endpoint_sensitivity.csv,AOI=AOI-02; sensor=modis; endpoint=P5/P95,code/primary_analysis/build_canonical_nonoverlap_outputs.py,CANONICAL
dpm_modis_AOI-02_P10/P90_RMSE_DPM,dpm,modis,AOI-02,2025,P10/P90,RMSE_DPM,0.2340674493758026,0.234067,counts: integer; manuscript headline RMSE/differences: 6 decimals; table values: source-derived fixed precision,results/primary/dpm/dpm_endpoint_sensitivity.csv,AOI=AOI-02; sensor=modis; endpoint=P10/P90,code/primary_analysis/build_canonical_nonoverlap_outputs.py,CANONICAL
dpm_modis_AOI-02_P10/P90_MAE_DPM,dpm,modis,AOI-02,2025,P10/P90,MAE_DPM,0.198628174405281,0.198628,counts: integer; manuscript headline RMSE/differences: 6 decimals; table values: source-derived fixed precision,results/primary/dpm/dpm_endpoint_sensitivity.csv,AOI=AOI-02; sensor=modis; endpoint=P10/P90,code/primary_analysis/build_canonical_nonoverlap_outputs.py,CANONICAL
dpm_modis_AOI-02_P10/P90_total_clip_ratio,dpm,modis,AOI-02,2025,P10/P90,total_clip_ratio,0.2,0.2,counts: integer; manuscript headline RMSE/differences: 6 decimals; table values: source-derived fixed precision,results/primary/dpm/dpm_endpoint_sensitivity.csv,AOI=AOI-02; sensor=modis; endpoint=P10/P90,code/primary_analysis/build_canonical_nonoverlap_outputs.py,CANONICAL
dpm_sentinel2_AOI-02_P1/P99_RMSE_DPM,dpm,sentinel2,AOI-02,2025,P1/P99,RMSE_DPM,0.1802534236470111,0.180253,counts: integer; manuscript headline RMSE/differences: 6 decimals; table values: source-derived fixed precision,results/primary/dpm/dpm_endpoint_sensitivity.csv,AOI=AOI-02; sensor=sentinel2; endpoint=P1/P99,code/primary_analysis/build_canonical_nonoverlap_outputs.py,CANONICAL
dpm_sentinel2_AOI-02_P1/P99_MAE_DPM,dpm,sentinel2,AOI-02,2025,P1/P99,MAE_DPM,0.1557662292773983,0.155766,counts: integer; manuscript headline RMSE/differences: 6 decimals; table values: source-derived fixed precision,results/primary/dpm/dpm_endpoint_sensitivity.csv,AOI=AOI-02; sensor=sentinel2; endpoint=P1/P99,code/primary_analysis/build_canonical_nonoverlap_outputs.py,CANONICAL
dpm_sentinel2_AOI-02_P1/P99_total_clip_ratio,dpm,sentinel2,AOI-02,2025,P1/P99,total_clip_ratio,0.0200997072089894,0.0200997072089894,counts: integer; manuscript headline RMSE/differences: 6 decimals; table values: source-derived fixed precision,results/primary/dpm/dpm_endpoint_sensitivity.csv,AOI=AOI-02; sensor=sentinel2; endpoint=P1/P99,code/primary_analysis/build_canonical_nonoverlap_outputs.py,CANONICAL
dpm_sentinel2_AOI-02_P2/P98_RMSE_DPM,dpm,sentinel2,AOI-02,2025,P2/P98,RMSE_DPM,0.1892097986881669,0.189210,counts: integer; manuscript headline RMSE/differences: 6 decimals; table values: source-derived fixed precision,results/primary/dpm/dpm_endpoint_sensitivity.csv,AOI=AOI-02; sensor=sentinel2; endpoint=P2/P98,code/primary_analysis/build_canonical_nonoverlap_outputs.py,CANONICAL
dpm_sentinel2_AOI-02_P2/P98_MAE_DPM,dpm,sentinel2,AOI-02,2025,P2/P98,MAE_DPM,0.1637097763137174,0.163710,counts: integer; manuscript headline RMSE/differences: 6 decimals; table values: source-derived fixed precision,results/primary/dpm/dpm_endpoint_sensitivity.csv,AOI=AOI-02; sensor=sentinel2; endpoint=P2/P98,code/primary_analysis/build_canonical_nonoverlap_outputs.py,CANONICAL
dpm_sentinel2_AOI-02_P2/P98_total_clip_ratio,dpm,sentinel2,AOI-02,2025,P2/P98,total_clip_ratio,0.0400411490068845,0.0400411490068845,counts: integer; manuscript headline RMSE/differences: 6 decimals; table values: source-derived fixed precision,results/primary/dpm/dpm_endpoint_sensitivity.csv,AOI=AOI-02; sensor=sentinel2; endpoint=P2/P98,code/primary_analysis/build_canonical_nonoverlap_outputs.py,CANONICAL
dpm_sentinel2_AOI-02_P5/P95_RMSE_DPM,dpm,sentinel2,AOI-02,2025,P5/P95,RMSE_DPM,0.2096097331543346,0.209610,counts: integer; manuscript headline RMSE/differences: 6 decimals; table values: source-derived fixed precision,results/primary/dpm/dpm_endpoint_sensitivity.csv,AOI=AOI-02; sensor=sentinel2; endpoint=P5/P95,code/primary_analysis/build_canonical_nonoverlap_outputs.py,CANONICAL
dpm_sentinel2_AOI-02_P5/P95_MAE_DPM,dpm,sentinel2,AOI-02,2025,P5/P95,MAE_DPM,0.1820735159916887,0.182074,counts: integer; manuscript headline RMSE/differences: 6 decimals; table values: source-derived fixed precision,results/primary/dpm/dpm_endpoint_sensitivity.csv,AOI=AOI-02; sensor=sentinel2; endpoint=P5/P95,code/primary_analysis/build_canonical_nonoverlap_outputs.py,CANONICAL
dpm_sentinel2_AOI-02_P5/P95_total_clip_ratio,dpm,sentinel2,AOI-02,2025,P5/P95,total_clip_ratio,0.1000237398116641,0.1000237398116641,counts: integer; manuscript headline RMSE/differences: 6 decimals; table values: source-derived fixed precision,results/primary/dpm/dpm_endpoint_sensitivity.csv,AOI=AOI-02; sensor=sentinel2; endpoint=P5/P95,code/primary_analysis/build_canonical_nonoverlap_outputs.py,CANONICAL
dpm_sentinel2_AOI-02_P10/P90_RMSE_DPM,dpm,sentinel2,AOI-02,2025,P10/P90,RMSE_DPM,0.2251540242129436,0.225154,counts: integer; manuscript headline RMSE/differences: 6 decimals; table values: source-derived fixed precision,results/primary/dpm/dpm_endpoint_sensitivity.csv,AOI=AOI-02; sensor=sentinel2; endpoint=P10/P90,code/primary_analysis/build_canonical_nonoverlap_outputs.py,CANONICAL
dpm_sentinel2_AOI-02_P10/P90_MAE_DPM,dpm,sentinel2,AOI-02,2025,P10/P90,MAE_DPM,0.1946237415536419,0.194624,counts: integer; manuscript headline RMSE/differences: 6 decimals; table values: source-derived fixed precision,results/primary/dpm/dpm_endpoint_sensitivity.csv,AOI=AOI-02; sensor=sentinel2; endpoint=P10/P90,code/primary_analysis/build_canonical_nonoverlap_outputs.py,CANONICAL
dpm_sentinel2_AOI-02_P10/P90_total_clip_ratio,dpm,sentinel2,AOI-02,2025,P10/P90,total_clip_ratio,0.2000474796233283,0.2000474796233283,counts: integer; manuscript headline RMSE/differences: 6 decimals; table values: source-derived fixed precision,results/primary/dpm/dpm_endpoint_sensitivity.csv,AOI=AOI-02; sensor=sentinel2; endpoint=P10/P90,code/primary_analysis/build_canonical_nonoverlap_outputs.py,CANONICAL
dpm_landsat_AOI-03_P1/P99_RMSE_DPM,dpm,landsat,AOI-03,2025,P1/P99,RMSE_DPM,0.2198108702917442,0.219811,counts: integer; manuscript headline RMSE/differences: 6 decimals; table values: source-derived fixed precision,results/primary/dpm/dpm_endpoint_sensitivity.csv,AOI=AOI-03; sensor=landsat; endpoint=P1/P99,code/primary_analysis/build_canonical_nonoverlap_outputs.py,CANONICAL
dpm_landsat_AOI-03_P1/P99_MAE_DPM,dpm,landsat,AOI-03,2025,P1/P99,MAE_DPM,0.185052603879454,0.185053,counts: integer; manuscript headline RMSE/differences: 6 decimals; table values: source-derived fixed precision,results/primary/dpm/dpm_endpoint_sensitivity.csv,AOI=AOI-03; sensor=landsat; endpoint=P1/P99,code/primary_analysis/build_canonical_nonoverlap_outputs.py,CANONICAL
dpm_landsat_AOI-03_P1/P99_total_clip_ratio,dpm,landsat,AOI-03,2025,P1/P99,total_clip_ratio,0.0201673460630765,0.0201673460630765,counts: integer; manuscript headline RMSE/differences: 6 decimals; table values: source-derived fixed precision,results/primary/dpm/dpm_endpoint_sensitivity.csv,AOI=AOI-03; sensor=landsat; endpoint=P1/P99,code/primary_analysis/build_canonical_nonoverlap_outputs.py,CANONICAL
dpm_landsat_AOI-03_P2/P98_RMSE_DPM,dpm,landsat,AOI-03,2025,P2/P98,RMSE_DPM,0.2353144874067017,0.235314,counts: integer; manuscript headline RMSE/differences: 6 decimals; table values: source-derived fixed precision,results/primary/dpm/dpm_endpoint_sensitivity.csv,AOI=AOI-03; sensor=landsat; endpoint=P2/P98,code/primary_analysis/build_canonical_nonoverlap_outputs.py,CANONICAL
dpm_landsat_AOI-03_P2/P98_MAE_DPM,dpm,landsat,AOI-03,2025,P2/P98,MAE_DPM,0.1951414190868753,0.195141,counts: integer; manuscript headline RMSE/differences: 6 decimals; table values: source-derived fixed precision,results/primary/dpm/dpm_endpoint_sensitivity.csv,AOI=AOI-03; sensor=landsat; endpoint=P2/P98,code/primary_analysis/build_canonical_nonoverlap_outputs.py,CANONICAL
dpm_landsat_AOI-03_P2/P98_total_clip_ratio,dpm,landsat,AOI-03,2025,P2/P98,total_clip_ratio,0.0401201458914396,0.0401201458914396,counts: integer; manuscript headline RMSE/differences: 6 decimals; table values: source-derived fixed precision,results/primary/dpm/dpm_endpoint_sensitivity.csv,AOI=AOI-03; sensor=landsat; endpoint=P2/P98,code/primary_analysis/build_canonical_nonoverlap_outputs.py,CANONICAL
dpm_landsat_AOI-03_P5/P95_RMSE_DPM,dpm,landsat,AOI-03,2025,P5/P95,RMSE_DPM,0.2874110281850827,0.287411,counts: integer; manuscript headline RMSE/differences: 6 decimals; table values: source-derived fixed precision,results/primary/dpm/dpm_endpoint_sensitivity.csv,AOI=AOI-03; sensor=landsat; endpoint=P5/P95,code/primary_analysis/build_canonical_nonoverlap_outputs.py,CANONICAL
dpm_landsat_AOI-03_P5/P95_MAE_DPM,dpm,landsat,AOI-03,2025,P5/P95,MAE_DPM,0.235116656930388,0.235117,counts: integer; manuscript headline RMSE/differences: 6 decimals; table values: source-derived fixed precision,results/primary/dpm/dpm_endpoint_sensitivity.csv,AOI=AOI-03; sensor=landsat; endpoint=P5/P95,code/primary_analysis/build_canonical_nonoverlap_outputs.py,CANONICAL
dpm_landsat_AOI-03_P5/P95_total_clip_ratio,dpm,landsat,AOI-03,2025,P5/P95,total_clip_ratio,0.1001930916112422,0.1001930916112422,counts: integer; manuscript headline RMSE/differences: 6 decimals; table values: source-derived fixed precision,results/primary/dpm/dpm_endpoint_sensitivity.csv,AOI=AOI-03; sensor=landsat; endpoint=P5/P95,code/primary_analysis/build_canonical_nonoverlap_outputs.py,CANONICAL
dpm_landsat_AOI-03_P10/P90_RMSE_DPM,dpm,landsat,AOI-03,2025,P10/P90,RMSE_DPM,0.3787611555549346,0.378761,counts: integer; manuscript headline RMSE/differences: 6 decimals; table values: source-derived fixed precision,results/primary/dpm/dpm_endpoint_sensitivity.csv,AOI=AOI-03; sensor=landsat; endpoint=P10/P90,code/primary_analysis/build_canonical_nonoverlap_outputs.py,CANONICAL
dpm_landsat_AOI-03_P10/P90_MAE_DPM,dpm,landsat,AOI-03,2025,P10/P90,MAE_DPM,0.3106171744642203,0.310617,counts: integer; manuscript headline RMSE/differences: 6 decimals; table values: source-derived fixed precision,results/primary/dpm/dpm_endpoint_sensitivity.csv,AOI=AOI-03; sensor=landsat; endpoint=P10/P90,code/primary_analysis/build_canonical_nonoverlap_outputs.py,CANONICAL
dpm_landsat_AOI-03_P10/P90_total_clip_ratio,dpm,landsat,AOI-03,2025,P10/P90,total_clip_ratio,0.2001716369877708,0.2001716369877708,counts: integer; manuscript headline RMSE/differences: 6 decimals; table values: source-derived fixed precision,results/primary/dpm/dpm_endpoint_sensitivity.csv,AOI=AOI-03; sensor=landsat; endpoint=P10/P90,code/primary_analysis/build_canonical_nonoverlap_outputs.py,CANONICAL
dpm_modis_AOI-03_P1/P99_RMSE_DPM,dpm,modis,AOI-03,2025,P1/P99,RMSE_DPM,0.2241501561614809,0.224150,counts: integer; manuscript headline RMSE/differences: 6 decimals; table values: source-derived fixed precision,results/primary/dpm/dpm_endpoint_sensitivity.csv,AOI=AOI-03; sensor=modis; endpoint=P1/P99,code/primary_analysis/build_canonical_nonoverlap_outputs.py,CANONICAL
dpm_modis_AOI-03_P1/P99_MAE_DPM,dpm,modis,AOI-03,2025,P1/P99,MAE_DPM,0.1952300820096784,0.195230,counts: integer; manuscript headline RMSE/differences: 6 decimals; table values: source-derived fixed precision,results/primary/dpm/dpm_endpoint_sensitivity.csv,AOI=AOI-03; sensor=modis; endpoint=P1/P99,code/primary_analysis/build_canonical_nonoverlap_outputs.py,CANONICAL
dpm_modis_AOI-03_P1/P99_total_clip_ratio,dpm,modis,AOI-03,2025,P1/P99,total_clip_ratio,0.0200604999203948,0.0200604999203948,counts: integer; manuscript headline RMSE/differences: 6 decimals; table values: source-derived fixed precision,results/primary/dpm/dpm_endpoint_sensitivity.csv,AOI=AOI-03; sensor=modis; endpoint=P1/P99,code/primary_analysis/build_canonical_nonoverlap_outputs.py,CANONICAL
dpm_modis_AOI-03_P2/P98_RMSE_DPM,dpm,modis,AOI-03,2025,P2/P98,RMSE_DPM,0.2391885384242695,0.239189,counts: integer; manuscript headline RMSE/differences: 6 decimals; table values: source-derived fixed precision,results/primary/dpm/dpm_endpoint_sensitivity.csv,AOI=AOI-03; sensor=modis; endpoint=P2/P98,code/primary_analysis/build_canonical_nonoverlap_outputs.py,CANONICAL
dpm_modis_AOI-03_P2/P98_MAE_DPM,dpm,modis,AOI-03,2025,P2/P98,MAE_DPM,0.2048539027592497,0.204854,counts: integer; manuscript headline RMSE/differences: 6 decimals; table values: source-derived fixed precision,results/primary/dpm/dpm_endpoint_sensitivity.csv,AOI=AOI-03; sensor=modis; endpoint=P2/P98,code/primary_analysis/build_canonical_nonoverlap_outputs.py,CANONICAL
dpm_modis_AOI-03_P2/P98_total_clip_ratio,dpm,modis,AOI-03,2025,P2/P98,total_clip_ratio,0.0401209998407896,0.0401209998407896,counts: integer; manuscript headline RMSE/differences: 6 decimals; table values: source-derived fixed precision,results/primary/dpm/dpm_endpoint_sensitivity.csv,AOI=AOI-03; sensor=modis; endpoint=P2/P98,code/primary_analysis/build_canonical_nonoverlap_outputs.py,CANONICAL
dpm_modis_AOI-03_P5/P95_RMSE_DPM,dpm,modis,AOI-03,2025,P5/P95,RMSE_DPM,0.2859678073396993,0.285968,counts: integer; manuscript headline RMSE/differences: 6 decimals; table values: source-derived fixed precision,results/primary/dpm/dpm_endpoint_sensitivity.csv,AOI=AOI-03; sensor=modis; endpoint=P5/P95,code/primary_analysis/build_canonical_nonoverlap_outputs.py,CANONICAL
dpm_modis_AOI-03_P5/P95_MAE_DPM,dpm,modis,AOI-03,2025,P5/P95,MAE_DPM,0.2411470744640737,0.241147,counts: integer; manuscript headline RMSE/differences: 6 decimals; table values: source-derived fixed precision,results/primary/dpm/dpm_endpoint_sensitivity.csv,AOI=AOI-03; sensor=modis; endpoint=P5/P95,code/primary_analysis/build_canonical_nonoverlap_outputs.py,CANONICAL
dpm_modis_AOI-03_P5/P95_total_clip_ratio,dpm,modis,AOI-03,2025,P5/P95,total_clip_ratio,0.1001432892851456,0.1001432892851456,counts: integer; manuscript headline RMSE/differences: 6 decimals; table values: source-derived fixed precision,results/primary/dpm/dpm_endpoint_sensitivity.csv,AOI=AOI-03; sensor=modis; endpoint=P5/P95,code/primary_analysis/build_canonical_nonoverlap_outputs.py,CANONICAL
dpm_modis_AOI-03_P10/P90_RMSE_DPM,dpm,modis,AOI-03,2025,P10/P90,RMSE_DPM,0.3813376775914733,0.381338,counts: integer; manuscript headline RMSE/differences: 6 decimals; table values: source-derived fixed precision,results/primary/dpm/dpm_endpoint_sensitivity.csv,AOI=AOI-03; sensor=modis; endpoint=P10/P90,code/primary_analysis/build_canonical_nonoverlap_outputs.py,CANONICAL
dpm_modis_AOI-03_P10/P90_MAE_DPM,dpm,modis,AOI-03,2025,P10/P90,MAE_DPM,0.3181643621977362,0.318164,counts: integer; manuscript headline RMSE/differences: 6 decimals; table values: source-derived fixed precision,results/primary/dpm/dpm_endpoint_sensitivity.csv,AOI=AOI-03; sensor=modis; endpoint=P10/P90,code/primary_analysis/build_canonical_nonoverlap_outputs.py,CANONICAL
dpm_modis_AOI-03_P10/P90_total_clip_ratio,dpm,modis,AOI-03,2025,P10/P90,total_clip_ratio,0.2001273682534628,0.2001273682534628,counts: integer; manuscript headline RMSE/differences: 6 decimals; table values: source-derived fixed precision,results/primary/dpm/dpm_endpoint_sensitivity.csv,AOI=AOI-03; sensor=modis; endpoint=P10/P90,code/primary_analysis/build_canonical_nonoverlap_outputs.py,CANONICAL
dpm_sentinel2_AOI-03_P1/P99_RMSE_DPM,dpm,sentinel2,AOI-03,2025,P1/P99,RMSE_DPM,0.20565903265284,0.205659,counts: integer; manuscript headline RMSE/differences: 6 decimals; table values: source-derived fixed precision,results/primary/dpm/dpm_endpoint_sensitivity.csv,AOI=AOI-03; sensor=sentinel2; endpoint=P1/P99,code/primary_analysis/build_canonical_nonoverlap_outputs.py,CANONICAL
dpm_sentinel2_AOI-03_P1/P99_MAE_DPM,dpm,sentinel2,AOI-03,2025,P1/P99,MAE_DPM,0.1756254941809663,0.175625,counts: integer; manuscript headline RMSE/differences: 6 decimals; table values: source-derived fixed precision,results/primary/dpm/dpm_endpoint_sensitivity.csv,AOI=AOI-03; sensor=sentinel2; endpoint=P1/P99,code/primary_analysis/build_canonical_nonoverlap_outputs.py,CANONICAL
dpm_sentinel2_AOI-03_P1/P99_total_clip_ratio,dpm,sentinel2,AOI-03,2025,P1/P99,total_clip_ratio,0.0200188857412653,0.0200188857412653,counts: integer; manuscript headline RMSE/differences: 6 decimals; table values: source-derived fixed precision,results/primary/dpm/dpm_endpoint_sensitivity.csv,AOI=AOI-03; sensor=sentinel2; endpoint=P1/P99,code/primary_analysis/build_canonical_nonoverlap_outputs.py,CANONICAL
dpm_sentinel2_AOI-03_P2/P98_RMSE_DPM,dpm,sentinel2,AOI-03,2025,P2/P98,RMSE_DPM,0.2368602383567819,0.236860,counts: integer; manuscript headline RMSE/differences: 6 decimals; table values: source-derived fixed precision,results/primary/dpm/dpm_endpoint_sensitivity.csv,AOI=AOI-03; sensor=sentinel2; endpoint=P2/P98,code/primary_analysis/build_canonical_nonoverlap_outputs.py,CANONICAL
dpm_sentinel2_AOI-03_P2/P98_MAE_DPM,dpm,sentinel2,AOI-03,2025,P2/P98,MAE_DPM,0.1998025173648238,0.199803,counts: integer; manuscript headline RMSE/differences: 6 decimals; table values: source-derived fixed precision,results/primary/dpm/dpm_endpoint_sensitivity.csv,AOI=AOI-03; sensor=sentinel2; endpoint=P2/P98,code/primary_analysis/build_canonical_nonoverlap_outputs.py,CANONICAL
dpm_sentinel2_AOI-03_P2/P98_total_clip_ratio,dpm,sentinel2,AOI-03,2025,P2/P98,total_clip_ratio,0.0400377714825306,0.0400377714825306,counts: integer; manuscript headline RMSE/differences: 6 decimals; table values: source-derived fixed precision,results/primary/dpm/dpm_endpoint_sensitivity.csv,AOI=AOI-03; sensor=sentinel2; endpoint=P2/P98,code/primary_analysis/build_canonical_nonoverlap_outputs.py,CANONICAL
dpm_sentinel2_AOI-03_P5/P95_RMSE_DPM,dpm,sentinel2,AOI-03,2025,P5/P95,RMSE_DPM,0.3259870990176238,0.325987,counts: integer; manuscript headline RMSE/differences: 6 decimals; table values: source-derived fixed precision,results/primary/dpm/dpm_endpoint_sensitivity.csv,AOI=AOI-03; sensor=sentinel2; endpoint=P5/P95,code/primary_analysis/build_canonical_nonoverlap_outputs.py,CANONICAL
dpm_sentinel2_AOI-03_P5/P95_MAE_DPM,dpm,sentinel2,AOI-03,2025,P5/P95,MAE_DPM,0.2739502791937331,0.273950,counts: integer; manuscript headline RMSE/differences: 6 decimals; table values: source-derived fixed precision,results/primary/dpm/dpm_endpoint_sensitivity.csv,AOI=AOI-03; sensor=sentinel2; endpoint=P5/P95,code/primary_analysis/build_canonical_nonoverlap_outputs.py,CANONICAL
dpm_sentinel2_AOI-03_P5/P95_total_clip_ratio,dpm,sentinel2,AOI-03,2025,P5/P95,total_clip_ratio,0.1000944287063267,0.1000944287063267,counts: integer; manuscript headline RMSE/differences: 6 decimals; table values: source-derived fixed precision,results/primary/dpm/dpm_endpoint_sensitivity.csv,AOI=AOI-03; sensor=sentinel2; endpoint=P5/P95,code/primary_analysis/build_canonical_nonoverlap_outputs.py,CANONICAL
dpm_sentinel2_AOI-03_P10/P90_RMSE_DPM,dpm,sentinel2,AOI-03,2025,P10/P90,RMSE_DPM,0.4159942209198781,0.415994,counts: integer; manuscript headline RMSE/differences: 6 decimals; table values: source-derived fixed precision,results/primary/dpm/dpm_endpoint_sensitivity.csv,AOI=AOI-03; sensor=sentinel2; endpoint=P10/P90,code/primary_analysis/build_canonical_nonoverlap_outputs.py,CANONICAL
dpm_sentinel2_AOI-03_P10/P90_MAE_DPM,dpm,sentinel2,AOI-03,2025,P10/P90,MAE_DPM,0.3485126291985483,0.348513,counts: integer; manuscript headline RMSE/differences: 6 decimals; table values: source-derived fixed precision,results/primary/dpm/dpm_endpoint_sensitivity.csv,AOI=AOI-03; sensor=sentinel2; endpoint=P10/P90,code/primary_analysis/build_canonical_nonoverlap_outputs.py,CANONICAL
dpm_sentinel2_AOI-03_P10/P90_total_clip_ratio,dpm,sentinel2,AOI-03,2025,P10/P90,total_clip_ratio,0.2,0.2,counts: integer; manuscript headline RMSE/differences: 6 decimals; table values: source-derived fixed precision,results/primary/dpm/dpm_endpoint_sensitivity.csv,AOI=AOI-03; sensor=sentinel2; endpoint=P10/P90,code/primary_analysis/build_canonical_nonoverlap_outputs.py,CANONICAL
dpm_selected_landsat_AOI-00_RMSE_DPM,dpm_vs_ols,landsat,AOI-00,2025,P5/P95,RMSE_DPM,0.1971286950457216,0.197129,counts: integer; manuscript headline RMSE/differences: 6 decimals; table values: source-derived fixed precision,results/primary/dpm/dpm_vs_ols_selected.csv,AOI=AOI-00; sensor=landsat; selected_endpoint=P5/P95,code/primary_analysis/build_canonical_nonoverlap_outputs.py,CANONICAL
dpm_selected_landsat_AOI-00_RMSE_OLS,dpm_vs_ols,landsat,AOI-00,2025,P5/P95,RMSE_OLS,0.0492297588303295,0.049230,counts: integer; manuscript headline RMSE/differences: 6 decimals; table values: source-derived fixed precision,results/primary/dpm/dpm_vs_ols_selected.csv,AOI=AOI-00; sensor=landsat; selected_endpoint=P5/P95,code/primary_analysis/build_canonical_nonoverlap_outputs.py,CANONICAL
dpm_selected_landsat_AOI-00_RMSE_ratio_DPM_over_OLS,dpm_vs_ols,landsat,AOI-00,2025,P5/P95,RMSE_ratio_DPM_over_OLS,4.004258800558541,4.00,counts: integer; manuscript headline RMSE/differences: 6 decimals; table values: source-derived fixed precision,results/primary/dpm/dpm_vs_ols_selected.csv,AOI=AOI-00; sensor=landsat; selected_endpoint=P5/P95,code/primary_analysis/build_canonical_nonoverlap_outputs.py,CANONICAL
dpm_selected_modis_AOI-00_RMSE_DPM,dpm_vs_ols,modis,AOI-00,2025,P2/P98,RMSE_DPM,0.1833673902157167,0.183367,counts: integer; manuscript headline RMSE/differences: 6 decimals; table values: source-derived fixed precision,results/primary/dpm/dpm_vs_ols_selected.csv,AOI=AOI-00; sensor=modis; selected_endpoint=P2/P98,code/primary_analysis/build_canonical_nonoverlap_outputs.py,CANONICAL
dpm_selected_modis_AOI-00_RMSE_OLS,dpm_vs_ols,modis,AOI-00,2025,P2/P98,RMSE_OLS,0.0418347022994977,0.041835,counts: integer; manuscript headline RMSE/differences: 6 decimals; table values: source-derived fixed precision,results/primary/dpm/dpm_vs_ols_selected.csv,AOI=AOI-00; sensor=modis; selected_endpoint=P2/P98,code/primary_analysis/build_canonical_nonoverlap_outputs.py,CANONICAL
dpm_selected_modis_AOI-00_RMSE_ratio_DPM_over_OLS,dpm_vs_ols,modis,AOI-00,2025,P2/P98,RMSE_ratio_DPM_over_OLS,4.383140793090295,4.38,counts: integer; manuscript headline RMSE/differences: 6 decimals; table values: source-derived fixed precision,results/primary/dpm/dpm_vs_ols_selected.csv,AOI=AOI-00; sensor=modis; selected_endpoint=P2/P98,code/primary_analysis/build_canonical_nonoverlap_outputs.py,CANONICAL
dpm_selected_sentinel2_AOI-00_RMSE_DPM,dpm_vs_ols,sentinel2,AOI-00,2025,P1/P99,RMSE_DPM,0.1776795811146561,0.177680,counts: integer; manuscript headline RMSE/differences: 6 decimals; table values: source-derived fixed precision,results/primary/dpm/dpm_vs_ols_selected.csv,AOI=AOI-00; sensor=sentinel2; selected_endpoint=P1/P99,code/primary_analysis/build_canonical_nonoverlap_outputs.py,CANONICAL
dpm_selected_sentinel2_AOI-00_RMSE_OLS,dpm_vs_ols,sentinel2,AOI-00,2025,P1/P99,RMSE_OLS,0.0727859818139534,0.072786,counts: integer; manuscript headline RMSE/differences: 6 decimals; table values: source-derived fixed precision,results/primary/dpm/dpm_vs_ols_selected.csv,AOI=AOI-00; sensor=sentinel2; selected_endpoint=P1/P99,code/primary_analysis/build_canonical_nonoverlap_outputs.py,CANONICAL
dpm_selected_sentinel2_AOI-00_RMSE_ratio_DPM_over_OLS,dpm_vs_ols,sentinel2,AOI-00,2025,P1/P99,RMSE_ratio_DPM_over_OLS,2.4411236434073085,2.44,counts: integer; manuscript headline RMSE/differences: 6 decimals; table values: source-derived fixed precision,results/primary/dpm/dpm_vs_ols_selected.csv,AOI=AOI-00; sensor=sentinel2; selected_endpoint=P1/P99,code/primary_analysis/build_canonical_nonoverlap_outputs.py,CANONICAL
dpm_selected_landsat_AOI-01_RMSE_DPM,dpm_vs_ols,landsat,AOI-01,2025,P1/P99,RMSE_DPM,0.493138182764488,0.493138,counts: integer; manuscript headline RMSE/differences: 6 decimals; table values: source-derived fixed precision,results/primary/dpm/dpm_vs_ols_selected.csv,AOI=AOI-01; sensor=landsat; selected_endpoint=P1/P99,code/primary_analysis/build_canonical_nonoverlap_outputs.py,CANONICAL
dpm_selected_landsat_AOI-01_RMSE_OLS,dpm_vs_ols,landsat,AOI-01,2025,P1/P99,RMSE_OLS,0.0012098680224037,0.001210,counts: integer; manuscript headline RMSE/differences: 6 decimals; table values: source-derived fixed precision,results/primary/dpm/dpm_vs_ols_selected.csv,AOI=AOI-01; sensor=landsat; selected_endpoint=P1/P99,code/primary_analysis/build_canonical_nonoverlap_outputs.py,CANONICAL
dpm_selected_landsat_AOI-01_RMSE_ratio_DPM_over_OLS,dpm_vs_ols,landsat,AOI-01,2025,P1/P99,RMSE_ratio_DPM_over_OLS,407.5966747056823,407.60,counts: integer; manuscript headline RMSE/differences: 6 decimals; table values: source-derived fixed precision,results/primary/dpm/dpm_vs_ols_selected.csv,AOI=AOI-01; sensor=landsat; selected_endpoint=P1/P99,code/primary_analysis/build_canonical_nonoverlap_outputs.py,CANONICAL
dpm_selected_modis_AOI-01_RMSE_DPM,dpm_vs_ols,modis,AOI-01,2025,P1/P99,RMSE_DPM,0.4328971518373747,0.432897,counts: integer; manuscript headline RMSE/differences: 6 decimals; table values: source-derived fixed precision,results/primary/dpm/dpm_vs_ols_selected.csv,AOI=AOI-01; sensor=modis; selected_endpoint=P1/P99,code/primary_analysis/build_canonical_nonoverlap_outputs.py,CANONICAL
dpm_selected_modis_AOI-01_RMSE_OLS,dpm_vs_ols,modis,AOI-01,2025,P1/P99,RMSE_OLS,0.0014037569395782,0.001404,counts: integer; manuscript headline RMSE/differences: 6 decimals; table values: source-derived fixed precision,results/primary/dpm/dpm_vs_ols_selected.csv,AOI=AOI-01; sensor=modis; selected_endpoint=P1/P99,code/primary_analysis/build_canonical_nonoverlap_outputs.py,CANONICAL
dpm_selected_modis_AOI-01_RMSE_ratio_DPM_over_OLS,dpm_vs_ols,modis,AOI-01,2025,P1/P99,RMSE_ratio_DPM_over_OLS,308.3846922726152,308.38,counts: integer; manuscript headline RMSE/differences: 6 decimals; table values: source-derived fixed precision,results/primary/dpm/dpm_vs_ols_selected.csv,AOI=AOI-01; sensor=modis; selected_endpoint=P1/P99,code/primary_analysis/build_canonical_nonoverlap_outputs.py,CANONICAL
dpm_selected_sentinel2_AOI-01_RMSE_DPM,dpm_vs_ols,sentinel2,AOI-01,2025,P1/P99,RMSE_DPM,0.4513743049259327,0.451374,counts: integer; manuscript headline RMSE/differences: 6 decimals; table values: source-derived fixed precision,results/primary/dpm/dpm_vs_ols_selected.csv,AOI=AOI-01; sensor=sentinel2; selected_endpoint=P1/P99,code/primary_analysis/build_canonical_nonoverlap_outputs.py,CANONICAL
dpm_selected_sentinel2_AOI-01_RMSE_OLS,dpm_vs_ols,sentinel2,AOI-01,2025,P1/P99,RMSE_OLS,0.0013354750127916,0.001335,counts: integer; manuscript headline RMSE/differences: 6 decimals; table values: source-derived fixed precision,results/primary/dpm/dpm_vs_ols_selected.csv,AOI=AOI-01; sensor=sentinel2; selected_endpoint=P1/P99,code/primary_analysis/build_canonical_nonoverlap_outputs.py,CANONICAL
dpm_selected_sentinel2_AOI-01_RMSE_ratio_DPM_over_OLS,dpm_vs_ols,sentinel2,AOI-01,2025,P1/P99,RMSE_ratio_DPM_over_OLS,337.9878324959368,337.99,counts: integer; manuscript headline RMSE/differences: 6 decimals; table values: source-derived fixed precision,results/primary/dpm/dpm_vs_ols_selected.csv,AOI=AOI-01; sensor=sentinel2; selected_endpoint=P1/P99,code/primary_analysis/build_canonical_nonoverlap_outputs.py,CANONICAL
dpm_selected_landsat_AOI-02_RMSE_DPM,dpm_vs_ols,landsat,AOI-02,2025,P1/P99,RMSE_DPM,0.2026885441476797,0.202689,counts: integer; manuscript headline RMSE/differences: 6 decimals; table values: source-derived fixed precision,results/primary/dpm/dpm_vs_ols_selected.csv,AOI=AOI-02; sensor=landsat; selected_endpoint=P1/P99,code/primary_analysis/build_canonical_nonoverlap_outputs.py,CANONICAL
dpm_selected_landsat_AOI-02_RMSE_OLS,dpm_vs_ols,landsat,AOI-02,2025,P1/P99,RMSE_OLS,0.057445153399661,0.057445,counts: integer; manuscript headline RMSE/differences: 6 decimals; table values: source-derived fixed precision,results/primary/dpm/dpm_vs_ols_selected.csv,AOI=AOI-02; sensor=landsat; selected_endpoint=P1/P99,code/primary_analysis/build_canonical_nonoverlap_outputs.py,CANONICAL
dpm_selected_landsat_AOI-02_RMSE_ratio_DPM_over_OLS,dpm_vs_ols,landsat,AOI-02,2025,P1/P99,RMSE_ratio_DPM_over_OLS,3.5283837217305756,3.53,counts: integer; manuscript headline RMSE/differences: 6 decimals; table values: source-derived fixed precision,results/primary/dpm/dpm_vs_ols_selected.csv,AOI=AOI-02; sensor=landsat; selected_endpoint=P1/P99,code/primary_analysis/build_canonical_nonoverlap_outputs.py,CANONICAL
dpm_selected_modis_AOI-02_RMSE_DPM,dpm_vs_ols,modis,AOI-02,2025,P2/P98,RMSE_DPM,0.1667894190096023,0.166789,counts: integer; manuscript headline RMSE/differences: 6 decimals; table values: source-derived fixed precision,results/primary/dpm/dpm_vs_ols_selected.csv,AOI=AOI-02; sensor=modis; selected_endpoint=P2/P98,code/primary_analysis/build_canonical_nonoverlap_outputs.py,CANONICAL
dpm_selected_modis_AOI-02_RMSE_OLS,dpm_vs_ols,modis,AOI-02,2025,P2/P98,RMSE_OLS,0.0563666402504544,0.056367,counts: integer; manuscript headline RMSE/differences: 6 decimals; table values: source-derived fixed precision,results/primary/dpm/dpm_vs_ols_selected.csv,AOI=AOI-02; sensor=modis; selected_endpoint=P2/P98,code/primary_analysis/build_canonical_nonoverlap_outputs.py,CANONICAL
dpm_selected_modis_AOI-02_RMSE_ratio_DPM_over_OLS,dpm_vs_ols,modis,AOI-02,2025,P2/P98,RMSE_ratio_DPM_over_OLS,2.9590094117461216,2.96,counts: integer; manuscript headline RMSE/differences: 6 decimals; table values: source-derived fixed precision,results/primary/dpm/dpm_vs_ols_selected.csv,AOI=AOI-02; sensor=modis; selected_endpoint=P2/P98,code/primary_analysis/build_canonical_nonoverlap_outputs.py,CANONICAL
dpm_selected_sentinel2_AOI-02_RMSE_DPM,dpm_vs_ols,sentinel2,AOI-02,2025,P1/P99,RMSE_DPM,0.1802534236470111,0.180253,counts: integer; manuscript headline RMSE/differences: 6 decimals; table values: source-derived fixed precision,results/primary/dpm/dpm_vs_ols_selected.csv,AOI=AOI-02; sensor=sentinel2; selected_endpoint=P1/P99,code/primary_analysis/build_canonical_nonoverlap_outputs.py,CANONICAL
dpm_selected_sentinel2_AOI-02_RMSE_OLS,dpm_vs_ols,sentinel2,AOI-02,2025,P1/P99,RMSE_OLS,0.0596448274340375,0.059645,counts: integer; manuscript headline RMSE/differences: 6 decimals; table values: source-derived fixed precision,results/primary/dpm/dpm_vs_ols_selected.csv,AOI=AOI-02; sensor=sentinel2; selected_endpoint=P1/P99,code/primary_analysis/build_canonical_nonoverlap_outputs.py,CANONICAL
dpm_selected_sentinel2_AOI-02_RMSE_ratio_DPM_over_OLS,dpm_vs_ols,sentinel2,AOI-02,2025,P1/P99,RMSE_ratio_DPM_over_OLS,3.0221132561135686,3.02,counts: integer; manuscript headline RMSE/differences: 6 decimals; table values: source-derived fixed precision,results/primary/dpm/dpm_vs_ols_selected.csv,AOI=AOI-02; sensor=sentinel2; selected_endpoint=P1/P99,code/primary_analysis/build_canonical_nonoverlap_outputs.py,CANONICAL
dpm_selected_landsat_AOI-03_RMSE_DPM,dpm_vs_ols,landsat,AOI-03,2025,P1/P99,RMSE_DPM,0.2198108702917442,0.219811,counts: integer; manuscript headline RMSE/differences: 6 decimals; table values: source-derived fixed precision,results/primary/dpm/dpm_vs_ols_selected.csv,AOI=AOI-03; sensor=landsat; selected_endpoint=P1/P99,code/primary_analysis/build_canonical_nonoverlap_outputs.py,CANONICAL
dpm_selected_landsat_AOI-03_RMSE_OLS,dpm_vs_ols,landsat,AOI-03,2025,P1/P99,RMSE_OLS,0.0367796409806039,0.036780,counts: integer; manuscript headline RMSE/differences: 6 decimals; table values: source-derived fixed precision,results/primary/dpm/dpm_vs_ols_selected.csv,AOI=AOI-03; sensor=landsat; selected_endpoint=P1/P99,code/primary_analysis/build_canonical_nonoverlap_outputs.py,CANONICAL
dpm_selected_landsat_AOI-03_RMSE_ratio_DPM_over_OLS,dpm_vs_ols,landsat,AOI-03,2025,P1/P99,RMSE_ratio_DPM_over_OLS,5.976427839729681,5.98,counts: integer; manuscript headline RMSE/differences: 6 decimals; table values: source-derived fixed precision,results/primary/dpm/dpm_vs_ols_selected.csv,AOI=AOI-03; sensor=landsat; selected_endpoint=P1/P99,code/primary_analysis/build_canonical_nonoverlap_outputs.py,CANONICAL
dpm_selected_modis_AOI-03_RMSE_DPM,dpm_vs_ols,modis,AOI-03,2025,P1/P99,RMSE_DPM,0.2241501561614809,0.224150,counts: integer; manuscript headline RMSE/differences: 6 decimals; table values: source-derived fixed precision,results/primary/dpm/dpm_vs_ols_selected.csv,AOI=AOI-03; sensor=modis; selected_endpoint=P1/P99,code/primary_analysis/build_canonical_nonoverlap_outputs.py,CANONICAL
dpm_selected_modis_AOI-03_RMSE_OLS,dpm_vs_ols,modis,AOI-03,2025,P1/P99,RMSE_OLS,0.0320985275017847,0.032099,counts: integer; manuscript headline RMSE/differences: 6 decimals; table values: source-derived fixed precision,results/primary/dpm/dpm_vs_ols_selected.csv,AOI=AOI-03; sensor=modis; selected_endpoint=P1/P99,code/primary_analysis/build_canonical_nonoverlap_outputs.py,CANONICAL
dpm_selected_modis_AOI-03_RMSE_ratio_DPM_over_OLS,dpm_vs_ols,modis,AOI-03,2025,P1/P99,RMSE_ratio_DPM_over_OLS,6.983191242932185,6.98,counts: integer; manuscript headline RMSE/differences: 6 decimals; table values: source-derived fixed precision,results/primary/dpm/dpm_vs_ols_selected.csv,AOI=AOI-03; sensor=modis; selected_endpoint=P1/P99,code/primary_analysis/build_canonical_nonoverlap_outputs.py,CANONICAL
dpm_selected_sentinel2_AOI-03_RMSE_DPM,dpm_vs_ols,sentinel2,AOI-03,2025,P1/P99,RMSE_DPM,0.20565903265284,0.205659,counts: integer; manuscript headline RMSE/differences: 6 decimals; table values: source-derived fixed precision,results/primary/dpm/dpm_vs_ols_selected.csv,AOI=AOI-03; sensor=sentinel2; selected_endpoint=P1/P99,code/primary_analysis/build_canonical_nonoverlap_outputs.py,CANONICAL
dpm_selected_sentinel2_AOI-03_RMSE_OLS,dpm_vs_ols,sentinel2,AOI-03,2025,P1/P99,RMSE_OLS,0.0417760053410692,0.041776,counts: integer; manuscript headline RMSE/differences: 6 decimals; table values: source-derived fixed precision,results/primary/dpm/dpm_vs_ols_selected.csv,AOI=AOI-03; sensor=sentinel2; selected_endpoint=P1/P99,code/primary_analysis/build_canonical_nonoverlap_outputs.py,CANONICAL
dpm_selected_sentinel2_AOI-03_RMSE_ratio_DPM_over_OLS,dpm_vs_ols,sentinel2,AOI-03,2025,P1/P99,RMSE_ratio_DPM_over_OLS,4.922898467045634,4.92,counts: integer; manuscript headline RMSE/differences: 6 decimals; table values: source-derived fixed precision,results/primary/dpm/dpm_vs_ols_selected.csv,AOI=AOI-03; sensor=sentinel2; selected_endpoint=P1/P99,code/primary_analysis/build_canonical_nonoverlap_outputs.py,CANONICAL
aoi01_landsat_zero_RMSE,aoi01_diagnostic,landsat,AOI-01,2025,zero,RMSE,0.001639020132884,0.001639,counts: integer; manuscript headline RMSE/differences: 6 decimals; table values: source-derived fixed precision,results/primary/dpm/aoi01_baseline_clipping.csv,AOI=AOI-01; sensor=landsat; method=zero,code/primary_analysis/build_canonical_nonoverlap_outputs.py,CANONICAL
aoi01_landsat_training_mean_RMSE,aoi01_diagnostic,landsat,AOI-01,2025,training_mean,RMSE,0.0016113647656836,0.001611,counts: integer; manuscript headline RMSE/differences: 6 decimals; table values: source-derived fixed precision,results/primary/dpm/aoi01_baseline_clipping.csv,AOI=AOI-01; sensor=landsat; method=training_mean,code/primary_analysis/build_canonical_nonoverlap_outputs.py,CANONICAL
aoi01_landsat_selected_OLS_RMSE,aoi01_diagnostic,landsat,AOI-01,2025,selected_OLS,RMSE,0.0012098680224037,0.001210,counts: integer; manuscript headline RMSE/differences: 6 decimals; table values: source-derived fixed precision,results/primary/dpm/aoi01_baseline_clipping.csv,AOI=AOI-01; sensor=landsat; method=selected_OLS,code/primary_analysis/build_canonical_nonoverlap_outputs.py,CANONICAL
aoi01_landsat_selected_DPM_RMSE,aoi01_diagnostic,landsat,AOI-01,2025,selected_DPM,RMSE,0.493138182764488,0.493138,counts: integer; manuscript headline RMSE/differences: 6 decimals; table values: source-derived fixed precision,results/primary/dpm/aoi01_baseline_clipping.csv,AOI=AOI-01; sensor=landsat; method=selected_DPM,code/primary_analysis/build_canonical_nonoverlap_outputs.py,CANONICAL
aoi01_modis_zero_RMSE,aoi01_diagnostic,modis,AOI-01,2025,zero,RMSE,0.0017626195791614,0.001763,counts: integer; manuscript headline RMSE/differences: 6 decimals; table values: source-derived fixed precision,results/primary/dpm/aoi01_baseline_clipping.csv,AOI=AOI-01; sensor=modis; method=zero,code/primary_analysis/build_canonical_nonoverlap_outputs.py,CANONICAL
aoi01_modis_training_mean_RMSE,aoi01_diagnostic,modis,AOI-01,2025,training_mean,RMSE,0.0017408306819696,0.001741,counts: integer; manuscript headline RMSE/differences: 6 decimals; table values: source-derived fixed precision,results/primary/dpm/aoi01_baseline_clipping.csv,AOI=AOI-01; sensor=modis; method=training_mean,code/primary_analysis/build_canonical_nonoverlap_outputs.py,CANONICAL
aoi01_modis_selected_OLS_RMSE,aoi01_diagnostic,modis,AOI-01,2025,selected_OLS,RMSE,0.0014037569395782,0.001404,counts: integer; manuscript headline RMSE/differences: 6 decimals; table values: source-derived fixed precision,results/primary/dpm/aoi01_baseline_clipping.csv,AOI=AOI-01; sensor=modis; method=selected_OLS,code/primary_analysis/build_canonical_nonoverlap_outputs.py,CANONICAL
aoi01_modis_selected_DPM_RMSE,aoi01_diagnostic,modis,AOI-01,2025,selected_DPM,RMSE,0.4328971518373747,0.432897,counts: integer; manuscript headline RMSE/differences: 6 decimals; table values: source-derived fixed precision,results/primary/dpm/aoi01_baseline_clipping.csv,AOI=AOI-01; sensor=modis; method=selected_DPM,code/primary_analysis/build_canonical_nonoverlap_outputs.py,CANONICAL
aoi01_sentinel2_zero_RMSE,aoi01_diagnostic,sentinel2,AOI-01,2025,zero,RMSE,0.0017563469579076,0.001756,counts: integer; manuscript headline RMSE/differences: 6 decimals; table values: source-derived fixed precision,results/primary/dpm/aoi01_baseline_clipping.csv,AOI=AOI-01; sensor=sentinel2; method=zero,code/primary_analysis/build_canonical_nonoverlap_outputs.py,CANONICAL
aoi01_sentinel2_training_mean_RMSE,aoi01_diagnostic,sentinel2,AOI-01,2025,training_mean,RMSE,0.0017315502227899,0.001732,counts: integer; manuscript headline RMSE/differences: 6 decimals; table values: source-derived fixed precision,results/primary/dpm/aoi01_baseline_clipping.csv,AOI=AOI-01; sensor=sentinel2; method=training_mean,code/primary_analysis/build_canonical_nonoverlap_outputs.py,CANONICAL
aoi01_sentinel2_selected_OLS_RMSE,aoi01_diagnostic,sentinel2,AOI-01,2025,selected_OLS,RMSE,0.0013354750127916,0.001335,counts: integer; manuscript headline RMSE/differences: 6 decimals; table values: source-derived fixed precision,results/primary/dpm/aoi01_baseline_clipping.csv,AOI=AOI-01; sensor=sentinel2; method=selected_OLS,code/primary_analysis/build_canonical_nonoverlap_outputs.py,CANONICAL
aoi01_sentinel2_selected_DPM_RMSE,aoi01_diagnostic,sentinel2,AOI-01,2025,selected_DPM,RMSE,0.4513743049259327,0.451374,counts: integer; manuscript headline RMSE/differences: 6 decimals; table values: source-derived fixed precision,results/primary/dpm/aoi01_baseline_clipping.csv,AOI=AOI-01; sensor=sentinel2; method=selected_DPM,code/primary_analysis/build_canonical_nonoverlap_outputs.py,CANONICAL
block_landsat_AOI-00_2024_1y_vs_2y_mean_difference_RMSE,block_inference,landsat,AOI-00,2024,1y_vs_2y,mean_difference_RMSE,-0.0008291283830777,-0.000829,counts: integer; manuscript headline RMSE/differences: 6 decimals; table values: source-derived fixed precision,results/primary/block_inference/block_contrasts.csv,AOI=AOI-00; sensor=landsat; target_year=2024; contrast=1y_vs_2y,code/primary_analysis/build_canonical_nonoverlap_outputs.py,CANONICAL
block_landsat_AOI-00_2024_1y_vs_2y_Holm_adjusted_p,block_inference,landsat,AOI-00,2024,1y_vs_2y,Holm_adjusted_p,0.0292209763158662,0.029221,counts: integer; manuscript headline RMSE/differences: 6 decimals; table values: source-derived fixed precision,results/primary/block_inference/block_contrasts.csv,AOI=AOI-00; sensor=landsat; target_year=2024; contrast=1y_vs_2y,code/primary_analysis/build_canonical_nonoverlap_outputs.py,CANONICAL
block_landsat_AOI-00_2024_1y_vs_2y_paired_block_n,block_inference,landsat,AOI-00,2024,1y_vs_2y,paired_block_n,39,39,counts: integer; manuscript headline RMSE/differences: 6 decimals; table values: source-derived fixed precision,results/primary/block_inference/block_contrasts.csv,AOI=AOI-00; sensor=landsat; target_year=2024; contrast=1y_vs_2y,code/primary_analysis/build_canonical_nonoverlap_outputs.py,CANONICAL
block_landsat_AOI-00_2024_1y_vs_3y_mean_difference_RMSE,block_inference,landsat,AOI-00,2024,1y_vs_3y,mean_difference_RMSE,0.0002623549373246,0.000262,counts: integer; manuscript headline RMSE/differences: 6 decimals; table values: source-derived fixed precision,results/primary/block_inference/block_contrasts.csv,AOI=AOI-00; sensor=landsat; target_year=2024; contrast=1y_vs_3y,code/primary_analysis/build_canonical_nonoverlap_outputs.py,CANONICAL
block_landsat_AOI-00_2024_1y_vs_3y_Holm_adjusted_p,block_inference,landsat,AOI-00,2024,1y_vs_3y,Holm_adjusted_p,0.2743848609654825,0.274385,counts: integer; manuscript headline RMSE/differences: 6 decimals; table values: source-derived fixed precision,results/primary/block_inference/block_contrasts.csv,AOI=AOI-00; sensor=landsat; target_year=2024; contrast=1y_vs_3y,code/primary_analysis/build_canonical_nonoverlap_outputs.py,CANONICAL
block_landsat_AOI-00_2024_1y_vs_3y_paired_block_n,block_inference,landsat,AOI-00,2024,1y_vs_3y,paired_block_n,39,39,counts: integer; manuscript headline RMSE/differences: 6 decimals; table values: source-derived fixed precision,results/primary/block_inference/block_contrasts.csv,AOI=AOI-00; sensor=landsat; target_year=2024; contrast=1y_vs_3y,code/primary_analysis/build_canonical_nonoverlap_outputs.py,CANONICAL
block_landsat_AOI-00_2024_2y_vs_3y_mean_difference_RMSE,block_inference,landsat,AOI-00,2024,2y_vs_3y,mean_difference_RMSE,0.0010914833204024,0.001091,counts: integer; manuscript headline RMSE/differences: 6 decimals; table values: source-derived fixed precision,results/primary/block_inference/block_contrasts.csv,AOI=AOI-00; sensor=landsat; target_year=2024; contrast=2y_vs_3y,code/primary_analysis/build_canonical_nonoverlap_outputs.py,CANONICAL
block_landsat_AOI-00_2024_2y_vs_3y_Holm_adjusted_p,block_inference,landsat,AOI-00,2024,2y_vs_3y,Holm_adjusted_p,0.000616474196478,0.000616474,counts: integer; manuscript headline RMSE/differences: 6 decimals; table values: source-derived fixed precision,results/primary/block_inference/block_contrasts.csv,AOI=AOI-00; sensor=landsat; target_year=2024; contrast=2y_vs_3y,code/primary_analysis/build_canonical_nonoverlap_outputs.py,CANONICAL
block_landsat_AOI-00_2024_2y_vs_3y_paired_block_n,block_inference,landsat,AOI-00,2024,2y_vs_3y,paired_block_n,39,39,counts: integer; manuscript headline RMSE/differences: 6 decimals; table values: source-derived fixed precision,results/primary/block_inference/block_contrasts.csv,AOI=AOI-00; sensor=landsat; target_year=2024; contrast=2y_vs_3y,code/primary_analysis/build_canonical_nonoverlap_outputs.py,CANONICAL
block_landsat_AOI-00_2025_1y_vs_2y_mean_difference_RMSE,block_inference,landsat,AOI-00,2025,1y_vs_2y,mean_difference_RMSE,0.0021027384342453,0.002103,counts: integer; manuscript headline RMSE/differences: 6 decimals; table values: source-derived fixed precision,results/primary/block_inference/block_contrasts.csv,AOI=AOI-00; sensor=landsat; target_year=2025; contrast=1y_vs_2y,code/primary_analysis/build_canonical_nonoverlap_outputs.py,CANONICAL
block_landsat_AOI-00_2025_1y_vs_2y_Holm_adjusted_p,block_inference,landsat,AOI-00,2025,1y_vs_2y,Holm_adjusted_p,0.0178543146416838,0.0178543,counts: integer; manuscript headline RMSE/differences: 6 decimals; table values: source-derived fixed precision,results/primary/block_inference/block_contrasts.csv,AOI=AOI-00; sensor=landsat; target_year=2025; contrast=1y_vs_2y,code/primary_analysis/build_canonical_nonoverlap_outputs.py,CANONICAL
block_landsat_AOI-00_2025_1y_vs_2y_paired_block_n,block_inference,landsat,AOI-00,2025,1y_vs_2y,paired_block_n,39,39,counts: integer; manuscript headline RMSE/differences: 6 decimals; table values: source-derived fixed precision,results/primary/block_inference/block_contrasts.csv,AOI=AOI-00; sensor=landsat; target_year=2025; contrast=1y_vs_2y,code/primary_analysis/build_canonical_nonoverlap_outputs.py,CANONICAL
block_landsat_AOI-00_2025_1y_vs_3y_mean_difference_RMSE,block_inference,landsat,AOI-00,2025,1y_vs_3y,mean_difference_RMSE,0.0031469904174724,0.003147,counts: integer; manuscript headline RMSE/differences: 6 decimals; table values: source-derived fixed precision,results/primary/block_inference/block_contrasts.csv,AOI=AOI-00; sensor=landsat; target_year=2025; contrast=1y_vs_3y,code/primary_analysis/build_canonical_nonoverlap_outputs.py,CANONICAL
block_landsat_AOI-00_2025_1y_vs_3y_Holm_adjusted_p,block_inference,landsat,AOI-00,2025,1y_vs_3y,Holm_adjusted_p,0.0192189233402951,0.0192189,counts: integer; manuscript headline RMSE/differences: 6 decimals; table values: source-derived fixed precision,results/primary/block_inference/block_contrasts.csv,AOI=AOI-00; sensor=landsat; target_year=2025; contrast=1y_vs_3y,code/primary_analysis/build_canonical_nonoverlap_outputs.py,CANONICAL
block_landsat_AOI-00_2025_1y_vs_3y_paired_block_n,block_inference,landsat,AOI-00,2025,1y_vs_3y,paired_block_n,39,39,counts: integer; manuscript headline RMSE/differences: 6 decimals; table values: source-derived fixed precision,results/primary/block_inference/block_contrasts.csv,AOI=AOI-00; sensor=landsat; target_year=2025; contrast=1y_vs_3y,code/primary_analysis/build_canonical_nonoverlap_outputs.py,CANONICAL
block_landsat_AOI-00_2025_2y_vs_3y_mean_difference_RMSE,block_inference,landsat,AOI-00,2025,2y_vs_3y,mean_difference_RMSE,0.0010442519832271,0.001044,counts: integer; manuscript headline RMSE/differences: 6 decimals; table values: source-derived fixed precision,results/primary/block_inference/block_contrasts.csv,AOI=AOI-00; sensor=landsat; target_year=2025; contrast=2y_vs_3y,code/primary_analysis/build_canonical_nonoverlap_outputs.py,CANONICAL
block_landsat_AOI-00_2025_2y_vs_3y_Holm_adjusted_p,block_inference,landsat,AOI-00,2025,2y_vs_3y,Holm_adjusted_p,0.0229182268789525,0.0229182,counts: integer; manuscript headline RMSE/differences: 6 decimals; table values: source-derived fixed precision,results/primary/block_inference/block_contrasts.csv,AOI=AOI-00; sensor=landsat; target_year=2025; contrast=2y_vs_3y,code/primary_analysis/build_canonical_nonoverlap_outputs.py,CANONICAL
block_landsat_AOI-00_2025_2y_vs_3y_paired_block_n,block_inference,landsat,AOI-00,2025,2y_vs_3y,paired_block_n,39,39,counts: integer; manuscript headline RMSE/differences: 6 decimals; table values: source-derived fixed precision,results/primary/block_inference/block_contrasts.csv,AOI=AOI-00; sensor=landsat; target_year=2025; contrast=2y_vs_3y,code/primary_analysis/build_canonical_nonoverlap_outputs.py,CANONICAL
block_modis_AOI-00_2024_1y_vs_2y_mean_difference_RMSE,block_inference,modis,AOI-00,2024,1y_vs_2y,mean_difference_RMSE,0.000157812260319,0.000158,counts: integer; manuscript headline RMSE/differences: 6 decimals; table values: source-derived fixed precision,results/primary/block_inference/block_contrasts.csv,AOI=AOI-00; sensor=modis; target_year=2024; contrast=1y_vs_2y,code/primary_analysis/build_canonical_nonoverlap_outputs.py,CANONICAL
block_modis_AOI-00_2024_1y_vs_2y_Holm_adjusted_p,block_inference,modis,AOI-00,2024,1y_vs_2y,Holm_adjusted_p,1.0,1,counts: integer; manuscript headline RMSE/differences: 6 decimals; table values: source-derived fixed precision,results/primary/block_inference/block_contrasts.csv,AOI=AOI-00; sensor=modis; target_year=2024; contrast=1y_vs_2y,code/primary_analysis/build_canonical_nonoverlap_outputs.py,CANONICAL
block_modis_AOI-00_2024_1y_vs_2y_paired_block_n,block_inference,modis,AOI-00,2024,1y_vs_2y,paired_block_n,39,39,counts: integer; manuscript headline RMSE/differences: 6 decimals; table values: source-derived fixed precision,results/primary/block_inference/block_contrasts.csv,AOI=AOI-00; sensor=modis; target_year=2024; contrast=1y_vs_2y,code/primary_analysis/build_canonical_nonoverlap_outputs.py,CANONICAL
block_modis_AOI-00_2024_1y_vs_3y_mean_difference_RMSE,block_inference,modis,AOI-00,2024,1y_vs_3y,mean_difference_RMSE,0.0001875163096618,0.000188,counts: integer; manuscript headline RMSE/differences: 6 decimals; table values: source-derived fixed precision,results/primary/block_inference/block_contrasts.csv,AOI=AOI-00; sensor=modis; target_year=2024; contrast=1y_vs_3y,code/primary_analysis/build_canonical_nonoverlap_outputs.py,CANONICAL
block_modis_AOI-00_2024_1y_vs_3y_Holm_adjusted_p,block_inference,modis,AOI-00,2024,1y_vs_3y,Holm_adjusted_p,1.0,1,counts: integer; manuscript headline RMSE/differences: 6 decimals; table values: source-derived fixed precision,results/primary/block_inference/block_contrasts.csv,AOI=AOI-00; sensor=modis; target_year=2024; contrast=1y_vs_3y,code/primary_analysis/build_canonical_nonoverlap_outputs.py,CANONICAL
block_modis_AOI-00_2024_1y_vs_3y_paired_block_n,block_inference,modis,AOI-00,2024,1y_vs_3y,paired_block_n,39,39,counts: integer; manuscript headline RMSE/differences: 6 decimals; table values: source-derived fixed precision,results/primary/block_inference/block_contrasts.csv,AOI=AOI-00; sensor=modis; target_year=2024; contrast=1y_vs_3y,code/primary_analysis/build_canonical_nonoverlap_outputs.py,CANONICAL
block_modis_AOI-00_2024_2y_vs_3y_mean_difference_RMSE,block_inference,modis,AOI-00,2024,2y_vs_3y,mean_difference_RMSE,2.9704049342810696e-05,0.000030,counts: integer; manuscript headline RMSE/differences: 6 decimals; table values: source-derived fixed precision,results/primary/block_inference/block_contrasts.csv,AOI=AOI-00; sensor=modis; target_year=2024; contrast=2y_vs_3y,code/primary_analysis/build_canonical_nonoverlap_outputs.py,CANONICAL
block_modis_AOI-00_2024_2y_vs_3y_Holm_adjusted_p,block_inference,modis,AOI-00,2024,2y_vs_3y,Holm_adjusted_p,1.0,1,counts: integer; manuscript headline RMSE/differences: 6 decimals; table values: source-derived fixed precision,results/primary/block_inference/block_contrasts.csv,AOI=AOI-00; sensor=modis; target_year=2024; contrast=2y_vs_3y,code/primary_analysis/build_canonical_nonoverlap_outputs.py,CANONICAL
block_modis_AOI-00_2024_2y_vs_3y_paired_block_n,block_inference,modis,AOI-00,2024,2y_vs_3y,paired_block_n,39,39,counts: integer; manuscript headline RMSE/differences: 6 decimals; table values: source-derived fixed precision,results/primary/block_inference/block_contrasts.csv,AOI=AOI-00; sensor=modis; target_year=2024; contrast=2y_vs_3y,code/primary_analysis/build_canonical_nonoverlap_outputs.py,CANONICAL
block_modis_AOI-00_2025_1y_vs_2y_mean_difference_RMSE,block_inference,modis,AOI-00,2025,1y_vs_2y,mean_difference_RMSE,0.0011955846324076,0.001196,counts: integer; manuscript headline RMSE/differences: 6 decimals; table values: source-derived fixed precision,results/primary/block_inference/block_contrasts.csv,AOI=AOI-00; sensor=modis; target_year=2025; contrast=1y_vs_2y,code/primary_analysis/build_canonical_nonoverlap_outputs.py,CANONICAL
block_modis_AOI-00_2025_1y_vs_2y_Holm_adjusted_p,block_inference,modis,AOI-00,2025,1y_vs_2y,Holm_adjusted_p,0.1876129125335861,0.187613,counts: integer; manuscript headline RMSE/differences: 6 decimals; table values: source-derived fixed precision,results/primary/block_inference/block_contrasts.csv,AOI=AOI-00; sensor=modis; target_year=2025; contrast=1y_vs_2y,code/primary_analysis/build_canonical_nonoverlap_outputs.py,CANONICAL
block_modis_AOI-00_2025_1y_vs_2y_paired_block_n,block_inference,modis,AOI-00,2025,1y_vs_2y,paired_block_n,39,39,counts: integer; manuscript headline RMSE/differences: 6 decimals; table values: source-derived fixed precision,results/primary/block_inference/block_contrasts.csv,AOI=AOI-00; sensor=modis; target_year=2025; contrast=1y_vs_2y,code/primary_analysis/build_canonical_nonoverlap_outputs.py,CANONICAL
block_modis_AOI-00_2025_1y_vs_3y_mean_difference_RMSE,block_inference,modis,AOI-00,2025,1y_vs_3y,mean_difference_RMSE,0.0011850248491366,0.001185,counts: integer; manuscript headline RMSE/differences: 6 decimals; table values: source-derived fixed precision,results/primary/block_inference/block_contrasts.csv,AOI=AOI-00; sensor=modis; target_year=2025; contrast=1y_vs_3y,code/primary_analysis/build_canonical_nonoverlap_outputs.py,CANONICAL
block_modis_AOI-00_2025_1y_vs_3y_Holm_adjusted_p,block_inference,modis,AOI-00,2025,1y_vs_3y,Holm_adjusted_p,0.1876129125335861,0.187613,counts: integer; manuscript headline RMSE/differences: 6 decimals; table values: source-derived fixed precision,results/primary/block_inference/block_contrasts.csv,AOI=AOI-00; sensor=modis; target_year=2025; contrast=1y_vs_3y,code/primary_analysis/build_canonical_nonoverlap_outputs.py,CANONICAL
block_modis_AOI-00_2025_1y_vs_3y_paired_block_n,block_inference,modis,AOI-00,2025,1y_vs_3y,paired_block_n,39,39,counts: integer; manuscript headline RMSE/differences: 6 decimals; table values: source-derived fixed precision,results/primary/block_inference/block_contrasts.csv,AOI=AOI-00; sensor=modis; target_year=2025; contrast=1y_vs_3y,code/primary_analysis/build_canonical_nonoverlap_outputs.py,CANONICAL
block_modis_AOI-00_2025_2y_vs_3y_mean_difference_RMSE,block_inference,modis,AOI-00,2025,2y_vs_3y,mean_difference_RMSE,-1.0559783271048356e-05,-0.000011,counts: integer; manuscript headline RMSE/differences: 6 decimals; table values: source-derived fixed precision,results/primary/block_inference/block_contrasts.csv,AOI=AOI-00; sensor=modis; target_year=2025; contrast=2y_vs_3y,code/primary_analysis/build_canonical_nonoverlap_outputs.py,CANONICAL
block_modis_AOI-00_2025_2y_vs_3y_Holm_adjusted_p,block_inference,modis,AOI-00,2025,2y_vs_3y,Holm_adjusted_p,0.9143042930786444,0.914304,counts: integer; manuscript headline RMSE/differences: 6 decimals; table values: source-derived fixed precision,results/primary/block_inference/block_contrasts.csv,AOI=AOI-00; sensor=modis; target_year=2025; contrast=2y_vs_3y,code/primary_analysis/build_canonical_nonoverlap_outputs.py,CANONICAL
block_modis_AOI-00_2025_2y_vs_3y_paired_block_n,block_inference,modis,AOI-00,2025,2y_vs_3y,paired_block_n,39,39,counts: integer; manuscript headline RMSE/differences: 6 decimals; table values: source-derived fixed precision,results/primary/block_inference/block_contrasts.csv,AOI=AOI-00; sensor=modis; target_year=2025; contrast=2y_vs_3y,code/primary_analysis/build_canonical_nonoverlap_outputs.py,CANONICAL
block_sentinel2_AOI-00_2024_1y_vs_2y_mean_difference_RMSE,block_inference,sentinel2,AOI-00,2024,1y_vs_2y,mean_difference_RMSE,0.0001000751715473,0.000100,counts: integer; manuscript headline RMSE/differences: 6 decimals; table values: source-derived fixed precision,results/primary/block_inference/block_contrasts.csv,AOI=AOI-00; sensor=sentinel2; target_year=2024; contrast=1y_vs_2y,code/primary_analysis/build_canonical_nonoverlap_outputs.py,CANONICAL
block_sentinel2_AOI-00_2024_1y_vs_2y_Holm_adjusted_p,block_inference,sentinel2,AOI-00,2024,1y_vs_2y,Holm_adjusted_p,0.7629143626112153,0.762914,counts: integer; manuscript headline RMSE/differences: 6 decimals; table values: source-derived fixed precision,results/primary/block_inference/block_contrasts.csv,AOI=AOI-00; sensor=sentinel2; target_year=2024; contrast=1y_vs_2y,code/primary_analysis/build_canonical_nonoverlap_outputs.py,CANONICAL
block_sentinel2_AOI-00_2024_1y_vs_2y_paired_block_n,block_inference,sentinel2,AOI-00,2024,1y_vs_2y,paired_block_n,39,39,counts: integer; manuscript headline RMSE/differences: 6 decimals; table values: source-derived fixed precision,results/primary/block_inference/block_contrasts.csv,AOI=AOI-00; sensor=sentinel2; target_year=2024; contrast=1y_vs_2y,code/primary_analysis/build_canonical_nonoverlap_outputs.py,CANONICAL
block_sentinel2_AOI-00_2024_1y_vs_3y_mean_difference_RMSE,block_inference,sentinel2,AOI-00,2024,1y_vs_3y,mean_difference_RMSE,-0.0023382234580035,-0.002338,counts: integer; manuscript headline RMSE/differences: 6 decimals; table values: source-derived fixed precision,results/primary/block_inference/block_contrasts.csv,AOI=AOI-00; sensor=sentinel2; target_year=2024; contrast=1y_vs_3y,code/primary_analysis/build_canonical_nonoverlap_outputs.py,CANONICAL
block_sentinel2_AOI-00_2024_1y_vs_3y_Holm_adjusted_p,block_inference,sentinel2,AOI-00,2024,1y_vs_3y,Holm_adjusted_p,0.3056687691683516,0.305669,counts: integer; manuscript headline RMSE/differences: 6 decimals; table values: source-derived fixed precision,results/primary/block_inference/block_contrasts.csv,AOI=AOI-00; sensor=sentinel2; target_year=2024; contrast=1y_vs_3y,code/primary_analysis/build_canonical_nonoverlap_outputs.py,CANONICAL
block_sentinel2_AOI-00_2024_1y_vs_3y_paired_block_n,block_inference,sentinel2,AOI-00,2024,1y_vs_3y,paired_block_n,39,39,counts: integer; manuscript headline RMSE/differences: 6 decimals; table values: source-derived fixed precision,results/primary/block_inference/block_contrasts.csv,AOI=AOI-00; sensor=sentinel2; target_year=2024; contrast=1y_vs_3y,code/primary_analysis/build_canonical_nonoverlap_outputs.py,CANONICAL
block_sentinel2_AOI-00_2024_2y_vs_3y_mean_difference_RMSE,block_inference,sentinel2,AOI-00,2024,2y_vs_3y,mean_difference_RMSE,-0.0024382986295508,-0.002438,counts: integer; manuscript headline RMSE/differences: 6 decimals; table values: source-derived fixed precision,results/primary/block_inference/block_contrasts.csv,AOI=AOI-00; sensor=sentinel2; target_year=2024; contrast=2y_vs_3y,code/primary_analysis/build_canonical_nonoverlap_outputs.py,CANONICAL
block_sentinel2_AOI-00_2024_2y_vs_3y_Holm_adjusted_p,block_inference,sentinel2,AOI-00,2024,2y_vs_3y,Holm_adjusted_p,0.2015930560963832,0.201593,counts: integer; manuscript headline RMSE/differences: 6 decimals; table values: source-derived fixed precision,results/primary/block_inference/block_contrasts.csv,AOI=AOI-00; sensor=sentinel2; target_year=2024; contrast=2y_vs_3y,code/primary_analysis/build_canonical_nonoverlap_outputs.py,CANONICAL
block_sentinel2_AOI-00_2024_2y_vs_3y_paired_block_n,block_inference,sentinel2,AOI-00,2024,2y_vs_3y,paired_block_n,39,39,counts: integer; manuscript headline RMSE/differences: 6 decimals; table values: source-derived fixed precision,results/primary/block_inference/block_contrasts.csv,AOI=AOI-00; sensor=sentinel2; target_year=2024; contrast=2y_vs_3y,code/primary_analysis/build_canonical_nonoverlap_outputs.py,CANONICAL
block_sentinel2_AOI-00_2025_1y_vs_2y_mean_difference_RMSE,block_inference,sentinel2,AOI-00,2025,1y_vs_2y,mean_difference_RMSE,0.0010571738426356,0.001057,counts: integer; manuscript headline RMSE/differences: 6 decimals; table values: source-derived fixed precision,results/primary/block_inference/block_contrasts.csv,AOI=AOI-00; sensor=sentinel2; target_year=2025; contrast=1y_vs_2y,code/primary_analysis/build_canonical_nonoverlap_outputs.py,CANONICAL
block_sentinel2_AOI-00_2025_1y_vs_2y_Holm_adjusted_p,block_inference,sentinel2,AOI-00,2025,1y_vs_2y,Holm_adjusted_p,0.173353154297029,0.173353,counts: integer; manuscript headline RMSE/differences: 6 decimals; table values: source-derived fixed precision,results/primary/block_inference/block_contrasts.csv,AOI=AOI-00; sensor=sentinel2; target_year=2025; contrast=1y_vs_2y,code/primary_analysis/build_canonical_nonoverlap_outputs.py,CANONICAL
block_sentinel2_AOI-00_2025_1y_vs_2y_paired_block_n,block_inference,sentinel2,AOI-00,2025,1y_vs_2y,paired_block_n,39,39,counts: integer; manuscript headline RMSE/differences: 6 decimals; table values: source-derived fixed precision,results/primary/block_inference/block_contrasts.csv,AOI=AOI-00; sensor=sentinel2; target_year=2025; contrast=1y_vs_2y,code/primary_analysis/build_canonical_nonoverlap_outputs.py,CANONICAL
block_sentinel2_AOI-00_2025_1y_vs_3y_mean_difference_RMSE,block_inference,sentinel2,AOI-00,2025,1y_vs_3y,mean_difference_RMSE,0.0019755688324701,0.001976,counts: integer; manuscript headline RMSE/differences: 6 decimals; table values: source-derived fixed precision,results/primary/block_inference/block_contrasts.csv,AOI=AOI-00; sensor=sentinel2; target_year=2025; contrast=1y_vs_3y,code/primary_analysis/build_canonical_nonoverlap_outputs.py,CANONICAL
block_sentinel2_AOI-00_2025_1y_vs_3y_Holm_adjusted_p,block_inference,sentinel2,AOI-00,2025,1y_vs_3y,Holm_adjusted_p,0.0488109330379645,0.0488109,counts: integer; manuscript headline RMSE/differences: 6 decimals; table values: source-derived fixed precision,results/primary/block_inference/block_contrasts.csv,AOI=AOI-00; sensor=sentinel2; target_year=2025; contrast=1y_vs_3y,code/primary_analysis/build_canonical_nonoverlap_outputs.py,CANONICAL
block_sentinel2_AOI-00_2025_1y_vs_3y_paired_block_n,block_inference,sentinel2,AOI-00,2025,1y_vs_3y,paired_block_n,39,39,counts: integer; manuscript headline RMSE/differences: 6 decimals; table values: source-derived fixed precision,results/primary/block_inference/block_contrasts.csv,AOI=AOI-00; sensor=sentinel2; target_year=2025; contrast=1y_vs_3y,code/primary_analysis/build_canonical_nonoverlap_outputs.py,CANONICAL
block_sentinel2_AOI-00_2025_2y_vs_3y_mean_difference_RMSE,block_inference,sentinel2,AOI-00,2025,2y_vs_3y,mean_difference_RMSE,0.0009183949898345,0.000918,counts: integer; manuscript headline RMSE/differences: 6 decimals; table values: source-derived fixed precision,results/primary/block_inference/block_contrasts.csv,AOI=AOI-00; sensor=sentinel2; target_year=2025; contrast=2y_vs_3y,code/primary_analysis/build_canonical_nonoverlap_outputs.py,CANONICAL
block_sentinel2_AOI-00_2025_2y_vs_3y_Holm_adjusted_p,block_inference,sentinel2,AOI-00,2025,2y_vs_3y,Holm_adjusted_p,1.2067220480113458e-06,1.20672e-06,counts: integer; manuscript headline RMSE/differences: 6 decimals; table values: source-derived fixed precision,results/primary/block_inference/block_contrasts.csv,AOI=AOI-00; sensor=sentinel2; target_year=2025; contrast=2y_vs_3y,code/primary_analysis/build_canonical_nonoverlap_outputs.py,CANONICAL
block_sentinel2_AOI-00_2025_2y_vs_3y_paired_block_n,block_inference,sentinel2,AOI-00,2025,2y_vs_3y,paired_block_n,39,39,counts: integer; manuscript headline RMSE/differences: 6 decimals; table values: source-derived fixed precision,results/primary/block_inference/block_contrasts.csv,AOI=AOI-00; sensor=sentinel2; target_year=2025; contrast=2y_vs_3y,code/primary_analysis/build_canonical_nonoverlap_outputs.py,CANONICAL
block_landsat_AOI-01_2024_1y_vs_2y_mean_difference_RMSE,block_inference,landsat,AOI-01,2024,1y_vs_2y,mean_difference_RMSE,6.076580444760074e-06,0.000006,counts: integer; manuscript headline RMSE/differences: 6 decimals; table values: source-derived fixed precision,results/primary/block_inference/block_contrasts.csv,AOI=AOI-01; sensor=landsat; target_year=2024; contrast=1y_vs_2y,code/primary_analysis/build_canonical_nonoverlap_outputs.py,CANONICAL
block_landsat_AOI-01_2024_1y_vs_2y_Holm_adjusted_p,block_inference,landsat,AOI-01,2024,1y_vs_2y,Holm_adjusted_p,0.4070775808404072,0.407078,counts: integer; manuscript headline RMSE/differences: 6 decimals; table values: source-derived fixed precision,results/primary/block_inference/block_contrasts.csv,AOI=AOI-01; sensor=landsat; target_year=2024; contrast=1y_vs_2y,code/primary_analysis/build_canonical_nonoverlap_outputs.py,CANONICAL
block_landsat_AOI-01_2024_1y_vs_2y_paired_block_n,block_inference,landsat,AOI-01,2024,1y_vs_2y,paired_block_n,35,35,counts: integer; manuscript headline RMSE/differences: 6 decimals; table values: source-derived fixed precision,results/primary/block_inference/block_contrasts.csv,AOI=AOI-01; sensor=landsat; target_year=2024; contrast=1y_vs_2y,code/primary_analysis/build_canonical_nonoverlap_outputs.py,CANONICAL
block_landsat_AOI-01_2024_1y_vs_3y_mean_difference_RMSE,block_inference,landsat,AOI-01,2024,1y_vs_3y,mean_difference_RMSE,2.461174190952549e-05,0.000025,counts: integer; manuscript headline RMSE/differences: 6 decimals; table values: source-derived fixed precision,results/primary/block_inference/block_contrasts.csv,AOI=AOI-01; sensor=landsat; target_year=2024; contrast=1y_vs_3y,code/primary_analysis/build_canonical_nonoverlap_outputs.py,CANONICAL
block_landsat_AOI-01_2024_1y_vs_3y_Holm_adjusted_p,block_inference,landsat,AOI-01,2024,1y_vs_3y,Holm_adjusted_p,0.2001142487127893,0.200114,counts: integer; manuscript headline RMSE/differences: 6 decimals; table values: source-derived fixed precision,results/primary/block_inference/block_contrasts.csv,AOI=AOI-01; sensor=landsat; target_year=2024; contrast=1y_vs_3y,code/primary_analysis/build_canonical_nonoverlap_outputs.py,CANONICAL
block_landsat_AOI-01_2024_1y_vs_3y_paired_block_n,block_inference,landsat,AOI-01,2024,1y_vs_3y,paired_block_n,35,35,counts: integer; manuscript headline RMSE/differences: 6 decimals; table values: source-derived fixed precision,results/primary/block_inference/block_contrasts.csv,AOI=AOI-01; sensor=landsat; target_year=2024; contrast=1y_vs_3y,code/primary_analysis/build_canonical_nonoverlap_outputs.py,CANONICAL
block_landsat_AOI-01_2024_2y_vs_3y_mean_difference_RMSE,block_inference,landsat,AOI-01,2024,2y_vs_3y,mean_difference_RMSE,1.8535161464765415e-05,0.000019,counts: integer; manuscript headline RMSE/differences: 6 decimals; table values: source-derived fixed precision,results/primary/block_inference/block_contrasts.csv,AOI=AOI-01; sensor=landsat; target_year=2024; contrast=2y_vs_3y,code/primary_analysis/build_canonical_nonoverlap_outputs.py,CANONICAL
block_landsat_AOI-01_2024_2y_vs_3y_Holm_adjusted_p,block_inference,landsat,AOI-01,2024,2y_vs_3y,Holm_adjusted_p,0.0510702687403357,0.0510703,counts: integer; manuscript headline RMSE/differences: 6 decimals; table values: source-derived fixed precision,results/primary/block_inference/block_contrasts.csv,AOI=AOI-01; sensor=landsat; target_year=2024; contrast=2y_vs_3y,code/primary_analysis/build_canonical_nonoverlap_outputs.py,CANONICAL
block_landsat_AOI-01_2024_2y_vs_3y_paired_block_n,block_inference,landsat,AOI-01,2024,2y_vs_3y,paired_block_n,35,35,counts: integer; manuscript headline RMSE/differences: 6 decimals; table values: source-derived fixed precision,results/primary/block_inference/block_contrasts.csv,AOI=AOI-01; sensor=landsat; target_year=2024; contrast=2y_vs_3y,code/primary_analysis/build_canonical_nonoverlap_outputs.py,CANONICAL
block_landsat_AOI-01_2025_1y_vs_2y_mean_difference_RMSE,block_inference,landsat,AOI-01,2025,1y_vs_2y,mean_difference_RMSE,5.558648388053625e-06,0.000006,counts: integer; manuscript headline RMSE/differences: 6 decimals; table values: source-derived fixed precision,results/primary/block_inference/block_contrasts.csv,AOI=AOI-01; sensor=landsat; target_year=2025; contrast=1y_vs_2y,code/primary_analysis/build_canonical_nonoverlap_outputs.py,CANONICAL
block_landsat_AOI-01_2025_1y_vs_2y_Holm_adjusted_p,block_inference,landsat,AOI-01,2025,1y_vs_2y,Holm_adjusted_p,0.250269443780521,0.250269,counts: integer; manuscript headline RMSE/differences: 6 decimals; table values: source-derived fixed precision,results/primary/block_inference/block_contrasts.csv,AOI=AOI-01; sensor=landsat; target_year=2025; contrast=1y_vs_2y,code/primary_analysis/build_canonical_nonoverlap_outputs.py,CANONICAL
block_landsat_AOI-01_2025_1y_vs_2y_paired_block_n,block_inference,landsat,AOI-01,2025,1y_vs_2y,paired_block_n,35,35,counts: integer; manuscript headline RMSE/differences: 6 decimals; table values: source-derived fixed precision,results/primary/block_inference/block_contrasts.csv,AOI=AOI-01; sensor=landsat; target_year=2025; contrast=1y_vs_2y,code/primary_analysis/build_canonical_nonoverlap_outputs.py,CANONICAL
block_landsat_AOI-01_2025_1y_vs_3y_mean_difference_RMSE,block_inference,landsat,AOI-01,2025,1y_vs_3y,mean_difference_RMSE,1.0716896029460468e-05,0.000011,counts: integer; manuscript headline RMSE/differences: 6 decimals; table values: source-derived fixed precision,results/primary/block_inference/block_contrasts.csv,AOI=AOI-01; sensor=landsat; target_year=2025; contrast=1y_vs_3y,code/primary_analysis/build_canonical_nonoverlap_outputs.py,CANONICAL
block_landsat_AOI-01_2025_1y_vs_3y_Holm_adjusted_p,block_inference,landsat,AOI-01,2025,1y_vs_3y,Holm_adjusted_p,6.282374389335521e-06,6.28237e-06,counts: integer; manuscript headline RMSE/differences: 6 decimals; table values: source-derived fixed precision,results/primary/block_inference/block_contrasts.csv,AOI=AOI-01; sensor=landsat; target_year=2025; contrast=1y_vs_3y,code/primary_analysis/build_canonical_nonoverlap_outputs.py,CANONICAL
block_landsat_AOI-01_2025_1y_vs_3y_paired_block_n,block_inference,landsat,AOI-01,2025,1y_vs_3y,paired_block_n,35,35,counts: integer; manuscript headline RMSE/differences: 6 decimals; table values: source-derived fixed precision,results/primary/block_inference/block_contrasts.csv,AOI=AOI-01; sensor=landsat; target_year=2025; contrast=1y_vs_3y,code/primary_analysis/build_canonical_nonoverlap_outputs.py,CANONICAL
block_landsat_AOI-01_2025_2y_vs_3y_mean_difference_RMSE,block_inference,landsat,AOI-01,2025,2y_vs_3y,mean_difference_RMSE,5.158247641406842e-06,0.000005,counts: integer; manuscript headline RMSE/differences: 6 decimals; table values: source-derived fixed precision,results/primary/block_inference/block_contrasts.csv,AOI=AOI-01; sensor=landsat; target_year=2025; contrast=2y_vs_3y,code/primary_analysis/build_canonical_nonoverlap_outputs.py,CANONICAL
block_landsat_AOI-01_2025_2y_vs_3y_Holm_adjusted_p,block_inference,landsat,AOI-01,2025,2y_vs_3y,Holm_adjusted_p,0.269036195353655,0.269036,counts: integer; manuscript headline RMSE/differences: 6 decimals; table values: source-derived fixed precision,results/primary/block_inference/block_contrasts.csv,AOI=AOI-01; sensor=landsat; target_year=2025; contrast=2y_vs_3y,code/primary_analysis/build_canonical_nonoverlap_outputs.py,CANONICAL
block_landsat_AOI-01_2025_2y_vs_3y_paired_block_n,block_inference,landsat,AOI-01,2025,2y_vs_3y,paired_block_n,35,35,counts: integer; manuscript headline RMSE/differences: 6 decimals; table values: source-derived fixed precision,results/primary/block_inference/block_contrasts.csv,AOI=AOI-01; sensor=landsat; target_year=2025; contrast=2y_vs_3y,code/primary_analysis/build_canonical_nonoverlap_outputs.py,CANONICAL
block_modis_AOI-01_2024_1y_vs_2y_mean_difference_RMSE,block_inference,modis,AOI-01,2024,1y_vs_2y,mean_difference_RMSE,-1.724615164778201e-05,-0.000017,counts: integer; manuscript headline RMSE/differences: 6 decimals; table values: source-derived fixed precision,results/primary/block_inference/block_contrasts.csv,AOI=AOI-01; sensor=modis; target_year=2024; contrast=1y_vs_2y,code/primary_analysis/build_canonical_nonoverlap_outputs.py,CANONICAL
block_modis_AOI-01_2024_1y_vs_2y_Holm_adjusted_p,block_inference,modis,AOI-01,2024,1y_vs_2y,Holm_adjusted_p,5.273129855958837e-06,5.27313e-06,counts: integer; manuscript headline RMSE/differences: 6 decimals; table values: source-derived fixed precision,results/primary/block_inference/block_contrasts.csv,AOI=AOI-01; sensor=modis; target_year=2024; contrast=1y_vs_2y,code/primary_analysis/build_canonical_nonoverlap_outputs.py,CANONICAL
block_modis_AOI-01_2024_1y_vs_2y_paired_block_n,block_inference,modis,AOI-01,2024,1y_vs_2y,paired_block_n,35,35,counts: integer; manuscript headline RMSE/differences: 6 decimals; table values: source-derived fixed precision,results/primary/block_inference/block_contrasts.csv,AOI=AOI-01; sensor=modis; target_year=2024; contrast=1y_vs_2y,code/primary_analysis/build_canonical_nonoverlap_outputs.py,CANONICAL
block_modis_AOI-01_2024_1y_vs_3y_mean_difference_RMSE,block_inference,modis,AOI-01,2024,1y_vs_3y,mean_difference_RMSE,1.118629718198893e-05,0.000011,counts: integer; manuscript headline RMSE/differences: 6 decimals; table values: source-derived fixed precision,results/primary/block_inference/block_contrasts.csv,AOI=AOI-01; sensor=modis; target_year=2024; contrast=1y_vs_3y,code/primary_analysis/build_canonical_nonoverlap_outputs.py,CANONICAL
block_modis_AOI-01_2024_1y_vs_3y_Holm_adjusted_p,block_inference,modis,AOI-01,2024,1y_vs_3y,Holm_adjusted_p,4.8618420396860455e-09,4.86184e-09,counts: integer; manuscript headline RMSE/differences: 6 decimals; table values: source-derived fixed precision,results/primary/block_inference/block_contrasts.csv,AOI=AOI-01; sensor=modis; target_year=2024; contrast=1y_vs_3y,code/primary_analysis/build_canonical_nonoverlap_outputs.py,CANONICAL
block_modis_AOI-01_2024_1y_vs_3y_paired_block_n,block_inference,modis,AOI-01,2024,1y_vs_3y,paired_block_n,35,35,counts: integer; manuscript headline RMSE/differences: 6 decimals; table values: source-derived fixed precision,results/primary/block_inference/block_contrasts.csv,AOI=AOI-01; sensor=modis; target_year=2024; contrast=1y_vs_3y,code/primary_analysis/build_canonical_nonoverlap_outputs.py,CANONICAL
block_modis_AOI-01_2024_2y_vs_3y_mean_difference_RMSE,block_inference,modis,AOI-01,2024,2y_vs_3y,mean_difference_RMSE,2.8432448829770935e-05,0.000028,counts: integer; manuscript headline RMSE/differences: 6 decimals; table values: source-derived fixed precision,results/primary/block_inference/block_contrasts.csv,AOI=AOI-01; sensor=modis; target_year=2024; contrast=2y_vs_3y,code/primary_analysis/build_canonical_nonoverlap_outputs.py,CANONICAL
block_modis_AOI-01_2024_2y_vs_3y_Holm_adjusted_p,block_inference,modis,AOI-01,2024,2y_vs_3y,Holm_adjusted_p,6.28866325587617e-07,6.28866e-07,counts: integer; manuscript headline RMSE/differences: 6 decimals; table values: source-derived fixed precision,results/primary/block_inference/block_contrasts.csv,AOI=AOI-01; sensor=modis; target_year=2024; contrast=2y_vs_3y,code/primary_analysis/build_canonical_nonoverlap_outputs.py,CANONICAL
block_modis_AOI-01_2024_2y_vs_3y_paired_block_n,block_inference,modis,AOI-01,2024,2y_vs_3y,paired_block_n,35,35,counts: integer; manuscript headline RMSE/differences: 6 decimals; table values: source-derived fixed precision,results/primary/block_inference/block_contrasts.csv,AOI=AOI-01; sensor=modis; target_year=2024; contrast=2y_vs_3y,code/primary_analysis/build_canonical_nonoverlap_outputs.py,CANONICAL
block_modis_AOI-01_2025_1y_vs_2y_mean_difference_RMSE,block_inference,modis,AOI-01,2025,1y_vs_2y,mean_difference_RMSE,2.846786233290662e-05,0.000028,counts: integer; manuscript headline RMSE/differences: 6 decimals; table values: source-derived fixed precision,results/primary/block_inference/block_contrasts.csv,AOI=AOI-01; sensor=modis; target_year=2025; contrast=1y_vs_2y,code/primary_analysis/build_canonical_nonoverlap_outputs.py,CANONICAL
block_modis_AOI-01_2025_1y_vs_2y_Holm_adjusted_p,block_inference,modis,AOI-01,2025,1y_vs_2y,Holm_adjusted_p,0.3417906466580407,0.341791,counts: integer; manuscript headline RMSE/differences: 6 decimals; table values: source-derived fixed precision,results/primary/block_inference/block_contrasts.csv,AOI=AOI-01; sensor=modis; target_year=2025; contrast=1y_vs_2y,code/primary_analysis/build_canonical_nonoverlap_outputs.py,CANONICAL
block_modis_AOI-01_2025_1y_vs_2y_paired_block_n,block_inference,modis,AOI-01,2025,1y_vs_2y,paired_block_n,35,35,counts: integer; manuscript headline RMSE/differences: 6 decimals; table values: source-derived fixed precision,results/primary/block_inference/block_contrasts.csv,AOI=AOI-01; sensor=modis; target_year=2025; contrast=1y_vs_2y,code/primary_analysis/build_canonical_nonoverlap_outputs.py,CANONICAL
block_modis_AOI-01_2025_1y_vs_3y_mean_difference_RMSE,block_inference,modis,AOI-01,2025,1y_vs_3y,mean_difference_RMSE,3.3202662329268536e-05,0.000033,counts: integer; manuscript headline RMSE/differences: 6 decimals; table values: source-derived fixed precision,results/primary/block_inference/block_contrasts.csv,AOI=AOI-01; sensor=modis; target_year=2025; contrast=1y_vs_3y,code/primary_analysis/build_canonical_nonoverlap_outputs.py,CANONICAL
block_modis_AOI-01_2025_1y_vs_3y_Holm_adjusted_p,block_inference,modis,AOI-01,2025,1y_vs_3y,Holm_adjusted_p,0.4007962344650475,0.400796,counts: integer; manuscript headline RMSE/differences: 6 decimals; table values: source-derived fixed precision,results/primary/block_inference/block_contrasts.csv,AOI=AOI-01; sensor=modis; target_year=2025; contrast=1y_vs_3y,code/primary_analysis/build_canonical_nonoverlap_outputs.py,CANONICAL
block_modis_AOI-01_2025_1y_vs_3y_paired_block_n,block_inference,modis,AOI-01,2025,1y_vs_3y,paired_block_n,35,35,counts: integer; manuscript headline RMSE/differences: 6 decimals; table values: source-derived fixed precision,results/primary/block_inference/block_contrasts.csv,AOI=AOI-01; sensor=modis; target_year=2025; contrast=1y_vs_3y,code/primary_analysis/build_canonical_nonoverlap_outputs.py,CANONICAL
block_modis_AOI-01_2025_2y_vs_3y_mean_difference_RMSE,block_inference,modis,AOI-01,2025,2y_vs_3y,mean_difference_RMSE,4.7347999963619104e-06,0.000005,counts: integer; manuscript headline RMSE/differences: 6 decimals; table values: source-derived fixed precision,results/primary/block_inference/block_contrasts.csv,AOI=AOI-01; sensor=modis; target_year=2025; contrast=2y_vs_3y,code/primary_analysis/build_canonical_nonoverlap_outputs.py,CANONICAL
block_modis_AOI-01_2025_2y_vs_3y_Holm_adjusted_p,block_inference,modis,AOI-01,2025,2y_vs_3y,Holm_adjusted_p,0.552749909850303,0.55275,counts: integer; manuscript headline RMSE/differences: 6 decimals; table values: source-derived fixed precision,results/primary/block_inference/block_contrasts.csv,AOI=AOI-01; sensor=modis; target_year=2025; contrast=2y_vs_3y,code/primary_analysis/build_canonical_nonoverlap_outputs.py,CANONICAL
block_modis_AOI-01_2025_2y_vs_3y_paired_block_n,block_inference,modis,AOI-01,2025,2y_vs_3y,paired_block_n,35,35,counts: integer; manuscript headline RMSE/differences: 6 decimals; table values: source-derived fixed precision,results/primary/block_inference/block_contrasts.csv,AOI=AOI-01; sensor=modis; target_year=2025; contrast=2y_vs_3y,code/primary_analysis/build_canonical_nonoverlap_outputs.py,CANONICAL
block_sentinel2_AOI-01_2024_1y_vs_2y_mean_difference_RMSE,block_inference,sentinel2,AOI-01,2024,1y_vs_2y,mean_difference_RMSE,-3.4022651115334916e-06,-0.000003,counts: integer; manuscript headline RMSE/differences: 6 decimals; table values: source-derived fixed precision,results/primary/block_inference/block_contrasts.csv,AOI=AOI-01; sensor=sentinel2; target_year=2024; contrast=1y_vs_2y,code/primary_analysis/build_canonical_nonoverlap_outputs.py,CANONICAL
block_sentinel2_AOI-01_2024_1y_vs_2y_Holm_adjusted_p,block_inference,sentinel2,AOI-01,2024,1y_vs_2y,Holm_adjusted_p,2.9781902597569575e-08,2.97819e-08,counts: integer; manuscript headline RMSE/differences: 6 decimals; table values: source-derived fixed precision,results/primary/block_inference/block_contrasts.csv,AOI=AOI-01; sensor=sentinel2; target_year=2024; contrast=1y_vs_2y,code/primary_analysis/build_canonical_nonoverlap_outputs.py,CANONICAL
block_sentinel2_AOI-01_2024_1y_vs_2y_paired_block_n,block_inference,sentinel2,AOI-01,2024,1y_vs_2y,paired_block_n,35,35,counts: integer; manuscript headline RMSE/differences: 6 decimals; table values: source-derived fixed precision,results/primary/block_inference/block_contrasts.csv,AOI=AOI-01; sensor=sentinel2; target_year=2024; contrast=1y_vs_2y,code/primary_analysis/build_canonical_nonoverlap_outputs.py,CANONICAL
block_sentinel2_AOI-01_2024_1y_vs_3y_mean_difference_RMSE,block_inference,sentinel2,AOI-01,2024,1y_vs_3y,mean_difference_RMSE,-1.4555787543923322e-06,-0.000001,counts: integer; manuscript headline RMSE/differences: 6 decimals; table values: source-derived fixed precision,results/primary/block_inference/block_contrasts.csv,AOI=AOI-01; sensor=sentinel2; target_year=2024; contrast=1y_vs_3y,code/primary_analysis/build_canonical_nonoverlap_outputs.py,CANONICAL
block_sentinel2_AOI-01_2024_1y_vs_3y_Holm_adjusted_p,block_inference,sentinel2,AOI-01,2024,1y_vs_3y,Holm_adjusted_p,0.4216562816452658,0.421656,counts: integer; manuscript headline RMSE/differences: 6 decimals; table values: source-derived fixed precision,results/primary/block_inference/block_contrasts.csv,AOI=AOI-01; sensor=sentinel2; target_year=2024; contrast=1y_vs_3y,code/primary_analysis/build_canonical_nonoverlap_outputs.py,CANONICAL
block_sentinel2_AOI-01_2024_1y_vs_3y_paired_block_n,block_inference,sentinel2,AOI-01,2024,1y_vs_3y,paired_block_n,35,35,counts: integer; manuscript headline RMSE/differences: 6 decimals; table values: source-derived fixed precision,results/primary/block_inference/block_contrasts.csv,AOI=AOI-01; sensor=sentinel2; target_year=2024; contrast=1y_vs_3y,code/primary_analysis/build_canonical_nonoverlap_outputs.py,CANONICAL
block_sentinel2_AOI-01_2024_2y_vs_3y_mean_difference_RMSE,block_inference,sentinel2,AOI-01,2024,2y_vs_3y,mean_difference_RMSE,1.946686357141159e-06,0.000002,counts: integer; manuscript headline RMSE/differences: 6 decimals; table values: source-derived fixed precision,results/primary/block_inference/block_contrasts.csv,AOI=AOI-01; sensor=sentinel2; target_year=2024; contrast=2y_vs_3y,code/primary_analysis/build_canonical_nonoverlap_outputs.py,CANONICAL
block_sentinel2_AOI-01_2024_2y_vs_3y_Holm_adjusted_p,block_inference,sentinel2,AOI-01,2024,2y_vs_3y,Holm_adjusted_p,0.4216562816452658,0.421656,counts: integer; manuscript headline RMSE/differences: 6 decimals; table values: source-derived fixed precision,results/primary/block_inference/block_contrasts.csv,AOI=AOI-01; sensor=sentinel2; target_year=2024; contrast=2y_vs_3y,code/primary_analysis/build_canonical_nonoverlap_outputs.py,CANONICAL
block_sentinel2_AOI-01_2024_2y_vs_3y_paired_block_n,block_inference,sentinel2,AOI-01,2024,2y_vs_3y,paired_block_n,35,35,counts: integer; manuscript headline RMSE/differences: 6 decimals; table values: source-derived fixed precision,results/primary/block_inference/block_contrasts.csv,AOI=AOI-01; sensor=sentinel2; target_year=2024; contrast=2y_vs_3y,code/primary_analysis/build_canonical_nonoverlap_outputs.py,CANONICAL
block_sentinel2_AOI-01_2025_1y_vs_2y_mean_difference_RMSE,block_inference,sentinel2,AOI-01,2025,1y_vs_2y,mean_difference_RMSE,1.724683233329768e-05,0.000017,counts: integer; manuscript headline RMSE/differences: 6 decimals; table values: source-derived fixed precision,results/primary/block_inference/block_contrasts.csv,AOI=AOI-01; sensor=sentinel2; target_year=2025; contrast=1y_vs_2y,code/primary_analysis/build_canonical_nonoverlap_outputs.py,CANONICAL
block_sentinel2_AOI-01_2025_1y_vs_2y_Holm_adjusted_p,block_inference,sentinel2,AOI-01,2025,1y_vs_2y,Holm_adjusted_p,0.0026649991777567,0.002665,counts: integer; manuscript headline RMSE/differences: 6 decimals; table values: source-derived fixed precision,results/primary/block_inference/block_contrasts.csv,AOI=AOI-01; sensor=sentinel2; target_year=2025; contrast=1y_vs_2y,code/primary_analysis/build_canonical_nonoverlap_outputs.py,CANONICAL
block_sentinel2_AOI-01_2025_1y_vs_2y_paired_block_n,block_inference,sentinel2,AOI-01,2025,1y_vs_2y,paired_block_n,35,35,counts: integer; manuscript headline RMSE/differences: 6 decimals; table values: source-derived fixed precision,results/primary/block_inference/block_contrasts.csv,AOI=AOI-01; sensor=sentinel2; target_year=2025; contrast=1y_vs_2y,code/primary_analysis/build_canonical_nonoverlap_outputs.py,CANONICAL
block_sentinel2_AOI-01_2025_1y_vs_3y_mean_difference_RMSE,block_inference,sentinel2,AOI-01,2025,1y_vs_3y,mean_difference_RMSE,2.7131032219935153e-05,0.000027,counts: integer; manuscript headline RMSE/differences: 6 decimals; table values: source-derived fixed precision,results/primary/block_inference/block_contrasts.csv,AOI=AOI-01; sensor=sentinel2; target_year=2025; contrast=1y_vs_3y,code/primary_analysis/build_canonical_nonoverlap_outputs.py,CANONICAL
block_sentinel2_AOI-01_2025_1y_vs_3y_Holm_adjusted_p,block_inference,sentinel2,AOI-01,2025,1y_vs_3y,Holm_adjusted_p,0.0026902228179047,0.00269022,counts: integer; manuscript headline RMSE/differences: 6 decimals; table values: source-derived fixed precision,results/primary/block_inference/block_contrasts.csv,AOI=AOI-01; sensor=sentinel2; target_year=2025; contrast=1y_vs_3y,code/primary_analysis/build_canonical_nonoverlap_outputs.py,CANONICAL
block_sentinel2_AOI-01_2025_1y_vs_3y_paired_block_n,block_inference,sentinel2,AOI-01,2025,1y_vs_3y,paired_block_n,35,35,counts: integer; manuscript headline RMSE/differences: 6 decimals; table values: source-derived fixed precision,results/primary/block_inference/block_contrasts.csv,AOI=AOI-01; sensor=sentinel2; target_year=2025; contrast=1y_vs_3y,code/primary_analysis/build_canonical_nonoverlap_outputs.py,CANONICAL
block_sentinel2_AOI-01_2025_2y_vs_3y_mean_difference_RMSE,block_inference,sentinel2,AOI-01,2025,2y_vs_3y,mean_difference_RMSE,9.884199886637472e-06,0.000010,counts: integer; manuscript headline RMSE/differences: 6 decimals; table values: source-derived fixed precision,results/primary/block_inference/block_contrasts.csv,AOI=AOI-01; sensor=sentinel2; target_year=2025; contrast=2y_vs_3y,code/primary_analysis/build_canonical_nonoverlap_outputs.py,CANONICAL
block_sentinel2_AOI-01_2025_2y_vs_3y_Holm_adjusted_p,block_inference,sentinel2,AOI-01,2025,2y_vs_3y,Holm_adjusted_p,0.0027966775690642,0.00279668,counts: integer; manuscript headline RMSE/differences: 6 decimals; table values: source-derived fixed precision,results/primary/block_inference/block_contrasts.csv,AOI=AOI-01; sensor=sentinel2; target_year=2025; contrast=2y_vs_3y,code/primary_analysis/build_canonical_nonoverlap_outputs.py,CANONICAL
block_sentinel2_AOI-01_2025_2y_vs_3y_paired_block_n,block_inference,sentinel2,AOI-01,2025,2y_vs_3y,paired_block_n,35,35,counts: integer; manuscript headline RMSE/differences: 6 decimals; table values: source-derived fixed precision,results/primary/block_inference/block_contrasts.csv,AOI=AOI-01; sensor=sentinel2; target_year=2025; contrast=2y_vs_3y,code/primary_analysis/build_canonical_nonoverlap_outputs.py,CANONICAL
block_landsat_AOI-02_2024_1y_vs_2y_mean_difference_RMSE,block_inference,landsat,AOI-02,2024,1y_vs_2y,mean_difference_RMSE,-0.0021549249934953,-0.002155,counts: integer; manuscript headline RMSE/differences: 6 decimals; table values: source-derived fixed precision,results/primary/block_inference/block_contrasts.csv,AOI=AOI-02; sensor=landsat; target_year=2024; contrast=1y_vs_2y,code/primary_analysis/build_canonical_nonoverlap_outputs.py,CANONICAL
block_landsat_AOI-02_2024_1y_vs_2y_Holm_adjusted_p,block_inference,landsat,AOI-02,2024,1y_vs_2y,Holm_adjusted_p,0.0975646715547675,0.0975647,counts: integer; manuscript headline RMSE/differences: 6 decimals; table values: source-derived fixed precision,results/primary/block_inference/block_contrasts.csv,AOI=AOI-02; sensor=landsat; target_year=2024; contrast=1y_vs_2y,code/primary_analysis/build_canonical_nonoverlap_outputs.py,CANONICAL
block_landsat_AOI-02_2024_1y_vs_2y_paired_block_n,block_inference,landsat,AOI-02,2024,1y_vs_2y,paired_block_n,30,30,counts: integer; manuscript headline RMSE/differences: 6 decimals; table values: source-derived fixed precision,results/primary/block_inference/block_contrasts.csv,AOI=AOI-02; sensor=landsat; target_year=2024; contrast=1y_vs_2y,code/primary_analysis/build_canonical_nonoverlap_outputs.py,CANONICAL
block_landsat_AOI-02_2024_1y_vs_3y_mean_difference_RMSE,block_inference,landsat,AOI-02,2024,1y_vs_3y,mean_difference_RMSE,-0.0005681585637204,-0.000568,counts: integer; manuscript headline RMSE/differences: 6 decimals; table values: source-derived fixed precision,results/primary/block_inference/block_contrasts.csv,AOI=AOI-02; sensor=landsat; target_year=2024; contrast=1y_vs_3y,code/primary_analysis/build_canonical_nonoverlap_outputs.py,CANONICAL
block_landsat_AOI-02_2024_1y_vs_3y_Holm_adjusted_p,block_inference,landsat,AOI-02,2024,1y_vs_3y,Holm_adjusted_p,0.193394467720755,0.193394,counts: integer; manuscript headline RMSE/differences: 6 decimals; table values: source-derived fixed precision,results/primary/block_inference/block_contrasts.csv,AOI=AOI-02; sensor=landsat; target_year=2024; contrast=1y_vs_3y,code/primary_analysis/build_canonical_nonoverlap_outputs.py,CANONICAL
block_landsat_AOI-02_2024_1y_vs_3y_paired_block_n,block_inference,landsat,AOI-02,2024,1y_vs_3y,paired_block_n,30,30,counts: integer; manuscript headline RMSE/differences: 6 decimals; table values: source-derived fixed precision,results/primary/block_inference/block_contrasts.csv,AOI=AOI-02; sensor=landsat; target_year=2024; contrast=1y_vs_3y,code/primary_analysis/build_canonical_nonoverlap_outputs.py,CANONICAL
block_landsat_AOI-02_2024_2y_vs_3y_mean_difference_RMSE,block_inference,landsat,AOI-02,2024,2y_vs_3y,mean_difference_RMSE,0.0015867664297749,0.001587,counts: integer; manuscript headline RMSE/differences: 6 decimals; table values: source-derived fixed precision,results/primary/block_inference/block_contrasts.csv,AOI=AOI-02; sensor=landsat; target_year=2024; contrast=2y_vs_3y,code/primary_analysis/build_canonical_nonoverlap_outputs.py,CANONICAL
block_landsat_AOI-02_2024_2y_vs_3y_Holm_adjusted_p,block_inference,landsat,AOI-02,2024,2y_vs_3y,Holm_adjusted_p,0.0558560147235944,0.055856,counts: integer; manuscript headline RMSE/differences: 6 decimals; table values: source-derived fixed precision,results/primary/block_inference/block_contrasts.csv,AOI=AOI-02; sensor=landsat; target_year=2024; contrast=2y_vs_3y,code/primary_analysis/build_canonical_nonoverlap_outputs.py,CANONICAL
block_landsat_AOI-02_2024_2y_vs_3y_paired_block_n,block_inference,landsat,AOI-02,2024,2y_vs_3y,paired_block_n,30,30,counts: integer; manuscript headline RMSE/differences: 6 decimals; table values: source-derived fixed precision,results/primary/block_inference/block_contrasts.csv,AOI=AOI-02; sensor=landsat; target_year=2024; contrast=2y_vs_3y,code/primary_analysis/build_canonical_nonoverlap_outputs.py,CANONICAL
block_landsat_AOI-02_2025_1y_vs_2y_mean_difference_RMSE,block_inference,landsat,AOI-02,2025,1y_vs_2y,mean_difference_RMSE,-0.0027839275084825,-0.002784,counts: integer; manuscript headline RMSE/differences: 6 decimals; table values: source-derived fixed precision,results/primary/block_inference/block_contrasts.csv,AOI=AOI-02; sensor=landsat; target_year=2025; contrast=1y_vs_2y,code/primary_analysis/build_canonical_nonoverlap_outputs.py,CANONICAL
block_landsat_AOI-02_2025_1y_vs_2y_Holm_adjusted_p,block_inference,landsat,AOI-02,2025,1y_vs_2y,Holm_adjusted_p,0.0013605024190024,0.0013605,counts: integer; manuscript headline RMSE/differences: 6 decimals; table values: source-derived fixed precision,results/primary/block_inference/block_contrasts.csv,AOI=AOI-02; sensor=landsat; target_year=2025; contrast=1y_vs_2y,code/primary_analysis/build_canonical_nonoverlap_outputs.py,CANONICAL
block_landsat_AOI-02_2025_1y_vs_2y_paired_block_n,block_inference,landsat,AOI-02,2025,1y_vs_2y,paired_block_n,28,28,counts: integer; manuscript headline RMSE/differences: 6 decimals; table values: source-derived fixed precision,results/primary/block_inference/block_contrasts.csv,AOI=AOI-02; sensor=landsat; target_year=2025; contrast=1y_vs_2y,code/primary_analysis/build_canonical_nonoverlap_outputs.py,CANONICAL
block_landsat_AOI-02_2025_1y_vs_3y_mean_difference_RMSE,block_inference,landsat,AOI-02,2025,1y_vs_3y,mean_difference_RMSE,0.0017611019338749,0.001761,counts: integer; manuscript headline RMSE/differences: 6 decimals; table values: source-derived fixed precision,results/primary/block_inference/block_contrasts.csv,AOI=AOI-02; sensor=landsat; target_year=2025; contrast=1y_vs_3y,code/primary_analysis/build_canonical_nonoverlap_outputs.py,CANONICAL
block_landsat_AOI-02_2025_1y_vs_3y_Holm_adjusted_p,block_inference,landsat,AOI-02,2025,1y_vs_3y,Holm_adjusted_p,0.0274925556116039,0.0274926,counts: integer; manuscript headline RMSE/differences: 6 decimals; table values: source-derived fixed precision,results/primary/block_inference/block_contrasts.csv,AOI=AOI-02; sensor=landsat; target_year=2025; contrast=1y_vs_3y,code/primary_analysis/build_canonical_nonoverlap_outputs.py,CANONICAL
block_landsat_AOI-02_2025_1y_vs_3y_paired_block_n,block_inference,landsat,AOI-02,2025,1y_vs_3y,paired_block_n,28,28,counts: integer; manuscript headline RMSE/differences: 6 decimals; table values: source-derived fixed precision,results/primary/block_inference/block_contrasts.csv,AOI=AOI-02; sensor=landsat; target_year=2025; contrast=1y_vs_3y,code/primary_analysis/build_canonical_nonoverlap_outputs.py,CANONICAL
block_landsat_AOI-02_2025_2y_vs_3y_mean_difference_RMSE,block_inference,landsat,AOI-02,2025,2y_vs_3y,mean_difference_RMSE,0.0045450294423574,0.004545,counts: integer; manuscript headline RMSE/differences: 6 decimals; table values: source-derived fixed precision,results/primary/block_inference/block_contrasts.csv,AOI=AOI-02; sensor=landsat; target_year=2025; contrast=2y_vs_3y,code/primary_analysis/build_canonical_nonoverlap_outputs.py,CANONICAL
block_landsat_AOI-02_2025_2y_vs_3y_Holm_adjusted_p,block_inference,landsat,AOI-02,2025,2y_vs_3y,Holm_adjusted_p,9.61161144130481e-07,9.61161e-07,counts: integer; manuscript headline RMSE/differences: 6 decimals; table values: source-derived fixed precision,results/primary/block_inference/block_contrasts.csv,AOI=AOI-02; sensor=landsat; target_year=2025; contrast=2y_vs_3y,code/primary_analysis/build_canonical_nonoverlap_outputs.py,CANONICAL
block_landsat_AOI-02_2025_2y_vs_3y_paired_block_n,block_inference,landsat,AOI-02,2025,2y_vs_3y,paired_block_n,28,28,counts: integer; manuscript headline RMSE/differences: 6 decimals; table values: source-derived fixed precision,results/primary/block_inference/block_contrasts.csv,AOI=AOI-02; sensor=landsat; target_year=2025; contrast=2y_vs_3y,code/primary_analysis/build_canonical_nonoverlap_outputs.py,CANONICAL
block_modis_AOI-02_2024_1y_vs_2y_mean_difference_RMSE,block_inference,modis,AOI-02,2024,1y_vs_2y,mean_difference_RMSE,0.0099778043346874,0.009978,counts: integer; manuscript headline RMSE/differences: 6 decimals; table values: source-derived fixed precision,results/primary/block_inference/block_contrasts.csv,AOI=AOI-02; sensor=modis; target_year=2024; contrast=1y_vs_2y,code/primary_analysis/build_canonical_nonoverlap_outputs.py,CANONICAL
block_modis_AOI-02_2024_1y_vs_2y_Holm_adjusted_p,block_inference,modis,AOI-02,2024,1y_vs_2y,Holm_adjusted_p,2.6979693042076497e-11,2.69797e-11,counts: integer; manuscript headline RMSE/differences: 6 decimals; table values: source-derived fixed precision,results/primary/block_inference/block_contrasts.csv,AOI=AOI-02; sensor=modis; target_year=2024; contrast=1y_vs_2y,code/primary_analysis/build_canonical_nonoverlap_outputs.py,CANONICAL
block_modis_AOI-02_2024_1y_vs_2y_paired_block_n,block_inference,modis,AOI-02,2024,1y_vs_2y,paired_block_n,38,38,counts: integer; manuscript headline RMSE/differences: 6 decimals; table values: source-derived fixed precision,results/primary/block_inference/block_contrasts.csv,AOI=AOI-02; sensor=modis; target_year=2024; contrast=1y_vs_2y,code/primary_analysis/build_canonical_nonoverlap_outputs.py,CANONICAL
block_modis_AOI-02_2024_1y_vs_3y_mean_difference_RMSE,block_inference,modis,AOI-02,2024,1y_vs_3y,mean_difference_RMSE,0.0105291247862215,0.010529,counts: integer; manuscript headline RMSE/differences: 6 decimals; table values: source-derived fixed precision,results/primary/block_inference/block_contrasts.csv,AOI=AOI-02; sensor=modis; target_year=2024; contrast=1y_vs_3y,code/primary_analysis/build_canonical_nonoverlap_outputs.py,CANONICAL
block_modis_AOI-02_2024_1y_vs_3y_Holm_adjusted_p,block_inference,modis,AOI-02,2024,1y_vs_3y,Holm_adjusted_p,1.0370410337146524e-10,1.03704e-10,counts: integer; manuscript headline RMSE/differences: 6 decimals; table values: source-derived fixed precision,results/primary/block_inference/block_contrasts.csv,AOI=AOI-02; sensor=modis; target_year=2024; contrast=1y_vs_3y,code/primary_analysis/build_canonical_nonoverlap_outputs.py,CANONICAL
block_modis_AOI-02_2024_1y_vs_3y_paired_block_n,block_inference,modis,AOI-02,2024,1y_vs_3y,paired_block_n,38,38,counts: integer; manuscript headline RMSE/differences: 6 decimals; table values: source-derived fixed precision,results/primary/block_inference/block_contrasts.csv,AOI=AOI-02; sensor=modis; target_year=2024; contrast=1y_vs_3y,code/primary_analysis/build_canonical_nonoverlap_outputs.py,CANONICAL
block_modis_AOI-02_2024_2y_vs_3y_mean_difference_RMSE,block_inference,modis,AOI-02,2024,2y_vs_3y,mean_difference_RMSE,0.0005513204515341,0.000551,counts: integer; manuscript headline RMSE/differences: 6 decimals; table values: source-derived fixed precision,results/primary/block_inference/block_contrasts.csv,AOI=AOI-02; sensor=modis; target_year=2024; contrast=2y_vs_3y,code/primary_analysis/build_canonical_nonoverlap_outputs.py,CANONICAL
block_modis_AOI-02_2024_2y_vs_3y_Holm_adjusted_p,block_inference,modis,AOI-02,2024,2y_vs_3y,Holm_adjusted_p,0.0004315294767207,0.000431529,counts: integer; manuscript headline RMSE/differences: 6 decimals; table values: source-derived fixed precision,results/primary/block_inference/block_contrasts.csv,AOI=AOI-02; sensor=modis; target_year=2024; contrast=2y_vs_3y,code/primary_analysis/build_canonical_nonoverlap_outputs.py,CANONICAL
block_modis_AOI-02_2024_2y_vs_3y_paired_block_n,block_inference,modis,AOI-02,2024,2y_vs_3y,paired_block_n,38,38,counts: integer; manuscript headline RMSE/differences: 6 decimals; table values: source-derived fixed precision,results/primary/block_inference/block_contrasts.csv,AOI=AOI-02; sensor=modis; target_year=2024; contrast=2y_vs_3y,code/primary_analysis/build_canonical_nonoverlap_outputs.py,CANONICAL
block_modis_AOI-02_2025_1y_vs_2y_mean_difference_RMSE,block_inference,modis,AOI-02,2025,1y_vs_2y,mean_difference_RMSE,0.0032042749695061,0.003204,counts: integer; manuscript headline RMSE/differences: 6 decimals; table values: source-derived fixed precision,results/primary/block_inference/block_contrasts.csv,AOI=AOI-02; sensor=modis; target_year=2025; contrast=1y_vs_2y,code/primary_analysis/build_canonical_nonoverlap_outputs.py,CANONICAL
block_modis_AOI-02_2025_1y_vs_2y_Holm_adjusted_p,block_inference,modis,AOI-02,2025,1y_vs_2y,Holm_adjusted_p,0.000565611685469,0.000565612,counts: integer; manuscript headline RMSE/differences: 6 decimals; table values: source-derived fixed precision,results/primary/block_inference/block_contrasts.csv,AOI=AOI-02; sensor=modis; target_year=2025; contrast=1y_vs_2y,code/primary_analysis/build_canonical_nonoverlap_outputs.py,CANONICAL
block_modis_AOI-02_2025_1y_vs_2y_paired_block_n,block_inference,modis,AOI-02,2025,1y_vs_2y,paired_block_n,24,24,counts: integer; manuscript headline RMSE/differences: 6 decimals; table values: source-derived fixed precision,results/primary/block_inference/block_contrasts.csv,AOI=AOI-02; sensor=modis; target_year=2025; contrast=1y_vs_2y,code/primary_analysis/build_canonical_nonoverlap_outputs.py,CANONICAL
block_modis_AOI-02_2025_1y_vs_3y_mean_difference_RMSE,block_inference,modis,AOI-02,2025,1y_vs_3y,mean_difference_RMSE,0.0042914953509693,0.004291,counts: integer; manuscript headline RMSE/differences: 6 decimals; table values: source-derived fixed precision,results/primary/block_inference/block_contrasts.csv,AOI=AOI-02; sensor=modis; target_year=2025; contrast=1y_vs_3y,code/primary_analysis/build_canonical_nonoverlap_outputs.py,CANONICAL
block_modis_AOI-02_2025_1y_vs_3y_Holm_adjusted_p,block_inference,modis,AOI-02,2025,1y_vs_3y,Holm_adjusted_p,0.0009991968405959,0.000999197,counts: integer; manuscript headline RMSE/differences: 6 decimals; table values: source-derived fixed precision,results/primary/block_inference/block_contrasts.csv,AOI=AOI-02; sensor=modis; target_year=2025; contrast=1y_vs_3y,code/primary_analysis/build_canonical_nonoverlap_outputs.py,CANONICAL
block_modis_AOI-02_2025_1y_vs_3y_paired_block_n,block_inference,modis,AOI-02,2025,1y_vs_3y,paired_block_n,24,24,counts: integer; manuscript headline RMSE/differences: 6 decimals; table values: source-derived fixed precision,results/primary/block_inference/block_contrasts.csv,AOI=AOI-02; sensor=modis; target_year=2025; contrast=1y_vs_3y,code/primary_analysis/build_canonical_nonoverlap_outputs.py,CANONICAL
block_modis_AOI-02_2025_2y_vs_3y_mean_difference_RMSE,block_inference,modis,AOI-02,2025,2y_vs_3y,mean_difference_RMSE,0.0010872203814631,0.001087,counts: integer; manuscript headline RMSE/differences: 6 decimals; table values: source-derived fixed precision,results/primary/block_inference/block_contrasts.csv,AOI=AOI-02; sensor=modis; target_year=2025; contrast=2y_vs_3y,code/primary_analysis/build_canonical_nonoverlap_outputs.py,CANONICAL
block_modis_AOI-02_2025_2y_vs_3y_Holm_adjusted_p,block_inference,modis,AOI-02,2025,2y_vs_3y,Holm_adjusted_p,0.005924868496797,0.00592487,counts: integer; manuscript headline RMSE/differences: 6 decimals; table values: source-derived fixed precision,results/primary/block_inference/block_contrasts.csv,AOI=AOI-02; sensor=modis; target_year=2025; contrast=2y_vs_3y,code/primary_analysis/build_canonical_nonoverlap_outputs.py,CANONICAL
block_modis_AOI-02_2025_2y_vs_3y_paired_block_n,block_inference,modis,AOI-02,2025,2y_vs_3y,paired_block_n,24,24,counts: integer; manuscript headline RMSE/differences: 6 decimals; table values: source-derived fixed precision,results/primary/block_inference/block_contrasts.csv,AOI=AOI-02; sensor=modis; target_year=2025; contrast=2y_vs_3y,code/primary_analysis/build_canonical_nonoverlap_outputs.py,CANONICAL
block_sentinel2_AOI-02_2024_1y_vs_2y_mean_difference_RMSE,block_inference,sentinel2,AOI-02,2024,1y_vs_2y,mean_difference_RMSE,-0.00077921194539,-0.000779,counts: integer; manuscript headline RMSE/differences: 6 decimals; table values: source-derived fixed precision,results/primary/block_inference/block_contrasts.csv,AOI=AOI-02; sensor=sentinel2; target_year=2024; contrast=1y_vs_2y,code/primary_analysis/build_canonical_nonoverlap_outputs.py,CANONICAL
block_sentinel2_AOI-02_2024_1y_vs_2y_Holm_adjusted_p,block_inference,sentinel2,AOI-02,2024,1y_vs_2y,Holm_adjusted_p,3.087891175183488e-07,3.08789e-07,counts: integer; manuscript headline RMSE/differences: 6 decimals; table values: source-derived fixed precision,results/primary/block_inference/block_contrasts.csv,AOI=AOI-02; sensor=sentinel2; target_year=2024; contrast=1y_vs_2y,code/primary_analysis/build_canonical_nonoverlap_outputs.py,CANONICAL
block_sentinel2_AOI-02_2024_1y_vs_2y_paired_block_n,block_inference,sentinel2,AOI-02,2024,1y_vs_2y,paired_block_n,38,38,counts: integer; manuscript headline RMSE/differences: 6 decimals; table values: source-derived fixed precision,results/primary/block_inference/block_contrasts.csv,AOI=AOI-02; sensor=sentinel2; target_year=2024; contrast=1y_vs_2y,code/primary_analysis/build_canonical_nonoverlap_outputs.py,CANONICAL
block_sentinel2_AOI-02_2024_1y_vs_3y_mean_difference_RMSE,block_inference,sentinel2,AOI-02,2024,1y_vs_3y,mean_difference_RMSE,0.0035477962594719,0.003548,counts: integer; manuscript headline RMSE/differences: 6 decimals; table values: source-derived fixed precision,results/primary/block_inference/block_contrasts.csv,AOI=AOI-02; sensor=sentinel2; target_year=2024; contrast=1y_vs_3y,code/primary_analysis/build_canonical_nonoverlap_outputs.py,CANONICAL
block_sentinel2_AOI-02_2024_1y_vs_3y_Holm_adjusted_p,block_inference,sentinel2,AOI-02,2024,1y_vs_3y,Holm_adjusted_p,9.32646396127748e-05,9.32646e-05,counts: integer; manuscript headline RMSE/differences: 6 decimals; table values: source-derived fixed precision,results/primary/block_inference/block_contrasts.csv,AOI=AOI-02; sensor=sentinel2; target_year=2024; contrast=1y_vs_3y,code/primary_analysis/build_canonical_nonoverlap_outputs.py,CANONICAL
block_sentinel2_AOI-02_2024_1y_vs_3y_paired_block_n,block_inference,sentinel2,AOI-02,2024,1y_vs_3y,paired_block_n,38,38,counts: integer; manuscript headline RMSE/differences: 6 decimals; table values: source-derived fixed precision,results/primary/block_inference/block_contrasts.csv,AOI=AOI-02; sensor=sentinel2; target_year=2024; contrast=1y_vs_3y,code/primary_analysis/build_canonical_nonoverlap_outputs.py,CANONICAL
block_sentinel2_AOI-02_2024_2y_vs_3y_mean_difference_RMSE,block_inference,sentinel2,AOI-02,2024,2y_vs_3y,mean_difference_RMSE,0.0043270082048619,0.004327,counts: integer; manuscript headline RMSE/differences: 6 decimals; table values: source-derived fixed precision,results/primary/block_inference/block_contrasts.csv,AOI=AOI-02; sensor=sentinel2; target_year=2024; contrast=2y_vs_3y,code/primary_analysis/build_canonical_nonoverlap_outputs.py,CANONICAL
block_sentinel2_AOI-02_2024_2y_vs_3y_Holm_adjusted_p,block_inference,sentinel2,AOI-02,2024,2y_vs_3y,Holm_adjusted_p,7.51136337451258e-05,7.51136e-05,counts: integer; manuscript headline RMSE/differences: 6 decimals; table values: source-derived fixed precision,results/primary/block_inference/block_contrasts.csv,AOI=AOI-02; sensor=sentinel2; target_year=2024; contrast=2y_vs_3y,code/primary_analysis/build_canonical_nonoverlap_outputs.py,CANONICAL
block_sentinel2_AOI-02_2024_2y_vs_3y_paired_block_n,block_inference,sentinel2,AOI-02,2024,2y_vs_3y,paired_block_n,38,38,counts: integer; manuscript headline RMSE/differences: 6 decimals; table values: source-derived fixed precision,results/primary/block_inference/block_contrasts.csv,AOI=AOI-02; sensor=sentinel2; target_year=2024; contrast=2y_vs_3y,code/primary_analysis/build_canonical_nonoverlap_outputs.py,CANONICAL
block_sentinel2_AOI-02_2025_1y_vs_2y_mean_difference_RMSE,block_inference,sentinel2,AOI-02,2025,1y_vs_2y,mean_difference_RMSE,0.0016190078408096,0.001619,counts: integer; manuscript headline RMSE/differences: 6 decimals; table values: source-derived fixed precision,results/primary/block_inference/block_contrasts.csv,AOI=AOI-02; sensor=sentinel2; target_year=2025; contrast=1y_vs_2y,code/primary_analysis/build_canonical_nonoverlap_outputs.py,CANONICAL
block_sentinel2_AOI-02_2025_1y_vs_2y_Holm_adjusted_p,block_inference,sentinel2,AOI-02,2025,1y_vs_2y,Holm_adjusted_p,0.0092874842612724,0.00928748,counts: integer; manuscript headline RMSE/differences: 6 decimals; table values: source-derived fixed precision,results/primary/block_inference/block_contrasts.csv,AOI=AOI-02; sensor=sentinel2; target_year=2025; contrast=1y_vs_2y,code/primary_analysis/build_canonical_nonoverlap_outputs.py,CANONICAL
block_sentinel2_AOI-02_2025_1y_vs_2y_paired_block_n,block_inference,sentinel2,AOI-02,2025,1y_vs_2y,paired_block_n,38,38,counts: integer; manuscript headline RMSE/differences: 6 decimals; table values: source-derived fixed precision,results/primary/block_inference/block_contrasts.csv,AOI=AOI-02; sensor=sentinel2; target_year=2025; contrast=1y_vs_2y,code/primary_analysis/build_canonical_nonoverlap_outputs.py,CANONICAL
block_sentinel2_AOI-02_2025_1y_vs_3y_mean_difference_RMSE,block_inference,sentinel2,AOI-02,2025,1y_vs_3y,mean_difference_RMSE,0.0024201416878417,0.002420,counts: integer; manuscript headline RMSE/differences: 6 decimals; table values: source-derived fixed precision,results/primary/block_inference/block_contrasts.csv,AOI=AOI-02; sensor=sentinel2; target_year=2025; contrast=1y_vs_3y,code/primary_analysis/build_canonical_nonoverlap_outputs.py,CANONICAL
block_sentinel2_AOI-02_2025_1y_vs_3y_Holm_adjusted_p,block_inference,sentinel2,AOI-02,2025,1y_vs_3y,Holm_adjusted_p,0.1087304093370731,0.10873,counts: integer; manuscript headline RMSE/differences: 6 decimals; table values: source-derived fixed precision,results/primary/block_inference/block_contrasts.csv,AOI=AOI-02; sensor=sentinel2; target_year=2025; contrast=1y_vs_3y,code/primary_analysis/build_canonical_nonoverlap_outputs.py,CANONICAL
block_sentinel2_AOI-02_2025_1y_vs_3y_paired_block_n,block_inference,sentinel2,AOI-02,2025,1y_vs_3y,paired_block_n,38,38,counts: integer; manuscript headline RMSE/differences: 6 decimals; table values: source-derived fixed precision,results/primary/block_inference/block_contrasts.csv,AOI=AOI-02; sensor=sentinel2; target_year=2025; contrast=1y_vs_3y,code/primary_analysis/build_canonical_nonoverlap_outputs.py,CANONICAL
block_sentinel2_AOI-02_2025_2y_vs_3y_mean_difference_RMSE,block_inference,sentinel2,AOI-02,2025,2y_vs_3y,mean_difference_RMSE,0.000801133847032,0.000801,counts: integer; manuscript headline RMSE/differences: 6 decimals; table values: source-derived fixed precision,results/primary/block_inference/block_contrasts.csv,AOI=AOI-02; sensor=sentinel2; target_year=2025; contrast=2y_vs_3y,code/primary_analysis/build_canonical_nonoverlap_outputs.py,CANONICAL
block_sentinel2_AOI-02_2025_2y_vs_3y_Holm_adjusted_p,block_inference,sentinel2,AOI-02,2025,2y_vs_3y,Holm_adjusted_p,0.2648832594570245,0.264883,counts: integer; manuscript headline RMSE/differences: 6 decimals; table values: source-derived fixed precision,results/primary/block_inference/block_contrasts.csv,AOI=AOI-02; sensor=sentinel2; target_year=2025; contrast=2y_vs_3y,code/primary_analysis/build_canonical_nonoverlap_outputs.py,CANONICAL
block_sentinel2_AOI-02_2025_2y_vs_3y_paired_block_n,block_inference,sentinel2,AOI-02,2025,2y_vs_3y,paired_block_n,38,38,counts: integer; manuscript headline RMSE/differences: 6 decimals; table values: source-derived fixed precision,results/primary/block_inference/block_contrasts.csv,AOI=AOI-02; sensor=sentinel2; target_year=2025; contrast=2y_vs_3y,code/primary_analysis/build_canonical_nonoverlap_outputs.py,CANONICAL
block_landsat_AOI-03_2024_1y_vs_2y_mean_difference_RMSE,block_inference,landsat,AOI-03,2024,1y_vs_2y,mean_difference_RMSE,0.0042759475030834,0.004276,counts: integer; manuscript headline RMSE/differences: 6 decimals; table values: source-derived fixed precision,results/primary/block_inference/block_contrasts.csv,AOI=AOI-03; sensor=landsat; target_year=2024; contrast=1y_vs_2y,code/primary_analysis/build_canonical_nonoverlap_outputs.py,CANONICAL
block_landsat_AOI-03_2024_1y_vs_2y_Holm_adjusted_p,block_inference,landsat,AOI-03,2024,1y_vs_2y,Holm_adjusted_p,7.483324853045983e-09,7.48332e-09,counts: integer; manuscript headline RMSE/differences: 6 decimals; table values: source-derived fixed precision,results/primary/block_inference/block_contrasts.csv,AOI=AOI-03; sensor=landsat; target_year=2024; contrast=1y_vs_2y,code/primary_analysis/build_canonical_nonoverlap_outputs.py,CANONICAL
block_landsat_AOI-03_2024_1y_vs_2y_paired_block_n,block_inference,landsat,AOI-03,2024,1y_vs_2y,paired_block_n,35,35,counts: integer; manuscript headline RMSE/differences: 6 decimals; table values: source-derived fixed precision,results/primary/block_inference/block_contrasts.csv,AOI=AOI-03; sensor=landsat; target_year=2024; contrast=1y_vs_2y,code/primary_analysis/build_canonical_nonoverlap_outputs.py,CANONICAL
block_landsat_AOI-03_2024_1y_vs_3y_mean_difference_RMSE,block_inference,landsat,AOI-03,2024,1y_vs_3y,mean_difference_RMSE,0.0048498168591073,0.004850,counts: integer; manuscript headline RMSE/differences: 6 decimals; table values: source-derived fixed precision,results/primary/block_inference/block_contrasts.csv,AOI=AOI-03; sensor=landsat; target_year=2024; contrast=1y_vs_3y,code/primary_analysis/build_canonical_nonoverlap_outputs.py,CANONICAL
block_landsat_AOI-03_2024_1y_vs_3y_Holm_adjusted_p,block_inference,landsat,AOI-03,2024,1y_vs_3y,Holm_adjusted_p,2.8338041169842105e-08,2.8338e-08,counts: integer; manuscript headline RMSE/differences: 6 decimals; table values: source-derived fixed precision,results/primary/block_inference/block_contrasts.csv,AOI=AOI-03; sensor=landsat; target_year=2024; contrast=1y_vs_3y,code/primary_analysis/build_canonical_nonoverlap_outputs.py,CANONICAL
block_landsat_AOI-03_2024_1y_vs_3y_paired_block_n,block_inference,landsat,AOI-03,2024,1y_vs_3y,paired_block_n,35,35,counts: integer; manuscript headline RMSE/differences: 6 decimals; table values: source-derived fixed precision,results/primary/block_inference/block_contrasts.csv,AOI=AOI-03; sensor=landsat; target_year=2024; contrast=1y_vs_3y,code/primary_analysis/build_canonical_nonoverlap_outputs.py,CANONICAL
block_landsat_AOI-03_2024_2y_vs_3y_mean_difference_RMSE,block_inference,landsat,AOI-03,2024,2y_vs_3y,mean_difference_RMSE,0.0005738693560239,0.000574,counts: integer; manuscript headline RMSE/differences: 6 decimals; table values: source-derived fixed precision,results/primary/block_inference/block_contrasts.csv,AOI=AOI-03; sensor=landsat; target_year=2024; contrast=2y_vs_3y,code/primary_analysis/build_canonical_nonoverlap_outputs.py,CANONICAL
block_landsat_AOI-03_2024_2y_vs_3y_Holm_adjusted_p,block_inference,landsat,AOI-03,2024,2y_vs_3y,Holm_adjusted_p,4.989544462665088e-05,4.98954e-05,counts: integer; manuscript headline RMSE/differences: 6 decimals; table values: source-derived fixed precision,results/primary/block_inference/block_contrasts.csv,AOI=AOI-03; sensor=landsat; target_year=2024; contrast=2y_vs_3y,code/primary_analysis/build_canonical_nonoverlap_outputs.py,CANONICAL
block_landsat_AOI-03_2024_2y_vs_3y_paired_block_n,block_inference,landsat,AOI-03,2024,2y_vs_3y,paired_block_n,35,35,counts: integer; manuscript headline RMSE/differences: 6 decimals; table values: source-derived fixed precision,results/primary/block_inference/block_contrasts.csv,AOI=AOI-03; sensor=landsat; target_year=2024; contrast=2y_vs_3y,code/primary_analysis/build_canonical_nonoverlap_outputs.py,CANONICAL
block_landsat_AOI-03_2025_1y_vs_2y_mean_difference_RMSE,block_inference,landsat,AOI-03,2025,1y_vs_2y,mean_difference_RMSE,-0.0025914044063974,-0.002591,counts: integer; manuscript headline RMSE/differences: 6 decimals; table values: source-derived fixed precision,results/primary/block_inference/block_contrasts.csv,AOI=AOI-03; sensor=landsat; target_year=2025; contrast=1y_vs_2y,code/primary_analysis/build_canonical_nonoverlap_outputs.py,CANONICAL
block_landsat_AOI-03_2025_1y_vs_2y_Holm_adjusted_p,block_inference,landsat,AOI-03,2025,1y_vs_2y,Holm_adjusted_p,2.7981625638857855e-05,2.79816e-05,counts: integer; manuscript headline RMSE/differences: 6 decimals; table values: source-derived fixed precision,results/primary/block_inference/block_contrasts.csv,AOI=AOI-03; sensor=landsat; target_year=2025; contrast=1y_vs_2y,code/primary_analysis/build_canonical_nonoverlap_outputs.py,CANONICAL
block_landsat_AOI-03_2025_1y_vs_2y_paired_block_n,block_inference,landsat,AOI-03,2025,1y_vs_2y,paired_block_n,35,35,counts: integer; manuscript headline RMSE/differences: 6 decimals; table values: source-derived fixed precision,results/primary/block_inference/block_contrasts.csv,AOI=AOI-03; sensor=landsat; target_year=2025; contrast=1y_vs_2y,code/primary_analysis/build_canonical_nonoverlap_outputs.py,CANONICAL
block_landsat_AOI-03_2025_1y_vs_3y_mean_difference_RMSE,block_inference,landsat,AOI-03,2025,1y_vs_3y,mean_difference_RMSE,-0.0011448075628093,-0.001145,counts: integer; manuscript headline RMSE/differences: 6 decimals; table values: source-derived fixed precision,results/primary/block_inference/block_contrasts.csv,AOI=AOI-03; sensor=landsat; target_year=2025; contrast=1y_vs_3y,code/primary_analysis/build_canonical_nonoverlap_outputs.py,CANONICAL
block_landsat_AOI-03_2025_1y_vs_3y_Holm_adjusted_p,block_inference,landsat,AOI-03,2025,1y_vs_3y,Holm_adjusted_p,5.9649101295457513e-05,5.96491e-05,counts: integer; manuscript headline RMSE/differences: 6 decimals; table values: source-derived fixed precision,results/primary/block_inference/block_contrasts.csv,AOI=AOI-03; sensor=landsat; target_year=2025; contrast=1y_vs_3y,code/primary_analysis/build_canonical_nonoverlap_outputs.py,CANONICAL
block_landsat_AOI-03_2025_1y_vs_3y_paired_block_n,block_inference,landsat,AOI-03,2025,1y_vs_3y,paired_block_n,35,35,counts: integer; manuscript headline RMSE/differences: 6 decimals; table values: source-derived fixed precision,results/primary/block_inference/block_contrasts.csv,AOI=AOI-03; sensor=landsat; target_year=2025; contrast=1y_vs_3y,code/primary_analysis/build_canonical_nonoverlap_outputs.py,CANONICAL
block_landsat_AOI-03_2025_2y_vs_3y_mean_difference_RMSE,block_inference,landsat,AOI-03,2025,2y_vs_3y,mean_difference_RMSE,0.001446596843588,0.001447,counts: integer; manuscript headline RMSE/differences: 6 decimals; table values: source-derived fixed precision,results/primary/block_inference/block_contrasts.csv,AOI=AOI-03; sensor=landsat; target_year=2025; contrast=2y_vs_3y,code/primary_analysis/build_canonical_nonoverlap_outputs.py,CANONICAL
block_landsat_AOI-03_2025_2y_vs_3y_Holm_adjusted_p,block_inference,landsat,AOI-03,2025,2y_vs_3y,Holm_adjusted_p,2.0316431805992618e-05,2.03164e-05,counts: integer; manuscript headline RMSE/differences: 6 decimals; table values: source-derived fixed precision,results/primary/block_inference/block_contrasts.csv,AOI=AOI-03; sensor=landsat; target_year=2025; contrast=2y_vs_3y,code/primary_analysis/build_canonical_nonoverlap_outputs.py,CANONICAL
block_landsat_AOI-03_2025_2y_vs_3y_paired_block_n,block_inference,landsat,AOI-03,2025,2y_vs_3y,paired_block_n,35,35,counts: integer; manuscript headline RMSE/differences: 6 decimals; table values: source-derived fixed precision,results/primary/block_inference/block_contrasts.csv,AOI=AOI-03; sensor=landsat; target_year=2025; contrast=2y_vs_3y,code/primary_analysis/build_canonical_nonoverlap_outputs.py,CANONICAL
block_modis_AOI-03_2024_1y_vs_2y_mean_difference_RMSE,block_inference,modis,AOI-03,2024,1y_vs_2y,mean_difference_RMSE,-0.0001438768074962,-0.000144,counts: integer; manuscript headline RMSE/differences: 6 decimals; table values: source-derived fixed precision,results/primary/block_inference/block_contrasts.csv,AOI=AOI-03; sensor=modis; target_year=2024; contrast=1y_vs_2y,code/primary_analysis/build_canonical_nonoverlap_outputs.py,CANONICAL
block_modis_AOI-03_2024_1y_vs_2y_Holm_adjusted_p,block_inference,modis,AOI-03,2024,1y_vs_2y,Holm_adjusted_p,0.6131748466091276,0.613175,counts: integer; manuscript headline RMSE/differences: 6 decimals; table values: source-derived fixed precision,results/primary/block_inference/block_contrasts.csv,AOI=AOI-03; sensor=modis; target_year=2024; contrast=1y_vs_2y,code/primary_analysis/build_canonical_nonoverlap_outputs.py,CANONICAL
block_modis_AOI-03_2024_1y_vs_2y_paired_block_n,block_inference,modis,AOI-03,2024,1y_vs_2y,paired_block_n,35,35,counts: integer; manuscript headline RMSE/differences: 6 decimals; table values: source-derived fixed precision,results/primary/block_inference/block_contrasts.csv,AOI=AOI-03; sensor=modis; target_year=2024; contrast=1y_vs_2y,code/primary_analysis/build_canonical_nonoverlap_outputs.py,CANONICAL
block_modis_AOI-03_2024_1y_vs_3y_mean_difference_RMSE,block_inference,modis,AOI-03,2024,1y_vs_3y,mean_difference_RMSE,-0.0005902274005168,-0.000590,counts: integer; manuscript headline RMSE/differences: 6 decimals; table values: source-derived fixed precision,results/primary/block_inference/block_contrasts.csv,AOI=AOI-03; sensor=modis; target_year=2024; contrast=1y_vs_3y,code/primary_analysis/build_canonical_nonoverlap_outputs.py,CANONICAL
block_modis_AOI-03_2024_1y_vs_3y_Holm_adjusted_p,block_inference,modis,AOI-03,2024,1y_vs_3y,Holm_adjusted_p,0.2788830439009822,0.278883,counts: integer; manuscript headline RMSE/differences: 6 decimals; table values: source-derived fixed precision,results/primary/block_inference/block_contrasts.csv,AOI=AOI-03; sensor=modis; target_year=2024; contrast=1y_vs_3y,code/primary_analysis/build_canonical_nonoverlap_outputs.py,CANONICAL
block_modis_AOI-03_2024_1y_vs_3y_paired_block_n,block_inference,modis,AOI-03,2024,1y_vs_3y,paired_block_n,35,35,counts: integer; manuscript headline RMSE/differences: 6 decimals; table values: source-derived fixed precision,results/primary/block_inference/block_contrasts.csv,AOI=AOI-03; sensor=modis; target_year=2024; contrast=1y_vs_3y,code/primary_analysis/build_canonical_nonoverlap_outputs.py,CANONICAL
block_modis_AOI-03_2024_2y_vs_3y_mean_difference_RMSE,block_inference,modis,AOI-03,2024,2y_vs_3y,mean_difference_RMSE,-0.0004463505930205,-0.000446,counts: integer; manuscript headline RMSE/differences: 6 decimals; table values: source-derived fixed precision,results/primary/block_inference/block_contrasts.csv,AOI=AOI-03; sensor=modis; target_year=2024; contrast=2y_vs_3y,code/primary_analysis/build_canonical_nonoverlap_outputs.py,CANONICAL
block_modis_AOI-03_2024_2y_vs_3y_Holm_adjusted_p,block_inference,modis,AOI-03,2024,2y_vs_3y,Holm_adjusted_p,0.0286216082780328,0.0286216,counts: integer; manuscript headline RMSE/differences: 6 decimals; table values: source-derived fixed precision,results/primary/block_inference/block_contrasts.csv,AOI=AOI-03; sensor=modis; target_year=2024; contrast=2y_vs_3y,code/primary_analysis/build_canonical_nonoverlap_outputs.py,CANONICAL
block_modis_AOI-03_2024_2y_vs_3y_paired_block_n,block_inference,modis,AOI-03,2024,2y_vs_3y,paired_block_n,35,35,counts: integer; manuscript headline RMSE/differences: 6 decimals; table values: source-derived fixed precision,results/primary/block_inference/block_contrasts.csv,AOI=AOI-03; sensor=modis; target_year=2024; contrast=2y_vs_3y,code/primary_analysis/build_canonical_nonoverlap_outputs.py,CANONICAL
block_modis_AOI-03_2025_1y_vs_2y_mean_difference_RMSE,block_inference,modis,AOI-03,2025,1y_vs_2y,mean_difference_RMSE,0.0003760747871238,0.000376,counts: integer; manuscript headline RMSE/differences: 6 decimals; table values: source-derived fixed precision,results/primary/block_inference/block_contrasts.csv,AOI=AOI-03; sensor=modis; target_year=2025; contrast=1y_vs_2y,code/primary_analysis/build_canonical_nonoverlap_outputs.py,CANONICAL
block_modis_AOI-03_2025_1y_vs_2y_Holm_adjusted_p,block_inference,modis,AOI-03,2025,1y_vs_2y,Holm_adjusted_p,3.97407969330731e-06,3.97408e-06,counts: integer; manuscript headline RMSE/differences: 6 decimals; table values: source-derived fixed precision,results/primary/block_inference/block_contrasts.csv,AOI=AOI-03; sensor=modis; target_year=2025; contrast=1y_vs_2y,code/primary_analysis/build_canonical_nonoverlap_outputs.py,CANONICAL
block_modis_AOI-03_2025_1y_vs_2y_paired_block_n,block_inference,modis,AOI-03,2025,1y_vs_2y,paired_block_n,35,35,counts: integer; manuscript headline RMSE/differences: 6 decimals; table values: source-derived fixed precision,results/primary/block_inference/block_contrasts.csv,AOI=AOI-03; sensor=modis; target_year=2025; contrast=1y_vs_2y,code/primary_analysis/build_canonical_nonoverlap_outputs.py,CANONICAL
block_modis_AOI-03_2025_1y_vs_3y_mean_difference_RMSE,block_inference,modis,AOI-03,2025,1y_vs_3y,mean_difference_RMSE,0.0004557495321614,0.000456,counts: integer; manuscript headline RMSE/differences: 6 decimals; table values: source-derived fixed precision,results/primary/block_inference/block_contrasts.csv,AOI=AOI-03; sensor=modis; target_year=2025; contrast=1y_vs_3y,code/primary_analysis/build_canonical_nonoverlap_outputs.py,CANONICAL
block_modis_AOI-03_2025_1y_vs_3y_Holm_adjusted_p,block_inference,modis,AOI-03,2025,1y_vs_3y,Holm_adjusted_p,0.248118588567199,0.248119,counts: integer; manuscript headline RMSE/differences: 6 decimals; table values: source-derived fixed precision,results/primary/block_inference/block_contrasts.csv,AOI=AOI-03; sensor=modis; target_year=2025; contrast=1y_vs_3y,code/primary_analysis/build_canonical_nonoverlap_outputs.py,CANONICAL
block_modis_AOI-03_2025_1y_vs_3y_paired_block_n,block_inference,modis,AOI-03,2025,1y_vs_3y,paired_block_n,35,35,counts: integer; manuscript headline RMSE/differences: 6 decimals; table values: source-derived fixed precision,results/primary/block_inference/block_contrasts.csv,AOI=AOI-03; sensor=modis; target_year=2025; contrast=1y_vs_3y,code/primary_analysis/build_canonical_nonoverlap_outputs.py,CANONICAL
block_modis_AOI-03_2025_2y_vs_3y_mean_difference_RMSE,block_inference,modis,AOI-03,2025,2y_vs_3y,mean_difference_RMSE,7.967474503762203e-05,0.000080,counts: integer; manuscript headline RMSE/differences: 6 decimals; table values: source-derived fixed precision,results/primary/block_inference/block_contrasts.csv,AOI=AOI-03; sensor=modis; target_year=2025; contrast=2y_vs_3y,code/primary_analysis/build_canonical_nonoverlap_outputs.py,CANONICAL
block_modis_AOI-03_2025_2y_vs_3y_Holm_adjusted_p,block_inference,modis,AOI-03,2025,2y_vs_3y,Holm_adjusted_p,0.7544807781253253,0.754481,counts: integer; manuscript headline RMSE/differences: 6 decimals; table values: source-derived fixed precision,results/primary/block_inference/block_contrasts.csv,AOI=AOI-03; sensor=modis; target_year=2025; contrast=2y_vs_3y,code/primary_analysis/build_canonical_nonoverlap_outputs.py,CANONICAL
block_modis_AOI-03_2025_2y_vs_3y_paired_block_n,block_inference,modis,AOI-03,2025,2y_vs_3y,paired_block_n,35,35,counts: integer; manuscript headline RMSE/differences: 6 decimals; table values: source-derived fixed precision,results/primary/block_inference/block_contrasts.csv,AOI=AOI-03; sensor=modis; target_year=2025; contrast=2y_vs_3y,code/primary_analysis/build_canonical_nonoverlap_outputs.py,CANONICAL
block_sentinel2_AOI-03_2024_1y_vs_2y_mean_difference_RMSE,block_inference,sentinel2,AOI-03,2024,1y_vs_2y,mean_difference_RMSE,4.267309856508349e-05,0.000043,counts: integer; manuscript headline RMSE/differences: 6 decimals; table values: source-derived fixed precision,results/primary/block_inference/block_contrasts.csv,AOI=AOI-03; sensor=sentinel2; target_year=2024; contrast=1y_vs_2y,code/primary_analysis/build_canonical_nonoverlap_outputs.py,CANONICAL
block_sentinel2_AOI-03_2024_1y_vs_2y_Holm_adjusted_p,block_inference,sentinel2,AOI-03,2024,1y_vs_2y,Holm_adjusted_p,1.0,1,counts: integer; manuscript headline RMSE/differences: 6 decimals; table values: source-derived fixed precision,results/primary/block_inference/block_contrasts.csv,AOI=AOI-03; sensor=sentinel2; target_year=2024; contrast=1y_vs_2y,code/primary_analysis/build_canonical_nonoverlap_outputs.py,CANONICAL
block_sentinel2_AOI-03_2024_1y_vs_2y_paired_block_n,block_inference,sentinel2,AOI-03,2024,1y_vs_2y,paired_block_n,35,35,counts: integer; manuscript headline RMSE/differences: 6 decimals; table values: source-derived fixed precision,results/primary/block_inference/block_contrasts.csv,AOI=AOI-03; sensor=sentinel2; target_year=2024; contrast=1y_vs_2y,code/primary_analysis/build_canonical_nonoverlap_outputs.py,CANONICAL
block_sentinel2_AOI-03_2024_1y_vs_3y_mean_difference_RMSE,block_inference,sentinel2,AOI-03,2024,1y_vs_3y,mean_difference_RMSE,-0.000296494725426,-0.000296,counts: integer; manuscript headline RMSE/differences: 6 decimals; table values: source-derived fixed precision,results/primary/block_inference/block_contrasts.csv,AOI=AOI-03; sensor=sentinel2; target_year=2024; contrast=1y_vs_3y,code/primary_analysis/build_canonical_nonoverlap_outputs.py,CANONICAL
block_sentinel2_AOI-03_2024_1y_vs_3y_Holm_adjusted_p,block_inference,sentinel2,AOI-03,2024,1y_vs_3y,Holm_adjusted_p,1.0,1,counts: integer; manuscript headline RMSE/differences: 6 decimals; table values: source-derived fixed precision,results/primary/block_inference/block_contrasts.csv,AOI=AOI-03; sensor=sentinel2; target_year=2024; contrast=1y_vs_3y,code/primary_analysis/build_canonical_nonoverlap_outputs.py,CANONICAL
block_sentinel2_AOI-03_2024_1y_vs_3y_paired_block_n,block_inference,sentinel2,AOI-03,2024,1y_vs_3y,paired_block_n,35,35,counts: integer; manuscript headline RMSE/differences: 6 decimals; table values: source-derived fixed precision,results/primary/block_inference/block_contrasts.csv,AOI=AOI-03; sensor=sentinel2; target_year=2024; contrast=1y_vs_3y,code/primary_analysis/build_canonical_nonoverlap_outputs.py,CANONICAL
block_sentinel2_AOI-03_2024_2y_vs_3y_mean_difference_RMSE,block_inference,sentinel2,AOI-03,2024,2y_vs_3y,mean_difference_RMSE,-0.0003391678239911,-0.000339,counts: integer; manuscript headline RMSE/differences: 6 decimals; table values: source-derived fixed precision,results/primary/block_inference/block_contrasts.csv,AOI=AOI-03; sensor=sentinel2; target_year=2024; contrast=2y_vs_3y,code/primary_analysis/build_canonical_nonoverlap_outputs.py,CANONICAL
block_sentinel2_AOI-03_2024_2y_vs_3y_Holm_adjusted_p,block_inference,sentinel2,AOI-03,2024,2y_vs_3y,Holm_adjusted_p,0.213201988613908,0.213202,counts: integer; manuscript headline RMSE/differences: 6 decimals; table values: source-derived fixed precision,results/primary/block_inference/block_contrasts.csv,AOI=AOI-03; sensor=sentinel2; target_year=2024; contrast=2y_vs_3y,code/primary_analysis/build_canonical_nonoverlap_outputs.py,CANONICAL
block_sentinel2_AOI-03_2024_2y_vs_3y_paired_block_n,block_inference,sentinel2,AOI-03,2024,2y_vs_3y,paired_block_n,35,35,counts: integer; manuscript headline RMSE/differences: 6 decimals; table values: source-derived fixed precision,results/primary/block_inference/block_contrasts.csv,AOI=AOI-03; sensor=sentinel2; target_year=2024; contrast=2y_vs_3y,code/primary_analysis/build_canonical_nonoverlap_outputs.py,CANONICAL
block_sentinel2_AOI-03_2025_1y_vs_2y_mean_difference_RMSE,block_inference,sentinel2,AOI-03,2025,1y_vs_2y,mean_difference_RMSE,-0.0003113462327793,-0.000311,counts: integer; manuscript headline RMSE/differences: 6 decimals; table values: source-derived fixed precision,results/primary/block_inference/block_contrasts.csv,AOI=AOI-03; sensor=sentinel2; target_year=2025; contrast=1y_vs_2y,code/primary_analysis/build_canonical_nonoverlap_outputs.py,CANONICAL
block_sentinel2_AOI-03_2025_1y_vs_2y_Holm_adjusted_p,block_inference,sentinel2,AOI-03,2025,1y_vs_2y,Holm_adjusted_p,0.4703754188176818,0.470375,counts: integer; manuscript headline RMSE/differences: 6 decimals; table values: source-derived fixed precision,results/primary/block_inference/block_contrasts.csv,AOI=AOI-03; sensor=sentinel2; target_year=2025; contrast=1y_vs_2y,code/primary_analysis/build_canonical_nonoverlap_outputs.py,CANONICAL
block_sentinel2_AOI-03_2025_1y_vs_2y_paired_block_n,block_inference,sentinel2,AOI-03,2025,1y_vs_2y,paired_block_n,35,35,counts: integer; manuscript headline RMSE/differences: 6 decimals; table values: source-derived fixed precision,results/primary/block_inference/block_contrasts.csv,AOI=AOI-03; sensor=sentinel2; target_year=2025; contrast=1y_vs_2y,code/primary_analysis/build_canonical_nonoverlap_outputs.py,CANONICAL
block_sentinel2_AOI-03_2025_1y_vs_3y_mean_difference_RMSE,block_inference,sentinel2,AOI-03,2025,1y_vs_3y,mean_difference_RMSE,-0.0001821029537023,-0.000182,counts: integer; manuscript headline RMSE/differences: 6 decimals; table values: source-derived fixed precision,results/primary/block_inference/block_contrasts.csv,AOI=AOI-03; sensor=sentinel2; target_year=2025; contrast=1y_vs_3y,code/primary_analysis/build_canonical_nonoverlap_outputs.py,CANONICAL
block_sentinel2_AOI-03_2025_1y_vs_3y_Holm_adjusted_p,block_inference,sentinel2,AOI-03,2025,1y_vs_3y,Holm_adjusted_p,0.4703754188176818,0.470375,counts: integer; manuscript headline RMSE/differences: 6 decimals; table values: source-derived fixed precision,results/primary/block_inference/block_contrasts.csv,AOI=AOI-03; sensor=sentinel2; target_year=2025; contrast=1y_vs_3y,code/primary_analysis/build_canonical_nonoverlap_outputs.py,CANONICAL
block_sentinel2_AOI-03_2025_1y_vs_3y_paired_block_n,block_inference,sentinel2,AOI-03,2025,1y_vs_3y,paired_block_n,35,35,counts: integer; manuscript headline RMSE/differences: 6 decimals; table values: source-derived fixed precision,results/primary/block_inference/block_contrasts.csv,AOI=AOI-03; sensor=sentinel2; target_year=2025; contrast=1y_vs_3y,code/primary_analysis/build_canonical_nonoverlap_outputs.py,CANONICAL
block_sentinel2_AOI-03_2025_2y_vs_3y_mean_difference_RMSE,block_inference,sentinel2,AOI-03,2025,2y_vs_3y,mean_difference_RMSE,0.000129243279077,0.000129,counts: integer; manuscript headline RMSE/differences: 6 decimals; table values: source-derived fixed precision,results/primary/block_inference/block_contrasts.csv,AOI=AOI-03; sensor=sentinel2; target_year=2025; contrast=2y_vs_3y,code/primary_analysis/build_canonical_nonoverlap_outputs.py,CANONICAL
block_sentinel2_AOI-03_2025_2y_vs_3y_Holm_adjusted_p,block_inference,sentinel2,AOI-03,2025,2y_vs_3y,Holm_adjusted_p,0.2057489652144984,0.205749,counts: integer; manuscript headline RMSE/differences: 6 decimals; table values: source-derived fixed precision,results/primary/block_inference/block_contrasts.csv,AOI=AOI-03; sensor=sentinel2; target_year=2025; contrast=2y_vs_3y,code/primary_analysis/build_canonical_nonoverlap_outputs.py,CANONICAL
block_sentinel2_AOI-03_2025_2y_vs_3y_paired_block_n,block_inference,sentinel2,AOI-03,2025,2y_vs_3y,paired_block_n,35,35,counts: integer; manuscript headline RMSE/differences: 6 decimals; table values: source-derived fixed precision,results/primary/block_inference/block_contrasts.csv,AOI=AOI-03; sensor=sentinel2; target_year=2025; contrast=2y_vs_3y,code/primary_analysis/build_canonical_nonoverlap_outputs.py,CANONICAL
agg_landsat_AOI-00_target_identity_retention,aggregation_order_sensitivity,landsat,AOI-00,2025,reflectance_first,target_identity_retention,1.0,1.0,counts: integer; manuscript headline RMSE/differences: 6 decimals; table values: source-derived fixed precision,results/sensitivities/aggregation_order/summary/aggregation_configuration_summary.csv,AOI=AOI-00; sensor=landsat; primary_history=W2022,code/sensitivities/build_processing_sensitivities.py,CANONICAL
agg_landsat_AOI-00_delta_NDVI_abs_mean,aggregation_order_sensitivity,landsat,AOI-00,2025,reflectance_first,delta_NDVI_abs_mean,0.0045432823414869,0.004543,counts: integer; manuscript headline RMSE/differences: 6 decimals; table values: source-derived fixed precision,results/sensitivities/aggregation_order/summary/aggregation_configuration_summary.csv,AOI=AOI-00; sensor=landsat; primary_history=W2022,code/sensitivities/build_processing_sensitivities.py,CANONICAL
agg_landsat_AOI-00_delta_RMSE_operational,aggregation_order_sensitivity,landsat,AOI-00,2025,reflectance_first,delta_RMSE_operational,-0.0008902094751242,-0.000890,counts: integer; manuscript headline RMSE/differences: 6 decimals; table values: source-derived fixed precision,results/sensitivities/aggregation_order/summary/aggregation_configuration_summary.csv,AOI=AOI-00; sensor=landsat; primary_history=W2022,code/sensitivities/build_processing_sensitivities.py,CANONICAL
agg_landsat_AOI-00_history_changed,aggregation_order_sensitivity,landsat,AOI-00,2025,reflectance_first,history_changed,False,False,counts: integer; manuscript headline RMSE/differences: 6 decimals; table values: source-derived fixed precision,results/sensitivities/aggregation_order/summary/aggregation_configuration_summary.csv,AOI=AOI-00; sensor=landsat; primary_history=W2022,code/sensitivities/build_processing_sensitivities.py,CANONICAL
agg_landsat_AOI-00_rolling_origin_direction_changed,aggregation_order_sensitivity,landsat,AOI-00,2025,reflectance_first,rolling_origin_direction_changed,False,False,counts: integer; manuscript headline RMSE/differences: 6 decimals; table values: source-derived fixed precision,results/sensitivities/aggregation_order/summary/aggregation_configuration_summary.csv,AOI=AOI-00; sensor=landsat; primary_history=W2022,code/sensitivities/build_processing_sensitivities.py,CANONICAL
agg_modis_AOI-00_target_identity_retention,aggregation_order_sensitivity,modis,AOI-00,2025,reflectance_first,target_identity_retention,1.0,1.0,counts: integer; manuscript headline RMSE/differences: 6 decimals; table values: source-derived fixed precision,results/sensitivities/aggregation_order/summary/aggregation_configuration_summary.csv,AOI=AOI-00; sensor=modis; primary_history=W2023,code/sensitivities/build_processing_sensitivities.py,CANONICAL
agg_modis_AOI-00_delta_NDVI_abs_mean,aggregation_order_sensitivity,modis,AOI-00,2025,reflectance_first,delta_NDVI_abs_mean,0.0015497338595616,0.001550,counts: integer; manuscript headline RMSE/differences: 6 decimals; table values: source-derived fixed precision,results/sensitivities/aggregation_order/summary/aggregation_configuration_summary.csv,AOI=AOI-00; sensor=modis; primary_history=W2023,code/sensitivities/build_processing_sensitivities.py,CANONICAL
agg_modis_AOI-00_delta_RMSE_operational,aggregation_order_sensitivity,modis,AOI-00,2025,reflectance_first,delta_RMSE_operational,-0.0002827079820195,-0.000283,counts: integer; manuscript headline RMSE/differences: 6 decimals; table values: source-derived fixed precision,results/sensitivities/aggregation_order/summary/aggregation_configuration_summary.csv,AOI=AOI-00; sensor=modis; primary_history=W2023,code/sensitivities/build_processing_sensitivities.py,CANONICAL
agg_modis_AOI-00_history_changed,aggregation_order_sensitivity,modis,AOI-00,2025,reflectance_first,history_changed,False,False,counts: integer; manuscript headline RMSE/differences: 6 decimals; table values: source-derived fixed precision,results/sensitivities/aggregation_order/summary/aggregation_configuration_summary.csv,AOI=AOI-00; sensor=modis; primary_history=W2023,code/sensitivities/build_processing_sensitivities.py,CANONICAL
agg_modis_AOI-00_rolling_origin_direction_changed,aggregation_order_sensitivity,modis,AOI-00,2025,reflectance_first,rolling_origin_direction_changed,False,False,counts: integer; manuscript headline RMSE/differences: 6 decimals; table values: source-derived fixed precision,results/sensitivities/aggregation_order/summary/aggregation_configuration_summary.csv,AOI=AOI-00; sensor=modis; primary_history=W2023,code/sensitivities/build_processing_sensitivities.py,CANONICAL
agg_sentinel2_AOI-00_target_identity_retention,aggregation_order_sensitivity,sentinel2,AOI-00,2025,reflectance_first,target_identity_retention,1.0,1.0,counts: integer; manuscript headline RMSE/differences: 6 decimals; table values: source-derived fixed precision,results/sensitivities/aggregation_order/summary/aggregation_configuration_summary.csv,AOI=AOI-00; sensor=sentinel2; primary_history=W2022,code/sensitivities/build_processing_sensitivities.py,CANONICAL
agg_sentinel2_AOI-00_delta_NDVI_abs_mean,aggregation_order_sensitivity,sentinel2,AOI-00,2025,reflectance_first,delta_NDVI_abs_mean,0.0068287567708807,0.006829,counts: integer; manuscript headline RMSE/differences: 6 decimals; table values: source-derived fixed precision,results/sensitivities/aggregation_order/summary/aggregation_configuration_summary.csv,AOI=AOI-00; sensor=sentinel2; primary_history=W2022,code/sensitivities/build_processing_sensitivities.py,CANONICAL
agg_sentinel2_AOI-00_delta_RMSE_operational,aggregation_order_sensitivity,sentinel2,AOI-00,2025,reflectance_first,delta_RMSE_operational,0.0002169204677767,0.000217,counts: integer; manuscript headline RMSE/differences: 6 decimals; table values: source-derived fixed precision,results/sensitivities/aggregation_order/summary/aggregation_configuration_summary.csv,AOI=AOI-00; sensor=sentinel2; primary_history=W2022,code/sensitivities/build_processing_sensitivities.py,CANONICAL
agg_sentinel2_AOI-00_history_changed,aggregation_order_sensitivity,sentinel2,AOI-00,2025,reflectance_first,history_changed,False,False,counts: integer; manuscript headline RMSE/differences: 6 decimals; table values: source-derived fixed precision,results/sensitivities/aggregation_order/summary/aggregation_configuration_summary.csv,AOI=AOI-00; sensor=sentinel2; primary_history=W2022,code/sensitivities/build_processing_sensitivities.py,CANONICAL
agg_sentinel2_AOI-00_rolling_origin_direction_changed,aggregation_order_sensitivity,sentinel2,AOI-00,2025,reflectance_first,rolling_origin_direction_changed,False,False,counts: integer; manuscript headline RMSE/differences: 6 decimals; table values: source-derived fixed precision,results/sensitivities/aggregation_order/summary/aggregation_configuration_summary.csv,AOI=AOI-00; sensor=sentinel2; primary_history=W2022,code/sensitivities/build_processing_sensitivities.py,CANONICAL
agg_landsat_AOI-01_target_identity_retention,aggregation_order_sensitivity,landsat,AOI-01,2025,reflectance_first,target_identity_retention,1.0,1.0,counts: integer; manuscript headline RMSE/differences: 6 decimals; table values: source-derived fixed precision,results/sensitivities/aggregation_order/summary/aggregation_configuration_summary.csv,AOI=AOI-01; sensor=landsat; primary_history=W2023,code/sensitivities/build_processing_sensitivities.py,CANONICAL
agg_landsat_AOI-01_delta_NDVI_abs_mean,aggregation_order_sensitivity,landsat,AOI-01,2025,reflectance_first,delta_NDVI_abs_mean,0.0002519097630041,0.000252,counts: integer; manuscript headline RMSE/differences: 6 decimals; table values: source-derived fixed precision,results/sensitivities/aggregation_order/summary/aggregation_configuration_summary.csv,AOI=AOI-01; sensor=landsat; primary_history=W2023,code/sensitivities/build_processing_sensitivities.py,CANONICAL
agg_landsat_AOI-01_delta_RMSE_operational,aggregation_order_sensitivity,landsat,AOI-01,2025,reflectance_first,delta_RMSE_operational,2.2316427868699975e-05,0.000022,counts: integer; manuscript headline RMSE/differences: 6 decimals; table values: source-derived fixed precision,results/sensitivities/aggregation_order/summary/aggregation_configuration_summary.csv,AOI=AOI-01; sensor=landsat; primary_history=W2023,code/sensitivities/build_processing_sensitivities.py,CANONICAL
agg_landsat_AOI-01_history_changed,aggregation_order_sensitivity,landsat,AOI-01,2025,reflectance_first,history_changed,False,False,counts: integer; manuscript headline RMSE/differences: 6 decimals; table values: source-derived fixed precision,results/sensitivities/aggregation_order/summary/aggregation_configuration_summary.csv,AOI=AOI-01; sensor=landsat; primary_history=W2023,code/sensitivities/build_processing_sensitivities.py,CANONICAL
agg_landsat_AOI-01_rolling_origin_direction_changed,aggregation_order_sensitivity,landsat,AOI-01,2025,reflectance_first,rolling_origin_direction_changed,False,False,counts: integer; manuscript headline RMSE/differences: 6 decimals; table values: source-derived fixed precision,results/sensitivities/aggregation_order/summary/aggregation_configuration_summary.csv,AOI=AOI-01; sensor=landsat; primary_history=W2023,code/sensitivities/build_processing_sensitivities.py,CANONICAL
agg_modis_AOI-01_target_identity_retention,aggregation_order_sensitivity,modis,AOI-01,2025,reflectance_first,target_identity_retention,1.0,1.0,counts: integer; manuscript headline RMSE/differences: 6 decimals; table values: source-derived fixed precision,results/sensitivities/aggregation_order/summary/aggregation_configuration_summary.csv,AOI=AOI-01; sensor=modis; primary_history=W2022,code/sensitivities/build_processing_sensitivities.py,CANONICAL
agg_modis_AOI-01_delta_NDVI_abs_mean,aggregation_order_sensitivity,modis,AOI-01,2025,reflectance_first,delta_NDVI_abs_mean,0.0001137337932829,0.000114,counts: integer; manuscript headline RMSE/differences: 6 decimals; table values: source-derived fixed precision,results/sensitivities/aggregation_order/summary/aggregation_configuration_summary.csv,AOI=AOI-01; sensor=modis; primary_history=W2022,code/sensitivities/build_processing_sensitivities.py,CANONICAL
agg_modis_AOI-01_delta_RMSE_operational,aggregation_order_sensitivity,modis,AOI-01,2025,reflectance_first,delta_RMSE_operational,8.134185552200043e-06,0.000008,counts: integer; manuscript headline RMSE/differences: 6 decimals; table values: source-derived fixed precision,results/sensitivities/aggregation_order/summary/aggregation_configuration_summary.csv,AOI=AOI-01; sensor=modis; primary_history=W2022,code/sensitivities/build_processing_sensitivities.py,CANONICAL
agg_modis_AOI-01_history_changed,aggregation_order_sensitivity,modis,AOI-01,2025,reflectance_first,history_changed,True,True,counts: integer; manuscript headline RMSE/differences: 6 decimals; table values: source-derived fixed precision,results/sensitivities/aggregation_order/summary/aggregation_configuration_summary.csv,AOI=AOI-01; sensor=modis; primary_history=W2022,code/sensitivities/build_processing_sensitivities.py,CANONICAL
agg_modis_AOI-01_rolling_origin_direction_changed,aggregation_order_sensitivity,modis,AOI-01,2025,reflectance_first,rolling_origin_direction_changed,True,True,counts: integer; manuscript headline RMSE/differences: 6 decimals; table values: source-derived fixed precision,results/sensitivities/aggregation_order/summary/aggregation_configuration_summary.csv,AOI=AOI-01; sensor=modis; primary_history=W2022,code/sensitivities/build_processing_sensitivities.py,CANONICAL
agg_sentinel2_AOI-01_target_identity_retention,aggregation_order_sensitivity,sentinel2,AOI-01,2025,reflectance_first,target_identity_retention,1.0,1.0,counts: integer; manuscript headline RMSE/differences: 6 decimals; table values: source-derived fixed precision,results/sensitivities/aggregation_order/summary/aggregation_configuration_summary.csv,AOI=AOI-01; sensor=sentinel2; primary_history=W2023,code/sensitivities/build_processing_sensitivities.py,CANONICAL
agg_sentinel2_AOI-01_delta_NDVI_abs_mean,aggregation_order_sensitivity,sentinel2,AOI-01,2025,reflectance_first,delta_NDVI_abs_mean,0.0002667860404594,0.000267,counts: integer; manuscript headline RMSE/differences: 6 decimals; table values: source-derived fixed precision,results/sensitivities/aggregation_order/summary/aggregation_configuration_summary.csv,AOI=AOI-01; sensor=sentinel2; primary_history=W2023,code/sensitivities/build_processing_sensitivities.py,CANONICAL
agg_sentinel2_AOI-01_delta_RMSE_operational,aggregation_order_sensitivity,sentinel2,AOI-01,2025,reflectance_first,delta_RMSE_operational,6.337519264330003e-05,0.000063,counts: integer; manuscript headline RMSE/differences: 6 decimals; table values: source-derived fixed precision,results/sensitivities/aggregation_order/summary/aggregation_configuration_summary.csv,AOI=AOI-01; sensor=sentinel2; primary_history=W2023,code/sensitivities/build_processing_sensitivities.py,CANONICAL
agg_sentinel2_AOI-01_history_changed,aggregation_order_sensitivity,sentinel2,AOI-01,2025,reflectance_first,history_changed,False,False,counts: integer; manuscript headline RMSE/differences: 6 decimals; table values: source-derived fixed precision,results/sensitivities/aggregation_order/summary/aggregation_configuration_summary.csv,AOI=AOI-01; sensor=sentinel2; primary_history=W2023,code/sensitivities/build_processing_sensitivities.py,CANONICAL
agg_sentinel2_AOI-01_rolling_origin_direction_changed,aggregation_order_sensitivity,sentinel2,AOI-01,2025,reflectance_first,rolling_origin_direction_changed,True,True,counts: integer; manuscript headline RMSE/differences: 6 decimals; table values: source-derived fixed precision,results/sensitivities/aggregation_order/summary/aggregation_configuration_summary.csv,AOI=AOI-01; sensor=sentinel2; primary_history=W2023,code/sensitivities/build_processing_sensitivities.py,CANONICAL
agg_landsat_AOI-02_target_identity_retention,aggregation_order_sensitivity,landsat,AOI-02,2025,reflectance_first,target_identity_retention,1.0,1.0,counts: integer; manuscript headline RMSE/differences: 6 decimals; table values: source-derived fixed precision,results/sensitivities/aggregation_order/summary/aggregation_configuration_summary.csv,AOI=AOI-02; sensor=landsat; primary_history=W2022_2023,code/sensitivities/build_processing_sensitivities.py,CANONICAL
agg_landsat_AOI-02_delta_NDVI_abs_mean,aggregation_order_sensitivity,landsat,AOI-02,2025,reflectance_first,delta_NDVI_abs_mean,0.0047209062731686,0.004721,counts: integer; manuscript headline RMSE/differences: 6 decimals; table values: source-derived fixed precision,results/sensitivities/aggregation_order/summary/aggregation_configuration_summary.csv,AOI=AOI-02; sensor=landsat; primary_history=W2022_2023,code/sensitivities/build_processing_sensitivities.py,CANONICAL
agg_landsat_AOI-02_delta_RMSE_operational,aggregation_order_sensitivity,landsat,AOI-02,2025,reflectance_first,delta_RMSE_operational,0.0006833069207059,0.000683,counts: integer; manuscript headline RMSE/differences: 6 decimals; table values: source-derived fixed precision,results/sensitivities/aggregation_order/summary/aggregation_configuration_summary.csv,AOI=AOI-02; sensor=landsat; primary_history=W2022_2023,code/sensitivities/build_processing_sensitivities.py,CANONICAL
agg_landsat_AOI-02_history_changed,aggregation_order_sensitivity,landsat,AOI-02,2025,reflectance_first,history_changed,False,False,counts: integer; manuscript headline RMSE/differences: 6 decimals; table values: source-derived fixed precision,results/sensitivities/aggregation_order/summary/aggregation_configuration_summary.csv,AOI=AOI-02; sensor=landsat; primary_history=W2022_2023,code/sensitivities/build_processing_sensitivities.py,CANONICAL
agg_landsat_AOI-02_rolling_origin_direction_changed,aggregation_order_sensitivity,landsat,AOI-02,2025,reflectance_first,rolling_origin_direction_changed,False,False,counts: integer; manuscript headline RMSE/differences: 6 decimals; table values: source-derived fixed precision,results/sensitivities/aggregation_order/summary/aggregation_configuration_summary.csv,AOI=AOI-02; sensor=landsat; primary_history=W2022_2023,code/sensitivities/build_processing_sensitivities.py,CANONICAL
agg_modis_AOI-02_target_identity_retention,aggregation_order_sensitivity,modis,AOI-02,2025,reflectance_first,target_identity_retention,1.0,1.0,counts: integer; manuscript headline RMSE/differences: 6 decimals; table values: source-derived fixed precision,results/sensitivities/aggregation_order/summary/aggregation_configuration_summary.csv,AOI=AOI-02; sensor=modis; primary_history=W2022_2023,code/sensitivities/build_processing_sensitivities.py,CANONICAL
agg_modis_AOI-02_delta_NDVI_abs_mean,aggregation_order_sensitivity,modis,AOI-02,2025,reflectance_first,delta_NDVI_abs_mean,0.0016062407405288,0.001606,counts: integer; manuscript headline RMSE/differences: 6 decimals; table values: source-derived fixed precision,results/sensitivities/aggregation_order/summary/aggregation_configuration_summary.csv,AOI=AOI-02; sensor=modis; primary_history=W2022_2023,code/sensitivities/build_processing_sensitivities.py,CANONICAL
agg_modis_AOI-02_delta_RMSE_operational,aggregation_order_sensitivity,modis,AOI-02,2025,reflectance_first,delta_RMSE_operational,-5.251690183520619e-05,-0.000053,counts: integer; manuscript headline RMSE/differences: 6 decimals; table values: source-derived fixed precision,results/sensitivities/aggregation_order/summary/aggregation_configuration_summary.csv,AOI=AOI-02; sensor=modis; primary_history=W2022_2023,code/sensitivities/build_processing_sensitivities.py,CANONICAL
agg_modis_AOI-02_history_changed,aggregation_order_sensitivity,modis,AOI-02,2025,reflectance_first,history_changed,False,False,counts: integer; manuscript headline RMSE/differences: 6 decimals; table values: source-derived fixed precision,results/sensitivities/aggregation_order/summary/aggregation_configuration_summary.csv,AOI=AOI-02; sensor=modis; primary_history=W2022_2023,code/sensitivities/build_processing_sensitivities.py,CANONICAL
agg_modis_AOI-02_rolling_origin_direction_changed,aggregation_order_sensitivity,modis,AOI-02,2025,reflectance_first,rolling_origin_direction_changed,False,False,counts: integer; manuscript headline RMSE/differences: 6 decimals; table values: source-derived fixed precision,results/sensitivities/aggregation_order/summary/aggregation_configuration_summary.csv,AOI=AOI-02; sensor=modis; primary_history=W2022_2023,code/sensitivities/build_processing_sensitivities.py,CANONICAL
agg_sentinel2_AOI-02_target_identity_retention,aggregation_order_sensitivity,sentinel2,AOI-02,2025,reflectance_first,target_identity_retention,1.0,1.0,counts: integer; manuscript headline RMSE/differences: 6 decimals; table values: source-derived fixed precision,results/sensitivities/aggregation_order/summary/aggregation_configuration_summary.csv,AOI=AOI-02; sensor=sentinel2; primary_history=W2022_2024,code/sensitivities/build_processing_sensitivities.py,CANONICAL
agg_sentinel2_AOI-02_delta_NDVI_abs_mean,aggregation_order_sensitivity,sentinel2,AOI-02,2025,reflectance_first,delta_NDVI_abs_mean,0.0066809112359083,0.006681,counts: integer; manuscript headline RMSE/differences: 6 decimals; table values: source-derived fixed precision,results/sensitivities/aggregation_order/summary/aggregation_configuration_summary.csv,AOI=AOI-02; sensor=sentinel2; primary_history=W2022_2024,code/sensitivities/build_processing_sensitivities.py,CANONICAL
agg_sentinel2_AOI-02_delta_RMSE_operational,aggregation_order_sensitivity,sentinel2,AOI-02,2025,reflectance_first,delta_RMSE_operational,0.0003187890231538,0.000319,counts: integer; manuscript headline RMSE/differences: 6 decimals; table values: source-derived fixed precision,results/sensitivities/aggregation_order/summary/aggregation_configuration_summary.csv,AOI=AOI-02; sensor=sentinel2; primary_history=W2022_2024,code/sensitivities/build_processing_sensitivities.py,CANONICAL
agg_sentinel2_AOI-02_history_changed,aggregation_order_sensitivity,sentinel2,AOI-02,2025,reflectance_first,history_changed,False,False,counts: integer; manuscript headline RMSE/differences: 6 decimals; table values: source-derived fixed precision,results/sensitivities/aggregation_order/summary/aggregation_configuration_summary.csv,AOI=AOI-02; sensor=sentinel2; primary_history=W2022_2024,code/sensitivities/build_processing_sensitivities.py,CANONICAL
agg_sentinel2_AOI-02_rolling_origin_direction_changed,aggregation_order_sensitivity,sentinel2,AOI-02,2025,reflectance_first,rolling_origin_direction_changed,False,False,counts: integer; manuscript headline RMSE/differences: 6 decimals; table values: source-derived fixed precision,results/sensitivities/aggregation_order/summary/aggregation_configuration_summary.csv,AOI=AOI-02; sensor=sentinel2; primary_history=W2022_2024,code/sensitivities/build_processing_sensitivities.py,CANONICAL
agg_landsat_AOI-03_target_identity_retention,aggregation_order_sensitivity,landsat,AOI-03,2025,reflectance_first,target_identity_retention,1.0,1.0,counts: integer; manuscript headline RMSE/differences: 6 decimals; table values: source-derived fixed precision,results/sensitivities/aggregation_order/summary/aggregation_configuration_summary.csv,AOI=AOI-03; sensor=landsat; primary_history=W2022,code/sensitivities/build_processing_sensitivities.py,CANONICAL
agg_landsat_AOI-03_delta_NDVI_abs_mean,aggregation_order_sensitivity,landsat,AOI-03,2025,reflectance_first,delta_NDVI_abs_mean,0.0030553892356959,0.003055,counts: integer; manuscript headline RMSE/differences: 6 decimals; table values: source-derived fixed precision,results/sensitivities/aggregation_order/summary/aggregation_configuration_summary.csv,AOI=AOI-03; sensor=landsat; primary_history=W2022,code/sensitivities/build_processing_sensitivities.py,CANONICAL
agg_landsat_AOI-03_delta_RMSE_operational,aggregation_order_sensitivity,landsat,AOI-03,2025,reflectance_first,delta_RMSE_operational,-0.000785238156833,-0.000785,counts: integer; manuscript headline RMSE/differences: 6 decimals; table values: source-derived fixed precision,results/sensitivities/aggregation_order/summary/aggregation_configuration_summary.csv,AOI=AOI-03; sensor=landsat; primary_history=W2022,code/sensitivities/build_processing_sensitivities.py,CANONICAL
agg_landsat_AOI-03_history_changed,aggregation_order_sensitivity,landsat,AOI-03,2025,reflectance_first,history_changed,False,False,counts: integer; manuscript headline RMSE/differences: 6 decimals; table values: source-derived fixed precision,results/sensitivities/aggregation_order/summary/aggregation_configuration_summary.csv,AOI=AOI-03; sensor=landsat; primary_history=W2022,code/sensitivities/build_processing_sensitivities.py,CANONICAL
agg_landsat_AOI-03_rolling_origin_direction_changed,aggregation_order_sensitivity,landsat,AOI-03,2025,reflectance_first,rolling_origin_direction_changed,False,False,counts: integer; manuscript headline RMSE/differences: 6 decimals; table values: source-derived fixed precision,results/sensitivities/aggregation_order/summary/aggregation_configuration_summary.csv,AOI=AOI-03; sensor=landsat; primary_history=W2022,code/sensitivities/build_processing_sensitivities.py,CANONICAL
agg_modis_AOI-03_target_identity_retention,aggregation_order_sensitivity,modis,AOI-03,2025,reflectance_first,target_identity_retention,1.0,1.0,counts: integer; manuscript headline RMSE/differences: 6 decimals; table values: source-derived fixed precision,results/sensitivities/aggregation_order/summary/aggregation_configuration_summary.csv,AOI=AOI-03; sensor=modis; primary_history=W2023,code/sensitivities/build_processing_sensitivities.py,CANONICAL
agg_modis_AOI-03_delta_NDVI_abs_mean,aggregation_order_sensitivity,modis,AOI-03,2025,reflectance_first,delta_NDVI_abs_mean,0.0012620456096493,0.001262,counts: integer; manuscript headline RMSE/differences: 6 decimals; table values: source-derived fixed precision,results/sensitivities/aggregation_order/summary/aggregation_configuration_summary.csv,AOI=AOI-03; sensor=modis; primary_history=W2023,code/sensitivities/build_processing_sensitivities.py,CANONICAL
agg_modis_AOI-03_delta_RMSE_operational,aggregation_order_sensitivity,modis,AOI-03,2025,reflectance_first,delta_RMSE_operational,-0.0002488352174978,-0.000249,counts: integer; manuscript headline RMSE/differences: 6 decimals; table values: source-derived fixed precision,results/sensitivities/aggregation_order/summary/aggregation_configuration_summary.csv,AOI=AOI-03; sensor=modis; primary_history=W2023,code/sensitivities/build_processing_sensitivities.py,CANONICAL
agg_modis_AOI-03_history_changed,aggregation_order_sensitivity,modis,AOI-03,2025,reflectance_first,history_changed,False,False,counts: integer; manuscript headline RMSE/differences: 6 decimals; table values: source-derived fixed precision,results/sensitivities/aggregation_order/summary/aggregation_configuration_summary.csv,AOI=AOI-03; sensor=modis; primary_history=W2023,code/sensitivities/build_processing_sensitivities.py,CANONICAL
agg_modis_AOI-03_rolling_origin_direction_changed,aggregation_order_sensitivity,modis,AOI-03,2025,reflectance_first,rolling_origin_direction_changed,False,False,counts: integer; manuscript headline RMSE/differences: 6 decimals; table values: source-derived fixed precision,results/sensitivities/aggregation_order/summary/aggregation_configuration_summary.csv,AOI=AOI-03; sensor=modis; primary_history=W2023,code/sensitivities/build_processing_sensitivities.py,CANONICAL
agg_sentinel2_AOI-03_target_identity_retention,aggregation_order_sensitivity,sentinel2,AOI-03,2025,reflectance_first,target_identity_retention,1.0,1.0,counts: integer; manuscript headline RMSE/differences: 6 decimals; table values: source-derived fixed precision,results/sensitivities/aggregation_order/summary/aggregation_configuration_summary.csv,AOI=AOI-03; sensor=sentinel2; primary_history=W2024,code/sensitivities/build_processing_sensitivities.py,CANONICAL
agg_sentinel2_AOI-03_delta_NDVI_abs_mean,aggregation_order_sensitivity,sentinel2,AOI-03,2025,reflectance_first,delta_NDVI_abs_mean,0.0033286647152304,0.003329,counts: integer; manuscript headline RMSE/differences: 6 decimals; table values: source-derived fixed precision,results/sensitivities/aggregation_order/summary/aggregation_configuration_summary.csv,AOI=AOI-03; sensor=sentinel2; primary_history=W2024,code/sensitivities/build_processing_sensitivities.py,CANONICAL
agg_sentinel2_AOI-03_delta_RMSE_operational,aggregation_order_sensitivity,sentinel2,AOI-03,2025,reflectance_first,delta_RMSE_operational,-5.013886111099319e-06,-0.000005,counts: integer; manuscript headline RMSE/differences: 6 decimals; table values: source-derived fixed precision,results/sensitivities/aggregation_order/summary/aggregation_configuration_summary.csv,AOI=AOI-03; sensor=sentinel2; primary_history=W2024,code/sensitivities/build_processing_sensitivities.py,CANONICAL
agg_sentinel2_AOI-03_history_changed,aggregation_order_sensitivity,sentinel2,AOI-03,2025,reflectance_first,history_changed,False,False,counts: integer; manuscript headline RMSE/differences: 6 decimals; table values: source-derived fixed precision,results/sensitivities/aggregation_order/summary/aggregation_configuration_summary.csv,AOI=AOI-03; sensor=sentinel2; primary_history=W2024,code/sensitivities/build_processing_sensitivities.py,CANONICAL
agg_sentinel2_AOI-03_rolling_origin_direction_changed,aggregation_order_sensitivity,sentinel2,AOI-03,2025,reflectance_first,rolling_origin_direction_changed,False,False,counts: integer; manuscript headline RMSE/differences: 6 decimals; table values: source-derived fixed precision,results/sensitivities/aggregation_order/summary/aggregation_configuration_summary.csv,AOI=AOI-03; sensor=sentinel2; primary_history=W2024,code/sensitivities/build_processing_sensitivities.py,CANONICAL
aerosol_summary_total_intended_units,aerosol_qa_sensitivity,landsat,ALL,ALL,three modes,total_intended_units,12.0,12,counts: integer; manuscript headline RMSE/differences: 6 decimals; table values: source-derived fixed precision,results/sensitivities/landsat_aerosol/summary/AEROSOL_QA_FINAL_SUMMARY.csv,summary row=1,code/sensitivities/build_processing_sensitivities.py,CANONICAL
aerosol_summary_zero_support_groups,aerosol_qa_sensitivity,landsat,ALL,ALL,three modes,zero_support_groups,2.0,2,counts: integer; manuscript headline RMSE/differences: 6 decimals; table values: source-derived fixed precision,results/sensitivities/landsat_aerosol/summary/AEROSOL_QA_FINAL_SUMMARY.csv,summary row=1,code/sensitivities/build_processing_sensitivities.py,CANONICAL
aerosol_summary_estimable_operational,aerosol_qa_sensitivity,landsat,ALL,ALL,three modes,estimable_operational,12.0,12,counts: integer; manuscript headline RMSE/differences: 6 decimals; table values: source-derived fixed precision,results/sensitivities/landsat_aerosol/summary/AEROSOL_QA_FINAL_SUMMARY.csv,summary row=1,code/sensitivities/build_processing_sensitivities.py,CANONICAL
aerosol_summary_operational_min,aerosol_qa_sensitivity,landsat,ALL,ALL,three modes,operational_min,-3.0019416184370873e-05,-0.000030,counts: integer; manuscript headline RMSE/differences: 6 decimals; table values: source-derived fixed precision,results/sensitivities/landsat_aerosol/summary/AEROSOL_QA_FINAL_SUMMARY.csv,summary row=1,code/sensitivities/build_processing_sensitivities.py,CANONICAL
aerosol_summary_operational_max,aerosol_qa_sensitivity,landsat,ALL,ALL,three modes,operational_max,0.0305898509651775,0.030590,counts: integer; manuscript headline RMSE/differences: 6 decimals; table values: source-derived fixed precision,results/sensitivities/landsat_aerosol/summary/AEROSOL_QA_FINAL_SUMMARY.csv,summary row=1,code/sensitivities/build_processing_sensitivities.py,CANONICAL
aerosol_summary_matched_estimable,aerosol_qa_sensitivity,landsat,ALL,ALL,three modes,matched_estimable,12.0,12,counts: integer; manuscript headline RMSE/differences: 6 decimals; table values: source-derived fixed precision,results/sensitivities/landsat_aerosol/summary/AEROSOL_QA_FINAL_SUMMARY.csv,summary row=1,code/sensitivities/build_processing_sensitivities.py,CANONICAL
aerosol_summary_history_comparable_changes,aerosol_qa_sensitivity,landsat,ALL,ALL,three modes,history_comparable_changes,9.0,9,counts: integer; manuscript headline RMSE/differences: 6 decimals; table values: source-derived fixed precision,results/sensitivities/landsat_aerosol/summary/AEROSOL_QA_FINAL_SUMMARY.csv,summary row=1,code/sensitivities/build_processing_sensitivities.py,CANONICAL
aerosol_summary_ro_direction_changes,aerosol_qa_sensitivity,landsat,ALL,ALL,three modes,ro_direction_changes,14.0,14,counts: integer; manuscript headline RMSE/differences: 6 decimals; table values: source-derived fixed precision,results/sensitivities/landsat_aerosol/summary/AEROSOL_QA_FINAL_SUMMARY.csv,summary row=1,code/sensitivities/build_processing_sensitivities.py,CANONICAL
aerosol_summary_ro_not_comparable,aerosol_qa_sensitivity,landsat,ALL,ALL,three modes,ro_not_comparable,3.0,3,counts: integer; manuscript headline RMSE/differences: 6 decimals; table values: source-derived fixed precision,results/sensitivities/landsat_aerosol/summary/AEROSOL_QA_FINAL_SUMMARY.csv,summary row=1,code/sensitivities/build_processing_sensitivities.py,CANONICAL
aerosol_aerosol_matched_comparisons_1,aerosol_qa_sensitivity,landsat,AOI-00,ALL,exclude_high_aerosol,comparison state,"{""AOI"": ""AOI-00"", ""common_identity_n"": 74938, ""matched_delta_RMSE"": 0.0011035184336169, ""matched_status"": ""ESTIMABLE_IDENTICAL_SUPPORT"", ""mode"": ""exclude_high_aerosol"", ""operational_delta_RMSE"": 0.000135359724997, ""operational_status"": ""ESTIMABLE""}",machine-readable row,counts: integer; manuscript headline RMSE/differences: 6 decimals; table values: source-derived fixed precision,results/sensitivities/landsat_aerosol/summary/AEROSOL_MATCHED_COMPARISONS.csv,row=2,code/sensitivities/build_processing_sensitivities.py,CANONICAL
aerosol_aerosol_matched_comparisons_2,aerosol_qa_sensitivity,landsat,AOI-01,ALL,exclude_high_aerosol,comparison state,"{""AOI"": ""AOI-01"", ""common_identity_n"": 50871, ""matched_delta_RMSE"": 0.0001168654770996, ""matched_status"": ""ESTIMABLE_IDENTICAL_SUPPORT"", ""mode"": ""exclude_high_aerosol"", ""operational_delta_RMSE"": 0.0001125420912415, ""operational_status"": ""ESTIMABLE""}",machine-readable row,counts: integer; manuscript headline RMSE/differences: 6 decimals; table values: source-derived fixed precision,results/sensitivities/landsat_aerosol/summary/AEROSOL_MATCHED_COMPARISONS.csv,row=3,code/sensitivities/build_processing_sensitivities.py,CANONICAL
aerosol_aerosol_matched_comparisons_3,aerosol_qa_sensitivity,landsat,AOI-02,ALL,exclude_high_aerosol,comparison state,"{""AOI"": ""AOI-02"", ""common_identity_n"": 6944, ""matched_delta_RMSE"": 0.0164694134318352, ""matched_status"": ""ESTIMABLE_IDENTICAL_SUPPORT"", ""mode"": ""exclude_high_aerosol"", ""operational_delta_RMSE"": 0.0138641355802714, ""operational_status"": ""ESTIMABLE""}",machine-readable row,counts: integer; manuscript headline RMSE/differences: 6 decimals; table values: source-derived fixed precision,results/sensitivities/landsat_aerosol/summary/AEROSOL_MATCHED_COMPARISONS.csv,row=4,code/sensitivities/build_processing_sensitivities.py,CANONICAL
aerosol_aerosol_matched_comparisons_4,aerosol_qa_sensitivity,landsat,AOI-03,ALL,exclude_high_aerosol,comparison state,"{""AOI"": ""AOI-03"", ""common_identity_n"": 34680, ""matched_delta_RMSE"": 0.000330222136059, ""matched_status"": ""ESTIMABLE_IDENTICAL_SUPPORT"", ""mode"": ""exclude_high_aerosol"", ""operational_delta_RMSE"": -3.0019416184370873e-05, ""operational_status"": ""ESTIMABLE""}",machine-readable row,counts: integer; manuscript headline RMSE/differences: 6 decimals; table values: source-derived fixed precision,results/sensitivities/landsat_aerosol/summary/AEROSOL_MATCHED_COMPARISONS.csv,row=5,code/sensitivities/build_processing_sensitivities.py,CANONICAL
aerosol_aerosol_matched_comparisons_5,aerosol_qa_sensitivity,landsat,AOI-00,ALL,valid_retrieval_no_high,comparison state,"{""AOI"": ""AOI-00"", ""common_identity_n"": 73726, ""matched_delta_RMSE"": 0.0056736815411889, ""matched_status"": ""ESTIMABLE_IDENTICAL_SUPPORT"", ""mode"": ""valid_retrieval_no_high"", ""operational_delta_RMSE"": 0.0046019549323267, ""operational_status"": ""ESTIMABLE""}",machine-readable row,counts: integer; manuscript headline RMSE/differences: 6 decimals; table values: source-derived fixed precision,results/sensitivities/landsat_aerosol/summary/AEROSOL_MATCHED_COMPARISONS.csv,row=6,code/sensitivities/build_processing_sensitivities.py,CANONICAL
aerosol_aerosol_matched_comparisons_6,aerosol_qa_sensitivity,landsat,AOI-01,ALL,valid_retrieval_no_high,comparison state,"{""AOI"": ""AOI-01"", ""common_identity_n"": 49884, ""matched_delta_RMSE"": 0.0001275053704559, ""matched_status"": ""ESTIMABLE_IDENTICAL_SUPPORT"", ""mode"": ""valid_retrieval_no_high"", ""operational_delta_RMSE"": 0.0001368653177346, ""operational_status"": ""ESTIMABLE""}",machine-readable row,counts: integer; manuscript headline RMSE/differences: 6 decimals; table values: source-derived fixed precision,results/sensitivities/landsat_aerosol/summary/AEROSOL_MATCHED_COMPARISONS.csv,row=7,code/sensitivities/build_processing_sensitivities.py,CANONICAL
aerosol_aerosol_matched_comparisons_7,aerosol_qa_sensitivity,landsat,AOI-02,ALL,valid_retrieval_no_high,comparison state,"{""AOI"": ""AOI-02"", ""common_identity_n"": 6342, ""matched_delta_RMSE"": 0.0301586653760715, ""matched_status"": ""ESTIMABLE_IDENTICAL_SUPPORT"", ""mode"": ""valid_retrieval_no_high"", ""operational_delta_RMSE"": 0.0250361224505986, ""operational_status"": ""ESTIMABLE""}",machine-readable row,counts: integer; manuscript headline RMSE/differences: 6 decimals; table values: source-derived fixed precision,results/sensitivities/landsat_aerosol/summary/AEROSOL_MATCHED_COMPARISONS.csv,row=8,code/sensitivities/build_processing_sensitivities.py,CANONICAL
aerosol_aerosol_matched_comparisons_8,aerosol_qa_sensitivity,landsat,AOI-03,ALL,valid_retrieval_no_high,comparison state,"{""AOI"": ""AOI-03"", ""common_identity_n"": 33360, ""matched_delta_RMSE"": 0.0011899398366699, ""matched_status"": ""ESTIMABLE_IDENTICAL_SUPPORT"", ""mode"": ""valid_retrieval_no_high"", ""operational_delta_RMSE"": 0.0004952975915383, ""operational_status"": ""ESTIMABLE""}",machine-readable row,counts: integer; manuscript headline RMSE/differences: 6 decimals; table values: source-derived fixed precision,results/sensitivities/landsat_aerosol/summary/AEROSOL_MATCHED_COMPARISONS.csv,row=9,code/sensitivities/build_processing_sensitivities.py,CANONICAL
aerosol_aerosol_matched_comparisons_9,aerosol_qa_sensitivity,landsat,AOI-00,ALL,strict_aerosol,comparison state,"{""AOI"": ""AOI-00"", ""common_identity_n"": 68267, ""matched_delta_RMSE"": 0.0130225299447058, ""matched_status"": ""ESTIMABLE_IDENTICAL_SUPPORT"", ""mode"": ""strict_aerosol"", ""operational_delta_RMSE"": 0.0118329094947425, ""operational_status"": ""ESTIMABLE""}",machine-readable row,counts: integer; manuscript headline RMSE/differences: 6 decimals; table values: source-derived fixed precision,results/sensitivities/landsat_aerosol/summary/AEROSOL_MATCHED_COMPARISONS.csv,row=10,code/sensitivities/build_processing_sensitivities.py,CANONICAL
aerosol_aerosol_matched_comparisons_10,aerosol_qa_sensitivity,landsat,AOI-01,ALL,strict_aerosol,comparison state,"{""AOI"": ""AOI-01"", ""common_identity_n"": 43434, ""matched_delta_RMSE"": 0.0003219083419142, ""matched_status"": ""ESTIMABLE_IDENTICAL_SUPPORT"", ""mode"": ""strict_aerosol"", ""operational_delta_RMSE"": 0.0002763276489, ""operational_status"": ""ESTIMABLE""}",machine-readable row,counts: integer; manuscript headline RMSE/differences: 6 decimals; table values: source-derived fixed precision,results/sensitivities/landsat_aerosol/summary/AEROSOL_MATCHED_COMPARISONS.csv,row=11,code/sensitivities/build_processing_sensitivities.py,CANONICAL
aerosol_aerosol_matched_comparisons_11,aerosol_qa_sensitivity,landsat,AOI-02,ALL,strict_aerosol,comparison state,"{""AOI"": ""AOI-02"", ""common_identity_n"": 4740, ""matched_delta_RMSE"": 0.0362295183246176, ""matched_status"": ""ESTIMABLE_IDENTICAL_SUPPORT"", ""mode"": ""strict_aerosol"", ""operational_delta_RMSE"": 0.0305898509651775, ""operational_status"": ""ESTIMABLE""}",machine-readable row,counts: integer; manuscript headline RMSE/differences: 6 decimals; table values: source-derived fixed precision,results/sensitivities/landsat_aerosol/summary/AEROSOL_MATCHED_COMPARISONS.csv,row=12,code/sensitivities/build_processing_sensitivities.py,CANONICAL
aerosol_aerosol_matched_comparisons_12,aerosol_qa_sensitivity,landsat,AOI-03,ALL,strict_aerosol,comparison state,"{""AOI"": ""AOI-03"", ""common_identity_n"": 28891, ""matched_delta_RMSE"": 0.0040743671494334, ""matched_status"": ""ESTIMABLE_IDENTICAL_SUPPORT"", ""mode"": ""strict_aerosol"", ""operational_delta_RMSE"": 0.0024344626846391, ""operational_status"": ""ESTIMABLE""}",machine-readable row,counts: integer; manuscript headline RMSE/differences: 6 decimals; table values: source-derived fixed precision,results/sensitivities/landsat_aerosol/summary/AEROSOL_MATCHED_COMPARISONS.csv,row=13,code/sensitivities/build_processing_sensitivities.py,CANONICAL
aerosol_aerosol_ro_direction_audit_1,aerosol_qa_sensitivity,landsat,AOI-00,2024,exclude_high_aerosol,comparison state,"{""AOI"": ""AOI-00"", ""mode"": ""exclude_high_aerosol"", ""state"": ""NO_CHANGE"", ""target_year"": 2024}",machine-readable row,counts: integer; manuscript headline RMSE/differences: 6 decimals; table values: source-derived fixed precision,results/sensitivities/landsat_aerosol/summary/AEROSOL_RO_DIRECTION_AUDIT.csv,row=2,code/sensitivities/build_processing_sensitivities.py,CANONICAL
aerosol_aerosol_ro_direction_audit_2,aerosol_qa_sensitivity,landsat,AOI-00,2025,exclude_high_aerosol,comparison state,"{""AOI"": ""AOI-00"", ""mode"": ""exclude_high_aerosol"", ""state"": ""NO_CHANGE"", ""target_year"": 2025}",machine-readable row,counts: integer; manuscript headline RMSE/differences: 6 decimals; table values: source-derived fixed precision,results/sensitivities/landsat_aerosol/summary/AEROSOL_RO_DIRECTION_AUDIT.csv,row=3,code/sensitivities/build_processing_sensitivities.py,CANONICAL
aerosol_aerosol_ro_direction_audit_3,aerosol_qa_sensitivity,landsat,AOI-01,2024,exclude_high_aerosol,comparison state,"{""AOI"": ""AOI-01"", ""mode"": ""exclude_high_aerosol"", ""state"": ""DIRECTION_CHANGE"", ""target_year"": 2024}",machine-readable row,counts: integer; manuscript headline RMSE/differences: 6 decimals; table values: source-derived fixed precision,results/sensitivities/landsat_aerosol/summary/AEROSOL_RO_DIRECTION_AUDIT.csv,row=4,code/sensitivities/build_processing_sensitivities.py,CANONICAL
aerosol_aerosol_ro_direction_audit_4,aerosol_qa_sensitivity,landsat,AOI-01,2025,exclude_high_aerosol,comparison state,"{""AOI"": ""AOI-01"", ""mode"": ""exclude_high_aerosol"", ""state"": ""DIRECTION_CHANGE"", ""target_year"": 2025}",machine-readable row,counts: integer; manuscript headline RMSE/differences: 6 decimals; table values: source-derived fixed precision,results/sensitivities/landsat_aerosol/summary/AEROSOL_RO_DIRECTION_AUDIT.csv,row=5,code/sensitivities/build_processing_sensitivities.py,CANONICAL
aerosol_aerosol_ro_direction_audit_5,aerosol_qa_sensitivity,landsat,AOI-02,2024,exclude_high_aerosol,comparison state,"{""AOI"": ""AOI-02"", ""mode"": ""exclude_high_aerosol"", ""state"": ""NOT_COMPARABLE"", ""target_year"": 2024}",machine-readable row,counts: integer; manuscript headline RMSE/differences: 6 decimals; table values: source-derived fixed precision,results/sensitivities/landsat_aerosol/summary/AEROSOL_RO_DIRECTION_AUDIT.csv,row=6,code/sensitivities/build_processing_sensitivities.py,CANONICAL
aerosol_aerosol_ro_direction_audit_6,aerosol_qa_sensitivity,landsat,AOI-02,2025,exclude_high_aerosol,comparison state,"{""AOI"": ""AOI-02"", ""mode"": ""exclude_high_aerosol"", ""state"": ""DIRECTION_CHANGE"", ""target_year"": 2025}",machine-readable row,counts: integer; manuscript headline RMSE/differences: 6 decimals; table values: source-derived fixed precision,results/sensitivities/landsat_aerosol/summary/AEROSOL_RO_DIRECTION_AUDIT.csv,row=7,code/sensitivities/build_processing_sensitivities.py,CANONICAL
aerosol_aerosol_ro_direction_audit_7,aerosol_qa_sensitivity,landsat,AOI-03,2024,exclude_high_aerosol,comparison state,"{""AOI"": ""AOI-03"", ""mode"": ""exclude_high_aerosol"", ""state"": ""NO_CHANGE"", ""target_year"": 2024}",machine-readable row,counts: integer; manuscript headline RMSE/differences: 6 decimals; table values: source-derived fixed precision,results/sensitivities/landsat_aerosol/summary/AEROSOL_RO_DIRECTION_AUDIT.csv,row=8,code/sensitivities/build_processing_sensitivities.py,CANONICAL
aerosol_aerosol_ro_direction_audit_8,aerosol_qa_sensitivity,landsat,AOI-03,2025,exclude_high_aerosol,comparison state,"{""AOI"": ""AOI-03"", ""mode"": ""exclude_high_aerosol"", ""state"": ""DIRECTION_CHANGE"", ""target_year"": 2025}",machine-readable row,counts: integer; manuscript headline RMSE/differences: 6 decimals; table values: source-derived fixed precision,results/sensitivities/landsat_aerosol/summary/AEROSOL_RO_DIRECTION_AUDIT.csv,row=9,code/sensitivities/build_processing_sensitivities.py,CANONICAL
aerosol_aerosol_ro_direction_audit_9,aerosol_qa_sensitivity,landsat,AOI-00,2024,valid_retrieval_no_high,comparison state,"{""AOI"": ""AOI-00"", ""mode"": ""valid_retrieval_no_high"", ""state"": ""DIRECTION_CHANGE"", ""target_year"": 2024}",machine-readable row,counts: integer; manuscript headline RMSE/differences: 6 decimals; table values: source-derived fixed precision,results/sensitivities/landsat_aerosol/summary/AEROSOL_RO_DIRECTION_AUDIT.csv,row=10,code/sensitivities/build_processing_sensitivities.py,CANONICAL
aerosol_aerosol_ro_direction_audit_10,aerosol_qa_sensitivity,landsat,AOI-00,2025,valid_retrieval_no_high,comparison state,"{""AOI"": ""AOI-00"", ""mode"": ""valid_retrieval_no_high"", ""state"": ""NO_CHANGE"", ""target_year"": 2025}",machine-readable row,counts: integer; manuscript headline RMSE/differences: 6 decimals; table values: source-derived fixed precision,results/sensitivities/landsat_aerosol/summary/AEROSOL_RO_DIRECTION_AUDIT.csv,row=11,code/sensitivities/build_processing_sensitivities.py,CANONICAL
aerosol_aerosol_ro_direction_audit_11,aerosol_qa_sensitivity,landsat,AOI-01,2024,valid_retrieval_no_high,comparison state,"{""AOI"": ""AOI-01"", ""mode"": ""valid_retrieval_no_high"", ""state"": ""DIRECTION_CHANGE"", ""target_year"": 2024}",machine-readable row,counts: integer; manuscript headline RMSE/differences: 6 decimals; table values: source-derived fixed precision,results/sensitivities/landsat_aerosol/summary/AEROSOL_RO_DIRECTION_AUDIT.csv,row=12,code/sensitivities/build_processing_sensitivities.py,CANONICAL
aerosol_aerosol_ro_direction_audit_12,aerosol_qa_sensitivity,landsat,AOI-01,2025,valid_retrieval_no_high,comparison state,"{""AOI"": ""AOI-01"", ""mode"": ""valid_retrieval_no_high"", ""state"": ""DIRECTION_CHANGE"", ""target_year"": 2025}",machine-readable row,counts: integer; manuscript headline RMSE/differences: 6 decimals; table values: source-derived fixed precision,results/sensitivities/landsat_aerosol/summary/AEROSOL_RO_DIRECTION_AUDIT.csv,row=13,code/sensitivities/build_processing_sensitivities.py,CANONICAL
aerosol_aerosol_ro_direction_audit_13,aerosol_qa_sensitivity,landsat,AOI-02,2024,valid_retrieval_no_high,comparison state,"{""AOI"": ""AOI-02"", ""mode"": ""valid_retrieval_no_high"", ""state"": ""NOT_COMPARABLE"", ""target_year"": 2024}",machine-readable row,counts: integer; manuscript headline RMSE/differences: 6 decimals; table values: source-derived fixed precision,results/sensitivities/landsat_aerosol/summary/AEROSOL_RO_DIRECTION_AUDIT.csv,row=14,code/sensitivities/build_processing_sensitivities.py,CANONICAL
aerosol_aerosol_ro_direction_audit_14,aerosol_qa_sensitivity,landsat,AOI-02,2025,valid_retrieval_no_high,comparison state,"{""AOI"": ""AOI-02"", ""mode"": ""valid_retrieval_no_high"", ""state"": ""DIRECTION_CHANGE"", ""target_year"": 2025}",machine-readable row,counts: integer; manuscript headline RMSE/differences: 6 decimals; table values: source-derived fixed precision,results/sensitivities/landsat_aerosol/summary/AEROSOL_RO_DIRECTION_AUDIT.csv,row=15,code/sensitivities/build_processing_sensitivities.py,CANONICAL
aerosol_aerosol_ro_direction_audit_15,aerosol_qa_sensitivity,landsat,AOI-03,2024,valid_retrieval_no_high,comparison state,"{""AOI"": ""AOI-03"", ""mode"": ""valid_retrieval_no_high"", ""state"": ""NO_CHANGE"", ""target_year"": 2024}",machine-readable row,counts: integer; manuscript headline RMSE/differences: 6 decimals; table values: source-derived fixed precision,results/sensitivities/landsat_aerosol/summary/AEROSOL_RO_DIRECTION_AUDIT.csv,row=16,code/sensitivities/build_processing_sensitivities.py,CANONICAL
aerosol_aerosol_ro_direction_audit_16,aerosol_qa_sensitivity,landsat,AOI-03,2025,valid_retrieval_no_high,comparison state,"{""AOI"": ""AOI-03"", ""mode"": ""valid_retrieval_no_high"", ""state"": ""DIRECTION_CHANGE"", ""target_year"": 2025}",machine-readable row,counts: integer; manuscript headline RMSE/differences: 6 decimals; table values: source-derived fixed precision,results/sensitivities/landsat_aerosol/summary/AEROSOL_RO_DIRECTION_AUDIT.csv,row=17,code/sensitivities/build_processing_sensitivities.py,CANONICAL
aerosol_aerosol_ro_direction_audit_17,aerosol_qa_sensitivity,landsat,AOI-00,2024,strict_aerosol,comparison state,"{""AOI"": ""AOI-00"", ""mode"": ""strict_aerosol"", ""state"": ""DIRECTION_CHANGE"", ""target_year"": 2024}",machine-readable row,counts: integer; manuscript headline RMSE/differences: 6 decimals; table values: source-derived fixed precision,results/sensitivities/landsat_aerosol/summary/AEROSOL_RO_DIRECTION_AUDIT.csv,row=18,code/sensitivities/build_processing_sensitivities.py,CANONICAL
aerosol_aerosol_ro_direction_audit_18,aerosol_qa_sensitivity,landsat,AOI-00,2025,strict_aerosol,comparison state,"{""AOI"": ""AOI-00"", ""mode"": ""strict_aerosol"", ""state"": ""NO_CHANGE"", ""target_year"": 2025}",machine-readable row,counts: integer; manuscript headline RMSE/differences: 6 decimals; table values: source-derived fixed precision,results/sensitivities/landsat_aerosol/summary/AEROSOL_RO_DIRECTION_AUDIT.csv,row=19,code/sensitivities/build_processing_sensitivities.py,CANONICAL
aerosol_aerosol_ro_direction_audit_19,aerosol_qa_sensitivity,landsat,AOI-01,2024,strict_aerosol,comparison state,"{""AOI"": ""AOI-01"", ""mode"": ""strict_aerosol"", ""state"": ""NO_CHANGE"", ""target_year"": 2024}",machine-readable row,counts: integer; manuscript headline RMSE/differences: 6 decimals; table values: source-derived fixed precision,results/sensitivities/landsat_aerosol/summary/AEROSOL_RO_DIRECTION_AUDIT.csv,row=20,code/sensitivities/build_processing_sensitivities.py,CANONICAL
aerosol_aerosol_ro_direction_audit_20,aerosol_qa_sensitivity,landsat,AOI-01,2025,strict_aerosol,comparison state,"{""AOI"": ""AOI-01"", ""mode"": ""strict_aerosol"", ""state"": ""DIRECTION_CHANGE"", ""target_year"": 2025}",machine-readable row,counts: integer; manuscript headline RMSE/differences: 6 decimals; table values: source-derived fixed precision,results/sensitivities/landsat_aerosol/summary/AEROSOL_RO_DIRECTION_AUDIT.csv,row=21,code/sensitivities/build_processing_sensitivities.py,CANONICAL
aerosol_aerosol_ro_direction_audit_21,aerosol_qa_sensitivity,landsat,AOI-02,2024,strict_aerosol,comparison state,"{""AOI"": ""AOI-02"", ""mode"": ""strict_aerosol"", ""state"": ""NOT_COMPARABLE"", ""target_year"": 2024}",machine-readable row,counts: integer; manuscript headline RMSE/differences: 6 decimals; table values: source-derived fixed precision,results/sensitivities/landsat_aerosol/summary/AEROSOL_RO_DIRECTION_AUDIT.csv,row=22,code/sensitivities/build_processing_sensitivities.py,CANONICAL
aerosol_aerosol_ro_direction_audit_22,aerosol_qa_sensitivity,landsat,AOI-02,2025,strict_aerosol,comparison state,"{""AOI"": ""AOI-02"", ""mode"": ""strict_aerosol"", ""state"": ""DIRECTION_CHANGE"", ""target_year"": 2025}",machine-readable row,counts: integer; manuscript headline RMSE/differences: 6 decimals; table values: source-derived fixed precision,results/sensitivities/landsat_aerosol/summary/AEROSOL_RO_DIRECTION_AUDIT.csv,row=23,code/sensitivities/build_processing_sensitivities.py,CANONICAL
aerosol_aerosol_ro_direction_audit_23,aerosol_qa_sensitivity,landsat,AOI-03,2024,strict_aerosol,comparison state,"{""AOI"": ""AOI-03"", ""mode"": ""strict_aerosol"", ""state"": ""DIRECTION_CHANGE"", ""target_year"": 2024}",machine-readable row,counts: integer; manuscript headline RMSE/differences: 6 decimals; table values: source-derived fixed precision,results/sensitivities/landsat_aerosol/summary/AEROSOL_RO_DIRECTION_AUDIT.csv,row=24,code/sensitivities/build_processing_sensitivities.py,CANONICAL
aerosol_aerosol_ro_direction_audit_24,aerosol_qa_sensitivity,landsat,AOI-03,2025,strict_aerosol,comparison state,"{""AOI"": ""AOI-03"", ""mode"": ""strict_aerosol"", ""state"": ""DIRECTION_CHANGE"", ""target_year"": 2025}",machine-readable row,counts: integer; manuscript headline RMSE/differences: 6 decimals; table values: source-derived fixed precision,results/sensitivities/landsat_aerosol/summary/AEROSOL_RO_DIRECTION_AUDIT.csv,row=25,code/sensitivities/build_processing_sensitivities.py,CANONICAL
