sensitivity,variant,experiment,AOI,sensor,train_years,target_year,rolling_id,history_length,block_id,block_rmse,block_mae,block_bias,block_n
spatial_aggregation_order,reflectance_first,rolling_origin,AOI-00,landsat,2023,2024,R2024-H1,1,AOI-00_b_0_1,0.0461637551722978,0.03884287257997737,0.021479685107535854,51
spatial_aggregation_order,reflectance_first,rolling_origin,AOI-00,landsat,2023,2024,R2024-H1,1,AOI-00_b_0_2,0.04718979382131056,0.03738713884180886,-0.016514571908971844,185
spatial_aggregation_order,reflectance_first,rolling_origin,AOI-00,landsat,2023,2024,R2024-H1,1,AOI-00_b_0_3,0.040323158047933114,0.030373631217512794,-0.007036124832811224,156
spatial_aggregation_order,reflectance_first,rolling_origin,AOI-00,landsat,2023,2024,R2024-H1,1,AOI-00_b_0_4,0.037837725808548266,0.02908719258152977,0.012603519213850709,57
spatial_aggregation_order,reflectance_first,rolling_origin,AOI-00,landsat,2023,2024,R2024-H1,1,AOI-00_b_1_1,0.05715111862791093,0.04731123419928131,0.022281347016664173,403
spatial_aggregation_order,reflectance_first,rolling_origin,AOI-00,landsat,2023,2024,R2024-H1,1,AOI-00_b_1_2,0.04710310282529623,0.03926008572614509,0.022291323417451315,860
spatial_aggregation_order,reflectance_first,rolling_origin,AOI-00,landsat,2023,2024,R2024-H1,1,AOI-00_b_1_3,0.04236654086234175,0.03421646239061238,0.0008768666717036696,900
spatial_aggregation_order,reflectance_first,rolling_origin,AOI-00,landsat,2023,2024,R2024-H1,1,AOI-00_b_1_4,0.03444956949536131,0.027340658674575094,0.010954100669402198,834
spatial_aggregation_order,reflectance_first,rolling_origin,AOI-00,landsat,2023,2024,R2024-H1,1,AOI-00_b_1_5,0.043566694541387445,0.03852413247275103,0.011542623761908255,12
spatial_aggregation_order,reflectance_first,rolling_origin,AOI-00,landsat,2023,2024,R2024-H1,1,AOI-00_b_2_1,0.05494093484947966,0.04497057100459587,0.022458932102479977,442
spatial_aggregation_order,reflectance_first,rolling_origin,AOI-00,landsat,2023,2024,R2024-H1,1,AOI-00_b_2_2,0.04928720749595062,0.04125975527786926,0.024748764956356917,894
spatial_aggregation_order,reflectance_first,rolling_origin,AOI-00,landsat,2023,2024,R2024-H1,1,AOI-00_b_2_3,0.03100440776785107,0.02459459185671681,0.009905505802946394,855
spatial_aggregation_order,reflectance_first,rolling_origin,AOI-00,landsat,2023,2024,R2024-H1,1,AOI-00_b_2_4,0.03755859030465825,0.027608338885727505,-0.009089447060127868,855
spatial_aggregation_order,reflectance_first,rolling_origin,AOI-00,landsat,2023,2024,R2024-H1,1,AOI-00_b_2_5,0.04100202811730057,0.03247923634904219,-0.026047708805397154,236
spatial_aggregation_order,reflectance_first,rolling_origin,AOI-00,landsat,2023,2024,R2024-H1,1,AOI-00_b_3_0,0.04922021656482627,0.037559681272158675,0.020354748092093353,45
spatial_aggregation_order,reflectance_first,rolling_origin,AOI-00,landsat,2023,2024,R2024-H1,1,AOI-00_b_3_1,0.06718098612752639,0.06275126373251416,0.06204211111996394,603
spatial_aggregation_order,reflectance_first,rolling_origin,AOI-00,landsat,2023,2024,R2024-H1,1,AOI-00_b_3_2,0.06603693928854364,0.058965097659424544,0.05259178697342491,855
spatial_aggregation_order,reflectance_first,rolling_origin,AOI-00,landsat,2023,2024,R2024-H1,1,AOI-00_b_3_3,0.037375908690703376,0.02859930822130847,0.00901533596956542,855
spatial_aggregation_order,reflectance_first,rolling_origin,AOI-00,landsat,2023,2024,R2024-H1,1,AOI-00_b_3_4,0.03782040544987752,0.03029880217368095,-0.014916444072683124,849
spatial_aggregation_order,reflectance_first,rolling_origin,AOI-00,landsat,2023,2024,R2024-H1,1,AOI-00_b_3_5,0.057842400569996746,0.045091219241212885,-0.026403036146527087,221
spatial_aggregation_order,reflectance_first,rolling_origin,AOI-00,landsat,2023,2024,R2024-H1,1,AOI-00_b_4_0,0.05174196412045633,0.044177873154031724,0.041055588168855676,78
spatial_aggregation_order,reflectance_first,rolling_origin,AOI-00,landsat,2023,2024,R2024-H1,1,AOI-00_b_4_1,0.06751376327346559,0.06283871333458182,0.061990302361317334,894
spatial_aggregation_order,reflectance_first,rolling_origin,AOI-00,landsat,2023,2024,R2024-H1,1,AOI-00_b_4_2,0.06592440297035529,0.05819421939800694,0.052277826359434294,855
spatial_aggregation_order,reflectance_first,rolling_origin,AOI-00,landsat,2023,2024,R2024-H1,1,AOI-00_b_4_3,0.03351605221229694,0.02604047301091818,-0.000648288372627476,854
spatial_aggregation_order,reflectance_first,rolling_origin,AOI-00,landsat,2023,2024,R2024-H1,1,AOI-00_b_4_4,0.0444410403405232,0.0340732759053827,-0.008667238600792462,639
spatial_aggregation_order,reflectance_first,rolling_origin,AOI-00,landsat,2023,2024,R2024-H1,1,AOI-00_b_5_0,0.07655192147945739,0.0746678818041888,0.0746678818041888,3
spatial_aggregation_order,reflectance_first,rolling_origin,AOI-00,landsat,2023,2024,R2024-H1,1,AOI-00_b_5_1,0.06908277302714662,0.06134519716155482,0.05157402415048102,858
spatial_aggregation_order,reflectance_first,rolling_origin,AOI-00,landsat,2023,2024,R2024-H1,1,AOI-00_b_5_2,0.06556146848196379,0.056139120098725646,0.04142903935060101,870
spatial_aggregation_order,reflectance_first,rolling_origin,AOI-00,landsat,2023,2024,R2024-H1,1,AOI-00_b_5_3,0.046924100994285185,0.03528624228185691,0.00464919317858585,855
spatial_aggregation_order,reflectance_first,rolling_origin,AOI-00,landsat,2023,2024,R2024-H1,1,AOI-00_b_5_4,0.0456817423636746,0.032929122807815986,0.008678437096334302,684
spatial_aggregation_order,reflectance_first,rolling_origin,AOI-00,landsat,2023,2024,R2024-H1,1,AOI-00_b_6_0,0.06680683177631865,0.06212896983986431,0.05386586128114353,63
spatial_aggregation_order,reflectance_first,rolling_origin,AOI-00,landsat,2023,2024,R2024-H1,1,AOI-00_b_6_1,0.0682720454567807,0.061666632702071664,0.057648746040111824,825
spatial_aggregation_order,reflectance_first,rolling_origin,AOI-00,landsat,2023,2024,R2024-H1,1,AOI-00_b_6_2,0.06854674833773299,0.06458654039806626,0.06380291889734595,912
spatial_aggregation_order,reflectance_first,rolling_origin,AOI-00,landsat,2023,2024,R2024-H1,1,AOI-00_b_6_3,0.05550867775565143,0.04512288190716604,0.03003304438946275,855
spatial_aggregation_order,reflectance_first,rolling_origin,AOI-00,landsat,2023,2024,R2024-H1,1,AOI-00_b_6_4,0.04851368265878704,0.03434822148684441,-0.007713298465474179,213
spatial_aggregation_order,reflectance_first,rolling_origin,AOI-00,landsat,2023,2024,R2024-H1,1,AOI-00_b_7_1,0.06814653290413573,0.06619888573900377,0.06619888573900377,57
spatial_aggregation_order,reflectance_first,rolling_origin,AOI-00,landsat,2023,2024,R2024-H1,1,AOI-00_b_7_2,0.0470431362404909,0.04243392041535915,0.040974503128439504,102
spatial_aggregation_order,reflectance_first,rolling_origin,AOI-00,landsat,2023,2024,R2024-H1,1,AOI-00_b_7_3,0.0323080578541838,0.025436691537425084,-0.007252229665391156,339
spatial_aggregation_order,reflectance_first,rolling_origin,AOI-00,landsat,2023,2024,R2024-H1,1,AOI-00_b_7_4,0.03423200265704348,0.028765357118612292,-0.027737124448890624,62
spatial_aggregation_order,reflectance_first,rolling_origin,AOI-00,landsat,2022;2023,2024,R2024-H2,2,AOI-00_b_0_1,0.04452458310041648,0.03617467373362801,0.013264319619539288,51
spatial_aggregation_order,reflectance_first,rolling_origin,AOI-00,landsat,2022;2023,2024,R2024-H2,2,AOI-00_b_0_2,0.049042780553124346,0.038486174760036504,-0.01991670592313329,185
spatial_aggregation_order,reflectance_first,rolling_origin,AOI-00,landsat,2022;2023,2024,R2024-H2,2,AOI-00_b_0_3,0.04139544436954614,0.03096119844930193,-0.008470997906719657,156
spatial_aggregation_order,reflectance_first,rolling_origin,AOI-00,landsat,2022;2023,2024,R2024-H2,2,AOI-00_b_0_4,0.03813860023398506,0.029056159757351152,0.011202689474378316,57
spatial_aggregation_order,reflectance_first,rolling_origin,AOI-00,landsat,2022;2023,2024,R2024-H2,2,AOI-00_b_1_1,0.054813929204949624,0.045244509871505946,0.015687501342757305,403
spatial_aggregation_order,reflectance_first,rolling_origin,AOI-00,landsat,2022;2023,2024,R2024-H2,2,AOI-00_b_1_2,0.046964512339595615,0.03911852607259136,0.01971975144228119,860
spatial_aggregation_order,reflectance_first,rolling_origin,AOI-00,landsat,2022;2023,2024,R2024-H2,2,AOI-00_b_1_3,0.04351431153632896,0.03481299152918554,-0.0016477601182580978,900
spatial_aggregation_order,reflectance_first,rolling_origin,AOI-00,landsat,2022;2023,2024,R2024-H2,2,AOI-00_b_1_4,0.03497605306220671,0.027436649325394556,0.008894204743470878,834
spatial_aggregation_order,reflectance_first,rolling_origin,AOI-00,landsat,2022;2023,2024,R2024-H2,2,AOI-00_b_1_5,0.04533019638463178,0.04119839324023373,0.008319572248530924,12
spatial_aggregation_order,reflectance_first,rolling_origin,AOI-00,landsat,2022;2023,2024,R2024-H2,2,AOI-00_b_2_1,0.05274261273401105,0.04323929519784191,0.017088305300384656,442
spatial_aggregation_order,reflectance_first,rolling_origin,AOI-00,landsat,2022;2023,2024,R2024-H2,2,AOI-00_b_2_2,0.04862061119336698,0.04051723613253129,0.02212580704858864,894
spatial_aggregation_order,reflectance_first,rolling_origin,AOI-00,landsat,2022;2023,2024,R2024-H2,2,AOI-00_b_2_3,0.031010474584394997,0.024365546002204478,0.008399297177872769,855
spatial_aggregation_order,reflectance_first,rolling_origin,AOI-00,landsat,2022;2023,2024,R2024-H2,2,AOI-00_b_2_4,0.0390898125569515,0.02845916421395361,-0.01117285818629905,855
spatial_aggregation_order,reflectance_first,rolling_origin,AOI-00,landsat,2022;2023,2024,R2024-H2,2,AOI-00_b_2_5,0.04248302558784865,0.033577858581470305,-0.02722199665089476,236
spatial_aggregation_order,reflectance_first,rolling_origin,AOI-00,landsat,2022;2023,2024,R2024-H2,2,AOI-00_b_3_0,0.04912898569835794,0.03916717892433513,0.01391209648850174,45
spatial_aggregation_order,reflectance_first,rolling_origin,AOI-00,landsat,2022;2023,2024,R2024-H2,2,AOI-00_b_3_1,0.0653784837729299,0.060854381817917046,0.05980747172240402,603
spatial_aggregation_order,reflectance_first,rolling_origin,AOI-00,landsat,2022;2023,2024,R2024-H2,2,AOI-00_b_3_2,0.0639108042207977,0.05709885180184756,0.049407139691680875,855
spatial_aggregation_order,reflectance_first,rolling_origin,AOI-00,landsat,2022;2023,2024,R2024-H2,2,AOI-00_b_3_3,0.03691081883831357,0.02820136501664758,0.0071986700183419025,855
spatial_aggregation_order,reflectance_first,rolling_origin,AOI-00,landsat,2022;2023,2024,R2024-H2,2,AOI-00_b_3_4,0.03948665571926283,0.03156282451140318,-0.017246556932835232,849
spatial_aggregation_order,reflectance_first,rolling_origin,AOI-00,landsat,2022;2023,2024,R2024-H2,2,AOI-00_b_3_5,0.06094621837555207,0.04686303249357432,-0.03007986530766532,221
spatial_aggregation_order,reflectance_first,rolling_origin,AOI-00,landsat,2022;2023,2024,R2024-H2,2,AOI-00_b_4_0,0.04968844601057445,0.04228144035992779,0.03717097907760377,78
spatial_aggregation_order,reflectance_first,rolling_origin,AOI-00,landsat,2022;2023,2024,R2024-H2,2,AOI-00_b_4_1,0.06543213582213334,0.06062730120353658,0.05954034202697132,894
spatial_aggregation_order,reflectance_first,rolling_origin,AOI-00,landsat,2022;2023,2024,R2024-H2,2,AOI-00_b_4_2,0.06353720285734561,0.05594131155184804,0.04878627487977168,855
spatial_aggregation_order,reflectance_first,rolling_origin,AOI-00,landsat,2022;2023,2024,R2024-H2,2,AOI-00_b_4_3,0.03360133561476405,0.02594282774382087,-0.0017401919020446196,854
spatial_aggregation_order,reflectance_first,rolling_origin,AOI-00,landsat,2022;2023,2024,R2024-H2,2,AOI-00_b_4_4,0.045968347046762545,0.03500039225566016,-0.011684984823967534,639
spatial_aggregation_order,reflectance_first,rolling_origin,AOI-00,landsat,2022;2023,2024,R2024-H2,2,AOI-00_b_5_0,0.07349301330557725,0.07158090173340435,0.07158090173340435,3
spatial_aggregation_order,reflectance_first,rolling_origin,AOI-00,landsat,2022;2023,2024,R2024-H2,2,AOI-00_b_5_1,0.06658091775264091,0.05887515733523919,0.047593757247027996,858
spatial_aggregation_order,reflectance_first,rolling_origin,AOI-00,landsat,2022;2023,2024,R2024-H2,2,AOI-00_b_5_2,0.06328304690666882,0.05384147417962902,0.03706301235943026,870
spatial_aggregation_order,reflectance_first,rolling_origin,AOI-00,landsat,2022;2023,2024,R2024-H2,2,AOI-00_b_5_3,0.04650385399757433,0.034847352202560536,0.0006632968968112989,855
spatial_aggregation_order,reflectance_first,rolling_origin,AOI-00,landsat,2022;2023,2024,R2024-H2,2,AOI-00_b_5_4,0.045809085354975056,0.032709981889036406,0.0050002661902280796,684
spatial_aggregation_order,reflectance_first,rolling_origin,AOI-00,landsat,2022;2023,2024,R2024-H2,2,AOI-00_b_6_0,0.06485554921553321,0.06061779106477943,0.05059289289703644,63
spatial_aggregation_order,reflectance_first,rolling_origin,AOI-00,landsat,2022;2023,2024,R2024-H2,2,AOI-00_b_6_1,0.06532444985407809,0.0587700651052881,0.05351955891825138,825
spatial_aggregation_order,reflectance_first,rolling_origin,AOI-00,landsat,2022;2023,2024,R2024-H2,2,AOI-00_b_6_2,0.06415245102761241,0.059951227530212314,0.05884692135222754,912
spatial_aggregation_order,reflectance_first,rolling_origin,AOI-00,landsat,2022;2023,2024,R2024-H2,2,AOI-00_b_6_3,0.05436729928717599,0.043749707967235096,0.02550385231639979,855
spatial_aggregation_order,reflectance_first,rolling_origin,AOI-00,landsat,2022;2023,2024,R2024-H2,2,AOI-00_b_6_4,0.0501553355307031,0.03599111920248099,-0.013050925714645913,213
spatial_aggregation_order,reflectance_first,rolling_origin,AOI-00,landsat,2022;2023,2024,R2024-H2,2,AOI-00_b_7_1,0.06515613760725603,0.06313788545318079,0.06313788545318079,57
spatial_aggregation_order,reflectance_first,rolling_origin,AOI-00,landsat,2022;2023,2024,R2024-H2,2,AOI-00_b_7_2,0.044039091246698636,0.03950801333262925,0.0374749481027875,102
spatial_aggregation_order,reflectance_first,rolling_origin,AOI-00,landsat,2022;2023,2024,R2024-H2,2,AOI-00_b_7_3,0.03393009736468224,0.026713003171401198,-0.01028320436325373,339
spatial_aggregation_order,reflectance_first,rolling_origin,AOI-00,landsat,2022;2023,2024,R2024-H2,2,AOI-00_b_7_4,0.03683544036079353,0.03136385921168242,-0.030611755324732755,62
spatial_aggregation_order,reflectance_first,rolling_origin,AOI-00,landsat,2021;2022;2023,2024,R2024-H3,3,AOI-00_b_0_1,0.04454631073289176,0.03717032378449813,0.01721887257197024,51
spatial_aggregation_order,reflectance_first,rolling_origin,AOI-00,landsat,2021;2022;2023,2024,R2024-H3,3,AOI-00_b_0_2,0.04861426843851261,0.03851177288282194,-0.020043738030836877,185
spatial_aggregation_order,reflectance_first,rolling_origin,AOI-00,landsat,2021;2022;2023,2024,R2024-H3,3,AOI-00_b_0_3,0.04112850467005701,0.03090105480062406,-0.010266252892706123,156
spatial_aggregation_order,reflectance_first,rolling_origin,AOI-00,landsat,2021;2022;2023,2024,R2024-H3,3,AOI-00_b_0_4,0.03700259308972294,0.02798662185565681,0.009378565989964827,57
spatial_aggregation_order,reflectance_first,rolling_origin,AOI-00,landsat,2021;2022;2023,2024,R2024-H3,3,AOI-00_b_1_1,0.05566423315909279,0.045878855694152745,0.018267017361295032,403
spatial_aggregation_order,reflectance_first,rolling_origin,AOI-00,landsat,2021;2022;2023,2024,R2024-H3,3,AOI-00_b_1_2,0.04574052457891835,0.03792787606837427,0.018888408804678913,860
spatial_aggregation_order,reflectance_first,rolling_origin,AOI-00,landsat,2021;2022;2023,2024,R2024-H3,3,AOI-00_b_1_3,0.042601192688338944,0.033940548537986025,-0.00251891192930929,900
spatial_aggregation_order,reflectance_first,rolling_origin,AOI-00,landsat,2021;2022;2023,2024,R2024-H3,3,AOI-00_b_1_4,0.03370682574932616,0.02625624414837937,0.007628964561245065,834
spatial_aggregation_order,reflectance_first,rolling_origin,AOI-00,landsat,2021;2022;2023,2024,R2024-H3,3,AOI-00_b_1_5,0.043152061334341206,0.03893063968323219,0.008040679490928121,12
spatial_aggregation_order,reflectance_first,rolling_origin,AOI-00,landsat,2021;2022;2023,2024,R2024-H3,3,AOI-00_b_2_1,0.053433949898945024,0.043635689898017097,0.018630540668781,442
spatial_aggregation_order,reflectance_first,rolling_origin,AOI-00,landsat,2021;2022;2023,2024,R2024-H3,3,AOI-00_b_2_2,0.04775538152507661,0.03968548021270416,0.021338039305718492,894
spatial_aggregation_order,reflectance_first,rolling_origin,AOI-00,landsat,2021;2022;2023,2024,R2024-H3,3,AOI-00_b_2_3,0.030193403927279112,0.02350448763900322,0.0066645342171452356,855
spatial_aggregation_order,reflectance_first,rolling_origin,AOI-00,landsat,2021;2022;2023,2024,R2024-H3,3,AOI-00_b_2_4,0.03863946372769474,0.02821472049466445,-0.012418157650837204,855
spatial_aggregation_order,reflectance_first,rolling_origin,AOI-00,landsat,2021;2022;2023,2024,R2024-H3,3,AOI-00_b_2_5,0.04320289457604408,0.03477120982295137,-0.02923822600326172,236
spatial_aggregation_order,reflectance_first,rolling_origin,AOI-00,landsat,2021;2022;2023,2024,R2024-H3,3,AOI-00_b_3_0,0.048034995171261724,0.03748564994265456,0.016363401042052923,45
spatial_aggregation_order,reflectance_first,rolling_origin,AOI-00,landsat,2021;2022;2023,2024,R2024-H3,3,AOI-00_b_3_1,0.06413699143591223,0.05962755535660394,0.05869041272511238,603
spatial_aggregation_order,reflectance_first,rolling_origin,AOI-00,landsat,2021;2022;2023,2024,R2024-H3,3,AOI-00_b_3_2,0.06334341613208729,0.05647578843274938,0.049095680426746655,855
spatial_aggregation_order,reflectance_first,rolling_origin,AOI-00,landsat,2021;2022;2023,2024,R2024-H3,3,AOI-00_b_3_3,0.036700419052356346,0.027984671179422056,0.005727172597846754,855
spatial_aggregation_order,reflectance_first,rolling_origin,AOI-00,landsat,2021;2022;2023,2024,R2024-H3,3,AOI-00_b_3_4,0.03936131523141929,0.03177609168163002,-0.01828265513265143,849
spatial_aggregation_order,reflectance_first,rolling_origin,AOI-00,landsat,2021;2022;2023,2024,R2024-H3,3,AOI-00_b_3_5,0.05974502412076539,0.04650097747390609,-0.02997395794131977,221
spatial_aggregation_order,reflectance_first,rolling_origin,AOI-00,landsat,2021;2022;2023,2024,R2024-H3,3,AOI-00_b_4_0,0.049077036321598835,0.041737477664520066,0.03745308230387375,78
spatial_aggregation_order,reflectance_first,rolling_origin,AOI-00,landsat,2021;2022;2023,2024,R2024-H3,3,AOI-00_b_4_1,0.0644440458045037,0.0596791664193686,0.05860587360806715,894
spatial_aggregation_order,reflectance_first,rolling_origin,AOI-00,landsat,2021;2022;2023,2024,R2024-H3,3,AOI-00_b_4_2,0.06320158418182953,0.05566954050651338,0.048735068128336244,855
spatial_aggregation_order,reflectance_first,rolling_origin,AOI-00,landsat,2021;2022;2023,2024,R2024-H3,3,AOI-00_b_4_3,0.03372684544916651,0.026129817926546648,-0.0038262825514489866,854
spatial_aggregation_order,reflectance_first,rolling_origin,AOI-00,landsat,2021;2022;2023,2024,R2024-H3,3,AOI-00_b_4_4,0.045343693347357425,0.03512455447488716,-0.01213797496496264,639
spatial_aggregation_order,reflectance_first,rolling_origin,AOI-00,landsat,2021;2022;2023,2024,R2024-H3,3,AOI-00_b_5_0,0.07315244263791286,0.07118662138843591,0.07118662138843591,3
spatial_aggregation_order,reflectance_first,rolling_origin,AOI-00,landsat,2021;2022;2023,2024,R2024-H3,3,AOI-00_b_5_1,0.0664857367447512,0.05886277804726261,0.04795697759789248,858
spatial_aggregation_order,reflectance_first,rolling_origin,AOI-00,landsat,2021;2022;2023,2024,R2024-H3,3,AOI-00_b_5_2,0.06335497248493997,0.05404161223787345,0.03775335444117014,870
spatial_aggregation_order,reflectance_first,rolling_origin,AOI-00,landsat,2021;2022;2023,2024,R2024-H3,3,AOI-00_b_5_3,0.04664832597959633,0.03524244694424452,0.0010312909192891108,855
spatial_aggregation_order,reflectance_first,rolling_origin,AOI-00,landsat,2021;2022;2023,2024,R2024-H3,3,AOI-00_b_5_4,0.04521916592396927,0.032349615597734964,0.005107311346485796,684
spatial_aggregation_order,reflectance_first,rolling_origin,AOI-00,landsat,2021;2022;2023,2024,R2024-H3,3,AOI-00_b_6_0,0.06410991299006928,0.05974781899783662,0.05035632928045391,63
spatial_aggregation_order,reflectance_first,rolling_origin,AOI-00,landsat,2021;2022;2023,2024,R2024-H3,3,AOI-00_b_6_1,0.06529938483829781,0.058761631902722176,0.054009062524327654,825
spatial_aggregation_order,reflectance_first,rolling_origin,AOI-00,landsat,2021;2022;2023,2024,R2024-H3,3,AOI-00_b_6_2,0.06508375086940256,0.06099755177086076,0.06003755414551997,912
spatial_aggregation_order,reflectance_first,rolling_origin,AOI-00,landsat,2021;2022;2023,2024,R2024-H3,3,AOI-00_b_6_3,0.05375699147814159,0.043295631886852606,0.026332557193323555,855
spatial_aggregation_order,reflectance_first,rolling_origin,AOI-00,landsat,2021;2022;2023,2024,R2024-H3,3,AOI-00_b_6_4,0.04930108524055613,0.035423721518524694,-0.01153667372559382,213
spatial_aggregation_order,reflectance_first,rolling_origin,AOI-00,landsat,2021;2022;2023,2024,R2024-H3,3,AOI-00_b_7_1,0.0647700143386997,0.06272157444071993,0.06272157444071993,57
spatial_aggregation_order,reflectance_first,rolling_origin,AOI-00,landsat,2021;2022;2023,2024,R2024-H3,3,AOI-00_b_7_2,0.043990046679934273,0.03939055835023576,0.037430528299770394,102
spatial_aggregation_order,reflectance_first,rolling_origin,AOI-00,landsat,2021;2022;2023,2024,R2024-H3,3,AOI-00_b_7_3,0.0333751257915583,0.026548517315807586,-0.010724976854537532,339
spatial_aggregation_order,reflectance_first,rolling_origin,AOI-00,landsat,2021;2022;2023,2024,R2024-H3,3,AOI-00_b_7_4,0.037115148197807944,0.03185781695696187,-0.03118610623275632,62
spatial_aggregation_order,reflectance_first,rolling_origin,AOI-00,landsat,2024,2025,R2025-H1,1,AOI-00_b_0_1,0.037004818382979816,0.029646801155312114,-0.014273857590912537,51
spatial_aggregation_order,reflectance_first,rolling_origin,AOI-00,landsat,2024,2025,R2025-H1,1,AOI-00_b_0_2,0.04836957592677791,0.04109773426846168,-0.03639255593443137,186
spatial_aggregation_order,reflectance_first,rolling_origin,AOI-00,landsat,2024,2025,R2025-H1,1,AOI-00_b_0_3,0.050550023479070526,0.04115994500485465,-0.03778324199823402,156
spatial_aggregation_order,reflectance_first,rolling_origin,AOI-00,landsat,2024,2025,R2025-H1,1,AOI-00_b_0_4,0.0277632342627933,0.022458121621030017,-0.015117458415983213,57
spatial_aggregation_order,reflectance_first,rolling_origin,AOI-00,landsat,2024,2025,R2025-H1,1,AOI-00_b_1_1,0.04377122894484999,0.03557990917623839,-0.005298699018014011,403
spatial_aggregation_order,reflectance_first,rolling_origin,AOI-00,landsat,2024,2025,R2025-H1,1,AOI-00_b_1_2,0.04106681711975188,0.032240621577431024,-0.023615454115728247,861
spatial_aggregation_order,reflectance_first,rolling_origin,AOI-00,landsat,2024,2025,R2025-H1,1,AOI-00_b_1_3,0.04697907942946264,0.0366870678487525,-0.03221044540585699,900
spatial_aggregation_order,reflectance_first,rolling_origin,AOI-00,landsat,2024,2025,R2025-H1,1,AOI-00_b_1_4,0.053675149608721905,0.044712586201690996,-0.036413433571905185,834
spatial_aggregation_order,reflectance_first,rolling_origin,AOI-00,landsat,2024,2025,R2025-H1,1,AOI-00_b_1_5,0.04418586627798804,0.0382888625609401,-0.029295166189759313,12
spatial_aggregation_order,reflectance_first,rolling_origin,AOI-00,landsat,2024,2025,R2025-H1,1,AOI-00_b_2_1,0.04168507777722392,0.033893517564077234,0.0026986259047041905,474
spatial_aggregation_order,reflectance_first,rolling_origin,AOI-00,landsat,2024,2025,R2025-H1,1,AOI-00_b_2_2,0.03765622549574791,0.030610926530781086,-0.004436329559119784,894
spatial_aggregation_order,reflectance_first,rolling_origin,AOI-00,landsat,2024,2025,R2025-H1,1,AOI-00_b_2_3,0.06198398941464803,0.05136585896180506,-0.04770817073117023,855
spatial_aggregation_order,reflectance_first,rolling_origin,AOI-00,landsat,2024,2025,R2025-H1,1,AOI-00_b_2_4,0.07673204755202785,0.06534397482930746,-0.06272234950314311,855
spatial_aggregation_order,reflectance_first,rolling_origin,AOI-00,landsat,2024,2025,R2025-H1,1,AOI-00_b_2_5,0.06406615285139083,0.05723727956571865,-0.05616177387795207,258
spatial_aggregation_order,reflectance_first,rolling_origin,AOI-00,landsat,2024,2025,R2025-H1,1,AOI-00_b_3_0,0.044616196823927395,0.03752148574745077,-0.01010025297121845,45
spatial_aggregation_order,reflectance_first,rolling_origin,AOI-00,landsat,2024,2025,R2025-H1,1,AOI-00_b_3_1,0.025687234928676958,0.01965180048551407,0.003344639859773442,603
spatial_aggregation_order,reflectance_first,rolling_origin,AOI-00,landsat,2024,2025,R2025-H1,1,AOI-00_b_3_2,0.046228158543761555,0.0388728376288756,0.008694846756205217,855
spatial_aggregation_order,reflectance_first,rolling_origin,AOI-00,landsat,2024,2025,R2025-H1,1,AOI-00_b_3_3,0.061826552197604474,0.05014427102955108,-0.040768848325221464,855
spatial_aggregation_order,reflectance_first,rolling_origin,AOI-00,landsat,2024,2025,R2025-H1,1,AOI-00_b_3_4,0.0730092659858705,0.06522600831220403,-0.06366636435066662,849
spatial_aggregation_order,reflectance_first,rolling_origin,AOI-00,landsat,2024,2025,R2025-H1,1,AOI-00_b_3_5,0.07153662508735788,0.06180824695650327,-0.05753196630446275,228
spatial_aggregation_order,reflectance_first,rolling_origin,AOI-00,landsat,2024,2025,R2025-H1,1,AOI-00_b_4_0,0.02507887683803092,0.020049485119649806,-0.004570289287114799,78
spatial_aggregation_order,reflectance_first,rolling_origin,AOI-00,landsat,2024,2025,R2025-H1,1,AOI-00_b_4_1,0.0284573350645272,0.0232935182463556,0.010850937680296322,894
spatial_aggregation_order,reflectance_first,rolling_origin,AOI-00,landsat,2024,2025,R2025-H1,1,AOI-00_b_4_2,0.037985874620747415,0.03202660668757684,0.0038483598131065075,855
spatial_aggregation_order,reflectance_first,rolling_origin,AOI-00,landsat,2024,2025,R2025-H1,1,AOI-00_b_4_3,0.07689251806643425,0.06917902636164498,-0.06874605736530097,855
spatial_aggregation_order,reflectance_first,rolling_origin,AOI-00,landsat,2024,2025,R2025-H1,1,AOI-00_b_4_4,0.06428420451056777,0.05657940469371156,-0.046944393516456365,639
spatial_aggregation_order,reflectance_first,rolling_origin,AOI-00,landsat,2024,2025,R2025-H1,1,AOI-00_b_5_0,0.01909341813986949,0.01731618420232839,0.01731618420232839,3
spatial_aggregation_order,reflectance_first,rolling_origin,AOI-00,landsat,2024,2025,R2025-H1,1,AOI-00_b_5_1,0.04258596007195646,0.03399080604202234,-0.0033673083509589133,858
spatial_aggregation_order,reflectance_first,rolling_origin,AOI-00,landsat,2024,2025,R2025-H1,1,AOI-00_b_5_2,0.04965990284699755,0.03906731209212163,-0.014854499908224763,870
spatial_aggregation_order,reflectance_first,rolling_origin,AOI-00,landsat,2024,2025,R2025-H1,1,AOI-00_b_5_3,0.07592130953210688,0.06615512414012208,-0.05886590566013948,855
spatial_aggregation_order,reflectance_first,rolling_origin,AOI-00,landsat,2024,2025,R2025-H1,1,AOI-00_b_5_4,0.052169623078936266,0.04236967694626526,-0.03260883443420767,684
spatial_aggregation_order,reflectance_first,rolling_origin,AOI-00,landsat,2024,2025,R2025-H1,1,AOI-00_b_6_0,0.030171366037040206,0.021256418740192174,-0.008713361800744902,63
spatial_aggregation_order,reflectance_first,rolling_origin,AOI-00,landsat,2024,2025,R2025-H1,1,AOI-00_b_6_1,0.03282024470946989,0.02601579652702707,0.0021739821826108514,825
spatial_aggregation_order,reflectance_first,rolling_origin,AOI-00,landsat,2024,2025,R2025-H1,1,AOI-00_b_6_2,0.023136625511882312,0.017850655965958348,0.006856637692745532,912
spatial_aggregation_order,reflectance_first,rolling_origin,AOI-00,landsat,2024,2025,R2025-H1,1,AOI-00_b_6_3,0.051809784678015995,0.04210922935717117,-0.030622301064403088,855
spatial_aggregation_order,reflectance_first,rolling_origin,AOI-00,landsat,2024,2025,R2025-H1,1,AOI-00_b_6_4,0.06312170838482008,0.055129136464348735,-0.049489568019724886,213
spatial_aggregation_order,reflectance_first,rolling_origin,AOI-00,landsat,2024,2025,R2025-H1,1,AOI-00_b_7_1,0.029697286500042625,0.025321524015597827,0.012648648015841753,57
spatial_aggregation_order,reflectance_first,rolling_origin,AOI-00,landsat,2024,2025,R2025-H1,1,AOI-00_b_7_2,0.020294874189388246,0.01527107331894158,-0.00433250748426956,102
spatial_aggregation_order,reflectance_first,rolling_origin,AOI-00,landsat,2024,2025,R2025-H1,1,AOI-00_b_7_3,0.05613387157672976,0.05008473820124889,-0.048328795144847427,339
spatial_aggregation_order,reflectance_first,rolling_origin,AOI-00,landsat,2024,2025,R2025-H1,1,AOI-00_b_7_4,0.057966359191338704,0.054657269194965295,-0.054657269194965295,63
spatial_aggregation_order,reflectance_first,rolling_origin,AOI-00,landsat,2023;2024,2025,R2025-H2,2,AOI-00_b_0_1,0.035178986305494056,0.028887588480274996,-0.005053822753915654,51
spatial_aggregation_order,reflectance_first,rolling_origin,AOI-00,landsat,2023;2024,2025,R2025-H2,2,AOI-00_b_0_2,0.040509053280391796,0.032910596831293555,-0.02491464813277064,186
spatial_aggregation_order,reflectance_first,rolling_origin,AOI-00,landsat,2023;2024,2025,R2025-H2,2,AOI-00_b_0_3,0.04225537414000691,0.033448376861673505,-0.025494030294594117,156
spatial_aggregation_order,reflectance_first,rolling_origin,AOI-00,landsat,2023;2024,2025,R2025-H2,2,AOI-00_b_0_4,0.02359285412613271,0.019267760359992912,-0.0029981926651354144,57
spatial_aggregation_order,reflectance_first,rolling_origin,AOI-00,landsat,2023;2024,2025,R2025-H2,2,AOI-00_b_1_1,0.04332759559512699,0.03536664296027753,0.004544032089605371,403
spatial_aggregation_order,reflectance_first,rolling_origin,AOI-00,landsat,2023;2024,2025,R2025-H2,2,AOI-00_b_1_2,0.03597692097827905,0.027970425631244834,-0.011936506639861929,861
spatial_aggregation_order,reflectance_first,rolling_origin,AOI-00,landsat,2023;2024,2025,R2025-H2,2,AOI-00_b_1_3,0.03994673323631856,0.030360841598472403,-0.020288593510646147,900
spatial_aggregation_order,reflectance_first,rolling_origin,AOI-00,landsat,2023;2024,2025,R2025-H2,2,AOI-00_b_1_4,0.04658677817083372,0.03841877147998992,-0.024467644753662636,834
spatial_aggregation_order,reflectance_first,rolling_origin,AOI-00,landsat,2023;2024,2025,R2025-H2,2,AOI-00_b_1_5,0.038307237837150426,0.03351140844214779,-0.018214674646860832,12
spatial_aggregation_order,reflectance_first,rolling_origin,AOI-00,landsat,2023;2024,2025,R2025-H2,2,AOI-00_b_2_1,0.04319792605899341,0.03474703663408253,0.013265600754905143,474
spatial_aggregation_order,reflectance_first,rolling_origin,AOI-00,landsat,2023;2024,2025,R2025-H2,2,AOI-00_b_2_2,0.038164940889996835,0.03139105974719488,0.007486350338745176,894
spatial_aggregation_order,reflectance_first,rolling_origin,AOI-00,landsat,2023;2024,2025,R2025-H2,2,AOI-00_b_2_3,0.05341571658078098,0.043403270563369074,-0.035641254646180544,855
spatial_aggregation_order,reflectance_first,rolling_origin,AOI-00,landsat,2023;2024,2025,R2025-H2,2,AOI-00_b_2_4,0.06726821739206106,0.05588629372987944,-0.05071111368701281,855
spatial_aggregation_order,reflectance_first,rolling_origin,AOI-00,landsat,2023;2024,2025,R2025-H2,2,AOI-00_b_2_5,0.05364351485066826,0.04630252739240808,-0.04390460972107734,258
spatial_aggregation_order,reflectance_first,rolling_origin,AOI-00,landsat,2023;2024,2025,R2025-H2,2,AOI-00_b_3_0,0.04444567011988645,0.03656488100669419,-7.634860819629841e-05,45
spatial_aggregation_order,reflectance_first,rolling_origin,AOI-00,landsat,2023;2024,2025,R2025-H2,2,AOI-00_b_3_1,0.029742931327244586,0.023790377177353408,0.014956302861353203,603
spatial_aggregation_order,reflectance_first,rolling_origin,AOI-00,landsat,2023;2024,2025,R2025-H2,2,AOI-00_b_3_2,0.04985461202630217,0.04280845157872215,0.020068448195723107,855
spatial_aggregation_order,reflectance_first,rolling_origin,AOI-00,landsat,2023;2024,2025,R2025-H2,2,AOI-00_b_3_3,0.05460064329447876,0.04398473144655278,-0.028761552808425878,855
spatial_aggregation_order,reflectance_first,rolling_origin,AOI-00,landsat,2023;2024,2025,R2025-H2,2,AOI-00_b_3_4,0.06304821772345832,0.054908341266025146,-0.05194833250099195,849
spatial_aggregation_order,reflectance_first,rolling_origin,AOI-00,landsat,2023;2024,2025,R2025-H2,2,AOI-00_b_3_5,0.06317079059611426,0.052763099993973536,-0.04611151575558679,228
spatial_aggregation_order,reflectance_first,rolling_origin,AOI-00,landsat,2023;2024,2025,R2025-H2,2,AOI-00_b_4_0,0.026016080704877667,0.02222470992679643,0.006494044825563355,78
spatial_aggregation_order,reflectance_first,rolling_origin,AOI-00,landsat,2023;2024,2025,R2025-H2,2,AOI-00_b_4_1,0.03469657761302118,0.030151627604242007,0.022441192113972313,894
spatial_aggregation_order,reflectance_first,rolling_origin,AOI-00,landsat,2023;2024,2025,R2025-H2,2,AOI-00_b_4_2,0.040807366878972254,0.03554388064828915,0.015007360022315895,855
spatial_aggregation_order,reflectance_first,rolling_origin,AOI-00,landsat,2023;2024,2025,R2025-H2,2,AOI-00_b_4_3,0.06601513432606376,0.05738165264170695,-0.056367246142206624,855
spatial_aggregation_order,reflectance_first,rolling_origin,AOI-00,landsat,2023;2024,2025,R2025-H2,2,AOI-00_b_4_4,0.05639846342558992,0.048359384400754366,-0.03545629759922059,639
spatial_aggregation_order,reflectance_first,rolling_origin,AOI-00,landsat,2023;2024,2025,R2025-H2,2,AOI-00_b_5_0,0.03019722379040619,0.029102336425022395,0.029102336425022395,3
spatial_aggregation_order,reflectance_first,rolling_origin,AOI-00,landsat,2023;2024,2025,R2025-H2,2,AOI-00_b_5_1,0.04336430695785433,0.03591047069394235,0.007840560595888802,858
spatial_aggregation_order,reflectance_first,rolling_origin,AOI-00,landsat,2023;2024,2025,R2025-H2,2,AOI-00_b_5_2,0.04772819809672611,0.03852158652841004,-0.004035748834187801,870
spatial_aggregation_order,reflectance_first,rolling_origin,AOI-00,landsat,2023;2024,2025,R2025-H2,2,AOI-00_b_5_3,0.06729053093798475,0.05735311638371438,-0.04770778662459518,855
spatial_aggregation_order,reflectance_first,rolling_origin,AOI-00,landsat,2023;2024,2025,R2025-H2,2,AOI-00_b_5_4,0.045981465398794136,0.03581704251921851,-0.021415307309485147,684
spatial_aggregation_order,reflectance_first,rolling_origin,AOI-00,landsat,2023;2024,2025,R2025-H2,2,AOI-00_b_6_0,0.029388150610497113,0.02218311196414811,0.0026995517855964257,63
spatial_aggregation_order,reflectance_first,rolling_origin,AOI-00,landsat,2023;2024,2025,R2025-H2,2,AOI-00_b_6_1,0.03561033036901543,0.02926282755266346,0.013254568317068482,825
spatial_aggregation_order,reflectance_first,rolling_origin,AOI-00,landsat,2023;2024,2025,R2025-H2,2,AOI-00_b_6_2,0.028279303509236898,0.023022244285869842,0.0174092512107052,912
spatial_aggregation_order,reflectance_first,rolling_origin,AOI-00,landsat,2023;2024,2025,R2025-H2,2,AOI-00_b_6_3,0.04636737666590336,0.037286337797097106,-0.0199184319445354,855
spatial_aggregation_order,reflectance_first,rolling_origin,AOI-00,landsat,2023;2024,2025,R2025-H2,2,AOI-00_b_6_4,0.05492315116289567,0.04624044607696692,-0.0388421533814398,213
spatial_aggregation_order,reflectance_first,rolling_origin,AOI-00,landsat,2023;2024,2025,R2025-H2,2,AOI-00_b_7_1,0.036015883769798356,0.031770255978579784,0.02404882185127219,57
spatial_aggregation_order,reflectance_first,rolling_origin,AOI-00,landsat,2023;2024,2025,R2025-H2,2,AOI-00_b_7_2,0.02104578630219628,0.01692692563621816,0.006922139392815025,102
spatial_aggregation_order,reflectance_first,rolling_origin,AOI-00,landsat,2023;2024,2025,R2025-H2,2,AOI-00_b_7_3,0.0467312906351857,0.040699583939464185,-0.03687039659137811,339
spatial_aggregation_order,reflectance_first,rolling_origin,AOI-00,landsat,2023;2024,2025,R2025-H2,2,AOI-00_b_7_4,0.047061777951414946,0.04306710187975933,-0.042922768170354376,63
spatial_aggregation_order,reflectance_first,rolling_origin,AOI-00,landsat,2022;2023;2024,2025,R2025-H3,3,AOI-00_b_0_1,0.03672339293786311,0.029671949742640414,-0.006801036323043503,51
spatial_aggregation_order,reflectance_first,rolling_origin,AOI-00,landsat,2022;2023;2024,2025,R2025-H3,3,AOI-00_b_0_2,0.03952246938762784,0.03171447566325001,-0.023021950887688433,186
spatial_aggregation_order,reflectance_first,rolling_origin,AOI-00,landsat,2022;2023;2024,2025,R2025-H3,3,AOI-00_b_0_3,0.040576098094411886,0.03196034133440619,-0.022293432254099157,156
spatial_aggregation_order,reflectance_first,rolling_origin,AOI-00,landsat,2022;2023;2024,2025,R2025-H3,3,AOI-00_b_0_4,0.023601290247203345,0.01926296832695909,-7.156402906678366e-05,57
spatial_aggregation_order,reflectance_first,rolling_origin,AOI-00,landsat,2022;2023;2024,2025,R2025-H3,3,AOI-00_b_1_1,0.042900132554267716,0.03515853425492842,0.003800665470628911,403
spatial_aggregation_order,reflectance_first,rolling_origin,AOI-00,landsat,2022;2023;2024,2025,R2025-H3,3,AOI-00_b_1_2,0.035897288847274944,0.02788790553732205,-0.009719713887335989,861
spatial_aggregation_order,reflectance_first,rolling_origin,AOI-00,landsat,2022;2023;2024,2025,R2025-H3,3,AOI-00_b_1_3,0.039012821624368324,0.029565725367355175,-0.01768021520985038,900
spatial_aggregation_order,reflectance_first,rolling_origin,AOI-00,landsat,2022;2023;2024,2025,R2025-H3,3,AOI-00_b_1_4,0.045587039564333166,0.03723640786231763,-0.02182067780489348,834
spatial_aggregation_order,reflectance_first,rolling_origin,AOI-00,landsat,2022;2023;2024,2025,R2025-H3,3,AOI-00_b_1_5,0.038648622832900284,0.034008170487073754,-0.016962651062631395,12
spatial_aggregation_order,reflectance_first,rolling_origin,AOI-00,landsat,2022;2023;2024,2025,R2025-H3,3,AOI-00_b_2_1,0.04277881834245536,0.03443795012250891,0.013689785487135508,474
spatial_aggregation_order,reflectance_first,rolling_origin,AOI-00,landsat,2022;2023;2024,2025,R2025-H3,3,AOI-00_b_2_2,0.03881878424400056,0.03196676076809023,0.010096063460348895,894
spatial_aggregation_order,reflectance_first,rolling_origin,AOI-00,landsat,2022;2023;2024,2025,R2025-H3,3,AOI-00_b_2_3,0.051843724985246774,0.04188530896229394,-0.0327990187628749,855
spatial_aggregation_order,reflectance_first,rolling_origin,AOI-00,landsat,2022;2023;2024,2025,R2025-H3,3,AOI-00_b_2_4,0.06524711275818058,0.05389072510856968,-0.047958639812434534,855
spatial_aggregation_order,reflectance_first,rolling_origin,AOI-00,landsat,2022;2023;2024,2025,R2025-H3,3,AOI-00_b_2_5,0.051107486328564086,0.04362753506404708,-0.04075567544283342,258
spatial_aggregation_order,reflectance_first,rolling_origin,AOI-00,landsat,2022;2023;2024,2025,R2025-H3,3,AOI-00_b_3_0,0.04608048786772877,0.03816894064782849,-0.000527646318998207,45
spatial_aggregation_order,reflectance_first,rolling_origin,AOI-00,landsat,2022;2023;2024,2025,R2025-H3,3,AOI-00_b_3_1,0.03118969305463668,0.025249819278035424,0.017064626497406706,603
spatial_aggregation_order,reflectance_first,rolling_origin,AOI-00,landsat,2022;2023;2024,2025,R2025-H3,3,AOI-00_b_3_2,0.050932023389369675,0.04387108822393993,0.021792993440450794,855
spatial_aggregation_order,reflectance_first,rolling_origin,AOI-00,landsat,2022;2023;2024,2025,R2025-H3,3,AOI-00_b_3_3,0.05315196474673138,0.0427869191976935,-0.026015431079598996,855
spatial_aggregation_order,reflectance_first,rolling_origin,AOI-00,landsat,2022;2023;2024,2025,R2025-H3,3,AOI-00_b_3_4,0.061223256787984084,0.05295711216151414,-0.049668531936636874,849
spatial_aggregation_order,reflectance_first,rolling_origin,AOI-00,landsat,2022;2023;2024,2025,R2025-H3,3,AOI-00_b_3_5,0.06270556780187357,0.05145964626698903,-0.04431144519014475,228
spatial_aggregation_order,reflectance_first,rolling_origin,AOI-00,landsat,2022;2023;2024,2025,R2025-H3,3,AOI-00_b_4_0,0.027187601260556495,0.02331728649858178,0.007720021060845752,78
spatial_aggregation_order,reflectance_first,rolling_origin,AOI-00,landsat,2022;2023;2024,2025,R2025-H3,3,AOI-00_b_4_1,0.03626196612191548,0.031728765055246494,0.024515003056420268,894
spatial_aggregation_order,reflectance_first,rolling_origin,AOI-00,landsat,2022;2023;2024,2025,R2025-H3,3,AOI-00_b_4_2,0.041588098389102705,0.03628245086853756,0.01638594721219837,855
spatial_aggregation_order,reflectance_first,rolling_origin,AOI-00,landsat,2022;2023;2024,2025,R2025-H3,3,AOI-00_b_4_3,0.06313367969190407,0.05428142772975163,-0.05302220496212218,855
spatial_aggregation_order,reflectance_first,rolling_origin,AOI-00,landsat,2022;2023;2024,2025,R2025-H3,3,AOI-00_b_4_4,0.05529423026397696,0.046769554691358205,-0.033547176120960316,639
spatial_aggregation_order,reflectance_first,rolling_origin,AOI-00,landsat,2022;2023;2024,2025,R2025-H3,3,AOI-00_b_5_0,0.03252058126836018,0.031491953655904736,0.031491953655904736,3
spatial_aggregation_order,reflectance_first,rolling_origin,AOI-00,landsat,2022;2023;2024,2025,R2025-H3,3,AOI-00_b_5_1,0.04399251929280627,0.03641741491843154,0.0092979289436975,858
spatial_aggregation_order,reflectance_first,rolling_origin,AOI-00,landsat,2022;2023;2024,2025,R2025-H3,3,AOI-00_b_5_2,0.04799196168949518,0.03846525285027937,-0.0032056763419974184,870
spatial_aggregation_order,reflectance_first,rolling_origin,AOI-00,landsat,2022;2023;2024,2025,R2025-H3,3,AOI-00_b_5_3,0.06585832432768378,0.05573503728699004,-0.046330619972361604,855
spatial_aggregation_order,reflectance_first,rolling_origin,AOI-00,landsat,2022;2023;2024,2025,R2025-H3,3,AOI-00_b_5_4,0.04542500827247272,0.03505714999552548,-0.019981059373792614,684
spatial_aggregation_order,reflectance_first,rolling_origin,AOI-00,landsat,2022;2023;2024,2025,R2025-H3,3,AOI-00_b_6_0,0.03021660396597969,0.023142440342009216,0.0044874720344062115,63
spatial_aggregation_order,reflectance_first,rolling_origin,AOI-00,landsat,2022;2023;2024,2025,R2025-H3,3,AOI-00_b_6_1,0.03658234581803086,0.030165591831245665,0.014506744392091042,825
spatial_aggregation_order,reflectance_first,rolling_origin,AOI-00,landsat,2022;2023;2024,2025,R2025-H3,3,AOI-00_b_6_2,0.028783356334132655,0.02350589726137749,0.01781028407861477,912
spatial_aggregation_order,reflectance_first,rolling_origin,AOI-00,landsat,2022;2023;2024,2025,R2025-H3,3,AOI-00_b_6_3,0.046337603289233635,0.036949855274306984,-0.01927356033560224,855
spatial_aggregation_order,reflectance_first,rolling_origin,AOI-00,landsat,2022;2023;2024,2025,R2025-H3,3,AOI-00_b_6_4,0.05437964387922781,0.04520704868950482,-0.03828829188744183,213
spatial_aggregation_order,reflectance_first,rolling_origin,AOI-00,landsat,2022;2023;2024,2025,R2025-H3,3,AOI-00_b_7_1,0.03715491248041698,0.03283704717746933,0.025816204382576795,57
spatial_aggregation_order,reflectance_first,rolling_origin,AOI-00,landsat,2022;2023;2024,2025,R2025-H3,3,AOI-00_b_7_2,0.021694345148312963,0.017581212544089952,0.008454918313672002,102
spatial_aggregation_order,reflectance_first,rolling_origin,AOI-00,landsat,2022;2023;2024,2025,R2025-H3,3,AOI-00_b_7_3,0.04547834015550106,0.03930374346020889,-0.03500915015180196,339
spatial_aggregation_order,reflectance_first,rolling_origin,AOI-00,landsat,2022;2023;2024,2025,R2025-H3,3,AOI-00_b_7_4,0.04496908023587259,0.04085139091533109,-0.040616417694250576,63
spatial_aggregation_order,reflectance_first,rolling_origin,AOI-00,modis,2023,2024,R2024-H1,1,AOI-00_b_0_1,0.0364531479461239,0.029372799202877727,0.019517468930813586,51
spatial_aggregation_order,reflectance_first,rolling_origin,AOI-00,modis,2023,2024,R2024-H1,1,AOI-00_b_0_2,0.03842188987215806,0.028677311658869997,0.02203002819437805,186
spatial_aggregation_order,reflectance_first,rolling_origin,AOI-00,modis,2023,2024,R2024-H1,1,AOI-00_b_0_3,0.04617365956776195,0.03944474583236243,0.03618664137466498,156
spatial_aggregation_order,reflectance_first,rolling_origin,AOI-00,modis,2023,2024,R2024-H1,1,AOI-00_b_0_4,0.04861351682682206,0.04195416088594132,0.04178180601044742,57
spatial_aggregation_order,reflectance_first,rolling_origin,AOI-00,modis,2023,2024,R2024-H1,1,AOI-00_b_1_1,0.04053589053908291,0.03308662824257252,0.026056717212889092,408
spatial_aggregation_order,reflectance_first,rolling_origin,AOI-00,modis,2023,2024,R2024-H1,1,AOI-00_b_1_2,0.05381213593038057,0.04609249024800419,0.04179593524976313,861
spatial_aggregation_order,reflectance_first,rolling_origin,AOI-00,modis,2023,2024,R2024-H1,1,AOI-00_b_1_3,0.0409987865585717,0.03437185880469111,0.0297863622839419,900
spatial_aggregation_order,reflectance_first,rolling_origin,AOI-00,modis,2023,2024,R2024-H1,1,AOI-00_b_1_4,0.03320667696580139,0.026517972416170797,0.014565500555117536,834
spatial_aggregation_order,reflectance_first,rolling_origin,AOI-00,modis,2023,2024,R2024-H1,1,AOI-00_b_1_5,0.023933597064912503,0.01967730303404207,-0.01240173171952009,12
spatial_aggregation_order,reflectance_first,rolling_origin,AOI-00,modis,2023,2024,R2024-H1,1,AOI-00_b_2_1,0.03995313676386172,0.03270783597648982,0.017406524820567797,474
spatial_aggregation_order,reflectance_first,rolling_origin,AOI-00,modis,2023,2024,R2024-H1,1,AOI-00_b_2_2,0.04876444456686215,0.04125739915664265,0.03660905805214079,894
spatial_aggregation_order,reflectance_first,rolling_origin,AOI-00,modis,2023,2024,R2024-H1,1,AOI-00_b_2_3,0.026923077244702644,0.021989356376629077,0.014884458381430914,855
spatial_aggregation_order,reflectance_first,rolling_origin,AOI-00,modis,2023,2024,R2024-H1,1,AOI-00_b_2_4,0.029600806263040375,0.023100372408900508,-0.0076669709613061575,855
spatial_aggregation_order,reflectance_first,rolling_origin,AOI-00,modis,2023,2024,R2024-H1,1,AOI-00_b_2_5,0.02893396659065084,0.023152172973316905,-0.016453496930648435,258
spatial_aggregation_order,reflectance_first,rolling_origin,AOI-00,modis,2023,2024,R2024-H1,1,AOI-00_b_3_0,0.025319112390620215,0.022136808531467374,-0.0015366972912090463,45
spatial_aggregation_order,reflectance_first,rolling_origin,AOI-00,modis,2023,2024,R2024-H1,1,AOI-00_b_3_1,0.04995553009492969,0.04378830735238783,0.039688468790551,603
spatial_aggregation_order,reflectance_first,rolling_origin,AOI-00,modis,2023,2024,R2024-H1,1,AOI-00_b_3_2,0.05614872438010614,0.047827550717226636,0.0421388799708711,855
spatial_aggregation_order,reflectance_first,rolling_origin,AOI-00,modis,2023,2024,R2024-H1,1,AOI-00_b_3_3,0.03505485959336214,0.028405688354638123,0.005309459191051735,855
spatial_aggregation_order,reflectance_first,rolling_origin,AOI-00,modis,2023,2024,R2024-H1,1,AOI-00_b_3_4,0.034981213839026984,0.028215906201436606,-0.01949681048778548,849
spatial_aggregation_order,reflectance_first,rolling_origin,AOI-00,modis,2023,2024,R2024-H1,1,AOI-00_b_3_5,0.04164628568629383,0.0341480115591718,-0.021960738572226565,228
spatial_aggregation_order,reflectance_first,rolling_origin,AOI-00,modis,2023,2024,R2024-H1,1,AOI-00_b_4_0,0.02680005575836864,0.021255214808176184,0.01593115872387141,78
spatial_aggregation_order,reflectance_first,rolling_origin,AOI-00,modis,2023,2024,R2024-H1,1,AOI-00_b_4_1,0.04698248699864986,0.04108414519226616,0.03604459439491063,894
spatial_aggregation_order,reflectance_first,rolling_origin,AOI-00,modis,2023,2024,R2024-H1,1,AOI-00_b_4_2,0.04426644633817433,0.03713918274157807,0.026643164269724844,855
spatial_aggregation_order,reflectance_first,rolling_origin,AOI-00,modis,2023,2024,R2024-H1,1,AOI-00_b_4_3,0.03667318630427393,0.029875284100468774,0.0019930113794144034,855
spatial_aggregation_order,reflectance_first,rolling_origin,AOI-00,modis,2023,2024,R2024-H1,1,AOI-00_b_4_4,0.04421075824343372,0.03541963223404884,-0.025800858925146476,639
spatial_aggregation_order,reflectance_first,rolling_origin,AOI-00,modis,2023,2024,R2024-H1,1,AOI-00_b_5_0,0.06379632410683593,0.06319100594454058,0.06319100594454058,3
spatial_aggregation_order,reflectance_first,rolling_origin,AOI-00,modis,2023,2024,R2024-H1,1,AOI-00_b_5_1,0.05576509765922672,0.04859625204719359,0.035479122280944256,858
spatial_aggregation_order,reflectance_first,rolling_origin,AOI-00,modis,2023,2024,R2024-H1,1,AOI-00_b_5_2,0.05514727657738898,0.04639380804403076,0.032382228421955296,870
spatial_aggregation_order,reflectance_first,rolling_origin,AOI-00,modis,2023,2024,R2024-H1,1,AOI-00_b_5_3,0.04233028064624093,0.033685186473029066,0.0016605220082586613,855
spatial_aggregation_order,reflectance_first,rolling_origin,AOI-00,modis,2023,2024,R2024-H1,1,AOI-00_b_5_4,0.0407921730790671,0.03046865456597681,-0.010638505426874664,684
spatial_aggregation_order,reflectance_first,rolling_origin,AOI-00,modis,2023,2024,R2024-H1,1,AOI-00_b_6_0,0.057878564843034434,0.049964805412166656,0.04839155603508658,63
spatial_aggregation_order,reflectance_first,rolling_origin,AOI-00,modis,2023,2024,R2024-H1,1,AOI-00_b_6_1,0.05789607376642359,0.05000369319613375,0.04382202089061293,825
spatial_aggregation_order,reflectance_first,rolling_origin,AOI-00,modis,2023,2024,R2024-H1,1,AOI-00_b_6_2,0.052671986173890996,0.047931179694842035,0.04637751577677414,912
spatial_aggregation_order,reflectance_first,rolling_origin,AOI-00,modis,2023,2024,R2024-H1,1,AOI-00_b_6_3,0.04638027810527973,0.037916839910999416,0.004621828520867557,855
spatial_aggregation_order,reflectance_first,rolling_origin,AOI-00,modis,2023,2024,R2024-H1,1,AOI-00_b_6_4,0.058407316608259756,0.04457697390298573,-0.02908594197136504,213
spatial_aggregation_order,reflectance_first,rolling_origin,AOI-00,modis,2023,2024,R2024-H1,1,AOI-00_b_7_1,0.06600766053659497,0.06273421532315716,0.06273421532315716,57
spatial_aggregation_order,reflectance_first,rolling_origin,AOI-00,modis,2023,2024,R2024-H1,1,AOI-00_b_7_2,0.04090304948042967,0.03596639421837479,0.034717362819694765,102
spatial_aggregation_order,reflectance_first,rolling_origin,AOI-00,modis,2023,2024,R2024-H1,1,AOI-00_b_7_3,0.048512557990789615,0.0408040517385101,-0.02890427938816669,339
spatial_aggregation_order,reflectance_first,rolling_origin,AOI-00,modis,2023,2024,R2024-H1,1,AOI-00_b_7_4,0.046868733528143795,0.04413454939625754,-0.04413454939625754,63
spatial_aggregation_order,reflectance_first,rolling_origin,AOI-00,modis,2022;2023,2024,R2024-H2,2,AOI-00_b_0_1,0.0348222840325611,0.028275461252336126,0.01497361885015861,51
spatial_aggregation_order,reflectance_first,rolling_origin,AOI-00,modis,2022;2023,2024,R2024-H2,2,AOI-00_b_0_2,0.03786610745927448,0.02837548493690371,0.02120475486952584,186
spatial_aggregation_order,reflectance_first,rolling_origin,AOI-00,modis,2022;2023,2024,R2024-H2,2,AOI-00_b_0_3,0.046568717216454024,0.039809323962343095,0.036631749157623614,156
spatial_aggregation_order,reflectance_first,rolling_origin,AOI-00,modis,2022;2023,2024,R2024-H2,2,AOI-00_b_0_4,0.048797828152008685,0.04210224837974112,0.041947872107560326,57
spatial_aggregation_order,reflectance_first,rolling_origin,AOI-00,modis,2022;2023,2024,R2024-H2,2,AOI-00_b_1_1,0.038859294936715374,0.031629664852809665,0.02253919078721413,408
spatial_aggregation_order,reflectance_first,rolling_origin,AOI-00,modis,2022;2023,2024,R2024-H2,2,AOI-00_b_1_2,0.05379205030046308,0.046007837130282274,0.041060241949786275,861
spatial_aggregation_order,reflectance_first,rolling_origin,AOI-00,modis,2022;2023,2024,R2024-H2,2,AOI-00_b_1_3,0.04084992248032928,0.034167280699855,0.029279405038789036,900
spatial_aggregation_order,reflectance_first,rolling_origin,AOI-00,modis,2022;2023,2024,R2024-H2,2,AOI-00_b_1_4,0.03326749330687881,0.026499509399123045,0.013795449076638542,834
spatial_aggregation_order,reflectance_first,rolling_origin,AOI-00,modis,2022;2023,2024,R2024-H2,2,AOI-00_b_1_5,0.02598047355939608,0.021092941898915585,-0.014449600775101249,12
spatial_aggregation_order,reflectance_first,rolling_origin,AOI-00,modis,2022;2023,2024,R2024-H2,2,AOI-00_b_2_1,0.03937215673288016,0.03226158802489188,0.014368659976382654,474
spatial_aggregation_order,reflectance_first,rolling_origin,AOI-00,modis,2022;2023,2024,R2024-H2,2,AOI-00_b_2_2,0.04808545523782415,0.04057409489603858,0.03568043302961184,894
spatial_aggregation_order,reflectance_first,rolling_origin,AOI-00,modis,2022;2023,2024,R2024-H2,2,AOI-00_b_2_3,0.0266925772868827,0.02178735365687683,0.01447231865222544,855
spatial_aggregation_order,reflectance_first,rolling_origin,AOI-00,modis,2022;2023,2024,R2024-H2,2,AOI-00_b_2_4,0.03025541099506048,0.023549673184047805,-0.008497626486388127,855
spatial_aggregation_order,reflectance_first,rolling_origin,AOI-00,modis,2022;2023,2024,R2024-H2,2,AOI-00_b_2_5,0.02924905728713245,0.023353713074330828,-0.016641262292823453,258
spatial_aggregation_order,reflectance_first,rolling_origin,AOI-00,modis,2022;2023,2024,R2024-H2,2,AOI-00_b_3_0,0.02643607070026386,0.023307876432173764,-0.005452579939938107,45
spatial_aggregation_order,reflectance_first,rolling_origin,AOI-00,modis,2022;2023,2024,R2024-H2,2,AOI-00_b_3_1,0.04913351946118745,0.04297758412479791,0.03826140044654189,603
spatial_aggregation_order,reflectance_first,rolling_origin,AOI-00,modis,2022;2023,2024,R2024-H2,2,AOI-00_b_3_2,0.05502891032570595,0.04671498482293188,0.040401287177918424,855
spatial_aggregation_order,reflectance_first,rolling_origin,AOI-00,modis,2022;2023,2024,R2024-H2,2,AOI-00_b_3_3,0.035136743965860535,0.028384178680395937,0.004527919835679426,855
spatial_aggregation_order,reflectance_first,rolling_origin,AOI-00,modis,2022;2023,2024,R2024-H2,2,AOI-00_b_3_4,0.03579708924842722,0.028916020534053448,-0.020601861311941225,849
spatial_aggregation_order,reflectance_first,rolling_origin,AOI-00,modis,2022;2023,2024,R2024-H2,2,AOI-00_b_3_5,0.04257520080006095,0.03491091783897026,-0.0236556703876913,228
spatial_aggregation_order,reflectance_first,rolling_origin,AOI-00,modis,2022;2023,2024,R2024-H2,2,AOI-00_b_4_0,0.02589691921527555,0.02030026651705829,0.013465320706410072,78
spatial_aggregation_order,reflectance_first,rolling_origin,AOI-00,modis,2022;2023,2024,R2024-H2,2,AOI-00_b_4_1,0.04596440627553521,0.0399281611826393,0.03441313247602233,894
spatial_aggregation_order,reflectance_first,rolling_origin,AOI-00,modis,2022;2023,2024,R2024-H2,2,AOI-00_b_4_2,0.04308519380143897,0.03590186048279921,0.02439984682092164,855
spatial_aggregation_order,reflectance_first,rolling_origin,AOI-00,modis,2022;2023,2024,R2024-H2,2,AOI-00_b_4_3,0.036596091473709416,0.029819415668791517,0.0017775960036697526,855
spatial_aggregation_order,reflectance_first,rolling_origin,AOI-00,modis,2022;2023,2024,R2024-H2,2,AOI-00_b_4_4,0.04515533038324973,0.036243979678676534,-0.02758169897952039,639
spatial_aggregation_order,reflectance_first,rolling_origin,AOI-00,modis,2022;2023,2024,R2024-H2,2,AOI-00_b_5_0,0.06206568577895908,0.061489588199275136,0.061489588199275136,3
spatial_aggregation_order,reflectance_first,rolling_origin,AOI-00,modis,2022;2023,2024,R2024-H2,2,AOI-00_b_5_1,0.054459218737019865,0.04735196046846684,0.03314888276697732,858
spatial_aggregation_order,reflectance_first,rolling_origin,AOI-00,modis,2022;2023,2024,R2024-H2,2,AOI-00_b_5_2,0.053801617626902914,0.04513289631218105,0.029973108525132627,870
spatial_aggregation_order,reflectance_first,rolling_origin,AOI-00,modis,2022;2023,2024,R2024-H2,2,AOI-00_b_5_3,0.04230008522732508,0.0338645445805218,-0.0003937959473299365,855
spatial_aggregation_order,reflectance_first,rolling_origin,AOI-00,modis,2022;2023,2024,R2024-H2,2,AOI-00_b_5_4,0.04207793533738091,0.03128040686443984,-0.012858018701564172,684
spatial_aggregation_order,reflectance_first,rolling_origin,AOI-00,modis,2022;2023,2024,R2024-H2,2,AOI-00_b_6_0,0.056668621878271194,0.04868663348871572,0.046707602097423855,63
spatial_aggregation_order,reflectance_first,rolling_origin,AOI-00,modis,2022;2023,2024,R2024-H2,2,AOI-00_b_6_1,0.05650744840475588,0.04864692692671654,0.0414516842253859,825
spatial_aggregation_order,reflectance_first,rolling_origin,AOI-00,modis,2022;2023,2024,R2024-H2,2,AOI-00_b_6_2,0.05029266105637229,0.045359016811146305,0.04343955017352394,912
spatial_aggregation_order,reflectance_first,rolling_origin,AOI-00,modis,2022;2023,2024,R2024-H2,2,AOI-00_b_6_3,0.04654294347010936,0.03790160745591504,0.0018413718671798462,855
spatial_aggregation_order,reflectance_first,rolling_origin,AOI-00,modis,2022;2023,2024,R2024-H2,2,AOI-00_b_6_4,0.06035738903246707,0.04650386692501183,-0.032211568224311184,213
spatial_aggregation_order,reflectance_first,rolling_origin,AOI-00,modis,2022;2023,2024,R2024-H2,2,AOI-00_b_7_1,0.06454827109453487,0.06121894605800205,0.06121894605800205,57
spatial_aggregation_order,reflectance_first,rolling_origin,AOI-00,modis,2022;2023,2024,R2024-H2,2,AOI-00_b_7_2,0.039280048411478787,0.034251985307973284,0.032882184244990106,102
spatial_aggregation_order,reflectance_first,rolling_origin,AOI-00,modis,2022;2023,2024,R2024-H2,2,AOI-00_b_7_3,0.04999342568452082,0.042004233182739464,-0.03078925187530604,339
spatial_aggregation_order,reflectance_first,rolling_origin,AOI-00,modis,2022;2023,2024,R2024-H2,2,AOI-00_b_7_4,0.048508623010905916,0.045806714641585464,-0.045806714641585464,63
spatial_aggregation_order,reflectance_first,rolling_origin,AOI-00,modis,2021;2022;2023,2024,R2024-H3,3,AOI-00_b_0_1,0.0347043711263691,0.0280839660113429,0.01615979388454937,51
spatial_aggregation_order,reflectance_first,rolling_origin,AOI-00,modis,2021;2022;2023,2024,R2024-H3,3,AOI-00_b_0_2,0.036351402115027784,0.02689334966696305,0.018145274301521876,186
spatial_aggregation_order,reflectance_first,rolling_origin,AOI-00,modis,2021;2022;2023,2024,R2024-H3,3,AOI-00_b_0_3,0.043055622567980775,0.03639537777703552,0.03212182100664668,156
spatial_aggregation_order,reflectance_first,rolling_origin,AOI-00,modis,2021;2022;2023,2024,R2024-H3,3,AOI-00_b_0_4,0.04519462712272801,0.038191376692341454,0.03775653759458316,57
spatial_aggregation_order,reflectance_first,rolling_origin,AOI-00,modis,2021;2022;2023,2024,R2024-H3,3,AOI-00_b_1_1,0.03833145188602008,0.03093986474663853,0.022553568905261452,408
spatial_aggregation_order,reflectance_first,rolling_origin,AOI-00,modis,2021;2022;2023,2024,R2024-H3,3,AOI-00_b_1_2,0.050766350807551736,0.04317236124331994,0.03789848409682879,861
spatial_aggregation_order,reflectance_first,rolling_origin,AOI-00,modis,2021;2022;2023,2024,R2024-H3,3,AOI-00_b_1_3,0.038207309143882894,0.03167687030277861,0.025856489604206362,900
spatial_aggregation_order,reflectance_first,rolling_origin,AOI-00,modis,2021;2022;2023,2024,R2024-H3,3,AOI-00_b_1_4,0.03163838708797291,0.02480558745224611,0.010672919402262572,834
spatial_aggregation_order,reflectance_first,rolling_origin,AOI-00,modis,2021;2022;2023,2024,R2024-H3,3,AOI-00_b_1_5,0.025926749498769032,0.020756887228307614,-0.01611319233650253,12
spatial_aggregation_order,reflectance_first,rolling_origin,AOI-00,modis,2021;2022;2023,2024,R2024-H3,3,AOI-00_b_2_1,0.0384571705020902,0.031424585620343025,0.013835388277190656,474
spatial_aggregation_order,reflectance_first,rolling_origin,AOI-00,modis,2021;2022;2023,2024,R2024-H3,3,AOI-00_b_2_2,0.04592865966004185,0.038426549665455556,0.03273895344506842,894
spatial_aggregation_order,reflectance_first,rolling_origin,AOI-00,modis,2021;2022;2023,2024,R2024-H3,3,AOI-00_b_2_3,0.024961946633404567,0.020108111070131326,0.010941146068678718,855
spatial_aggregation_order,reflectance_first,rolling_origin,AOI-00,modis,2021;2022;2023,2024,R2024-H3,3,AOI-00_b_2_4,0.03078094942842365,0.02366392417573794,-0.011550961969845161,855
spatial_aggregation_order,reflectance_first,rolling_origin,AOI-00,modis,2021;2022;2023,2024,R2024-H3,3,AOI-00_b_2_5,0.03133973156741812,0.025843106854963827,-0.02042861253545174,258
spatial_aggregation_order,reflectance_first,rolling_origin,AOI-00,modis,2021;2022;2023,2024,R2024-H3,3,AOI-00_b_3_0,0.02567879074037368,0.022589952527437483,-0.004983381754638107,45
spatial_aggregation_order,reflectance_first,rolling_origin,AOI-00,modis,2021;2022;2023,2024,R2024-H3,3,AOI-00_b_3_1,0.04694953250319917,0.04088187300510275,0.03588901458233547,603
spatial_aggregation_order,reflectance_first,rolling_origin,AOI-00,modis,2021;2022;2023,2024,R2024-H3,3,AOI-00_b_3_2,0.053364250722409655,0.045200439514070385,0.0383834401474958,855
spatial_aggregation_order,reflectance_first,rolling_origin,AOI-00,modis,2021;2022;2023,2024,R2024-H3,3,AOI-00_b_3_3,0.03465801528853332,0.0278394330802755,0.0014185063538939744,855
spatial_aggregation_order,reflectance_first,rolling_origin,AOI-00,modis,2021;2022;2023,2024,R2024-H3,3,AOI-00_b_3_4,0.037241357790269845,0.03043610889362076,-0.02334190813274919,849
spatial_aggregation_order,reflectance_first,rolling_origin,AOI-00,modis,2021;2022;2023,2024,R2024-H3,3,AOI-00_b_3_5,0.043753084155845445,0.03621776622934797,-0.025722225251774408,228
spatial_aggregation_order,reflectance_first,rolling_origin,AOI-00,modis,2021;2022;2023,2024,R2024-H3,3,AOI-00_b_4_0,0.02473428777214387,0.019344931003463798,0.012278941901707833,78
spatial_aggregation_order,reflectance_first,rolling_origin,AOI-00,modis,2021;2022;2023,2024,R2024-H3,3,AOI-00_b_4_1,0.044124188659367805,0.03817435466878194,0.03227411135947781,894
spatial_aggregation_order,reflectance_first,rolling_origin,AOI-00,modis,2021;2022;2023,2024,R2024-H3,3,AOI-00_b_4_2,0.042134764118564746,0.03500851309075254,0.02295940691676859,855
spatial_aggregation_order,reflectance_first,rolling_origin,AOI-00,modis,2021;2022;2023,2024,R2024-H3,3,AOI-00_b_4_3,0.036684382053671964,0.029702730611815102,-0.0019781850546368683,855
spatial_aggregation_order,reflectance_first,rolling_origin,AOI-00,modis,2021;2022;2023,2024,R2024-H3,3,AOI-00_b_4_4,0.04652686391123931,0.03800597354848747,-0.029550168791238382,639
spatial_aggregation_order,reflectance_first,rolling_origin,AOI-00,modis,2021;2022;2023,2024,R2024-H3,3,AOI-00_b_5_0,0.06008052914482373,0.05943043859424766,0.05943043859424766,3
spatial_aggregation_order,reflectance_first,rolling_origin,AOI-00,modis,2021;2022;2023,2024,R2024-H3,3,AOI-00_b_5_1,0.053484734067330515,0.04653367962841998,0.03180768544329763,858
spatial_aggregation_order,reflectance_first,rolling_origin,AOI-00,modis,2021;2022;2023,2024,R2024-H3,3,AOI-00_b_5_2,0.05307919581920382,0.04450561999721116,0.028721972254749165,870
spatial_aggregation_order,reflectance_first,rolling_origin,AOI-00,modis,2021;2022;2023,2024,R2024-H3,3,AOI-00_b_5_3,0.042361304390452874,0.034187901638565395,-0.0020500245281491834,855
spatial_aggregation_order,reflectance_first,rolling_origin,AOI-00,modis,2021;2022;2023,2024,R2024-H3,3,AOI-00_b_5_4,0.04182623008102905,0.031246623029124683,-0.014325636833255077,684
spatial_aggregation_order,reflectance_first,rolling_origin,AOI-00,modis,2021;2022;2023,2024,R2024-H3,3,AOI-00_b_6_0,0.05474372875559315,0.046830920979442005,0.044628513328179374,63
spatial_aggregation_order,reflectance_first,rolling_origin,AOI-00,modis,2021;2022;2023,2024,R2024-H3,3,AOI-00_b_6_1,0.05512031291959949,0.04740587452375819,0.040156267507047164,825
spatial_aggregation_order,reflectance_first,rolling_origin,AOI-00,modis,2021;2022;2023,2024,R2024-H3,3,AOI-00_b_6_2,0.04951840286407694,0.04466009637759655,0.04279221930605242,912
spatial_aggregation_order,reflectance_first,rolling_origin,AOI-00,modis,2021;2022;2023,2024,R2024-H3,3,AOI-00_b_6_3,0.04609590649461737,0.037631643441882044,0.0010349240873467214,855
spatial_aggregation_order,reflectance_first,rolling_origin,AOI-00,modis,2021;2022;2023,2024,R2024-H3,3,AOI-00_b_6_4,0.060173451746791624,0.04672206411168721,-0.03260706410085328,213
spatial_aggregation_order,reflectance_first,rolling_origin,AOI-00,modis,2021;2022;2023,2024,R2024-H3,3,AOI-00_b_7_1,0.0624228793277582,0.05894726289797285,0.05894726289797285,57
spatial_aggregation_order,reflectance_first,rolling_origin,AOI-00,modis,2021;2022;2023,2024,R2024-H3,3,AOI-00_b_7_2,0.03779151815826869,0.0325146159548808,0.030975755009120944,102
spatial_aggregation_order,reflectance_first,rolling_origin,AOI-00,modis,2021;2022;2023,2024,R2024-H3,3,AOI-00_b_7_3,0.0507819780614194,0.04289067866098005,-0.032638829305450444,339
spatial_aggregation_order,reflectance_first,rolling_origin,AOI-00,modis,2021;2022;2023,2024,R2024-H3,3,AOI-00_b_7_4,0.050421921951710524,0.047899263057071755,-0.047899263057071755,63
spatial_aggregation_order,reflectance_first,rolling_origin,AOI-00,modis,2024,2025,R2025-H1,1,AOI-00_b_0_1,0.03087984289973801,0.024808367538227072,-0.011589154975007473,51
spatial_aggregation_order,reflectance_first,rolling_origin,AOI-00,modis,2024,2025,R2025-H1,1,AOI-00_b_0_2,0.03465797112462082,0.029892967755216812,-0.026955416895458575,186
spatial_aggregation_order,reflectance_first,rolling_origin,AOI-00,modis,2024,2025,R2025-H1,1,AOI-00_b_0_3,0.036947498906797015,0.029892795630955062,-0.021929546373978467,156
spatial_aggregation_order,reflectance_first,rolling_origin,AOI-00,modis,2024,2025,R2025-H1,1,AOI-00_b_0_4,0.01545065099875188,0.011864553166025795,-0.000592930858425374,57
spatial_aggregation_order,reflectance_first,rolling_origin,AOI-00,modis,2024,2025,R2025-H1,1,AOI-00_b_1_1,0.03089270214790637,0.02441652311783446,0.0020748639003240568,408
spatial_aggregation_order,reflectance_first,rolling_origin,AOI-00,modis,2024,2025,R2025-H1,1,AOI-00_b_1_2,0.02916715628665347,0.022910104460042897,-0.013369304171468031,861
spatial_aggregation_order,reflectance_first,rolling_origin,AOI-00,modis,2024,2025,R2025-H1,1,AOI-00_b_1_3,0.03264795212275739,0.025734579524051455,-0.015753050507704935,900
spatial_aggregation_order,reflectance_first,rolling_origin,AOI-00,modis,2024,2025,R2025-H1,1,AOI-00_b_1_4,0.036950916722760525,0.029336721193201493,-0.023460633680989156,834
spatial_aggregation_order,reflectance_first,rolling_origin,AOI-00,modis,2024,2025,R2025-H1,1,AOI-00_b_1_5,0.029170435774183257,0.023574140357633933,-0.02346565853204975,12
spatial_aggregation_order,reflectance_first,rolling_origin,AOI-00,modis,2024,2025,R2025-H1,1,AOI-00_b_2_1,0.032295378794599046,0.02558250719550059,-0.005938539053296247,474
spatial_aggregation_order,reflectance_first,rolling_origin,AOI-00,modis,2024,2025,R2025-H1,1,AOI-00_b_2_2,0.03293419261104856,0.025932360508321997,0.003315730634042713,894
spatial_aggregation_order,reflectance_first,rolling_origin,AOI-00,modis,2024,2025,R2025-H1,1,AOI-00_b_2_3,0.03607046391508229,0.02924006640822864,-0.019371559166632534,855
spatial_aggregation_order,reflectance_first,rolling_origin,AOI-00,modis,2024,2025,R2025-H1,1,AOI-00_b_2_4,0.06376399084829197,0.05452683748358428,-0.05237034641173896,855
spatial_aggregation_order,reflectance_first,rolling_origin,AOI-00,modis,2024,2025,R2025-H1,1,AOI-00_b_2_5,0.05045131323170658,0.04238243364400306,-0.03922445717455264,258
spatial_aggregation_order,reflectance_first,rolling_origin,AOI-00,modis,2024,2025,R2025-H1,1,AOI-00_b_3_0,0.028619272509677936,0.02446117672593026,-0.012194737288664383,45
spatial_aggregation_order,reflectance_first,rolling_origin,AOI-00,modis,2024,2025,R2025-H1,1,AOI-00_b_3_1,0.028546704920880916,0.02376869176928496,0.016730034500533137,603
spatial_aggregation_order,reflectance_first,rolling_origin,AOI-00,modis,2024,2025,R2025-H1,1,AOI-00_b_3_2,0.03785009241864231,0.03152498047096494,0.011611111736989118,855
spatial_aggregation_order,reflectance_first,rolling_origin,AOI-00,modis,2024,2025,R2025-H1,1,AOI-00_b_3_3,0.05015436893840839,0.0400806750862766,-0.02739434046347391,855
spatial_aggregation_order,reflectance_first,rolling_origin,AOI-00,modis,2024,2025,R2025-H1,1,AOI-00_b_3_4,0.054089491338637885,0.04501576644107432,-0.03930702213148481,849
spatial_aggregation_order,reflectance_first,rolling_origin,AOI-00,modis,2024,2025,R2025-H1,1,AOI-00_b_3_5,0.052070429982160354,0.040427549004797836,-0.035355525383895976,228
spatial_aggregation_order,reflectance_first,rolling_origin,AOI-00,modis,2024,2025,R2025-H1,1,AOI-00_b_4_0,0.022072600763766697,0.018409041897325357,-0.0019519699534433078,78
spatial_aggregation_order,reflectance_first,rolling_origin,AOI-00,modis,2024,2025,R2025-H1,1,AOI-00_b_4_1,0.029611798416150945,0.02509895952478647,0.01269497716416303,894
spatial_aggregation_order,reflectance_first,rolling_origin,AOI-00,modis,2024,2025,R2025-H1,1,AOI-00_b_4_2,0.029332097690318373,0.024301868847364752,0.005707241794332469,855
spatial_aggregation_order,reflectance_first,rolling_origin,AOI-00,modis,2024,2025,R2025-H1,1,AOI-00_b_4_3,0.06018018266303492,0.0501799650011272,-0.04841320045825285,855
spatial_aggregation_order,reflectance_first,rolling_origin,AOI-00,modis,2024,2025,R2025-H1,1,AOI-00_b_4_4,0.04754048423071594,0.03972402938523913,-0.03493137364219146,639
spatial_aggregation_order,reflectance_first,rolling_origin,AOI-00,modis,2024,2025,R2025-H1,1,AOI-00_b_5_0,0.020890649843355612,0.013302171585876174,0.01067842969377586,3
spatial_aggregation_order,reflectance_first,rolling_origin,AOI-00,modis,2024,2025,R2025-H1,1,AOI-00_b_5_1,0.039542459654334,0.0307124094810277,-0.01401927320988782,858
spatial_aggregation_order,reflectance_first,rolling_origin,AOI-00,modis,2024,2025,R2025-H1,1,AOI-00_b_5_2,0.04314881156985919,0.03480168288117234,-0.01548965622427626,870
spatial_aggregation_order,reflectance_first,rolling_origin,AOI-00,modis,2024,2025,R2025-H1,1,AOI-00_b_5_3,0.060866170784011374,0.05076142140604061,-0.040532882791114624,855
spatial_aggregation_order,reflectance_first,rolling_origin,AOI-00,modis,2024,2025,R2025-H1,1,AOI-00_b_5_4,0.045854411167525186,0.03542435229103128,-0.026250442012588658,684
spatial_aggregation_order,reflectance_first,rolling_origin,AOI-00,modis,2024,2025,R2025-H1,1,AOI-00_b_6_0,0.02632741305093065,0.02292640389011437,0.002513537257215478,63
spatial_aggregation_order,reflectance_first,rolling_origin,AOI-00,modis,2024,2025,R2025-H1,1,AOI-00_b_6_1,0.03005311486108677,0.023742108494165814,-0.003187136584287047,825
spatial_aggregation_order,reflectance_first,rolling_origin,AOI-00,modis,2024,2025,R2025-H1,1,AOI-00_b_6_2,0.020197228482935852,0.01586986287845081,0.00048682770110222706,912
spatial_aggregation_order,reflectance_first,rolling_origin,AOI-00,modis,2024,2025,R2025-H1,1,AOI-00_b_6_3,0.04533064956280086,0.03606929881193854,-0.027435946456854574,855
spatial_aggregation_order,reflectance_first,rolling_origin,AOI-00,modis,2024,2025,R2025-H1,1,AOI-00_b_6_4,0.06833053619590425,0.0566880601574244,-0.05170908634067841,213
spatial_aggregation_order,reflectance_first,rolling_origin,AOI-00,modis,2024,2025,R2025-H1,1,AOI-00_b_7_1,0.036743175915032365,0.030744318922234688,0.012700574027413711,57
spatial_aggregation_order,reflectance_first,rolling_origin,AOI-00,modis,2024,2025,R2025-H1,1,AOI-00_b_7_2,0.02290462316435893,0.018184158083270622,-0.007358438723344805,102
spatial_aggregation_order,reflectance_first,rolling_origin,AOI-00,modis,2024,2025,R2025-H1,1,AOI-00_b_7_3,0.050698608490933834,0.0462545133682287,-0.04473190566860525,339
spatial_aggregation_order,reflectance_first,rolling_origin,AOI-00,modis,2024,2025,R2025-H1,1,AOI-00_b_7_4,0.06589573554573548,0.06285572477470484,-0.06285572477470484,63
spatial_aggregation_order,reflectance_first,rolling_origin,AOI-00,modis,2023;2024,2025,R2025-H2,2,AOI-00_b_0_1,0.02969542101485329,0.024247702180578826,-0.005513008827576477,51
spatial_aggregation_order,reflectance_first,rolling_origin,AOI-00,modis,2023;2024,2025,R2025-H2,2,AOI-00_b_0_2,0.027876813584587937,0.02336075533561448,-0.017605456719619054,186
spatial_aggregation_order,reflectance_first,rolling_origin,AOI-00,modis,2023;2024,2025,R2025-H2,2,AOI-00_b_0_3,0.03182265681707349,0.02560175912337974,-0.011317679134108135,156
spatial_aggregation_order,reflectance_first,rolling_origin,AOI-00,modis,2023;2024,2025,R2025-H2,2,AOI-00_b_0_4,0.018411028346527105,0.014755468137918658,0.009754921400046197,57
spatial_aggregation_order,reflectance_first,rolling_origin,AOI-00,modis,2023;2024,2025,R2025-H2,2,AOI-00_b_1_1,0.03163615727868405,0.02515755686151527,0.009024337129772802,408
spatial_aggregation_order,reflectance_first,rolling_origin,AOI-00,modis,2023;2024,2025,R2025-H2,2,AOI-00_b_1_2,0.026574591324697836,0.02087826985515387,-0.0037233906722332387,861
spatial_aggregation_order,reflectance_first,rolling_origin,AOI-00,modis,2023;2024,2025,R2025-H2,2,AOI-00_b_1_3,0.029319233863986934,0.02385803819107434,-0.005637339625255311,900
spatial_aggregation_order,reflectance_first,rolling_origin,AOI-00,modis,2023;2024,2025,R2025-H2,2,AOI-00_b_1_4,0.03149221194248351,0.024420112928212234,-0.013386890350303344,834
spatial_aggregation_order,reflectance_first,rolling_origin,AOI-00,modis,2023;2024,2025,R2025-H2,2,AOI-00_b_1_5,0.023042645284585616,0.016461706914026052,-0.014743800899011922,12
spatial_aggregation_order,reflectance_first,rolling_origin,AOI-00,modis,2023;2024,2025,R2025-H2,2,AOI-00_b_2_1,0.031269768295080956,0.024380719693736206,0.0017614970678747543,474
spatial_aggregation_order,reflectance_first,rolling_origin,AOI-00,modis,2023;2024,2025,R2025-H2,2,AOI-00_b_2_2,0.03533263535878109,0.027970541889788772,0.013245942510786205,894
spatial_aggregation_order,reflectance_first,rolling_origin,AOI-00,modis,2023;2024,2025,R2025-H2,2,AOI-00_b_2_3,0.031697734689819214,0.025732371188088722,-0.008800117296188336,855
spatial_aggregation_order,reflectance_first,rolling_origin,AOI-00,modis,2023;2024,2025,R2025-H2,2,AOI-00_b_2_4,0.05560758044204213,0.04663636161348155,-0.042261666672726336,855
spatial_aggregation_order,reflectance_first,rolling_origin,AOI-00,modis,2023;2024,2025,R2025-H2,2,AOI-00_b_2_5,0.042685350164183726,0.03525372818181216,-0.028633769188849766,258
spatial_aggregation_order,reflectance_first,rolling_origin,AOI-00,modis,2023;2024,2025,R2025-H2,2,AOI-00_b_3_0,0.026430574495691615,0.022580755382159968,-0.0051070289126881755,45
spatial_aggregation_order,reflectance_first,rolling_origin,AOI-00,modis,2023;2024,2025,R2025-H2,2,AOI-00_b_3_1,0.035245053447898037,0.030791227271579243,0.026350009729744092,603
spatial_aggregation_order,reflectance_first,rolling_origin,AOI-00,modis,2023;2024,2025,R2025-H2,2,AOI-00_b_3_2,0.041609676695472976,0.03506935272725676,0.020676709926838153,855
spatial_aggregation_order,reflectance_first,rolling_origin,AOI-00,modis,2023;2024,2025,R2025-H2,2,AOI-00_b_3_3,0.045136870664120636,0.03560077149981549,-0.01722631740051042,855
spatial_aggregation_order,reflectance_first,rolling_origin,AOI-00,modis,2023;2024,2025,R2025-H2,2,AOI-00_b_3_4,0.047282533957888305,0.03923505662905699,-0.029304350655952757,849
spatial_aggregation_order,reflectance_first,rolling_origin,AOI-00,modis,2023;2024,2025,R2025-H2,2,AOI-00_b_3_5,0.046071097960403574,0.03438164907842363,-0.02581205482163114,228
spatial_aggregation_order,reflectance_first,rolling_origin,AOI-00,modis,2023;2024,2025,R2025-H2,2,AOI-00_b_4_0,0.023588586781961365,0.019237903173352538,0.006678646761126645,78
spatial_aggregation_order,reflectance_first,rolling_origin,AOI-00,modis,2023;2024,2025,R2025-H2,2,AOI-00_b_4_1,0.03485398702282555,0.03003315440430092,0.02203783156189251,894
spatial_aggregation_order,reflectance_first,rolling_origin,AOI-00,modis,2023;2024,2025,R2025-H2,2,AOI-00_b_4_2,0.03216450936503143,0.027097211505510803,0.014452767371518021,855
spatial_aggregation_order,reflectance_first,rolling_origin,AOI-00,modis,2023;2024,2025,R2025-H2,2,AOI-00_b_4_3,0.05169553109212276,0.04183910264541988,-0.03758112776923447,855
spatial_aggregation_order,reflectance_first,rolling_origin,AOI-00,modis,2023;2024,2025,R2025-H2,2,AOI-00_b_4_4,0.0411091790857562,0.03309298555060245,-0.02551206632309869,639
spatial_aggregation_order,reflectance_first,rolling_origin,AOI-00,modis,2023;2024,2025,R2025-H2,2,AOI-00_b_5_0,0.026871261391042296,0.020110912374748675,0.020110912374748675,3
spatial_aggregation_order,reflectance_first,rolling_origin,AOI-00,modis,2023;2024,2025,R2025-H2,2,AOI-00_b_5_1,0.037380278871383385,0.029627393530497433,-0.005474262097277671,858
spatial_aggregation_order,reflectance_first,rolling_origin,AOI-00,modis,2023;2024,2025,R2025-H2,2,AOI-00_b_5_2,0.04060590422414574,0.033375059934850695,-0.007269133047962602,870
spatial_aggregation_order,reflectance_first,rolling_origin,AOI-00,modis,2023;2024,2025,R2025-H2,2,AOI-00_b_5_3,0.05446655617377057,0.04482553213682508,-0.03143536502704321,855
spatial_aggregation_order,reflectance_first,rolling_origin,AOI-00,modis,2023;2024,2025,R2025-H2,2,AOI-00_b_5_4,0.041655613566857846,0.03157145759143163,-0.01736059621397138,684
spatial_aggregation_order,reflectance_first,rolling_origin,AOI-00,modis,2023;2024,2025,R2025-H2,2,AOI-00_b_6_0,0.029222693500864927,0.025306619675521537,0.011811799495540492,63
spatial_aggregation_order,reflectance_first,rolling_origin,AOI-00,modis,2023;2024,2025,R2025-H2,2,AOI-00_b_6_1,0.03066514912195649,0.024914088919918125,0.005294919830292453,825
spatial_aggregation_order,reflectance_first,rolling_origin,AOI-00,modis,2023;2024,2025,R2025-H2,2,AOI-00_b_6_2,0.02199526881889708,0.0169505379553753,0.008215574549812974,912
spatial_aggregation_order,reflectance_first,rolling_origin,AOI-00,modis,2023;2024,2025,R2025-H2,2,AOI-00_b_6_3,0.04085614613933135,0.03208825763173741,-0.01929269567823575,855
spatial_aggregation_order,reflectance_first,rolling_origin,AOI-00,modis,2023;2024,2025,R2025-H2,2,AOI-00_b_6_4,0.06241673217590822,0.049645607238179915,-0.04375997660359492,213
spatial_aggregation_order,reflectance_first,rolling_origin,AOI-00,modis,2023;2024,2025,R2025-H2,2,AOI-00_b_7_1,0.04081018865823619,0.03380108222275544,0.02174158438648175,57
spatial_aggregation_order,reflectance_first,rolling_origin,AOI-00,modis,2023;2024,2025,R2025-H2,2,AOI-00_b_7_2,0.02180186140065384,0.017000245688994678,0.0014149046225633505,102
spatial_aggregation_order,reflectance_first,rolling_origin,AOI-00,modis,2023;2024,2025,R2025-H2,2,AOI-00_b_7_3,0.042593159262071745,0.038012276000210676,-0.03553419978925724,339
spatial_aggregation_order,reflectance_first,rolling_origin,AOI-00,modis,2023;2024,2025,R2025-H2,2,AOI-00_b_7_4,0.05707242623923166,0.0535282842809724,-0.0535282842809724,63
spatial_aggregation_order,reflectance_first,rolling_origin,AOI-00,modis,2022;2023;2024,2025,R2025-H3,3,AOI-00_b_0_1,0.030326137960669398,0.024614317878690808,-0.005871202573191915,51
spatial_aggregation_order,reflectance_first,rolling_origin,AOI-00,modis,2022;2023;2024,2025,R2025-H3,3,AOI-00_b_0_2,0.026492182299666524,0.02211474429072877,-0.015434471576081668,186
spatial_aggregation_order,reflectance_first,rolling_origin,AOI-00,modis,2022;2023;2024,2025,R2025-H3,3,AOI-00_b_0_3,0.03085879058217957,0.02476965483459254,-0.008171810054365288,156
spatial_aggregation_order,reflectance_first,rolling_origin,AOI-00,modis,2022;2023;2024,2025,R2025-H3,3,AOI-00_b_0_4,0.020243333324004516,0.01664722308349582,0.012696826200944998,57
spatial_aggregation_order,reflectance_first,rolling_origin,AOI-00,modis,2022;2023;2024,2025,R2025-H3,3,AOI-00_b_1_1,0.031572705194448394,0.02516901573465773,0.009340830583857108,408
spatial_aggregation_order,reflectance_first,rolling_origin,AOI-00,modis,2022;2023;2024,2025,R2025-H3,3,AOI-00_b_1_2,0.026700980653354627,0.02109861647859782,-0.0013237673436277226,861
spatial_aggregation_order,reflectance_first,rolling_origin,AOI-00,modis,2022;2023;2024,2025,R2025-H3,3,AOI-00_b_1_3,0.029067779678911262,0.02382149769686917,-0.002874775209130595,900
spatial_aggregation_order,reflectance_first,rolling_origin,AOI-00,modis,2022;2023;2024,2025,R2025-H3,3,AOI-00_b_1_4,0.030434182481429282,0.023587185648384894,-0.010656747887603412,834
spatial_aggregation_order,reflectance_first,rolling_origin,AOI-00,modis,2022;2023;2024,2025,R2025-H3,3,AOI-00_b_1_5,0.022264961861709565,0.01544277612213312,-0.013058055197205922,12
spatial_aggregation_order,reflectance_first,rolling_origin,AOI-00,modis,2022;2023;2024,2025,R2025-H3,3,AOI-00_b_2_1,0.031115705625899548,0.02412813719319813,0.0026578364766323766,474
spatial_aggregation_order,reflectance_first,rolling_origin,AOI-00,modis,2022;2023;2024,2025,R2025-H3,3,AOI-00_b_2_2,0.03639682025024428,0.028921943299462818,0.015865200017868546,894
spatial_aggregation_order,reflectance_first,rolling_origin,AOI-00,modis,2022;2023;2024,2025,R2025-H3,3,AOI-00_b_2_3,0.031009122417841355,0.025167456010528912,-0.005685478759796932,855
spatial_aggregation_order,reflectance_first,rolling_origin,AOI-00,modis,2022;2023;2024,2025,R2025-H3,3,AOI-00_b_2_4,0.05344308091500303,0.044660485345085224,-0.039504534153280285,855
spatial_aggregation_order,reflectance_first,rolling_origin,AOI-00,modis,2022;2023;2024,2025,R2025-H3,3,AOI-00_b_2_5,0.040617472083550904,0.033427615404173924,-0.025504262102202295,258
spatial_aggregation_order,reflectance_first,rolling_origin,AOI-00,modis,2022;2023;2024,2025,R2025-H3,3,AOI-00_b_3_0,0.026424525901635774,0.022514753977361718,-0.004683742155348907,45
spatial_aggregation_order,reflectance_first,rolling_origin,AOI-00,modis,2022;2023;2024,2025,R2025-H3,3,AOI-00_b_3_1,0.03719779877347201,0.03278960319532089,0.02872959449647769,603
spatial_aggregation_order,reflectance_first,rolling_origin,AOI-00,modis,2022;2023;2024,2025,R2025-H3,3,AOI-00_b_3_2,0.0426801903435991,0.03608655567419485,0.022628011751285378,855
spatial_aggregation_order,reflectance_first,rolling_origin,AOI-00,modis,2022;2023;2024,2025,R2025-H3,3,AOI-00_b_3_3,0.04395974108085946,0.034530218070795905,-0.014423339307416534,855
spatial_aggregation_order,reflectance_first,rolling_origin,AOI-00,modis,2022;2023;2024,2025,R2025-H3,3,AOI-00_b_3_4,0.04567810942256403,0.03790659375770134,-0.026629114621690105,849
spatial_aggregation_order,reflectance_first,rolling_origin,AOI-00,modis,2022;2023;2024,2025,R2025-H3,3,AOI-00_b_3_5,0.04483293928100724,0.03324646437761328,-0.023491573591898348,228
spatial_aggregation_order,reflectance_first,rolling_origin,AOI-00,modis,2022;2023;2024,2025,R2025-H3,3,AOI-00_b_4_0,0.0245694048156052,0.019919112504682767,0.008293904462449616,78
spatial_aggregation_order,reflectance_first,rolling_origin,AOI-00,modis,2022;2023;2024,2025,R2025-H3,3,AOI-00_b_4_1,0.036410071713516304,0.03145767461722531,0.024203327149874516,894
spatial_aggregation_order,reflectance_first,rolling_origin,AOI-00,modis,2022;2023;2024,2025,R2025-H3,3,AOI-00_b_4_2,0.03295546519787572,0.027785662546291872,0.016156797699197294,855
spatial_aggregation_order,reflectance_first,rolling_origin,AOI-00,modis,2022;2023;2024,2025,R2025-H3,3,AOI-00_b_4_3,0.04921381082502254,0.039532909226214684,-0.03426513938264378,855
spatial_aggregation_order,reflectance_first,rolling_origin,AOI-00,modis,2022;2023;2024,2025,R2025-H3,3,AOI-00_b_4_4,0.039897154270630966,0.0317861940494142,-0.02328750717406887,639
spatial_aggregation_order,reflectance_first,rolling_origin,AOI-00,modis,2022;2023;2024,2025,R2025-H3,3,AOI-00_b_5_0,0.028518467448191937,0.022345650124894756,0.022345650124894756,3
spatial_aggregation_order,reflectance_first,rolling_origin,AOI-00,modis,2022;2023;2024,2025,R2025-H3,3,AOI-00_b_5_1,0.0372063552359778,0.029611347385757516,-0.003925138843235812,858
spatial_aggregation_order,reflectance_first,rolling_origin,AOI-00,modis,2022;2023;2024,2025,R2025-H3,3,AOI-00_b_5_2,0.04017198132543902,0.03308342248721891,-0.005970692340682512,870
spatial_aggregation_order,reflectance_first,rolling_origin,AOI-00,modis,2022;2023;2024,2025,R2025-H3,3,AOI-00_b_5_3,0.052824451496138354,0.04340329000616158,-0.029459403795380604,855
spatial_aggregation_order,reflectance_first,rolling_origin,AOI-00,modis,2022;2023;2024,2025,R2025-H3,3,AOI-00_b_5_4,0.041229577077792,0.03115846454226389,-0.015545071569829537,684
spatial_aggregation_order,reflectance_first,rolling_origin,AOI-00,modis,2022;2023;2024,2025,R2025-H3,3,AOI-00_b_6_0,0.030510329927664642,0.026328522693507623,0.013942845494386135,63
spatial_aggregation_order,reflectance_first,rolling_origin,AOI-00,modis,2022;2023;2024,2025,R2025-H3,3,AOI-00_b_6_1,0.03122910364492901,0.025536270168649344,0.006795407550412574,825
spatial_aggregation_order,reflectance_first,rolling_origin,AOI-00,modis,2022;2023;2024,2025,R2025-H3,3,AOI-00_b_6_2,0.02251831031492136,0.017354329237975925,0.009134094377298,912
spatial_aggregation_order,reflectance_first,rolling_origin,AOI-00,modis,2022;2023;2024,2025,R2025-H3,3,AOI-00_b_6_3,0.04032590675434875,0.03161126629179,-0.01805395161690687,855
spatial_aggregation_order,reflectance_first,rolling_origin,AOI-00,modis,2022;2023;2024,2025,R2025-H3,3,AOI-00_b_6_4,0.06170926048473919,0.04821919943013424,-0.04267121583988418,213
spatial_aggregation_order,reflectance_first,rolling_origin,AOI-00,modis,2022;2023;2024,2025,R2025-H3,3,AOI-00_b_7_1,0.041910129362168404,0.03474138741675445,0.02367389092836199,57
spatial_aggregation_order,reflectance_first,rolling_origin,AOI-00,modis,2022;2023;2024,2025,R2025-H3,3,AOI-00_b_7_2,0.022045728805962804,0.01722386102610261,0.0031404255153101575,102
spatial_aggregation_order,reflectance_first,rolling_origin,AOI-00,modis,2022;2023;2024,2025,R2025-H3,3,AOI-00_b_7_3,0.04074532738538073,0.03608136336258504,-0.03348083841699325,339
spatial_aggregation_order,reflectance_first,rolling_origin,AOI-00,modis,2022;2023;2024,2025,R2025-H3,3,AOI-00_b_7_4,0.055064408226585815,0.05137469667562179,-0.05137469667562179,63
spatial_aggregation_order,reflectance_first,rolling_origin,AOI-00,sentinel2,2023,2024,R2024-H1,1,AOI-00_b_0_1,0.05510148770165673,0.04794883426817019,0.03811123325087419,34
spatial_aggregation_order,reflectance_first,rolling_origin,AOI-00,sentinel2,2023,2024,R2024-H1,1,AOI-00_b_0_2,0.03330481719630178,0.027125546700888924,0.002878892563900502,124
spatial_aggregation_order,reflectance_first,rolling_origin,AOI-00,sentinel2,2023,2024,R2024-H1,1,AOI-00_b_0_3,0.03200865869463749,0.022454658398101304,-0.016855757238251185,104
spatial_aggregation_order,reflectance_first,rolling_origin,AOI-00,sentinel2,2023,2024,R2024-H1,1,AOI-00_b_0_4,0.0196484013093775,0.015623047086054387,-0.006489526538283582,38
spatial_aggregation_order,reflectance_first,rolling_origin,AOI-00,sentinel2,2023,2024,R2024-H1,1,AOI-00_b_1_1,0.07325347471707201,0.056218266225960316,0.017146987647440434,265
spatial_aggregation_order,reflectance_first,rolling_origin,AOI-00,sentinel2,2023,2024,R2024-H1,1,AOI-00_b_1_2,0.03819231831370197,0.02947744172308804,0.003509151874031049,580
spatial_aggregation_order,reflectance_first,rolling_origin,AOI-00,sentinel2,2023,2024,R2024-H1,1,AOI-00_b_1_3,0.04276816287443926,0.03303778832914974,-0.01825266581672279,600
spatial_aggregation_order,reflectance_first,rolling_origin,AOI-00,sentinel2,2023,2024,R2024-H1,1,AOI-00_b_1_4,0.08625936302270681,0.0639126943967459,-0.052443267801967196,543
spatial_aggregation_order,reflectance_first,rolling_origin,AOI-00,sentinel2,2023,2024,R2024-H1,1,AOI-00_b_1_5,0.07589873160201395,0.06600046805327342,-0.0624085479421271,12
spatial_aggregation_order,reflectance_first,rolling_origin,AOI-00,sentinel2,2023,2024,R2024-H1,1,AOI-00_b_2_1,0.06654586613672919,0.05216824095149073,-0.013078952715013532,382
spatial_aggregation_order,reflectance_first,rolling_origin,AOI-00,sentinel2,2023,2024,R2024-H1,1,AOI-00_b_2_2,0.051455947566201164,0.038011811214396625,-0.02640476022187072,588
spatial_aggregation_order,reflectance_first,rolling_origin,AOI-00,sentinel2,2023,2024,R2024-H1,1,AOI-00_b_2_3,0.04868110118068743,0.03780666513593125,-0.029847463672556696,472
spatial_aggregation_order,reflectance_first,rolling_origin,AOI-00,sentinel2,2023,2024,R2024-H1,1,AOI-00_b_2_4,0.09355676830173071,0.07426435358709807,-0.06940462893886343,522
spatial_aggregation_order,reflectance_first,rolling_origin,AOI-00,sentinel2,2023,2024,R2024-H1,1,AOI-00_b_2_5,0.0814158325922914,0.07255123402073357,-0.07249470003689172,176
spatial_aggregation_order,reflectance_first,rolling_origin,AOI-00,sentinel2,2023,2024,R2024-H1,1,AOI-00_b_3_0,0.052387177966975694,0.04038564563419949,0.013997190975982843,45
spatial_aggregation_order,reflectance_first,rolling_origin,AOI-00,sentinel2,2023,2024,R2024-H1,1,AOI-00_b_3_1,0.0616197395129734,0.05287246208618403,0.016499967223814825,533
spatial_aggregation_order,reflectance_first,rolling_origin,AOI-00,sentinel2,2023,2024,R2024-H1,1,AOI-00_b_3_2,0.057704818003799445,0.04801588026379073,0.017262975791981664,758
spatial_aggregation_order,reflectance_first,rolling_origin,AOI-00,sentinel2,2023,2024,R2024-H1,1,AOI-00_b_3_3,0.050892984646760744,0.03648204682830955,-0.016478636850732642,630
spatial_aggregation_order,reflectance_first,rolling_origin,AOI-00,sentinel2,2023,2024,R2024-H1,1,AOI-00_b_3_4,0.04588926118241917,0.037812419024794076,-0.03162508435896328,566
spatial_aggregation_order,reflectance_first,rolling_origin,AOI-00,sentinel2,2023,2024,R2024-H1,1,AOI-00_b_3_5,0.05748909012252744,0.04731492718903489,-0.03664215893651667,153
spatial_aggregation_order,reflectance_first,rolling_origin,AOI-00,sentinel2,2023,2024,R2024-H1,1,AOI-00_b_4_0,0.03840435987326477,0.032487444723411994,0.015643351122002828,78
spatial_aggregation_order,reflectance_first,rolling_origin,AOI-00,sentinel2,2023,2024,R2024-H1,1,AOI-00_b_4_1,0.05588997502075322,0.047701530376122445,0.026713807652154774,822
spatial_aggregation_order,reflectance_first,rolling_origin,AOI-00,sentinel2,2023,2024,R2024-H1,1,AOI-00_b_4_2,0.05197615318503543,0.042820221214688585,0.013347921421584889,836
spatial_aggregation_order,reflectance_first,rolling_origin,AOI-00,sentinel2,2023,2024,R2024-H1,1,AOI-00_b_4_3,0.06359760219839662,0.04708425748607307,-0.030445696934706872,737
spatial_aggregation_order,reflectance_first,rolling_origin,AOI-00,sentinel2,2023,2024,R2024-H1,1,AOI-00_b_4_4,0.0657080580924345,0.04746509404515941,-0.025796490367319458,503
spatial_aggregation_order,reflectance_first,rolling_origin,AOI-00,sentinel2,2023,2024,R2024-H1,1,AOI-00_b_5_0,0.08422425455999083,0.0836837590555432,0.0836837590555432,3
spatial_aggregation_order,reflectance_first,rolling_origin,AOI-00,sentinel2,2023,2024,R2024-H1,1,AOI-00_b_5_1,0.06765162974976005,0.05780641693235968,0.02738022769836138,805
spatial_aggregation_order,reflectance_first,rolling_origin,AOI-00,sentinel2,2023,2024,R2024-H1,1,AOI-00_b_5_2,0.06354828702390387,0.05203595271149315,0.010253957260749196,812
spatial_aggregation_order,reflectance_first,rolling_origin,AOI-00,sentinel2,2023,2024,R2024-H1,1,AOI-00_b_5_3,0.07826503497705813,0.05093769112826565,-0.016455959077690503,652
spatial_aggregation_order,reflectance_first,rolling_origin,AOI-00,sentinel2,2023,2024,R2024-H1,1,AOI-00_b_5_4,0.0672260126111487,0.04154464055292545,-0.008614334332470676,494
spatial_aggregation_order,reflectance_first,rolling_origin,AOI-00,sentinel2,2023,2024,R2024-H1,1,AOI-00_b_6_0,0.10592689192324116,0.08739130483329251,0.008268474382902416,60
spatial_aggregation_order,reflectance_first,rolling_origin,AOI-00,sentinel2,2023,2024,R2024-H1,1,AOI-00_b_6_1,0.068263452764061,0.059494791320127416,0.051107009555191665,706
spatial_aggregation_order,reflectance_first,rolling_origin,AOI-00,sentinel2,2023,2024,R2024-H1,1,AOI-00_b_6_2,0.06740052526553084,0.061301890740392474,0.05816104144055533,859
spatial_aggregation_order,reflectance_first,rolling_origin,AOI-00,sentinel2,2023,2024,R2024-H1,1,AOI-00_b_6_3,0.05177169625490022,0.041731326493978996,0.015525361900056914,693
spatial_aggregation_order,reflectance_first,rolling_origin,AOI-00,sentinel2,2023,2024,R2024-H1,1,AOI-00_b_6_4,0.046773661603142724,0.033708847111515686,0.0030994014996539787,151
spatial_aggregation_order,reflectance_first,rolling_origin,AOI-00,sentinel2,2023,2024,R2024-H1,1,AOI-00_b_7_1,0.07082072481381887,0.06496300761410174,0.06496300761410174,47
spatial_aggregation_order,reflectance_first,rolling_origin,AOI-00,sentinel2,2023,2024,R2024-H1,1,AOI-00_b_7_2,0.047922799299438885,0.04107006998682298,0.03691503481953588,94
spatial_aggregation_order,reflectance_first,rolling_origin,AOI-00,sentinel2,2023,2024,R2024-H1,1,AOI-00_b_7_3,0.04101324032229878,0.03126154519740909,-0.011903169972874833,293
spatial_aggregation_order,reflectance_first,rolling_origin,AOI-00,sentinel2,2023,2024,R2024-H1,1,AOI-00_b_7_4,0.03791038247336683,0.03131566172459686,-0.026154932926993085,49
spatial_aggregation_order,reflectance_first,rolling_origin,AOI-00,sentinel2,2022;2023,2024,R2024-H2,2,AOI-00_b_0_1,0.058286882083266676,0.05089675934094203,0.04399925696534207,34
spatial_aggregation_order,reflectance_first,rolling_origin,AOI-00,sentinel2,2022;2023,2024,R2024-H2,2,AOI-00_b_0_2,0.03361915484375003,0.02727215854483094,0.0038538502206793197,124
spatial_aggregation_order,reflectance_first,rolling_origin,AOI-00,sentinel2,2022;2023,2024,R2024-H2,2,AOI-00_b_0_3,0.031521301352333525,0.022304510863082896,-0.016886040415624724,104
spatial_aggregation_order,reflectance_first,rolling_origin,AOI-00,sentinel2,2022;2023,2024,R2024-H2,2,AOI-00_b_0_4,0.01939506214494407,0.015437214865047988,-0.006260763910015685,38
spatial_aggregation_order,reflectance_first,rolling_origin,AOI-00,sentinel2,2022;2023,2024,R2024-H2,2,AOI-00_b_1_1,0.07421751357525681,0.05781741527621156,0.021668422741571602,265
spatial_aggregation_order,reflectance_first,rolling_origin,AOI-00,sentinel2,2022;2023,2024,R2024-H2,2,AOI-00_b_1_2,0.037445973327997165,0.029002641529401144,0.0050848167610728825,580
spatial_aggregation_order,reflectance_first,rolling_origin,AOI-00,sentinel2,2022;2023,2024,R2024-H2,2,AOI-00_b_1_3,0.04114669561709003,0.03178959547099052,-0.016714743703568735,600
spatial_aggregation_order,reflectance_first,rolling_origin,AOI-00,sentinel2,2022;2023,2024,R2024-H2,2,AOI-00_b_1_4,0.08287690510205539,0.0615764977501944,-0.049797132093175094,543
spatial_aggregation_order,reflectance_first,rolling_origin,AOI-00,sentinel2,2022;2023,2024,R2024-H2,2,AOI-00_b_1_5,0.07149102094337437,0.06186019353372746,-0.05811571268118285,12
spatial_aggregation_order,reflectance_first,rolling_origin,AOI-00,sentinel2,2022;2023,2024,R2024-H2,2,AOI-00_b_2_1,0.06571062945374549,0.051959038474411134,-0.007872430444440913,382
spatial_aggregation_order,reflectance_first,rolling_origin,AOI-00,sentinel2,2022;2023,2024,R2024-H2,2,AOI-00_b_2_2,0.04930316183021605,0.036376859517978546,-0.02344909901064453,588
spatial_aggregation_order,reflectance_first,rolling_origin,AOI-00,sentinel2,2022;2023,2024,R2024-H2,2,AOI-00_b_2_3,0.0470257218314225,0.03654561929808079,-0.028345858105111716,472
spatial_aggregation_order,reflectance_first,rolling_origin,AOI-00,sentinel2,2022;2023,2024,R2024-H2,2,AOI-00_b_2_4,0.09008908097979239,0.07158114665607151,-0.06656244566418337,522
spatial_aggregation_order,reflectance_first,rolling_origin,AOI-00,sentinel2,2022;2023,2024,R2024-H2,2,AOI-00_b_2_5,0.07987655440213198,0.0712715139062038,-0.07120752666678984,176
spatial_aggregation_order,reflectance_first,rolling_origin,AOI-00,sentinel2,2022;2023,2024,R2024-H2,2,AOI-00_b_3_0,0.05207031260846376,0.03950765575877214,0.01906346918712528,45
spatial_aggregation_order,reflectance_first,rolling_origin,AOI-00,sentinel2,2022;2023,2024,R2024-H2,2,AOI-00_b_3_1,0.060589879954425,0.05240857793283932,0.018880406094877056,533
spatial_aggregation_order,reflectance_first,rolling_origin,AOI-00,sentinel2,2022;2023,2024,R2024-H2,2,AOI-00_b_3_2,0.05748506485714508,0.04808367877285234,0.020224046631392677,758
spatial_aggregation_order,reflectance_first,rolling_origin,AOI-00,sentinel2,2022;2023,2024,R2024-H2,2,AOI-00_b_3_3,0.049733331248943594,0.03599336189886224,-0.015267332240292282,630
spatial_aggregation_order,reflectance_first,rolling_origin,AOI-00,sentinel2,2022;2023,2024,R2024-H2,2,AOI-00_b_3_4,0.04458081640322261,0.03680225130666911,-0.03044676530051628,566
spatial_aggregation_order,reflectance_first,rolling_origin,AOI-00,sentinel2,2022;2023,2024,R2024-H2,2,AOI-00_b_3_5,0.05518933279707979,0.04568572381140878,-0.034197135371850734,153
spatial_aggregation_order,reflectance_first,rolling_origin,AOI-00,sentinel2,2022;2023,2024,R2024-H2,2,AOI-00_b_4_0,0.038512673852893024,0.03264082434580558,0.01888396626750081,78
spatial_aggregation_order,reflectance_first,rolling_origin,AOI-00,sentinel2,2022;2023,2024,R2024-H2,2,AOI-00_b_4_1,0.05586817425283732,0.04776170016755614,0.028925635178434002,822
spatial_aggregation_order,reflectance_first,rolling_origin,AOI-00,sentinel2,2022;2023,2024,R2024-H2,2,AOI-00_b_4_2,0.05195007508439362,0.04325226277817106,0.01667284871462312,836
spatial_aggregation_order,reflectance_first,rolling_origin,AOI-00,sentinel2,2022;2023,2024,R2024-H2,2,AOI-00_b_4_3,0.0620363445493925,0.046280364602756204,-0.029761683292362985,737
spatial_aggregation_order,reflectance_first,rolling_origin,AOI-00,sentinel2,2022;2023,2024,R2024-H2,2,AOI-00_b_4_4,0.06409991969341283,0.04654685918309638,-0.02376927157607548,503
spatial_aggregation_order,reflectance_first,rolling_origin,AOI-00,sentinel2,2022;2023,2024,R2024-H2,2,AOI-00_b_5_0,0.08550344670805592,0.08494404001542956,0.08494404001542956,3
spatial_aggregation_order,reflectance_first,rolling_origin,AOI-00,sentinel2,2022;2023,2024,R2024-H2,2,AOI-00_b_5_1,0.06792938506989123,0.057999249875039134,0.030670013938186736,805
spatial_aggregation_order,reflectance_first,rolling_origin,AOI-00,sentinel2,2022;2023,2024,R2024-H2,2,AOI-00_b_5_2,0.0633318392519771,0.052360754921964923,0.01414683480267755,812
spatial_aggregation_order,reflectance_first,rolling_origin,AOI-00,sentinel2,2022;2023,2024,R2024-H2,2,AOI-00_b_5_3,0.07665109142825718,0.050810623785330467,-0.013415013683440637,652
spatial_aggregation_order,reflectance_first,rolling_origin,AOI-00,sentinel2,2022;2023,2024,R2024-H2,2,AOI-00_b_5_4,0.06571721247396134,0.04128831299205025,-0.005837083388496048,494
spatial_aggregation_order,reflectance_first,rolling_origin,AOI-00,sentinel2,2022;2023,2024,R2024-H2,2,AOI-00_b_6_0,0.10284877024520073,0.08606174819677608,0.01164748866855257,60
spatial_aggregation_order,reflectance_first,rolling_origin,AOI-00,sentinel2,2022;2023,2024,R2024-H2,2,AOI-00_b_6_1,0.06987284381272406,0.06124127933292167,0.05405691406857554,706
spatial_aggregation_order,reflectance_first,rolling_origin,AOI-00,sentinel2,2022;2023,2024,R2024-H2,2,AOI-00_b_6_2,0.07017679090253942,0.06427921991486239,0.061776206911382775,859
spatial_aggregation_order,reflectance_first,rolling_origin,AOI-00,sentinel2,2022;2023,2024,R2024-H2,2,AOI-00_b_6_3,0.05203365414616776,0.04201691369951972,0.01886217842455093,693
spatial_aggregation_order,reflectance_first,rolling_origin,AOI-00,sentinel2,2022;2023,2024,R2024-H2,2,AOI-00_b_6_4,0.048011813230920186,0.03448565242209427,0.006595853695175879,151
spatial_aggregation_order,reflectance_first,rolling_origin,AOI-00,sentinel2,2022;2023,2024,R2024-H2,2,AOI-00_b_7_1,0.07233242557705487,0.06675270856867943,0.06675270856867943,47
spatial_aggregation_order,reflectance_first,rolling_origin,AOI-00,sentinel2,2022;2023,2024,R2024-H2,2,AOI-00_b_7_2,0.04949178505500531,0.042563500954249274,0.039102059650552835,94
spatial_aggregation_order,reflectance_first,rolling_origin,AOI-00,sentinel2,2022;2023,2024,R2024-H2,2,AOI-00_b_7_3,0.03935446849240269,0.03010031479762067,-0.010103315855887113,293
spatial_aggregation_order,reflectance_first,rolling_origin,AOI-00,sentinel2,2022;2023,2024,R2024-H2,2,AOI-00_b_7_4,0.036574191952691265,0.030250766044125278,-0.024701981141454842,49
spatial_aggregation_order,reflectance_first,rolling_origin,AOI-00,sentinel2,2021;2022;2023,2024,R2024-H3,3,AOI-00_b_0_1,0.06803740831558436,0.06044184377438319,0.05690055396158592,34
spatial_aggregation_order,reflectance_first,rolling_origin,AOI-00,sentinel2,2021;2022;2023,2024,R2024-H3,3,AOI-00_b_0_2,0.03597726050128883,0.02905320032000217,0.012589534772361874,124
spatial_aggregation_order,reflectance_first,rolling_origin,AOI-00,sentinel2,2021;2022;2023,2024,R2024-H3,3,AOI-00_b_0_3,0.027655462394554325,0.019754582765841584,-0.009002663502259554,104
spatial_aggregation_order,reflectance_first,rolling_origin,AOI-00,sentinel2,2021;2022;2023,2024,R2024-H3,3,AOI-00_b_0_4,0.018302716535317978,0.0146768127736753,0.0018422486481832318,38
spatial_aggregation_order,reflectance_first,rolling_origin,AOI-00,sentinel2,2021;2022;2023,2024,R2024-H3,3,AOI-00_b_1_1,0.07848449309337675,0.0628913571195553,0.03341103827564355,265
spatial_aggregation_order,reflectance_first,rolling_origin,AOI-00,sentinel2,2021;2022;2023,2024,R2024-H3,3,AOI-00_b_1_2,0.039150326293993835,0.03056955184214904,0.014329819421760991,580
spatial_aggregation_order,reflectance_first,rolling_origin,AOI-00,sentinel2,2021;2022;2023,2024,R2024-H3,3,AOI-00_b_1_3,0.03747343960634924,0.028822826955903103,-0.007501741786765012,600
spatial_aggregation_order,reflectance_first,rolling_origin,AOI-00,sentinel2,2021;2022;2023,2024,R2024-H3,3,AOI-00_b_1_4,0.0756155785350863,0.056193663993932656,-0.039644515627937374,543
spatial_aggregation_order,reflectance_first,rolling_origin,AOI-00,sentinel2,2021;2022;2023,2024,R2024-H3,3,AOI-00_b_1_5,0.061616408196442735,0.05175892586480513,-0.04656691874420867,12
spatial_aggregation_order,reflectance_first,rolling_origin,AOI-00,sentinel2,2021;2022;2023,2024,R2024-H3,3,AOI-00_b_2_1,0.0655916212442001,0.051994811586712035,0.004451045927707391,382
spatial_aggregation_order,reflectance_first,rolling_origin,AOI-00,sentinel2,2021;2022;2023,2024,R2024-H3,3,AOI-00_b_2_2,0.04467640737645954,0.033131677222308496,-0.013034046976719388,588
spatial_aggregation_order,reflectance_first,rolling_origin,AOI-00,sentinel2,2021;2022;2023,2024,R2024-H3,3,AOI-00_b_2_3,0.0414550059986299,0.03208022017909094,-0.01916364768448836,472
spatial_aggregation_order,reflectance_first,rolling_origin,AOI-00,sentinel2,2021;2022;2023,2024,R2024-H3,3,AOI-00_b_2_4,0.08155126699341286,0.06393643718872058,-0.056243607501415126,522
spatial_aggregation_order,reflectance_first,rolling_origin,AOI-00,sentinel2,2021;2022;2023,2024,R2024-H3,3,AOI-00_b_2_5,0.07162365516393782,0.06239087410784702,-0.06220712561312361,176
spatial_aggregation_order,reflectance_first,rolling_origin,AOI-00,sentinel2,2021;2022;2023,2024,R2024-H3,3,AOI-00_b_3_0,0.05626161694734576,0.042756508439877196,0.03126803765280979,45
spatial_aggregation_order,reflectance_first,rolling_origin,AOI-00,sentinel2,2021;2022;2023,2024,R2024-H3,3,AOI-00_b_3_1,0.06302866365017734,0.05584861833963949,0.02880774774379188,533
spatial_aggregation_order,reflectance_first,rolling_origin,AOI-00,sentinel2,2021;2022;2023,2024,R2024-H3,3,AOI-00_b_3_2,0.061038549187250345,0.05184972452331647,0.03064368529497485,758
spatial_aggregation_order,reflectance_first,rolling_origin,AOI-00,sentinel2,2021;2022;2023,2024,R2024-H3,3,AOI-00_b_3_3,0.04718013890649125,0.0346870278037684,-0.006326331841818488,630
spatial_aggregation_order,reflectance_first,rolling_origin,AOI-00,sentinel2,2021;2022;2023,2024,R2024-H3,3,AOI-00_b_3_4,0.038716398549110534,0.031041882713196127,-0.02153865791234313,566
spatial_aggregation_order,reflectance_first,rolling_origin,AOI-00,sentinel2,2021;2022;2023,2024,R2024-H3,3,AOI-00_b_3_5,0.04913365284288815,0.039993046927970025,-0.02421503467833021,153
spatial_aggregation_order,reflectance_first,rolling_origin,AOI-00,sentinel2,2021;2022;2023,2024,R2024-H3,3,AOI-00_b_4_0,0.043775149783185106,0.037098965959386845,0.02954062051902115,78
spatial_aggregation_order,reflectance_first,rolling_origin,AOI-00,sentinel2,2021;2022;2023,2024,R2024-H3,3,AOI-00_b_4_1,0.06066848768869077,0.05230289061968727,0.03871001731736564,822
spatial_aggregation_order,reflectance_first,rolling_origin,AOI-00,sentinel2,2021;2022;2023,2024,R2024-H3,3,AOI-00_b_4_2,0.05559788894767472,0.0473320548224094,0.027400988211181365,836
spatial_aggregation_order,reflectance_first,rolling_origin,AOI-00,sentinel2,2021;2022;2023,2024,R2024-H3,3,AOI-00_b_4_3,0.05740067668950429,0.04323630105969837,-0.021272679732340212,737
spatial_aggregation_order,reflectance_first,rolling_origin,AOI-00,sentinel2,2021;2022;2023,2024,R2024-H3,3,AOI-00_b_4_4,0.060703362013656406,0.043671656401165396,-0.014141412560384588,503
spatial_aggregation_order,reflectance_first,rolling_origin,AOI-00,sentinel2,2021;2022;2023,2024,R2024-H3,3,AOI-00_b_5_0,0.09445255852524727,0.09392163995929127,0.09392163995929127,3
spatial_aggregation_order,reflectance_first,rolling_origin,AOI-00,sentinel2,2021;2022;2023,2024,R2024-H3,3,AOI-00_b_5_1,0.07254955751982294,0.06155657940729969,0.04136835859647907,805
spatial_aggregation_order,reflectance_first,rolling_origin,AOI-00,sentinel2,2021;2022;2023,2024,R2024-H3,3,AOI-00_b_5_2,0.06604869241171575,0.055291054566343895,0.025356518938955366,812
spatial_aggregation_order,reflectance_first,rolling_origin,AOI-00,sentinel2,2021;2022;2023,2024,R2024-H3,3,AOI-00_b_5_3,0.07485271984430937,0.05084622816935601,-0.0029276522504648396,652
spatial_aggregation_order,reflectance_first,rolling_origin,AOI-00,sentinel2,2021;2022;2023,2024,R2024-H3,3,AOI-00_b_5_4,0.0647916522593044,0.04313816811493257,0.004426700980640117,494
spatial_aggregation_order,reflectance_first,rolling_origin,AOI-00,sentinel2,2021;2022;2023,2024,R2024-H3,3,AOI-00_b_6_0,0.10179518032179515,0.08863906203173408,0.022421486585670922,60
spatial_aggregation_order,reflectance_first,rolling_origin,AOI-00,sentinel2,2021;2022;2023,2024,R2024-H3,3,AOI-00_b_6_1,0.07777321582433891,0.06936538097940075,0.06446708520493286,706
spatial_aggregation_order,reflectance_first,rolling_origin,AOI-00,sentinel2,2021;2022;2023,2024,R2024-H3,3,AOI-00_b_6_2,0.07975290969666998,0.0742389038016453,0.07275042894603216,859
spatial_aggregation_order,reflectance_first,rolling_origin,AOI-00,sentinel2,2021;2022;2023,2024,R2024-H3,3,AOI-00_b_6_3,0.056353939640718685,0.04604602235393586,0.029600398373911326,693
spatial_aggregation_order,reflectance_first,rolling_origin,AOI-00,sentinel2,2021;2022;2023,2024,R2024-H3,3,AOI-00_b_6_4,0.05181851406056148,0.03673387128661381,0.017469423002762174,151
spatial_aggregation_order,reflectance_first,rolling_origin,AOI-00,sentinel2,2021;2022;2023,2024,R2024-H3,3,AOI-00_b_7_1,0.08101830927214883,0.07617918473207302,0.07617918473207302,47
spatial_aggregation_order,reflectance_first,rolling_origin,AOI-00,sentinel2,2021;2022;2023,2024,R2024-H3,3,AOI-00_b_7_2,0.0574421450520841,0.05042256884220381,0.048865412474016275,94
spatial_aggregation_order,reflectance_first,rolling_origin,AOI-00,sentinel2,2021;2022;2023,2024,R2024-H3,3,AOI-00_b_7_3,0.03710474451438135,0.02854942015444517,-0.0006682311903503915,293
spatial_aggregation_order,reflectance_first,rolling_origin,AOI-00,sentinel2,2021;2022;2023,2024,R2024-H3,3,AOI-00_b_7_4,0.030815663394638513,0.02426475590911267,-0.015561022516961618,49
spatial_aggregation_order,reflectance_first,rolling_origin,AOI-00,sentinel2,2024,2025,R2025-H1,1,AOI-00_b_0_1,0.06391825899443926,0.04764855760552802,-0.017377870830509366,39
spatial_aggregation_order,reflectance_first,rolling_origin,AOI-00,sentinel2,2024,2025,R2025-H1,1,AOI-00_b_0_2,0.05603615829266795,0.04565039289748623,-0.040021180242415307,181
spatial_aggregation_order,reflectance_first,rolling_origin,AOI-00,sentinel2,2024,2025,R2025-H1,1,AOI-00_b_0_3,0.057452621997011226,0.04821876557313667,-0.04510544619083147,156
spatial_aggregation_order,reflectance_first,rolling_origin,AOI-00,sentinel2,2024,2025,R2025-H1,1,AOI-00_b_0_4,0.040123435075632194,0.03314229629649023,-0.02912811333932466,47
spatial_aggregation_order,reflectance_first,rolling_origin,AOI-00,sentinel2,2024,2025,R2025-H1,1,AOI-00_b_1_1,0.07418248363381309,0.05836319975499924,0.010899927574605795,382
spatial_aggregation_order,reflectance_first,rolling_origin,AOI-00,sentinel2,2024,2025,R2025-H1,1,AOI-00_b_1_2,0.058471538678359414,0.04549535918633682,-0.03631295831735793,822
spatial_aggregation_order,reflectance_first,rolling_origin,AOI-00,sentinel2,2024,2025,R2025-H1,1,AOI-00_b_1_3,0.05077495137152022,0.04212970789724472,-0.03739419197913475,896
spatial_aggregation_order,reflectance_first,rolling_origin,AOI-00,sentinel2,2024,2025,R2025-H1,1,AOI-00_b_1_4,0.06238180118039831,0.05155420726713884,-0.04860643464638195,785
spatial_aggregation_order,reflectance_first,rolling_origin,AOI-00,sentinel2,2024,2025,R2025-H1,1,AOI-00_b_1_5,0.031287992839056915,0.025558988834520697,-0.018174193195036475,12
spatial_aggregation_order,reflectance_first,rolling_origin,AOI-00,sentinel2,2024,2025,R2025-H1,1,AOI-00_b_2_1,0.06885355181943381,0.05090782815588162,0.002720771529530357,448
spatial_aggregation_order,reflectance_first,rolling_origin,AOI-00,sentinel2,2024,2025,R2025-H1,1,AOI-00_b_2_2,0.06012500305002295,0.04749583286973908,-0.031213419755196353,838
spatial_aggregation_order,reflectance_first,rolling_origin,AOI-00,sentinel2,2024,2025,R2025-H1,1,AOI-00_b_2_3,0.07730057740662835,0.06725764890433215,-0.06633029849699676,791
spatial_aggregation_order,reflectance_first,rolling_origin,AOI-00,sentinel2,2024,2025,R2025-H1,1,AOI-00_b_2_4,0.0832790098445412,0.0756545764369063,-0.07341427182756026,839
spatial_aggregation_order,reflectance_first,rolling_origin,AOI-00,sentinel2,2024,2025,R2025-H1,1,AOI-00_b_2_5,0.08344020066676865,0.07673233276329046,-0.07623585078069992,246
spatial_aggregation_order,reflectance_first,rolling_origin,AOI-00,sentinel2,2024,2025,R2025-H1,1,AOI-00_b_3_0,0.0521188280906908,0.04006247401257685,0.03353019986754311,45
spatial_aggregation_order,reflectance_first,rolling_origin,AOI-00,sentinel2,2024,2025,R2025-H1,1,AOI-00_b_3_1,0.03912904736975136,0.028210349168722757,-0.0008701718569576725,569
spatial_aggregation_order,reflectance_first,rolling_origin,AOI-00,sentinel2,2024,2025,R2025-H1,1,AOI-00_b_3_2,0.05920041823792709,0.04729441849178775,-0.007281655956184572,815
spatial_aggregation_order,reflectance_first,rolling_origin,AOI-00,sentinel2,2024,2025,R2025-H1,1,AOI-00_b_3_3,0.07704712210681039,0.06627809678320946,-0.06120678887767981,833
spatial_aggregation_order,reflectance_first,rolling_origin,AOI-00,sentinel2,2024,2025,R2025-H1,1,AOI-00_b_3_4,0.07417363339481045,0.06555039949655357,-0.06316979623614774,810
spatial_aggregation_order,reflectance_first,rolling_origin,AOI-00,sentinel2,2024,2025,R2025-H1,1,AOI-00_b_3_5,0.07222505389596008,0.06396034355450429,-0.06083649142257003,211
spatial_aggregation_order,reflectance_first,rolling_origin,AOI-00,sentinel2,2024,2025,R2025-H1,1,AOI-00_b_4_0,0.033094783180726464,0.02859840083720881,0.02730885788317453,78
spatial_aggregation_order,reflectance_first,rolling_origin,AOI-00,sentinel2,2024,2025,R2025-H1,1,AOI-00_b_4_1,0.04046821600361275,0.03424241135777249,0.01280797213122001,845
spatial_aggregation_order,reflectance_first,rolling_origin,AOI-00,sentinel2,2024,2025,R2025-H1,1,AOI-00_b_4_2,0.045499987962202976,0.03720900884828714,0.010037960263548735,850
spatial_aggregation_order,reflectance_first,rolling_origin,AOI-00,sentinel2,2024,2025,R2025-H1,1,AOI-00_b_4_3,0.09911449933964535,0.09211254897963982,-0.0909629609496214,849
spatial_aggregation_order,reflectance_first,rolling_origin,AOI-00,sentinel2,2024,2025,R2025-H1,1,AOI-00_b_4_4,0.08635296190023387,0.07518507343513287,-0.05930102807250623,577
spatial_aggregation_order,reflectance_first,rolling_origin,AOI-00,sentinel2,2024,2025,R2025-H1,1,AOI-00_b_5_0,0.0385810316445963,0.03367399734240891,0.03367399734240891,3
spatial_aggregation_order,reflectance_first,rolling_origin,AOI-00,sentinel2,2024,2025,R2025-H1,1,AOI-00_b_5_1,0.04740662740671508,0.03857591420160379,0.011383161180774827,828
spatial_aggregation_order,reflectance_first,rolling_origin,AOI-00,sentinel2,2024,2025,R2025-H1,1,AOI-00_b_5_2,0.04997370708992507,0.04180921423318164,-0.004255798121108578,813
spatial_aggregation_order,reflectance_first,rolling_origin,AOI-00,sentinel2,2024,2025,R2025-H1,1,AOI-00_b_5_3,0.08813280323650602,0.07581938672972863,-0.05516783652620175,839
spatial_aggregation_order,reflectance_first,rolling_origin,AOI-00,sentinel2,2024,2025,R2025-H1,1,AOI-00_b_5_4,0.07277310388300016,0.05717512086266311,-0.032558687475561995,643
spatial_aggregation_order,reflectance_first,rolling_origin,AOI-00,sentinel2,2024,2025,R2025-H1,1,AOI-00_b_6_0,0.03231000165396075,0.026613894508193292,0.00915301117664621,63
spatial_aggregation_order,reflectance_first,rolling_origin,AOI-00,sentinel2,2024,2025,R2025-H1,1,AOI-00_b_6_1,0.043432368730341224,0.034935099675421015,0.009301078134461488,789
spatial_aggregation_order,reflectance_first,rolling_origin,AOI-00,sentinel2,2024,2025,R2025-H1,1,AOI-00_b_6_2,0.04081870105845366,0.03385556610453959,0.017400047350230013,769
spatial_aggregation_order,reflectance_first,rolling_origin,AOI-00,sentinel2,2024,2025,R2025-H1,1,AOI-00_b_6_3,0.06508776657606277,0.05278093909730088,-0.02615046864921871,802
spatial_aggregation_order,reflectance_first,rolling_origin,AOI-00,sentinel2,2024,2025,R2025-H1,1,AOI-00_b_6_4,0.09037881940000977,0.07922728154386656,-0.04744096110797826,195
spatial_aggregation_order,reflectance_first,rolling_origin,AOI-00,sentinel2,2024,2025,R2025-H1,1,AOI-00_b_7_1,0.056472201198043234,0.04577377013269651,0.0013842887330603349,55
spatial_aggregation_order,reflectance_first,rolling_origin,AOI-00,sentinel2,2024,2025,R2025-H1,1,AOI-00_b_7_2,0.03206145904845876,0.023534732134885328,-0.0014935041511788484,87
spatial_aggregation_order,reflectance_first,rolling_origin,AOI-00,sentinel2,2024,2025,R2025-H1,1,AOI-00_b_7_3,0.05452809709218615,0.04592068575607082,-0.03890177070541564,320
spatial_aggregation_order,reflectance_first,rolling_origin,AOI-00,sentinel2,2024,2025,R2025-H1,1,AOI-00_b_7_4,0.04646245086054101,0.03840800891679826,-0.03766694485718356,63
spatial_aggregation_order,reflectance_first,rolling_origin,AOI-00,sentinel2,2023;2024,2025,R2025-H2,2,AOI-00_b_0_1,0.06885825969729223,0.05249924808427642,-0.03172997559550177,39
spatial_aggregation_order,reflectance_first,rolling_origin,AOI-00,sentinel2,2023;2024,2025,R2025-H2,2,AOI-00_b_0_2,0.055584974156571425,0.0436032035216431,-0.037001902826719536,181
spatial_aggregation_order,reflectance_first,rolling_origin,AOI-00,sentinel2,2023;2024,2025,R2025-H2,2,AOI-00_b_0_3,0.05215829880220541,0.04249590567904528,-0.03577600020663847,156
spatial_aggregation_order,reflectance_first,rolling_origin,AOI-00,sentinel2,2023;2024,2025,R2025-H2,2,AOI-00_b_0_4,0.039716666667604095,0.033125236986395655,-0.02210683263511552,47
spatial_aggregation_order,reflectance_first,rolling_origin,AOI-00,sentinel2,2023;2024,2025,R2025-H2,2,AOI-00_b_1_1,0.06829936278686512,0.05338678793203651,0.0021916682828604437,382
spatial_aggregation_order,reflectance_first,rolling_origin,AOI-00,sentinel2,2023;2024,2025,R2025-H2,2,AOI-00_b_1_2,0.05875821061163279,0.044357238622449634,-0.03273471039130546,822
spatial_aggregation_order,reflectance_first,rolling_origin,AOI-00,sentinel2,2023;2024,2025,R2025-H2,2,AOI-00_b_1_3,0.04847927622328715,0.03923038454347301,-0.030815261330413905,896
spatial_aggregation_order,reflectance_first,rolling_origin,AOI-00,sentinel2,2023;2024,2025,R2025-H2,2,AOI-00_b_1_4,0.060493771337546014,0.047266986412338854,-0.04288335384535874,785
spatial_aggregation_order,reflectance_first,rolling_origin,AOI-00,sentinel2,2023;2024,2025,R2025-H2,2,AOI-00_b_1_5,0.03613871807006828,0.029169699043334062,-0.016429494707632396,12
spatial_aggregation_order,reflectance_first,rolling_origin,AOI-00,sentinel2,2023;2024,2025,R2025-H2,2,AOI-00_b_2_1,0.0645287509721221,0.04856291101457167,-0.0007302308708701541,448
spatial_aggregation_order,reflectance_first,rolling_origin,AOI-00,sentinel2,2023;2024,2025,R2025-H2,2,AOI-00_b_2_2,0.06200072786005706,0.047804944255309914,-0.02756010427671938,838
spatial_aggregation_order,reflectance_first,rolling_origin,AOI-00,sentinel2,2023;2024,2025,R2025-H2,2,AOI-00_b_2_3,0.07530660661789897,0.06268567291287129,-0.06048640287617017,791
spatial_aggregation_order,reflectance_first,rolling_origin,AOI-00,sentinel2,2023;2024,2025,R2025-H2,2,AOI-00_b_2_4,0.07720060001178093,0.06941926481043041,-0.0667965657659705,839
spatial_aggregation_order,reflectance_first,rolling_origin,AOI-00,sentinel2,2023;2024,2025,R2025-H2,2,AOI-00_b_2_5,0.07768462131634218,0.0696301376531593,-0.06867287070634344,246
spatial_aggregation_order,reflectance_first,rolling_origin,AOI-00,sentinel2,2023;2024,2025,R2025-H2,2,AOI-00_b_3_0,0.054524621317668304,0.04224943497893926,0.030727351105297323,45
spatial_aggregation_order,reflectance_first,rolling_origin,AOI-00,sentinel2,2023;2024,2025,R2025-H2,2,AOI-00_b_3_1,0.04379528975270287,0.03276489567707909,0.003275522526767384,569
spatial_aggregation_order,reflectance_first,rolling_origin,AOI-00,sentinel2,2023;2024,2025,R2025-H2,2,AOI-00_b_3_2,0.06321941500291291,0.0504470999554608,-0.006621009508182097,815
spatial_aggregation_order,reflectance_first,rolling_origin,AOI-00,sentinel2,2023;2024,2025,R2025-H2,2,AOI-00_b_3_3,0.07302631047644748,0.06124953465673651,-0.05604993302166634,833
spatial_aggregation_order,reflectance_first,rolling_origin,AOI-00,sentinel2,2023;2024,2025,R2025-H2,2,AOI-00_b_3_4,0.06910970582681156,0.05975996255267187,-0.05737738655859762,810
spatial_aggregation_order,reflectance_first,rolling_origin,AOI-00,sentinel2,2023;2024,2025,R2025-H2,2,AOI-00_b_3_5,0.06984088535727874,0.06123898907761695,-0.05745242926818943,211
spatial_aggregation_order,reflectance_first,rolling_origin,AOI-00,sentinel2,2023;2024,2025,R2025-H2,2,AOI-00_b_4_0,0.038330277557761444,0.03312526373522619,0.0315588173098837,78
spatial_aggregation_order,reflectance_first,rolling_origin,AOI-00,sentinel2,2023;2024,2025,R2025-H2,2,AOI-00_b_4_1,0.04564736613063135,0.03921489403688434,0.017547320892133567,845
spatial_aggregation_order,reflectance_first,rolling_origin,AOI-00,sentinel2,2023;2024,2025,R2025-H2,2,AOI-00_b_4_2,0.048256853862834126,0.03966377308923849,0.011828855734399006,850
spatial_aggregation_order,reflectance_first,rolling_origin,AOI-00,sentinel2,2023;2024,2025,R2025-H2,2,AOI-00_b_4_3,0.09190200081802954,0.08378082685733,-0.08282058061310976,849
spatial_aggregation_order,reflectance_first,rolling_origin,AOI-00,sentinel2,2023;2024,2025,R2025-H2,2,AOI-00_b_4_4,0.08251532919262922,0.07002993987962892,-0.05687720761983731,577
spatial_aggregation_order,reflectance_first,rolling_origin,AOI-00,sentinel2,2023;2024,2025,R2025-H2,2,AOI-00_b_5_0,0.04560604250681301,0.04188056013465813,0.04188056013465813,3
spatial_aggregation_order,reflectance_first,rolling_origin,AOI-00,sentinel2,2023;2024,2025,R2025-H2,2,AOI-00_b_5_1,0.05000946369651619,0.04069037962744656,0.01452291445667343,828
spatial_aggregation_order,reflectance_first,rolling_origin,AOI-00,sentinel2,2023;2024,2025,R2025-H2,2,AOI-00_b_5_2,0.05158757170984243,0.04226377604953805,-0.004678416952743695,813
spatial_aggregation_order,reflectance_first,rolling_origin,AOI-00,sentinel2,2023;2024,2025,R2025-H2,2,AOI-00_b_5_3,0.08350539954605395,0.07088633069809883,-0.053327915800417715,839
spatial_aggregation_order,reflectance_first,rolling_origin,AOI-00,sentinel2,2023;2024,2025,R2025-H2,2,AOI-00_b_5_4,0.07045291916405905,0.053936590516177545,-0.03048700913504708,643
spatial_aggregation_order,reflectance_first,rolling_origin,AOI-00,sentinel2,2023;2024,2025,R2025-H2,2,AOI-00_b_6_0,0.03747945486144987,0.03174341925740026,0.01448546898799209,63
spatial_aggregation_order,reflectance_first,rolling_origin,AOI-00,sentinel2,2023;2024,2025,R2025-H2,2,AOI-00_b_6_1,0.04697916676947055,0.03792621081129506,0.010480914066212836,789
spatial_aggregation_order,reflectance_first,rolling_origin,AOI-00,sentinel2,2023;2024,2025,R2025-H2,2,AOI-00_b_6_2,0.04335138522846298,0.03560316882136251,0.014636948425668594,769
spatial_aggregation_order,reflectance_first,rolling_origin,AOI-00,sentinel2,2023;2024,2025,R2025-H2,2,AOI-00_b_6_3,0.06409297860938275,0.05185013936562869,-0.028472426641717258,802
spatial_aggregation_order,reflectance_first,rolling_origin,AOI-00,sentinel2,2023;2024,2025,R2025-H2,2,AOI-00_b_6_4,0.08492661199744016,0.07410050648444971,-0.05148206758136629,195
spatial_aggregation_order,reflectance_first,rolling_origin,AOI-00,sentinel2,2023;2024,2025,R2025-H2,2,AOI-00_b_7_1,0.062371338779871166,0.049932514212111576,0.002933473442782244,55
spatial_aggregation_order,reflectance_first,rolling_origin,AOI-00,sentinel2,2023;2024,2025,R2025-H2,2,AOI-00_b_7_2,0.0365203381961333,0.02733084231740086,0.0005494993036188879,87
spatial_aggregation_order,reflectance_first,rolling_origin,AOI-00,sentinel2,2023;2024,2025,R2025-H2,2,AOI-00_b_7_3,0.05215045250754999,0.042181738109671116,-0.034416676303532415,320
spatial_aggregation_order,reflectance_first,rolling_origin,AOI-00,sentinel2,2023;2024,2025,R2025-H2,2,AOI-00_b_7_4,0.04115711839473979,0.03189793409480327,-0.02980426909137584,63
spatial_aggregation_order,reflectance_first,rolling_origin,AOI-00,sentinel2,2022;2023;2024,2025,R2025-H3,3,AOI-00_b_0_1,0.06841499695722761,0.05202554083217026,-0.030754748362839385,39
spatial_aggregation_order,reflectance_first,rolling_origin,AOI-00,sentinel2,2022;2023;2024,2025,R2025-H3,3,AOI-00_b_0_2,0.054930913861454767,0.04292055549081705,-0.0360083102005971,181
spatial_aggregation_order,reflectance_first,rolling_origin,AOI-00,sentinel2,2022;2023;2024,2025,R2025-H3,3,AOI-00_b_0_3,0.051479428552128274,0.04188679965725706,-0.034775736336549706,156
spatial_aggregation_order,reflectance_first,rolling_origin,AOI-00,sentinel2,2022;2023;2024,2025,R2025-H3,3,AOI-00_b_0_4,0.039175013161672205,0.032728788211108126,-0.02110900900628658,47
spatial_aggregation_order,reflectance_first,rolling_origin,AOI-00,sentinel2,2022;2023;2024,2025,R2025-H3,3,AOI-00_b_1_1,0.06833375542080702,0.053480799335134915,0.003172862308588909,382
spatial_aggregation_order,reflectance_first,rolling_origin,AOI-00,sentinel2,2022;2023;2024,2025,R2025-H3,3,AOI-00_b_1_2,0.058213406834864416,0.04389164501173239,-0.031740526809711046,822
spatial_aggregation_order,reflectance_first,rolling_origin,AOI-00,sentinel2,2022;2023;2024,2025,R2025-H3,3,AOI-00_b_1_3,0.04785436187075554,0.03869874571127569,-0.029817905363440065,896
spatial_aggregation_order,reflectance_first,rolling_origin,AOI-00,sentinel2,2022;2023;2024,2025,R2025-H3,3,AOI-00_b_1_4,0.05979473598886989,0.046485553102981275,-0.041886902700985204,785
spatial_aggregation_order,reflectance_first,rolling_origin,AOI-00,sentinel2,2022;2023;2024,2025,R2025-H3,3,AOI-00_b_1_5,0.035705206032372386,0.028844450489576123,-0.015437249593369987,12
spatial_aggregation_order,reflectance_first,rolling_origin,AOI-00,sentinel2,2022;2023;2024,2025,R2025-H3,3,AOI-00_b_2_1,0.06452193154361885,0.04856149687577225,0.0002565212382811425,448
spatial_aggregation_order,reflectance_first,rolling_origin,AOI-00,sentinel2,2022;2023;2024,2025,R2025-H3,3,AOI-00_b_2_2,0.06156939232666107,0.047421723591149954,-0.026565841332117354,838
spatial_aggregation_order,reflectance_first,rolling_origin,AOI-00,sentinel2,2022;2023;2024,2025,R2025-H3,3,AOI-00_b_2_3,0.07451202330985117,0.06184456335074205,-0.05948982400380825,791
spatial_aggregation_order,reflectance_first,rolling_origin,AOI-00,sentinel2,2022;2023;2024,2025,R2025-H3,3,AOI-00_b_2_4,0.07633936409303746,0.06853446968131376,-0.06579916880480825,839
spatial_aggregation_order,reflectance_first,rolling_origin,AOI-00,sentinel2,2022;2023;2024,2025,R2025-H3,3,AOI-00_b_2_5,0.07680488573609923,0.06868867227834143,-0.06767447438145806,246
spatial_aggregation_order,reflectance_first,rolling_origin,AOI-00,sentinel2,2022;2023;2024,2025,R2025-H3,3,AOI-00_b_3_0,0.055092138119453606,0.04272868061947929,0.0317147884562137,45
spatial_aggregation_order,reflectance_first,rolling_origin,AOI-00,sentinel2,2022;2023;2024,2025,R2025-H3,3,AOI-00_b_3_1,0.04388580859516642,0.03308070536611027,0.004270306024784922,569
spatial_aggregation_order,reflectance_first,rolling_origin,AOI-00,sentinel2,2022;2023;2024,2025,R2025-H3,3,AOI-00_b_3_2,0.06312790923181123,0.05046343781163147,-0.005629910476714258,815
spatial_aggregation_order,reflectance_first,rolling_origin,AOI-00,sentinel2,2022;2023;2024,2025,R2025-H3,3,AOI-00_b_3_3,0.07226533361638729,0.06045556495747667,-0.055054080502306854,833
spatial_aggregation_order,reflectance_first,rolling_origin,AOI-00,sentinel2,2022;2023;2024,2025,R2025-H3,3,AOI-00_b_3_4,0.06828494561713953,0.05888112158245702,-0.056380862118266276,810
spatial_aggregation_order,reflectance_first,rolling_origin,AOI-00,sentinel2,2022;2023;2024,2025,R2025-H3,3,AOI-00_b_3_5,0.06902706151479765,0.06037734844835884,-0.05645845098390896,211
spatial_aggregation_order,reflectance_first,rolling_origin,AOI-00,sentinel2,2022;2023;2024,2025,R2025-H3,3,AOI-00_b_4_0,0.039155454753965035,0.033934948222482365,0.03255371103911477,78
spatial_aggregation_order,reflectance_first,rolling_origin,AOI-00,sentinel2,2022;2023;2024,2025,R2025-H3,3,AOI-00_b_4_1,0.046042920142589254,0.039638617052436854,0.018542732014142273,845
spatial_aggregation_order,reflectance_first,rolling_origin,AOI-00,sentinel2,2022;2023;2024,2025,R2025-H3,3,AOI-00_b_4_2,0.048512376479895564,0.039929048119375955,0.012821149689091526,850
spatial_aggregation_order,reflectance_first,rolling_origin,AOI-00,sentinel2,2022;2023;2024,2025,R2025-H3,3,AOI-00_b_4_3,0.09100323388665514,0.0828164882224418,-0.08182157173398578,849
spatial_aggregation_order,reflectance_first,rolling_origin,AOI-00,sentinel2,2022;2023;2024,2025,R2025-H3,3,AOI-00_b_4_4,0.08183276391760505,0.06933181091945713,-0.055884244523437994,577
spatial_aggregation_order,reflectance_first,rolling_origin,AOI-00,sentinel2,2022;2023;2024,2025,R2025-H3,3,AOI-00_b_5_0,0.046524868947037994,0.042879636868834704,0.042879636868834704,3
spatial_aggregation_order,reflectance_first,rolling_origin,AOI-00,sentinel2,2022;2023;2024,2025,R2025-H3,3,AOI-00_b_5_1,0.05030925262553192,0.040992900086165664,0.015516634452428986,828
spatial_aggregation_order,reflectance_first,rolling_origin,AOI-00,sentinel2,2022;2023;2024,2025,R2025-H3,3,AOI-00_b_5_2,0.051509618285172434,0.042240844609842884,-0.003688463172291302,813
spatial_aggregation_order,reflectance_first,rolling_origin,AOI-00,sentinel2,2022;2023;2024,2025,R2025-H3,3,AOI-00_b_5_3,0.08287222954887377,0.07022259864208132,-0.0523355700151865,839
spatial_aggregation_order,reflectance_first,rolling_origin,AOI-00,sentinel2,2022;2023;2024,2025,R2025-H3,3,AOI-00_b_5_4,0.07002844841789257,0.05353897758124164,-0.02949441833075303,643
spatial_aggregation_order,reflectance_first,rolling_origin,AOI-00,sentinel2,2022;2023;2024,2025,R2025-H3,3,AOI-00_b_6_0,0.03787911115361281,0.03223658795037359,0.015481507157460949,63
spatial_aggregation_order,reflectance_first,rolling_origin,AOI-00,sentinel2,2022;2023;2024,2025,R2025-H3,3,AOI-00_b_6_1,0.04721420924907065,0.03815028631156199,0.011472561995808084,789
spatial_aggregation_order,reflectance_first,rolling_origin,AOI-00,sentinel2,2022;2023;2024,2025,R2025-H3,3,AOI-00_b_6_2,0.04369869176520729,0.03599073913184945,0.015624427800955933,769
spatial_aggregation_order,reflectance_first,rolling_origin,AOI-00,sentinel2,2022;2023;2024,2025,R2025-H3,3,AOI-00_b_6_3,0.06365910707960361,0.05145249369371512,-0.027484480882885742,802
spatial_aggregation_order,reflectance_first,rolling_origin,AOI-00,sentinel2,2022;2023;2024,2025,R2025-H3,3,AOI-00_b_6_4,0.08432542035285627,0.07347881254861162,-0.0504959393427493,195
spatial_aggregation_order,reflectance_first,rolling_origin,AOI-00,sentinel2,2022;2023;2024,2025,R2025-H3,3,AOI-00_b_7_1,0.06243216985149641,0.0499550119480661,0.003925511855734595,55
spatial_aggregation_order,reflectance_first,rolling_origin,AOI-00,sentinel2,2022;2023;2024,2025,R2025-H3,3,AOI-00_b_7_2,0.03655375122898892,0.027598778137632105,0.0015420597922159401,87
spatial_aggregation_order,reflectance_first,rolling_origin,AOI-00,sentinel2,2022;2023;2024,2025,R2025-H3,3,AOI-00_b_7_3,0.05150037469478066,0.041509587593104025,-0.033421533984621464,320
spatial_aggregation_order,reflectance_first,rolling_origin,AOI-00,sentinel2,2022;2023;2024,2025,R2025-H3,3,AOI-00_b_7_4,0.04044073278951855,0.0311530615639339,-0.028805555921852865,63
spatial_aggregation_order,reflectance_first,rolling_origin,AOI-01,landsat,2023,2024,R2024-H1,1,AOI-01_b_-100_-28,0.0,0.0,0.0,42
spatial_aggregation_order,reflectance_first,rolling_origin,AOI-01,landsat,2023,2024,R2024-H1,1,AOI-01_b_-101_-28,0.0,0.0,0.0,528
spatial_aggregation_order,reflectance_first,rolling_origin,AOI-01,landsat,2023,2024,R2024-H1,1,AOI-01_b_-101_-29,2.1172793094062147e-05,1.6682789942085459e-06,1.6682789942085459e-06,501
spatial_aggregation_order,reflectance_first,rolling_origin,AOI-01,landsat,2023,2024,R2024-H1,1,AOI-01_b_-101_-30,5.45890213381744e-05,8.002357827555706e-06,8.002357827555706e-06,432
spatial_aggregation_order,reflectance_first,rolling_origin,AOI-01,landsat,2023,2024,R2024-H1,1,AOI-01_b_-101_-31,0.0006214396580036637,0.0005468101939779809,0.0005468101939779809,150
spatial_aggregation_order,reflectance_first,rolling_origin,AOI-01,landsat,2023,2024,R2024-H1,1,AOI-01_b_-102_-27,0.00018231816942847095,0.00010068792717939475,0.00010068792717939475,156
spatial_aggregation_order,reflectance_first,rolling_origin,AOI-01,landsat,2023,2024,R2024-H1,1,AOI-01_b_-102_-28,0.00010475570390486644,3.167167167672124e-05,3.167167167672124e-05,801
spatial_aggregation_order,reflectance_first,rolling_origin,AOI-01,landsat,2023,2024,R2024-H1,1,AOI-01_b_-102_-29,0.00018712862729763384,7.020612381442221e-05,7.020612381442221e-05,849
spatial_aggregation_order,reflectance_first,rolling_origin,AOI-01,landsat,2023,2024,R2024-H1,1,AOI-01_b_-102_-30,0.0001266355974799937,4.748505135246803e-05,4.748505135246803e-05,849
spatial_aggregation_order,reflectance_first,rolling_origin,AOI-01,landsat,2023,2024,R2024-H1,1,AOI-01_b_-102_-31,0.0004446753441059447,0.0002718822502847275,0.0002718822502847275,485
spatial_aggregation_order,reflectance_first,rolling_origin,AOI-01,landsat,2023,2024,R2024-H1,1,AOI-01_b_-103_-27,0.00024880534567413575,0.0001235451974487316,0.0001235451974487316,314
spatial_aggregation_order,reflectance_first,rolling_origin,AOI-01,landsat,2023,2024,R2024-H1,1,AOI-01_b_-103_-28,0.0002015629701173569,8.684103122750636e-05,8.684103122750636e-05,846
spatial_aggregation_order,reflectance_first,rolling_origin,AOI-01,landsat,2023,2024,R2024-H1,1,AOI-01_b_-103_-29,0.0006984398735245064,0.0004781531890704581,0.0004781531890704581,843
spatial_aggregation_order,reflectance_first,rolling_origin,AOI-01,landsat,2023,2024,R2024-H1,1,AOI-01_b_-103_-30,0.0005005239182619421,0.0003898421847065404,0.0003898421847065404,846
spatial_aggregation_order,reflectance_first,rolling_origin,AOI-01,landsat,2023,2024,R2024-H1,1,AOI-01_b_-103_-31,0.000502105663108559,0.00033742421861617135,0.00033742421861617135,336
spatial_aggregation_order,reflectance_first,rolling_origin,AOI-01,landsat,2023,2024,R2024-H1,1,AOI-01_b_-104_-27,0.0051383471727046255,0.0013687713506284264,-0.0012315766792464246,525
spatial_aggregation_order,reflectance_first,rolling_origin,AOI-01,landsat,2023,2024,R2024-H1,1,AOI-01_b_-104_-28,0.0016593647263817702,0.0001954828066102435,-0.00014170601696117038,846
spatial_aggregation_order,reflectance_first,rolling_origin,AOI-01,landsat,2023,2024,R2024-H1,1,AOI-01_b_-104_-29,0.0007404441150359535,0.0006222819714116161,0.0006222819714116161,843
spatial_aggregation_order,reflectance_first,rolling_origin,AOI-01,landsat,2023,2024,R2024-H1,1,AOI-01_b_-104_-30,0.0006687661071865832,0.0005876176660840762,0.0005876176660840762,843
spatial_aggregation_order,reflectance_first,rolling_origin,AOI-01,landsat,2023,2024,R2024-H1,1,AOI-01_b_-104_-31,0.001377967382079379,0.001236438492135908,0.000367046071028503,423
spatial_aggregation_order,reflectance_first,rolling_origin,AOI-01,landsat,2023,2024,R2024-H1,1,AOI-01_b_-105_-26,0.0002586356841599926,0.00010971971581087463,0.00010971971581087463,114
spatial_aggregation_order,reflectance_first,rolling_origin,AOI-01,landsat,2023,2024,R2024-H1,1,AOI-01_b_-105_-27,0.00021417532510934468,5.607441018427409e-05,4.824734780922871e-05,849
spatial_aggregation_order,reflectance_first,rolling_origin,AOI-01,landsat,2023,2024,R2024-H1,1,AOI-01_b_-105_-28,0.00044900430828005754,0.0002110867055495464,0.00018243939321207163,851
spatial_aggregation_order,reflectance_first,rolling_origin,AOI-01,landsat,2023,2024,R2024-H1,1,AOI-01_b_-105_-29,0.0006924329365922488,0.0005969013666163363,0.0005969013666163363,846
spatial_aggregation_order,reflectance_first,rolling_origin,AOI-01,landsat,2023,2024,R2024-H1,1,AOI-01_b_-105_-30,0.0010426758132456291,0.0008044102110660525,0.0004944884618775257,645
spatial_aggregation_order,reflectance_first,rolling_origin,AOI-01,landsat,2023,2024,R2024-H1,1,AOI-01_b_-105_-31,0.0019697998133259807,0.001966072061893583,0.0006757514879429891,3
spatial_aggregation_order,reflectance_first,rolling_origin,AOI-01,landsat,2023,2024,R2024-H1,1,AOI-01_b_-106_-27,0.00024888512967900274,0.0001372481642401706,0.0001372481642401706,720
spatial_aggregation_order,reflectance_first,rolling_origin,AOI-01,landsat,2023,2024,R2024-H1,1,AOI-01_b_-106_-28,0.0005819334670108672,0.00048257814627279693,0.00048257814627279693,849
spatial_aggregation_order,reflectance_first,rolling_origin,AOI-01,landsat,2023,2024,R2024-H1,1,AOI-01_b_-106_-29,0.0022037571012180172,0.0008245044122032949,0.00013112201767595798,843
spatial_aggregation_order,reflectance_first,rolling_origin,AOI-01,landsat,2023,2024,R2024-H1,1,AOI-01_b_-106_-30,0.0019697313132956626,0.0014593588525220952,0.0002553161863550235,726
spatial_aggregation_order,reflectance_first,rolling_origin,AOI-01,landsat,2023,2024,R2024-H1,1,AOI-01_b_-107_-27,0.00047188869136001845,0.0003116455784738936,0.0003116455784738936,294
spatial_aggregation_order,reflectance_first,rolling_origin,AOI-01,landsat,2023,2024,R2024-H1,1,AOI-01_b_-107_-28,0.0006459121276905412,0.0005918486458481686,0.0005918486458481686,618
spatial_aggregation_order,reflectance_first,rolling_origin,AOI-01,landsat,2023,2024,R2024-H1,1,AOI-01_b_-107_-29,0.0008153506451083183,0.000609456607977984,0.0005030377392378464,666
spatial_aggregation_order,reflectance_first,rolling_origin,AOI-01,landsat,2023,2024,R2024-H1,1,AOI-01_b_-107_-30,0.0016166963074047858,0.0015128236553140007,-2.6425368320132554e-05,387
spatial_aggregation_order,reflectance_first,rolling_origin,AOI-01,landsat,2023,2024,R2024-H1,1,AOI-01_b_-108_-30,0.001996883051465467,0.001993199114352711,-0.0007739137512335955,3
spatial_aggregation_order,reflectance_first,rolling_origin,AOI-01,landsat,2022;2023,2024,R2024-H2,2,AOI-01_b_-100_-28,0.0,0.0,0.0,42
spatial_aggregation_order,reflectance_first,rolling_origin,AOI-01,landsat,2022;2023,2024,R2024-H2,2,AOI-01_b_-101_-28,0.0,0.0,0.0,528
spatial_aggregation_order,reflectance_first,rolling_origin,AOI-01,landsat,2022;2023,2024,R2024-H2,2,AOI-01_b_-101_-29,1.5122279766346107e-05,1.026013790982901e-06,1.026013790982901e-06,501
spatial_aggregation_order,reflectance_first,rolling_origin,AOI-01,landsat,2022;2023,2024,R2024-H2,2,AOI-01_b_-101_-30,4.1645446602191466e-05,5.324804548454305e-06,5.324804548454305e-06,432
spatial_aggregation_order,reflectance_first,rolling_origin,AOI-01,landsat,2022;2023,2024,R2024-H2,2,AOI-01_b_-101_-31,0.0005085041446285652,0.00044173098540510933,0.00044173098540510933,150
spatial_aggregation_order,reflectance_first,rolling_origin,AOI-01,landsat,2022;2023,2024,R2024-H2,2,AOI-01_b_-102_-27,0.00013555870381198849,6.753329864544436e-05,6.753329864544436e-05,156
spatial_aggregation_order,reflectance_first,rolling_origin,AOI-01,landsat,2022;2023,2024,R2024-H2,2,AOI-01_b_-102_-28,7.842336369627242e-05,2.1940731625941125e-05,2.1940731625941125e-05,801
spatial_aggregation_order,reflectance_first,rolling_origin,AOI-01,landsat,2022;2023,2024,R2024-H2,2,AOI-01_b_-102_-29,0.0001479897566777443,5.234355006700532e-05,5.234355006700532e-05,849
spatial_aggregation_order,reflectance_first,rolling_origin,AOI-01,landsat,2022;2023,2024,R2024-H2,2,AOI-01_b_-102_-30,9.441539869580258e-05,3.24906947246281e-05,3.24906947246281e-05,849
spatial_aggregation_order,reflectance_first,rolling_origin,AOI-01,landsat,2022;2023,2024,R2024-H2,2,AOI-01_b_-102_-31,0.00036497657924348714,0.00021761632357965283,0.00021761632357965283,485
spatial_aggregation_order,reflectance_first,rolling_origin,AOI-01,landsat,2022;2023,2024,R2024-H2,2,AOI-01_b_-103_-27,0.00019688989555552316,9.197583227109094e-05,9.197583227109094e-05,314
spatial_aggregation_order,reflectance_first,rolling_origin,AOI-01,landsat,2022;2023,2024,R2024-H2,2,AOI-01_b_-103_-28,0.00015840229396545986,6.241225519177746e-05,6.241225519177746e-05,846
spatial_aggregation_order,reflectance_first,rolling_origin,AOI-01,landsat,2022;2023,2024,R2024-H2,2,AOI-01_b_-103_-29,0.0005871682528007075,0.00038997652097424236,0.00038997652097424236,843
spatial_aggregation_order,reflectance_first,rolling_origin,AOI-01,landsat,2022;2023,2024,R2024-H2,2,AOI-01_b_-103_-30,0.00040638094388178964,0.00030675166957239207,0.00030675166957239207,846
spatial_aggregation_order,reflectance_first,rolling_origin,AOI-01,landsat,2022;2023,2024,R2024-H2,2,AOI-01_b_-103_-31,0.0004132103940285304,0.00026775921617593827,0.00026775921617593827,336
spatial_aggregation_order,reflectance_first,rolling_origin,AOI-01,landsat,2022;2023,2024,R2024-H2,2,AOI-01_b_-104_-27,0.005377401149959425,0.0014186359211366786,-0.001310382635478557,525
spatial_aggregation_order,reflectance_first,rolling_origin,AOI-01,landsat,2022;2023,2024,R2024-H2,2,AOI-01_b_-104_-28,0.0017228420804883684,0.00019586259948376392,-0.0001599292511173004,846
spatial_aggregation_order,reflectance_first,rolling_origin,AOI-01,landsat,2022;2023,2024,R2024-H2,2,AOI-01_b_-104_-29,0.0006165451669437745,0.0005074508681605366,0.0005074508681605366,843
spatial_aggregation_order,reflectance_first,rolling_origin,AOI-01,landsat,2022;2023,2024,R2024-H2,2,AOI-01_b_-104_-30,0.0005508187540242181,0.00047469746401014893,0.00047469746401014893,843
spatial_aggregation_order,reflectance_first,rolling_origin,AOI-01,landsat,2022;2023,2024,R2024-H2,2,AOI-01_b_-104_-31,0.001364277699788723,0.0011570719321120223,0.0001881921150972655,423
spatial_aggregation_order,reflectance_first,rolling_origin,AOI-01,landsat,2022;2023,2024,R2024-H2,2,AOI-01_b_-105_-26,0.00020925498147361955,8.330472517974855e-05,8.330472517974855e-05,114
spatial_aggregation_order,reflectance_first,rolling_origin,AOI-01,landsat,2022;2023,2024,R2024-H2,2,AOI-01_b_-105_-27,0.00019026104948423786,4.54301776426241e-05,3.4989959068568804e-05,849
spatial_aggregation_order,reflectance_first,rolling_origin,AOI-01,landsat,2022;2023,2024,R2024-H2,2,AOI-01_b_-105_-28,0.00039576339921499313,0.00016692154758222332,0.00013682185613526505,851
spatial_aggregation_order,reflectance_first,rolling_origin,AOI-01,landsat,2022;2023,2024,R2024-H2,2,AOI-01_b_-105_-29,0.0005726706880210463,0.00048507260230013654,0.00048507260230013654,846
spatial_aggregation_order,reflectance_first,rolling_origin,AOI-01,landsat,2022;2023,2024,R2024-H2,2,AOI-01_b_-105_-30,0.001015642025698519,0.0007106640064454629,0.0003546027397974405,645
spatial_aggregation_order,reflectance_first,rolling_origin,AOI-01,landsat,2022;2023,2024,R2024-H2,2,AOI-01_b_-105_-31,0.0018971645905193025,0.0018793674059097857,0.0004034107642920945,3
spatial_aggregation_order,reflectance_first,rolling_origin,AOI-01,landsat,2022;2023,2024,R2024-H2,2,AOI-01_b_-106_-27,0.0001941851730486884,0.00010119744897777133,0.00010119744897777133,720
spatial_aggregation_order,reflectance_first,rolling_origin,AOI-01,landsat,2022;2023,2024,R2024-H2,2,AOI-01_b_-106_-28,0.0004763319381237684,0.0003819344202506608,0.0003819344202506608,849
spatial_aggregation_order,reflectance_first,rolling_origin,AOI-01,landsat,2022;2023,2024,R2024-H2,2,AOI-01_b_-106_-29,0.002234894483765902,0.0007454969105882722,2.763754767065477e-05,843
spatial_aggregation_order,reflectance_first,rolling_origin,AOI-01,landsat,2022;2023,2024,R2024-H2,2,AOI-01_b_-106_-30,0.0020257646356646344,0.0013951088844973447,5.18088476450834e-05,726
spatial_aggregation_order,reflectance_first,rolling_origin,AOI-01,landsat,2022;2023,2024,R2024-H2,2,AOI-01_b_-107_-27,0.0003867820453532703,0.00024840110256172765,0.00024840110256172765,294
spatial_aggregation_order,reflectance_first,rolling_origin,AOI-01,landsat,2022;2023,2024,R2024-H2,2,AOI-01_b_-107_-28,0.0005284803892616773,0.0004772192812823499,0.0004772192812823499,618
spatial_aggregation_order,reflectance_first,rolling_origin,AOI-01,landsat,2022;2023,2024,R2024-H2,2,AOI-01_b_-107_-29,0.0007279300531796126,0.0005166974580706285,0.00039985687603513037,666
spatial_aggregation_order,reflectance_first,rolling_origin,AOI-01,landsat,2022;2023,2024,R2024-H2,2,AOI-01_b_-107_-30,0.0016714359788966065,0.001507831125393559,-0.00024754589962585434,387
spatial_aggregation_order,reflectance_first,rolling_origin,AOI-01,landsat,2022;2023,2024,R2024-H2,2,AOI-01_b_-108_-30,0.002115339476162832,0.0020843954154300564,-0.0010334252580284425,3
spatial_aggregation_order,reflectance_first,rolling_origin,AOI-01,landsat,2021;2022;2023,2024,R2024-H3,3,AOI-01_b_-100_-28,0.0,0.0,0.0,42
spatial_aggregation_order,reflectance_first,rolling_origin,AOI-01,landsat,2021;2022;2023,2024,R2024-H3,3,AOI-01_b_-101_-28,0.0,0.0,0.0,528
spatial_aggregation_order,reflectance_first,rolling_origin,AOI-01,landsat,2021;2022;2023,2024,R2024-H3,3,AOI-01_b_-101_-29,1.2311803710259116e-05,7.77889023933213e-07,7.77889023933213e-07,501
spatial_aggregation_order,reflectance_first,rolling_origin,AOI-01,landsat,2021;2022;2023,2024,R2024-H3,3,AOI-01_b_-101_-30,3.602730838683122e-05,4.380584006779908e-06,4.380584006779908e-06,432
spatial_aggregation_order,reflectance_first,rolling_origin,AOI-01,landsat,2021;2022;2023,2024,R2024-H3,3,AOI-01_b_-101_-31,0.0004660772269614931,0.0004000852013980332,0.0004000852013980332,150
spatial_aggregation_order,reflectance_first,rolling_origin,AOI-01,landsat,2021;2022;2023,2024,R2024-H3,3,AOI-01_b_-102_-27,0.00011439253839155519,5.2218019984695844e-05,5.2218019984695844e-05,156
spatial_aggregation_order,reflectance_first,rolling_origin,AOI-01,landsat,2021;2022;2023,2024,R2024-H3,3,AOI-01_b_-102_-28,6.641169439790708e-05,1.7341286877199993e-05,1.7341286877199993e-05,801
spatial_aggregation_order,reflectance_first,rolling_origin,AOI-01,landsat,2021;2022;2023,2024,R2024-H3,3,AOI-01_b_-102_-29,0.00013189450860096925,4.448294180130813e-05,4.448294180130813e-05,849
spatial_aggregation_order,reflectance_first,rolling_origin,AOI-01,landsat,2021;2022;2023,2024,R2024-H3,3,AOI-01_b_-102_-30,7.969741683670016e-05,2.554525036059568e-05,2.554525036059568e-05,849
spatial_aggregation_order,reflectance_first,rolling_origin,AOI-01,landsat,2021;2022;2023,2024,R2024-H3,3,AOI-01_b_-102_-31,0.00033571334136951774,0.00019594862750421356,0.00019594862750421356,485
spatial_aggregation_order,reflectance_first,rolling_origin,AOI-01,landsat,2021;2022;2023,2024,R2024-H3,3,AOI-01_b_-103_-27,0.00017567669735857707,7.768643267470379e-05,7.768643267470379e-05,314
spatial_aggregation_order,reflectance_first,rolling_origin,AOI-01,landsat,2021;2022;2023,2024,R2024-H3,3,AOI-01_b_-103_-28,0.0001407441845652887,5.173984666537903e-05,5.173984666537903e-05,846
spatial_aggregation_order,reflectance_first,rolling_origin,AOI-01,landsat,2021;2022;2023,2024,R2024-H3,3,AOI-01_b_-103_-29,0.0005517730296155037,0.0003568541595744765,0.0003568541595744765,843
spatial_aggregation_order,reflectance_first,rolling_origin,AOI-01,landsat,2021;2022;2023,2024,R2024-H3,3,AOI-01_b_-103_-30,0.0003703088769536048,0.00027186018204953437,0.00027186018204953437,846
spatial_aggregation_order,reflectance_first,rolling_origin,AOI-01,landsat,2021;2022;2023,2024,R2024-H3,3,AOI-01_b_-103_-31,0.000381299774541404,0.00023880123529526257,0.00023880123529526257,336
spatial_aggregation_order,reflectance_first,rolling_origin,AOI-01,landsat,2021;2022;2023,2024,R2024-H3,3,AOI-01_b_-104_-27,0.005415830678381087,0.0014247712913668454,-0.0013272882034090713,525
spatial_aggregation_order,reflectance_first,rolling_origin,AOI-01,landsat,2021;2022;2023,2024,R2024-H3,3,AOI-01_b_-104_-28,0.001733840110094469,0.00019346716530760144,-0.00016570362024039155,846
spatial_aggregation_order,reflectance_first,rolling_origin,AOI-01,landsat,2021;2022;2023,2024,R2024-H3,3,AOI-01_b_-104_-29,0.0005743205533435293,0.00046386783765595027,0.00046386783765595027,843
spatial_aggregation_order,reflectance_first,rolling_origin,AOI-01,landsat,2021;2022;2023,2024,R2024-H3,3,AOI-01_b_-104_-30,0.000508086430678943,0.0004303012874936318,0.0004303012874936318,843
spatial_aggregation_order,reflectance_first,rolling_origin,AOI-01,landsat,2021;2022;2023,2024,R2024-H3,3,AOI-01_b_-104_-31,0.0013608161504191638,0.0011273751217156624,0.00013286268629883794,423
spatial_aggregation_order,reflectance_first,rolling_origin,AOI-01,landsat,2021;2022;2023,2024,R2024-H3,3,AOI-01_b_-105_-26,0.00019045855546386703,7.237887298910355e-05,7.237887298910355e-05,114
spatial_aggregation_order,reflectance_first,rolling_origin,AOI-01,landsat,2021;2022;2023,2024,R2024-H3,3,AOI-01_b_-105_-27,0.00018216962502369077,4.068943914358267e-05,2.9685250385713636e-05,849
spatial_aggregation_order,reflectance_first,rolling_origin,AOI-01,landsat,2021;2022;2023,2024,R2024-H3,3,AOI-01_b_-105_-28,0.00037844660621358595,0.00014773754587798368,0.00011723832273521577,851
spatial_aggregation_order,reflectance_first,rolling_origin,AOI-01,landsat,2021;2022;2023,2024,R2024-H3,3,AOI-01_b_-105_-29,0.0005301472530027541,0.00044196743235864984,0.00044196743235864984,846
spatial_aggregation_order,reflectance_first,rolling_origin,AOI-01,landsat,2021;2022;2023,2024,R2024-H3,3,AOI-01_b_-105_-30,0.0010038731915844386,0.0006733305378715942,0.0003072351258168986,645
spatial_aggregation_order,reflectance_first,rolling_origin,AOI-01,landsat,2021;2022;2023,2024,R2024-H3,3,AOI-01_b_-105_-31,0.0018844453588462455,0.0018574440053380074,0.00033607590782293566,3
spatial_aggregation_order,reflectance_first,rolling_origin,AOI-01,landsat,2021;2022;2023,2024,R2024-H3,3,AOI-01_b_-106_-27,0.00017088295947624067,8.473194179034791e-05,8.473194179034791e-05,720
spatial_aggregation_order,reflectance_first,rolling_origin,AOI-01,landsat,2021;2022;2023,2024,R2024-H3,3,AOI-01_b_-106_-28,0.00043735232941028226,0.000339995744010915,0.000339995744010915,849
spatial_aggregation_order,reflectance_first,rolling_origin,AOI-01,landsat,2021;2022;2023,2024,R2024-H3,3,AOI-01_b_-106_-29,0.0022386529293991226,0.0007124384789756223,-1.0865187031197257e-05,843
spatial_aggregation_order,reflectance_first,rolling_origin,AOI-01,landsat,2021;2022;2023,2024,R2024-H3,3,AOI-01_b_-106_-30,0.0020347149307677363,0.0013688952463704214,-5.719194924242848e-06,726
spatial_aggregation_order,reflectance_first,rolling_origin,AOI-01,landsat,2021;2022;2023,2024,R2024-H3,3,AOI-01_b_-107_-27,0.0003553959741182272,0.00022268646684602792,0.00022268646684602792,294
spatial_aggregation_order,reflectance_first,rolling_origin,AOI-01,landsat,2021;2022;2023,2024,R2024-H3,3,AOI-01_b_-107_-28,0.0004844086549114221,0.00043143168121605695,0.00043143168121605695,618
spatial_aggregation_order,reflectance_first,rolling_origin,AOI-01,landsat,2021;2022;2023,2024,R2024-H3,3,AOI-01_b_-107_-29,0.0007003976372711543,0.0004825991246142349,0.0003629616585995819,666
spatial_aggregation_order,reflectance_first,rolling_origin,AOI-01,landsat,2021;2022;2023,2024,R2024-H3,3,AOI-01_b_-107_-30,0.001686217279358012,0.0014998897438176677,-0.0003083261213730794,387
spatial_aggregation_order,reflectance_first,rolling_origin,AOI-01,landsat,2021;2022;2023,2024,R2024-H3,3,AOI-01_b_-108_-30,0.002148738159513936,0.002106893610658801,-0.0010991183629459247,3
spatial_aggregation_order,reflectance_first,rolling_origin,AOI-01,landsat,2024,2025,R2025-H1,1,AOI-01_b_-100_-28,9.714693659768697e-06,2.756072543725212e-06,2.756072543725212e-06,24
spatial_aggregation_order,reflectance_first,rolling_origin,AOI-01,landsat,2024,2025,R2025-H1,1,AOI-01_b_-101_-28,0.0001637030707095055,5.774976438465367e-05,5.774976438465367e-05,266
spatial_aggregation_order,reflectance_first,rolling_origin,AOI-01,landsat,2024,2025,R2025-H1,1,AOI-01_b_-101_-29,2.0358287233993393e-05,2.9202132289339747e-06,2.9202132289339747e-06,191
spatial_aggregation_order,reflectance_first,rolling_origin,AOI-01,landsat,2024,2025,R2025-H1,1,AOI-01_b_-101_-30,0.00021083469226186949,7.215607998463588e-05,7.215607998463588e-05,257
spatial_aggregation_order,reflectance_first,rolling_origin,AOI-01,landsat,2024,2025,R2025-H1,1,AOI-01_b_-101_-31,0.0007787766336870449,0.0006738241697095996,0.0006738241697095996,139
spatial_aggregation_order,reflectance_first,rolling_origin,AOI-01,landsat,2024,2025,R2025-H1,1,AOI-01_b_-102_-27,0.00023376197919798943,8.199203152040583e-05,8.199203152040583e-05,142
spatial_aggregation_order,reflectance_first,rolling_origin,AOI-01,landsat,2024,2025,R2025-H1,1,AOI-01_b_-102_-28,0.0004110675042379021,0.00014340736373809608,0.00014340736373809608,475
spatial_aggregation_order,reflectance_first,rolling_origin,AOI-01,landsat,2024,2025,R2025-H1,1,AOI-01_b_-102_-29,0.000290782201398488,0.00014105458453210333,0.00014105458453210333,410
spatial_aggregation_order,reflectance_first,rolling_origin,AOI-01,landsat,2024,2025,R2025-H1,1,AOI-01_b_-102_-30,0.0003249656693131317,0.00015112134882919612,0.00015112134882919612,542
spatial_aggregation_order,reflectance_first,rolling_origin,AOI-01,landsat,2024,2025,R2025-H1,1,AOI-01_b_-102_-31,0.0005817232167079926,0.00038761922082373236,0.00038761922082373236,439
spatial_aggregation_order,reflectance_first,rolling_origin,AOI-01,landsat,2024,2025,R2025-H1,1,AOI-01_b_-103_-27,0.00036036305406976374,0.00020205695017824725,0.00020205695017824725,233
spatial_aggregation_order,reflectance_first,rolling_origin,AOI-01,landsat,2024,2025,R2025-H1,1,AOI-01_b_-103_-28,0.0005993395432629785,0.0003443012183194502,0.0003443012183194502,342
spatial_aggregation_order,reflectance_first,rolling_origin,AOI-01,landsat,2024,2025,R2025-H1,1,AOI-01_b_-103_-29,0.0010713472273129845,0.0007700369620313826,0.0005070673246737235,368
spatial_aggregation_order,reflectance_first,rolling_origin,AOI-01,landsat,2024,2025,R2025-H1,1,AOI-01_b_-103_-30,0.0007475663196140752,0.0005282240764458671,0.000444888791024377,613
spatial_aggregation_order,reflectance_first,rolling_origin,AOI-01,landsat,2024,2025,R2025-H1,1,AOI-01_b_-103_-31,0.0007287774221352517,0.0004444266393585019,0.0003239962430779049,283
spatial_aggregation_order,reflectance_first,rolling_origin,AOI-01,landsat,2024,2025,R2025-H1,1,AOI-01_b_-104_-27,0.00621787119922042,0.002095893335827188,-0.0018233784086622992,154
spatial_aggregation_order,reflectance_first,rolling_origin,AOI-01,landsat,2024,2025,R2025-H1,1,AOI-01_b_-104_-28,0.0030509695931280984,0.0006397758680398008,-0.00016567183185523218,252
spatial_aggregation_order,reflectance_first,rolling_origin,AOI-01,landsat,2024,2025,R2025-H1,1,AOI-01_b_-104_-29,0.000720248422602156,0.000499319554493069,0.00046050820220495454,551
spatial_aggregation_order,reflectance_first,rolling_origin,AOI-01,landsat,2024,2025,R2025-H1,1,AOI-01_b_-104_-30,0.0012102002985284607,0.0007651086515254043,9.098543172441164e-05,516
spatial_aggregation_order,reflectance_first,rolling_origin,AOI-01,landsat,2024,2025,R2025-H1,1,AOI-01_b_-104_-31,0.0035026894025079742,0.0030884647063162693,-0.002866080024585207,339
spatial_aggregation_order,reflectance_first,rolling_origin,AOI-01,landsat,2024,2025,R2025-H1,1,AOI-01_b_-105_-26,0.0002821263817472179,0.00014187705491297645,0.00014187705491297645,114
spatial_aggregation_order,reflectance_first,rolling_origin,AOI-01,landsat,2024,2025,R2025-H1,1,AOI-01_b_-105_-27,0.00030319755812889987,8.519965487706314e-05,7.751331584925859e-05,833
spatial_aggregation_order,reflectance_first,rolling_origin,AOI-01,landsat,2024,2025,R2025-H1,1,AOI-01_b_-105_-28,0.0004417941348113308,0.00022363875393907132,0.0001915557096112054,774
spatial_aggregation_order,reflectance_first,rolling_origin,AOI-01,landsat,2024,2025,R2025-H1,1,AOI-01_b_-105_-29,0.0007011661208853969,0.0005621712120748077,0.0005621712120748077,760
spatial_aggregation_order,reflectance_first,rolling_origin,AOI-01,landsat,2024,2025,R2025-H1,1,AOI-01_b_-105_-30,0.001901078265666618,0.0010590235858887436,-0.0003293221523673246,612
spatial_aggregation_order,reflectance_first,rolling_origin,AOI-01,landsat,2024,2025,R2025-H1,1,AOI-01_b_-105_-31,0.005372529789759599,0.005357539711364601,-0.005357539711364601,3
spatial_aggregation_order,reflectance_first,rolling_origin,AOI-01,landsat,2024,2025,R2025-H1,1,AOI-01_b_-106_-27,0.00018695809541320566,9.743085698103498e-05,9.743085698103498e-05,720
spatial_aggregation_order,reflectance_first,rolling_origin,AOI-01,landsat,2024,2025,R2025-H1,1,AOI-01_b_-106_-28,0.0006040460361380502,0.0005217911596290753,0.0005217911596290753,849
spatial_aggregation_order,reflectance_first,rolling_origin,AOI-01,landsat,2024,2025,R2025-H1,1,AOI-01_b_-106_-29,0.0022112048006228324,0.000978552517893277,0.0003429538123576081,843
spatial_aggregation_order,reflectance_first,rolling_origin,AOI-01,landsat,2024,2025,R2025-H1,1,AOI-01_b_-106_-30,0.002401263757830133,0.0018396975898019906,-0.0004201811897731544,726
spatial_aggregation_order,reflectance_first,rolling_origin,AOI-01,landsat,2024,2025,R2025-H1,1,AOI-01_b_-107_-27,0.000364642442325066,0.00023648575250449408,0.00023648575250449408,294
spatial_aggregation_order,reflectance_first,rolling_origin,AOI-01,landsat,2024,2025,R2025-H1,1,AOI-01_b_-107_-28,0.0006127416457974658,0.0005628868389714399,0.0005628868389714399,618
spatial_aggregation_order,reflectance_first,rolling_origin,AOI-01,landsat,2024,2025,R2025-H1,1,AOI-01_b_-107_-29,0.0008488245739956174,0.0006435983461552236,0.0004908098874357843,666
spatial_aggregation_order,reflectance_first,rolling_origin,AOI-01,landsat,2024,2025,R2025-H1,1,AOI-01_b_-107_-30,0.0018253007694316306,0.001657539734319034,-0.00013692602254560614,387
spatial_aggregation_order,reflectance_first,rolling_origin,AOI-01,landsat,2024,2025,R2025-H1,1,AOI-01_b_-108_-30,0.001958411953365005,0.001950569964631105,-0.001950569964631105,3
spatial_aggregation_order,reflectance_first,rolling_origin,AOI-01,landsat,2023;2024,2025,R2025-H2,2,AOI-01_b_-100_-28,1.159348158773559e-06,2.3665095193586635e-07,2.3665095193586635e-07,24
spatial_aggregation_order,reflectance_first,rolling_origin,AOI-01,landsat,2023;2024,2025,R2025-H2,2,AOI-01_b_-101_-28,0.00015891023347715233,5.414432891537248e-05,5.414432891537248e-05,266
spatial_aggregation_order,reflectance_first,rolling_origin,AOI-01,landsat,2023;2024,2025,R2025-H2,2,AOI-01_b_-101_-29,1.656695311671878e-05,2.0420973446348084e-06,2.0420973446348084e-06,191
spatial_aggregation_order,reflectance_first,rolling_origin,AOI-01,landsat,2023;2024,2025,R2025-H2,2,AOI-01_b_-101_-30,0.00020855145411727987,6.908704945003986e-05,6.908704945003986e-05,257
spatial_aggregation_order,reflectance_first,rolling_origin,AOI-01,landsat,2023;2024,2025,R2025-H2,2,AOI-01_b_-101_-31,0.0007839075566199145,0.0006710489255874333,0.0006710489255874333,139
spatial_aggregation_order,reflectance_first,rolling_origin,AOI-01,landsat,2023;2024,2025,R2025-H2,2,AOI-01_b_-102_-27,0.00023236155674632417,7.708213291180605e-05,7.708213291180605e-05,142
spatial_aggregation_order,reflectance_first,rolling_origin,AOI-01,landsat,2023;2024,2025,R2025-H2,2,AOI-01_b_-102_-28,0.0004177528491873992,0.00014003988406929445,0.00014003988406929445,475
spatial_aggregation_order,reflectance_first,rolling_origin,AOI-01,landsat,2023;2024,2025,R2025-H2,2,AOI-01_b_-102_-29,0.0002871914204702544,0.00013461989128213842,0.00013461989128213842,410
spatial_aggregation_order,reflectance_first,rolling_origin,AOI-01,landsat,2023;2024,2025,R2025-H2,2,AOI-01_b_-102_-30,0.00032355451456920115,0.00014685122253043706,0.00014685122253043706,542
spatial_aggregation_order,reflectance_first,rolling_origin,AOI-01,landsat,2023;2024,2025,R2025-H2,2,AOI-01_b_-102_-31,0.0005849449659532191,0.0003825931968016737,0.0003825931968016737,439
spatial_aggregation_order,reflectance_first,rolling_origin,AOI-01,landsat,2023;2024,2025,R2025-H2,2,AOI-01_b_-103_-27,0.0003572761253229199,0.00019431062816804487,0.00019431062816804487,233
spatial_aggregation_order,reflectance_first,rolling_origin,AOI-01,landsat,2023;2024,2025,R2025-H2,2,AOI-01_b_-103_-28,0.0006065687307233563,0.00034267816104318515,0.00034267816104318515,342
spatial_aggregation_order,reflectance_first,rolling_origin,AOI-01,landsat,2023;2024,2025,R2025-H2,2,AOI-01_b_-103_-29,0.0010806762273730722,0.0007695739186461967,0.0005101941633839493,368
spatial_aggregation_order,reflectance_first,rolling_origin,AOI-01,landsat,2023;2024,2025,R2025-H2,2,AOI-01_b_-103_-30,0.0007506830419244304,0.0005222958943191448,0.0004389996700729931,613
spatial_aggregation_order,reflectance_first,rolling_origin,AOI-01,landsat,2023;2024,2025,R2025-H2,2,AOI-01_b_-103_-31,0.0007314732949017872,0.0004384519299078186,0.000318768630918208,283
spatial_aggregation_order,reflectance_first,rolling_origin,AOI-01,landsat,2023;2024,2025,R2025-H2,2,AOI-01_b_-104_-27,0.0061849250460098,0.0020819583325653018,-0.0018196045858315955,154
spatial_aggregation_order,reflectance_first,rolling_origin,AOI-01,landsat,2023;2024,2025,R2025-H2,2,AOI-01_b_-104_-28,0.0030494969315067537,0.0006334910252462933,-0.00017127932877078445,252
spatial_aggregation_order,reflectance_first,rolling_origin,AOI-01,landsat,2023;2024,2025,R2025-H2,2,AOI-01_b_-104_-29,0.0007254566844083657,0.0004949723808913779,0.0004561209512263503,551
spatial_aggregation_order,reflectance_first,rolling_origin,AOI-01,landsat,2023;2024,2025,R2025-H2,2,AOI-01_b_-104_-30,0.001211414303005456,0.0007592699798127163,8.731830812757885e-05,516
spatial_aggregation_order,reflectance_first,rolling_origin,AOI-01,landsat,2023;2024,2025,R2025-H2,2,AOI-01_b_-104_-31,0.0034732671466351,0.003058632702432859,-0.002834018975167165,339
spatial_aggregation_order,reflectance_first,rolling_origin,AOI-01,landsat,2023;2024,2025,R2025-H2,2,AOI-01_b_-105_-26,0.00027735864370954065,0.0001372765249540354,0.0001372765249540354,114
spatial_aggregation_order,reflectance_first,rolling_origin,AOI-01,landsat,2023;2024,2025,R2025-H2,2,AOI-01_b_-105_-27,0.00030593149216072337,8.192268946302158e-05,7.423900201694856e-05,833
spatial_aggregation_order,reflectance_first,rolling_origin,AOI-01,landsat,2023;2024,2025,R2025-H2,2,AOI-01_b_-105_-28,0.00044032710236077894,0.0002145508602090942,0.00018252522312164546,774
spatial_aggregation_order,reflectance_first,rolling_origin,AOI-01,landsat,2023;2024,2025,R2025-H2,2,AOI-01_b_-105_-29,0.0007049978066766634,0.0005586727463810445,0.0005586727463810445,760
spatial_aggregation_order,reflectance_first,rolling_origin,AOI-01,landsat,2023;2024,2025,R2025-H2,2,AOI-01_b_-105_-30,0.0018908842051478482,0.0010500422022757675,-0.00032833060815698625,612
spatial_aggregation_order,reflectance_first,rolling_origin,AOI-01,landsat,2023;2024,2025,R2025-H2,2,AOI-01_b_-105_-31,0.005288789794736737,0.005272135140157372,-0.005272135140157372,3
spatial_aggregation_order,reflectance_first,rolling_origin,AOI-01,landsat,2023;2024,2025,R2025-H2,2,AOI-01_b_-106_-27,0.00017741889420115265,8.878250205378737e-05,8.878250205378737e-05,720
spatial_aggregation_order,reflectance_first,rolling_origin,AOI-01,landsat,2023;2024,2025,R2025-H2,2,AOI-01_b_-106_-28,0.000601310625878114,0.0005112742144936284,0.0005112742144936284,849
spatial_aggregation_order,reflectance_first,rolling_origin,AOI-01,landsat,2023;2024,2025,R2025-H2,2,AOI-01_b_-106_-29,0.002181767664088378,0.0009742443005340567,0.00034806001387801866,843
spatial_aggregation_order,reflectance_first,rolling_origin,AOI-01,landsat,2023;2024,2025,R2025-H2,2,AOI-01_b_-106_-30,0.0023649570437082085,0.001823622497330194,-0.0003811506885689697,726
spatial_aggregation_order,reflectance_first,rolling_origin,AOI-01,landsat,2023;2024,2025,R2025-H2,2,AOI-01_b_-107_-27,0.0003586480223081045,0.0002266233099516064,0.0002266233099516064,294
spatial_aggregation_order,reflectance_first,rolling_origin,AOI-01,landsat,2023;2024,2025,R2025-H2,2,AOI-01_b_-107_-28,0.0006083619521609574,0.0005541292557661714,0.0005541292557661714,618
spatial_aggregation_order,reflectance_first,rolling_origin,AOI-01,landsat,2023;2024,2025,R2025-H2,2,AOI-01_b_-107_-29,0.0008508667659525405,0.0006426271477362052,0.0004930388819858725,666
spatial_aggregation_order,reflectance_first,rolling_origin,AOI-01,landsat,2023;2024,2025,R2025-H2,2,AOI-01_b_-107_-30,0.001803966332993046,0.0016424673837125922,-9.258976919978282e-05,387
spatial_aggregation_order,reflectance_first,rolling_origin,AOI-01,landsat,2023;2024,2025,R2025-H2,2,AOI-01_b_-108_-30,0.0019011157308275028,0.0018922789722831026,-0.0018922789722831026,3
spatial_aggregation_order,reflectance_first,rolling_origin,AOI-01,landsat,2022;2023;2024,2025,R2025-H3,3,AOI-01_b_-100_-28,0.0,0.0,0.0,24
spatial_aggregation_order,reflectance_first,rolling_origin,AOI-01,landsat,2022;2023;2024,2025,R2025-H3,3,AOI-01_b_-101_-28,0.00013381225878012453,4.338886464579033e-05,4.338886464579033e-05,266
spatial_aggregation_order,reflectance_first,rolling_origin,AOI-01,landsat,2022;2023;2024,2025,R2025-H3,3,AOI-01_b_-101_-29,1.0238424242811988e-05,1.2141439986275035e-06,1.2141439986275035e-06,191
spatial_aggregation_order,reflectance_first,rolling_origin,AOI-01,landsat,2022;2023;2024,2025,R2025-H3,3,AOI-01_b_-101_-30,0.00018044490946491167,5.717555772503271e-05,5.717555772503271e-05,257
spatial_aggregation_order,reflectance_first,rolling_origin,AOI-01,landsat,2022;2023;2024,2025,R2025-H3,3,AOI-01_b_-101_-31,0.0006941143092142198,0.0005851313089170404,0.0005851313089170404,139
spatial_aggregation_order,reflectance_first,rolling_origin,AOI-01,landsat,2022;2023;2024,2025,R2025-H3,3,AOI-01_b_-102_-27,0.00020281625018758588,6.266407393424124e-05,6.266407393424124e-05,142
spatial_aggregation_order,reflectance_first,rolling_origin,AOI-01,landsat,2022;2023;2024,2025,R2025-H3,3,AOI-01_b_-102_-28,0.0003753417161416673,0.00011911305687974014,0.00011911305687974014,475
spatial_aggregation_order,reflectance_first,rolling_origin,AOI-01,landsat,2022;2023;2024,2025,R2025-H3,3,AOI-01_b_-102_-29,0.00024795995363893086,0.00011118555141212264,0.00011118555141212264,410
spatial_aggregation_order,reflectance_first,rolling_origin,AOI-01,landsat,2022;2023;2024,2025,R2025-H3,3,AOI-01_b_-102_-30,0.0002823660157751905,0.0001239982898329426,0.0001239982898329426,542
spatial_aggregation_order,reflectance_first,rolling_origin,AOI-01,landsat,2022;2023;2024,2025,R2025-H3,3,AOI-01_b_-102_-31,0.0005174185896205711,0.00033013628957631483,0.00033013628957631483,439
spatial_aggregation_order,reflectance_first,rolling_origin,AOI-01,landsat,2022;2023;2024,2025,R2025-H3,3,AOI-01_b_-103_-27,0.0003101215414692558,0.00016108481007396725,0.00016108481007396725,233
spatial_aggregation_order,reflectance_first,rolling_origin,AOI-01,landsat,2022;2023;2024,2025,R2025-H3,3,AOI-01_b_-103_-28,0.0005413374042655359,0.00029916301967427287,0.00029916301967427287,342
spatial_aggregation_order,reflectance_first,rolling_origin,AOI-01,landsat,2022;2023;2024,2025,R2025-H3,3,AOI-01_b_-103_-29,0.0010217851747858456,0.0007001764541366209,0.0004263861512649927,368
spatial_aggregation_order,reflectance_first,rolling_origin,AOI-01,landsat,2022;2023;2024,2025,R2025-H3,3,AOI-01_b_-103_-30,0.0006915206784633346,0.00045746185405064844,0.00037160899235762966,613
spatial_aggregation_order,reflectance_first,rolling_origin,AOI-01,landsat,2022;2023;2024,2025,R2025-H3,3,AOI-01_b_-103_-31,0.0006876440865451083,0.00038824847549197734,0.00026335000706238787,283
spatial_aggregation_order,reflectance_first,rolling_origin,AOI-01,landsat,2022;2023;2024,2025,R2025-H3,3,AOI-01_b_-104_-27,0.006261587650534663,0.0020844947086429495,-0.001864442348634305,154
spatial_aggregation_order,reflectance_first,rolling_origin,AOI-01,landsat,2022;2023;2024,2025,R2025-H3,3,AOI-01_b_-104_-28,0.003056660472515674,0.0006014038636271024,-0.00020897213982753375,252
spatial_aggregation_order,reflectance_first,rolling_origin,AOI-01,landsat,2022;2023;2024,2025,R2025-H3,3,AOI-01_b_-104_-29,0.0006570697196801374,0.0004319580376306118,0.0003924746460012844,551
spatial_aggregation_order,reflectance_first,rolling_origin,AOI-01,landsat,2022;2023;2024,2025,R2025-H3,3,AOI-01_b_-104_-30,0.001203436961754557,0.0007137727615855024,1.843352030690595e-05,516
spatial_aggregation_order,reflectance_first,rolling_origin,AOI-01,landsat,2022;2023;2024,2025,R2025-H3,3,AOI-01_b_-104_-31,0.0035964112280706265,0.0031775786837341022,-0.0029778653720112943,339
spatial_aggregation_order,reflectance_first,rolling_origin,AOI-01,landsat,2022;2023;2024,2025,R2025-H3,3,AOI-01_b_-105_-26,0.0002374664691617606,0.0001147506693029848,0.0001147506693029848,114
spatial_aggregation_order,reflectance_first,rolling_origin,AOI-01,landsat,2022;2023;2024,2025,R2025-H3,3,AOI-01_b_-105_-27,0.00027885891614661424,6.906272178363072e-05,6.114531974658107e-05,833
spatial_aggregation_order,reflectance_first,rolling_origin,AOI-01,landsat,2022;2023;2024,2025,R2025-H3,3,AOI-01_b_-105_-28,0.00040417724829861293,0.00018017890880235612,0.00014707572061784267,774
spatial_aggregation_order,reflectance_first,rolling_origin,AOI-01,landsat,2022;2023;2024,2025,R2025-H3,3,AOI-01_b_-105_-29,0.0006232883729136334,0.00048613612956887394,0.00048613612956887394,760
spatial_aggregation_order,reflectance_first,rolling_origin,AOI-01,landsat,2022;2023;2024,2025,R2025-H3,3,AOI-01_b_-105_-30,0.0019221938949514497,0.0010259141676106421,-0.00040201079587358417,612
spatial_aggregation_order,reflectance_first,rolling_origin,AOI-01,landsat,2022;2023;2024,2025,R2025-H3,3,AOI-01_b_-105_-31,0.0055142775886662205,0.005500404055235318,-0.005500404055235318,3
spatial_aggregation_order,reflectance_first,rolling_origin,AOI-01,landsat,2022;2023;2024,2025,R2025-H3,3,AOI-01_b_-106_-27,0.00014445237492966158,6.809398428693287e-05,6.809398428693287e-05,720
spatial_aggregation_order,reflectance_first,rolling_origin,AOI-01,landsat,2022;2023;2024,2025,R2025-H3,3,AOI-01_b_-106_-28,0.0005243111832639876,0.0004351616457759465,0.0004351616457759465,849
spatial_aggregation_order,reflectance_first,rolling_origin,AOI-01,landsat,2022;2023;2024,2025,R2025-H3,3,AOI-01_b_-106_-29,0.002214654249151837,0.000905673308451946,0.00025511193662753663,843
spatial_aggregation_order,reflectance_first,rolling_origin,AOI-01,landsat,2022;2023;2024,2025,R2025-H3,3,AOI-01_b_-106_-30,0.0024410667890240882,0.0018304564733488038,-0.0005368243403606014,726
spatial_aggregation_order,reflectance_first,rolling_origin,AOI-01,landsat,2022;2023;2024,2025,R2025-H3,3,AOI-01_b_-107_-27,0.00030757054175047896,0.00018748507976082415,0.00018748507976082415,294
spatial_aggregation_order,reflectance_first,rolling_origin,AOI-01,landsat,2022;2023;2024,2025,R2025-H3,3,AOI-01_b_-107_-28,0.0005281011788252589,0.0004747459670613897,0.0004747459670613897,618
spatial_aggregation_order,reflectance_first,rolling_origin,AOI-01,landsat,2022;2023;2024,2025,R2025-H3,3,AOI-01_b_-107_-29,0.0007950049696543688,0.0005796174961421116,0.00041845414294793,666
spatial_aggregation_order,reflectance_first,rolling_origin,AOI-01,landsat,2022;2023;2024,2025,R2025-H3,3,AOI-01_b_-107_-30,0.001848518010449539,0.0016527800899449972,-0.000257075398518245,387
spatial_aggregation_order,reflectance_first,rolling_origin,AOI-01,landsat,2022;2023;2024,2025,R2025-H3,3,AOI-01_b_-108_-30,0.002085432051678958,0.0020784377343672834,-0.0020784377343672834,3
spatial_aggregation_order,reflectance_first,rolling_origin,AOI-01,modis,2023,2024,R2024-H1,1,AOI-01_b_-100_-28,0.0,0.0,0.0,42
spatial_aggregation_order,reflectance_first,rolling_origin,AOI-01,modis,2023,2024,R2024-H1,1,AOI-01_b_-101_-28,0.0,0.0,0.0,528
spatial_aggregation_order,reflectance_first,rolling_origin,AOI-01,modis,2023,2024,R2024-H1,1,AOI-01_b_-101_-29,9.176809665965775e-06,6.972793007775478e-07,6.972793007775478e-07,501
spatial_aggregation_order,reflectance_first,rolling_origin,AOI-01,modis,2023,2024,R2024-H1,1,AOI-01_b_-101_-30,8.481682064791512e-05,2.1437751635664884e-05,2.1437751635664884e-05,432
spatial_aggregation_order,reflectance_first,rolling_origin,AOI-01,modis,2023,2024,R2024-H1,1,AOI-01_b_-101_-31,0.000515157426404494,0.0005004354221775816,0.0005004354221775816,150
spatial_aggregation_order,reflectance_first,rolling_origin,AOI-01,modis,2023,2024,R2024-H1,1,AOI-01_b_-102_-27,0.00013981252111172225,8.460439475810426e-05,8.460439475810426e-05,156
spatial_aggregation_order,reflectance_first,rolling_origin,AOI-01,modis,2023,2024,R2024-H1,1,AOI-01_b_-102_-28,0.00011486531930623296,4.110987921411303e-05,4.110987921411303e-05,801
spatial_aggregation_order,reflectance_first,rolling_origin,AOI-01,modis,2023,2024,R2024-H1,1,AOI-01_b_-102_-29,0.00013554521694512174,5.385683031539834e-05,5.385683031539834e-05,849
spatial_aggregation_order,reflectance_first,rolling_origin,AOI-01,modis,2023,2024,R2024-H1,1,AOI-01_b_-102_-30,0.00018238143350169183,9.21113189732224e-05,9.21113189732224e-05,849
spatial_aggregation_order,reflectance_first,rolling_origin,AOI-01,modis,2023,2024,R2024-H1,1,AOI-01_b_-102_-31,0.0004590616909045696,0.00034214340982525494,0.00034214340982525494,486
spatial_aggregation_order,reflectance_first,rolling_origin,AOI-01,modis,2023,2024,R2024-H1,1,AOI-01_b_-103_-27,0.0001812265549974185,0.0001007128790295644,0.0001007128790295644,315
spatial_aggregation_order,reflectance_first,rolling_origin,AOI-01,modis,2023,2024,R2024-H1,1,AOI-01_b_-103_-28,0.00022882330115695944,0.000137181403791323,0.000137181403791323,846
spatial_aggregation_order,reflectance_first,rolling_origin,AOI-01,modis,2023,2024,R2024-H1,1,AOI-01_b_-103_-29,0.0006544964721913103,0.0004942084547298549,0.0004942084547298549,843
spatial_aggregation_order,reflectance_first,rolling_origin,AOI-01,modis,2023,2024,R2024-H1,1,AOI-01_b_-103_-30,0.0005696405349199121,0.00048607489253503234,0.00048607489253503234,846
spatial_aggregation_order,reflectance_first,rolling_origin,AOI-01,modis,2023,2024,R2024-H1,1,AOI-01_b_-103_-31,0.0005774428520476349,0.00046510673336149655,0.00046510673336149655,336
spatial_aggregation_order,reflectance_first,rolling_origin,AOI-01,modis,2023,2024,R2024-H1,1,AOI-01_b_-104_-27,0.00603605547156094,0.0015756846945108878,-0.0013684560800044493,525
spatial_aggregation_order,reflectance_first,rolling_origin,AOI-01,modis,2023,2024,R2024-H1,1,AOI-01_b_-104_-28,0.0019210040551357543,0.000262879741377848,-0.00013356075037667534,846
spatial_aggregation_order,reflectance_first,rolling_origin,AOI-01,modis,2023,2024,R2024-H1,1,AOI-01_b_-104_-29,0.0006982894958452866,0.0006354965359771539,0.0006354965359771539,843
spatial_aggregation_order,reflectance_first,rolling_origin,AOI-01,modis,2023,2024,R2024-H1,1,AOI-01_b_-104_-30,0.0007126630235204926,0.0006616060887664896,0.0006616060887664896,843
spatial_aggregation_order,reflectance_first,rolling_origin,AOI-01,modis,2023,2024,R2024-H1,1,AOI-01_b_-104_-31,0.0014324012810400277,0.0013115843550920308,0.0004041280975788068,423
spatial_aggregation_order,reflectance_first,rolling_origin,AOI-01,modis,2023,2024,R2024-H1,1,AOI-01_b_-105_-26,0.00020598073984062735,8.922044449540187e-05,8.922044449540187e-05,114
spatial_aggregation_order,reflectance_first,rolling_origin,AOI-01,modis,2023,2024,R2024-H1,1,AOI-01_b_-105_-27,0.000214106139318978,4.787374832280029e-05,2.8173069063965334e-05,849
spatial_aggregation_order,reflectance_first,rolling_origin,AOI-01,modis,2023,2024,R2024-H1,1,AOI-01_b_-105_-28,0.00034225996161830205,0.00016415026690198224,0.00013380988401818708,852
spatial_aggregation_order,reflectance_first,rolling_origin,AOI-01,modis,2023,2024,R2024-H1,1,AOI-01_b_-105_-29,0.0005907512832762907,0.0005289311544043412,0.0005289311544043412,849
spatial_aggregation_order,reflectance_first,rolling_origin,AOI-01,modis,2023,2024,R2024-H1,1,AOI-01_b_-105_-30,0.0012711824376347093,0.0008686706658897379,0.00042844842562996877,645
spatial_aggregation_order,reflectance_first,rolling_origin,AOI-01,modis,2023,2024,R2024-H1,1,AOI-01_b_-105_-31,0.0019752579774963406,0.0019738669276554216,0.0005882671963131969,3
spatial_aggregation_order,reflectance_first,rolling_origin,AOI-01,modis,2023,2024,R2024-H1,1,AOI-01_b_-106_-27,0.0002666982658292158,0.00015268249780702706,0.00015268249780702706,720
spatial_aggregation_order,reflectance_first,rolling_origin,AOI-01,modis,2023,2024,R2024-H1,1,AOI-01_b_-106_-28,0.0005420592057496633,0.00046548694393815223,0.00046548694393815223,849
spatial_aggregation_order,reflectance_first,rolling_origin,AOI-01,modis,2023,2024,R2024-H1,1,AOI-01_b_-106_-29,0.002498099396782199,0.0009587484316294354,0.00019879331451633784,843
spatial_aggregation_order,reflectance_first,rolling_origin,AOI-01,modis,2023,2024,R2024-H1,1,AOI-01_b_-106_-30,0.0022747913853454703,0.0014636549039433078,-7.20743298046536e-06,726
spatial_aggregation_order,reflectance_first,rolling_origin,AOI-01,modis,2023,2024,R2024-H1,1,AOI-01_b_-107_-27,0.0005148251643303387,0.0003592329436031262,0.0003592329436031262,294
spatial_aggregation_order,reflectance_first,rolling_origin,AOI-01,modis,2023,2024,R2024-H1,1,AOI-01_b_-107_-28,0.0007080806049415995,0.0006658198733375311,0.0006658198733375311,618
spatial_aggregation_order,reflectance_first,rolling_origin,AOI-01,modis,2023,2024,R2024-H1,1,AOI-01_b_-107_-29,0.0007797204831230965,0.0005857787624207048,0.0004693225728470935,666
spatial_aggregation_order,reflectance_first,rolling_origin,AOI-01,modis,2023,2024,R2024-H1,1,AOI-01_b_-107_-30,0.0017347230117081749,0.0015795259271685971,-0.00022970412957596154,387
spatial_aggregation_order,reflectance_first,rolling_origin,AOI-01,modis,2023,2024,R2024-H1,1,AOI-01_b_-108_-30,0.002091301481799585,0.0020792531227582386,-0.0009044257816216494,3
spatial_aggregation_order,reflectance_first,rolling_origin,AOI-01,modis,2022;2023,2024,R2024-H2,2,AOI-01_b_-100_-28,0.0,0.0,0.0,42
spatial_aggregation_order,reflectance_first,rolling_origin,AOI-01,modis,2022;2023,2024,R2024-H2,2,AOI-01_b_-101_-28,0.0,0.0,0.0,528
spatial_aggregation_order,reflectance_first,rolling_origin,AOI-01,modis,2022;2023,2024,R2024-H2,2,AOI-01_b_-101_-29,1.2695780103234007e-05,1.1778897571340876e-06,1.1778897571340876e-06,501
spatial_aggregation_order,reflectance_first,rolling_origin,AOI-01,modis,2022;2023,2024,R2024-H2,2,AOI-01_b_-101_-30,9.665032276926951e-05,2.6200989434527965e-05,2.6200989434527965e-05,432
spatial_aggregation_order,reflectance_first,rolling_origin,AOI-01,modis,2022;2023,2024,R2024-H2,2,AOI-01_b_-101_-31,0.0005631552289681255,0.0005491846592825282,0.0005491846592825282,150
spatial_aggregation_order,reflectance_first,rolling_origin,AOI-01,modis,2022;2023,2024,R2024-H2,2,AOI-01_b_-102_-27,0.00016718795209415697,0.0001098778654224753,0.0001098778654224753,156
spatial_aggregation_order,reflectance_first,rolling_origin,AOI-01,modis,2022;2023,2024,R2024-H2,2,AOI-01_b_-102_-28,0.00013143310804146578,4.9525724331397986e-05,4.9525724331397986e-05,801
spatial_aggregation_order,reflectance_first,rolling_origin,AOI-01,modis,2022;2023,2024,R2024-H2,2,AOI-01_b_-102_-29,0.0001541303033692257,6.480359177398719e-05,6.480359177398719e-05,849
spatial_aggregation_order,reflectance_first,rolling_origin,AOI-01,modis,2022;2023,2024,R2024-H2,2,AOI-01_b_-102_-30,0.0002060174468023824,0.00010803701154934936,0.00010803701154934936,849
spatial_aggregation_order,reflectance_first,rolling_origin,AOI-01,modis,2022;2023,2024,R2024-H2,2,AOI-01_b_-102_-31,0.0004974701169264685,0.000380710051304216,0.000380710051304216,486
spatial_aggregation_order,reflectance_first,rolling_origin,AOI-01,modis,2022;2023,2024,R2024-H2,2,AOI-01_b_-103_-27,0.00020701113259347854,0.00012126002783150906,0.00012126002783150906,315
spatial_aggregation_order,reflectance_first,rolling_origin,AOI-01,modis,2022;2023,2024,R2024-H2,2,AOI-01_b_-103_-28,0.0002571991877879221,0.0001612785766159287,0.0001612785766159287,846
spatial_aggregation_order,reflectance_first,rolling_origin,AOI-01,modis,2022;2023,2024,R2024-H2,2,AOI-01_b_-103_-29,0.0006970177823137682,0.000537685433638356,0.000537685433638356,843
spatial_aggregation_order,reflectance_first,rolling_origin,AOI-01,modis,2022;2023,2024,R2024-H2,2,AOI-01_b_-103_-30,0.0006142267525954918,0.000530550469141118,0.000530550469141118,846
spatial_aggregation_order,reflectance_first,rolling_origin,AOI-01,modis,2022;2023,2024,R2024-H2,2,AOI-01_b_-103_-31,0.0006204706758934694,0.000511117963689859,0.000511117963689859,336
spatial_aggregation_order,reflectance_first,rolling_origin,AOI-01,modis,2022;2023,2024,R2024-H2,2,AOI-01_b_-104_-27,0.006004149525560276,0.0015761294132159486,-0.0013452023977014145,525
spatial_aggregation_order,reflectance_first,rolling_origin,AOI-01,modis,2022;2023,2024,R2024-H2,2,AOI-01_b_-104_-28,0.0019125040179590951,0.00027485088841687234,-0.00011825755590122264,846
spatial_aggregation_order,reflectance_first,rolling_origin,AOI-01,modis,2022;2023,2024,R2024-H2,2,AOI-01_b_-104_-29,0.0007475422136283592,0.0006860915721573352,0.0006860915721573352,843
spatial_aggregation_order,reflectance_first,rolling_origin,AOI-01,modis,2022;2023,2024,R2024-H2,2,AOI-01_b_-104_-30,0.000762878750449393,0.0007129992305119509,0.0007129992305119509,843
spatial_aggregation_order,reflectance_first,rolling_origin,AOI-01,modis,2022;2023,2024,R2024-H2,2,AOI-01_b_-104_-31,0.0014479207609801904,0.0013451735676304301,0.0004664809986603676,423
spatial_aggregation_order,reflectance_first,rolling_origin,AOI-01,modis,2022;2023,2024,R2024-H2,2,AOI-01_b_-105_-26,0.0002272635507095764,0.00010288336199434372,0.00010288336199434372,114
spatial_aggregation_order,reflectance_first,rolling_origin,AOI-01,modis,2022;2023,2024,R2024-H2,2,AOI-01_b_-105_-27,0.0002204494499599201,5.438856633680596e-05,3.513045804445892e-05,849
spatial_aggregation_order,reflectance_first,rolling_origin,AOI-01,modis,2022;2023,2024,R2024-H2,2,AOI-01_b_-105_-28,0.00036170786069692254,0.00018712763315501156,0.00015729408968838282,852
spatial_aggregation_order,reflectance_first,rolling_origin,AOI-01,modis,2022;2023,2024,R2024-H2,2,AOI-01_b_-105_-29,0.0006373497890109881,0.0005761238953791417,0.0005761238953791417,849
spatial_aggregation_order,reflectance_first,rolling_origin,AOI-01,modis,2022;2023,2024,R2024-H2,2,AOI-01_b_-105_-30,0.0012870531577725442,0.0009117217729074842,0.0004816560804577831,645
spatial_aggregation_order,reflectance_first,rolling_origin,AOI-01,modis,2022;2023,2024,R2024-H2,2,AOI-01_b_-105_-31,0.0019993576346314878,0.001999349017417215,0.0006647134655985779,3
spatial_aggregation_order,reflectance_first,rolling_origin,AOI-01,modis,2022;2023,2024,R2024-H2,2,AOI-01_b_-106_-27,0.000294668327741518,0.00017539740215431938,0.00017539740215431938,720
spatial_aggregation_order,reflectance_first,rolling_origin,AOI-01,modis,2022;2023,2024,R2024-H2,2,AOI-01_b_-106_-28,0.0005864024050687611,0.0005121802293552399,0.0005121802293552399,849
spatial_aggregation_order,reflectance_first,rolling_origin,AOI-01,modis,2022;2023,2024,R2024-H2,2,AOI-01_b_-106_-29,0.002503717515487555,0.0010003085023272172,0.00024496329998737636,843
spatial_aggregation_order,reflectance_first,rolling_origin,AOI-01,modis,2022;2023,2024,R2024-H2,2,AOI-01_b_-106_-30,0.0022671167139370688,0.0014921091950094996,5.3149601441220864e-05,726
spatial_aggregation_order,reflectance_first,rolling_origin,AOI-01,modis,2022;2023,2024,R2024-H2,2,AOI-01_b_-107_-27,0.0005523094733707507,0.0003921045984006965,0.0003921045984006965,294
spatial_aggregation_order,reflectance_first,rolling_origin,AOI-01,modis,2022;2023,2024,R2024-H2,2,AOI-01_b_-107_-28,0.0007586583499321176,0.0007175475517630541,0.0007175475517630541,618
spatial_aggregation_order,reflectance_first,rolling_origin,AOI-01,modis,2022;2023,2024,R2024-H2,2,AOI-01_b_-107_-29,0.0008132628792384871,0.0006237713220804496,0.000510313635798834,666
spatial_aggregation_order,reflectance_first,rolling_origin,AOI-01,modis,2022;2023,2024,R2024-H2,2,AOI-01_b_-107_-30,0.0017225857101109744,0.001588457532433574,-0.00016456623651705501,387
spatial_aggregation_order,reflectance_first,rolling_origin,AOI-01,modis,2022;2023,2024,R2024-H2,2,AOI-01_b_-108_-30,0.002060645192880228,0.002054806283869328,-0.0008310852649549167,3
spatial_aggregation_order,reflectance_first,rolling_origin,AOI-01,modis,2021;2022;2023,2024,R2024-H3,3,AOI-01_b_-100_-28,0.0,0.0,0.0,42
spatial_aggregation_order,reflectance_first,rolling_origin,AOI-01,modis,2021;2022;2023,2024,R2024-H3,3,AOI-01_b_-101_-28,0.0,0.0,0.0,528
spatial_aggregation_order,reflectance_first,rolling_origin,AOI-01,modis,2021;2022;2023,2024,R2024-H3,3,AOI-01_b_-101_-29,6.778747856926604e-06,3.9293225444300695e-07,3.9293225444300695e-07,501
spatial_aggregation_order,reflectance_first,rolling_origin,AOI-01,modis,2021;2022;2023,2024,R2024-H3,3,AOI-01_b_-101_-30,7.458579301766384e-05,1.7646359801784656e-05,1.7646359801784656e-05,432
spatial_aggregation_order,reflectance_first,rolling_origin,AOI-01,modis,2021;2022;2023,2024,R2024-H3,3,AOI-01_b_-101_-31,0.0004696602206389425,0.0004543719413170477,0.0004543719413170477,150
spatial_aggregation_order,reflectance_first,rolling_origin,AOI-01,modis,2021;2022;2023,2024,R2024-H3,3,AOI-01_b_-102_-27,0.00011724521741950119,6.551322659267094e-05,6.551322659267094e-05,156
spatial_aggregation_order,reflectance_first,rolling_origin,AOI-01,modis,2021;2022;2023,2024,R2024-H3,3,AOI-01_b_-102_-28,0.0001004623530221784,3.4150016412958364e-05,3.4150016412958364e-05,801
spatial_aggregation_order,reflectance_first,rolling_origin,AOI-01,modis,2021;2022;2023,2024,R2024-H3,3,AOI-01_b_-102_-29,0.00011932216965183537,4.5136365989849446e-05,4.5136365989849446e-05,849
spatial_aggregation_order,reflectance_first,rolling_origin,AOI-01,modis,2021;2022;2023,2024,R2024-H3,3,AOI-01_b_-102_-30,0.0001613687305975078,7.856827192736e-05,7.856827192736e-05,849
spatial_aggregation_order,reflectance_first,rolling_origin,AOI-01,modis,2021;2022;2023,2024,R2024-H3,3,AOI-01_b_-102_-31,0.0004226020853643504,0.00030758084985955063,0.00030758084985955063,486
spatial_aggregation_order,reflectance_first,rolling_origin,AOI-01,modis,2021;2022;2023,2024,R2024-H3,3,AOI-01_b_-103_-27,0.00015877147146617696,8.404741538267958e-05,8.404741538267958e-05,315
spatial_aggregation_order,reflectance_first,rolling_origin,AOI-01,modis,2021;2022;2023,2024,R2024-H3,3,AOI-01_b_-103_-28,0.00020359488760675326,0.0001170105561513448,0.0001170105561513448,846
spatial_aggregation_order,reflectance_first,rolling_origin,AOI-01,modis,2021;2022;2023,2024,R2024-H3,3,AOI-01_b_-103_-29,0.00061220743199375,0.0004534603344346893,0.0004534603344346893,843
spatial_aggregation_order,reflectance_first,rolling_origin,AOI-01,modis,2021;2022;2023,2024,R2024-H3,3,AOI-01_b_-103_-30,0.0005265071422022529,0.0004438790965461187,0.0004438790965461187,846
spatial_aggregation_order,reflectance_first,rolling_origin,AOI-01,modis,2021;2022;2023,2024,R2024-H3,3,AOI-01_b_-103_-31,0.000535720822552225,0.00042292773486753523,0.00042292773486753523,336
spatial_aggregation_order,reflectance_first,rolling_origin,AOI-01,modis,2021;2022;2023,2024,R2024-H3,3,AOI-01_b_-104_-27,0.006076610260802201,0.0015792010030104106,-0.0013923939233665015,525
spatial_aggregation_order,reflectance_first,rolling_origin,AOI-01,modis,2021;2022;2023,2024,R2024-H3,3,AOI-01_b_-104_-28,0.0019319293490599682,0.0002536795118747903,-0.00014663903733410773,846
spatial_aggregation_order,reflectance_first,rolling_origin,AOI-01,modis,2021;2022;2023,2024,R2024-H3,3,AOI-01_b_-104_-29,0.0006496954743103312,0.0005863049452583645,0.0005863049452583645,843
spatial_aggregation_order,reflectance_first,rolling_origin,AOI-01,modis,2021;2022;2023,2024,R2024-H3,3,AOI-01_b_-104_-30,0.000663056513686399,0.0006115438403645467,0.0006115438403645467,843
spatial_aggregation_order,reflectance_first,rolling_origin,AOI-01,modis,2021;2022;2023,2024,R2024-H3,3,AOI-01_b_-104_-31,0.0014202235059022489,0.001277785845698314,0.00033854085979145106,423
spatial_aggregation_order,reflectance_first,rolling_origin,AOI-01,modis,2021;2022;2023,2024,R2024-H3,3,AOI-01_b_-105_-26,0.00018662650358801833,7.732764674437263e-05,7.732764674437263e-05,114
spatial_aggregation_order,reflectance_first,rolling_origin,AOI-01,modis,2021;2022;2023,2024,R2024-H3,3,AOI-01_b_-105_-27,0.00020954836862697315,4.279736268938089e-05,2.2630421835681913e-05,849
spatial_aggregation_order,reflectance_first,rolling_origin,AOI-01,modis,2021;2022;2023,2024,R2024-H3,3,AOI-01_b_-105_-28,0.0003259644700780089,0.00014423940186070308,0.00011339603036387771,852
spatial_aggregation_order,reflectance_first,rolling_origin,AOI-01,modis,2021;2022;2023,2024,R2024-H3,3,AOI-01_b_-105_-29,0.000545648069231174,0.00048399585493920084,0.00048399585493920084,849
spatial_aggregation_order,reflectance_first,rolling_origin,AOI-01,modis,2021;2022;2023,2024,R2024-H3,3,AOI-01_b_-105_-30,0.00125914178065048,0.0008271612454709363,0.0003755492439276561,645
spatial_aggregation_order,reflectance_first,rolling_origin,AOI-01,modis,2021;2022;2023,2024,R2024-H3,3,AOI-01_b_-105_-31,0.0019514209028028344,0.0019452623242409322,0.0005024533860697296,3
spatial_aggregation_order,reflectance_first,rolling_origin,AOI-01,modis,2021;2022;2023,2024,R2024-H3,3,AOI-01_b_-106_-27,0.00024119927359346043,0.0001333111369149231,0.0001333111369149231,720
spatial_aggregation_order,reflectance_first,rolling_origin,AOI-01,modis,2021;2022;2023,2024,R2024-H3,3,AOI-01_b_-106_-28,0.0004995833634114003,0.00042198205812468903,0.00042198205812468903,849
spatial_aggregation_order,reflectance_first,rolling_origin,AOI-01,modis,2021;2022;2023,2024,R2024-H3,3,AOI-01_b_-106_-29,0.0024948419020634142,0.0009187161708178847,0.00015350586908942666,843
spatial_aggregation_order,reflectance_first,rolling_origin,AOI-01,modis,2021;2022;2023,2024,R2024-H3,3,AOI-01_b_-106_-30,0.0022878658569870495,0.0014365282672166638,-7.024407383486437e-05,726
spatial_aggregation_order,reflectance_first,rolling_origin,AOI-01,modis,2021;2022;2023,2024,R2024-H3,3,AOI-01_b_-107_-27,0.0004782193059926413,0.0003286694342809018,0.0003286694342809018,294
spatial_aggregation_order,reflectance_first,rolling_origin,AOI-01,modis,2021;2022;2023,2024,R2024-H3,3,AOI-01_b_-107_-28,0.0006582047516487953,0.0006155202350010886,0.0006155202350010886,618
spatial_aggregation_order,reflectance_first,rolling_origin,AOI-01,modis,2021;2022;2023,2024,R2024-H3,3,AOI-01_b_-107_-29,0.0007477057567462615,0.0005489937309306984,0.0004293107432383417,666
spatial_aggregation_order,reflectance_first,rolling_origin,AOI-01,modis,2021;2022;2023,2024,R2024-H3,3,AOI-01_b_-107_-30,0.001752051843982391,0.001572080442655959,-0.0002992883424798973,387
spatial_aggregation_order,reflectance_first,rolling_origin,AOI-01,modis,2021;2022;2023,2024,R2024-H3,3,AOI-01_b_-108_-30,0.0021277505892067805,0.002106371950984868,-0.0009857822663015372,3
spatial_aggregation_order,reflectance_first,rolling_origin,AOI-01,modis,2024,2025,R2025-H1,1,AOI-01_b_-100_-28,0.0,0.0,0.0,42
spatial_aggregation_order,reflectance_first,rolling_origin,AOI-01,modis,2024,2025,R2025-H1,1,AOI-01_b_-101_-28,0.0,0.0,0.0,528
spatial_aggregation_order,reflectance_first,rolling_origin,AOI-01,modis,2024,2025,R2025-H1,1,AOI-01_b_-101_-29,0.00017872378776639158,8.140338383913595e-06,-7.82772624678421e-06,501
spatial_aggregation_order,reflectance_first,rolling_origin,AOI-01,modis,2024,2025,R2025-H1,1,AOI-01_b_-101_-30,6.896497495449803e-05,2.177660138430987e-05,2.177660138430987e-05,432
spatial_aggregation_order,reflectance_first,rolling_origin,AOI-01,modis,2024,2025,R2025-H1,1,AOI-01_b_-101_-31,0.0004334578874248856,0.00041067572166692386,0.00041067572166692386,150
spatial_aggregation_order,reflectance_first,rolling_origin,AOI-01,modis,2024,2025,R2025-H1,1,AOI-01_b_-102_-27,7.982426395994315e-05,4.6762863025906975e-05,4.6762863025906975e-05,156
spatial_aggregation_order,reflectance_first,rolling_origin,AOI-01,modis,2024,2025,R2025-H1,1,AOI-01_b_-102_-28,5.076379836514429e-05,1.562402090135416e-05,1.562402090135416e-05,801
spatial_aggregation_order,reflectance_first,rolling_origin,AOI-01,modis,2024,2025,R2025-H1,1,AOI-01_b_-102_-29,0.00013200103843042017,5.61426099467925e-05,5.61426099467925e-05,849
spatial_aggregation_order,reflectance_first,rolling_origin,AOI-01,modis,2024,2025,R2025-H1,1,AOI-01_b_-102_-30,0.00021099787889484382,9.177534911453212e-05,8.235249825472105e-05,849
spatial_aggregation_order,reflectance_first,rolling_origin,AOI-01,modis,2024,2025,R2025-H1,1,AOI-01_b_-102_-31,0.00045953690418984433,0.0003866570866347843,0.0003866570866347843,486
spatial_aggregation_order,reflectance_first,rolling_origin,AOI-01,modis,2024,2025,R2025-H1,1,AOI-01_b_-103_-27,0.00013789750401917535,8.119408623182968e-05,8.119408623182968e-05,315
spatial_aggregation_order,reflectance_first,rolling_origin,AOI-01,modis,2024,2025,R2025-H1,1,AOI-01_b_-103_-28,0.00014346504742132927,8.134550232113094e-05,8.134550232113094e-05,846
spatial_aggregation_order,reflectance_first,rolling_origin,AOI-01,modis,2024,2025,R2025-H1,1,AOI-01_b_-103_-29,0.0009840236155854022,0.0006429611789850153,0.00021029318020925316,843
spatial_aggregation_order,reflectance_first,rolling_origin,AOI-01,modis,2024,2025,R2025-H1,1,AOI-01_b_-103_-30,0.0006530952226595973,0.000500780429568561,0.0004205462775221707,846
spatial_aggregation_order,reflectance_first,rolling_origin,AOI-01,modis,2024,2025,R2025-H1,1,AOI-01_b_-103_-31,0.0006291886047711947,0.000448801029158342,0.0003458837240837784,336
spatial_aggregation_order,reflectance_first,rolling_origin,AOI-01,modis,2024,2025,R2025-H1,1,AOI-01_b_-104_-27,0.005248802922807345,0.0014491659171872644,-0.0012958020924059926,525
spatial_aggregation_order,reflectance_first,rolling_origin,AOI-01,modis,2024,2025,R2025-H1,1,AOI-01_b_-104_-28,0.0022953961539520723,0.0003038281375144411,-0.0002119819673013766,846
spatial_aggregation_order,reflectance_first,rolling_origin,AOI-01,modis,2024,2025,R2025-H1,1,AOI-01_b_-104_-29,0.0007230394983533195,0.0005330163332865577,0.000397952339566206,843
spatial_aggregation_order,reflectance_first,rolling_origin,AOI-01,modis,2024,2025,R2025-H1,1,AOI-01_b_-104_-30,0.001081414975294577,0.0008029587109819428,0.00025634099298514455,843
spatial_aggregation_order,reflectance_first,rolling_origin,AOI-01,modis,2024,2025,R2025-H1,1,AOI-01_b_-104_-31,0.0033394198989750742,0.0029274294385388004,-0.0026163602357401517,423
spatial_aggregation_order,reflectance_first,rolling_origin,AOI-01,modis,2024,2025,R2025-H1,1,AOI-01_b_-105_-26,0.00010402264199059567,4.7827496334843e-05,4.7827496334843e-05,114
spatial_aggregation_order,reflectance_first,rolling_origin,AOI-01,modis,2024,2025,R2025-H1,1,AOI-01_b_-105_-27,0.00013770403716506488,2.3832296927560886e-05,1.6780547624434754e-05,849
spatial_aggregation_order,reflectance_first,rolling_origin,AOI-01,modis,2024,2025,R2025-H1,1,AOI-01_b_-105_-28,0.0003161347810163195,0.00013607814869603097,9.997028075153165e-05,852
spatial_aggregation_order,reflectance_first,rolling_origin,AOI-01,modis,2024,2025,R2025-H1,1,AOI-01_b_-105_-29,0.0004605470202836451,0.00041314816437526005,0.00041314816437526005,849
spatial_aggregation_order,reflectance_first,rolling_origin,AOI-01,modis,2024,2025,R2025-H1,1,AOI-01_b_-105_-30,0.0019374034455061097,0.001181628991274804,-0.00019461720562311365,645
spatial_aggregation_order,reflectance_first,rolling_origin,AOI-01,modis,2024,2025,R2025-H1,1,AOI-01_b_-105_-31,0.0061570412023799264,0.006156771006702384,-0.006156771006702384,3
spatial_aggregation_order,reflectance_first,rolling_origin,AOI-01,modis,2024,2025,R2025-H1,1,AOI-01_b_-106_-27,6.233528955210525e-05,2.06422162164103e-05,2.06422162164103e-05,720
spatial_aggregation_order,reflectance_first,rolling_origin,AOI-01,modis,2024,2025,R2025-H1,1,AOI-01_b_-106_-28,0.0002627194448738622,0.00019087099388347866,0.00019087099388347866,849
spatial_aggregation_order,reflectance_first,rolling_origin,AOI-01,modis,2024,2025,R2025-H1,1,AOI-01_b_-106_-29,0.0026518901762451466,0.0007353584729843568,-1.8649395908794444e-05,843
spatial_aggregation_order,reflectance_first,rolling_origin,AOI-01,modis,2024,2025,R2025-H1,1,AOI-01_b_-106_-30,0.002935947047724982,0.0018997987008552487,-0.0010699234129259,726
spatial_aggregation_order,reflectance_first,rolling_origin,AOI-01,modis,2024,2025,R2025-H1,1,AOI-01_b_-107_-27,0.00019076891856646227,0.00010613663648786304,0.00010613663648786304,294
spatial_aggregation_order,reflectance_first,rolling_origin,AOI-01,modis,2024,2025,R2025-H1,1,AOI-01_b_-107_-28,0.0002874812870035727,0.00024340000837631812,0.00024340000837631812,618
spatial_aggregation_order,reflectance_first,rolling_origin,AOI-01,modis,2024,2025,R2025-H1,1,AOI-01_b_-107_-29,0.0006766931009861405,0.0003728970858755839,0.0001657898965660578,666
spatial_aggregation_order,reflectance_first,rolling_origin,AOI-01,modis,2024,2025,R2025-H1,1,AOI-01_b_-107_-30,0.002178355146574199,0.001745384039993404,-0.0008536402310201314,387
spatial_aggregation_order,reflectance_first,rolling_origin,AOI-01,modis,2024,2025,R2025-H1,1,AOI-01_b_-108_-30,0.002526277906624431,0.0025262013027806556,-0.0025262013027806556,3
spatial_aggregation_order,reflectance_first,rolling_origin,AOI-01,modis,2023;2024,2025,R2025-H2,2,AOI-01_b_-100_-28,0.0,0.0,0.0,42
spatial_aggregation_order,reflectance_first,rolling_origin,AOI-01,modis,2023;2024,2025,R2025-H2,2,AOI-01_b_-101_-28,0.0,0.0,0.0,528
spatial_aggregation_order,reflectance_first,rolling_origin,AOI-01,modis,2023;2024,2025,R2025-H2,2,AOI-01_b_-101_-29,0.00017871993084812876,8.120596474391845e-06,-7.84746815630596e-06,501
spatial_aggregation_order,reflectance_first,rolling_origin,AOI-01,modis,2023;2024,2025,R2025-H2,2,AOI-01_b_-101_-30,7.844013712094043e-05,2.4016430134687256e-05,2.4016430134687256e-05,432
spatial_aggregation_order,reflectance_first,rolling_origin,AOI-01,modis,2023;2024,2025,R2025-H2,2,AOI-01_b_-101_-31,0.0005053504488907214,0.00047761631963633264,0.00047761631963633264,150
spatial_aggregation_order,reflectance_first,rolling_origin,AOI-01,modis,2023;2024,2025,R2025-H2,2,AOI-01_b_-102_-27,8.813080718822898e-05,5.012914410243902e-05,5.012914410243902e-05,156
spatial_aggregation_order,reflectance_first,rolling_origin,AOI-01,modis,2023;2024,2025,R2025-H2,2,AOI-01_b_-102_-28,5.6850359106380645e-05,1.6777652737727945e-05,1.6777652737727945e-05,801
spatial_aggregation_order,reflectance_first,rolling_origin,AOI-01,modis,2023;2024,2025,R2025-H2,2,AOI-01_b_-102_-29,0.0001522619493858839,6.364149969148431e-05,6.364149969148431e-05,849
spatial_aggregation_order,reflectance_first,rolling_origin,AOI-01,modis,2023;2024,2025,R2025-H2,2,AOI-01_b_-102_-30,0.00022996227375663247,0.00010343828858626416,9.401543772645308e-05,849
spatial_aggregation_order,reflectance_first,rolling_origin,AOI-01,modis,2023;2024,2025,R2025-H2,2,AOI-01_b_-102_-31,0.0005377602777364873,0.0004501418959812655,0.0004501418959812655,486
spatial_aggregation_order,reflectance_first,rolling_origin,AOI-01,modis,2023;2024,2025,R2025-H2,2,AOI-01_b_-103_-27,0.00015733415596144221,9.047374445671012e-05,9.047374445671012e-05,315
spatial_aggregation_order,reflectance_first,rolling_origin,AOI-01,modis,2023;2024,2025,R2025-H2,2,AOI-01_b_-103_-28,0.00016422658356248356,9.120927467059573e-05,9.120927467059573e-05,846
spatial_aggregation_order,reflectance_first,rolling_origin,AOI-01,modis,2023;2024,2025,R2025-H2,2,AOI-01_b_-103_-29,0.0010075971351288335,0.0007020062905317255,0.000295723570603567,843
spatial_aggregation_order,reflectance_first,rolling_origin,AOI-01,modis,2023;2024,2025,R2025-H2,2,AOI-01_b_-103_-30,0.0007272759589098143,0.0005755655371638271,0.0005013852558792419,846
spatial_aggregation_order,reflectance_first,rolling_origin,AOI-01,modis,2023;2024,2025,R2025-H2,2,AOI-01_b_-103_-31,0.0006846795417776434,0.0005107578113301705,0.00041509445053280976,336
spatial_aggregation_order,reflectance_first,rolling_origin,AOI-01,modis,2023;2024,2025,R2025-H2,2,AOI-01_b_-104_-27,0.005092102213992955,0.0014123747389271967,-0.0012359386357068019,525
spatial_aggregation_order,reflectance_first,rolling_origin,AOI-01,modis,2023;2024,2025,R2025-H2,2,AOI-01_b_-104_-28,0.0022334472069669956,0.0003014008888624204,-0.00019953760608241005,846
spatial_aggregation_order,reflectance_first,rolling_origin,AOI-01,modis,2023;2024,2025,R2025-H2,2,AOI-01_b_-104_-29,0.0007871216116326081,0.0006088331754028367,0.00047833337163235575,843
spatial_aggregation_order,reflectance_first,rolling_origin,AOI-01,modis,2023;2024,2025,R2025-H2,2,AOI-01_b_-104_-30,0.0010995298951626694,0.0008739189678666817,0.0003677114715183137,843
spatial_aggregation_order,reflectance_first,rolling_origin,AOI-01,modis,2023;2024,2025,R2025-H2,2,AOI-01_b_-104_-31,0.003114362877582492,0.002736016296476561,-0.002369442999720079,423
spatial_aggregation_order,reflectance_first,rolling_origin,AOI-01,modis,2023;2024,2025,R2025-H2,2,AOI-01_b_-105_-26,0.00011849022851198954,5.3327082060374805e-05,5.3327082060374805e-05,114
spatial_aggregation_order,reflectance_first,rolling_origin,AOI-01,modis,2023;2024,2025,R2025-H2,2,AOI-01_b_-105_-27,0.00014385824721220437,2.614578053502639e-05,1.952179500880326e-05,849
spatial_aggregation_order,reflectance_first,rolling_origin,AOI-01,modis,2023;2024,2025,R2025-H2,2,AOI-01_b_-105_-28,0.0003309166870662945,0.00015123703989865792,0.00011707304850096177,852
spatial_aggregation_order,reflectance_first,rolling_origin,AOI-01,modis,2023;2024,2025,R2025-H2,2,AOI-01_b_-105_-29,0.0005382774502262133,0.00048111533434567084,0.00048111533434567084,849
spatial_aggregation_order,reflectance_first,rolling_origin,AOI-01,modis,2023;2024,2025,R2025-H2,2,AOI-01_b_-105_-30,0.0018787803477008321,0.0012203678417860003,-6.252601789391896e-05,645
spatial_aggregation_order,reflectance_first,rolling_origin,AOI-01,modis,2023;2024,2025,R2025-H2,2,AOI-01_b_-105_-31,0.00581447955566774,0.00581407264011765,-0.00581407264011765,3
spatial_aggregation_order,reflectance_first,rolling_origin,AOI-01,modis,2023;2024,2025,R2025-H2,2,AOI-01_b_-106_-27,7.035250873855841e-05,2.2557959730028123e-05,2.2557959730028123e-05,720
spatial_aggregation_order,reflectance_first,rolling_origin,AOI-01,modis,2023;2024,2025,R2025-H2,2,AOI-01_b_-106_-28,0.0003044832052582442,0.00021819234180872586,0.00021819234180872586,849
spatial_aggregation_order,reflectance_first,rolling_origin,AOI-01,modis,2023;2024,2025,R2025-H2,2,AOI-01_b_-106_-29,0.0026034019828527536,0.0007791597301291446,5.593878463905869e-05,843
spatial_aggregation_order,reflectance_first,rolling_origin,AOI-01,modis,2023;2024,2025,R2025-H2,2,AOI-01_b_-106_-30,0.0028044895869128485,0.0018698098981175327,-0.0008943534887504017,726
spatial_aggregation_order,reflectance_first,rolling_origin,AOI-01,modis,2023;2024,2025,R2025-H2,2,AOI-01_b_-107_-27,0.00022073201069432803,0.00012158218776815935,0.00012158218776815935,294
spatial_aggregation_order,reflectance_first,rolling_origin,AOI-01,modis,2023;2024,2025,R2025-H2,2,AOI-01_b_-107_-28,0.00033252126730937376,0.00027945026504417865,0.00027945026504417865,618
spatial_aggregation_order,reflectance_first,rolling_origin,AOI-01,modis,2023;2024,2025,R2025-H2,2,AOI-01_b_-107_-29,0.0006900077523001061,0.00041036482468182926,0.00021573197158564832,666
spatial_aggregation_order,reflectance_first,rolling_origin,AOI-01,modis,2023;2024,2025,R2025-H2,2,AOI-01_b_-107_-30,0.002065220062631424,0.0017175687830126164,-0.0006680176839034106,387
spatial_aggregation_order,reflectance_first,rolling_origin,AOI-01,modis,2023;2024,2025,R2025-H2,2,AOI-01_b_-108_-30,0.002254761792615993,0.0022546397264791847,-0.0022546397264791847,3
spatial_aggregation_order,reflectance_first,rolling_origin,AOI-01,modis,2022;2023;2024,2025,R2025-H3,3,AOI-01_b_-100_-28,0.0,0.0,0.0,42
spatial_aggregation_order,reflectance_first,rolling_origin,AOI-01,modis,2022;2023;2024,2025,R2025-H3,3,AOI-01_b_-101_-28,0.0,0.0,0.0,528
spatial_aggregation_order,reflectance_first,rolling_origin,AOI-01,modis,2022;2023;2024,2025,R2025-H3,3,AOI-01_b_-101_-29,0.00017874420984114237,8.245789803927913e-06,-7.72227482676989e-06,501
spatial_aggregation_order,reflectance_first,rolling_origin,AOI-01,modis,2022;2023;2024,2025,R2025-H3,3,AOI-01_b_-101_-30,8.960444195339938e-05,2.8778746045922747e-05,2.8778746045922747e-05,432
spatial_aggregation_order,reflectance_first,rolling_origin,AOI-01,modis,2022;2023;2024,2025,R2025-H3,3,AOI-01_b_-101_-31,0.0005546688344474569,0.0005262836863972641,0.0005262836863972641,150
spatial_aggregation_order,reflectance_first,rolling_origin,AOI-01,modis,2022;2023;2024,2025,R2025-H3,3,AOI-01_b_-102_-27,0.00010550530477549385,6.276154057453513e-05,6.276154057453513e-05,156
spatial_aggregation_order,reflectance_first,rolling_origin,AOI-01,modis,2022;2023;2024,2025,R2025-H3,3,AOI-01_b_-102_-28,6.657926597619153e-05,2.0993776150270844e-05,2.0993776150270844e-05,801
spatial_aggregation_order,reflectance_first,rolling_origin,AOI-01,modis,2022;2023;2024,2025,R2025-H3,3,AOI-01_b_-102_-29,0.00017003508357766155,7.30786979594058e-05,7.30786979594058e-05,849
spatial_aggregation_order,reflectance_first,rolling_origin,AOI-01,modis,2022;2023;2024,2025,R2025-H3,3,AOI-01_b_-102_-30,0.00024806592170094306,0.0001180273676819085,0.00010860451682209743,849
spatial_aggregation_order,reflectance_first,rolling_origin,AOI-01,modis,2022;2023;2024,2025,R2025-H3,3,AOI-01_b_-102_-31,0.0005867280786002673,0.0004952289270369184,0.0004952289270369184,486
spatial_aggregation_order,reflectance_first,rolling_origin,AOI-01,modis,2022;2023;2024,2025,R2025-H3,3,AOI-01_b_-103_-27,0.00017881460335025231,0.00010687903142448253,0.00010687903142448253,315
spatial_aggregation_order,reflectance_first,rolling_origin,AOI-01,modis,2022;2023;2024,2025,R2025-H3,3,AOI-01_b_-103_-28,0.00018565847032210028,0.0001066359203848988,0.0001066359203848988,846
spatial_aggregation_order,reflectance_first,rolling_origin,AOI-01,modis,2022;2023;2024,2025,R2025-H3,3,AOI-01_b_-103_-29,0.0010271102214928845,0.0007415608084544576,0.00034836575086046436,843
spatial_aggregation_order,reflectance_first,rolling_origin,AOI-01,modis,2022;2023;2024,2025,R2025-H3,3,AOI-01_b_-103_-30,0.0007730646267227764,0.0006242103804992291,0.0005529134081689964,846
spatial_aggregation_order,reflectance_first,rolling_origin,AOI-01,modis,2022;2023;2024,2025,R2025-H3,3,AOI-01_b_-103_-31,0.0007220710357072926,0.000554767586041795,0.0004626016603782973,336
spatial_aggregation_order,reflectance_first,rolling_origin,AOI-01,modis,2022;2023;2024,2025,R2025-H3,3,AOI-01_b_-104_-27,0.005029920072712209,0.0014029936061388114,-0.0012050194936987556,525
spatial_aggregation_order,reflectance_first,rolling_origin,AOI-01,modis,2022;2023;2024,2025,R2025-H3,3,AOI-01_b_-104_-28,0.0022090424990434004,0.0003078858066020903,-0.00018664044917459678,846
spatial_aggregation_order,reflectance_first,rolling_origin,AOI-01,modis,2022;2023;2024,2025,R2025-H3,3,AOI-01_b_-104_-29,0.0008274200947721858,0.000658978145021038,0.0005311204064310873,843
spatial_aggregation_order,reflectance_first,rolling_origin,AOI-01,modis,2022;2023;2024,2025,R2025-H3,3,AOI-01_b_-104_-30,0.0011189376982134534,0.0009190164073177832,0.0004321246617957317,843
spatial_aggregation_order,reflectance_first,rolling_origin,AOI-01,modis,2022;2023;2024,2025,R2025-H3,3,AOI-01_b_-104_-31,0.0030160882418401045,0.0026511863778324405,-0.002255724803528151,423
spatial_aggregation_order,reflectance_first,rolling_origin,AOI-01,modis,2022;2023;2024,2025,R2025-H3,3,AOI-01_b_-105_-26,0.00013501493645821136,6.297882174997829e-05,6.297882174997829e-05,114
spatial_aggregation_order,reflectance_first,rolling_origin,AOI-01,modis,2022;2023;2024,2025,R2025-H3,3,AOI-01_b_-105_-27,0.0001501226146724665,2.977745362577041e-05,2.3365881932429756e-05,849
spatial_aggregation_order,reflectance_first,rolling_origin,AOI-01,modis,2022;2023;2024,2025,R2025-H3,3,AOI-01_b_-105_-28,0.00034645688720867787,0.0001700117295594445,0.00013683851587824764,852
spatial_aggregation_order,reflectance_first,rolling_origin,AOI-01,modis,2022;2023;2024,2025,R2025-H3,3,AOI-01_b_-105_-29,0.0005884498925361192,0.0005290484889602899,0.0005290484889602899,849
spatial_aggregation_order,reflectance_first,rolling_origin,AOI-01,modis,2022;2023;2024,2025,R2025-H3,3,AOI-01_b_-105_-30,0.0018603307016989618,0.0012490467892618694,9.228684776987303e-06,645
spatial_aggregation_order,reflectance_first,rolling_origin,AOI-01,modis,2022;2023;2024,2025,R2025-H3,3,AOI-01_b_-105_-31,0.00566629803528863,0.00566583045740606,-0.00566583045740606,3
spatial_aggregation_order,reflectance_first,rolling_origin,AOI-01,modis,2022;2023;2024,2025,R2025-H3,3,AOI-01_b_-106_-27,8.136847880290332e-05,2.7510434089392167e-05,2.7510434089392167e-05,720
spatial_aggregation_order,reflectance_first,rolling_origin,AOI-01,modis,2022;2023;2024,2025,R2025-H3,3,AOI-01_b_-106_-28,0.00033743721477047723,0.0002472195713431833,0.0002472195713431833,849
spatial_aggregation_order,reflectance_first,rolling_origin,AOI-01,modis,2022;2023;2024,2025,R2025-H3,3,AOI-01_b_-106_-29,0.002587704367366736,0.0008135123723177409,0.00010396872888782829,843
spatial_aggregation_order,reflectance_first,rolling_origin,AOI-01,modis,2022;2023;2024,2025,R2025-H3,3,AOI-01_b_-106_-30,0.0027519578471262066,0.0018634606173811138,-0.0008067947948574065,726
spatial_aggregation_order,reflectance_first,rolling_origin,AOI-01,modis,2022;2023;2024,2025,R2025-H3,3,AOI-01_b_-107_-27,0.00024525179639505964,0.00013724513701699958,0.00013724513701699958,294
spatial_aggregation_order,reflectance_first,rolling_origin,AOI-01,modis,2022;2023;2024,2025,R2025-H3,3,AOI-01_b_-107_-28,0.0003696469498566198,0.0003143524997259716,0.0003143524997259716,618
spatial_aggregation_order,reflectance_first,rolling_origin,AOI-01,modis,2022;2023;2024,2025,R2025-H3,3,AOI-01_b_-107_-29,0.0007052039335838496,0.00043952314581431964,0.00025109385438919863,666
spatial_aggregation_order,reflectance_first,rolling_origin,AOI-01,modis,2022;2023;2024,2025,R2025-H3,3,AOI-01_b_-107_-30,0.002020561576086063,0.001710927979681346,-0.0005763929522691748,387
spatial_aggregation_order,reflectance_first,rolling_origin,AOI-01,modis,2022;2023;2024,2025,R2025-H3,3,AOI-01_b_-108_-30,0.002132183107936828,0.0021320385606809775,-0.0021320385606809775,3
spatial_aggregation_order,reflectance_first,rolling_origin,AOI-01,sentinel2,2023,2024,R2024-H1,1,AOI-01_b_-100_-28,5.9361073477334083e-05,3.0408469997608467e-05,3.0408469997608467e-05,42
spatial_aggregation_order,reflectance_first,rolling_origin,AOI-01,sentinel2,2023,2024,R2024-H1,1,AOI-01_b_-101_-28,5.1972901592115056e-05,1.3853647857403086e-05,1.3853647857403086e-05,528
spatial_aggregation_order,reflectance_first,rolling_origin,AOI-01,sentinel2,2023,2024,R2024-H1,1,AOI-01_b_-101_-29,3.710695668404193e-05,6.783047748798064e-06,6.783047748798064e-06,501
spatial_aggregation_order,reflectance_first,rolling_origin,AOI-01,sentinel2,2023,2024,R2024-H1,1,AOI-01_b_-101_-30,0.00013887943576884552,6.371066630561695e-05,6.371066630561695e-05,432
spatial_aggregation_order,reflectance_first,rolling_origin,AOI-01,sentinel2,2023,2024,R2024-H1,1,AOI-01_b_-101_-31,0.0005598302967117487,0.000532604266700131,0.000532604266700131,150
spatial_aggregation_order,reflectance_first,rolling_origin,AOI-01,sentinel2,2023,2024,R2024-H1,1,AOI-01_b_-102_-27,0.00028708631299461746,0.0002448315000777467,0.0002448315000777467,156
spatial_aggregation_order,reflectance_first,rolling_origin,AOI-01,sentinel2,2023,2024,R2024-H1,1,AOI-01_b_-102_-28,0.00015392522129366524,8.155467020491703e-05,8.155467020491703e-05,801
spatial_aggregation_order,reflectance_first,rolling_origin,AOI-01,sentinel2,2023,2024,R2024-H1,1,AOI-01_b_-102_-29,0.00023462543597867956,0.0001343374138813172,0.0001343374138813172,849
spatial_aggregation_order,reflectance_first,rolling_origin,AOI-01,sentinel2,2023,2024,R2024-H1,1,AOI-01_b_-102_-30,0.00021844234462345722,0.00012061958369971442,0.00012061958369971442,849
spatial_aggregation_order,reflectance_first,rolling_origin,AOI-01,sentinel2,2023,2024,R2024-H1,1,AOI-01_b_-102_-31,0.0004428775917151844,0.0003458056980442509,0.0003458056980442509,486
spatial_aggregation_order,reflectance_first,rolling_origin,AOI-01,sentinel2,2023,2024,R2024-H1,1,AOI-01_b_-103_-27,0.0002973691510134717,0.00021747256134603795,0.00021747256134603795,315
spatial_aggregation_order,reflectance_first,rolling_origin,AOI-01,sentinel2,2023,2024,R2024-H1,1,AOI-01_b_-103_-28,0.0002599545153695102,0.00018169096642468342,0.00018169096642468342,846
spatial_aggregation_order,reflectance_first,rolling_origin,AOI-01,sentinel2,2023,2024,R2024-H1,1,AOI-01_b_-103_-29,0.0005874876091945371,0.0004703111857089388,0.0004703111857089388,843
spatial_aggregation_order,reflectance_first,rolling_origin,AOI-01,sentinel2,2023,2024,R2024-H1,1,AOI-01_b_-103_-30,0.0004841391555795191,0.00041624584605628545,0.00041624584605628545,846
spatial_aggregation_order,reflectance_first,rolling_origin,AOI-01,sentinel2,2023,2024,R2024-H1,1,AOI-01_b_-103_-31,0.00048296399075296447,0.00038352199458249005,0.00038352199458249005,336
spatial_aggregation_order,reflectance_first,rolling_origin,AOI-01,sentinel2,2023,2024,R2024-H1,1,AOI-01_b_-104_-27,0.005734270178447173,0.0015478502118368767,-0.0013593743290763935,525
spatial_aggregation_order,reflectance_first,rolling_origin,AOI-01,sentinel2,2023,2024,R2024-H1,1,AOI-01_b_-104_-28,0.0017446138364394163,0.0002898259516503458,-6.764957844854598e-05,846
spatial_aggregation_order,reflectance_first,rolling_origin,AOI-01,sentinel2,2023,2024,R2024-H1,1,AOI-01_b_-104_-29,0.0007015002990196402,0.0006534406070338168,0.0006534406070338168,843
spatial_aggregation_order,reflectance_first,rolling_origin,AOI-01,sentinel2,2023,2024,R2024-H1,1,AOI-01_b_-104_-30,0.0005892009767005584,0.0005425800790774156,0.0005425800790774156,843
spatial_aggregation_order,reflectance_first,rolling_origin,AOI-01,sentinel2,2023,2024,R2024-H1,1,AOI-01_b_-104_-31,0.0014219411743233135,0.0011684351012864371,9.627969609544075e-05,423
spatial_aggregation_order,reflectance_first,rolling_origin,AOI-01,sentinel2,2023,2024,R2024-H1,1,AOI-01_b_-105_-26,0.00010072027596047619,3.28429207994878e-05,3.28429207994878e-05,114
spatial_aggregation_order,reflectance_first,rolling_origin,AOI-01,sentinel2,2023,2024,R2024-H1,1,AOI-01_b_-105_-27,0.000176320218737541,3.4096470825641136e-05,2.0662783161321367e-05,849
spatial_aggregation_order,reflectance_first,rolling_origin,AOI-01,sentinel2,2023,2024,R2024-H1,1,AOI-01_b_-105_-28,0.00033374587788580646,0.00011978435231591053,8.736561392876465e-05,852
spatial_aggregation_order,reflectance_first,rolling_origin,AOI-01,sentinel2,2023,2024,R2024-H1,1,AOI-01_b_-105_-29,0.000495678170427658,0.000430435520166706,0.000430435520166706,849
spatial_aggregation_order,reflectance_first,rolling_origin,AOI-01,sentinel2,2023,2024,R2024-H1,1,AOI-01_b_-105_-30,0.0011527095673030227,0.0007590900773603967,0.00030922774632968097,645
spatial_aggregation_order,reflectance_first,rolling_origin,AOI-01,sentinel2,2023,2024,R2024-H1,1,AOI-01_b_-105_-31,0.0019426464590457115,0.0018578329750795711,9.097993520138133e-05,3
spatial_aggregation_order,reflectance_first,rolling_origin,AOI-01,sentinel2,2023,2024,R2024-H1,1,AOI-01_b_-106_-27,9.583713176128481e-05,3.825801996406718e-05,3.825801996406718e-05,720
spatial_aggregation_order,reflectance_first,rolling_origin,AOI-01,sentinel2,2023,2024,R2024-H1,1,AOI-01_b_-106_-28,0.00028504403694202944,0.00019227504902503216,0.00019227504902503216,849
spatial_aggregation_order,reflectance_first,rolling_origin,AOI-01,sentinel2,2023,2024,R2024-H1,1,AOI-01_b_-106_-29,0.0023708942610524207,0.0005615972177472087,-0.00022617881503080833,843
spatial_aggregation_order,reflectance_first,rolling_origin,AOI-01,sentinel2,2023,2024,R2024-H1,1,AOI-01_b_-106_-30,0.0022534372090350727,0.0011893830503683022,-0.0005135275919190688,726
spatial_aggregation_order,reflectance_first,rolling_origin,AOI-01,sentinel2,2023,2024,R2024-H1,1,AOI-01_b_-107_-27,0.00021289338864217887,0.00012216277633946313,0.00012216277633946313,294
spatial_aggregation_order,reflectance_first,rolling_origin,AOI-01,sentinel2,2023,2024,R2024-H1,1,AOI-01_b_-107_-28,0.000282304799940279,0.000221699452660795,0.000221699452660795,618
spatial_aggregation_order,reflectance_first,rolling_origin,AOI-01,sentinel2,2023,2024,R2024-H1,1,AOI-01_b_-107_-29,0.0005562364214547049,0.0002535532598936822,0.00011220570987947674,666
spatial_aggregation_order,reflectance_first,rolling_origin,AOI-01,sentinel2,2023,2024,R2024-H1,1,AOI-01_b_-107_-30,0.001933768261477784,0.0014550613456056148,-0.0008671932838781529,387
spatial_aggregation_order,reflectance_first,rolling_origin,AOI-01,sentinel2,2023,2024,R2024-H1,1,AOI-01_b_-108_-30,0.002419175368094723,0.002208690702610992,-0.0016508734714171423,3
spatial_aggregation_order,reflectance_first,rolling_origin,AOI-01,sentinel2,2022;2023,2024,R2024-H2,2,AOI-01_b_-100_-28,0.00011288175644717597,6.259381417765649e-05,6.259381417765649e-05,42
spatial_aggregation_order,reflectance_first,rolling_origin,AOI-01,sentinel2,2022;2023,2024,R2024-H2,2,AOI-01_b_-101_-28,8.088972281436022e-05,2.7929567610431577e-05,2.7929567610431577e-05,528
spatial_aggregation_order,reflectance_first,rolling_origin,AOI-01,sentinel2,2022;2023,2024,R2024-H2,2,AOI-01_b_-101_-29,5.9235418578831845e-05,1.655282061361622e-05,1.655282061361622e-05,501
spatial_aggregation_order,reflectance_first,rolling_origin,AOI-01,sentinel2,2022;2023,2024,R2024-H2,2,AOI-01_b_-101_-30,0.0001829686966700852,9.460946666328544e-05,9.460946666328544e-05,432
spatial_aggregation_order,reflectance_first,rolling_origin,AOI-01,sentinel2,2022;2023,2024,R2024-H2,2,AOI-01_b_-101_-31,0.0006302674775153238,0.0006089057575507952,0.0006089057575507952,150
spatial_aggregation_order,reflectance_first,rolling_origin,AOI-01,sentinel2,2022;2023,2024,R2024-H2,2,AOI-01_b_-102_-27,0.00036497304259162347,0.00033204964059208166,0.00033204964059208166,156
spatial_aggregation_order,reflectance_first,rolling_origin,AOI-01,sentinel2,2022;2023,2024,R2024-H2,2,AOI-01_b_-102_-28,0.00020976885129817726,0.00014325048561025504,0.00014325048561025504,801
spatial_aggregation_order,reflectance_first,rolling_origin,AOI-01,sentinel2,2022;2023,2024,R2024-H2,2,AOI-01_b_-102_-29,0.00028686152968693176,0.00018811563447149724,0.00018811563447149724,849
spatial_aggregation_order,reflectance_first,rolling_origin,AOI-01,sentinel2,2022;2023,2024,R2024-H2,2,AOI-01_b_-102_-30,0.0002694535379425006,0.00017128132680504317,0.00017128132680504317,849
spatial_aggregation_order,reflectance_first,rolling_origin,AOI-01,sentinel2,2022;2023,2024,R2024-H2,2,AOI-01_b_-102_-31,0.0005035827142243415,0.00041749448530877485,0.00041749448530877485,486
spatial_aggregation_order,reflectance_first,rolling_origin,AOI-01,sentinel2,2022;2023,2024,R2024-H2,2,AOI-01_b_-103_-27,0.0003622677850277709,0.0002911398334024295,0.0002911398334024295,315
spatial_aggregation_order,reflectance_first,rolling_origin,AOI-01,sentinel2,2022;2023,2024,R2024-H2,2,AOI-01_b_-103_-28,0.00032371348660031884,0.0002502572114590208,0.0002502572114590208,846
spatial_aggregation_order,reflectance_first,rolling_origin,AOI-01,sentinel2,2022;2023,2024,R2024-H2,2,AOI-01_b_-103_-29,0.0006418507322003715,0.000541713065074556,0.000541713065074556,843
spatial_aggregation_order,reflectance_first,rolling_origin,AOI-01,sentinel2,2022;2023,2024,R2024-H2,2,AOI-01_b_-103_-30,0.0005503679753996129,0.0004936603243697414,0.0004936603243697414,846
spatial_aggregation_order,reflectance_first,rolling_origin,AOI-01,sentinel2,2022;2023,2024,R2024-H2,2,AOI-01_b_-103_-31,0.0005429464457743981,0.00045835254355975795,0.00045835254355975795,336
spatial_aggregation_order,reflectance_first,rolling_origin,AOI-01,sentinel2,2022;2023,2024,R2024-H2,2,AOI-01_b_-104_-27,0.005794406793907552,0.001599095621999345,-0.0013300736275710342,525
spatial_aggregation_order,reflectance_first,rolling_origin,AOI-01,sentinel2,2022;2023,2024,R2024-H2,2,AOI-01_b_-104_-28,0.0017676864177408604,0.00034027654584163896,-2.1110110643856052e-05,846
spatial_aggregation_order,reflectance_first,rolling_origin,AOI-01,sentinel2,2022;2023,2024,R2024-H2,2,AOI-01_b_-104_-29,0.0007618328215469927,0.0007216607316981325,0.0007216607316981325,843
spatial_aggregation_order,reflectance_first,rolling_origin,AOI-01,sentinel2,2022;2023,2024,R2024-H2,2,AOI-01_b_-104_-30,0.0006551827794559755,0.0006182582945091857,0.0006182582945091857,843
spatial_aggregation_order,reflectance_first,rolling_origin,AOI-01,sentinel2,2022;2023,2024,R2024-H2,2,AOI-01_b_-104_-31,0.0014351957004980838,0.0012114304669621411,0.00015231702538176772,423
spatial_aggregation_order,reflectance_first,rolling_origin,AOI-01,sentinel2,2022;2023,2024,R2024-H2,2,AOI-01_b_-105_-26,0.00013223894460549646,4.9579769805569855e-05,4.9579769805569855e-05,114
spatial_aggregation_order,reflectance_first,rolling_origin,AOI-01,sentinel2,2022;2023,2024,R2024-H2,2,AOI-01_b_-105_-27,0.0001891744079843291,4.328675173432443e-05,2.9765646458209735e-05,849
spatial_aggregation_order,reflectance_first,rolling_origin,AOI-01,sentinel2,2022;2023,2024,R2024-H2,2,AOI-01_b_-105_-28,0.00035963699375883557,0.00015940292080071026,0.00012744288240318166,852
spatial_aggregation_order,reflectance_first,rolling_origin,AOI-01,sentinel2,2022;2023,2024,R2024-H2,2,AOI-01_b_-105_-29,0.0005618962517711552,0.000506288304908906,0.000506288304908906,849
spatial_aggregation_order,reflectance_first,rolling_origin,AOI-01,sentinel2,2022;2023,2024,R2024-H2,2,AOI-01_b_-105_-30,0.001187146700590595,0.0008244323934055731,0.0003749117058325962,645
spatial_aggregation_order,reflectance_first,rolling_origin,AOI-01,sentinel2,2022;2023,2024,R2024-H2,2,AOI-01_b_-105_-31,0.0019408138910108244,0.0018636273705080041,0.0001168075424139578,3
spatial_aggregation_order,reflectance_first,rolling_origin,AOI-01,sentinel2,2022;2023,2024,R2024-H2,2,AOI-01_b_-106_-27,0.00013773327584106978,6.740435126427463e-05,6.740435126427463e-05,720
spatial_aggregation_order,reflectance_first,rolling_origin,AOI-01,sentinel2,2022;2023,2024,R2024-H2,2,AOI-01_b_-106_-28,0.00034511773119430506,0.00026009818599087315,0.00026009818599087315,849
spatial_aggregation_order,reflectance_first,rolling_origin,AOI-01,sentinel2,2022;2023,2024,R2024-H2,2,AOI-01_b_-106_-29,0.0023841084694260404,0.0006177994424437382,-0.00016939971641618585,843
spatial_aggregation_order,reflectance_first,rolling_origin,AOI-01,sentinel2,2022;2023,2024,R2024-H2,2,AOI-01_b_-106_-30,0.0022660173065868062,0.0012419635052601337,-0.00044997472525853987,726
spatial_aggregation_order,reflectance_first,rolling_origin,AOI-01,sentinel2,2022;2023,2024,R2024-H2,2,AOI-01_b_-107_-27,0.00026575137771200154,0.00017105315095286905,0.00017105315095286905,294
spatial_aggregation_order,reflectance_first,rolling_origin,AOI-01,sentinel2,2022;2023,2024,R2024-H2,2,AOI-01_b_-107_-28,0.00035363975249978405,0.0003011328563999855,0.0003011328563999855,618
spatial_aggregation_order,reflectance_first,rolling_origin,AOI-01,sentinel2,2022;2023,2024,R2024-H2,2,AOI-01_b_-107_-29,0.0005786977901268329,0.00030386385942788165,0.00016511323468529937,666
spatial_aggregation_order,reflectance_first,rolling_origin,AOI-01,sentinel2,2022;2023,2024,R2024-H2,2,AOI-01_b_-107_-30,0.0019173965563467267,0.001484846809059184,-0.0008012966116511652,387
spatial_aggregation_order,reflectance_first,rolling_origin,AOI-01,sentinel2,2022;2023,2024,R2024-H2,2,AOI-01_b_-108_-30,0.0023905692893315747,0.0021991308427406465,-0.0016019221882750095,3
spatial_aggregation_order,reflectance_first,rolling_origin,AOI-01,sentinel2,2021;2022;2023,2024,R2024-H3,3,AOI-01_b_-100_-28,6.494685495113369e-05,3.3479389326469286e-05,3.3479389326469286e-05,42
spatial_aggregation_order,reflectance_first,rolling_origin,AOI-01,sentinel2,2021;2022;2023,2024,R2024-H3,3,AOI-01_b_-101_-28,5.516825445643521e-05,1.490480820259985e-05,1.490480820259985e-05,528
spatial_aggregation_order,reflectance_first,rolling_origin,AOI-01,sentinel2,2021;2022;2023,2024,R2024-H3,3,AOI-01_b_-101_-29,3.933616249953086e-05,7.450507181276547e-06,7.450507181276547e-06,501
spatial_aggregation_order,reflectance_first,rolling_origin,AOI-01,sentinel2,2021;2022;2023,2024,R2024-H3,3,AOI-01_b_-101_-30,0.0001450283985605746,6.725519241891467e-05,6.725519241891467e-05,432
spatial_aggregation_order,reflectance_first,rolling_origin,AOI-01,sentinel2,2021;2022;2023,2024,R2024-H3,3,AOI-01_b_-101_-31,0.0005761473341550561,0.0005490069330564333,0.0005490069330564333,150
spatial_aggregation_order,reflectance_first,rolling_origin,AOI-01,sentinel2,2021;2022;2023,2024,R2024-H3,3,AOI-01_b_-102_-27,0.0002988871395747851,0.0002567929777776458,0.0002567929777776458,156
spatial_aggregation_order,reflectance_first,rolling_origin,AOI-01,sentinel2,2021;2022;2023,2024,R2024-H3,3,AOI-01_b_-102_-28,0.00016097352020474668,8.733719252691412e-05,8.733719252691412e-05,801
spatial_aggregation_order,reflectance_first,rolling_origin,AOI-01,sentinel2,2021;2022;2023,2024,R2024-H3,3,AOI-01_b_-102_-29,0.00024311780552276264,0.00014097382138525665,0.00014097382138525665,849
spatial_aggregation_order,reflectance_first,rolling_origin,AOI-01,sentinel2,2021;2022;2023,2024,R2024-H3,3,AOI-01_b_-102_-30,0.0002265300863980343,0.00012674657964104505,0.00012674657964104505,849
spatial_aggregation_order,reflectance_first,rolling_origin,AOI-01,sentinel2,2021;2022;2023,2024,R2024-H3,3,AOI-01_b_-102_-31,0.0004560633925923349,0.00035805141556833226,0.00035805141556833226,486
spatial_aggregation_order,reflectance_first,rolling_origin,AOI-01,sentinel2,2021;2022;2023,2024,R2024-H3,3,AOI-01_b_-103_-27,0.0003081717511912482,0.00022729613520790486,0.00022729613520790486,315
spatial_aggregation_order,reflectance_first,rolling_origin,AOI-01,sentinel2,2021;2022;2023,2024,R2024-H3,3,AOI-01_b_-103_-28,0.000269959706753482,0.0001904536778978677,0.0001904536778978677,846
spatial_aggregation_order,reflectance_first,rolling_origin,AOI-01,sentinel2,2021;2022;2023,2024,R2024-H3,3,AOI-01_b_-103_-29,0.0006027748501706384,0.000484926257174722,0.000484926257174722,843
spatial_aggregation_order,reflectance_first,rolling_origin,AOI-01,sentinel2,2021;2022;2023,2024,R2024-H3,3,AOI-01_b_-103_-30,0.0004986065058897275,0.0004304905502460945,0.0004304905502460945,846
spatial_aggregation_order,reflectance_first,rolling_origin,AOI-01,sentinel2,2021;2022;2023,2024,R2024-H3,3,AOI-01_b_-103_-31,0.0004968074927516872,0.0003968205468556331,0.0003968205468556331,336
spatial_aggregation_order,reflectance_first,rolling_origin,AOI-01,sentinel2,2021;2022;2023,2024,R2024-H3,3,AOI-01_b_-104_-27,0.0057124247955317045,0.0015464322811057918,-0.0013487907886037748,525
spatial_aggregation_order,reflectance_first,rolling_origin,AOI-01,sentinel2,2021;2022;2023,2024,R2024-H3,3,AOI-01_b_-104_-28,0.0017384444593410424,0.00029446302373975004,-6.092228865575531e-05,846
spatial_aggregation_order,reflectance_first,rolling_origin,AOI-01,sentinel2,2021;2022;2023,2024,R2024-H3,3,AOI-01_b_-104_-29,0.0007195111242497799,0.0006712747816673056,0.0006712747816673056,843
spatial_aggregation_order,reflectance_first,rolling_origin,AOI-01,sentinel2,2021;2022;2023,2024,R2024-H3,3,AOI-01_b_-104_-30,0.0006056264341697314,0.0005590719714613997,0.0005590719714613997,843
spatial_aggregation_order,reflectance_first,rolling_origin,AOI-01,sentinel2,2021;2022;2023,2024,R2024-H3,3,AOI-01_b_-104_-31,0.0014215958397706117,0.001179026901721237,0.00011743229872818876,423
spatial_aggregation_order,reflectance_first,rolling_origin,AOI-01,sentinel2,2021;2022;2023,2024,R2024-H3,3,AOI-01_b_-105_-26,0.00010512233084148786,3.47528018040916e-05,3.47528018040916e-05,114
spatial_aggregation_order,reflectance_first,rolling_origin,AOI-01,sentinel2,2021;2022;2023,2024,R2024-H3,3,AOI-01_b_-105_-27,0.00017778847203600204,3.509810010355118e-05,2.1927219801285407e-05,849
spatial_aggregation_order,reflectance_first,rolling_origin,AOI-01,sentinel2,2021;2022;2023,2024,R2024-H3,3,AOI-01_b_-105_-28,0.0003382465057553033,0.00012469702897365797,9.241223430241143e-05,852
spatial_aggregation_order,reflectance_first,rolling_origin,AOI-01,sentinel2,2021;2022;2023,2024,R2024-H3,3,AOI-01_b_-105_-29,0.0005103765322072624,0.00044478214581941005,0.00044478214581941005,849
spatial_aggregation_order,reflectance_first,rolling_origin,AOI-01,sentinel2,2021;2022;2023,2024,R2024-H3,3,AOI-01_b_-105_-30,0.001154418410811652,0.0007721672269488537,0.0003267965209537937,645
spatial_aggregation_order,reflectance_first,rolling_origin,AOI-01,sentinel2,2021;2022;2023,2024,R2024-H3,3,AOI-01_b_-105_-31,0.0019449283415165933,0.0018679040303493705,0.00011921372174217668,3
spatial_aggregation_order,reflectance_first,rolling_origin,AOI-01,sentinel2,2021;2022;2023,2024,R2024-H3,3,AOI-01_b_-106_-27,0.00010086717256473236,4.095823897168308e-05,4.095823897168308e-05,720
spatial_aggregation_order,reflectance_first,rolling_origin,AOI-01,sentinel2,2021;2022;2023,2024,R2024-H3,3,AOI-01_b_-106_-28,0.0002951584956220766,0.00020129102196111197,0.00020129102196111197,849
spatial_aggregation_order,reflectance_first,rolling_origin,AOI-01,sentinel2,2021;2022;2023,2024,R2024-H3,3,AOI-01_b_-106_-29,0.002367393850711408,0.0005682586043079366,-0.00021775036817241823,843
spatial_aggregation_order,reflectance_first,rolling_origin,AOI-01,sentinel2,2021;2022;2023,2024,R2024-H3,3,AOI-01_b_-106_-30,0.0022431361609449607,0.0011947446327923237,-0.0004966638966391015,726
spatial_aggregation_order,reflectance_first,rolling_origin,AOI-01,sentinel2,2021;2022;2023,2024,R2024-H3,3,AOI-01_b_-107_-27,0.0002211032792285103,0.00012818898654567116,0.00012818898654567116,294
spatial_aggregation_order,reflectance_first,rolling_origin,AOI-01,sentinel2,2021;2022;2023,2024,R2024-H3,3,AOI-01_b_-107_-28,0.0002934104898543212,0.00023219211067857,0.00023219211067857,618
spatial_aggregation_order,reflectance_first,rolling_origin,AOI-01,sentinel2,2021;2022;2023,2024,R2024-H3,3,AOI-01_b_-107_-29,0.0005588568618206931,0.0002606447049359037,0.00012023292893886646,666
spatial_aggregation_order,reflectance_first,rolling_origin,AOI-01,sentinel2,2021;2022;2023,2024,R2024-H3,3,AOI-01_b_-107_-30,0.00192257046915486,0.0014555246117724716,-0.0008486148257781094,387
spatial_aggregation_order,reflectance_first,rolling_origin,AOI-01,sentinel2,2021;2022;2023,2024,R2024-H3,3,AOI-01_b_-108_-30,0.0024026190083153314,0.0021995022753292064,-0.0016280598936914935,3
spatial_aggregation_order,reflectance_first,rolling_origin,AOI-01,sentinel2,2024,2025,R2025-H1,1,AOI-01_b_-100_-28,0.0,0.0,0.0,42
spatial_aggregation_order,reflectance_first,rolling_origin,AOI-01,sentinel2,2024,2025,R2025-H1,1,AOI-01_b_-101_-28,0.0,0.0,0.0,528
spatial_aggregation_order,reflectance_first,rolling_origin,AOI-01,sentinel2,2024,2025,R2025-H1,1,AOI-01_b_-101_-29,0.00017870682913162639,7.984032315348902e-06,-7.984032315348902e-06,501
spatial_aggregation_order,reflectance_first,rolling_origin,AOI-01,sentinel2,2024,2025,R2025-H1,1,AOI-01_b_-101_-30,2.449489444168522e-06,2.0498957962608643e-07,2.0498957962608643e-07,432
spatial_aggregation_order,reflectance_first,rolling_origin,AOI-01,sentinel2,2024,2025,R2025-H1,1,AOI-01_b_-101_-31,0.00010696473403514582,6.035442656345686e-05,6.035442656345686e-05,150
spatial_aggregation_order,reflectance_first,rolling_origin,AOI-01,sentinel2,2024,2025,R2025-H1,1,AOI-01_b_-102_-27,0.0,0.0,0.0,156
spatial_aggregation_order,reflectance_first,rolling_origin,AOI-01,sentinel2,2024,2025,R2025-H1,1,AOI-01_b_-102_-28,0.0,0.0,0.0,801
spatial_aggregation_order,reflectance_first,rolling_origin,AOI-01,sentinel2,2024,2025,R2025-H1,1,AOI-01_b_-102_-29,4.5105034812989584e-05,7.929584538953612e-06,7.929584538953612e-06,849
spatial_aggregation_order,reflectance_first,rolling_origin,AOI-01,sentinel2,2024,2025,R2025-H1,1,AOI-01_b_-102_-30,0.00013735940297433344,5.030529741652823e-06,-4.392321118158249e-06,849
spatial_aggregation_order,reflectance_first,rolling_origin,AOI-01,sentinel2,2024,2025,R2025-H1,1,AOI-01_b_-102_-31,0.00010874584840111094,5.0014292261748e-05,5.0014292261748e-05,486
spatial_aggregation_order,reflectance_first,rolling_origin,AOI-01,sentinel2,2024,2025,R2025-H1,1,AOI-01_b_-103_-27,1.0192289045827746e-05,5.742704301669448e-07,5.742704301669448e-07,315
spatial_aggregation_order,reflectance_first,rolling_origin,AOI-01,sentinel2,2024,2025,R2025-H1,1,AOI-01_b_-103_-28,1.8647500068368753e-05,1.6709740467181408e-06,1.6709740467181408e-06,846
spatial_aggregation_order,reflectance_first,rolling_origin,AOI-01,sentinel2,2024,2025,R2025-H1,1,AOI-01_b_-103_-29,0.0009240499050911695,0.00038049261981811026,-8.96584261463923e-05,843
spatial_aggregation_order,reflectance_first,rolling_origin,AOI-01,sentinel2,2024,2025,R2025-H1,1,AOI-01_b_-103_-30,0.00042759547278427377,0.00011170006563016441,1.6830718308509996e-05,846
spatial_aggregation_order,reflectance_first,rolling_origin,AOI-01,sentinel2,2024,2025,R2025-H1,1,AOI-01_b_-103_-31,0.00046976123410036845,0.00011197283082081479,-8.070756561682911e-06,336
spatial_aggregation_order,reflectance_first,rolling_origin,AOI-01,sentinel2,2024,2025,R2025-H1,1,AOI-01_b_-104_-27,0.004711719509729176,0.001278570217138842,-0.0012465563686894648,525
spatial_aggregation_order,reflectance_first,rolling_origin,AOI-01,sentinel2,2024,2025,R2025-H1,1,AOI-01_b_-104_-28,0.0019918133746294276,0.0002276283698019276,-0.0002210465284296687,846
spatial_aggregation_order,reflectance_first,rolling_origin,AOI-01,sentinel2,2024,2025,R2025-H1,1,AOI-01_b_-104_-29,0.0005641569658702152,0.00021557509370171937,7.147648962844002e-05,843
spatial_aggregation_order,reflectance_first,rolling_origin,AOI-01,sentinel2,2024,2025,R2025-H1,1,AOI-01_b_-104_-30,0.0011069070696870158,0.0004351735490593325,-0.00023775370783583264,843
spatial_aggregation_order,reflectance_first,rolling_origin,AOI-01,sentinel2,2024,2025,R2025-H1,1,AOI-01_b_-104_-31,0.003903501435617478,0.0033774713934657374,-0.0033102825018303575,423
spatial_aggregation_order,reflectance_first,rolling_origin,AOI-01,sentinel2,2024,2025,R2025-H1,1,AOI-01_b_-105_-26,1.606083798387682e-05,1.5042352977811371e-06,1.5042352977811371e-06,114
spatial_aggregation_order,reflectance_first,rolling_origin,AOI-01,sentinel2,2024,2025,R2025-H1,1,AOI-01_b_-105_-27,0.00018583254368756093,1.8046385782969914e-05,8.720508666268924e-06,849
spatial_aggregation_order,reflectance_first,rolling_origin,AOI-01,sentinel2,2024,2025,R2025-H1,1,AOI-01_b_-105_-28,0.00031317185518675697,4.1297515150877876e-05,-4.362683099632288e-06,852
spatial_aggregation_order,reflectance_first,rolling_origin,AOI-01,sentinel2,2024,2025,R2025-H1,1,AOI-01_b_-105_-29,0.0002073250536455119,0.00010924699001876149,0.00010924699001876149,849
spatial_aggregation_order,reflectance_first,rolling_origin,AOI-01,sentinel2,2024,2025,R2025-H1,1,AOI-01_b_-105_-30,0.0018629410446009086,0.0009039893916922722,-0.0005624160771352709,645
spatial_aggregation_order,reflectance_first,rolling_origin,AOI-01,sentinel2,2024,2025,R2025-H1,1,AOI-01_b_-105_-31,0.0068069805043118655,0.006805109871082998,-0.006805109871082998,3
spatial_aggregation_order,reflectance_first,rolling_origin,AOI-01,sentinel2,2024,2025,R2025-H1,1,AOI-01_b_-106_-27,0.0,0.0,0.0,720
spatial_aggregation_order,reflectance_first,rolling_origin,AOI-01,sentinel2,2024,2025,R2025-H1,1,AOI-01_b_-106_-28,7.277551824909764e-05,1.8668671979088118e-05,1.8668671979088118e-05,849
spatial_aggregation_order,reflectance_first,rolling_origin,AOI-01,sentinel2,2024,2025,R2025-H1,1,AOI-01_b_-106_-29,0.002407361443837136,0.00041450448498733355,-0.0003611826251741347,843
spatial_aggregation_order,reflectance_first,rolling_origin,AOI-01,sentinel2,2024,2025,R2025-H1,1,AOI-01_b_-106_-30,0.0029939148355267622,0.001801379611618329,-0.0015581427754670098,726
spatial_aggregation_order,reflectance_first,rolling_origin,AOI-01,sentinel2,2024,2025,R2025-H1,1,AOI-01_b_-107_-27,6.565139471911755e-05,1.4741076514531973e-05,1.4741076514531973e-05,294
spatial_aggregation_order,reflectance_first,rolling_origin,AOI-01,sentinel2,2024,2025,R2025-H1,1,AOI-01_b_-107_-28,3.83666797009803e-05,6.751639670463834e-06,6.751639670463834e-06,618
spatial_aggregation_order,reflectance_first,rolling_origin,AOI-01,sentinel2,2024,2025,R2025-H1,1,AOI-01_b_-107_-29,0.0006512811477543278,0.00014719554368431486,-9.124987087094328e-05,666
spatial_aggregation_order,reflectance_first,rolling_origin,AOI-01,sentinel2,2024,2025,R2025-H1,1,AOI-01_b_-107_-30,0.0024003807110331682,0.0016309453728482616,-0.0013900450925146662,387
spatial_aggregation_order,reflectance_first,rolling_origin,AOI-01,sentinel2,2024,2025,R2025-H1,1,AOI-01_b_-108_-30,0.003302403660487883,0.0033023792281961085,-0.0033023792281961085,3
spatial_aggregation_order,reflectance_first,rolling_origin,AOI-01,sentinel2,2023;2024,2025,R2025-H2,2,AOI-01_b_-100_-28,0.0,0.0,0.0,42
spatial_aggregation_order,reflectance_first,rolling_origin,AOI-01,sentinel2,2023;2024,2025,R2025-H2,2,AOI-01_b_-101_-28,0.0,0.0,0.0,528
spatial_aggregation_order,reflectance_first,rolling_origin,AOI-01,sentinel2,2023;2024,2025,R2025-H2,2,AOI-01_b_-101_-29,0.00017870682913162639,7.984032315348902e-06,-7.984032315348902e-06,501
spatial_aggregation_order,reflectance_first,rolling_origin,AOI-01,sentinel2,2023;2024,2025,R2025-H2,2,AOI-01_b_-101_-30,1.3748582174524574e-06,9.354725281752663e-08,9.354725281752663e-08,432
spatial_aggregation_order,reflectance_first,rolling_origin,AOI-01,sentinel2,2023;2024,2025,R2025-H2,2,AOI-01_b_-101_-31,0.00010289527559267158,5.610650227734437e-05,5.610650227734437e-05,150
spatial_aggregation_order,reflectance_first,rolling_origin,AOI-01,sentinel2,2023;2024,2025,R2025-H2,2,AOI-01_b_-102_-27,0.0,0.0,0.0,156
spatial_aggregation_order,reflectance_first,rolling_origin,AOI-01,sentinel2,2023;2024,2025,R2025-H2,2,AOI-01_b_-102_-28,0.0,0.0,0.0,801
spatial_aggregation_order,reflectance_first,rolling_origin,AOI-01,sentinel2,2023;2024,2025,R2025-H2,2,AOI-01_b_-102_-29,4.4341532738148315e-05,7.539743528595655e-06,7.539743528595655e-06,849
spatial_aggregation_order,reflectance_first,rolling_origin,AOI-01,sentinel2,2023;2024,2025,R2025-H2,2,AOI-01_b_-102_-30,0.00013733419170570505,4.954616934605609e-06,-4.468233925205462e-06,849
spatial_aggregation_order,reflectance_first,rolling_origin,AOI-01,sentinel2,2023;2024,2025,R2025-H2,2,AOI-01_b_-102_-31,0.0001063748253948931,4.6910656356194374e-05,4.6910656356194374e-05,486
spatial_aggregation_order,reflectance_first,rolling_origin,AOI-01,sentinel2,2023;2024,2025,R2025-H2,2,AOI-01_b_-103_-27,9.749888789268184e-06,5.493439995586581e-07,5.493439995586581e-07,315
spatial_aggregation_order,reflectance_first,rolling_origin,AOI-01,sentinel2,2023;2024,2025,R2025-H2,2,AOI-01_b_-103_-28,1.8067781498700004e-05,1.5756414848239408e-06,1.5756414848239408e-06,846
spatial_aggregation_order,reflectance_first,rolling_origin,AOI-01,sentinel2,2023;2024,2025,R2025-H2,2,AOI-01_b_-103_-29,0.0009216074956791425,0.00037909303035239524,-8.866268066282774e-05,843
spatial_aggregation_order,reflectance_first,rolling_origin,AOI-01,sentinel2,2023;2024,2025,R2025-H2,2,AOI-01_b_-103_-30,0.00042632984853352093,0.00010958343610452159,1.506775845168072e-05,846
spatial_aggregation_order,reflectance_first,rolling_origin,AOI-01,sentinel2,2023;2024,2025,R2025-H2,2,AOI-01_b_-103_-31,0.00046828293050759344,0.00011049087007295808,-9.133561910426658e-06,336
spatial_aggregation_order,reflectance_first,rolling_origin,AOI-01,sentinel2,2023;2024,2025,R2025-H2,2,AOI-01_b_-104_-27,0.004658763555878143,0.0012642159018245354,-0.0012322830839956687,525
spatial_aggregation_order,reflectance_first,rolling_origin,AOI-01,sentinel2,2023;2024,2025,R2025-H2,2,AOI-01_b_-104_-28,0.0019669205822460656,0.00022435359681389398,-0.00021850883557967787,846
spatial_aggregation_order,reflectance_first,rolling_origin,AOI-01,sentinel2,2023;2024,2025,R2025-H2,2,AOI-01_b_-104_-29,0.0005642438631712621,0.0002133302251643046,6.941389437573835e-05,843
spatial_aggregation_order,reflectance_first,rolling_origin,AOI-01,sentinel2,2023;2024,2025,R2025-H2,2,AOI-01_b_-104_-30,0.0011055531217213125,0.0004324123201398296,-0.0002393775646130329,843
spatial_aggregation_order,reflectance_first,rolling_origin,AOI-01,sentinel2,2023;2024,2025,R2025-H2,2,AOI-01_b_-104_-31,0.00388654427877046,0.0033629309817365476,-0.0032975003524371147,423
spatial_aggregation_order,reflectance_first,rolling_origin,AOI-01,sentinel2,2023;2024,2025,R2025-H2,2,AOI-01_b_-105_-26,1.5287734732825373e-05,1.4318275441988905e-06,1.4318275441988905e-06,114
spatial_aggregation_order,reflectance_first,rolling_origin,AOI-01,sentinel2,2023;2024,2025,R2025-H2,2,AOI-01_b_-105_-27,0.0001887792818918315,1.8304675043129982e-05,8.946219764302493e-06,849
spatial_aggregation_order,reflectance_first,rolling_origin,AOI-01,sentinel2,2023;2024,2025,R2025-H2,2,AOI-01_b_-105_-28,0.0003136253544613919,4.099984462002007e-05,-4.6784411688748345e-06,852
spatial_aggregation_order,reflectance_first,rolling_origin,AOI-01,sentinel2,2023;2024,2025,R2025-H2,2,AOI-01_b_-105_-29,0.00020809747108028353,0.00010650744645493434,0.00010650744645493434,849
spatial_aggregation_order,reflectance_first,rolling_origin,AOI-01,sentinel2,2023;2024,2025,R2025-H2,2,AOI-01_b_-105_-30,0.0018471372490101842,0.000896284379487246,-0.0005579065399285624,645
spatial_aggregation_order,reflectance_first,rolling_origin,AOI-01,sentinel2,2023;2024,2025,R2025-H2,2,AOI-01_b_-105_-31,0.006771628006866833,0.006769583252641584,-0.006769583252641584,3
spatial_aggregation_order,reflectance_first,rolling_origin,AOI-01,sentinel2,2023;2024,2025,R2025-H2,2,AOI-01_b_-106_-27,0.0,0.0,0.0,720
spatial_aggregation_order,reflectance_first,rolling_origin,AOI-01,sentinel2,2023;2024,2025,R2025-H2,2,AOI-01_b_-106_-28,7.197598783260558e-05,1.7663766926546202e-05,1.7663766926546202e-05,849
spatial_aggregation_order,reflectance_first,rolling_origin,AOI-01,sentinel2,2023;2024,2025,R2025-H2,2,AOI-01_b_-106_-29,0.0023864545104423066,0.00041098372364156477,-0.000359764985153547,843
spatial_aggregation_order,reflectance_first,rolling_origin,AOI-01,sentinel2,2023;2024,2025,R2025-H2,2,AOI-01_b_-106_-30,0.002971472389487582,0.001790618355686764,-0.0015498449568394006,726
spatial_aggregation_order,reflectance_first,rolling_origin,AOI-01,sentinel2,2023;2024,2025,R2025-H2,2,AOI-01_b_-107_-27,6.502131301560977e-05,1.410492300451765e-05,1.410492300451765e-05,294
spatial_aggregation_order,reflectance_first,rolling_origin,AOI-01,sentinel2,2023;2024,2025,R2025-H2,2,AOI-01_b_-107_-28,3.732327416269748e-05,6.296287772351032e-06,6.296287772351032e-06,618
spatial_aggregation_order,reflectance_first,rolling_origin,AOI-01,sentinel2,2023;2024,2025,R2025-H2,2,AOI-01_b_-107_-29,0.0006500156355126195,0.00014615763573810021,-9.174620370259978e-05,666
spatial_aggregation_order,reflectance_first,rolling_origin,AOI-01,sentinel2,2023;2024,2025,R2025-H2,2,AOI-01_b_-107_-30,0.002386515980733268,0.001619974552391379,-0.00138256254436191,387
spatial_aggregation_order,reflectance_first,rolling_origin,AOI-01,sentinel2,2023;2024,2025,R2025-H2,2,AOI-01_b_-108_-30,0.0032881523482758464,0.00328812566570035,-0.00328812566570035,3
spatial_aggregation_order,reflectance_first,rolling_origin,AOI-01,sentinel2,2022;2023;2024,2025,R2025-H3,3,AOI-01_b_-100_-28,0.0,0.0,0.0,42
spatial_aggregation_order,reflectance_first,rolling_origin,AOI-01,sentinel2,2022;2023;2024,2025,R2025-H3,3,AOI-01_b_-101_-28,0.0,0.0,0.0,528
spatial_aggregation_order,reflectance_first,rolling_origin,AOI-01,sentinel2,2022;2023;2024,2025,R2025-H3,3,AOI-01_b_-101_-29,0.00017870682913162639,7.984032315348902e-06,-7.984032315348902e-06,501
spatial_aggregation_order,reflectance_first,rolling_origin,AOI-01,sentinel2,2022;2023;2024,2025,R2025-H3,3,AOI-01_b_-101_-30,7.228707853194181e-06,7.019593834713113e-07,7.019593834713113e-07,432
spatial_aggregation_order,reflectance_first,rolling_origin,AOI-01,sentinel2,2022;2023;2024,2025,R2025-H3,3,AOI-01_b_-101_-31,0.00013882749480821727,8.797277341548201e-05,8.797277341548201e-05,150
spatial_aggregation_order,reflectance_first,rolling_origin,AOI-01,sentinel2,2022;2023;2024,2025,R2025-H3,3,AOI-01_b_-102_-27,0.0,0.0,0.0,156
spatial_aggregation_order,reflectance_first,rolling_origin,AOI-01,sentinel2,2022;2023;2024,2025,R2025-H3,3,AOI-01_b_-102_-28,0.0,0.0,0.0,801
spatial_aggregation_order,reflectance_first,rolling_origin,AOI-01,sentinel2,2022;2023;2024,2025,R2025-H3,3,AOI-01_b_-102_-29,5.5268138408398024e-05,1.1154478519047199e-05,1.1154478519047199e-05,849
spatial_aggregation_order,reflectance_first,rolling_origin,AOI-01,sentinel2,2022;2023;2024,2025,R2025-H3,3,AOI-01_b_-102_-30,0.00013757527474285336,5.584526766184067e-06,-3.8383240936270045e-06,849
spatial_aggregation_order,reflectance_first,rolling_origin,AOI-01,sentinel2,2022;2023;2024,2025,R2025-H3,3,AOI-01_b_-102_-31,0.00013500764679205476,7.008096933294484e-05,7.008096933294484e-05,486
spatial_aggregation_order,reflectance_first,rolling_origin,AOI-01,sentinel2,2022;2023;2024,2025,R2025-H3,3,AOI-01_b_-103_-27,1.361947479532325e-05,1.051329422698619e-06,1.051329422698619e-06,315
spatial_aggregation_order,reflectance_first,rolling_origin,AOI-01,sentinel2,2022;2023;2024,2025,R2025-H3,3,AOI-01_b_-103_-28,2.3955810584458872e-05,2.741997577359839e-06,2.741997577359839e-06,846
spatial_aggregation_order,reflectance_first,rolling_origin,AOI-01,sentinel2,2022;2023;2024,2025,R2025-H3,3,AOI-01_b_-103_-29,0.0009190255723697234,0.00039981991230451,-6.190227390935501e-05,843
spatial_aggregation_order,reflectance_first,rolling_origin,AOI-01,sentinel2,2022;2023;2024,2025,R2025-H3,3,AOI-01_b_-103_-30,0.0004306030665484857,0.00012837538876810586,3.513441933335264e-05,846
spatial_aggregation_order,reflectance_first,rolling_origin,AOI-01,sentinel2,2022;2023;2024,2025,R2025-H3,3,AOI-01_b_-103_-31,0.0004692884504240241,0.00012381425466779228,5.815302335964362e-06,336
spatial_aggregation_order,reflectance_first,rolling_origin,AOI-01,sentinel2,2022;2023;2024,2025,R2025-H3,3,AOI-01_b_-104_-27,0.004687552486432179,0.0012734761324259055,-0.0012357247291702924,525
spatial_aggregation_order,reflectance_first,rolling_origin,AOI-01,sentinel2,2022;2023;2024,2025,R2025-H3,3,AOI-01_b_-104_-28,0.0019812776485871072,0.00022842323575817603,-0.00021736873595712224,846
spatial_aggregation_order,reflectance_first,rolling_origin,AOI-01,sentinel2,2022;2023;2024,2025,R2025-H3,3,AOI-01_b_-104_-29,0.0005734379527171327,0.00024508109810513753,0.00010297134460019206,843
spatial_aggregation_order,reflectance_first,rolling_origin,AOI-01,sentinel2,2022;2023;2024,2025,R2025-H3,3,AOI-01_b_-104_-30,0.0010956785776064985,0.00045445692989417886,-0.00020779566111872567,843
spatial_aggregation_order,reflectance_first,rolling_origin,AOI-01,sentinel2,2022;2023;2024,2025,R2025-H3,3,AOI-01_b_-104_-31,0.0038535997563534166,0.0033382422981424616,-0.0032539216125527727,423
spatial_aggregation_order,reflectance_first,rolling_origin,AOI-01,sentinel2,2022;2023;2024,2025,R2025-H3,3,AOI-01_b_-105_-26,2.139727870569483e-05,2.3365287329290105e-06,2.3365287329290105e-06,114
spatial_aggregation_order,reflectance_first,rolling_origin,AOI-01,sentinel2,2022;2023;2024,2025,R2025-H3,3,AOI-01_b_-105_-27,0.0001891767202620451,1.922605348409949e-05,1.0022629373046216e-05,849
spatial_aggregation_order,reflectance_first,rolling_origin,AOI-01,sentinel2,2022;2023;2024,2025,R2025-H3,3,AOI-01_b_-105_-28,0.0003153258255332911,4.552164784152293e-05,1.1514570111730867e-07,852
spatial_aggregation_order,reflectance_first,rolling_origin,AOI-01,sentinel2,2022;2023;2024,2025,R2025-H3,3,AOI-01_b_-105_-29,0.0002376790497100977,0.00013747416749559287,0.00013747416749559287,849
spatial_aggregation_order,reflectance_first,rolling_origin,AOI-01,sentinel2,2022;2023;2024,2025,R2025-H3,3,AOI-01_b_-105_-30,0.0018444855823685521,0.0009251904613465458,-0.0005185411480804345,645
spatial_aggregation_order,reflectance_first,rolling_origin,AOI-01,sentinel2,2022;2023;2024,2025,R2025-H3,3,AOI-01_b_-105_-31,0.0067448787980802435,0.006742957498982613,-0.006742957498982613,3
spatial_aggregation_order,reflectance_first,rolling_origin,AOI-01,sentinel2,2022;2023;2024,2025,R2025-H3,3,AOI-01_b_-106_-27,0.0,0.0,0.0,720
spatial_aggregation_order,reflectance_first,rolling_origin,AOI-01,sentinel2,2022;2023;2024,2025,R2025-H3,3,AOI-01_b_-106_-28,8.770971877619295e-05,2.611519111572236e-05,2.611519111572236e-05,849
spatial_aggregation_order,reflectance_first,rolling_origin,AOI-01,sentinel2,2022;2023;2024,2025,R2025-H3,3,AOI-01_b_-106_-29,0.0023959030813733477,0.0004205391211750684,-0.000349542584226578,843
spatial_aggregation_order,reflectance_first,rolling_origin,AOI-01,sentinel2,2022;2023;2024,2025,R2025-H3,3,AOI-01_b_-106_-30,0.002961906534104604,0.0018012475711995301,-0.0015115871499474583,726
spatial_aggregation_order,reflectance_first,rolling_origin,AOI-01,sentinel2,2022;2023;2024,2025,R2025-H3,3,AOI-01_b_-107_-27,7.84580120541696e-05,1.9546387832493438e-05,1.9546387832493438e-05,294
spatial_aggregation_order,reflectance_first,rolling_origin,AOI-01,sentinel2,2022;2023;2024,2025,R2025-H3,3,AOI-01_b_-107_-28,4.858746123728621e-05,1.01463468540103e-05,1.01463468540103e-05,618
spatial_aggregation_order,reflectance_first,rolling_origin,AOI-01,sentinel2,2022;2023;2024,2025,R2025-H3,3,AOI-01_b_-107_-29,0.0006436930281013055,0.0001533825304625898,-8.116413830184591e-05,666
spatial_aggregation_order,reflectance_first,rolling_origin,AOI-01,sentinel2,2022;2023;2024,2025,R2025-H3,3,AOI-01_b_-107_-30,0.002366448044697077,0.001630741818419649,-0.0013395212601576476,387
spatial_aggregation_order,reflectance_first,rolling_origin,AOI-01,sentinel2,2022;2023;2024,2025,R2025-H3,3,AOI-01_b_-108_-30,0.0032446360189288064,0.003244610711253036,-0.003244610711253036,3
spatial_aggregation_order,reflectance_first,rolling_origin,AOI-02,landsat,2023,2024,R2024-H1,1,AOI-02_b_-65_-110,0.021163203777347546,0.016423619103415082,0.013347131889191649,2
spatial_aggregation_order,reflectance_first,rolling_origin,AOI-02,landsat,2023,2024,R2024-H1,1,AOI-02_b_-66_-110,0.04050392636247971,0.03311746846958681,0.0019717123301339857,37
spatial_aggregation_order,reflectance_first,rolling_origin,AOI-02,landsat,2023,2024,R2024-H1,1,AOI-02_b_-66_-111,0.050096256766586,0.041292772831452274,0.021648729932530822,113
spatial_aggregation_order,reflectance_first,rolling_origin,AOI-02,landsat,2023,2024,R2024-H1,1,AOI-02_b_-66_-112,0.06354358245567132,0.04977980133455745,0.02715910332055078,92
spatial_aggregation_order,reflectance_first,rolling_origin,AOI-02,landsat,2023,2024,R2024-H1,1,AOI-02_b_-67_-111,0.06654109285451827,0.05407976583053881,0.03883039007996629,16
spatial_aggregation_order,reflectance_first,rolling_origin,AOI-02,landsat,2023,2024,R2024-H1,1,AOI-02_b_-67_-112,0.05759638337022963,0.04542077230289166,0.0236291541574347,201
spatial_aggregation_order,reflectance_first,rolling_origin,AOI-02,landsat,2023,2024,R2024-H1,1,AOI-02_b_-67_-113,0.06619835839957112,0.05110959064475816,0.04174133466723101,31
spatial_aggregation_order,reflectance_first,rolling_origin,AOI-02,landsat,2023,2024,R2024-H1,1,AOI-02_b_-68_-109,0.044783262186477164,0.042203878526022864,-0.042203878526022864,2
spatial_aggregation_order,reflectance_first,rolling_origin,AOI-02,landsat,2023,2024,R2024-H1,1,AOI-02_b_-68_-112,0.08498201355156043,0.05904855424891368,0.04554553648455739,80
spatial_aggregation_order,reflectance_first,rolling_origin,AOI-02,landsat,2023,2024,R2024-H1,1,AOI-02_b_-69_-108,0.04930283933312939,0.036842010526290325,-0.010086103803919519,23
spatial_aggregation_order,reflectance_first,rolling_origin,AOI-02,landsat,2023,2024,R2024-H1,1,AOI-02_b_-69_-109,0.04756870705871016,0.036472247913244535,0.004221933383195511,151
spatial_aggregation_order,reflectance_first,rolling_origin,AOI-02,landsat,2023,2024,R2024-H1,1,AOI-02_b_-69_-110,0.041290510789482086,0.03680707870284339,0.010577456428404464,3
spatial_aggregation_order,reflectance_first,rolling_origin,AOI-02,landsat,2023,2024,R2024-H1,1,AOI-02_b_-69_-112,0.06606626218234854,0.05138240265615388,0.0451320354325368,12
spatial_aggregation_order,reflectance_first,rolling_origin,AOI-02,landsat,2023,2024,R2024-H1,1,AOI-02_b_-69_-113,0.05405779072970475,0.04461714964891512,0.039095450099771764,29
spatial_aggregation_order,reflectance_first,rolling_origin,AOI-02,landsat,2023,2024,R2024-H1,1,AOI-02_b_-70_-108,0.036462060295321216,0.030704503929168497,-0.01782797602748821,20
spatial_aggregation_order,reflectance_first,rolling_origin,AOI-02,landsat,2023,2024,R2024-H1,1,AOI-02_b_-70_-109,0.05045703742389252,0.04043188827895685,-0.010105974266856974,37
spatial_aggregation_order,reflectance_first,rolling_origin,AOI-02,landsat,2023,2024,R2024-H1,1,AOI-02_b_-70_-110,0.07509573727264857,0.07264054037790801,0.019045252692683645,2
spatial_aggregation_order,reflectance_first,rolling_origin,AOI-02,landsat,2023,2024,R2024-H1,1,AOI-02_b_-70_-111,0.09167475627042411,0.07705575699665208,0.007611503198228268,3
spatial_aggregation_order,reflectance_first,rolling_origin,AOI-02,landsat,2023,2024,R2024-H1,1,AOI-02_b_-70_-112,0.06817180814136636,0.0611318512215163,-0.05143552746969138,5
spatial_aggregation_order,reflectance_first,rolling_origin,AOI-02,landsat,2023,2024,R2024-H1,1,AOI-02_b_-71_-108,0.07312150120877142,0.04844448700519359,0.032204480313595116,4
spatial_aggregation_order,reflectance_first,rolling_origin,AOI-02,landsat,2023,2024,R2024-H1,1,AOI-02_b_-71_-109,0.07649479930835754,0.061429079444944114,0.03961612778886054,92
spatial_aggregation_order,reflectance_first,rolling_origin,AOI-02,landsat,2023,2024,R2024-H1,1,AOI-02_b_-71_-110,0.04075559842871159,0.031350944717399604,-0.02480938923095058,4
spatial_aggregation_order,reflectance_first,rolling_origin,AOI-02,landsat,2023,2024,R2024-H1,1,AOI-02_b_-71_-111,0.05100513465765778,0.045964609723598775,-0.03681574171075475,31
spatial_aggregation_order,reflectance_first,rolling_origin,AOI-02,landsat,2023,2024,R2024-H1,1,AOI-02_b_-71_-112,0.06501166523846302,0.050642643566600115,0.022373772343891554,22
spatial_aggregation_order,reflectance_first,rolling_origin,AOI-02,landsat,2023,2024,R2024-H1,1,AOI-02_b_-72_-108,0.05872896639729403,0.04850324571699309,0.04448170007069824,7
spatial_aggregation_order,reflectance_first,rolling_origin,AOI-02,landsat,2023,2024,R2024-H1,1,AOI-02_b_-72_-109,0.06457059847577679,0.050343372801463504,-0.005428655537130955,205
spatial_aggregation_order,reflectance_first,rolling_origin,AOI-02,landsat,2023,2024,R2024-H1,1,AOI-02_b_-72_-110,0.0637863497215441,0.04871338537787396,-0.002237486216039984,127
spatial_aggregation_order,reflectance_first,rolling_origin,AOI-02,landsat,2023,2024,R2024-H1,1,AOI-02_b_-72_-111,0.06909659608229622,0.05357186238806656,-0.01371192037330327,168
spatial_aggregation_order,reflectance_first,rolling_origin,AOI-02,landsat,2023,2024,R2024-H1,1,AOI-02_b_-72_-112,0.07357818555027748,0.0548804584315552,0.03478700632197264,16
spatial_aggregation_order,reflectance_first,rolling_origin,AOI-02,landsat,2023,2024,R2024-H1,1,AOI-02_b_-73_-111,0.04665695637684542,0.04019857992660066,-0.01893843593584935,7
spatial_aggregation_order,reflectance_first,rolling_origin,AOI-02,landsat,2022;2023,2024,R2024-H2,2,AOI-02_b_-65_-110,0.015014851618579149,0.014790912178578558,-0.0025835413783265315,2
spatial_aggregation_order,reflectance_first,rolling_origin,AOI-02,landsat,2022;2023,2024,R2024-H2,2,AOI-02_b_-66_-110,0.042404922370225716,0.03312514565953288,-0.011255139269130314,37
spatial_aggregation_order,reflectance_first,rolling_origin,AOI-02,landsat,2022;2023,2024,R2024-H2,2,AOI-02_b_-66_-111,0.044496410932337985,0.036637006761054976,0.009710553332533142,113
spatial_aggregation_order,reflectance_first,rolling_origin,AOI-02,landsat,2022;2023,2024,R2024-H2,2,AOI-02_b_-66_-112,0.056846671491986356,0.04410943742194176,0.015429551604646555,92
spatial_aggregation_order,reflectance_first,rolling_origin,AOI-02,landsat,2022;2023,2024,R2024-H2,2,AOI-02_b_-67_-111,0.06077604205359846,0.05123597331011426,0.025253105530007276,16
spatial_aggregation_order,reflectance_first,rolling_origin,AOI-02,landsat,2022;2023,2024,R2024-H2,2,AOI-02_b_-67_-112,0.05495065879307877,0.04328060838447396,0.02001425426143539,201
spatial_aggregation_order,reflectance_first,rolling_origin,AOI-02,landsat,2022;2023,2024,R2024-H2,2,AOI-02_b_-67_-113,0.05639736438909411,0.04268307144138145,0.032616727215449975,31
spatial_aggregation_order,reflectance_first,rolling_origin,AOI-02,landsat,2022;2023,2024,R2024-H2,2,AOI-02_b_-68_-109,0.06277808754393228,0.0612223209857784,-0.0612223209857784,2
spatial_aggregation_order,reflectance_first,rolling_origin,AOI-02,landsat,2022;2023,2024,R2024-H2,2,AOI-02_b_-68_-112,0.07840322143656218,0.05546291191174261,0.04009409225139561,80
spatial_aggregation_order,reflectance_first,rolling_origin,AOI-02,landsat,2022;2023,2024,R2024-H2,2,AOI-02_b_-69_-108,0.05418461218712211,0.03929103798379254,-0.02731107331730286,23
spatial_aggregation_order,reflectance_first,rolling_origin,AOI-02,landsat,2022;2023,2024,R2024-H2,2,AOI-02_b_-69_-109,0.04874206384205587,0.037415252823468234,-0.015274312873554049,151
spatial_aggregation_order,reflectance_first,rolling_origin,AOI-02,landsat,2022;2023,2024,R2024-H2,2,AOI-02_b_-69_-110,0.040354152781564366,0.034571244920278965,-0.008687955986869,3
spatial_aggregation_order,reflectance_first,rolling_origin,AOI-02,landsat,2022;2023,2024,R2024-H2,2,AOI-02_b_-69_-112,0.05622615023531572,0.04338416181409355,0.033801037296004456,12
spatial_aggregation_order,reflectance_first,rolling_origin,AOI-02,landsat,2022;2023,2024,R2024-H2,2,AOI-02_b_-69_-113,0.0428283556568422,0.03386138911455939,0.021383857855912347,29
spatial_aggregation_order,reflectance_first,rolling_origin,AOI-02,landsat,2022;2023,2024,R2024-H2,2,AOI-02_b_-70_-108,0.04724878796245693,0.040905307328071225,-0.036078036276931236,20
spatial_aggregation_order,reflectance_first,rolling_origin,AOI-02,landsat,2022;2023,2024,R2024-H2,2,AOI-02_b_-70_-109,0.05738219986425706,0.0440991816848226,-0.028451566747358298,37
spatial_aggregation_order,reflectance_first,rolling_origin,AOI-02,landsat,2022;2023,2024,R2024-H2,2,AOI-02_b_-70_-110,0.0689223266726208,0.06889879707809182,-0.0018007984782817954,2
spatial_aggregation_order,reflectance_first,rolling_origin,AOI-02,landsat,2022;2023,2024,R2024-H2,2,AOI-02_b_-70_-111,0.0895795913950956,0.08230520295689163,-0.01271888640189415,3
spatial_aggregation_order,reflectance_first,rolling_origin,AOI-02,landsat,2022;2023,2024,R2024-H2,2,AOI-02_b_-70_-112,0.08278621001435336,0.07190437122586199,-0.07101815025181743,5
spatial_aggregation_order,reflectance_first,rolling_origin,AOI-02,landsat,2022;2023,2024,R2024-H2,2,AOI-02_b_-71_-108,0.0702604714139428,0.05153655809653618,0.015390990233134061,4
spatial_aggregation_order,reflectance_first,rolling_origin,AOI-02,landsat,2022;2023,2024,R2024-H2,2,AOI-02_b_-71_-109,0.07051865786917282,0.05624065473422867,0.02556940360372494,92
spatial_aggregation_order,reflectance_first,rolling_origin,AOI-02,landsat,2022;2023,2024,R2024-H2,2,AOI-02_b_-71_-110,0.0564781872098611,0.04683261905714156,-0.04683261905714156,4
spatial_aggregation_order,reflectance_first,rolling_origin,AOI-02,landsat,2022;2023,2024,R2024-H2,2,AOI-02_b_-71_-111,0.06481544634521218,0.05885787928549433,-0.05490525777712565,31
spatial_aggregation_order,reflectance_first,rolling_origin,AOI-02,landsat,2022;2023,2024,R2024-H2,2,AOI-02_b_-71_-112,0.0594926831182943,0.0488983184778557,0.004360106054550592,22
spatial_aggregation_order,reflectance_first,rolling_origin,AOI-02,landsat,2022;2023,2024,R2024-H2,2,AOI-02_b_-72_-108,0.056410634916861706,0.04637471369823446,0.042180074619521904,7
spatial_aggregation_order,reflectance_first,rolling_origin,AOI-02,landsat,2022;2023,2024,R2024-H2,2,AOI-02_b_-72_-109,0.06586806850391606,0.05164411378714838,-0.016941846718657245,205
spatial_aggregation_order,reflectance_first,rolling_origin,AOI-02,landsat,2022;2023,2024,R2024-H2,2,AOI-02_b_-72_-110,0.06582812692624637,0.04960223883537508,-0.018210379494633982,127
spatial_aggregation_order,reflectance_first,rolling_origin,AOI-02,landsat,2022;2023,2024,R2024-H2,2,AOI-02_b_-72_-111,0.07385433757489893,0.05833416767332067,-0.03133081555671948,168
spatial_aggregation_order,reflectance_first,rolling_origin,AOI-02,landsat,2022;2023,2024,R2024-H2,2,AOI-02_b_-72_-112,0.06461440192335034,0.04567799667357464,0.019717047297374446,16
spatial_aggregation_order,reflectance_first,rolling_origin,AOI-02,landsat,2022;2023,2024,R2024-H2,2,AOI-02_b_-73_-111,0.05106652826213502,0.043971198241139,-0.0310263031169121,7
spatial_aggregation_order,reflectance_first,rolling_origin,AOI-02,landsat,2021;2022;2023,2024,R2024-H3,3,AOI-02_b_-65_-110,0.016438316119532226,0.014437636084163291,-0.007859573852756846,2
spatial_aggregation_order,reflectance_first,rolling_origin,AOI-02,landsat,2021;2022;2023,2024,R2024-H3,3,AOI-02_b_-66_-110,0.04399048417887377,0.034509215106141876,-0.015946133764958532,37
spatial_aggregation_order,reflectance_first,rolling_origin,AOI-02,landsat,2021;2022;2023,2024,R2024-H3,3,AOI-02_b_-66_-111,0.04353226261590738,0.035931362049532845,0.005298395205796156,113
spatial_aggregation_order,reflectance_first,rolling_origin,AOI-02,landsat,2021;2022;2023,2024,R2024-H3,3,AOI-02_b_-66_-112,0.055364242119882306,0.04311770735100338,0.011062534576492065,92
spatial_aggregation_order,reflectance_first,rolling_origin,AOI-02,landsat,2021;2022;2023,2024,R2024-H3,3,AOI-02_b_-67_-111,0.059323331226417725,0.05137053468603197,0.020486286290440546,16
spatial_aggregation_order,reflectance_first,rolling_origin,AOI-02,landsat,2021;2022;2023,2024,R2024-H3,3,AOI-02_b_-67_-112,0.05388421776093596,0.042262074824326784,0.01740304071452281,201
spatial_aggregation_order,reflectance_first,rolling_origin,AOI-02,landsat,2021;2022;2023,2024,R2024-H3,3,AOI-02_b_-67_-113,0.05342214416565273,0.040477091893602456,0.02881335362005122,31
spatial_aggregation_order,reflectance_first,rolling_origin,AOI-02,landsat,2021;2022;2023,2024,R2024-H3,3,AOI-02_b_-68_-109,0.06854017806453995,0.06716646788055924,-0.06716646788055924,2
spatial_aggregation_order,reflectance_first,rolling_origin,AOI-02,landsat,2021;2022;2023,2024,R2024-H3,3,AOI-02_b_-68_-112,0.07615980751318464,0.05408520546656033,0.03708549739814834,80
spatial_aggregation_order,reflectance_first,rolling_origin,AOI-02,landsat,2021;2022;2023,2024,R2024-H3,3,AOI-02_b_-69_-108,0.05693091141827045,0.0417871126601856,-0.03286715845507413,23
spatial_aggregation_order,reflectance_first,rolling_origin,AOI-02,landsat,2021;2022;2023,2024,R2024-H3,3,AOI-02_b_-69_-109,0.05076175451582924,0.0387946529550019,-0.02132184431134818,151
spatial_aggregation_order,reflectance_first,rolling_origin,AOI-02,landsat,2021;2022;2023,2024,R2024-H3,3,AOI-02_b_-69_-110,0.04195355662568414,0.03653292099736508,-0.014685540874712891,3
spatial_aggregation_order,reflectance_first,rolling_origin,AOI-02,landsat,2021;2022;2023,2024,R2024-H3,3,AOI-02_b_-69_-112,0.053266374628165115,0.04148664216179825,0.029520257087081822,12
spatial_aggregation_order,reflectance_first,rolling_origin,AOI-02,landsat,2021;2022;2023,2024,R2024-H3,3,AOI-02_b_-69_-113,0.04029968622926768,0.03186601890630163,0.01572247998307569,29
spatial_aggregation_order,reflectance_first,rolling_origin,AOI-02,landsat,2021;2022;2023,2024,R2024-H3,3,AOI-02_b_-70_-108,0.05163504509685742,0.0447943634665494,-0.04185592487872143,20
spatial_aggregation_order,reflectance_first,rolling_origin,AOI-02,landsat,2021;2022;2023,2024,R2024-H3,3,AOI-02_b_-70_-109,0.060578084692870536,0.0461877829712963,-0.034250126084946576,37
spatial_aggregation_order,reflectance_first,rolling_origin,AOI-02,landsat,2021;2022;2023,2024,R2024-H3,3,AOI-02_b_-70_-110,0.06857406468641289,0.06808917935726544,-0.008140393238073806,2
spatial_aggregation_order,reflectance_first,rolling_origin,AOI-02,landsat,2021;2022;2023,2024,R2024-H3,3,AOI-02_b_-70_-111,0.09011355214001512,0.08405072954084943,-0.018946905162946687,3
spatial_aggregation_order,reflectance_first,rolling_origin,AOI-02,landsat,2021;2022;2023,2024,R2024-H3,3,AOI-02_b_-70_-112,0.08782480977411791,0.07708437136445154,-0.07708437136445154,5
spatial_aggregation_order,reflectance_first,rolling_origin,AOI-02,landsat,2021;2022;2023,2024,R2024-H3,3,AOI-02_b_-71_-108,0.06989464034386618,0.05303065488274257,0.00992393873929713,4
spatial_aggregation_order,reflectance_first,rolling_origin,AOI-02,landsat,2021;2022;2023,2024,R2024-H3,3,AOI-02_b_-71_-109,0.06903334725150076,0.05491683934637096,0.020701009612219493,92
spatial_aggregation_order,reflectance_first,rolling_origin,AOI-02,landsat,2021;2022;2023,2024,R2024-H3,3,AOI-02_b_-71_-110,0.06197203690703701,0.05342692522375189,-0.05342692522375189,4
spatial_aggregation_order,reflectance_first,rolling_origin,AOI-02,landsat,2021;2022;2023,2024,R2024-H3,3,AOI-02_b_-71_-111,0.06966206132613185,0.06323399708683367,-0.060648408716501324,31
spatial_aggregation_order,reflectance_first,rolling_origin,AOI-02,landsat,2021;2022;2023,2024,R2024-H3,3,AOI-02_b_-71_-112,0.059032181983324224,0.04896139306402505,-0.0013666329295722425,22
spatial_aggregation_order,reflectance_first,rolling_origin,AOI-02,landsat,2021;2022;2023,2024,R2024-H3,3,AOI-02_b_-72_-108,0.05458396231298801,0.044607695497765394,0.03985302013367834,7
spatial_aggregation_order,reflectance_first,rolling_origin,AOI-02,landsat,2021;2022;2023,2024,R2024-H3,3,AOI-02_b_-72_-109,0.06703980120689379,0.05263159707282712,-0.021262048851004092,205
spatial_aggregation_order,reflectance_first,rolling_origin,AOI-02,landsat,2021;2022;2023,2024,R2024-H3,3,AOI-02_b_-72_-110,0.06744069034332767,0.050723563525690275,-0.023495547301555536,127
spatial_aggregation_order,reflectance_first,rolling_origin,AOI-02,landsat,2021;2022;2023,2024,R2024-H3,3,AOI-02_b_-72_-111,0.0762813752867856,0.06097916130773579,-0.03697213615229531,168
spatial_aggregation_order,reflectance_first,rolling_origin,AOI-02,landsat,2021;2022;2023,2024,R2024-H3,3,AOI-02_b_-72_-112,0.06257385856595002,0.04355312290356839,0.014627251410491374,16
spatial_aggregation_order,reflectance_first,rolling_origin,AOI-02,landsat,2021;2022;2023,2024,R2024-H3,3,AOI-02_b_-73_-111,0.053545631749602196,0.04557137145557984,-0.0354708504636891,7
spatial_aggregation_order,reflectance_first,rolling_origin,AOI-02,landsat,2024,2025,R2025-H1,1,AOI-02_b_-65_-110,0.03160398096191702,0.03015008155138027,0.03015008155138027,2
spatial_aggregation_order,reflectance_first,rolling_origin,AOI-02,landsat,2024,2025,R2025-H1,1,AOI-02_b_-66_-109,0.05094231275119171,0.04317121472025322,0.015220567985695621,15
spatial_aggregation_order,reflectance_first,rolling_origin,AOI-02,landsat,2024,2025,R2025-H1,1,AOI-02_b_-66_-110,0.06264863046363028,0.04868721779421524,0.008874771265813028,107
spatial_aggregation_order,reflectance_first,rolling_origin,AOI-02,landsat,2024,2025,R2025-H1,1,AOI-02_b_-66_-111,0.08168126567226335,0.061537526077982116,0.035294961116739534,138
spatial_aggregation_order,reflectance_first,rolling_origin,AOI-02,landsat,2024,2025,R2025-H1,1,AOI-02_b_-67_-109,0.08508415870579374,0.06479037021707353,0.04861529712630384,91
spatial_aggregation_order,reflectance_first,rolling_origin,AOI-02,landsat,2024,2025,R2025-H1,1,AOI-02_b_-67_-110,0.053004660858238906,0.04103449945344577,0.016182087587531774,408
spatial_aggregation_order,reflectance_first,rolling_origin,AOI-02,landsat,2024,2025,R2025-H1,1,AOI-02_b_-67_-111,0.06105952306527106,0.04789043353302295,0.004547722339401274,287
spatial_aggregation_order,reflectance_first,rolling_origin,AOI-02,landsat,2024,2025,R2025-H1,1,AOI-02_b_-67_-112,0.07134814991514059,0.05450615744084564,0.042183967836106465,135
spatial_aggregation_order,reflectance_first,rolling_origin,AOI-02,landsat,2024,2025,R2025-H1,1,AOI-02_b_-67_-113,0.06969020196221037,0.06632375113327894,0.04264699772984081,14
spatial_aggregation_order,reflectance_first,rolling_origin,AOI-02,landsat,2024,2025,R2025-H1,1,AOI-02_b_-68_-109,0.06753023672447113,0.054569647506640326,0.0018379085808900466,230
spatial_aggregation_order,reflectance_first,rolling_origin,AOI-02,landsat,2024,2025,R2025-H1,1,AOI-02_b_-68_-110,0.0586335790305741,0.04611476853036767,-0.009954748389006075,218
spatial_aggregation_order,reflectance_first,rolling_origin,AOI-02,landsat,2024,2025,R2025-H1,1,AOI-02_b_-68_-111,0.05237133749441418,0.04128802764000261,-0.002859835482950537,358
spatial_aggregation_order,reflectance_first,rolling_origin,AOI-02,landsat,2024,2025,R2025-H1,1,AOI-02_b_-68_-112,0.06979375024832085,0.05473487940014421,0.04040971387425557,367
spatial_aggregation_order,reflectance_first,rolling_origin,AOI-02,landsat,2024,2025,R2025-H1,1,AOI-02_b_-68_-113,0.03289973968588272,0.027878355282214523,-0.0011369902418815747,4
spatial_aggregation_order,reflectance_first,rolling_origin,AOI-02,landsat,2024,2025,R2025-H1,1,AOI-02_b_-69_-108,0.06013718330428177,0.052666304992081026,0.019272746755242886,12
spatial_aggregation_order,reflectance_first,rolling_origin,AOI-02,landsat,2024,2025,R2025-H1,1,AOI-02_b_-69_-109,0.045120671694019156,0.038505104063296026,-0.015545018450598766,32
spatial_aggregation_order,reflectance_first,rolling_origin,AOI-02,landsat,2024,2025,R2025-H1,1,AOI-02_b_-69_-110,0.050943185122741715,0.037123161783287985,-0.0007677761877204043,322
spatial_aggregation_order,reflectance_first,rolling_origin,AOI-02,landsat,2024,2025,R2025-H1,1,AOI-02_b_-69_-111,0.05592888479665079,0.04333593618113381,-0.018675358388731345,602
spatial_aggregation_order,reflectance_first,rolling_origin,AOI-02,landsat,2024,2025,R2025-H1,1,AOI-02_b_-69_-112,0.06200825832473429,0.047689942441965054,0.012552119237395302,597
spatial_aggregation_order,reflectance_first,rolling_origin,AOI-02,landsat,2024,2025,R2025-H1,1,AOI-02_b_-69_-113,0.06324233844271113,0.04897342883418293,0.03383218401098739,106
spatial_aggregation_order,reflectance_first,rolling_origin,AOI-02,landsat,2024,2025,R2025-H1,1,AOI-02_b_-70_-108,0.05030136185185201,0.04109262644962843,0.016427816830281727,107
spatial_aggregation_order,reflectance_first,rolling_origin,AOI-02,landsat,2024,2025,R2025-H1,1,AOI-02_b_-70_-109,0.05046400994270116,0.03537730745139396,0.009204408867132507,146
spatial_aggregation_order,reflectance_first,rolling_origin,AOI-02,landsat,2024,2025,R2025-H1,1,AOI-02_b_-70_-110,0.04580422393668034,0.03689411651376312,0.016423603837519098,232
spatial_aggregation_order,reflectance_first,rolling_origin,AOI-02,landsat,2024,2025,R2025-H1,1,AOI-02_b_-70_-111,0.05679664611527048,0.04480902697108133,0.004731818046575158,491
spatial_aggregation_order,reflectance_first,rolling_origin,AOI-02,landsat,2024,2025,R2025-H1,1,AOI-02_b_-70_-112,0.05364161118820634,0.042150393399567755,0.003685020887571032,304
spatial_aggregation_order,reflectance_first,rolling_origin,AOI-02,landsat,2024,2025,R2025-H1,1,AOI-02_b_-71_-108,0.0493603192773569,0.039368825283405275,-0.01415058743873917,42
spatial_aggregation_order,reflectance_first,rolling_origin,AOI-02,landsat,2024,2025,R2025-H1,1,AOI-02_b_-71_-109,0.06455366551443974,0.050007500169150655,0.034961347418214855,296
spatial_aggregation_order,reflectance_first,rolling_origin,AOI-02,landsat,2024,2025,R2025-H1,1,AOI-02_b_-71_-110,0.04278153406572998,0.0332857714828908,0.00020046620030113115,257
spatial_aggregation_order,reflectance_first,rolling_origin,AOI-02,landsat,2024,2025,R2025-H1,1,AOI-02_b_-71_-111,0.0520799268481374,0.03954496624945622,0.017836322428853368,288
spatial_aggregation_order,reflectance_first,rolling_origin,AOI-02,landsat,2024,2025,R2025-H1,1,AOI-02_b_-71_-112,0.06953970879178993,0.047589009484392555,0.01804167210030451,120
spatial_aggregation_order,reflectance_first,rolling_origin,AOI-02,landsat,2024,2025,R2025-H1,1,AOI-02_b_-72_-108,0.06588219617319832,0.05600267378836935,0.043638766912415035,7
spatial_aggregation_order,reflectance_first,rolling_origin,AOI-02,landsat,2024,2025,R2025-H1,1,AOI-02_b_-72_-109,0.05750481652524105,0.044934921755191565,0.01921193967137715,409
spatial_aggregation_order,reflectance_first,rolling_origin,AOI-02,landsat,2024,2025,R2025-H1,1,AOI-02_b_-72_-110,0.04772218715423894,0.03725552503972009,0.01627845523349162,380
spatial_aggregation_order,reflectance_first,rolling_origin,AOI-02,landsat,2024,2025,R2025-H1,1,AOI-02_b_-72_-111,0.06015199413897033,0.04887621107916689,0.03976274391159732,438
spatial_aggregation_order,reflectance_first,rolling_origin,AOI-02,landsat,2024,2025,R2025-H1,1,AOI-02_b_-72_-112,0.09426990938300082,0.07898857649558788,0.05745887921091004,31
spatial_aggregation_order,reflectance_first,rolling_origin,AOI-02,landsat,2024,2025,R2025-H1,1,AOI-02_b_-73_-111,0.027556194470603933,0.02522484808545557,0.0068186278543643465,7
spatial_aggregation_order,reflectance_first,rolling_origin,AOI-02,landsat,2023;2024,2025,R2025-H2,2,AOI-02_b_-65_-110,0.043309974913084415,0.04223059367530296,0.04223059367530296,2
spatial_aggregation_order,reflectance_first,rolling_origin,AOI-02,landsat,2023;2024,2025,R2025-H2,2,AOI-02_b_-66_-109,0.05584787806858577,0.04570952892171387,0.027430513757652483,15
spatial_aggregation_order,reflectance_first,rolling_origin,AOI-02,landsat,2023;2024,2025,R2025-H2,2,AOI-02_b_-66_-110,0.06589724187325001,0.05161119505708854,0.02096375545299375,107
spatial_aggregation_order,reflectance_first,rolling_origin,AOI-02,landsat,2023;2024,2025,R2025-H2,2,AOI-02_b_-66_-111,0.08841005152564001,0.0692067791651808,0.04775335570440555,138
spatial_aggregation_order,reflectance_first,rolling_origin,AOI-02,landsat,2023;2024,2025,R2025-H2,2,AOI-02_b_-67_-109,0.09316457795184994,0.07264779257250245,0.06116943623373624,91
spatial_aggregation_order,reflectance_first,rolling_origin,AOI-02,landsat,2023;2024,2025,R2025-H2,2,AOI-02_b_-67_-110,0.05836579027834562,0.04522029219363923,0.028700093669535954,408
spatial_aggregation_order,reflectance_first,rolling_origin,AOI-02,landsat,2023;2024,2025,R2025-H2,2,AOI-02_b_-67_-111,0.06372182409056318,0.05108776019114329,0.01771388309363742,287
spatial_aggregation_order,reflectance_first,rolling_origin,AOI-02,landsat,2023;2024,2025,R2025-H2,2,AOI-02_b_-67_-112,0.07829526534058608,0.060170058371949074,0.051977354891336466,135
spatial_aggregation_order,reflectance_first,rolling_origin,AOI-02,landsat,2023;2024,2025,R2025-H2,2,AOI-02_b_-67_-113,0.07599407382743106,0.07170706437665977,0.05218883999513518,14
spatial_aggregation_order,reflectance_first,rolling_origin,AOI-02,landsat,2023;2024,2025,R2025-H2,2,AOI-02_b_-68_-109,0.06925989354296529,0.05753815652523172,0.014711165512857744,230
spatial_aggregation_order,reflectance_first,rolling_origin,AOI-02,landsat,2023;2024,2025,R2025-H2,2,AOI-02_b_-68_-110,0.05715397201690173,0.045047056113746674,0.0020020769289204113,218
spatial_aggregation_order,reflectance_first,rolling_origin,AOI-02,landsat,2023;2024,2025,R2025-H2,2,AOI-02_b_-68_-111,0.053405234333694034,0.042104424963333865,0.010050693923030082,358
spatial_aggregation_order,reflectance_first,rolling_origin,AOI-02,landsat,2023;2024,2025,R2025-H2,2,AOI-02_b_-68_-112,0.07694239376777533,0.06163098722019223,0.05075299007435735,367
spatial_aggregation_order,reflectance_first,rolling_origin,AOI-02,landsat,2023;2024,2025,R2025-H2,2,AOI-02_b_-68_-113,0.034909139571730446,0.03405530205952849,0.010504958290772151,4
spatial_aggregation_order,reflectance_first,rolling_origin,AOI-02,landsat,2023;2024,2025,R2025-H2,2,AOI-02_b_-69_-108,0.06565205839245859,0.055273637059559705,0.03161854677854856,12
spatial_aggregation_order,reflectance_first,rolling_origin,AOI-02,landsat,2023;2024,2025,R2025-H2,2,AOI-02_b_-69_-109,0.04238186778117777,0.036238919076805036,-0.0028450411734930042,32
spatial_aggregation_order,reflectance_first,rolling_origin,AOI-02,landsat,2023;2024,2025,R2025-H2,2,AOI-02_b_-69_-110,0.05253239384809591,0.03884878076284192,0.011908021541058866,322
spatial_aggregation_order,reflectance_first,rolling_origin,AOI-02,landsat,2023;2024,2025,R2025-H2,2,AOI-02_b_-69_-111,0.05319551957882598,0.04144747578782557,-0.005818367748567416,602
spatial_aggregation_order,reflectance_first,rolling_origin,AOI-02,landsat,2023;2024,2025,R2025-H2,2,AOI-02_b_-69_-112,0.06559545372493852,0.051434124856057674,0.02477306146948272,597
spatial_aggregation_order,reflectance_first,rolling_origin,AOI-02,landsat,2023;2024,2025,R2025-H2,2,AOI-02_b_-69_-113,0.07108429543501985,0.0562774355583119,0.04661170867460417,106
spatial_aggregation_order,reflectance_first,rolling_origin,AOI-02,landsat,2023;2024,2025,R2025-H2,2,AOI-02_b_-70_-108,0.05617515252165036,0.045283071886506286,0.02975364229803904,107
spatial_aggregation_order,reflectance_first,rolling_origin,AOI-02,landsat,2023;2024,2025,R2025-H2,2,AOI-02_b_-70_-109,0.05467206305874088,0.04009046384788273,0.022451676666975978,146
spatial_aggregation_order,reflectance_first,rolling_origin,AOI-02,landsat,2023;2024,2025,R2025-H2,2,AOI-02_b_-70_-110,0.05207300150384464,0.04352004858048279,0.029291702406222402,232
spatial_aggregation_order,reflectance_first,rolling_origin,AOI-02,landsat,2023;2024,2025,R2025-H2,2,AOI-02_b_-70_-111,0.059553920081034294,0.048000257606206416,0.0174815142970077,491
spatial_aggregation_order,reflectance_first,rolling_origin,AOI-02,landsat,2023;2024,2025,R2025-H2,2,AOI-02_b_-70_-112,0.05622607046343092,0.04451515014538996,0.016502460731011026,304
spatial_aggregation_order,reflectance_first,rolling_origin,AOI-02,landsat,2023;2024,2025,R2025-H2,2,AOI-02_b_-71_-108,0.046924793623501125,0.03616384222596623,-0.0020409867394086292,42
spatial_aggregation_order,reflectance_first,rolling_origin,AOI-02,landsat,2023;2024,2025,R2025-H2,2,AOI-02_b_-71_-109,0.07168237317637915,0.05697677805317817,0.04681958754888839,296
spatial_aggregation_order,reflectance_first,rolling_origin,AOI-02,landsat,2023;2024,2025,R2025-H2,2,AOI-02_b_-71_-110,0.04501183734773583,0.034833797246560834,0.013459865282143572,257
spatial_aggregation_order,reflectance_first,rolling_origin,AOI-02,landsat,2023;2024,2025,R2025-H2,2,AOI-02_b_-71_-111,0.05784926965383683,0.044729206824708136,0.030404876064159814,288
spatial_aggregation_order,reflectance_first,rolling_origin,AOI-02,landsat,2023;2024,2025,R2025-H2,2,AOI-02_b_-71_-112,0.07408120231987263,0.05229827517345812,0.030665431470074885,120
spatial_aggregation_order,reflectance_first,rolling_origin,AOI-02,landsat,2023;2024,2025,R2025-H2,2,AOI-02_b_-72_-108,0.07266912680204221,0.06111008458846651,0.05274056292051925,7
spatial_aggregation_order,reflectance_first,rolling_origin,AOI-02,landsat,2023;2024,2025,R2025-H2,2,AOI-02_b_-72_-109,0.06286013137067706,0.04971569372244665,0.031097261159517324,409
spatial_aggregation_order,reflectance_first,rolling_origin,AOI-02,landsat,2023;2024,2025,R2025-H2,2,AOI-02_b_-72_-110,0.05341813881308855,0.04189114672327806,0.02880805110218953,380
spatial_aggregation_order,reflectance_first,rolling_origin,AOI-02,landsat,2023;2024,2025,R2025-H2,2,AOI-02_b_-72_-111,0.06953297374662382,0.05821144526321682,0.05251217386559289,438
spatial_aggregation_order,reflectance_first,rolling_origin,AOI-02,landsat,2023;2024,2025,R2025-H2,2,AOI-02_b_-72_-112,0.10274376428240715,0.08738792562762442,0.06946226895121753,31
spatial_aggregation_order,reflectance_first,rolling_origin,AOI-02,landsat,2023;2024,2025,R2025-H2,2,AOI-02_b_-73_-111,0.03245277698243274,0.02715211936082176,0.017983390413765343,7
spatial_aggregation_order,reflectance_first,rolling_origin,AOI-02,landsat,2022;2023;2024,2025,R2025-H3,3,AOI-02_b_-65_-110,0.030297968469092624,0.028888616113560917,0.028888616113560917,2
spatial_aggregation_order,reflectance_first,rolling_origin,AOI-02,landsat,2022;2023;2024,2025,R2025-H3,3,AOI-02_b_-66_-109,0.050457741450047174,0.04294900543879322,0.013627104323706807,15
spatial_aggregation_order,reflectance_first,rolling_origin,AOI-02,landsat,2022;2023;2024,2025,R2025-H3,3,AOI-02_b_-66_-110,0.06136282535616141,0.04775517614450851,0.007591574925717116,107
spatial_aggregation_order,reflectance_first,rolling_origin,AOI-02,landsat,2022;2023;2024,2025,R2025-H3,3,AOI-02_b_-66_-111,0.07909524930210934,0.058984385346088734,0.033064224482342426,138
spatial_aggregation_order,reflectance_first,rolling_origin,AOI-02,landsat,2022;2023;2024,2025,R2025-H3,3,AOI-02_b_-67_-109,0.08277157328960091,0.06283676452320237,0.04613897512041204,91
spatial_aggregation_order,reflectance_first,rolling_origin,AOI-02,landsat,2022;2023;2024,2025,R2025-H3,3,AOI-02_b_-67_-110,0.0516542848466377,0.040068288537713534,0.013798447047844747,408
spatial_aggregation_order,reflectance_first,rolling_origin,AOI-02,landsat,2022;2023;2024,2025,R2025-H3,3,AOI-02_b_-67_-111,0.06019546550210486,0.046868453086875976,0.0005015604736428772,287
spatial_aggregation_order,reflectance_first,rolling_origin,AOI-02,landsat,2022;2023;2024,2025,R2025-H3,3,AOI-02_b_-67_-112,0.072280474981353,0.05586834812913046,0.04678899440242586,135
spatial_aggregation_order,reflectance_first,rolling_origin,AOI-02,landsat,2022;2023;2024,2025,R2025-H3,3,AOI-02_b_-67_-113,0.07288161820773789,0.06950130523689756,0.04789723846439264,14
spatial_aggregation_order,reflectance_first,rolling_origin,AOI-02,landsat,2022;2023;2024,2025,R2025-H3,3,AOI-02_b_-68_-109,0.06710220120009071,0.053781876357059756,-0.0014569529056977083,230
spatial_aggregation_order,reflectance_first,rolling_origin,AOI-02,landsat,2022;2023;2024,2025,R2025-H3,3,AOI-02_b_-68_-110,0.06071219880058605,0.048474983039800204,-0.010898956293196647,218
spatial_aggregation_order,reflectance_first,rolling_origin,AOI-02,landsat,2022;2023;2024,2025,R2025-H3,3,AOI-02_b_-68_-111,0.05234838768414179,0.04149648595688142,-0.006250301129435063,358
spatial_aggregation_order,reflectance_first,rolling_origin,AOI-02,landsat,2022;2023;2024,2025,R2025-H3,3,AOI-02_b_-68_-112,0.07001875934973079,0.05612030445583718,0.04360427088833622,367
spatial_aggregation_order,reflectance_first,rolling_origin,AOI-02,landsat,2022;2023;2024,2025,R2025-H3,3,AOI-02_b_-68_-113,0.03185156112450535,0.02689700991005163,-0.0012735369611298758,4
spatial_aggregation_order,reflectance_first,rolling_origin,AOI-02,landsat,2022;2023;2024,2025,R2025-H3,3,AOI-02_b_-69_-108,0.05814694445996465,0.05093266872481006,0.01733081597609663,12
spatial_aggregation_order,reflectance_first,rolling_origin,AOI-02,landsat,2022;2023;2024,2025,R2025-H3,3,AOI-02_b_-69_-109,0.0463880534509866,0.03946632972370709,-0.018395416394880702,32
spatial_aggregation_order,reflectance_first,rolling_origin,AOI-02,landsat,2022;2023;2024,2025,R2025-H3,3,AOI-02_b_-69_-110,0.05053409188129796,0.03664230273109656,-0.003556153419246981,322
spatial_aggregation_order,reflectance_first,rolling_origin,AOI-02,landsat,2022;2023;2024,2025,R2025-H3,3,AOI-02_b_-69_-111,0.05679530768429947,0.04422562591698956,-0.02192849672160524,602
spatial_aggregation_order,reflectance_first,rolling_origin,AOI-02,landsat,2022;2023;2024,2025,R2025-H3,3,AOI-02_b_-69_-112,0.06188219143923287,0.04780469021487619,0.010930449577268223,597
spatial_aggregation_order,reflectance_first,rolling_origin,AOI-02,landsat,2022;2023;2024,2025,R2025-H3,3,AOI-02_b_-69_-113,0.0611937014569923,0.04715512314161201,0.03077774645675805,106
spatial_aggregation_order,reflectance_first,rolling_origin,AOI-02,landsat,2022;2023;2024,2025,R2025-H3,3,AOI-02_b_-70_-108,0.04880469933621836,0.040120451023705594,0.011972113843210478,107
spatial_aggregation_order,reflectance_first,rolling_origin,AOI-02,landsat,2022;2023;2024,2025,R2025-H3,3,AOI-02_b_-70_-109,0.04932058265310536,0.03478611700790816,0.004950206854795389,146
spatial_aggregation_order,reflectance_first,rolling_origin,AOI-02,landsat,2022;2023;2024,2025,R2025-H3,3,AOI-02_b_-70_-110,0.044063074773814506,0.035161429279229654,0.013141973589248514,232
spatial_aggregation_order,reflectance_first,rolling_origin,AOI-02,landsat,2022;2023;2024,2025,R2025-H3,3,AOI-02_b_-70_-111,0.05582433350279274,0.043819203075207765,0.0017538905834801905,491
spatial_aggregation_order,reflectance_first,rolling_origin,AOI-02,landsat,2022;2023;2024,2025,R2025-H3,3,AOI-02_b_-70_-112,0.05296985641966046,0.04178696326985085,0.0005333306284882702,304
spatial_aggregation_order,reflectance_first,rolling_origin,AOI-02,landsat,2022;2023;2024,2025,R2025-H3,3,AOI-02_b_-71_-108,0.05104139240940428,0.04129806288933709,-0.01548666527855526,42
spatial_aggregation_order,reflectance_first,rolling_origin,AOI-02,landsat,2022;2023;2024,2025,R2025-H3,3,AOI-02_b_-71_-109,0.06435687051214575,0.04998519425964478,0.034270011217746435,296
spatial_aggregation_order,reflectance_first,rolling_origin,AOI-02,landsat,2022;2023;2024,2025,R2025-H3,3,AOI-02_b_-71_-110,0.04259673720014826,0.03326054222844735,-0.004084852636306378,257
spatial_aggregation_order,reflectance_first,rolling_origin,AOI-02,landsat,2022;2023;2024,2025,R2025-H3,3,AOI-02_b_-71_-111,0.050666569651556345,0.03851088903663322,0.015323027056846248,288
spatial_aggregation_order,reflectance_first,rolling_origin,AOI-02,landsat,2022;2023;2024,2025,R2025-H3,3,AOI-02_b_-71_-112,0.068286179144142,0.04688023815111058,0.015386773628297072,120
spatial_aggregation_order,reflectance_first,rolling_origin,AOI-02,landsat,2022;2023;2024,2025,R2025-H3,3,AOI-02_b_-72_-108,0.06915210132432276,0.05820889313664602,0.05001772941412983,7
spatial_aggregation_order,reflectance_first,rolling_origin,AOI-02,landsat,2022;2023;2024,2025,R2025-H3,3,AOI-02_b_-72_-109,0.05640372778680694,0.04423028554821029,0.01845113959715123,409
spatial_aggregation_order,reflectance_first,rolling_origin,AOI-02,landsat,2022;2023;2024,2025,R2025-H3,3,AOI-02_b_-72_-110,0.046795399438464294,0.036696854786691005,0.01386508680882833,380
spatial_aggregation_order,reflectance_first,rolling_origin,AOI-02,landsat,2022;2023;2024,2025,R2025-H3,3,AOI-02_b_-72_-111,0.05742566042620443,0.04643788602202002,0.03678549950074972,438
spatial_aggregation_order,reflectance_first,rolling_origin,AOI-02,landsat,2022;2023;2024,2025,R2025-H3,3,AOI-02_b_-72_-112,0.09168061505306078,0.07640968744154455,0.056395233233430445,31
spatial_aggregation_order,reflectance_first,rolling_origin,AOI-02,landsat,2022;2023;2024,2025,R2025-H3,3,AOI-02_b_-73_-111,0.027083501337069982,0.024527831288181028,0.007906066537092622,7
spatial_aggregation_order,reflectance_first,rolling_origin,AOI-02,modis,2023,2024,R2024-H1,1,AOI-02_b_-65_-110,0.06682767298561033,0.06352914822196083,-0.06352914822196083,6
spatial_aggregation_order,reflectance_first,rolling_origin,AOI-02,modis,2023,2024,R2024-H1,1,AOI-02_b_-66_-109,0.025924090677900014,0.022435092444549293,-0.0010208376823210921,24
spatial_aggregation_order,reflectance_first,rolling_origin,AOI-02,modis,2023,2024,R2024-H1,1,AOI-02_b_-66_-110,0.059210428894776596,0.046484961676010045,-0.035856776961025086,563
spatial_aggregation_order,reflectance_first,rolling_origin,AOI-02,modis,2023,2024,R2024-H1,1,AOI-02_b_-66_-111,0.06234782242541438,0.04822813704692989,-0.025310589944262368,332
spatial_aggregation_order,reflectance_first,rolling_origin,AOI-02,modis,2023,2024,R2024-H1,1,AOI-02_b_-66_-112,0.050168832276887204,0.039903327558983896,-0.020954239367181896,211
spatial_aggregation_order,reflectance_first,rolling_origin,AOI-02,modis,2023,2024,R2024-H1,1,AOI-02_b_-66_-113,0.04742211456780513,0.04431922791420767,-0.04431922791420767,6
spatial_aggregation_order,reflectance_first,rolling_origin,AOI-02,modis,2023,2024,R2024-H1,1,AOI-02_b_-67_-109,0.04470047657979347,0.036520107597712646,-0.029860448272692262,349
spatial_aggregation_order,reflectance_first,rolling_origin,AOI-02,modis,2023,2024,R2024-H1,1,AOI-02_b_-67_-110,0.054256468224776214,0.04314633881178474,-0.03350544126040551,767
spatial_aggregation_order,reflectance_first,rolling_origin,AOI-02,modis,2023,2024,R2024-H1,1,AOI-02_b_-67_-111,0.05737701592141648,0.0464511623729425,-0.03426806330998811,696
spatial_aggregation_order,reflectance_first,rolling_origin,AOI-02,modis,2023,2024,R2024-H1,1,AOI-02_b_-67_-112,0.05569275747728622,0.04234646077988827,-0.031102111820345557,657
spatial_aggregation_order,reflectance_first,rolling_origin,AOI-02,modis,2023,2024,R2024-H1,1,AOI-02_b_-67_-113,0.05178865627438697,0.04193839755953204,-0.028581443415110246,141
spatial_aggregation_order,reflectance_first,rolling_origin,AOI-02,modis,2023,2024,R2024-H1,1,AOI-02_b_-68_-109,0.04853302348550747,0.03869799919223,-0.01657163165705456,584
spatial_aggregation_order,reflectance_first,rolling_origin,AOI-02,modis,2023,2024,R2024-H1,1,AOI-02_b_-68_-110,0.05529409635339374,0.042561298344091725,-0.02099755907742873,819
spatial_aggregation_order,reflectance_first,rolling_origin,AOI-02,modis,2023,2024,R2024-H1,1,AOI-02_b_-68_-111,0.051225113218349556,0.04245549660722594,-0.02996770363986135,796
spatial_aggregation_order,reflectance_first,rolling_origin,AOI-02,modis,2023,2024,R2024-H1,1,AOI-02_b_-68_-112,0.05864207549114068,0.04481333358372239,-0.023796003834292544,777
spatial_aggregation_order,reflectance_first,rolling_origin,AOI-02,modis,2023,2024,R2024-H1,1,AOI-02_b_-68_-113,0.020242437107500642,0.015849945019374773,-0.015849945019374773,6
spatial_aggregation_order,reflectance_first,rolling_origin,AOI-02,modis,2023,2024,R2024-H1,1,AOI-02_b_-69_-108,0.04374576194308522,0.03278005410247376,0.014754983056183555,39
spatial_aggregation_order,reflectance_first,rolling_origin,AOI-02,modis,2023,2024,R2024-H1,1,AOI-02_b_-69_-109,0.037852647447252384,0.029842120351809026,0.00471999292245042,717
spatial_aggregation_order,reflectance_first,rolling_origin,AOI-02,modis,2023,2024,R2024-H1,1,AOI-02_b_-69_-110,0.05001482936695387,0.04058668237708088,-0.029299910704414414,786
spatial_aggregation_order,reflectance_first,rolling_origin,AOI-02,modis,2023,2024,R2024-H1,1,AOI-02_b_-69_-111,0.05303990596390878,0.04201927610464335,-0.03521631573158293,806
spatial_aggregation_order,reflectance_first,rolling_origin,AOI-02,modis,2023,2024,R2024-H1,1,AOI-02_b_-69_-112,0.045042840020354705,0.03729794891366719,-0.025403936140847162,795
spatial_aggregation_order,reflectance_first,rolling_origin,AOI-02,modis,2023,2024,R2024-H1,1,AOI-02_b_-69_-113,0.05170461988552215,0.041816483421998195,-0.027268255265560374,117
spatial_aggregation_order,reflectance_first,rolling_origin,AOI-02,modis,2023,2024,R2024-H1,1,AOI-02_b_-70_-108,0.050968321044455804,0.041570157270633665,-0.014622459151775926,364
spatial_aggregation_order,reflectance_first,rolling_origin,AOI-02,modis,2023,2024,R2024-H1,1,AOI-02_b_-70_-109,0.04140445787041643,0.03256575389010768,0.00454608918973521,807
spatial_aggregation_order,reflectance_first,rolling_origin,AOI-02,modis,2023,2024,R2024-H1,1,AOI-02_b_-70_-110,0.04687370330185427,0.036599475391844806,-0.010862211230611395,734
spatial_aggregation_order,reflectance_first,rolling_origin,AOI-02,modis,2023,2024,R2024-H1,1,AOI-02_b_-70_-111,0.034669452308239576,0.027064810701145494,-0.01723798988656304,816
spatial_aggregation_order,reflectance_first,rolling_origin,AOI-02,modis,2023,2024,R2024-H1,1,AOI-02_b_-70_-112,0.04605350561005652,0.036453283410937724,-0.02689974501687192,342
spatial_aggregation_order,reflectance_first,rolling_origin,AOI-02,modis,2023,2024,R2024-H1,1,AOI-02_b_-71_-108,0.053591230246274914,0.04296736481881922,-0.024072371662159333,155
spatial_aggregation_order,reflectance_first,rolling_origin,AOI-02,modis,2023,2024,R2024-H1,1,AOI-02_b_-71_-109,0.045729941403978284,0.037258903020735416,-0.027616067249330887,746
spatial_aggregation_order,reflectance_first,rolling_origin,AOI-02,modis,2023,2024,R2024-H1,1,AOI-02_b_-71_-110,0.059350137413173035,0.05069225354917044,-0.04809018736894641,798
spatial_aggregation_order,reflectance_first,rolling_origin,AOI-02,modis,2023,2024,R2024-H1,1,AOI-02_b_-71_-111,0.047525349693096526,0.03767076067013277,-0.022644348414608467,807
spatial_aggregation_order,reflectance_first,rolling_origin,AOI-02,modis,2023,2024,R2024-H1,1,AOI-02_b_-71_-112,0.044580194244734764,0.03527731140416184,-0.0061383438422413904,441
spatial_aggregation_order,reflectance_first,rolling_origin,AOI-02,modis,2023,2024,R2024-H1,1,AOI-02_b_-72_-108,0.049038879061334445,0.031632228355893216,-0.02313080204278717,9
spatial_aggregation_order,reflectance_first,rolling_origin,AOI-02,modis,2023,2024,R2024-H1,1,AOI-02_b_-72_-109,0.051567681866599095,0.04158582564837411,-0.03450651622296903,369
spatial_aggregation_order,reflectance_first,rolling_origin,AOI-02,modis,2023,2024,R2024-H1,1,AOI-02_b_-72_-110,0.05049538373600907,0.042055547328720834,-0.03337142459331134,651
spatial_aggregation_order,reflectance_first,rolling_origin,AOI-02,modis,2023,2024,R2024-H1,1,AOI-02_b_-72_-111,0.04195971240875203,0.03423352142628623,-0.020063354493471117,729
spatial_aggregation_order,reflectance_first,rolling_origin,AOI-02,modis,2023,2024,R2024-H1,1,AOI-02_b_-72_-112,0.05095699647982751,0.03897459708572343,-0.003796105785219781,138
spatial_aggregation_order,reflectance_first,rolling_origin,AOI-02,modis,2023,2024,R2024-H1,1,AOI-02_b_-73_-111,0.033633591786051326,0.025436573090817458,0.0008521828892709262,9
spatial_aggregation_order,reflectance_first,rolling_origin,AOI-02,modis,2022;2023,2024,R2024-H2,2,AOI-02_b_-65_-110,0.05150095700651895,0.04704830371399002,-0.04704830371399002,6
spatial_aggregation_order,reflectance_first,rolling_origin,AOI-02,modis,2022;2023,2024,R2024-H2,2,AOI-02_b_-66_-109,0.02900934094997752,0.02437538332193978,0.015887587183015337,24
spatial_aggregation_order,reflectance_first,rolling_origin,AOI-02,modis,2022;2023,2024,R2024-H2,2,AOI-02_b_-66_-110,0.05013065450551953,0.03900244280945408,-0.017495343784717707,563
spatial_aggregation_order,reflectance_first,rolling_origin,AOI-02,modis,2022;2023,2024,R2024-H2,2,AOI-02_b_-66_-111,0.05771814826868752,0.04483047332233512,-0.005389576936306813,332
spatial_aggregation_order,reflectance_first,rolling_origin,AOI-02,modis,2022;2023,2024,R2024-H2,2,AOI-02_b_-66_-112,0.04652396810846702,0.03602608869531909,1.0929582950900524e-05,211
spatial_aggregation_order,reflectance_first,rolling_origin,AOI-02,modis,2022;2023,2024,R2024-H2,2,AOI-02_b_-66_-113,0.03391712020771672,0.030758497804252587,-0.029476193736566514,6
spatial_aggregation_order,reflectance_first,rolling_origin,AOI-02,modis,2022;2023,2024,R2024-H2,2,AOI-02_b_-67_-109,0.03513677203030171,0.026949768699577072,-0.012677516251056575,349
spatial_aggregation_order,reflectance_first,rolling_origin,AOI-02,modis,2022;2023,2024,R2024-H2,2,AOI-02_b_-67_-110,0.04610759657415695,0.035832836311136096,-0.017658983152299447,767
spatial_aggregation_order,reflectance_first,rolling_origin,AOI-02,modis,2022;2023,2024,R2024-H2,2,AOI-02_b_-67_-111,0.05147841770285264,0.04087672668726572,-0.01962109692309475,696
spatial_aggregation_order,reflectance_first,rolling_origin,AOI-02,modis,2022;2023,2024,R2024-H2,2,AOI-02_b_-67_-112,0.04763485805565026,0.03437159886974856,-0.005658462786800316,657
spatial_aggregation_order,reflectance_first,rolling_origin,AOI-02,modis,2022;2023,2024,R2024-H2,2,AOI-02_b_-67_-113,0.044426605036307826,0.035398905124376004,-0.006514854557608521,141
spatial_aggregation_order,reflectance_first,rolling_origin,AOI-02,modis,2022;2023,2024,R2024-H2,2,AOI-02_b_-68_-109,0.044914917217616354,0.03486403304229577,-0.0032416188693759973,584
spatial_aggregation_order,reflectance_first,rolling_origin,AOI-02,modis,2022;2023,2024,R2024-H2,2,AOI-02_b_-68_-110,0.050177420289717875,0.03781869749163092,-0.003458304665987263,819
spatial_aggregation_order,reflectance_first,rolling_origin,AOI-02,modis,2022;2023,2024,R2024-H2,2,AOI-02_b_-68_-111,0.0450123897757951,0.03583792889399171,-0.015385577979891285,796
spatial_aggregation_order,reflectance_first,rolling_origin,AOI-02,modis,2022;2023,2024,R2024-H2,2,AOI-02_b_-68_-112,0.052877019719624545,0.0376861174801294,0.000489546188640997,777
spatial_aggregation_order,reflectance_first,rolling_origin,AOI-02,modis,2022;2023,2024,R2024-H2,2,AOI-02_b_-68_-113,0.012705556637329222,0.012019866880238242,0.001428382176887455,6
spatial_aggregation_order,reflectance_first,rolling_origin,AOI-02,modis,2022;2023,2024,R2024-H2,2,AOI-02_b_-69_-108,0.04874298527587776,0.0373933496606691,0.02748100565176958,39
spatial_aggregation_order,reflectance_first,rolling_origin,AOI-02,modis,2022;2023,2024,R2024-H2,2,AOI-02_b_-69_-109,0.04085266817798631,0.03112576464367835,0.016034155585431815,717
spatial_aggregation_order,reflectance_first,rolling_origin,AOI-02,modis,2022;2023,2024,R2024-H2,2,AOI-02_b_-69_-110,0.04343731979671516,0.033696255301017594,-0.015514109800770375,786
spatial_aggregation_order,reflectance_first,rolling_origin,AOI-02,modis,2022;2023,2024,R2024-H2,2,AOI-02_b_-69_-111,0.046444003026606104,0.03532996359986618,-0.02307574545864401,806
spatial_aggregation_order,reflectance_first,rolling_origin,AOI-02,modis,2022;2023,2024,R2024-H2,2,AOI-02_b_-69_-112,0.03976245101181568,0.03197222102282583,-0.009849287898411531,795
spatial_aggregation_order,reflectance_first,rolling_origin,AOI-02,modis,2022;2023,2024,R2024-H2,2,AOI-02_b_-69_-113,0.04421793643349958,0.034315292893553076,-0.012407122806912996,117
spatial_aggregation_order,reflectance_first,rolling_origin,AOI-02,modis,2022;2023,2024,R2024-H2,2,AOI-02_b_-70_-108,0.048677408207471365,0.03903937703192999,-0.004786166425337699,364
spatial_aggregation_order,reflectance_first,rolling_origin,AOI-02,modis,2022;2023,2024,R2024-H2,2,AOI-02_b_-70_-109,0.04423689464268803,0.03452122075081285,0.016088505705978036,807
spatial_aggregation_order,reflectance_first,rolling_origin,AOI-02,modis,2022;2023,2024,R2024-H2,2,AOI-02_b_-70_-110,0.0453698850378184,0.0340633961627113,0.0014412698231205633,734
spatial_aggregation_order,reflectance_first,rolling_origin,AOI-02,modis,2022;2023,2024,R2024-H2,2,AOI-02_b_-70_-111,0.030132804436459572,0.022947556597382495,-0.004702415722299905,816
spatial_aggregation_order,reflectance_first,rolling_origin,AOI-02,modis,2022;2023,2024,R2024-H2,2,AOI-02_b_-70_-112,0.04011032326655234,0.03154818155769189,-0.014226026439084908,342
spatial_aggregation_order,reflectance_first,rolling_origin,AOI-02,modis,2022;2023,2024,R2024-H2,2,AOI-02_b_-71_-108,0.050215675454281856,0.04042842490619212,-0.0098828006534865,155
spatial_aggregation_order,reflectance_first,rolling_origin,AOI-02,modis,2022;2023,2024,R2024-H2,2,AOI-02_b_-71_-109,0.037527216948678395,0.02941781298901084,-0.009148031881291508,746
spatial_aggregation_order,reflectance_first,rolling_origin,AOI-02,modis,2022;2023,2024,R2024-H2,2,AOI-02_b_-71_-110,0.0503072217593629,0.04141131668424946,-0.03663648899286114,798
spatial_aggregation_order,reflectance_first,rolling_origin,AOI-02,modis,2022;2023,2024,R2024-H2,2,AOI-02_b_-71_-111,0.042967310367043286,0.03250140575040308,-0.009323794162264677,807
spatial_aggregation_order,reflectance_first,rolling_origin,AOI-02,modis,2022;2023,2024,R2024-H2,2,AOI-02_b_-71_-112,0.04501110466930734,0.03462994006613078,0.007362495226268933,441
spatial_aggregation_order,reflectance_first,rolling_origin,AOI-02,modis,2022;2023,2024,R2024-H2,2,AOI-02_b_-72_-108,0.043996927287977064,0.03165041561887399,0.005462589922002452,9
spatial_aggregation_order,reflectance_first,rolling_origin,AOI-02,modis,2022;2023,2024,R2024-H2,2,AOI-02_b_-72_-109,0.04168796425163916,0.03186700695876758,-0.016067248182598342,369
spatial_aggregation_order,reflectance_first,rolling_origin,AOI-02,modis,2022;2023,2024,R2024-H2,2,AOI-02_b_-72_-110,0.04345279600006471,0.03573389708745371,-0.019320873234694627,651
spatial_aggregation_order,reflectance_first,rolling_origin,AOI-02,modis,2022;2023,2024,R2024-H2,2,AOI-02_b_-72_-111,0.03860820608159675,0.03064999204402168,-0.006358188246815183,729
spatial_aggregation_order,reflectance_first,rolling_origin,AOI-02,modis,2022;2023,2024,R2024-H2,2,AOI-02_b_-72_-112,0.05133344735602974,0.04143347963593556,0.011427990654281961,138
spatial_aggregation_order,reflectance_first,rolling_origin,AOI-02,modis,2022;2023,2024,R2024-H2,2,AOI-02_b_-73_-111,0.036869947304398534,0.02629392866190771,0.018121570290063713,9
spatial_aggregation_order,reflectance_first,rolling_origin,AOI-02,modis,2021;2022;2023,2024,R2024-H3,3,AOI-02_b_-65_-110,0.05078874882537953,0.04630135569541835,-0.04630135569541835,6
spatial_aggregation_order,reflectance_first,rolling_origin,AOI-02,modis,2021;2022;2023,2024,R2024-H3,3,AOI-02_b_-66_-109,0.029787495025296998,0.024847111480698614,0.01648961299445158,24
spatial_aggregation_order,reflectance_first,rolling_origin,AOI-02,modis,2021;2022;2023,2024,R2024-H3,3,AOI-02_b_-66_-110,0.05009498777491399,0.03899751340649875,-0.017385794224317224,563
spatial_aggregation_order,reflectance_first,rolling_origin,AOI-02,modis,2021;2022;2023,2024,R2024-H3,3,AOI-02_b_-66_-111,0.057532318510871906,0.04439576878197908,-0.005808624509784988,332
spatial_aggregation_order,reflectance_first,rolling_origin,AOI-02,modis,2021;2022;2023,2024,R2024-H3,3,AOI-02_b_-66_-112,0.04612787002482249,0.03550250028303491,-0.0007620196165658461,211
spatial_aggregation_order,reflectance_first,rolling_origin,AOI-02,modis,2021;2022;2023,2024,R2024-H3,3,AOI-02_b_-66_-113,0.03280787434411849,0.029890416035917522,-0.02817413348271149,6
spatial_aggregation_order,reflectance_first,rolling_origin,AOI-02,modis,2021;2022;2023,2024,R2024-H3,3,AOI-02_b_-67_-109,0.03507902358430378,0.026901763731564478,-0.01216853068873384,349
spatial_aggregation_order,reflectance_first,rolling_origin,AOI-02,modis,2021;2022;2023,2024,R2024-H3,3,AOI-02_b_-67_-110,0.04571520210203633,0.03539508650699552,-0.01669701899544798,767
spatial_aggregation_order,reflectance_first,rolling_origin,AOI-02,modis,2021;2022;2023,2024,R2024-H3,3,AOI-02_b_-67_-111,0.050432135172330216,0.03988805801977175,-0.01825597668713767,696
spatial_aggregation_order,reflectance_first,rolling_origin,AOI-02,modis,2021;2022;2023,2024,R2024-H3,3,AOI-02_b_-67_-112,0.04767494403787957,0.0340874995487552,-0.008264860136171285,657
spatial_aggregation_order,reflectance_first,rolling_origin,AOI-02,modis,2021;2022;2023,2024,R2024-H3,3,AOI-02_b_-67_-113,0.04436465316222398,0.03528978333901854,-0.007788113111696087,141
spatial_aggregation_order,reflectance_first,rolling_origin,AOI-02,modis,2021;2022;2023,2024,R2024-H3,3,AOI-02_b_-68_-109,0.04507498591684607,0.034955281110233306,-0.0014267417952456769,584
spatial_aggregation_order,reflectance_first,rolling_origin,AOI-02,modis,2021;2022;2023,2024,R2024-H3,3,AOI-02_b_-68_-110,0.050429481530551976,0.037971127311613756,-0.003070089448449682,819
spatial_aggregation_order,reflectance_first,rolling_origin,AOI-02,modis,2021;2022;2023,2024,R2024-H3,3,AOI-02_b_-68_-111,0.04427077350989069,0.03512296557128281,-0.013995086539734174,796
spatial_aggregation_order,reflectance_first,rolling_origin,AOI-02,modis,2021;2022;2023,2024,R2024-H3,3,AOI-02_b_-68_-112,0.053138578139463995,0.03817194560870021,-0.0015688078655391037,777
spatial_aggregation_order,reflectance_first,rolling_origin,AOI-02,modis,2021;2022;2023,2024,R2024-H3,3,AOI-02_b_-68_-113,0.012755677446625634,0.012036350137798487,0.0019050349179783506,6
spatial_aggregation_order,reflectance_first,rolling_origin,AOI-02,modis,2021;2022;2023,2024,R2024-H3,3,AOI-02_b_-69_-108,0.050161415346527495,0.03874589867848029,0.029500596507106926,39
spatial_aggregation_order,reflectance_first,rolling_origin,AOI-02,modis,2021;2022;2023,2024,R2024-H3,3,AOI-02_b_-69_-109,0.04187732914980629,0.031781105344321166,0.018532276041286135,717
spatial_aggregation_order,reflectance_first,rolling_origin,AOI-02,modis,2021;2022;2023,2024,R2024-H3,3,AOI-02_b_-69_-110,0.04283748153137167,0.03307957781910164,-0.013853715547503847,786
spatial_aggregation_order,reflectance_first,rolling_origin,AOI-02,modis,2021;2022;2023,2024,R2024-H3,3,AOI-02_b_-69_-111,0.045170803020558065,0.03421672732883755,-0.02085772396609662,806
spatial_aggregation_order,reflectance_first,rolling_origin,AOI-02,modis,2021;2022;2023,2024,R2024-H3,3,AOI-02_b_-69_-112,0.03902383167109956,0.0314065880238074,-0.008884003439517642,795
spatial_aggregation_order,reflectance_first,rolling_origin,AOI-02,modis,2021;2022;2023,2024,R2024-H3,3,AOI-02_b_-69_-113,0.04433207998241452,0.03408287679638279,-0.011111196704881365,117
spatial_aggregation_order,reflectance_first,rolling_origin,AOI-02,modis,2021;2022;2023,2024,R2024-H3,3,AOI-02_b_-70_-108,0.04859833114147576,0.03880482407028964,-0.0017871432283415108,364
spatial_aggregation_order,reflectance_first,rolling_origin,AOI-02,modis,2021;2022;2023,2024,R2024-H3,3,AOI-02_b_-70_-109,0.04511801233362534,0.03525287332701673,0.01850926280396998,807
spatial_aggregation_order,reflectance_first,rolling_origin,AOI-02,modis,2021;2022;2023,2024,R2024-H3,3,AOI-02_b_-70_-110,0.04553541767633438,0.033928580358897835,0.0036040750516091137,734
spatial_aggregation_order,reflectance_first,rolling_origin,AOI-02,modis,2021;2022;2023,2024,R2024-H3,3,AOI-02_b_-70_-111,0.02995846222032841,0.022862260389279455,-0.0026182751126594427,816
spatial_aggregation_order,reflectance_first,rolling_origin,AOI-02,modis,2021;2022;2023,2024,R2024-H3,3,AOI-02_b_-70_-112,0.039367905730579265,0.030986836854776392,-0.012188707889827784,342
spatial_aggregation_order,reflectance_first,rolling_origin,AOI-02,modis,2021;2022;2023,2024,R2024-H3,3,AOI-02_b_-71_-108,0.049408313127718026,0.03949573144581118,-0.008359258465072945,155
spatial_aggregation_order,reflectance_first,rolling_origin,AOI-02,modis,2021;2022;2023,2024,R2024-H3,3,AOI-02_b_-71_-109,0.03739722259985048,0.029103412685815472,-0.009074613599246408,746
spatial_aggregation_order,reflectance_first,rolling_origin,AOI-02,modis,2021;2022;2023,2024,R2024-H3,3,AOI-02_b_-71_-110,0.048614853222031996,0.03971890086950688,-0.03418566215835512,798
spatial_aggregation_order,reflectance_first,rolling_origin,AOI-02,modis,2021;2022;2023,2024,R2024-H3,3,AOI-02_b_-71_-111,0.04253250295003113,0.03201347058405951,-0.007505711253737684,807
spatial_aggregation_order,reflectance_first,rolling_origin,AOI-02,modis,2021;2022;2023,2024,R2024-H3,3,AOI-02_b_-71_-112,0.04520390357153535,0.03459870697318995,0.009119473191545437,441
spatial_aggregation_order,reflectance_first,rolling_origin,AOI-02,modis,2021;2022;2023,2024,R2024-H3,3,AOI-02_b_-72_-108,0.04359370183031238,0.03069483479095119,0.0019822005210015214,9
spatial_aggregation_order,reflectance_first,rolling_origin,AOI-02,modis,2021;2022;2023,2024,R2024-H3,3,AOI-02_b_-72_-109,0.041531419026908434,0.031636534672982726,-0.015984079628943902,369
spatial_aggregation_order,reflectance_first,rolling_origin,AOI-02,modis,2021;2022;2023,2024,R2024-H3,3,AOI-02_b_-72_-110,0.04242138801955281,0.03473405707334948,-0.01775021233707411,651
spatial_aggregation_order,reflectance_first,rolling_origin,AOI-02,modis,2021;2022;2023,2024,R2024-H3,3,AOI-02_b_-72_-111,0.037919097495643435,0.02993544808324512,-0.00467046403729361,729
spatial_aggregation_order,reflectance_first,rolling_origin,AOI-02,modis,2021;2022;2023,2024,R2024-H3,3,AOI-02_b_-72_-112,0.051838798136767755,0.04184497530504178,0.012600895339847823,138
spatial_aggregation_order,reflectance_first,rolling_origin,AOI-02,modis,2021;2022;2023,2024,R2024-H3,3,AOI-02_b_-73_-111,0.03755224720086953,0.02684850494513951,0.018601253046141155,9
spatial_aggregation_order,reflectance_first,rolling_origin,AOI-02,modis,2024,2025,R2025-H1,1,AOI-02_b_-65_-110,0.0605400777763623,0.058107698446897796,0.058107698446897796,4
spatial_aggregation_order,reflectance_first,rolling_origin,AOI-02,modis,2024,2025,R2025-H1,1,AOI-02_b_-66_-109,0.06047360225322926,0.041226868446633605,0.03559803651720724,18
spatial_aggregation_order,reflectance_first,rolling_origin,AOI-02,modis,2024,2025,R2025-H1,1,AOI-02_b_-66_-110,0.06948191918526607,0.055572029873411415,0.039880790377978974,135
spatial_aggregation_order,reflectance_first,rolling_origin,AOI-02,modis,2024,2025,R2025-H1,1,AOI-02_b_-66_-111,0.06219519907647931,0.04840174480269308,0.030466330587498758,238
spatial_aggregation_order,reflectance_first,rolling_origin,AOI-02,modis,2024,2025,R2025-H1,1,AOI-02_b_-66_-112,0.08678848009397958,0.0718234515414389,0.06545789981245245,259
spatial_aggregation_order,reflectance_first,rolling_origin,AOI-02,modis,2024,2025,R2025-H1,1,AOI-02_b_-66_-113,0.05781003094021678,0.04156545090799849,0.04156545090799849,6
spatial_aggregation_order,reflectance_first,rolling_origin,AOI-02,modis,2024,2025,R2025-H1,1,AOI-02_b_-67_-109,0.06861450057050322,0.06017118589844461,0.05557245030408474,262
spatial_aggregation_order,reflectance_first,rolling_origin,AOI-02,modis,2024,2025,R2025-H1,1,AOI-02_b_-67_-110,0.06811515483554308,0.05787922319949061,0.0389269852462912,700
spatial_aggregation_order,reflectance_first,rolling_origin,AOI-02,modis,2024,2025,R2025-H1,1,AOI-02_b_-67_-111,0.04817823645971011,0.03704628841357192,0.010673629487216134,563
spatial_aggregation_order,reflectance_first,rolling_origin,AOI-02,modis,2024,2025,R2025-H1,1,AOI-02_b_-67_-112,0.04928186348761693,0.03848608813008932,0.02260281046974866,653
spatial_aggregation_order,reflectance_first,rolling_origin,AOI-02,modis,2024,2025,R2025-H1,1,AOI-02_b_-67_-113,0.04395103989266772,0.03354933827221073,0.011865890278517428,141
spatial_aggregation_order,reflectance_first,rolling_origin,AOI-02,modis,2024,2025,R2025-H1,1,AOI-02_b_-68_-109,0.06122750798343338,0.049295642055914725,0.022122330809728655,542
spatial_aggregation_order,reflectance_first,rolling_origin,AOI-02,modis,2024,2025,R2025-H1,1,AOI-02_b_-68_-110,0.064481111465431,0.05170815980560152,0.004619969024263811,766
spatial_aggregation_order,reflectance_first,rolling_origin,AOI-02,modis,2024,2025,R2025-H1,1,AOI-02_b_-68_-111,0.06485544252837878,0.05055140357879261,0.02042938949197361,742
spatial_aggregation_order,reflectance_first,rolling_origin,AOI-02,modis,2024,2025,R2025-H1,1,AOI-02_b_-68_-112,0.05227237808923846,0.03863346201468466,0.023429375805646992,720
spatial_aggregation_order,reflectance_first,rolling_origin,AOI-02,modis,2024,2025,R2025-H1,1,AOI-02_b_-68_-113,0.024608492527123493,0.021525401210520278,0.013851267406913642,6
spatial_aggregation_order,reflectance_first,rolling_origin,AOI-02,modis,2024,2025,R2025-H1,1,AOI-02_b_-69_-108,0.03482438003157192,0.027660256231844284,0.02107745204291779,39
spatial_aggregation_order,reflectance_first,rolling_origin,AOI-02,modis,2024,2025,R2025-H1,1,AOI-02_b_-69_-109,0.04962941841284773,0.039018981270831136,0.010637845203166562,698
spatial_aggregation_order,reflectance_first,rolling_origin,AOI-02,modis,2024,2025,R2025-H1,1,AOI-02_b_-69_-110,0.057454063450672985,0.04629109871955708,0.03182140103519328,784
spatial_aggregation_order,reflectance_first,rolling_origin,AOI-02,modis,2024,2025,R2025-H1,1,AOI-02_b_-69_-111,0.04190560106073696,0.03394300885718674,0.02498473278653375,802
spatial_aggregation_order,reflectance_first,rolling_origin,AOI-02,modis,2024,2025,R2025-H1,1,AOI-02_b_-69_-112,0.05449792560022736,0.04159648576001902,0.030300009591828672,786
spatial_aggregation_order,reflectance_first,rolling_origin,AOI-02,modis,2024,2025,R2025-H1,1,AOI-02_b_-69_-113,0.04933458431122428,0.0365661716997316,0.00880568080043144,117
spatial_aggregation_order,reflectance_first,rolling_origin,AOI-02,modis,2024,2025,R2025-H1,1,AOI-02_b_-70_-108,0.04240170194407323,0.03290571624869344,0.02034567971056233,342
spatial_aggregation_order,reflectance_first,rolling_origin,AOI-02,modis,2024,2025,R2025-H1,1,AOI-02_b_-70_-109,0.049045390202902786,0.03736141481675156,0.027108641982505434,661
spatial_aggregation_order,reflectance_first,rolling_origin,AOI-02,modis,2024,2025,R2025-H1,1,AOI-02_b_-70_-110,0.06678767166936615,0.054724957595265154,0.050039154883917206,819
spatial_aggregation_order,reflectance_first,rolling_origin,AOI-02,modis,2024,2025,R2025-H1,1,AOI-02_b_-70_-111,0.0450340791839374,0.03578358635470167,0.029387845735685637,816
spatial_aggregation_order,reflectance_first,rolling_origin,AOI-02,modis,2024,2025,R2025-H1,1,AOI-02_b_-70_-112,0.06198390755768005,0.048638883546058574,0.029569102784889553,342
spatial_aggregation_order,reflectance_first,rolling_origin,AOI-02,modis,2024,2025,R2025-H1,1,AOI-02_b_-71_-108,0.05727741990013058,0.041916352734623484,0.027599819693172642,138
spatial_aggregation_order,reflectance_first,rolling_origin,AOI-02,modis,2024,2025,R2025-H1,1,AOI-02_b_-71_-109,0.05564013129272721,0.042346888499226305,0.027379050138798055,642
spatial_aggregation_order,reflectance_first,rolling_origin,AOI-02,modis,2024,2025,R2025-H1,1,AOI-02_b_-71_-110,0.04022412058400804,0.03209564851481375,0.012708021447825565,810
spatial_aggregation_order,reflectance_first,rolling_origin,AOI-02,modis,2024,2025,R2025-H1,1,AOI-02_b_-71_-111,0.04411962982183479,0.03622344490739658,0.02663531308432847,804
spatial_aggregation_order,reflectance_first,rolling_origin,AOI-02,modis,2024,2025,R2025-H1,1,AOI-02_b_-71_-112,0.05160611866900449,0.04130637837108665,0.019593052955797885,326
spatial_aggregation_order,reflectance_first,rolling_origin,AOI-02,modis,2024,2025,R2025-H1,1,AOI-02_b_-72_-108,0.022062022331176368,0.018126019103577678,0.010821017748205274,14
spatial_aggregation_order,reflectance_first,rolling_origin,AOI-02,modis,2024,2025,R2025-H1,1,AOI-02_b_-72_-109,0.04735597363163065,0.03710875067297964,0.02154186508067834,363
spatial_aggregation_order,reflectance_first,rolling_origin,AOI-02,modis,2024,2025,R2025-H1,1,AOI-02_b_-72_-110,0.050327826255255975,0.03972783005408601,0.01978939764005156,639
spatial_aggregation_order,reflectance_first,rolling_origin,AOI-02,modis,2024,2025,R2025-H1,1,AOI-02_b_-72_-111,0.054936893050010024,0.04650462082064287,0.04258517473947641,729
spatial_aggregation_order,reflectance_first,rolling_origin,AOI-02,modis,2024,2025,R2025-H1,1,AOI-02_b_-72_-112,0.07037817744126473,0.05601990197934669,0.037323048025652214,133
spatial_aggregation_order,reflectance_first,rolling_origin,AOI-02,modis,2024,2025,R2025-H1,1,AOI-02_b_-73_-111,0.039523804641676735,0.035780950040507,0.031643436681538094,9
spatial_aggregation_order,reflectance_first,rolling_origin,AOI-02,modis,2023;2024,2025,R2025-H2,2,AOI-02_b_-65_-110,0.052867256847619344,0.05008648951117216,0.05008648951117216,4
spatial_aggregation_order,reflectance_first,rolling_origin,AOI-02,modis,2023;2024,2025,R2025-H2,2,AOI-02_b_-66_-109,0.05599443944903025,0.03737467425091033,0.027694042487491285,18
spatial_aggregation_order,reflectance_first,rolling_origin,AOI-02,modis,2023;2024,2025,R2025-H2,2,AOI-02_b_-66_-110,0.06514627851688921,0.049692374643966905,0.03184372572961961,135
spatial_aggregation_order,reflectance_first,rolling_origin,AOI-02,modis,2023;2024,2025,R2025-H2,2,AOI-02_b_-66_-111,0.05872291432525816,0.04583302627837128,0.022799608365536895,238
spatial_aggregation_order,reflectance_first,rolling_origin,AOI-02,modis,2023;2024,2025,R2025-H2,2,AOI-02_b_-66_-112,0.08113819043247096,0.06589255455752115,0.057829896109988684,259
spatial_aggregation_order,reflectance_first,rolling_origin,AOI-02,modis,2023;2024,2025,R2025-H2,2,AOI-02_b_-66_-113,0.05202901883810221,0.03835523765150236,0.03326675568465117,6
spatial_aggregation_order,reflectance_first,rolling_origin,AOI-02,modis,2023;2024,2025,R2025-H2,2,AOI-02_b_-67_-109,0.06231808993815406,0.0538163120884426,0.047634673522792326,262
spatial_aggregation_order,reflectance_first,rolling_origin,AOI-02,modis,2023;2024,2025,R2025-H2,2,AOI-02_b_-67_-110,0.06375977025297971,0.05376104635503349,0.030748845653391692,700
spatial_aggregation_order,reflectance_first,rolling_origin,AOI-02,modis,2023;2024,2025,R2025-H2,2,AOI-02_b_-67_-111,0.0471104223659575,0.03618529349286392,0.0024360502756785737,563
spatial_aggregation_order,reflectance_first,rolling_origin,AOI-02,modis,2023;2024,2025,R2025-H2,2,AOI-02_b_-67_-112,0.04652086354275844,0.03558339584029719,0.01592051373324639,653
spatial_aggregation_order,reflectance_first,rolling_origin,AOI-02,modis,2023;2024,2025,R2025-H2,2,AOI-02_b_-67_-113,0.04233629904577169,0.03190043986393052,0.004612092848705355,141
spatial_aggregation_order,reflectance_first,rolling_origin,AOI-02,modis,2023;2024,2025,R2025-H2,2,AOI-02_b_-68_-109,0.05879722283480616,0.04738700709124669,0.013888566647880223,542
spatial_aggregation_order,reflectance_first,rolling_origin,AOI-02,modis,2023;2024,2025,R2025-H2,2,AOI-02_b_-68_-110,0.06453687105454527,0.05169916814248646,-0.0031870976183639116,766
spatial_aggregation_order,reflectance_first,rolling_origin,AOI-02,modis,2023;2024,2025,R2025-H2,2,AOI-02_b_-68_-111,0.06265343626947055,0.049102909105349375,0.012222972563175463,742
spatial_aggregation_order,reflectance_first,rolling_origin,AOI-02,modis,2023;2024,2025,R2025-H2,2,AOI-02_b_-68_-112,0.04946449473617245,0.035715329197228654,0.016459040061066674,720
spatial_aggregation_order,reflectance_first,rolling_origin,AOI-02,modis,2023;2024,2025,R2025-H2,2,AOI-02_b_-68_-113,0.02118538698182691,0.018886506684053162,0.006088223138030822,6
spatial_aggregation_order,reflectance_first,rolling_origin,AOI-02,modis,2023;2024,2025,R2025-H2,2,AOI-02_b_-69_-108,0.03066837507203192,0.02436756580134395,0.013221999363833182,39
spatial_aggregation_order,reflectance_first,rolling_origin,AOI-02,modis,2023;2024,2025,R2025-H2,2,AOI-02_b_-69_-109,0.04852536274980344,0.03762540194809105,0.0022702974039904926,698
spatial_aggregation_order,reflectance_first,rolling_origin,AOI-02,modis,2023;2024,2025,R2025-H2,2,AOI-02_b_-69_-110,0.05326941344578657,0.04265751951695535,0.02358530358622075,784
spatial_aggregation_order,reflectance_first,rolling_origin,AOI-02,modis,2023;2024,2025,R2025-H2,2,AOI-02_b_-69_-111,0.03750400392643422,0.029774883296507043,0.016569158199050582,802
spatial_aggregation_order,reflectance_first,rolling_origin,AOI-02,modis,2023;2024,2025,R2025-H2,2,AOI-02_b_-69_-112,0.05038549080727717,0.03824662882106412,0.022309818132209017,786
spatial_aggregation_order,reflectance_first,rolling_origin,AOI-02,modis,2023;2024,2025,R2025-H2,2,AOI-02_b_-69_-113,0.04828151533170316,0.03519313370029652,0.0007695892720962086,117
spatial_aggregation_order,reflectance_first,rolling_origin,AOI-02,modis,2023;2024,2025,R2025-H2,2,AOI-02_b_-70_-108,0.039010452089308416,0.0305203888332542,0.01186430514249888,342
spatial_aggregation_order,reflectance_first,rolling_origin,AOI-02,modis,2023;2024,2025,R2025-H2,2,AOI-02_b_-70_-109,0.04500251808877652,0.03385396670833284,0.01871313055381103,661
spatial_aggregation_order,reflectance_first,rolling_origin,AOI-02,modis,2023;2024,2025,R2025-H2,2,AOI-02_b_-70_-110,0.06075569181948321,0.04878114180460617,0.04172505002224286,819
spatial_aggregation_order,reflectance_first,rolling_origin,AOI-02,modis,2023;2024,2025,R2025-H2,2,AOI-02_b_-70_-111,0.04005597837263627,0.031223826141005526,0.021122761890243476,816
spatial_aggregation_order,reflectance_first,rolling_origin,AOI-02,modis,2023;2024,2025,R2025-H2,2,AOI-02_b_-70_-112,0.05841079580547914,0.045746057862744625,0.021275574839950167,342
spatial_aggregation_order,reflectance_first,rolling_origin,AOI-02,modis,2023;2024,2025,R2025-H2,2,AOI-02_b_-71_-108,0.05387715143007947,0.04063536449062733,0.019357666059063087,138
spatial_aggregation_order,reflectance_first,rolling_origin,AOI-02,modis,2023;2024,2025,R2025-H2,2,AOI-02_b_-71_-109,0.05226472322155069,0.039772059516648556,0.019657785993467826,642
spatial_aggregation_order,reflectance_first,rolling_origin,AOI-02,modis,2023;2024,2025,R2025-H2,2,AOI-02_b_-71_-110,0.038403844030353206,0.030221227490974504,0.004201872290223539,810
spatial_aggregation_order,reflectance_first,rolling_origin,AOI-02,modis,2023;2024,2025,R2025-H2,2,AOI-02_b_-71_-111,0.03970389924541799,0.03190853915034336,0.018442184647720312,804
spatial_aggregation_order,reflectance_first,rolling_origin,AOI-02,modis,2023;2024,2025,R2025-H2,2,AOI-02_b_-71_-112,0.049188688133303425,0.0395343313481401,0.011415966663920701,326
spatial_aggregation_order,reflectance_first,rolling_origin,AOI-02,modis,2023;2024,2025,R2025-H2,2,AOI-02_b_-72_-108,0.019661507517976108,0.016817507822611665,0.004379984453732238,14
spatial_aggregation_order,reflectance_first,rolling_origin,AOI-02,modis,2023;2024,2025,R2025-H2,2,AOI-02_b_-72_-109,0.04435308963304258,0.03437142434302139,0.013853477638067765,363
spatial_aggregation_order,reflectance_first,rolling_origin,AOI-02,modis,2023;2024,2025,R2025-H2,2,AOI-02_b_-72_-110,0.04770395401817345,0.037303753150600125,0.011555468222311977,639
spatial_aggregation_order,reflectance_first,rolling_origin,AOI-02,modis,2023;2024,2025,R2025-H2,2,AOI-02_b_-72_-111,0.04877135633324258,0.04006358758817989,0.034442340761918044,729
spatial_aggregation_order,reflectance_first,rolling_origin,AOI-02,modis,2023;2024,2025,R2025-H2,2,AOI-02_b_-72_-112,0.06637851233287546,0.051990646250737224,0.029413049471422627,133
spatial_aggregation_order,reflectance_first,rolling_origin,AOI-02,modis,2023;2024,2025,R2025-H2,2,AOI-02_b_-73_-111,0.03375380135186451,0.029889599018108542,0.024075383973313484,9
spatial_aggregation_order,reflectance_first,rolling_origin,AOI-02,modis,2022;2023;2024,2025,R2025-H3,3,AOI-02_b_-65_-110,0.05571418860553439,0.05310477087977146,0.05310477087977146,4
spatial_aggregation_order,reflectance_first,rolling_origin,AOI-02,modis,2022;2023;2024,2025,R2025-H3,3,AOI-02_b_-66_-109,0.05742397469874843,0.03838501997812918,0.030831842104514902,18
spatial_aggregation_order,reflectance_first,rolling_origin,AOI-02,modis,2022;2023;2024,2025,R2025-H3,3,AOI-02_b_-66_-110,0.06661119071004092,0.051744327222302974,0.03484583981142906,135
spatial_aggregation_order,reflectance_first,rolling_origin,AOI-02,modis,2022;2023;2024,2025,R2025-H3,3,AOI-02_b_-66_-111,0.06002737199844293,0.046868222607118246,0.026179342322045523,238
spatial_aggregation_order,reflectance_first,rolling_origin,AOI-02,modis,2022;2023;2024,2025,R2025-H3,3,AOI-02_b_-66_-112,0.08356445688371769,0.06846728909215458,0.061249109427864656,259
spatial_aggregation_order,reflectance_first,rolling_origin,AOI-02,modis,2022;2023;2024,2025,R2025-H3,3,AOI-02_b_-66_-113,0.053687194723741116,0.03916938162258401,0.03600209799552021,6
spatial_aggregation_order,reflectance_first,rolling_origin,AOI-02,modis,2022;2023;2024,2025,R2025-H3,3,AOI-02_b_-67_-109,0.06468243634017061,0.05626850902689534,0.05073802653713693,262
spatial_aggregation_order,reflectance_first,rolling_origin,AOI-02,modis,2022;2023;2024,2025,R2025-H3,3,AOI-02_b_-67_-110,0.06515651297996611,0.05512042828973603,0.03360711258433955,700
spatial_aggregation_order,reflectance_first,rolling_origin,AOI-02,modis,2022;2023;2024,2025,R2025-H3,3,AOI-02_b_-67_-111,0.047413814608493095,0.036384992253968906,0.005233709564232855,563
spatial_aggregation_order,reflectance_first,rolling_origin,AOI-02,modis,2022;2023;2024,2025,R2025-H3,3,AOI-02_b_-67_-112,0.0481558431188281,0.037458261478056414,0.020223646893482442,653
spatial_aggregation_order,reflectance_first,rolling_origin,AOI-02,modis,2022;2023;2024,2025,R2025-H3,3,AOI-02_b_-67_-113,0.0426953164563954,0.03254210361794532,0.008412865814404973,141
spatial_aggregation_order,reflectance_first,rolling_origin,AOI-02,modis,2022;2023;2024,2025,R2025-H3,3,AOI-02_b_-68_-109,0.05956448110581189,0.04798367279611621,0.01669011595411245,542
spatial_aggregation_order,reflectance_first,rolling_origin,AOI-02,modis,2022;2023;2024,2025,R2025-H3,3,AOI-02_b_-68_-110,0.06461331510262483,0.05190607637096708,4.953406638476762e-05,766
spatial_aggregation_order,reflectance_first,rolling_origin,AOI-02,modis,2022;2023;2024,2025,R2025-H3,3,AOI-02_b_-68_-111,0.06316848963256178,0.049352143835150644,0.015052406491805047,742
spatial_aggregation_order,reflectance_first,rolling_origin,AOI-02,modis,2022;2023;2024,2025,R2025-H3,3,AOI-02_b_-68_-112,0.050905801044080816,0.037386184400700254,0.020548844902213224,720
spatial_aggregation_order,reflectance_first,rolling_origin,AOI-02,modis,2022;2023;2024,2025,R2025-H3,3,AOI-02_b_-68_-113,0.022305824198244666,0.01992812692077377,0.009369742262275021,6
spatial_aggregation_order,reflectance_first,rolling_origin,AOI-02,modis,2022;2023;2024,2025,R2025-H3,3,AOI-02_b_-69_-108,0.032128426654259044,0.0255275639269123,0.016409294197814384,39
spatial_aggregation_order,reflectance_first,rolling_origin,AOI-02,modis,2022;2023;2024,2025,R2025-H3,3,AOI-02_b_-69_-109,0.04872149203923913,0.03798223087149905,0.004935434145084305,698
spatial_aggregation_order,reflectance_first,rolling_origin,AOI-02,modis,2022;2023;2024,2025,R2025-H3,3,AOI-02_b_-69_-110,0.054503925295470865,0.04370692542073626,0.026384473754853192,784
spatial_aggregation_order,reflectance_first,rolling_origin,AOI-02,modis,2022;2023;2024,2025,R2025-H3,3,AOI-02_b_-69_-111,0.03873715941794947,0.030942122791705332,0.019185324396965908,802
spatial_aggregation_order,reflectance_first,rolling_origin,AOI-02,modis,2022;2023;2024,2025,R2025-H3,3,AOI-02_b_-69_-112,0.05171813107483014,0.03934486147710772,0.025350716570230445,786
spatial_aggregation_order,reflectance_first,rolling_origin,AOI-02,modis,2022;2023;2024,2025,R2025-H3,3,AOI-02_b_-69_-113,0.048154252938763895,0.035284178454009524,0.003772695596315346,117
spatial_aggregation_order,reflectance_first,rolling_origin,AOI-02,modis,2022;2023;2024,2025,R2025-H3,3,AOI-02_b_-70_-108,0.03982526890761296,0.031102816592694444,0.014413378351194366,342
spatial_aggregation_order,reflectance_first,rolling_origin,AOI-02,modis,2022;2023;2024,2025,R2025-H3,3,AOI-02_b_-70_-109,0.04621712400588524,0.03485151220403461,0.021349754163483302,661
spatial_aggregation_order,reflectance_first,rolling_origin,AOI-02,modis,2022;2023;2024,2025,R2025-H3,3,AOI-02_b_-70_-110,0.06260614012663876,0.050578043510362825,0.0444446798862534,819
spatial_aggregation_order,reflectance_first,rolling_origin,AOI-02,modis,2022;2023;2024,2025,R2025-H3,3,AOI-02_b_-70_-111,0.04151091323976133,0.0325365113179738,0.023892376062525946,816
spatial_aggregation_order,reflectance_first,rolling_origin,AOI-02,modis,2022;2023;2024,2025,R2025-H3,3,AOI-02_b_-70_-112,0.05939294061645409,0.04656389940068646,0.024016185969312178,342
spatial_aggregation_order,reflectance_first,rolling_origin,AOI-02,modis,2022;2023;2024,2025,R2025-H3,3,AOI-02_b_-71_-108,0.05503484308223874,0.041097598891658496,0.022150661034929083,138
spatial_aggregation_order,reflectance_first,rolling_origin,AOI-02,modis,2022;2023;2024,2025,R2025-H3,3,AOI-02_b_-71_-109,0.053604190220123325,0.04085349996621368,0.022981906245469072,642
spatial_aggregation_order,reflectance_first,rolling_origin,AOI-02,modis,2022;2023;2024,2025,R2025-H3,3,AOI-02_b_-71_-110,0.03877280942056209,0.030631184154443398,0.006725684074004012,810
spatial_aggregation_order,reflectance_first,rolling_origin,AOI-02,modis,2022;2023;2024,2025,R2025-H3,3,AOI-02_b_-71_-111,0.04109535104704546,0.03326215777380009,0.021285168195291863,804
spatial_aggregation_order,reflectance_first,rolling_origin,AOI-02,modis,2022;2023;2024,2025,R2025-H3,3,AOI-02_b_-71_-112,0.05003635854140451,0.04014251791466252,0.014275307593880604,326
spatial_aggregation_order,reflectance_first,rolling_origin,AOI-02,modis,2022;2023;2024,2025,R2025-H3,3,AOI-02_b_-72_-108,0.021127816059680362,0.017487493411289592,0.009009492852021229,14
spatial_aggregation_order,reflectance_first,rolling_origin,AOI-02,modis,2022;2023;2024,2025,R2025-H3,3,AOI-02_b_-72_-109,0.04548751752598114,0.03547213798980826,0.01721112063949387,363
spatial_aggregation_order,reflectance_first,rolling_origin,AOI-02,modis,2022;2023;2024,2025,R2025-H3,3,AOI-02_b_-72_-110,0.04847323283762965,0.037995065349028606,0.014356849025276787,639
spatial_aggregation_order,reflectance_first,rolling_origin,AOI-02,modis,2022;2023;2024,2025,R2025-H3,3,AOI-02_b_-72_-111,0.0507389467288971,0.04215247735015089,0.03733660708448567,729
spatial_aggregation_order,reflectance_first,rolling_origin,AOI-02,modis,2022;2023;2024,2025,R2025-H3,3,AOI-02_b_-72_-112,0.06768295358755579,0.05334961571559309,0.032544726571465094,133
spatial_aggregation_order,reflectance_first,rolling_origin,AOI-02,modis,2022;2023;2024,2025,R2025-H3,3,AOI-02_b_-73_-111,0.03630259727199212,0.03259134420071611,0.027555726358018014,9
spatial_aggregation_order,reflectance_first,rolling_origin,AOI-02,sentinel2,2023,2024,R2024-H1,1,AOI-02_b_-65_-110,0.042458722852775896,0.027673943282304363,-0.025943787093593573,6
spatial_aggregation_order,reflectance_first,rolling_origin,AOI-02,sentinel2,2023,2024,R2024-H1,1,AOI-02_b_-66_-109,0.06785610966905281,0.05688504442933606,0.041166425202528195,36
spatial_aggregation_order,reflectance_first,rolling_origin,AOI-02,sentinel2,2023,2024,R2024-H1,1,AOI-02_b_-66_-110,0.061401153295068275,0.04740733810749524,0.013617733515230704,585
spatial_aggregation_order,reflectance_first,rolling_origin,AOI-02,sentinel2,2023,2024,R2024-H1,1,AOI-02_b_-66_-111,0.0699041052947575,0.056374484963553954,0.030533624254105603,365
spatial_aggregation_order,reflectance_first,rolling_origin,AOI-02,sentinel2,2023,2024,R2024-H1,1,AOI-02_b_-66_-112,0.08237733000981466,0.06130883376881596,0.04476036707373505,274
spatial_aggregation_order,reflectance_first,rolling_origin,AOI-02,sentinel2,2023,2024,R2024-H1,1,AOI-02_b_-66_-113,0.026208612336442772,0.023127371884896875,0.0060836780074051576,5
spatial_aggregation_order,reflectance_first,rolling_origin,AOI-02,sentinel2,2023,2024,R2024-H1,1,AOI-02_b_-67_-109,0.055577360695935184,0.04390166522371926,0.0028225884846708204,390
spatial_aggregation_order,reflectance_first,rolling_origin,AOI-02,sentinel2,2023,2024,R2024-H1,1,AOI-02_b_-67_-110,0.06833171622497475,0.05228471461200342,-0.007456207741048592,755
spatial_aggregation_order,reflectance_first,rolling_origin,AOI-02,sentinel2,2023,2024,R2024-H1,1,AOI-02_b_-67_-111,0.07178006998439079,0.05420535113172835,0.0033525537772556417,739
spatial_aggregation_order,reflectance_first,rolling_origin,AOI-02,sentinel2,2023,2024,R2024-H1,1,AOI-02_b_-67_-112,0.07748472806708882,0.06842424283943291,0.05786890635594899,674
spatial_aggregation_order,reflectance_first,rolling_origin,AOI-02,sentinel2,2023,2024,R2024-H1,1,AOI-02_b_-67_-113,0.0811791029842476,0.06944489917156635,0.04244332925350787,122
spatial_aggregation_order,reflectance_first,rolling_origin,AOI-02,sentinel2,2023,2024,R2024-H1,1,AOI-02_b_-68_-109,0.05229929255177423,0.04176498783533597,0.003370912565094349,614
spatial_aggregation_order,reflectance_first,rolling_origin,AOI-02,sentinel2,2023,2024,R2024-H1,1,AOI-02_b_-68_-110,0.06005523805594022,0.04767266024974263,0.01556795833145485,784
spatial_aggregation_order,reflectance_first,rolling_origin,AOI-02,sentinel2,2023,2024,R2024-H1,1,AOI-02_b_-68_-111,0.05850016160297263,0.044782147421777795,0.005315456797446013,810
spatial_aggregation_order,reflectance_first,rolling_origin,AOI-02,sentinel2,2023,2024,R2024-H1,1,AOI-02_b_-68_-112,0.08158934294610391,0.0665241890215451,0.049893298551683,711
spatial_aggregation_order,reflectance_first,rolling_origin,AOI-02,sentinel2,2023,2024,R2024-H1,1,AOI-02_b_-68_-113,0.043350262149642924,0.03633050914932117,-0.028725081375983275,6
spatial_aggregation_order,reflectance_first,rolling_origin,AOI-02,sentinel2,2023,2024,R2024-H1,1,AOI-02_b_-69_-108,0.04462475739387389,0.03543389300461098,0.03214526163739719,39
spatial_aggregation_order,reflectance_first,rolling_origin,AOI-02,sentinel2,2023,2024,R2024-H1,1,AOI-02_b_-69_-109,0.04525966596125388,0.035627803776540116,0.015920253905700326,717
spatial_aggregation_order,reflectance_first,rolling_origin,AOI-02,sentinel2,2023,2024,R2024-H1,1,AOI-02_b_-69_-110,0.050365814934527374,0.040138900187435496,0.013037014732757908,806
spatial_aggregation_order,reflectance_first,rolling_origin,AOI-02,sentinel2,2023,2024,R2024-H1,1,AOI-02_b_-69_-111,0.04722863201535614,0.036248413450690666,-0.0030591243485592686,807
spatial_aggregation_order,reflectance_first,rolling_origin,AOI-02,sentinel2,2023,2024,R2024-H1,1,AOI-02_b_-69_-112,0.06017713736190689,0.04716098175952784,0.017414011414351126,781
spatial_aggregation_order,reflectance_first,rolling_origin,AOI-02,sentinel2,2023,2024,R2024-H1,1,AOI-02_b_-69_-113,0.05734215643995969,0.04448546460662551,0.03343817097647228,117
spatial_aggregation_order,reflectance_first,rolling_origin,AOI-02,sentinel2,2023,2024,R2024-H1,1,AOI-02_b_-70_-108,0.04694601655569504,0.03752539841003136,-0.015583104770980136,372
spatial_aggregation_order,reflectance_first,rolling_origin,AOI-02,sentinel2,2023,2024,R2024-H1,1,AOI-02_b_-70_-109,0.04571320199354198,0.03658409477942837,0.006958749225530788,819
spatial_aggregation_order,reflectance_first,rolling_origin,AOI-02,sentinel2,2023,2024,R2024-H1,1,AOI-02_b_-70_-110,0.05286242165283198,0.04032250815000625,0.006084764377646606,828
spatial_aggregation_order,reflectance_first,rolling_origin,AOI-02,sentinel2,2023,2024,R2024-H1,1,AOI-02_b_-70_-111,0.04501499609765667,0.03532812894517209,0.011199354691591237,816
spatial_aggregation_order,reflectance_first,rolling_origin,AOI-02,sentinel2,2023,2024,R2024-H1,1,AOI-02_b_-70_-112,0.04583519022080467,0.03620350357169144,0.0024293455282310074,342
spatial_aggregation_order,reflectance_first,rolling_origin,AOI-02,sentinel2,2023,2024,R2024-H1,1,AOI-02_b_-71_-108,0.07155688592681388,0.050911378711473367,-0.017365825927676607,167
spatial_aggregation_order,reflectance_first,rolling_origin,AOI-02,sentinel2,2023,2024,R2024-H1,1,AOI-02_b_-71_-109,0.060791983601264074,0.04886202061355406,0.025097119533756172,800
spatial_aggregation_order,reflectance_first,rolling_origin,AOI-02,sentinel2,2023,2024,R2024-H1,1,AOI-02_b_-71_-110,0.0459286496594475,0.035299592786504644,-0.013885267731815774,810
spatial_aggregation_order,reflectance_first,rolling_origin,AOI-02,sentinel2,2023,2024,R2024-H1,1,AOI-02_b_-71_-111,0.05334386097617726,0.04116508865002085,0.00726527205446887,807
spatial_aggregation_order,reflectance_first,rolling_origin,AOI-02,sentinel2,2023,2024,R2024-H1,1,AOI-02_b_-71_-112,0.06508427908175701,0.0482754593208221,-0.0006803074176728184,441
spatial_aggregation_order,reflectance_first,rolling_origin,AOI-02,sentinel2,2023,2024,R2024-H1,1,AOI-02_b_-72_-108,0.0921796875794148,0.08558942299030191,0.08558942299030191,11
spatial_aggregation_order,reflectance_first,rolling_origin,AOI-02,sentinel2,2023,2024,R2024-H1,1,AOI-02_b_-72_-109,0.06537396454400697,0.048690880689075976,0.008008365506743729,442
spatial_aggregation_order,reflectance_first,rolling_origin,AOI-02,sentinel2,2023,2024,R2024-H1,1,AOI-02_b_-72_-110,0.054848429287363394,0.04209382258160644,-0.003954111466585279,610
spatial_aggregation_order,reflectance_first,rolling_origin,AOI-02,sentinel2,2023,2024,R2024-H1,1,AOI-02_b_-72_-111,0.04984575770114235,0.03845109936218822,-0.00012599865692626287,729
spatial_aggregation_order,reflectance_first,rolling_origin,AOI-02,sentinel2,2023,2024,R2024-H1,1,AOI-02_b_-72_-112,0.07579971368388867,0.06020633945318101,0.019815836755145796,138
spatial_aggregation_order,reflectance_first,rolling_origin,AOI-02,sentinel2,2023,2024,R2024-H1,1,AOI-02_b_-73_-111,0.07148670620803176,0.06623875829772244,-0.021991130376889552,9
spatial_aggregation_order,reflectance_first,rolling_origin,AOI-02,sentinel2,2022;2023,2024,R2024-H2,2,AOI-02_b_-65_-110,0.05874917159233758,0.048211275618744255,-0.048211275618744255,6
spatial_aggregation_order,reflectance_first,rolling_origin,AOI-02,sentinel2,2022;2023,2024,R2024-H2,2,AOI-02_b_-66_-109,0.05680580058673571,0.04387856952306037,0.018921618973994955,36
spatial_aggregation_order,reflectance_first,rolling_origin,AOI-02,sentinel2,2022;2023,2024,R2024-H2,2,AOI-02_b_-66_-110,0.060231866167752016,0.046980932180345034,-0.008474930862222486,585
spatial_aggregation_order,reflectance_first,rolling_origin,AOI-02,sentinel2,2022;2023,2024,R2024-H2,2,AOI-02_b_-66_-111,0.06328975501322785,0.050631723011483755,0.008552843573024316,365
spatial_aggregation_order,reflectance_first,rolling_origin,AOI-02,sentinel2,2022;2023,2024,R2024-H2,2,AOI-02_b_-66_-112,0.0726681656435221,0.05376369494680222,0.022844083384994367,274
spatial_aggregation_order,reflectance_first,rolling_origin,AOI-02,sentinel2,2022;2023,2024,R2024-H2,2,AOI-02_b_-66_-113,0.03020546891102796,0.02575547367240306,-0.01645365511098499,5
spatial_aggregation_order,reflectance_first,rolling_origin,AOI-02,sentinel2,2022;2023,2024,R2024-H2,2,AOI-02_b_-67_-109,0.058607081807114304,0.04720644428327506,-0.019308305911790537,390
spatial_aggregation_order,reflectance_first,rolling_origin,AOI-02,sentinel2,2022;2023,2024,R2024-H2,2,AOI-02_b_-67_-110,0.07399195449083965,0.0565811037977266,-0.02978391203047471,755
spatial_aggregation_order,reflectance_first,rolling_origin,AOI-02,sentinel2,2022;2023,2024,R2024-H2,2,AOI-02_b_-67_-111,0.07397061469547137,0.05433456629069555,-0.019152732086316352,739
spatial_aggregation_order,reflectance_first,rolling_origin,AOI-02,sentinel2,2022;2023,2024,R2024-H2,2,AOI-02_b_-67_-112,0.06320430158954725,0.05381315616125129,0.036694179017390235,674
spatial_aggregation_order,reflectance_first,rolling_origin,AOI-02,sentinel2,2022;2023,2024,R2024-H2,2,AOI-02_b_-67_-113,0.07225345889001458,0.05897768944400264,0.020835199181316946,122
spatial_aggregation_order,reflectance_first,rolling_origin,AOI-02,sentinel2,2022;2023,2024,R2024-H2,2,AOI-02_b_-68_-109,0.05543305505362019,0.04277036249275216,-0.019218773753317035,614
spatial_aggregation_order,reflectance_first,rolling_origin,AOI-02,sentinel2,2022;2023,2024,R2024-H2,2,AOI-02_b_-68_-110,0.058209095660017994,0.045734028015269476,-0.006569430408210216,784
spatial_aggregation_order,reflectance_first,rolling_origin,AOI-02,sentinel2,2022;2023,2024,R2024-H2,2,AOI-02_b_-68_-111,0.06054005672422426,0.046545253103502715,-0.017177694244704982,810
spatial_aggregation_order,reflectance_first,rolling_origin,AOI-02,sentinel2,2022;2023,2024,R2024-H2,2,AOI-02_b_-68_-112,0.07043065644496063,0.0544828228880792,0.028507523899752092,711
spatial_aggregation_order,reflectance_first,rolling_origin,AOI-02,sentinel2,2022;2023,2024,R2024-H2,2,AOI-02_b_-68_-113,0.06012535231751034,0.050659435690755206,-0.050659435690755206,6
spatial_aggregation_order,reflectance_first,rolling_origin,AOI-02,sentinel2,2022;2023,2024,R2024-H2,2,AOI-02_b_-69_-108,0.032218180440639406,0.026613427029553573,0.009478464624198707,39
spatial_aggregation_order,reflectance_first,rolling_origin,AOI-02,sentinel2,2022;2023,2024,R2024-H2,2,AOI-02_b_-69_-109,0.04276311847348539,0.033153196333348164,-0.00690305425862221,717
spatial_aggregation_order,reflectance_first,rolling_origin,AOI-02,sentinel2,2022;2023,2024,R2024-H2,2,AOI-02_b_-69_-110,0.049324819140816385,0.03875292708012263,-0.009597759350422447,806
spatial_aggregation_order,reflectance_first,rolling_origin,AOI-02,sentinel2,2022;2023,2024,R2024-H2,2,AOI-02_b_-69_-111,0.053650179984781346,0.043097431015084814,-0.02586974385463996,807
spatial_aggregation_order,reflectance_first,rolling_origin,AOI-02,sentinel2,2022;2023,2024,R2024-H2,2,AOI-02_b_-69_-112,0.05781462386762351,0.04577904283310503,-0.0049827815187520825,781
spatial_aggregation_order,reflectance_first,rolling_origin,AOI-02,sentinel2,2022;2023,2024,R2024-H2,2,AOI-02_b_-69_-113,0.04759715872779029,0.036415722597154344,0.01085405186487506,117
spatial_aggregation_order,reflectance_first,rolling_origin,AOI-02,sentinel2,2022;2023,2024,R2024-H2,2,AOI-02_b_-70_-108,0.0586420201168221,0.0491753412569753,-0.038540672584711694,372
spatial_aggregation_order,reflectance_first,rolling_origin,AOI-02,sentinel2,2022;2023,2024,R2024-H2,2,AOI-02_b_-70_-109,0.04770736938014357,0.038455828241074116,-0.015786467708209316,819
spatial_aggregation_order,reflectance_first,rolling_origin,AOI-02,sentinel2,2022;2023,2024,R2024-H2,2,AOI-02_b_-70_-110,0.05494510025893748,0.04312183386061331,-0.016576951224872776,828
spatial_aggregation_order,reflectance_first,rolling_origin,AOI-02,sentinel2,2022;2023,2024,R2024-H2,2,AOI-02_b_-70_-111,0.04491579867692771,0.0363515814357829,-0.011542447215006735,816
spatial_aggregation_order,reflectance_first,rolling_origin,AOI-02,sentinel2,2022;2023,2024,R2024-H2,2,AOI-02_b_-70_-112,0.0499872336964298,0.03932209373699185,-0.02029843999226166,342
spatial_aggregation_order,reflectance_first,rolling_origin,AOI-02,sentinel2,2022;2023,2024,R2024-H2,2,AOI-02_b_-71_-108,0.07997015877357962,0.06192247307872229,-0.03977796239049065,167
spatial_aggregation_order,reflectance_first,rolling_origin,AOI-02,sentinel2,2022;2023,2024,R2024-H2,2,AOI-02_b_-71_-109,0.05536990099670585,0.04373298262825413,0.003058057304388984,800
spatial_aggregation_order,reflectance_first,rolling_origin,AOI-02,sentinel2,2022;2023,2024,R2024-H2,2,AOI-02_b_-71_-110,0.05708293771534123,0.04577578553077606,-0.03679112601361887,810
spatial_aggregation_order,reflectance_first,rolling_origin,AOI-02,sentinel2,2022;2023,2024,R2024-H2,2,AOI-02_b_-71_-111,0.05485343176963735,0.042547977700963135,-0.015380579097072985,807
spatial_aggregation_order,reflectance_first,rolling_origin,AOI-02,sentinel2,2022;2023,2024,R2024-H2,2,AOI-02_b_-71_-112,0.06887959476384758,0.051798367457154916,-0.02319168427244465,441
spatial_aggregation_order,reflectance_first,rolling_origin,AOI-02,sentinel2,2022;2023,2024,R2024-H2,2,AOI-02_b_-72_-108,0.07317279154632544,0.06469904068935785,0.06469904068935785,11
spatial_aggregation_order,reflectance_first,rolling_origin,AOI-02,sentinel2,2022;2023,2024,R2024-H2,2,AOI-02_b_-72_-109,0.0662312304918085,0.049954797087511216,-0.014031329973092834,442
spatial_aggregation_order,reflectance_first,rolling_origin,AOI-02,sentinel2,2022;2023,2024,R2024-H2,2,AOI-02_b_-72_-110,0.06061903280703628,0.04667157432200827,-0.02654275648770078,610
spatial_aggregation_order,reflectance_first,rolling_origin,AOI-02,sentinel2,2022;2023,2024,R2024-H2,2,AOI-02_b_-72_-111,0.05457085630305807,0.0427767073849655,-0.02267633484723567,729
spatial_aggregation_order,reflectance_first,rolling_origin,AOI-02,sentinel2,2022;2023,2024,R2024-H2,2,AOI-02_b_-72_-112,0.07291606469234173,0.05890129015231226,-0.002552580779750608,138
spatial_aggregation_order,reflectance_first,rolling_origin,AOI-02,sentinel2,2022;2023,2024,R2024-H2,2,AOI-02_b_-73_-111,0.08065484357474377,0.07324683851490127,-0.04388144132509832,9
spatial_aggregation_order,reflectance_first,rolling_origin,AOI-02,sentinel2,2021;2022;2023,2024,R2024-H3,3,AOI-02_b_-65_-110,0.04636765374132475,0.03186995934208897,-0.03186995934208897,6
spatial_aggregation_order,reflectance_first,rolling_origin,AOI-02,sentinel2,2021;2022;2023,2024,R2024-H3,3,AOI-02_b_-66_-109,0.06498717547391597,0.052854172268482144,0.03519946724883796,36
spatial_aggregation_order,reflectance_first,rolling_origin,AOI-02,sentinel2,2021;2022;2023,2024,R2024-H3,3,AOI-02_b_-66_-110,0.06076544220424512,0.04690484962900096,0.007377204820861503,585
spatial_aggregation_order,reflectance_first,rolling_origin,AOI-02,sentinel2,2021;2022;2023,2024,R2024-H3,3,AOI-02_b_-66_-111,0.06765347566589451,0.054419461988719435,0.024091914192025405,365
spatial_aggregation_order,reflectance_first,rolling_origin,AOI-02,sentinel2,2021;2022;2023,2024,R2024-H3,3,AOI-02_b_-66_-112,0.07929716573473354,0.05835121237393088,0.0382026830712766,274
spatial_aggregation_order,reflectance_first,rolling_origin,AOI-02,sentinel2,2021;2022;2023,2024,R2024-H3,3,AOI-02_b_-66_-113,0.025792402537629846,0.022288341929755883,0.0006427212648122182,5
spatial_aggregation_order,reflectance_first,rolling_origin,AOI-02,sentinel2,2021;2022;2023,2024,R2024-H3,3,AOI-02_b_-67_-109,0.05592146792075068,0.04436339721459087,-0.0033491976872300874,390
spatial_aggregation_order,reflectance_first,rolling_origin,AOI-02,sentinel2,2021;2022;2023,2024,R2024-H3,3,AOI-02_b_-67_-110,0.06955958425247864,0.0530492860159126,-0.01327410425136649,755
spatial_aggregation_order,reflectance_first,rolling_origin,AOI-02,sentinel2,2021;2022;2023,2024,R2024-H3,3,AOI-02_b_-67_-111,0.07220608837031854,0.054065194727105526,-0.0021460280775275377,739
spatial_aggregation_order,reflectance_first,rolling_origin,AOI-02,sentinel2,2021;2022;2023,2024,R2024-H3,3,AOI-02_b_-67_-112,0.07188654016424151,0.06263832829105702,0.049977808052728744,674
spatial_aggregation_order,reflectance_first,rolling_origin,AOI-02,sentinel2,2021;2022;2023,2024,R2024-H3,3,AOI-02_b_-67_-113,0.07774078110600886,0.06552613563374833,0.0353315451627175,122
spatial_aggregation_order,reflectance_first,rolling_origin,AOI-02,sentinel2,2021;2022;2023,2024,R2024-H3,3,AOI-02_b_-68_-109,0.052587249638870716,0.04155104898253168,-0.0019759063475387967,614
spatial_aggregation_order,reflectance_first,rolling_origin,AOI-02,sentinel2,2021;2022;2023,2024,R2024-H3,3,AOI-02_b_-68_-110,0.05908328751994305,0.04669365720409785,0.009407849829227684,784
spatial_aggregation_order,reflectance_first,rolling_origin,AOI-02,sentinel2,2021;2022;2023,2024,R2024-H3,3,AOI-02_b_-68_-111,0.05864559499602139,0.044898103364489496,-0.0002049450369192782,810
spatial_aggregation_order,reflectance_first,rolling_origin,AOI-02,sentinel2,2021;2022;2023,2024,R2024-H3,3,AOI-02_b_-68_-112,0.07747583810266534,0.061815293648317234,0.042381690634754665,711
spatial_aggregation_order,reflectance_first,rolling_origin,AOI-02,sentinel2,2021;2022;2023,2024,R2024-H3,3,AOI-02_b_-68_-113,0.048026166132247965,0.03863316330281109,-0.035250272053871184,6
spatial_aggregation_order,reflectance_first,rolling_origin,AOI-02,sentinel2,2021;2022;2023,2024,R2024-H3,3,AOI-02_b_-69_-108,0.04125071075533287,0.03245306180204829,0.02693709773479205,39
spatial_aggregation_order,reflectance_first,rolling_origin,AOI-02,sentinel2,2021;2022;2023,2024,R2024-H3,3,AOI-02_b_-69_-109,0.04406397028437226,0.0344786361370683,0.010993517310792431,717
spatial_aggregation_order,reflectance_first,rolling_origin,AOI-02,sentinel2,2021;2022;2023,2024,R2024-H3,3,AOI-02_b_-69_-110,0.04974986349501626,0.039490797763676054,0.007771269457101339,806
spatial_aggregation_order,reflectance_first,rolling_origin,AOI-02,sentinel2,2021;2022;2023,2024,R2024-H3,3,AOI-02_b_-69_-111,0.0480423710647949,0.03716237084511463,-0.008008676793338863,807
spatial_aggregation_order,reflectance_first,rolling_origin,AOI-02,sentinel2,2021;2022;2023,2024,R2024-H3,3,AOI-02_b_-69_-112,0.058819357026609655,0.04612878142165404,0.011720345227833542,781
spatial_aggregation_order,reflectance_first,rolling_origin,AOI-02,sentinel2,2021;2022;2023,2024,R2024-H3,3,AOI-02_b_-69_-113,0.054771701064945055,0.04226830646413845,0.02808134150539747,117
spatial_aggregation_order,reflectance_first,rolling_origin,AOI-02,sentinel2,2021;2022;2023,2024,R2024-H3,3,AOI-02_b_-70_-108,0.048845739467880685,0.03939371841593225,-0.02026842513839117,372
spatial_aggregation_order,reflectance_first,rolling_origin,AOI-02,sentinel2,2021;2022;2023,2024,R2024-H3,3,AOI-02_b_-70_-109,0.04552566960260542,0.03647458598104708,0.001891594490319506,819
spatial_aggregation_order,reflectance_first,rolling_origin,AOI-02,sentinel2,2021;2022;2023,2024,R2024-H3,3,AOI-02_b_-70_-110,0.0527601351182634,0.04039675946123728,0.0008674634409294697,828
spatial_aggregation_order,reflectance_first,rolling_origin,AOI-02,sentinel2,2021;2022;2023,2024,R2024-H3,3,AOI-02_b_-70_-111,0.044377448427317855,0.035135215478695345,0.006126059295555348,816
spatial_aggregation_order,reflectance_first,rolling_origin,AOI-02,sentinel2,2021;2022;2023,2024,R2024-H3,3,AOI-02_b_-70_-112,0.04602038132882441,0.03612695867200216,-0.0026691531442291656,342
spatial_aggregation_order,reflectance_first,rolling_origin,AOI-02,sentinel2,2021;2022;2023,2024,R2024-H3,3,AOI-02_b_-71_-108,0.07323411863374124,0.05272755391391335,-0.02303190246178872,167
spatial_aggregation_order,reflectance_first,rolling_origin,AOI-02,sentinel2,2021;2022;2023,2024,R2024-H3,3,AOI-02_b_-71_-109,0.058636377021557565,0.04677934049732255,0.018760207239149604,800
spatial_aggregation_order,reflectance_first,rolling_origin,AOI-02,sentinel2,2021;2022;2023,2024,R2024-H3,3,AOI-02_b_-71_-110,0.047818867043340714,0.03706216782846922,-0.018663568530642695,810
spatial_aggregation_order,reflectance_first,rolling_origin,AOI-02,sentinel2,2021;2022;2023,2024,R2024-H3,3,AOI-02_b_-71_-111,0.053242742171246284,0.04098845352247112,0.0020194447814834583,807
spatial_aggregation_order,reflectance_first,rolling_origin,AOI-02,sentinel2,2021;2022;2023,2024,R2024-H3,3,AOI-02_b_-71_-112,0.06578466863698663,0.04880674337519555,-0.00616793688189298,441
spatial_aggregation_order,reflectance_first,rolling_origin,AOI-02,sentinel2,2021;2022;2023,2024,R2024-H3,3,AOI-02_b_-72_-108,0.0844731793557651,0.07718703550533156,0.07718703550533156,11
spatial_aggregation_order,reflectance_first,rolling_origin,AOI-02,sentinel2,2021;2022;2023,2024,R2024-H3,3,AOI-02_b_-72_-109,0.06519914647979055,0.04840530331586384,0.0016725918784456855,442
spatial_aggregation_order,reflectance_first,rolling_origin,AOI-02,sentinel2,2021;2022;2023,2024,R2024-H3,3,AOI-02_b_-72_-110,0.055871929376045855,0.042689878966553796,-0.009302802766536455,610
spatial_aggregation_order,reflectance_first,rolling_origin,AOI-02,sentinel2,2021;2022;2023,2024,R2024-H3,3,AOI-02_b_-72_-111,0.05054180582681069,0.038942213653161244,-0.005543574193159388,729
spatial_aggregation_order,reflectance_first,rolling_origin,AOI-02,sentinel2,2021;2022;2023,2024,R2024-H3,3,AOI-02_b_-72_-112,0.07502689112727459,0.060007021299775413,0.014071147929890795,138
spatial_aggregation_order,reflectance_first,rolling_origin,AOI-02,sentinel2,2021;2022;2023,2024,R2024-H3,3,AOI-02_b_-73_-111,0.07436256100195551,0.06895932257928498,-0.02859551672859865,9
spatial_aggregation_order,reflectance_first,rolling_origin,AOI-02,sentinel2,2024,2025,R2025-H1,1,AOI-02_b_-65_-110,0.04799755181495964,0.04159571498856893,0.03799036851959347,6
spatial_aggregation_order,reflectance_first,rolling_origin,AOI-02,sentinel2,2024,2025,R2025-H1,1,AOI-02_b_-66_-109,0.04235801126167926,0.03273564196950136,0.0026094297309419323,28
spatial_aggregation_order,reflectance_first,rolling_origin,AOI-02,sentinel2,2024,2025,R2025-H1,1,AOI-02_b_-66_-110,0.06202661823110392,0.045198541452079556,0.00948455541199977,629
spatial_aggregation_order,reflectance_first,rolling_origin,AOI-02,sentinel2,2024,2025,R2025-H1,1,AOI-02_b_-66_-111,0.07387426139039145,0.05938846108330619,0.015733758062750874,399
spatial_aggregation_order,reflectance_first,rolling_origin,AOI-02,sentinel2,2024,2025,R2025-H1,1,AOI-02_b_-66_-112,0.06676889566675379,0.05371650731486518,0.034290473503806866,279
spatial_aggregation_order,reflectance_first,rolling_origin,AOI-02,sentinel2,2024,2025,R2025-H1,1,AOI-02_b_-66_-113,0.041210908370773916,0.04034446556815404,0.0289807792117045,6
spatial_aggregation_order,reflectance_first,rolling_origin,AOI-02,sentinel2,2024,2025,R2025-H1,1,AOI-02_b_-67_-109,0.049636466264733295,0.03751603503596363,0.013632130058127459,370
spatial_aggregation_order,reflectance_first,rolling_origin,AOI-02,sentinel2,2024,2025,R2025-H1,1,AOI-02_b_-67_-110,0.04937818757233047,0.0384469616525293,0.0033243091858452907,806
spatial_aggregation_order,reflectance_first,rolling_origin,AOI-02,sentinel2,2024,2025,R2025-H1,1,AOI-02_b_-67_-111,0.06753118554613817,0.05362048599880536,-0.024915072789586754,806
spatial_aggregation_order,reflectance_first,rolling_origin,AOI-02,sentinel2,2024,2025,R2025-H1,1,AOI-02_b_-67_-112,0.07941697294555844,0.07069710951439115,0.06535693210826202,816
spatial_aggregation_order,reflectance_first,rolling_origin,AOI-02,sentinel2,2024,2025,R2025-H1,1,AOI-02_b_-67_-113,0.07486818017240879,0.061522529417988664,0.05579751419748821,141
spatial_aggregation_order,reflectance_first,rolling_origin,AOI-02,sentinel2,2024,2025,R2025-H1,1,AOI-02_b_-68_-109,0.047353500350857836,0.037488444242015743,-0.010274845066484312,596
spatial_aggregation_order,reflectance_first,rolling_origin,AOI-02,sentinel2,2024,2025,R2025-H1,1,AOI-02_b_-68_-110,0.06673667673094176,0.05414262917817461,-0.009313695605405183,815
spatial_aggregation_order,reflectance_first,rolling_origin,AOI-02,sentinel2,2024,2025,R2025-H1,1,AOI-02_b_-68_-111,0.05075877845952889,0.040160243015066946,-0.0072794212181098985,818
spatial_aggregation_order,reflectance_first,rolling_origin,AOI-02,sentinel2,2024,2025,R2025-H1,1,AOI-02_b_-68_-112,0.08015637431211642,0.06805152716474121,0.05341049473781841,790
spatial_aggregation_order,reflectance_first,rolling_origin,AOI-02,sentinel2,2024,2025,R2025-H1,1,AOI-02_b_-68_-113,0.05621126220719275,0.046557605760468086,-0.046557605760468086,6
spatial_aggregation_order,reflectance_first,rolling_origin,AOI-02,sentinel2,2024,2025,R2025-H1,1,AOI-02_b_-69_-108,0.04358005924082647,0.036560644495764655,0.02680329852981968,39
spatial_aggregation_order,reflectance_first,rolling_origin,AOI-02,sentinel2,2024,2025,R2025-H1,1,AOI-02_b_-69_-109,0.06310309272652155,0.048514306133552176,-0.028006236051658716,705
spatial_aggregation_order,reflectance_first,rolling_origin,AOI-02,sentinel2,2024,2025,R2025-H1,1,AOI-02_b_-69_-110,0.04744765617742714,0.03735145966710598,0.0019443957417264682,807
spatial_aggregation_order,reflectance_first,rolling_origin,AOI-02,sentinel2,2024,2025,R2025-H1,1,AOI-02_b_-69_-111,0.04975758229509628,0.03769523754173139,-0.010319708252044174,806
spatial_aggregation_order,reflectance_first,rolling_origin,AOI-02,sentinel2,2024,2025,R2025-H1,1,AOI-02_b_-69_-112,0.05169044096365016,0.039333432677212926,0.010894047251828867,779
spatial_aggregation_order,reflectance_first,rolling_origin,AOI-02,sentinel2,2024,2025,R2025-H1,1,AOI-02_b_-69_-113,0.044273608759895465,0.035567990195873575,0.009165819232369348,117
spatial_aggregation_order,reflectance_first,rolling_origin,AOI-02,sentinel2,2024,2025,R2025-H1,1,AOI-02_b_-70_-108,0.05073986303703557,0.03977343596603076,-0.018576310467910213,371
spatial_aggregation_order,reflectance_first,rolling_origin,AOI-02,sentinel2,2024,2025,R2025-H1,1,AOI-02_b_-70_-109,0.06574406852395827,0.04917248324502539,-0.028295457042331378,804
spatial_aggregation_order,reflectance_first,rolling_origin,AOI-02,sentinel2,2024,2025,R2025-H1,1,AOI-02_b_-70_-110,0.05138386894008422,0.03883759049856699,0.000935788390660785,820
spatial_aggregation_order,reflectance_first,rolling_origin,AOI-02,sentinel2,2024,2025,R2025-H1,1,AOI-02_b_-70_-111,0.04558337398730973,0.03568998474382484,0.010160997612578802,816
spatial_aggregation_order,reflectance_first,rolling_origin,AOI-02,sentinel2,2024,2025,R2025-H1,1,AOI-02_b_-70_-112,0.04822479620324702,0.03699640388266012,-0.0011061915333712505,342
spatial_aggregation_order,reflectance_first,rolling_origin,AOI-02,sentinel2,2024,2025,R2025-H1,1,AOI-02_b_-71_-108,0.04973424587633052,0.039664463269466176,-0.01776278968097663,149
spatial_aggregation_order,reflectance_first,rolling_origin,AOI-02,sentinel2,2024,2025,R2025-H1,1,AOI-02_b_-71_-109,0.05456653963807593,0.04306963300722461,0.0180962553415477,675
spatial_aggregation_order,reflectance_first,rolling_origin,AOI-02,sentinel2,2024,2025,R2025-H1,1,AOI-02_b_-71_-110,0.05230555377498443,0.041591666967136356,-0.015377668394459552,788
spatial_aggregation_order,reflectance_first,rolling_origin,AOI-02,sentinel2,2024,2025,R2025-H1,1,AOI-02_b_-71_-111,0.05573768004943796,0.040829833734640816,0.01505901544959601,806
spatial_aggregation_order,reflectance_first,rolling_origin,AOI-02,sentinel2,2024,2025,R2025-H1,1,AOI-02_b_-71_-112,0.06082250817389968,0.044786978019017355,-0.009201095629797951,439
spatial_aggregation_order,reflectance_first,rolling_origin,AOI-02,sentinel2,2024,2025,R2025-H1,1,AOI-02_b_-72_-108,0.08925482416666966,0.07839694553467391,0.07839694553467391,8
spatial_aggregation_order,reflectance_first,rolling_origin,AOI-02,sentinel2,2024,2025,R2025-H1,1,AOI-02_b_-72_-109,0.0677310631926513,0.052759708453336635,0.014695706359528445,450
spatial_aggregation_order,reflectance_first,rolling_origin,AOI-02,sentinel2,2024,2025,R2025-H1,1,AOI-02_b_-72_-110,0.05878902508400344,0.0446032242989285,-0.002531276472312889,626
spatial_aggregation_order,reflectance_first,rolling_origin,AOI-02,sentinel2,2024,2025,R2025-H1,1,AOI-02_b_-72_-111,0.054696922588388194,0.04467976975190854,0.02417413217023929,729
spatial_aggregation_order,reflectance_first,rolling_origin,AOI-02,sentinel2,2024,2025,R2025-H1,1,AOI-02_b_-72_-112,0.07166654358405591,0.05819766992904503,0.041993055201404256,138
spatial_aggregation_order,reflectance_first,rolling_origin,AOI-02,sentinel2,2024,2025,R2025-H1,1,AOI-02_b_-73_-111,0.03826918477325967,0.03442646628006788,-0.006402675264070444,9
spatial_aggregation_order,reflectance_first,rolling_origin,AOI-02,sentinel2,2023;2024,2025,R2025-H2,2,AOI-02_b_-65_-110,0.05005121440021974,0.04330169046734022,0.04046203545028016,6
spatial_aggregation_order,reflectance_first,rolling_origin,AOI-02,sentinel2,2023;2024,2025,R2025-H2,2,AOI-02_b_-66_-109,0.042682859409838445,0.03362921793279268,0.004860418505576029,28
spatial_aggregation_order,reflectance_first,rolling_origin,AOI-02,sentinel2,2023;2024,2025,R2025-H2,2,AOI-02_b_-66_-110,0.0625415708418937,0.04600915348653001,0.01173326753102859,629
spatial_aggregation_order,reflectance_first,rolling_origin,AOI-02,sentinel2,2023;2024,2025,R2025-H2,2,AOI-02_b_-66_-111,0.07449353111057758,0.05999355210881355,0.01782765190000831,399
spatial_aggregation_order,reflectance_first,rolling_origin,AOI-02,sentinel2,2023;2024,2025,R2025-H2,2,AOI-02_b_-66_-112,0.06797349188265714,0.05489969842874013,0.03634562972970062,279
spatial_aggregation_order,reflectance_first,rolling_origin,AOI-02,sentinel2,2023;2024,2025,R2025-H2,2,AOI-02_b_-66_-113,0.04325837702004418,0.04225040878543973,0.031709653964931826,6
spatial_aggregation_order,reflectance_first,rolling_origin,AOI-02,sentinel2,2023;2024,2025,R2025-H2,2,AOI-02_b_-67_-109,0.0505055161980444,0.038277058846547515,0.015933581650427946,370
spatial_aggregation_order,reflectance_first,rolling_origin,AOI-02,sentinel2,2023;2024,2025,R2025-H2,2,AOI-02_b_-67_-110,0.04974379617426362,0.038780563760586244,0.005865285845375697,806
spatial_aggregation_order,reflectance_first,rolling_origin,AOI-02,sentinel2,2023;2024,2025,R2025-H2,2,AOI-02_b_-67_-111,0.06668442122540683,0.05282618250393961,-0.022322062914833372,806
spatial_aggregation_order,reflectance_first,rolling_origin,AOI-02,sentinel2,2023;2024,2025,R2025-H2,2,AOI-02_b_-67_-112,0.08071589152026763,0.07191934558710175,0.06687371451777667,816
spatial_aggregation_order,reflectance_first,rolling_origin,AOI-02,sentinel2,2023;2024,2025,R2025-H2,2,AOI-02_b_-67_-113,0.07648124160696038,0.06304118593870223,0.05780182233346924,141
spatial_aggregation_order,reflectance_first,rolling_origin,AOI-02,sentinel2,2023;2024,2025,R2025-H2,2,AOI-02_b_-68_-109,0.04695877137731029,0.03717423576193598,-0.007667942403517598,596
spatial_aggregation_order,reflectance_first,rolling_origin,AOI-02,sentinel2,2023;2024,2025,R2025-H2,2,AOI-02_b_-68_-110,0.06631715390824058,0.05378861699197877,-0.007022498654092812,815
spatial_aggregation_order,reflectance_first,rolling_origin,AOI-02,sentinel2,2023;2024,2025,R2025-H2,2,AOI-02_b_-68_-111,0.0505249185658714,0.03976732523629389,-0.004686468379504401,818
spatial_aggregation_order,reflectance_first,rolling_origin,AOI-02,sentinel2,2023;2024,2025,R2025-H2,2,AOI-02_b_-68_-112,0.08138256426360771,0.06922314939684361,0.055108975835436634,790
spatial_aggregation_order,reflectance_first,rolling_origin,AOI-02,sentinel2,2023;2024,2025,R2025-H2,2,AOI-02_b_-68_-113,0.05456234841002893,0.04449502673936639,-0.04449502673936639,6
spatial_aggregation_order,reflectance_first,rolling_origin,AOI-02,sentinel2,2023;2024,2025,R2025-H2,2,AOI-02_b_-69_-108,0.045220352357804645,0.038073105478187916,0.029203069322925518,39
spatial_aggregation_order,reflectance_first,rolling_origin,AOI-02,sentinel2,2023;2024,2025,R2025-H2,2,AOI-02_b_-69_-109,0.06208389324543678,0.04755693590803334,-0.025318086115255444,705
spatial_aggregation_order,reflectance_first,rolling_origin,AOI-02,sentinel2,2023;2024,2025,R2025-H2,2,AOI-02_b_-69_-110,0.0478281065473502,0.037790305786070504,0.004540737985989367,807
spatial_aggregation_order,reflectance_first,rolling_origin,AOI-02,sentinel2,2023;2024,2025,R2025-H2,2,AOI-02_b_-69_-111,0.04937487685080685,0.03725885763343872,-0.007574225315847225,806
spatial_aggregation_order,reflectance_first,rolling_origin,AOI-02,sentinel2,2023;2024,2025,R2025-H2,2,AOI-02_b_-69_-112,0.05225749584186125,0.03978808427851769,0.013328101327293911,779
spatial_aggregation_order,reflectance_first,rolling_origin,AOI-02,sentinel2,2023;2024,2025,R2025-H2,2,AOI-02_b_-69_-113,0.04497194915073157,0.03615475388113479,0.011707762542378377,117
spatial_aggregation_order,reflectance_first,rolling_origin,AOI-02,sentinel2,2023;2024,2025,R2025-H2,2,AOI-02_b_-70_-108,0.04992348729588189,0.039149406980549674,-0.015790133583705627,371
spatial_aggregation_order,reflectance_first,rolling_origin,AOI-02,sentinel2,2023;2024,2025,R2025-H2,2,AOI-02_b_-70_-109,0.06470421676550558,0.04835364767981602,-0.025648348232752725,804
spatial_aggregation_order,reflectance_first,rolling_origin,AOI-02,sentinel2,2023;2024,2025,R2025-H2,2,AOI-02_b_-70_-110,0.05165211269892984,0.03920776386982149,0.00353794388343301,820
spatial_aggregation_order,reflectance_first,rolling_origin,AOI-02,sentinel2,2023;2024,2025,R2025-H2,2,AOI-02_b_-70_-111,0.04641040273560788,0.036303566827140206,0.012834082642800906,816
spatial_aggregation_order,reflectance_first,rolling_origin,AOI-02,sentinel2,2023;2024,2025,R2025-H2,2,AOI-02_b_-70_-112,0.04836844072416971,0.0368801403749204,0.001548568542617995,342
spatial_aggregation_order,reflectance_first,rolling_origin,AOI-02,sentinel2,2023;2024,2025,R2025-H2,2,AOI-02_b_-71_-108,0.04884427704488494,0.0384338592571071,-0.015139464995546912,149
spatial_aggregation_order,reflectance_first,rolling_origin,AOI-02,sentinel2,2023;2024,2025,R2025-H2,2,AOI-02_b_-71_-109,0.055436884765972166,0.04375572433092276,0.02031521947954322,675
spatial_aggregation_order,reflectance_first,rolling_origin,AOI-02,sentinel2,2023;2024,2025,R2025-H2,2,AOI-02_b_-71_-110,0.051661775497220924,0.041024986117830495,-0.0125178608189969,788
spatial_aggregation_order,reflectance_first,rolling_origin,AOI-02,sentinel2,2023;2024,2025,R2025-H2,2,AOI-02_b_-71_-111,0.056658477117549184,0.041771016544141164,0.017694131445940554,806
spatial_aggregation_order,reflectance_first,rolling_origin,AOI-02,sentinel2,2023;2024,2025,R2025-H2,2,AOI-02_b_-71_-112,0.0605886469698329,0.0445613416362133,-0.006617390634466627,439
spatial_aggregation_order,reflectance_first,rolling_origin,AOI-02,sentinel2,2023;2024,2025,R2025-H2,2,AOI-02_b_-72_-108,0.09051889645437657,0.07975224734826769,0.07975224734826769,8
spatial_aggregation_order,reflectance_first,rolling_origin,AOI-02,sentinel2,2023;2024,2025,R2025-H2,2,AOI-02_b_-72_-109,0.0683735361663659,0.053396940489015665,0.01694916675523411,450
spatial_aggregation_order,reflectance_first,rolling_origin,AOI-02,sentinel2,2023;2024,2025,R2025-H2,2,AOI-02_b_-72_-110,0.058903538898186246,0.0448436213519371,8.714977624675828e-05,626
spatial_aggregation_order,reflectance_first,rolling_origin,AOI-02,sentinel2,2023;2024,2025,R2025-H2,2,AOI-02_b_-72_-111,0.05611410296037729,0.046031467112205335,0.026740189880835607,729
spatial_aggregation_order,reflectance_first,rolling_origin,AOI-02,sentinel2,2023;2024,2025,R2025-H2,2,AOI-02_b_-72_-112,0.07333185597852519,0.05980457595603497,0.04444470043509184,138
spatial_aggregation_order,reflectance_first,rolling_origin,AOI-02,sentinel2,2023;2024,2025,R2025-H2,2,AOI-02_b_-73_-111,0.03819966532060473,0.03439094834584553,-0.004429942310487304,9
spatial_aggregation_order,reflectance_first,rolling_origin,AOI-02,sentinel2,2022;2023;2024,2025,R2025-H3,3,AOI-02_b_-65_-110,0.04248585107638789,0.036661437613525506,0.030236696826878757,6
spatial_aggregation_order,reflectance_first,rolling_origin,AOI-02,sentinel2,2022;2023;2024,2025,R2025-H3,3,AOI-02_b_-66_-109,0.043225580560729365,0.03195518279574801,-0.006034716518861639,28
spatial_aggregation_order,reflectance_first,rolling_origin,AOI-02,sentinel2,2022;2023;2024,2025,R2025-H3,3,AOI-02_b_-66_-110,0.06186740401740819,0.043427720307794127,0.0008312224627601197,629
spatial_aggregation_order,reflectance_first,rolling_origin,AOI-02,sentinel2,2022;2023;2024,2025,R2025-H3,3,AOI-02_b_-66_-111,0.07310237679324917,0.0583148074495151,0.006455706548902746,399
spatial_aggregation_order,reflectance_first,rolling_origin,AOI-02,sentinel2,2022;2023;2024,2025,R2025-H3,3,AOI-02_b_-66_-112,0.06304502347175764,0.049291703078299366,0.024856109022971935,279
spatial_aggregation_order,reflectance_first,rolling_origin,AOI-02,sentinel2,2022;2023;2024,2025,R2025-H3,3,AOI-02_b_-66_-113,0.03720190505318331,0.03621709263064446,0.022264985603316367,6
spatial_aggregation_order,reflectance_first,rolling_origin,AOI-02,sentinel2,2022;2023;2024,2025,R2025-H3,3,AOI-02_b_-67_-109,0.04882217117221971,0.0369239106308686,0.0051916100122704565,370
spatial_aggregation_order,reflectance_first,rolling_origin,AOI-02,sentinel2,2022;2023;2024,2025,R2025-H3,3,AOI-02_b_-67_-110,0.050003101290079385,0.0391248574340412,-0.004149685754090512,806
spatial_aggregation_order,reflectance_first,rolling_origin,AOI-02,sentinel2,2022;2023;2024,2025,R2025-H3,3,AOI-02_b_-67_-111,0.0708210625277414,0.056230356198455,-0.0321791046996133,806
spatial_aggregation_order,reflectance_first,rolling_origin,AOI-02,sentinel2,2022;2023;2024,2025,R2025-H3,3,AOI-02_b_-67_-112,0.0704181624081441,0.06153645867362434,0.053750136090641325,816
spatial_aggregation_order,reflectance_first,rolling_origin,AOI-02,sentinel2,2022;2023;2024,2025,R2025-H3,3,AOI-02_b_-67_-113,0.06851599928364636,0.055316761338491234,0.04615796887250553,141
spatial_aggregation_order,reflectance_first,rolling_origin,AOI-02,sentinel2,2022;2023;2024,2025,R2025-H3,3,AOI-02_b_-68_-109,0.0498281025511832,0.039545994504192904,-0.0174828171713526,596
spatial_aggregation_order,reflectance_first,rolling_origin,AOI-02,sentinel2,2022;2023;2024,2025,R2025-H3,3,AOI-02_b_-68_-110,0.06793738675949698,0.05512456130128812,-0.01779559490263593,815
spatial_aggregation_order,reflectance_first,rolling_origin,AOI-02,sentinel2,2022;2023;2024,2025,R2025-H3,3,AOI-02_b_-68_-111,0.052612118406548114,0.04210714543493783,-0.014543683278865608,818
spatial_aggregation_order,reflectance_first,rolling_origin,AOI-02,sentinel2,2022;2023;2024,2025,R2025-H3,3,AOI-02_b_-68_-112,0.07377409559606113,0.06089987108760743,0.04253688437711466,790
spatial_aggregation_order,reflectance_first,rolling_origin,AOI-02,sentinel2,2022;2023;2024,2025,R2025-H3,3,AOI-02_b_-68_-113,0.0643793935303431,0.05596201797781936,-0.05596201797781936,6
spatial_aggregation_order,reflectance_first,rolling_origin,AOI-02,sentinel2,2022;2023;2024,2025,R2025-H3,3,AOI-02_b_-69_-108,0.03973297562286106,0.03319127501105303,0.01875951347738728,39
spatial_aggregation_order,reflectance_first,rolling_origin,AOI-02,sentinel2,2022;2023;2024,2025,R2025-H3,3,AOI-02_b_-69_-109,0.06693248975555406,0.0519568817905062,-0.03488636134503356,705
spatial_aggregation_order,reflectance_first,rolling_origin,AOI-02,sentinel2,2022;2023;2024,2025,R2025-H3,3,AOI-02_b_-69_-110,0.048540124939819546,0.03793962061749805,-0.0053061894805258,807
spatial_aggregation_order,reflectance_first,rolling_origin,AOI-02,sentinel2,2022;2023;2024,2025,R2025-H3,3,AOI-02_b_-69_-111,0.05200162818092937,0.03996402935016217,-0.016968484967421676,806
spatial_aggregation_order,reflectance_first,rolling_origin,AOI-02,sentinel2,2022;2023;2024,2025,R2025-H3,3,AOI-02_b_-69_-112,0.05067597840545351,0.03818359720044054,0.0029886011778456063,779
spatial_aggregation_order,reflectance_first,rolling_origin,AOI-02,sentinel2,2022;2023;2024,2025,R2025-H3,3,AOI-02_b_-69_-113,0.04379441067397702,0.034819420651107096,0.0016957248944333534,117
spatial_aggregation_order,reflectance_first,rolling_origin,AOI-02,sentinel2,2022;2023;2024,2025,R2025-H3,3,AOI-02_b_-70_-108,0.05397774919127228,0.04221769854148095,-0.02506088005931818,371
spatial_aggregation_order,reflectance_first,rolling_origin,AOI-02,sentinel2,2022;2023;2024,2025,R2025-H3,3,AOI-02_b_-70_-109,0.06929788881340729,0.05203348946005559,-0.03534119038629587,804
spatial_aggregation_order,reflectance_first,rolling_origin,AOI-02,sentinel2,2022;2023;2024,2025,R2025-H3,3,AOI-02_b_-70_-110,0.0524026716884903,0.03936074575481299,-0.006291339367634995,820
spatial_aggregation_order,reflectance_first,rolling_origin,AOI-02,sentinel2,2022;2023;2024,2025,R2025-H3,3,AOI-02_b_-70_-111,0.045225331004647915,0.035524465159341545,0.003220082815162309,816
spatial_aggregation_order,reflectance_first,rolling_origin,AOI-02,sentinel2,2022;2023;2024,2025,R2025-H3,3,AOI-02_b_-70_-112,0.04942793234758452,0.0385787266389245,-0.008121050693003125,342
spatial_aggregation_order,reflectance_first,rolling_origin,AOI-02,sentinel2,2022;2023;2024,2025,R2025-H3,3,AOI-02_b_-71_-108,0.05268947282550239,0.0425195860714245,-0.024904496082701393,149
spatial_aggregation_order,reflectance_first,rolling_origin,AOI-02,sentinel2,2022;2023;2024,2025,R2025-H3,3,AOI-02_b_-71_-109,0.052773337128584716,0.04128822450905944,0.009322884139729037,675
spatial_aggregation_order,reflectance_first,rolling_origin,AOI-02,sentinel2,2022;2023;2024,2025,R2025-H3,3,AOI-02_b_-71_-110,0.054932112337686086,0.04371611145402891,-0.02156512540182661,788
spatial_aggregation_order,reflectance_first,rolling_origin,AOI-02,sentinel2,2022;2023;2024,2025,R2025-H3,3,AOI-02_b_-71_-111,0.054906340575822776,0.03966591826546,0.007964889028383108,806
spatial_aggregation_order,reflectance_first,rolling_origin,AOI-02,sentinel2,2022;2023;2024,2025,R2025-H3,3,AOI-02_b_-71_-112,0.0627763069176058,0.046610802627506255,-0.016502674338883975,439
spatial_aggregation_order,reflectance_first,rolling_origin,AOI-02,sentinel2,2022;2023;2024,2025,R2025-H3,3,AOI-02_b_-72_-108,0.07904083840778103,0.06651694300550393,0.0661385473616645,8
spatial_aggregation_order,reflectance_first,rolling_origin,AOI-02,sentinel2,2022;2023;2024,2025,R2025-H3,3,AOI-02_b_-72_-109,0.06691812752501429,0.051553858816505795,0.006061533528564126,450
spatial_aggregation_order,reflectance_first,rolling_origin,AOI-02,sentinel2,2022;2023;2024,2025,R2025-H3,3,AOI-02_b_-72_-110,0.060225441231943226,0.04523924005564375,-0.00969274891468401,626
spatial_aggregation_order,reflectance_first,rolling_origin,AOI-02,sentinel2,2022;2023;2024,2025,R2025-H3,3,AOI-02_b_-72_-111,0.052905150390501164,0.04271654590402762,0.016801343612660235,729
spatial_aggregation_order,reflectance_first,rolling_origin,AOI-02,sentinel2,2022;2023;2024,2025,R2025-H3,3,AOI-02_b_-72_-112,0.06827043127033663,0.054734751273117256,0.03415859249572121,138
spatial_aggregation_order,reflectance_first,rolling_origin,AOI-02,sentinel2,2022;2023;2024,2025,R2025-H3,3,AOI-02_b_-73_-111,0.0418378126556088,0.03720023743260191,-0.016169631915410505,9
spatial_aggregation_order,reflectance_first,rolling_origin,AOI-03,landsat,2023,2024,R2024-H1,1,AOI-03_b_-34_-48,0.07429616769505448,0.06849397453730813,0.06849397453730813,9
spatial_aggregation_order,reflectance_first,rolling_origin,AOI-03,landsat,2023,2024,R2024-H1,1,AOI-03_b_-35_-48,0.0457628998559077,0.03390734862937842,0.009692645594850266,402
spatial_aggregation_order,reflectance_first,rolling_origin,AOI-03,landsat,2023,2024,R2024-H1,1,AOI-03_b_-35_-49,0.046477875609845586,0.03434307816167796,0.013451056623786569,526
spatial_aggregation_order,reflectance_first,rolling_origin,AOI-03,landsat,2023,2024,R2024-H1,1,AOI-03_b_-35_-50,0.052411724718066446,0.03788415735382802,0.018391885720748926,387
spatial_aggregation_order,reflectance_first,rolling_origin,AOI-03,landsat,2023,2024,R2024-H1,1,AOI-03_b_-35_-51,0.035670378878172,0.021849379165078793,0.019795992168675152,237
spatial_aggregation_order,reflectance_first,rolling_origin,AOI-03,landsat,2023,2024,R2024-H1,1,AOI-03_b_-36_-47,0.0426250939838762,0.035903384065399356,0.006619188136231186,54
spatial_aggregation_order,reflectance_first,rolling_origin,AOI-03,landsat,2023,2024,R2024-H1,1,AOI-03_b_-36_-48,0.053873323207160005,0.04058406983574841,-0.006933239912392717,683
spatial_aggregation_order,reflectance_first,rolling_origin,AOI-03,landsat,2023,2024,R2024-H1,1,AOI-03_b_-36_-49,0.045057915473159085,0.03189892879171587,0.007834265687185104,755
spatial_aggregation_order,reflectance_first,rolling_origin,AOI-03,landsat,2023,2024,R2024-H1,1,AOI-03_b_-36_-50,0.03973328299700205,0.02872508355042793,0.014819719714782293,817
spatial_aggregation_order,reflectance_first,rolling_origin,AOI-03,landsat,2023,2024,R2024-H1,1,AOI-03_b_-36_-51,0.024731578385803796,0.02123862667431564,0.019574289046223447,660
spatial_aggregation_order,reflectance_first,rolling_origin,AOI-03,landsat,2023,2024,R2024-H1,1,AOI-03_b_-37_-47,0.07148443774931766,0.0586359853453597,0.006070688310772021,86
spatial_aggregation_order,reflectance_first,rolling_origin,AOI-03,landsat,2023,2024,R2024-H1,1,AOI-03_b_-37_-48,0.04313341477777433,0.03292695804944896,0.00835010625639973,460
spatial_aggregation_order,reflectance_first,rolling_origin,AOI-03,landsat,2023,2024,R2024-H1,1,AOI-03_b_-37_-49,0.04107388021896795,0.02954735285956622,0.019416727985368896,569
spatial_aggregation_order,reflectance_first,rolling_origin,AOI-03,landsat,2023,2024,R2024-H1,1,AOI-03_b_-37_-50,0.02833488019411461,0.02181226606464104,0.009598721133838946,733
spatial_aggregation_order,reflectance_first,rolling_origin,AOI-03,landsat,2023,2024,R2024-H1,1,AOI-03_b_-37_-51,0.023626331826682594,0.02053026002263874,0.0198098746904715,486
spatial_aggregation_order,reflectance_first,rolling_origin,AOI-03,landsat,2023,2024,R2024-H1,1,AOI-03_b_-38_-47,0.035104992940876836,0.02569123407006837,0.004774142662314414,148
spatial_aggregation_order,reflectance_first,rolling_origin,AOI-03,landsat,2023,2024,R2024-H1,1,AOI-03_b_-38_-48,0.03972709789401981,0.029654514529524806,0.01955693443644593,486
spatial_aggregation_order,reflectance_first,rolling_origin,AOI-03,landsat,2023,2024,R2024-H1,1,AOI-03_b_-38_-49,0.03684924039610382,0.029251296097224034,0.02490969008572852,534
spatial_aggregation_order,reflectance_first,rolling_origin,AOI-03,landsat,2023,2024,R2024-H1,1,AOI-03_b_-38_-50,0.029344276967293095,0.024635767170407493,0.020285735653182414,597
spatial_aggregation_order,reflectance_first,rolling_origin,AOI-03,landsat,2023,2024,R2024-H1,1,AOI-03_b_-38_-51,0.029224490604073984,0.025190893537001595,0.024171620221841963,595
spatial_aggregation_order,reflectance_first,rolling_origin,AOI-03,landsat,2023,2024,R2024-H1,1,AOI-03_b_-39_-47,0.0414692804766799,0.030775356477628125,0.014835087888354526,400
spatial_aggregation_order,reflectance_first,rolling_origin,AOI-03,landsat,2023,2024,R2024-H1,1,AOI-03_b_-39_-48,0.034018947649341186,0.02585007979134085,0.011224687322412752,606
spatial_aggregation_order,reflectance_first,rolling_origin,AOI-03,landsat,2023,2024,R2024-H1,1,AOI-03_b_-39_-49,0.02528641651226371,0.020646369101640808,0.013838575679416938,591
spatial_aggregation_order,reflectance_first,rolling_origin,AOI-03,landsat,2023,2024,R2024-H1,1,AOI-03_b_-39_-50,0.02667199903322531,0.022296285967920805,0.019370081699794362,670
spatial_aggregation_order,reflectance_first,rolling_origin,AOI-03,landsat,2023,2024,R2024-H1,1,AOI-03_b_-39_-51,0.03132068529633924,0.03058508322516746,0.03058508322516746,63
spatial_aggregation_order,reflectance_first,rolling_origin,AOI-03,landsat,2023,2024,R2024-H1,1,AOI-03_b_-40_-47,0.02529048812352342,0.019299622667820576,0.013343819285285262,193
spatial_aggregation_order,reflectance_first,rolling_origin,AOI-03,landsat,2023,2024,R2024-H1,1,AOI-03_b_-40_-48,0.03439145105790922,0.02689062571791049,0.0211573423602635,606
spatial_aggregation_order,reflectance_first,rolling_origin,AOI-03,landsat,2023,2024,R2024-H1,1,AOI-03_b_-40_-49,0.03231901445446484,0.029177275315984595,0.02845240180714411,623
spatial_aggregation_order,reflectance_first,rolling_origin,AOI-03,landsat,2023,2024,R2024-H1,1,AOI-03_b_-40_-50,0.0281080211973314,0.024033420278847806,0.02138735239033465,836
spatial_aggregation_order,reflectance_first,rolling_origin,AOI-03,landsat,2023,2024,R2024-H1,1,AOI-03_b_-40_-51,0.024100495677949613,0.021134133100164203,0.020972944108144553,156
spatial_aggregation_order,reflectance_first,rolling_origin,AOI-03,landsat,2023,2024,R2024-H1,1,AOI-03_b_-41_-47,0.04554796590889685,0.0351252074838763,0.018531498866251047,70
spatial_aggregation_order,reflectance_first,rolling_origin,AOI-03,landsat,2023,2024,R2024-H1,1,AOI-03_b_-41_-48,0.03200486329073794,0.027451422996348535,0.024867162923066642,442
spatial_aggregation_order,reflectance_first,rolling_origin,AOI-03,landsat,2023,2024,R2024-H1,1,AOI-03_b_-41_-49,0.03002434644280638,0.027760534749646314,0.026778434296503922,465
spatial_aggregation_order,reflectance_first,rolling_origin,AOI-03,landsat,2023,2024,R2024-H1,1,AOI-03_b_-41_-50,0.02444580869639401,0.02104155381549658,0.018971850850369874,591
spatial_aggregation_order,reflectance_first,rolling_origin,AOI-03,landsat,2023,2024,R2024-H1,1,AOI-03_b_-41_-51,0.012377466329829518,0.011001674514258295,0.008558238539292927,15
spatial_aggregation_order,reflectance_first,rolling_origin,AOI-03,landsat,2022;2023,2024,R2024-H2,2,AOI-03_b_-34_-48,0.05924345622772525,0.05261604407105154,0.05261604407105154,9
spatial_aggregation_order,reflectance_first,rolling_origin,AOI-03,landsat,2022;2023,2024,R2024-H2,2,AOI-03_b_-35_-48,0.04425311092145522,0.031612820718212455,-0.005235733658357206,402
spatial_aggregation_order,reflectance_first,rolling_origin,AOI-03,landsat,2022;2023,2024,R2024-H2,2,AOI-03_b_-35_-49,0.043263847111067275,0.031024624629127723,-0.0009346965215028368,526
spatial_aggregation_order,reflectance_first,rolling_origin,AOI-03,landsat,2022;2023,2024,R2024-H2,2,AOI-03_b_-35_-50,0.0477170219828673,0.03282006193763226,0.007219162206241318,387
spatial_aggregation_order,reflectance_first,rolling_origin,AOI-03,landsat,2022;2023,2024,R2024-H2,2,AOI-03_b_-35_-51,0.029648152964318025,0.015979239954856037,0.010193080125468153,237
spatial_aggregation_order,reflectance_first,rolling_origin,AOI-03,landsat,2022;2023,2024,R2024-H2,2,AOI-03_b_-36_-47,0.04131136973663723,0.033372728325742486,-0.012728894588586242,54
spatial_aggregation_order,reflectance_first,rolling_origin,AOI-03,landsat,2022;2023,2024,R2024-H2,2,AOI-03_b_-36_-48,0.057259559018516995,0.04518991515722258,-0.025236771862384363,683
spatial_aggregation_order,reflectance_first,rolling_origin,AOI-03,landsat,2022;2023,2024,R2024-H2,2,AOI-03_b_-36_-49,0.044175434838581586,0.02991448773169874,-0.004588522395852359,755
spatial_aggregation_order,reflectance_first,rolling_origin,AOI-03,landsat,2022;2023,2024,R2024-H2,2,AOI-03_b_-36_-50,0.03544706430854999,0.025048948941845308,0.001953760905328926,817
spatial_aggregation_order,reflectance_first,rolling_origin,AOI-03,landsat,2022;2023,2024,R2024-H2,2,AOI-03_b_-36_-51,0.01679864431353832,0.013395738195131169,0.007803071621331383,660
spatial_aggregation_order,reflectance_first,rolling_origin,AOI-03,landsat,2022;2023,2024,R2024-H2,2,AOI-03_b_-37_-47,0.06652709285089775,0.0525028061123422,-0.010869330507590836,86
spatial_aggregation_order,reflectance_first,rolling_origin,AOI-03,landsat,2022;2023,2024,R2024-H2,2,AOI-03_b_-37_-48,0.042657713797793664,0.03237051033087037,-0.006707282815273925,460
spatial_aggregation_order,reflectance_first,rolling_origin,AOI-03,landsat,2022;2023,2024,R2024-H2,2,AOI-03_b_-37_-49,0.034563342318157914,0.02460818412881415,0.008009722175974504,569
spatial_aggregation_order,reflectance_first,rolling_origin,AOI-03,landsat,2022;2023,2024,R2024-H2,2,AOI-03_b_-37_-50,0.026058645742685762,0.01988700761464781,-0.005331148111276763,733
spatial_aggregation_order,reflectance_first,rolling_origin,AOI-03,landsat,2022;2023,2024,R2024-H2,2,AOI-03_b_-37_-51,0.014728611268464396,0.011821966148939291,0.007346344015191623,486
spatial_aggregation_order,reflectance_first,rolling_origin,AOI-03,landsat,2022;2023,2024,R2024-H2,2,AOI-03_b_-38_-47,0.035544635870350574,0.025254308558940803,-0.008371968960935972,148
spatial_aggregation_order,reflectance_first,rolling_origin,AOI-03,landsat,2022;2023,2024,R2024-H2,2,AOI-03_b_-38_-48,0.03370599037110855,0.024494816157423247,0.008419405284849125,486
spatial_aggregation_order,reflectance_first,rolling_origin,AOI-03,landsat,2022;2023,2024,R2024-H2,2,AOI-03_b_-38_-49,0.027779429741795408,0.02079635680670272,0.011680571756112583,534
spatial_aggregation_order,reflectance_first,rolling_origin,AOI-03,landsat,2022;2023,2024,R2024-H2,2,AOI-03_b_-38_-50,0.02156184237838091,0.01665830962279179,0.005710458839334979,597
spatial_aggregation_order,reflectance_first,rolling_origin,AOI-03,landsat,2022;2023,2024,R2024-H2,2,AOI-03_b_-38_-51,0.019336007352797828,0.015199933533000172,0.011480879759532332,595
spatial_aggregation_order,reflectance_first,rolling_origin,AOI-03,landsat,2022;2023,2024,R2024-H2,2,AOI-03_b_-39_-47,0.03671994412919618,0.02692303346960957,0.0016833606088465264,400
spatial_aggregation_order,reflectance_first,rolling_origin,AOI-03,landsat,2022;2023,2024,R2024-H2,2,AOI-03_b_-39_-48,0.030723167606869987,0.023617650202962876,-0.003763259503721858,606
spatial_aggregation_order,reflectance_first,rolling_origin,AOI-03,landsat,2022;2023,2024,R2024-H2,2,AOI-03_b_-39_-49,0.02112434497887438,0.016754417777471005,-0.0010475043537446114,591
spatial_aggregation_order,reflectance_first,rolling_origin,AOI-03,landsat,2022;2023,2024,R2024-H2,2,AOI-03_b_-39_-50,0.01877400873775339,0.014593893116768914,0.005190112646190811,670
spatial_aggregation_order,reflectance_first,rolling_origin,AOI-03,landsat,2022;2023,2024,R2024-H2,2,AOI-03_b_-39_-51,0.019085838786027935,0.017967303845730104,0.017967303845730104,63
spatial_aggregation_order,reflectance_first,rolling_origin,AOI-03,landsat,2022;2023,2024,R2024-H2,2,AOI-03_b_-40_-47,0.02107746921073438,0.015422357726186851,0.003805978172023685,193
spatial_aggregation_order,reflectance_first,rolling_origin,AOI-03,landsat,2022;2023,2024,R2024-H2,2,AOI-03_b_-40_-48,0.026124189718020673,0.019446445562869043,0.006603239808080148,606
spatial_aggregation_order,reflectance_first,rolling_origin,AOI-03,landsat,2022;2023,2024,R2024-H2,2,AOI-03_b_-40_-49,0.01995941078895178,0.017214036374747978,0.013433972674379622,623
spatial_aggregation_order,reflectance_first,rolling_origin,AOI-03,landsat,2022;2023,2024,R2024-H2,2,AOI-03_b_-40_-50,0.019452887854381606,0.015576576683094983,0.007740073962628129,836
spatial_aggregation_order,reflectance_first,rolling_origin,AOI-03,landsat,2022;2023,2024,R2024-H2,2,AOI-03_b_-40_-51,0.01417235667076977,0.010646098026191226,0.008018859174450622,156
spatial_aggregation_order,reflectance_first,rolling_origin,AOI-03,landsat,2022;2023,2024,R2024-H2,2,AOI-03_b_-41_-47,0.03848263275816203,0.029659527215495654,0.0066354401726003275,70
spatial_aggregation_order,reflectance_first,rolling_origin,AOI-03,landsat,2022;2023,2024,R2024-H2,2,AOI-03_b_-41_-48,0.021957406004151768,0.01798498479227135,0.010083104830055275,442
spatial_aggregation_order,reflectance_first,rolling_origin,AOI-03,landsat,2022;2023,2024,R2024-H2,2,AOI-03_b_-41_-49,0.01973249670551902,0.017413326325131075,0.0141906540902252,465
spatial_aggregation_order,reflectance_first,rolling_origin,AOI-03,landsat,2022;2023,2024,R2024-H2,2,AOI-03_b_-41_-50,0.016564540916631055,0.013004316975362215,0.00625459824132768,591
spatial_aggregation_order,reflectance_first,rolling_origin,AOI-03,landsat,2022;2023,2024,R2024-H2,2,AOI-03_b_-41_-51,0.0102855862583902,0.0075954765957634085,-0.0048803307727328235,15
spatial_aggregation_order,reflectance_first,rolling_origin,AOI-03,landsat,2021;2022;2023,2024,R2024-H3,3,AOI-03_b_-34_-48,0.06085196233766464,0.05435135543819517,0.05435135543819517,9
spatial_aggregation_order,reflectance_first,rolling_origin,AOI-03,landsat,2021;2022;2023,2024,R2024-H3,3,AOI-03_b_-35_-48,0.04412522419955213,0.03164567476091862,-0.003595159160686688,402
spatial_aggregation_order,reflectance_first,rolling_origin,AOI-03,landsat,2021;2022;2023,2024,R2024-H3,3,AOI-03_b_-35_-49,0.04333839813418349,0.031178435894778766,0.0006517400865498491,526
spatial_aggregation_order,reflectance_first,rolling_origin,AOI-03,landsat,2021;2022;2023,2024,R2024-H3,3,AOI-03_b_-35_-50,0.04808333895258727,0.03327268489233456,0.00846700973780763,387
spatial_aggregation_order,reflectance_first,rolling_origin,AOI-03,landsat,2021;2022;2023,2024,R2024-H3,3,AOI-03_b_-35_-51,0.030218727856751754,0.016452070341049778,0.01129366421215447,237
spatial_aggregation_order,reflectance_first,rolling_origin,AOI-03,landsat,2021;2022;2023,2024,R2024-H3,3,AOI-03_b_-36_-47,0.040974266810044326,0.03338816726503962,-0.010647365600893839,54
spatial_aggregation_order,reflectance_first,rolling_origin,AOI-03,landsat,2021;2022;2023,2024,R2024-H3,3,AOI-03_b_-36_-48,0.056564504666771064,0.04444836476805856,-0.02325945786494502,683
spatial_aggregation_order,reflectance_first,rolling_origin,AOI-03,landsat,2021;2022;2023,2024,R2024-H3,3,AOI-03_b_-36_-49,0.04404367779883299,0.029969238563501636,-0.0032079059097363306,755
spatial_aggregation_order,reflectance_first,rolling_origin,AOI-03,landsat,2021;2022;2023,2024,R2024-H3,3,AOI-03_b_-36_-50,0.03567675257284328,0.025214699662927848,0.0033852344820818952,817
spatial_aggregation_order,reflectance_first,rolling_origin,AOI-03,landsat,2021;2022;2023,2024,R2024-H3,3,AOI-03_b_-36_-51,0.0174621108571482,0.014023935543249247,0.0091286556014561,660
spatial_aggregation_order,reflectance_first,rolling_origin,AOI-03,landsat,2021;2022;2023,2024,R2024-H3,3,AOI-03_b_-37_-47,0.06678016769094798,0.052908343508879165,-0.009028054423431795,86
spatial_aggregation_order,reflectance_first,rolling_origin,AOI-03,landsat,2021;2022;2023,2024,R2024-H3,3,AOI-03_b_-37_-48,0.04238682700225721,0.03226038747912166,-0.0050551514911114,460
spatial_aggregation_order,reflectance_first,rolling_origin,AOI-03,landsat,2021;2022;2023,2024,R2024-H3,3,AOI-03_b_-37_-49,0.035109022852482935,0.02501510425655305,0.009285215422006329,569
spatial_aggregation_order,reflectance_first,rolling_origin,AOI-03,landsat,2021;2022;2023,2024,R2024-H3,3,AOI-03_b_-37_-50,0.025874555663597542,0.019733129813791515,-0.0036904249568861145,733
spatial_aggregation_order,reflectance_first,rolling_origin,AOI-03,landsat,2021;2022;2023,2024,R2024-H3,3,AOI-03_b_-37_-51,0.015475279290501118,0.012503873733686917,0.008741000193987835,486
spatial_aggregation_order,reflectance_first,rolling_origin,AOI-03,landsat,2021;2022;2023,2024,R2024-H3,3,AOI-03_b_-38_-47,0.03519847299898156,0.025092021632475307,-0.006913297193544135,148
spatial_aggregation_order,reflectance_first,rolling_origin,AOI-03,landsat,2021;2022;2023,2024,R2024-H3,3,AOI-03_b_-38_-48,0.034206527789741155,0.02490328197901533,0.009669291769792181,486
spatial_aggregation_order,reflectance_first,rolling_origin,AOI-03,landsat,2021;2022;2023,2024,R2024-H3,3,AOI-03_b_-38_-49,0.02858858980448978,0.021507099349615377,0.01315161073204741,534
spatial_aggregation_order,reflectance_first,rolling_origin,AOI-03,landsat,2021;2022;2023,2024,R2024-H3,3,AOI-03_b_-38_-50,0.022071188684761503,0.017233362765643315,0.00731580425273013,597
spatial_aggregation_order,reflectance_first,rolling_origin,AOI-03,landsat,2021;2022;2023,2024,R2024-H3,3,AOI-03_b_-38_-51,0.020272543871064943,0.016133817414112264,0.012898204693463646,595
spatial_aggregation_order,reflectance_first,rolling_origin,AOI-03,landsat,2021;2022;2023,2024,R2024-H3,3,AOI-03_b_-39_-47,0.03698928191249701,0.027164025233159732,0.003136408135283645,400
spatial_aggregation_order,reflectance_first,rolling_origin,AOI-03,landsat,2021;2022;2023,2024,R2024-H3,3,AOI-03_b_-39_-48,0.030693587092031443,0.023512963781820866,-0.0021263944811773026,606
spatial_aggregation_order,reflectance_first,rolling_origin,AOI-03,landsat,2021;2022;2023,2024,R2024-H3,3,AOI-03_b_-39_-49,0.021094902308559916,0.01683499218519605,0.0005888499442850298,591
spatial_aggregation_order,reflectance_first,rolling_origin,AOI-03,landsat,2021;2022;2023,2024,R2024-H3,3,AOI-03_b_-39_-50,0.01928696026604088,0.01512728728188489,0.006756018144003447,670
spatial_aggregation_order,reflectance_first,rolling_origin,AOI-03,landsat,2021;2022;2023,2024,R2024-H3,3,AOI-03_b_-39_-51,0.020428111677043396,0.019377349441285885,0.019377349441285885,63
spatial_aggregation_order,reflectance_first,rolling_origin,AOI-03,landsat,2021;2022;2023,2024,R2024-H3,3,AOI-03_b_-40_-47,0.021354101105842276,0.01570486912433297,0.004899060418275963,193
spatial_aggregation_order,reflectance_first,rolling_origin,AOI-03,landsat,2021;2022;2023,2024,R2024-H3,3,AOI-03_b_-40_-48,0.026736582497105234,0.01989990599090828,0.008204588463986133,606
spatial_aggregation_order,reflectance_first,rolling_origin,AOI-03,landsat,2021;2022;2023,2024,R2024-H3,3,AOI-03_b_-40_-49,0.021138967325116227,0.018339634418917446,0.015083531462279488,623
spatial_aggregation_order,reflectance_first,rolling_origin,AOI-03,landsat,2021;2022;2023,2024,R2024-H3,3,AOI-03_b_-40_-50,0.020131951909437115,0.01626134850557881,0.009252832835380803,836
spatial_aggregation_order,reflectance_first,rolling_origin,AOI-03,landsat,2021;2022;2023,2024,R2024-H3,3,AOI-03_b_-40_-51,0.015047627781914043,0.011515285145312287,0.009462458026490985,156
spatial_aggregation_order,reflectance_first,rolling_origin,AOI-03,landsat,2021;2022;2023,2024,R2024-H3,3,AOI-03_b_-41_-47,0.03908099288219091,0.03017023076048071,0.007950092398198848,70
spatial_aggregation_order,reflectance_first,rolling_origin,AOI-03,landsat,2021;2022;2023,2024,R2024-H3,3,AOI-03_b_-41_-48,0.022789124442425018,0.018780895151929673,0.011709280383542676,442
spatial_aggregation_order,reflectance_first,rolling_origin,AOI-03,landsat,2021;2022;2023,2024,R2024-H3,3,AOI-03_b_-41_-49,0.020753880769968716,0.0184708867367365,0.015597706663695626,465
spatial_aggregation_order,reflectance_first,rolling_origin,AOI-03,landsat,2021;2022;2023,2024,R2024-H3,3,AOI-03_b_-41_-50,0.017153807529542552,0.01359726740687657,0.007674568296185532,591
spatial_aggregation_order,reflectance_first,rolling_origin,AOI-03,landsat,2021;2022;2023,2024,R2024-H3,3,AOI-03_b_-41_-51,0.009655670295770137,0.007156248817178788,-0.0033883948403106694,15
spatial_aggregation_order,reflectance_first,rolling_origin,AOI-03,landsat,2024,2025,R2025-H1,1,AOI-03_b_-34_-48,0.04710256445184114,0.042266340012761874,0.042266340012761874,7
spatial_aggregation_order,reflectance_first,rolling_origin,AOI-03,landsat,2024,2025,R2025-H1,1,AOI-03_b_-35_-48,0.042742765641612494,0.03201978071904303,-0.007579999964468884,351
spatial_aggregation_order,reflectance_first,rolling_origin,AOI-03,landsat,2024,2025,R2025-H1,1,AOI-03_b_-35_-49,0.05125535522551213,0.03728611981845905,-0.006284765294891511,475
spatial_aggregation_order,reflectance_first,rolling_origin,AOI-03,landsat,2024,2025,R2025-H1,1,AOI-03_b_-35_-50,0.046780258024220915,0.029673133091035194,-0.00784643117256075,401
spatial_aggregation_order,reflectance_first,rolling_origin,AOI-03,landsat,2024,2025,R2025-H1,1,AOI-03_b_-35_-51,0.028463994595683287,0.020972324991998473,0.01514808764915943,237
spatial_aggregation_order,reflectance_first,rolling_origin,AOI-03,landsat,2024,2025,R2025-H1,1,AOI-03_b_-36_-47,0.04947324610921711,0.0422715798011762,-0.022121358455740793,30
spatial_aggregation_order,reflectance_first,rolling_origin,AOI-03,landsat,2024,2025,R2025-H1,1,AOI-03_b_-36_-48,0.058918225298131344,0.04717227934021153,-0.027035946031421763,611
spatial_aggregation_order,reflectance_first,rolling_origin,AOI-03,landsat,2024,2025,R2025-H1,1,AOI-03_b_-36_-49,0.039665521229556217,0.0263477899778234,-0.0035559654891953556,639
spatial_aggregation_order,reflectance_first,rolling_origin,AOI-03,landsat,2024,2025,R2025-H1,1,AOI-03_b_-36_-50,0.030802202353024274,0.02295495021832251,0.0020715007354111374,816
spatial_aggregation_order,reflectance_first,rolling_origin,AOI-03,landsat,2024,2025,R2025-H1,1,AOI-03_b_-36_-51,0.02338312306424075,0.02110245638516718,0.0179840119359748,660
spatial_aggregation_order,reflectance_first,rolling_origin,AOI-03,landsat,2024,2025,R2025-H1,1,AOI-03_b_-37_-47,0.09892567397190774,0.07704409829731992,-0.05586130065038736,25
spatial_aggregation_order,reflectance_first,rolling_origin,AOI-03,landsat,2024,2025,R2025-H1,1,AOI-03_b_-37_-48,0.05108971463830635,0.037329944628759174,-0.010004925805572374,519
spatial_aggregation_order,reflectance_first,rolling_origin,AOI-03,landsat,2024,2025,R2025-H1,1,AOI-03_b_-37_-49,0.03619801362626548,0.02519916534936347,0.004344199721879233,736
spatial_aggregation_order,reflectance_first,rolling_origin,AOI-03,landsat,2024,2025,R2025-H1,1,AOI-03_b_-37_-50,0.027644379134536618,0.02059698036315222,0.0023565062276223203,762
spatial_aggregation_order,reflectance_first,rolling_origin,AOI-03,landsat,2024,2025,R2025-H1,1,AOI-03_b_-37_-51,0.021824541567497514,0.01939105177377345,0.01905212618221415,481
spatial_aggregation_order,reflectance_first,rolling_origin,AOI-03,landsat,2024,2025,R2025-H1,1,AOI-03_b_-38_-47,0.029329758781483434,0.02125699539871985,0.007984490422922942,88
spatial_aggregation_order,reflectance_first,rolling_origin,AOI-03,landsat,2024,2025,R2025-H1,1,AOI-03_b_-38_-48,0.026047881758659314,0.01933137118854874,0.005937413665478503,356
spatial_aggregation_order,reflectance_first,rolling_origin,AOI-03,landsat,2024,2025,R2025-H1,1,AOI-03_b_-38_-49,0.028083298691906875,0.02178475524514645,0.00570311760638106,680
spatial_aggregation_order,reflectance_first,rolling_origin,AOI-03,landsat,2024,2025,R2025-H1,1,AOI-03_b_-38_-50,0.026967468099389873,0.021952170608806356,0.018449000723223127,737
spatial_aggregation_order,reflectance_first,rolling_origin,AOI-03,landsat,2024,2025,R2025-H1,1,AOI-03_b_-38_-51,0.03597687434533893,0.030831739624806242,0.030416385585151955,461
spatial_aggregation_order,reflectance_first,rolling_origin,AOI-03,landsat,2024,2025,R2025-H1,1,AOI-03_b_-39_-47,0.03707538670173036,0.02555121591275996,0.0040653064819590025,66
spatial_aggregation_order,reflectance_first,rolling_origin,AOI-03,landsat,2024,2025,R2025-H1,1,AOI-03_b_-39_-48,0.040610386046792735,0.03229016411816776,-0.011942633658914702,375
spatial_aggregation_order,reflectance_first,rolling_origin,AOI-03,landsat,2024,2025,R2025-H1,1,AOI-03_b_-39_-49,0.027656775787897492,0.021775049204820974,0.0006601544920154263,741
spatial_aggregation_order,reflectance_first,rolling_origin,AOI-03,landsat,2024,2025,R2025-H1,1,AOI-03_b_-39_-50,0.02986466837874848,0.024178818323018793,0.021751411528267702,691
spatial_aggregation_order,reflectance_first,rolling_origin,AOI-03,landsat,2024,2025,R2025-H1,1,AOI-03_b_-39_-51,0.039087257840863386,0.036605760914227015,0.036605760914227015,49
spatial_aggregation_order,reflectance_first,rolling_origin,AOI-03,landsat,2024,2025,R2025-H1,1,AOI-03_b_-40_-47,0.020622385567033826,0.01477279519367166,0.0021699717955357676,188
spatial_aggregation_order,reflectance_first,rolling_origin,AOI-03,landsat,2024,2025,R2025-H1,1,AOI-03_b_-40_-48,0.03341577613739442,0.025381838985632222,-0.0037191901904341544,344
spatial_aggregation_order,reflectance_first,rolling_origin,AOI-03,landsat,2024,2025,R2025-H1,1,AOI-03_b_-40_-49,0.02450273826660923,0.019130355285747233,0.005474772859232248,649
spatial_aggregation_order,reflectance_first,rolling_origin,AOI-03,landsat,2024,2025,R2025-H1,1,AOI-03_b_-40_-50,0.03478334834859141,0.029030606387973848,0.026665523429276396,743
spatial_aggregation_order,reflectance_first,rolling_origin,AOI-03,landsat,2024,2025,R2025-H1,1,AOI-03_b_-40_-51,0.04267484864607409,0.03895987236446928,0.03895987236446928,115
spatial_aggregation_order,reflectance_first,rolling_origin,AOI-03,landsat,2024,2025,R2025-H1,1,AOI-03_b_-41_-47,0.03749842760173277,0.02987466409034929,-0.006073318048922308,39
spatial_aggregation_order,reflectance_first,rolling_origin,AOI-03,landsat,2024,2025,R2025-H1,1,AOI-03_b_-41_-48,0.026764224349300564,0.021486200726892495,0.010539790972756669,337
spatial_aggregation_order,reflectance_first,rolling_origin,AOI-03,landsat,2024,2025,R2025-H1,1,AOI-03_b_-41_-49,0.02732867924393726,0.022889423169674343,0.02175652628170925,558
spatial_aggregation_order,reflectance_first,rolling_origin,AOI-03,landsat,2024,2025,R2025-H1,1,AOI-03_b_-41_-50,0.03722960423028457,0.03253922316860484,0.03204436160234385,428
spatial_aggregation_order,reflectance_first,rolling_origin,AOI-03,landsat,2024,2025,R2025-H1,1,AOI-03_b_-41_-51,0.037326145393139464,0.03505554345950097,0.03505554345950097,7
spatial_aggregation_order,reflectance_first,rolling_origin,AOI-03,landsat,2023;2024,2025,R2025-H2,2,AOI-03_b_-34_-48,0.055703973029828935,0.051229431894390456,0.051229431894390456,7
spatial_aggregation_order,reflectance_first,rolling_origin,AOI-03,landsat,2023;2024,2025,R2025-H2,2,AOI-03_b_-35_-48,0.04195269643642091,0.03132836120593799,0.0006338035516719314,351
spatial_aggregation_order,reflectance_first,rolling_origin,AOI-03,landsat,2023;2024,2025,R2025-H2,2,AOI-03_b_-35_-49,0.051404646824304644,0.03802645912296035,0.0012200050774780957,475
spatial_aggregation_order,reflectance_first,rolling_origin,AOI-03,landsat,2023;2024,2025,R2025-H2,2,AOI-03_b_-35_-50,0.04588880736684287,0.029633041141474546,-0.0029014577706074074,401
spatial_aggregation_order,reflectance_first,rolling_origin,AOI-03,landsat,2023;2024,2025,R2025-H2,2,AOI-03_b_-35_-51,0.03145787607121149,0.023579083864353576,0.01890015488275826,237
spatial_aggregation_order,reflectance_first,rolling_origin,AOI-03,landsat,2023;2024,2025,R2025-H2,2,AOI-03_b_-36_-47,0.04760028823030701,0.04067874024779115,-0.010895294179725722,30
spatial_aggregation_order,reflectance_first,rolling_origin,AOI-03,landsat,2023;2024,2025,R2025-H2,2,AOI-03_b_-36_-48,0.05571021026556166,0.04392078844814664,-0.017179222843399965,611
spatial_aggregation_order,reflectance_first,rolling_origin,AOI-03,landsat,2023;2024,2025,R2025-H2,2,AOI-03_b_-36_-49,0.039891119197493365,0.026769514427996088,0.0024539624760472195,639
spatial_aggregation_order,reflectance_first,rolling_origin,AOI-03,landsat,2023;2024,2025,R2025-H2,2,AOI-03_b_-36_-50,0.03265762563668297,0.024370626202977315,0.00789264207802511,816
spatial_aggregation_order,reflectance_first,rolling_origin,AOI-03,landsat,2023;2024,2025,R2025-H2,2,AOI-03_b_-36_-51,0.027150896492284117,0.024636976634271654,0.02270346534431723,660
spatial_aggregation_order,reflectance_first,rolling_origin,AOI-03,landsat,2023;2024,2025,R2025-H2,2,AOI-03_b_-37_-47,0.09563630041150445,0.07460025529347064,-0.048502597961059914,25
spatial_aggregation_order,reflectance_first,rolling_origin,AOI-03,landsat,2023;2024,2025,R2025-H2,2,AOI-03_b_-37_-48,0.04929464742536369,0.03642272905646412,-0.002729106567879437,519
spatial_aggregation_order,reflectance_first,rolling_origin,AOI-03,landsat,2023;2024,2025,R2025-H2,2,AOI-03_b_-37_-49,0.03866186764463179,0.026756774435006483,0.009234630464966672,736
spatial_aggregation_order,reflectance_first,rolling_origin,AOI-03,landsat,2023;2024,2025,R2025-H2,2,AOI-03_b_-37_-50,0.029636544972504508,0.022100734272072823,0.009134491551301338,762
spatial_aggregation_order,reflectance_first,rolling_origin,AOI-03,landsat,2023;2024,2025,R2025-H2,2,AOI-03_b_-37_-51,0.026145969653062602,0.023912415343121503,0.023732447584532124,481
spatial_aggregation_order,reflectance_first,rolling_origin,AOI-03,landsat,2023;2024,2025,R2025-H2,2,AOI-03_b_-38_-47,0.03167534355411511,0.02326602895865335,0.012755329442609653,88
spatial_aggregation_order,reflectance_first,rolling_origin,AOI-03,landsat,2023;2024,2025,R2025-H2,2,AOI-03_b_-38_-48,0.02795781960639914,0.020710787046452402,0.01044696849442307,356
spatial_aggregation_order,reflectance_first,rolling_origin,AOI-03,landsat,2023;2024,2025,R2025-H2,2,AOI-03_b_-38_-49,0.03079125677257709,0.023820200668394652,0.011755152906271236,680
spatial_aggregation_order,reflectance_first,rolling_origin,AOI-03,landsat,2023;2024,2025,R2025-H2,2,AOI-03_b_-38_-50,0.03190014032926927,0.026876685841280012,0.024687065329775187,737
spatial_aggregation_order,reflectance_first,rolling_origin,AOI-03,landsat,2023;2024,2025,R2025-H2,2,AOI-03_b_-38_-51,0.04079653016528603,0.035817278387874435,0.03562549205241376,461
spatial_aggregation_order,reflectance_first,rolling_origin,AOI-03,landsat,2023;2024,2025,R2025-H2,2,AOI-03_b_-39_-47,0.04050403611057803,0.02729592946069297,0.009842526068844391,66
spatial_aggregation_order,reflectance_first,rolling_origin,AOI-03,landsat,2023;2024,2025,R2025-H2,2,AOI-03_b_-39_-48,0.0396248794487798,0.031087171160613603,-0.004587524677884323,375
spatial_aggregation_order,reflectance_first,rolling_origin,AOI-03,landsat,2023;2024,2025,R2025-H2,2,AOI-03_b_-39_-49,0.028781289906490794,0.022785151002708778,0.007401464133245749,741
spatial_aggregation_order,reflectance_first,rolling_origin,AOI-03,landsat,2023;2024,2025,R2025-H2,2,AOI-03_b_-39_-50,0.03503044530944857,0.029269334745368688,0.02797046386308798,691
spatial_aggregation_order,reflectance_first,rolling_origin,AOI-03,landsat,2023;2024,2025,R2025-H2,2,AOI-03_b_-39_-51,0.0444700599865196,0.04215687453609504,0.04215687453609504,49
spatial_aggregation_order,reflectance_first,rolling_origin,AOI-03,landsat,2023;2024,2025,R2025-H2,2,AOI-03_b_-40_-47,0.02225688786810015,0.015747077307171772,0.005974178403697186,188
spatial_aggregation_order,reflectance_first,rolling_origin,AOI-03,landsat,2023;2024,2025,R2025-H2,2,AOI-03_b_-40_-48,0.03406352345524102,0.025220392179149866,0.0027077091542460044,344
spatial_aggregation_order,reflectance_first,rolling_origin,AOI-03,landsat,2023;2024,2025,R2025-H2,2,AOI-03_b_-40_-49,0.026462490910080894,0.021394416261327175,0.011673433382147366,649
spatial_aggregation_order,reflectance_first,rolling_origin,AOI-03,landsat,2023;2024,2025,R2025-H2,2,AOI-03_b_-40_-50,0.03975031995141817,0.03393480366677827,0.03256440785884117,743
spatial_aggregation_order,reflectance_first,rolling_origin,AOI-03,landsat,2023;2024,2025,R2025-H2,2,AOI-03_b_-40_-51,0.048354570092364775,0.04478310415986938,0.04478310415986938,115
spatial_aggregation_order,reflectance_first,rolling_origin,AOI-03,landsat,2023;2024,2025,R2025-H2,2,AOI-03_b_-41_-47,0.038338826501147755,0.03027338583516333,-0.0002316656409565891,39
spatial_aggregation_order,reflectance_first,rolling_origin,AOI-03,landsat,2023;2024,2025,R2025-H2,2,AOI-03_b_-41_-48,0.03002873393461269,0.024601693689413253,0.016961658516436405,337
spatial_aggregation_order,reflectance_first,rolling_origin,AOI-03,landsat,2023;2024,2025,R2025-H2,2,AOI-03_b_-41_-49,0.03179030024648985,0.02742332265381501,0.026896591643611106,558
spatial_aggregation_order,reflectance_first,rolling_origin,AOI-03,landsat,2023;2024,2025,R2025-H2,2,AOI-03_b_-41_-50,0.042566000924462465,0.03804558223211511,0.03784946254366864,428
spatial_aggregation_order,reflectance_first,rolling_origin,AOI-03,landsat,2023;2024,2025,R2025-H2,2,AOI-03_b_-41_-51,0.044312348766906755,0.04224063280254211,0.04224063280254211,7
spatial_aggregation_order,reflectance_first,rolling_origin,AOI-03,landsat,2022;2023;2024,2025,R2025-H3,3,AOI-03_b_-34_-48,0.05044635063003675,0.045615700042260246,0.045615700042260246,7
spatial_aggregation_order,reflectance_first,rolling_origin,AOI-03,landsat,2022;2023;2024,2025,R2025-H3,3,AOI-03_b_-35_-48,0.04220725185290281,0.031225478783108683,-0.00475752573305541,351
spatial_aggregation_order,reflectance_first,rolling_origin,AOI-03,landsat,2022;2023;2024,2025,R2025-H3,3,AOI-03_b_-35_-49,0.05135138585117834,0.03736109742408145,-0.00396087013000516,475
spatial_aggregation_order,reflectance_first,rolling_origin,AOI-03,landsat,2022;2023;2024,2025,R2025-H3,3,AOI-03_b_-35_-50,0.04637592454944835,0.029328282005312865,-0.007186413618270726,401
spatial_aggregation_order,reflectance_first,rolling_origin,AOI-03,landsat,2022;2023;2024,2025,R2025-H3,3,AOI-03_b_-35_-51,0.02889382209301147,0.021182858756534,0.014884584100276706,237
spatial_aggregation_order,reflectance_first,rolling_origin,AOI-03,landsat,2022;2023;2024,2025,R2025-H3,3,AOI-03_b_-36_-47,0.048830287532684286,0.04180966095995286,-0.01718071785793386,30
spatial_aggregation_order,reflectance_first,rolling_origin,AOI-03,landsat,2022;2023;2024,2025,R2025-H3,3,AOI-03_b_-36_-48,0.057584566258362314,0.04587068995887942,-0.023058200902474926,611
spatial_aggregation_order,reflectance_first,rolling_origin,AOI-03,landsat,2022;2023;2024,2025,R2025-H3,3,AOI-03_b_-36_-49,0.039698528759073995,0.026498752751249702,-0.0021966238376985373,639
spatial_aggregation_order,reflectance_first,rolling_origin,AOI-03,landsat,2022;2023;2024,2025,R2025-H3,3,AOI-03_b_-36_-50,0.03153131495484721,0.023500034785113998,0.0032372179298031205,816
spatial_aggregation_order,reflectance_first,rolling_origin,AOI-03,landsat,2022;2023;2024,2025,R2025-H3,3,AOI-03_b_-36_-51,0.02363451597077847,0.021230994477431136,0.018349323437873825,660
spatial_aggregation_order,reflectance_first,rolling_origin,AOI-03,landsat,2022;2023;2024,2025,R2025-H3,3,AOI-03_b_-37_-47,0.09812782127030767,0.0764008326442546,-0.053640117593814575,25
spatial_aggregation_order,reflectance_first,rolling_origin,AOI-03,landsat,2022;2023;2024,2025,R2025-H3,3,AOI-03_b_-37_-48,0.05005272627891664,0.03633685640546358,-0.007819622947834101,519
spatial_aggregation_order,reflectance_first,rolling_origin,AOI-03,landsat,2022;2023;2024,2025,R2025-H3,3,AOI-03_b_-37_-49,0.0372679889731246,0.025828044517651604,0.004989748861670014,736
spatial_aggregation_order,reflectance_first,rolling_origin,AOI-03,landsat,2022;2023;2024,2025,R2025-H3,3,AOI-03_b_-37_-50,0.028298359352008973,0.021025966626540975,0.004169339512926141,762
spatial_aggregation_order,reflectance_first,rolling_origin,AOI-03,landsat,2022;2023;2024,2025,R2025-H3,3,AOI-03_b_-37_-51,0.022230189318119438,0.019744102801361102,0.019389920777172498,481
spatial_aggregation_order,reflectance_first,rolling_origin,AOI-03,landsat,2022;2023;2024,2025,R2025-H3,3,AOI-03_b_-38_-47,0.02993825729270074,0.021378872730964536,0.008385935341661542,88
spatial_aggregation_order,reflectance_first,rolling_origin,AOI-03,landsat,2022;2023;2024,2025,R2025-H3,3,AOI-03_b_-38_-48,0.02643862420126547,0.019517314756391804,0.006291200712248626,356
spatial_aggregation_order,reflectance_first,rolling_origin,AOI-03,landsat,2022;2023;2024,2025,R2025-H3,3,AOI-03_b_-38_-49,0.02902026538291058,0.02252963965835632,0.00700547618625591,680
spatial_aggregation_order,reflectance_first,rolling_origin,AOI-03,landsat,2022;2023;2024,2025,R2025-H3,3,AOI-03_b_-38_-50,0.028229530742754687,0.023106557427100556,0.019882171690187318,737
spatial_aggregation_order,reflectance_first,rolling_origin,AOI-03,landsat,2022;2023;2024,2025,R2025-H3,3,AOI-03_b_-38_-51,0.03682545911488912,0.03155148917965179,0.03112601211263594,461
spatial_aggregation_order,reflectance_first,rolling_origin,AOI-03,landsat,2022;2023;2024,2025,R2025-H3,3,AOI-03_b_-39_-47,0.038878943911896995,0.02706177105532055,0.005212160441309158,66
spatial_aggregation_order,reflectance_first,rolling_origin,AOI-03,landsat,2022;2023;2024,2025,R2025-H3,3,AOI-03_b_-39_-48,0.04036118766982141,0.03209170689893158,-0.00969434518617932,375
spatial_aggregation_order,reflectance_first,rolling_origin,AOI-03,landsat,2022;2023;2024,2025,R2025-H3,3,AOI-03_b_-39_-49,0.027861093636579334,0.02197300783675283,0.002447198111941605,741
spatial_aggregation_order,reflectance_first,rolling_origin,AOI-03,landsat,2022;2023;2024,2025,R2025-H3,3,AOI-03_b_-39_-50,0.031204681927981585,0.025349734363330812,0.02317121341541402,691
spatial_aggregation_order,reflectance_first,rolling_origin,AOI-03,landsat,2022;2023;2024,2025,R2025-H3,3,AOI-03_b_-39_-51,0.04008791667866327,0.03755588058281047,0.03755588058281047,49
spatial_aggregation_order,reflectance_first,rolling_origin,AOI-03,landsat,2022;2023;2024,2025,R2025-H3,3,AOI-03_b_-40_-47,0.02106199292839189,0.014958695498117708,0.0020880726566822137,188
spatial_aggregation_order,reflectance_first,rolling_origin,AOI-03,landsat,2022;2023;2024,2025,R2025-H3,3,AOI-03_b_-40_-48,0.03376404466895641,0.025417878350958285,-0.0021274783992345646,344
spatial_aggregation_order,reflectance_first,rolling_origin,AOI-03,landsat,2022;2023;2024,2025,R2025-H3,3,AOI-03_b_-40_-49,0.02475820163309521,0.019475759852940543,0.006880235599282571,649
spatial_aggregation_order,reflectance_first,rolling_origin,AOI-03,landsat,2022;2023;2024,2025,R2025-H3,3,AOI-03_b_-40_-50,0.03590856329032221,0.029996972311478166,0.027860189133810432,743
spatial_aggregation_order,reflectance_first,rolling_origin,AOI-03,landsat,2022;2023;2024,2025,R2025-H3,3,AOI-03_b_-40_-51,0.04395230495303284,0.04010134052802305,0.04010134052802305,115
spatial_aggregation_order,reflectance_first,rolling_origin,AOI-03,landsat,2022;2023;2024,2025,R2025-H3,3,AOI-03_b_-41_-47,0.0380380542793227,0.029867111582578494,-0.004767444473133881,39
spatial_aggregation_order,reflectance_first,rolling_origin,AOI-03,landsat,2022;2023;2024,2025,R2025-H3,3,AOI-03_b_-41_-48,0.027520187893391605,0.022109277104161763,0.012102208784699984,337
spatial_aggregation_order,reflectance_first,rolling_origin,AOI-03,landsat,2022;2023;2024,2025,R2025-H3,3,AOI-03_b_-41_-49,0.028026927483243667,0.023471918195705488,0.022417604373672618,558
spatial_aggregation_order,reflectance_first,rolling_origin,AOI-03,landsat,2022;2023;2024,2025,R2025-H3,3,AOI-03_b_-41_-50,0.03838756005208747,0.03361979846641049,0.03317308048276519,428
spatial_aggregation_order,reflectance_first,rolling_origin,AOI-03,landsat,2022;2023;2024,2025,R2025-H3,3,AOI-03_b_-41_-51,0.03943629651932031,0.03715464480397256,0.03715464480397256,7
spatial_aggregation_order,reflectance_first,rolling_origin,AOI-03,modis,2023,2024,R2024-H1,1,AOI-03_b_-34_-48,0.04481523245281923,0.037319337525989316,0.034283851021698925,9
spatial_aggregation_order,reflectance_first,rolling_origin,AOI-03,modis,2023,2024,R2024-H1,1,AOI-03_b_-35_-48,0.04947608280585681,0.03690209819302955,0.03362638016730918,402
spatial_aggregation_order,reflectance_first,rolling_origin,AOI-03,modis,2023,2024,R2024-H1,1,AOI-03_b_-35_-49,0.0761662977169533,0.05782688969410256,0.05157505715077908,534
spatial_aggregation_order,reflectance_first,rolling_origin,AOI-03,modis,2023,2024,R2024-H1,1,AOI-03_b_-35_-50,0.048518448171591566,0.032773260293732516,0.0234795789114014,377
spatial_aggregation_order,reflectance_first,rolling_origin,AOI-03,modis,2023,2024,R2024-H1,1,AOI-03_b_-35_-51,0.025057168307858736,0.01656395256237689,0.007736171441158909,181
spatial_aggregation_order,reflectance_first,rolling_origin,AOI-03,modis,2023,2024,R2024-H1,1,AOI-03_b_-36_-47,0.06738139628421191,0.05323840849891885,0.04376281860012051,54
spatial_aggregation_order,reflectance_first,rolling_origin,AOI-03,modis,2023,2024,R2024-H1,1,AOI-03_b_-36_-48,0.07489344479899908,0.058667566403924835,0.051860673227661025,693
spatial_aggregation_order,reflectance_first,rolling_origin,AOI-03,modis,2023,2024,R2024-H1,1,AOI-03_b_-36_-49,0.0521803377959661,0.035860043082086436,0.030822474213850464,785
spatial_aggregation_order,reflectance_first,rolling_origin,AOI-03,modis,2023,2024,R2024-H1,1,AOI-03_b_-36_-50,0.036500665331587565,0.02541186730971521,0.019372247997210774,791
spatial_aggregation_order,reflectance_first,rolling_origin,AOI-03,modis,2023,2024,R2024-H1,1,AOI-03_b_-36_-51,0.03029264390485061,0.025388257373918553,0.023502140233229482,620
spatial_aggregation_order,reflectance_first,rolling_origin,AOI-03,modis,2023,2024,R2024-H1,1,AOI-03_b_-37_-47,0.07581216472648043,0.05889515637249878,0.049914101989899505,96
spatial_aggregation_order,reflectance_first,rolling_origin,AOI-03,modis,2023,2024,R2024-H1,1,AOI-03_b_-37_-48,0.06195932906389085,0.04508724320049109,0.03950790379446944,837
spatial_aggregation_order,reflectance_first,rolling_origin,AOI-03,modis,2023,2024,R2024-H1,1,AOI-03_b_-37_-49,0.03726202052318624,0.024487094333001294,0.015562256049102639,673
spatial_aggregation_order,reflectance_first,rolling_origin,AOI-03,modis,2023,2024,R2024-H1,1,AOI-03_b_-37_-50,0.03328538902798909,0.023136267485923463,0.012742445379124973,688
spatial_aggregation_order,reflectance_first,rolling_origin,AOI-03,modis,2023,2024,R2024-H1,1,AOI-03_b_-37_-51,0.03882689887595814,0.03315642424119717,0.033015236134211555,486
spatial_aggregation_order,reflectance_first,rolling_origin,AOI-03,modis,2023,2024,R2024-H1,1,AOI-03_b_-38_-47,0.03978562208625194,0.030748820570484153,0.02243216830100619,255
spatial_aggregation_order,reflectance_first,rolling_origin,AOI-03,modis,2023,2024,R2024-H1,1,AOI-03_b_-38_-48,0.03898627462899927,0.026883601988964823,0.02045388826110215,712
spatial_aggregation_order,reflectance_first,rolling_origin,AOI-03,modis,2023,2024,R2024-H1,1,AOI-03_b_-38_-49,0.03942956958016196,0.028858197136294034,0.025002892491739776,732
spatial_aggregation_order,reflectance_first,rolling_origin,AOI-03,modis,2023,2024,R2024-H1,1,AOI-03_b_-38_-50,0.03554416513807657,0.028237781720841317,0.025296497938851335,817
spatial_aggregation_order,reflectance_first,rolling_origin,AOI-03,modis,2023,2024,R2024-H1,1,AOI-03_b_-38_-51,0.029302109741820397,0.024186932016064425,0.023831170296325102,618
spatial_aggregation_order,reflectance_first,rolling_origin,AOI-03,modis,2023,2024,R2024-H1,1,AOI-03_b_-39_-47,0.04557032247733128,0.032778853338286805,0.026300760514048765,701
spatial_aggregation_order,reflectance_first,rolling_origin,AOI-03,modis,2023,2024,R2024-H1,1,AOI-03_b_-39_-48,0.04010607377229565,0.028560608694892537,0.020465021537849664,779
spatial_aggregation_order,reflectance_first,rolling_origin,AOI-03,modis,2023,2024,R2024-H1,1,AOI-03_b_-39_-49,0.03852229702551912,0.02942226111739773,0.02397982110346132,855
spatial_aggregation_order,reflectance_first,rolling_origin,AOI-03,modis,2023,2024,R2024-H1,1,AOI-03_b_-39_-50,0.03984258987059821,0.034274196052959595,0.033605251612053175,822
spatial_aggregation_order,reflectance_first,rolling_origin,AOI-03,modis,2023,2024,R2024-H1,1,AOI-03_b_-39_-51,0.038636484571522405,0.03430750710963267,0.03430750710963267,63
spatial_aggregation_order,reflectance_first,rolling_origin,AOI-03,modis,2023,2024,R2024-H1,1,AOI-03_b_-40_-47,0.03269817348491421,0.023224635300357226,0.02042246845363147,429
spatial_aggregation_order,reflectance_first,rolling_origin,AOI-03,modis,2023,2024,R2024-H1,1,AOI-03_b_-40_-48,0.03734454873852703,0.027378938380804557,0.022357694092168447,855
spatial_aggregation_order,reflectance_first,rolling_origin,AOI-03,modis,2023,2024,R2024-H1,1,AOI-03_b_-40_-49,0.037116509003128684,0.03337550473147804,0.032801339459723904,837
spatial_aggregation_order,reflectance_first,rolling_origin,AOI-03,modis,2023,2024,R2024-H1,1,AOI-03_b_-40_-50,0.03531317374747513,0.029337946933203986,0.027632291728144943,858
spatial_aggregation_order,reflectance_first,rolling_origin,AOI-03,modis,2023,2024,R2024-H1,1,AOI-03_b_-40_-51,0.042637120456669564,0.037519830369021324,0.037519830369021324,156
spatial_aggregation_order,reflectance_first,rolling_origin,AOI-03,modis,2023,2024,R2024-H1,1,AOI-03_b_-41_-47,0.05150925208099282,0.03777568207694175,0.03420514856813424,117
spatial_aggregation_order,reflectance_first,rolling_origin,AOI-03,modis,2023,2024,R2024-H1,1,AOI-03_b_-41_-48,0.03378125527626544,0.025056125077471063,0.02182314944717911,621
spatial_aggregation_order,reflectance_first,rolling_origin,AOI-03,modis,2023,2024,R2024-H1,1,AOI-03_b_-41_-49,0.029655009876175097,0.024903392715346074,0.023928267164921482,636
spatial_aggregation_order,reflectance_first,rolling_origin,AOI-03,modis,2023,2024,R2024-H1,1,AOI-03_b_-41_-50,0.0317962019521201,0.02599251669232249,0.024004858047528208,591
spatial_aggregation_order,reflectance_first,rolling_origin,AOI-03,modis,2023,2024,R2024-H1,1,AOI-03_b_-41_-51,0.043360170599202406,0.037262641327623094,0.037262641327623094,15
spatial_aggregation_order,reflectance_first,rolling_origin,AOI-03,modis,2022;2023,2024,R2024-H2,2,AOI-03_b_-34_-48,0.041230793231359836,0.03361496956043513,0.029315163245261764,9
spatial_aggregation_order,reflectance_first,rolling_origin,AOI-03,modis,2022;2023,2024,R2024-H2,2,AOI-03_b_-35_-48,0.0457204226244001,0.03348670234997076,0.028076241321019837,402
spatial_aggregation_order,reflectance_first,rolling_origin,AOI-03,modis,2022;2023,2024,R2024-H2,2,AOI-03_b_-35_-49,0.07229633260043959,0.05414907976912959,0.04597579063367034,534
spatial_aggregation_order,reflectance_first,rolling_origin,AOI-03,modis,2022;2023,2024,R2024-H2,2,AOI-03_b_-35_-50,0.04579494796089976,0.03072373071529329,0.019588365237503593,377
spatial_aggregation_order,reflectance_first,rolling_origin,AOI-03,modis,2022;2023,2024,R2024-H2,2,AOI-03_b_-35_-51,0.02356951430524612,0.015574836217971112,0.00473738651919527,181
spatial_aggregation_order,reflectance_first,rolling_origin,AOI-03,modis,2022;2023,2024,R2024-H2,2,AOI-03_b_-36_-47,0.06299271833999105,0.04932999936729301,0.036402755737364,54
spatial_aggregation_order,reflectance_first,rolling_origin,AOI-03,modis,2022;2023,2024,R2024-H2,2,AOI-03_b_-36_-48,0.07024291806906323,0.0541294195276477,0.04457419404846702,693
spatial_aggregation_order,reflectance_first,rolling_origin,AOI-03,modis,2022;2023,2024,R2024-H2,2,AOI-03_b_-36_-49,0.04941470588863527,0.03351063710873675,0.026239761026382646,785
spatial_aggregation_order,reflectance_first,rolling_origin,AOI-03,modis,2022;2023,2024,R2024-H2,2,AOI-03_b_-36_-50,0.03401150210183881,0.023380572434972477,0.014968700894337291,791
spatial_aggregation_order,reflectance_first,rolling_origin,AOI-03,modis,2022;2023,2024,R2024-H2,2,AOI-03_b_-36_-51,0.027235485997510838,0.0223323590685167,0.01942694571175883,620
spatial_aggregation_order,reflectance_first,rolling_origin,AOI-03,modis,2022;2023,2024,R2024-H2,2,AOI-03_b_-37_-47,0.07192195121042654,0.05521992915067247,0.0432642536607142,96
spatial_aggregation_order,reflectance_first,rolling_origin,AOI-03,modis,2022;2023,2024,R2024-H2,2,AOI-03_b_-37_-48,0.05828742464320503,0.042021787785370794,0.03409899100961654,837
spatial_aggregation_order,reflectance_first,rolling_origin,AOI-03,modis,2022;2023,2024,R2024-H2,2,AOI-03_b_-37_-49,0.035300396661234794,0.022844286083321248,0.011858026130648174,673
spatial_aggregation_order,reflectance_first,rolling_origin,AOI-03,modis,2022;2023,2024,R2024-H2,2,AOI-03_b_-37_-50,0.03150689662326493,0.022163749665610386,0.007555131881712508,688
spatial_aggregation_order,reflectance_first,rolling_origin,AOI-03,modis,2022;2023,2024,R2024-H2,2,AOI-03_b_-37_-51,0.03485094039650654,0.028860042143117055,0.02852796606890373,486
spatial_aggregation_order,reflectance_first,rolling_origin,AOI-03,modis,2022;2023,2024,R2024-H2,2,AOI-03_b_-38_-47,0.03766074442951911,0.028827633558881245,0.017616609479641852,255
spatial_aggregation_order,reflectance_first,rolling_origin,AOI-03,modis,2022;2023,2024,R2024-H2,2,AOI-03_b_-38_-48,0.036565522180482576,0.02495969159358707,0.01684346466423226,712
spatial_aggregation_order,reflectance_first,rolling_origin,AOI-03,modis,2022;2023,2024,R2024-H2,2,AOI-03_b_-38_-49,0.03624790073803469,0.025714681102079907,0.020498591770761184,732
spatial_aggregation_order,reflectance_first,rolling_origin,AOI-03,modis,2022;2023,2024,R2024-H2,2,AOI-03_b_-38_-50,0.03190490851398492,0.02488014938394433,0.020194200831165326,817
spatial_aggregation_order,reflectance_first,rolling_origin,AOI-03,modis,2022;2023,2024,R2024-H2,2,AOI-03_b_-38_-51,0.025622351753010652,0.020272293739719203,0.0194683772460811,618
spatial_aggregation_order,reflectance_first,rolling_origin,AOI-03,modis,2022;2023,2024,R2024-H2,2,AOI-03_b_-39_-47,0.04259378653992544,0.03044697759548561,0.021849819621158582,701
spatial_aggregation_order,reflectance_first,rolling_origin,AOI-03,modis,2022;2023,2024,R2024-H2,2,AOI-03_b_-39_-48,0.03721167293726855,0.026737728179954408,0.01512381783003448,779
spatial_aggregation_order,reflectance_first,rolling_origin,AOI-03,modis,2022;2023,2024,R2024-H2,2,AOI-03_b_-39_-49,0.03530976797915855,0.02666744135669055,0.01868197297165034,855
spatial_aggregation_order,reflectance_first,rolling_origin,AOI-03,modis,2022;2023,2024,R2024-H2,2,AOI-03_b_-39_-50,0.03547260571852927,0.029751648187559872,0.028447417822939337,822
spatial_aggregation_order,reflectance_first,rolling_origin,AOI-03,modis,2022;2023,2024,R2024-H2,2,AOI-03_b_-39_-51,0.03465704851095474,0.029915292065704882,0.029915292065704882,63
spatial_aggregation_order,reflectance_first,rolling_origin,AOI-03,modis,2022;2023,2024,R2024-H2,2,AOI-03_b_-40_-47,0.03038610368408865,0.02108278851003593,0.017440140873513553,429
spatial_aggregation_order,reflectance_first,rolling_origin,AOI-03,modis,2022;2023,2024,R2024-H2,2,AOI-03_b_-40_-48,0.03442602918421678,0.025103597903876448,0.017306395104562455,855
spatial_aggregation_order,reflectance_first,rolling_origin,AOI-03,modis,2022;2023,2024,R2024-H2,2,AOI-03_b_-40_-49,0.032484077248453425,0.028486231527918234,0.02749809276346098,837
spatial_aggregation_order,reflectance_first,rolling_origin,AOI-03,modis,2022;2023,2024,R2024-H2,2,AOI-03_b_-40_-50,0.03163266741939271,0.025742251941132287,0.022812734814875522,858
spatial_aggregation_order,reflectance_first,rolling_origin,AOI-03,modis,2022;2023,2024,R2024-H2,2,AOI-03_b_-40_-51,0.03840430957542803,0.032988618638672515,0.032801833259976536,156
spatial_aggregation_order,reflectance_first,rolling_origin,AOI-03,modis,2022;2023,2024,R2024-H2,2,AOI-03_b_-41_-47,0.04808796578725763,0.034612622863384616,0.030214461661881156,117
spatial_aggregation_order,reflectance_first,rolling_origin,AOI-03,modis,2022;2023,2024,R2024-H2,2,AOI-03_b_-41_-48,0.030540235757158633,0.022271304492112388,0.016740753151757302,621
spatial_aggregation_order,reflectance_first,rolling_origin,AOI-03,modis,2022;2023,2024,R2024-H2,2,AOI-03_b_-41_-49,0.026257779251555403,0.021511706728349844,0.019681580970839014,636
spatial_aggregation_order,reflectance_first,rolling_origin,AOI-03,modis,2022;2023,2024,R2024-H2,2,AOI-03_b_-41_-50,0.028557579910578404,0.022838835314250353,0.019555784966770334,591
spatial_aggregation_order,reflectance_first,rolling_origin,AOI-03,modis,2022;2023,2024,R2024-H2,2,AOI-03_b_-41_-51,0.03884456618280981,0.03217583998265403,0.03217583998265403,15
spatial_aggregation_order,reflectance_first,rolling_origin,AOI-03,modis,2021;2022;2023,2024,R2024-H3,3,AOI-03_b_-34_-48,0.03613749124675153,0.03039051222104853,0.021346515575561272,9
spatial_aggregation_order,reflectance_first,rolling_origin,AOI-03,modis,2021;2022;2023,2024,R2024-H3,3,AOI-03_b_-35_-48,0.04097195964010552,0.02909190266103317,0.01952087147089121,402
spatial_aggregation_order,reflectance_first,rolling_origin,AOI-03,modis,2021;2022;2023,2024,R2024-H3,3,AOI-03_b_-35_-49,0.0670164284926919,0.04921830315677974,0.03737084774870348,534
spatial_aggregation_order,reflectance_first,rolling_origin,AOI-03,modis,2021;2022;2023,2024,R2024-H3,3,AOI-03_b_-35_-50,0.042276959099298114,0.028009388099679164,0.012947875196403507,377
spatial_aggregation_order,reflectance_first,rolling_origin,AOI-03,modis,2021;2022;2023,2024,R2024-H3,3,AOI-03_b_-35_-51,0.022105693172794882,0.015374336231680009,-0.0009480404566549722,181
spatial_aggregation_order,reflectance_first,rolling_origin,AOI-03,modis,2021;2022;2023,2024,R2024-H3,3,AOI-03_b_-36_-47,0.05778997802789368,0.044724011414361206,0.026021054110735516,54
spatial_aggregation_order,reflectance_first,rolling_origin,AOI-03,modis,2021;2022;2023,2024,R2024-H3,3,AOI-03_b_-36_-48,0.06448815251822733,0.049165006485441934,0.03426674317396923,693
spatial_aggregation_order,reflectance_first,rolling_origin,AOI-03,modis,2021;2022;2023,2024,R2024-H3,3,AOI-03_b_-36_-49,0.045755678470996604,0.030865975090379163,0.018785419048437623,785
spatial_aggregation_order,reflectance_first,rolling_origin,AOI-03,modis,2021;2022;2023,2024,R2024-H3,3,AOI-03_b_-36_-50,0.031134148997506588,0.021380579011954524,0.007640057127778788,791
spatial_aggregation_order,reflectance_first,rolling_origin,AOI-03,modis,2021;2022;2023,2024,R2024-H3,3,AOI-03_b_-36_-51,0.022735887737057495,0.017797205586338058,0.012368597570797247,620
spatial_aggregation_order,reflectance_first,rolling_origin,AOI-03,modis,2021;2022;2023,2024,R2024-H3,3,AOI-03_b_-37_-47,0.0669588077966574,0.05036688262198053,0.0335992049758622,96
spatial_aggregation_order,reflectance_first,rolling_origin,AOI-03,modis,2021;2022;2023,2024,R2024-H3,3,AOI-03_b_-37_-48,0.05351924784613465,0.03803901433981294,0.025745711430280697,837
spatial_aggregation_order,reflectance_first,rolling_origin,AOI-03,modis,2021;2022;2023,2024,R2024-H3,3,AOI-03_b_-37_-49,0.033010318815006386,0.021290644081056003,0.0054024198833515814,673
spatial_aggregation_order,reflectance_first,rolling_origin,AOI-03,modis,2021;2022;2023,2024,R2024-H3,3,AOI-03_b_-37_-50,0.03045476808961553,0.02266988677000959,-0.0006341234476160147,688
spatial_aggregation_order,reflectance_first,rolling_origin,AOI-03,modis,2021;2022;2023,2024,R2024-H3,3,AOI-03_b_-37_-51,0.028767441195899673,0.022415267614220812,0.021045100374361244,486
spatial_aggregation_order,reflectance_first,rolling_origin,AOI-03,modis,2021;2022;2023,2024,R2024-H3,3,AOI-03_b_-38_-47,0.035228008906781384,0.0261973761296683,0.009850294079824524,255
spatial_aggregation_order,reflectance_first,rolling_origin,AOI-03,modis,2021;2022;2023,2024,R2024-H3,3,AOI-03_b_-38_-48,0.03332679770966483,0.0226786446350022,0.010501995039379545,712
spatial_aggregation_order,reflectance_first,rolling_origin,AOI-03,modis,2021;2022;2023,2024,R2024-H3,3,AOI-03_b_-38_-49,0.032069571149389874,0.02236464249633858,0.013032195854149909,732
spatial_aggregation_order,reflectance_first,rolling_origin,AOI-03,modis,2021;2022;2023,2024,R2024-H3,3,AOI-03_b_-38_-50,0.027277362773198328,0.02116860417109808,0.012090732602658758,817
spatial_aggregation_order,reflectance_first,rolling_origin,AOI-03,modis,2021;2022;2023,2024,R2024-H3,3,AOI-03_b_-38_-51,0.02028734491732978,0.014931506467886593,0.01211111700568284,618
spatial_aggregation_order,reflectance_first,rolling_origin,AOI-03,modis,2021;2022;2023,2024,R2024-H3,3,AOI-03_b_-39_-47,0.03873983390648393,0.027744412118312623,0.014544815989842145,701
spatial_aggregation_order,reflectance_first,rolling_origin,AOI-03,modis,2021;2022;2023,2024,R2024-H3,3,AOI-03_b_-39_-48,0.03421933868489239,0.025848557091199674,0.006915463765522324,779
spatial_aggregation_order,reflectance_first,rolling_origin,AOI-03,modis,2021;2022;2023,2024,R2024-H3,3,AOI-03_b_-39_-49,0.03156044292096529,0.02386086974214664,0.01039614772906458,855
spatial_aggregation_order,reflectance_first,rolling_origin,AOI-03,modis,2021;2022;2023,2024,R2024-H3,3,AOI-03_b_-39_-50,0.029194537060895337,0.02332820661288147,0.020287909448476263,822
spatial_aggregation_order,reflectance_first,rolling_origin,AOI-03,modis,2021;2022;2023,2024,R2024-H3,3,AOI-03_b_-39_-51,0.02835917472992031,0.02256587667065123,0.02252834310826448,63
spatial_aggregation_order,reflectance_first,rolling_origin,AOI-03,modis,2021;2022;2023,2024,R2024-H3,3,AOI-03_b_-40_-47,0.026791370101247856,0.01776824932796348,0.011781349869510686,429
spatial_aggregation_order,reflectance_first,rolling_origin,AOI-03,modis,2021;2022;2023,2024,R2024-H3,3,AOI-03_b_-40_-48,0.031057329608376986,0.02333738936208151,0.009254387316602816,855
spatial_aggregation_order,reflectance_first,rolling_origin,AOI-03,modis,2021;2022;2023,2024,R2024-H3,3,AOI-03_b_-40_-49,0.02579503509102183,0.02149067506107027,0.01919185324966645,837
spatial_aggregation_order,reflectance_first,rolling_origin,AOI-03,modis,2021;2022;2023,2024,R2024-H3,3,AOI-03_b_-40_-50,0.026500770041708165,0.021188096789311894,0.014994569945437401,858
spatial_aggregation_order,reflectance_first,rolling_origin,AOI-03,modis,2021;2022;2023,2024,R2024-H3,3,AOI-03_b_-40_-51,0.03189599855501505,0.02645643898420238,0.025086148879212514,156
spatial_aggregation_order,reflectance_first,rolling_origin,AOI-03,modis,2021;2022;2023,2024,R2024-H3,3,AOI-03_b_-41_-47,0.04308490146852193,0.030361316495174956,0.023796907070534775,117
spatial_aggregation_order,reflectance_first,rolling_origin,AOI-03,modis,2021;2022;2023,2024,R2024-H3,3,AOI-03_b_-41_-48,0.026774340552633974,0.019999319180148915,0.00865736614516147,621
spatial_aggregation_order,reflectance_first,rolling_origin,AOI-03,modis,2021;2022;2023,2024,R2024-H3,3,AOI-03_b_-41_-49,0.021277933426110167,0.01671185383442258,0.012441480146498025,636
spatial_aggregation_order,reflectance_first,rolling_origin,AOI-03,modis,2021;2022;2023,2024,R2024-H3,3,AOI-03_b_-41_-50,0.02405147297289976,0.018862258341504977,0.012111462529301266,591
spatial_aggregation_order,reflectance_first,rolling_origin,AOI-03,modis,2021;2022;2023,2024,R2024-H3,3,AOI-03_b_-41_-51,0.03218954865456766,0.02550008074860367,0.0240880079927926,15
spatial_aggregation_order,reflectance_first,rolling_origin,AOI-03,modis,2024,2025,R2025-H1,1,AOI-03_b_-34_-48,0.021046604230478466,0.017908036538511977,-0.010980156190470818,9
spatial_aggregation_order,reflectance_first,rolling_origin,AOI-03,modis,2024,2025,R2025-H1,1,AOI-03_b_-35_-48,0.03466097742146341,0.02549056478605132,-0.011813856776135456,402
spatial_aggregation_order,reflectance_first,rolling_origin,AOI-03,modis,2024,2025,R2025-H1,1,AOI-03_b_-35_-49,0.04129416849266701,0.02866618847091978,-0.01659853168869326,534
spatial_aggregation_order,reflectance_first,rolling_origin,AOI-03,modis,2024,2025,R2025-H1,1,AOI-03_b_-35_-50,0.03543054135607497,0.024351587383409454,-0.020757190097743267,395
spatial_aggregation_order,reflectance_first,rolling_origin,AOI-03,modis,2024,2025,R2025-H1,1,AOI-03_b_-35_-51,0.01421609093824341,0.010964899725237445,-0.006157171302775866,237
spatial_aggregation_order,reflectance_first,rolling_origin,AOI-03,modis,2024,2025,R2025-H1,1,AOI-03_b_-36_-47,0.04300818166187118,0.03509940613494685,-0.027312578253335898,54
spatial_aggregation_order,reflectance_first,rolling_origin,AOI-03,modis,2024,2025,R2025-H1,1,AOI-03_b_-36_-48,0.05190544520175549,0.04252938172838182,-0.031199334770310963,693
spatial_aggregation_order,reflectance_first,rolling_origin,AOI-03,modis,2024,2025,R2025-H1,1,AOI-03_b_-36_-49,0.03453433347202805,0.02399332733768694,-0.017400996911225305,812
spatial_aggregation_order,reflectance_first,rolling_origin,AOI-03,modis,2024,2025,R2025-H1,1,AOI-03_b_-36_-50,0.025516134383238822,0.01864421035869865,-0.01165803436967171,855
spatial_aggregation_order,reflectance_first,rolling_origin,AOI-03,modis,2024,2025,R2025-H1,1,AOI-03_b_-36_-51,0.012826346691956625,0.009676794785993958,0.003996448095225978,660
spatial_aggregation_order,reflectance_first,rolling_origin,AOI-03,modis,2024,2025,R2025-H1,1,AOI-03_b_-37_-47,0.0583350202722628,0.045452918979625036,-0.023666101768636743,83
spatial_aggregation_order,reflectance_first,rolling_origin,AOI-03,modis,2024,2025,R2025-H1,1,AOI-03_b_-37_-48,0.04047576184736045,0.028699660368858133,-0.016608261573588218,826
spatial_aggregation_order,reflectance_first,rolling_origin,AOI-03,modis,2024,2025,R2025-H1,1,AOI-03_b_-37_-49,0.02549174123448946,0.01862023840669153,-0.011236930875028934,787
spatial_aggregation_order,reflectance_first,rolling_origin,AOI-03,modis,2024,2025,R2025-H1,1,AOI-03_b_-37_-50,0.022575206763605665,0.017228734374225407,-0.008828639526092025,831
spatial_aggregation_order,reflectance_first,rolling_origin,AOI-03,modis,2024,2025,R2025-H1,1,AOI-03_b_-37_-51,0.014131668965410175,0.012298291724157126,0.01181929048091956,486
spatial_aggregation_order,reflectance_first,rolling_origin,AOI-03,modis,2024,2025,R2025-H1,1,AOI-03_b_-38_-47,0.03779237795246108,0.025696334460506797,-0.01640786840749299,209
spatial_aggregation_order,reflectance_first,rolling_origin,AOI-03,modis,2024,2025,R2025-H1,1,AOI-03_b_-38_-48,0.027860396921314024,0.018860432838808557,-0.007767207734027844,612
spatial_aggregation_order,reflectance_first,rolling_origin,AOI-03,modis,2024,2025,R2025-H1,1,AOI-03_b_-38_-49,0.022552006371099522,0.01775061178950374,-0.008055363575637015,579
spatial_aggregation_order,reflectance_first,rolling_origin,AOI-03,modis,2024,2025,R2025-H1,1,AOI-03_b_-38_-50,0.01910520157242433,0.015454561028049159,0.008755168215037398,846
spatial_aggregation_order,reflectance_first,rolling_origin,AOI-03,modis,2024,2025,R2025-H1,1,AOI-03_b_-38_-51,0.014996063646035104,0.012245661994854608,0.010022119330691784,618
spatial_aggregation_order,reflectance_first,rolling_origin,AOI-03,modis,2024,2025,R2025-H1,1,AOI-03_b_-39_-47,0.03284929164325282,0.024771578071538874,-0.015604573711463494,505
spatial_aggregation_order,reflectance_first,rolling_origin,AOI-03,modis,2024,2025,R2025-H1,1,AOI-03_b_-39_-48,0.03910888448358858,0.031459141202319595,-0.0261492956608549,616
spatial_aggregation_order,reflectance_first,rolling_origin,AOI-03,modis,2024,2025,R2025-H1,1,AOI-03_b_-39_-49,0.02818996935226818,0.021600668356852103,-0.007211574492791942,719
spatial_aggregation_order,reflectance_first,rolling_origin,AOI-03,modis,2024,2025,R2025-H1,1,AOI-03_b_-39_-50,0.02166943129687652,0.018420086783205017,0.017147636064818006,822
spatial_aggregation_order,reflectance_first,rolling_origin,AOI-03,modis,2024,2025,R2025-H1,1,AOI-03_b_-39_-51,0.016352982861741038,0.014280683561940536,0.013406887162833314,63
spatial_aggregation_order,reflectance_first,rolling_origin,AOI-03,modis,2024,2025,R2025-H1,1,AOI-03_b_-40_-47,0.01676099722992323,0.012050467719937986,-0.004166290576142572,286
spatial_aggregation_order,reflectance_first,rolling_origin,AOI-03,modis,2024,2025,R2025-H1,1,AOI-03_b_-40_-48,0.027407012381576445,0.0199551673679395,-0.009634303990518187,634
spatial_aggregation_order,reflectance_first,rolling_origin,AOI-03,modis,2024,2025,R2025-H1,1,AOI-03_b_-40_-49,0.022183097591118597,0.01632876288966073,-0.0005340861381265496,817
spatial_aggregation_order,reflectance_first,rolling_origin,AOI-03,modis,2024,2025,R2025-H1,1,AOI-03_b_-40_-50,0.023334651207816443,0.020989569228380963,0.020232803012911513,858
spatial_aggregation_order,reflectance_first,rolling_origin,AOI-03,modis,2024,2025,R2025-H1,1,AOI-03_b_-40_-51,0.02381376025957288,0.02148310729431834,0.02130654075327365,156
spatial_aggregation_order,reflectance_first,rolling_origin,AOI-03,modis,2024,2025,R2025-H1,1,AOI-03_b_-41_-47,0.02067218532652571,0.015481689042100998,0.0009877913427855506,78
spatial_aggregation_order,reflectance_first,rolling_origin,AOI-03,modis,2024,2025,R2025-H1,1,AOI-03_b_-41_-48,0.019523714163536925,0.014469064015206257,-4.878642679183123e-05,536
spatial_aggregation_order,reflectance_first,rolling_origin,AOI-03,modis,2024,2025,R2025-H1,1,AOI-03_b_-41_-49,0.011543509204293138,0.009011150678779778,0.005442935309290912,636
spatial_aggregation_order,reflectance_first,rolling_origin,AOI-03,modis,2024,2025,R2025-H1,1,AOI-03_b_-41_-50,0.021007608128301002,0.018005026973591166,0.017793846172082285,591
spatial_aggregation_order,reflectance_first,rolling_origin,AOI-03,modis,2024,2025,R2025-H1,1,AOI-03_b_-41_-51,0.018636986342536563,0.015426113728872403,0.015308608642198178,15
spatial_aggregation_order,reflectance_first,rolling_origin,AOI-03,modis,2023;2024,2025,R2025-H2,2,AOI-03_b_-34_-48,0.01889148432960955,0.01580041266620306,0.0015986481913866785,9
spatial_aggregation_order,reflectance_first,rolling_origin,AOI-03,modis,2023;2024,2025,R2025-H2,2,AOI-03_b_-35_-48,0.030997465897262873,0.022914035368541467,0.0015246683080903053,402
spatial_aggregation_order,reflectance_first,rolling_origin,AOI-03,modis,2023;2024,2025,R2025-H2,2,AOI-03_b_-35_-49,0.03685612976518417,0.026314149049453103,-0.0037874325867196684,534
spatial_aggregation_order,reflectance_first,rolling_origin,AOI-03,modis,2023;2024,2025,R2025-H2,2,AOI-03_b_-35_-50,0.02921392556186237,0.019080946708417517,-0.010724065898385595,395
spatial_aggregation_order,reflectance_first,rolling_origin,AOI-03,modis,2023;2024,2025,R2025-H2,2,AOI-03_b_-35_-51,0.014929509870672073,0.012756646086547157,0.002455105402202721,237
spatial_aggregation_order,reflectance_first,rolling_origin,AOI-03,modis,2023;2024,2025,R2025-H2,2,AOI-03_b_-36_-47,0.03476856163915624,0.02599354308436437,-0.011680146931421663,54
spatial_aggregation_order,reflectance_first,rolling_origin,AOI-03,modis,2023;2024,2025,R2025-H2,2,AOI-03_b_-36_-48,0.04337401460567736,0.0353027443490394,-0.01613892285502687,693
spatial_aggregation_order,reflectance_first,rolling_origin,AOI-03,modis,2023;2024,2025,R2025-H2,2,AOI-03_b_-36_-49,0.029195073402686563,0.01959921247366678,-0.006355744146178013,812
spatial_aggregation_order,reflectance_first,rolling_origin,AOI-03,modis,2023;2024,2025,R2025-H2,2,AOI-03_b_-36_-50,0.022381121209053733,0.01621451311627772,-0.0005751692210385381,855
spatial_aggregation_order,reflectance_first,rolling_origin,AOI-03,modis,2023;2024,2025,R2025-H2,2,AOI-03_b_-36_-51,0.018945627581089915,0.016608731654978684,0.014574574671637412,660
spatial_aggregation_order,reflectance_first,rolling_origin,AOI-03,modis,2023;2024,2025,R2025-H2,2,AOI-03_b_-37_-47,0.052847630284087135,0.04002680544948572,-0.008921581200603016,83
spatial_aggregation_order,reflectance_first,rolling_origin,AOI-03,modis,2023;2024,2025,R2025-H2,2,AOI-03_b_-37_-48,0.03546043374342295,0.026242023643967664,-0.0038340767096278878,826
spatial_aggregation_order,reflectance_first,rolling_origin,AOI-03,modis,2023;2024,2025,R2025-H2,2,AOI-03_b_-37_-49,0.023286639291368347,0.016379443068863908,-0.0010537085993294643,787
spatial_aggregation_order,reflectance_first,rolling_origin,AOI-03,modis,2023;2024,2025,R2025-H2,2,AOI-03_b_-37_-50,0.02081589344904516,0.016204571549879546,0.0035456357675270104,831
spatial_aggregation_order,reflectance_first,rolling_origin,AOI-03,modis,2023;2024,2025,R2025-H2,2,AOI-03_b_-37_-51,0.0239222615049163,0.022581229316256782,0.022581229316256782,486
spatial_aggregation_order,reflectance_first,rolling_origin,AOI-03,modis,2023;2024,2025,R2025-H2,2,AOI-03_b_-38_-47,0.03278270160195399,0.02391207554664819,-0.004044192518937159,209
spatial_aggregation_order,reflectance_first,rolling_origin,AOI-03,modis,2023;2024,2025,R2025-H2,2,AOI-03_b_-38_-48,0.026404846472338015,0.01869179317995409,0.00244663725542287,612
spatial_aggregation_order,reflectance_first,rolling_origin,AOI-03,modis,2023;2024,2025,R2025-H2,2,AOI-03_b_-38_-49,0.021843322895179654,0.01711506227238964,0.003555630776702834,579
spatial_aggregation_order,reflectance_first,rolling_origin,AOI-03,modis,2023;2024,2025,R2025-H2,2,AOI-03_b_-38_-50,0.026858462082081418,0.02277290306449902,0.020731781511791125,846
spatial_aggregation_order,reflectance_first,rolling_origin,AOI-03,modis,2023;2024,2025,R2025-H2,2,AOI-03_b_-38_-51,0.023700611745781197,0.021179639405830578,0.020795200393988238,618
spatial_aggregation_order,reflectance_first,rolling_origin,AOI-03,modis,2023;2024,2025,R2025-H2,2,AOI-03_b_-39_-47,0.028572490029493577,0.02150595964658566,-0.004460065454762235,505
spatial_aggregation_order,reflectance_first,rolling_origin,AOI-03,modis,2023;2024,2025,R2025-H2,2,AOI-03_b_-39_-48,0.03135327319843634,0.024525300779870328,-0.013993075455435586,616
spatial_aggregation_order,reflectance_first,rolling_origin,AOI-03,modis,2023;2024,2025,R2025-H2,2,AOI-03_b_-39_-49,0.027508800571174753,0.022487928212183886,0.005144828813943796,719
spatial_aggregation_order,reflectance_first,rolling_origin,AOI-03,modis,2023;2024,2025,R2025-H2,2,AOI-03_b_-39_-50,0.03213573876395804,0.029404151666472877,0.029249203027285675,822
spatial_aggregation_order,reflectance_first,rolling_origin,AOI-03,modis,2023;2024,2025,R2025-H2,2,AOI-03_b_-39_-51,0.02622085598627403,0.0243913675665463,0.024386646210521723,63
spatial_aggregation_order,reflectance_first,rolling_origin,AOI-03,modis,2023;2024,2025,R2025-H2,2,AOI-03_b_-40_-47,0.017661271894428728,0.01269133975284862,0.005190648337197187,286
spatial_aggregation_order,reflectance_first,rolling_origin,AOI-03,modis,2023;2024,2025,R2025-H2,2,AOI-03_b_-40_-48,0.025852829852079918,0.018638767044202018,0.0029083160205480635,634
spatial_aggregation_order,reflectance_first,rolling_origin,AOI-03,modis,2023;2024,2025,R2025-H2,2,AOI-03_b_-40_-49,0.024805597870071423,0.020531214571003566,0.011612926983095769,817
spatial_aggregation_order,reflectance_first,rolling_origin,AOI-03,modis,2023;2024,2025,R2025-H2,2,AOI-03_b_-40_-50,0.03409604856562762,0.032185010882871935,0.03202895990353619,858
spatial_aggregation_order,reflectance_first,rolling_origin,AOI-03,modis,2023;2024,2025,R2025-H2,2,AOI-03_b_-40_-51,0.034534746994163076,0.03289082349925815,0.03289082349925815,156
spatial_aggregation_order,reflectance_first,rolling_origin,AOI-03,modis,2023;2024,2025,R2025-H2,2,AOI-03_b_-41_-47,0.0247012425572084,0.01860230170789795,0.011145752508757201,78
spatial_aggregation_order,reflectance_first,rolling_origin,AOI-03,modis,2023;2024,2025,R2025-H2,2,AOI-03_b_-41_-48,0.023324407025033186,0.018322205657572484,0.012321047757575702,536
spatial_aggregation_order,reflectance_first,rolling_origin,AOI-03,modis,2023;2024,2025,R2025-H2,2,AOI-03_b_-41_-49,0.0194491210407428,0.016743055025794887,0.016386862280262898,636
spatial_aggregation_order,reflectance_first,rolling_origin,AOI-03,modis,2023;2024,2025,R2025-H2,2,AOI-03_b_-41_-50,0.03140159495762644,0.029265710974641406,0.029265710974641406,591
spatial_aggregation_order,reflectance_first,rolling_origin,AOI-03,modis,2023;2024,2025,R2025-H2,2,AOI-03_b_-41_-51,0.029596322937580757,0.02765317351491233,0.02765317351491233,15
spatial_aggregation_order,reflectance_first,rolling_origin,AOI-03,modis,2022;2023;2024,2025,R2025-H3,3,AOI-03_b_-34_-48,0.01922138340074236,0.016204183678896103,0.0029264871802650782,9
spatial_aggregation_order,reflectance_first,rolling_origin,AOI-03,modis,2022;2023;2024,2025,R2025-H3,3,AOI-03_b_-35_-48,0.030836360178696166,0.02278057268964065,0.002991831122690303,402
spatial_aggregation_order,reflectance_first,rolling_origin,AOI-03,modis,2022;2023;2024,2025,R2025-H3,3,AOI-03_b_-35_-49,0.03655704415923413,0.026244812355684512,-0.0024169934830877604,534
spatial_aggregation_order,reflectance_first,rolling_origin,AOI-03,modis,2022;2023;2024,2025,R2025-H3,3,AOI-03_b_-35_-50,0.028644844998362815,0.018728167934395214,-0.009748652493936133,395
spatial_aggregation_order,reflectance_first,rolling_origin,AOI-03,modis,2022;2023;2024,2025,R2025-H3,3,AOI-03_b_-35_-51,0.015244370565917148,0.013091986162115711,0.003190113033814464,237
spatial_aggregation_order,reflectance_first,rolling_origin,AOI-03,modis,2022;2023;2024,2025,R2025-H3,3,AOI-03_b_-36_-47,0.03410889062522802,0.02539302643331203,-0.009792308739824408,54
spatial_aggregation_order,reflectance_first,rolling_origin,AOI-03,modis,2022;2023;2024,2025,R2025-H3,3,AOI-03_b_-36_-48,0.042555665190129446,0.034566490620180815,-0.014355986283025183,693
spatial_aggregation_order,reflectance_first,rolling_origin,AOI-03,modis,2022;2023;2024,2025,R2025-H3,3,AOI-03_b_-36_-49,0.028772583512839945,0.01935834510782212,-0.00524251199991389,812
spatial_aggregation_order,reflectance_first,rolling_origin,AOI-03,modis,2022;2023;2024,2025,R2025-H3,3,AOI-03_b_-36_-50,0.022329933394944445,0.01625842253033298,0.0005279302863340234,855
spatial_aggregation_order,reflectance_first,rolling_origin,AOI-03,modis,2022;2023;2024,2025,R2025-H3,3,AOI-03_b_-36_-51,0.01968946276085099,0.017378023798168534,0.015541507188633797,660
spatial_aggregation_order,reflectance_first,rolling_origin,AOI-03,modis,2022;2023;2024,2025,R2025-H3,3,AOI-03_b_-37_-47,0.05238150765914689,0.03940542128115634,-0.007196575379828817,83
spatial_aggregation_order,reflectance_first,rolling_origin,AOI-03,modis,2022;2023;2024,2025,R2025-H3,3,AOI-03_b_-37_-48,0.035067819430572446,0.026089744214424622,-0.0024619856736005884,826
spatial_aggregation_order,reflectance_first,rolling_origin,AOI-03,modis,2022;2023;2024,2025,R2025-H3,3,AOI-03_b_-37_-49,0.023326420043565436,0.016470891413132863,-6.501439885965945e-05,787
spatial_aggregation_order,reflectance_first,rolling_origin,AOI-03,modis,2022;2023;2024,2025,R2025-H3,3,AOI-03_b_-37_-50,0.021031366529431834,0.01646215548407306,0.004840618598251024,831
spatial_aggregation_order,reflectance_first,rolling_origin,AOI-03,modis,2022;2023;2024,2025,R2025-H3,3,AOI-03_b_-37_-51,0.024872916582920384,0.02357587657036493,0.02357587657036493,486
spatial_aggregation_order,reflectance_first,rolling_origin,AOI-03,modis,2022;2023;2024,2025,R2025-H3,3,AOI-03_b_-38_-47,0.0323855504475752,0.023846586430520386,-0.0027430777531967003,209
spatial_aggregation_order,reflectance_first,rolling_origin,AOI-03,modis,2022;2023;2024,2025,R2025-H3,3,AOI-03_b_-38_-48,0.026434354223666443,0.01887298995753373,0.003421123960143952,612
spatial_aggregation_order,reflectance_first,rolling_origin,AOI-03,modis,2022;2023;2024,2025,R2025-H3,3,AOI-03_b_-38_-49,0.022148127298507035,0.017391237139823934,0.004728049679769031,579
spatial_aggregation_order,reflectance_first,rolling_origin,AOI-03,modis,2022;2023;2024,2025,R2025-H3,3,AOI-03_b_-38_-50,0.027821690061887665,0.02372138561142227,0.021949185750727143,846
spatial_aggregation_order,reflectance_first,rolling_origin,AOI-03,modis,2022;2023;2024,2025,R2025-H3,3,AOI-03_b_-38_-51,0.024599247762097,0.022100275019077683,0.02179189100142545,618
spatial_aggregation_order,reflectance_first,rolling_origin,AOI-03,modis,2022;2023;2024,2025,R2025-H3,3,AOI-03_b_-39_-47,0.028323880240265182,0.0213366506750307,-0.003308376934300408,505
spatial_aggregation_order,reflectance_first,rolling_origin,AOI-03,modis,2022;2023;2024,2025,R2025-H3,3,AOI-03_b_-39_-48,0.030659186993811583,0.0239572526139592,-0.012685693500934476,616
spatial_aggregation_order,reflectance_first,rolling_origin,AOI-03,modis,2022;2023;2024,2025,R2025-H3,3,AOI-03_b_-39_-49,0.0277376751044289,0.022812218630056915,0.00644011763390621,719
spatial_aggregation_order,reflectance_first,rolling_origin,AOI-03,modis,2022;2023;2024,2025,R2025-H3,3,AOI-03_b_-39_-50,0.03327476025257631,0.030610710736633337,0.030489522296299105,822
spatial_aggregation_order,reflectance_first,rolling_origin,AOI-03,modis,2022;2023;2024,2025,R2025-H3,3,AOI-03_b_-39_-51,0.02720378465246069,0.025421239125199155,0.025421239125199155,63
spatial_aggregation_order,reflectance_first,rolling_origin,AOI-03,modis,2022;2023;2024,2025,R2025-H3,3,AOI-03_b_-40_-47,0.017992951308786514,0.013045036959168966,0.006019655160507477,286
spatial_aggregation_order,reflectance_first,rolling_origin,AOI-03,modis,2022;2023;2024,2025,R2025-H3,3,AOI-03_b_-40_-48,0.02604948488023748,0.018881939560198957,0.004230723379302635,634
spatial_aggregation_order,reflectance_first,rolling_origin,AOI-03,modis,2022;2023;2024,2025,R2025-H3,3,AOI-03_b_-40_-49,0.025376772630621686,0.021218191423766044,0.012861580542174369,817
spatial_aggregation_order,reflectance_first,rolling_origin,AOI-03,modis,2022;2023;2024,2025,R2025-H3,3,AOI-03_b_-40_-50,0.035216898238573664,0.033340541316409136,0.03321327056374059,858
spatial_aggregation_order,reflectance_first,rolling_origin,AOI-03,modis,2022;2023;2024,2025,R2025-H3,3,AOI-03_b_-40_-51,0.03562259917962394,0.0340362789376544,0.0340362789376544,156
spatial_aggregation_order,reflectance_first,rolling_origin,AOI-03,modis,2022;2023;2024,2025,R2025-H3,3,AOI-03_b_-41_-47,0.025372016744002912,0.01914522500691049,0.012210769048157715,78
spatial_aggregation_order,reflectance_first,rolling_origin,AOI-03,modis,2022;2023;2024,2025,R2025-H3,3,AOI-03_b_-41_-48,0.024081839664218497,0.019020369107753933,0.013610564074338766,536
spatial_aggregation_order,reflectance_first,rolling_origin,AOI-03,modis,2022;2023;2024,2025,R2025-H3,3,AOI-03_b_-41_-49,0.020353645102608113,0.01768698140270222,0.01741488401424706,636
spatial_aggregation_order,reflectance_first,rolling_origin,AOI-03,modis,2022;2023;2024,2025,R2025-H3,3,AOI-03_b_-41_-50,0.03246762758575714,0.030390550286731034,0.030390550286731034,591
spatial_aggregation_order,reflectance_first,rolling_origin,AOI-03,modis,2022;2023;2024,2025,R2025-H3,3,AOI-03_b_-41_-51,0.030795210568312026,0.028938055737643305,0.028938055737643305,15
spatial_aggregation_order,reflectance_first,rolling_origin,AOI-03,sentinel2,2023,2024,R2024-H1,1,AOI-03_b_-34_-48,0.0477604046579906,0.035599840969507565,0.03324404220015428,9
spatial_aggregation_order,reflectance_first,rolling_origin,AOI-03,sentinel2,2023,2024,R2024-H1,1,AOI-03_b_-35_-48,0.05261107953019944,0.03623318589505136,-0.020982504256140976,402
spatial_aggregation_order,reflectance_first,rolling_origin,AOI-03,sentinel2,2023,2024,R2024-H1,1,AOI-03_b_-35_-49,0.05675748005913392,0.04006744143490561,-0.02252385372240219,534
spatial_aggregation_order,reflectance_first,rolling_origin,AOI-03,sentinel2,2023,2024,R2024-H1,1,AOI-03_b_-35_-50,0.04899380588488259,0.03168864579692421,-0.0012894892960203658,424
spatial_aggregation_order,reflectance_first,rolling_origin,AOI-03,sentinel2,2023,2024,R2024-H1,1,AOI-03_b_-35_-51,0.03138055236175966,0.01836466177296382,0.015290846593037777,228
spatial_aggregation_order,reflectance_first,rolling_origin,AOI-03,sentinel2,2023,2024,R2024-H1,1,AOI-03_b_-36_-47,0.05603824336203915,0.045275204550222166,-0.04039853790277969,54
spatial_aggregation_order,reflectance_first,rolling_origin,AOI-03,sentinel2,2023,2024,R2024-H1,1,AOI-03_b_-36_-48,0.06895141162184823,0.05724288620164005,-0.04404324421807266,693
spatial_aggregation_order,reflectance_first,rolling_origin,AOI-03,sentinel2,2023,2024,R2024-H1,1,AOI-03_b_-36_-49,0.053358705655872966,0.034201304810194504,-0.014395678521242348,816
spatial_aggregation_order,reflectance_first,rolling_origin,AOI-03,sentinel2,2023,2024,R2024-H1,1,AOI-03_b_-36_-50,0.035680816610259854,0.02630288591446585,-0.006396374058634074,854
spatial_aggregation_order,reflectance_first,rolling_origin,AOI-03,sentinel2,2023,2024,R2024-H1,1,AOI-03_b_-36_-51,0.02158708343078174,0.016031491097296804,0.006422213314612159,651
spatial_aggregation_order,reflectance_first,rolling_origin,AOI-03,sentinel2,2023,2024,R2024-H1,1,AOI-03_b_-37_-47,0.07691729354246765,0.062245216555714765,-0.03791655146272535,96
spatial_aggregation_order,reflectance_first,rolling_origin,AOI-03,sentinel2,2023,2024,R2024-H1,1,AOI-03_b_-37_-48,0.04971787394448961,0.036181207711013554,-0.013018605234828944,846
spatial_aggregation_order,reflectance_first,rolling_origin,AOI-03,sentinel2,2023,2024,R2024-H1,1,AOI-03_b_-37_-49,0.036115731628279316,0.02616326826732439,-1.89203954143864e-05,881
spatial_aggregation_order,reflectance_first,rolling_origin,AOI-03,sentinel2,2023,2024,R2024-H1,1,AOI-03_b_-37_-50,0.02904121018446815,0.022601011105772187,-0.012388593818868416,790
spatial_aggregation_order,reflectance_first,rolling_origin,AOI-03,sentinel2,2023,2024,R2024-H1,1,AOI-03_b_-37_-51,0.013875047952637725,0.010206717409461816,0.0016431567555424654,468
spatial_aggregation_order,reflectance_first,rolling_origin,AOI-03,sentinel2,2023,2024,R2024-H1,1,AOI-03_b_-38_-47,0.03907165930061777,0.02872507654113075,-0.008588622579196944,255
spatial_aggregation_order,reflectance_first,rolling_origin,AOI-03,sentinel2,2023,2024,R2024-H1,1,AOI-03_b_-38_-48,0.03227225953350185,0.02344124591997772,0.0040478273304426675,863
spatial_aggregation_order,reflectance_first,rolling_origin,AOI-03,sentinel2,2023,2024,R2024-H1,1,AOI-03_b_-38_-49,0.03021051385045969,0.021827693744619046,0.0034497525620263638,792
spatial_aggregation_order,reflectance_first,rolling_origin,AOI-03,sentinel2,2023,2024,R2024-H1,1,AOI-03_b_-38_-50,0.022131424514444088,0.017141255061656136,-0.0061806745780184575,841
spatial_aggregation_order,reflectance_first,rolling_origin,AOI-03,sentinel2,2023,2024,R2024-H1,1,AOI-03_b_-38_-51,0.016699732975346493,0.013248771782945808,0.0058414639852712,607
spatial_aggregation_order,reflectance_first,rolling_origin,AOI-03,sentinel2,2023,2024,R2024-H1,1,AOI-03_b_-39_-47,0.03715992574799963,0.026579310001516882,-0.00014341761373431485,699
spatial_aggregation_order,reflectance_first,rolling_origin,AOI-03,sentinel2,2023,2024,R2024-H1,1,AOI-03_b_-39_-48,0.03680649992137285,0.028848922503370105,-0.01599207130189021,794
spatial_aggregation_order,reflectance_first,rolling_origin,AOI-03,sentinel2,2023,2024,R2024-H1,1,AOI-03_b_-39_-49,0.026651719396632575,0.021173805709208546,-0.013250184887859586,841
spatial_aggregation_order,reflectance_first,rolling_origin,AOI-03,sentinel2,2023,2024,R2024-H1,1,AOI-03_b_-39_-50,0.020073070483667566,0.015427674741280878,-0.004617741588340236,800
spatial_aggregation_order,reflectance_first,rolling_origin,AOI-03,sentinel2,2023,2024,R2024-H1,1,AOI-03_b_-39_-51,0.013591770130909701,0.011557348918063365,0.009118960891528144,62
spatial_aggregation_order,reflectance_first,rolling_origin,AOI-03,sentinel2,2023,2024,R2024-H1,1,AOI-03_b_-40_-47,0.02437538027384248,0.01759306174170464,0.00922227456120311,427
spatial_aggregation_order,reflectance_first,rolling_origin,AOI-03,sentinel2,2023,2024,R2024-H1,1,AOI-03_b_-40_-48,0.03067784304427329,0.023581424467908254,-0.007718301288887365,836
spatial_aggregation_order,reflectance_first,rolling_origin,AOI-03,sentinel2,2023,2024,R2024-H1,1,AOI-03_b_-40_-49,0.018809580779688195,0.014579214067222386,-0.0069660308311001945,817
spatial_aggregation_order,reflectance_first,rolling_origin,AOI-03,sentinel2,2023,2024,R2024-H1,1,AOI-03_b_-40_-50,0.02007914264900051,0.015868216056821854,0.004651030464788555,817
spatial_aggregation_order,reflectance_first,rolling_origin,AOI-03,sentinel2,2023,2024,R2024-H1,1,AOI-03_b_-40_-51,0.02043865727964591,0.016278426431588267,0.01306217447677107,146
spatial_aggregation_order,reflectance_first,rolling_origin,AOI-03,sentinel2,2023,2024,R2024-H1,1,AOI-03_b_-41_-47,0.035469758006072334,0.024496697953740945,9.492292318157513e-05,117
spatial_aggregation_order,reflectance_first,rolling_origin,AOI-03,sentinel2,2023,2024,R2024-H1,1,AOI-03_b_-41_-48,0.02707656574357703,0.020784274730959774,-0.005404186913871226,592
spatial_aggregation_order,reflectance_first,rolling_origin,AOI-03,sentinel2,2023,2024,R2024-H1,1,AOI-03_b_-41_-49,0.020578848572095135,0.017364946399221017,0.013987951135417424,562
spatial_aggregation_order,reflectance_first,rolling_origin,AOI-03,sentinel2,2023,2024,R2024-H1,1,AOI-03_b_-41_-50,0.020946363715983896,0.016593986536418075,0.009115826729538548,513
spatial_aggregation_order,reflectance_first,rolling_origin,AOI-03,sentinel2,2023,2024,R2024-H1,1,AOI-03_b_-41_-51,0.012394648813548721,0.00995770269464628,0.000823051546523329,15
spatial_aggregation_order,reflectance_first,rolling_origin,AOI-03,sentinel2,2022;2023,2024,R2024-H2,2,AOI-03_b_-34_-48,0.04924558979856323,0.03702538719992065,0.035208796651446515,9
spatial_aggregation_order,reflectance_first,rolling_origin,AOI-03,sentinel2,2022;2023,2024,R2024-H2,2,AOI-03_b_-35_-48,0.0517338388334004,0.03548397416845414,-0.01919399814856595,402
spatial_aggregation_order,reflectance_first,rolling_origin,AOI-03,sentinel2,2022;2023,2024,R2024-H2,2,AOI-03_b_-35_-49,0.055984551154811615,0.039583708809026875,-0.02090514218016959,534
spatial_aggregation_order,reflectance_first,rolling_origin,AOI-03,sentinel2,2022;2023,2024,R2024-H2,2,AOI-03_b_-35_-50,0.04902625759990465,0.031869496532072925,-0.00030016536637657743,424
spatial_aggregation_order,reflectance_first,rolling_origin,AOI-03,sentinel2,2022;2023,2024,R2024-H2,2,AOI-03_b_-35_-51,0.032103149945203385,0.01900920234633075,0.01611318158763545,228
spatial_aggregation_order,reflectance_first,rolling_origin,AOI-03,sentinel2,2022;2023,2024,R2024-H2,2,AOI-03_b_-36_-47,0.0546754859450289,0.04378328510131874,-0.03773843068752081,54
spatial_aggregation_order,reflectance_first,rolling_origin,AOI-03,sentinel2,2022;2023,2024,R2024-H2,2,AOI-03_b_-36_-48,0.06780775703605824,0.055988409982773456,-0.04155323851890035,693
spatial_aggregation_order,reflectance_first,rolling_origin,AOI-03,sentinel2,2022;2023,2024,R2024-H2,2,AOI-03_b_-36_-49,0.05281333957522391,0.0340235865698122,-0.013160044096039818,816
spatial_aggregation_order,reflectance_first,rolling_origin,AOI-03,sentinel2,2022;2023,2024,R2024-H2,2,AOI-03_b_-36_-50,0.03545851474912175,0.026140659385331083,-0.005074768124896469,854
spatial_aggregation_order,reflectance_first,rolling_origin,AOI-03,sentinel2,2022;2023,2024,R2024-H2,2,AOI-03_b_-36_-51,0.021918702580407654,0.016532622688372037,0.007644506356852315,651
spatial_aggregation_order,reflectance_first,rolling_origin,AOI-03,sentinel2,2022;2023,2024,R2024-H2,2,AOI-03_b_-37_-47,0.07685474704201577,0.062264172805216254,-0.035756487914432804,96
spatial_aggregation_order,reflectance_first,rolling_origin,AOI-03,sentinel2,2022;2023,2024,R2024-H2,2,AOI-03_b_-37_-48,0.04920585766636488,0.035748888346800005,-0.01130946633933445,846
spatial_aggregation_order,reflectance_first,rolling_origin,AOI-03,sentinel2,2022;2023,2024,R2024-H2,2,AOI-03_b_-37_-49,0.03634881011238976,0.026270670777165408,0.0010522304921920795,881
spatial_aggregation_order,reflectance_first,rolling_origin,AOI-03,sentinel2,2022;2023,2024,R2024-H2,2,AOI-03_b_-37_-50,0.028482440013014785,0.02206940858807251,-0.010521141834304505,790
spatial_aggregation_order,reflectance_first,rolling_origin,AOI-03,sentinel2,2022;2023,2024,R2024-H2,2,AOI-03_b_-37_-51,0.01410895979469737,0.010449171643922091,0.002984476631799594,468
spatial_aggregation_order,reflectance_first,rolling_origin,AOI-03,sentinel2,2022;2023,2024,R2024-H2,2,AOI-03_b_-38_-47,0.03861987654585474,0.028528876430902027,-0.007020524120084249,255
spatial_aggregation_order,reflectance_first,rolling_origin,AOI-03,sentinel2,2022;2023,2024,R2024-H2,2,AOI-03_b_-38_-48,0.03249398004124345,0.023632974361567343,0.005025446465362848,863
spatial_aggregation_order,reflectance_first,rolling_origin,AOI-03,sentinel2,2022;2023,2024,R2024-H2,2,AOI-03_b_-38_-49,0.030719154808499717,0.022118069092410476,0.004909960883545968,792
spatial_aggregation_order,reflectance_first,rolling_origin,AOI-03,sentinel2,2022;2023,2024,R2024-H2,2,AOI-03_b_-38_-50,0.02177053546851024,0.016893748683418624,-0.004455087183270495,841
spatial_aggregation_order,reflectance_first,rolling_origin,AOI-03,sentinel2,2022;2023,2024,R2024-H2,2,AOI-03_b_-38_-51,0.0172796571662674,0.013830760711773717,0.007233551566921228,607
spatial_aggregation_order,reflectance_first,rolling_origin,AOI-03,sentinel2,2022;2023,2024,R2024-H2,2,AOI-03_b_-39_-47,0.037594884782704764,0.02695996756581283,0.001256947550447577,699
spatial_aggregation_order,reflectance_first,rolling_origin,AOI-03,sentinel2,2022;2023,2024,R2024-H2,2,AOI-03_b_-39_-48,0.03611966803743823,0.028247844007239488,-0.014179107172472234,794
spatial_aggregation_order,reflectance_first,rolling_origin,AOI-03,sentinel2,2022;2023,2024,R2024-H2,2,AOI-03_b_-39_-49,0.02576105624428247,0.020372798738586,-0.011441604184348276,841
spatial_aggregation_order,reflectance_first,rolling_origin,AOI-03,sentinel2,2022;2023,2024,R2024-H2,2,AOI-03_b_-39_-50,0.019793008242067842,0.015231809970354617,-0.002923451834625257,800
spatial_aggregation_order,reflectance_first,rolling_origin,AOI-03,sentinel2,2022;2023,2024,R2024-H2,2,AOI-03_b_-39_-51,0.014559339144838989,0.012435487445032178,0.010457231856338298,62
spatial_aggregation_order,reflectance_first,rolling_origin,AOI-03,sentinel2,2022;2023,2024,R2024-H2,2,AOI-03_b_-40_-47,0.024671742665335165,0.017908766157919125,0.00991265652931512,427
spatial_aggregation_order,reflectance_first,rolling_origin,AOI-03,sentinel2,2022;2023,2024,R2024-H2,2,AOI-03_b_-40_-48,0.030433327032880805,0.023279483672846765,-0.006002806549285215,836
spatial_aggregation_order,reflectance_first,rolling_origin,AOI-03,sentinel2,2022;2023,2024,R2024-H2,2,AOI-03_b_-40_-49,0.018294867464458305,0.014166420778145053,-0.005189718451429549,817
spatial_aggregation_order,reflectance_first,rolling_origin,AOI-03,sentinel2,2022;2023,2024,R2024-H2,2,AOI-03_b_-40_-50,0.020573207071329855,0.016383892591461002,0.00627548880996479,817
spatial_aggregation_order,reflectance_first,rolling_origin,AOI-03,sentinel2,2022;2023,2024,R2024-H2,2,AOI-03_b_-40_-51,0.021506683726686692,0.017392714316664448,0.014613023021775341,146
spatial_aggregation_order,reflectance_first,rolling_origin,AOI-03,sentinel2,2022;2023,2024,R2024-H2,2,AOI-03_b_-41_-47,0.03601139818079541,0.02499954564837897,0.0012757348147203883,117
spatial_aggregation_order,reflectance_first,rolling_origin,AOI-03,sentinel2,2022;2023,2024,R2024-H2,2,AOI-03_b_-41_-48,0.02678916862309588,0.020640568824351637,-0.0036104580122990142,592
spatial_aggregation_order,reflectance_first,rolling_origin,AOI-03,sentinel2,2022;2023,2024,R2024-H2,2,AOI-03_b_-41_-49,0.021585874098387248,0.018380603904757303,0.015387517348539458,562
spatial_aggregation_order,reflectance_first,rolling_origin,AOI-03,sentinel2,2022;2023,2024,R2024-H2,2,AOI-03_b_-41_-50,0.021666101867516753,0.017402366685807448,0.010597139041116208,513
spatial_aggregation_order,reflectance_first,rolling_origin,AOI-03,sentinel2,2022;2023,2024,R2024-H2,2,AOI-03_b_-41_-51,0.01260412036876801,0.01029620561503616,0.002498198688640383,15
spatial_aggregation_order,reflectance_first,rolling_origin,AOI-03,sentinel2,2021;2022;2023,2024,R2024-H3,3,AOI-03_b_-34_-48,0.0515508251065626,0.039358983805285505,0.03828689252070383,9
spatial_aggregation_order,reflectance_first,rolling_origin,AOI-03,sentinel2,2021;2022;2023,2024,R2024-H3,3,AOI-03_b_-35_-48,0.0506075911362469,0.03491022935537437,-0.016219796463140278,402
spatial_aggregation_order,reflectance_first,rolling_origin,AOI-03,sentinel2,2021;2022;2023,2024,R2024-H3,3,AOI-03_b_-35_-49,0.054900698064629466,0.039055041575665264,-0.018031030330558816,534
spatial_aggregation_order,reflectance_first,rolling_origin,AOI-03,sentinel2,2021;2022;2023,2024,R2024-H3,3,AOI-03_b_-35_-50,0.04912251140650257,0.03260590138931822,0.0021549525477633,424
spatial_aggregation_order,reflectance_first,rolling_origin,AOI-03,sentinel2,2021;2022;2023,2024,R2024-H3,3,AOI-03_b_-35_-51,0.033561932181410806,0.020669569428689034,0.018501007102472596,228
spatial_aggregation_order,reflectance_first,rolling_origin,AOI-03,sentinel2,2021;2022;2023,2024,R2024-H3,3,AOI-03_b_-36_-47,0.05265911493705245,0.04176278482146446,-0.0342504409925188,54
spatial_aggregation_order,reflectance_first,rolling_origin,AOI-03,sentinel2,2021;2022;2023,2024,R2024-H3,3,AOI-03_b_-36_-48,0.06607280643218726,0.0541494789720823,-0.03819045362717693,693
spatial_aggregation_order,reflectance_first,rolling_origin,AOI-03,sentinel2,2021;2022;2023,2024,R2024-H3,3,AOI-03_b_-36_-49,0.052105821354602844,0.03400582585892823,-0.010575129086114186,816
spatial_aggregation_order,reflectance_first,rolling_origin,AOI-03,sentinel2,2021;2022;2023,2024,R2024-H3,3,AOI-03_b_-36_-50,0.03518296797788286,0.026091772513068254,-0.0023938133322229274,854
spatial_aggregation_order,reflectance_first,rolling_origin,AOI-03,sentinel2,2021;2022;2023,2024,R2024-H3,3,AOI-03_b_-36_-51,0.02294131276592837,0.017919777852969856,0.010284938980639721,651
spatial_aggregation_order,reflectance_first,rolling_origin,AOI-03,sentinel2,2021;2022;2023,2024,R2024-H3,3,AOI-03_b_-37_-47,0.07602502784591146,0.06153521805982718,-0.03256326200310083,96
spatial_aggregation_order,reflectance_first,rolling_origin,AOI-03,sentinel2,2021;2022;2023,2024,R2024-H3,3,AOI-03_b_-37_-48,0.04859017914949079,0.0355068707113906,-0.008415289203164998,846
spatial_aggregation_order,reflectance_first,rolling_origin,AOI-03,sentinel2,2021;2022;2023,2024,R2024-H3,3,AOI-03_b_-37_-49,0.03667371480748442,0.0265915170119236,0.003546477213186438,881
spatial_aggregation_order,reflectance_first,rolling_origin,AOI-03,sentinel2,2021;2022;2023,2024,R2024-H3,3,AOI-03_b_-37_-50,0.02763278011426877,0.021237579874984026,-0.007506485979649004,790
spatial_aggregation_order,reflectance_first,rolling_origin,AOI-03,sentinel2,2021;2022;2023,2024,R2024-H3,3,AOI-03_b_-37_-51,0.014929047190496947,0.011291048097843164,0.005695072727841252,468
spatial_aggregation_order,reflectance_first,rolling_origin,AOI-03,sentinel2,2021;2022;2023,2024,R2024-H3,3,AOI-03_b_-38_-47,0.038151273818240204,0.028568478387066894,-0.004183776571067009,255
spatial_aggregation_order,reflectance_first,rolling_origin,AOI-03,sentinel2,2021;2022;2023,2024,R2024-H3,3,AOI-03_b_-38_-48,0.03303908514456862,0.024327526656643166,0.007451356222896182,863
spatial_aggregation_order,reflectance_first,rolling_origin,AOI-03,sentinel2,2021;2022;2023,2024,R2024-H3,3,AOI-03_b_-38_-49,0.031469462788698124,0.022541931287024808,0.007688787755948711,792
spatial_aggregation_order,reflectance_first,rolling_origin,AOI-03,sentinel2,2021;2022;2023,2024,R2024-H3,3,AOI-03_b_-38_-50,0.021402958404464323,0.016703271667283904,-0.0015179745744230114,841
spatial_aggregation_order,reflectance_first,rolling_origin,AOI-03,sentinel2,2021;2022;2023,2024,R2024-H3,3,AOI-03_b_-38_-51,0.018620075135447972,0.015176148995488551,0.009974074011236914,607
spatial_aggregation_order,reflectance_first,rolling_origin,AOI-03,sentinel2,2021;2022;2023,2024,R2024-H3,3,AOI-03_b_-39_-47,0.03806202543405794,0.02735310336043774,0.003934973012991998,699
spatial_aggregation_order,reflectance_first,rolling_origin,AOI-03,sentinel2,2021;2022;2023,2024,R2024-H3,3,AOI-03_b_-39_-48,0.035106671493888325,0.02740050297835446,-0.011203614830892944,794
spatial_aggregation_order,reflectance_first,rolling_origin,AOI-03,sentinel2,2021;2022;2023,2024,R2024-H3,3,AOI-03_b_-39_-49,0.02456424754223248,0.019316099293674772,-0.00845556900468054,841
spatial_aggregation_order,reflectance_first,rolling_origin,AOI-03,sentinel2,2021;2022;2023,2024,R2024-H3,3,AOI-03_b_-39_-50,0.0196031675201669,0.015091631671697518,-4.788436717284017e-06,800
spatial_aggregation_order,reflectance_first,rolling_origin,AOI-03,sentinel2,2021;2022;2023,2024,R2024-H3,3,AOI-03_b_-39_-51,0.01663094311699624,0.01448683278676193,0.01316603069199341,62
spatial_aggregation_order,reflectance_first,rolling_origin,AOI-03,sentinel2,2021;2022;2023,2024,R2024-H3,3,AOI-03_b_-40_-47,0.025733361643980192,0.019112531671848235,0.01208159255986401,427
spatial_aggregation_order,reflectance_first,rolling_origin,AOI-03,sentinel2,2021;2022;2023,2024,R2024-H3,3,AOI-03_b_-40_-48,0.03008628765341236,0.022889879498531093,-0.0030720394460711123,836
spatial_aggregation_order,reflectance_first,rolling_origin,AOI-03,sentinel2,2021;2022;2023,2024,R2024-H3,3,AOI-03_b_-40_-49,0.01772877302100649,0.01382665635103763,-0.0022227046770036153,817
spatial_aggregation_order,reflectance_first,rolling_origin,AOI-03,sentinel2,2021;2022;2023,2024,R2024-H3,3,AOI-03_b_-40_-50,0.021659602103154076,0.017516108825007485,0.009152988262482223,817
spatial_aggregation_order,reflectance_first,rolling_origin,AOI-03,sentinel2,2021;2022;2023,2024,R2024-H3,3,AOI-03_b_-40_-51,0.023549135555245557,0.019610578317192002,0.017447131257390617,146
spatial_aggregation_order,reflectance_first,rolling_origin,AOI-03,sentinel2,2021;2022;2023,2024,R2024-H3,3,AOI-03_b_-41_-47,0.036562580895019764,0.02565153074575963,0.003611846655676227,117
spatial_aggregation_order,reflectance_first,rolling_origin,AOI-03,sentinel2,2021;2022;2023,2024,R2024-H3,3,AOI-03_b_-41_-48,0.026565821287095153,0.020653789391416363,-0.0006331776147095011,592
spatial_aggregation_order,reflectance_first,rolling_origin,AOI-03,sentinel2,2021;2022;2023,2024,R2024-H3,3,AOI-03_b_-41_-49,0.02364028896437934,0.020486580123766873,0.01813244826726446,562
spatial_aggregation_order,reflectance_first,rolling_origin,AOI-03,sentinel2,2021;2022;2023,2024,R2024-H3,3,AOI-03_b_-41_-50,0.02318098041508359,0.019088465875013862,0.013390257330010756,513
spatial_aggregation_order,reflectance_first,rolling_origin,AOI-03,sentinel2,2021;2022;2023,2024,R2024-H3,3,AOI-03_b_-41_-51,0.013478035413854922,0.011580776451850962,0.005405577974786352,15
spatial_aggregation_order,reflectance_first,rolling_origin,AOI-03,sentinel2,2024,2025,R2025-H1,1,AOI-03_b_-34_-48,0.03852241093568042,0.02314894782763168,0.02262160791721121,8
spatial_aggregation_order,reflectance_first,rolling_origin,AOI-03,sentinel2,2024,2025,R2025-H1,1,AOI-03_b_-35_-48,0.079207964930277,0.05894777728446855,-0.04263586523411674,342
spatial_aggregation_order,reflectance_first,rolling_origin,AOI-03,sentinel2,2024,2025,R2025-H1,1,AOI-03_b_-35_-49,0.06165680442183757,0.04352125001077338,-0.017144982221094448,503
spatial_aggregation_order,reflectance_first,rolling_origin,AOI-03,sentinel2,2024,2025,R2025-H1,1,AOI-03_b_-35_-50,0.061332159991665594,0.03703008601115856,-0.01433558970798105,385
spatial_aggregation_order,reflectance_first,rolling_origin,AOI-03,sentinel2,2024,2025,R2025-H1,1,AOI-03_b_-35_-51,0.032718467994205754,0.025606622836886233,0.021663933151061906,237
spatial_aggregation_order,reflectance_first,rolling_origin,AOI-03,sentinel2,2024,2025,R2025-H1,1,AOI-03_b_-36_-47,0.0711160425627077,0.05894945559731404,-0.05698292146071687,54
spatial_aggregation_order,reflectance_first,rolling_origin,AOI-03,sentinel2,2024,2025,R2025-H1,1,AOI-03_b_-36_-48,0.07646380802256063,0.061431833926708986,-0.051653921457668506,688
spatial_aggregation_order,reflectance_first,rolling_origin,AOI-03,sentinel2,2024,2025,R2025-H1,1,AOI-03_b_-36_-49,0.04424440022808491,0.028833926788819374,-0.011180885945035149,783
spatial_aggregation_order,reflectance_first,rolling_origin,AOI-03,sentinel2,2024,2025,R2025-H1,1,AOI-03_b_-36_-50,0.032704148737469456,0.02426489781580808,0.0015262028777238371,870
spatial_aggregation_order,reflectance_first,rolling_origin,AOI-03,sentinel2,2024,2025,R2025-H1,1,AOI-03_b_-36_-51,0.031411349863580296,0.028845680162339273,0.02596696711443382,660
spatial_aggregation_order,reflectance_first,rolling_origin,AOI-03,sentinel2,2024,2025,R2025-H1,1,AOI-03_b_-37_-47,0.0828746420077093,0.07125979620024853,-0.05621769228715608,96
spatial_aggregation_order,reflectance_first,rolling_origin,AOI-03,sentinel2,2024,2025,R2025-H1,1,AOI-03_b_-37_-48,0.05632657954035567,0.03969827510247697,-0.02202575395772896,794
spatial_aggregation_order,reflectance_first,rolling_origin,AOI-03,sentinel2,2024,2025,R2025-H1,1,AOI-03_b_-37_-49,0.034194666190684356,0.023520267079821588,-0.0020802956152914435,865
spatial_aggregation_order,reflectance_first,rolling_origin,AOI-03,sentinel2,2024,2025,R2025-H1,1,AOI-03_b_-37_-50,0.030728095736411158,0.022985916492766597,0.001795023332234925,830
spatial_aggregation_order,reflectance_first,rolling_origin,AOI-03,sentinel2,2024,2025,R2025-H1,1,AOI-03_b_-37_-51,0.027600390010574766,0.02605424416051863,0.02605424416051863,486
spatial_aggregation_order,reflectance_first,rolling_origin,AOI-03,sentinel2,2024,2025,R2025-H1,1,AOI-03_b_-38_-47,0.06088004334675723,0.04067151208813844,-0.020210535544441965,240
spatial_aggregation_order,reflectance_first,rolling_origin,AOI-03,sentinel2,2024,2025,R2025-H1,1,AOI-03_b_-38_-48,0.03510680575018755,0.025142208185502685,-0.003656284851681281,756
spatial_aggregation_order,reflectance_first,rolling_origin,AOI-03,sentinel2,2024,2025,R2025-H1,1,AOI-03_b_-38_-49,0.030853173624973796,0.022906293402146675,0.005846281205275501,796
spatial_aggregation_order,reflectance_first,rolling_origin,AOI-03,sentinel2,2024,2025,R2025-H1,1,AOI-03_b_-38_-50,0.019275245396851298,0.015423472679881159,0.010979235849771785,846
spatial_aggregation_order,reflectance_first,rolling_origin,AOI-03,sentinel2,2024,2025,R2025-H1,1,AOI-03_b_-38_-51,0.021312448900392696,0.019238711621298626,0.018922577684487928,618
spatial_aggregation_order,reflectance_first,rolling_origin,AOI-03,sentinel2,2024,2025,R2025-H1,1,AOI-03_b_-39_-47,0.04665987345139654,0.031702514298469014,-0.018357623492568722,673
spatial_aggregation_order,reflectance_first,rolling_origin,AOI-03,sentinel2,2024,2025,R2025-H1,1,AOI-03_b_-39_-48,0.045184112540169,0.033705577051987165,-0.020100119140229016,737
spatial_aggregation_order,reflectance_first,rolling_origin,AOI-03,sentinel2,2024,2025,R2025-H1,1,AOI-03_b_-39_-49,0.026270079220843106,0.020334838943920207,0.003351740504933011,830
spatial_aggregation_order,reflectance_first,rolling_origin,AOI-03,sentinel2,2024,2025,R2025-H1,1,AOI-03_b_-39_-50,0.021826496906322348,0.01812648400548473,0.015579079545442338,822
spatial_aggregation_order,reflectance_first,rolling_origin,AOI-03,sentinel2,2024,2025,R2025-H1,1,AOI-03_b_-39_-51,0.026386630979444128,0.02476814423578039,0.02469869032177746,63
spatial_aggregation_order,reflectance_first,rolling_origin,AOI-03,sentinel2,2024,2025,R2025-H1,1,AOI-03_b_-40_-47,0.025443348273937714,0.017574622254201745,-0.0015138756573174746,325
spatial_aggregation_order,reflectance_first,rolling_origin,AOI-03,sentinel2,2024,2025,R2025-H1,1,AOI-03_b_-40_-48,0.029394540301735144,0.022955331512159404,0.004905024221936665,776
spatial_aggregation_order,reflectance_first,rolling_origin,AOI-03,sentinel2,2024,2025,R2025-H1,1,AOI-03_b_-40_-49,0.02495791430552216,0.02001602826506081,0.012469206180955329,837
spatial_aggregation_order,reflectance_first,rolling_origin,AOI-03,sentinel2,2024,2025,R2025-H1,1,AOI-03_b_-40_-50,0.027545785351677236,0.02369750071636059,0.022385607690615025,858
spatial_aggregation_order,reflectance_first,rolling_origin,AOI-03,sentinel2,2024,2025,R2025-H1,1,AOI-03_b_-40_-51,0.02733538115773879,0.02421197478501474,0.023915231861061283,156
spatial_aggregation_order,reflectance_first,rolling_origin,AOI-03,sentinel2,2024,2025,R2025-H1,1,AOI-03_b_-41_-47,0.04206598757287521,0.029347109961713722,-0.018813352914081864,87
spatial_aggregation_order,reflectance_first,rolling_origin,AOI-03,sentinel2,2024,2025,R2025-H1,1,AOI-03_b_-41_-48,0.031840992372275875,0.026164677013706047,0.011928392701419342,594
spatial_aggregation_order,reflectance_first,rolling_origin,AOI-03,sentinel2,2024,2025,R2025-H1,1,AOI-03_b_-41_-49,0.028246536443352593,0.024795173197667674,0.02442188235802592,636
spatial_aggregation_order,reflectance_first,rolling_origin,AOI-03,sentinel2,2024,2025,R2025-H1,1,AOI-03_b_-41_-50,0.025328819426103454,0.021433081869836314,0.021042259366955335,591
spatial_aggregation_order,reflectance_first,rolling_origin,AOI-03,sentinel2,2024,2025,R2025-H1,1,AOI-03_b_-41_-51,0.010867097900753532,0.009364106110946704,0.006665372156607914,15
spatial_aggregation_order,reflectance_first,rolling_origin,AOI-03,sentinel2,2023;2024,2025,R2025-H2,2,AOI-03_b_-34_-48,0.036893244108307084,0.021319887811298975,0.019864702933706672,8
spatial_aggregation_order,reflectance_first,rolling_origin,AOI-03,sentinel2,2023;2024,2025,R2025-H2,2,AOI-03_b_-35_-48,0.08085449542562485,0.06003896387176068,-0.045342179742611344,342
spatial_aggregation_order,reflectance_first,rolling_origin,AOI-03,sentinel2,2023;2024,2025,R2025-H2,2,AOI-03_b_-35_-49,0.062443564718831696,0.043854118612213416,-0.019865324613938858,503
spatial_aggregation_order,reflectance_first,rolling_origin,AOI-03,sentinel2,2023;2024,2025,R2025-H2,2,AOI-03_b_-35_-50,0.062038088114128725,0.03694459007997234,-0.01671211588672852,385
spatial_aggregation_order,reflectance_first,rolling_origin,AOI-03,sentinel2,2023;2024,2025,R2025-H2,2,AOI-03_b_-35_-51,0.03117274860438262,0.02405695481426023,0.019396879694856324,237
spatial_aggregation_order,reflectance_first,rolling_origin,AOI-03,sentinel2,2023;2024,2025,R2025-H2,2,AOI-03_b_-36_-47,0.07349067208829092,0.061575176268359684,-0.06002963231775627,54
spatial_aggregation_order,reflectance_first,rolling_origin,AOI-03,sentinel2,2023;2024,2025,R2025-H2,2,AOI-03_b_-36_-48,0.07852573848186795,0.06345110480780261,-0.05463782221936017,688
spatial_aggregation_order,reflectance_first,rolling_origin,AOI-03,sentinel2,2023;2024,2025,R2025-H2,2,AOI-03_b_-36_-49,0.04506735552945015,0.02901528146628098,-0.013657570083457755,783
spatial_aggregation_order,reflectance_first,rolling_origin,AOI-03,sentinel2,2023;2024,2025,R2025-H2,2,AOI-03_b_-36_-50,0.03257657938111041,0.02403740608825906,-0.0009719248191260815,870
spatial_aggregation_order,reflectance_first,rolling_origin,AOI-03,sentinel2,2023;2024,2025,R2025-H2,2,AOI-03_b_-36_-51,0.02945024598533978,0.02683909608095784,0.02355884563780128,660
spatial_aggregation_order,reflectance_first,rolling_origin,AOI-03,sentinel2,2023;2024,2025,R2025-H2,2,AOI-03_b_-37_-47,0.08478474741538068,0.0730764026785599,-0.05907390180662056,96
spatial_aggregation_order,reflectance_first,rolling_origin,AOI-03,sentinel2,2023;2024,2025,R2025-H2,2,AOI-03_b_-37_-48,0.05754032021603947,0.04036680451793447,-0.024706412452467876,794
spatial_aggregation_order,reflectance_first,rolling_origin,AOI-03,sentinel2,2023;2024,2025,R2025-H2,2,AOI-03_b_-37_-49,0.03429498124473934,0.023586476536402605,-0.004431160531109027,865
spatial_aggregation_order,reflectance_first,rolling_origin,AOI-03,sentinel2,2023;2024,2025,R2025-H2,2,AOI-03_b_-37_-50,0.030649924164950337,0.022800107050549034,-0.0008700124005548983,830
spatial_aggregation_order,reflectance_first,rolling_origin,AOI-03,sentinel2,2023;2024,2025,R2025-H2,2,AOI-03_b_-37_-51,0.025333329187788554,0.02367244491622006,0.023654523313545988,486
spatial_aggregation_order,reflectance_first,rolling_origin,AOI-03,sentinel2,2023;2024,2025,R2025-H2,2,AOI-03_b_-38_-47,0.0618160440333725,0.04116452700281706,-0.022749241437991355,240
spatial_aggregation_order,reflectance_first,rolling_origin,AOI-03,sentinel2,2023;2024,2025,R2025-H2,2,AOI-03_b_-38_-48,0.03542881571044237,0.025117402893380263,-0.005895961462670875,756
spatial_aggregation_order,reflectance_first,rolling_origin,AOI-03,sentinel2,2023;2024,2025,R2025-H2,2,AOI-03_b_-38_-49,0.030330402329759015,0.022532963124368446,0.0033018624179025763,796
spatial_aggregation_order,reflectance_first,rolling_origin,AOI-03,sentinel2,2023;2024,2025,R2025-H2,2,AOI-03_b_-38_-50,0.017897347541490378,0.014105516855550433,0.008422717184587513,846
spatial_aggregation_order,reflectance_first,rolling_origin,AOI-03,sentinel2,2023;2024,2025,R2025-H2,2,AOI-03_b_-38_-51,0.019214376040897846,0.017064250769410535,0.01654385885221572,618
spatial_aggregation_order,reflectance_first,rolling_origin,AOI-03,sentinel2,2023;2024,2025,R2025-H2,2,AOI-03_b_-39_-47,0.04768071909246752,0.03246030480790849,-0.020773252303927153,673
spatial_aggregation_order,reflectance_first,rolling_origin,AOI-03,sentinel2,2023;2024,2025,R2025-H2,2,AOI-03_b_-39_-48,0.046395145212443784,0.034788869427004133,-0.022779049014149916,737
spatial_aggregation_order,reflectance_first,rolling_origin,AOI-03,sentinel2,2023;2024,2025,R2025-H2,2,AOI-03_b_-39_-49,0.026023449845390328,0.019895170763675155,0.0006814671512421699,830
spatial_aggregation_order,reflectance_first,rolling_origin,AOI-03,sentinel2,2023;2024,2025,R2025-H2,2,AOI-03_b_-39_-50,0.02005760984276645,0.016342979500288794,0.013017414578457759,822
spatial_aggregation_order,reflectance_first,rolling_origin,AOI-03,sentinel2,2023;2024,2025,R2025-H2,2,AOI-03_b_-39_-51,0.02412267804380659,0.022420606817447758,0.02227424224599154,63
spatial_aggregation_order,reflectance_first,rolling_origin,AOI-03,sentinel2,2023;2024,2025,R2025-H2,2,AOI-03_b_-40_-47,0.02554784526424588,0.017164119828745394,-0.003559539736753991,325
spatial_aggregation_order,reflectance_first,rolling_origin,AOI-03,sentinel2,2023;2024,2025,R2025-H2,2,AOI-03_b_-40_-48,0.028899653006232717,0.02245858704623003,0.002209811544242843,776
spatial_aggregation_order,reflectance_first,rolling_origin,AOI-03,sentinel2,2023;2024,2025,R2025-H2,2,AOI-03_b_-40_-49,0.02374964834211043,0.01868045573031588,0.009839851066374666,837
spatial_aggregation_order,reflectance_first,rolling_origin,AOI-03,sentinel2,2023;2024,2025,R2025-H2,2,AOI-03_b_-40_-50,0.02551236106541056,0.021640962449330368,0.01986035412650302,858
spatial_aggregation_order,reflectance_first,rolling_origin,AOI-03,sentinel2,2023;2024,2025,R2025-H2,2,AOI-03_b_-40_-51,0.025187195404270002,0.021984637680356408,0.021424369112313865,156
spatial_aggregation_order,reflectance_first,rolling_origin,AOI-03,sentinel2,2023;2024,2025,R2025-H2,2,AOI-03_b_-41_-47,0.042935685433176815,0.029638170075938396,-0.02079743799521595,87
spatial_aggregation_order,reflectance_first,rolling_origin,AOI-03,sentinel2,2023;2024,2025,R2025-H2,2,AOI-03_b_-41_-48,0.030910678881124764,0.025096829527194064,0.009251940861270942,594
spatial_aggregation_order,reflectance_first,rolling_origin,AOI-03,sentinel2,2023;2024,2025,R2025-H2,2,AOI-03_b_-41_-49,0.026136795084514875,0.022575024318683266,0.021970562575616977,636
spatial_aggregation_order,reflectance_first,rolling_origin,AOI-03,sentinel2,2023;2024,2025,R2025-H2,2,AOI-03_b_-41_-50,0.0232922889182137,0.019227731476227073,0.018567935142723518,591
spatial_aggregation_order,reflectance_first,rolling_origin,AOI-03,sentinel2,2023;2024,2025,R2025-H2,2,AOI-03_b_-41_-51,0.009509587622546592,0.008447977881247083,0.004092406888492913,15
spatial_aggregation_order,reflectance_first,rolling_origin,AOI-03,sentinel2,2022;2023;2024,2025,R2025-H3,3,AOI-03_b_-34_-48,0.03711611736574281,0.021373652130266717,0.020043557129353653,8
spatial_aggregation_order,reflectance_first,rolling_origin,AOI-03,sentinel2,2022;2023;2024,2025,R2025-H3,3,AOI-03_b_-35_-48,0.0805466110020138,0.0596517306745252,-0.04524513150187501,342
spatial_aggregation_order,reflectance_first,rolling_origin,AOI-03,sentinel2,2022;2023;2024,2025,R2025-H3,3,AOI-03_b_-35_-49,0.06244785167992045,0.04371568229552005,-0.019745592963442356,503
spatial_aggregation_order,reflectance_first,rolling_origin,AOI-03,sentinel2,2022;2023;2024,2025,R2025-H3,3,AOI-03_b_-35_-50,0.061959543167485656,0.03678192283491239,-0.0170771641781057,385
spatial_aggregation_order,reflectance_first,rolling_origin,AOI-03,sentinel2,2022;2023;2024,2025,R2025-H3,3,AOI-03_b_-35_-51,0.030943786531372898,0.023783160488736337,0.01878363276974358,237
spatial_aggregation_order,reflectance_first,rolling_origin,AOI-03,sentinel2,2022;2023;2024,2025,R2025-H3,3,AOI-03_b_-36_-47,0.07310919895838262,0.06108789524412164,-0.05938215539780037,54
spatial_aggregation_order,reflectance_first,rolling_origin,AOI-03,sentinel2,2022;2023;2024,2025,R2025-H3,3,AOI-03_b_-36_-48,0.07812047030712524,0.06310644706052726,-0.05408000424308259,688
spatial_aggregation_order,reflectance_first,rolling_origin,AOI-03,sentinel2,2022;2023;2024,2025,R2025-H3,3,AOI-03_b_-36_-49,0.04493098830901663,0.028854220718848068,-0.01390281071162615,783
spatial_aggregation_order,reflectance_first,rolling_origin,AOI-03,sentinel2,2022;2023;2024,2025,R2025-H3,3,AOI-03_b_-36_-50,0.03274122112203495,0.024088529345392597,-0.0011891735357651492,870
spatial_aggregation_order,reflectance_first,rolling_origin,AOI-03,sentinel2,2022;2023;2024,2025,R2025-H3,3,AOI-03_b_-36_-51,0.029146164394956636,0.026500940085580443,0.023173708927429898,660
spatial_aggregation_order,reflectance_first,rolling_origin,AOI-03,sentinel2,2022;2023;2024,2025,R2025-H3,3,AOI-03_b_-37_-47,0.08463789176419398,0.07299165793266033,-0.05873446990559391,96
spatial_aggregation_order,reflectance_first,rolling_origin,AOI-03,sentinel2,2022;2023;2024,2025,R2025-H3,3,AOI-03_b_-37_-48,0.05733524486082315,0.04008811932750305,-0.024645461247441183,794
spatial_aggregation_order,reflectance_first,rolling_origin,AOI-03,sentinel2,2022;2023;2024,2025,R2025-H3,3,AOI-03_b_-37_-49,0.03448283601861386,0.02368568222990299,-0.004784186023517411,865
spatial_aggregation_order,reflectance_first,rolling_origin,AOI-03,sentinel2,2022;2023;2024,2025,R2025-H3,3,AOI-03_b_-37_-50,0.030711477449439514,0.02285377244636078,-0.0008397128840282075,830
spatial_aggregation_order,reflectance_first,rolling_origin,AOI-03,sentinel2,2022;2023;2024,2025,R2025-H3,3,AOI-03_b_-37_-51,0.02498479135040018,0.023280572794372224,0.023255802592922797,486
spatial_aggregation_order,reflectance_first,rolling_origin,AOI-03,sentinel2,2022;2023;2024,2025,R2025-H3,3,AOI-03_b_-38_-47,0.06180679183950365,0.04111895666957669,-0.022923220160218985,240
spatial_aggregation_order,reflectance_first,rolling_origin,AOI-03,sentinel2,2022;2023;2024,2025,R2025-H3,3,AOI-03_b_-38_-48,0.03545652197417101,0.025063661754200346,-0.006354261704917529,756
spatial_aggregation_order,reflectance_first,rolling_origin,AOI-03,sentinel2,2022;2023;2024,2025,R2025-H3,3,AOI-03_b_-38_-49,0.030545712058585302,0.02271534072351721,0.003137121575620645,796
spatial_aggregation_order,reflectance_first,rolling_origin,AOI-03,sentinel2,2022;2023;2024,2025,R2025-H3,3,AOI-03_b_-38_-50,0.017903347892529422,0.014087782182210757,0.00827754212140659,846
spatial_aggregation_order,reflectance_first,rolling_origin,AOI-03,sentinel2,2022;2023;2024,2025,R2025-H3,3,AOI-03_b_-38_-51,0.018871820141175864,0.016686012472591192,0.016111177393582476,618
spatial_aggregation_order,reflectance_first,rolling_origin,AOI-03,sentinel2,2022;2023;2024,2025,R2025-H3,3,AOI-03_b_-39_-47,0.047764355773444955,0.032526497509902025,-0.0209850805250377,673
spatial_aggregation_order,reflectance_first,rolling_origin,AOI-03,sentinel2,2022;2023;2024,2025,R2025-H3,3,AOI-03_b_-39_-48,0.04641630119112269,0.034835184338144316,-0.022681741323623245,737
spatial_aggregation_order,reflectance_first,rolling_origin,AOI-03,sentinel2,2022;2023;2024,2025,R2025-H3,3,AOI-03_b_-39_-49,0.026090957212057266,0.01995755679045429,0.0007209076919444066,830
spatial_aggregation_order,reflectance_first,rolling_origin,AOI-03,sentinel2,2022;2023;2024,2025,R2025-H3,3,AOI-03_b_-39_-50,0.02000317770495696,0.01625175424914509,0.012880561202965084,822
spatial_aggregation_order,reflectance_first,rolling_origin,AOI-03,sentinel2,2022;2023;2024,2025,R2025-H3,3,AOI-03_b_-39_-51,0.023807775018843704,0.022073349512263914,0.02191550601978092,63
spatial_aggregation_order,reflectance_first,rolling_origin,AOI-03,sentinel2,2022;2023;2024,2025,R2025-H3,3,AOI-03_b_-40_-47,0.0255554457118081,0.017026662025455497,-0.004187689602400575,325
spatial_aggregation_order,reflectance_first,rolling_origin,AOI-03,sentinel2,2022;2023;2024,2025,R2025-H3,3,AOI-03_b_-40_-48,0.02913663471334424,0.022659670766495554,0.002322166980771833,776
spatial_aggregation_order,reflectance_first,rolling_origin,AOI-03,sentinel2,2022;2023;2024,2025,R2025-H3,3,AOI-03_b_-40_-49,0.02374562140739764,0.01864909308700774,0.00981245420737158,837
spatial_aggregation_order,reflectance_first,rolling_origin,AOI-03,sentinel2,2022;2023;2024,2025,R2025-H3,3,AOI-03_b_-40_-50,0.025399186874360793,0.02148827067893598,0.019664622679969445,858
spatial_aggregation_order,reflectance_first,rolling_origin,AOI-03,sentinel2,2022;2023;2024,2025,R2025-H3,3,AOI-03_b_-40_-51,0.024970523030840394,0.021740124097581866,0.02117302693094327,156
spatial_aggregation_order,reflectance_first,rolling_origin,AOI-03,sentinel2,2022;2023;2024,2025,R2025-H3,3,AOI-03_b_-41_-47,0.043230377727112836,0.029812243348579584,-0.02113047121826699,87
spatial_aggregation_order,reflectance_first,rolling_origin,AOI-03,sentinel2,2022;2023;2024,2025,R2025-H3,3,AOI-03_b_-41_-48,0.03097028936257162,0.025113124629297417,0.009300700484441182,594
spatial_aggregation_order,reflectance_first,rolling_origin,AOI-03,sentinel2,2022;2023;2024,2025,R2025-H3,3,AOI-03_b_-41_-49,0.025904257458867395,0.022298637033352844,0.021655278513473687,636
spatial_aggregation_order,reflectance_first,rolling_origin,AOI-03,sentinel2,2022;2023;2024,2025,R2025-H3,3,AOI-03_b_-41_-50,0.023106834491441415,0.019007759609824204,0.018289849789035476,591
spatial_aggregation_order,reflectance_first,rolling_origin,AOI-03,sentinel2,2022;2023;2024,2025,R2025-H3,3,AOI-03_b_-41_-51,0.009457803934492307,0.008400820131765213,0.003973826358324787,15
