AOI_ID,AOI_geometry_hash,GEE_collection_ID,acquisition_datetime,cloudy_pixel_percentage,exclusion_reason,experiment_design_hash,included,manifest_version,mgrs_tile,nominal_date,platform,processing_baseline_if_available,processing_version,product_id,product_version,query_config_hash,sensor,source_manifest_hash,system:id,system:index,system:time_start,window_end,window_start,year
AOI-00,1546767a1ff01463f1bf4ea81cd86b44fbf42ba20f48c2d45d50120a3bab3ca5,COPERNICUS/S2_SR_HARMONIZED,2021-07-19T04:18:00.823000+00:00,16.424474,,b21c8cc7f3d4d35e1db4dfa1c8245ff10ba657c0a0a001992b552808766cc49b,True,source-scenes-v1,47SNB,2021-07-20,Sentinel-2,03.01,03.01,S2B_MSIL2A_20210719T040549_N0301_R047_T47SNB_20210719T070756,HARMONIZED,553ecb608d3d9dfa51dadc139873baff520ef7ea9553c223c84d9a2cf1ba52c4,sentinel2,ee78cc0643df7ed70465307a23b725b8a09d9c2d3443f239ac2c09b04f007b55,COPERNICUS/S2_SR_HARMONIZED/20210719T040549_20210719T040614_T47SNB,None,1626668280823,2021-08-04,2021-07-05,2021
AOI-00,1546767a1ff01463f1bf4ea81cd86b44fbf42ba20f48c2d45d50120a3bab3ca5,COPERNICUS/S2_SR_HARMONIZED,2021-07-19T04:17:46.287000+00:00,40.819864,,b21c8cc7f3d4d35e1db4dfa1c8245ff10ba657c0a0a001992b552808766cc49b,True,source-scenes-v1,47SNC,2021-07-20,Sentinel-2,03.01,03.01,S2B_MSIL2A_20210719T040549_N0301_R047_T47SNC_20210719T070756,HARMONIZED,553ecb608d3d9dfa51dadc139873baff520ef7ea9553c223c84d9a2cf1ba52c4,sentinel2,ee78cc0643df7ed70465307a23b725b8a09d9c2d3443f239ac2c09b04f007b55,COPERNICUS/S2_SR_HARMONIZED/20210719T040549_20210719T040614_T47SNC,None,1626668266287,2021-08-04,2021-07-05,2021
AOI-00,1546767a1ff01463f1bf4ea81cd86b44fbf42ba20f48c2d45d50120a3bab3ca5,COPERNICUS/S2_SR_HARMONIZED,2021-07-24T04:18:02.179000+00:00,51.147109,,b21c8cc7f3d4d35e1db4dfa1c8245ff10ba657c0a0a001992b552808766cc49b,True,source-scenes-v1,47SNB,2021-07-20,Sentinel-2,03.01,03.01,S2A_MSIL2A_20210724T040551_N0301_R047_T47SNB_20210724T070941,HARMONIZED,553ecb608d3d9dfa51dadc139873baff520ef7ea9553c223c84d9a2cf1ba52c4,sentinel2,ee78cc0643df7ed70465307a23b725b8a09d9c2d3443f239ac2c09b04f007b55,COPERNICUS/S2_SR_HARMONIZED/20210724T040551_20210724T040840_T47SNB,None,1627100282179,2021-08-04,2021-07-05,2021
AOI-00,1546767a1ff01463f1bf4ea81cd86b44fbf42ba20f48c2d45d50120a3bab3ca5,COPERNICUS/S2_SR_HARMONIZED,2021-07-24T04:17:47.650000+00:00,62.492681,,b21c8cc7f3d4d35e1db4dfa1c8245ff10ba657c0a0a001992b552808766cc49b,True,source-scenes-v1,47SNC,2021-07-20,Sentinel-2,03.01,03.01,S2A_MSIL2A_20210724T040551_N0301_R047_T47SNC_20210724T070941,HARMONIZED,553ecb608d3d9dfa51dadc139873baff520ef7ea9553c223c84d9a2cf1ba52c4,sentinel2,ee78cc0643df7ed70465307a23b725b8a09d9c2d3443f239ac2c09b04f007b55,COPERNICUS/S2_SR_HARMONIZED/20210724T040551_20210724T040840_T47SNC,None,1627100267650,2021-08-04,2021-07-05,2021
AOI-00,1546767a1ff01463f1bf4ea81cd86b44fbf42ba20f48c2d45d50120a3bab3ca5,COPERNICUS/S2_SR_HARMONIZED,2021-07-29T04:18:00.571000+00:00,15.226923,,b21c8cc7f3d4d35e1db4dfa1c8245ff10ba657c0a0a001992b552808766cc49b,True,source-scenes-v1,47SNB,2021-07-20,Sentinel-2,03.01,03.01,S2B_MSIL2A_20210729T040549_N0301_R047_T47SNB_20210729T071155,HARMONIZED,553ecb608d3d9dfa51dadc139873baff520ef7ea9553c223c84d9a2cf1ba52c4,sentinel2,ee78cc0643df7ed70465307a23b725b8a09d9c2d3443f239ac2c09b04f007b55,COPERNICUS/S2_SR_HARMONIZED/20210729T040549_20210729T040614_T47SNB,None,1627532280571,2021-08-04,2021-07-05,2021
AOI-00,1546767a1ff01463f1bf4ea81cd86b44fbf42ba20f48c2d45d50120a3bab3ca5,COPERNICUS/S2_SR_HARMONIZED,2021-07-29T04:17:46.034000+00:00,33.630183,,b21c8cc7f3d4d35e1db4dfa1c8245ff10ba657c0a0a001992b552808766cc49b,True,source-scenes-v1,47SNC,2021-07-20,Sentinel-2,03.01,03.01,S2B_MSIL2A_20210729T040549_N0301_R047_T47SNC_20210729T071155,HARMONIZED,553ecb608d3d9dfa51dadc139873baff520ef7ea9553c223c84d9a2cf1ba52c4,sentinel2,ee78cc0643df7ed70465307a23b725b8a09d9c2d3443f239ac2c09b04f007b55,COPERNICUS/S2_SR_HARMONIZED/20210729T040549_20210729T040614_T47SNC,None,1627532266034,2021-08-04,2021-07-05,2021
AOI-00,1546767a1ff01463f1bf4ea81cd86b44fbf42ba20f48c2d45d50120a3bab3ca5,COPERNICUS/S2_SR_HARMONIZED,2021-08-03T04:17:47.304000+00:00,59.465864,,b21c8cc7f3d4d35e1db4dfa1c8245ff10ba657c0a0a001992b552808766cc49b,True,source-scenes-v1,47SNC,2021-07-20,Sentinel-2,03.01,03.01,S2A_MSIL2A_20210803T040551_N0301_R047_T47SNC_20210803T070446,HARMONIZED,553ecb608d3d9dfa51dadc139873baff520ef7ea9553c223c84d9a2cf1ba52c4,sentinel2,ee78cc0643df7ed70465307a23b725b8a09d9c2d3443f239ac2c09b04f007b55,COPERNICUS/S2_SR_HARMONIZED/20210803T040551_20210803T041219_T47SNC,None,1627964267304,2021-08-04,2021-07-05,2021
AOI-00,1546767a1ff01463f1bf4ea81cd86b44fbf42ba20f48c2d45d50120a3bab3ca5,COPERNICUS/S2_SR_HARMONIZED,2021-08-08T04:17:59.736000+00:00,51.412153,OUTSIDE_NOMINAL_WINDOW,b21c8cc7f3d4d35e1db4dfa1c8245ff10ba657c0a0a001992b552808766cc49b,False,source-scenes-v1,47SNB,2021-07-20,Sentinel-2,03.01,03.01,S2B_MSIL2A_20210808T040549_N0301_R047_T47SNB_20210808T070913,HARMONIZED,553ecb608d3d9dfa51dadc139873baff520ef7ea9553c223c84d9a2cf1ba52c4,sentinel2,ee78cc0643df7ed70465307a23b725b8a09d9c2d3443f239ac2c09b04f007b55,COPERNICUS/S2_SR_HARMONIZED/20210808T040549_20210808T040613_T47SNB,None,1628396279736,2021-08-04,2021-07-05,2021
AOI-00,1546767a1ff01463f1bf4ea81cd86b44fbf42ba20f48c2d45d50120a3bab3ca5,COPERNICUS/S2_SR_HARMONIZED,2021-08-08T04:17:45.200000+00:00,60.901698,OUTSIDE_NOMINAL_WINDOW,b21c8cc7f3d4d35e1db4dfa1c8245ff10ba657c0a0a001992b552808766cc49b,False,source-scenes-v1,47SNC,2021-07-20,Sentinel-2,03.01,03.01,S2B_MSIL2A_20210808T040549_N0301_R047_T47SNC_20210808T070913,HARMONIZED,553ecb608d3d9dfa51dadc139873baff520ef7ea9553c223c84d9a2cf1ba52c4,sentinel2,ee78cc0643df7ed70465307a23b725b8a09d9c2d3443f239ac2c09b04f007b55,COPERNICUS/S2_SR_HARMONIZED/20210808T040549_20210808T040613_T47SNC,None,1628396265200,2021-08-04,2021-07-05,2021
AOI-00,1546767a1ff01463f1bf4ea81cd86b44fbf42ba20f48c2d45d50120a3bab3ca5,COPERNICUS/S2_SR_HARMONIZED,2021-08-13T04:18:01.320000+00:00,4.578067,OUTSIDE_NOMINAL_WINDOW,b21c8cc7f3d4d35e1db4dfa1c8245ff10ba657c0a0a001992b552808766cc49b,False,source-scenes-v1,47SNB,2021-07-20,Sentinel-2,03.01,03.01,S2A_MSIL2A_20210813T040551_N0301_R047_T47SNB_20210813T062026,HARMONIZED,553ecb608d3d9dfa51dadc139873baff520ef7ea9553c223c84d9a2cf1ba52c4,sentinel2,ee78cc0643df7ed70465307a23b725b8a09d9c2d3443f239ac2c09b04f007b55,COPERNICUS/S2_SR_HARMONIZED/20210813T040551_20210813T041349_T47SNB,None,1628828281320,2021-08-04,2021-07-05,2021
AOI-00,1546767a1ff01463f1bf4ea81cd86b44fbf42ba20f48c2d45d50120a3bab3ca5,COPERNICUS/S2_SR_HARMONIZED,2021-08-13T04:17:46.793000+00:00,13.928684,OUTSIDE_NOMINAL_WINDOW,b21c8cc7f3d4d35e1db4dfa1c8245ff10ba657c0a0a001992b552808766cc49b,False,source-scenes-v1,47SNC,2021-07-20,Sentinel-2,03.01,03.01,S2A_MSIL2A_20210813T040551_N0301_R047_T47SNC_20210813T062026,HARMONIZED,553ecb608d3d9dfa51dadc139873baff520ef7ea9553c223c84d9a2cf1ba52c4,sentinel2,ee78cc0643df7ed70465307a23b725b8a09d9c2d3443f239ac2c09b04f007b55,COPERNICUS/S2_SR_HARMONIZED/20210813T040551_20210813T041349_T47SNC,None,1628828266793,2021-08-04,2021-07-05,2021
AOI-00,1546767a1ff01463f1bf4ea81cd86b44fbf42ba20f48c2d45d50120a3bab3ca5,COPERNICUS/S2_SR_HARMONIZED,2021-08-23T04:18:00.894000+00:00,26.441455,OUTSIDE_NOMINAL_WINDOW,b21c8cc7f3d4d35e1db4dfa1c8245ff10ba657c0a0a001992b552808766cc49b,False,source-scenes-v1,47SNB,2021-07-20,Sentinel-2,03.01,03.01,S2A_MSIL2A_20210823T040551_N0301_R047_T47SNB_20210823T072459,HARMONIZED,553ecb608d3d9dfa51dadc139873baff520ef7ea9553c223c84d9a2cf1ba52c4,sentinel2,ee78cc0643df7ed70465307a23b725b8a09d9c2d3443f239ac2c09b04f007b55,COPERNICUS/S2_SR_HARMONIZED/20210823T040551_20210823T040922_T47SNB,None,1629692280894,2021-08-04,2021-07-05,2021
AOI-00,1546767a1ff01463f1bf4ea81cd86b44fbf42ba20f48c2d45d50120a3bab3ca5,COPERNICUS/S2_SR_HARMONIZED,2021-08-23T04:17:46.368000+00:00,42.943066,OUTSIDE_NOMINAL_WINDOW,b21c8cc7f3d4d35e1db4dfa1c8245ff10ba657c0a0a001992b552808766cc49b,False,source-scenes-v1,47SNC,2021-07-20,Sentinel-2,03.01,03.01,S2A_MSIL2A_20210823T040551_N0301_R047_T47SNC_20210823T072459,HARMONIZED,553ecb608d3d9dfa51dadc139873baff520ef7ea9553c223c84d9a2cf1ba52c4,sentinel2,ee78cc0643df7ed70465307a23b725b8a09d9c2d3443f239ac2c09b04f007b55,COPERNICUS/S2_SR_HARMONIZED/20210823T040551_20210823T040922_T47SNC,None,1629692266368,2021-08-04,2021-07-05,2021
AOI-00,1546767a1ff01463f1bf4ea81cd86b44fbf42ba20f48c2d45d50120a3bab3ca5,COPERNICUS/S2_SR_HARMONIZED,2021-07-19T04:18:00.823000+00:00,16.424474,,b21c8cc7f3d4d35e1db4dfa1c8245ff10ba657c0a0a001992b552808766cc49b,True,source-scenes-v1,47SNB,2021-07-31,Sentinel-2,03.01,03.01,S2B_MSIL2A_20210719T040549_N0301_R047_T47SNB_20210719T070756,HARMONIZED,ba81f7850cc03273f5437367e1d645fc531bf9516d26138e2c702d0191e5e383,sentinel2,76ef65ee3c3de5fc9b43314c1000cc8e311b1ce22b687c4d18b62d90afbe94ba,COPERNICUS/S2_SR_HARMONIZED/20210719T040549_20210719T040614_T47SNB,None,1626668280823,2021-08-15,2021-07-16,2021
AOI-00,1546767a1ff01463f1bf4ea81cd86b44fbf42ba20f48c2d45d50120a3bab3ca5,COPERNICUS/S2_SR_HARMONIZED,2021-07-19T04:17:46.287000+00:00,40.819864,,b21c8cc7f3d4d35e1db4dfa1c8245ff10ba657c0a0a001992b552808766cc49b,True,source-scenes-v1,47SNC,2021-07-31,Sentinel-2,03.01,03.01,S2B_MSIL2A_20210719T040549_N0301_R047_T47SNC_20210719T070756,HARMONIZED,ba81f7850cc03273f5437367e1d645fc531bf9516d26138e2c702d0191e5e383,sentinel2,76ef65ee3c3de5fc9b43314c1000cc8e311b1ce22b687c4d18b62d90afbe94ba,COPERNICUS/S2_SR_HARMONIZED/20210719T040549_20210719T040614_T47SNC,None,1626668266287,2021-08-15,2021-07-16,2021
AOI-00,1546767a1ff01463f1bf4ea81cd86b44fbf42ba20f48c2d45d50120a3bab3ca5,COPERNICUS/S2_SR_HARMONIZED,2021-07-24T04:18:02.179000+00:00,51.147109,,b21c8cc7f3d4d35e1db4dfa1c8245ff10ba657c0a0a001992b552808766cc49b,True,source-scenes-v1,47SNB,2021-07-31,Sentinel-2,03.01,03.01,S2A_MSIL2A_20210724T040551_N0301_R047_T47SNB_20210724T070941,HARMONIZED,ba81f7850cc03273f5437367e1d645fc531bf9516d26138e2c702d0191e5e383,sentinel2,76ef65ee3c3de5fc9b43314c1000cc8e311b1ce22b687c4d18b62d90afbe94ba,COPERNICUS/S2_SR_HARMONIZED/20210724T040551_20210724T040840_T47SNB,None,1627100282179,2021-08-15,2021-07-16,2021
AOI-00,1546767a1ff01463f1bf4ea81cd86b44fbf42ba20f48c2d45d50120a3bab3ca5,COPERNICUS/S2_SR_HARMONIZED,2021-07-24T04:17:47.650000+00:00,62.492681,,b21c8cc7f3d4d35e1db4dfa1c8245ff10ba657c0a0a001992b552808766cc49b,True,source-scenes-v1,47SNC,2021-07-31,Sentinel-2,03.01,03.01,S2A_MSIL2A_20210724T040551_N0301_R047_T47SNC_20210724T070941,HARMONIZED,ba81f7850cc03273f5437367e1d645fc531bf9516d26138e2c702d0191e5e383,sentinel2,76ef65ee3c3de5fc9b43314c1000cc8e311b1ce22b687c4d18b62d90afbe94ba,COPERNICUS/S2_SR_HARMONIZED/20210724T040551_20210724T040840_T47SNC,None,1627100267650,2021-08-15,2021-07-16,2021
AOI-00,1546767a1ff01463f1bf4ea81cd86b44fbf42ba20f48c2d45d50120a3bab3ca5,COPERNICUS/S2_SR_HARMONIZED,2021-07-29T04:18:00.571000+00:00,15.226923,,b21c8cc7f3d4d35e1db4dfa1c8245ff10ba657c0a0a001992b552808766cc49b,True,source-scenes-v1,47SNB,2021-07-31,Sentinel-2,03.01,03.01,S2B_MSIL2A_20210729T040549_N0301_R047_T47SNB_20210729T071155,HARMONIZED,ba81f7850cc03273f5437367e1d645fc531bf9516d26138e2c702d0191e5e383,sentinel2,76ef65ee3c3de5fc9b43314c1000cc8e311b1ce22b687c4d18b62d90afbe94ba,COPERNICUS/S2_SR_HARMONIZED/20210729T040549_20210729T040614_T47SNB,None,1627532280571,2021-08-15,2021-07-16,2021
AOI-00,1546767a1ff01463f1bf4ea81cd86b44fbf42ba20f48c2d45d50120a3bab3ca5,COPERNICUS/S2_SR_HARMONIZED,2021-07-29T04:17:46.034000+00:00,33.630183,,b21c8cc7f3d4d35e1db4dfa1c8245ff10ba657c0a0a001992b552808766cc49b,True,source-scenes-v1,47SNC,2021-07-31,Sentinel-2,03.01,03.01,S2B_MSIL2A_20210729T040549_N0301_R047_T47SNC_20210729T071155,HARMONIZED,ba81f7850cc03273f5437367e1d645fc531bf9516d26138e2c702d0191e5e383,sentinel2,76ef65ee3c3de5fc9b43314c1000cc8e311b1ce22b687c4d18b62d90afbe94ba,COPERNICUS/S2_SR_HARMONIZED/20210729T040549_20210729T040614_T47SNC,None,1627532266034,2021-08-15,2021-07-16,2021
AOI-00,1546767a1ff01463f1bf4ea81cd86b44fbf42ba20f48c2d45d50120a3bab3ca5,COPERNICUS/S2_SR_HARMONIZED,2021-08-03T04:17:47.304000+00:00,59.465864,,b21c8cc7f3d4d35e1db4dfa1c8245ff10ba657c0a0a001992b552808766cc49b,True,source-scenes-v1,47SNC,2021-07-31,Sentinel-2,03.01,03.01,S2A_MSIL2A_20210803T040551_N0301_R047_T47SNC_20210803T070446,HARMONIZED,ba81f7850cc03273f5437367e1d645fc531bf9516d26138e2c702d0191e5e383,sentinel2,76ef65ee3c3de5fc9b43314c1000cc8e311b1ce22b687c4d18b62d90afbe94ba,COPERNICUS/S2_SR_HARMONIZED/20210803T040551_20210803T041219_T47SNC,None,1627964267304,2021-08-15,2021-07-16,2021
AOI-00,1546767a1ff01463f1bf4ea81cd86b44fbf42ba20f48c2d45d50120a3bab3ca5,COPERNICUS/S2_SR_HARMONIZED,2021-08-08T04:17:59.736000+00:00,51.412153,,b21c8cc7f3d4d35e1db4dfa1c8245ff10ba657c0a0a001992b552808766cc49b,True,source-scenes-v1,47SNB,2021-07-31,Sentinel-2,03.01,03.01,S2B_MSIL2A_20210808T040549_N0301_R047_T47SNB_20210808T070913,HARMONIZED,ba81f7850cc03273f5437367e1d645fc531bf9516d26138e2c702d0191e5e383,sentinel2,76ef65ee3c3de5fc9b43314c1000cc8e311b1ce22b687c4d18b62d90afbe94ba,COPERNICUS/S2_SR_HARMONIZED/20210808T040549_20210808T040613_T47SNB,None,1628396279736,2021-08-15,2021-07-16,2021
AOI-00,1546767a1ff01463f1bf4ea81cd86b44fbf42ba20f48c2d45d50120a3bab3ca5,COPERNICUS/S2_SR_HARMONIZED,2021-08-08T04:17:45.200000+00:00,60.901698,,b21c8cc7f3d4d35e1db4dfa1c8245ff10ba657c0a0a001992b552808766cc49b,True,source-scenes-v1,47SNC,2021-07-31,Sentinel-2,03.01,03.01,S2B_MSIL2A_20210808T040549_N0301_R047_T47SNC_20210808T070913,HARMONIZED,ba81f7850cc03273f5437367e1d645fc531bf9516d26138e2c702d0191e5e383,sentinel2,76ef65ee3c3de5fc9b43314c1000cc8e311b1ce22b687c4d18b62d90afbe94ba,COPERNICUS/S2_SR_HARMONIZED/20210808T040549_20210808T040613_T47SNC,None,1628396265200,2021-08-15,2021-07-16,2021
AOI-00,1546767a1ff01463f1bf4ea81cd86b44fbf42ba20f48c2d45d50120a3bab3ca5,COPERNICUS/S2_SR_HARMONIZED,2021-08-13T04:18:01.320000+00:00,4.578067,,b21c8cc7f3d4d35e1db4dfa1c8245ff10ba657c0a0a001992b552808766cc49b,True,source-scenes-v1,47SNB,2021-07-31,Sentinel-2,03.01,03.01,S2A_MSIL2A_20210813T040551_N0301_R047_T47SNB_20210813T062026,HARMONIZED,ba81f7850cc03273f5437367e1d645fc531bf9516d26138e2c702d0191e5e383,sentinel2,76ef65ee3c3de5fc9b43314c1000cc8e311b1ce22b687c4d18b62d90afbe94ba,COPERNICUS/S2_SR_HARMONIZED/20210813T040551_20210813T041349_T47SNB,None,1628828281320,2021-08-15,2021-07-16,2021
AOI-00,1546767a1ff01463f1bf4ea81cd86b44fbf42ba20f48c2d45d50120a3bab3ca5,COPERNICUS/S2_SR_HARMONIZED,2021-08-13T04:17:46.793000+00:00,13.928684,,b21c8cc7f3d4d35e1db4dfa1c8245ff10ba657c0a0a001992b552808766cc49b,True,source-scenes-v1,47SNC,2021-07-31,Sentinel-2,03.01,03.01,S2A_MSIL2A_20210813T040551_N0301_R047_T47SNC_20210813T062026,HARMONIZED,ba81f7850cc03273f5437367e1d645fc531bf9516d26138e2c702d0191e5e383,sentinel2,76ef65ee3c3de5fc9b43314c1000cc8e311b1ce22b687c4d18b62d90afbe94ba,COPERNICUS/S2_SR_HARMONIZED/20210813T040551_20210813T041349_T47SNC,None,1628828266793,2021-08-15,2021-07-16,2021
AOI-00,1546767a1ff01463f1bf4ea81cd86b44fbf42ba20f48c2d45d50120a3bab3ca5,COPERNICUS/S2_SR_HARMONIZED,2021-08-23T04:18:00.894000+00:00,26.441455,OUTSIDE_NOMINAL_WINDOW,b21c8cc7f3d4d35e1db4dfa1c8245ff10ba657c0a0a001992b552808766cc49b,False,source-scenes-v1,47SNB,2021-07-31,Sentinel-2,03.01,03.01,S2A_MSIL2A_20210823T040551_N0301_R047_T47SNB_20210823T072459,HARMONIZED,ba81f7850cc03273f5437367e1d645fc531bf9516d26138e2c702d0191e5e383,sentinel2,76ef65ee3c3de5fc9b43314c1000cc8e311b1ce22b687c4d18b62d90afbe94ba,COPERNICUS/S2_SR_HARMONIZED/20210823T040551_20210823T040922_T47SNB,None,1629692280894,2021-08-15,2021-07-16,2021
AOI-00,1546767a1ff01463f1bf4ea81cd86b44fbf42ba20f48c2d45d50120a3bab3ca5,COPERNICUS/S2_SR_HARMONIZED,2021-08-23T04:17:46.368000+00:00,42.943066,OUTSIDE_NOMINAL_WINDOW,b21c8cc7f3d4d35e1db4dfa1c8245ff10ba657c0a0a001992b552808766cc49b,False,source-scenes-v1,47SNC,2021-07-31,Sentinel-2,03.01,03.01,S2A_MSIL2A_20210823T040551_N0301_R047_T47SNC_20210823T072459,HARMONIZED,ba81f7850cc03273f5437367e1d645fc531bf9516d26138e2c702d0191e5e383,sentinel2,76ef65ee3c3de5fc9b43314c1000cc8e311b1ce22b687c4d18b62d90afbe94ba,COPERNICUS/S2_SR_HARMONIZED/20210823T040551_20210823T040922_T47SNC,None,1629692266368,2021-08-15,2021-07-16,2021
AOI-00,1546767a1ff01463f1bf4ea81cd86b44fbf42ba20f48c2d45d50120a3bab3ca5,COPERNICUS/S2_SR_HARMONIZED,2021-07-19T04:18:00.823000+00:00,16.424474,OUTSIDE_NOMINAL_WINDOW,b21c8cc7f3d4d35e1db4dfa1c8245ff10ba657c0a0a001992b552808766cc49b,False,source-scenes-v1,47SNB,2021-08-10,Sentinel-2,03.01,03.01,S2B_MSIL2A_20210719T040549_N0301_R047_T47SNB_20210719T070756,HARMONIZED,3d4cf4748e098e5b603fd523ad4a6b580870ad036f2a03b0632692fe9026ad79,sentinel2,9e03fa5d920443e408c52c1fa3e6a08c3fd6d60dfb22f332bd2d2097fad0bd8c,COPERNICUS/S2_SR_HARMONIZED/20210719T040549_20210719T040614_T47SNB,None,1626668280823,2021-08-25,2021-07-26,2021
AOI-00,1546767a1ff01463f1bf4ea81cd86b44fbf42ba20f48c2d45d50120a3bab3ca5,COPERNICUS/S2_SR_HARMONIZED,2021-07-19T04:17:46.287000+00:00,40.819864,OUTSIDE_NOMINAL_WINDOW,b21c8cc7f3d4d35e1db4dfa1c8245ff10ba657c0a0a001992b552808766cc49b,False,source-scenes-v1,47SNC,2021-08-10,Sentinel-2,03.01,03.01,S2B_MSIL2A_20210719T040549_N0301_R047_T47SNC_20210719T070756,HARMONIZED,3d4cf4748e098e5b603fd523ad4a6b580870ad036f2a03b0632692fe9026ad79,sentinel2,9e03fa5d920443e408c52c1fa3e6a08c3fd6d60dfb22f332bd2d2097fad0bd8c,COPERNICUS/S2_SR_HARMONIZED/20210719T040549_20210719T040614_T47SNC,None,1626668266287,2021-08-25,2021-07-26,2021
AOI-00,1546767a1ff01463f1bf4ea81cd86b44fbf42ba20f48c2d45d50120a3bab3ca5,COPERNICUS/S2_SR_HARMONIZED,2021-07-24T04:18:02.179000+00:00,51.147109,OUTSIDE_NOMINAL_WINDOW,b21c8cc7f3d4d35e1db4dfa1c8245ff10ba657c0a0a001992b552808766cc49b,False,source-scenes-v1,47SNB,2021-08-10,Sentinel-2,03.01,03.01,S2A_MSIL2A_20210724T040551_N0301_R047_T47SNB_20210724T070941,HARMONIZED,3d4cf4748e098e5b603fd523ad4a6b580870ad036f2a03b0632692fe9026ad79,sentinel2,9e03fa5d920443e408c52c1fa3e6a08c3fd6d60dfb22f332bd2d2097fad0bd8c,COPERNICUS/S2_SR_HARMONIZED/20210724T040551_20210724T040840_T47SNB,None,1627100282179,2021-08-25,2021-07-26,2021
AOI-00,1546767a1ff01463f1bf4ea81cd86b44fbf42ba20f48c2d45d50120a3bab3ca5,COPERNICUS/S2_SR_HARMONIZED,2021-07-24T04:17:47.650000+00:00,62.492681,OUTSIDE_NOMINAL_WINDOW,b21c8cc7f3d4d35e1db4dfa1c8245ff10ba657c0a0a001992b552808766cc49b,False,source-scenes-v1,47SNC,2021-08-10,Sentinel-2,03.01,03.01,S2A_MSIL2A_20210724T040551_N0301_R047_T47SNC_20210724T070941,HARMONIZED,3d4cf4748e098e5b603fd523ad4a6b580870ad036f2a03b0632692fe9026ad79,sentinel2,9e03fa5d920443e408c52c1fa3e6a08c3fd6d60dfb22f332bd2d2097fad0bd8c,COPERNICUS/S2_SR_HARMONIZED/20210724T040551_20210724T040840_T47SNC,None,1627100267650,2021-08-25,2021-07-26,2021
AOI-00,1546767a1ff01463f1bf4ea81cd86b44fbf42ba20f48c2d45d50120a3bab3ca5,COPERNICUS/S2_SR_HARMONIZED,2021-07-29T04:18:00.571000+00:00,15.226923,,b21c8cc7f3d4d35e1db4dfa1c8245ff10ba657c0a0a001992b552808766cc49b,True,source-scenes-v1,47SNB,2021-08-10,Sentinel-2,03.01,03.01,S2B_MSIL2A_20210729T040549_N0301_R047_T47SNB_20210729T071155,HARMONIZED,3d4cf4748e098e5b603fd523ad4a6b580870ad036f2a03b0632692fe9026ad79,sentinel2,9e03fa5d920443e408c52c1fa3e6a08c3fd6d60dfb22f332bd2d2097fad0bd8c,COPERNICUS/S2_SR_HARMONIZED/20210729T040549_20210729T040614_T47SNB,None,1627532280571,2021-08-25,2021-07-26,2021
AOI-00,1546767a1ff01463f1bf4ea81cd86b44fbf42ba20f48c2d45d50120a3bab3ca5,COPERNICUS/S2_SR_HARMONIZED,2021-07-29T04:17:46.034000+00:00,33.630183,,b21c8cc7f3d4d35e1db4dfa1c8245ff10ba657c0a0a001992b552808766cc49b,True,source-scenes-v1,47SNC,2021-08-10,Sentinel-2,03.01,03.01,S2B_MSIL2A_20210729T040549_N0301_R047_T47SNC_20210729T071155,HARMONIZED,3d4cf4748e098e5b603fd523ad4a6b580870ad036f2a03b0632692fe9026ad79,sentinel2,9e03fa5d920443e408c52c1fa3e6a08c3fd6d60dfb22f332bd2d2097fad0bd8c,COPERNICUS/S2_SR_HARMONIZED/20210729T040549_20210729T040614_T47SNC,None,1627532266034,2021-08-25,2021-07-26,2021
AOI-00,1546767a1ff01463f1bf4ea81cd86b44fbf42ba20f48c2d45d50120a3bab3ca5,COPERNICUS/S2_SR_HARMONIZED,2021-08-03T04:17:47.304000+00:00,59.465864,,b21c8cc7f3d4d35e1db4dfa1c8245ff10ba657c0a0a001992b552808766cc49b,True,source-scenes-v1,47SNC,2021-08-10,Sentinel-2,03.01,03.01,S2A_MSIL2A_20210803T040551_N0301_R047_T47SNC_20210803T070446,HARMONIZED,3d4cf4748e098e5b603fd523ad4a6b580870ad036f2a03b0632692fe9026ad79,sentinel2,9e03fa5d920443e408c52c1fa3e6a08c3fd6d60dfb22f332bd2d2097fad0bd8c,COPERNICUS/S2_SR_HARMONIZED/20210803T040551_20210803T041219_T47SNC,None,1627964267304,2021-08-25,2021-07-26,2021
AOI-00,1546767a1ff01463f1bf4ea81cd86b44fbf42ba20f48c2d45d50120a3bab3ca5,COPERNICUS/S2_SR_HARMONIZED,2021-08-08T04:17:59.736000+00:00,51.412153,,b21c8cc7f3d4d35e1db4dfa1c8245ff10ba657c0a0a001992b552808766cc49b,True,source-scenes-v1,47SNB,2021-08-10,Sentinel-2,03.01,03.01,S2B_MSIL2A_20210808T040549_N0301_R047_T47SNB_20210808T070913,HARMONIZED,3d4cf4748e098e5b603fd523ad4a6b580870ad036f2a03b0632692fe9026ad79,sentinel2,9e03fa5d920443e408c52c1fa3e6a08c3fd6d60dfb22f332bd2d2097fad0bd8c,COPERNICUS/S2_SR_HARMONIZED/20210808T040549_20210808T040613_T47SNB,None,1628396279736,2021-08-25,2021-07-26,2021
AOI-00,1546767a1ff01463f1bf4ea81cd86b44fbf42ba20f48c2d45d50120a3bab3ca5,COPERNICUS/S2_SR_HARMONIZED,2021-08-08T04:17:45.200000+00:00,60.901698,,b21c8cc7f3d4d35e1db4dfa1c8245ff10ba657c0a0a001992b552808766cc49b,True,source-scenes-v1,47SNC,2021-08-10,Sentinel-2,03.01,03.01,S2B_MSIL2A_20210808T040549_N0301_R047_T47SNC_20210808T070913,HARMONIZED,3d4cf4748e098e5b603fd523ad4a6b580870ad036f2a03b0632692fe9026ad79,sentinel2,9e03fa5d920443e408c52c1fa3e6a08c3fd6d60dfb22f332bd2d2097fad0bd8c,COPERNICUS/S2_SR_HARMONIZED/20210808T040549_20210808T040613_T47SNC,None,1628396265200,2021-08-25,2021-07-26,2021
AOI-00,1546767a1ff01463f1bf4ea81cd86b44fbf42ba20f48c2d45d50120a3bab3ca5,COPERNICUS/S2_SR_HARMONIZED,2021-08-13T04:18:01.320000+00:00,4.578067,,b21c8cc7f3d4d35e1db4dfa1c8245ff10ba657c0a0a001992b552808766cc49b,True,source-scenes-v1,47SNB,2021-08-10,Sentinel-2,03.01,03.01,S2A_MSIL2A_20210813T040551_N0301_R047_T47SNB_20210813T062026,HARMONIZED,3d4cf4748e098e5b603fd523ad4a6b580870ad036f2a03b0632692fe9026ad79,sentinel2,9e03fa5d920443e408c52c1fa3e6a08c3fd6d60dfb22f332bd2d2097fad0bd8c,COPERNICUS/S2_SR_HARMONIZED/20210813T040551_20210813T041349_T47SNB,None,1628828281320,2021-08-25,2021-07-26,2021
AOI-00,1546767a1ff01463f1bf4ea81cd86b44fbf42ba20f48c2d45d50120a3bab3ca5,COPERNICUS/S2_SR_HARMONIZED,2021-08-13T04:17:46.793000+00:00,13.928684,,b21c8cc7f3d4d35e1db4dfa1c8245ff10ba657c0a0a001992b552808766cc49b,True,source-scenes-v1,47SNC,2021-08-10,Sentinel-2,03.01,03.01,S2A_MSIL2A_20210813T040551_N0301_R047_T47SNC_20210813T062026,HARMONIZED,3d4cf4748e098e5b603fd523ad4a6b580870ad036f2a03b0632692fe9026ad79,sentinel2,9e03fa5d920443e408c52c1fa3e6a08c3fd6d60dfb22f332bd2d2097fad0bd8c,COPERNICUS/S2_SR_HARMONIZED/20210813T040551_20210813T041349_T47SNC,None,1628828266793,2021-08-25,2021-07-26,2021
AOI-00,1546767a1ff01463f1bf4ea81cd86b44fbf42ba20f48c2d45d50120a3bab3ca5,COPERNICUS/S2_SR_HARMONIZED,2021-08-23T04:18:00.894000+00:00,26.441455,,b21c8cc7f3d4d35e1db4dfa1c8245ff10ba657c0a0a001992b552808766cc49b,True,source-scenes-v1,47SNB,2021-08-10,Sentinel-2,03.01,03.01,S2A_MSIL2A_20210823T040551_N0301_R047_T47SNB_20210823T072459,HARMONIZED,3d4cf4748e098e5b603fd523ad4a6b580870ad036f2a03b0632692fe9026ad79,sentinel2,9e03fa5d920443e408c52c1fa3e6a08c3fd6d60dfb22f332bd2d2097fad0bd8c,COPERNICUS/S2_SR_HARMONIZED/20210823T040551_20210823T040922_T47SNB,None,1629692280894,2021-08-25,2021-07-26,2021
AOI-00,1546767a1ff01463f1bf4ea81cd86b44fbf42ba20f48c2d45d50120a3bab3ca5,COPERNICUS/S2_SR_HARMONIZED,2021-08-23T04:17:46.368000+00:00,42.943066,,b21c8cc7f3d4d35e1db4dfa1c8245ff10ba657c0a0a001992b552808766cc49b,True,source-scenes-v1,47SNC,2021-08-10,Sentinel-2,03.01,03.01,S2A_MSIL2A_20210823T040551_N0301_R047_T47SNC_20210823T072459,HARMONIZED,3d4cf4748e098e5b603fd523ad4a6b580870ad036f2a03b0632692fe9026ad79,sentinel2,9e03fa5d920443e408c52c1fa3e6a08c3fd6d60dfb22f332bd2d2097fad0bd8c,COPERNICUS/S2_SR_HARMONIZED/20210823T040551_20210823T040922_T47SNC,None,1629692266368,2021-08-25,2021-07-26,2021
AOI-00,1546767a1ff01463f1bf4ea81cd86b44fbf42ba20f48c2d45d50120a3bab3ca5,COPERNICUS/S2_SR_HARMONIZED,2022-07-09T04:18:11.754000+00:00,50.609058,,b21c8cc7f3d4d35e1db4dfa1c8245ff10ba657c0a0a001992b552808766cc49b,True,source-scenes-v1,47SNB,2022-07-20,Sentinel-2,04.00,04.00,S2A_MSIL2A_20220709T040601_N0400_R047_T47SNB_20220709T071002,HARMONIZED,5b4d264cac04b912350bdb4968768c45e864d16edd7b4ffb149ba426444c238a,sentinel2,b1282b8693569f81f9c76d5f75c39f7eba45b3799d630d73d95ec62646bce1f7,COPERNICUS/S2_SR_HARMONIZED/20220709T040601_20220709T041602_T47SNB,None,1657340291754,2022-08-04,2022-07-05,2022
AOI-00,1546767a1ff01463f1bf4ea81cd86b44fbf42ba20f48c2d45d50120a3bab3ca5,COPERNICUS/S2_SR_HARMONIZED,2022-07-09T04:17:57.206000+00:00,30.223808,,b21c8cc7f3d4d35e1db4dfa1c8245ff10ba657c0a0a001992b552808766cc49b,True,source-scenes-v1,47SNC,2022-07-20,Sentinel-2,04.00,04.00,S2A_MSIL2A_20220709T040601_N0400_R047_T47SNC_20220709T071002,HARMONIZED,5b4d264cac04b912350bdb4968768c45e864d16edd7b4ffb149ba426444c238a,sentinel2,b1282b8693569f81f9c76d5f75c39f7eba45b3799d630d73d95ec62646bce1f7,COPERNICUS/S2_SR_HARMONIZED/20220709T040601_20220709T041602_T47SNC,None,1657340277206,2022-08-04,2022-07-05,2022
AOI-00,1546767a1ff01463f1bf4ea81cd86b44fbf42ba20f48c2d45d50120a3bab3ca5,COPERNICUS/S2_SR_HARMONIZED,2022-07-19T04:18:10.582000+00:00,31.363446,,b21c8cc7f3d4d35e1db4dfa1c8245ff10ba657c0a0a001992b552808766cc49b,True,source-scenes-v1,47SNB,2022-07-20,Sentinel-2,04.00,04.00,S2A_MSIL2A_20220719T040601_N0400_R047_T47SNB_20220719T080557,HARMONIZED,5b4d264cac04b912350bdb4968768c45e864d16edd7b4ffb149ba426444c238a,sentinel2,b1282b8693569f81f9c76d5f75c39f7eba45b3799d630d73d95ec62646bce1f7,COPERNICUS/S2_SR_HARMONIZED/20220719T040601_20220719T041203_T47SNB,None,1658204290582,2022-08-04,2022-07-05,2022
AOI-00,1546767a1ff01463f1bf4ea81cd86b44fbf42ba20f48c2d45d50120a3bab3ca5,COPERNICUS/S2_SR_HARMONIZED,2022-07-19T04:17:56.036000+00:00,56.207621,,b21c8cc7f3d4d35e1db4dfa1c8245ff10ba657c0a0a001992b552808766cc49b,True,source-scenes-v1,47SNC,2022-07-20,Sentinel-2,04.00,04.00,S2A_MSIL2A_20220719T040601_N0400_R047_T47SNC_20220719T080557,HARMONIZED,5b4d264cac04b912350bdb4968768c45e864d16edd7b4ffb149ba426444c238a,sentinel2,b1282b8693569f81f9c76d5f75c39f7eba45b3799d630d73d95ec62646bce1f7,COPERNICUS/S2_SR_HARMONIZED/20220719T040601_20220719T041203_T47SNC,None,1658204276036,2022-08-04,2022-07-05,2022
AOI-00,1546767a1ff01463f1bf4ea81cd86b44fbf42ba20f48c2d45d50120a3bab3ca5,COPERNICUS/S2_SR_HARMONIZED,2022-07-24T04:18:03.811000+00:00,17.645064,,b21c8cc7f3d4d35e1db4dfa1c8245ff10ba657c0a0a001992b552808766cc49b,True,source-scenes-v1,47SNB,2022-07-20,Sentinel-2,04.00,04.00,S2B_MSIL2A_20220724T040549_N0400_R047_T47SNB_20220724T063541,HARMONIZED,5b4d264cac04b912350bdb4968768c45e864d16edd7b4ffb149ba426444c238a,sentinel2,b1282b8693569f81f9c76d5f75c39f7eba45b3799d630d73d95ec62646bce1f7,COPERNICUS/S2_SR_HARMONIZED/20220724T040549_20220724T041608_T47SNB,None,1658636283811,2022-08-04,2022-07-05,2022
AOI-00,1546767a1ff01463f1bf4ea81cd86b44fbf42ba20f48c2d45d50120a3bab3ca5,COPERNICUS/S2_SR_HARMONIZED,2022-07-24T04:17:49.266000+00:00,38.190141,,b21c8cc7f3d4d35e1db4dfa1c8245ff10ba657c0a0a001992b552808766cc49b,True,source-scenes-v1,47SNC,2022-07-20,Sentinel-2,04.00,04.00,S2B_MSIL2A_20220724T040549_N0400_R047_T47SNC_20220724T063541,HARMONIZED,5b4d264cac04b912350bdb4968768c45e864d16edd7b4ffb149ba426444c238a,sentinel2,b1282b8693569f81f9c76d5f75c39f7eba45b3799d630d73d95ec62646bce1f7,COPERNICUS/S2_SR_HARMONIZED/20220724T040549_20220724T041608_T47SNC,None,1658636269266,2022-08-04,2022-07-05,2022
AOI-00,1546767a1ff01463f1bf4ea81cd86b44fbf42ba20f48c2d45d50120a3bab3ca5,COPERNICUS/S2_SR_HARMONIZED,2022-07-29T04:18:08.207000+00:00,14.013168,,b21c8cc7f3d4d35e1db4dfa1c8245ff10ba657c0a0a001992b552808766cc49b,True,source-scenes-v1,47SNB,2022-07-20,Sentinel-2,04.00,04.00,S2A_MSIL2A_20220729T040551_N0400_R047_T47SNB_20220729T075955,HARMONIZED,5b4d264cac04b912350bdb4968768c45e864d16edd7b4ffb149ba426444c238a,sentinel2,b1282b8693569f81f9c76d5f75c39f7eba45b3799d630d73d95ec62646bce1f7,COPERNICUS/S2_SR_HARMONIZED/20220729T040551_20220729T041603_T47SNB,None,1659068288207,2022-08-04,2022-07-05,2022
AOI-00,1546767a1ff01463f1bf4ea81cd86b44fbf42ba20f48c2d45d50120a3bab3ca5,COPERNICUS/S2_SR_HARMONIZED,2022-07-29T04:17:53.674000+00:00,21.362743,,b21c8cc7f3d4d35e1db4dfa1c8245ff10ba657c0a0a001992b552808766cc49b,True,source-scenes-v1,47SNC,2022-07-20,Sentinel-2,04.00,04.00,S2A_MSIL2A_20220729T040551_N0400_R047_T47SNC_20220729T075955,HARMONIZED,5b4d264cac04b912350bdb4968768c45e864d16edd7b4ffb149ba426444c238a,sentinel2,b1282b8693569f81f9c76d5f75c39f7eba45b3799d630d73d95ec62646bce1f7,COPERNICUS/S2_SR_HARMONIZED/20220729T040551_20220729T041603_T47SNC,None,1659068273674,2022-08-04,2022-07-05,2022
AOI-00,1546767a1ff01463f1bf4ea81cd86b44fbf42ba20f48c2d45d50120a3bab3ca5,COPERNICUS/S2_SR_HARMONIZED,2022-08-08T04:18:10.327000+00:00,27.64881,OUTSIDE_NOMINAL_WINDOW,b21c8cc7f3d4d35e1db4dfa1c8245ff10ba657c0a0a001992b552808766cc49b,False,source-scenes-v1,47SNB,2022-07-20,Sentinel-2,04.00,04.00,S2A_MSIL2A_20220808T040601_N0400_R047_T47SNB_20220808T075905,HARMONIZED,5b4d264cac04b912350bdb4968768c45e864d16edd7b4ffb149ba426444c238a,sentinel2,b1282b8693569f81f9c76d5f75c39f7eba45b3799d630d73d95ec62646bce1f7,COPERNICUS/S2_SR_HARMONIZED/20220808T040601_20220808T041605_T47SNB,None,1659932290327,2022-08-04,2022-07-05,2022
AOI-00,1546767a1ff01463f1bf4ea81cd86b44fbf42ba20f48c2d45d50120a3bab3ca5,COPERNICUS/S2_SR_HARMONIZED,2022-08-08T04:17:55.789000+00:00,47.31105,OUTSIDE_NOMINAL_WINDOW,b21c8cc7f3d4d35e1db4dfa1c8245ff10ba657c0a0a001992b552808766cc49b,False,source-scenes-v1,47SNC,2022-07-20,Sentinel-2,04.00,04.00,S2A_MSIL2A_20220808T040601_N0400_R047_T47SNC_20220808T075905,HARMONIZED,5b4d264cac04b912350bdb4968768c45e864d16edd7b4ffb149ba426444c238a,sentinel2,b1282b8693569f81f9c76d5f75c39f7eba45b3799d630d73d95ec62646bce1f7,COPERNICUS/S2_SR_HARMONIZED/20220808T040601_20220808T041605_T47SNC,None,1659932275789,2022-08-04,2022-07-05,2022
AOI-00,1546767a1ff01463f1bf4ea81cd86b44fbf42ba20f48c2d45d50120a3bab3ca5,COPERNICUS/S2_SR_HARMONIZED,2022-07-09T04:18:11.754000+00:00,50.609058,OUTSIDE_NOMINAL_WINDOW,b21c8cc7f3d4d35e1db4dfa1c8245ff10ba657c0a0a001992b552808766cc49b,False,source-scenes-v1,47SNB,2022-07-31,Sentinel-2,04.00,04.00,S2A_MSIL2A_20220709T040601_N0400_R047_T47SNB_20220709T071002,HARMONIZED,9b69f6c07ebe43b15e20e76f599a392a826afc5b6cf9d3f26009d01062d5f121,sentinel2,36f1a476c9a7b911f7c17c2088c1b0d3ad9d73efad6f6cadf86a0489a804ce0d,COPERNICUS/S2_SR_HARMONIZED/20220709T040601_20220709T041602_T47SNB,None,1657340291754,2022-08-15,2022-07-16,2022
AOI-00,1546767a1ff01463f1bf4ea81cd86b44fbf42ba20f48c2d45d50120a3bab3ca5,COPERNICUS/S2_SR_HARMONIZED,2022-07-09T04:17:57.206000+00:00,30.223808,OUTSIDE_NOMINAL_WINDOW,b21c8cc7f3d4d35e1db4dfa1c8245ff10ba657c0a0a001992b552808766cc49b,False,source-scenes-v1,47SNC,2022-07-31,Sentinel-2,04.00,04.00,S2A_MSIL2A_20220709T040601_N0400_R047_T47SNC_20220709T071002,HARMONIZED,9b69f6c07ebe43b15e20e76f599a392a826afc5b6cf9d3f26009d01062d5f121,sentinel2,36f1a476c9a7b911f7c17c2088c1b0d3ad9d73efad6f6cadf86a0489a804ce0d,COPERNICUS/S2_SR_HARMONIZED/20220709T040601_20220709T041602_T47SNC,None,1657340277206,2022-08-15,2022-07-16,2022
AOI-00,1546767a1ff01463f1bf4ea81cd86b44fbf42ba20f48c2d45d50120a3bab3ca5,COPERNICUS/S2_SR_HARMONIZED,2022-07-19T04:18:10.582000+00:00,31.363446,,b21c8cc7f3d4d35e1db4dfa1c8245ff10ba657c0a0a001992b552808766cc49b,True,source-scenes-v1,47SNB,2022-07-31,Sentinel-2,04.00,04.00,S2A_MSIL2A_20220719T040601_N0400_R047_T47SNB_20220719T080557,HARMONIZED,9b69f6c07ebe43b15e20e76f599a392a826afc5b6cf9d3f26009d01062d5f121,sentinel2,36f1a476c9a7b911f7c17c2088c1b0d3ad9d73efad6f6cadf86a0489a804ce0d,COPERNICUS/S2_SR_HARMONIZED/20220719T040601_20220719T041203_T47SNB,None,1658204290582,2022-08-15,2022-07-16,2022
AOI-00,1546767a1ff01463f1bf4ea81cd86b44fbf42ba20f48c2d45d50120a3bab3ca5,COPERNICUS/S2_SR_HARMONIZED,2022-07-19T04:17:56.036000+00:00,56.207621,,b21c8cc7f3d4d35e1db4dfa1c8245ff10ba657c0a0a001992b552808766cc49b,True,source-scenes-v1,47SNC,2022-07-31,Sentinel-2,04.00,04.00,S2A_MSIL2A_20220719T040601_N0400_R047_T47SNC_20220719T080557,HARMONIZED,9b69f6c07ebe43b15e20e76f599a392a826afc5b6cf9d3f26009d01062d5f121,sentinel2,36f1a476c9a7b911f7c17c2088c1b0d3ad9d73efad6f6cadf86a0489a804ce0d,COPERNICUS/S2_SR_HARMONIZED/20220719T040601_20220719T041203_T47SNC,None,1658204276036,2022-08-15,2022-07-16,2022
AOI-00,1546767a1ff01463f1bf4ea81cd86b44fbf42ba20f48c2d45d50120a3bab3ca5,COPERNICUS/S2_SR_HARMONIZED,2022-07-24T04:18:03.811000+00:00,17.645064,,b21c8cc7f3d4d35e1db4dfa1c8245ff10ba657c0a0a001992b552808766cc49b,True,source-scenes-v1,47SNB,2022-07-31,Sentinel-2,04.00,04.00,S2B_MSIL2A_20220724T040549_N0400_R047_T47SNB_20220724T063541,HARMONIZED,9b69f6c07ebe43b15e20e76f599a392a826afc5b6cf9d3f26009d01062d5f121,sentinel2,36f1a476c9a7b911f7c17c2088c1b0d3ad9d73efad6f6cadf86a0489a804ce0d,COPERNICUS/S2_SR_HARMONIZED/20220724T040549_20220724T041608_T47SNB,None,1658636283811,2022-08-15,2022-07-16,2022
AOI-00,1546767a1ff01463f1bf4ea81cd86b44fbf42ba20f48c2d45d50120a3bab3ca5,COPERNICUS/S2_SR_HARMONIZED,2022-07-24T04:17:49.266000+00:00,38.190141,,b21c8cc7f3d4d35e1db4dfa1c8245ff10ba657c0a0a001992b552808766cc49b,True,source-scenes-v1,47SNC,2022-07-31,Sentinel-2,04.00,04.00,S2B_MSIL2A_20220724T040549_N0400_R047_T47SNC_20220724T063541,HARMONIZED,9b69f6c07ebe43b15e20e76f599a392a826afc5b6cf9d3f26009d01062d5f121,sentinel2,36f1a476c9a7b911f7c17c2088c1b0d3ad9d73efad6f6cadf86a0489a804ce0d,COPERNICUS/S2_SR_HARMONIZED/20220724T040549_20220724T041608_T47SNC,None,1658636269266,2022-08-15,2022-07-16,2022
AOI-00,1546767a1ff01463f1bf4ea81cd86b44fbf42ba20f48c2d45d50120a3bab3ca5,COPERNICUS/S2_SR_HARMONIZED,2022-07-29T04:18:08.207000+00:00,14.013168,,b21c8cc7f3d4d35e1db4dfa1c8245ff10ba657c0a0a001992b552808766cc49b,True,source-scenes-v1,47SNB,2022-07-31,Sentinel-2,04.00,04.00,S2A_MSIL2A_20220729T040551_N0400_R047_T47SNB_20220729T075955,HARMONIZED,9b69f6c07ebe43b15e20e76f599a392a826afc5b6cf9d3f26009d01062d5f121,sentinel2,36f1a476c9a7b911f7c17c2088c1b0d3ad9d73efad6f6cadf86a0489a804ce0d,COPERNICUS/S2_SR_HARMONIZED/20220729T040551_20220729T041603_T47SNB,None,1659068288207,2022-08-15,2022-07-16,2022
AOI-00,1546767a1ff01463f1bf4ea81cd86b44fbf42ba20f48c2d45d50120a3bab3ca5,COPERNICUS/S2_SR_HARMONIZED,2022-07-29T04:17:53.674000+00:00,21.362743,,b21c8cc7f3d4d35e1db4dfa1c8245ff10ba657c0a0a001992b552808766cc49b,True,source-scenes-v1,47SNC,2022-07-31,Sentinel-2,04.00,04.00,S2A_MSIL2A_20220729T040551_N0400_R047_T47SNC_20220729T075955,HARMONIZED,9b69f6c07ebe43b15e20e76f599a392a826afc5b6cf9d3f26009d01062d5f121,sentinel2,36f1a476c9a7b911f7c17c2088c1b0d3ad9d73efad6f6cadf86a0489a804ce0d,COPERNICUS/S2_SR_HARMONIZED/20220729T040551_20220729T041603_T47SNC,None,1659068273674,2022-08-15,2022-07-16,2022
AOI-00,1546767a1ff01463f1bf4ea81cd86b44fbf42ba20f48c2d45d50120a3bab3ca5,COPERNICUS/S2_SR_HARMONIZED,2022-08-08T04:18:10.327000+00:00,27.64881,,b21c8cc7f3d4d35e1db4dfa1c8245ff10ba657c0a0a001992b552808766cc49b,True,source-scenes-v1,47SNB,2022-07-31,Sentinel-2,04.00,04.00,S2A_MSIL2A_20220808T040601_N0400_R047_T47SNB_20220808T075905,HARMONIZED,9b69f6c07ebe43b15e20e76f599a392a826afc5b6cf9d3f26009d01062d5f121,sentinel2,36f1a476c9a7b911f7c17c2088c1b0d3ad9d73efad6f6cadf86a0489a804ce0d,COPERNICUS/S2_SR_HARMONIZED/20220808T040601_20220808T041605_T47SNB,None,1659932290327,2022-08-15,2022-07-16,2022
AOI-00,1546767a1ff01463f1bf4ea81cd86b44fbf42ba20f48c2d45d50120a3bab3ca5,COPERNICUS/S2_SR_HARMONIZED,2022-08-08T04:17:55.789000+00:00,47.31105,,b21c8cc7f3d4d35e1db4dfa1c8245ff10ba657c0a0a001992b552808766cc49b,True,source-scenes-v1,47SNC,2022-07-31,Sentinel-2,04.00,04.00,S2A_MSIL2A_20220808T040601_N0400_R047_T47SNC_20220808T075905,HARMONIZED,9b69f6c07ebe43b15e20e76f599a392a826afc5b6cf9d3f26009d01062d5f121,sentinel2,36f1a476c9a7b911f7c17c2088c1b0d3ad9d73efad6f6cadf86a0489a804ce0d,COPERNICUS/S2_SR_HARMONIZED/20220808T040601_20220808T041605_T47SNC,None,1659932275789,2022-08-15,2022-07-16,2022
AOI-00,1546767a1ff01463f1bf4ea81cd86b44fbf42ba20f48c2d45d50120a3bab3ca5,COPERNICUS/S2_SR_HARMONIZED,2022-07-09T04:18:11.754000+00:00,50.609058,OUTSIDE_NOMINAL_WINDOW,b21c8cc7f3d4d35e1db4dfa1c8245ff10ba657c0a0a001992b552808766cc49b,False,source-scenes-v1,47SNB,2022-08-10,Sentinel-2,04.00,04.00,S2A_MSIL2A_20220709T040601_N0400_R047_T47SNB_20220709T071002,HARMONIZED,ae8af7b3509cb77a67e624fba14323ee58ff999e41c602fb5f74aa6a34ffced8,sentinel2,1b5effb18d6a7c269b3caac83bc1e1e6362c333649f390acab50f0bf522b3663,COPERNICUS/S2_SR_HARMONIZED/20220709T040601_20220709T041602_T47SNB,None,1657340291754,2022-08-25,2022-07-26,2022
AOI-00,1546767a1ff01463f1bf4ea81cd86b44fbf42ba20f48c2d45d50120a3bab3ca5,COPERNICUS/S2_SR_HARMONIZED,2022-07-09T04:17:57.206000+00:00,30.223808,OUTSIDE_NOMINAL_WINDOW,b21c8cc7f3d4d35e1db4dfa1c8245ff10ba657c0a0a001992b552808766cc49b,False,source-scenes-v1,47SNC,2022-08-10,Sentinel-2,04.00,04.00,S2A_MSIL2A_20220709T040601_N0400_R047_T47SNC_20220709T071002,HARMONIZED,ae8af7b3509cb77a67e624fba14323ee58ff999e41c602fb5f74aa6a34ffced8,sentinel2,1b5effb18d6a7c269b3caac83bc1e1e6362c333649f390acab50f0bf522b3663,COPERNICUS/S2_SR_HARMONIZED/20220709T040601_20220709T041602_T47SNC,None,1657340277206,2022-08-25,2022-07-26,2022
AOI-00,1546767a1ff01463f1bf4ea81cd86b44fbf42ba20f48c2d45d50120a3bab3ca5,COPERNICUS/S2_SR_HARMONIZED,2022-07-19T04:18:10.582000+00:00,31.363446,OUTSIDE_NOMINAL_WINDOW,b21c8cc7f3d4d35e1db4dfa1c8245ff10ba657c0a0a001992b552808766cc49b,False,source-scenes-v1,47SNB,2022-08-10,Sentinel-2,04.00,04.00,S2A_MSIL2A_20220719T040601_N0400_R047_T47SNB_20220719T080557,HARMONIZED,ae8af7b3509cb77a67e624fba14323ee58ff999e41c602fb5f74aa6a34ffced8,sentinel2,1b5effb18d6a7c269b3caac83bc1e1e6362c333649f390acab50f0bf522b3663,COPERNICUS/S2_SR_HARMONIZED/20220719T040601_20220719T041203_T47SNB,None,1658204290582,2022-08-25,2022-07-26,2022
AOI-00,1546767a1ff01463f1bf4ea81cd86b44fbf42ba20f48c2d45d50120a3bab3ca5,COPERNICUS/S2_SR_HARMONIZED,2022-07-19T04:17:56.036000+00:00,56.207621,OUTSIDE_NOMINAL_WINDOW,b21c8cc7f3d4d35e1db4dfa1c8245ff10ba657c0a0a001992b552808766cc49b,False,source-scenes-v1,47SNC,2022-08-10,Sentinel-2,04.00,04.00,S2A_MSIL2A_20220719T040601_N0400_R047_T47SNC_20220719T080557,HARMONIZED,ae8af7b3509cb77a67e624fba14323ee58ff999e41c602fb5f74aa6a34ffced8,sentinel2,1b5effb18d6a7c269b3caac83bc1e1e6362c333649f390acab50f0bf522b3663,COPERNICUS/S2_SR_HARMONIZED/20220719T040601_20220719T041203_T47SNC,None,1658204276036,2022-08-25,2022-07-26,2022
AOI-00,1546767a1ff01463f1bf4ea81cd86b44fbf42ba20f48c2d45d50120a3bab3ca5,COPERNICUS/S2_SR_HARMONIZED,2022-07-24T04:18:03.811000+00:00,17.645064,OUTSIDE_NOMINAL_WINDOW,b21c8cc7f3d4d35e1db4dfa1c8245ff10ba657c0a0a001992b552808766cc49b,False,source-scenes-v1,47SNB,2022-08-10,Sentinel-2,04.00,04.00,S2B_MSIL2A_20220724T040549_N0400_R047_T47SNB_20220724T063541,HARMONIZED,ae8af7b3509cb77a67e624fba14323ee58ff999e41c602fb5f74aa6a34ffced8,sentinel2,1b5effb18d6a7c269b3caac83bc1e1e6362c333649f390acab50f0bf522b3663,COPERNICUS/S2_SR_HARMONIZED/20220724T040549_20220724T041608_T47SNB,None,1658636283811,2022-08-25,2022-07-26,2022
AOI-00,1546767a1ff01463f1bf4ea81cd86b44fbf42ba20f48c2d45d50120a3bab3ca5,COPERNICUS/S2_SR_HARMONIZED,2022-07-24T04:17:49.266000+00:00,38.190141,OUTSIDE_NOMINAL_WINDOW,b21c8cc7f3d4d35e1db4dfa1c8245ff10ba657c0a0a001992b552808766cc49b,False,source-scenes-v1,47SNC,2022-08-10,Sentinel-2,04.00,04.00,S2B_MSIL2A_20220724T040549_N0400_R047_T47SNC_20220724T063541,HARMONIZED,ae8af7b3509cb77a67e624fba14323ee58ff999e41c602fb5f74aa6a34ffced8,sentinel2,1b5effb18d6a7c269b3caac83bc1e1e6362c333649f390acab50f0bf522b3663,COPERNICUS/S2_SR_HARMONIZED/20220724T040549_20220724T041608_T47SNC,None,1658636269266,2022-08-25,2022-07-26,2022
AOI-00,1546767a1ff01463f1bf4ea81cd86b44fbf42ba20f48c2d45d50120a3bab3ca5,COPERNICUS/S2_SR_HARMONIZED,2022-07-29T04:18:08.207000+00:00,14.013168,,b21c8cc7f3d4d35e1db4dfa1c8245ff10ba657c0a0a001992b552808766cc49b,True,source-scenes-v1,47SNB,2022-08-10,Sentinel-2,04.00,04.00,S2A_MSIL2A_20220729T040551_N0400_R047_T47SNB_20220729T075955,HARMONIZED,ae8af7b3509cb77a67e624fba14323ee58ff999e41c602fb5f74aa6a34ffced8,sentinel2,1b5effb18d6a7c269b3caac83bc1e1e6362c333649f390acab50f0bf522b3663,COPERNICUS/S2_SR_HARMONIZED/20220729T040551_20220729T041603_T47SNB,None,1659068288207,2022-08-25,2022-07-26,2022
AOI-00,1546767a1ff01463f1bf4ea81cd86b44fbf42ba20f48c2d45d50120a3bab3ca5,COPERNICUS/S2_SR_HARMONIZED,2022-07-29T04:17:53.674000+00:00,21.362743,,b21c8cc7f3d4d35e1db4dfa1c8245ff10ba657c0a0a001992b552808766cc49b,True,source-scenes-v1,47SNC,2022-08-10,Sentinel-2,04.00,04.00,S2A_MSIL2A_20220729T040551_N0400_R047_T47SNC_20220729T075955,HARMONIZED,ae8af7b3509cb77a67e624fba14323ee58ff999e41c602fb5f74aa6a34ffced8,sentinel2,1b5effb18d6a7c269b3caac83bc1e1e6362c333649f390acab50f0bf522b3663,COPERNICUS/S2_SR_HARMONIZED/20220729T040551_20220729T041603_T47SNC,None,1659068273674,2022-08-25,2022-07-26,2022
AOI-00,1546767a1ff01463f1bf4ea81cd86b44fbf42ba20f48c2d45d50120a3bab3ca5,COPERNICUS/S2_SR_HARMONIZED,2022-08-08T04:18:10.327000+00:00,27.64881,,b21c8cc7f3d4d35e1db4dfa1c8245ff10ba657c0a0a001992b552808766cc49b,True,source-scenes-v1,47SNB,2022-08-10,Sentinel-2,04.00,04.00,S2A_MSIL2A_20220808T040601_N0400_R047_T47SNB_20220808T075905,HARMONIZED,ae8af7b3509cb77a67e624fba14323ee58ff999e41c602fb5f74aa6a34ffced8,sentinel2,1b5effb18d6a7c269b3caac83bc1e1e6362c333649f390acab50f0bf522b3663,COPERNICUS/S2_SR_HARMONIZED/20220808T040601_20220808T041605_T47SNB,None,1659932290327,2022-08-25,2022-07-26,2022
AOI-00,1546767a1ff01463f1bf4ea81cd86b44fbf42ba20f48c2d45d50120a3bab3ca5,COPERNICUS/S2_SR_HARMONIZED,2022-08-08T04:17:55.789000+00:00,47.31105,,b21c8cc7f3d4d35e1db4dfa1c8245ff10ba657c0a0a001992b552808766cc49b,True,source-scenes-v1,47SNC,2022-08-10,Sentinel-2,04.00,04.00,S2A_MSIL2A_20220808T040601_N0400_R047_T47SNC_20220808T075905,HARMONIZED,ae8af7b3509cb77a67e624fba14323ee58ff999e41c602fb5f74aa6a34ffced8,sentinel2,1b5effb18d6a7c269b3caac83bc1e1e6362c333649f390acab50f0bf522b3663,COPERNICUS/S2_SR_HARMONIZED/20220808T040601_20220808T041605_T47SNC,None,1659932275789,2022-08-25,2022-07-26,2022
AOI-00,1546767a1ff01463f1bf4ea81cd86b44fbf42ba20f48c2d45d50120a3bab3ca5,COPERNICUS/S2_SR_HARMONIZED,2023-07-09T04:18:03.968000+00:00,15.633306,,b21c8cc7f3d4d35e1db4dfa1c8245ff10ba657c0a0a001992b552808766cc49b,True,source-scenes-v1,47SNB,2023-07-20,Sentinel-2,05.09,05.09,S2B_MSIL2A_20230709T040549_N0509_R047_T47SNB_20230709T064750,HARMONIZED,432612001a0e36556f56cf0b252934b8da5b6b236c72ad50fc86716d09485a33,sentinel2,4978189951d44c691d348bda50100fb758004303ae1a43996999970d83d6784c,COPERNICUS/S2_SR_HARMONIZED/20230709T040549_20230709T041549_T47SNB,None,1688876283968,2023-08-04,2023-07-05,2023
AOI-00,1546767a1ff01463f1bf4ea81cd86b44fbf42ba20f48c2d45d50120a3bab3ca5,COPERNICUS/S2_SR_HARMONIZED,2023-07-09T04:17:49.429000+00:00,5.588797,,b21c8cc7f3d4d35e1db4dfa1c8245ff10ba657c0a0a001992b552808766cc49b,True,source-scenes-v1,47SNC,2023-07-20,Sentinel-2,05.09,05.09,S2B_MSIL2A_20230709T040549_N0509_R047_T47SNC_20230709T064750,HARMONIZED,432612001a0e36556f56cf0b252934b8da5b6b236c72ad50fc86716d09485a33,sentinel2,4978189951d44c691d348bda50100fb758004303ae1a43996999970d83d6784c,COPERNICUS/S2_SR_HARMONIZED/20230709T040549_20230709T041549_T47SNC,None,1688876269429,2023-08-04,2023-07-05,2023
AOI-00,1546767a1ff01463f1bf4ea81cd86b44fbf42ba20f48c2d45d50120a3bab3ca5,COPERNICUS/S2_SR_HARMONIZED,2023-07-14T04:18:03.797000+00:00,62.517178,,b21c8cc7f3d4d35e1db4dfa1c8245ff10ba657c0a0a001992b552808766cc49b,True,source-scenes-v1,47SNB,2023-07-20,Sentinel-2,05.09,05.09,S2A_MSIL2A_20230714T040551_N0509_R047_T47SNB_20230714T075204,HARMONIZED,432612001a0e36556f56cf0b252934b8da5b6b236c72ad50fc86716d09485a33,sentinel2,4978189951d44c691d348bda50100fb758004303ae1a43996999970d83d6784c,COPERNICUS/S2_SR_HARMONIZED/20230714T040551_20230714T041506_T47SNB,None,1689308283797,2023-08-04,2023-07-05,2023
AOI-00,1546767a1ff01463f1bf4ea81cd86b44fbf42ba20f48c2d45d50120a3bab3ca5,COPERNICUS/S2_SR_HARMONIZED,2023-07-14T04:17:49.262000+00:00,42.198223,,b21c8cc7f3d4d35e1db4dfa1c8245ff10ba657c0a0a001992b552808766cc49b,True,source-scenes-v1,47SNC,2023-07-20,Sentinel-2,05.09,05.09,S2A_MSIL2A_20230714T040551_N0509_R047_T47SNC_20230714T075204,HARMONIZED,432612001a0e36556f56cf0b252934b8da5b6b236c72ad50fc86716d09485a33,sentinel2,4978189951d44c691d348bda50100fb758004303ae1a43996999970d83d6784c,COPERNICUS/S2_SR_HARMONIZED/20230714T040551_20230714T041506_T47SNC,None,1689308269262,2023-08-04,2023-07-05,2023
AOI-00,1546767a1ff01463f1bf4ea81cd86b44fbf42ba20f48c2d45d50120a3bab3ca5,COPERNICUS/S2_SR_HARMONIZED,2023-07-19T04:18:04.478000+00:00,58.316028,,b21c8cc7f3d4d35e1db4dfa1c8245ff10ba657c0a0a001992b552808766cc49b,True,source-scenes-v1,47SNB,2023-07-20,Sentinel-2,05.09,05.09,S2B_MSIL2A_20230719T040549_N0509_R047_T47SNB_20230719T064530,HARMONIZED,432612001a0e36556f56cf0b252934b8da5b6b236c72ad50fc86716d09485a33,sentinel2,4978189951d44c691d348bda50100fb758004303ae1a43996999970d83d6784c,COPERNICUS/S2_SR_HARMONIZED/20230719T040549_20230719T041550_T47SNB,None,1689740284478,2023-08-04,2023-07-05,2023
AOI-00,1546767a1ff01463f1bf4ea81cd86b44fbf42ba20f48c2d45d50120a3bab3ca5,COPERNICUS/S2_SR_HARMONIZED,2023-07-19T04:17:49.942000+00:00,78.49564,,b21c8cc7f3d4d35e1db4dfa1c8245ff10ba657c0a0a001992b552808766cc49b,True,source-scenes-v1,47SNC,2023-07-20,Sentinel-2,05.09,05.09,S2B_MSIL2A_20230719T040549_N0509_R047_T47SNC_20230719T064530,HARMONIZED,432612001a0e36556f56cf0b252934b8da5b6b236c72ad50fc86716d09485a33,sentinel2,4978189951d44c691d348bda50100fb758004303ae1a43996999970d83d6784c,COPERNICUS/S2_SR_HARMONIZED/20230719T040549_20230719T041550_T47SNC,None,1689740269942,2023-08-04,2023-07-05,2023
AOI-00,1546767a1ff01463f1bf4ea81cd86b44fbf42ba20f48c2d45d50120a3bab3ca5,COPERNICUS/S2_SR_HARMONIZED,2023-07-24T04:18:03.400000+00:00,21.37116,,b21c8cc7f3d4d35e1db4dfa1c8245ff10ba657c0a0a001992b552808766cc49b,True,source-scenes-v1,47SNB,2023-07-20,Sentinel-2,05.09,05.09,S2A_MSIL2A_20230724T040551_N0509_R047_T47SNB_20230724T074258,HARMONIZED,432612001a0e36556f56cf0b252934b8da5b6b236c72ad50fc86716d09485a33,sentinel2,4978189951d44c691d348bda50100fb758004303ae1a43996999970d83d6784c,COPERNICUS/S2_SR_HARMONIZED/20230724T040551_20230724T041549_T47SNB,None,1690172283400,2023-08-04,2023-07-05,2023
AOI-00,1546767a1ff01463f1bf4ea81cd86b44fbf42ba20f48c2d45d50120a3bab3ca5,COPERNICUS/S2_SR_HARMONIZED,2023-07-24T04:17:48.867000+00:00,35.347787,,b21c8cc7f3d4d35e1db4dfa1c8245ff10ba657c0a0a001992b552808766cc49b,True,source-scenes-v1,47SNC,2023-07-20,Sentinel-2,05.09,05.09,S2A_MSIL2A_20230724T040551_N0509_R047_T47SNC_20230724T074258,HARMONIZED,432612001a0e36556f56cf0b252934b8da5b6b236c72ad50fc86716d09485a33,sentinel2,4978189951d44c691d348bda50100fb758004303ae1a43996999970d83d6784c,COPERNICUS/S2_SR_HARMONIZED/20230724T040551_20230724T041549_T47SNC,None,1690172268867,2023-08-04,2023-07-05,2023
AOI-00,1546767a1ff01463f1bf4ea81cd86b44fbf42ba20f48c2d45d50120a3bab3ca5,COPERNICUS/S2_SR_HARMONIZED,2023-07-29T04:18:04.393000+00:00,2.9828,,b21c8cc7f3d4d35e1db4dfa1c8245ff10ba657c0a0a001992b552808766cc49b,True,source-scenes-v1,47SNB,2023-07-20,Sentinel-2,05.09,05.09,S2B_MSIL2A_20230729T040549_N0509_R047_T47SNB_20230729T064444,HARMONIZED,432612001a0e36556f56cf0b252934b8da5b6b236c72ad50fc86716d09485a33,sentinel2,4978189951d44c691d348bda50100fb758004303ae1a43996999970d83d6784c,COPERNICUS/S2_SR_HARMONIZED/20230729T040549_20230729T041550_T47SNB,None,1690604284393,2023-08-04,2023-07-05,2023
AOI-00,1546767a1ff01463f1bf4ea81cd86b44fbf42ba20f48c2d45d50120a3bab3ca5,COPERNICUS/S2_SR_HARMONIZED,2023-07-29T04:17:49.856000+00:00,0.45544,,b21c8cc7f3d4d35e1db4dfa1c8245ff10ba657c0a0a001992b552808766cc49b,True,source-scenes-v1,47SNC,2023-07-20,Sentinel-2,05.09,05.09,S2B_MSIL2A_20230729T040549_N0509_R047_T47SNC_20230729T064444,HARMONIZED,432612001a0e36556f56cf0b252934b8da5b6b236c72ad50fc86716d09485a33,sentinel2,4978189951d44c691d348bda50100fb758004303ae1a43996999970d83d6784c,COPERNICUS/S2_SR_HARMONIZED/20230729T040549_20230729T041550_T47SNC,None,1690604269856,2023-08-04,2023-07-05,2023
AOI-00,1546767a1ff01463f1bf4ea81cd86b44fbf42ba20f48c2d45d50120a3bab3ca5,COPERNICUS/S2_SR_HARMONIZED,2023-08-08T04:18:04.072000+00:00,30.81713,OUTSIDE_NOMINAL_WINDOW,b21c8cc7f3d4d35e1db4dfa1c8245ff10ba657c0a0a001992b552808766cc49b,False,source-scenes-v1,47SNB,2023-07-20,Sentinel-2,05.09,05.09,S2B_MSIL2A_20230808T040549_N0509_R047_T47SNB_20230808T064200,HARMONIZED,432612001a0e36556f56cf0b252934b8da5b6b236c72ad50fc86716d09485a33,sentinel2,4978189951d44c691d348bda50100fb758004303ae1a43996999970d83d6784c,COPERNICUS/S2_SR_HARMONIZED/20230808T040549_20230808T041550_T47SNB,None,1691468284072,2023-08-04,2023-07-05,2023
AOI-00,1546767a1ff01463f1bf4ea81cd86b44fbf42ba20f48c2d45d50120a3bab3ca5,COPERNICUS/S2_SR_HARMONIZED,2023-08-08T04:17:49.529000+00:00,3.708554,OUTSIDE_NOMINAL_WINDOW,b21c8cc7f3d4d35e1db4dfa1c8245ff10ba657c0a0a001992b552808766cc49b,False,source-scenes-v1,47SNC,2023-07-20,Sentinel-2,05.09,05.09,S2B_MSIL2A_20230808T040549_N0509_R047_T47SNC_20230808T064200,HARMONIZED,432612001a0e36556f56cf0b252934b8da5b6b236c72ad50fc86716d09485a33,sentinel2,4978189951d44c691d348bda50100fb758004303ae1a43996999970d83d6784c,COPERNICUS/S2_SR_HARMONIZED/20230808T040549_20230808T041550_T47SNC,None,1691468269529,2023-08-04,2023-07-05,2023
AOI-00,1546767a1ff01463f1bf4ea81cd86b44fbf42ba20f48c2d45d50120a3bab3ca5,COPERNICUS/S2_SR_HARMONIZED,2023-08-13T04:18:03.881000+00:00,5.095053,OUTSIDE_NOMINAL_WINDOW,b21c8cc7f3d4d35e1db4dfa1c8245ff10ba657c0a0a001992b552808766cc49b,False,source-scenes-v1,47SNB,2023-07-20,Sentinel-2,05.09,05.09,S2A_MSIL2A_20230813T040551_N0509_R047_T47SNB_20230813T085858,HARMONIZED,432612001a0e36556f56cf0b252934b8da5b6b236c72ad50fc86716d09485a33,sentinel2,4978189951d44c691d348bda50100fb758004303ae1a43996999970d83d6784c,COPERNICUS/S2_SR_HARMONIZED/20230813T040551_20230813T040649_T47SNB,None,1691900283881,2023-08-04,2023-07-05,2023
AOI-00,1546767a1ff01463f1bf4ea81cd86b44fbf42ba20f48c2d45d50120a3bab3ca5,COPERNICUS/S2_SR_HARMONIZED,2023-08-13T04:17:49.349000+00:00,4.416986,OUTSIDE_NOMINAL_WINDOW,b21c8cc7f3d4d35e1db4dfa1c8245ff10ba657c0a0a001992b552808766cc49b,False,source-scenes-v1,47SNC,2023-07-20,Sentinel-2,05.09,05.09,S2A_MSIL2A_20230813T040551_N0509_R047_T47SNC_20230813T085858,HARMONIZED,432612001a0e36556f56cf0b252934b8da5b6b236c72ad50fc86716d09485a33,sentinel2,4978189951d44c691d348bda50100fb758004303ae1a43996999970d83d6784c,COPERNICUS/S2_SR_HARMONIZED/20230813T040551_20230813T040649_T47SNC,None,1691900269349,2023-08-04,2023-07-05,2023
AOI-00,1546767a1ff01463f1bf4ea81cd86b44fbf42ba20f48c2d45d50120a3bab3ca5,COPERNICUS/S2_SR_HARMONIZED,2023-08-23T04:18:04.919000+00:00,17.141084,OUTSIDE_NOMINAL_WINDOW,b21c8cc7f3d4d35e1db4dfa1c8245ff10ba657c0a0a001992b552808766cc49b,False,source-scenes-v1,47SNB,2023-07-20,Sentinel-2,05.09,05.09,S2A_MSIL2A_20230823T040551_N0509_R047_T47SNB_20230823T093102,HARMONIZED,432612001a0e36556f56cf0b252934b8da5b6b236c72ad50fc86716d09485a33,sentinel2,4978189951d44c691d348bda50100fb758004303ae1a43996999970d83d6784c,COPERNICUS/S2_SR_HARMONIZED/20230823T040551_20230823T040842_T47SNB,None,1692764284919,2023-08-04,2023-07-05,2023
AOI-00,1546767a1ff01463f1bf4ea81cd86b44fbf42ba20f48c2d45d50120a3bab3ca5,COPERNICUS/S2_SR_HARMONIZED,2023-08-23T04:17:50.377000+00:00,21.545795,OUTSIDE_NOMINAL_WINDOW,b21c8cc7f3d4d35e1db4dfa1c8245ff10ba657c0a0a001992b552808766cc49b,False,source-scenes-v1,47SNC,2023-07-20,Sentinel-2,05.09,05.09,S2A_MSIL2A_20230823T040551_N0509_R047_T47SNC_20230823T093102,HARMONIZED,432612001a0e36556f56cf0b252934b8da5b6b236c72ad50fc86716d09485a33,sentinel2,4978189951d44c691d348bda50100fb758004303ae1a43996999970d83d6784c,COPERNICUS/S2_SR_HARMONIZED/20230823T040551_20230823T040842_T47SNC,None,1692764270377,2023-08-04,2023-07-05,2023
AOI-00,1546767a1ff01463f1bf4ea81cd86b44fbf42ba20f48c2d45d50120a3bab3ca5,COPERNICUS/S2_SR_HARMONIZED,2023-07-09T04:18:03.968000+00:00,15.633306,OUTSIDE_NOMINAL_WINDOW,b21c8cc7f3d4d35e1db4dfa1c8245ff10ba657c0a0a001992b552808766cc49b,False,source-scenes-v1,47SNB,2023-07-31,Sentinel-2,05.09,05.09,S2B_MSIL2A_20230709T040549_N0509_R047_T47SNB_20230709T064750,HARMONIZED,bd6e9993a3cbb8ea870de75d63ede5752f73dbfe1aa0d38147a6b6f1ad91d1f4,sentinel2,11f6d24262a61f6c2a4a41f63feca30f301e0efd23688a53aa2907dea907af0c,COPERNICUS/S2_SR_HARMONIZED/20230709T040549_20230709T041549_T47SNB,None,1688876283968,2023-08-15,2023-07-16,2023
AOI-00,1546767a1ff01463f1bf4ea81cd86b44fbf42ba20f48c2d45d50120a3bab3ca5,COPERNICUS/S2_SR_HARMONIZED,2023-07-09T04:17:49.429000+00:00,5.588797,OUTSIDE_NOMINAL_WINDOW,b21c8cc7f3d4d35e1db4dfa1c8245ff10ba657c0a0a001992b552808766cc49b,False,source-scenes-v1,47SNC,2023-07-31,Sentinel-2,05.09,05.09,S2B_MSIL2A_20230709T040549_N0509_R047_T47SNC_20230709T064750,HARMONIZED,bd6e9993a3cbb8ea870de75d63ede5752f73dbfe1aa0d38147a6b6f1ad91d1f4,sentinel2,11f6d24262a61f6c2a4a41f63feca30f301e0efd23688a53aa2907dea907af0c,COPERNICUS/S2_SR_HARMONIZED/20230709T040549_20230709T041549_T47SNC,None,1688876269429,2023-08-15,2023-07-16,2023
AOI-00,1546767a1ff01463f1bf4ea81cd86b44fbf42ba20f48c2d45d50120a3bab3ca5,COPERNICUS/S2_SR_HARMONIZED,2023-07-14T04:18:03.797000+00:00,62.517178,OUTSIDE_NOMINAL_WINDOW,b21c8cc7f3d4d35e1db4dfa1c8245ff10ba657c0a0a001992b552808766cc49b,False,source-scenes-v1,47SNB,2023-07-31,Sentinel-2,05.09,05.09,S2A_MSIL2A_20230714T040551_N0509_R047_T47SNB_20230714T075204,HARMONIZED,bd6e9993a3cbb8ea870de75d63ede5752f73dbfe1aa0d38147a6b6f1ad91d1f4,sentinel2,11f6d24262a61f6c2a4a41f63feca30f301e0efd23688a53aa2907dea907af0c,COPERNICUS/S2_SR_HARMONIZED/20230714T040551_20230714T041506_T47SNB,None,1689308283797,2023-08-15,2023-07-16,2023
AOI-00,1546767a1ff01463f1bf4ea81cd86b44fbf42ba20f48c2d45d50120a3bab3ca5,COPERNICUS/S2_SR_HARMONIZED,2023-07-14T04:17:49.262000+00:00,42.198223,OUTSIDE_NOMINAL_WINDOW,b21c8cc7f3d4d35e1db4dfa1c8245ff10ba657c0a0a001992b552808766cc49b,False,source-scenes-v1,47SNC,2023-07-31,Sentinel-2,05.09,05.09,S2A_MSIL2A_20230714T040551_N0509_R047_T47SNC_20230714T075204,HARMONIZED,bd6e9993a3cbb8ea870de75d63ede5752f73dbfe1aa0d38147a6b6f1ad91d1f4,sentinel2,11f6d24262a61f6c2a4a41f63feca30f301e0efd23688a53aa2907dea907af0c,COPERNICUS/S2_SR_HARMONIZED/20230714T040551_20230714T041506_T47SNC,None,1689308269262,2023-08-15,2023-07-16,2023
AOI-00,1546767a1ff01463f1bf4ea81cd86b44fbf42ba20f48c2d45d50120a3bab3ca5,COPERNICUS/S2_SR_HARMONIZED,2023-07-19T04:18:04.478000+00:00,58.316028,,b21c8cc7f3d4d35e1db4dfa1c8245ff10ba657c0a0a001992b552808766cc49b,True,source-scenes-v1,47SNB,2023-07-31,Sentinel-2,05.09,05.09,S2B_MSIL2A_20230719T040549_N0509_R047_T47SNB_20230719T064530,HARMONIZED,bd6e9993a3cbb8ea870de75d63ede5752f73dbfe1aa0d38147a6b6f1ad91d1f4,sentinel2,11f6d24262a61f6c2a4a41f63feca30f301e0efd23688a53aa2907dea907af0c,COPERNICUS/S2_SR_HARMONIZED/20230719T040549_20230719T041550_T47SNB,None,1689740284478,2023-08-15,2023-07-16,2023
AOI-00,1546767a1ff01463f1bf4ea81cd86b44fbf42ba20f48c2d45d50120a3bab3ca5,COPERNICUS/S2_SR_HARMONIZED,2023-07-19T04:17:49.942000+00:00,78.49564,,b21c8cc7f3d4d35e1db4dfa1c8245ff10ba657c0a0a001992b552808766cc49b,True,source-scenes-v1,47SNC,2023-07-31,Sentinel-2,05.09,05.09,S2B_MSIL2A_20230719T040549_N0509_R047_T47SNC_20230719T064530,HARMONIZED,bd6e9993a3cbb8ea870de75d63ede5752f73dbfe1aa0d38147a6b6f1ad91d1f4,sentinel2,11f6d24262a61f6c2a4a41f63feca30f301e0efd23688a53aa2907dea907af0c,COPERNICUS/S2_SR_HARMONIZED/20230719T040549_20230719T041550_T47SNC,None,1689740269942,2023-08-15,2023-07-16,2023
AOI-00,1546767a1ff01463f1bf4ea81cd86b44fbf42ba20f48c2d45d50120a3bab3ca5,COPERNICUS/S2_SR_HARMONIZED,2023-07-24T04:18:03.400000+00:00,21.37116,,b21c8cc7f3d4d35e1db4dfa1c8245ff10ba657c0a0a001992b552808766cc49b,True,source-scenes-v1,47SNB,2023-07-31,Sentinel-2,05.09,05.09,S2A_MSIL2A_20230724T040551_N0509_R047_T47SNB_20230724T074258,HARMONIZED,bd6e9993a3cbb8ea870de75d63ede5752f73dbfe1aa0d38147a6b6f1ad91d1f4,sentinel2,11f6d24262a61f6c2a4a41f63feca30f301e0efd23688a53aa2907dea907af0c,COPERNICUS/S2_SR_HARMONIZED/20230724T040551_20230724T041549_T47SNB,None,1690172283400,2023-08-15,2023-07-16,2023
AOI-00,1546767a1ff01463f1bf4ea81cd86b44fbf42ba20f48c2d45d50120a3bab3ca5,COPERNICUS/S2_SR_HARMONIZED,2023-07-24T04:17:48.867000+00:00,35.347787,,b21c8cc7f3d4d35e1db4dfa1c8245ff10ba657c0a0a001992b552808766cc49b,True,source-scenes-v1,47SNC,2023-07-31,Sentinel-2,05.09,05.09,S2A_MSIL2A_20230724T040551_N0509_R047_T47SNC_20230724T074258,HARMONIZED,bd6e9993a3cbb8ea870de75d63ede5752f73dbfe1aa0d38147a6b6f1ad91d1f4,sentinel2,11f6d24262a61f6c2a4a41f63feca30f301e0efd23688a53aa2907dea907af0c,COPERNICUS/S2_SR_HARMONIZED/20230724T040551_20230724T041549_T47SNC,None,1690172268867,2023-08-15,2023-07-16,2023
AOI-00,1546767a1ff01463f1bf4ea81cd86b44fbf42ba20f48c2d45d50120a3bab3ca5,COPERNICUS/S2_SR_HARMONIZED,2023-07-29T04:18:04.393000+00:00,2.9828,,b21c8cc7f3d4d35e1db4dfa1c8245ff10ba657c0a0a001992b552808766cc49b,True,source-scenes-v1,47SNB,2023-07-31,Sentinel-2,05.09,05.09,S2B_MSIL2A_20230729T040549_N0509_R047_T47SNB_20230729T064444,HARMONIZED,bd6e9993a3cbb8ea870de75d63ede5752f73dbfe1aa0d38147a6b6f1ad91d1f4,sentinel2,11f6d24262a61f6c2a4a41f63feca30f301e0efd23688a53aa2907dea907af0c,COPERNICUS/S2_SR_HARMONIZED/20230729T040549_20230729T041550_T47SNB,None,1690604284393,2023-08-15,2023-07-16,2023
AOI-00,1546767a1ff01463f1bf4ea81cd86b44fbf42ba20f48c2d45d50120a3bab3ca5,COPERNICUS/S2_SR_HARMONIZED,2023-07-29T04:17:49.856000+00:00,0.45544,,b21c8cc7f3d4d35e1db4dfa1c8245ff10ba657c0a0a001992b552808766cc49b,True,source-scenes-v1,47SNC,2023-07-31,Sentinel-2,05.09,05.09,S2B_MSIL2A_20230729T040549_N0509_R047_T47SNC_20230729T064444,HARMONIZED,bd6e9993a3cbb8ea870de75d63ede5752f73dbfe1aa0d38147a6b6f1ad91d1f4,sentinel2,11f6d24262a61f6c2a4a41f63feca30f301e0efd23688a53aa2907dea907af0c,COPERNICUS/S2_SR_HARMONIZED/20230729T040549_20230729T041550_T47SNC,None,1690604269856,2023-08-15,2023-07-16,2023
AOI-00,1546767a1ff01463f1bf4ea81cd86b44fbf42ba20f48c2d45d50120a3bab3ca5,COPERNICUS/S2_SR_HARMONIZED,2023-08-08T04:18:04.072000+00:00,30.81713,,b21c8cc7f3d4d35e1db4dfa1c8245ff10ba657c0a0a001992b552808766cc49b,True,source-scenes-v1,47SNB,2023-07-31,Sentinel-2,05.09,05.09,S2B_MSIL2A_20230808T040549_N0509_R047_T47SNB_20230808T064200,HARMONIZED,bd6e9993a3cbb8ea870de75d63ede5752f73dbfe1aa0d38147a6b6f1ad91d1f4,sentinel2,11f6d24262a61f6c2a4a41f63feca30f301e0efd23688a53aa2907dea907af0c,COPERNICUS/S2_SR_HARMONIZED/20230808T040549_20230808T041550_T47SNB,None,1691468284072,2023-08-15,2023-07-16,2023
AOI-00,1546767a1ff01463f1bf4ea81cd86b44fbf42ba20f48c2d45d50120a3bab3ca5,COPERNICUS/S2_SR_HARMONIZED,2023-08-08T04:17:49.529000+00:00,3.708554,,b21c8cc7f3d4d35e1db4dfa1c8245ff10ba657c0a0a001992b552808766cc49b,True,source-scenes-v1,47SNC,2023-07-31,Sentinel-2,05.09,05.09,S2B_MSIL2A_20230808T040549_N0509_R047_T47SNC_20230808T064200,HARMONIZED,bd6e9993a3cbb8ea870de75d63ede5752f73dbfe1aa0d38147a6b6f1ad91d1f4,sentinel2,11f6d24262a61f6c2a4a41f63feca30f301e0efd23688a53aa2907dea907af0c,COPERNICUS/S2_SR_HARMONIZED/20230808T040549_20230808T041550_T47SNC,None,1691468269529,2023-08-15,2023-07-16,2023
AOI-00,1546767a1ff01463f1bf4ea81cd86b44fbf42ba20f48c2d45d50120a3bab3ca5,COPERNICUS/S2_SR_HARMONIZED,2023-08-13T04:18:03.881000+00:00,5.095053,,b21c8cc7f3d4d35e1db4dfa1c8245ff10ba657c0a0a001992b552808766cc49b,True,source-scenes-v1,47SNB,2023-07-31,Sentinel-2,05.09,05.09,S2A_MSIL2A_20230813T040551_N0509_R047_T47SNB_20230813T085858,HARMONIZED,bd6e9993a3cbb8ea870de75d63ede5752f73dbfe1aa0d38147a6b6f1ad91d1f4,sentinel2,11f6d24262a61f6c2a4a41f63feca30f301e0efd23688a53aa2907dea907af0c,COPERNICUS/S2_SR_HARMONIZED/20230813T040551_20230813T040649_T47SNB,None,1691900283881,2023-08-15,2023-07-16,2023
AOI-00,1546767a1ff01463f1bf4ea81cd86b44fbf42ba20f48c2d45d50120a3bab3ca5,COPERNICUS/S2_SR_HARMONIZED,2023-08-13T04:17:49.349000+00:00,4.416986,,b21c8cc7f3d4d35e1db4dfa1c8245ff10ba657c0a0a001992b552808766cc49b,True,source-scenes-v1,47SNC,2023-07-31,Sentinel-2,05.09,05.09,S2A_MSIL2A_20230813T040551_N0509_R047_T47SNC_20230813T085858,HARMONIZED,bd6e9993a3cbb8ea870de75d63ede5752f73dbfe1aa0d38147a6b6f1ad91d1f4,sentinel2,11f6d24262a61f6c2a4a41f63feca30f301e0efd23688a53aa2907dea907af0c,COPERNICUS/S2_SR_HARMONIZED/20230813T040551_20230813T040649_T47SNC,None,1691900269349,2023-08-15,2023-07-16,2023
AOI-00,1546767a1ff01463f1bf4ea81cd86b44fbf42ba20f48c2d45d50120a3bab3ca5,COPERNICUS/S2_SR_HARMONIZED,2023-08-23T04:18:04.919000+00:00,17.141084,OUTSIDE_NOMINAL_WINDOW,b21c8cc7f3d4d35e1db4dfa1c8245ff10ba657c0a0a001992b552808766cc49b,False,source-scenes-v1,47SNB,2023-07-31,Sentinel-2,05.09,05.09,S2A_MSIL2A_20230823T040551_N0509_R047_T47SNB_20230823T093102,HARMONIZED,bd6e9993a3cbb8ea870de75d63ede5752f73dbfe1aa0d38147a6b6f1ad91d1f4,sentinel2,11f6d24262a61f6c2a4a41f63feca30f301e0efd23688a53aa2907dea907af0c,COPERNICUS/S2_SR_HARMONIZED/20230823T040551_20230823T040842_T47SNB,None,1692764284919,2023-08-15,2023-07-16,2023
AOI-00,1546767a1ff01463f1bf4ea81cd86b44fbf42ba20f48c2d45d50120a3bab3ca5,COPERNICUS/S2_SR_HARMONIZED,2023-08-23T04:17:50.377000+00:00,21.545795,OUTSIDE_NOMINAL_WINDOW,b21c8cc7f3d4d35e1db4dfa1c8245ff10ba657c0a0a001992b552808766cc49b,False,source-scenes-v1,47SNC,2023-07-31,Sentinel-2,05.09,05.09,S2A_MSIL2A_20230823T040551_N0509_R047_T47SNC_20230823T093102,HARMONIZED,bd6e9993a3cbb8ea870de75d63ede5752f73dbfe1aa0d38147a6b6f1ad91d1f4,sentinel2,11f6d24262a61f6c2a4a41f63feca30f301e0efd23688a53aa2907dea907af0c,COPERNICUS/S2_SR_HARMONIZED/20230823T040551_20230823T040842_T47SNC,None,1692764270377,2023-08-15,2023-07-16,2023
AOI-00,1546767a1ff01463f1bf4ea81cd86b44fbf42ba20f48c2d45d50120a3bab3ca5,COPERNICUS/S2_SR_HARMONIZED,2023-07-09T04:18:03.968000+00:00,15.633306,OUTSIDE_NOMINAL_WINDOW,b21c8cc7f3d4d35e1db4dfa1c8245ff10ba657c0a0a001992b552808766cc49b,False,source-scenes-v1,47SNB,2023-08-10,Sentinel-2,05.09,05.09,S2B_MSIL2A_20230709T040549_N0509_R047_T47SNB_20230709T064750,HARMONIZED,2a7fedd8e969f3c97d5df8e85ed24deaf29ba439e56bdaf492e1ef287e9232d1,sentinel2,97d2bdd2316a69677f28a820d2856a742d639c7caf0ce1535a5162f009f539e7,COPERNICUS/S2_SR_HARMONIZED/20230709T040549_20230709T041549_T47SNB,None,1688876283968,2023-08-25,2023-07-26,2023
AOI-00,1546767a1ff01463f1bf4ea81cd86b44fbf42ba20f48c2d45d50120a3bab3ca5,COPERNICUS/S2_SR_HARMONIZED,2023-07-09T04:17:49.429000+00:00,5.588797,OUTSIDE_NOMINAL_WINDOW,b21c8cc7f3d4d35e1db4dfa1c8245ff10ba657c0a0a001992b552808766cc49b,False,source-scenes-v1,47SNC,2023-08-10,Sentinel-2,05.09,05.09,S2B_MSIL2A_20230709T040549_N0509_R047_T47SNC_20230709T064750,HARMONIZED,2a7fedd8e969f3c97d5df8e85ed24deaf29ba439e56bdaf492e1ef287e9232d1,sentinel2,97d2bdd2316a69677f28a820d2856a742d639c7caf0ce1535a5162f009f539e7,COPERNICUS/S2_SR_HARMONIZED/20230709T040549_20230709T041549_T47SNC,None,1688876269429,2023-08-25,2023-07-26,2023
AOI-00,1546767a1ff01463f1bf4ea81cd86b44fbf42ba20f48c2d45d50120a3bab3ca5,COPERNICUS/S2_SR_HARMONIZED,2023-07-14T04:18:03.797000+00:00,62.517178,OUTSIDE_NOMINAL_WINDOW,b21c8cc7f3d4d35e1db4dfa1c8245ff10ba657c0a0a001992b552808766cc49b,False,source-scenes-v1,47SNB,2023-08-10,Sentinel-2,05.09,05.09,S2A_MSIL2A_20230714T040551_N0509_R047_T47SNB_20230714T075204,HARMONIZED,2a7fedd8e969f3c97d5df8e85ed24deaf29ba439e56bdaf492e1ef287e9232d1,sentinel2,97d2bdd2316a69677f28a820d2856a742d639c7caf0ce1535a5162f009f539e7,COPERNICUS/S2_SR_HARMONIZED/20230714T040551_20230714T041506_T47SNB,None,1689308283797,2023-08-25,2023-07-26,2023
AOI-00,1546767a1ff01463f1bf4ea81cd86b44fbf42ba20f48c2d45d50120a3bab3ca5,COPERNICUS/S2_SR_HARMONIZED,2023-07-14T04:17:49.262000+00:00,42.198223,OUTSIDE_NOMINAL_WINDOW,b21c8cc7f3d4d35e1db4dfa1c8245ff10ba657c0a0a001992b552808766cc49b,False,source-scenes-v1,47SNC,2023-08-10,Sentinel-2,05.09,05.09,S2A_MSIL2A_20230714T040551_N0509_R047_T47SNC_20230714T075204,HARMONIZED,2a7fedd8e969f3c97d5df8e85ed24deaf29ba439e56bdaf492e1ef287e9232d1,sentinel2,97d2bdd2316a69677f28a820d2856a742d639c7caf0ce1535a5162f009f539e7,COPERNICUS/S2_SR_HARMONIZED/20230714T040551_20230714T041506_T47SNC,None,1689308269262,2023-08-25,2023-07-26,2023
AOI-00,1546767a1ff01463f1bf4ea81cd86b44fbf42ba20f48c2d45d50120a3bab3ca5,COPERNICUS/S2_SR_HARMONIZED,2023-07-19T04:18:04.478000+00:00,58.316028,OUTSIDE_NOMINAL_WINDOW,b21c8cc7f3d4d35e1db4dfa1c8245ff10ba657c0a0a001992b552808766cc49b,False,source-scenes-v1,47SNB,2023-08-10,Sentinel-2,05.09,05.09,S2B_MSIL2A_20230719T040549_N0509_R047_T47SNB_20230719T064530,HARMONIZED,2a7fedd8e969f3c97d5df8e85ed24deaf29ba439e56bdaf492e1ef287e9232d1,sentinel2,97d2bdd2316a69677f28a820d2856a742d639c7caf0ce1535a5162f009f539e7,COPERNICUS/S2_SR_HARMONIZED/20230719T040549_20230719T041550_T47SNB,None,1689740284478,2023-08-25,2023-07-26,2023
AOI-00,1546767a1ff01463f1bf4ea81cd86b44fbf42ba20f48c2d45d50120a3bab3ca5,COPERNICUS/S2_SR_HARMONIZED,2023-07-19T04:17:49.942000+00:00,78.49564,OUTSIDE_NOMINAL_WINDOW,b21c8cc7f3d4d35e1db4dfa1c8245ff10ba657c0a0a001992b552808766cc49b,False,source-scenes-v1,47SNC,2023-08-10,Sentinel-2,05.09,05.09,S2B_MSIL2A_20230719T040549_N0509_R047_T47SNC_20230719T064530,HARMONIZED,2a7fedd8e969f3c97d5df8e85ed24deaf29ba439e56bdaf492e1ef287e9232d1,sentinel2,97d2bdd2316a69677f28a820d2856a742d639c7caf0ce1535a5162f009f539e7,COPERNICUS/S2_SR_HARMONIZED/20230719T040549_20230719T041550_T47SNC,None,1689740269942,2023-08-25,2023-07-26,2023
AOI-00,1546767a1ff01463f1bf4ea81cd86b44fbf42ba20f48c2d45d50120a3bab3ca5,COPERNICUS/S2_SR_HARMONIZED,2023-07-24T04:18:03.400000+00:00,21.37116,OUTSIDE_NOMINAL_WINDOW,b21c8cc7f3d4d35e1db4dfa1c8245ff10ba657c0a0a001992b552808766cc49b,False,source-scenes-v1,47SNB,2023-08-10,Sentinel-2,05.09,05.09,S2A_MSIL2A_20230724T040551_N0509_R047_T47SNB_20230724T074258,HARMONIZED,2a7fedd8e969f3c97d5df8e85ed24deaf29ba439e56bdaf492e1ef287e9232d1,sentinel2,97d2bdd2316a69677f28a820d2856a742d639c7caf0ce1535a5162f009f539e7,COPERNICUS/S2_SR_HARMONIZED/20230724T040551_20230724T041549_T47SNB,None,1690172283400,2023-08-25,2023-07-26,2023
AOI-00,1546767a1ff01463f1bf4ea81cd86b44fbf42ba20f48c2d45d50120a3bab3ca5,COPERNICUS/S2_SR_HARMONIZED,2023-07-24T04:17:48.867000+00:00,35.347787,OUTSIDE_NOMINAL_WINDOW,b21c8cc7f3d4d35e1db4dfa1c8245ff10ba657c0a0a001992b552808766cc49b,False,source-scenes-v1,47SNC,2023-08-10,Sentinel-2,05.09,05.09,S2A_MSIL2A_20230724T040551_N0509_R047_T47SNC_20230724T074258,HARMONIZED,2a7fedd8e969f3c97d5df8e85ed24deaf29ba439e56bdaf492e1ef287e9232d1,sentinel2,97d2bdd2316a69677f28a820d2856a742d639c7caf0ce1535a5162f009f539e7,COPERNICUS/S2_SR_HARMONIZED/20230724T040551_20230724T041549_T47SNC,None,1690172268867,2023-08-25,2023-07-26,2023
AOI-00,1546767a1ff01463f1bf4ea81cd86b44fbf42ba20f48c2d45d50120a3bab3ca5,COPERNICUS/S2_SR_HARMONIZED,2023-07-29T04:18:04.393000+00:00,2.9828,,b21c8cc7f3d4d35e1db4dfa1c8245ff10ba657c0a0a001992b552808766cc49b,True,source-scenes-v1,47SNB,2023-08-10,Sentinel-2,05.09,05.09,S2B_MSIL2A_20230729T040549_N0509_R047_T47SNB_20230729T064444,HARMONIZED,2a7fedd8e969f3c97d5df8e85ed24deaf29ba439e56bdaf492e1ef287e9232d1,sentinel2,97d2bdd2316a69677f28a820d2856a742d639c7caf0ce1535a5162f009f539e7,COPERNICUS/S2_SR_HARMONIZED/20230729T040549_20230729T041550_T47SNB,None,1690604284393,2023-08-25,2023-07-26,2023
AOI-00,1546767a1ff01463f1bf4ea81cd86b44fbf42ba20f48c2d45d50120a3bab3ca5,COPERNICUS/S2_SR_HARMONIZED,2023-07-29T04:17:49.856000+00:00,0.45544,,b21c8cc7f3d4d35e1db4dfa1c8245ff10ba657c0a0a001992b552808766cc49b,True,source-scenes-v1,47SNC,2023-08-10,Sentinel-2,05.09,05.09,S2B_MSIL2A_20230729T040549_N0509_R047_T47SNC_20230729T064444,HARMONIZED,2a7fedd8e969f3c97d5df8e85ed24deaf29ba439e56bdaf492e1ef287e9232d1,sentinel2,97d2bdd2316a69677f28a820d2856a742d639c7caf0ce1535a5162f009f539e7,COPERNICUS/S2_SR_HARMONIZED/20230729T040549_20230729T041550_T47SNC,None,1690604269856,2023-08-25,2023-07-26,2023
AOI-00,1546767a1ff01463f1bf4ea81cd86b44fbf42ba20f48c2d45d50120a3bab3ca5,COPERNICUS/S2_SR_HARMONIZED,2023-08-08T04:18:04.072000+00:00,30.81713,,b21c8cc7f3d4d35e1db4dfa1c8245ff10ba657c0a0a001992b552808766cc49b,True,source-scenes-v1,47SNB,2023-08-10,Sentinel-2,05.09,05.09,S2B_MSIL2A_20230808T040549_N0509_R047_T47SNB_20230808T064200,HARMONIZED,2a7fedd8e969f3c97d5df8e85ed24deaf29ba439e56bdaf492e1ef287e9232d1,sentinel2,97d2bdd2316a69677f28a820d2856a742d639c7caf0ce1535a5162f009f539e7,COPERNICUS/S2_SR_HARMONIZED/20230808T040549_20230808T041550_T47SNB,None,1691468284072,2023-08-25,2023-07-26,2023
AOI-00,1546767a1ff01463f1bf4ea81cd86b44fbf42ba20f48c2d45d50120a3bab3ca5,COPERNICUS/S2_SR_HARMONIZED,2023-08-08T04:17:49.529000+00:00,3.708554,,b21c8cc7f3d4d35e1db4dfa1c8245ff10ba657c0a0a001992b552808766cc49b,True,source-scenes-v1,47SNC,2023-08-10,Sentinel-2,05.09,05.09,S2B_MSIL2A_20230808T040549_N0509_R047_T47SNC_20230808T064200,HARMONIZED,2a7fedd8e969f3c97d5df8e85ed24deaf29ba439e56bdaf492e1ef287e9232d1,sentinel2,97d2bdd2316a69677f28a820d2856a742d639c7caf0ce1535a5162f009f539e7,COPERNICUS/S2_SR_HARMONIZED/20230808T040549_20230808T041550_T47SNC,None,1691468269529,2023-08-25,2023-07-26,2023
AOI-00,1546767a1ff01463f1bf4ea81cd86b44fbf42ba20f48c2d45d50120a3bab3ca5,COPERNICUS/S2_SR_HARMONIZED,2023-08-13T04:18:03.881000+00:00,5.095053,,b21c8cc7f3d4d35e1db4dfa1c8245ff10ba657c0a0a001992b552808766cc49b,True,source-scenes-v1,47SNB,2023-08-10,Sentinel-2,05.09,05.09,S2A_MSIL2A_20230813T040551_N0509_R047_T47SNB_20230813T085858,HARMONIZED,2a7fedd8e969f3c97d5df8e85ed24deaf29ba439e56bdaf492e1ef287e9232d1,sentinel2,97d2bdd2316a69677f28a820d2856a742d639c7caf0ce1535a5162f009f539e7,COPERNICUS/S2_SR_HARMONIZED/20230813T040551_20230813T040649_T47SNB,None,1691900283881,2023-08-25,2023-07-26,2023
AOI-00,1546767a1ff01463f1bf4ea81cd86b44fbf42ba20f48c2d45d50120a3bab3ca5,COPERNICUS/S2_SR_HARMONIZED,2023-08-13T04:17:49.349000+00:00,4.416986,,b21c8cc7f3d4d35e1db4dfa1c8245ff10ba657c0a0a001992b552808766cc49b,True,source-scenes-v1,47SNC,2023-08-10,Sentinel-2,05.09,05.09,S2A_MSIL2A_20230813T040551_N0509_R047_T47SNC_20230813T085858,HARMONIZED,2a7fedd8e969f3c97d5df8e85ed24deaf29ba439e56bdaf492e1ef287e9232d1,sentinel2,97d2bdd2316a69677f28a820d2856a742d639c7caf0ce1535a5162f009f539e7,COPERNICUS/S2_SR_HARMONIZED/20230813T040551_20230813T040649_T47SNC,None,1691900269349,2023-08-25,2023-07-26,2023
AOI-00,1546767a1ff01463f1bf4ea81cd86b44fbf42ba20f48c2d45d50120a3bab3ca5,COPERNICUS/S2_SR_HARMONIZED,2023-08-23T04:18:04.919000+00:00,17.141084,,b21c8cc7f3d4d35e1db4dfa1c8245ff10ba657c0a0a001992b552808766cc49b,True,source-scenes-v1,47SNB,2023-08-10,Sentinel-2,05.09,05.09,S2A_MSIL2A_20230823T040551_N0509_R047_T47SNB_20230823T093102,HARMONIZED,2a7fedd8e969f3c97d5df8e85ed24deaf29ba439e56bdaf492e1ef287e9232d1,sentinel2,97d2bdd2316a69677f28a820d2856a742d639c7caf0ce1535a5162f009f539e7,COPERNICUS/S2_SR_HARMONIZED/20230823T040551_20230823T040842_T47SNB,None,1692764284919,2023-08-25,2023-07-26,2023
AOI-00,1546767a1ff01463f1bf4ea81cd86b44fbf42ba20f48c2d45d50120a3bab3ca5,COPERNICUS/S2_SR_HARMONIZED,2023-08-23T04:17:50.377000+00:00,21.545795,,b21c8cc7f3d4d35e1db4dfa1c8245ff10ba657c0a0a001992b552808766cc49b,True,source-scenes-v1,47SNC,2023-08-10,Sentinel-2,05.09,05.09,S2A_MSIL2A_20230823T040551_N0509_R047_T47SNC_20230823T093102,HARMONIZED,2a7fedd8e969f3c97d5df8e85ed24deaf29ba439e56bdaf492e1ef287e9232d1,sentinel2,97d2bdd2316a69677f28a820d2856a742d639c7caf0ce1535a5162f009f539e7,COPERNICUS/S2_SR_HARMONIZED/20230823T040551_20230823T040842_T47SNC,None,1692764270377,2023-08-25,2023-07-26,2023
AOI-00,1546767a1ff01463f1bf4ea81cd86b44fbf42ba20f48c2d45d50120a3bab3ca5,COPERNICUS/S2_SR_HARMONIZED,2024-07-08T04:18:02.161000+00:00,76.902294,,b21c8cc7f3d4d35e1db4dfa1c8245ff10ba657c0a0a001992b552808766cc49b,True,source-scenes-v1,47SNB,2024-07-20,Sentinel-2,05.10,05.10,S2A_MSIL2A_20240708T040551_N0510_R047_T47SNB_20240708T073650,HARMONIZED,a19c8b59adea82a3e81475af9289d451af63fc81b6317f465e6bbbb2ab8c7449,sentinel2,c0671c1e61d43932b1b392c0f4eda10207d55ec9abbce9cee917578f268f9e4e,COPERNICUS/S2_SR_HARMONIZED/20240708T040551_20240708T041733_T47SNB,None,1720412282161,2024-08-04,2024-07-05,2024
AOI-00,1546767a1ff01463f1bf4ea81cd86b44fbf42ba20f48c2d45d50120a3bab3ca5,COPERNICUS/S2_SR_HARMONIZED,2024-07-08T04:17:47.626000+00:00,50.077492,,b21c8cc7f3d4d35e1db4dfa1c8245ff10ba657c0a0a001992b552808766cc49b,True,source-scenes-v1,47SNC,2024-07-20,Sentinel-2,05.10,05.10,S2A_MSIL2A_20240708T040551_N0510_R047_T47SNC_20240708T073650,HARMONIZED,a19c8b59adea82a3e81475af9289d451af63fc81b6317f465e6bbbb2ab8c7449,sentinel2,c0671c1e61d43932b1b392c0f4eda10207d55ec9abbce9cee917578f268f9e4e,COPERNICUS/S2_SR_HARMONIZED/20240708T040551_20240708T041733_T47SNC,None,1720412267626,2024-08-04,2024-07-05,2024
AOI-00,1546767a1ff01463f1bf4ea81cd86b44fbf42ba20f48c2d45d50120a3bab3ca5,COPERNICUS/S2_SR_HARMONIZED,2024-07-18T04:17:44.826000+00:00,37.242475,,b21c8cc7f3d4d35e1db4dfa1c8245ff10ba657c0a0a001992b552808766cc49b,True,source-scenes-v1,47SNC,2024-07-20,Sentinel-2,05.10,05.10,S2A_MSIL2A_20240718T040541_N0510_R047_T47SNC_20240718T080850,HARMONIZED,a19c8b59adea82a3e81475af9289d451af63fc81b6317f465e6bbbb2ab8c7449,sentinel2,c0671c1e61d43932b1b392c0f4eda10207d55ec9abbce9cee917578f268f9e4e,COPERNICUS/S2_SR_HARMONIZED/20240718T040541_20240718T040836_T47SNC,None,1721276264826,2024-08-04,2024-07-05,2024
AOI-00,1546767a1ff01463f1bf4ea81cd86b44fbf42ba20f48c2d45d50120a3bab3ca5,COPERNICUS/S2_SR_HARMONIZED,2024-07-28T04:18:01.380000+00:00,52.317476,,b21c8cc7f3d4d35e1db4dfa1c8245ff10ba657c0a0a001992b552808766cc49b,True,source-scenes-v1,47SNB,2024-07-20,Sentinel-2,05.11,05.11,S2A_MSIL2A_20240728T040551_N0511_R047_T47SNB_20240728T095250,HARMONIZED,a19c8b59adea82a3e81475af9289d451af63fc81b6317f465e6bbbb2ab8c7449,sentinel2,c0671c1e61d43932b1b392c0f4eda10207d55ec9abbce9cee917578f268f9e4e,COPERNICUS/S2_SR_HARMONIZED/20240728T040551_20240728T041247_T47SNB,None,1722140281380,2024-08-04,2024-07-05,2024
AOI-00,1546767a1ff01463f1bf4ea81cd86b44fbf42ba20f48c2d45d50120a3bab3ca5,COPERNICUS/S2_SR_HARMONIZED,2024-07-28T04:17:46.843000+00:00,47.856364,,b21c8cc7f3d4d35e1db4dfa1c8245ff10ba657c0a0a001992b552808766cc49b,True,source-scenes-v1,47SNC,2024-07-20,Sentinel-2,05.11,05.11,S2A_MSIL2A_20240728T040551_N0511_R047_T47SNC_20240728T095250,HARMONIZED,a19c8b59adea82a3e81475af9289d451af63fc81b6317f465e6bbbb2ab8c7449,sentinel2,c0671c1e61d43932b1b392c0f4eda10207d55ec9abbce9cee917578f268f9e4e,COPERNICUS/S2_SR_HARMONIZED/20240728T040551_20240728T041247_T47SNC,None,1722140266843,2024-08-04,2024-07-05,2024
AOI-00,1546767a1ff01463f1bf4ea81cd86b44fbf42ba20f48c2d45d50120a3bab3ca5,COPERNICUS/S2_SR_HARMONIZED,2024-08-02T04:17:59.314000+00:00,52.134955,,b21c8cc7f3d4d35e1db4dfa1c8245ff10ba657c0a0a001992b552808766cc49b,True,source-scenes-v1,47SNB,2024-07-20,Sentinel-2,05.11,05.11,S2B_MSIL2A_20240802T040549_N0511_R047_T47SNB_20240802T062839,HARMONIZED,a19c8b59adea82a3e81475af9289d451af63fc81b6317f465e6bbbb2ab8c7449,sentinel2,c0671c1e61d43932b1b392c0f4eda10207d55ec9abbce9cee917578f268f9e4e,COPERNICUS/S2_SR_HARMONIZED/20240802T040549_20240802T041205_T47SNB,None,1722572279314,2024-08-04,2024-07-05,2024
AOI-00,1546767a1ff01463f1bf4ea81cd86b44fbf42ba20f48c2d45d50120a3bab3ca5,COPERNICUS/S2_SR_HARMONIZED,2024-08-07T04:18:00.048000+00:00,2.681229,OUTSIDE_NOMINAL_WINDOW,b21c8cc7f3d4d35e1db4dfa1c8245ff10ba657c0a0a001992b552808766cc49b,False,source-scenes-v1,47SNB,2024-07-20,Sentinel-2,05.11,05.11,S2A_MSIL2A_20240807T040541_N0511_R047_T47SNB_20240807T100652,HARMONIZED,a19c8b59adea82a3e81475af9289d451af63fc81b6317f465e6bbbb2ab8c7449,sentinel2,c0671c1e61d43932b1b392c0f4eda10207d55ec9abbce9cee917578f268f9e4e,COPERNICUS/S2_SR_HARMONIZED/20240807T040541_20240807T041626_T47SNB,None,1723004280048,2024-08-04,2024-07-05,2024
AOI-00,1546767a1ff01463f1bf4ea81cd86b44fbf42ba20f48c2d45d50120a3bab3ca5,COPERNICUS/S2_SR_HARMONIZED,2024-08-07T04:17:45.526000+00:00,6.532934,OUTSIDE_NOMINAL_WINDOW,b21c8cc7f3d4d35e1db4dfa1c8245ff10ba657c0a0a001992b552808766cc49b,False,source-scenes-v1,47SNC,2024-07-20,Sentinel-2,05.11,05.11,S2A_MSIL2A_20240807T040541_N0511_R047_T47SNC_20240807T100652,HARMONIZED,a19c8b59adea82a3e81475af9289d451af63fc81b6317f465e6bbbb2ab8c7449,sentinel2,c0671c1e61d43932b1b392c0f4eda10207d55ec9abbce9cee917578f268f9e4e,COPERNICUS/S2_SR_HARMONIZED/20240807T040541_20240807T041626_T47SNC,None,1723004265526,2024-08-04,2024-07-05,2024
AOI-00,1546767a1ff01463f1bf4ea81cd86b44fbf42ba20f48c2d45d50120a3bab3ca5,COPERNICUS/S2_SR_HARMONIZED,2024-08-12T04:18:03.097000+00:00,3.727413,OUTSIDE_NOMINAL_WINDOW,b21c8cc7f3d4d35e1db4dfa1c8245ff10ba657c0a0a001992b552808766cc49b,False,source-scenes-v1,47SNB,2024-07-20,Sentinel-2,05.11,05.11,S2B_MSIL2A_20240812T040549_N0511_R047_T47SNB_20240812T070807,HARMONIZED,a19c8b59adea82a3e81475af9289d451af63fc81b6317f465e6bbbb2ab8c7449,sentinel2,c0671c1e61d43932b1b392c0f4eda10207d55ec9abbce9cee917578f268f9e4e,COPERNICUS/S2_SR_HARMONIZED/20240812T040549_20240812T040558_T47SNB,None,1723436283097,2024-08-04,2024-07-05,2024
AOI-00,1546767a1ff01463f1bf4ea81cd86b44fbf42ba20f48c2d45d50120a3bab3ca5,COPERNICUS/S2_SR_HARMONIZED,2024-08-12T04:17:48.550000+00:00,16.668239,OUTSIDE_NOMINAL_WINDOW,b21c8cc7f3d4d35e1db4dfa1c8245ff10ba657c0a0a001992b552808766cc49b,False,source-scenes-v1,47SNC,2024-07-20,Sentinel-2,05.11,05.11,S2B_MSIL2A_20240812T040549_N0511_R047_T47SNC_20240812T070807,HARMONIZED,a19c8b59adea82a3e81475af9289d451af63fc81b6317f465e6bbbb2ab8c7449,sentinel2,c0671c1e61d43932b1b392c0f4eda10207d55ec9abbce9cee917578f268f9e4e,COPERNICUS/S2_SR_HARMONIZED/20240812T040549_20240812T040558_T47SNC,None,1723436268550,2024-08-04,2024-07-05,2024
AOI-00,1546767a1ff01463f1bf4ea81cd86b44fbf42ba20f48c2d45d50120a3bab3ca5,COPERNICUS/S2_SR_HARMONIZED,2024-08-17T04:17:59.232000+00:00,16.355884,OUTSIDE_NOMINAL_WINDOW,b21c8cc7f3d4d35e1db4dfa1c8245ff10ba657c0a0a001992b552808766cc49b,False,source-scenes-v1,47SNB,2024-07-20,Sentinel-2,05.11,05.11,S2A_MSIL2A_20240817T040541_N0511_R047_T47SNB_20240817T091554,HARMONIZED,a19c8b59adea82a3e81475af9289d451af63fc81b6317f465e6bbbb2ab8c7449,sentinel2,c0671c1e61d43932b1b392c0f4eda10207d55ec9abbce9cee917578f268f9e4e,COPERNICUS/S2_SR_HARMONIZED/20240817T040541_20240817T040923_T47SNB,None,1723868279232,2024-08-04,2024-07-05,2024
AOI-00,1546767a1ff01463f1bf4ea81cd86b44fbf42ba20f48c2d45d50120a3bab3ca5,COPERNICUS/S2_SR_HARMONIZED,2024-08-17T04:17:44.710000+00:00,19.023742,OUTSIDE_NOMINAL_WINDOW,b21c8cc7f3d4d35e1db4dfa1c8245ff10ba657c0a0a001992b552808766cc49b,False,source-scenes-v1,47SNC,2024-07-20,Sentinel-2,05.11,05.11,S2A_MSIL2A_20240817T040541_N0511_R047_T47SNC_20240817T091554,HARMONIZED,a19c8b59adea82a3e81475af9289d451af63fc81b6317f465e6bbbb2ab8c7449,sentinel2,c0671c1e61d43932b1b392c0f4eda10207d55ec9abbce9cee917578f268f9e4e,COPERNICUS/S2_SR_HARMONIZED/20240817T040541_20240817T040923_T47SNC,None,1723868264710,2024-08-04,2024-07-05,2024
AOI-00,1546767a1ff01463f1bf4ea81cd86b44fbf42ba20f48c2d45d50120a3bab3ca5,COPERNICUS/S2_SR_HARMONIZED,2024-08-22T04:17:58.248000+00:00,16.597944,OUTSIDE_NOMINAL_WINDOW,b21c8cc7f3d4d35e1db4dfa1c8245ff10ba657c0a0a001992b552808766cc49b,False,source-scenes-v1,47SNB,2024-07-20,Sentinel-2,05.11,05.11,S2B_MSIL2A_20240822T040539_N0511_R047_T47SNB_20240822T070855,HARMONIZED,a19c8b59adea82a3e81475af9289d451af63fc81b6317f465e6bbbb2ab8c7449,sentinel2,c0671c1e61d43932b1b392c0f4eda10207d55ec9abbce9cee917578f268f9e4e,COPERNICUS/S2_SR_HARMONIZED/20240822T040539_20240822T040553_T47SNB,None,1724300278248,2024-08-04,2024-07-05,2024
AOI-00,1546767a1ff01463f1bf4ea81cd86b44fbf42ba20f48c2d45d50120a3bab3ca5,COPERNICUS/S2_SR_HARMONIZED,2024-08-22T04:17:43.724000+00:00,66.022849,OUTSIDE_NOMINAL_WINDOW,b21c8cc7f3d4d35e1db4dfa1c8245ff10ba657c0a0a001992b552808766cc49b,False,source-scenes-v1,47SNC,2024-07-20,Sentinel-2,05.11,05.11,S2B_MSIL2A_20240822T040539_N0511_R047_T47SNC_20240822T070855,HARMONIZED,a19c8b59adea82a3e81475af9289d451af63fc81b6317f465e6bbbb2ab8c7449,sentinel2,c0671c1e61d43932b1b392c0f4eda10207d55ec9abbce9cee917578f268f9e4e,COPERNICUS/S2_SR_HARMONIZED/20240822T040539_20240822T040553_T47SNC,None,1724300263724,2024-08-04,2024-07-05,2024
AOI-00,1546767a1ff01463f1bf4ea81cd86b44fbf42ba20f48c2d45d50120a3bab3ca5,COPERNICUS/S2_SR_HARMONIZED,2024-07-08T04:18:02.161000+00:00,76.902294,OUTSIDE_NOMINAL_WINDOW,b21c8cc7f3d4d35e1db4dfa1c8245ff10ba657c0a0a001992b552808766cc49b,False,source-scenes-v1,47SNB,2024-07-31,Sentinel-2,05.10,05.10,S2A_MSIL2A_20240708T040551_N0510_R047_T47SNB_20240708T073650,HARMONIZED,41b9965e74b38830f36637969e99d7afb6dbca2bc1d102cd83977de0bbcc57d2,sentinel2,9fd79cfaf20939ebecb867f168b8113c5c7556ee3d18c5dff7648973e86dcd52,COPERNICUS/S2_SR_HARMONIZED/20240708T040551_20240708T041733_T47SNB,None,1720412282161,2024-08-15,2024-07-16,2024
AOI-00,1546767a1ff01463f1bf4ea81cd86b44fbf42ba20f48c2d45d50120a3bab3ca5,COPERNICUS/S2_SR_HARMONIZED,2024-07-08T04:17:47.626000+00:00,50.077492,OUTSIDE_NOMINAL_WINDOW,b21c8cc7f3d4d35e1db4dfa1c8245ff10ba657c0a0a001992b552808766cc49b,False,source-scenes-v1,47SNC,2024-07-31,Sentinel-2,05.10,05.10,S2A_MSIL2A_20240708T040551_N0510_R047_T47SNC_20240708T073650,HARMONIZED,41b9965e74b38830f36637969e99d7afb6dbca2bc1d102cd83977de0bbcc57d2,sentinel2,9fd79cfaf20939ebecb867f168b8113c5c7556ee3d18c5dff7648973e86dcd52,COPERNICUS/S2_SR_HARMONIZED/20240708T040551_20240708T041733_T47SNC,None,1720412267626,2024-08-15,2024-07-16,2024
AOI-00,1546767a1ff01463f1bf4ea81cd86b44fbf42ba20f48c2d45d50120a3bab3ca5,COPERNICUS/S2_SR_HARMONIZED,2024-07-18T04:17:44.826000+00:00,37.242475,,b21c8cc7f3d4d35e1db4dfa1c8245ff10ba657c0a0a001992b552808766cc49b,True,source-scenes-v1,47SNC,2024-07-31,Sentinel-2,05.10,05.10,S2A_MSIL2A_20240718T040541_N0510_R047_T47SNC_20240718T080850,HARMONIZED,41b9965e74b38830f36637969e99d7afb6dbca2bc1d102cd83977de0bbcc57d2,sentinel2,9fd79cfaf20939ebecb867f168b8113c5c7556ee3d18c5dff7648973e86dcd52,COPERNICUS/S2_SR_HARMONIZED/20240718T040541_20240718T040836_T47SNC,None,1721276264826,2024-08-15,2024-07-16,2024
AOI-00,1546767a1ff01463f1bf4ea81cd86b44fbf42ba20f48c2d45d50120a3bab3ca5,COPERNICUS/S2_SR_HARMONIZED,2024-07-28T04:18:01.380000+00:00,52.317476,,b21c8cc7f3d4d35e1db4dfa1c8245ff10ba657c0a0a001992b552808766cc49b,True,source-scenes-v1,47SNB,2024-07-31,Sentinel-2,05.11,05.11,S2A_MSIL2A_20240728T040551_N0511_R047_T47SNB_20240728T095250,HARMONIZED,41b9965e74b38830f36637969e99d7afb6dbca2bc1d102cd83977de0bbcc57d2,sentinel2,9fd79cfaf20939ebecb867f168b8113c5c7556ee3d18c5dff7648973e86dcd52,COPERNICUS/S2_SR_HARMONIZED/20240728T040551_20240728T041247_T47SNB,None,1722140281380,2024-08-15,2024-07-16,2024
AOI-00,1546767a1ff01463f1bf4ea81cd86b44fbf42ba20f48c2d45d50120a3bab3ca5,COPERNICUS/S2_SR_HARMONIZED,2024-07-28T04:17:46.843000+00:00,47.856364,,b21c8cc7f3d4d35e1db4dfa1c8245ff10ba657c0a0a001992b552808766cc49b,True,source-scenes-v1,47SNC,2024-07-31,Sentinel-2,05.11,05.11,S2A_MSIL2A_20240728T040551_N0511_R047_T47SNC_20240728T095250,HARMONIZED,41b9965e74b38830f36637969e99d7afb6dbca2bc1d102cd83977de0bbcc57d2,sentinel2,9fd79cfaf20939ebecb867f168b8113c5c7556ee3d18c5dff7648973e86dcd52,COPERNICUS/S2_SR_HARMONIZED/20240728T040551_20240728T041247_T47SNC,None,1722140266843,2024-08-15,2024-07-16,2024
AOI-00,1546767a1ff01463f1bf4ea81cd86b44fbf42ba20f48c2d45d50120a3bab3ca5,COPERNICUS/S2_SR_HARMONIZED,2024-08-02T04:17:59.314000+00:00,52.134955,,b21c8cc7f3d4d35e1db4dfa1c8245ff10ba657c0a0a001992b552808766cc49b,True,source-scenes-v1,47SNB,2024-07-31,Sentinel-2,05.11,05.11,S2B_MSIL2A_20240802T040549_N0511_R047_T47SNB_20240802T062839,HARMONIZED,41b9965e74b38830f36637969e99d7afb6dbca2bc1d102cd83977de0bbcc57d2,sentinel2,9fd79cfaf20939ebecb867f168b8113c5c7556ee3d18c5dff7648973e86dcd52,COPERNICUS/S2_SR_HARMONIZED/20240802T040549_20240802T041205_T47SNB,None,1722572279314,2024-08-15,2024-07-16,2024
AOI-00,1546767a1ff01463f1bf4ea81cd86b44fbf42ba20f48c2d45d50120a3bab3ca5,COPERNICUS/S2_SR_HARMONIZED,2024-08-07T04:18:00.048000+00:00,2.681229,,b21c8cc7f3d4d35e1db4dfa1c8245ff10ba657c0a0a001992b552808766cc49b,True,source-scenes-v1,47SNB,2024-07-31,Sentinel-2,05.11,05.11,S2A_MSIL2A_20240807T040541_N0511_R047_T47SNB_20240807T100652,HARMONIZED,41b9965e74b38830f36637969e99d7afb6dbca2bc1d102cd83977de0bbcc57d2,sentinel2,9fd79cfaf20939ebecb867f168b8113c5c7556ee3d18c5dff7648973e86dcd52,COPERNICUS/S2_SR_HARMONIZED/20240807T040541_20240807T041626_T47SNB,None,1723004280048,2024-08-15,2024-07-16,2024
AOI-00,1546767a1ff01463f1bf4ea81cd86b44fbf42ba20f48c2d45d50120a3bab3ca5,COPERNICUS/S2_SR_HARMONIZED,2024-08-07T04:17:45.526000+00:00,6.532934,,b21c8cc7f3d4d35e1db4dfa1c8245ff10ba657c0a0a001992b552808766cc49b,True,source-scenes-v1,47SNC,2024-07-31,Sentinel-2,05.11,05.11,S2A_MSIL2A_20240807T040541_N0511_R047_T47SNC_20240807T100652,HARMONIZED,41b9965e74b38830f36637969e99d7afb6dbca2bc1d102cd83977de0bbcc57d2,sentinel2,9fd79cfaf20939ebecb867f168b8113c5c7556ee3d18c5dff7648973e86dcd52,COPERNICUS/S2_SR_HARMONIZED/20240807T040541_20240807T041626_T47SNC,None,1723004265526,2024-08-15,2024-07-16,2024
AOI-00,1546767a1ff01463f1bf4ea81cd86b44fbf42ba20f48c2d45d50120a3bab3ca5,COPERNICUS/S2_SR_HARMONIZED,2024-08-12T04:18:03.097000+00:00,3.727413,,b21c8cc7f3d4d35e1db4dfa1c8245ff10ba657c0a0a001992b552808766cc49b,True,source-scenes-v1,47SNB,2024-07-31,Sentinel-2,05.11,05.11,S2B_MSIL2A_20240812T040549_N0511_R047_T47SNB_20240812T070807,HARMONIZED,41b9965e74b38830f36637969e99d7afb6dbca2bc1d102cd83977de0bbcc57d2,sentinel2,9fd79cfaf20939ebecb867f168b8113c5c7556ee3d18c5dff7648973e86dcd52,COPERNICUS/S2_SR_HARMONIZED/20240812T040549_20240812T040558_T47SNB,None,1723436283097,2024-08-15,2024-07-16,2024
AOI-00,1546767a1ff01463f1bf4ea81cd86b44fbf42ba20f48c2d45d50120a3bab3ca5,COPERNICUS/S2_SR_HARMONIZED,2024-08-12T04:17:48.550000+00:00,16.668239,,b21c8cc7f3d4d35e1db4dfa1c8245ff10ba657c0a0a001992b552808766cc49b,True,source-scenes-v1,47SNC,2024-07-31,Sentinel-2,05.11,05.11,S2B_MSIL2A_20240812T040549_N0511_R047_T47SNC_20240812T070807,HARMONIZED,41b9965e74b38830f36637969e99d7afb6dbca2bc1d102cd83977de0bbcc57d2,sentinel2,9fd79cfaf20939ebecb867f168b8113c5c7556ee3d18c5dff7648973e86dcd52,COPERNICUS/S2_SR_HARMONIZED/20240812T040549_20240812T040558_T47SNC,None,1723436268550,2024-08-15,2024-07-16,2024
AOI-00,1546767a1ff01463f1bf4ea81cd86b44fbf42ba20f48c2d45d50120a3bab3ca5,COPERNICUS/S2_SR_HARMONIZED,2024-08-17T04:17:59.232000+00:00,16.355884,OUTSIDE_NOMINAL_WINDOW,b21c8cc7f3d4d35e1db4dfa1c8245ff10ba657c0a0a001992b552808766cc49b,False,source-scenes-v1,47SNB,2024-07-31,Sentinel-2,05.11,05.11,S2A_MSIL2A_20240817T040541_N0511_R047_T47SNB_20240817T091554,HARMONIZED,41b9965e74b38830f36637969e99d7afb6dbca2bc1d102cd83977de0bbcc57d2,sentinel2,9fd79cfaf20939ebecb867f168b8113c5c7556ee3d18c5dff7648973e86dcd52,COPERNICUS/S2_SR_HARMONIZED/20240817T040541_20240817T040923_T47SNB,None,1723868279232,2024-08-15,2024-07-16,2024
AOI-00,1546767a1ff01463f1bf4ea81cd86b44fbf42ba20f48c2d45d50120a3bab3ca5,COPERNICUS/S2_SR_HARMONIZED,2024-08-17T04:17:44.710000+00:00,19.023742,OUTSIDE_NOMINAL_WINDOW,b21c8cc7f3d4d35e1db4dfa1c8245ff10ba657c0a0a001992b552808766cc49b,False,source-scenes-v1,47SNC,2024-07-31,Sentinel-2,05.11,05.11,S2A_MSIL2A_20240817T040541_N0511_R047_T47SNC_20240817T091554,HARMONIZED,41b9965e74b38830f36637969e99d7afb6dbca2bc1d102cd83977de0bbcc57d2,sentinel2,9fd79cfaf20939ebecb867f168b8113c5c7556ee3d18c5dff7648973e86dcd52,COPERNICUS/S2_SR_HARMONIZED/20240817T040541_20240817T040923_T47SNC,None,1723868264710,2024-08-15,2024-07-16,2024
AOI-00,1546767a1ff01463f1bf4ea81cd86b44fbf42ba20f48c2d45d50120a3bab3ca5,COPERNICUS/S2_SR_HARMONIZED,2024-08-22T04:17:58.248000+00:00,16.597944,OUTSIDE_NOMINAL_WINDOW,b21c8cc7f3d4d35e1db4dfa1c8245ff10ba657c0a0a001992b552808766cc49b,False,source-scenes-v1,47SNB,2024-07-31,Sentinel-2,05.11,05.11,S2B_MSIL2A_20240822T040539_N0511_R047_T47SNB_20240822T070855,HARMONIZED,41b9965e74b38830f36637969e99d7afb6dbca2bc1d102cd83977de0bbcc57d2,sentinel2,9fd79cfaf20939ebecb867f168b8113c5c7556ee3d18c5dff7648973e86dcd52,COPERNICUS/S2_SR_HARMONIZED/20240822T040539_20240822T040553_T47SNB,None,1724300278248,2024-08-15,2024-07-16,2024
AOI-00,1546767a1ff01463f1bf4ea81cd86b44fbf42ba20f48c2d45d50120a3bab3ca5,COPERNICUS/S2_SR_HARMONIZED,2024-08-22T04:17:43.724000+00:00,66.022849,OUTSIDE_NOMINAL_WINDOW,b21c8cc7f3d4d35e1db4dfa1c8245ff10ba657c0a0a001992b552808766cc49b,False,source-scenes-v1,47SNC,2024-07-31,Sentinel-2,05.11,05.11,S2B_MSIL2A_20240822T040539_N0511_R047_T47SNC_20240822T070855,HARMONIZED,41b9965e74b38830f36637969e99d7afb6dbca2bc1d102cd83977de0bbcc57d2,sentinel2,9fd79cfaf20939ebecb867f168b8113c5c7556ee3d18c5dff7648973e86dcd52,COPERNICUS/S2_SR_HARMONIZED/20240822T040539_20240822T040553_T47SNC,None,1724300263724,2024-08-15,2024-07-16,2024
AOI-00,1546767a1ff01463f1bf4ea81cd86b44fbf42ba20f48c2d45d50120a3bab3ca5,COPERNICUS/S2_SR_HARMONIZED,2024-07-08T04:18:02.161000+00:00,76.902294,OUTSIDE_NOMINAL_WINDOW,b21c8cc7f3d4d35e1db4dfa1c8245ff10ba657c0a0a001992b552808766cc49b,False,source-scenes-v1,47SNB,2024-08-10,Sentinel-2,05.10,05.10,S2A_MSIL2A_20240708T040551_N0510_R047_T47SNB_20240708T073650,HARMONIZED,d5bef20343e4f0a319155cba57ca3614fbb7174e0449dd24a86f3566b6f7ffc1,sentinel2,6ab4e2a5f14db36e2e6d88b9c9ae442dc8d3b592ac66b96290129935c9302a40,COPERNICUS/S2_SR_HARMONIZED/20240708T040551_20240708T041733_T47SNB,None,1720412282161,2024-08-25,2024-07-26,2024
AOI-00,1546767a1ff01463f1bf4ea81cd86b44fbf42ba20f48c2d45d50120a3bab3ca5,COPERNICUS/S2_SR_HARMONIZED,2024-07-08T04:17:47.626000+00:00,50.077492,OUTSIDE_NOMINAL_WINDOW,b21c8cc7f3d4d35e1db4dfa1c8245ff10ba657c0a0a001992b552808766cc49b,False,source-scenes-v1,47SNC,2024-08-10,Sentinel-2,05.10,05.10,S2A_MSIL2A_20240708T040551_N0510_R047_T47SNC_20240708T073650,HARMONIZED,d5bef20343e4f0a319155cba57ca3614fbb7174e0449dd24a86f3566b6f7ffc1,sentinel2,6ab4e2a5f14db36e2e6d88b9c9ae442dc8d3b592ac66b96290129935c9302a40,COPERNICUS/S2_SR_HARMONIZED/20240708T040551_20240708T041733_T47SNC,None,1720412267626,2024-08-25,2024-07-26,2024
AOI-00,1546767a1ff01463f1bf4ea81cd86b44fbf42ba20f48c2d45d50120a3bab3ca5,COPERNICUS/S2_SR_HARMONIZED,2024-07-18T04:17:44.826000+00:00,37.242475,OUTSIDE_NOMINAL_WINDOW,b21c8cc7f3d4d35e1db4dfa1c8245ff10ba657c0a0a001992b552808766cc49b,False,source-scenes-v1,47SNC,2024-08-10,Sentinel-2,05.10,05.10,S2A_MSIL2A_20240718T040541_N0510_R047_T47SNC_20240718T080850,HARMONIZED,d5bef20343e4f0a319155cba57ca3614fbb7174e0449dd24a86f3566b6f7ffc1,sentinel2,6ab4e2a5f14db36e2e6d88b9c9ae442dc8d3b592ac66b96290129935c9302a40,COPERNICUS/S2_SR_HARMONIZED/20240718T040541_20240718T040836_T47SNC,None,1721276264826,2024-08-25,2024-07-26,2024
AOI-00,1546767a1ff01463f1bf4ea81cd86b44fbf42ba20f48c2d45d50120a3bab3ca5,COPERNICUS/S2_SR_HARMONIZED,2024-07-28T04:18:01.380000+00:00,52.317476,,b21c8cc7f3d4d35e1db4dfa1c8245ff10ba657c0a0a001992b552808766cc49b,True,source-scenes-v1,47SNB,2024-08-10,Sentinel-2,05.11,05.11,S2A_MSIL2A_20240728T040551_N0511_R047_T47SNB_20240728T095250,HARMONIZED,d5bef20343e4f0a319155cba57ca3614fbb7174e0449dd24a86f3566b6f7ffc1,sentinel2,6ab4e2a5f14db36e2e6d88b9c9ae442dc8d3b592ac66b96290129935c9302a40,COPERNICUS/S2_SR_HARMONIZED/20240728T040551_20240728T041247_T47SNB,None,1722140281380,2024-08-25,2024-07-26,2024
AOI-00,1546767a1ff01463f1bf4ea81cd86b44fbf42ba20f48c2d45d50120a3bab3ca5,COPERNICUS/S2_SR_HARMONIZED,2024-07-28T04:17:46.843000+00:00,47.856364,,b21c8cc7f3d4d35e1db4dfa1c8245ff10ba657c0a0a001992b552808766cc49b,True,source-scenes-v1,47SNC,2024-08-10,Sentinel-2,05.11,05.11,S2A_MSIL2A_20240728T040551_N0511_R047_T47SNC_20240728T095250,HARMONIZED,d5bef20343e4f0a319155cba57ca3614fbb7174e0449dd24a86f3566b6f7ffc1,sentinel2,6ab4e2a5f14db36e2e6d88b9c9ae442dc8d3b592ac66b96290129935c9302a40,COPERNICUS/S2_SR_HARMONIZED/20240728T040551_20240728T041247_T47SNC,None,1722140266843,2024-08-25,2024-07-26,2024
AOI-00,1546767a1ff01463f1bf4ea81cd86b44fbf42ba20f48c2d45d50120a3bab3ca5,COPERNICUS/S2_SR_HARMONIZED,2024-08-02T04:17:59.314000+00:00,52.134955,,b21c8cc7f3d4d35e1db4dfa1c8245ff10ba657c0a0a001992b552808766cc49b,True,source-scenes-v1,47SNB,2024-08-10,Sentinel-2,05.11,05.11,S2B_MSIL2A_20240802T040549_N0511_R047_T47SNB_20240802T062839,HARMONIZED,d5bef20343e4f0a319155cba57ca3614fbb7174e0449dd24a86f3566b6f7ffc1,sentinel2,6ab4e2a5f14db36e2e6d88b9c9ae442dc8d3b592ac66b96290129935c9302a40,COPERNICUS/S2_SR_HARMONIZED/20240802T040549_20240802T041205_T47SNB,None,1722572279314,2024-08-25,2024-07-26,2024
AOI-00,1546767a1ff01463f1bf4ea81cd86b44fbf42ba20f48c2d45d50120a3bab3ca5,COPERNICUS/S2_SR_HARMONIZED,2024-08-07T04:18:00.048000+00:00,2.681229,,b21c8cc7f3d4d35e1db4dfa1c8245ff10ba657c0a0a001992b552808766cc49b,True,source-scenes-v1,47SNB,2024-08-10,Sentinel-2,05.11,05.11,S2A_MSIL2A_20240807T040541_N0511_R047_T47SNB_20240807T100652,HARMONIZED,d5bef20343e4f0a319155cba57ca3614fbb7174e0449dd24a86f3566b6f7ffc1,sentinel2,6ab4e2a5f14db36e2e6d88b9c9ae442dc8d3b592ac66b96290129935c9302a40,COPERNICUS/S2_SR_HARMONIZED/20240807T040541_20240807T041626_T47SNB,None,1723004280048,2024-08-25,2024-07-26,2024
AOI-00,1546767a1ff01463f1bf4ea81cd86b44fbf42ba20f48c2d45d50120a3bab3ca5,COPERNICUS/S2_SR_HARMONIZED,2024-08-07T04:17:45.526000+00:00,6.532934,,b21c8cc7f3d4d35e1db4dfa1c8245ff10ba657c0a0a001992b552808766cc49b,True,source-scenes-v1,47SNC,2024-08-10,Sentinel-2,05.11,05.11,S2A_MSIL2A_20240807T040541_N0511_R047_T47SNC_20240807T100652,HARMONIZED,d5bef20343e4f0a319155cba57ca3614fbb7174e0449dd24a86f3566b6f7ffc1,sentinel2,6ab4e2a5f14db36e2e6d88b9c9ae442dc8d3b592ac66b96290129935c9302a40,COPERNICUS/S2_SR_HARMONIZED/20240807T040541_20240807T041626_T47SNC,None,1723004265526,2024-08-25,2024-07-26,2024
AOI-00,1546767a1ff01463f1bf4ea81cd86b44fbf42ba20f48c2d45d50120a3bab3ca5,COPERNICUS/S2_SR_HARMONIZED,2024-08-12T04:18:03.097000+00:00,3.727413,,b21c8cc7f3d4d35e1db4dfa1c8245ff10ba657c0a0a001992b552808766cc49b,True,source-scenes-v1,47SNB,2024-08-10,Sentinel-2,05.11,05.11,S2B_MSIL2A_20240812T040549_N0511_R047_T47SNB_20240812T070807,HARMONIZED,d5bef20343e4f0a319155cba57ca3614fbb7174e0449dd24a86f3566b6f7ffc1,sentinel2,6ab4e2a5f14db36e2e6d88b9c9ae442dc8d3b592ac66b96290129935c9302a40,COPERNICUS/S2_SR_HARMONIZED/20240812T040549_20240812T040558_T47SNB,None,1723436283097,2024-08-25,2024-07-26,2024
AOI-00,1546767a1ff01463f1bf4ea81cd86b44fbf42ba20f48c2d45d50120a3bab3ca5,COPERNICUS/S2_SR_HARMONIZED,2024-08-12T04:17:48.550000+00:00,16.668239,,b21c8cc7f3d4d35e1db4dfa1c8245ff10ba657c0a0a001992b552808766cc49b,True,source-scenes-v1,47SNC,2024-08-10,Sentinel-2,05.11,05.11,S2B_MSIL2A_20240812T040549_N0511_R047_T47SNC_20240812T070807,HARMONIZED,d5bef20343e4f0a319155cba57ca3614fbb7174e0449dd24a86f3566b6f7ffc1,sentinel2,6ab4e2a5f14db36e2e6d88b9c9ae442dc8d3b592ac66b96290129935c9302a40,COPERNICUS/S2_SR_HARMONIZED/20240812T040549_20240812T040558_T47SNC,None,1723436268550,2024-08-25,2024-07-26,2024
AOI-00,1546767a1ff01463f1bf4ea81cd86b44fbf42ba20f48c2d45d50120a3bab3ca5,COPERNICUS/S2_SR_HARMONIZED,2024-08-17T04:17:59.232000+00:00,16.355884,,b21c8cc7f3d4d35e1db4dfa1c8245ff10ba657c0a0a001992b552808766cc49b,True,source-scenes-v1,47SNB,2024-08-10,Sentinel-2,05.11,05.11,S2A_MSIL2A_20240817T040541_N0511_R047_T47SNB_20240817T091554,HARMONIZED,d5bef20343e4f0a319155cba57ca3614fbb7174e0449dd24a86f3566b6f7ffc1,sentinel2,6ab4e2a5f14db36e2e6d88b9c9ae442dc8d3b592ac66b96290129935c9302a40,COPERNICUS/S2_SR_HARMONIZED/20240817T040541_20240817T040923_T47SNB,None,1723868279232,2024-08-25,2024-07-26,2024
AOI-00,1546767a1ff01463f1bf4ea81cd86b44fbf42ba20f48c2d45d50120a3bab3ca5,COPERNICUS/S2_SR_HARMONIZED,2024-08-17T04:17:44.710000+00:00,19.023742,,b21c8cc7f3d4d35e1db4dfa1c8245ff10ba657c0a0a001992b552808766cc49b,True,source-scenes-v1,47SNC,2024-08-10,Sentinel-2,05.11,05.11,S2A_MSIL2A_20240817T040541_N0511_R047_T47SNC_20240817T091554,HARMONIZED,d5bef20343e4f0a319155cba57ca3614fbb7174e0449dd24a86f3566b6f7ffc1,sentinel2,6ab4e2a5f14db36e2e6d88b9c9ae442dc8d3b592ac66b96290129935c9302a40,COPERNICUS/S2_SR_HARMONIZED/20240817T040541_20240817T040923_T47SNC,None,1723868264710,2024-08-25,2024-07-26,2024
AOI-00,1546767a1ff01463f1bf4ea81cd86b44fbf42ba20f48c2d45d50120a3bab3ca5,COPERNICUS/S2_SR_HARMONIZED,2024-08-22T04:17:58.248000+00:00,16.597944,,b21c8cc7f3d4d35e1db4dfa1c8245ff10ba657c0a0a001992b552808766cc49b,True,source-scenes-v1,47SNB,2024-08-10,Sentinel-2,05.11,05.11,S2B_MSIL2A_20240822T040539_N0511_R047_T47SNB_20240822T070855,HARMONIZED,d5bef20343e4f0a319155cba57ca3614fbb7174e0449dd24a86f3566b6f7ffc1,sentinel2,6ab4e2a5f14db36e2e6d88b9c9ae442dc8d3b592ac66b96290129935c9302a40,COPERNICUS/S2_SR_HARMONIZED/20240822T040539_20240822T040553_T47SNB,None,1724300278248,2024-08-25,2024-07-26,2024
AOI-00,1546767a1ff01463f1bf4ea81cd86b44fbf42ba20f48c2d45d50120a3bab3ca5,COPERNICUS/S2_SR_HARMONIZED,2024-08-22T04:17:43.724000+00:00,66.022849,,b21c8cc7f3d4d35e1db4dfa1c8245ff10ba657c0a0a001992b552808766cc49b,True,source-scenes-v1,47SNC,2024-08-10,Sentinel-2,05.11,05.11,S2B_MSIL2A_20240822T040539_N0511_R047_T47SNC_20240822T070855,HARMONIZED,d5bef20343e4f0a319155cba57ca3614fbb7174e0449dd24a86f3566b6f7ffc1,sentinel2,6ab4e2a5f14db36e2e6d88b9c9ae442dc8d3b592ac66b96290129935c9302a40,COPERNICUS/S2_SR_HARMONIZED/20240822T040539_20240822T040553_T47SNC,None,1724300263724,2024-08-25,2024-07-26,2024
AOI-00,1546767a1ff01463f1bf4ea81cd86b44fbf42ba20f48c2d45d50120a3bab3ca5,COPERNICUS/S2_SR_HARMONIZED,2025-07-08T04:18:02.337000+00:00,29.972279,,b21c8cc7f3d4d35e1db4dfa1c8245ff10ba657c0a0a001992b552808766cc49b,True,source-scenes-v1,47SNB,2025-07-20,Sentinel-2,05.11,05.11,S2B_MSIL2A_20250708T040549_N0511_R047_T47SNB_20250708T061407,HARMONIZED,1f5ed9257177943fbf4cf95d5700cacbbb83dd6247c73a7028bc9bf388e7ed3a,sentinel2,db1f32c4b41546b1c6cb2a336dd4aefb48a372f48d33dac2b2393e64ddfc755b,COPERNICUS/S2_SR_HARMONIZED/20250708T040549_20250708T041523_T47SNB,None,1751948282337,2025-08-04,2025-07-05,2025
AOI-00,1546767a1ff01463f1bf4ea81cd86b44fbf42ba20f48c2d45d50120a3bab3ca5,COPERNICUS/S2_SR_HARMONIZED,2025-07-08T04:17:47.801000+00:00,41.608247,,b21c8cc7f3d4d35e1db4dfa1c8245ff10ba657c0a0a001992b552808766cc49b,True,source-scenes-v1,47SNC,2025-07-20,Sentinel-2,05.11,05.11,S2B_MSIL2A_20250708T040549_N0511_R047_T47SNC_20250708T061407,HARMONIZED,1f5ed9257177943fbf4cf95d5700cacbbb83dd6247c73a7028bc9bf388e7ed3a,sentinel2,db1f32c4b41546b1c6cb2a336dd4aefb48a372f48d33dac2b2393e64ddfc755b,COPERNICUS/S2_SR_HARMONIZED/20250708T040549_20250708T041523_T47SNC,None,1751948267801,2025-08-04,2025-07-05,2025
AOI-00,1546767a1ff01463f1bf4ea81cd86b44fbf42ba20f48c2d45d50120a3bab3ca5,COPERNICUS/S2_SR_HARMONIZED,2025-07-13T04:18:22.048000+00:00,11.963683,,b21c8cc7f3d4d35e1db4dfa1c8245ff10ba657c0a0a001992b552808766cc49b,True,source-scenes-v1,47SNB,2025-07-20,Sentinel-2,05.11,05.11,S2C_MSIL2A_20250713T040611_N0511_R047_T47SNB_20250713T074706,HARMONIZED,1f5ed9257177943fbf4cf95d5700cacbbb83dd6247c73a7028bc9bf388e7ed3a,sentinel2,db1f32c4b41546b1c6cb2a336dd4aefb48a372f48d33dac2b2393e64ddfc755b,COPERNICUS/S2_SR_HARMONIZED/20250713T040611_20250713T040903_T47SNB,None,1752380302048,2025-08-04,2025-07-05,2025
AOI-00,1546767a1ff01463f1bf4ea81cd86b44fbf42ba20f48c2d45d50120a3bab3ca5,COPERNICUS/S2_SR_HARMONIZED,2025-07-13T04:18:07.492000+00:00,35.06816,,b21c8cc7f3d4d35e1db4dfa1c8245ff10ba657c0a0a001992b552808766cc49b,True,source-scenes-v1,47SNC,2025-07-20,Sentinel-2,05.11,05.11,S2C_MSIL2A_20250713T040611_N0511_R047_T47SNC_20250713T074706,HARMONIZED,1f5ed9257177943fbf4cf95d5700cacbbb83dd6247c73a7028bc9bf388e7ed3a,sentinel2,db1f32c4b41546b1c6cb2a336dd4aefb48a372f48d33dac2b2393e64ddfc755b,COPERNICUS/S2_SR_HARMONIZED/20250713T040611_20250713T040903_T47SNC,None,1752380287492,2025-08-04,2025-07-05,2025
AOI-00,1546767a1ff01463f1bf4ea81cd86b44fbf42ba20f48c2d45d50120a3bab3ca5,COPERNICUS/S2_SR_HARMONIZED,2025-07-15T04:18:18.142000+00:00,50.030947,,b21c8cc7f3d4d35e1db4dfa1c8245ff10ba657c0a0a001992b552808766cc49b,True,source-scenes-v1,47SNB,2025-07-20,Sentinel-2,05.11,05.11,S2A_MSIL2A_20250715T041221_N0511_R047_T47SNB_20250715T065814,HARMONIZED,1f5ed9257177943fbf4cf95d5700cacbbb83dd6247c73a7028bc9bf388e7ed3a,sentinel2,db1f32c4b41546b1c6cb2a336dd4aefb48a372f48d33dac2b2393e64ddfc755b,COPERNICUS/S2_SR_HARMONIZED/20250715T041221_20250715T041218_T47SNB,None,1752553098142,2025-08-04,2025-07-05,2025
AOI-00,1546767a1ff01463f1bf4ea81cd86b44fbf42ba20f48c2d45d50120a3bab3ca5,COPERNICUS/S2_SR_HARMONIZED,2025-07-15T04:18:03.595000+00:00,48.74571,,b21c8cc7f3d4d35e1db4dfa1c8245ff10ba657c0a0a001992b552808766cc49b,True,source-scenes-v1,47SNC,2025-07-20,Sentinel-2,05.11,05.11,S2A_MSIL2A_20250715T041221_N0511_R047_T47SNC_20250715T065814,HARMONIZED,1f5ed9257177943fbf4cf95d5700cacbbb83dd6247c73a7028bc9bf388e7ed3a,sentinel2,db1f32c4b41546b1c6cb2a336dd4aefb48a372f48d33dac2b2393e64ddfc755b,COPERNICUS/S2_SR_HARMONIZED/20250715T041221_20250715T041218_T47SNC,None,1752553083595,2025-08-04,2025-07-05,2025
AOI-00,1546767a1ff01463f1bf4ea81cd86b44fbf42ba20f48c2d45d50120a3bab3ca5,COPERNICUS/S2_SR_HARMONIZED,2025-07-18T04:18:01.917000+00:00,47.006646,,b21c8cc7f3d4d35e1db4dfa1c8245ff10ba657c0a0a001992b552808766cc49b,True,source-scenes-v1,47SNB,2025-07-20,Sentinel-2,05.11,05.11,S2B_MSIL2A_20250718T040549_N0511_R047_T47SNB_20250718T061604,HARMONIZED,1f5ed9257177943fbf4cf95d5700cacbbb83dd6247c73a7028bc9bf388e7ed3a,sentinel2,db1f32c4b41546b1c6cb2a336dd4aefb48a372f48d33dac2b2393e64ddfc755b,COPERNICUS/S2_SR_HARMONIZED/20250718T040549_20250718T041359_T47SNB,None,1752812281917,2025-08-04,2025-07-05,2025
AOI-00,1546767a1ff01463f1bf4ea81cd86b44fbf42ba20f48c2d45d50120a3bab3ca5,COPERNICUS/S2_SR_HARMONIZED,2025-07-28T04:17:59.817000+00:00,19.78799,,b21c8cc7f3d4d35e1db4dfa1c8245ff10ba657c0a0a001992b552808766cc49b,True,source-scenes-v1,47SNB,2025-07-20,Sentinel-2,05.11,05.11,S2B_MSIL2A_20250728T040549_N0511_R047_T47SNB_20250728T061537,HARMONIZED,1f5ed9257177943fbf4cf95d5700cacbbb83dd6247c73a7028bc9bf388e7ed3a,sentinel2,db1f32c4b41546b1c6cb2a336dd4aefb48a372f48d33dac2b2393e64ddfc755b,COPERNICUS/S2_SR_HARMONIZED/20250728T040549_20250728T041545_T47SNB,None,1753676279817,2025-08-04,2025-07-05,2025
AOI-00,1546767a1ff01463f1bf4ea81cd86b44fbf42ba20f48c2d45d50120a3bab3ca5,COPERNICUS/S2_SR_HARMONIZED,2025-07-28T04:17:45.296000+00:00,29.606238,,b21c8cc7f3d4d35e1db4dfa1c8245ff10ba657c0a0a001992b552808766cc49b,True,source-scenes-v1,47SNC,2025-07-20,Sentinel-2,05.11,05.11,S2B_MSIL2A_20250728T040549_N0511_R047_T47SNC_20250728T061537,HARMONIZED,1f5ed9257177943fbf4cf95d5700cacbbb83dd6247c73a7028bc9bf388e7ed3a,sentinel2,db1f32c4b41546b1c6cb2a336dd4aefb48a372f48d33dac2b2393e64ddfc755b,COPERNICUS/S2_SR_HARMONIZED/20250728T040549_20250728T041545_T47SNC,None,1753676265296,2025-08-04,2025-07-05,2025
AOI-00,1546767a1ff01463f1bf4ea81cd86b44fbf42ba20f48c2d45d50120a3bab3ca5,COPERNICUS/S2_SR_HARMONIZED,2025-08-02T04:18:19.431000+00:00,77.938813,,b21c8cc7f3d4d35e1db4dfa1c8245ff10ba657c0a0a001992b552808766cc49b,True,source-scenes-v1,47SNB,2025-07-20,Sentinel-2,05.11,05.11,S2C_MSIL2A_20250802T040601_N0511_R047_T47SNB_20250802T080014,HARMONIZED,1f5ed9257177943fbf4cf95d5700cacbbb83dd6247c73a7028bc9bf388e7ed3a,sentinel2,db1f32c4b41546b1c6cb2a336dd4aefb48a372f48d33dac2b2393e64ddfc755b,COPERNICUS/S2_SR_HARMONIZED/20250802T040601_20250802T040900_T47SNB,None,1754108299431,2025-08-04,2025-07-05,2025
AOI-00,1546767a1ff01463f1bf4ea81cd86b44fbf42ba20f48c2d45d50120a3bab3ca5,COPERNICUS/S2_SR_HARMONIZED,2025-08-02T04:18:04.888000+00:00,68.060905,,b21c8cc7f3d4d35e1db4dfa1c8245ff10ba657c0a0a001992b552808766cc49b,True,source-scenes-v1,47SNC,2025-07-20,Sentinel-2,05.11,05.11,S2C_MSIL2A_20250802T040601_N0511_R047_T47SNC_20250802T080014,HARMONIZED,1f5ed9257177943fbf4cf95d5700cacbbb83dd6247c73a7028bc9bf388e7ed3a,sentinel2,db1f32c4b41546b1c6cb2a336dd4aefb48a372f48d33dac2b2393e64ddfc755b,COPERNICUS/S2_SR_HARMONIZED/20250802T040601_20250802T040900_T47SNC,None,1754108284888,2025-08-04,2025-07-05,2025
AOI-00,1546767a1ff01463f1bf4ea81cd86b44fbf42ba20f48c2d45d50120a3bab3ca5,COPERNICUS/S2_SR_HARMONIZED,2025-08-07T04:18:00.219000+00:00,72.091842,OUTSIDE_NOMINAL_WINDOW,b21c8cc7f3d4d35e1db4dfa1c8245ff10ba657c0a0a001992b552808766cc49b,False,source-scenes-v1,47SNB,2025-07-20,Sentinel-2,05.11,05.11,S2B_MSIL2A_20250807T040549_N0511_R047_T47SNB_20250807T061520,HARMONIZED,1f5ed9257177943fbf4cf95d5700cacbbb83dd6247c73a7028bc9bf388e7ed3a,sentinel2,db1f32c4b41546b1c6cb2a336dd4aefb48a372f48d33dac2b2393e64ddfc755b,COPERNICUS/S2_SR_HARMONIZED/20250807T040549_20250807T041546_T47SNB,None,1754540280219,2025-08-04,2025-07-05,2025
AOI-00,1546767a1ff01463f1bf4ea81cd86b44fbf42ba20f48c2d45d50120a3bab3ca5,COPERNICUS/S2_SR_HARMONIZED,2025-08-12T04:18:17.787000+00:00,6.159883,OUTSIDE_NOMINAL_WINDOW,b21c8cc7f3d4d35e1db4dfa1c8245ff10ba657c0a0a001992b552808766cc49b,False,source-scenes-v1,47SNB,2025-07-20,Sentinel-2,05.11,05.11,S2C_MSIL2A_20250812T040601_N0511_R047_T47SNB_20250812T080016,HARMONIZED,1f5ed9257177943fbf4cf95d5700cacbbb83dd6247c73a7028bc9bf388e7ed3a,sentinel2,db1f32c4b41546b1c6cb2a336dd4aefb48a372f48d33dac2b2393e64ddfc755b,COPERNICUS/S2_SR_HARMONIZED/20250812T040601_20250812T040641_T47SNB,None,1754972297787,2025-08-04,2025-07-05,2025
AOI-00,1546767a1ff01463f1bf4ea81cd86b44fbf42ba20f48c2d45d50120a3bab3ca5,COPERNICUS/S2_SR_HARMONIZED,2025-08-12T04:18:03.245000+00:00,17.613548,OUTSIDE_NOMINAL_WINDOW,b21c8cc7f3d4d35e1db4dfa1c8245ff10ba657c0a0a001992b552808766cc49b,False,source-scenes-v1,47SNC,2025-07-20,Sentinel-2,05.11,05.11,S2C_MSIL2A_20250812T040601_N0511_R047_T47SNC_20250812T080016,HARMONIZED,1f5ed9257177943fbf4cf95d5700cacbbb83dd6247c73a7028bc9bf388e7ed3a,sentinel2,db1f32c4b41546b1c6cb2a336dd4aefb48a372f48d33dac2b2393e64ddfc755b,COPERNICUS/S2_SR_HARMONIZED/20250812T040601_20250812T040641_T47SNC,None,1754972283245,2025-08-04,2025-07-05,2025
AOI-00,1546767a1ff01463f1bf4ea81cd86b44fbf42ba20f48c2d45d50120a3bab3ca5,COPERNICUS/S2_SR_HARMONIZED,2025-08-17T04:17:46.591000+00:00,64.956027,OUTSIDE_NOMINAL_WINDOW,b21c8cc7f3d4d35e1db4dfa1c8245ff10ba657c0a0a001992b552808766cc49b,False,source-scenes-v1,47SNC,2025-07-20,Sentinel-2,05.11,05.11,S2B_MSIL2A_20250817T040549_N0511_R047_T47SNC_20250817T061451,HARMONIZED,1f5ed9257177943fbf4cf95d5700cacbbb83dd6247c73a7028bc9bf388e7ed3a,sentinel2,db1f32c4b41546b1c6cb2a336dd4aefb48a372f48d33dac2b2393e64ddfc755b,COPERNICUS/S2_SR_HARMONIZED/20250817T040549_20250817T041519_T47SNC,None,1755404266591,2025-08-04,2025-07-05,2025
AOI-00,1546767a1ff01463f1bf4ea81cd86b44fbf42ba20f48c2d45d50120a3bab3ca5,COPERNICUS/S2_SR_HARMONIZED,2025-08-22T04:18:18.345000+00:00,55.138159,OUTSIDE_NOMINAL_WINDOW,b21c8cc7f3d4d35e1db4dfa1c8245ff10ba657c0a0a001992b552808766cc49b,False,source-scenes-v1,47SNB,2025-07-20,Sentinel-2,05.11,05.11,S2C_MSIL2A_20250822T040601_N0511_R047_T47SNB_20250822T075914,HARMONIZED,1f5ed9257177943fbf4cf95d5700cacbbb83dd6247c73a7028bc9bf388e7ed3a,sentinel2,db1f32c4b41546b1c6cb2a336dd4aefb48a372f48d33dac2b2393e64ddfc755b,COPERNICUS/S2_SR_HARMONIZED/20250822T040601_20250822T040859_T47SNB,None,1755836298345,2025-08-04,2025-07-05,2025
AOI-00,1546767a1ff01463f1bf4ea81cd86b44fbf42ba20f48c2d45d50120a3bab3ca5,COPERNICUS/S2_SR_HARMONIZED,2025-08-22T04:18:03.796000+00:00,57.941747,OUTSIDE_NOMINAL_WINDOW,b21c8cc7f3d4d35e1db4dfa1c8245ff10ba657c0a0a001992b552808766cc49b,False,source-scenes-v1,47SNC,2025-07-20,Sentinel-2,05.11,05.11,S2C_MSIL2A_20250822T040601_N0511_R047_T47SNC_20250822T075914,HARMONIZED,1f5ed9257177943fbf4cf95d5700cacbbb83dd6247c73a7028bc9bf388e7ed3a,sentinel2,db1f32c4b41546b1c6cb2a336dd4aefb48a372f48d33dac2b2393e64ddfc755b,COPERNICUS/S2_SR_HARMONIZED/20250822T040601_20250822T040859_T47SNC,None,1755836283796,2025-08-04,2025-07-05,2025
AOI-00,1546767a1ff01463f1bf4ea81cd86b44fbf42ba20f48c2d45d50120a3bab3ca5,COPERNICUS/S2_SR_HARMONIZED,2025-08-24T04:18:13.116000+00:00,16.896968,OUTSIDE_NOMINAL_WINDOW,b21c8cc7f3d4d35e1db4dfa1c8245ff10ba657c0a0a001992b552808766cc49b,False,source-scenes-v1,47SNB,2025-07-20,Sentinel-2,05.11,05.11,S2A_MSIL2A_20250824T041211_N0511_R047_T47SNB_20250824T072021,HARMONIZED,1f5ed9257177943fbf4cf95d5700cacbbb83dd6247c73a7028bc9bf388e7ed3a,sentinel2,db1f32c4b41546b1c6cb2a336dd4aefb48a372f48d33dac2b2393e64ddfc755b,COPERNICUS/S2_SR_HARMONIZED/20250824T041211_20250824T041213_T47SNB,None,1756009093116,2025-08-04,2025-07-05,2025
AOI-00,1546767a1ff01463f1bf4ea81cd86b44fbf42ba20f48c2d45d50120a3bab3ca5,COPERNICUS/S2_SR_HARMONIZED,2025-08-24T04:17:58.582000+00:00,9.545933,OUTSIDE_NOMINAL_WINDOW,b21c8cc7f3d4d35e1db4dfa1c8245ff10ba657c0a0a001992b552808766cc49b,False,source-scenes-v1,47SNC,2025-07-20,Sentinel-2,05.11,05.11,S2A_MSIL2A_20250824T041211_N0511_R047_T47SNC_20250824T072021,HARMONIZED,1f5ed9257177943fbf4cf95d5700cacbbb83dd6247c73a7028bc9bf388e7ed3a,sentinel2,db1f32c4b41546b1c6cb2a336dd4aefb48a372f48d33dac2b2393e64ddfc755b,COPERNICUS/S2_SR_HARMONIZED/20250824T041211_20250824T041213_T47SNC,None,1756009078582,2025-08-04,2025-07-05,2025
AOI-00,1546767a1ff01463f1bf4ea81cd86b44fbf42ba20f48c2d45d50120a3bab3ca5,COPERNICUS/S2_SR_HARMONIZED,2025-07-08T04:18:02.337000+00:00,29.972279,OUTSIDE_NOMINAL_WINDOW,b21c8cc7f3d4d35e1db4dfa1c8245ff10ba657c0a0a001992b552808766cc49b,False,source-scenes-v1,47SNB,2025-07-31,Sentinel-2,05.11,05.11,S2B_MSIL2A_20250708T040549_N0511_R047_T47SNB_20250708T061407,HARMONIZED,8ee8554dc7da0e0eab94ff8861b9c3574e8829324a9852e4d506e8e8421a925a,sentinel2,137c64ff633141b652331bba3eda43647aed16a3be626de1846e39da3b514be3,COPERNICUS/S2_SR_HARMONIZED/20250708T040549_20250708T041523_T47SNB,None,1751948282337,2025-08-15,2025-07-16,2025
AOI-00,1546767a1ff01463f1bf4ea81cd86b44fbf42ba20f48c2d45d50120a3bab3ca5,COPERNICUS/S2_SR_HARMONIZED,2025-07-08T04:17:47.801000+00:00,41.608247,OUTSIDE_NOMINAL_WINDOW,b21c8cc7f3d4d35e1db4dfa1c8245ff10ba657c0a0a001992b552808766cc49b,False,source-scenes-v1,47SNC,2025-07-31,Sentinel-2,05.11,05.11,S2B_MSIL2A_20250708T040549_N0511_R047_T47SNC_20250708T061407,HARMONIZED,8ee8554dc7da0e0eab94ff8861b9c3574e8829324a9852e4d506e8e8421a925a,sentinel2,137c64ff633141b652331bba3eda43647aed16a3be626de1846e39da3b514be3,COPERNICUS/S2_SR_HARMONIZED/20250708T040549_20250708T041523_T47SNC,None,1751948267801,2025-08-15,2025-07-16,2025
AOI-00,1546767a1ff01463f1bf4ea81cd86b44fbf42ba20f48c2d45d50120a3bab3ca5,COPERNICUS/S2_SR_HARMONIZED,2025-07-13T04:18:22.048000+00:00,11.963683,OUTSIDE_NOMINAL_WINDOW,b21c8cc7f3d4d35e1db4dfa1c8245ff10ba657c0a0a001992b552808766cc49b,False,source-scenes-v1,47SNB,2025-07-31,Sentinel-2,05.11,05.11,S2C_MSIL2A_20250713T040611_N0511_R047_T47SNB_20250713T074706,HARMONIZED,8ee8554dc7da0e0eab94ff8861b9c3574e8829324a9852e4d506e8e8421a925a,sentinel2,137c64ff633141b652331bba3eda43647aed16a3be626de1846e39da3b514be3,COPERNICUS/S2_SR_HARMONIZED/20250713T040611_20250713T040903_T47SNB,None,1752380302048,2025-08-15,2025-07-16,2025
AOI-00,1546767a1ff01463f1bf4ea81cd86b44fbf42ba20f48c2d45d50120a3bab3ca5,COPERNICUS/S2_SR_HARMONIZED,2025-07-13T04:18:07.492000+00:00,35.06816,OUTSIDE_NOMINAL_WINDOW,b21c8cc7f3d4d35e1db4dfa1c8245ff10ba657c0a0a001992b552808766cc49b,False,source-scenes-v1,47SNC,2025-07-31,Sentinel-2,05.11,05.11,S2C_MSIL2A_20250713T040611_N0511_R047_T47SNC_20250713T074706,HARMONIZED,8ee8554dc7da0e0eab94ff8861b9c3574e8829324a9852e4d506e8e8421a925a,sentinel2,137c64ff633141b652331bba3eda43647aed16a3be626de1846e39da3b514be3,COPERNICUS/S2_SR_HARMONIZED/20250713T040611_20250713T040903_T47SNC,None,1752380287492,2025-08-15,2025-07-16,2025
AOI-00,1546767a1ff01463f1bf4ea81cd86b44fbf42ba20f48c2d45d50120a3bab3ca5,COPERNICUS/S2_SR_HARMONIZED,2025-07-15T04:18:18.142000+00:00,50.030947,OUTSIDE_NOMINAL_WINDOW,b21c8cc7f3d4d35e1db4dfa1c8245ff10ba657c0a0a001992b552808766cc49b,False,source-scenes-v1,47SNB,2025-07-31,Sentinel-2,05.11,05.11,S2A_MSIL2A_20250715T041221_N0511_R047_T47SNB_20250715T065814,HARMONIZED,8ee8554dc7da0e0eab94ff8861b9c3574e8829324a9852e4d506e8e8421a925a,sentinel2,137c64ff633141b652331bba3eda43647aed16a3be626de1846e39da3b514be3,COPERNICUS/S2_SR_HARMONIZED/20250715T041221_20250715T041218_T47SNB,None,1752553098142,2025-08-15,2025-07-16,2025
AOI-00,1546767a1ff01463f1bf4ea81cd86b44fbf42ba20f48c2d45d50120a3bab3ca5,COPERNICUS/S2_SR_HARMONIZED,2025-07-15T04:18:03.595000+00:00,48.74571,OUTSIDE_NOMINAL_WINDOW,b21c8cc7f3d4d35e1db4dfa1c8245ff10ba657c0a0a001992b552808766cc49b,False,source-scenes-v1,47SNC,2025-07-31,Sentinel-2,05.11,05.11,S2A_MSIL2A_20250715T041221_N0511_R047_T47SNC_20250715T065814,HARMONIZED,8ee8554dc7da0e0eab94ff8861b9c3574e8829324a9852e4d506e8e8421a925a,sentinel2,137c64ff633141b652331bba3eda43647aed16a3be626de1846e39da3b514be3,COPERNICUS/S2_SR_HARMONIZED/20250715T041221_20250715T041218_T47SNC,None,1752553083595,2025-08-15,2025-07-16,2025
AOI-00,1546767a1ff01463f1bf4ea81cd86b44fbf42ba20f48c2d45d50120a3bab3ca5,COPERNICUS/S2_SR_HARMONIZED,2025-07-18T04:18:01.917000+00:00,47.006646,,b21c8cc7f3d4d35e1db4dfa1c8245ff10ba657c0a0a001992b552808766cc49b,True,source-scenes-v1,47SNB,2025-07-31,Sentinel-2,05.11,05.11,S2B_MSIL2A_20250718T040549_N0511_R047_T47SNB_20250718T061604,HARMONIZED,8ee8554dc7da0e0eab94ff8861b9c3574e8829324a9852e4d506e8e8421a925a,sentinel2,137c64ff633141b652331bba3eda43647aed16a3be626de1846e39da3b514be3,COPERNICUS/S2_SR_HARMONIZED/20250718T040549_20250718T041359_T47SNB,None,1752812281917,2025-08-15,2025-07-16,2025
AOI-00,1546767a1ff01463f1bf4ea81cd86b44fbf42ba20f48c2d45d50120a3bab3ca5,COPERNICUS/S2_SR_HARMONIZED,2025-07-28T04:17:59.817000+00:00,19.78799,,b21c8cc7f3d4d35e1db4dfa1c8245ff10ba657c0a0a001992b552808766cc49b,True,source-scenes-v1,47SNB,2025-07-31,Sentinel-2,05.11,05.11,S2B_MSIL2A_20250728T040549_N0511_R047_T47SNB_20250728T061537,HARMONIZED,8ee8554dc7da0e0eab94ff8861b9c3574e8829324a9852e4d506e8e8421a925a,sentinel2,137c64ff633141b652331bba3eda43647aed16a3be626de1846e39da3b514be3,COPERNICUS/S2_SR_HARMONIZED/20250728T040549_20250728T041545_T47SNB,None,1753676279817,2025-08-15,2025-07-16,2025
AOI-00,1546767a1ff01463f1bf4ea81cd86b44fbf42ba20f48c2d45d50120a3bab3ca5,COPERNICUS/S2_SR_HARMONIZED,2025-07-28T04:17:45.296000+00:00,29.606238,,b21c8cc7f3d4d35e1db4dfa1c8245ff10ba657c0a0a001992b552808766cc49b,True,source-scenes-v1,47SNC,2025-07-31,Sentinel-2,05.11,05.11,S2B_MSIL2A_20250728T040549_N0511_R047_T47SNC_20250728T061537,HARMONIZED,8ee8554dc7da0e0eab94ff8861b9c3574e8829324a9852e4d506e8e8421a925a,sentinel2,137c64ff633141b652331bba3eda43647aed16a3be626de1846e39da3b514be3,COPERNICUS/S2_SR_HARMONIZED/20250728T040549_20250728T041545_T47SNC,None,1753676265296,2025-08-15,2025-07-16,2025
AOI-00,1546767a1ff01463f1bf4ea81cd86b44fbf42ba20f48c2d45d50120a3bab3ca5,COPERNICUS/S2_SR_HARMONIZED,2025-08-02T04:18:19.431000+00:00,77.938813,,b21c8cc7f3d4d35e1db4dfa1c8245ff10ba657c0a0a001992b552808766cc49b,True,source-scenes-v1,47SNB,2025-07-31,Sentinel-2,05.11,05.11,S2C_MSIL2A_20250802T040601_N0511_R047_T47SNB_20250802T080014,HARMONIZED,8ee8554dc7da0e0eab94ff8861b9c3574e8829324a9852e4d506e8e8421a925a,sentinel2,137c64ff633141b652331bba3eda43647aed16a3be626de1846e39da3b514be3,COPERNICUS/S2_SR_HARMONIZED/20250802T040601_20250802T040900_T47SNB,None,1754108299431,2025-08-15,2025-07-16,2025
AOI-00,1546767a1ff01463f1bf4ea81cd86b44fbf42ba20f48c2d45d50120a3bab3ca5,COPERNICUS/S2_SR_HARMONIZED,2025-08-02T04:18:04.888000+00:00,68.060905,,b21c8cc7f3d4d35e1db4dfa1c8245ff10ba657c0a0a001992b552808766cc49b,True,source-scenes-v1,47SNC,2025-07-31,Sentinel-2,05.11,05.11,S2C_MSIL2A_20250802T040601_N0511_R047_T47SNC_20250802T080014,HARMONIZED,8ee8554dc7da0e0eab94ff8861b9c3574e8829324a9852e4d506e8e8421a925a,sentinel2,137c64ff633141b652331bba3eda43647aed16a3be626de1846e39da3b514be3,COPERNICUS/S2_SR_HARMONIZED/20250802T040601_20250802T040900_T47SNC,None,1754108284888,2025-08-15,2025-07-16,2025
AOI-00,1546767a1ff01463f1bf4ea81cd86b44fbf42ba20f48c2d45d50120a3bab3ca5,COPERNICUS/S2_SR_HARMONIZED,2025-08-07T04:18:00.219000+00:00,72.091842,,b21c8cc7f3d4d35e1db4dfa1c8245ff10ba657c0a0a001992b552808766cc49b,True,source-scenes-v1,47SNB,2025-07-31,Sentinel-2,05.11,05.11,S2B_MSIL2A_20250807T040549_N0511_R047_T47SNB_20250807T061520,HARMONIZED,8ee8554dc7da0e0eab94ff8861b9c3574e8829324a9852e4d506e8e8421a925a,sentinel2,137c64ff633141b652331bba3eda43647aed16a3be626de1846e39da3b514be3,COPERNICUS/S2_SR_HARMONIZED/20250807T040549_20250807T041546_T47SNB,None,1754540280219,2025-08-15,2025-07-16,2025
AOI-00,1546767a1ff01463f1bf4ea81cd86b44fbf42ba20f48c2d45d50120a3bab3ca5,COPERNICUS/S2_SR_HARMONIZED,2025-08-12T04:18:17.787000+00:00,6.159883,,b21c8cc7f3d4d35e1db4dfa1c8245ff10ba657c0a0a001992b552808766cc49b,True,source-scenes-v1,47SNB,2025-07-31,Sentinel-2,05.11,05.11,S2C_MSIL2A_20250812T040601_N0511_R047_T47SNB_20250812T080016,HARMONIZED,8ee8554dc7da0e0eab94ff8861b9c3574e8829324a9852e4d506e8e8421a925a,sentinel2,137c64ff633141b652331bba3eda43647aed16a3be626de1846e39da3b514be3,COPERNICUS/S2_SR_HARMONIZED/20250812T040601_20250812T040641_T47SNB,None,1754972297787,2025-08-15,2025-07-16,2025
AOI-00,1546767a1ff01463f1bf4ea81cd86b44fbf42ba20f48c2d45d50120a3bab3ca5,COPERNICUS/S2_SR_HARMONIZED,2025-08-12T04:18:03.245000+00:00,17.613548,,b21c8cc7f3d4d35e1db4dfa1c8245ff10ba657c0a0a001992b552808766cc49b,True,source-scenes-v1,47SNC,2025-07-31,Sentinel-2,05.11,05.11,S2C_MSIL2A_20250812T040601_N0511_R047_T47SNC_20250812T080016,HARMONIZED,8ee8554dc7da0e0eab94ff8861b9c3574e8829324a9852e4d506e8e8421a925a,sentinel2,137c64ff633141b652331bba3eda43647aed16a3be626de1846e39da3b514be3,COPERNICUS/S2_SR_HARMONIZED/20250812T040601_20250812T040641_T47SNC,None,1754972283245,2025-08-15,2025-07-16,2025
AOI-00,1546767a1ff01463f1bf4ea81cd86b44fbf42ba20f48c2d45d50120a3bab3ca5,COPERNICUS/S2_SR_HARMONIZED,2025-08-17T04:17:46.591000+00:00,64.956027,OUTSIDE_NOMINAL_WINDOW,b21c8cc7f3d4d35e1db4dfa1c8245ff10ba657c0a0a001992b552808766cc49b,False,source-scenes-v1,47SNC,2025-07-31,Sentinel-2,05.11,05.11,S2B_MSIL2A_20250817T040549_N0511_R047_T47SNC_20250817T061451,HARMONIZED,8ee8554dc7da0e0eab94ff8861b9c3574e8829324a9852e4d506e8e8421a925a,sentinel2,137c64ff633141b652331bba3eda43647aed16a3be626de1846e39da3b514be3,COPERNICUS/S2_SR_HARMONIZED/20250817T040549_20250817T041519_T47SNC,None,1755404266591,2025-08-15,2025-07-16,2025
AOI-00,1546767a1ff01463f1bf4ea81cd86b44fbf42ba20f48c2d45d50120a3bab3ca5,COPERNICUS/S2_SR_HARMONIZED,2025-08-22T04:18:18.345000+00:00,55.138159,OUTSIDE_NOMINAL_WINDOW,b21c8cc7f3d4d35e1db4dfa1c8245ff10ba657c0a0a001992b552808766cc49b,False,source-scenes-v1,47SNB,2025-07-31,Sentinel-2,05.11,05.11,S2C_MSIL2A_20250822T040601_N0511_R047_T47SNB_20250822T075914,HARMONIZED,8ee8554dc7da0e0eab94ff8861b9c3574e8829324a9852e4d506e8e8421a925a,sentinel2,137c64ff633141b652331bba3eda43647aed16a3be626de1846e39da3b514be3,COPERNICUS/S2_SR_HARMONIZED/20250822T040601_20250822T040859_T47SNB,None,1755836298345,2025-08-15,2025-07-16,2025
AOI-00,1546767a1ff01463f1bf4ea81cd86b44fbf42ba20f48c2d45d50120a3bab3ca5,COPERNICUS/S2_SR_HARMONIZED,2025-08-22T04:18:03.796000+00:00,57.941747,OUTSIDE_NOMINAL_WINDOW,b21c8cc7f3d4d35e1db4dfa1c8245ff10ba657c0a0a001992b552808766cc49b,False,source-scenes-v1,47SNC,2025-07-31,Sentinel-2,05.11,05.11,S2C_MSIL2A_20250822T040601_N0511_R047_T47SNC_20250822T075914,HARMONIZED,8ee8554dc7da0e0eab94ff8861b9c3574e8829324a9852e4d506e8e8421a925a,sentinel2,137c64ff633141b652331bba3eda43647aed16a3be626de1846e39da3b514be3,COPERNICUS/S2_SR_HARMONIZED/20250822T040601_20250822T040859_T47SNC,None,1755836283796,2025-08-15,2025-07-16,2025
AOI-00,1546767a1ff01463f1bf4ea81cd86b44fbf42ba20f48c2d45d50120a3bab3ca5,COPERNICUS/S2_SR_HARMONIZED,2025-08-24T04:18:13.116000+00:00,16.896968,OUTSIDE_NOMINAL_WINDOW,b21c8cc7f3d4d35e1db4dfa1c8245ff10ba657c0a0a001992b552808766cc49b,False,source-scenes-v1,47SNB,2025-07-31,Sentinel-2,05.11,05.11,S2A_MSIL2A_20250824T041211_N0511_R047_T47SNB_20250824T072021,HARMONIZED,8ee8554dc7da0e0eab94ff8861b9c3574e8829324a9852e4d506e8e8421a925a,sentinel2,137c64ff633141b652331bba3eda43647aed16a3be626de1846e39da3b514be3,COPERNICUS/S2_SR_HARMONIZED/20250824T041211_20250824T041213_T47SNB,None,1756009093116,2025-08-15,2025-07-16,2025
AOI-00,1546767a1ff01463f1bf4ea81cd86b44fbf42ba20f48c2d45d50120a3bab3ca5,COPERNICUS/S2_SR_HARMONIZED,2025-08-24T04:17:58.582000+00:00,9.545933,OUTSIDE_NOMINAL_WINDOW,b21c8cc7f3d4d35e1db4dfa1c8245ff10ba657c0a0a001992b552808766cc49b,False,source-scenes-v1,47SNC,2025-07-31,Sentinel-2,05.11,05.11,S2A_MSIL2A_20250824T041211_N0511_R047_T47SNC_20250824T072021,HARMONIZED,8ee8554dc7da0e0eab94ff8861b9c3574e8829324a9852e4d506e8e8421a925a,sentinel2,137c64ff633141b652331bba3eda43647aed16a3be626de1846e39da3b514be3,COPERNICUS/S2_SR_HARMONIZED/20250824T041211_20250824T041213_T47SNC,None,1756009078582,2025-08-15,2025-07-16,2025
AOI-00,1546767a1ff01463f1bf4ea81cd86b44fbf42ba20f48c2d45d50120a3bab3ca5,COPERNICUS/S2_SR_HARMONIZED,2025-07-08T04:18:02.337000+00:00,29.972279,OUTSIDE_NOMINAL_WINDOW,b21c8cc7f3d4d35e1db4dfa1c8245ff10ba657c0a0a001992b552808766cc49b,False,source-scenes-v1,47SNB,2025-08-10,Sentinel-2,05.11,05.11,S2B_MSIL2A_20250708T040549_N0511_R047_T47SNB_20250708T061407,HARMONIZED,dec243ed1e68f409077caf057b26cc240aa52f5b7317b9c7668b2d8bc7d39313,sentinel2,99aae0f4b986de4105d70408a94de1bbba5d1c299f3580cf91287615a6614ce1,COPERNICUS/S2_SR_HARMONIZED/20250708T040549_20250708T041523_T47SNB,None,1751948282337,2025-08-25,2025-07-26,2025
AOI-00,1546767a1ff01463f1bf4ea81cd86b44fbf42ba20f48c2d45d50120a3bab3ca5,COPERNICUS/S2_SR_HARMONIZED,2025-07-08T04:17:47.801000+00:00,41.608247,OUTSIDE_NOMINAL_WINDOW,b21c8cc7f3d4d35e1db4dfa1c8245ff10ba657c0a0a001992b552808766cc49b,False,source-scenes-v1,47SNC,2025-08-10,Sentinel-2,05.11,05.11,S2B_MSIL2A_20250708T040549_N0511_R047_T47SNC_20250708T061407,HARMONIZED,dec243ed1e68f409077caf057b26cc240aa52f5b7317b9c7668b2d8bc7d39313,sentinel2,99aae0f4b986de4105d70408a94de1bbba5d1c299f3580cf91287615a6614ce1,COPERNICUS/S2_SR_HARMONIZED/20250708T040549_20250708T041523_T47SNC,None,1751948267801,2025-08-25,2025-07-26,2025
AOI-00,1546767a1ff01463f1bf4ea81cd86b44fbf42ba20f48c2d45d50120a3bab3ca5,COPERNICUS/S2_SR_HARMONIZED,2025-07-13T04:18:22.048000+00:00,11.963683,OUTSIDE_NOMINAL_WINDOW,b21c8cc7f3d4d35e1db4dfa1c8245ff10ba657c0a0a001992b552808766cc49b,False,source-scenes-v1,47SNB,2025-08-10,Sentinel-2,05.11,05.11,S2C_MSIL2A_20250713T040611_N0511_R047_T47SNB_20250713T074706,HARMONIZED,dec243ed1e68f409077caf057b26cc240aa52f5b7317b9c7668b2d8bc7d39313,sentinel2,99aae0f4b986de4105d70408a94de1bbba5d1c299f3580cf91287615a6614ce1,COPERNICUS/S2_SR_HARMONIZED/20250713T040611_20250713T040903_T47SNB,None,1752380302048,2025-08-25,2025-07-26,2025
AOI-00,1546767a1ff01463f1bf4ea81cd86b44fbf42ba20f48c2d45d50120a3bab3ca5,COPERNICUS/S2_SR_HARMONIZED,2025-07-13T04:18:07.492000+00:00,35.06816,OUTSIDE_NOMINAL_WINDOW,b21c8cc7f3d4d35e1db4dfa1c8245ff10ba657c0a0a001992b552808766cc49b,False,source-scenes-v1,47SNC,2025-08-10,Sentinel-2,05.11,05.11,S2C_MSIL2A_20250713T040611_N0511_R047_T47SNC_20250713T074706,HARMONIZED,dec243ed1e68f409077caf057b26cc240aa52f5b7317b9c7668b2d8bc7d39313,sentinel2,99aae0f4b986de4105d70408a94de1bbba5d1c299f3580cf91287615a6614ce1,COPERNICUS/S2_SR_HARMONIZED/20250713T040611_20250713T040903_T47SNC,None,1752380287492,2025-08-25,2025-07-26,2025
AOI-00,1546767a1ff01463f1bf4ea81cd86b44fbf42ba20f48c2d45d50120a3bab3ca5,COPERNICUS/S2_SR_HARMONIZED,2025-07-15T04:18:18.142000+00:00,50.030947,OUTSIDE_NOMINAL_WINDOW,b21c8cc7f3d4d35e1db4dfa1c8245ff10ba657c0a0a001992b552808766cc49b,False,source-scenes-v1,47SNB,2025-08-10,Sentinel-2,05.11,05.11,S2A_MSIL2A_20250715T041221_N0511_R047_T47SNB_20250715T065814,HARMONIZED,dec243ed1e68f409077caf057b26cc240aa52f5b7317b9c7668b2d8bc7d39313,sentinel2,99aae0f4b986de4105d70408a94de1bbba5d1c299f3580cf91287615a6614ce1,COPERNICUS/S2_SR_HARMONIZED/20250715T041221_20250715T041218_T47SNB,None,1752553098142,2025-08-25,2025-07-26,2025
AOI-00,1546767a1ff01463f1bf4ea81cd86b44fbf42ba20f48c2d45d50120a3bab3ca5,COPERNICUS/S2_SR_HARMONIZED,2025-07-15T04:18:03.595000+00:00,48.74571,OUTSIDE_NOMINAL_WINDOW,b21c8cc7f3d4d35e1db4dfa1c8245ff10ba657c0a0a001992b552808766cc49b,False,source-scenes-v1,47SNC,2025-08-10,Sentinel-2,05.11,05.11,S2A_MSIL2A_20250715T041221_N0511_R047_T47SNC_20250715T065814,HARMONIZED,dec243ed1e68f409077caf057b26cc240aa52f5b7317b9c7668b2d8bc7d39313,sentinel2,99aae0f4b986de4105d70408a94de1bbba5d1c299f3580cf91287615a6614ce1,COPERNICUS/S2_SR_HARMONIZED/20250715T041221_20250715T041218_T47SNC,None,1752553083595,2025-08-25,2025-07-26,2025
AOI-00,1546767a1ff01463f1bf4ea81cd86b44fbf42ba20f48c2d45d50120a3bab3ca5,COPERNICUS/S2_SR_HARMONIZED,2025-07-18T04:18:01.917000+00:00,47.006646,OUTSIDE_NOMINAL_WINDOW,b21c8cc7f3d4d35e1db4dfa1c8245ff10ba657c0a0a001992b552808766cc49b,False,source-scenes-v1,47SNB,2025-08-10,Sentinel-2,05.11,05.11,S2B_MSIL2A_20250718T040549_N0511_R047_T47SNB_20250718T061604,HARMONIZED,dec243ed1e68f409077caf057b26cc240aa52f5b7317b9c7668b2d8bc7d39313,sentinel2,99aae0f4b986de4105d70408a94de1bbba5d1c299f3580cf91287615a6614ce1,COPERNICUS/S2_SR_HARMONIZED/20250718T040549_20250718T041359_T47SNB,None,1752812281917,2025-08-25,2025-07-26,2025
AOI-00,1546767a1ff01463f1bf4ea81cd86b44fbf42ba20f48c2d45d50120a3bab3ca5,COPERNICUS/S2_SR_HARMONIZED,2025-07-28T04:17:59.817000+00:00,19.78799,,b21c8cc7f3d4d35e1db4dfa1c8245ff10ba657c0a0a001992b552808766cc49b,True,source-scenes-v1,47SNB,2025-08-10,Sentinel-2,05.11,05.11,S2B_MSIL2A_20250728T040549_N0511_R047_T47SNB_20250728T061537,HARMONIZED,dec243ed1e68f409077caf057b26cc240aa52f5b7317b9c7668b2d8bc7d39313,sentinel2,99aae0f4b986de4105d70408a94de1bbba5d1c299f3580cf91287615a6614ce1,COPERNICUS/S2_SR_HARMONIZED/20250728T040549_20250728T041545_T47SNB,None,1753676279817,2025-08-25,2025-07-26,2025
AOI-00,1546767a1ff01463f1bf4ea81cd86b44fbf42ba20f48c2d45d50120a3bab3ca5,COPERNICUS/S2_SR_HARMONIZED,2025-07-28T04:17:45.296000+00:00,29.606238,,b21c8cc7f3d4d35e1db4dfa1c8245ff10ba657c0a0a001992b552808766cc49b,True,source-scenes-v1,47SNC,2025-08-10,Sentinel-2,05.11,05.11,S2B_MSIL2A_20250728T040549_N0511_R047_T47SNC_20250728T061537,HARMONIZED,dec243ed1e68f409077caf057b26cc240aa52f5b7317b9c7668b2d8bc7d39313,sentinel2,99aae0f4b986de4105d70408a94de1bbba5d1c299f3580cf91287615a6614ce1,COPERNICUS/S2_SR_HARMONIZED/20250728T040549_20250728T041545_T47SNC,None,1753676265296,2025-08-25,2025-07-26,2025
AOI-00,1546767a1ff01463f1bf4ea81cd86b44fbf42ba20f48c2d45d50120a3bab3ca5,COPERNICUS/S2_SR_HARMONIZED,2025-08-02T04:18:19.431000+00:00,77.938813,,b21c8cc7f3d4d35e1db4dfa1c8245ff10ba657c0a0a001992b552808766cc49b,True,source-scenes-v1,47SNB,2025-08-10,Sentinel-2,05.11,05.11,S2C_MSIL2A_20250802T040601_N0511_R047_T47SNB_20250802T080014,HARMONIZED,dec243ed1e68f409077caf057b26cc240aa52f5b7317b9c7668b2d8bc7d39313,sentinel2,99aae0f4b986de4105d70408a94de1bbba5d1c299f3580cf91287615a6614ce1,COPERNICUS/S2_SR_HARMONIZED/20250802T040601_20250802T040900_T47SNB,None,1754108299431,2025-08-25,2025-07-26,2025
AOI-00,1546767a1ff01463f1bf4ea81cd86b44fbf42ba20f48c2d45d50120a3bab3ca5,COPERNICUS/S2_SR_HARMONIZED,2025-08-02T04:18:04.888000+00:00,68.060905,,b21c8cc7f3d4d35e1db4dfa1c8245ff10ba657c0a0a001992b552808766cc49b,True,source-scenes-v1,47SNC,2025-08-10,Sentinel-2,05.11,05.11,S2C_MSIL2A_20250802T040601_N0511_R047_T47SNC_20250802T080014,HARMONIZED,dec243ed1e68f409077caf057b26cc240aa52f5b7317b9c7668b2d8bc7d39313,sentinel2,99aae0f4b986de4105d70408a94de1bbba5d1c299f3580cf91287615a6614ce1,COPERNICUS/S2_SR_HARMONIZED/20250802T040601_20250802T040900_T47SNC,None,1754108284888,2025-08-25,2025-07-26,2025
AOI-00,1546767a1ff01463f1bf4ea81cd86b44fbf42ba20f48c2d45d50120a3bab3ca5,COPERNICUS/S2_SR_HARMONIZED,2025-08-07T04:18:00.219000+00:00,72.091842,,b21c8cc7f3d4d35e1db4dfa1c8245ff10ba657c0a0a001992b552808766cc49b,True,source-scenes-v1,47SNB,2025-08-10,Sentinel-2,05.11,05.11,S2B_MSIL2A_20250807T040549_N0511_R047_T47SNB_20250807T061520,HARMONIZED,dec243ed1e68f409077caf057b26cc240aa52f5b7317b9c7668b2d8bc7d39313,sentinel2,99aae0f4b986de4105d70408a94de1bbba5d1c299f3580cf91287615a6614ce1,COPERNICUS/S2_SR_HARMONIZED/20250807T040549_20250807T041546_T47SNB,None,1754540280219,2025-08-25,2025-07-26,2025
AOI-00,1546767a1ff01463f1bf4ea81cd86b44fbf42ba20f48c2d45d50120a3bab3ca5,COPERNICUS/S2_SR_HARMONIZED,2025-08-12T04:18:17.787000+00:00,6.159883,,b21c8cc7f3d4d35e1db4dfa1c8245ff10ba657c0a0a001992b552808766cc49b,True,source-scenes-v1,47SNB,2025-08-10,Sentinel-2,05.11,05.11,S2C_MSIL2A_20250812T040601_N0511_R047_T47SNB_20250812T080016,HARMONIZED,dec243ed1e68f409077caf057b26cc240aa52f5b7317b9c7668b2d8bc7d39313,sentinel2,99aae0f4b986de4105d70408a94de1bbba5d1c299f3580cf91287615a6614ce1,COPERNICUS/S2_SR_HARMONIZED/20250812T040601_20250812T040641_T47SNB,None,1754972297787,2025-08-25,2025-07-26,2025
AOI-00,1546767a1ff01463f1bf4ea81cd86b44fbf42ba20f48c2d45d50120a3bab3ca5,COPERNICUS/S2_SR_HARMONIZED,2025-08-12T04:18:03.245000+00:00,17.613548,,b21c8cc7f3d4d35e1db4dfa1c8245ff10ba657c0a0a001992b552808766cc49b,True,source-scenes-v1,47SNC,2025-08-10,Sentinel-2,05.11,05.11,S2C_MSIL2A_20250812T040601_N0511_R047_T47SNC_20250812T080016,HARMONIZED,dec243ed1e68f409077caf057b26cc240aa52f5b7317b9c7668b2d8bc7d39313,sentinel2,99aae0f4b986de4105d70408a94de1bbba5d1c299f3580cf91287615a6614ce1,COPERNICUS/S2_SR_HARMONIZED/20250812T040601_20250812T040641_T47SNC,None,1754972283245,2025-08-25,2025-07-26,2025
AOI-00,1546767a1ff01463f1bf4ea81cd86b44fbf42ba20f48c2d45d50120a3bab3ca5,COPERNICUS/S2_SR_HARMONIZED,2025-08-17T04:17:46.591000+00:00,64.956027,,b21c8cc7f3d4d35e1db4dfa1c8245ff10ba657c0a0a001992b552808766cc49b,True,source-scenes-v1,47SNC,2025-08-10,Sentinel-2,05.11,05.11,S2B_MSIL2A_20250817T040549_N0511_R047_T47SNC_20250817T061451,HARMONIZED,dec243ed1e68f409077caf057b26cc240aa52f5b7317b9c7668b2d8bc7d39313,sentinel2,99aae0f4b986de4105d70408a94de1bbba5d1c299f3580cf91287615a6614ce1,COPERNICUS/S2_SR_HARMONIZED/20250817T040549_20250817T041519_T47SNC,None,1755404266591,2025-08-25,2025-07-26,2025
AOI-00,1546767a1ff01463f1bf4ea81cd86b44fbf42ba20f48c2d45d50120a3bab3ca5,COPERNICUS/S2_SR_HARMONIZED,2025-08-22T04:18:18.345000+00:00,55.138159,,b21c8cc7f3d4d35e1db4dfa1c8245ff10ba657c0a0a001992b552808766cc49b,True,source-scenes-v1,47SNB,2025-08-10,Sentinel-2,05.11,05.11,S2C_MSIL2A_20250822T040601_N0511_R047_T47SNB_20250822T075914,HARMONIZED,dec243ed1e68f409077caf057b26cc240aa52f5b7317b9c7668b2d8bc7d39313,sentinel2,99aae0f4b986de4105d70408a94de1bbba5d1c299f3580cf91287615a6614ce1,COPERNICUS/S2_SR_HARMONIZED/20250822T040601_20250822T040859_T47SNB,None,1755836298345,2025-08-25,2025-07-26,2025
AOI-00,1546767a1ff01463f1bf4ea81cd86b44fbf42ba20f48c2d45d50120a3bab3ca5,COPERNICUS/S2_SR_HARMONIZED,2025-08-22T04:18:03.796000+00:00,57.941747,,b21c8cc7f3d4d35e1db4dfa1c8245ff10ba657c0a0a001992b552808766cc49b,True,source-scenes-v1,47SNC,2025-08-10,Sentinel-2,05.11,05.11,S2C_MSIL2A_20250822T040601_N0511_R047_T47SNC_20250822T075914,HARMONIZED,dec243ed1e68f409077caf057b26cc240aa52f5b7317b9c7668b2d8bc7d39313,sentinel2,99aae0f4b986de4105d70408a94de1bbba5d1c299f3580cf91287615a6614ce1,COPERNICUS/S2_SR_HARMONIZED/20250822T040601_20250822T040859_T47SNC,None,1755836283796,2025-08-25,2025-07-26,2025
AOI-00,1546767a1ff01463f1bf4ea81cd86b44fbf42ba20f48c2d45d50120a3bab3ca5,COPERNICUS/S2_SR_HARMONIZED,2025-08-24T04:18:13.116000+00:00,16.896968,,b21c8cc7f3d4d35e1db4dfa1c8245ff10ba657c0a0a001992b552808766cc49b,True,source-scenes-v1,47SNB,2025-08-10,Sentinel-2,05.11,05.11,S2A_MSIL2A_20250824T041211_N0511_R047_T47SNB_20250824T072021,HARMONIZED,dec243ed1e68f409077caf057b26cc240aa52f5b7317b9c7668b2d8bc7d39313,sentinel2,99aae0f4b986de4105d70408a94de1bbba5d1c299f3580cf91287615a6614ce1,COPERNICUS/S2_SR_HARMONIZED/20250824T041211_20250824T041213_T47SNB,None,1756009093116,2025-08-25,2025-07-26,2025
AOI-00,1546767a1ff01463f1bf4ea81cd86b44fbf42ba20f48c2d45d50120a3bab3ca5,COPERNICUS/S2_SR_HARMONIZED,2025-08-24T04:17:58.582000+00:00,9.545933,,b21c8cc7f3d4d35e1db4dfa1c8245ff10ba657c0a0a001992b552808766cc49b,True,source-scenes-v1,47SNC,2025-08-10,Sentinel-2,05.11,05.11,S2A_MSIL2A_20250824T041211_N0511_R047_T47SNC_20250824T072021,HARMONIZED,dec243ed1e68f409077caf057b26cc240aa52f5b7317b9c7668b2d8bc7d39313,sentinel2,99aae0f4b986de4105d70408a94de1bbba5d1c299f3580cf91287615a6614ce1,COPERNICUS/S2_SR_HARMONIZED/20250824T041211_20250824T041213_T47SNC,None,1756009078582,2025-08-25,2025-07-26,2025
AOI-01,18ae788e0cf1ef68015dfee09e2ef7a0a1af4676e0b5d436994b707dfe92dec3,COPERNICUS/S2_SR_HARMONIZED,2021-07-05T04:38:26.026000+00:00,42.067017,,b21c8cc7f3d4d35e1db4dfa1c8245ff10ba657c0a0a001992b552808766cc49b,True,source-scenes-v1,46SEF,2021-07-20,Sentinel-2,03.01,03.01,S2B_MSIL2A_20210705T042709_N0301_R133_T46SEF_20210705T072955,HARMONIZED,ba643b75bb9496c34107ad491bbd8369006185d8bacf94f887b50aaf0797e722,sentinel2,6509d06450bc86519a3eb07b5efe3e1a67b40dbc6198ad567e674f541af2d1e8,COPERNICUS/S2_SR_HARMONIZED/20210705T042709_20210705T042712_T46SEF,None,1625459906026,2021-08-04,2021-07-05,2021
AOI-01,18ae788e0cf1ef68015dfee09e2ef7a0a1af4676e0b5d436994b707dfe92dec3,COPERNICUS/S2_SR_HARMONIZED,2021-07-10T04:38:27.389000+00:00,56.154907,,b21c8cc7f3d4d35e1db4dfa1c8245ff10ba657c0a0a001992b552808766cc49b,True,source-scenes-v1,46SEF,2021-07-20,Sentinel-2,03.01,03.01,S2A_MSIL2A_20210710T042711_N0301_R133_T46SEF_20210710T071314,HARMONIZED,ba643b75bb9496c34107ad491bbd8369006185d8bacf94f887b50aaf0797e722,sentinel2,6509d06450bc86519a3eb07b5efe3e1a67b40dbc6198ad567e674f541af2d1e8,COPERNICUS/S2_SR_HARMONIZED/20210710T042711_20210710T043216_T46SEF,None,1625891907389,2021-08-04,2021-07-05,2021
AOI-01,18ae788e0cf1ef68015dfee09e2ef7a0a1af4676e0b5d436994b707dfe92dec3,COPERNICUS/S2_SR_HARMONIZED,2021-07-15T04:38:26.522000+00:00,30.298081,,b21c8cc7f3d4d35e1db4dfa1c8245ff10ba657c0a0a001992b552808766cc49b,True,source-scenes-v1,46SEF,2021-07-20,Sentinel-2,03.01,03.01,S2B_MSIL2A_20210715T042709_N0301_R133_T46SEF_20210715T072717,HARMONIZED,ba643b75bb9496c34107ad491bbd8369006185d8bacf94f887b50aaf0797e722,sentinel2,6509d06450bc86519a3eb07b5efe3e1a67b40dbc6198ad567e674f541af2d1e8,COPERNICUS/S2_SR_HARMONIZED/20210715T042709_20210715T043027_T46SEF,None,1626323906522,2021-08-04,2021-07-05,2021
AOI-01,18ae788e0cf1ef68015dfee09e2ef7a0a1af4676e0b5d436994b707dfe92dec3,COPERNICUS/S2_SR_HARMONIZED,2021-07-18T04:48:22.388000+00:00,8.001562,,b21c8cc7f3d4d35e1db4dfa1c8245ff10ba657c0a0a001992b552808766cc49b,True,source-scenes-v1,46SEF,2021-07-20,Sentinel-2,03.01,03.01,S2B_MSIL2A_20210718T043709_N0301_R033_T46SEF_20210718T074104,HARMONIZED,ba643b75bb9496c34107ad491bbd8369006185d8bacf94f887b50aaf0797e722,sentinel2,6509d06450bc86519a3eb07b5efe3e1a67b40dbc6198ad567e674f541af2d1e8,COPERNICUS/S2_SR_HARMONIZED/20210718T043709_20210718T043934_T46SEF,None,1626583702388,2021-08-04,2021-07-05,2021
AOI-01,18ae788e0cf1ef68015dfee09e2ef7a0a1af4676e0b5d436994b707dfe92dec3,COPERNICUS/S2_SR_HARMONIZED,2021-07-28T04:48:22.194000+00:00,5.511624,,b21c8cc7f3d4d35e1db4dfa1c8245ff10ba657c0a0a001992b552808766cc49b,True,source-scenes-v1,46SEF,2021-07-20,Sentinel-2,03.01,03.01,S2B_MSIL2A_20210728T043659_N0301_R033_T46SEF_20210728T074117,HARMONIZED,ba643b75bb9496c34107ad491bbd8369006185d8bacf94f887b50aaf0797e722,sentinel2,6509d06450bc86519a3eb07b5efe3e1a67b40dbc6198ad567e674f541af2d1e8,COPERNICUS/S2_SR_HARMONIZED/20210728T043659_20210728T044455_T46SEF,None,1627447702194,2021-08-04,2021-07-05,2021
AOI-01,18ae788e0cf1ef68015dfee09e2ef7a0a1af4676e0b5d436994b707dfe92dec3,COPERNICUS/S2_SR_HARMONIZED,2021-07-30T04:38:27.773000+00:00,0.004778,,b21c8cc7f3d4d35e1db4dfa1c8245ff10ba657c0a0a001992b552808766cc49b,True,source-scenes-v1,46SEF,2021-07-20,Sentinel-2,05.00,05.00,S2A_MSIL2A_20210730T042711_N0500_R133_T46SEF_20230124T103647,HARMONIZED,ba643b75bb9496c34107ad491bbd8369006185d8bacf94f887b50aaf0797e722,sentinel2,6509d06450bc86519a3eb07b5efe3e1a67b40dbc6198ad567e674f541af2d1e8,COPERNICUS/S2_SR_HARMONIZED/20210730T042711_20210730T043749_T46SEF,None,1627619907773,2021-08-04,2021-07-05,2021
AOI-01,18ae788e0cf1ef68015dfee09e2ef7a0a1af4676e0b5d436994b707dfe92dec3,COPERNICUS/S2_SR_HARMONIZED,2021-08-04T04:38:25.844000+00:00,16.718863,,b21c8cc7f3d4d35e1db4dfa1c8245ff10ba657c0a0a001992b552808766cc49b,True,source-scenes-v1,46SEF,2021-07-20,Sentinel-2,03.01,03.01,S2B_MSIL2A_20210804T042709_N0301_R133_T46SEF_20210804T072809,HARMONIZED,ba643b75bb9496c34107ad491bbd8369006185d8bacf94f887b50aaf0797e722,sentinel2,6509d06450bc86519a3eb07b5efe3e1a67b40dbc6198ad567e674f541af2d1e8,COPERNICUS/S2_SR_HARMONIZED/20210804T042709_20210804T042712_T46SEF,None,1628051905844,2021-08-04,2021-07-05,2021
AOI-01,18ae788e0cf1ef68015dfee09e2ef7a0a1af4676e0b5d436994b707dfe92dec3,COPERNICUS/S2_SR_HARMONIZED,2021-08-07T04:48:21.406000+00:00,62.944494,OUTSIDE_NOMINAL_WINDOW,b21c8cc7f3d4d35e1db4dfa1c8245ff10ba657c0a0a001992b552808766cc49b,False,source-scenes-v1,46SEF,2021-07-20,Sentinel-2,03.01,03.01,S2B_MSIL2A_20210807T043659_N0301_R033_T46SEF_20210807T073746,HARMONIZED,ba643b75bb9496c34107ad491bbd8369006185d8bacf94f887b50aaf0797e722,sentinel2,6509d06450bc86519a3eb07b5efe3e1a67b40dbc6198ad567e674f541af2d1e8,COPERNICUS/S2_SR_HARMONIZED/20210807T043659_20210807T043901_T46SEF,None,1628311701406,2021-08-04,2021-07-05,2021
AOI-01,18ae788e0cf1ef68015dfee09e2ef7a0a1af4676e0b5d436994b707dfe92dec3,COPERNICUS/S2_SR_HARMONIZED,2021-08-12T04:48:22.915000+00:00,0.718622,OUTSIDE_NOMINAL_WINDOW,b21c8cc7f3d4d35e1db4dfa1c8245ff10ba657c0a0a001992b552808766cc49b,False,source-scenes-v1,46SEF,2021-07-20,Sentinel-2,05.00,05.00,S2A_MSIL2A_20210812T043701_N0500_R033_T46SEF_20230119T102951,HARMONIZED,ba643b75bb9496c34107ad491bbd8369006185d8bacf94f887b50aaf0797e722,sentinel2,6509d06450bc86519a3eb07b5efe3e1a67b40dbc6198ad567e674f541af2d1e8,COPERNICUS/S2_SR_HARMONIZED/20210812T043701_20210812T044448_T46SEF,None,1628743702915,2021-08-04,2021-07-05,2021
AOI-01,18ae788e0cf1ef68015dfee09e2ef7a0a1af4676e0b5d436994b707dfe92dec3,COPERNICUS/S2_SR_HARMONIZED,2021-08-14T04:38:24.699000+00:00,11.546143,OUTSIDE_NOMINAL_WINDOW,b21c8cc7f3d4d35e1db4dfa1c8245ff10ba657c0a0a001992b552808766cc49b,False,source-scenes-v1,46SEF,2021-07-20,Sentinel-2,03.01,03.01,S2B_MSIL2A_20210814T042709_N0301_R133_T46SEF_20210814T072447,HARMONIZED,ba643b75bb9496c34107ad491bbd8369006185d8bacf94f887b50aaf0797e722,sentinel2,6509d06450bc86519a3eb07b5efe3e1a67b40dbc6198ad567e674f541af2d1e8,COPERNICUS/S2_SR_HARMONIZED/20210814T042709_20210814T042819_T46SEF,None,1628915904699,2021-08-04,2021-07-05,2021
AOI-01,18ae788e0cf1ef68015dfee09e2ef7a0a1af4676e0b5d436994b707dfe92dec3,COPERNICUS/S2_SR_HARMONIZED,2021-08-17T04:48:20.089000+00:00,61.40932,OUTSIDE_NOMINAL_WINDOW,b21c8cc7f3d4d35e1db4dfa1c8245ff10ba657c0a0a001992b552808766cc49b,False,source-scenes-v1,46SEF,2021-07-20,Sentinel-2,03.01,03.01,S2B_MSIL2A_20210817T043659_N0301_R033_T46SEF_20210817T073839,HARMONIZED,ba643b75bb9496c34107ad491bbd8369006185d8bacf94f887b50aaf0797e722,sentinel2,6509d06450bc86519a3eb07b5efe3e1a67b40dbc6198ad567e674f541af2d1e8,COPERNICUS/S2_SR_HARMONIZED/20210817T043659_20210817T044018_T46SEF,None,1629175700089,2021-08-04,2021-07-05,2021
AOI-01,18ae788e0cf1ef68015dfee09e2ef7a0a1af4676e0b5d436994b707dfe92dec3,COPERNICUS/S2_SR_HARMONIZED,2021-08-19T04:38:26.832000+00:00,61.9909,OUTSIDE_NOMINAL_WINDOW,b21c8cc7f3d4d35e1db4dfa1c8245ff10ba657c0a0a001992b552808766cc49b,False,source-scenes-v1,46SEF,2021-07-20,Sentinel-2,03.01,03.01,S2A_MSIL2A_20210819T042711_N0301_R133_T46SEF_20210819T070655,HARMONIZED,ba643b75bb9496c34107ad491bbd8369006185d8bacf94f887b50aaf0797e722,sentinel2,6509d06450bc86519a3eb07b5efe3e1a67b40dbc6198ad567e674f541af2d1e8,COPERNICUS/S2_SR_HARMONIZED/20210819T042711_20210819T043408_T46SEF,None,1629347906832,2021-08-04,2021-07-05,2021
AOI-01,18ae788e0cf1ef68015dfee09e2ef7a0a1af4676e0b5d436994b707dfe92dec3,COPERNICUS/S2_SR_HARMONIZED,2021-08-22T04:48:22.528000+00:00,0.914333,OUTSIDE_NOMINAL_WINDOW,b21c8cc7f3d4d35e1db4dfa1c8245ff10ba657c0a0a001992b552808766cc49b,False,source-scenes-v1,46SEF,2021-07-20,Sentinel-2,05.00,05.00,S2A_MSIL2A_20210822T043701_N0500_R033_T46SEF_20230120T090612,HARMONIZED,ba643b75bb9496c34107ad491bbd8369006185d8bacf94f887b50aaf0797e722,sentinel2,6509d06450bc86519a3eb07b5efe3e1a67b40dbc6198ad567e674f541af2d1e8,COPERNICUS/S2_SR_HARMONIZED/20210822T043701_20210822T044448_T46SEF,None,1629607702528,2021-08-04,2021-07-05,2021
AOI-01,18ae788e0cf1ef68015dfee09e2ef7a0a1af4676e0b5d436994b707dfe92dec3,COPERNICUS/S2_SR_HARMONIZED,2021-08-24T04:38:23.054000+00:00,17.914546,OUTSIDE_NOMINAL_WINDOW,b21c8cc7f3d4d35e1db4dfa1c8245ff10ba657c0a0a001992b552808766cc49b,False,source-scenes-v1,46SEF,2021-07-20,Sentinel-2,03.01,03.01,S2B_MSIL2A_20210824T042659_N0301_R133_T46SEF_20210824T074038,HARMONIZED,ba643b75bb9496c34107ad491bbd8369006185d8bacf94f887b50aaf0797e722,sentinel2,6509d06450bc86519a3eb07b5efe3e1a67b40dbc6198ad567e674f541af2d1e8,COPERNICUS/S2_SR_HARMONIZED/20210824T042659_20210824T043002_T46SEF,None,1629779903054,2021-08-04,2021-07-05,2021
AOI-01,18ae788e0cf1ef68015dfee09e2ef7a0a1af4676e0b5d436994b707dfe92dec3,COPERNICUS/S2_SR_HARMONIZED,2021-07-05T04:38:26.026000+00:00,42.067017,OUTSIDE_NOMINAL_WINDOW,b21c8cc7f3d4d35e1db4dfa1c8245ff10ba657c0a0a001992b552808766cc49b,False,source-scenes-v1,46SEF,2021-07-31,Sentinel-2,03.01,03.01,S2B_MSIL2A_20210705T042709_N0301_R133_T46SEF_20210705T072955,HARMONIZED,47a4ca44eefede38f6a36b4ce845b6dab88d7065300f395f958d26ab618e76ea,sentinel2,3038c416626d19d74181fe395e39e807a9722bc8aa2dbcae671e847016504b56,COPERNICUS/S2_SR_HARMONIZED/20210705T042709_20210705T042712_T46SEF,None,1625459906026,2021-08-15,2021-07-16,2021
AOI-01,18ae788e0cf1ef68015dfee09e2ef7a0a1af4676e0b5d436994b707dfe92dec3,COPERNICUS/S2_SR_HARMONIZED,2021-07-10T04:38:27.389000+00:00,56.154907,OUTSIDE_NOMINAL_WINDOW,b21c8cc7f3d4d35e1db4dfa1c8245ff10ba657c0a0a001992b552808766cc49b,False,source-scenes-v1,46SEF,2021-07-31,Sentinel-2,03.01,03.01,S2A_MSIL2A_20210710T042711_N0301_R133_T46SEF_20210710T071314,HARMONIZED,47a4ca44eefede38f6a36b4ce845b6dab88d7065300f395f958d26ab618e76ea,sentinel2,3038c416626d19d74181fe395e39e807a9722bc8aa2dbcae671e847016504b56,COPERNICUS/S2_SR_HARMONIZED/20210710T042711_20210710T043216_T46SEF,None,1625891907389,2021-08-15,2021-07-16,2021
AOI-01,18ae788e0cf1ef68015dfee09e2ef7a0a1af4676e0b5d436994b707dfe92dec3,COPERNICUS/S2_SR_HARMONIZED,2021-07-15T04:38:26.522000+00:00,30.298081,OUTSIDE_NOMINAL_WINDOW,b21c8cc7f3d4d35e1db4dfa1c8245ff10ba657c0a0a001992b552808766cc49b,False,source-scenes-v1,46SEF,2021-07-31,Sentinel-2,03.01,03.01,S2B_MSIL2A_20210715T042709_N0301_R133_T46SEF_20210715T072717,HARMONIZED,47a4ca44eefede38f6a36b4ce845b6dab88d7065300f395f958d26ab618e76ea,sentinel2,3038c416626d19d74181fe395e39e807a9722bc8aa2dbcae671e847016504b56,COPERNICUS/S2_SR_HARMONIZED/20210715T042709_20210715T043027_T46SEF,None,1626323906522,2021-08-15,2021-07-16,2021
AOI-01,18ae788e0cf1ef68015dfee09e2ef7a0a1af4676e0b5d436994b707dfe92dec3,COPERNICUS/S2_SR_HARMONIZED,2021-07-18T04:48:22.388000+00:00,8.001562,,b21c8cc7f3d4d35e1db4dfa1c8245ff10ba657c0a0a001992b552808766cc49b,True,source-scenes-v1,46SEF,2021-07-31,Sentinel-2,03.01,03.01,S2B_MSIL2A_20210718T043709_N0301_R033_T46SEF_20210718T074104,HARMONIZED,47a4ca44eefede38f6a36b4ce845b6dab88d7065300f395f958d26ab618e76ea,sentinel2,3038c416626d19d74181fe395e39e807a9722bc8aa2dbcae671e847016504b56,COPERNICUS/S2_SR_HARMONIZED/20210718T043709_20210718T043934_T46SEF,None,1626583702388,2021-08-15,2021-07-16,2021
AOI-01,18ae788e0cf1ef68015dfee09e2ef7a0a1af4676e0b5d436994b707dfe92dec3,COPERNICUS/S2_SR_HARMONIZED,2021-07-28T04:48:22.194000+00:00,5.511624,,b21c8cc7f3d4d35e1db4dfa1c8245ff10ba657c0a0a001992b552808766cc49b,True,source-scenes-v1,46SEF,2021-07-31,Sentinel-2,03.01,03.01,S2B_MSIL2A_20210728T043659_N0301_R033_T46SEF_20210728T074117,HARMONIZED,47a4ca44eefede38f6a36b4ce845b6dab88d7065300f395f958d26ab618e76ea,sentinel2,3038c416626d19d74181fe395e39e807a9722bc8aa2dbcae671e847016504b56,COPERNICUS/S2_SR_HARMONIZED/20210728T043659_20210728T044455_T46SEF,None,1627447702194,2021-08-15,2021-07-16,2021
AOI-01,18ae788e0cf1ef68015dfee09e2ef7a0a1af4676e0b5d436994b707dfe92dec3,COPERNICUS/S2_SR_HARMONIZED,2021-07-30T04:38:27.773000+00:00,0.004778,,b21c8cc7f3d4d35e1db4dfa1c8245ff10ba657c0a0a001992b552808766cc49b,True,source-scenes-v1,46SEF,2021-07-31,Sentinel-2,05.00,05.00,S2A_MSIL2A_20210730T042711_N0500_R133_T46SEF_20230124T103647,HARMONIZED,47a4ca44eefede38f6a36b4ce845b6dab88d7065300f395f958d26ab618e76ea,sentinel2,3038c416626d19d74181fe395e39e807a9722bc8aa2dbcae671e847016504b56,COPERNICUS/S2_SR_HARMONIZED/20210730T042711_20210730T043749_T46SEF,None,1627619907773,2021-08-15,2021-07-16,2021
AOI-01,18ae788e0cf1ef68015dfee09e2ef7a0a1af4676e0b5d436994b707dfe92dec3,COPERNICUS/S2_SR_HARMONIZED,2021-08-04T04:38:25.844000+00:00,16.718863,,b21c8cc7f3d4d35e1db4dfa1c8245ff10ba657c0a0a001992b552808766cc49b,True,source-scenes-v1,46SEF,2021-07-31,Sentinel-2,03.01,03.01,S2B_MSIL2A_20210804T042709_N0301_R133_T46SEF_20210804T072809,HARMONIZED,47a4ca44eefede38f6a36b4ce845b6dab88d7065300f395f958d26ab618e76ea,sentinel2,3038c416626d19d74181fe395e39e807a9722bc8aa2dbcae671e847016504b56,COPERNICUS/S2_SR_HARMONIZED/20210804T042709_20210804T042712_T46SEF,None,1628051905844,2021-08-15,2021-07-16,2021
AOI-01,18ae788e0cf1ef68015dfee09e2ef7a0a1af4676e0b5d436994b707dfe92dec3,COPERNICUS/S2_SR_HARMONIZED,2021-08-07T04:48:21.406000+00:00,62.944494,,b21c8cc7f3d4d35e1db4dfa1c8245ff10ba657c0a0a001992b552808766cc49b,True,source-scenes-v1,46SEF,2021-07-31,Sentinel-2,03.01,03.01,S2B_MSIL2A_20210807T043659_N0301_R033_T46SEF_20210807T073746,HARMONIZED,47a4ca44eefede38f6a36b4ce845b6dab88d7065300f395f958d26ab618e76ea,sentinel2,3038c416626d19d74181fe395e39e807a9722bc8aa2dbcae671e847016504b56,COPERNICUS/S2_SR_HARMONIZED/20210807T043659_20210807T043901_T46SEF,None,1628311701406,2021-08-15,2021-07-16,2021
AOI-01,18ae788e0cf1ef68015dfee09e2ef7a0a1af4676e0b5d436994b707dfe92dec3,COPERNICUS/S2_SR_HARMONIZED,2021-08-12T04:48:22.915000+00:00,0.718622,,b21c8cc7f3d4d35e1db4dfa1c8245ff10ba657c0a0a001992b552808766cc49b,True,source-scenes-v1,46SEF,2021-07-31,Sentinel-2,05.00,05.00,S2A_MSIL2A_20210812T043701_N0500_R033_T46SEF_20230119T102951,HARMONIZED,47a4ca44eefede38f6a36b4ce845b6dab88d7065300f395f958d26ab618e76ea,sentinel2,3038c416626d19d74181fe395e39e807a9722bc8aa2dbcae671e847016504b56,COPERNICUS/S2_SR_HARMONIZED/20210812T043701_20210812T044448_T46SEF,None,1628743702915,2021-08-15,2021-07-16,2021
AOI-01,18ae788e0cf1ef68015dfee09e2ef7a0a1af4676e0b5d436994b707dfe92dec3,COPERNICUS/S2_SR_HARMONIZED,2021-08-14T04:38:24.699000+00:00,11.546143,,b21c8cc7f3d4d35e1db4dfa1c8245ff10ba657c0a0a001992b552808766cc49b,True,source-scenes-v1,46SEF,2021-07-31,Sentinel-2,03.01,03.01,S2B_MSIL2A_20210814T042709_N0301_R133_T46SEF_20210814T072447,HARMONIZED,47a4ca44eefede38f6a36b4ce845b6dab88d7065300f395f958d26ab618e76ea,sentinel2,3038c416626d19d74181fe395e39e807a9722bc8aa2dbcae671e847016504b56,COPERNICUS/S2_SR_HARMONIZED/20210814T042709_20210814T042819_T46SEF,None,1628915904699,2021-08-15,2021-07-16,2021
AOI-01,18ae788e0cf1ef68015dfee09e2ef7a0a1af4676e0b5d436994b707dfe92dec3,COPERNICUS/S2_SR_HARMONIZED,2021-08-17T04:48:20.089000+00:00,61.40932,OUTSIDE_NOMINAL_WINDOW,b21c8cc7f3d4d35e1db4dfa1c8245ff10ba657c0a0a001992b552808766cc49b,False,source-scenes-v1,46SEF,2021-07-31,Sentinel-2,03.01,03.01,S2B_MSIL2A_20210817T043659_N0301_R033_T46SEF_20210817T073839,HARMONIZED,47a4ca44eefede38f6a36b4ce845b6dab88d7065300f395f958d26ab618e76ea,sentinel2,3038c416626d19d74181fe395e39e807a9722bc8aa2dbcae671e847016504b56,COPERNICUS/S2_SR_HARMONIZED/20210817T043659_20210817T044018_T46SEF,None,1629175700089,2021-08-15,2021-07-16,2021
AOI-01,18ae788e0cf1ef68015dfee09e2ef7a0a1af4676e0b5d436994b707dfe92dec3,COPERNICUS/S2_SR_HARMONIZED,2021-08-19T04:38:26.832000+00:00,61.9909,OUTSIDE_NOMINAL_WINDOW,b21c8cc7f3d4d35e1db4dfa1c8245ff10ba657c0a0a001992b552808766cc49b,False,source-scenes-v1,46SEF,2021-07-31,Sentinel-2,03.01,03.01,S2A_MSIL2A_20210819T042711_N0301_R133_T46SEF_20210819T070655,HARMONIZED,47a4ca44eefede38f6a36b4ce845b6dab88d7065300f395f958d26ab618e76ea,sentinel2,3038c416626d19d74181fe395e39e807a9722bc8aa2dbcae671e847016504b56,COPERNICUS/S2_SR_HARMONIZED/20210819T042711_20210819T043408_T46SEF,None,1629347906832,2021-08-15,2021-07-16,2021
AOI-01,18ae788e0cf1ef68015dfee09e2ef7a0a1af4676e0b5d436994b707dfe92dec3,COPERNICUS/S2_SR_HARMONIZED,2021-08-22T04:48:22.528000+00:00,0.914333,OUTSIDE_NOMINAL_WINDOW,b21c8cc7f3d4d35e1db4dfa1c8245ff10ba657c0a0a001992b552808766cc49b,False,source-scenes-v1,46SEF,2021-07-31,Sentinel-2,05.00,05.00,S2A_MSIL2A_20210822T043701_N0500_R033_T46SEF_20230120T090612,HARMONIZED,47a4ca44eefede38f6a36b4ce845b6dab88d7065300f395f958d26ab618e76ea,sentinel2,3038c416626d19d74181fe395e39e807a9722bc8aa2dbcae671e847016504b56,COPERNICUS/S2_SR_HARMONIZED/20210822T043701_20210822T044448_T46SEF,None,1629607702528,2021-08-15,2021-07-16,2021
AOI-01,18ae788e0cf1ef68015dfee09e2ef7a0a1af4676e0b5d436994b707dfe92dec3,COPERNICUS/S2_SR_HARMONIZED,2021-08-24T04:38:23.054000+00:00,17.914546,OUTSIDE_NOMINAL_WINDOW,b21c8cc7f3d4d35e1db4dfa1c8245ff10ba657c0a0a001992b552808766cc49b,False,source-scenes-v1,46SEF,2021-07-31,Sentinel-2,03.01,03.01,S2B_MSIL2A_20210824T042659_N0301_R133_T46SEF_20210824T074038,HARMONIZED,47a4ca44eefede38f6a36b4ce845b6dab88d7065300f395f958d26ab618e76ea,sentinel2,3038c416626d19d74181fe395e39e807a9722bc8aa2dbcae671e847016504b56,COPERNICUS/S2_SR_HARMONIZED/20210824T042659_20210824T043002_T46SEF,None,1629779903054,2021-08-15,2021-07-16,2021
AOI-01,18ae788e0cf1ef68015dfee09e2ef7a0a1af4676e0b5d436994b707dfe92dec3,COPERNICUS/S2_SR_HARMONIZED,2021-07-05T04:38:26.026000+00:00,42.067017,OUTSIDE_NOMINAL_WINDOW,b21c8cc7f3d4d35e1db4dfa1c8245ff10ba657c0a0a001992b552808766cc49b,False,source-scenes-v1,46SEF,2021-08-10,Sentinel-2,03.01,03.01,S2B_MSIL2A_20210705T042709_N0301_R133_T46SEF_20210705T072955,HARMONIZED,164f7be21ed49cfe29da83e96e6ad6ad63e4ecbc90e8c1b80755329d08109197,sentinel2,728c2d08a5dfb218f2a1014734b46ab3b803f3a93ea45035f4e50c6edf1ec462,COPERNICUS/S2_SR_HARMONIZED/20210705T042709_20210705T042712_T46SEF,None,1625459906026,2021-08-25,2021-07-26,2021
AOI-01,18ae788e0cf1ef68015dfee09e2ef7a0a1af4676e0b5d436994b707dfe92dec3,COPERNICUS/S2_SR_HARMONIZED,2021-07-10T04:38:27.389000+00:00,56.154907,OUTSIDE_NOMINAL_WINDOW,b21c8cc7f3d4d35e1db4dfa1c8245ff10ba657c0a0a001992b552808766cc49b,False,source-scenes-v1,46SEF,2021-08-10,Sentinel-2,03.01,03.01,S2A_MSIL2A_20210710T042711_N0301_R133_T46SEF_20210710T071314,HARMONIZED,164f7be21ed49cfe29da83e96e6ad6ad63e4ecbc90e8c1b80755329d08109197,sentinel2,728c2d08a5dfb218f2a1014734b46ab3b803f3a93ea45035f4e50c6edf1ec462,COPERNICUS/S2_SR_HARMONIZED/20210710T042711_20210710T043216_T46SEF,None,1625891907389,2021-08-25,2021-07-26,2021
AOI-01,18ae788e0cf1ef68015dfee09e2ef7a0a1af4676e0b5d436994b707dfe92dec3,COPERNICUS/S2_SR_HARMONIZED,2021-07-15T04:38:26.522000+00:00,30.298081,OUTSIDE_NOMINAL_WINDOW,b21c8cc7f3d4d35e1db4dfa1c8245ff10ba657c0a0a001992b552808766cc49b,False,source-scenes-v1,46SEF,2021-08-10,Sentinel-2,03.01,03.01,S2B_MSIL2A_20210715T042709_N0301_R133_T46SEF_20210715T072717,HARMONIZED,164f7be21ed49cfe29da83e96e6ad6ad63e4ecbc90e8c1b80755329d08109197,sentinel2,728c2d08a5dfb218f2a1014734b46ab3b803f3a93ea45035f4e50c6edf1ec462,COPERNICUS/S2_SR_HARMONIZED/20210715T042709_20210715T043027_T46SEF,None,1626323906522,2021-08-25,2021-07-26,2021
AOI-01,18ae788e0cf1ef68015dfee09e2ef7a0a1af4676e0b5d436994b707dfe92dec3,COPERNICUS/S2_SR_HARMONIZED,2021-07-18T04:48:22.388000+00:00,8.001562,OUTSIDE_NOMINAL_WINDOW,b21c8cc7f3d4d35e1db4dfa1c8245ff10ba657c0a0a001992b552808766cc49b,False,source-scenes-v1,46SEF,2021-08-10,Sentinel-2,03.01,03.01,S2B_MSIL2A_20210718T043709_N0301_R033_T46SEF_20210718T074104,HARMONIZED,164f7be21ed49cfe29da83e96e6ad6ad63e4ecbc90e8c1b80755329d08109197,sentinel2,728c2d08a5dfb218f2a1014734b46ab3b803f3a93ea45035f4e50c6edf1ec462,COPERNICUS/S2_SR_HARMONIZED/20210718T043709_20210718T043934_T46SEF,None,1626583702388,2021-08-25,2021-07-26,2021
AOI-01,18ae788e0cf1ef68015dfee09e2ef7a0a1af4676e0b5d436994b707dfe92dec3,COPERNICUS/S2_SR_HARMONIZED,2021-07-28T04:48:22.194000+00:00,5.511624,,b21c8cc7f3d4d35e1db4dfa1c8245ff10ba657c0a0a001992b552808766cc49b,True,source-scenes-v1,46SEF,2021-08-10,Sentinel-2,03.01,03.01,S2B_MSIL2A_20210728T043659_N0301_R033_T46SEF_20210728T074117,HARMONIZED,164f7be21ed49cfe29da83e96e6ad6ad63e4ecbc90e8c1b80755329d08109197,sentinel2,728c2d08a5dfb218f2a1014734b46ab3b803f3a93ea45035f4e50c6edf1ec462,COPERNICUS/S2_SR_HARMONIZED/20210728T043659_20210728T044455_T46SEF,None,1627447702194,2021-08-25,2021-07-26,2021
AOI-01,18ae788e0cf1ef68015dfee09e2ef7a0a1af4676e0b5d436994b707dfe92dec3,COPERNICUS/S2_SR_HARMONIZED,2021-07-30T04:38:27.773000+00:00,0.004778,,b21c8cc7f3d4d35e1db4dfa1c8245ff10ba657c0a0a001992b552808766cc49b,True,source-scenes-v1,46SEF,2021-08-10,Sentinel-2,05.00,05.00,S2A_MSIL2A_20210730T042711_N0500_R133_T46SEF_20230124T103647,HARMONIZED,164f7be21ed49cfe29da83e96e6ad6ad63e4ecbc90e8c1b80755329d08109197,sentinel2,728c2d08a5dfb218f2a1014734b46ab3b803f3a93ea45035f4e50c6edf1ec462,COPERNICUS/S2_SR_HARMONIZED/20210730T042711_20210730T043749_T46SEF,None,1627619907773,2021-08-25,2021-07-26,2021
AOI-01,18ae788e0cf1ef68015dfee09e2ef7a0a1af4676e0b5d436994b707dfe92dec3,COPERNICUS/S2_SR_HARMONIZED,2021-08-04T04:38:25.844000+00:00,16.718863,,b21c8cc7f3d4d35e1db4dfa1c8245ff10ba657c0a0a001992b552808766cc49b,True,source-scenes-v1,46SEF,2021-08-10,Sentinel-2,03.01,03.01,S2B_MSIL2A_20210804T042709_N0301_R133_T46SEF_20210804T072809,HARMONIZED,164f7be21ed49cfe29da83e96e6ad6ad63e4ecbc90e8c1b80755329d08109197,sentinel2,728c2d08a5dfb218f2a1014734b46ab3b803f3a93ea45035f4e50c6edf1ec462,COPERNICUS/S2_SR_HARMONIZED/20210804T042709_20210804T042712_T46SEF,None,1628051905844,2021-08-25,2021-07-26,2021
AOI-01,18ae788e0cf1ef68015dfee09e2ef7a0a1af4676e0b5d436994b707dfe92dec3,COPERNICUS/S2_SR_HARMONIZED,2021-08-07T04:48:21.406000+00:00,62.944494,,b21c8cc7f3d4d35e1db4dfa1c8245ff10ba657c0a0a001992b552808766cc49b,True,source-scenes-v1,46SEF,2021-08-10,Sentinel-2,03.01,03.01,S2B_MSIL2A_20210807T043659_N0301_R033_T46SEF_20210807T073746,HARMONIZED,164f7be21ed49cfe29da83e96e6ad6ad63e4ecbc90e8c1b80755329d08109197,sentinel2,728c2d08a5dfb218f2a1014734b46ab3b803f3a93ea45035f4e50c6edf1ec462,COPERNICUS/S2_SR_HARMONIZED/20210807T043659_20210807T043901_T46SEF,None,1628311701406,2021-08-25,2021-07-26,2021
AOI-01,18ae788e0cf1ef68015dfee09e2ef7a0a1af4676e0b5d436994b707dfe92dec3,COPERNICUS/S2_SR_HARMONIZED,2021-08-12T04:48:22.915000+00:00,0.718622,,b21c8cc7f3d4d35e1db4dfa1c8245ff10ba657c0a0a001992b552808766cc49b,True,source-scenes-v1,46SEF,2021-08-10,Sentinel-2,05.00,05.00,S2A_MSIL2A_20210812T043701_N0500_R033_T46SEF_20230119T102951,HARMONIZED,164f7be21ed49cfe29da83e96e6ad6ad63e4ecbc90e8c1b80755329d08109197,sentinel2,728c2d08a5dfb218f2a1014734b46ab3b803f3a93ea45035f4e50c6edf1ec462,COPERNICUS/S2_SR_HARMONIZED/20210812T043701_20210812T044448_T46SEF,None,1628743702915,2021-08-25,2021-07-26,2021
AOI-01,18ae788e0cf1ef68015dfee09e2ef7a0a1af4676e0b5d436994b707dfe92dec3,COPERNICUS/S2_SR_HARMONIZED,2021-08-14T04:38:24.699000+00:00,11.546143,,b21c8cc7f3d4d35e1db4dfa1c8245ff10ba657c0a0a001992b552808766cc49b,True,source-scenes-v1,46SEF,2021-08-10,Sentinel-2,03.01,03.01,S2B_MSIL2A_20210814T042709_N0301_R133_T46SEF_20210814T072447,HARMONIZED,164f7be21ed49cfe29da83e96e6ad6ad63e4ecbc90e8c1b80755329d08109197,sentinel2,728c2d08a5dfb218f2a1014734b46ab3b803f3a93ea45035f4e50c6edf1ec462,COPERNICUS/S2_SR_HARMONIZED/20210814T042709_20210814T042819_T46SEF,None,1628915904699,2021-08-25,2021-07-26,2021
AOI-01,18ae788e0cf1ef68015dfee09e2ef7a0a1af4676e0b5d436994b707dfe92dec3,COPERNICUS/S2_SR_HARMONIZED,2021-08-17T04:48:20.089000+00:00,61.40932,,b21c8cc7f3d4d35e1db4dfa1c8245ff10ba657c0a0a001992b552808766cc49b,True,source-scenes-v1,46SEF,2021-08-10,Sentinel-2,03.01,03.01,S2B_MSIL2A_20210817T043659_N0301_R033_T46SEF_20210817T073839,HARMONIZED,164f7be21ed49cfe29da83e96e6ad6ad63e4ecbc90e8c1b80755329d08109197,sentinel2,728c2d08a5dfb218f2a1014734b46ab3b803f3a93ea45035f4e50c6edf1ec462,COPERNICUS/S2_SR_HARMONIZED/20210817T043659_20210817T044018_T46SEF,None,1629175700089,2021-08-25,2021-07-26,2021
AOI-01,18ae788e0cf1ef68015dfee09e2ef7a0a1af4676e0b5d436994b707dfe92dec3,COPERNICUS/S2_SR_HARMONIZED,2021-08-19T04:38:26.832000+00:00,61.9909,,b21c8cc7f3d4d35e1db4dfa1c8245ff10ba657c0a0a001992b552808766cc49b,True,source-scenes-v1,46SEF,2021-08-10,Sentinel-2,03.01,03.01,S2A_MSIL2A_20210819T042711_N0301_R133_T46SEF_20210819T070655,HARMONIZED,164f7be21ed49cfe29da83e96e6ad6ad63e4ecbc90e8c1b80755329d08109197,sentinel2,728c2d08a5dfb218f2a1014734b46ab3b803f3a93ea45035f4e50c6edf1ec462,COPERNICUS/S2_SR_HARMONIZED/20210819T042711_20210819T043408_T46SEF,None,1629347906832,2021-08-25,2021-07-26,2021
AOI-01,18ae788e0cf1ef68015dfee09e2ef7a0a1af4676e0b5d436994b707dfe92dec3,COPERNICUS/S2_SR_HARMONIZED,2021-08-22T04:48:22.528000+00:00,0.914333,,b21c8cc7f3d4d35e1db4dfa1c8245ff10ba657c0a0a001992b552808766cc49b,True,source-scenes-v1,46SEF,2021-08-10,Sentinel-2,05.00,05.00,S2A_MSIL2A_20210822T043701_N0500_R033_T46SEF_20230120T090612,HARMONIZED,164f7be21ed49cfe29da83e96e6ad6ad63e4ecbc90e8c1b80755329d08109197,sentinel2,728c2d08a5dfb218f2a1014734b46ab3b803f3a93ea45035f4e50c6edf1ec462,COPERNICUS/S2_SR_HARMONIZED/20210822T043701_20210822T044448_T46SEF,None,1629607702528,2021-08-25,2021-07-26,2021
AOI-01,18ae788e0cf1ef68015dfee09e2ef7a0a1af4676e0b5d436994b707dfe92dec3,COPERNICUS/S2_SR_HARMONIZED,2021-08-24T04:38:23.054000+00:00,17.914546,,b21c8cc7f3d4d35e1db4dfa1c8245ff10ba657c0a0a001992b552808766cc49b,True,source-scenes-v1,46SEF,2021-08-10,Sentinel-2,03.01,03.01,S2B_MSIL2A_20210824T042659_N0301_R133_T46SEF_20210824T074038,HARMONIZED,164f7be21ed49cfe29da83e96e6ad6ad63e4ecbc90e8c1b80755329d08109197,sentinel2,728c2d08a5dfb218f2a1014734b46ab3b803f3a93ea45035f4e50c6edf1ec462,COPERNICUS/S2_SR_HARMONIZED/20210824T042659_20210824T043002_T46SEF,None,1629779903054,2021-08-25,2021-07-26,2021
AOI-01,18ae788e0cf1ef68015dfee09e2ef7a0a1af4676e0b5d436994b707dfe92dec3,COPERNICUS/S2_SR_HARMONIZED,2022-07-05T04:38:36.776000+00:00,0.001961,,b21c8cc7f3d4d35e1db4dfa1c8245ff10ba657c0a0a001992b552808766cc49b,True,source-scenes-v1,46SEF,2022-07-20,Sentinel-2,05.10,05.10,S2A_MSIL2A_20220705T042721_N0510_R133_T46SEF_20240622T111403,HARMONIZED,df90d591570345a279f2c10234bf7b4d356f6678d97ae358adb5f298d4709f40,sentinel2,69e283789fba4079af18f69a9a2281e1f88aeec633b13954183ad8bdd64c5a13,COPERNICUS/S2_SR_HARMONIZED/20220705T042721_20220705T043814_T46SEF,None,1656995916776,2022-08-04,2022-07-05,2022
AOI-01,18ae788e0cf1ef68015dfee09e2ef7a0a1af4676e0b5d436994b707dfe92dec3,COPERNICUS/S2_SR_HARMONIZED,2022-07-08T04:48:33.329000+00:00,62.971544,,b21c8cc7f3d4d35e1db4dfa1c8245ff10ba657c0a0a001992b552808766cc49b,True,source-scenes-v1,46SEF,2022-07-20,Sentinel-2,04.00,04.00,S2A_MSIL2A_20220708T043711_N0400_R033_T46SEF_20220708T083113,HARMONIZED,df90d591570345a279f2c10234bf7b4d356f6678d97ae358adb5f298d4709f40,sentinel2,69e283789fba4079af18f69a9a2281e1f88aeec633b13954183ad8bdd64c5a13,COPERNICUS/S2_SR_HARMONIZED/20220708T043711_20220708T044604_T46SEF,None,1657255713329,2022-08-04,2022-07-05,2022
AOI-01,18ae788e0cf1ef68015dfee09e2ef7a0a1af4676e0b5d436994b707dfe92dec3,COPERNICUS/S2_SR_HARMONIZED,2022-07-18T04:48:32.313000+00:00,33.296171,,b21c8cc7f3d4d35e1db4dfa1c8245ff10ba657c0a0a001992b552808766cc49b,True,source-scenes-v1,46SEF,2022-07-20,Sentinel-2,04.00,04.00,S2A_MSIL2A_20220718T043711_N0400_R033_T46SEF_20220718T081455,HARMONIZED,df90d591570345a279f2c10234bf7b4d356f6678d97ae358adb5f298d4709f40,sentinel2,69e283789fba4079af18f69a9a2281e1f88aeec633b13954183ad8bdd64c5a13,COPERNICUS/S2_SR_HARMONIZED/20220718T043711_20220718T044759_T46SEF,None,1658119712313,2022-08-04,2022-07-05,2022
AOI-01,18ae788e0cf1ef68015dfee09e2ef7a0a1af4676e0b5d436994b707dfe92dec3,COPERNICUS/S2_SR_HARMONIZED,2022-07-23T04:48:25.353000+00:00,0,,b21c8cc7f3d4d35e1db4dfa1c8245ff10ba657c0a0a001992b552808766cc49b,True,source-scenes-v1,46SEF,2022-07-20,Sentinel-2,04.00,04.00,S2B_MSIL2A_20220723T043709_N0400_R033_T46SEF_20220723T072048,HARMONIZED,df90d591570345a279f2c10234bf7b4d356f6678d97ae358adb5f298d4709f40,sentinel2,69e283789fba4079af18f69a9a2281e1f88aeec633b13954183ad8bdd64c5a13,COPERNICUS/S2_SR_HARMONIZED/20220723T043709_20220723T043901_T46SEF,None,1658551705353,2022-08-04,2022-07-05,2022
AOI-01,18ae788e0cf1ef68015dfee09e2ef7a0a1af4676e0b5d436994b707dfe92dec3,COPERNICUS/S2_SR_HARMONIZED,2022-07-25T04:38:34.829000+00:00,0.014804,,b21c8cc7f3d4d35e1db4dfa1c8245ff10ba657c0a0a001992b552808766cc49b,True,source-scenes-v1,46SEF,2022-07-20,Sentinel-2,04.00,04.00,S2A_MSIL2A_20220725T042711_N0400_R133_T46SEF_20220725T075856,HARMONIZED,df90d591570345a279f2c10234bf7b4d356f6678d97ae358adb5f298d4709f40,sentinel2,69e283789fba4079af18f69a9a2281e1f88aeec633b13954183ad8bdd64c5a13,COPERNICUS/S2_SR_HARMONIZED/20220725T042711_20220725T043814_T46SEF,None,1658723914829,2022-08-04,2022-07-05,2022
AOI-01,18ae788e0cf1ef68015dfee09e2ef7a0a1af4676e0b5d436994b707dfe92dec3,COPERNICUS/S2_SR_HARMONIZED,2022-07-28T04:48:29.794000+00:00,21.323237,,b21c8cc7f3d4d35e1db4dfa1c8245ff10ba657c0a0a001992b552808766cc49b,True,source-scenes-v1,46SEF,2022-07-20,Sentinel-2,04.00,04.00,S2A_MSIL2A_20220728T043711_N0400_R033_T46SEF_20220728T084157,HARMONIZED,df90d591570345a279f2c10234bf7b4d356f6678d97ae358adb5f298d4709f40,sentinel2,69e283789fba4079af18f69a9a2281e1f88aeec633b13954183ad8bdd64c5a13,COPERNICUS/S2_SR_HARMONIZED/20220728T043711_20220728T044300_T46SEF,None,1658983709794,2022-08-04,2022-07-05,2022
AOI-01,18ae788e0cf1ef68015dfee09e2ef7a0a1af4676e0b5d436994b707dfe92dec3,COPERNICUS/S2_SR_HARMONIZED,2022-08-02T04:48:25.045000+00:00,51.564807,,b21c8cc7f3d4d35e1db4dfa1c8245ff10ba657c0a0a001992b552808766cc49b,True,source-scenes-v1,46SEF,2022-07-20,Sentinel-2,04.00,04.00,S2B_MSIL2A_20220802T043709_N0400_R033_T46SEF_20220802T071859,HARMONIZED,df90d591570345a279f2c10234bf7b4d356f6678d97ae358adb5f298d4709f40,sentinel2,69e283789fba4079af18f69a9a2281e1f88aeec633b13954183ad8bdd64c5a13,COPERNICUS/S2_SR_HARMONIZED/20220802T043709_20220802T043900_T46SEF,None,1659415705045,2022-08-04,2022-07-05,2022
AOI-01,18ae788e0cf1ef68015dfee09e2ef7a0a1af4676e0b5d436994b707dfe92dec3,COPERNICUS/S2_SR_HARMONIZED,2022-08-04T04:38:35.316000+00:00,9.951361,,b21c8cc7f3d4d35e1db4dfa1c8245ff10ba657c0a0a001992b552808766cc49b,True,source-scenes-v1,46SEF,2022-07-20,Sentinel-2,04.00,04.00,S2A_MSIL2A_20220804T042711_N0400_R133_T46SEF_20220804T075259,HARMONIZED,df90d591570345a279f2c10234bf7b4d356f6678d97ae358adb5f298d4709f40,sentinel2,69e283789fba4079af18f69a9a2281e1f88aeec633b13954183ad8bdd64c5a13,COPERNICUS/S2_SR_HARMONIZED/20220804T042711_20220804T043814_T46SEF,None,1659587915316,2022-08-04,2022-07-05,2022
AOI-01,18ae788e0cf1ef68015dfee09e2ef7a0a1af4676e0b5d436994b707dfe92dec3,COPERNICUS/S2_SR_HARMONIZED,2022-08-07T04:48:31.713000+00:00,35.313898,OUTSIDE_NOMINAL_WINDOW,b21c8cc7f3d4d35e1db4dfa1c8245ff10ba657c0a0a001992b552808766cc49b,False,source-scenes-v1,46SEF,2022-07-20,Sentinel-2,04.00,04.00,S2A_MSIL2A_20220807T043711_N0400_R033_T46SEF_20220807T081404,HARMONIZED,df90d591570345a279f2c10234bf7b4d356f6678d97ae358adb5f298d4709f40,sentinel2,69e283789fba4079af18f69a9a2281e1f88aeec633b13954183ad8bdd64c5a13,COPERNICUS/S2_SR_HARMONIZED/20220807T043711_20220807T044758_T46SEF,None,1659847711713,2022-08-04,2022-07-05,2022
AOI-01,18ae788e0cf1ef68015dfee09e2ef7a0a1af4676e0b5d436994b707dfe92dec3,COPERNICUS/S2_SR_HARMONIZED,2022-08-09T04:38:28.430000+00:00,1.619045,OUTSIDE_NOMINAL_WINDOW,b21c8cc7f3d4d35e1db4dfa1c8245ff10ba657c0a0a001992b552808766cc49b,False,source-scenes-v1,46SEF,2022-07-20,Sentinel-2,04.00,04.00,S2B_MSIL2A_20220809T042709_N0400_R133_T46SEF_20220809T064854,HARMONIZED,df90d591570345a279f2c10234bf7b4d356f6678d97ae358adb5f298d4709f40,sentinel2,69e283789fba4079af18f69a9a2281e1f88aeec633b13954183ad8bdd64c5a13,COPERNICUS/S2_SR_HARMONIZED/20220809T042709_20220809T043814_T46SEF,None,1660019908430,2022-08-04,2022-07-05,2022
AOI-01,18ae788e0cf1ef68015dfee09e2ef7a0a1af4676e0b5d436994b707dfe92dec3,COPERNICUS/S2_SR_HARMONIZED,2022-08-12T04:48:23.793000+00:00,27.599016,OUTSIDE_NOMINAL_WINDOW,b21c8cc7f3d4d35e1db4dfa1c8245ff10ba657c0a0a001992b552808766cc49b,False,source-scenes-v1,46SEF,2022-07-20,Sentinel-2,04.00,04.00,S2B_MSIL2A_20220812T043709_N0400_R033_T46SEF_20220812T071244,HARMONIZED,df90d591570345a279f2c10234bf7b4d356f6678d97ae358adb5f298d4709f40,sentinel2,69e283789fba4079af18f69a9a2281e1f88aeec633b13954183ad8bdd64c5a13,COPERNICUS/S2_SR_HARMONIZED/20220812T043709_20220812T044507_T46SEF,None,1660279703793,2022-08-04,2022-07-05,2022
AOI-01,18ae788e0cf1ef68015dfee09e2ef7a0a1af4676e0b5d436994b707dfe92dec3,COPERNICUS/S2_SR_HARMONIZED,2022-08-17T04:48:32.871000+00:00,10.347049,OUTSIDE_NOMINAL_WINDOW,b21c8cc7f3d4d35e1db4dfa1c8245ff10ba657c0a0a001992b552808766cc49b,False,source-scenes-v1,46SEF,2022-07-20,Sentinel-2,04.00,04.00,S2A_MSIL2A_20220817T043711_N0400_R033_T46SEF_20220817T082306,HARMONIZED,df90d591570345a279f2c10234bf7b4d356f6678d97ae358adb5f298d4709f40,sentinel2,69e283789fba4079af18f69a9a2281e1f88aeec633b13954183ad8bdd64c5a13,COPERNICUS/S2_SR_HARMONIZED/20220817T043711_20220817T044723_T46SEF,None,1660711712871,2022-08-04,2022-07-05,2022
AOI-01,18ae788e0cf1ef68015dfee09e2ef7a0a1af4676e0b5d436994b707dfe92dec3,COPERNICUS/S2_SR_HARMONIZED,2022-08-19T04:38:26.337000+00:00,0.245231,OUTSIDE_NOMINAL_WINDOW,b21c8cc7f3d4d35e1db4dfa1c8245ff10ba657c0a0a001992b552808766cc49b,False,source-scenes-v1,46SEF,2022-07-20,Sentinel-2,04.00,04.00,S2B_MSIL2A_20220819T042709_N0400_R133_T46SEF_20220819T064928,HARMONIZED,df90d591570345a279f2c10234bf7b4d356f6678d97ae358adb5f298d4709f40,sentinel2,69e283789fba4079af18f69a9a2281e1f88aeec633b13954183ad8bdd64c5a13,COPERNICUS/S2_SR_HARMONIZED/20220819T042709_20220819T043812_T46SEF,None,1660883906337,2022-08-04,2022-07-05,2022
AOI-01,18ae788e0cf1ef68015dfee09e2ef7a0a1af4676e0b5d436994b707dfe92dec3,COPERNICUS/S2_SR_HARMONIZED,2022-08-22T04:48:21.340000+00:00,28.239048,OUTSIDE_NOMINAL_WINDOW,b21c8cc7f3d4d35e1db4dfa1c8245ff10ba657c0a0a001992b552808766cc49b,False,source-scenes-v1,46SEF,2022-07-20,Sentinel-2,04.00,04.00,S2B_MSIL2A_20220822T043659_N0400_R033_T46SEF_20220822T072629,HARMONIZED,df90d591570345a279f2c10234bf7b4d356f6678d97ae358adb5f298d4709f40,sentinel2,69e283789fba4079af18f69a9a2281e1f88aeec633b13954183ad8bdd64c5a13,COPERNICUS/S2_SR_HARMONIZED/20220822T043659_20220822T043835_T46SEF,None,1661143701340,2022-08-04,2022-07-05,2022
AOI-01,18ae788e0cf1ef68015dfee09e2ef7a0a1af4676e0b5d436994b707dfe92dec3,COPERNICUS/S2_SR_HARMONIZED,2022-07-05T04:38:36.776000+00:00,0.001961,OUTSIDE_NOMINAL_WINDOW,b21c8cc7f3d4d35e1db4dfa1c8245ff10ba657c0a0a001992b552808766cc49b,False,source-scenes-v1,46SEF,2022-07-31,Sentinel-2,05.10,05.10,S2A_MSIL2A_20220705T042721_N0510_R133_T46SEF_20240622T111403,HARMONIZED,1cb1940406c1ee70cd53ddc24edb0970c4897f4329bf7409db423a3e33802f46,sentinel2,3e03db2607baee944a45ee896a48b553508f881e7904760bb395b7ef7a1ab217,COPERNICUS/S2_SR_HARMONIZED/20220705T042721_20220705T043814_T46SEF,None,1656995916776,2022-08-15,2022-07-16,2022
AOI-01,18ae788e0cf1ef68015dfee09e2ef7a0a1af4676e0b5d436994b707dfe92dec3,COPERNICUS/S2_SR_HARMONIZED,2022-07-08T04:48:33.329000+00:00,62.971544,OUTSIDE_NOMINAL_WINDOW,b21c8cc7f3d4d35e1db4dfa1c8245ff10ba657c0a0a001992b552808766cc49b,False,source-scenes-v1,46SEF,2022-07-31,Sentinel-2,04.00,04.00,S2A_MSIL2A_20220708T043711_N0400_R033_T46SEF_20220708T083113,HARMONIZED,1cb1940406c1ee70cd53ddc24edb0970c4897f4329bf7409db423a3e33802f46,sentinel2,3e03db2607baee944a45ee896a48b553508f881e7904760bb395b7ef7a1ab217,COPERNICUS/S2_SR_HARMONIZED/20220708T043711_20220708T044604_T46SEF,None,1657255713329,2022-08-15,2022-07-16,2022
AOI-01,18ae788e0cf1ef68015dfee09e2ef7a0a1af4676e0b5d436994b707dfe92dec3,COPERNICUS/S2_SR_HARMONIZED,2022-07-18T04:48:32.313000+00:00,33.296171,,b21c8cc7f3d4d35e1db4dfa1c8245ff10ba657c0a0a001992b552808766cc49b,True,source-scenes-v1,46SEF,2022-07-31,Sentinel-2,04.00,04.00,S2A_MSIL2A_20220718T043711_N0400_R033_T46SEF_20220718T081455,HARMONIZED,1cb1940406c1ee70cd53ddc24edb0970c4897f4329bf7409db423a3e33802f46,sentinel2,3e03db2607baee944a45ee896a48b553508f881e7904760bb395b7ef7a1ab217,COPERNICUS/S2_SR_HARMONIZED/20220718T043711_20220718T044759_T46SEF,None,1658119712313,2022-08-15,2022-07-16,2022
AOI-01,18ae788e0cf1ef68015dfee09e2ef7a0a1af4676e0b5d436994b707dfe92dec3,COPERNICUS/S2_SR_HARMONIZED,2022-07-23T04:48:25.353000+00:00,0,,b21c8cc7f3d4d35e1db4dfa1c8245ff10ba657c0a0a001992b552808766cc49b,True,source-scenes-v1,46SEF,2022-07-31,Sentinel-2,04.00,04.00,S2B_MSIL2A_20220723T043709_N0400_R033_T46SEF_20220723T072048,HARMONIZED,1cb1940406c1ee70cd53ddc24edb0970c4897f4329bf7409db423a3e33802f46,sentinel2,3e03db2607baee944a45ee896a48b553508f881e7904760bb395b7ef7a1ab217,COPERNICUS/S2_SR_HARMONIZED/20220723T043709_20220723T043901_T46SEF,None,1658551705353,2022-08-15,2022-07-16,2022
AOI-01,18ae788e0cf1ef68015dfee09e2ef7a0a1af4676e0b5d436994b707dfe92dec3,COPERNICUS/S2_SR_HARMONIZED,2022-07-25T04:38:34.829000+00:00,0.014804,,b21c8cc7f3d4d35e1db4dfa1c8245ff10ba657c0a0a001992b552808766cc49b,True,source-scenes-v1,46SEF,2022-07-31,Sentinel-2,04.00,04.00,S2A_MSIL2A_20220725T042711_N0400_R133_T46SEF_20220725T075856,HARMONIZED,1cb1940406c1ee70cd53ddc24edb0970c4897f4329bf7409db423a3e33802f46,sentinel2,3e03db2607baee944a45ee896a48b553508f881e7904760bb395b7ef7a1ab217,COPERNICUS/S2_SR_HARMONIZED/20220725T042711_20220725T043814_T46SEF,None,1658723914829,2022-08-15,2022-07-16,2022
AOI-01,18ae788e0cf1ef68015dfee09e2ef7a0a1af4676e0b5d436994b707dfe92dec3,COPERNICUS/S2_SR_HARMONIZED,2022-07-28T04:48:29.794000+00:00,21.323237,,b21c8cc7f3d4d35e1db4dfa1c8245ff10ba657c0a0a001992b552808766cc49b,True,source-scenes-v1,46SEF,2022-07-31,Sentinel-2,04.00,04.00,S2A_MSIL2A_20220728T043711_N0400_R033_T46SEF_20220728T084157,HARMONIZED,1cb1940406c1ee70cd53ddc24edb0970c4897f4329bf7409db423a3e33802f46,sentinel2,3e03db2607baee944a45ee896a48b553508f881e7904760bb395b7ef7a1ab217,COPERNICUS/S2_SR_HARMONIZED/20220728T043711_20220728T044300_T46SEF,None,1658983709794,2022-08-15,2022-07-16,2022
AOI-01,18ae788e0cf1ef68015dfee09e2ef7a0a1af4676e0b5d436994b707dfe92dec3,COPERNICUS/S2_SR_HARMONIZED,2022-08-02T04:48:25.045000+00:00,51.564807,,b21c8cc7f3d4d35e1db4dfa1c8245ff10ba657c0a0a001992b552808766cc49b,True,source-scenes-v1,46SEF,2022-07-31,Sentinel-2,04.00,04.00,S2B_MSIL2A_20220802T043709_N0400_R033_T46SEF_20220802T071859,HARMONIZED,1cb1940406c1ee70cd53ddc24edb0970c4897f4329bf7409db423a3e33802f46,sentinel2,3e03db2607baee944a45ee896a48b553508f881e7904760bb395b7ef7a1ab217,COPERNICUS/S2_SR_HARMONIZED/20220802T043709_20220802T043900_T46SEF,None,1659415705045,2022-08-15,2022-07-16,2022
AOI-01,18ae788e0cf1ef68015dfee09e2ef7a0a1af4676e0b5d436994b707dfe92dec3,COPERNICUS/S2_SR_HARMONIZED,2022-08-04T04:38:35.316000+00:00,9.951361,,b21c8cc7f3d4d35e1db4dfa1c8245ff10ba657c0a0a001992b552808766cc49b,True,source-scenes-v1,46SEF,2022-07-31,Sentinel-2,04.00,04.00,S2A_MSIL2A_20220804T042711_N0400_R133_T46SEF_20220804T075259,HARMONIZED,1cb1940406c1ee70cd53ddc24edb0970c4897f4329bf7409db423a3e33802f46,sentinel2,3e03db2607baee944a45ee896a48b553508f881e7904760bb395b7ef7a1ab217,COPERNICUS/S2_SR_HARMONIZED/20220804T042711_20220804T043814_T46SEF,None,1659587915316,2022-08-15,2022-07-16,2022
AOI-01,18ae788e0cf1ef68015dfee09e2ef7a0a1af4676e0b5d436994b707dfe92dec3,COPERNICUS/S2_SR_HARMONIZED,2022-08-07T04:48:31.713000+00:00,35.313898,,b21c8cc7f3d4d35e1db4dfa1c8245ff10ba657c0a0a001992b552808766cc49b,True,source-scenes-v1,46SEF,2022-07-31,Sentinel-2,04.00,04.00,S2A_MSIL2A_20220807T043711_N0400_R033_T46SEF_20220807T081404,HARMONIZED,1cb1940406c1ee70cd53ddc24edb0970c4897f4329bf7409db423a3e33802f46,sentinel2,3e03db2607baee944a45ee896a48b553508f881e7904760bb395b7ef7a1ab217,COPERNICUS/S2_SR_HARMONIZED/20220807T043711_20220807T044758_T46SEF,None,1659847711713,2022-08-15,2022-07-16,2022
AOI-01,18ae788e0cf1ef68015dfee09e2ef7a0a1af4676e0b5d436994b707dfe92dec3,COPERNICUS/S2_SR_HARMONIZED,2022-08-09T04:38:28.430000+00:00,1.619045,,b21c8cc7f3d4d35e1db4dfa1c8245ff10ba657c0a0a001992b552808766cc49b,True,source-scenes-v1,46SEF,2022-07-31,Sentinel-2,04.00,04.00,S2B_MSIL2A_20220809T042709_N0400_R133_T46SEF_20220809T064854,HARMONIZED,1cb1940406c1ee70cd53ddc24edb0970c4897f4329bf7409db423a3e33802f46,sentinel2,3e03db2607baee944a45ee896a48b553508f881e7904760bb395b7ef7a1ab217,COPERNICUS/S2_SR_HARMONIZED/20220809T042709_20220809T043814_T46SEF,None,1660019908430,2022-08-15,2022-07-16,2022
AOI-01,18ae788e0cf1ef68015dfee09e2ef7a0a1af4676e0b5d436994b707dfe92dec3,COPERNICUS/S2_SR_HARMONIZED,2022-08-12T04:48:23.793000+00:00,27.599016,,b21c8cc7f3d4d35e1db4dfa1c8245ff10ba657c0a0a001992b552808766cc49b,True,source-scenes-v1,46SEF,2022-07-31,Sentinel-2,04.00,04.00,S2B_MSIL2A_20220812T043709_N0400_R033_T46SEF_20220812T071244,HARMONIZED,1cb1940406c1ee70cd53ddc24edb0970c4897f4329bf7409db423a3e33802f46,sentinel2,3e03db2607baee944a45ee896a48b553508f881e7904760bb395b7ef7a1ab217,COPERNICUS/S2_SR_HARMONIZED/20220812T043709_20220812T044507_T46SEF,None,1660279703793,2022-08-15,2022-07-16,2022
AOI-01,18ae788e0cf1ef68015dfee09e2ef7a0a1af4676e0b5d436994b707dfe92dec3,COPERNICUS/S2_SR_HARMONIZED,2022-08-17T04:48:32.871000+00:00,10.347049,OUTSIDE_NOMINAL_WINDOW,b21c8cc7f3d4d35e1db4dfa1c8245ff10ba657c0a0a001992b552808766cc49b,False,source-scenes-v1,46SEF,2022-07-31,Sentinel-2,04.00,04.00,S2A_MSIL2A_20220817T043711_N0400_R033_T46SEF_20220817T082306,HARMONIZED,1cb1940406c1ee70cd53ddc24edb0970c4897f4329bf7409db423a3e33802f46,sentinel2,3e03db2607baee944a45ee896a48b553508f881e7904760bb395b7ef7a1ab217,COPERNICUS/S2_SR_HARMONIZED/20220817T043711_20220817T044723_T46SEF,None,1660711712871,2022-08-15,2022-07-16,2022
AOI-01,18ae788e0cf1ef68015dfee09e2ef7a0a1af4676e0b5d436994b707dfe92dec3,COPERNICUS/S2_SR_HARMONIZED,2022-08-19T04:38:26.337000+00:00,0.245231,OUTSIDE_NOMINAL_WINDOW,b21c8cc7f3d4d35e1db4dfa1c8245ff10ba657c0a0a001992b552808766cc49b,False,source-scenes-v1,46SEF,2022-07-31,Sentinel-2,04.00,04.00,S2B_MSIL2A_20220819T042709_N0400_R133_T46SEF_20220819T064928,HARMONIZED,1cb1940406c1ee70cd53ddc24edb0970c4897f4329bf7409db423a3e33802f46,sentinel2,3e03db2607baee944a45ee896a48b553508f881e7904760bb395b7ef7a1ab217,COPERNICUS/S2_SR_HARMONIZED/20220819T042709_20220819T043812_T46SEF,None,1660883906337,2022-08-15,2022-07-16,2022
AOI-01,18ae788e0cf1ef68015dfee09e2ef7a0a1af4676e0b5d436994b707dfe92dec3,COPERNICUS/S2_SR_HARMONIZED,2022-08-22T04:48:21.340000+00:00,28.239048,OUTSIDE_NOMINAL_WINDOW,b21c8cc7f3d4d35e1db4dfa1c8245ff10ba657c0a0a001992b552808766cc49b,False,source-scenes-v1,46SEF,2022-07-31,Sentinel-2,04.00,04.00,S2B_MSIL2A_20220822T043659_N0400_R033_T46SEF_20220822T072629,HARMONIZED,1cb1940406c1ee70cd53ddc24edb0970c4897f4329bf7409db423a3e33802f46,sentinel2,3e03db2607baee944a45ee896a48b553508f881e7904760bb395b7ef7a1ab217,COPERNICUS/S2_SR_HARMONIZED/20220822T043659_20220822T043835_T46SEF,None,1661143701340,2022-08-15,2022-07-16,2022
AOI-01,18ae788e0cf1ef68015dfee09e2ef7a0a1af4676e0b5d436994b707dfe92dec3,COPERNICUS/S2_SR_HARMONIZED,2022-07-05T04:38:36.776000+00:00,0.001961,OUTSIDE_NOMINAL_WINDOW,b21c8cc7f3d4d35e1db4dfa1c8245ff10ba657c0a0a001992b552808766cc49b,False,source-scenes-v1,46SEF,2022-08-10,Sentinel-2,05.10,05.10,S2A_MSIL2A_20220705T042721_N0510_R133_T46SEF_20240622T111403,HARMONIZED,418fe9103e23f7b6ec6f1f529fdc78f12511e7725f5a06c8a5fe2aacbe775d0d,sentinel2,935ee500f6df0ca4ab650c81d2a92ccca8b5bce7dc839880c058af2bd002c4d6,COPERNICUS/S2_SR_HARMONIZED/20220705T042721_20220705T043814_T46SEF,None,1656995916776,2022-08-25,2022-07-26,2022
AOI-01,18ae788e0cf1ef68015dfee09e2ef7a0a1af4676e0b5d436994b707dfe92dec3,COPERNICUS/S2_SR_HARMONIZED,2022-07-08T04:48:33.329000+00:00,62.971544,OUTSIDE_NOMINAL_WINDOW,b21c8cc7f3d4d35e1db4dfa1c8245ff10ba657c0a0a001992b552808766cc49b,False,source-scenes-v1,46SEF,2022-08-10,Sentinel-2,04.00,04.00,S2A_MSIL2A_20220708T043711_N0400_R033_T46SEF_20220708T083113,HARMONIZED,418fe9103e23f7b6ec6f1f529fdc78f12511e7725f5a06c8a5fe2aacbe775d0d,sentinel2,935ee500f6df0ca4ab650c81d2a92ccca8b5bce7dc839880c058af2bd002c4d6,COPERNICUS/S2_SR_HARMONIZED/20220708T043711_20220708T044604_T46SEF,None,1657255713329,2022-08-25,2022-07-26,2022
AOI-01,18ae788e0cf1ef68015dfee09e2ef7a0a1af4676e0b5d436994b707dfe92dec3,COPERNICUS/S2_SR_HARMONIZED,2022-07-18T04:48:32.313000+00:00,33.296171,OUTSIDE_NOMINAL_WINDOW,b21c8cc7f3d4d35e1db4dfa1c8245ff10ba657c0a0a001992b552808766cc49b,False,source-scenes-v1,46SEF,2022-08-10,Sentinel-2,04.00,04.00,S2A_MSIL2A_20220718T043711_N0400_R033_T46SEF_20220718T081455,HARMONIZED,418fe9103e23f7b6ec6f1f529fdc78f12511e7725f5a06c8a5fe2aacbe775d0d,sentinel2,935ee500f6df0ca4ab650c81d2a92ccca8b5bce7dc839880c058af2bd002c4d6,COPERNICUS/S2_SR_HARMONIZED/20220718T043711_20220718T044759_T46SEF,None,1658119712313,2022-08-25,2022-07-26,2022
AOI-01,18ae788e0cf1ef68015dfee09e2ef7a0a1af4676e0b5d436994b707dfe92dec3,COPERNICUS/S2_SR_HARMONIZED,2022-07-23T04:48:25.353000+00:00,0,OUTSIDE_NOMINAL_WINDOW,b21c8cc7f3d4d35e1db4dfa1c8245ff10ba657c0a0a001992b552808766cc49b,False,source-scenes-v1,46SEF,2022-08-10,Sentinel-2,04.00,04.00,S2B_MSIL2A_20220723T043709_N0400_R033_T46SEF_20220723T072048,HARMONIZED,418fe9103e23f7b6ec6f1f529fdc78f12511e7725f5a06c8a5fe2aacbe775d0d,sentinel2,935ee500f6df0ca4ab650c81d2a92ccca8b5bce7dc839880c058af2bd002c4d6,COPERNICUS/S2_SR_HARMONIZED/20220723T043709_20220723T043901_T46SEF,None,1658551705353,2022-08-25,2022-07-26,2022
AOI-01,18ae788e0cf1ef68015dfee09e2ef7a0a1af4676e0b5d436994b707dfe92dec3,COPERNICUS/S2_SR_HARMONIZED,2022-07-25T04:38:34.829000+00:00,0.014804,OUTSIDE_NOMINAL_WINDOW,b21c8cc7f3d4d35e1db4dfa1c8245ff10ba657c0a0a001992b552808766cc49b,False,source-scenes-v1,46SEF,2022-08-10,Sentinel-2,04.00,04.00,S2A_MSIL2A_20220725T042711_N0400_R133_T46SEF_20220725T075856,HARMONIZED,418fe9103e23f7b6ec6f1f529fdc78f12511e7725f5a06c8a5fe2aacbe775d0d,sentinel2,935ee500f6df0ca4ab650c81d2a92ccca8b5bce7dc839880c058af2bd002c4d6,COPERNICUS/S2_SR_HARMONIZED/20220725T042711_20220725T043814_T46SEF,None,1658723914829,2022-08-25,2022-07-26,2022
AOI-01,18ae788e0cf1ef68015dfee09e2ef7a0a1af4676e0b5d436994b707dfe92dec3,COPERNICUS/S2_SR_HARMONIZED,2022-07-28T04:48:29.794000+00:00,21.323237,,b21c8cc7f3d4d35e1db4dfa1c8245ff10ba657c0a0a001992b552808766cc49b,True,source-scenes-v1,46SEF,2022-08-10,Sentinel-2,04.00,04.00,S2A_MSIL2A_20220728T043711_N0400_R033_T46SEF_20220728T084157,HARMONIZED,418fe9103e23f7b6ec6f1f529fdc78f12511e7725f5a06c8a5fe2aacbe775d0d,sentinel2,935ee500f6df0ca4ab650c81d2a92ccca8b5bce7dc839880c058af2bd002c4d6,COPERNICUS/S2_SR_HARMONIZED/20220728T043711_20220728T044300_T46SEF,None,1658983709794,2022-08-25,2022-07-26,2022
AOI-01,18ae788e0cf1ef68015dfee09e2ef7a0a1af4676e0b5d436994b707dfe92dec3,COPERNICUS/S2_SR_HARMONIZED,2022-08-02T04:48:25.045000+00:00,51.564807,,b21c8cc7f3d4d35e1db4dfa1c8245ff10ba657c0a0a001992b552808766cc49b,True,source-scenes-v1,46SEF,2022-08-10,Sentinel-2,04.00,04.00,S2B_MSIL2A_20220802T043709_N0400_R033_T46SEF_20220802T071859,HARMONIZED,418fe9103e23f7b6ec6f1f529fdc78f12511e7725f5a06c8a5fe2aacbe775d0d,sentinel2,935ee500f6df0ca4ab650c81d2a92ccca8b5bce7dc839880c058af2bd002c4d6,COPERNICUS/S2_SR_HARMONIZED/20220802T043709_20220802T043900_T46SEF,None,1659415705045,2022-08-25,2022-07-26,2022
AOI-01,18ae788e0cf1ef68015dfee09e2ef7a0a1af4676e0b5d436994b707dfe92dec3,COPERNICUS/S2_SR_HARMONIZED,2022-08-04T04:38:35.316000+00:00,9.951361,,b21c8cc7f3d4d35e1db4dfa1c8245ff10ba657c0a0a001992b552808766cc49b,True,source-scenes-v1,46SEF,2022-08-10,Sentinel-2,04.00,04.00,S2A_MSIL2A_20220804T042711_N0400_R133_T46SEF_20220804T075259,HARMONIZED,418fe9103e23f7b6ec6f1f529fdc78f12511e7725f5a06c8a5fe2aacbe775d0d,sentinel2,935ee500f6df0ca4ab650c81d2a92ccca8b5bce7dc839880c058af2bd002c4d6,COPERNICUS/S2_SR_HARMONIZED/20220804T042711_20220804T043814_T46SEF,None,1659587915316,2022-08-25,2022-07-26,2022
AOI-01,18ae788e0cf1ef68015dfee09e2ef7a0a1af4676e0b5d436994b707dfe92dec3,COPERNICUS/S2_SR_HARMONIZED,2022-08-07T04:48:31.713000+00:00,35.313898,,b21c8cc7f3d4d35e1db4dfa1c8245ff10ba657c0a0a001992b552808766cc49b,True,source-scenes-v1,46SEF,2022-08-10,Sentinel-2,04.00,04.00,S2A_MSIL2A_20220807T043711_N0400_R033_T46SEF_20220807T081404,HARMONIZED,418fe9103e23f7b6ec6f1f529fdc78f12511e7725f5a06c8a5fe2aacbe775d0d,sentinel2,935ee500f6df0ca4ab650c81d2a92ccca8b5bce7dc839880c058af2bd002c4d6,COPERNICUS/S2_SR_HARMONIZED/20220807T043711_20220807T044758_T46SEF,None,1659847711713,2022-08-25,2022-07-26,2022
AOI-01,18ae788e0cf1ef68015dfee09e2ef7a0a1af4676e0b5d436994b707dfe92dec3,COPERNICUS/S2_SR_HARMONIZED,2022-08-09T04:38:28.430000+00:00,1.619045,,b21c8cc7f3d4d35e1db4dfa1c8245ff10ba657c0a0a001992b552808766cc49b,True,source-scenes-v1,46SEF,2022-08-10,Sentinel-2,04.00,04.00,S2B_MSIL2A_20220809T042709_N0400_R133_T46SEF_20220809T064854,HARMONIZED,418fe9103e23f7b6ec6f1f529fdc78f12511e7725f5a06c8a5fe2aacbe775d0d,sentinel2,935ee500f6df0ca4ab650c81d2a92ccca8b5bce7dc839880c058af2bd002c4d6,COPERNICUS/S2_SR_HARMONIZED/20220809T042709_20220809T043814_T46SEF,None,1660019908430,2022-08-25,2022-07-26,2022
AOI-01,18ae788e0cf1ef68015dfee09e2ef7a0a1af4676e0b5d436994b707dfe92dec3,COPERNICUS/S2_SR_HARMONIZED,2022-08-12T04:48:23.793000+00:00,27.599016,,b21c8cc7f3d4d35e1db4dfa1c8245ff10ba657c0a0a001992b552808766cc49b,True,source-scenes-v1,46SEF,2022-08-10,Sentinel-2,04.00,04.00,S2B_MSIL2A_20220812T043709_N0400_R033_T46SEF_20220812T071244,HARMONIZED,418fe9103e23f7b6ec6f1f529fdc78f12511e7725f5a06c8a5fe2aacbe775d0d,sentinel2,935ee500f6df0ca4ab650c81d2a92ccca8b5bce7dc839880c058af2bd002c4d6,COPERNICUS/S2_SR_HARMONIZED/20220812T043709_20220812T044507_T46SEF,None,1660279703793,2022-08-25,2022-07-26,2022
AOI-01,18ae788e0cf1ef68015dfee09e2ef7a0a1af4676e0b5d436994b707dfe92dec3,COPERNICUS/S2_SR_HARMONIZED,2022-08-17T04:48:32.871000+00:00,10.347049,,b21c8cc7f3d4d35e1db4dfa1c8245ff10ba657c0a0a001992b552808766cc49b,True,source-scenes-v1,46SEF,2022-08-10,Sentinel-2,04.00,04.00,S2A_MSIL2A_20220817T043711_N0400_R033_T46SEF_20220817T082306,HARMONIZED,418fe9103e23f7b6ec6f1f529fdc78f12511e7725f5a06c8a5fe2aacbe775d0d,sentinel2,935ee500f6df0ca4ab650c81d2a92ccca8b5bce7dc839880c058af2bd002c4d6,COPERNICUS/S2_SR_HARMONIZED/20220817T043711_20220817T044723_T46SEF,None,1660711712871,2022-08-25,2022-07-26,2022
AOI-01,18ae788e0cf1ef68015dfee09e2ef7a0a1af4676e0b5d436994b707dfe92dec3,COPERNICUS/S2_SR_HARMONIZED,2022-08-19T04:38:26.337000+00:00,0.245231,,b21c8cc7f3d4d35e1db4dfa1c8245ff10ba657c0a0a001992b552808766cc49b,True,source-scenes-v1,46SEF,2022-08-10,Sentinel-2,04.00,04.00,S2B_MSIL2A_20220819T042709_N0400_R133_T46SEF_20220819T064928,HARMONIZED,418fe9103e23f7b6ec6f1f529fdc78f12511e7725f5a06c8a5fe2aacbe775d0d,sentinel2,935ee500f6df0ca4ab650c81d2a92ccca8b5bce7dc839880c058af2bd002c4d6,COPERNICUS/S2_SR_HARMONIZED/20220819T042709_20220819T043812_T46SEF,None,1660883906337,2022-08-25,2022-07-26,2022
AOI-01,18ae788e0cf1ef68015dfee09e2ef7a0a1af4676e0b5d436994b707dfe92dec3,COPERNICUS/S2_SR_HARMONIZED,2022-08-22T04:48:21.340000+00:00,28.239048,,b21c8cc7f3d4d35e1db4dfa1c8245ff10ba657c0a0a001992b552808766cc49b,True,source-scenes-v1,46SEF,2022-08-10,Sentinel-2,04.00,04.00,S2B_MSIL2A_20220822T043659_N0400_R033_T46SEF_20220822T072629,HARMONIZED,418fe9103e23f7b6ec6f1f529fdc78f12511e7725f5a06c8a5fe2aacbe775d0d,sentinel2,935ee500f6df0ca4ab650c81d2a92ccca8b5bce7dc839880c058af2bd002c4d6,COPERNICUS/S2_SR_HARMONIZED/20220822T043659_20220822T043835_T46SEF,None,1661143701340,2022-08-25,2022-07-26,2022
AOI-01,18ae788e0cf1ef68015dfee09e2ef7a0a1af4676e0b5d436994b707dfe92dec3,COPERNICUS/S2_SR_HARMONIZED,2023-07-05T04:38:29.891000+00:00,42.893299,,b21c8cc7f3d4d35e1db4dfa1c8245ff10ba657c0a0a001992b552808766cc49b,True,source-scenes-v1,46SEF,2023-07-20,Sentinel-2,05.09,05.09,S2B_MSIL2A_20230705T042709_N0509_R133_T46SEF_20230705T070942,HARMONIZED,b5ffdd53f57a2d302ab9a5826581aecc889b7936fed674ac5ad22b9c630596db,sentinel2,133f479dacd1f1eb7e132830b02a18e90e8ef4b468bde921c88d2ddad0edd761,COPERNICUS/S2_SR_HARMONIZED/20230705T042709_20230705T043754_T46SEF,None,1688531909891,2023-08-04,2023-07-05,2023
AOI-01,18ae788e0cf1ef68015dfee09e2ef7a0a1af4676e0b5d436994b707dfe92dec3,COPERNICUS/S2_SR_HARMONIZED,2023-07-08T04:48:25.615000+00:00,16.999312,,b21c8cc7f3d4d35e1db4dfa1c8245ff10ba657c0a0a001992b552808766cc49b,True,source-scenes-v1,46SEF,2023-07-20,Sentinel-2,05.09,05.09,S2B_MSIL2A_20230708T043709_N0509_R033_T46SEF_20230708T071920,HARMONIZED,b5ffdd53f57a2d302ab9a5826581aecc889b7936fed674ac5ad22b9c630596db,sentinel2,133f479dacd1f1eb7e132830b02a18e90e8ef4b468bde921c88d2ddad0edd761,COPERNICUS/S2_SR_HARMONIZED/20230708T043709_20230708T043828_T46SEF,None,1688791705615,2023-08-04,2023-07-05,2023
AOI-01,18ae788e0cf1ef68015dfee09e2ef7a0a1af4676e0b5d436994b707dfe92dec3,COPERNICUS/S2_SR_HARMONIZED,2023-07-10T04:38:29.755000+00:00,35.242784,,b21c8cc7f3d4d35e1db4dfa1c8245ff10ba657c0a0a001992b552808766cc49b,True,source-scenes-v1,46SEF,2023-07-20,Sentinel-2,05.09,05.09,S2A_MSIL2A_20230710T042711_N0509_R133_T46SEF_20230710T081001,HARMONIZED,b5ffdd53f57a2d302ab9a5826581aecc889b7936fed674ac5ad22b9c630596db,sentinel2,133f479dacd1f1eb7e132830b02a18e90e8ef4b468bde921c88d2ddad0edd761,COPERNICUS/S2_SR_HARMONIZED/20230710T042711_20230710T043754_T46SEF,None,1688963909755,2023-08-04,2023-07-05,2023
AOI-01,18ae788e0cf1ef68015dfee09e2ef7a0a1af4676e0b5d436994b707dfe92dec3,COPERNICUS/S2_SR_HARMONIZED,2023-07-13T04:48:25.441000+00:00,78.101224,,b21c8cc7f3d4d35e1db4dfa1c8245ff10ba657c0a0a001992b552808766cc49b,True,source-scenes-v1,46SEF,2023-07-20,Sentinel-2,05.09,05.09,S2A_MSIL2A_20230713T043711_N0509_R033_T46SEF_20230713T092649,HARMONIZED,b5ffdd53f57a2d302ab9a5826581aecc889b7936fed674ac5ad22b9c630596db,sentinel2,133f479dacd1f1eb7e132830b02a18e90e8ef4b468bde921c88d2ddad0edd761,COPERNICUS/S2_SR_HARMONIZED/20230713T043711_20230713T043705_T46SEF,None,1689223705441,2023-08-04,2023-07-05,2023
AOI-01,18ae788e0cf1ef68015dfee09e2ef7a0a1af4676e0b5d436994b707dfe92dec3,COPERNICUS/S2_SR_HARMONIZED,2023-07-15T04:38:29.483000+00:00,6.423692,,b21c8cc7f3d4d35e1db4dfa1c8245ff10ba657c0a0a001992b552808766cc49b,True,source-scenes-v1,46SEF,2023-07-20,Sentinel-2,05.09,05.09,S2B_MSIL2A_20230715T042709_N0509_R133_T46SEF_20230715T071156,HARMONIZED,b5ffdd53f57a2d302ab9a5826581aecc889b7936fed674ac5ad22b9c630596db,sentinel2,133f479dacd1f1eb7e132830b02a18e90e8ef4b468bde921c88d2ddad0edd761,COPERNICUS/S2_SR_HARMONIZED/20230715T042709_20230715T043753_T46SEF,None,1689395909483,2023-08-04,2023-07-05,2023
AOI-01,18ae788e0cf1ef68015dfee09e2ef7a0a1af4676e0b5d436994b707dfe92dec3,COPERNICUS/S2_SR_HARMONIZED,2023-07-18T04:48:25.913000+00:00,17.88827,,b21c8cc7f3d4d35e1db4dfa1c8245ff10ba657c0a0a001992b552808766cc49b,True,source-scenes-v1,46SEF,2023-07-20,Sentinel-2,05.09,05.09,S2B_MSIL2A_20230718T043709_N0509_R033_T46SEF_20230718T071807,HARMONIZED,b5ffdd53f57a2d302ab9a5826581aecc889b7936fed674ac5ad22b9c630596db,sentinel2,133f479dacd1f1eb7e132830b02a18e90e8ef4b468bde921c88d2ddad0edd761,COPERNICUS/S2_SR_HARMONIZED/20230718T043709_20230718T043825_T46SEF,None,1689655705913,2023-08-04,2023-07-05,2023
AOI-01,18ae788e0cf1ef68015dfee09e2ef7a0a1af4676e0b5d436994b707dfe92dec3,COPERNICUS/S2_SR_HARMONIZED,2023-07-20T04:38:28.441000+00:00,0.057916,,b21c8cc7f3d4d35e1db4dfa1c8245ff10ba657c0a0a001992b552808766cc49b,True,source-scenes-v1,46SEF,2023-07-20,Sentinel-2,05.09,05.09,S2A_MSIL2A_20230720T042711_N0509_R133_T46SEF_20230720T082958,HARMONIZED,b5ffdd53f57a2d302ab9a5826581aecc889b7936fed674ac5ad22b9c630596db,sentinel2,133f479dacd1f1eb7e132830b02a18e90e8ef4b468bde921c88d2ddad0edd761,COPERNICUS/S2_SR_HARMONIZED/20230720T042711_20230720T043452_T46SEF,None,1689827908441,2023-08-04,2023-07-05,2023
AOI-01,18ae788e0cf1ef68015dfee09e2ef7a0a1af4676e0b5d436994b707dfe92dec3,COPERNICUS/S2_SR_HARMONIZED,2023-07-23T04:48:24.776000+00:00,18.508735,,b21c8cc7f3d4d35e1db4dfa1c8245ff10ba657c0a0a001992b552808766cc49b,True,source-scenes-v1,46SEF,2023-07-20,Sentinel-2,05.09,05.09,S2A_MSIL2A_20230723T043711_N0509_R033_T46SEF_20230723T081904,HARMONIZED,b5ffdd53f57a2d302ab9a5826581aecc889b7936fed674ac5ad22b9c630596db,sentinel2,133f479dacd1f1eb7e132830b02a18e90e8ef4b468bde921c88d2ddad0edd761,COPERNICUS/S2_SR_HARMONIZED/20230723T043711_20230723T044725_T46SEF,None,1690087704776,2023-08-04,2023-07-05,2023
AOI-01,18ae788e0cf1ef68015dfee09e2ef7a0a1af4676e0b5d436994b707dfe92dec3,COPERNICUS/S2_SR_HARMONIZED,2023-08-07T04:48:25.508000+00:00,14.088094,OUTSIDE_NOMINAL_WINDOW,b21c8cc7f3d4d35e1db4dfa1c8245ff10ba657c0a0a001992b552808766cc49b,False,source-scenes-v1,46SEF,2023-07-20,Sentinel-2,05.09,05.09,S2B_MSIL2A_20230807T043709_N0509_R033_T46SEF_20230807T071927,HARMONIZED,b5ffdd53f57a2d302ab9a5826581aecc889b7936fed674ac5ad22b9c630596db,sentinel2,133f479dacd1f1eb7e132830b02a18e90e8ef4b468bde921c88d2ddad0edd761,COPERNICUS/S2_SR_HARMONIZED/20230807T043709_20230807T043832_T46SEF,None,1691383705508,2023-08-04,2023-07-05,2023
AOI-01,18ae788e0cf1ef68015dfee09e2ef7a0a1af4676e0b5d436994b707dfe92dec3,COPERNICUS/S2_SR_HARMONIZED,2023-08-09T04:38:28.710000+00:00,40.294415,OUTSIDE_NOMINAL_WINDOW,b21c8cc7f3d4d35e1db4dfa1c8245ff10ba657c0a0a001992b552808766cc49b,False,source-scenes-v1,46SEF,2023-07-20,Sentinel-2,05.09,05.09,S2A_MSIL2A_20230809T042711_N0509_R133_T46SEF_20230809T081500,HARMONIZED,b5ffdd53f57a2d302ab9a5826581aecc889b7936fed674ac5ad22b9c630596db,sentinel2,133f479dacd1f1eb7e132830b02a18e90e8ef4b468bde921c88d2ddad0edd761,COPERNICUS/S2_SR_HARMONIZED/20230809T042711_20230809T043344_T46SEF,None,1691555908710,2023-08-04,2023-07-05,2023
AOI-01,18ae788e0cf1ef68015dfee09e2ef7a0a1af4676e0b5d436994b707dfe92dec3,COPERNICUS/S2_SR_HARMONIZED,2023-08-12T04:48:25.208000+00:00,0.002491,OUTSIDE_NOMINAL_WINDOW,b21c8cc7f3d4d35e1db4dfa1c8245ff10ba657c0a0a001992b552808766cc49b,False,source-scenes-v1,46SEF,2023-07-20,Sentinel-2,05.09,05.09,S2A_MSIL2A_20230812T043711_N0509_R033_T46SEF_20230812T102306,HARMONIZED,b5ffdd53f57a2d302ab9a5826581aecc889b7936fed674ac5ad22b9c630596db,sentinel2,133f479dacd1f1eb7e132830b02a18e90e8ef4b468bde921c88d2ddad0edd761,COPERNICUS/S2_SR_HARMONIZED/20230812T043711_20230812T043853_T46SEF,None,1691815705208,2023-08-04,2023-07-05,2023
AOI-01,18ae788e0cf1ef68015dfee09e2ef7a0a1af4676e0b5d436994b707dfe92dec3,COPERNICUS/S2_SR_HARMONIZED,2023-08-14T04:38:30.093000+00:00,30.151889,OUTSIDE_NOMINAL_WINDOW,b21c8cc7f3d4d35e1db4dfa1c8245ff10ba657c0a0a001992b552808766cc49b,False,source-scenes-v1,46SEF,2023-07-20,Sentinel-2,05.09,05.09,S2B_MSIL2A_20230814T042709_N0509_R133_T46SEF_20230814T074045,HARMONIZED,b5ffdd53f57a2d302ab9a5826581aecc889b7936fed674ac5ad22b9c630596db,sentinel2,133f479dacd1f1eb7e132830b02a18e90e8ef4b468bde921c88d2ddad0edd761,COPERNICUS/S2_SR_HARMONIZED/20230814T042709_20230814T042708_T46SEF,None,1691987910093,2023-08-04,2023-07-05,2023
AOI-01,18ae788e0cf1ef68015dfee09e2ef7a0a1af4676e0b5d436994b707dfe92dec3,COPERNICUS/S2_SR_HARMONIZED,2023-08-17T04:48:25.763000+00:00,58.382624,OUTSIDE_NOMINAL_WINDOW,b21c8cc7f3d4d35e1db4dfa1c8245ff10ba657c0a0a001992b552808766cc49b,False,source-scenes-v1,46SEF,2023-07-20,Sentinel-2,05.09,05.09,S2B_MSIL2A_20230817T043709_N0509_R033_T46SEF_20230817T085717,HARMONIZED,b5ffdd53f57a2d302ab9a5826581aecc889b7936fed674ac5ad22b9c630596db,sentinel2,133f479dacd1f1eb7e132830b02a18e90e8ef4b468bde921c88d2ddad0edd761,COPERNICUS/S2_SR_HARMONIZED/20230817T043709_20230817T044734_T46SEF,None,1692247705763,2023-08-04,2023-07-05,2023
AOI-01,18ae788e0cf1ef68015dfee09e2ef7a0a1af4676e0b5d436994b707dfe92dec3,COPERNICUS/S2_SR_HARMONIZED,2023-08-19T04:38:30.571000+00:00,1.843882,OUTSIDE_NOMINAL_WINDOW,b21c8cc7f3d4d35e1db4dfa1c8245ff10ba657c0a0a001992b552808766cc49b,False,source-scenes-v1,46SEF,2023-07-20,Sentinel-2,05.09,05.09,S2A_MSIL2A_20230819T042711_N0509_R133_T46SEF_20230819T093002,HARMONIZED,b5ffdd53f57a2d302ab9a5826581aecc889b7936fed674ac5ad22b9c630596db,sentinel2,133f479dacd1f1eb7e132830b02a18e90e8ef4b468bde921c88d2ddad0edd761,COPERNICUS/S2_SR_HARMONIZED/20230819T042711_20230819T043002_T46SEF,None,1692419910571,2023-08-04,2023-07-05,2023
AOI-01,18ae788e0cf1ef68015dfee09e2ef7a0a1af4676e0b5d436994b707dfe92dec3,COPERNICUS/S2_SR_HARMONIZED,2023-08-22T04:48:26.472000+00:00,2.250873,OUTSIDE_NOMINAL_WINDOW,b21c8cc7f3d4d35e1db4dfa1c8245ff10ba657c0a0a001992b552808766cc49b,False,source-scenes-v1,46SEF,2023-07-20,Sentinel-2,05.09,05.09,S2A_MSIL2A_20230822T043711_N0509_R033_T46SEF_20230822T101601,HARMONIZED,b5ffdd53f57a2d302ab9a5826581aecc889b7936fed674ac5ad22b9c630596db,sentinel2,133f479dacd1f1eb7e132830b02a18e90e8ef4b468bde921c88d2ddad0edd761,COPERNICUS/S2_SR_HARMONIZED/20230822T043711_20230822T043711_T46SEF,None,1692679706472,2023-08-04,2023-07-05,2023
AOI-01,18ae788e0cf1ef68015dfee09e2ef7a0a1af4676e0b5d436994b707dfe92dec3,COPERNICUS/S2_SR_HARMONIZED,2023-08-24T04:38:28.595000+00:00,75.349104,OUTSIDE_NOMINAL_WINDOW,b21c8cc7f3d4d35e1db4dfa1c8245ff10ba657c0a0a001992b552808766cc49b,False,source-scenes-v1,46SEF,2023-07-20,Sentinel-2,05.09,05.09,S2B_MSIL2A_20230824T042709_N0509_R133_T46SEF_20230824T083501,HARMONIZED,b5ffdd53f57a2d302ab9a5826581aecc889b7936fed674ac5ad22b9c630596db,sentinel2,133f479dacd1f1eb7e132830b02a18e90e8ef4b468bde921c88d2ddad0edd761,COPERNICUS/S2_SR_HARMONIZED/20230824T042709_20230824T043641_T46SEF,None,1692851908595,2023-08-04,2023-07-05,2023
AOI-01,18ae788e0cf1ef68015dfee09e2ef7a0a1af4676e0b5d436994b707dfe92dec3,COPERNICUS/S2_SR_HARMONIZED,2023-07-05T04:38:29.891000+00:00,42.893299,OUTSIDE_NOMINAL_WINDOW,b21c8cc7f3d4d35e1db4dfa1c8245ff10ba657c0a0a001992b552808766cc49b,False,source-scenes-v1,46SEF,2023-07-31,Sentinel-2,05.09,05.09,S2B_MSIL2A_20230705T042709_N0509_R133_T46SEF_20230705T070942,HARMONIZED,c344017e3c7cf9d680b75ebc6b838c483424c3e90985860f66ef8e9e2a100ec4,sentinel2,478bfc9dfa17f11d298bf139b8d31ca39b661594136891e2b4669dfa6f646b1b,COPERNICUS/S2_SR_HARMONIZED/20230705T042709_20230705T043754_T46SEF,None,1688531909891,2023-08-15,2023-07-16,2023
AOI-01,18ae788e0cf1ef68015dfee09e2ef7a0a1af4676e0b5d436994b707dfe92dec3,COPERNICUS/S2_SR_HARMONIZED,2023-07-08T04:48:25.615000+00:00,16.999312,OUTSIDE_NOMINAL_WINDOW,b21c8cc7f3d4d35e1db4dfa1c8245ff10ba657c0a0a001992b552808766cc49b,False,source-scenes-v1,46SEF,2023-07-31,Sentinel-2,05.09,05.09,S2B_MSIL2A_20230708T043709_N0509_R033_T46SEF_20230708T071920,HARMONIZED,c344017e3c7cf9d680b75ebc6b838c483424c3e90985860f66ef8e9e2a100ec4,sentinel2,478bfc9dfa17f11d298bf139b8d31ca39b661594136891e2b4669dfa6f646b1b,COPERNICUS/S2_SR_HARMONIZED/20230708T043709_20230708T043828_T46SEF,None,1688791705615,2023-08-15,2023-07-16,2023
AOI-01,18ae788e0cf1ef68015dfee09e2ef7a0a1af4676e0b5d436994b707dfe92dec3,COPERNICUS/S2_SR_HARMONIZED,2023-07-10T04:38:29.755000+00:00,35.242784,OUTSIDE_NOMINAL_WINDOW,b21c8cc7f3d4d35e1db4dfa1c8245ff10ba657c0a0a001992b552808766cc49b,False,source-scenes-v1,46SEF,2023-07-31,Sentinel-2,05.09,05.09,S2A_MSIL2A_20230710T042711_N0509_R133_T46SEF_20230710T081001,HARMONIZED,c344017e3c7cf9d680b75ebc6b838c483424c3e90985860f66ef8e9e2a100ec4,sentinel2,478bfc9dfa17f11d298bf139b8d31ca39b661594136891e2b4669dfa6f646b1b,COPERNICUS/S2_SR_HARMONIZED/20230710T042711_20230710T043754_T46SEF,None,1688963909755,2023-08-15,2023-07-16,2023
AOI-01,18ae788e0cf1ef68015dfee09e2ef7a0a1af4676e0b5d436994b707dfe92dec3,COPERNICUS/S2_SR_HARMONIZED,2023-07-13T04:48:25.441000+00:00,78.101224,OUTSIDE_NOMINAL_WINDOW,b21c8cc7f3d4d35e1db4dfa1c8245ff10ba657c0a0a001992b552808766cc49b,False,source-scenes-v1,46SEF,2023-07-31,Sentinel-2,05.09,05.09,S2A_MSIL2A_20230713T043711_N0509_R033_T46SEF_20230713T092649,HARMONIZED,c344017e3c7cf9d680b75ebc6b838c483424c3e90985860f66ef8e9e2a100ec4,sentinel2,478bfc9dfa17f11d298bf139b8d31ca39b661594136891e2b4669dfa6f646b1b,COPERNICUS/S2_SR_HARMONIZED/20230713T043711_20230713T043705_T46SEF,None,1689223705441,2023-08-15,2023-07-16,2023
AOI-01,18ae788e0cf1ef68015dfee09e2ef7a0a1af4676e0b5d436994b707dfe92dec3,COPERNICUS/S2_SR_HARMONIZED,2023-07-15T04:38:29.483000+00:00,6.423692,OUTSIDE_NOMINAL_WINDOW,b21c8cc7f3d4d35e1db4dfa1c8245ff10ba657c0a0a001992b552808766cc49b,False,source-scenes-v1,46SEF,2023-07-31,Sentinel-2,05.09,05.09,S2B_MSIL2A_20230715T042709_N0509_R133_T46SEF_20230715T071156,HARMONIZED,c344017e3c7cf9d680b75ebc6b838c483424c3e90985860f66ef8e9e2a100ec4,sentinel2,478bfc9dfa17f11d298bf139b8d31ca39b661594136891e2b4669dfa6f646b1b,COPERNICUS/S2_SR_HARMONIZED/20230715T042709_20230715T043753_T46SEF,None,1689395909483,2023-08-15,2023-07-16,2023
AOI-01,18ae788e0cf1ef68015dfee09e2ef7a0a1af4676e0b5d436994b707dfe92dec3,COPERNICUS/S2_SR_HARMONIZED,2023-07-18T04:48:25.913000+00:00,17.88827,,b21c8cc7f3d4d35e1db4dfa1c8245ff10ba657c0a0a001992b552808766cc49b,True,source-scenes-v1,46SEF,2023-07-31,Sentinel-2,05.09,05.09,S2B_MSIL2A_20230718T043709_N0509_R033_T46SEF_20230718T071807,HARMONIZED,c344017e3c7cf9d680b75ebc6b838c483424c3e90985860f66ef8e9e2a100ec4,sentinel2,478bfc9dfa17f11d298bf139b8d31ca39b661594136891e2b4669dfa6f646b1b,COPERNICUS/S2_SR_HARMONIZED/20230718T043709_20230718T043825_T46SEF,None,1689655705913,2023-08-15,2023-07-16,2023
AOI-01,18ae788e0cf1ef68015dfee09e2ef7a0a1af4676e0b5d436994b707dfe92dec3,COPERNICUS/S2_SR_HARMONIZED,2023-07-20T04:38:28.441000+00:00,0.057916,,b21c8cc7f3d4d35e1db4dfa1c8245ff10ba657c0a0a001992b552808766cc49b,True,source-scenes-v1,46SEF,2023-07-31,Sentinel-2,05.09,05.09,S2A_MSIL2A_20230720T042711_N0509_R133_T46SEF_20230720T082958,HARMONIZED,c344017e3c7cf9d680b75ebc6b838c483424c3e90985860f66ef8e9e2a100ec4,sentinel2,478bfc9dfa17f11d298bf139b8d31ca39b661594136891e2b4669dfa6f646b1b,COPERNICUS/S2_SR_HARMONIZED/20230720T042711_20230720T043452_T46SEF,None,1689827908441,2023-08-15,2023-07-16,2023
AOI-01,18ae788e0cf1ef68015dfee09e2ef7a0a1af4676e0b5d436994b707dfe92dec3,COPERNICUS/S2_SR_HARMONIZED,2023-07-23T04:48:24.776000+00:00,18.508735,,b21c8cc7f3d4d35e1db4dfa1c8245ff10ba657c0a0a001992b552808766cc49b,True,source-scenes-v1,46SEF,2023-07-31,Sentinel-2,05.09,05.09,S2A_MSIL2A_20230723T043711_N0509_R033_T46SEF_20230723T081904,HARMONIZED,c344017e3c7cf9d680b75ebc6b838c483424c3e90985860f66ef8e9e2a100ec4,sentinel2,478bfc9dfa17f11d298bf139b8d31ca39b661594136891e2b4669dfa6f646b1b,COPERNICUS/S2_SR_HARMONIZED/20230723T043711_20230723T044725_T46SEF,None,1690087704776,2023-08-15,2023-07-16,2023
AOI-01,18ae788e0cf1ef68015dfee09e2ef7a0a1af4676e0b5d436994b707dfe92dec3,COPERNICUS/S2_SR_HARMONIZED,2023-08-07T04:48:25.508000+00:00,14.088094,,b21c8cc7f3d4d35e1db4dfa1c8245ff10ba657c0a0a001992b552808766cc49b,True,source-scenes-v1,46SEF,2023-07-31,Sentinel-2,05.09,05.09,S2B_MSIL2A_20230807T043709_N0509_R033_T46SEF_20230807T071927,HARMONIZED,c344017e3c7cf9d680b75ebc6b838c483424c3e90985860f66ef8e9e2a100ec4,sentinel2,478bfc9dfa17f11d298bf139b8d31ca39b661594136891e2b4669dfa6f646b1b,COPERNICUS/S2_SR_HARMONIZED/20230807T043709_20230807T043832_T46SEF,None,1691383705508,2023-08-15,2023-07-16,2023
AOI-01,18ae788e0cf1ef68015dfee09e2ef7a0a1af4676e0b5d436994b707dfe92dec3,COPERNICUS/S2_SR_HARMONIZED,2023-08-09T04:38:28.710000+00:00,40.294415,,b21c8cc7f3d4d35e1db4dfa1c8245ff10ba657c0a0a001992b552808766cc49b,True,source-scenes-v1,46SEF,2023-07-31,Sentinel-2,05.09,05.09,S2A_MSIL2A_20230809T042711_N0509_R133_T46SEF_20230809T081500,HARMONIZED,c344017e3c7cf9d680b75ebc6b838c483424c3e90985860f66ef8e9e2a100ec4,sentinel2,478bfc9dfa17f11d298bf139b8d31ca39b661594136891e2b4669dfa6f646b1b,COPERNICUS/S2_SR_HARMONIZED/20230809T042711_20230809T043344_T46SEF,None,1691555908710,2023-08-15,2023-07-16,2023
AOI-01,18ae788e0cf1ef68015dfee09e2ef7a0a1af4676e0b5d436994b707dfe92dec3,COPERNICUS/S2_SR_HARMONIZED,2023-08-12T04:48:25.208000+00:00,0.002491,,b21c8cc7f3d4d35e1db4dfa1c8245ff10ba657c0a0a001992b552808766cc49b,True,source-scenes-v1,46SEF,2023-07-31,Sentinel-2,05.09,05.09,S2A_MSIL2A_20230812T043711_N0509_R033_T46SEF_20230812T102306,HARMONIZED,c344017e3c7cf9d680b75ebc6b838c483424c3e90985860f66ef8e9e2a100ec4,sentinel2,478bfc9dfa17f11d298bf139b8d31ca39b661594136891e2b4669dfa6f646b1b,COPERNICUS/S2_SR_HARMONIZED/20230812T043711_20230812T043853_T46SEF,None,1691815705208,2023-08-15,2023-07-16,2023
AOI-01,18ae788e0cf1ef68015dfee09e2ef7a0a1af4676e0b5d436994b707dfe92dec3,COPERNICUS/S2_SR_HARMONIZED,2023-08-14T04:38:30.093000+00:00,30.151889,,b21c8cc7f3d4d35e1db4dfa1c8245ff10ba657c0a0a001992b552808766cc49b,True,source-scenes-v1,46SEF,2023-07-31,Sentinel-2,05.09,05.09,S2B_MSIL2A_20230814T042709_N0509_R133_T46SEF_20230814T074045,HARMONIZED,c344017e3c7cf9d680b75ebc6b838c483424c3e90985860f66ef8e9e2a100ec4,sentinel2,478bfc9dfa17f11d298bf139b8d31ca39b661594136891e2b4669dfa6f646b1b,COPERNICUS/S2_SR_HARMONIZED/20230814T042709_20230814T042708_T46SEF,None,1691987910093,2023-08-15,2023-07-16,2023
AOI-01,18ae788e0cf1ef68015dfee09e2ef7a0a1af4676e0b5d436994b707dfe92dec3,COPERNICUS/S2_SR_HARMONIZED,2023-08-17T04:48:25.763000+00:00,58.382624,OUTSIDE_NOMINAL_WINDOW,b21c8cc7f3d4d35e1db4dfa1c8245ff10ba657c0a0a001992b552808766cc49b,False,source-scenes-v1,46SEF,2023-07-31,Sentinel-2,05.09,05.09,S2B_MSIL2A_20230817T043709_N0509_R033_T46SEF_20230817T085717,HARMONIZED,c344017e3c7cf9d680b75ebc6b838c483424c3e90985860f66ef8e9e2a100ec4,sentinel2,478bfc9dfa17f11d298bf139b8d31ca39b661594136891e2b4669dfa6f646b1b,COPERNICUS/S2_SR_HARMONIZED/20230817T043709_20230817T044734_T46SEF,None,1692247705763,2023-08-15,2023-07-16,2023
AOI-01,18ae788e0cf1ef68015dfee09e2ef7a0a1af4676e0b5d436994b707dfe92dec3,COPERNICUS/S2_SR_HARMONIZED,2023-08-19T04:38:30.571000+00:00,1.843882,OUTSIDE_NOMINAL_WINDOW,b21c8cc7f3d4d35e1db4dfa1c8245ff10ba657c0a0a001992b552808766cc49b,False,source-scenes-v1,46SEF,2023-07-31,Sentinel-2,05.09,05.09,S2A_MSIL2A_20230819T042711_N0509_R133_T46SEF_20230819T093002,HARMONIZED,c344017e3c7cf9d680b75ebc6b838c483424c3e90985860f66ef8e9e2a100ec4,sentinel2,478bfc9dfa17f11d298bf139b8d31ca39b661594136891e2b4669dfa6f646b1b,COPERNICUS/S2_SR_HARMONIZED/20230819T042711_20230819T043002_T46SEF,None,1692419910571,2023-08-15,2023-07-16,2023
AOI-01,18ae788e0cf1ef68015dfee09e2ef7a0a1af4676e0b5d436994b707dfe92dec3,COPERNICUS/S2_SR_HARMONIZED,2023-08-22T04:48:26.472000+00:00,2.250873,OUTSIDE_NOMINAL_WINDOW,b21c8cc7f3d4d35e1db4dfa1c8245ff10ba657c0a0a001992b552808766cc49b,False,source-scenes-v1,46SEF,2023-07-31,Sentinel-2,05.09,05.09,S2A_MSIL2A_20230822T043711_N0509_R033_T46SEF_20230822T101601,HARMONIZED,c344017e3c7cf9d680b75ebc6b838c483424c3e90985860f66ef8e9e2a100ec4,sentinel2,478bfc9dfa17f11d298bf139b8d31ca39b661594136891e2b4669dfa6f646b1b,COPERNICUS/S2_SR_HARMONIZED/20230822T043711_20230822T043711_T46SEF,None,1692679706472,2023-08-15,2023-07-16,2023
AOI-01,18ae788e0cf1ef68015dfee09e2ef7a0a1af4676e0b5d436994b707dfe92dec3,COPERNICUS/S2_SR_HARMONIZED,2023-08-24T04:38:28.595000+00:00,75.349104,OUTSIDE_NOMINAL_WINDOW,b21c8cc7f3d4d35e1db4dfa1c8245ff10ba657c0a0a001992b552808766cc49b,False,source-scenes-v1,46SEF,2023-07-31,Sentinel-2,05.09,05.09,S2B_MSIL2A_20230824T042709_N0509_R133_T46SEF_20230824T083501,HARMONIZED,c344017e3c7cf9d680b75ebc6b838c483424c3e90985860f66ef8e9e2a100ec4,sentinel2,478bfc9dfa17f11d298bf139b8d31ca39b661594136891e2b4669dfa6f646b1b,COPERNICUS/S2_SR_HARMONIZED/20230824T042709_20230824T043641_T46SEF,None,1692851908595,2023-08-15,2023-07-16,2023
AOI-01,18ae788e0cf1ef68015dfee09e2ef7a0a1af4676e0b5d436994b707dfe92dec3,COPERNICUS/S2_SR_HARMONIZED,2023-07-05T04:38:29.891000+00:00,42.893299,OUTSIDE_NOMINAL_WINDOW,b21c8cc7f3d4d35e1db4dfa1c8245ff10ba657c0a0a001992b552808766cc49b,False,source-scenes-v1,46SEF,2023-08-10,Sentinel-2,05.09,05.09,S2B_MSIL2A_20230705T042709_N0509_R133_T46SEF_20230705T070942,HARMONIZED,201998164256961ba8a0143996318e384945b84dd48a2c4b0f416958a875eae7,sentinel2,1c584c83a5eb529146fe2421575f58af98365f53e17ab669b0883b179a4d88d8,COPERNICUS/S2_SR_HARMONIZED/20230705T042709_20230705T043754_T46SEF,None,1688531909891,2023-08-25,2023-07-26,2023
AOI-01,18ae788e0cf1ef68015dfee09e2ef7a0a1af4676e0b5d436994b707dfe92dec3,COPERNICUS/S2_SR_HARMONIZED,2023-07-08T04:48:25.615000+00:00,16.999312,OUTSIDE_NOMINAL_WINDOW,b21c8cc7f3d4d35e1db4dfa1c8245ff10ba657c0a0a001992b552808766cc49b,False,source-scenes-v1,46SEF,2023-08-10,Sentinel-2,05.09,05.09,S2B_MSIL2A_20230708T043709_N0509_R033_T46SEF_20230708T071920,HARMONIZED,201998164256961ba8a0143996318e384945b84dd48a2c4b0f416958a875eae7,sentinel2,1c584c83a5eb529146fe2421575f58af98365f53e17ab669b0883b179a4d88d8,COPERNICUS/S2_SR_HARMONIZED/20230708T043709_20230708T043828_T46SEF,None,1688791705615,2023-08-25,2023-07-26,2023
AOI-01,18ae788e0cf1ef68015dfee09e2ef7a0a1af4676e0b5d436994b707dfe92dec3,COPERNICUS/S2_SR_HARMONIZED,2023-07-10T04:38:29.755000+00:00,35.242784,OUTSIDE_NOMINAL_WINDOW,b21c8cc7f3d4d35e1db4dfa1c8245ff10ba657c0a0a001992b552808766cc49b,False,source-scenes-v1,46SEF,2023-08-10,Sentinel-2,05.09,05.09,S2A_MSIL2A_20230710T042711_N0509_R133_T46SEF_20230710T081001,HARMONIZED,201998164256961ba8a0143996318e384945b84dd48a2c4b0f416958a875eae7,sentinel2,1c584c83a5eb529146fe2421575f58af98365f53e17ab669b0883b179a4d88d8,COPERNICUS/S2_SR_HARMONIZED/20230710T042711_20230710T043754_T46SEF,None,1688963909755,2023-08-25,2023-07-26,2023
AOI-01,18ae788e0cf1ef68015dfee09e2ef7a0a1af4676e0b5d436994b707dfe92dec3,COPERNICUS/S2_SR_HARMONIZED,2023-07-13T04:48:25.441000+00:00,78.101224,OUTSIDE_NOMINAL_WINDOW,b21c8cc7f3d4d35e1db4dfa1c8245ff10ba657c0a0a001992b552808766cc49b,False,source-scenes-v1,46SEF,2023-08-10,Sentinel-2,05.09,05.09,S2A_MSIL2A_20230713T043711_N0509_R033_T46SEF_20230713T092649,HARMONIZED,201998164256961ba8a0143996318e384945b84dd48a2c4b0f416958a875eae7,sentinel2,1c584c83a5eb529146fe2421575f58af98365f53e17ab669b0883b179a4d88d8,COPERNICUS/S2_SR_HARMONIZED/20230713T043711_20230713T043705_T46SEF,None,1689223705441,2023-08-25,2023-07-26,2023
AOI-01,18ae788e0cf1ef68015dfee09e2ef7a0a1af4676e0b5d436994b707dfe92dec3,COPERNICUS/S2_SR_HARMONIZED,2023-07-15T04:38:29.483000+00:00,6.423692,OUTSIDE_NOMINAL_WINDOW,b21c8cc7f3d4d35e1db4dfa1c8245ff10ba657c0a0a001992b552808766cc49b,False,source-scenes-v1,46SEF,2023-08-10,Sentinel-2,05.09,05.09,S2B_MSIL2A_20230715T042709_N0509_R133_T46SEF_20230715T071156,HARMONIZED,201998164256961ba8a0143996318e384945b84dd48a2c4b0f416958a875eae7,sentinel2,1c584c83a5eb529146fe2421575f58af98365f53e17ab669b0883b179a4d88d8,COPERNICUS/S2_SR_HARMONIZED/20230715T042709_20230715T043753_T46SEF,None,1689395909483,2023-08-25,2023-07-26,2023
AOI-01,18ae788e0cf1ef68015dfee09e2ef7a0a1af4676e0b5d436994b707dfe92dec3,COPERNICUS/S2_SR_HARMONIZED,2023-07-18T04:48:25.913000+00:00,17.88827,OUTSIDE_NOMINAL_WINDOW,b21c8cc7f3d4d35e1db4dfa1c8245ff10ba657c0a0a001992b552808766cc49b,False,source-scenes-v1,46SEF,2023-08-10,Sentinel-2,05.09,05.09,S2B_MSIL2A_20230718T043709_N0509_R033_T46SEF_20230718T071807,HARMONIZED,201998164256961ba8a0143996318e384945b84dd48a2c4b0f416958a875eae7,sentinel2,1c584c83a5eb529146fe2421575f58af98365f53e17ab669b0883b179a4d88d8,COPERNICUS/S2_SR_HARMONIZED/20230718T043709_20230718T043825_T46SEF,None,1689655705913,2023-08-25,2023-07-26,2023
AOI-01,18ae788e0cf1ef68015dfee09e2ef7a0a1af4676e0b5d436994b707dfe92dec3,COPERNICUS/S2_SR_HARMONIZED,2023-07-20T04:38:28.441000+00:00,0.057916,OUTSIDE_NOMINAL_WINDOW,b21c8cc7f3d4d35e1db4dfa1c8245ff10ba657c0a0a001992b552808766cc49b,False,source-scenes-v1,46SEF,2023-08-10,Sentinel-2,05.09,05.09,S2A_MSIL2A_20230720T042711_N0509_R133_T46SEF_20230720T082958,HARMONIZED,201998164256961ba8a0143996318e384945b84dd48a2c4b0f416958a875eae7,sentinel2,1c584c83a5eb529146fe2421575f58af98365f53e17ab669b0883b179a4d88d8,COPERNICUS/S2_SR_HARMONIZED/20230720T042711_20230720T043452_T46SEF,None,1689827908441,2023-08-25,2023-07-26,2023
AOI-01,18ae788e0cf1ef68015dfee09e2ef7a0a1af4676e0b5d436994b707dfe92dec3,COPERNICUS/S2_SR_HARMONIZED,2023-07-23T04:48:24.776000+00:00,18.508735,OUTSIDE_NOMINAL_WINDOW,b21c8cc7f3d4d35e1db4dfa1c8245ff10ba657c0a0a001992b552808766cc49b,False,source-scenes-v1,46SEF,2023-08-10,Sentinel-2,05.09,05.09,S2A_MSIL2A_20230723T043711_N0509_R033_T46SEF_20230723T081904,HARMONIZED,201998164256961ba8a0143996318e384945b84dd48a2c4b0f416958a875eae7,sentinel2,1c584c83a5eb529146fe2421575f58af98365f53e17ab669b0883b179a4d88d8,COPERNICUS/S2_SR_HARMONIZED/20230723T043711_20230723T044725_T46SEF,None,1690087704776,2023-08-25,2023-07-26,2023
AOI-01,18ae788e0cf1ef68015dfee09e2ef7a0a1af4676e0b5d436994b707dfe92dec3,COPERNICUS/S2_SR_HARMONIZED,2023-08-07T04:48:25.508000+00:00,14.088094,,b21c8cc7f3d4d35e1db4dfa1c8245ff10ba657c0a0a001992b552808766cc49b,True,source-scenes-v1,46SEF,2023-08-10,Sentinel-2,05.09,05.09,S2B_MSIL2A_20230807T043709_N0509_R033_T46SEF_20230807T071927,HARMONIZED,201998164256961ba8a0143996318e384945b84dd48a2c4b0f416958a875eae7,sentinel2,1c584c83a5eb529146fe2421575f58af98365f53e17ab669b0883b179a4d88d8,COPERNICUS/S2_SR_HARMONIZED/20230807T043709_20230807T043832_T46SEF,None,1691383705508,2023-08-25,2023-07-26,2023
AOI-01,18ae788e0cf1ef68015dfee09e2ef7a0a1af4676e0b5d436994b707dfe92dec3,COPERNICUS/S2_SR_HARMONIZED,2023-08-09T04:38:28.710000+00:00,40.294415,,b21c8cc7f3d4d35e1db4dfa1c8245ff10ba657c0a0a001992b552808766cc49b,True,source-scenes-v1,46SEF,2023-08-10,Sentinel-2,05.09,05.09,S2A_MSIL2A_20230809T042711_N0509_R133_T46SEF_20230809T081500,HARMONIZED,201998164256961ba8a0143996318e384945b84dd48a2c4b0f416958a875eae7,sentinel2,1c584c83a5eb529146fe2421575f58af98365f53e17ab669b0883b179a4d88d8,COPERNICUS/S2_SR_HARMONIZED/20230809T042711_20230809T043344_T46SEF,None,1691555908710,2023-08-25,2023-07-26,2023
AOI-01,18ae788e0cf1ef68015dfee09e2ef7a0a1af4676e0b5d436994b707dfe92dec3,COPERNICUS/S2_SR_HARMONIZED,2023-08-12T04:48:25.208000+00:00,0.002491,,b21c8cc7f3d4d35e1db4dfa1c8245ff10ba657c0a0a001992b552808766cc49b,True,source-scenes-v1,46SEF,2023-08-10,Sentinel-2,05.09,05.09,S2A_MSIL2A_20230812T043711_N0509_R033_T46SEF_20230812T102306,HARMONIZED,201998164256961ba8a0143996318e384945b84dd48a2c4b0f416958a875eae7,sentinel2,1c584c83a5eb529146fe2421575f58af98365f53e17ab669b0883b179a4d88d8,COPERNICUS/S2_SR_HARMONIZED/20230812T043711_20230812T043853_T46SEF,None,1691815705208,2023-08-25,2023-07-26,2023
AOI-01,18ae788e0cf1ef68015dfee09e2ef7a0a1af4676e0b5d436994b707dfe92dec3,COPERNICUS/S2_SR_HARMONIZED,2023-08-14T04:38:30.093000+00:00,30.151889,,b21c8cc7f3d4d35e1db4dfa1c8245ff10ba657c0a0a001992b552808766cc49b,True,source-scenes-v1,46SEF,2023-08-10,Sentinel-2,05.09,05.09,S2B_MSIL2A_20230814T042709_N0509_R133_T46SEF_20230814T074045,HARMONIZED,201998164256961ba8a0143996318e384945b84dd48a2c4b0f416958a875eae7,sentinel2,1c584c83a5eb529146fe2421575f58af98365f53e17ab669b0883b179a4d88d8,COPERNICUS/S2_SR_HARMONIZED/20230814T042709_20230814T042708_T46SEF,None,1691987910093,2023-08-25,2023-07-26,2023
AOI-01,18ae788e0cf1ef68015dfee09e2ef7a0a1af4676e0b5d436994b707dfe92dec3,COPERNICUS/S2_SR_HARMONIZED,2023-08-17T04:48:25.763000+00:00,58.382624,,b21c8cc7f3d4d35e1db4dfa1c8245ff10ba657c0a0a001992b552808766cc49b,True,source-scenes-v1,46SEF,2023-08-10,Sentinel-2,05.09,05.09,S2B_MSIL2A_20230817T043709_N0509_R033_T46SEF_20230817T085717,HARMONIZED,201998164256961ba8a0143996318e384945b84dd48a2c4b0f416958a875eae7,sentinel2,1c584c83a5eb529146fe2421575f58af98365f53e17ab669b0883b179a4d88d8,COPERNICUS/S2_SR_HARMONIZED/20230817T043709_20230817T044734_T46SEF,None,1692247705763,2023-08-25,2023-07-26,2023
AOI-01,18ae788e0cf1ef68015dfee09e2ef7a0a1af4676e0b5d436994b707dfe92dec3,COPERNICUS/S2_SR_HARMONIZED,2023-08-19T04:38:30.571000+00:00,1.843882,,b21c8cc7f3d4d35e1db4dfa1c8245ff10ba657c0a0a001992b552808766cc49b,True,source-scenes-v1,46SEF,2023-08-10,Sentinel-2,05.09,05.09,S2A_MSIL2A_20230819T042711_N0509_R133_T46SEF_20230819T093002,HARMONIZED,201998164256961ba8a0143996318e384945b84dd48a2c4b0f416958a875eae7,sentinel2,1c584c83a5eb529146fe2421575f58af98365f53e17ab669b0883b179a4d88d8,COPERNICUS/S2_SR_HARMONIZED/20230819T042711_20230819T043002_T46SEF,None,1692419910571,2023-08-25,2023-07-26,2023
AOI-01,18ae788e0cf1ef68015dfee09e2ef7a0a1af4676e0b5d436994b707dfe92dec3,COPERNICUS/S2_SR_HARMONIZED,2023-08-22T04:48:26.472000+00:00,2.250873,,b21c8cc7f3d4d35e1db4dfa1c8245ff10ba657c0a0a001992b552808766cc49b,True,source-scenes-v1,46SEF,2023-08-10,Sentinel-2,05.09,05.09,S2A_MSIL2A_20230822T043711_N0509_R033_T46SEF_20230822T101601,HARMONIZED,201998164256961ba8a0143996318e384945b84dd48a2c4b0f416958a875eae7,sentinel2,1c584c83a5eb529146fe2421575f58af98365f53e17ab669b0883b179a4d88d8,COPERNICUS/S2_SR_HARMONIZED/20230822T043711_20230822T043711_T46SEF,None,1692679706472,2023-08-25,2023-07-26,2023
AOI-01,18ae788e0cf1ef68015dfee09e2ef7a0a1af4676e0b5d436994b707dfe92dec3,COPERNICUS/S2_SR_HARMONIZED,2023-08-24T04:38:28.595000+00:00,75.349104,,b21c8cc7f3d4d35e1db4dfa1c8245ff10ba657c0a0a001992b552808766cc49b,True,source-scenes-v1,46SEF,2023-08-10,Sentinel-2,05.09,05.09,S2B_MSIL2A_20230824T042709_N0509_R133_T46SEF_20230824T083501,HARMONIZED,201998164256961ba8a0143996318e384945b84dd48a2c4b0f416958a875eae7,sentinel2,1c584c83a5eb529146fe2421575f58af98365f53e17ab669b0883b179a4d88d8,COPERNICUS/S2_SR_HARMONIZED/20230824T042709_20230824T043641_T46SEF,None,1692851908595,2023-08-25,2023-07-26,2023
AOI-01,18ae788e0cf1ef68015dfee09e2ef7a0a1af4676e0b5d436994b707dfe92dec3,COPERNICUS/S2_SR_HARMONIZED,2024-07-12T04:48:22.270000+00:00,62.83285,,b21c8cc7f3d4d35e1db4dfa1c8245ff10ba657c0a0a001992b552808766cc49b,True,source-scenes-v1,46SEF,2024-07-20,Sentinel-2,05.10,05.10,S2B_MSIL2A_20240712T043659_N0510_R033_T46SEF_20240712T074624,HARMONIZED,3e4869e800ae0201b88339673ad184b1eb7e27bce7db166d8ff567496dd83dd4,sentinel2,0eff083be553169b66d24bf1462987313a04c32589ef3c00715e42fbe2032ad4,COPERNICUS/S2_SR_HARMONIZED/20240712T043659_20240712T044748_T46SEF,None,1720759702270,2024-08-04,2024-07-05,2024
AOI-01,18ae788e0cf1ef68015dfee09e2ef7a0a1af4676e0b5d436994b707dfe92dec3,COPERNICUS/S2_SR_HARMONIZED,2024-07-14T04:38:26.657000+00:00,31.863332,,b21c8cc7f3d4d35e1db4dfa1c8245ff10ba657c0a0a001992b552808766cc49b,True,source-scenes-v1,46SEF,2024-07-20,Sentinel-2,05.10,05.10,S2A_MSIL2A_20240714T042711_N0510_R133_T46SEF_20240714T092959,HARMONIZED,3e4869e800ae0201b88339673ad184b1eb7e27bce7db166d8ff567496dd83dd4,sentinel2,0eff083be553169b66d24bf1462987313a04c32589ef3c00715e42fbe2032ad4,COPERNICUS/S2_SR_HARMONIZED/20240714T042711_20240714T043045_T46SEF,None,1720931906657,2024-08-04,2024-07-05,2024
AOI-01,18ae788e0cf1ef68015dfee09e2ef7a0a1af4676e0b5d436994b707dfe92dec3,COPERNICUS/S2_SR_HARMONIZED,2024-07-17T04:48:21.396000+00:00,11.155585,,b21c8cc7f3d4d35e1db4dfa1c8245ff10ba657c0a0a001992b552808766cc49b,True,source-scenes-v1,46SEF,2024-07-20,Sentinel-2,05.10,05.10,S2A_MSIL2A_20240717T043701_N0510_R033_T46SEF_20240717T153856,HARMONIZED,3e4869e800ae0201b88339673ad184b1eb7e27bce7db166d8ff567496dd83dd4,sentinel2,0eff083be553169b66d24bf1462987313a04c32589ef3c00715e42fbe2032ad4,COPERNICUS/S2_SR_HARMONIZED/20240717T043701_20240717T044110_T46SEF,None,1721191701396,2024-08-04,2024-07-05,2024
AOI-01,18ae788e0cf1ef68015dfee09e2ef7a0a1af4676e0b5d436994b707dfe92dec3,COPERNICUS/S2_SR_HARMONIZED,2024-07-19T04:38:27.947000+00:00,16.208921,,b21c8cc7f3d4d35e1db4dfa1c8245ff10ba657c0a0a001992b552808766cc49b,True,source-scenes-v1,46SEF,2024-07-20,Sentinel-2,05.10,05.10,S2B_MSIL2A_20240719T042709_N0510_R133_T46SEF_20240719T065159,HARMONIZED,3e4869e800ae0201b88339673ad184b1eb7e27bce7db166d8ff567496dd83dd4,sentinel2,0eff083be553169b66d24bf1462987313a04c32589ef3c00715e42fbe2032ad4,COPERNICUS/S2_SR_HARMONIZED/20240719T042709_20240719T043643_T46SEF,None,1721363907947,2024-08-04,2024-07-05,2024
AOI-01,18ae788e0cf1ef68015dfee09e2ef7a0a1af4676e0b5d436994b707dfe92dec3,COPERNICUS/S2_SR_HARMONIZED,2024-07-22T04:48:23.724000+00:00,16.597225,,b21c8cc7f3d4d35e1db4dfa1c8245ff10ba657c0a0a001992b552808766cc49b,True,source-scenes-v1,46SEF,2024-07-20,Sentinel-2,05.10,05.10,S2B_MSIL2A_20240722T043709_N0510_R033_T46SEF_20240722T070145,HARMONIZED,3e4869e800ae0201b88339673ad184b1eb7e27bce7db166d8ff567496dd83dd4,sentinel2,0eff083be553169b66d24bf1462987313a04c32589ef3c00715e42fbe2032ad4,COPERNICUS/S2_SR_HARMONIZED/20240722T043709_20240722T044648_T46SEF,None,1721623703724,2024-08-04,2024-07-05,2024
AOI-01,18ae788e0cf1ef68015dfee09e2ef7a0a1af4676e0b5d436994b707dfe92dec3,COPERNICUS/S2_SR_HARMONIZED,2024-07-24T04:38:26.648000+00:00,2.881517,,b21c8cc7f3d4d35e1db4dfa1c8245ff10ba657c0a0a001992b552808766cc49b,True,source-scenes-v1,46SEF,2024-07-20,Sentinel-2,05.11,05.11,S2A_MSIL2A_20240724T042711_N0511_R133_T46SEF_20240724T101351,HARMONIZED,3e4869e800ae0201b88339673ad184b1eb7e27bce7db166d8ff567496dd83dd4,sentinel2,0eff083be553169b66d24bf1462987313a04c32589ef3c00715e42fbe2032ad4,COPERNICUS/S2_SR_HARMONIZED/20240724T042711_20240724T043259_T46SEF,None,1721795906648,2024-08-04,2024-07-05,2024
AOI-01,18ae788e0cf1ef68015dfee09e2ef7a0a1af4676e0b5d436994b707dfe92dec3,COPERNICUS/S2_SR_HARMONIZED,2024-07-29T04:38:26.186000+00:00,10.446773,,b21c8cc7f3d4d35e1db4dfa1c8245ff10ba657c0a0a001992b552808766cc49b,True,source-scenes-v1,46SEF,2024-07-20,Sentinel-2,05.11,05.11,S2B_MSIL2A_20240729T042709_N0511_R133_T46SEF_20240729T064336,HARMONIZED,3e4869e800ae0201b88339673ad184b1eb7e27bce7db166d8ff567496dd83dd4,sentinel2,0eff083be553169b66d24bf1462987313a04c32589ef3c00715e42fbe2032ad4,COPERNICUS/S2_SR_HARMONIZED/20240729T042709_20240729T043750_T46SEF,None,1722227906186,2024-08-04,2024-07-05,2024
AOI-01,18ae788e0cf1ef68015dfee09e2ef7a0a1af4676e0b5d436994b707dfe92dec3,COPERNICUS/S2_SR_HARMONIZED,2024-08-03T04:38:27.022000+00:00,4.217763,,b21c8cc7f3d4d35e1db4dfa1c8245ff10ba657c0a0a001992b552808766cc49b,True,source-scenes-v1,46SEF,2024-07-20,Sentinel-2,05.11,05.11,S2A_MSIL2A_20240803T042711_N0511_R133_T46SEF_20240803T203553,HARMONIZED,3e4869e800ae0201b88339673ad184b1eb7e27bce7db166d8ff567496dd83dd4,sentinel2,0eff083be553169b66d24bf1462987313a04c32589ef3c00715e42fbe2032ad4,COPERNICUS/S2_SR_HARMONIZED/20240803T042711_20240803T043429_T46SEF,None,1722659907022,2024-08-04,2024-07-05,2024
AOI-01,18ae788e0cf1ef68015dfee09e2ef7a0a1af4676e0b5d436994b707dfe92dec3,COPERNICUS/S2_SR_HARMONIZED,2024-08-06T04:48:22.012000+00:00,65.438312,OUTSIDE_NOMINAL_WINDOW,b21c8cc7f3d4d35e1db4dfa1c8245ff10ba657c0a0a001992b552808766cc49b,False,source-scenes-v1,46SEF,2024-07-20,Sentinel-2,05.11,05.11,S2A_MSIL2A_20240806T043701_N0511_R033_T46SEF_20240806T094159,HARMONIZED,3e4869e800ae0201b88339673ad184b1eb7e27bce7db166d8ff567496dd83dd4,sentinel2,0eff083be553169b66d24bf1462987313a04c32589ef3c00715e42fbe2032ad4,COPERNICUS/S2_SR_HARMONIZED/20240806T043701_20240806T044802_T46SEF,None,1722919702012,2024-08-04,2024-07-05,2024
AOI-01,18ae788e0cf1ef68015dfee09e2ef7a0a1af4676e0b5d436994b707dfe92dec3,COPERNICUS/S2_SR_HARMONIZED,2024-08-11T04:48:24.585000+00:00,6.356651,OUTSIDE_NOMINAL_WINDOW,b21c8cc7f3d4d35e1db4dfa1c8245ff10ba657c0a0a001992b552808766cc49b,False,source-scenes-v1,46SEF,2024-07-20,Sentinel-2,05.11,05.11,S2B_MSIL2A_20240811T043709_N0511_R033_T46SEF_20240811T075649,HARMONIZED,3e4869e800ae0201b88339673ad184b1eb7e27bce7db166d8ff567496dd83dd4,sentinel2,0eff083be553169b66d24bf1462987313a04c32589ef3c00715e42fbe2032ad4,COPERNICUS/S2_SR_HARMONIZED/20240811T043709_20240811T043704_T46SEF,None,1723351704585,2024-08-04,2024-07-05,2024
AOI-01,18ae788e0cf1ef68015dfee09e2ef7a0a1af4676e0b5d436994b707dfe92dec3,COPERNICUS/S2_SR_HARMONIZED,2024-08-13T04:38:26.034000+00:00,66.314167,OUTSIDE_NOMINAL_WINDOW,b21c8cc7f3d4d35e1db4dfa1c8245ff10ba657c0a0a001992b552808766cc49b,False,source-scenes-v1,46SEF,2024-07-20,Sentinel-2,05.11,05.11,S2A_MSIL2A_20240813T042701_N0511_R133_T46SEF_20240813T100054,HARMONIZED,3e4869e800ae0201b88339673ad184b1eb7e27bce7db166d8ff567496dd83dd4,sentinel2,0eff083be553169b66d24bf1462987313a04c32589ef3c00715e42fbe2032ad4,COPERNICUS/S2_SR_HARMONIZED/20240813T042701_20240813T043352_T46SEF,None,1723523906034,2024-08-04,2024-07-05,2024
AOI-01,18ae788e0cf1ef68015dfee09e2ef7a0a1af4676e0b5d436994b707dfe92dec3,COPERNICUS/S2_SR_HARMONIZED,2024-08-16T04:48:21.182000+00:00,19.026373,OUTSIDE_NOMINAL_WINDOW,b21c8cc7f3d4d35e1db4dfa1c8245ff10ba657c0a0a001992b552808766cc49b,False,source-scenes-v1,46SEF,2024-07-20,Sentinel-2,05.11,05.11,S2A_MSIL2A_20240816T043701_N0511_R033_T46SEF_20240816T093750,HARMONIZED,3e4869e800ae0201b88339673ad184b1eb7e27bce7db166d8ff567496dd83dd4,sentinel2,0eff083be553169b66d24bf1462987313a04c32589ef3c00715e42fbe2032ad4,COPERNICUS/S2_SR_HARMONIZED/20240816T043701_20240816T043947_T46SEF,None,1723783701182,2024-08-04,2024-07-05,2024
AOI-01,18ae788e0cf1ef68015dfee09e2ef7a0a1af4676e0b5d436994b707dfe92dec3,COPERNICUS/S2_SR_HARMONIZED,2024-08-18T04:38:26.785000+00:00,0.008633,OUTSIDE_NOMINAL_WINDOW,b21c8cc7f3d4d35e1db4dfa1c8245ff10ba657c0a0a001992b552808766cc49b,False,source-scenes-v1,46SEF,2024-07-20,Sentinel-2,05.11,05.11,S2B_MSIL2A_20240818T042709_N0511_R133_T46SEF_20240818T074736,HARMONIZED,3e4869e800ae0201b88339673ad184b1eb7e27bce7db166d8ff567496dd83dd4,sentinel2,0eff083be553169b66d24bf1462987313a04c32589ef3c00715e42fbe2032ad4,COPERNICUS/S2_SR_HARMONIZED/20240818T042709_20240818T042839_T46SEF,None,1723955906785,2024-08-04,2024-07-05,2024
AOI-01,18ae788e0cf1ef68015dfee09e2ef7a0a1af4676e0b5d436994b707dfe92dec3,COPERNICUS/S2_SR_HARMONIZED,2024-08-21T04:48:20.631000+00:00,9.741292,OUTSIDE_NOMINAL_WINDOW,b21c8cc7f3d4d35e1db4dfa1c8245ff10ba657c0a0a001992b552808766cc49b,False,source-scenes-v1,46SEF,2024-07-20,Sentinel-2,05.11,05.11,S2B_MSIL2A_20240821T043659_N0511_R033_T46SEF_20240821T085125,HARMONIZED,3e4869e800ae0201b88339673ad184b1eb7e27bce7db166d8ff567496dd83dd4,sentinel2,0eff083be553169b66d24bf1462987313a04c32589ef3c00715e42fbe2032ad4,COPERNICUS/S2_SR_HARMONIZED/20240821T043659_20240821T044246_T46SEF,None,1724215700631,2024-08-04,2024-07-05,2024
AOI-01,18ae788e0cf1ef68015dfee09e2ef7a0a1af4676e0b5d436994b707dfe92dec3,COPERNICUS/S2_SR_HARMONIZED,2024-08-23T04:38:21.760000+00:00,69.31209,OUTSIDE_NOMINAL_WINDOW,b21c8cc7f3d4d35e1db4dfa1c8245ff10ba657c0a0a001992b552808766cc49b,False,source-scenes-v1,46SEF,2024-07-20,Sentinel-2,05.11,05.11,S2A_MSIL2A_20240823T042701_N0511_R133_T46SEF_20240823T100649,HARMONIZED,3e4869e800ae0201b88339673ad184b1eb7e27bce7db166d8ff567496dd83dd4,sentinel2,0eff083be553169b66d24bf1462987313a04c32589ef3c00715e42fbe2032ad4,COPERNICUS/S2_SR_HARMONIZED/20240823T042701_20240823T043652_T46SEF,None,1724387901760,2024-08-04,2024-07-05,2024
AOI-01,18ae788e0cf1ef68015dfee09e2ef7a0a1af4676e0b5d436994b707dfe92dec3,COPERNICUS/S2_SR_HARMONIZED,2024-07-12T04:48:22.270000+00:00,62.83285,OUTSIDE_NOMINAL_WINDOW,b21c8cc7f3d4d35e1db4dfa1c8245ff10ba657c0a0a001992b552808766cc49b,False,source-scenes-v1,46SEF,2024-07-31,Sentinel-2,05.10,05.10,S2B_MSIL2A_20240712T043659_N0510_R033_T46SEF_20240712T074624,HARMONIZED,bae8492f9b68a2a6f4a116e32481773e5482da4a1f379cc425c6cec8fc099416,sentinel2,1633069841bad4502442f445215558d12408e4012a25b6351078aba3d16bd03a,COPERNICUS/S2_SR_HARMONIZED/20240712T043659_20240712T044748_T46SEF,None,1720759702270,2024-08-15,2024-07-16,2024
AOI-01,18ae788e0cf1ef68015dfee09e2ef7a0a1af4676e0b5d436994b707dfe92dec3,COPERNICUS/S2_SR_HARMONIZED,2024-07-14T04:38:26.657000+00:00,31.863332,OUTSIDE_NOMINAL_WINDOW,b21c8cc7f3d4d35e1db4dfa1c8245ff10ba657c0a0a001992b552808766cc49b,False,source-scenes-v1,46SEF,2024-07-31,Sentinel-2,05.10,05.10,S2A_MSIL2A_20240714T042711_N0510_R133_T46SEF_20240714T092959,HARMONIZED,bae8492f9b68a2a6f4a116e32481773e5482da4a1f379cc425c6cec8fc099416,sentinel2,1633069841bad4502442f445215558d12408e4012a25b6351078aba3d16bd03a,COPERNICUS/S2_SR_HARMONIZED/20240714T042711_20240714T043045_T46SEF,None,1720931906657,2024-08-15,2024-07-16,2024
AOI-01,18ae788e0cf1ef68015dfee09e2ef7a0a1af4676e0b5d436994b707dfe92dec3,COPERNICUS/S2_SR_HARMONIZED,2024-07-17T04:48:21.396000+00:00,11.155585,,b21c8cc7f3d4d35e1db4dfa1c8245ff10ba657c0a0a001992b552808766cc49b,True,source-scenes-v1,46SEF,2024-07-31,Sentinel-2,05.10,05.10,S2A_MSIL2A_20240717T043701_N0510_R033_T46SEF_20240717T153856,HARMONIZED,bae8492f9b68a2a6f4a116e32481773e5482da4a1f379cc425c6cec8fc099416,sentinel2,1633069841bad4502442f445215558d12408e4012a25b6351078aba3d16bd03a,COPERNICUS/S2_SR_HARMONIZED/20240717T043701_20240717T044110_T46SEF,None,1721191701396,2024-08-15,2024-07-16,2024
AOI-01,18ae788e0cf1ef68015dfee09e2ef7a0a1af4676e0b5d436994b707dfe92dec3,COPERNICUS/S2_SR_HARMONIZED,2024-07-19T04:38:27.947000+00:00,16.208921,,b21c8cc7f3d4d35e1db4dfa1c8245ff10ba657c0a0a001992b552808766cc49b,True,source-scenes-v1,46SEF,2024-07-31,Sentinel-2,05.10,05.10,S2B_MSIL2A_20240719T042709_N0510_R133_T46SEF_20240719T065159,HARMONIZED,bae8492f9b68a2a6f4a116e32481773e5482da4a1f379cc425c6cec8fc099416,sentinel2,1633069841bad4502442f445215558d12408e4012a25b6351078aba3d16bd03a,COPERNICUS/S2_SR_HARMONIZED/20240719T042709_20240719T043643_T46SEF,None,1721363907947,2024-08-15,2024-07-16,2024
AOI-01,18ae788e0cf1ef68015dfee09e2ef7a0a1af4676e0b5d436994b707dfe92dec3,COPERNICUS/S2_SR_HARMONIZED,2024-07-22T04:48:23.724000+00:00,16.597225,,b21c8cc7f3d4d35e1db4dfa1c8245ff10ba657c0a0a001992b552808766cc49b,True,source-scenes-v1,46SEF,2024-07-31,Sentinel-2,05.10,05.10,S2B_MSIL2A_20240722T043709_N0510_R033_T46SEF_20240722T070145,HARMONIZED,bae8492f9b68a2a6f4a116e32481773e5482da4a1f379cc425c6cec8fc099416,sentinel2,1633069841bad4502442f445215558d12408e4012a25b6351078aba3d16bd03a,COPERNICUS/S2_SR_HARMONIZED/20240722T043709_20240722T044648_T46SEF,None,1721623703724,2024-08-15,2024-07-16,2024
AOI-01,18ae788e0cf1ef68015dfee09e2ef7a0a1af4676e0b5d436994b707dfe92dec3,COPERNICUS/S2_SR_HARMONIZED,2024-07-24T04:38:26.648000+00:00,2.881517,,b21c8cc7f3d4d35e1db4dfa1c8245ff10ba657c0a0a001992b552808766cc49b,True,source-scenes-v1,46SEF,2024-07-31,Sentinel-2,05.11,05.11,S2A_MSIL2A_20240724T042711_N0511_R133_T46SEF_20240724T101351,HARMONIZED,bae8492f9b68a2a6f4a116e32481773e5482da4a1f379cc425c6cec8fc099416,sentinel2,1633069841bad4502442f445215558d12408e4012a25b6351078aba3d16bd03a,COPERNICUS/S2_SR_HARMONIZED/20240724T042711_20240724T043259_T46SEF,None,1721795906648,2024-08-15,2024-07-16,2024
AOI-01,18ae788e0cf1ef68015dfee09e2ef7a0a1af4676e0b5d436994b707dfe92dec3,COPERNICUS/S2_SR_HARMONIZED,2024-07-29T04:38:26.186000+00:00,10.446773,,b21c8cc7f3d4d35e1db4dfa1c8245ff10ba657c0a0a001992b552808766cc49b,True,source-scenes-v1,46SEF,2024-07-31,Sentinel-2,05.11,05.11,S2B_MSIL2A_20240729T042709_N0511_R133_T46SEF_20240729T064336,HARMONIZED,bae8492f9b68a2a6f4a116e32481773e5482da4a1f379cc425c6cec8fc099416,sentinel2,1633069841bad4502442f445215558d12408e4012a25b6351078aba3d16bd03a,COPERNICUS/S2_SR_HARMONIZED/20240729T042709_20240729T043750_T46SEF,None,1722227906186,2024-08-15,2024-07-16,2024
AOI-01,18ae788e0cf1ef68015dfee09e2ef7a0a1af4676e0b5d436994b707dfe92dec3,COPERNICUS/S2_SR_HARMONIZED,2024-08-03T04:38:27.022000+00:00,4.217763,,b21c8cc7f3d4d35e1db4dfa1c8245ff10ba657c0a0a001992b552808766cc49b,True,source-scenes-v1,46SEF,2024-07-31,Sentinel-2,05.11,05.11,S2A_MSIL2A_20240803T042711_N0511_R133_T46SEF_20240803T203553,HARMONIZED,bae8492f9b68a2a6f4a116e32481773e5482da4a1f379cc425c6cec8fc099416,sentinel2,1633069841bad4502442f445215558d12408e4012a25b6351078aba3d16bd03a,COPERNICUS/S2_SR_HARMONIZED/20240803T042711_20240803T043429_T46SEF,None,1722659907022,2024-08-15,2024-07-16,2024
AOI-01,18ae788e0cf1ef68015dfee09e2ef7a0a1af4676e0b5d436994b707dfe92dec3,COPERNICUS/S2_SR_HARMONIZED,2024-08-06T04:48:22.012000+00:00,65.438312,,b21c8cc7f3d4d35e1db4dfa1c8245ff10ba657c0a0a001992b552808766cc49b,True,source-scenes-v1,46SEF,2024-07-31,Sentinel-2,05.11,05.11,S2A_MSIL2A_20240806T043701_N0511_R033_T46SEF_20240806T094159,HARMONIZED,bae8492f9b68a2a6f4a116e32481773e5482da4a1f379cc425c6cec8fc099416,sentinel2,1633069841bad4502442f445215558d12408e4012a25b6351078aba3d16bd03a,COPERNICUS/S2_SR_HARMONIZED/20240806T043701_20240806T044802_T46SEF,None,1722919702012,2024-08-15,2024-07-16,2024
AOI-01,18ae788e0cf1ef68015dfee09e2ef7a0a1af4676e0b5d436994b707dfe92dec3,COPERNICUS/S2_SR_HARMONIZED,2024-08-11T04:48:24.585000+00:00,6.356651,,b21c8cc7f3d4d35e1db4dfa1c8245ff10ba657c0a0a001992b552808766cc49b,True,source-scenes-v1,46SEF,2024-07-31,Sentinel-2,05.11,05.11,S2B_MSIL2A_20240811T043709_N0511_R033_T46SEF_20240811T075649,HARMONIZED,bae8492f9b68a2a6f4a116e32481773e5482da4a1f379cc425c6cec8fc099416,sentinel2,1633069841bad4502442f445215558d12408e4012a25b6351078aba3d16bd03a,COPERNICUS/S2_SR_HARMONIZED/20240811T043709_20240811T043704_T46SEF,None,1723351704585,2024-08-15,2024-07-16,2024
AOI-01,18ae788e0cf1ef68015dfee09e2ef7a0a1af4676e0b5d436994b707dfe92dec3,COPERNICUS/S2_SR_HARMONIZED,2024-08-13T04:38:26.034000+00:00,66.314167,,b21c8cc7f3d4d35e1db4dfa1c8245ff10ba657c0a0a001992b552808766cc49b,True,source-scenes-v1,46SEF,2024-07-31,Sentinel-2,05.11,05.11,S2A_MSIL2A_20240813T042701_N0511_R133_T46SEF_20240813T100054,HARMONIZED,bae8492f9b68a2a6f4a116e32481773e5482da4a1f379cc425c6cec8fc099416,sentinel2,1633069841bad4502442f445215558d12408e4012a25b6351078aba3d16bd03a,COPERNICUS/S2_SR_HARMONIZED/20240813T042701_20240813T043352_T46SEF,None,1723523906034,2024-08-15,2024-07-16,2024
AOI-01,18ae788e0cf1ef68015dfee09e2ef7a0a1af4676e0b5d436994b707dfe92dec3,COPERNICUS/S2_SR_HARMONIZED,2024-08-16T04:48:21.182000+00:00,19.026373,OUTSIDE_NOMINAL_WINDOW,b21c8cc7f3d4d35e1db4dfa1c8245ff10ba657c0a0a001992b552808766cc49b,False,source-scenes-v1,46SEF,2024-07-31,Sentinel-2,05.11,05.11,S2A_MSIL2A_20240816T043701_N0511_R033_T46SEF_20240816T093750,HARMONIZED,bae8492f9b68a2a6f4a116e32481773e5482da4a1f379cc425c6cec8fc099416,sentinel2,1633069841bad4502442f445215558d12408e4012a25b6351078aba3d16bd03a,COPERNICUS/S2_SR_HARMONIZED/20240816T043701_20240816T043947_T46SEF,None,1723783701182,2024-08-15,2024-07-16,2024
AOI-01,18ae788e0cf1ef68015dfee09e2ef7a0a1af4676e0b5d436994b707dfe92dec3,COPERNICUS/S2_SR_HARMONIZED,2024-08-18T04:38:26.785000+00:00,0.008633,OUTSIDE_NOMINAL_WINDOW,b21c8cc7f3d4d35e1db4dfa1c8245ff10ba657c0a0a001992b552808766cc49b,False,source-scenes-v1,46SEF,2024-07-31,Sentinel-2,05.11,05.11,S2B_MSIL2A_20240818T042709_N0511_R133_T46SEF_20240818T074736,HARMONIZED,bae8492f9b68a2a6f4a116e32481773e5482da4a1f379cc425c6cec8fc099416,sentinel2,1633069841bad4502442f445215558d12408e4012a25b6351078aba3d16bd03a,COPERNICUS/S2_SR_HARMONIZED/20240818T042709_20240818T042839_T46SEF,None,1723955906785,2024-08-15,2024-07-16,2024
AOI-01,18ae788e0cf1ef68015dfee09e2ef7a0a1af4676e0b5d436994b707dfe92dec3,COPERNICUS/S2_SR_HARMONIZED,2024-08-21T04:48:20.631000+00:00,9.741292,OUTSIDE_NOMINAL_WINDOW,b21c8cc7f3d4d35e1db4dfa1c8245ff10ba657c0a0a001992b552808766cc49b,False,source-scenes-v1,46SEF,2024-07-31,Sentinel-2,05.11,05.11,S2B_MSIL2A_20240821T043659_N0511_R033_T46SEF_20240821T085125,HARMONIZED,bae8492f9b68a2a6f4a116e32481773e5482da4a1f379cc425c6cec8fc099416,sentinel2,1633069841bad4502442f445215558d12408e4012a25b6351078aba3d16bd03a,COPERNICUS/S2_SR_HARMONIZED/20240821T043659_20240821T044246_T46SEF,None,1724215700631,2024-08-15,2024-07-16,2024
AOI-01,18ae788e0cf1ef68015dfee09e2ef7a0a1af4676e0b5d436994b707dfe92dec3,COPERNICUS/S2_SR_HARMONIZED,2024-08-23T04:38:21.760000+00:00,69.31209,OUTSIDE_NOMINAL_WINDOW,b21c8cc7f3d4d35e1db4dfa1c8245ff10ba657c0a0a001992b552808766cc49b,False,source-scenes-v1,46SEF,2024-07-31,Sentinel-2,05.11,05.11,S2A_MSIL2A_20240823T042701_N0511_R133_T46SEF_20240823T100649,HARMONIZED,bae8492f9b68a2a6f4a116e32481773e5482da4a1f379cc425c6cec8fc099416,sentinel2,1633069841bad4502442f445215558d12408e4012a25b6351078aba3d16bd03a,COPERNICUS/S2_SR_HARMONIZED/20240823T042701_20240823T043652_T46SEF,None,1724387901760,2024-08-15,2024-07-16,2024
AOI-01,18ae788e0cf1ef68015dfee09e2ef7a0a1af4676e0b5d436994b707dfe92dec3,COPERNICUS/S2_SR_HARMONIZED,2024-07-12T04:48:22.270000+00:00,62.83285,OUTSIDE_NOMINAL_WINDOW,b21c8cc7f3d4d35e1db4dfa1c8245ff10ba657c0a0a001992b552808766cc49b,False,source-scenes-v1,46SEF,2024-08-10,Sentinel-2,05.10,05.10,S2B_MSIL2A_20240712T043659_N0510_R033_T46SEF_20240712T074624,HARMONIZED,c84d0995c67d3b3cb60b2a4e4fea62f9f7484b1780305504d7cfcd12c8a9d748,sentinel2,00202767a3e1e5700cdf89f5e103cdcd01d2d2511715feb2ed2f628c2739c8c3,COPERNICUS/S2_SR_HARMONIZED/20240712T043659_20240712T044748_T46SEF,None,1720759702270,2024-08-25,2024-07-26,2024
AOI-01,18ae788e0cf1ef68015dfee09e2ef7a0a1af4676e0b5d436994b707dfe92dec3,COPERNICUS/S2_SR_HARMONIZED,2024-07-14T04:38:26.657000+00:00,31.863332,OUTSIDE_NOMINAL_WINDOW,b21c8cc7f3d4d35e1db4dfa1c8245ff10ba657c0a0a001992b552808766cc49b,False,source-scenes-v1,46SEF,2024-08-10,Sentinel-2,05.10,05.10,S2A_MSIL2A_20240714T042711_N0510_R133_T46SEF_20240714T092959,HARMONIZED,c84d0995c67d3b3cb60b2a4e4fea62f9f7484b1780305504d7cfcd12c8a9d748,sentinel2,00202767a3e1e5700cdf89f5e103cdcd01d2d2511715feb2ed2f628c2739c8c3,COPERNICUS/S2_SR_HARMONIZED/20240714T042711_20240714T043045_T46SEF,None,1720931906657,2024-08-25,2024-07-26,2024
AOI-01,18ae788e0cf1ef68015dfee09e2ef7a0a1af4676e0b5d436994b707dfe92dec3,COPERNICUS/S2_SR_HARMONIZED,2024-07-17T04:48:21.396000+00:00,11.155585,OUTSIDE_NOMINAL_WINDOW,b21c8cc7f3d4d35e1db4dfa1c8245ff10ba657c0a0a001992b552808766cc49b,False,source-scenes-v1,46SEF,2024-08-10,Sentinel-2,05.10,05.10,S2A_MSIL2A_20240717T043701_N0510_R033_T46SEF_20240717T153856,HARMONIZED,c84d0995c67d3b3cb60b2a4e4fea62f9f7484b1780305504d7cfcd12c8a9d748,sentinel2,00202767a3e1e5700cdf89f5e103cdcd01d2d2511715feb2ed2f628c2739c8c3,COPERNICUS/S2_SR_HARMONIZED/20240717T043701_20240717T044110_T46SEF,None,1721191701396,2024-08-25,2024-07-26,2024
AOI-01,18ae788e0cf1ef68015dfee09e2ef7a0a1af4676e0b5d436994b707dfe92dec3,COPERNICUS/S2_SR_HARMONIZED,2024-07-19T04:38:27.947000+00:00,16.208921,OUTSIDE_NOMINAL_WINDOW,b21c8cc7f3d4d35e1db4dfa1c8245ff10ba657c0a0a001992b552808766cc49b,False,source-scenes-v1,46SEF,2024-08-10,Sentinel-2,05.10,05.10,S2B_MSIL2A_20240719T042709_N0510_R133_T46SEF_20240719T065159,HARMONIZED,c84d0995c67d3b3cb60b2a4e4fea62f9f7484b1780305504d7cfcd12c8a9d748,sentinel2,00202767a3e1e5700cdf89f5e103cdcd01d2d2511715feb2ed2f628c2739c8c3,COPERNICUS/S2_SR_HARMONIZED/20240719T042709_20240719T043643_T46SEF,None,1721363907947,2024-08-25,2024-07-26,2024
AOI-01,18ae788e0cf1ef68015dfee09e2ef7a0a1af4676e0b5d436994b707dfe92dec3,COPERNICUS/S2_SR_HARMONIZED,2024-07-22T04:48:23.724000+00:00,16.597225,OUTSIDE_NOMINAL_WINDOW,b21c8cc7f3d4d35e1db4dfa1c8245ff10ba657c0a0a001992b552808766cc49b,False,source-scenes-v1,46SEF,2024-08-10,Sentinel-2,05.10,05.10,S2B_MSIL2A_20240722T043709_N0510_R033_T46SEF_20240722T070145,HARMONIZED,c84d0995c67d3b3cb60b2a4e4fea62f9f7484b1780305504d7cfcd12c8a9d748,sentinel2,00202767a3e1e5700cdf89f5e103cdcd01d2d2511715feb2ed2f628c2739c8c3,COPERNICUS/S2_SR_HARMONIZED/20240722T043709_20240722T044648_T46SEF,None,1721623703724,2024-08-25,2024-07-26,2024
AOI-01,18ae788e0cf1ef68015dfee09e2ef7a0a1af4676e0b5d436994b707dfe92dec3,COPERNICUS/S2_SR_HARMONIZED,2024-07-24T04:38:26.648000+00:00,2.881517,OUTSIDE_NOMINAL_WINDOW,b21c8cc7f3d4d35e1db4dfa1c8245ff10ba657c0a0a001992b552808766cc49b,False,source-scenes-v1,46SEF,2024-08-10,Sentinel-2,05.11,05.11,S2A_MSIL2A_20240724T042711_N0511_R133_T46SEF_20240724T101351,HARMONIZED,c84d0995c67d3b3cb60b2a4e4fea62f9f7484b1780305504d7cfcd12c8a9d748,sentinel2,00202767a3e1e5700cdf89f5e103cdcd01d2d2511715feb2ed2f628c2739c8c3,COPERNICUS/S2_SR_HARMONIZED/20240724T042711_20240724T043259_T46SEF,None,1721795906648,2024-08-25,2024-07-26,2024
AOI-01,18ae788e0cf1ef68015dfee09e2ef7a0a1af4676e0b5d436994b707dfe92dec3,COPERNICUS/S2_SR_HARMONIZED,2024-07-29T04:38:26.186000+00:00,10.446773,,b21c8cc7f3d4d35e1db4dfa1c8245ff10ba657c0a0a001992b552808766cc49b,True,source-scenes-v1,46SEF,2024-08-10,Sentinel-2,05.11,05.11,S2B_MSIL2A_20240729T042709_N0511_R133_T46SEF_20240729T064336,HARMONIZED,c84d0995c67d3b3cb60b2a4e4fea62f9f7484b1780305504d7cfcd12c8a9d748,sentinel2,00202767a3e1e5700cdf89f5e103cdcd01d2d2511715feb2ed2f628c2739c8c3,COPERNICUS/S2_SR_HARMONIZED/20240729T042709_20240729T043750_T46SEF,None,1722227906186,2024-08-25,2024-07-26,2024
AOI-01,18ae788e0cf1ef68015dfee09e2ef7a0a1af4676e0b5d436994b707dfe92dec3,COPERNICUS/S2_SR_HARMONIZED,2024-08-03T04:38:27.022000+00:00,4.217763,,b21c8cc7f3d4d35e1db4dfa1c8245ff10ba657c0a0a001992b552808766cc49b,True,source-scenes-v1,46SEF,2024-08-10,Sentinel-2,05.11,05.11,S2A_MSIL2A_20240803T042711_N0511_R133_T46SEF_20240803T203553,HARMONIZED,c84d0995c67d3b3cb60b2a4e4fea62f9f7484b1780305504d7cfcd12c8a9d748,sentinel2,00202767a3e1e5700cdf89f5e103cdcd01d2d2511715feb2ed2f628c2739c8c3,COPERNICUS/S2_SR_HARMONIZED/20240803T042711_20240803T043429_T46SEF,None,1722659907022,2024-08-25,2024-07-26,2024
AOI-01,18ae788e0cf1ef68015dfee09e2ef7a0a1af4676e0b5d436994b707dfe92dec3,COPERNICUS/S2_SR_HARMONIZED,2024-08-06T04:48:22.012000+00:00,65.438312,,b21c8cc7f3d4d35e1db4dfa1c8245ff10ba657c0a0a001992b552808766cc49b,True,source-scenes-v1,46SEF,2024-08-10,Sentinel-2,05.11,05.11,S2A_MSIL2A_20240806T043701_N0511_R033_T46SEF_20240806T094159,HARMONIZED,c84d0995c67d3b3cb60b2a4e4fea62f9f7484b1780305504d7cfcd12c8a9d748,sentinel2,00202767a3e1e5700cdf89f5e103cdcd01d2d2511715feb2ed2f628c2739c8c3,COPERNICUS/S2_SR_HARMONIZED/20240806T043701_20240806T044802_T46SEF,None,1722919702012,2024-08-25,2024-07-26,2024
AOI-01,18ae788e0cf1ef68015dfee09e2ef7a0a1af4676e0b5d436994b707dfe92dec3,COPERNICUS/S2_SR_HARMONIZED,2024-08-11T04:48:24.585000+00:00,6.356651,,b21c8cc7f3d4d35e1db4dfa1c8245ff10ba657c0a0a001992b552808766cc49b,True,source-scenes-v1,46SEF,2024-08-10,Sentinel-2,05.11,05.11,S2B_MSIL2A_20240811T043709_N0511_R033_T46SEF_20240811T075649,HARMONIZED,c84d0995c67d3b3cb60b2a4e4fea62f9f7484b1780305504d7cfcd12c8a9d748,sentinel2,00202767a3e1e5700cdf89f5e103cdcd01d2d2511715feb2ed2f628c2739c8c3,COPERNICUS/S2_SR_HARMONIZED/20240811T043709_20240811T043704_T46SEF,None,1723351704585,2024-08-25,2024-07-26,2024
AOI-01,18ae788e0cf1ef68015dfee09e2ef7a0a1af4676e0b5d436994b707dfe92dec3,COPERNICUS/S2_SR_HARMONIZED,2024-08-13T04:38:26.034000+00:00,66.314167,,b21c8cc7f3d4d35e1db4dfa1c8245ff10ba657c0a0a001992b552808766cc49b,True,source-scenes-v1,46SEF,2024-08-10,Sentinel-2,05.11,05.11,S2A_MSIL2A_20240813T042701_N0511_R133_T46SEF_20240813T100054,HARMONIZED,c84d0995c67d3b3cb60b2a4e4fea62f9f7484b1780305504d7cfcd12c8a9d748,sentinel2,00202767a3e1e5700cdf89f5e103cdcd01d2d2511715feb2ed2f628c2739c8c3,COPERNICUS/S2_SR_HARMONIZED/20240813T042701_20240813T043352_T46SEF,None,1723523906034,2024-08-25,2024-07-26,2024
AOI-01,18ae788e0cf1ef68015dfee09e2ef7a0a1af4676e0b5d436994b707dfe92dec3,COPERNICUS/S2_SR_HARMONIZED,2024-08-16T04:48:21.182000+00:00,19.026373,,b21c8cc7f3d4d35e1db4dfa1c8245ff10ba657c0a0a001992b552808766cc49b,True,source-scenes-v1,46SEF,2024-08-10,Sentinel-2,05.11,05.11,S2A_MSIL2A_20240816T043701_N0511_R033_T46SEF_20240816T093750,HARMONIZED,c84d0995c67d3b3cb60b2a4e4fea62f9f7484b1780305504d7cfcd12c8a9d748,sentinel2,00202767a3e1e5700cdf89f5e103cdcd01d2d2511715feb2ed2f628c2739c8c3,COPERNICUS/S2_SR_HARMONIZED/20240816T043701_20240816T043947_T46SEF,None,1723783701182,2024-08-25,2024-07-26,2024
AOI-01,18ae788e0cf1ef68015dfee09e2ef7a0a1af4676e0b5d436994b707dfe92dec3,COPERNICUS/S2_SR_HARMONIZED,2024-08-18T04:38:26.785000+00:00,0.008633,,b21c8cc7f3d4d35e1db4dfa1c8245ff10ba657c0a0a001992b552808766cc49b,True,source-scenes-v1,46SEF,2024-08-10,Sentinel-2,05.11,05.11,S2B_MSIL2A_20240818T042709_N0511_R133_T46SEF_20240818T074736,HARMONIZED,c84d0995c67d3b3cb60b2a4e4fea62f9f7484b1780305504d7cfcd12c8a9d748,sentinel2,00202767a3e1e5700cdf89f5e103cdcd01d2d2511715feb2ed2f628c2739c8c3,COPERNICUS/S2_SR_HARMONIZED/20240818T042709_20240818T042839_T46SEF,None,1723955906785,2024-08-25,2024-07-26,2024
AOI-01,18ae788e0cf1ef68015dfee09e2ef7a0a1af4676e0b5d436994b707dfe92dec3,COPERNICUS/S2_SR_HARMONIZED,2024-08-21T04:48:20.631000+00:00,9.741292,,b21c8cc7f3d4d35e1db4dfa1c8245ff10ba657c0a0a001992b552808766cc49b,True,source-scenes-v1,46SEF,2024-08-10,Sentinel-2,05.11,05.11,S2B_MSIL2A_20240821T043659_N0511_R033_T46SEF_20240821T085125,HARMONIZED,c84d0995c67d3b3cb60b2a4e4fea62f9f7484b1780305504d7cfcd12c8a9d748,sentinel2,00202767a3e1e5700cdf89f5e103cdcd01d2d2511715feb2ed2f628c2739c8c3,COPERNICUS/S2_SR_HARMONIZED/20240821T043659_20240821T044246_T46SEF,None,1724215700631,2024-08-25,2024-07-26,2024
AOI-01,18ae788e0cf1ef68015dfee09e2ef7a0a1af4676e0b5d436994b707dfe92dec3,COPERNICUS/S2_SR_HARMONIZED,2024-08-23T04:38:21.760000+00:00,69.31209,,b21c8cc7f3d4d35e1db4dfa1c8245ff10ba657c0a0a001992b552808766cc49b,True,source-scenes-v1,46SEF,2024-08-10,Sentinel-2,05.11,05.11,S2A_MSIL2A_20240823T042701_N0511_R133_T46SEF_20240823T100649,HARMONIZED,c84d0995c67d3b3cb60b2a4e4fea62f9f7484b1780305504d7cfcd12c8a9d748,sentinel2,00202767a3e1e5700cdf89f5e103cdcd01d2d2511715feb2ed2f628c2739c8c3,COPERNICUS/S2_SR_HARMONIZED/20240823T042701_20240823T043652_T46SEF,None,1724387901760,2024-08-25,2024-07-26,2024
AOI-01,18ae788e0cf1ef68015dfee09e2ef7a0a1af4676e0b5d436994b707dfe92dec3,COPERNICUS/S2_SR_HARMONIZED,2025-07-09T04:38:47.498000+00:00,11.505088,,b21c8cc7f3d4d35e1db4dfa1c8245ff10ba657c0a0a001992b552808766cc49b,True,source-scenes-v1,46SEF,2025-07-20,Sentinel-2,05.11,05.11,S2C_MSIL2A_20250709T042731_N0511_R133_T46SEF_20250709T082417,HARMONIZED,0f8bc9b4d23904c3ae48cb334190a7b1d1240c430df5179e6523b043c20114d9,sentinel2,a7a4689f480907cec78af5fc6f3aab51b3274f16481bb2c29435f613ad81c80f,COPERNICUS/S2_SR_HARMONIZED/20250709T042731_20250709T042907_T46SEF,None,1752035927498,2025-08-04,2025-07-05,2025
AOI-01,18ae788e0cf1ef68015dfee09e2ef7a0a1af4676e0b5d436994b707dfe92dec3,COPERNICUS/S2_SR_HARMONIZED,2025-07-12T04:48:43.500000+00:00,40.950885,,b21c8cc7f3d4d35e1db4dfa1c8245ff10ba657c0a0a001992b552808766cc49b,True,source-scenes-v1,46SEF,2025-07-20,Sentinel-2,05.11,05.11,S2C_MSIL2A_20250712T043721_N0511_R033_T46SEF_20250712T092814,HARMONIZED,0f8bc9b4d23904c3ae48cb334190a7b1d1240c430df5179e6523b043c20114d9,sentinel2,a7a4689f480907cec78af5fc6f3aab51b3274f16481bb2c29435f613ad81c80f,COPERNICUS/S2_SR_HARMONIZED/20250712T043721_20250712T044719_T46SEF,None,1752295723500,2025-08-04,2025-07-05,2025
AOI-01,18ae788e0cf1ef68015dfee09e2ef7a0a1af4676e0b5d436994b707dfe92dec3,COPERNICUS/S2_SR_HARMONIZED,2025-07-14T04:38:28.014000+00:00,26.934761,,b21c8cc7f3d4d35e1db4dfa1c8245ff10ba657c0a0a001992b552808766cc49b,True,source-scenes-v1,46SEF,2025-07-20,Sentinel-2,05.11,05.11,S2B_MSIL2A_20250714T042709_N0511_R133_T46SEF_20250714T063813,HARMONIZED,0f8bc9b4d23904c3ae48cb334190a7b1d1240c430df5179e6523b043c20114d9,sentinel2,a7a4689f480907cec78af5fc6f3aab51b3274f16481bb2c29435f613ad81c80f,COPERNICUS/S2_SR_HARMONIZED/20250714T042709_20250714T043314_T46SEF,None,1752467908014,2025-08-04,2025-07-05,2025
AOI-01,18ae788e0cf1ef68015dfee09e2ef7a0a1af4676e0b5d436994b707dfe92dec3,COPERNICUS/S2_SR_HARMONIZED,2025-07-14T04:48:39.620000+00:00,31.179932,,b21c8cc7f3d4d35e1db4dfa1c8245ff10ba657c0a0a001992b552808766cc49b,True,source-scenes-v1,46SEF,2025-07-20,Sentinel-2,05.11,05.11,S2A_MSIL2A_20250714T044241_N0511_R033_T46SEF_20250714T070916,HARMONIZED,0f8bc9b4d23904c3ae48cb334190a7b1d1240c430df5179e6523b043c20114d9,sentinel2,a7a4689f480907cec78af5fc6f3aab51b3274f16481bb2c29435f613ad81c80f,COPERNICUS/S2_SR_HARMONIZED/20250714T044241_20250714T044238_T46SEF,None,1752468519620,2025-08-04,2025-07-05,2025
AOI-01,18ae788e0cf1ef68015dfee09e2ef7a0a1af4676e0b5d436994b707dfe92dec3,COPERNICUS/S2_SR_HARMONIZED,2025-07-17T04:48:23.604000+00:00,6.411857,,b21c8cc7f3d4d35e1db4dfa1c8245ff10ba657c0a0a001992b552808766cc49b,True,source-scenes-v1,46SEF,2025-07-20,Sentinel-2,05.11,05.11,S2B_MSIL2A_20250717T043709_N0511_R033_T46SEF_20250717T071608,HARMONIZED,0f8bc9b4d23904c3ae48cb334190a7b1d1240c430df5179e6523b043c20114d9,sentinel2,a7a4689f480907cec78af5fc6f3aab51b3274f16481bb2c29435f613ad81c80f,COPERNICUS/S2_SR_HARMONIZED/20250717T043709_20250717T044347_T46SEF,None,1752727703604,2025-08-04,2025-07-05,2025
AOI-01,18ae788e0cf1ef68015dfee09e2ef7a0a1af4676e0b5d436994b707dfe92dec3,COPERNICUS/S2_SR_HARMONIZED,2025-07-22T04:48:43.272000+00:00,20.481323,,b21c8cc7f3d4d35e1db4dfa1c8245ff10ba657c0a0a001992b552808766cc49b,True,source-scenes-v1,46SEF,2025-07-20,Sentinel-2,05.11,05.11,S2C_MSIL2A_20250722T043721_N0511_R033_T46SEF_20250722T085614,HARMONIZED,0f8bc9b4d23904c3ae48cb334190a7b1d1240c430df5179e6523b043c20114d9,sentinel2,a7a4689f480907cec78af5fc6f3aab51b3274f16481bb2c29435f613ad81c80f,COPERNICUS/S2_SR_HARMONIZED/20250722T043721_20250722T043723_T46SEF,None,1753159723272,2025-08-04,2025-07-05,2025
AOI-01,18ae788e0cf1ef68015dfee09e2ef7a0a1af4676e0b5d436994b707dfe92dec3,COPERNICUS/S2_SR_HARMONIZED,2025-07-24T04:38:26.621000+00:00,60.257149,,b21c8cc7f3d4d35e1db4dfa1c8245ff10ba657c0a0a001992b552808766cc49b,True,source-scenes-v1,46SEF,2025-07-20,Sentinel-2,05.11,05.11,S2B_MSIL2A_20250724T042709_N0511_R133_T46SEF_20250724T065832,HARMONIZED,0f8bc9b4d23904c3ae48cb334190a7b1d1240c430df5179e6523b043c20114d9,sentinel2,a7a4689f480907cec78af5fc6f3aab51b3274f16481bb2c29435f613ad81c80f,COPERNICUS/S2_SR_HARMONIZED/20250724T042709_20250724T043548_T46SEF,None,1753331906621,2025-08-04,2025-07-05,2025
AOI-01,18ae788e0cf1ef68015dfee09e2ef7a0a1af4676e0b5d436994b707dfe92dec3,COPERNICUS/S2_SR_HARMONIZED,2025-07-27T04:48:21.711000+00:00,65.208185,,b21c8cc7f3d4d35e1db4dfa1c8245ff10ba657c0a0a001992b552808766cc49b,True,source-scenes-v1,46SEF,2025-07-20,Sentinel-2,05.11,05.11,S2B_MSIL2A_20250727T043659_N0511_R033_T46SEF_20250727T065051,HARMONIZED,0f8bc9b4d23904c3ae48cb334190a7b1d1240c430df5179e6523b043c20114d9,sentinel2,a7a4689f480907cec78af5fc6f3aab51b3274f16481bb2c29435f613ad81c80f,COPERNICUS/S2_SR_HARMONIZED/20250727T043659_20250727T044403_T46SEF,None,1753591701711,2025-08-04,2025-07-05,2025
AOI-01,18ae788e0cf1ef68015dfee09e2ef7a0a1af4676e0b5d436994b707dfe92dec3,COPERNICUS/S2_SR_HARMONIZED,2025-07-29T04:38:46.311000+00:00,16.05546,,b21c8cc7f3d4d35e1db4dfa1c8245ff10ba657c0a0a001992b552808766cc49b,True,source-scenes-v1,46SEF,2025-07-20,Sentinel-2,05.11,05.11,S2C_MSIL2A_20250729T042721_N0511_R133_T46SEF_20250729T083114,HARMONIZED,0f8bc9b4d23904c3ae48cb334190a7b1d1240c430df5179e6523b043c20114d9,sentinel2,a7a4689f480907cec78af5fc6f3aab51b3274f16481bb2c29435f613ad81c80f,COPERNICUS/S2_SR_HARMONIZED/20250729T042721_20250729T042724_T46SEF,None,1753763926311,2025-08-04,2025-07-05,2025
AOI-01,18ae788e0cf1ef68015dfee09e2ef7a0a1af4676e0b5d436994b707dfe92dec3,COPERNICUS/S2_SR_HARMONIZED,2025-07-31T04:38:42.224000+00:00,6.065686,,b21c8cc7f3d4d35e1db4dfa1c8245ff10ba657c0a0a001992b552808766cc49b,True,source-scenes-v1,46SEF,2025-07-20,Sentinel-2,05.11,05.11,S2A_MSIL2A_20250731T043231_N0511_R133_T46SEF_20250731T064913,HARMONIZED,0f8bc9b4d23904c3ae48cb334190a7b1d1240c430df5179e6523b043c20114d9,sentinel2,a7a4689f480907cec78af5fc6f3aab51b3274f16481bb2c29435f613ad81c80f,COPERNICUS/S2_SR_HARMONIZED/20250731T043231_20250731T043231_T46SEF,None,1753936722224,2025-08-04,2025-07-05,2025
AOI-01,18ae788e0cf1ef68015dfee09e2ef7a0a1af4676e0b5d436994b707dfe92dec3,COPERNICUS/S2_SR_HARMONIZED,2025-08-03T04:38:25.037000+00:00,71.198958,,b21c8cc7f3d4d35e1db4dfa1c8245ff10ba657c0a0a001992b552808766cc49b,True,source-scenes-v1,46SEF,2025-07-20,Sentinel-2,05.11,05.11,S2B_MSIL2A_20250803T042709_N0511_R133_T46SEF_20250803T064014,HARMONIZED,0f8bc9b4d23904c3ae48cb334190a7b1d1240c430df5179e6523b043c20114d9,sentinel2,a7a4689f480907cec78af5fc6f3aab51b3274f16481bb2c29435f613ad81c80f,COPERNICUS/S2_SR_HARMONIZED/20250803T042709_20250803T043640_T46SEF,None,1754195905037,2025-08-04,2025-07-05,2025
AOI-01,18ae788e0cf1ef68015dfee09e2ef7a0a1af4676e0b5d436994b707dfe92dec3,COPERNICUS/S2_SR_HARMONIZED,2025-08-03T04:48:37.152000+00:00,48.894069,,b21c8cc7f3d4d35e1db4dfa1c8245ff10ba657c0a0a001992b552808766cc49b,True,source-scenes-v1,46SEF,2025-07-20,Sentinel-2,05.11,05.11,S2A_MSIL2A_20250803T044241_N0511_R033_T46SEF_20250803T074013,HARMONIZED,0f8bc9b4d23904c3ae48cb334190a7b1d1240c430df5179e6523b043c20114d9,sentinel2,a7a4689f480907cec78af5fc6f3aab51b3274f16481bb2c29435f613ad81c80f,COPERNICUS/S2_SR_HARMONIZED/20250803T044241_20250803T044522_T46SEF,None,1754196517152,2025-08-04,2025-07-05,2025
AOI-01,18ae788e0cf1ef68015dfee09e2ef7a0a1af4676e0b5d436994b707dfe92dec3,COPERNICUS/S2_SR_HARMONIZED,2025-08-08T04:38:42.925000+00:00,19.650622,OUTSIDE_NOMINAL_WINDOW,b21c8cc7f3d4d35e1db4dfa1c8245ff10ba657c0a0a001992b552808766cc49b,False,source-scenes-v1,46SEF,2025-07-20,Sentinel-2,05.11,05.11,S2C_MSIL2A_20250808T042721_N0511_R133_T46SEF_20250808T080614,HARMONIZED,0f8bc9b4d23904c3ae48cb334190a7b1d1240c430df5179e6523b043c20114d9,sentinel2,a7a4689f480907cec78af5fc6f3aab51b3274f16481bb2c29435f613ad81c80f,COPERNICUS/S2_SR_HARMONIZED/20250808T042721_20250808T042739_T46SEF,None,1754627922925,2025-08-04,2025-07-05,2025
AOI-01,18ae788e0cf1ef68015dfee09e2ef7a0a1af4676e0b5d436994b707dfe92dec3,COPERNICUS/S2_SR_HARMONIZED,2025-08-11T04:48:39.189000+00:00,54.115176,OUTSIDE_NOMINAL_WINDOW,b21c8cc7f3d4d35e1db4dfa1c8245ff10ba657c0a0a001992b552808766cc49b,False,source-scenes-v1,46SEF,2025-07-20,Sentinel-2,05.11,05.11,S2C_MSIL2A_20250811T043721_N0511_R033_T46SEF_20250811T082814,HARMONIZED,0f8bc9b4d23904c3ae48cb334190a7b1d1240c430df5179e6523b043c20114d9,sentinel2,a7a4689f480907cec78af5fc6f3aab51b3274f16481bb2c29435f613ad81c80f,COPERNICUS/S2_SR_HARMONIZED/20250811T043721_20250811T043759_T46SEF,None,1754887719189,2025-08-04,2025-07-05,2025
AOI-01,18ae788e0cf1ef68015dfee09e2ef7a0a1af4676e0b5d436994b707dfe92dec3,COPERNICUS/S2_SR_HARMONIZED,2025-08-13T04:38:26.734000+00:00,9.740326,OUTSIDE_NOMINAL_WINDOW,b21c8cc7f3d4d35e1db4dfa1c8245ff10ba657c0a0a001992b552808766cc49b,False,source-scenes-v1,46SEF,2025-07-20,Sentinel-2,05.11,05.11,S2B_MSIL2A_20250813T042709_N0511_R133_T46SEF_20250813T070247,HARMONIZED,0f8bc9b4d23904c3ae48cb334190a7b1d1240c430df5179e6523b043c20114d9,sentinel2,a7a4689f480907cec78af5fc6f3aab51b3274f16481bb2c29435f613ad81c80f,COPERNICUS/S2_SR_HARMONIZED/20250813T042709_20250813T043237_T46SEF,None,1755059906734,2025-08-04,2025-07-05,2025
AOI-01,18ae788e0cf1ef68015dfee09e2ef7a0a1af4676e0b5d436994b707dfe92dec3,COPERNICUS/S2_SR_HARMONIZED,2025-08-18T04:38:44.024000+00:00,3.654819,OUTSIDE_NOMINAL_WINDOW,b21c8cc7f3d4d35e1db4dfa1c8245ff10ba657c0a0a001992b552808766cc49b,False,source-scenes-v1,46SEF,2025-07-20,Sentinel-2,05.11,05.11,S2C_MSIL2A_20250818T042721_N0511_R133_T46SEF_20250818T092714,HARMONIZED,0f8bc9b4d23904c3ae48cb334190a7b1d1240c430df5179e6523b043c20114d9,sentinel2,a7a4689f480907cec78af5fc6f3aab51b3274f16481bb2c29435f613ad81c80f,COPERNICUS/S2_SR_HARMONIZED/20250818T042721_20250818T043428_T46SEF,None,1755491924024,2025-08-04,2025-07-05,2025
AOI-01,18ae788e0cf1ef68015dfee09e2ef7a0a1af4676e0b5d436994b707dfe92dec3,COPERNICUS/S2_SR_HARMONIZED,2025-08-20T04:38:38.316000+00:00,49.033394,OUTSIDE_NOMINAL_WINDOW,b21c8cc7f3d4d35e1db4dfa1c8245ff10ba657c0a0a001992b552808766cc49b,False,source-scenes-v1,46SEF,2025-07-20,Sentinel-2,05.11,05.11,S2A_MSIL2A_20250820T043231_N0511_R133_T46SEF_20250820T081717,HARMONIZED,0f8bc9b4d23904c3ae48cb334190a7b1d1240c430df5179e6523b043c20114d9,sentinel2,a7a4689f480907cec78af5fc6f3aab51b3274f16481bb2c29435f613ad81c80f,COPERNICUS/S2_SR_HARMONIZED/20250820T043231_20250820T043618_T46SEF,None,1755664718316,2025-08-04,2025-07-05,2025
AOI-01,18ae788e0cf1ef68015dfee09e2ef7a0a1af4676e0b5d436994b707dfe92dec3,COPERNICUS/S2_SR_HARMONIZED,2025-08-21T04:48:39.880000+00:00,75.909108,OUTSIDE_NOMINAL_WINDOW,b21c8cc7f3d4d35e1db4dfa1c8245ff10ba657c0a0a001992b552808766cc49b,False,source-scenes-v1,46SEF,2025-07-20,Sentinel-2,05.11,05.11,S2C_MSIL2A_20250821T043721_N0511_R033_T46SEF_20250821T074518,HARMONIZED,0f8bc9b4d23904c3ae48cb334190a7b1d1240c430df5179e6523b043c20114d9,sentinel2,a7a4689f480907cec78af5fc6f3aab51b3274f16481bb2c29435f613ad81c80f,COPERNICUS/S2_SR_HARMONIZED/20250821T043721_20250821T044654_T46SEF,None,1755751719880,2025-08-04,2025-07-05,2025
AOI-01,18ae788e0cf1ef68015dfee09e2ef7a0a1af4676e0b5d436994b707dfe92dec3,COPERNICUS/S2_SR_HARMONIZED,2025-08-23T04:48:34.586000+00:00,1.801791,OUTSIDE_NOMINAL_WINDOW,b21c8cc7f3d4d35e1db4dfa1c8245ff10ba657c0a0a001992b552808766cc49b,False,source-scenes-v1,46SEF,2025-07-20,Sentinel-2,05.11,05.11,S2A_MSIL2A_20250823T044231_N0511_R033_T46SEF_20250823T065518,HARMONIZED,0f8bc9b4d23904c3ae48cb334190a7b1d1240c430df5179e6523b043c20114d9,sentinel2,a7a4689f480907cec78af5fc6f3aab51b3274f16481bb2c29435f613ad81c80f,COPERNICUS/S2_SR_HARMONIZED/20250823T044231_20250823T044233_T46SEF,None,1755924514586,2025-08-04,2025-07-05,2025
AOI-01,18ae788e0cf1ef68015dfee09e2ef7a0a1af4676e0b5d436994b707dfe92dec3,COPERNICUS/S2_SR_HARMONIZED,2025-07-09T04:38:47.498000+00:00,11.505088,OUTSIDE_NOMINAL_WINDOW,b21c8cc7f3d4d35e1db4dfa1c8245ff10ba657c0a0a001992b552808766cc49b,False,source-scenes-v1,46SEF,2025-07-31,Sentinel-2,05.11,05.11,S2C_MSIL2A_20250709T042731_N0511_R133_T46SEF_20250709T082417,HARMONIZED,3e2ad513c40e8936e01625b20c750a706e87bac16e4bda60b1ad5249a51be599,sentinel2,638442a07ff88b6244363010acdbf1bea6d65c64ef194cf29b6c6b8d63f5ddf8,COPERNICUS/S2_SR_HARMONIZED/20250709T042731_20250709T042907_T46SEF,None,1752035927498,2025-08-15,2025-07-16,2025
AOI-01,18ae788e0cf1ef68015dfee09e2ef7a0a1af4676e0b5d436994b707dfe92dec3,COPERNICUS/S2_SR_HARMONIZED,2025-07-12T04:48:43.500000+00:00,40.950885,OUTSIDE_NOMINAL_WINDOW,b21c8cc7f3d4d35e1db4dfa1c8245ff10ba657c0a0a001992b552808766cc49b,False,source-scenes-v1,46SEF,2025-07-31,Sentinel-2,05.11,05.11,S2C_MSIL2A_20250712T043721_N0511_R033_T46SEF_20250712T092814,HARMONIZED,3e2ad513c40e8936e01625b20c750a706e87bac16e4bda60b1ad5249a51be599,sentinel2,638442a07ff88b6244363010acdbf1bea6d65c64ef194cf29b6c6b8d63f5ddf8,COPERNICUS/S2_SR_HARMONIZED/20250712T043721_20250712T044719_T46SEF,None,1752295723500,2025-08-15,2025-07-16,2025
AOI-01,18ae788e0cf1ef68015dfee09e2ef7a0a1af4676e0b5d436994b707dfe92dec3,COPERNICUS/S2_SR_HARMONIZED,2025-07-14T04:38:28.014000+00:00,26.934761,OUTSIDE_NOMINAL_WINDOW,b21c8cc7f3d4d35e1db4dfa1c8245ff10ba657c0a0a001992b552808766cc49b,False,source-scenes-v1,46SEF,2025-07-31,Sentinel-2,05.11,05.11,S2B_MSIL2A_20250714T042709_N0511_R133_T46SEF_20250714T063813,HARMONIZED,3e2ad513c40e8936e01625b20c750a706e87bac16e4bda60b1ad5249a51be599,sentinel2,638442a07ff88b6244363010acdbf1bea6d65c64ef194cf29b6c6b8d63f5ddf8,COPERNICUS/S2_SR_HARMONIZED/20250714T042709_20250714T043314_T46SEF,None,1752467908014,2025-08-15,2025-07-16,2025
AOI-01,18ae788e0cf1ef68015dfee09e2ef7a0a1af4676e0b5d436994b707dfe92dec3,COPERNICUS/S2_SR_HARMONIZED,2025-07-14T04:48:39.620000+00:00,31.179932,OUTSIDE_NOMINAL_WINDOW,b21c8cc7f3d4d35e1db4dfa1c8245ff10ba657c0a0a001992b552808766cc49b,False,source-scenes-v1,46SEF,2025-07-31,Sentinel-2,05.11,05.11,S2A_MSIL2A_20250714T044241_N0511_R033_T46SEF_20250714T070916,HARMONIZED,3e2ad513c40e8936e01625b20c750a706e87bac16e4bda60b1ad5249a51be599,sentinel2,638442a07ff88b6244363010acdbf1bea6d65c64ef194cf29b6c6b8d63f5ddf8,COPERNICUS/S2_SR_HARMONIZED/20250714T044241_20250714T044238_T46SEF,None,1752468519620,2025-08-15,2025-07-16,2025
AOI-01,18ae788e0cf1ef68015dfee09e2ef7a0a1af4676e0b5d436994b707dfe92dec3,COPERNICUS/S2_SR_HARMONIZED,2025-07-17T04:48:23.604000+00:00,6.411857,,b21c8cc7f3d4d35e1db4dfa1c8245ff10ba657c0a0a001992b552808766cc49b,True,source-scenes-v1,46SEF,2025-07-31,Sentinel-2,05.11,05.11,S2B_MSIL2A_20250717T043709_N0511_R033_T46SEF_20250717T071608,HARMONIZED,3e2ad513c40e8936e01625b20c750a706e87bac16e4bda60b1ad5249a51be599,sentinel2,638442a07ff88b6244363010acdbf1bea6d65c64ef194cf29b6c6b8d63f5ddf8,COPERNICUS/S2_SR_HARMONIZED/20250717T043709_20250717T044347_T46SEF,None,1752727703604,2025-08-15,2025-07-16,2025
AOI-01,18ae788e0cf1ef68015dfee09e2ef7a0a1af4676e0b5d436994b707dfe92dec3,COPERNICUS/S2_SR_HARMONIZED,2025-07-22T04:48:43.272000+00:00,20.481323,,b21c8cc7f3d4d35e1db4dfa1c8245ff10ba657c0a0a001992b552808766cc49b,True,source-scenes-v1,46SEF,2025-07-31,Sentinel-2,05.11,05.11,S2C_MSIL2A_20250722T043721_N0511_R033_T46SEF_20250722T085614,HARMONIZED,3e2ad513c40e8936e01625b20c750a706e87bac16e4bda60b1ad5249a51be599,sentinel2,638442a07ff88b6244363010acdbf1bea6d65c64ef194cf29b6c6b8d63f5ddf8,COPERNICUS/S2_SR_HARMONIZED/20250722T043721_20250722T043723_T46SEF,None,1753159723272,2025-08-15,2025-07-16,2025
AOI-01,18ae788e0cf1ef68015dfee09e2ef7a0a1af4676e0b5d436994b707dfe92dec3,COPERNICUS/S2_SR_HARMONIZED,2025-07-24T04:38:26.621000+00:00,60.257149,,b21c8cc7f3d4d35e1db4dfa1c8245ff10ba657c0a0a001992b552808766cc49b,True,source-scenes-v1,46SEF,2025-07-31,Sentinel-2,05.11,05.11,S2B_MSIL2A_20250724T042709_N0511_R133_T46SEF_20250724T065832,HARMONIZED,3e2ad513c40e8936e01625b20c750a706e87bac16e4bda60b1ad5249a51be599,sentinel2,638442a07ff88b6244363010acdbf1bea6d65c64ef194cf29b6c6b8d63f5ddf8,COPERNICUS/S2_SR_HARMONIZED/20250724T042709_20250724T043548_T46SEF,None,1753331906621,2025-08-15,2025-07-16,2025
AOI-01,18ae788e0cf1ef68015dfee09e2ef7a0a1af4676e0b5d436994b707dfe92dec3,COPERNICUS/S2_SR_HARMONIZED,2025-07-27T04:48:21.711000+00:00,65.208185,,b21c8cc7f3d4d35e1db4dfa1c8245ff10ba657c0a0a001992b552808766cc49b,True,source-scenes-v1,46SEF,2025-07-31,Sentinel-2,05.11,05.11,S2B_MSIL2A_20250727T043659_N0511_R033_T46SEF_20250727T065051,HARMONIZED,3e2ad513c40e8936e01625b20c750a706e87bac16e4bda60b1ad5249a51be599,sentinel2,638442a07ff88b6244363010acdbf1bea6d65c64ef194cf29b6c6b8d63f5ddf8,COPERNICUS/S2_SR_HARMONIZED/20250727T043659_20250727T044403_T46SEF,None,1753591701711,2025-08-15,2025-07-16,2025
AOI-01,18ae788e0cf1ef68015dfee09e2ef7a0a1af4676e0b5d436994b707dfe92dec3,COPERNICUS/S2_SR_HARMONIZED,2025-07-29T04:38:46.311000+00:00,16.05546,,b21c8cc7f3d4d35e1db4dfa1c8245ff10ba657c0a0a001992b552808766cc49b,True,source-scenes-v1,46SEF,2025-07-31,Sentinel-2,05.11,05.11,S2C_MSIL2A_20250729T042721_N0511_R133_T46SEF_20250729T083114,HARMONIZED,3e2ad513c40e8936e01625b20c750a706e87bac16e4bda60b1ad5249a51be599,sentinel2,638442a07ff88b6244363010acdbf1bea6d65c64ef194cf29b6c6b8d63f5ddf8,COPERNICUS/S2_SR_HARMONIZED/20250729T042721_20250729T042724_T46SEF,None,1753763926311,2025-08-15,2025-07-16,2025
AOI-01,18ae788e0cf1ef68015dfee09e2ef7a0a1af4676e0b5d436994b707dfe92dec3,COPERNICUS/S2_SR_HARMONIZED,2025-07-31T04:38:42.224000+00:00,6.065686,,b21c8cc7f3d4d35e1db4dfa1c8245ff10ba657c0a0a001992b552808766cc49b,True,source-scenes-v1,46SEF,2025-07-31,Sentinel-2,05.11,05.11,S2A_MSIL2A_20250731T043231_N0511_R133_T46SEF_20250731T064913,HARMONIZED,3e2ad513c40e8936e01625b20c750a706e87bac16e4bda60b1ad5249a51be599,sentinel2,638442a07ff88b6244363010acdbf1bea6d65c64ef194cf29b6c6b8d63f5ddf8,COPERNICUS/S2_SR_HARMONIZED/20250731T043231_20250731T043231_T46SEF,None,1753936722224,2025-08-15,2025-07-16,2025
AOI-01,18ae788e0cf1ef68015dfee09e2ef7a0a1af4676e0b5d436994b707dfe92dec3,COPERNICUS/S2_SR_HARMONIZED,2025-08-03T04:38:25.037000+00:00,71.198958,,b21c8cc7f3d4d35e1db4dfa1c8245ff10ba657c0a0a001992b552808766cc49b,True,source-scenes-v1,46SEF,2025-07-31,Sentinel-2,05.11,05.11,S2B_MSIL2A_20250803T042709_N0511_R133_T46SEF_20250803T064014,HARMONIZED,3e2ad513c40e8936e01625b20c750a706e87bac16e4bda60b1ad5249a51be599,sentinel2,638442a07ff88b6244363010acdbf1bea6d65c64ef194cf29b6c6b8d63f5ddf8,COPERNICUS/S2_SR_HARMONIZED/20250803T042709_20250803T043640_T46SEF,None,1754195905037,2025-08-15,2025-07-16,2025
AOI-01,18ae788e0cf1ef68015dfee09e2ef7a0a1af4676e0b5d436994b707dfe92dec3,COPERNICUS/S2_SR_HARMONIZED,2025-08-03T04:48:37.152000+00:00,48.894069,,b21c8cc7f3d4d35e1db4dfa1c8245ff10ba657c0a0a001992b552808766cc49b,True,source-scenes-v1,46SEF,2025-07-31,Sentinel-2,05.11,05.11,S2A_MSIL2A_20250803T044241_N0511_R033_T46SEF_20250803T074013,HARMONIZED,3e2ad513c40e8936e01625b20c750a706e87bac16e4bda60b1ad5249a51be599,sentinel2,638442a07ff88b6244363010acdbf1bea6d65c64ef194cf29b6c6b8d63f5ddf8,COPERNICUS/S2_SR_HARMONIZED/20250803T044241_20250803T044522_T46SEF,None,1754196517152,2025-08-15,2025-07-16,2025
AOI-01,18ae788e0cf1ef68015dfee09e2ef7a0a1af4676e0b5d436994b707dfe92dec3,COPERNICUS/S2_SR_HARMONIZED,2025-08-08T04:38:42.925000+00:00,19.650622,,b21c8cc7f3d4d35e1db4dfa1c8245ff10ba657c0a0a001992b552808766cc49b,True,source-scenes-v1,46SEF,2025-07-31,Sentinel-2,05.11,05.11,S2C_MSIL2A_20250808T042721_N0511_R133_T46SEF_20250808T080614,HARMONIZED,3e2ad513c40e8936e01625b20c750a706e87bac16e4bda60b1ad5249a51be599,sentinel2,638442a07ff88b6244363010acdbf1bea6d65c64ef194cf29b6c6b8d63f5ddf8,COPERNICUS/S2_SR_HARMONIZED/20250808T042721_20250808T042739_T46SEF,None,1754627922925,2025-08-15,2025-07-16,2025
AOI-01,18ae788e0cf1ef68015dfee09e2ef7a0a1af4676e0b5d436994b707dfe92dec3,COPERNICUS/S2_SR_HARMONIZED,2025-08-11T04:48:39.189000+00:00,54.115176,,b21c8cc7f3d4d35e1db4dfa1c8245ff10ba657c0a0a001992b552808766cc49b,True,source-scenes-v1,46SEF,2025-07-31,Sentinel-2,05.11,05.11,S2C_MSIL2A_20250811T043721_N0511_R033_T46SEF_20250811T082814,HARMONIZED,3e2ad513c40e8936e01625b20c750a706e87bac16e4bda60b1ad5249a51be599,sentinel2,638442a07ff88b6244363010acdbf1bea6d65c64ef194cf29b6c6b8d63f5ddf8,COPERNICUS/S2_SR_HARMONIZED/20250811T043721_20250811T043759_T46SEF,None,1754887719189,2025-08-15,2025-07-16,2025
AOI-01,18ae788e0cf1ef68015dfee09e2ef7a0a1af4676e0b5d436994b707dfe92dec3,COPERNICUS/S2_SR_HARMONIZED,2025-08-13T04:38:26.734000+00:00,9.740326,,b21c8cc7f3d4d35e1db4dfa1c8245ff10ba657c0a0a001992b552808766cc49b,True,source-scenes-v1,46SEF,2025-07-31,Sentinel-2,05.11,05.11,S2B_MSIL2A_20250813T042709_N0511_R133_T46SEF_20250813T070247,HARMONIZED,3e2ad513c40e8936e01625b20c750a706e87bac16e4bda60b1ad5249a51be599,sentinel2,638442a07ff88b6244363010acdbf1bea6d65c64ef194cf29b6c6b8d63f5ddf8,COPERNICUS/S2_SR_HARMONIZED/20250813T042709_20250813T043237_T46SEF,None,1755059906734,2025-08-15,2025-07-16,2025
AOI-01,18ae788e0cf1ef68015dfee09e2ef7a0a1af4676e0b5d436994b707dfe92dec3,COPERNICUS/S2_SR_HARMONIZED,2025-08-18T04:38:44.024000+00:00,3.654819,OUTSIDE_NOMINAL_WINDOW,b21c8cc7f3d4d35e1db4dfa1c8245ff10ba657c0a0a001992b552808766cc49b,False,source-scenes-v1,46SEF,2025-07-31,Sentinel-2,05.11,05.11,S2C_MSIL2A_20250818T042721_N0511_R133_T46SEF_20250818T092714,HARMONIZED,3e2ad513c40e8936e01625b20c750a706e87bac16e4bda60b1ad5249a51be599,sentinel2,638442a07ff88b6244363010acdbf1bea6d65c64ef194cf29b6c6b8d63f5ddf8,COPERNICUS/S2_SR_HARMONIZED/20250818T042721_20250818T043428_T46SEF,None,1755491924024,2025-08-15,2025-07-16,2025
AOI-01,18ae788e0cf1ef68015dfee09e2ef7a0a1af4676e0b5d436994b707dfe92dec3,COPERNICUS/S2_SR_HARMONIZED,2025-08-20T04:38:38.316000+00:00,49.033394,OUTSIDE_NOMINAL_WINDOW,b21c8cc7f3d4d35e1db4dfa1c8245ff10ba657c0a0a001992b552808766cc49b,False,source-scenes-v1,46SEF,2025-07-31,Sentinel-2,05.11,05.11,S2A_MSIL2A_20250820T043231_N0511_R133_T46SEF_20250820T081717,HARMONIZED,3e2ad513c40e8936e01625b20c750a706e87bac16e4bda60b1ad5249a51be599,sentinel2,638442a07ff88b6244363010acdbf1bea6d65c64ef194cf29b6c6b8d63f5ddf8,COPERNICUS/S2_SR_HARMONIZED/20250820T043231_20250820T043618_T46SEF,None,1755664718316,2025-08-15,2025-07-16,2025
AOI-01,18ae788e0cf1ef68015dfee09e2ef7a0a1af4676e0b5d436994b707dfe92dec3,COPERNICUS/S2_SR_HARMONIZED,2025-08-21T04:48:39.880000+00:00,75.909108,OUTSIDE_NOMINAL_WINDOW,b21c8cc7f3d4d35e1db4dfa1c8245ff10ba657c0a0a001992b552808766cc49b,False,source-scenes-v1,46SEF,2025-07-31,Sentinel-2,05.11,05.11,S2C_MSIL2A_20250821T043721_N0511_R033_T46SEF_20250821T074518,HARMONIZED,3e2ad513c40e8936e01625b20c750a706e87bac16e4bda60b1ad5249a51be599,sentinel2,638442a07ff88b6244363010acdbf1bea6d65c64ef194cf29b6c6b8d63f5ddf8,COPERNICUS/S2_SR_HARMONIZED/20250821T043721_20250821T044654_T46SEF,None,1755751719880,2025-08-15,2025-07-16,2025
AOI-01,18ae788e0cf1ef68015dfee09e2ef7a0a1af4676e0b5d436994b707dfe92dec3,COPERNICUS/S2_SR_HARMONIZED,2025-08-23T04:48:34.586000+00:00,1.801791,OUTSIDE_NOMINAL_WINDOW,b21c8cc7f3d4d35e1db4dfa1c8245ff10ba657c0a0a001992b552808766cc49b,False,source-scenes-v1,46SEF,2025-07-31,Sentinel-2,05.11,05.11,S2A_MSIL2A_20250823T044231_N0511_R033_T46SEF_20250823T065518,HARMONIZED,3e2ad513c40e8936e01625b20c750a706e87bac16e4bda60b1ad5249a51be599,sentinel2,638442a07ff88b6244363010acdbf1bea6d65c64ef194cf29b6c6b8d63f5ddf8,COPERNICUS/S2_SR_HARMONIZED/20250823T044231_20250823T044233_T46SEF,None,1755924514586,2025-08-15,2025-07-16,2025
AOI-01,18ae788e0cf1ef68015dfee09e2ef7a0a1af4676e0b5d436994b707dfe92dec3,COPERNICUS/S2_SR_HARMONIZED,2025-07-09T04:38:47.498000+00:00,11.505088,OUTSIDE_NOMINAL_WINDOW,b21c8cc7f3d4d35e1db4dfa1c8245ff10ba657c0a0a001992b552808766cc49b,False,source-scenes-v1,46SEF,2025-08-10,Sentinel-2,05.11,05.11,S2C_MSIL2A_20250709T042731_N0511_R133_T46SEF_20250709T082417,HARMONIZED,844f7e5140a72da892a1de50e061dc6f2c347bacb5b614fae3ed015e55aa57ff,sentinel2,4d1a5b9480978de289be77128aa446aa301a3654750f93f7c9853fc40ce6b969,COPERNICUS/S2_SR_HARMONIZED/20250709T042731_20250709T042907_T46SEF,None,1752035927498,2025-08-25,2025-07-26,2025
AOI-01,18ae788e0cf1ef68015dfee09e2ef7a0a1af4676e0b5d436994b707dfe92dec3,COPERNICUS/S2_SR_HARMONIZED,2025-07-12T04:48:43.500000+00:00,40.950885,OUTSIDE_NOMINAL_WINDOW,b21c8cc7f3d4d35e1db4dfa1c8245ff10ba657c0a0a001992b552808766cc49b,False,source-scenes-v1,46SEF,2025-08-10,Sentinel-2,05.11,05.11,S2C_MSIL2A_20250712T043721_N0511_R033_T46SEF_20250712T092814,HARMONIZED,844f7e5140a72da892a1de50e061dc6f2c347bacb5b614fae3ed015e55aa57ff,sentinel2,4d1a5b9480978de289be77128aa446aa301a3654750f93f7c9853fc40ce6b969,COPERNICUS/S2_SR_HARMONIZED/20250712T043721_20250712T044719_T46SEF,None,1752295723500,2025-08-25,2025-07-26,2025
AOI-01,18ae788e0cf1ef68015dfee09e2ef7a0a1af4676e0b5d436994b707dfe92dec3,COPERNICUS/S2_SR_HARMONIZED,2025-07-14T04:38:28.014000+00:00,26.934761,OUTSIDE_NOMINAL_WINDOW,b21c8cc7f3d4d35e1db4dfa1c8245ff10ba657c0a0a001992b552808766cc49b,False,source-scenes-v1,46SEF,2025-08-10,Sentinel-2,05.11,05.11,S2B_MSIL2A_20250714T042709_N0511_R133_T46SEF_20250714T063813,HARMONIZED,844f7e5140a72da892a1de50e061dc6f2c347bacb5b614fae3ed015e55aa57ff,sentinel2,4d1a5b9480978de289be77128aa446aa301a3654750f93f7c9853fc40ce6b969,COPERNICUS/S2_SR_HARMONIZED/20250714T042709_20250714T043314_T46SEF,None,1752467908014,2025-08-25,2025-07-26,2025
AOI-01,18ae788e0cf1ef68015dfee09e2ef7a0a1af4676e0b5d436994b707dfe92dec3,COPERNICUS/S2_SR_HARMONIZED,2025-07-14T04:48:39.620000+00:00,31.179932,OUTSIDE_NOMINAL_WINDOW,b21c8cc7f3d4d35e1db4dfa1c8245ff10ba657c0a0a001992b552808766cc49b,False,source-scenes-v1,46SEF,2025-08-10,Sentinel-2,05.11,05.11,S2A_MSIL2A_20250714T044241_N0511_R033_T46SEF_20250714T070916,HARMONIZED,844f7e5140a72da892a1de50e061dc6f2c347bacb5b614fae3ed015e55aa57ff,sentinel2,4d1a5b9480978de289be77128aa446aa301a3654750f93f7c9853fc40ce6b969,COPERNICUS/S2_SR_HARMONIZED/20250714T044241_20250714T044238_T46SEF,None,1752468519620,2025-08-25,2025-07-26,2025
AOI-01,18ae788e0cf1ef68015dfee09e2ef7a0a1af4676e0b5d436994b707dfe92dec3,COPERNICUS/S2_SR_HARMONIZED,2025-07-17T04:48:23.604000+00:00,6.411857,OUTSIDE_NOMINAL_WINDOW,b21c8cc7f3d4d35e1db4dfa1c8245ff10ba657c0a0a001992b552808766cc49b,False,source-scenes-v1,46SEF,2025-08-10,Sentinel-2,05.11,05.11,S2B_MSIL2A_20250717T043709_N0511_R033_T46SEF_20250717T071608,HARMONIZED,844f7e5140a72da892a1de50e061dc6f2c347bacb5b614fae3ed015e55aa57ff,sentinel2,4d1a5b9480978de289be77128aa446aa301a3654750f93f7c9853fc40ce6b969,COPERNICUS/S2_SR_HARMONIZED/20250717T043709_20250717T044347_T46SEF,None,1752727703604,2025-08-25,2025-07-26,2025
AOI-01,18ae788e0cf1ef68015dfee09e2ef7a0a1af4676e0b5d436994b707dfe92dec3,COPERNICUS/S2_SR_HARMONIZED,2025-07-22T04:48:43.272000+00:00,20.481323,OUTSIDE_NOMINAL_WINDOW,b21c8cc7f3d4d35e1db4dfa1c8245ff10ba657c0a0a001992b552808766cc49b,False,source-scenes-v1,46SEF,2025-08-10,Sentinel-2,05.11,05.11,S2C_MSIL2A_20250722T043721_N0511_R033_T46SEF_20250722T085614,HARMONIZED,844f7e5140a72da892a1de50e061dc6f2c347bacb5b614fae3ed015e55aa57ff,sentinel2,4d1a5b9480978de289be77128aa446aa301a3654750f93f7c9853fc40ce6b969,COPERNICUS/S2_SR_HARMONIZED/20250722T043721_20250722T043723_T46SEF,None,1753159723272,2025-08-25,2025-07-26,2025
AOI-01,18ae788e0cf1ef68015dfee09e2ef7a0a1af4676e0b5d436994b707dfe92dec3,COPERNICUS/S2_SR_HARMONIZED,2025-07-24T04:38:26.621000+00:00,60.257149,OUTSIDE_NOMINAL_WINDOW,b21c8cc7f3d4d35e1db4dfa1c8245ff10ba657c0a0a001992b552808766cc49b,False,source-scenes-v1,46SEF,2025-08-10,Sentinel-2,05.11,05.11,S2B_MSIL2A_20250724T042709_N0511_R133_T46SEF_20250724T065832,HARMONIZED,844f7e5140a72da892a1de50e061dc6f2c347bacb5b614fae3ed015e55aa57ff,sentinel2,4d1a5b9480978de289be77128aa446aa301a3654750f93f7c9853fc40ce6b969,COPERNICUS/S2_SR_HARMONIZED/20250724T042709_20250724T043548_T46SEF,None,1753331906621,2025-08-25,2025-07-26,2025
AOI-01,18ae788e0cf1ef68015dfee09e2ef7a0a1af4676e0b5d436994b707dfe92dec3,COPERNICUS/S2_SR_HARMONIZED,2025-07-27T04:48:21.711000+00:00,65.208185,,b21c8cc7f3d4d35e1db4dfa1c8245ff10ba657c0a0a001992b552808766cc49b,True,source-scenes-v1,46SEF,2025-08-10,Sentinel-2,05.11,05.11,S2B_MSIL2A_20250727T043659_N0511_R033_T46SEF_20250727T065051,HARMONIZED,844f7e5140a72da892a1de50e061dc6f2c347bacb5b614fae3ed015e55aa57ff,sentinel2,4d1a5b9480978de289be77128aa446aa301a3654750f93f7c9853fc40ce6b969,COPERNICUS/S2_SR_HARMONIZED/20250727T043659_20250727T044403_T46SEF,None,1753591701711,2025-08-25,2025-07-26,2025
AOI-01,18ae788e0cf1ef68015dfee09e2ef7a0a1af4676e0b5d436994b707dfe92dec3,COPERNICUS/S2_SR_HARMONIZED,2025-07-29T04:38:46.311000+00:00,16.05546,,b21c8cc7f3d4d35e1db4dfa1c8245ff10ba657c0a0a001992b552808766cc49b,True,source-scenes-v1,46SEF,2025-08-10,Sentinel-2,05.11,05.11,S2C_MSIL2A_20250729T042721_N0511_R133_T46SEF_20250729T083114,HARMONIZED,844f7e5140a72da892a1de50e061dc6f2c347bacb5b614fae3ed015e55aa57ff,sentinel2,4d1a5b9480978de289be77128aa446aa301a3654750f93f7c9853fc40ce6b969,COPERNICUS/S2_SR_HARMONIZED/20250729T042721_20250729T042724_T46SEF,None,1753763926311,2025-08-25,2025-07-26,2025
AOI-01,18ae788e0cf1ef68015dfee09e2ef7a0a1af4676e0b5d436994b707dfe92dec3,COPERNICUS/S2_SR_HARMONIZED,2025-07-31T04:38:42.224000+00:00,6.065686,,b21c8cc7f3d4d35e1db4dfa1c8245ff10ba657c0a0a001992b552808766cc49b,True,source-scenes-v1,46SEF,2025-08-10,Sentinel-2,05.11,05.11,S2A_MSIL2A_20250731T043231_N0511_R133_T46SEF_20250731T064913,HARMONIZED,844f7e5140a72da892a1de50e061dc6f2c347bacb5b614fae3ed015e55aa57ff,sentinel2,4d1a5b9480978de289be77128aa446aa301a3654750f93f7c9853fc40ce6b969,COPERNICUS/S2_SR_HARMONIZED/20250731T043231_20250731T043231_T46SEF,None,1753936722224,2025-08-25,2025-07-26,2025
AOI-01,18ae788e0cf1ef68015dfee09e2ef7a0a1af4676e0b5d436994b707dfe92dec3,COPERNICUS/S2_SR_HARMONIZED,2025-08-03T04:38:25.037000+00:00,71.198958,,b21c8cc7f3d4d35e1db4dfa1c8245ff10ba657c0a0a001992b552808766cc49b,True,source-scenes-v1,46SEF,2025-08-10,Sentinel-2,05.11,05.11,S2B_MSIL2A_20250803T042709_N0511_R133_T46SEF_20250803T064014,HARMONIZED,844f7e5140a72da892a1de50e061dc6f2c347bacb5b614fae3ed015e55aa57ff,sentinel2,4d1a5b9480978de289be77128aa446aa301a3654750f93f7c9853fc40ce6b969,COPERNICUS/S2_SR_HARMONIZED/20250803T042709_20250803T043640_T46SEF,None,1754195905037,2025-08-25,2025-07-26,2025
AOI-01,18ae788e0cf1ef68015dfee09e2ef7a0a1af4676e0b5d436994b707dfe92dec3,COPERNICUS/S2_SR_HARMONIZED,2025-08-03T04:48:37.152000+00:00,48.894069,,b21c8cc7f3d4d35e1db4dfa1c8245ff10ba657c0a0a001992b552808766cc49b,True,source-scenes-v1,46SEF,2025-08-10,Sentinel-2,05.11,05.11,S2A_MSIL2A_20250803T044241_N0511_R033_T46SEF_20250803T074013,HARMONIZED,844f7e5140a72da892a1de50e061dc6f2c347bacb5b614fae3ed015e55aa57ff,sentinel2,4d1a5b9480978de289be77128aa446aa301a3654750f93f7c9853fc40ce6b969,COPERNICUS/S2_SR_HARMONIZED/20250803T044241_20250803T044522_T46SEF,None,1754196517152,2025-08-25,2025-07-26,2025
AOI-01,18ae788e0cf1ef68015dfee09e2ef7a0a1af4676e0b5d436994b707dfe92dec3,COPERNICUS/S2_SR_HARMONIZED,2025-08-08T04:38:42.925000+00:00,19.650622,,b21c8cc7f3d4d35e1db4dfa1c8245ff10ba657c0a0a001992b552808766cc49b,True,source-scenes-v1,46SEF,2025-08-10,Sentinel-2,05.11,05.11,S2C_MSIL2A_20250808T042721_N0511_R133_T46SEF_20250808T080614,HARMONIZED,844f7e5140a72da892a1de50e061dc6f2c347bacb5b614fae3ed015e55aa57ff,sentinel2,4d1a5b9480978de289be77128aa446aa301a3654750f93f7c9853fc40ce6b969,COPERNICUS/S2_SR_HARMONIZED/20250808T042721_20250808T042739_T46SEF,None,1754627922925,2025-08-25,2025-07-26,2025
AOI-01,18ae788e0cf1ef68015dfee09e2ef7a0a1af4676e0b5d436994b707dfe92dec3,COPERNICUS/S2_SR_HARMONIZED,2025-08-11T04:48:39.189000+00:00,54.115176,,b21c8cc7f3d4d35e1db4dfa1c8245ff10ba657c0a0a001992b552808766cc49b,True,source-scenes-v1,46SEF,2025-08-10,Sentinel-2,05.11,05.11,S2C_MSIL2A_20250811T043721_N0511_R033_T46SEF_20250811T082814,HARMONIZED,844f7e5140a72da892a1de50e061dc6f2c347bacb5b614fae3ed015e55aa57ff,sentinel2,4d1a5b9480978de289be77128aa446aa301a3654750f93f7c9853fc40ce6b969,COPERNICUS/S2_SR_HARMONIZED/20250811T043721_20250811T043759_T46SEF,None,1754887719189,2025-08-25,2025-07-26,2025
AOI-01,18ae788e0cf1ef68015dfee09e2ef7a0a1af4676e0b5d436994b707dfe92dec3,COPERNICUS/S2_SR_HARMONIZED,2025-08-13T04:38:26.734000+00:00,9.740326,,b21c8cc7f3d4d35e1db4dfa1c8245ff10ba657c0a0a001992b552808766cc49b,True,source-scenes-v1,46SEF,2025-08-10,Sentinel-2,05.11,05.11,S2B_MSIL2A_20250813T042709_N0511_R133_T46SEF_20250813T070247,HARMONIZED,844f7e5140a72da892a1de50e061dc6f2c347bacb5b614fae3ed015e55aa57ff,sentinel2,4d1a5b9480978de289be77128aa446aa301a3654750f93f7c9853fc40ce6b969,COPERNICUS/S2_SR_HARMONIZED/20250813T042709_20250813T043237_T46SEF,None,1755059906734,2025-08-25,2025-07-26,2025
AOI-01,18ae788e0cf1ef68015dfee09e2ef7a0a1af4676e0b5d436994b707dfe92dec3,COPERNICUS/S2_SR_HARMONIZED,2025-08-18T04:38:44.024000+00:00,3.654819,,b21c8cc7f3d4d35e1db4dfa1c8245ff10ba657c0a0a001992b552808766cc49b,True,source-scenes-v1,46SEF,2025-08-10,Sentinel-2,05.11,05.11,S2C_MSIL2A_20250818T042721_N0511_R133_T46SEF_20250818T092714,HARMONIZED,844f7e5140a72da892a1de50e061dc6f2c347bacb5b614fae3ed015e55aa57ff,sentinel2,4d1a5b9480978de289be77128aa446aa301a3654750f93f7c9853fc40ce6b969,COPERNICUS/S2_SR_HARMONIZED/20250818T042721_20250818T043428_T46SEF,None,1755491924024,2025-08-25,2025-07-26,2025
AOI-01,18ae788e0cf1ef68015dfee09e2ef7a0a1af4676e0b5d436994b707dfe92dec3,COPERNICUS/S2_SR_HARMONIZED,2025-08-20T04:38:38.316000+00:00,49.033394,,b21c8cc7f3d4d35e1db4dfa1c8245ff10ba657c0a0a001992b552808766cc49b,True,source-scenes-v1,46SEF,2025-08-10,Sentinel-2,05.11,05.11,S2A_MSIL2A_20250820T043231_N0511_R133_T46SEF_20250820T081717,HARMONIZED,844f7e5140a72da892a1de50e061dc6f2c347bacb5b614fae3ed015e55aa57ff,sentinel2,4d1a5b9480978de289be77128aa446aa301a3654750f93f7c9853fc40ce6b969,COPERNICUS/S2_SR_HARMONIZED/20250820T043231_20250820T043618_T46SEF,None,1755664718316,2025-08-25,2025-07-26,2025
AOI-01,18ae788e0cf1ef68015dfee09e2ef7a0a1af4676e0b5d436994b707dfe92dec3,COPERNICUS/S2_SR_HARMONIZED,2025-08-21T04:48:39.880000+00:00,75.909108,,b21c8cc7f3d4d35e1db4dfa1c8245ff10ba657c0a0a001992b552808766cc49b,True,source-scenes-v1,46SEF,2025-08-10,Sentinel-2,05.11,05.11,S2C_MSIL2A_20250821T043721_N0511_R033_T46SEF_20250821T074518,HARMONIZED,844f7e5140a72da892a1de50e061dc6f2c347bacb5b614fae3ed015e55aa57ff,sentinel2,4d1a5b9480978de289be77128aa446aa301a3654750f93f7c9853fc40ce6b969,COPERNICUS/S2_SR_HARMONIZED/20250821T043721_20250821T044654_T46SEF,None,1755751719880,2025-08-25,2025-07-26,2025
AOI-01,18ae788e0cf1ef68015dfee09e2ef7a0a1af4676e0b5d436994b707dfe92dec3,COPERNICUS/S2_SR_HARMONIZED,2025-08-23T04:48:34.586000+00:00,1.801791,,b21c8cc7f3d4d35e1db4dfa1c8245ff10ba657c0a0a001992b552808766cc49b,True,source-scenes-v1,46SEF,2025-08-10,Sentinel-2,05.11,05.11,S2A_MSIL2A_20250823T044231_N0511_R033_T46SEF_20250823T065518,HARMONIZED,844f7e5140a72da892a1de50e061dc6f2c347bacb5b614fae3ed015e55aa57ff,sentinel2,4d1a5b9480978de289be77128aa446aa301a3654750f93f7c9853fc40ce6b969,COPERNICUS/S2_SR_HARMONIZED/20250823T044231_20250823T044233_T46SEF,None,1755924514586,2025-08-25,2025-07-26,2025
AOI-02,ffcd445586dcd3b933d48bcc1cbd5c7c04e40be18f8c37915aa1d54e8887a72f,COPERNICUS/S2_SR_HARMONIZED,2021-07-07T04:29:22.827000+00:00,40.914647,,b21c8cc7f3d4d35e1db4dfa1c8245ff10ba657c0a0a001992b552808766cc49b,True,source-scenes-v1,46SGB,2021-07-20,Sentinel-2,03.01,03.01,S2A_MSIL2A_20210707T041551_N0301_R090_T46SGB_20210707T063647,HARMONIZED,f8b4eb966a841bd266d8e89dcdeddf541fda3e70481ec33cde4a152635556966,sentinel2,50f735f1f4948f1c8b3bbe2e694f1c1ecb690a7306fe8954bd0dc55a523664ce,COPERNICUS/S2_SR_HARMONIZED/20210707T041551_20210707T042515_T46SGB,None,1625632162827,2021-08-04,2021-07-05,2021
AOI-02,ffcd445586dcd3b933d48bcc1cbd5c7c04e40be18f8c37915aa1d54e8887a72f,COPERNICUS/S2_SR_HARMONIZED,2021-07-07T04:29:20.606000+00:00,44.291539,,b21c8cc7f3d4d35e1db4dfa1c8245ff10ba657c0a0a001992b552808766cc49b,True,source-scenes-v1,47SKS,2021-07-20,Sentinel-2,03.01,03.01,S2A_MSIL2A_20210707T041551_N0301_R090_T47SKS_20210707T063647,HARMONIZED,f8b4eb966a841bd266d8e89dcdeddf541fda3e70481ec33cde4a152635556966,sentinel2,50f735f1f4948f1c8b3bbe2e694f1c1ecb690a7306fe8954bd0dc55a523664ce,COPERNICUS/S2_SR_HARMONIZED/20210707T041551_20210707T042515_T47SKS,None,1625632160606,2021-08-04,2021-07-05,2021
AOI-02,ffcd445586dcd3b933d48bcc1cbd5c7c04e40be18f8c37915aa1d54e8887a72f,COPERNICUS/S2_SR_HARMONIZED,2021-07-12T04:29:22.126000+00:00,16.218234,,b21c8cc7f3d4d35e1db4dfa1c8245ff10ba657c0a0a001992b552808766cc49b,True,source-scenes-v1,46SGB,2021-07-20,Sentinel-2,03.01,03.01,S2B_MSIL2A_20210712T041549_N0301_R090_T46SGB_20210712T063214,HARMONIZED,f8b4eb966a841bd266d8e89dcdeddf541fda3e70481ec33cde4a152635556966,sentinel2,50f735f1f4948f1c8b3bbe2e694f1c1ecb690a7306fe8954bd0dc55a523664ce,COPERNICUS/S2_SR_HARMONIZED/20210712T041549_20210712T042850_T46SGB,None,1626064162126,2021-08-04,2021-07-05,2021
AOI-02,ffcd445586dcd3b933d48bcc1cbd5c7c04e40be18f8c37915aa1d54e8887a72f,COPERNICUS/S2_SR_HARMONIZED,2021-07-12T04:29:19.906000+00:00,14.83364,,b21c8cc7f3d4d35e1db4dfa1c8245ff10ba657c0a0a001992b552808766cc49b,True,source-scenes-v1,47SKS,2021-07-20,Sentinel-2,05.00,05.00,S2B_MSIL2A_20210712T041549_N0500_R090_T47SKS_20230126T191900,HARMONIZED,f8b4eb966a841bd266d8e89dcdeddf541fda3e70481ec33cde4a152635556966,sentinel2,50f735f1f4948f1c8b3bbe2e694f1c1ecb690a7306fe8954bd0dc55a523664ce,COPERNICUS/S2_SR_HARMONIZED/20210712T041549_20210712T042850_T47SKS,None,1626064159906,2021-08-04,2021-07-05,2021
AOI-02,ffcd445586dcd3b933d48bcc1cbd5c7c04e40be18f8c37915aa1d54e8887a72f,COPERNICUS/S2_SR_HARMONIZED,2021-07-17T04:29:23.454000+00:00,66.664828,,b21c8cc7f3d4d35e1db4dfa1c8245ff10ba657c0a0a001992b552808766cc49b,True,source-scenes-v1,46SGB,2021-07-20,Sentinel-2,03.01,03.01,S2A_MSIL2A_20210717T041551_N0301_R090_T46SGB_20210717T071426,HARMONIZED,f8b4eb966a841bd266d8e89dcdeddf541fda3e70481ec33cde4a152635556966,sentinel2,50f735f1f4948f1c8b3bbe2e694f1c1ecb690a7306fe8954bd0dc55a523664ce,COPERNICUS/S2_SR_HARMONIZED/20210717T041551_20210717T042026_T46SGB,None,1626496163454,2021-08-04,2021-07-05,2021
AOI-02,ffcd445586dcd3b933d48bcc1cbd5c7c04e40be18f8c37915aa1d54e8887a72f,COPERNICUS/S2_SR_HARMONIZED,2021-07-17T04:29:21.229000+00:00,59.619854,,b21c8cc7f3d4d35e1db4dfa1c8245ff10ba657c0a0a001992b552808766cc49b,True,source-scenes-v1,47SKS,2021-07-20,Sentinel-2,03.01,03.01,S2A_MSIL2A_20210717T041551_N0301_R090_T47SKS_20210717T071426,HARMONIZED,f8b4eb966a841bd266d8e89dcdeddf541fda3e70481ec33cde4a152635556966,sentinel2,50f735f1f4948f1c8b3bbe2e694f1c1ecb690a7306fe8954bd0dc55a523664ce,COPERNICUS/S2_SR_HARMONIZED/20210717T041551_20210717T042026_T47SKS,None,1626496161229,2021-08-04,2021-07-05,2021
AOI-02,ffcd445586dcd3b933d48bcc1cbd5c7c04e40be18f8c37915aa1d54e8887a72f,COPERNICUS/S2_SR_HARMONIZED,2021-07-22T04:29:22.232000+00:00,21.360151,,b21c8cc7f3d4d35e1db4dfa1c8245ff10ba657c0a0a001992b552808766cc49b,True,source-scenes-v1,46SGB,2021-07-20,Sentinel-2,03.01,03.01,S2B_MSIL2A_20210722T041549_N0301_R090_T46SGB_20210722T071628,HARMONIZED,f8b4eb966a841bd266d8e89dcdeddf541fda3e70481ec33cde4a152635556966,sentinel2,50f735f1f4948f1c8b3bbe2e694f1c1ecb690a7306fe8954bd0dc55a523664ce,COPERNICUS/S2_SR_HARMONIZED/20210722T041549_20210722T041848_T46SGB,None,1626928162232,2021-08-04,2021-07-05,2021
AOI-02,ffcd445586dcd3b933d48bcc1cbd5c7c04e40be18f8c37915aa1d54e8887a72f,COPERNICUS/S2_SR_HARMONIZED,2021-07-22T04:29:20.009000+00:00,15.352387,,b21c8cc7f3d4d35e1db4dfa1c8245ff10ba657c0a0a001992b552808766cc49b,True,source-scenes-v1,47SKS,2021-07-20,Sentinel-2,03.01,03.01,S2B_MSIL2A_20210722T041549_N0301_R090_T47SKS_20210722T071628,HARMONIZED,f8b4eb966a841bd266d8e89dcdeddf541fda3e70481ec33cde4a152635556966,sentinel2,50f735f1f4948f1c8b3bbe2e694f1c1ecb690a7306fe8954bd0dc55a523664ce,COPERNICUS/S2_SR_HARMONIZED/20210722T041549_20210722T041848_T47SKS,None,1626928160009,2021-08-04,2021-07-05,2021
AOI-02,ffcd445586dcd3b933d48bcc1cbd5c7c04e40be18f8c37915aa1d54e8887a72f,COPERNICUS/S2_SR_HARMONIZED,2021-07-27T04:29:23.568000+00:00,71.607193,,b21c8cc7f3d4d35e1db4dfa1c8245ff10ba657c0a0a001992b552808766cc49b,True,source-scenes-v1,46SGB,2021-07-20,Sentinel-2,03.01,03.01,S2A_MSIL2A_20210727T041551_N0301_R090_T46SGB_20210727T070338,HARMONIZED,f8b4eb966a841bd266d8e89dcdeddf541fda3e70481ec33cde4a152635556966,sentinel2,50f735f1f4948f1c8b3bbe2e694f1c1ecb690a7306fe8954bd0dc55a523664ce,COPERNICUS/S2_SR_HARMONIZED/20210727T041551_20210727T042254_T46SGB,None,1627360163568,2021-08-04,2021-07-05,2021
AOI-02,ffcd445586dcd3b933d48bcc1cbd5c7c04e40be18f8c37915aa1d54e8887a72f,COPERNICUS/S2_SR_HARMONIZED,2021-07-27T04:29:21.345000+00:00,68.144432,,b21c8cc7f3d4d35e1db4dfa1c8245ff10ba657c0a0a001992b552808766cc49b,True,source-scenes-v1,47SKS,2021-07-20,Sentinel-2,03.01,03.01,S2A_MSIL2A_20210727T041551_N0301_R090_T47SKS_20210727T070338,HARMONIZED,f8b4eb966a841bd266d8e89dcdeddf541fda3e70481ec33cde4a152635556966,sentinel2,50f735f1f4948f1c8b3bbe2e694f1c1ecb690a7306fe8954bd0dc55a523664ce,COPERNICUS/S2_SR_HARMONIZED/20210727T041551_20210727T042254_T47SKS,None,1627360161345,2021-08-04,2021-07-05,2021
AOI-02,ffcd445586dcd3b933d48bcc1cbd5c7c04e40be18f8c37915aa1d54e8887a72f,COPERNICUS/S2_SR_HARMONIZED,2021-08-01T04:29:21.778000+00:00,17.01658,,b21c8cc7f3d4d35e1db4dfa1c8245ff10ba657c0a0a001992b552808766cc49b,True,source-scenes-v1,46SGB,2021-07-20,Sentinel-2,03.01,03.01,S2B_MSIL2A_20210801T041549_N0301_R090_T46SGB_20210801T071639,HARMONIZED,f8b4eb966a841bd266d8e89dcdeddf541fda3e70481ec33cde4a152635556966,sentinel2,50f735f1f4948f1c8b3bbe2e694f1c1ecb690a7306fe8954bd0dc55a523664ce,COPERNICUS/S2_SR_HARMONIZED/20210801T041549_20210801T041843_T46SGB,None,1627792161778,2021-08-04,2021-07-05,2021
AOI-02,ffcd445586dcd3b933d48bcc1cbd5c7c04e40be18f8c37915aa1d54e8887a72f,COPERNICUS/S2_SR_HARMONIZED,2021-08-01T04:29:19.557000+00:00,12.233172,,b21c8cc7f3d4d35e1db4dfa1c8245ff10ba657c0a0a001992b552808766cc49b,True,source-scenes-v1,47SKS,2021-07-20,Sentinel-2,03.01,03.01,S2B_MSIL2A_20210801T041549_N0301_R090_T47SKS_20210801T071639,HARMONIZED,f8b4eb966a841bd266d8e89dcdeddf541fda3e70481ec33cde4a152635556966,sentinel2,50f735f1f4948f1c8b3bbe2e694f1c1ecb690a7306fe8954bd0dc55a523664ce,COPERNICUS/S2_SR_HARMONIZED/20210801T041549_20210801T041843_T47SKS,None,1627792159557,2021-08-04,2021-07-05,2021
AOI-02,ffcd445586dcd3b933d48bcc1cbd5c7c04e40be18f8c37915aa1d54e8887a72f,COPERNICUS/S2_SR_HARMONIZED,2021-08-16T04:29:22.643000+00:00,28.279137,OUTSIDE_NOMINAL_WINDOW,b21c8cc7f3d4d35e1db4dfa1c8245ff10ba657c0a0a001992b552808766cc49b,False,source-scenes-v1,46SGB,2021-07-20,Sentinel-2,03.01,03.01,S2A_MSIL2A_20210816T041551_N0301_R090_T46SGB_20210816T071820,HARMONIZED,f8b4eb966a841bd266d8e89dcdeddf541fda3e70481ec33cde4a152635556966,sentinel2,50f735f1f4948f1c8b3bbe2e694f1c1ecb690a7306fe8954bd0dc55a523664ce,COPERNICUS/S2_SR_HARMONIZED/20210816T041551_20210816T042108_T46SGB,None,1629088162643,2021-08-04,2021-07-05,2021
AOI-02,ffcd445586dcd3b933d48bcc1cbd5c7c04e40be18f8c37915aa1d54e8887a72f,COPERNICUS/S2_SR_HARMONIZED,2021-08-16T04:29:20.420000+00:00,41.864503,OUTSIDE_NOMINAL_WINDOW,b21c8cc7f3d4d35e1db4dfa1c8245ff10ba657c0a0a001992b552808766cc49b,False,source-scenes-v1,47SKS,2021-07-20,Sentinel-2,03.01,03.01,S2A_MSIL2A_20210816T041551_N0301_R090_T47SKS_20210816T071820,HARMONIZED,f8b4eb966a841bd266d8e89dcdeddf541fda3e70481ec33cde4a152635556966,sentinel2,50f735f1f4948f1c8b3bbe2e694f1c1ecb690a7306fe8954bd0dc55a523664ce,COPERNICUS/S2_SR_HARMONIZED/20210816T041551_20210816T042108_T47SKS,None,1629088160420,2021-08-04,2021-07-05,2021
AOI-02,ffcd445586dcd3b933d48bcc1cbd5c7c04e40be18f8c37915aa1d54e8887a72f,COPERNICUS/S2_SR_HARMONIZED,2021-08-21T04:29:19.297000+00:00,76.541437,OUTSIDE_NOMINAL_WINDOW,b21c8cc7f3d4d35e1db4dfa1c8245ff10ba657c0a0a001992b552808766cc49b,False,source-scenes-v1,46SGB,2021-07-20,Sentinel-2,03.01,03.01,S2B_MSIL2A_20210821T041549_N0301_R090_T46SGB_20210821T063234,HARMONIZED,f8b4eb966a841bd266d8e89dcdeddf541fda3e70481ec33cde4a152635556966,sentinel2,50f735f1f4948f1c8b3bbe2e694f1c1ecb690a7306fe8954bd0dc55a523664ce,COPERNICUS/S2_SR_HARMONIZED/20210821T041549_20210821T042808_T46SGB,None,1629520159297,2021-08-04,2021-07-05,2021
AOI-02,ffcd445586dcd3b933d48bcc1cbd5c7c04e40be18f8c37915aa1d54e8887a72f,COPERNICUS/S2_SR_HARMONIZED,2021-07-07T04:29:22.827000+00:00,40.914647,OUTSIDE_NOMINAL_WINDOW,b21c8cc7f3d4d35e1db4dfa1c8245ff10ba657c0a0a001992b552808766cc49b,False,source-scenes-v1,46SGB,2021-07-31,Sentinel-2,03.01,03.01,S2A_MSIL2A_20210707T041551_N0301_R090_T46SGB_20210707T063647,HARMONIZED,eca4049a92a6ebc170788abdc7e452d050f22824355e09a965ea6d476c612310,sentinel2,5de488a66fc2910a859af546c8f8e50b67533a1352216aacbabc690b664f054a,COPERNICUS/S2_SR_HARMONIZED/20210707T041551_20210707T042515_T46SGB,None,1625632162827,2021-08-15,2021-07-16,2021
AOI-02,ffcd445586dcd3b933d48bcc1cbd5c7c04e40be18f8c37915aa1d54e8887a72f,COPERNICUS/S2_SR_HARMONIZED,2021-07-07T04:29:20.606000+00:00,44.291539,OUTSIDE_NOMINAL_WINDOW,b21c8cc7f3d4d35e1db4dfa1c8245ff10ba657c0a0a001992b552808766cc49b,False,source-scenes-v1,47SKS,2021-07-31,Sentinel-2,03.01,03.01,S2A_MSIL2A_20210707T041551_N0301_R090_T47SKS_20210707T063647,HARMONIZED,eca4049a92a6ebc170788abdc7e452d050f22824355e09a965ea6d476c612310,sentinel2,5de488a66fc2910a859af546c8f8e50b67533a1352216aacbabc690b664f054a,COPERNICUS/S2_SR_HARMONIZED/20210707T041551_20210707T042515_T47SKS,None,1625632160606,2021-08-15,2021-07-16,2021
AOI-02,ffcd445586dcd3b933d48bcc1cbd5c7c04e40be18f8c37915aa1d54e8887a72f,COPERNICUS/S2_SR_HARMONIZED,2021-07-12T04:29:22.126000+00:00,16.218234,OUTSIDE_NOMINAL_WINDOW,b21c8cc7f3d4d35e1db4dfa1c8245ff10ba657c0a0a001992b552808766cc49b,False,source-scenes-v1,46SGB,2021-07-31,Sentinel-2,03.01,03.01,S2B_MSIL2A_20210712T041549_N0301_R090_T46SGB_20210712T063214,HARMONIZED,eca4049a92a6ebc170788abdc7e452d050f22824355e09a965ea6d476c612310,sentinel2,5de488a66fc2910a859af546c8f8e50b67533a1352216aacbabc690b664f054a,COPERNICUS/S2_SR_HARMONIZED/20210712T041549_20210712T042850_T46SGB,None,1626064162126,2021-08-15,2021-07-16,2021
AOI-02,ffcd445586dcd3b933d48bcc1cbd5c7c04e40be18f8c37915aa1d54e8887a72f,COPERNICUS/S2_SR_HARMONIZED,2021-07-12T04:29:19.906000+00:00,14.83364,OUTSIDE_NOMINAL_WINDOW,b21c8cc7f3d4d35e1db4dfa1c8245ff10ba657c0a0a001992b552808766cc49b,False,source-scenes-v1,47SKS,2021-07-31,Sentinel-2,05.00,05.00,S2B_MSIL2A_20210712T041549_N0500_R090_T47SKS_20230126T191900,HARMONIZED,eca4049a92a6ebc170788abdc7e452d050f22824355e09a965ea6d476c612310,sentinel2,5de488a66fc2910a859af546c8f8e50b67533a1352216aacbabc690b664f054a,COPERNICUS/S2_SR_HARMONIZED/20210712T041549_20210712T042850_T47SKS,None,1626064159906,2021-08-15,2021-07-16,2021
AOI-02,ffcd445586dcd3b933d48bcc1cbd5c7c04e40be18f8c37915aa1d54e8887a72f,COPERNICUS/S2_SR_HARMONIZED,2021-07-17T04:29:23.454000+00:00,66.664828,,b21c8cc7f3d4d35e1db4dfa1c8245ff10ba657c0a0a001992b552808766cc49b,True,source-scenes-v1,46SGB,2021-07-31,Sentinel-2,03.01,03.01,S2A_MSIL2A_20210717T041551_N0301_R090_T46SGB_20210717T071426,HARMONIZED,eca4049a92a6ebc170788abdc7e452d050f22824355e09a965ea6d476c612310,sentinel2,5de488a66fc2910a859af546c8f8e50b67533a1352216aacbabc690b664f054a,COPERNICUS/S2_SR_HARMONIZED/20210717T041551_20210717T042026_T46SGB,None,1626496163454,2021-08-15,2021-07-16,2021
AOI-02,ffcd445586dcd3b933d48bcc1cbd5c7c04e40be18f8c37915aa1d54e8887a72f,COPERNICUS/S2_SR_HARMONIZED,2021-07-17T04:29:21.229000+00:00,59.619854,,b21c8cc7f3d4d35e1db4dfa1c8245ff10ba657c0a0a001992b552808766cc49b,True,source-scenes-v1,47SKS,2021-07-31,Sentinel-2,03.01,03.01,S2A_MSIL2A_20210717T041551_N0301_R090_T47SKS_20210717T071426,HARMONIZED,eca4049a92a6ebc170788abdc7e452d050f22824355e09a965ea6d476c612310,sentinel2,5de488a66fc2910a859af546c8f8e50b67533a1352216aacbabc690b664f054a,COPERNICUS/S2_SR_HARMONIZED/20210717T041551_20210717T042026_T47SKS,None,1626496161229,2021-08-15,2021-07-16,2021
AOI-02,ffcd445586dcd3b933d48bcc1cbd5c7c04e40be18f8c37915aa1d54e8887a72f,COPERNICUS/S2_SR_HARMONIZED,2021-07-22T04:29:22.232000+00:00,21.360151,,b21c8cc7f3d4d35e1db4dfa1c8245ff10ba657c0a0a001992b552808766cc49b,True,source-scenes-v1,46SGB,2021-07-31,Sentinel-2,03.01,03.01,S2B_MSIL2A_20210722T041549_N0301_R090_T46SGB_20210722T071628,HARMONIZED,eca4049a92a6ebc170788abdc7e452d050f22824355e09a965ea6d476c612310,sentinel2,5de488a66fc2910a859af546c8f8e50b67533a1352216aacbabc690b664f054a,COPERNICUS/S2_SR_HARMONIZED/20210722T041549_20210722T041848_T46SGB,None,1626928162232,2021-08-15,2021-07-16,2021
AOI-02,ffcd445586dcd3b933d48bcc1cbd5c7c04e40be18f8c37915aa1d54e8887a72f,COPERNICUS/S2_SR_HARMONIZED,2021-07-22T04:29:20.009000+00:00,15.352387,,b21c8cc7f3d4d35e1db4dfa1c8245ff10ba657c0a0a001992b552808766cc49b,True,source-scenes-v1,47SKS,2021-07-31,Sentinel-2,03.01,03.01,S2B_MSIL2A_20210722T041549_N0301_R090_T47SKS_20210722T071628,HARMONIZED,eca4049a92a6ebc170788abdc7e452d050f22824355e09a965ea6d476c612310,sentinel2,5de488a66fc2910a859af546c8f8e50b67533a1352216aacbabc690b664f054a,COPERNICUS/S2_SR_HARMONIZED/20210722T041549_20210722T041848_T47SKS,None,1626928160009,2021-08-15,2021-07-16,2021
AOI-02,ffcd445586dcd3b933d48bcc1cbd5c7c04e40be18f8c37915aa1d54e8887a72f,COPERNICUS/S2_SR_HARMONIZED,2021-07-27T04:29:23.568000+00:00,71.607193,,b21c8cc7f3d4d35e1db4dfa1c8245ff10ba657c0a0a001992b552808766cc49b,True,source-scenes-v1,46SGB,2021-07-31,Sentinel-2,03.01,03.01,S2A_MSIL2A_20210727T041551_N0301_R090_T46SGB_20210727T070338,HARMONIZED,eca4049a92a6ebc170788abdc7e452d050f22824355e09a965ea6d476c612310,sentinel2,5de488a66fc2910a859af546c8f8e50b67533a1352216aacbabc690b664f054a,COPERNICUS/S2_SR_HARMONIZED/20210727T041551_20210727T042254_T46SGB,None,1627360163568,2021-08-15,2021-07-16,2021
AOI-02,ffcd445586dcd3b933d48bcc1cbd5c7c04e40be18f8c37915aa1d54e8887a72f,COPERNICUS/S2_SR_HARMONIZED,2021-07-27T04:29:21.345000+00:00,68.144432,,b21c8cc7f3d4d35e1db4dfa1c8245ff10ba657c0a0a001992b552808766cc49b,True,source-scenes-v1,47SKS,2021-07-31,Sentinel-2,03.01,03.01,S2A_MSIL2A_20210727T041551_N0301_R090_T47SKS_20210727T070338,HARMONIZED,eca4049a92a6ebc170788abdc7e452d050f22824355e09a965ea6d476c612310,sentinel2,5de488a66fc2910a859af546c8f8e50b67533a1352216aacbabc690b664f054a,COPERNICUS/S2_SR_HARMONIZED/20210727T041551_20210727T042254_T47SKS,None,1627360161345,2021-08-15,2021-07-16,2021
AOI-02,ffcd445586dcd3b933d48bcc1cbd5c7c04e40be18f8c37915aa1d54e8887a72f,COPERNICUS/S2_SR_HARMONIZED,2021-08-01T04:29:21.778000+00:00,17.01658,,b21c8cc7f3d4d35e1db4dfa1c8245ff10ba657c0a0a001992b552808766cc49b,True,source-scenes-v1,46SGB,2021-07-31,Sentinel-2,03.01,03.01,S2B_MSIL2A_20210801T041549_N0301_R090_T46SGB_20210801T071639,HARMONIZED,eca4049a92a6ebc170788abdc7e452d050f22824355e09a965ea6d476c612310,sentinel2,5de488a66fc2910a859af546c8f8e50b67533a1352216aacbabc690b664f054a,COPERNICUS/S2_SR_HARMONIZED/20210801T041549_20210801T041843_T46SGB,None,1627792161778,2021-08-15,2021-07-16,2021
AOI-02,ffcd445586dcd3b933d48bcc1cbd5c7c04e40be18f8c37915aa1d54e8887a72f,COPERNICUS/S2_SR_HARMONIZED,2021-08-01T04:29:19.557000+00:00,12.233172,,b21c8cc7f3d4d35e1db4dfa1c8245ff10ba657c0a0a001992b552808766cc49b,True,source-scenes-v1,47SKS,2021-07-31,Sentinel-2,03.01,03.01,S2B_MSIL2A_20210801T041549_N0301_R090_T47SKS_20210801T071639,HARMONIZED,eca4049a92a6ebc170788abdc7e452d050f22824355e09a965ea6d476c612310,sentinel2,5de488a66fc2910a859af546c8f8e50b67533a1352216aacbabc690b664f054a,COPERNICUS/S2_SR_HARMONIZED/20210801T041549_20210801T041843_T47SKS,None,1627792159557,2021-08-15,2021-07-16,2021
AOI-02,ffcd445586dcd3b933d48bcc1cbd5c7c04e40be18f8c37915aa1d54e8887a72f,COPERNICUS/S2_SR_HARMONIZED,2021-08-16T04:29:22.643000+00:00,28.279137,OUTSIDE_NOMINAL_WINDOW,b21c8cc7f3d4d35e1db4dfa1c8245ff10ba657c0a0a001992b552808766cc49b,False,source-scenes-v1,46SGB,2021-07-31,Sentinel-2,03.01,03.01,S2A_MSIL2A_20210816T041551_N0301_R090_T46SGB_20210816T071820,HARMONIZED,eca4049a92a6ebc170788abdc7e452d050f22824355e09a965ea6d476c612310,sentinel2,5de488a66fc2910a859af546c8f8e50b67533a1352216aacbabc690b664f054a,COPERNICUS/S2_SR_HARMONIZED/20210816T041551_20210816T042108_T46SGB,None,1629088162643,2021-08-15,2021-07-16,2021
AOI-02,ffcd445586dcd3b933d48bcc1cbd5c7c04e40be18f8c37915aa1d54e8887a72f,COPERNICUS/S2_SR_HARMONIZED,2021-08-16T04:29:20.420000+00:00,41.864503,OUTSIDE_NOMINAL_WINDOW,b21c8cc7f3d4d35e1db4dfa1c8245ff10ba657c0a0a001992b552808766cc49b,False,source-scenes-v1,47SKS,2021-07-31,Sentinel-2,03.01,03.01,S2A_MSIL2A_20210816T041551_N0301_R090_T47SKS_20210816T071820,HARMONIZED,eca4049a92a6ebc170788abdc7e452d050f22824355e09a965ea6d476c612310,sentinel2,5de488a66fc2910a859af546c8f8e50b67533a1352216aacbabc690b664f054a,COPERNICUS/S2_SR_HARMONIZED/20210816T041551_20210816T042108_T47SKS,None,1629088160420,2021-08-15,2021-07-16,2021
AOI-02,ffcd445586dcd3b933d48bcc1cbd5c7c04e40be18f8c37915aa1d54e8887a72f,COPERNICUS/S2_SR_HARMONIZED,2021-08-21T04:29:19.297000+00:00,76.541437,OUTSIDE_NOMINAL_WINDOW,b21c8cc7f3d4d35e1db4dfa1c8245ff10ba657c0a0a001992b552808766cc49b,False,source-scenes-v1,46SGB,2021-07-31,Sentinel-2,03.01,03.01,S2B_MSIL2A_20210821T041549_N0301_R090_T46SGB_20210821T063234,HARMONIZED,eca4049a92a6ebc170788abdc7e452d050f22824355e09a965ea6d476c612310,sentinel2,5de488a66fc2910a859af546c8f8e50b67533a1352216aacbabc690b664f054a,COPERNICUS/S2_SR_HARMONIZED/20210821T041549_20210821T042808_T46SGB,None,1629520159297,2021-08-15,2021-07-16,2021
AOI-02,ffcd445586dcd3b933d48bcc1cbd5c7c04e40be18f8c37915aa1d54e8887a72f,COPERNICUS/S2_SR_HARMONIZED,2021-07-07T04:29:22.827000+00:00,40.914647,OUTSIDE_NOMINAL_WINDOW,b21c8cc7f3d4d35e1db4dfa1c8245ff10ba657c0a0a001992b552808766cc49b,False,source-scenes-v1,46SGB,2021-08-10,Sentinel-2,03.01,03.01,S2A_MSIL2A_20210707T041551_N0301_R090_T46SGB_20210707T063647,HARMONIZED,c9f94cea9d92a58e0fe09ca98772b30d3a88fdfca1741713826ce9a44193ea9d,sentinel2,51c8128eae74161881f2b0bec368c989a4f67f49c3ed13b8fa067a01a3e37879,COPERNICUS/S2_SR_HARMONIZED/20210707T041551_20210707T042515_T46SGB,None,1625632162827,2021-08-25,2021-07-26,2021
AOI-02,ffcd445586dcd3b933d48bcc1cbd5c7c04e40be18f8c37915aa1d54e8887a72f,COPERNICUS/S2_SR_HARMONIZED,2021-07-07T04:29:20.606000+00:00,44.291539,OUTSIDE_NOMINAL_WINDOW,b21c8cc7f3d4d35e1db4dfa1c8245ff10ba657c0a0a001992b552808766cc49b,False,source-scenes-v1,47SKS,2021-08-10,Sentinel-2,03.01,03.01,S2A_MSIL2A_20210707T041551_N0301_R090_T47SKS_20210707T063647,HARMONIZED,c9f94cea9d92a58e0fe09ca98772b30d3a88fdfca1741713826ce9a44193ea9d,sentinel2,51c8128eae74161881f2b0bec368c989a4f67f49c3ed13b8fa067a01a3e37879,COPERNICUS/S2_SR_HARMONIZED/20210707T041551_20210707T042515_T47SKS,None,1625632160606,2021-08-25,2021-07-26,2021
AOI-02,ffcd445586dcd3b933d48bcc1cbd5c7c04e40be18f8c37915aa1d54e8887a72f,COPERNICUS/S2_SR_HARMONIZED,2021-07-12T04:29:22.126000+00:00,16.218234,OUTSIDE_NOMINAL_WINDOW,b21c8cc7f3d4d35e1db4dfa1c8245ff10ba657c0a0a001992b552808766cc49b,False,source-scenes-v1,46SGB,2021-08-10,Sentinel-2,03.01,03.01,S2B_MSIL2A_20210712T041549_N0301_R090_T46SGB_20210712T063214,HARMONIZED,c9f94cea9d92a58e0fe09ca98772b30d3a88fdfca1741713826ce9a44193ea9d,sentinel2,51c8128eae74161881f2b0bec368c989a4f67f49c3ed13b8fa067a01a3e37879,COPERNICUS/S2_SR_HARMONIZED/20210712T041549_20210712T042850_T46SGB,None,1626064162126,2021-08-25,2021-07-26,2021
AOI-02,ffcd445586dcd3b933d48bcc1cbd5c7c04e40be18f8c37915aa1d54e8887a72f,COPERNICUS/S2_SR_HARMONIZED,2021-07-12T04:29:19.906000+00:00,14.83364,OUTSIDE_NOMINAL_WINDOW,b21c8cc7f3d4d35e1db4dfa1c8245ff10ba657c0a0a001992b552808766cc49b,False,source-scenes-v1,47SKS,2021-08-10,Sentinel-2,05.00,05.00,S2B_MSIL2A_20210712T041549_N0500_R090_T47SKS_20230126T191900,HARMONIZED,c9f94cea9d92a58e0fe09ca98772b30d3a88fdfca1741713826ce9a44193ea9d,sentinel2,51c8128eae74161881f2b0bec368c989a4f67f49c3ed13b8fa067a01a3e37879,COPERNICUS/S2_SR_HARMONIZED/20210712T041549_20210712T042850_T47SKS,None,1626064159906,2021-08-25,2021-07-26,2021
AOI-02,ffcd445586dcd3b933d48bcc1cbd5c7c04e40be18f8c37915aa1d54e8887a72f,COPERNICUS/S2_SR_HARMONIZED,2021-07-17T04:29:23.454000+00:00,66.664828,OUTSIDE_NOMINAL_WINDOW,b21c8cc7f3d4d35e1db4dfa1c8245ff10ba657c0a0a001992b552808766cc49b,False,source-scenes-v1,46SGB,2021-08-10,Sentinel-2,03.01,03.01,S2A_MSIL2A_20210717T041551_N0301_R090_T46SGB_20210717T071426,HARMONIZED,c9f94cea9d92a58e0fe09ca98772b30d3a88fdfca1741713826ce9a44193ea9d,sentinel2,51c8128eae74161881f2b0bec368c989a4f67f49c3ed13b8fa067a01a3e37879,COPERNICUS/S2_SR_HARMONIZED/20210717T041551_20210717T042026_T46SGB,None,1626496163454,2021-08-25,2021-07-26,2021
AOI-02,ffcd445586dcd3b933d48bcc1cbd5c7c04e40be18f8c37915aa1d54e8887a72f,COPERNICUS/S2_SR_HARMONIZED,2021-07-17T04:29:21.229000+00:00,59.619854,OUTSIDE_NOMINAL_WINDOW,b21c8cc7f3d4d35e1db4dfa1c8245ff10ba657c0a0a001992b552808766cc49b,False,source-scenes-v1,47SKS,2021-08-10,Sentinel-2,03.01,03.01,S2A_MSIL2A_20210717T041551_N0301_R090_T47SKS_20210717T071426,HARMONIZED,c9f94cea9d92a58e0fe09ca98772b30d3a88fdfca1741713826ce9a44193ea9d,sentinel2,51c8128eae74161881f2b0bec368c989a4f67f49c3ed13b8fa067a01a3e37879,COPERNICUS/S2_SR_HARMONIZED/20210717T041551_20210717T042026_T47SKS,None,1626496161229,2021-08-25,2021-07-26,2021
AOI-02,ffcd445586dcd3b933d48bcc1cbd5c7c04e40be18f8c37915aa1d54e8887a72f,COPERNICUS/S2_SR_HARMONIZED,2021-07-22T04:29:22.232000+00:00,21.360151,OUTSIDE_NOMINAL_WINDOW,b21c8cc7f3d4d35e1db4dfa1c8245ff10ba657c0a0a001992b552808766cc49b,False,source-scenes-v1,46SGB,2021-08-10,Sentinel-2,03.01,03.01,S2B_MSIL2A_20210722T041549_N0301_R090_T46SGB_20210722T071628,HARMONIZED,c9f94cea9d92a58e0fe09ca98772b30d3a88fdfca1741713826ce9a44193ea9d,sentinel2,51c8128eae74161881f2b0bec368c989a4f67f49c3ed13b8fa067a01a3e37879,COPERNICUS/S2_SR_HARMONIZED/20210722T041549_20210722T041848_T46SGB,None,1626928162232,2021-08-25,2021-07-26,2021
AOI-02,ffcd445586dcd3b933d48bcc1cbd5c7c04e40be18f8c37915aa1d54e8887a72f,COPERNICUS/S2_SR_HARMONIZED,2021-07-22T04:29:20.009000+00:00,15.352387,OUTSIDE_NOMINAL_WINDOW,b21c8cc7f3d4d35e1db4dfa1c8245ff10ba657c0a0a001992b552808766cc49b,False,source-scenes-v1,47SKS,2021-08-10,Sentinel-2,03.01,03.01,S2B_MSIL2A_20210722T041549_N0301_R090_T47SKS_20210722T071628,HARMONIZED,c9f94cea9d92a58e0fe09ca98772b30d3a88fdfca1741713826ce9a44193ea9d,sentinel2,51c8128eae74161881f2b0bec368c989a4f67f49c3ed13b8fa067a01a3e37879,COPERNICUS/S2_SR_HARMONIZED/20210722T041549_20210722T041848_T47SKS,None,1626928160009,2021-08-25,2021-07-26,2021
AOI-02,ffcd445586dcd3b933d48bcc1cbd5c7c04e40be18f8c37915aa1d54e8887a72f,COPERNICUS/S2_SR_HARMONIZED,2021-07-27T04:29:23.568000+00:00,71.607193,,b21c8cc7f3d4d35e1db4dfa1c8245ff10ba657c0a0a001992b552808766cc49b,True,source-scenes-v1,46SGB,2021-08-10,Sentinel-2,03.01,03.01,S2A_MSIL2A_20210727T041551_N0301_R090_T46SGB_20210727T070338,HARMONIZED,c9f94cea9d92a58e0fe09ca98772b30d3a88fdfca1741713826ce9a44193ea9d,sentinel2,51c8128eae74161881f2b0bec368c989a4f67f49c3ed13b8fa067a01a3e37879,COPERNICUS/S2_SR_HARMONIZED/20210727T041551_20210727T042254_T46SGB,None,1627360163568,2021-08-25,2021-07-26,2021
AOI-02,ffcd445586dcd3b933d48bcc1cbd5c7c04e40be18f8c37915aa1d54e8887a72f,COPERNICUS/S2_SR_HARMONIZED,2021-07-27T04:29:21.345000+00:00,68.144432,,b21c8cc7f3d4d35e1db4dfa1c8245ff10ba657c0a0a001992b552808766cc49b,True,source-scenes-v1,47SKS,2021-08-10,Sentinel-2,03.01,03.01,S2A_MSIL2A_20210727T041551_N0301_R090_T47SKS_20210727T070338,HARMONIZED,c9f94cea9d92a58e0fe09ca98772b30d3a88fdfca1741713826ce9a44193ea9d,sentinel2,51c8128eae74161881f2b0bec368c989a4f67f49c3ed13b8fa067a01a3e37879,COPERNICUS/S2_SR_HARMONIZED/20210727T041551_20210727T042254_T47SKS,None,1627360161345,2021-08-25,2021-07-26,2021
AOI-02,ffcd445586dcd3b933d48bcc1cbd5c7c04e40be18f8c37915aa1d54e8887a72f,COPERNICUS/S2_SR_HARMONIZED,2021-08-01T04:29:21.778000+00:00,17.01658,,b21c8cc7f3d4d35e1db4dfa1c8245ff10ba657c0a0a001992b552808766cc49b,True,source-scenes-v1,46SGB,2021-08-10,Sentinel-2,03.01,03.01,S2B_MSIL2A_20210801T041549_N0301_R090_T46SGB_20210801T071639,HARMONIZED,c9f94cea9d92a58e0fe09ca98772b30d3a88fdfca1741713826ce9a44193ea9d,sentinel2,51c8128eae74161881f2b0bec368c989a4f67f49c3ed13b8fa067a01a3e37879,COPERNICUS/S2_SR_HARMONIZED/20210801T041549_20210801T041843_T46SGB,None,1627792161778,2021-08-25,2021-07-26,2021
AOI-02,ffcd445586dcd3b933d48bcc1cbd5c7c04e40be18f8c37915aa1d54e8887a72f,COPERNICUS/S2_SR_HARMONIZED,2021-08-01T04:29:19.557000+00:00,12.233172,,b21c8cc7f3d4d35e1db4dfa1c8245ff10ba657c0a0a001992b552808766cc49b,True,source-scenes-v1,47SKS,2021-08-10,Sentinel-2,03.01,03.01,S2B_MSIL2A_20210801T041549_N0301_R090_T47SKS_20210801T071639,HARMONIZED,c9f94cea9d92a58e0fe09ca98772b30d3a88fdfca1741713826ce9a44193ea9d,sentinel2,51c8128eae74161881f2b0bec368c989a4f67f49c3ed13b8fa067a01a3e37879,COPERNICUS/S2_SR_HARMONIZED/20210801T041549_20210801T041843_T47SKS,None,1627792159557,2021-08-25,2021-07-26,2021
AOI-02,ffcd445586dcd3b933d48bcc1cbd5c7c04e40be18f8c37915aa1d54e8887a72f,COPERNICUS/S2_SR_HARMONIZED,2021-08-16T04:29:22.643000+00:00,28.279137,,b21c8cc7f3d4d35e1db4dfa1c8245ff10ba657c0a0a001992b552808766cc49b,True,source-scenes-v1,46SGB,2021-08-10,Sentinel-2,03.01,03.01,S2A_MSIL2A_20210816T041551_N0301_R090_T46SGB_20210816T071820,HARMONIZED,c9f94cea9d92a58e0fe09ca98772b30d3a88fdfca1741713826ce9a44193ea9d,sentinel2,51c8128eae74161881f2b0bec368c989a4f67f49c3ed13b8fa067a01a3e37879,COPERNICUS/S2_SR_HARMONIZED/20210816T041551_20210816T042108_T46SGB,None,1629088162643,2021-08-25,2021-07-26,2021
AOI-02,ffcd445586dcd3b933d48bcc1cbd5c7c04e40be18f8c37915aa1d54e8887a72f,COPERNICUS/S2_SR_HARMONIZED,2021-08-16T04:29:20.420000+00:00,41.864503,,b21c8cc7f3d4d35e1db4dfa1c8245ff10ba657c0a0a001992b552808766cc49b,True,source-scenes-v1,47SKS,2021-08-10,Sentinel-2,03.01,03.01,S2A_MSIL2A_20210816T041551_N0301_R090_T47SKS_20210816T071820,HARMONIZED,c9f94cea9d92a58e0fe09ca98772b30d3a88fdfca1741713826ce9a44193ea9d,sentinel2,51c8128eae74161881f2b0bec368c989a4f67f49c3ed13b8fa067a01a3e37879,COPERNICUS/S2_SR_HARMONIZED/20210816T041551_20210816T042108_T47SKS,None,1629088160420,2021-08-25,2021-07-26,2021
AOI-02,ffcd445586dcd3b933d48bcc1cbd5c7c04e40be18f8c37915aa1d54e8887a72f,COPERNICUS/S2_SR_HARMONIZED,2021-08-21T04:29:19.297000+00:00,76.541437,,b21c8cc7f3d4d35e1db4dfa1c8245ff10ba657c0a0a001992b552808766cc49b,True,source-scenes-v1,46SGB,2021-08-10,Sentinel-2,03.01,03.01,S2B_MSIL2A_20210821T041549_N0301_R090_T46SGB_20210821T063234,HARMONIZED,c9f94cea9d92a58e0fe09ca98772b30d3a88fdfca1741713826ce9a44193ea9d,sentinel2,51c8128eae74161881f2b0bec368c989a4f67f49c3ed13b8fa067a01a3e37879,COPERNICUS/S2_SR_HARMONIZED/20210821T041549_20210821T042808_T46SGB,None,1629520159297,2021-08-25,2021-07-26,2021
AOI-02,ffcd445586dcd3b933d48bcc1cbd5c7c04e40be18f8c37915aa1d54e8887a72f,COPERNICUS/S2_SR_HARMONIZED,2022-07-07T04:29:25.148000+00:00,0.028421,,b21c8cc7f3d4d35e1db4dfa1c8245ff10ba657c0a0a001992b552808766cc49b,True,source-scenes-v1,46SGB,2022-07-20,Sentinel-2,04.00,04.00,S2B_MSIL2A_20220707T041559_N0400_R090_T46SGB_20220707T064546,HARMONIZED,5e2b97e85183a1bb8246470e6816cceadbad4eb52917a293aad28ec7f8a0e75a,sentinel2,f15f3f329fa1d2ad957e154087e5db6d5b397f7406cab314c3c73fa865d2fc44,COPERNICUS/S2_SR_HARMONIZED/20220707T041559_20220707T042654_T46SGB,None,1657168165148,2022-08-04,2022-07-05,2022
AOI-02,ffcd445586dcd3b933d48bcc1cbd5c7c04e40be18f8c37915aa1d54e8887a72f,COPERNICUS/S2_SR_HARMONIZED,2022-07-07T04:29:23.657000+00:00,0.00291,,b21c8cc7f3d4d35e1db4dfa1c8245ff10ba657c0a0a001992b552808766cc49b,True,source-scenes-v1,47SKS,2022-07-20,Sentinel-2,05.10,05.10,S2B_MSIL2A_20220707T041559_N0510_R090_T47SKS_20240625T152852,HARMONIZED,5e2b97e85183a1bb8246470e6816cceadbad4eb52917a293aad28ec7f8a0e75a,sentinel2,f15f3f329fa1d2ad957e154087e5db6d5b397f7406cab314c3c73fa865d2fc44,COPERNICUS/S2_SR_HARMONIZED/20220707T041559_20220707T042654_T47SKS,None,1657168163657,2022-08-04,2022-07-05,2022
AOI-02,ffcd445586dcd3b933d48bcc1cbd5c7c04e40be18f8c37915aa1d54e8887a72f,COPERNICUS/S2_SR_HARMONIZED,2022-07-17T04:29:24.860000+00:00,40.36288,,b21c8cc7f3d4d35e1db4dfa1c8245ff10ba657c0a0a001992b552808766cc49b,True,source-scenes-v1,46SGB,2022-07-20,Sentinel-2,04.00,04.00,S2B_MSIL2A_20220717T041559_N0400_R090_T46SGB_20220717T064410,HARMONIZED,5e2b97e85183a1bb8246470e6816cceadbad4eb52917a293aad28ec7f8a0e75a,sentinel2,f15f3f329fa1d2ad957e154087e5db6d5b397f7406cab314c3c73fa865d2fc44,COPERNICUS/S2_SR_HARMONIZED/20220717T041559_20220717T042657_T46SGB,None,1658032164860,2022-08-04,2022-07-05,2022
AOI-02,ffcd445586dcd3b933d48bcc1cbd5c7c04e40be18f8c37915aa1d54e8887a72f,COPERNICUS/S2_SR_HARMONIZED,2022-07-17T04:29:22.639000+00:00,36.448646,,b21c8cc7f3d4d35e1db4dfa1c8245ff10ba657c0a0a001992b552808766cc49b,True,source-scenes-v1,47SKS,2022-07-20,Sentinel-2,04.00,04.00,S2B_MSIL2A_20220717T041559_N0400_R090_T47SKS_20220717T064410,HARMONIZED,5e2b97e85183a1bb8246470e6816cceadbad4eb52917a293aad28ec7f8a0e75a,sentinel2,f15f3f329fa1d2ad957e154087e5db6d5b397f7406cab314c3c73fa865d2fc44,COPERNICUS/S2_SR_HARMONIZED/20220717T041559_20220717T042657_T47SKS,None,1658032162639,2022-08-04,2022-07-05,2022
AOI-02,ffcd445586dcd3b933d48bcc1cbd5c7c04e40be18f8c37915aa1d54e8887a72f,COPERNICUS/S2_SR_HARMONIZED,2022-07-22T04:29:31.316000+00:00,4.658156,,b21c8cc7f3d4d35e1db4dfa1c8245ff10ba657c0a0a001992b552808766cc49b,True,source-scenes-v1,46SGB,2022-07-20,Sentinel-2,04.00,04.00,S2A_MSIL2A_20220722T041601_N0400_R090_T46SGB_20220722T080159,HARMONIZED,5e2b97e85183a1bb8246470e6816cceadbad4eb52917a293aad28ec7f8a0e75a,sentinel2,f15f3f329fa1d2ad957e154087e5db6d5b397f7406cab314c3c73fa865d2fc44,COPERNICUS/S2_SR_HARMONIZED/20220722T041601_20220722T042653_T46SGB,None,1658464171316,2022-08-04,2022-07-05,2022
AOI-02,ffcd445586dcd3b933d48bcc1cbd5c7c04e40be18f8c37915aa1d54e8887a72f,COPERNICUS/S2_SR_HARMONIZED,2022-07-22T04:29:29.091000+00:00,6.207113,,b21c8cc7f3d4d35e1db4dfa1c8245ff10ba657c0a0a001992b552808766cc49b,True,source-scenes-v1,47SKS,2022-07-20,Sentinel-2,04.00,04.00,S2A_MSIL2A_20220722T041601_N0400_R090_T47SKS_20220722T080159,HARMONIZED,5e2b97e85183a1bb8246470e6816cceadbad4eb52917a293aad28ec7f8a0e75a,sentinel2,f15f3f329fa1d2ad957e154087e5db6d5b397f7406cab314c3c73fa865d2fc44,COPERNICUS/S2_SR_HARMONIZED/20220722T041601_20220722T042653_T47SKS,None,1658464169091,2022-08-04,2022-07-05,2022
AOI-02,ffcd445586dcd3b933d48bcc1cbd5c7c04e40be18f8c37915aa1d54e8887a72f,COPERNICUS/S2_SR_HARMONIZED,2022-07-27T04:29:25.202000+00:00,25.962245,,b21c8cc7f3d4d35e1db4dfa1c8245ff10ba657c0a0a001992b552808766cc49b,True,source-scenes-v1,46SGB,2022-07-20,Sentinel-2,04.00,04.00,S2B_MSIL2A_20220727T041559_N0400_R090_T46SGB_20220727T064251,HARMONIZED,5e2b97e85183a1bb8246470e6816cceadbad4eb52917a293aad28ec7f8a0e75a,sentinel2,f15f3f329fa1d2ad957e154087e5db6d5b397f7406cab314c3c73fa865d2fc44,COPERNICUS/S2_SR_HARMONIZED/20220727T041559_20220727T042654_T46SGB,None,1658896165202,2022-08-04,2022-07-05,2022
AOI-02,ffcd445586dcd3b933d48bcc1cbd5c7c04e40be18f8c37915aa1d54e8887a72f,COPERNICUS/S2_SR_HARMONIZED,2022-07-27T04:29:22.980000+00:00,23.493299,,b21c8cc7f3d4d35e1db4dfa1c8245ff10ba657c0a0a001992b552808766cc49b,True,source-scenes-v1,47SKS,2022-07-20,Sentinel-2,04.00,04.00,S2B_MSIL2A_20220727T041559_N0400_R090_T47SKS_20220727T064251,HARMONIZED,5e2b97e85183a1bb8246470e6816cceadbad4eb52917a293aad28ec7f8a0e75a,sentinel2,f15f3f329fa1d2ad957e154087e5db6d5b397f7406cab314c3c73fa865d2fc44,COPERNICUS/S2_SR_HARMONIZED/20220727T041559_20220727T042654_T47SKS,None,1658896162980,2022-08-04,2022-07-05,2022
AOI-02,ffcd445586dcd3b933d48bcc1cbd5c7c04e40be18f8c37915aa1d54e8887a72f,COPERNICUS/S2_SR_HARMONIZED,2022-08-01T04:29:30.363000+00:00,71.708071,,b21c8cc7f3d4d35e1db4dfa1c8245ff10ba657c0a0a001992b552808766cc49b,True,source-scenes-v1,46SGB,2022-07-20,Sentinel-2,04.00,04.00,S2A_MSIL2A_20220801T041601_N0400_R090_T46SGB_20220801T080353,HARMONIZED,5e2b97e85183a1bb8246470e6816cceadbad4eb52917a293aad28ec7f8a0e75a,sentinel2,f15f3f329fa1d2ad957e154087e5db6d5b397f7406cab314c3c73fa865d2fc44,COPERNICUS/S2_SR_HARMONIZED/20220801T041601_20220801T042652_T46SGB,None,1659328170363,2022-08-04,2022-07-05,2022
AOI-02,ffcd445586dcd3b933d48bcc1cbd5c7c04e40be18f8c37915aa1d54e8887a72f,COPERNICUS/S2_SR_HARMONIZED,2022-08-01T04:29:28.138000+00:00,64.996392,,b21c8cc7f3d4d35e1db4dfa1c8245ff10ba657c0a0a001992b552808766cc49b,True,source-scenes-v1,47SKS,2022-07-20,Sentinel-2,04.00,04.00,S2A_MSIL2A_20220801T041601_N0400_R090_T47SKS_20220801T080353,HARMONIZED,5e2b97e85183a1bb8246470e6816cceadbad4eb52917a293aad28ec7f8a0e75a,sentinel2,f15f3f329fa1d2ad957e154087e5db6d5b397f7406cab314c3c73fa865d2fc44,COPERNICUS/S2_SR_HARMONIZED/20220801T041601_20220801T042652_T47SKS,None,1659328168138,2022-08-04,2022-07-05,2022
AOI-02,ffcd445586dcd3b933d48bcc1cbd5c7c04e40be18f8c37915aa1d54e8887a72f,COPERNICUS/S2_SR_HARMONIZED,2022-08-06T04:29:24.505000+00:00,46.08517,OUTSIDE_NOMINAL_WINDOW,b21c8cc7f3d4d35e1db4dfa1c8245ff10ba657c0a0a001992b552808766cc49b,False,source-scenes-v1,46SGB,2022-07-20,Sentinel-2,04.00,04.00,S2B_MSIL2A_20220806T041559_N0400_R090_T46SGB_20220806T065632,HARMONIZED,5e2b97e85183a1bb8246470e6816cceadbad4eb52917a293aad28ec7f8a0e75a,sentinel2,f15f3f329fa1d2ad957e154087e5db6d5b397f7406cab314c3c73fa865d2fc44,COPERNICUS/S2_SR_HARMONIZED/20220806T041559_20220806T042657_T46SGB,None,1659760164505,2022-08-04,2022-07-05,2022
AOI-02,ffcd445586dcd3b933d48bcc1cbd5c7c04e40be18f8c37915aa1d54e8887a72f,COPERNICUS/S2_SR_HARMONIZED,2022-08-06T04:29:22.283000+00:00,34.499538,OUTSIDE_NOMINAL_WINDOW,b21c8cc7f3d4d35e1db4dfa1c8245ff10ba657c0a0a001992b552808766cc49b,False,source-scenes-v1,47SKS,2022-07-20,Sentinel-2,04.00,04.00,S2B_MSIL2A_20220806T041559_N0400_R090_T47SKS_20220806T065632,HARMONIZED,5e2b97e85183a1bb8246470e6816cceadbad4eb52917a293aad28ec7f8a0e75a,sentinel2,f15f3f329fa1d2ad957e154087e5db6d5b397f7406cab314c3c73fa865d2fc44,COPERNICUS/S2_SR_HARMONIZED/20220806T041559_20220806T042657_T47SKS,None,1659760162283,2022-08-04,2022-07-05,2022
AOI-02,ffcd445586dcd3b933d48bcc1cbd5c7c04e40be18f8c37915aa1d54e8887a72f,COPERNICUS/S2_SR_HARMONIZED,2022-08-11T04:29:32.204000+00:00,48.798004,OUTSIDE_NOMINAL_WINDOW,b21c8cc7f3d4d35e1db4dfa1c8245ff10ba657c0a0a001992b552808766cc49b,False,source-scenes-v1,46SGB,2022-07-20,Sentinel-2,04.00,04.00,S2A_MSIL2A_20220811T041601_N0400_R090_T46SGB_20220811T090259,HARMONIZED,5e2b97e85183a1bb8246470e6816cceadbad4eb52917a293aad28ec7f8a0e75a,sentinel2,f15f3f329fa1d2ad957e154087e5db6d5b397f7406cab314c3c73fa865d2fc44,COPERNICUS/S2_SR_HARMONIZED/20220811T041601_20220811T042223_T46SGB,None,1660192172204,2022-08-04,2022-07-05,2022
AOI-02,ffcd445586dcd3b933d48bcc1cbd5c7c04e40be18f8c37915aa1d54e8887a72f,COPERNICUS/S2_SR_HARMONIZED,2022-08-11T04:29:29.980000+00:00,50.707722,OUTSIDE_NOMINAL_WINDOW,b21c8cc7f3d4d35e1db4dfa1c8245ff10ba657c0a0a001992b552808766cc49b,False,source-scenes-v1,47SKS,2022-07-20,Sentinel-2,04.00,04.00,S2A_MSIL2A_20220811T041601_N0400_R090_T47SKS_20220811T090259,HARMONIZED,5e2b97e85183a1bb8246470e6816cceadbad4eb52917a293aad28ec7f8a0e75a,sentinel2,f15f3f329fa1d2ad957e154087e5db6d5b397f7406cab314c3c73fa865d2fc44,COPERNICUS/S2_SR_HARMONIZED/20220811T041601_20220811T042223_T47SKS,None,1660192169980,2022-08-04,2022-07-05,2022
AOI-02,ffcd445586dcd3b933d48bcc1cbd5c7c04e40be18f8c37915aa1d54e8887a72f,COPERNICUS/S2_SR_HARMONIZED,2022-08-16T04:29:22.805000+00:00,9.364279,OUTSIDE_NOMINAL_WINDOW,b21c8cc7f3d4d35e1db4dfa1c8245ff10ba657c0a0a001992b552808766cc49b,False,source-scenes-v1,46SGB,2022-07-20,Sentinel-2,04.00,04.00,S2B_MSIL2A_20220816T041549_N0400_R090_T46SGB_20220816T064545,HARMONIZED,5e2b97e85183a1bb8246470e6816cceadbad4eb52917a293aad28ec7f8a0e75a,sentinel2,f15f3f329fa1d2ad957e154087e5db6d5b397f7406cab314c3c73fa865d2fc44,COPERNICUS/S2_SR_HARMONIZED/20220816T041549_20220816T042655_T46SGB,None,1660624162805,2022-08-04,2022-07-05,2022
AOI-02,ffcd445586dcd3b933d48bcc1cbd5c7c04e40be18f8c37915aa1d54e8887a72f,COPERNICUS/S2_SR_HARMONIZED,2022-08-16T04:29:20.586000+00:00,12.243811,OUTSIDE_NOMINAL_WINDOW,b21c8cc7f3d4d35e1db4dfa1c8245ff10ba657c0a0a001992b552808766cc49b,False,source-scenes-v1,47SKS,2022-07-20,Sentinel-2,04.00,04.00,S2B_MSIL2A_20220816T041549_N0400_R090_T47SKS_20220816T064545,HARMONIZED,5e2b97e85183a1bb8246470e6816cceadbad4eb52917a293aad28ec7f8a0e75a,sentinel2,f15f3f329fa1d2ad957e154087e5db6d5b397f7406cab314c3c73fa865d2fc44,COPERNICUS/S2_SR_HARMONIZED/20220816T041549_20220816T042655_T47SKS,None,1660624160586,2022-08-04,2022-07-05,2022
AOI-02,ffcd445586dcd3b933d48bcc1cbd5c7c04e40be18f8c37915aa1d54e8887a72f,COPERNICUS/S2_SR_HARMONIZED,2022-08-21T04:29:32.850000+00:00,25.881755,OUTSIDE_NOMINAL_WINDOW,b21c8cc7f3d4d35e1db4dfa1c8245ff10ba657c0a0a001992b552808766cc49b,False,source-scenes-v1,46SGB,2022-07-20,Sentinel-2,04.00,04.00,S2A_MSIL2A_20220821T041601_N0400_R090_T46SGB_20220821T185205,HARMONIZED,5e2b97e85183a1bb8246470e6816cceadbad4eb52917a293aad28ec7f8a0e75a,sentinel2,f15f3f329fa1d2ad957e154087e5db6d5b397f7406cab314c3c73fa865d2fc44,COPERNICUS/S2_SR_HARMONIZED/20220821T041601_20220821T042651_T46SGB,None,1661056172850,2022-08-04,2022-07-05,2022
AOI-02,ffcd445586dcd3b933d48bcc1cbd5c7c04e40be18f8c37915aa1d54e8887a72f,COPERNICUS/S2_SR_HARMONIZED,2022-08-21T04:29:30.626000+00:00,28.913471,OUTSIDE_NOMINAL_WINDOW,b21c8cc7f3d4d35e1db4dfa1c8245ff10ba657c0a0a001992b552808766cc49b,False,source-scenes-v1,47SKS,2022-07-20,Sentinel-2,04.00,04.00,S2A_MSIL2A_20220821T041601_N0400_R090_T47SKS_20220821T185205,HARMONIZED,5e2b97e85183a1bb8246470e6816cceadbad4eb52917a293aad28ec7f8a0e75a,sentinel2,f15f3f329fa1d2ad957e154087e5db6d5b397f7406cab314c3c73fa865d2fc44,COPERNICUS/S2_SR_HARMONIZED/20220821T041601_20220821T042651_T47SKS,None,1661056170626,2022-08-04,2022-07-05,2022
AOI-02,ffcd445586dcd3b933d48bcc1cbd5c7c04e40be18f8c37915aa1d54e8887a72f,COPERNICUS/S2_SR_HARMONIZED,2022-07-07T04:29:25.148000+00:00,0.028421,OUTSIDE_NOMINAL_WINDOW,b21c8cc7f3d4d35e1db4dfa1c8245ff10ba657c0a0a001992b552808766cc49b,False,source-scenes-v1,46SGB,2022-07-31,Sentinel-2,04.00,04.00,S2B_MSIL2A_20220707T041559_N0400_R090_T46SGB_20220707T064546,HARMONIZED,d7029dc1fd7b98b4f5f1520efff53a670436973c7efcdd19d668dbe485768091,sentinel2,22f32ff9dee0a30d9cd3a13a827e18262ab2dc9e21daa4cc9301235844cb43aa,COPERNICUS/S2_SR_HARMONIZED/20220707T041559_20220707T042654_T46SGB,None,1657168165148,2022-08-15,2022-07-16,2022
AOI-02,ffcd445586dcd3b933d48bcc1cbd5c7c04e40be18f8c37915aa1d54e8887a72f,COPERNICUS/S2_SR_HARMONIZED,2022-07-07T04:29:23.657000+00:00,0.00291,OUTSIDE_NOMINAL_WINDOW,b21c8cc7f3d4d35e1db4dfa1c8245ff10ba657c0a0a001992b552808766cc49b,False,source-scenes-v1,47SKS,2022-07-31,Sentinel-2,05.10,05.10,S2B_MSIL2A_20220707T041559_N0510_R090_T47SKS_20240625T152852,HARMONIZED,d7029dc1fd7b98b4f5f1520efff53a670436973c7efcdd19d668dbe485768091,sentinel2,22f32ff9dee0a30d9cd3a13a827e18262ab2dc9e21daa4cc9301235844cb43aa,COPERNICUS/S2_SR_HARMONIZED/20220707T041559_20220707T042654_T47SKS,None,1657168163657,2022-08-15,2022-07-16,2022
AOI-02,ffcd445586dcd3b933d48bcc1cbd5c7c04e40be18f8c37915aa1d54e8887a72f,COPERNICUS/S2_SR_HARMONIZED,2022-07-17T04:29:24.860000+00:00,40.36288,,b21c8cc7f3d4d35e1db4dfa1c8245ff10ba657c0a0a001992b552808766cc49b,True,source-scenes-v1,46SGB,2022-07-31,Sentinel-2,04.00,04.00,S2B_MSIL2A_20220717T041559_N0400_R090_T46SGB_20220717T064410,HARMONIZED,d7029dc1fd7b98b4f5f1520efff53a670436973c7efcdd19d668dbe485768091,sentinel2,22f32ff9dee0a30d9cd3a13a827e18262ab2dc9e21daa4cc9301235844cb43aa,COPERNICUS/S2_SR_HARMONIZED/20220717T041559_20220717T042657_T46SGB,None,1658032164860,2022-08-15,2022-07-16,2022
AOI-02,ffcd445586dcd3b933d48bcc1cbd5c7c04e40be18f8c37915aa1d54e8887a72f,COPERNICUS/S2_SR_HARMONIZED,2022-07-17T04:29:22.639000+00:00,36.448646,,b21c8cc7f3d4d35e1db4dfa1c8245ff10ba657c0a0a001992b552808766cc49b,True,source-scenes-v1,47SKS,2022-07-31,Sentinel-2,04.00,04.00,S2B_MSIL2A_20220717T041559_N0400_R090_T47SKS_20220717T064410,HARMONIZED,d7029dc1fd7b98b4f5f1520efff53a670436973c7efcdd19d668dbe485768091,sentinel2,22f32ff9dee0a30d9cd3a13a827e18262ab2dc9e21daa4cc9301235844cb43aa,COPERNICUS/S2_SR_HARMONIZED/20220717T041559_20220717T042657_T47SKS,None,1658032162639,2022-08-15,2022-07-16,2022
AOI-02,ffcd445586dcd3b933d48bcc1cbd5c7c04e40be18f8c37915aa1d54e8887a72f,COPERNICUS/S2_SR_HARMONIZED,2022-07-22T04:29:31.316000+00:00,4.658156,,b21c8cc7f3d4d35e1db4dfa1c8245ff10ba657c0a0a001992b552808766cc49b,True,source-scenes-v1,46SGB,2022-07-31,Sentinel-2,04.00,04.00,S2A_MSIL2A_20220722T041601_N0400_R090_T46SGB_20220722T080159,HARMONIZED,d7029dc1fd7b98b4f5f1520efff53a670436973c7efcdd19d668dbe485768091,sentinel2,22f32ff9dee0a30d9cd3a13a827e18262ab2dc9e21daa4cc9301235844cb43aa,COPERNICUS/S2_SR_HARMONIZED/20220722T041601_20220722T042653_T46SGB,None,1658464171316,2022-08-15,2022-07-16,2022
AOI-02,ffcd445586dcd3b933d48bcc1cbd5c7c04e40be18f8c37915aa1d54e8887a72f,COPERNICUS/S2_SR_HARMONIZED,2022-07-22T04:29:29.091000+00:00,6.207113,,b21c8cc7f3d4d35e1db4dfa1c8245ff10ba657c0a0a001992b552808766cc49b,True,source-scenes-v1,47SKS,2022-07-31,Sentinel-2,04.00,04.00,S2A_MSIL2A_20220722T041601_N0400_R090_T47SKS_20220722T080159,HARMONIZED,d7029dc1fd7b98b4f5f1520efff53a670436973c7efcdd19d668dbe485768091,sentinel2,22f32ff9dee0a30d9cd3a13a827e18262ab2dc9e21daa4cc9301235844cb43aa,COPERNICUS/S2_SR_HARMONIZED/20220722T041601_20220722T042653_T47SKS,None,1658464169091,2022-08-15,2022-07-16,2022
AOI-02,ffcd445586dcd3b933d48bcc1cbd5c7c04e40be18f8c37915aa1d54e8887a72f,COPERNICUS/S2_SR_HARMONIZED,2022-07-27T04:29:25.202000+00:00,25.962245,,b21c8cc7f3d4d35e1db4dfa1c8245ff10ba657c0a0a001992b552808766cc49b,True,source-scenes-v1,46SGB,2022-07-31,Sentinel-2,04.00,04.00,S2B_MSIL2A_20220727T041559_N0400_R090_T46SGB_20220727T064251,HARMONIZED,d7029dc1fd7b98b4f5f1520efff53a670436973c7efcdd19d668dbe485768091,sentinel2,22f32ff9dee0a30d9cd3a13a827e18262ab2dc9e21daa4cc9301235844cb43aa,COPERNICUS/S2_SR_HARMONIZED/20220727T041559_20220727T042654_T46SGB,None,1658896165202,2022-08-15,2022-07-16,2022
AOI-02,ffcd445586dcd3b933d48bcc1cbd5c7c04e40be18f8c37915aa1d54e8887a72f,COPERNICUS/S2_SR_HARMONIZED,2022-07-27T04:29:22.980000+00:00,23.493299,,b21c8cc7f3d4d35e1db4dfa1c8245ff10ba657c0a0a001992b552808766cc49b,True,source-scenes-v1,47SKS,2022-07-31,Sentinel-2,04.00,04.00,S2B_MSIL2A_20220727T041559_N0400_R090_T47SKS_20220727T064251,HARMONIZED,d7029dc1fd7b98b4f5f1520efff53a670436973c7efcdd19d668dbe485768091,sentinel2,22f32ff9dee0a30d9cd3a13a827e18262ab2dc9e21daa4cc9301235844cb43aa,COPERNICUS/S2_SR_HARMONIZED/20220727T041559_20220727T042654_T47SKS,None,1658896162980,2022-08-15,2022-07-16,2022
AOI-02,ffcd445586dcd3b933d48bcc1cbd5c7c04e40be18f8c37915aa1d54e8887a72f,COPERNICUS/S2_SR_HARMONIZED,2022-08-01T04:29:30.363000+00:00,71.708071,,b21c8cc7f3d4d35e1db4dfa1c8245ff10ba657c0a0a001992b552808766cc49b,True,source-scenes-v1,46SGB,2022-07-31,Sentinel-2,04.00,04.00,S2A_MSIL2A_20220801T041601_N0400_R090_T46SGB_20220801T080353,HARMONIZED,d7029dc1fd7b98b4f5f1520efff53a670436973c7efcdd19d668dbe485768091,sentinel2,22f32ff9dee0a30d9cd3a13a827e18262ab2dc9e21daa4cc9301235844cb43aa,COPERNICUS/S2_SR_HARMONIZED/20220801T041601_20220801T042652_T46SGB,None,1659328170363,2022-08-15,2022-07-16,2022
AOI-02,ffcd445586dcd3b933d48bcc1cbd5c7c04e40be18f8c37915aa1d54e8887a72f,COPERNICUS/S2_SR_HARMONIZED,2022-08-01T04:29:28.138000+00:00,64.996392,,b21c8cc7f3d4d35e1db4dfa1c8245ff10ba657c0a0a001992b552808766cc49b,True,source-scenes-v1,47SKS,2022-07-31,Sentinel-2,04.00,04.00,S2A_MSIL2A_20220801T041601_N0400_R090_T47SKS_20220801T080353,HARMONIZED,d7029dc1fd7b98b4f5f1520efff53a670436973c7efcdd19d668dbe485768091,sentinel2,22f32ff9dee0a30d9cd3a13a827e18262ab2dc9e21daa4cc9301235844cb43aa,COPERNICUS/S2_SR_HARMONIZED/20220801T041601_20220801T042652_T47SKS,None,1659328168138,2022-08-15,2022-07-16,2022
AOI-02,ffcd445586dcd3b933d48bcc1cbd5c7c04e40be18f8c37915aa1d54e8887a72f,COPERNICUS/S2_SR_HARMONIZED,2022-08-06T04:29:24.505000+00:00,46.08517,,b21c8cc7f3d4d35e1db4dfa1c8245ff10ba657c0a0a001992b552808766cc49b,True,source-scenes-v1,46SGB,2022-07-31,Sentinel-2,04.00,04.00,S2B_MSIL2A_20220806T041559_N0400_R090_T46SGB_20220806T065632,HARMONIZED,d7029dc1fd7b98b4f5f1520efff53a670436973c7efcdd19d668dbe485768091,sentinel2,22f32ff9dee0a30d9cd3a13a827e18262ab2dc9e21daa4cc9301235844cb43aa,COPERNICUS/S2_SR_HARMONIZED/20220806T041559_20220806T042657_T46SGB,None,1659760164505,2022-08-15,2022-07-16,2022
AOI-02,ffcd445586dcd3b933d48bcc1cbd5c7c04e40be18f8c37915aa1d54e8887a72f,COPERNICUS/S2_SR_HARMONIZED,2022-08-06T04:29:22.283000+00:00,34.499538,,b21c8cc7f3d4d35e1db4dfa1c8245ff10ba657c0a0a001992b552808766cc49b,True,source-scenes-v1,47SKS,2022-07-31,Sentinel-2,04.00,04.00,S2B_MSIL2A_20220806T041559_N0400_R090_T47SKS_20220806T065632,HARMONIZED,d7029dc1fd7b98b4f5f1520efff53a670436973c7efcdd19d668dbe485768091,sentinel2,22f32ff9dee0a30d9cd3a13a827e18262ab2dc9e21daa4cc9301235844cb43aa,COPERNICUS/S2_SR_HARMONIZED/20220806T041559_20220806T042657_T47SKS,None,1659760162283,2022-08-15,2022-07-16,2022
AOI-02,ffcd445586dcd3b933d48bcc1cbd5c7c04e40be18f8c37915aa1d54e8887a72f,COPERNICUS/S2_SR_HARMONIZED,2022-08-11T04:29:32.204000+00:00,48.798004,,b21c8cc7f3d4d35e1db4dfa1c8245ff10ba657c0a0a001992b552808766cc49b,True,source-scenes-v1,46SGB,2022-07-31,Sentinel-2,04.00,04.00,S2A_MSIL2A_20220811T041601_N0400_R090_T46SGB_20220811T090259,HARMONIZED,d7029dc1fd7b98b4f5f1520efff53a670436973c7efcdd19d668dbe485768091,sentinel2,22f32ff9dee0a30d9cd3a13a827e18262ab2dc9e21daa4cc9301235844cb43aa,COPERNICUS/S2_SR_HARMONIZED/20220811T041601_20220811T042223_T46SGB,None,1660192172204,2022-08-15,2022-07-16,2022
AOI-02,ffcd445586dcd3b933d48bcc1cbd5c7c04e40be18f8c37915aa1d54e8887a72f,COPERNICUS/S2_SR_HARMONIZED,2022-08-11T04:29:29.980000+00:00,50.707722,,b21c8cc7f3d4d35e1db4dfa1c8245ff10ba657c0a0a001992b552808766cc49b,True,source-scenes-v1,47SKS,2022-07-31,Sentinel-2,04.00,04.00,S2A_MSIL2A_20220811T041601_N0400_R090_T47SKS_20220811T090259,HARMONIZED,d7029dc1fd7b98b4f5f1520efff53a670436973c7efcdd19d668dbe485768091,sentinel2,22f32ff9dee0a30d9cd3a13a827e18262ab2dc9e21daa4cc9301235844cb43aa,COPERNICUS/S2_SR_HARMONIZED/20220811T041601_20220811T042223_T47SKS,None,1660192169980,2022-08-15,2022-07-16,2022
AOI-02,ffcd445586dcd3b933d48bcc1cbd5c7c04e40be18f8c37915aa1d54e8887a72f,COPERNICUS/S2_SR_HARMONIZED,2022-08-16T04:29:22.805000+00:00,9.364279,OUTSIDE_NOMINAL_WINDOW,b21c8cc7f3d4d35e1db4dfa1c8245ff10ba657c0a0a001992b552808766cc49b,False,source-scenes-v1,46SGB,2022-07-31,Sentinel-2,04.00,04.00,S2B_MSIL2A_20220816T041549_N0400_R090_T46SGB_20220816T064545,HARMONIZED,d7029dc1fd7b98b4f5f1520efff53a670436973c7efcdd19d668dbe485768091,sentinel2,22f32ff9dee0a30d9cd3a13a827e18262ab2dc9e21daa4cc9301235844cb43aa,COPERNICUS/S2_SR_HARMONIZED/20220816T041549_20220816T042655_T46SGB,None,1660624162805,2022-08-15,2022-07-16,2022
AOI-02,ffcd445586dcd3b933d48bcc1cbd5c7c04e40be18f8c37915aa1d54e8887a72f,COPERNICUS/S2_SR_HARMONIZED,2022-08-16T04:29:20.586000+00:00,12.243811,OUTSIDE_NOMINAL_WINDOW,b21c8cc7f3d4d35e1db4dfa1c8245ff10ba657c0a0a001992b552808766cc49b,False,source-scenes-v1,47SKS,2022-07-31,Sentinel-2,04.00,04.00,S2B_MSIL2A_20220816T041549_N0400_R090_T47SKS_20220816T064545,HARMONIZED,d7029dc1fd7b98b4f5f1520efff53a670436973c7efcdd19d668dbe485768091,sentinel2,22f32ff9dee0a30d9cd3a13a827e18262ab2dc9e21daa4cc9301235844cb43aa,COPERNICUS/S2_SR_HARMONIZED/20220816T041549_20220816T042655_T47SKS,None,1660624160586,2022-08-15,2022-07-16,2022
AOI-02,ffcd445586dcd3b933d48bcc1cbd5c7c04e40be18f8c37915aa1d54e8887a72f,COPERNICUS/S2_SR_HARMONIZED,2022-08-21T04:29:32.850000+00:00,25.881755,OUTSIDE_NOMINAL_WINDOW,b21c8cc7f3d4d35e1db4dfa1c8245ff10ba657c0a0a001992b552808766cc49b,False,source-scenes-v1,46SGB,2022-07-31,Sentinel-2,04.00,04.00,S2A_MSIL2A_20220821T041601_N0400_R090_T46SGB_20220821T185205,HARMONIZED,d7029dc1fd7b98b4f5f1520efff53a670436973c7efcdd19d668dbe485768091,sentinel2,22f32ff9dee0a30d9cd3a13a827e18262ab2dc9e21daa4cc9301235844cb43aa,COPERNICUS/S2_SR_HARMONIZED/20220821T041601_20220821T042651_T46SGB,None,1661056172850,2022-08-15,2022-07-16,2022
AOI-02,ffcd445586dcd3b933d48bcc1cbd5c7c04e40be18f8c37915aa1d54e8887a72f,COPERNICUS/S2_SR_HARMONIZED,2022-08-21T04:29:30.626000+00:00,28.913471,OUTSIDE_NOMINAL_WINDOW,b21c8cc7f3d4d35e1db4dfa1c8245ff10ba657c0a0a001992b552808766cc49b,False,source-scenes-v1,47SKS,2022-07-31,Sentinel-2,04.00,04.00,S2A_MSIL2A_20220821T041601_N0400_R090_T47SKS_20220821T185205,HARMONIZED,d7029dc1fd7b98b4f5f1520efff53a670436973c7efcdd19d668dbe485768091,sentinel2,22f32ff9dee0a30d9cd3a13a827e18262ab2dc9e21daa4cc9301235844cb43aa,COPERNICUS/S2_SR_HARMONIZED/20220821T041601_20220821T042651_T47SKS,None,1661056170626,2022-08-15,2022-07-16,2022
AOI-02,ffcd445586dcd3b933d48bcc1cbd5c7c04e40be18f8c37915aa1d54e8887a72f,COPERNICUS/S2_SR_HARMONIZED,2022-07-07T04:29:25.148000+00:00,0.028421,OUTSIDE_NOMINAL_WINDOW,b21c8cc7f3d4d35e1db4dfa1c8245ff10ba657c0a0a001992b552808766cc49b,False,source-scenes-v1,46SGB,2022-08-10,Sentinel-2,04.00,04.00,S2B_MSIL2A_20220707T041559_N0400_R090_T46SGB_20220707T064546,HARMONIZED,196a17a0e479b222a6dfb8e611accbd0cc4d112055ecb673bb07d9a7c6ab989a,sentinel2,8cc93ecf21da408399f158ae420a6d4f958c3fd4dd075017a538c214f3d10f9d,COPERNICUS/S2_SR_HARMONIZED/20220707T041559_20220707T042654_T46SGB,None,1657168165148,2022-08-25,2022-07-26,2022
AOI-02,ffcd445586dcd3b933d48bcc1cbd5c7c04e40be18f8c37915aa1d54e8887a72f,COPERNICUS/S2_SR_HARMONIZED,2022-07-07T04:29:23.657000+00:00,0.00291,OUTSIDE_NOMINAL_WINDOW,b21c8cc7f3d4d35e1db4dfa1c8245ff10ba657c0a0a001992b552808766cc49b,False,source-scenes-v1,47SKS,2022-08-10,Sentinel-2,05.10,05.10,S2B_MSIL2A_20220707T041559_N0510_R090_T47SKS_20240625T152852,HARMONIZED,196a17a0e479b222a6dfb8e611accbd0cc4d112055ecb673bb07d9a7c6ab989a,sentinel2,8cc93ecf21da408399f158ae420a6d4f958c3fd4dd075017a538c214f3d10f9d,COPERNICUS/S2_SR_HARMONIZED/20220707T041559_20220707T042654_T47SKS,None,1657168163657,2022-08-25,2022-07-26,2022
AOI-02,ffcd445586dcd3b933d48bcc1cbd5c7c04e40be18f8c37915aa1d54e8887a72f,COPERNICUS/S2_SR_HARMONIZED,2022-07-17T04:29:24.860000+00:00,40.36288,OUTSIDE_NOMINAL_WINDOW,b21c8cc7f3d4d35e1db4dfa1c8245ff10ba657c0a0a001992b552808766cc49b,False,source-scenes-v1,46SGB,2022-08-10,Sentinel-2,04.00,04.00,S2B_MSIL2A_20220717T041559_N0400_R090_T46SGB_20220717T064410,HARMONIZED,196a17a0e479b222a6dfb8e611accbd0cc4d112055ecb673bb07d9a7c6ab989a,sentinel2,8cc93ecf21da408399f158ae420a6d4f958c3fd4dd075017a538c214f3d10f9d,COPERNICUS/S2_SR_HARMONIZED/20220717T041559_20220717T042657_T46SGB,None,1658032164860,2022-08-25,2022-07-26,2022
AOI-02,ffcd445586dcd3b933d48bcc1cbd5c7c04e40be18f8c37915aa1d54e8887a72f,COPERNICUS/S2_SR_HARMONIZED,2022-07-17T04:29:22.639000+00:00,36.448646,OUTSIDE_NOMINAL_WINDOW,b21c8cc7f3d4d35e1db4dfa1c8245ff10ba657c0a0a001992b552808766cc49b,False,source-scenes-v1,47SKS,2022-08-10,Sentinel-2,04.00,04.00,S2B_MSIL2A_20220717T041559_N0400_R090_T47SKS_20220717T064410,HARMONIZED,196a17a0e479b222a6dfb8e611accbd0cc4d112055ecb673bb07d9a7c6ab989a,sentinel2,8cc93ecf21da408399f158ae420a6d4f958c3fd4dd075017a538c214f3d10f9d,COPERNICUS/S2_SR_HARMONIZED/20220717T041559_20220717T042657_T47SKS,None,1658032162639,2022-08-25,2022-07-26,2022
AOI-02,ffcd445586dcd3b933d48bcc1cbd5c7c04e40be18f8c37915aa1d54e8887a72f,COPERNICUS/S2_SR_HARMONIZED,2022-07-22T04:29:31.316000+00:00,4.658156,OUTSIDE_NOMINAL_WINDOW,b21c8cc7f3d4d35e1db4dfa1c8245ff10ba657c0a0a001992b552808766cc49b,False,source-scenes-v1,46SGB,2022-08-10,Sentinel-2,04.00,04.00,S2A_MSIL2A_20220722T041601_N0400_R090_T46SGB_20220722T080159,HARMONIZED,196a17a0e479b222a6dfb8e611accbd0cc4d112055ecb673bb07d9a7c6ab989a,sentinel2,8cc93ecf21da408399f158ae420a6d4f958c3fd4dd075017a538c214f3d10f9d,COPERNICUS/S2_SR_HARMONIZED/20220722T041601_20220722T042653_T46SGB,None,1658464171316,2022-08-25,2022-07-26,2022
AOI-02,ffcd445586dcd3b933d48bcc1cbd5c7c04e40be18f8c37915aa1d54e8887a72f,COPERNICUS/S2_SR_HARMONIZED,2022-07-22T04:29:29.091000+00:00,6.207113,OUTSIDE_NOMINAL_WINDOW,b21c8cc7f3d4d35e1db4dfa1c8245ff10ba657c0a0a001992b552808766cc49b,False,source-scenes-v1,47SKS,2022-08-10,Sentinel-2,04.00,04.00,S2A_MSIL2A_20220722T041601_N0400_R090_T47SKS_20220722T080159,HARMONIZED,196a17a0e479b222a6dfb8e611accbd0cc4d112055ecb673bb07d9a7c6ab989a,sentinel2,8cc93ecf21da408399f158ae420a6d4f958c3fd4dd075017a538c214f3d10f9d,COPERNICUS/S2_SR_HARMONIZED/20220722T041601_20220722T042653_T47SKS,None,1658464169091,2022-08-25,2022-07-26,2022
AOI-02,ffcd445586dcd3b933d48bcc1cbd5c7c04e40be18f8c37915aa1d54e8887a72f,COPERNICUS/S2_SR_HARMONIZED,2022-07-27T04:29:25.202000+00:00,25.962245,,b21c8cc7f3d4d35e1db4dfa1c8245ff10ba657c0a0a001992b552808766cc49b,True,source-scenes-v1,46SGB,2022-08-10,Sentinel-2,04.00,04.00,S2B_MSIL2A_20220727T041559_N0400_R090_T46SGB_20220727T064251,HARMONIZED,196a17a0e479b222a6dfb8e611accbd0cc4d112055ecb673bb07d9a7c6ab989a,sentinel2,8cc93ecf21da408399f158ae420a6d4f958c3fd4dd075017a538c214f3d10f9d,COPERNICUS/S2_SR_HARMONIZED/20220727T041559_20220727T042654_T46SGB,None,1658896165202,2022-08-25,2022-07-26,2022
AOI-02,ffcd445586dcd3b933d48bcc1cbd5c7c04e40be18f8c37915aa1d54e8887a72f,COPERNICUS/S2_SR_HARMONIZED,2022-07-27T04:29:22.980000+00:00,23.493299,,b21c8cc7f3d4d35e1db4dfa1c8245ff10ba657c0a0a001992b552808766cc49b,True,source-scenes-v1,47SKS,2022-08-10,Sentinel-2,04.00,04.00,S2B_MSIL2A_20220727T041559_N0400_R090_T47SKS_20220727T064251,HARMONIZED,196a17a0e479b222a6dfb8e611accbd0cc4d112055ecb673bb07d9a7c6ab989a,sentinel2,8cc93ecf21da408399f158ae420a6d4f958c3fd4dd075017a538c214f3d10f9d,COPERNICUS/S2_SR_HARMONIZED/20220727T041559_20220727T042654_T47SKS,None,1658896162980,2022-08-25,2022-07-26,2022
AOI-02,ffcd445586dcd3b933d48bcc1cbd5c7c04e40be18f8c37915aa1d54e8887a72f,COPERNICUS/S2_SR_HARMONIZED,2022-08-01T04:29:30.363000+00:00,71.708071,,b21c8cc7f3d4d35e1db4dfa1c8245ff10ba657c0a0a001992b552808766cc49b,True,source-scenes-v1,46SGB,2022-08-10,Sentinel-2,04.00,04.00,S2A_MSIL2A_20220801T041601_N0400_R090_T46SGB_20220801T080353,HARMONIZED,196a17a0e479b222a6dfb8e611accbd0cc4d112055ecb673bb07d9a7c6ab989a,sentinel2,8cc93ecf21da408399f158ae420a6d4f958c3fd4dd075017a538c214f3d10f9d,COPERNICUS/S2_SR_HARMONIZED/20220801T041601_20220801T042652_T46SGB,None,1659328170363,2022-08-25,2022-07-26,2022
AOI-02,ffcd445586dcd3b933d48bcc1cbd5c7c04e40be18f8c37915aa1d54e8887a72f,COPERNICUS/S2_SR_HARMONIZED,2022-08-01T04:29:28.138000+00:00,64.996392,,b21c8cc7f3d4d35e1db4dfa1c8245ff10ba657c0a0a001992b552808766cc49b,True,source-scenes-v1,47SKS,2022-08-10,Sentinel-2,04.00,04.00,S2A_MSIL2A_20220801T041601_N0400_R090_T47SKS_20220801T080353,HARMONIZED,196a17a0e479b222a6dfb8e611accbd0cc4d112055ecb673bb07d9a7c6ab989a,sentinel2,8cc93ecf21da408399f158ae420a6d4f958c3fd4dd075017a538c214f3d10f9d,COPERNICUS/S2_SR_HARMONIZED/20220801T041601_20220801T042652_T47SKS,None,1659328168138,2022-08-25,2022-07-26,2022
AOI-02,ffcd445586dcd3b933d48bcc1cbd5c7c04e40be18f8c37915aa1d54e8887a72f,COPERNICUS/S2_SR_HARMONIZED,2022-08-06T04:29:24.505000+00:00,46.08517,,b21c8cc7f3d4d35e1db4dfa1c8245ff10ba657c0a0a001992b552808766cc49b,True,source-scenes-v1,46SGB,2022-08-10,Sentinel-2,04.00,04.00,S2B_MSIL2A_20220806T041559_N0400_R090_T46SGB_20220806T065632,HARMONIZED,196a17a0e479b222a6dfb8e611accbd0cc4d112055ecb673bb07d9a7c6ab989a,sentinel2,8cc93ecf21da408399f158ae420a6d4f958c3fd4dd075017a538c214f3d10f9d,COPERNICUS/S2_SR_HARMONIZED/20220806T041559_20220806T042657_T46SGB,None,1659760164505,2022-08-25,2022-07-26,2022
AOI-02,ffcd445586dcd3b933d48bcc1cbd5c7c04e40be18f8c37915aa1d54e8887a72f,COPERNICUS/S2_SR_HARMONIZED,2022-08-06T04:29:22.283000+00:00,34.499538,,b21c8cc7f3d4d35e1db4dfa1c8245ff10ba657c0a0a001992b552808766cc49b,True,source-scenes-v1,47SKS,2022-08-10,Sentinel-2,04.00,04.00,S2B_MSIL2A_20220806T041559_N0400_R090_T47SKS_20220806T065632,HARMONIZED,196a17a0e479b222a6dfb8e611accbd0cc4d112055ecb673bb07d9a7c6ab989a,sentinel2,8cc93ecf21da408399f158ae420a6d4f958c3fd4dd075017a538c214f3d10f9d,COPERNICUS/S2_SR_HARMONIZED/20220806T041559_20220806T042657_T47SKS,None,1659760162283,2022-08-25,2022-07-26,2022
AOI-02,ffcd445586dcd3b933d48bcc1cbd5c7c04e40be18f8c37915aa1d54e8887a72f,COPERNICUS/S2_SR_HARMONIZED,2022-08-11T04:29:32.204000+00:00,48.798004,,b21c8cc7f3d4d35e1db4dfa1c8245ff10ba657c0a0a001992b552808766cc49b,True,source-scenes-v1,46SGB,2022-08-10,Sentinel-2,04.00,04.00,S2A_MSIL2A_20220811T041601_N0400_R090_T46SGB_20220811T090259,HARMONIZED,196a17a0e479b222a6dfb8e611accbd0cc4d112055ecb673bb07d9a7c6ab989a,sentinel2,8cc93ecf21da408399f158ae420a6d4f958c3fd4dd075017a538c214f3d10f9d,COPERNICUS/S2_SR_HARMONIZED/20220811T041601_20220811T042223_T46SGB,None,1660192172204,2022-08-25,2022-07-26,2022
AOI-02,ffcd445586dcd3b933d48bcc1cbd5c7c04e40be18f8c37915aa1d54e8887a72f,COPERNICUS/S2_SR_HARMONIZED,2022-08-11T04:29:29.980000+00:00,50.707722,,b21c8cc7f3d4d35e1db4dfa1c8245ff10ba657c0a0a001992b552808766cc49b,True,source-scenes-v1,47SKS,2022-08-10,Sentinel-2,04.00,04.00,S2A_MSIL2A_20220811T041601_N0400_R090_T47SKS_20220811T090259,HARMONIZED,196a17a0e479b222a6dfb8e611accbd0cc4d112055ecb673bb07d9a7c6ab989a,sentinel2,8cc93ecf21da408399f158ae420a6d4f958c3fd4dd075017a538c214f3d10f9d,COPERNICUS/S2_SR_HARMONIZED/20220811T041601_20220811T042223_T47SKS,None,1660192169980,2022-08-25,2022-07-26,2022
AOI-02,ffcd445586dcd3b933d48bcc1cbd5c7c04e40be18f8c37915aa1d54e8887a72f,COPERNICUS/S2_SR_HARMONIZED,2022-08-16T04:29:22.805000+00:00,9.364279,,b21c8cc7f3d4d35e1db4dfa1c8245ff10ba657c0a0a001992b552808766cc49b,True,source-scenes-v1,46SGB,2022-08-10,Sentinel-2,04.00,04.00,S2B_MSIL2A_20220816T041549_N0400_R090_T46SGB_20220816T064545,HARMONIZED,196a17a0e479b222a6dfb8e611accbd0cc4d112055ecb673bb07d9a7c6ab989a,sentinel2,8cc93ecf21da408399f158ae420a6d4f958c3fd4dd075017a538c214f3d10f9d,COPERNICUS/S2_SR_HARMONIZED/20220816T041549_20220816T042655_T46SGB,None,1660624162805,2022-08-25,2022-07-26,2022
AOI-02,ffcd445586dcd3b933d48bcc1cbd5c7c04e40be18f8c37915aa1d54e8887a72f,COPERNICUS/S2_SR_HARMONIZED,2022-08-16T04:29:20.586000+00:00,12.243811,,b21c8cc7f3d4d35e1db4dfa1c8245ff10ba657c0a0a001992b552808766cc49b,True,source-scenes-v1,47SKS,2022-08-10,Sentinel-2,04.00,04.00,S2B_MSIL2A_20220816T041549_N0400_R090_T47SKS_20220816T064545,HARMONIZED,196a17a0e479b222a6dfb8e611accbd0cc4d112055ecb673bb07d9a7c6ab989a,sentinel2,8cc93ecf21da408399f158ae420a6d4f958c3fd4dd075017a538c214f3d10f9d,COPERNICUS/S2_SR_HARMONIZED/20220816T041549_20220816T042655_T47SKS,None,1660624160586,2022-08-25,2022-07-26,2022
AOI-02,ffcd445586dcd3b933d48bcc1cbd5c7c04e40be18f8c37915aa1d54e8887a72f,COPERNICUS/S2_SR_HARMONIZED,2022-08-21T04:29:32.850000+00:00,25.881755,,b21c8cc7f3d4d35e1db4dfa1c8245ff10ba657c0a0a001992b552808766cc49b,True,source-scenes-v1,46SGB,2022-08-10,Sentinel-2,04.00,04.00,S2A_MSIL2A_20220821T041601_N0400_R090_T46SGB_20220821T185205,HARMONIZED,196a17a0e479b222a6dfb8e611accbd0cc4d112055ecb673bb07d9a7c6ab989a,sentinel2,8cc93ecf21da408399f158ae420a6d4f958c3fd4dd075017a538c214f3d10f9d,COPERNICUS/S2_SR_HARMONIZED/20220821T041601_20220821T042651_T46SGB,None,1661056172850,2022-08-25,2022-07-26,2022
AOI-02,ffcd445586dcd3b933d48bcc1cbd5c7c04e40be18f8c37915aa1d54e8887a72f,COPERNICUS/S2_SR_HARMONIZED,2022-08-21T04:29:30.626000+00:00,28.913471,,b21c8cc7f3d4d35e1db4dfa1c8245ff10ba657c0a0a001992b552808766cc49b,True,source-scenes-v1,47SKS,2022-08-10,Sentinel-2,04.00,04.00,S2A_MSIL2A_20220821T041601_N0400_R090_T47SKS_20220821T185205,HARMONIZED,196a17a0e479b222a6dfb8e611accbd0cc4d112055ecb673bb07d9a7c6ab989a,sentinel2,8cc93ecf21da408399f158ae420a6d4f958c3fd4dd075017a538c214f3d10f9d,COPERNICUS/S2_SR_HARMONIZED/20220821T041601_20220821T042651_T47SKS,None,1661056170626,2022-08-25,2022-07-26,2022
AOI-02,ffcd445586dcd3b933d48bcc1cbd5c7c04e40be18f8c37915aa1d54e8887a72f,COPERNICUS/S2_SR_HARMONIZED,2023-07-17T04:29:24.804000+00:00,68.310601,,b21c8cc7f3d4d35e1db4dfa1c8245ff10ba657c0a0a001992b552808766cc49b,True,source-scenes-v1,46SGB,2023-07-20,Sentinel-2,05.09,05.09,S2A_MSIL2A_20230717T041551_N0509_R090_T46SGB_20230717T075501,HARMONIZED,feea425f6c0196a6daddd2f670efbaf7e6076ef2fbdc5fb6700676f8958ddda9,sentinel2,2a66b43b7d34d9c999963785c39719be292238598f7c4c549c6f658bafd9f879,COPERNICUS/S2_SR_HARMONIZED/20230717T041551_20230717T042634_T46SGB,None,1689568164804,2023-08-04,2023-07-05,2023
AOI-02,ffcd445586dcd3b933d48bcc1cbd5c7c04e40be18f8c37915aa1d54e8887a72f,COPERNICUS/S2_SR_HARMONIZED,2023-07-17T04:29:22.578000+00:00,76.484841,,b21c8cc7f3d4d35e1db4dfa1c8245ff10ba657c0a0a001992b552808766cc49b,True,source-scenes-v1,47SKS,2023-07-20,Sentinel-2,05.09,05.09,S2A_MSIL2A_20230717T041551_N0509_R090_T47SKS_20230717T075501,HARMONIZED,feea425f6c0196a6daddd2f670efbaf7e6076ef2fbdc5fb6700676f8958ddda9,sentinel2,2a66b43b7d34d9c999963785c39719be292238598f7c4c549c6f658bafd9f879,COPERNICUS/S2_SR_HARMONIZED/20230717T041551_20230717T042634_T47SKS,None,1689568162578,2023-08-04,2023-07-05,2023
AOI-02,ffcd445586dcd3b933d48bcc1cbd5c7c04e40be18f8c37915aa1d54e8887a72f,COPERNICUS/S2_SR_HARMONIZED,2023-07-22T04:29:26.156000+00:00,6.044091,,b21c8cc7f3d4d35e1db4dfa1c8245ff10ba657c0a0a001992b552808766cc49b,True,source-scenes-v1,46SGB,2023-07-20,Sentinel-2,05.09,05.09,S2B_MSIL2A_20230722T041559_N0509_R090_T46SGB_20230722T065231,HARMONIZED,feea425f6c0196a6daddd2f670efbaf7e6076ef2fbdc5fb6700676f8958ddda9,sentinel2,2a66b43b7d34d9c999963785c39719be292238598f7c4c549c6f658bafd9f879,COPERNICUS/S2_SR_HARMONIZED/20230722T041559_20230722T042635_T46SGB,None,1690000166156,2023-08-04,2023-07-05,2023
AOI-02,ffcd445586dcd3b933d48bcc1cbd5c7c04e40be18f8c37915aa1d54e8887a72f,COPERNICUS/S2_SR_HARMONIZED,2023-07-22T04:29:23.932000+00:00,3.432484,,b21c8cc7f3d4d35e1db4dfa1c8245ff10ba657c0a0a001992b552808766cc49b,True,source-scenes-v1,47SKS,2023-07-20,Sentinel-2,05.09,05.09,S2B_MSIL2A_20230722T041559_N0509_R090_T47SKS_20230722T065231,HARMONIZED,feea425f6c0196a6daddd2f670efbaf7e6076ef2fbdc5fb6700676f8958ddda9,sentinel2,2a66b43b7d34d9c999963785c39719be292238598f7c4c549c6f658bafd9f879,COPERNICUS/S2_SR_HARMONIZED/20230722T041559_20230722T042635_T47SKS,None,1690000163932,2023-08-04,2023-07-05,2023
AOI-02,ffcd445586dcd3b933d48bcc1cbd5c7c04e40be18f8c37915aa1d54e8887a72f,COPERNICUS/S2_SR_HARMONIZED,2023-07-27T04:29:25.261000+00:00,64.339441,,b21c8cc7f3d4d35e1db4dfa1c8245ff10ba657c0a0a001992b552808766cc49b,True,source-scenes-v1,46SGB,2023-07-20,Sentinel-2,05.09,05.09,S2A_MSIL2A_20230727T041551_N0509_R090_T46SGB_20230727T085301,HARMONIZED,feea425f6c0196a6daddd2f670efbaf7e6076ef2fbdc5fb6700676f8958ddda9,sentinel2,2a66b43b7d34d9c999963785c39719be292238598f7c4c549c6f658bafd9f879,COPERNICUS/S2_SR_HARMONIZED/20230727T041551_20230727T042146_T46SGB,None,1690432165261,2023-08-04,2023-07-05,2023
AOI-02,ffcd445586dcd3b933d48bcc1cbd5c7c04e40be18f8c37915aa1d54e8887a72f,COPERNICUS/S2_SR_HARMONIZED,2023-07-27T04:29:23.036000+00:00,55.580223,,b21c8cc7f3d4d35e1db4dfa1c8245ff10ba657c0a0a001992b552808766cc49b,True,source-scenes-v1,47SKS,2023-07-20,Sentinel-2,05.09,05.09,S2A_MSIL2A_20230727T041551_N0509_R090_T47SKS_20230727T085301,HARMONIZED,feea425f6c0196a6daddd2f670efbaf7e6076ef2fbdc5fb6700676f8958ddda9,sentinel2,2a66b43b7d34d9c999963785c39719be292238598f7c4c549c6f658bafd9f879,COPERNICUS/S2_SR_HARMONIZED/20230727T041551_20230727T042146_T47SKS,None,1690432163036,2023-08-04,2023-07-05,2023
AOI-02,ffcd445586dcd3b933d48bcc1cbd5c7c04e40be18f8c37915aa1d54e8887a72f,COPERNICUS/S2_SR_HARMONIZED,2023-08-16T04:29:23.673000+00:00,74.480021,OUTSIDE_NOMINAL_WINDOW,b21c8cc7f3d4d35e1db4dfa1c8245ff10ba657c0a0a001992b552808766cc49b,False,source-scenes-v1,47SKS,2023-07-20,Sentinel-2,05.09,05.09,S2A_MSIL2A_20230816T041551_N0509_R090_T47SKS_20230816T085058,HARMONIZED,feea425f6c0196a6daddd2f670efbaf7e6076ef2fbdc5fb6700676f8958ddda9,sentinel2,2a66b43b7d34d9c999963785c39719be292238598f7c4c549c6f658bafd9f879,COPERNICUS/S2_SR_HARMONIZED/20230816T041551_20230816T041720_T47SKS,None,1692160163673,2023-08-04,2023-07-05,2023
AOI-02,ffcd445586dcd3b933d48bcc1cbd5c7c04e40be18f8c37915aa1d54e8887a72f,COPERNICUS/S2_SR_HARMONIZED,2023-08-21T04:29:25.025000+00:00,71.045983,OUTSIDE_NOMINAL_WINDOW,b21c8cc7f3d4d35e1db4dfa1c8245ff10ba657c0a0a001992b552808766cc49b,False,source-scenes-v1,46SGB,2023-07-20,Sentinel-2,05.09,05.09,S2B_MSIL2A_20230821T041549_N0509_R090_T46SGB_20230821T073200,HARMONIZED,feea425f6c0196a6daddd2f670efbaf7e6076ef2fbdc5fb6700676f8958ddda9,sentinel2,2a66b43b7d34d9c999963785c39719be292238598f7c4c549c6f658bafd9f879,COPERNICUS/S2_SR_HARMONIZED/20230821T041549_20230821T041657_T46SGB,None,1692592165025,2023-08-04,2023-07-05,2023
AOI-02,ffcd445586dcd3b933d48bcc1cbd5c7c04e40be18f8c37915aa1d54e8887a72f,COPERNICUS/S2_SR_HARMONIZED,2023-08-21T04:29:22.803000+00:00,56.484187,OUTSIDE_NOMINAL_WINDOW,b21c8cc7f3d4d35e1db4dfa1c8245ff10ba657c0a0a001992b552808766cc49b,False,source-scenes-v1,47SKS,2023-07-20,Sentinel-2,05.09,05.09,S2B_MSIL2A_20230821T041549_N0509_R090_T47SKS_20230821T073200,HARMONIZED,feea425f6c0196a6daddd2f670efbaf7e6076ef2fbdc5fb6700676f8958ddda9,sentinel2,2a66b43b7d34d9c999963785c39719be292238598f7c4c549c6f658bafd9f879,COPERNICUS/S2_SR_HARMONIZED/20230821T041549_20230821T041657_T47SKS,None,1692592162803,2023-08-04,2023-07-05,2023
AOI-02,ffcd445586dcd3b933d48bcc1cbd5c7c04e40be18f8c37915aa1d54e8887a72f,COPERNICUS/S2_SR_HARMONIZED,2023-07-17T04:29:24.804000+00:00,68.310601,,b21c8cc7f3d4d35e1db4dfa1c8245ff10ba657c0a0a001992b552808766cc49b,True,source-scenes-v1,46SGB,2023-07-31,Sentinel-2,05.09,05.09,S2A_MSIL2A_20230717T041551_N0509_R090_T46SGB_20230717T075501,HARMONIZED,35e9ba7ade828d6bafd319fbac6e6ee7befa38cd0774e41b262b607efad65cff,sentinel2,59701d33f9666e94f0339315b937f80405f0286477cb6aeb92f3e6084376adbd,COPERNICUS/S2_SR_HARMONIZED/20230717T041551_20230717T042634_T46SGB,None,1689568164804,2023-08-15,2023-07-16,2023
AOI-02,ffcd445586dcd3b933d48bcc1cbd5c7c04e40be18f8c37915aa1d54e8887a72f,COPERNICUS/S2_SR_HARMONIZED,2023-07-17T04:29:22.578000+00:00,76.484841,,b21c8cc7f3d4d35e1db4dfa1c8245ff10ba657c0a0a001992b552808766cc49b,True,source-scenes-v1,47SKS,2023-07-31,Sentinel-2,05.09,05.09,S2A_MSIL2A_20230717T041551_N0509_R090_T47SKS_20230717T075501,HARMONIZED,35e9ba7ade828d6bafd319fbac6e6ee7befa38cd0774e41b262b607efad65cff,sentinel2,59701d33f9666e94f0339315b937f80405f0286477cb6aeb92f3e6084376adbd,COPERNICUS/S2_SR_HARMONIZED/20230717T041551_20230717T042634_T47SKS,None,1689568162578,2023-08-15,2023-07-16,2023
AOI-02,ffcd445586dcd3b933d48bcc1cbd5c7c04e40be18f8c37915aa1d54e8887a72f,COPERNICUS/S2_SR_HARMONIZED,2023-07-22T04:29:26.156000+00:00,6.044091,,b21c8cc7f3d4d35e1db4dfa1c8245ff10ba657c0a0a001992b552808766cc49b,True,source-scenes-v1,46SGB,2023-07-31,Sentinel-2,05.09,05.09,S2B_MSIL2A_20230722T041559_N0509_R090_T46SGB_20230722T065231,HARMONIZED,35e9ba7ade828d6bafd319fbac6e6ee7befa38cd0774e41b262b607efad65cff,sentinel2,59701d33f9666e94f0339315b937f80405f0286477cb6aeb92f3e6084376adbd,COPERNICUS/S2_SR_HARMONIZED/20230722T041559_20230722T042635_T46SGB,None,1690000166156,2023-08-15,2023-07-16,2023
AOI-02,ffcd445586dcd3b933d48bcc1cbd5c7c04e40be18f8c37915aa1d54e8887a72f,COPERNICUS/S2_SR_HARMONIZED,2023-07-22T04:29:23.932000+00:00,3.432484,,b21c8cc7f3d4d35e1db4dfa1c8245ff10ba657c0a0a001992b552808766cc49b,True,source-scenes-v1,47SKS,2023-07-31,Sentinel-2,05.09,05.09,S2B_MSIL2A_20230722T041559_N0509_R090_T47SKS_20230722T065231,HARMONIZED,35e9ba7ade828d6bafd319fbac6e6ee7befa38cd0774e41b262b607efad65cff,sentinel2,59701d33f9666e94f0339315b937f80405f0286477cb6aeb92f3e6084376adbd,COPERNICUS/S2_SR_HARMONIZED/20230722T041559_20230722T042635_T47SKS,None,1690000163932,2023-08-15,2023-07-16,2023
AOI-02,ffcd445586dcd3b933d48bcc1cbd5c7c04e40be18f8c37915aa1d54e8887a72f,COPERNICUS/S2_SR_HARMONIZED,2023-07-27T04:29:25.261000+00:00,64.339441,,b21c8cc7f3d4d35e1db4dfa1c8245ff10ba657c0a0a001992b552808766cc49b,True,source-scenes-v1,46SGB,2023-07-31,Sentinel-2,05.09,05.09,S2A_MSIL2A_20230727T041551_N0509_R090_T46SGB_20230727T085301,HARMONIZED,35e9ba7ade828d6bafd319fbac6e6ee7befa38cd0774e41b262b607efad65cff,sentinel2,59701d33f9666e94f0339315b937f80405f0286477cb6aeb92f3e6084376adbd,COPERNICUS/S2_SR_HARMONIZED/20230727T041551_20230727T042146_T46SGB,None,1690432165261,2023-08-15,2023-07-16,2023
AOI-02,ffcd445586dcd3b933d48bcc1cbd5c7c04e40be18f8c37915aa1d54e8887a72f,COPERNICUS/S2_SR_HARMONIZED,2023-07-27T04:29:23.036000+00:00,55.580223,,b21c8cc7f3d4d35e1db4dfa1c8245ff10ba657c0a0a001992b552808766cc49b,True,source-scenes-v1,47SKS,2023-07-31,Sentinel-2,05.09,05.09,S2A_MSIL2A_20230727T041551_N0509_R090_T47SKS_20230727T085301,HARMONIZED,35e9ba7ade828d6bafd319fbac6e6ee7befa38cd0774e41b262b607efad65cff,sentinel2,59701d33f9666e94f0339315b937f80405f0286477cb6aeb92f3e6084376adbd,COPERNICUS/S2_SR_HARMONIZED/20230727T041551_20230727T042146_T47SKS,None,1690432163036,2023-08-15,2023-07-16,2023
AOI-02,ffcd445586dcd3b933d48bcc1cbd5c7c04e40be18f8c37915aa1d54e8887a72f,COPERNICUS/S2_SR_HARMONIZED,2023-08-16T04:29:23.673000+00:00,74.480021,OUTSIDE_NOMINAL_WINDOW,b21c8cc7f3d4d35e1db4dfa1c8245ff10ba657c0a0a001992b552808766cc49b,False,source-scenes-v1,47SKS,2023-07-31,Sentinel-2,05.09,05.09,S2A_MSIL2A_20230816T041551_N0509_R090_T47SKS_20230816T085058,HARMONIZED,35e9ba7ade828d6bafd319fbac6e6ee7befa38cd0774e41b262b607efad65cff,sentinel2,59701d33f9666e94f0339315b937f80405f0286477cb6aeb92f3e6084376adbd,COPERNICUS/S2_SR_HARMONIZED/20230816T041551_20230816T041720_T47SKS,None,1692160163673,2023-08-15,2023-07-16,2023
AOI-02,ffcd445586dcd3b933d48bcc1cbd5c7c04e40be18f8c37915aa1d54e8887a72f,COPERNICUS/S2_SR_HARMONIZED,2023-08-21T04:29:25.025000+00:00,71.045983,OUTSIDE_NOMINAL_WINDOW,b21c8cc7f3d4d35e1db4dfa1c8245ff10ba657c0a0a001992b552808766cc49b,False,source-scenes-v1,46SGB,2023-07-31,Sentinel-2,05.09,05.09,S2B_MSIL2A_20230821T041549_N0509_R090_T46SGB_20230821T073200,HARMONIZED,35e9ba7ade828d6bafd319fbac6e6ee7befa38cd0774e41b262b607efad65cff,sentinel2,59701d33f9666e94f0339315b937f80405f0286477cb6aeb92f3e6084376adbd,COPERNICUS/S2_SR_HARMONIZED/20230821T041549_20230821T041657_T46SGB,None,1692592165025,2023-08-15,2023-07-16,2023
AOI-02,ffcd445586dcd3b933d48bcc1cbd5c7c04e40be18f8c37915aa1d54e8887a72f,COPERNICUS/S2_SR_HARMONIZED,2023-08-21T04:29:22.803000+00:00,56.484187,OUTSIDE_NOMINAL_WINDOW,b21c8cc7f3d4d35e1db4dfa1c8245ff10ba657c0a0a001992b552808766cc49b,False,source-scenes-v1,47SKS,2023-07-31,Sentinel-2,05.09,05.09,S2B_MSIL2A_20230821T041549_N0509_R090_T47SKS_20230821T073200,HARMONIZED,35e9ba7ade828d6bafd319fbac6e6ee7befa38cd0774e41b262b607efad65cff,sentinel2,59701d33f9666e94f0339315b937f80405f0286477cb6aeb92f3e6084376adbd,COPERNICUS/S2_SR_HARMONIZED/20230821T041549_20230821T041657_T47SKS,None,1692592162803,2023-08-15,2023-07-16,2023
AOI-02,ffcd445586dcd3b933d48bcc1cbd5c7c04e40be18f8c37915aa1d54e8887a72f,COPERNICUS/S2_SR_HARMONIZED,2023-07-17T04:29:24.804000+00:00,68.310601,OUTSIDE_NOMINAL_WINDOW,b21c8cc7f3d4d35e1db4dfa1c8245ff10ba657c0a0a001992b552808766cc49b,False,source-scenes-v1,46SGB,2023-08-10,Sentinel-2,05.09,05.09,S2A_MSIL2A_20230717T041551_N0509_R090_T46SGB_20230717T075501,HARMONIZED,7b0ae2e93de3ae85db23160947ef34ba7b2c5296c61330b0e5bd242a94873260,sentinel2,1528a173ef237a38822e11779f2d195de78f78d2a64390c431fdb8256bf87a46,COPERNICUS/S2_SR_HARMONIZED/20230717T041551_20230717T042634_T46SGB,None,1689568164804,2023-08-25,2023-07-26,2023
AOI-02,ffcd445586dcd3b933d48bcc1cbd5c7c04e40be18f8c37915aa1d54e8887a72f,COPERNICUS/S2_SR_HARMONIZED,2023-07-17T04:29:22.578000+00:00,76.484841,OUTSIDE_NOMINAL_WINDOW,b21c8cc7f3d4d35e1db4dfa1c8245ff10ba657c0a0a001992b552808766cc49b,False,source-scenes-v1,47SKS,2023-08-10,Sentinel-2,05.09,05.09,S2A_MSIL2A_20230717T041551_N0509_R090_T47SKS_20230717T075501,HARMONIZED,7b0ae2e93de3ae85db23160947ef34ba7b2c5296c61330b0e5bd242a94873260,sentinel2,1528a173ef237a38822e11779f2d195de78f78d2a64390c431fdb8256bf87a46,COPERNICUS/S2_SR_HARMONIZED/20230717T041551_20230717T042634_T47SKS,None,1689568162578,2023-08-25,2023-07-26,2023
AOI-02,ffcd445586dcd3b933d48bcc1cbd5c7c04e40be18f8c37915aa1d54e8887a72f,COPERNICUS/S2_SR_HARMONIZED,2023-07-22T04:29:26.156000+00:00,6.044091,OUTSIDE_NOMINAL_WINDOW,b21c8cc7f3d4d35e1db4dfa1c8245ff10ba657c0a0a001992b552808766cc49b,False,source-scenes-v1,46SGB,2023-08-10,Sentinel-2,05.09,05.09,S2B_MSIL2A_20230722T041559_N0509_R090_T46SGB_20230722T065231,HARMONIZED,7b0ae2e93de3ae85db23160947ef34ba7b2c5296c61330b0e5bd242a94873260,sentinel2,1528a173ef237a38822e11779f2d195de78f78d2a64390c431fdb8256bf87a46,COPERNICUS/S2_SR_HARMONIZED/20230722T041559_20230722T042635_T46SGB,None,1690000166156,2023-08-25,2023-07-26,2023
AOI-02,ffcd445586dcd3b933d48bcc1cbd5c7c04e40be18f8c37915aa1d54e8887a72f,COPERNICUS/S2_SR_HARMONIZED,2023-07-22T04:29:23.932000+00:00,3.432484,OUTSIDE_NOMINAL_WINDOW,b21c8cc7f3d4d35e1db4dfa1c8245ff10ba657c0a0a001992b552808766cc49b,False,source-scenes-v1,47SKS,2023-08-10,Sentinel-2,05.09,05.09,S2B_MSIL2A_20230722T041559_N0509_R090_T47SKS_20230722T065231,HARMONIZED,7b0ae2e93de3ae85db23160947ef34ba7b2c5296c61330b0e5bd242a94873260,sentinel2,1528a173ef237a38822e11779f2d195de78f78d2a64390c431fdb8256bf87a46,COPERNICUS/S2_SR_HARMONIZED/20230722T041559_20230722T042635_T47SKS,None,1690000163932,2023-08-25,2023-07-26,2023
AOI-02,ffcd445586dcd3b933d48bcc1cbd5c7c04e40be18f8c37915aa1d54e8887a72f,COPERNICUS/S2_SR_HARMONIZED,2023-07-27T04:29:25.261000+00:00,64.339441,,b21c8cc7f3d4d35e1db4dfa1c8245ff10ba657c0a0a001992b552808766cc49b,True,source-scenes-v1,46SGB,2023-08-10,Sentinel-2,05.09,05.09,S2A_MSIL2A_20230727T041551_N0509_R090_T46SGB_20230727T085301,HARMONIZED,7b0ae2e93de3ae85db23160947ef34ba7b2c5296c61330b0e5bd242a94873260,sentinel2,1528a173ef237a38822e11779f2d195de78f78d2a64390c431fdb8256bf87a46,COPERNICUS/S2_SR_HARMONIZED/20230727T041551_20230727T042146_T46SGB,None,1690432165261,2023-08-25,2023-07-26,2023
AOI-02,ffcd445586dcd3b933d48bcc1cbd5c7c04e40be18f8c37915aa1d54e8887a72f,COPERNICUS/S2_SR_HARMONIZED,2023-07-27T04:29:23.036000+00:00,55.580223,,b21c8cc7f3d4d35e1db4dfa1c8245ff10ba657c0a0a001992b552808766cc49b,True,source-scenes-v1,47SKS,2023-08-10,Sentinel-2,05.09,05.09,S2A_MSIL2A_20230727T041551_N0509_R090_T47SKS_20230727T085301,HARMONIZED,7b0ae2e93de3ae85db23160947ef34ba7b2c5296c61330b0e5bd242a94873260,sentinel2,1528a173ef237a38822e11779f2d195de78f78d2a64390c431fdb8256bf87a46,COPERNICUS/S2_SR_HARMONIZED/20230727T041551_20230727T042146_T47SKS,None,1690432163036,2023-08-25,2023-07-26,2023
AOI-02,ffcd445586dcd3b933d48bcc1cbd5c7c04e40be18f8c37915aa1d54e8887a72f,COPERNICUS/S2_SR_HARMONIZED,2023-08-16T04:29:23.673000+00:00,74.480021,,b21c8cc7f3d4d35e1db4dfa1c8245ff10ba657c0a0a001992b552808766cc49b,True,source-scenes-v1,47SKS,2023-08-10,Sentinel-2,05.09,05.09,S2A_MSIL2A_20230816T041551_N0509_R090_T47SKS_20230816T085058,HARMONIZED,7b0ae2e93de3ae85db23160947ef34ba7b2c5296c61330b0e5bd242a94873260,sentinel2,1528a173ef237a38822e11779f2d195de78f78d2a64390c431fdb8256bf87a46,COPERNICUS/S2_SR_HARMONIZED/20230816T041551_20230816T041720_T47SKS,None,1692160163673,2023-08-25,2023-07-26,2023
AOI-02,ffcd445586dcd3b933d48bcc1cbd5c7c04e40be18f8c37915aa1d54e8887a72f,COPERNICUS/S2_SR_HARMONIZED,2023-08-21T04:29:25.025000+00:00,71.045983,,b21c8cc7f3d4d35e1db4dfa1c8245ff10ba657c0a0a001992b552808766cc49b,True,source-scenes-v1,46SGB,2023-08-10,Sentinel-2,05.09,05.09,S2B_MSIL2A_20230821T041549_N0509_R090_T46SGB_20230821T073200,HARMONIZED,7b0ae2e93de3ae85db23160947ef34ba7b2c5296c61330b0e5bd242a94873260,sentinel2,1528a173ef237a38822e11779f2d195de78f78d2a64390c431fdb8256bf87a46,COPERNICUS/S2_SR_HARMONIZED/20230821T041549_20230821T041657_T46SGB,None,1692592165025,2023-08-25,2023-07-26,2023
AOI-02,ffcd445586dcd3b933d48bcc1cbd5c7c04e40be18f8c37915aa1d54e8887a72f,COPERNICUS/S2_SR_HARMONIZED,2023-08-21T04:29:22.803000+00:00,56.484187,,b21c8cc7f3d4d35e1db4dfa1c8245ff10ba657c0a0a001992b552808766cc49b,True,source-scenes-v1,47SKS,2023-08-10,Sentinel-2,05.09,05.09,S2B_MSIL2A_20230821T041549_N0509_R090_T47SKS_20230821T073200,HARMONIZED,7b0ae2e93de3ae85db23160947ef34ba7b2c5296c61330b0e5bd242a94873260,sentinel2,1528a173ef237a38822e11779f2d195de78f78d2a64390c431fdb8256bf87a46,COPERNICUS/S2_SR_HARMONIZED/20230821T041549_20230821T041657_T47SKS,None,1692592162803,2023-08-25,2023-07-26,2023
AOI-02,ffcd445586dcd3b933d48bcc1cbd5c7c04e40be18f8c37915aa1d54e8887a72f,COPERNICUS/S2_SR_HARMONIZED,2024-07-11T04:29:23.116000+00:00,43.335894,,b21c8cc7f3d4d35e1db4dfa1c8245ff10ba657c0a0a001992b552808766cc49b,True,source-scenes-v1,46SGB,2024-07-20,Sentinel-2,05.10,05.10,S2A_MSIL2A_20240711T041551_N0510_R090_T46SGB_20240711T090553,HARMONIZED,2646d0bb4da3b39ceb0edb8f53f101898ea4e20eceee59496df11cddd6f902f7,sentinel2,1f3e631c0c6718f797760bb3f429b67277b85f858b528d0383b7da9a6cfb63ca,COPERNICUS/S2_SR_HARMONIZED/20240711T041551_20240711T042049_T46SGB,None,1720672163116,2024-08-04,2024-07-05,2024
AOI-02,ffcd445586dcd3b933d48bcc1cbd5c7c04e40be18f8c37915aa1d54e8887a72f,COPERNICUS/S2_SR_HARMONIZED,2024-07-11T04:29:20.896000+00:00,61.195672,,b21c8cc7f3d4d35e1db4dfa1c8245ff10ba657c0a0a001992b552808766cc49b,True,source-scenes-v1,47SKS,2024-07-20,Sentinel-2,05.10,05.10,S2A_MSIL2A_20240711T041551_N0510_R090_T47SKS_20240711T090553,HARMONIZED,2646d0bb4da3b39ceb0edb8f53f101898ea4e20eceee59496df11cddd6f902f7,sentinel2,1f3e631c0c6718f797760bb3f429b67277b85f858b528d0383b7da9a6cfb63ca,COPERNICUS/S2_SR_HARMONIZED/20240711T041551_20240711T042049_T47SKS,None,1720672160896,2024-08-04,2024-07-05,2024
AOI-02,ffcd445586dcd3b933d48bcc1cbd5c7c04e40be18f8c37915aa1d54e8887a72f,COPERNICUS/S2_SR_HARMONIZED,2024-07-16T04:29:23.250000+00:00,46.630734,,b21c8cc7f3d4d35e1db4dfa1c8245ff10ba657c0a0a001992b552808766cc49b,True,source-scenes-v1,46SGB,2024-07-20,Sentinel-2,05.10,05.10,S2B_MSIL2A_20240716T041549_N0510_R090_T46SGB_20240716T064222,HARMONIZED,2646d0bb4da3b39ceb0edb8f53f101898ea4e20eceee59496df11cddd6f902f7,sentinel2,1f3e631c0c6718f797760bb3f429b67277b85f858b528d0383b7da9a6cfb63ca,COPERNICUS/S2_SR_HARMONIZED/20240716T041549_20240716T042810_T46SGB,None,1721104163250,2024-08-04,2024-07-05,2024
AOI-02,ffcd445586dcd3b933d48bcc1cbd5c7c04e40be18f8c37915aa1d54e8887a72f,COPERNICUS/S2_SR_HARMONIZED,2024-07-16T04:29:21.029000+00:00,59.042555,,b21c8cc7f3d4d35e1db4dfa1c8245ff10ba657c0a0a001992b552808766cc49b,True,source-scenes-v1,47SKS,2024-07-20,Sentinel-2,05.10,05.10,S2B_MSIL2A_20240716T041549_N0510_R090_T47SKS_20240716T064222,HARMONIZED,2646d0bb4da3b39ceb0edb8f53f101898ea4e20eceee59496df11cddd6f902f7,sentinel2,1f3e631c0c6718f797760bb3f429b67277b85f858b528d0383b7da9a6cfb63ca,COPERNICUS/S2_SR_HARMONIZED/20240716T041549_20240716T042810_T47SKS,None,1721104161029,2024-08-04,2024-07-05,2024
AOI-02,ffcd445586dcd3b933d48bcc1cbd5c7c04e40be18f8c37915aa1d54e8887a72f,COPERNICUS/S2_SR_HARMONIZED,2024-07-21T04:29:21.563000+00:00,73.843968,,b21c8cc7f3d4d35e1db4dfa1c8245ff10ba657c0a0a001992b552808766cc49b,True,source-scenes-v1,46SGB,2024-07-20,Sentinel-2,05.10,05.10,S2A_MSIL2A_20240721T041551_N0510_R090_T46SGB_20240721T074558,HARMONIZED,2646d0bb4da3b39ceb0edb8f53f101898ea4e20eceee59496df11cddd6f902f7,sentinel2,1f3e631c0c6718f797760bb3f429b67277b85f858b528d0383b7da9a6cfb63ca,COPERNICUS/S2_SR_HARMONIZED/20240721T041551_20240721T042620_T46SGB,None,1721536161563,2024-08-04,2024-07-05,2024
AOI-02,ffcd445586dcd3b933d48bcc1cbd5c7c04e40be18f8c37915aa1d54e8887a72f,COPERNICUS/S2_SR_HARMONIZED,2024-07-31T04:29:22.799000+00:00,7.560389,,b21c8cc7f3d4d35e1db4dfa1c8245ff10ba657c0a0a001992b552808766cc49b,True,source-scenes-v1,46SGB,2024-07-20,Sentinel-2,05.11,05.11,S2A_MSIL2A_20240731T041551_N0511_R090_T46SGB_20240731T100155,HARMONIZED,2646d0bb4da3b39ceb0edb8f53f101898ea4e20eceee59496df11cddd6f902f7,sentinel2,1f3e631c0c6718f797760bb3f429b67277b85f858b528d0383b7da9a6cfb63ca,COPERNICUS/S2_SR_HARMONIZED/20240731T041551_20240731T042401_T46SGB,None,1722400162799,2024-08-04,2024-07-05,2024
AOI-02,ffcd445586dcd3b933d48bcc1cbd5c7c04e40be18f8c37915aa1d54e8887a72f,COPERNICUS/S2_SR_HARMONIZED,2024-07-31T04:29:20.577000+00:00,7.476421,,b21c8cc7f3d4d35e1db4dfa1c8245ff10ba657c0a0a001992b552808766cc49b,True,source-scenes-v1,47SKS,2024-07-20,Sentinel-2,05.11,05.11,S2A_MSIL2A_20240731T041551_N0511_R090_T47SKS_20240731T100155,HARMONIZED,2646d0bb4da3b39ceb0edb8f53f101898ea4e20eceee59496df11cddd6f902f7,sentinel2,1f3e631c0c6718f797760bb3f429b67277b85f858b528d0383b7da9a6cfb63ca,COPERNICUS/S2_SR_HARMONIZED/20240731T041551_20240731T042401_T47SKS,None,1722400160577,2024-08-04,2024-07-05,2024
AOI-02,ffcd445586dcd3b933d48bcc1cbd5c7c04e40be18f8c37915aa1d54e8887a72f,COPERNICUS/S2_SR_HARMONIZED,2024-08-05T04:29:22.466000+00:00,37.365606,OUTSIDE_NOMINAL_WINDOW,b21c8cc7f3d4d35e1db4dfa1c8245ff10ba657c0a0a001992b552808766cc49b,False,source-scenes-v1,46SGB,2024-07-20,Sentinel-2,05.11,05.11,S2B_MSIL2A_20240805T041549_N0511_R090_T46SGB_20240805T082500,HARMONIZED,2646d0bb4da3b39ceb0edb8f53f101898ea4e20eceee59496df11cddd6f902f7,sentinel2,1f3e631c0c6718f797760bb3f429b67277b85f858b528d0383b7da9a6cfb63ca,COPERNICUS/S2_SR_HARMONIZED/20240805T041549_20240805T042758_T46SGB,None,1722832162466,2024-08-04,2024-07-05,2024
AOI-02,ffcd445586dcd3b933d48bcc1cbd5c7c04e40be18f8c37915aa1d54e8887a72f,COPERNICUS/S2_SR_HARMONIZED,2024-08-05T04:29:20.245000+00:00,22.805807,OUTSIDE_NOMINAL_WINDOW,b21c8cc7f3d4d35e1db4dfa1c8245ff10ba657c0a0a001992b552808766cc49b,False,source-scenes-v1,47SKS,2024-07-20,Sentinel-2,05.11,05.11,S2B_MSIL2A_20240805T041549_N0511_R090_T47SKS_20240805T082500,HARMONIZED,2646d0bb4da3b39ceb0edb8f53f101898ea4e20eceee59496df11cddd6f902f7,sentinel2,1f3e631c0c6718f797760bb3f429b67277b85f858b528d0383b7da9a6cfb63ca,COPERNICUS/S2_SR_HARMONIZED/20240805T041549_20240805T042758_T47SKS,None,1722832160245,2024-08-04,2024-07-05,2024
AOI-02,ffcd445586dcd3b933d48bcc1cbd5c7c04e40be18f8c37915aa1d54e8887a72f,COPERNICUS/S2_SR_HARMONIZED,2024-08-10T04:29:21.349000+00:00,59.316605,OUTSIDE_NOMINAL_WINDOW,b21c8cc7f3d4d35e1db4dfa1c8245ff10ba657c0a0a001992b552808766cc49b,False,source-scenes-v1,46SGB,2024-07-20,Sentinel-2,05.11,05.11,S2A_MSIL2A_20240810T041551_N0511_R090_T46SGB_20240810T093151,HARMONIZED,2646d0bb4da3b39ceb0edb8f53f101898ea4e20eceee59496df11cddd6f902f7,sentinel2,1f3e631c0c6718f797760bb3f429b67277b85f858b528d0383b7da9a6cfb63ca,COPERNICUS/S2_SR_HARMONIZED/20240810T041551_20240810T041903_T46SGB,None,1723264161349,2024-08-04,2024-07-05,2024
AOI-02,ffcd445586dcd3b933d48bcc1cbd5c7c04e40be18f8c37915aa1d54e8887a72f,COPERNICUS/S2_SR_HARMONIZED,2024-08-10T04:29:19.129000+00:00,24.737708,OUTSIDE_NOMINAL_WINDOW,b21c8cc7f3d4d35e1db4dfa1c8245ff10ba657c0a0a001992b552808766cc49b,False,source-scenes-v1,47SKS,2024-07-20,Sentinel-2,05.11,05.11,S2A_MSIL2A_20240810T041551_N0511_R090_T47SKS_20240810T093151,HARMONIZED,2646d0bb4da3b39ceb0edb8f53f101898ea4e20eceee59496df11cddd6f902f7,sentinel2,1f3e631c0c6718f797760bb3f429b67277b85f858b528d0383b7da9a6cfb63ca,COPERNICUS/S2_SR_HARMONIZED/20240810T041551_20240810T041903_T47SKS,None,1723264159129,2024-08-04,2024-07-05,2024
AOI-02,ffcd445586dcd3b933d48bcc1cbd5c7c04e40be18f8c37915aa1d54e8887a72f,COPERNICUS/S2_SR_HARMONIZED,2024-08-15T04:29:23.857000+00:00,19.483456,OUTSIDE_NOMINAL_WINDOW,b21c8cc7f3d4d35e1db4dfa1c8245ff10ba657c0a0a001992b552808766cc49b,False,source-scenes-v1,46SGB,2024-07-20,Sentinel-2,05.11,05.11,S2B_MSIL2A_20240815T041549_N0511_R090_T46SGB_20240815T073944,HARMONIZED,2646d0bb4da3b39ceb0edb8f53f101898ea4e20eceee59496df11cddd6f902f7,sentinel2,1f3e631c0c6718f797760bb3f429b67277b85f858b528d0383b7da9a6cfb63ca,COPERNICUS/S2_SR_HARMONIZED/20240815T041549_20240815T041833_T46SGB,None,1723696163857,2024-08-04,2024-07-05,2024
AOI-02,ffcd445586dcd3b933d48bcc1cbd5c7c04e40be18f8c37915aa1d54e8887a72f,COPERNICUS/S2_SR_HARMONIZED,2024-08-15T04:29:21.635000+00:00,39.194453,OUTSIDE_NOMINAL_WINDOW,b21c8cc7f3d4d35e1db4dfa1c8245ff10ba657c0a0a001992b552808766cc49b,False,source-scenes-v1,47SKS,2024-07-20,Sentinel-2,05.11,05.11,S2B_MSIL2A_20240815T041549_N0511_R090_T47SKS_20240815T073944,HARMONIZED,2646d0bb4da3b39ceb0edb8f53f101898ea4e20eceee59496df11cddd6f902f7,sentinel2,1f3e631c0c6718f797760bb3f429b67277b85f858b528d0383b7da9a6cfb63ca,COPERNICUS/S2_SR_HARMONIZED/20240815T041549_20240815T041833_T47SKS,None,1723696161635,2024-08-04,2024-07-05,2024
AOI-02,ffcd445586dcd3b933d48bcc1cbd5c7c04e40be18f8c37915aa1d54e8887a72f,COPERNICUS/S2_SR_HARMONIZED,2024-08-20T04:29:19.082000+00:00,12.864403,OUTSIDE_NOMINAL_WINDOW,b21c8cc7f3d4d35e1db4dfa1c8245ff10ba657c0a0a001992b552808766cc49b,False,source-scenes-v1,46SGB,2024-07-20,Sentinel-2,05.11,05.11,S2A_MSIL2A_20240820T041551_N0511_R090_T46SGB_20240820T091953,HARMONIZED,2646d0bb4da3b39ceb0edb8f53f101898ea4e20eceee59496df11cddd6f902f7,sentinel2,1f3e631c0c6718f797760bb3f429b67277b85f858b528d0383b7da9a6cfb63ca,COPERNICUS/S2_SR_HARMONIZED/20240820T041551_20240820T042009_T46SGB,None,1724128159082,2024-08-04,2024-07-05,2024
AOI-02,ffcd445586dcd3b933d48bcc1cbd5c7c04e40be18f8c37915aa1d54e8887a72f,COPERNICUS/S2_SR_HARMONIZED,2024-08-20T04:29:16.864000+00:00,13.727254,OUTSIDE_NOMINAL_WINDOW,b21c8cc7f3d4d35e1db4dfa1c8245ff10ba657c0a0a001992b552808766cc49b,False,source-scenes-v1,47SKS,2024-07-20,Sentinel-2,05.11,05.11,S2A_MSIL2A_20240820T041551_N0511_R090_T47SKS_20240820T091953,HARMONIZED,2646d0bb4da3b39ceb0edb8f53f101898ea4e20eceee59496df11cddd6f902f7,sentinel2,1f3e631c0c6718f797760bb3f429b67277b85f858b528d0383b7da9a6cfb63ca,COPERNICUS/S2_SR_HARMONIZED/20240820T041551_20240820T042009_T47SKS,None,1724128156864,2024-08-04,2024-07-05,2024
AOI-02,ffcd445586dcd3b933d48bcc1cbd5c7c04e40be18f8c37915aa1d54e8887a72f,COPERNICUS/S2_SR_HARMONIZED,2024-08-25T04:29:20.714000+00:00,6.186187,OUTSIDE_NOMINAL_WINDOW,b21c8cc7f3d4d35e1db4dfa1c8245ff10ba657c0a0a001992b552808766cc49b,False,source-scenes-v1,46SGB,2024-07-20,Sentinel-2,05.11,05.11,S2B_MSIL2A_20240825T041549_N0511_R090_T46SGB_20240825T073526,HARMONIZED,2646d0bb4da3b39ceb0edb8f53f101898ea4e20eceee59496df11cddd6f902f7,sentinel2,1f3e631c0c6718f797760bb3f429b67277b85f858b528d0383b7da9a6cfb63ca,COPERNICUS/S2_SR_HARMONIZED/20240825T041549_20240825T041812_T46SGB,None,1724560160714,2024-08-04,2024-07-05,2024
AOI-02,ffcd445586dcd3b933d48bcc1cbd5c7c04e40be18f8c37915aa1d54e8887a72f,COPERNICUS/S2_SR_HARMONIZED,2024-08-25T04:29:18.496000+00:00,12.410085,OUTSIDE_NOMINAL_WINDOW,b21c8cc7f3d4d35e1db4dfa1c8245ff10ba657c0a0a001992b552808766cc49b,False,source-scenes-v1,47SKS,2024-07-20,Sentinel-2,05.11,05.11,S2B_MSIL2A_20240825T041549_N0511_R090_T47SKS_20240825T073526,HARMONIZED,2646d0bb4da3b39ceb0edb8f53f101898ea4e20eceee59496df11cddd6f902f7,sentinel2,1f3e631c0c6718f797760bb3f429b67277b85f858b528d0383b7da9a6cfb63ca,COPERNICUS/S2_SR_HARMONIZED/20240825T041549_20240825T041812_T47SKS,None,1724560158496,2024-08-04,2024-07-05,2024
AOI-02,ffcd445586dcd3b933d48bcc1cbd5c7c04e40be18f8c37915aa1d54e8887a72f,COPERNICUS/S2_SR_HARMONIZED,2024-07-11T04:29:23.116000+00:00,43.335894,OUTSIDE_NOMINAL_WINDOW,b21c8cc7f3d4d35e1db4dfa1c8245ff10ba657c0a0a001992b552808766cc49b,False,source-scenes-v1,46SGB,2024-07-31,Sentinel-2,05.10,05.10,S2A_MSIL2A_20240711T041551_N0510_R090_T46SGB_20240711T090553,HARMONIZED,308342fec662ff8c929e29b1eeb8bee4b3402e1b048f8577714b5788aa29f515,sentinel2,6e6329d1dd4062e9032ee9ede781fca774d8d0ee39754ba7dea77b5e210aa4bb,COPERNICUS/S2_SR_HARMONIZED/20240711T041551_20240711T042049_T46SGB,None,1720672163116,2024-08-15,2024-07-16,2024
AOI-02,ffcd445586dcd3b933d48bcc1cbd5c7c04e40be18f8c37915aa1d54e8887a72f,COPERNICUS/S2_SR_HARMONIZED,2024-07-11T04:29:20.896000+00:00,61.195672,OUTSIDE_NOMINAL_WINDOW,b21c8cc7f3d4d35e1db4dfa1c8245ff10ba657c0a0a001992b552808766cc49b,False,source-scenes-v1,47SKS,2024-07-31,Sentinel-2,05.10,05.10,S2A_MSIL2A_20240711T041551_N0510_R090_T47SKS_20240711T090553,HARMONIZED,308342fec662ff8c929e29b1eeb8bee4b3402e1b048f8577714b5788aa29f515,sentinel2,6e6329d1dd4062e9032ee9ede781fca774d8d0ee39754ba7dea77b5e210aa4bb,COPERNICUS/S2_SR_HARMONIZED/20240711T041551_20240711T042049_T47SKS,None,1720672160896,2024-08-15,2024-07-16,2024
AOI-02,ffcd445586dcd3b933d48bcc1cbd5c7c04e40be18f8c37915aa1d54e8887a72f,COPERNICUS/S2_SR_HARMONIZED,2024-07-16T04:29:23.250000+00:00,46.630734,,b21c8cc7f3d4d35e1db4dfa1c8245ff10ba657c0a0a001992b552808766cc49b,True,source-scenes-v1,46SGB,2024-07-31,Sentinel-2,05.10,05.10,S2B_MSIL2A_20240716T041549_N0510_R090_T46SGB_20240716T064222,HARMONIZED,308342fec662ff8c929e29b1eeb8bee4b3402e1b048f8577714b5788aa29f515,sentinel2,6e6329d1dd4062e9032ee9ede781fca774d8d0ee39754ba7dea77b5e210aa4bb,COPERNICUS/S2_SR_HARMONIZED/20240716T041549_20240716T042810_T46SGB,None,1721104163250,2024-08-15,2024-07-16,2024
AOI-02,ffcd445586dcd3b933d48bcc1cbd5c7c04e40be18f8c37915aa1d54e8887a72f,COPERNICUS/S2_SR_HARMONIZED,2024-07-16T04:29:21.029000+00:00,59.042555,,b21c8cc7f3d4d35e1db4dfa1c8245ff10ba657c0a0a001992b552808766cc49b,True,source-scenes-v1,47SKS,2024-07-31,Sentinel-2,05.10,05.10,S2B_MSIL2A_20240716T041549_N0510_R090_T47SKS_20240716T064222,HARMONIZED,308342fec662ff8c929e29b1eeb8bee4b3402e1b048f8577714b5788aa29f515,sentinel2,6e6329d1dd4062e9032ee9ede781fca774d8d0ee39754ba7dea77b5e210aa4bb,COPERNICUS/S2_SR_HARMONIZED/20240716T041549_20240716T042810_T47SKS,None,1721104161029,2024-08-15,2024-07-16,2024
AOI-02,ffcd445586dcd3b933d48bcc1cbd5c7c04e40be18f8c37915aa1d54e8887a72f,COPERNICUS/S2_SR_HARMONIZED,2024-07-21T04:29:21.563000+00:00,73.843968,,b21c8cc7f3d4d35e1db4dfa1c8245ff10ba657c0a0a001992b552808766cc49b,True,source-scenes-v1,46SGB,2024-07-31,Sentinel-2,05.10,05.10,S2A_MSIL2A_20240721T041551_N0510_R090_T46SGB_20240721T074558,HARMONIZED,308342fec662ff8c929e29b1eeb8bee4b3402e1b048f8577714b5788aa29f515,sentinel2,6e6329d1dd4062e9032ee9ede781fca774d8d0ee39754ba7dea77b5e210aa4bb,COPERNICUS/S2_SR_HARMONIZED/20240721T041551_20240721T042620_T46SGB,None,1721536161563,2024-08-15,2024-07-16,2024
AOI-02,ffcd445586dcd3b933d48bcc1cbd5c7c04e40be18f8c37915aa1d54e8887a72f,COPERNICUS/S2_SR_HARMONIZED,2024-07-31T04:29:22.799000+00:00,7.560389,,b21c8cc7f3d4d35e1db4dfa1c8245ff10ba657c0a0a001992b552808766cc49b,True,source-scenes-v1,46SGB,2024-07-31,Sentinel-2,05.11,05.11,S2A_MSIL2A_20240731T041551_N0511_R090_T46SGB_20240731T100155,HARMONIZED,308342fec662ff8c929e29b1eeb8bee4b3402e1b048f8577714b5788aa29f515,sentinel2,6e6329d1dd4062e9032ee9ede781fca774d8d0ee39754ba7dea77b5e210aa4bb,COPERNICUS/S2_SR_HARMONIZED/20240731T041551_20240731T042401_T46SGB,None,1722400162799,2024-08-15,2024-07-16,2024
AOI-02,ffcd445586dcd3b933d48bcc1cbd5c7c04e40be18f8c37915aa1d54e8887a72f,COPERNICUS/S2_SR_HARMONIZED,2024-07-31T04:29:20.577000+00:00,7.476421,,b21c8cc7f3d4d35e1db4dfa1c8245ff10ba657c0a0a001992b552808766cc49b,True,source-scenes-v1,47SKS,2024-07-31,Sentinel-2,05.11,05.11,S2A_MSIL2A_20240731T041551_N0511_R090_T47SKS_20240731T100155,HARMONIZED,308342fec662ff8c929e29b1eeb8bee4b3402e1b048f8577714b5788aa29f515,sentinel2,6e6329d1dd4062e9032ee9ede781fca774d8d0ee39754ba7dea77b5e210aa4bb,COPERNICUS/S2_SR_HARMONIZED/20240731T041551_20240731T042401_T47SKS,None,1722400160577,2024-08-15,2024-07-16,2024
AOI-02,ffcd445586dcd3b933d48bcc1cbd5c7c04e40be18f8c37915aa1d54e8887a72f,COPERNICUS/S2_SR_HARMONIZED,2024-08-05T04:29:22.466000+00:00,37.365606,,b21c8cc7f3d4d35e1db4dfa1c8245ff10ba657c0a0a001992b552808766cc49b,True,source-scenes-v1,46SGB,2024-07-31,Sentinel-2,05.11,05.11,S2B_MSIL2A_20240805T041549_N0511_R090_T46SGB_20240805T082500,HARMONIZED,308342fec662ff8c929e29b1eeb8bee4b3402e1b048f8577714b5788aa29f515,sentinel2,6e6329d1dd4062e9032ee9ede781fca774d8d0ee39754ba7dea77b5e210aa4bb,COPERNICUS/S2_SR_HARMONIZED/20240805T041549_20240805T042758_T46SGB,None,1722832162466,2024-08-15,2024-07-16,2024
AOI-02,ffcd445586dcd3b933d48bcc1cbd5c7c04e40be18f8c37915aa1d54e8887a72f,COPERNICUS/S2_SR_HARMONIZED,2024-08-05T04:29:20.245000+00:00,22.805807,,b21c8cc7f3d4d35e1db4dfa1c8245ff10ba657c0a0a001992b552808766cc49b,True,source-scenes-v1,47SKS,2024-07-31,Sentinel-2,05.11,05.11,S2B_MSIL2A_20240805T041549_N0511_R090_T47SKS_20240805T082500,HARMONIZED,308342fec662ff8c929e29b1eeb8bee4b3402e1b048f8577714b5788aa29f515,sentinel2,6e6329d1dd4062e9032ee9ede781fca774d8d0ee39754ba7dea77b5e210aa4bb,COPERNICUS/S2_SR_HARMONIZED/20240805T041549_20240805T042758_T47SKS,None,1722832160245,2024-08-15,2024-07-16,2024
AOI-02,ffcd445586dcd3b933d48bcc1cbd5c7c04e40be18f8c37915aa1d54e8887a72f,COPERNICUS/S2_SR_HARMONIZED,2024-08-10T04:29:21.349000+00:00,59.316605,,b21c8cc7f3d4d35e1db4dfa1c8245ff10ba657c0a0a001992b552808766cc49b,True,source-scenes-v1,46SGB,2024-07-31,Sentinel-2,05.11,05.11,S2A_MSIL2A_20240810T041551_N0511_R090_T46SGB_20240810T093151,HARMONIZED,308342fec662ff8c929e29b1eeb8bee4b3402e1b048f8577714b5788aa29f515,sentinel2,6e6329d1dd4062e9032ee9ede781fca774d8d0ee39754ba7dea77b5e210aa4bb,COPERNICUS/S2_SR_HARMONIZED/20240810T041551_20240810T041903_T46SGB,None,1723264161349,2024-08-15,2024-07-16,2024
AOI-02,ffcd445586dcd3b933d48bcc1cbd5c7c04e40be18f8c37915aa1d54e8887a72f,COPERNICUS/S2_SR_HARMONIZED,2024-08-10T04:29:19.129000+00:00,24.737708,,b21c8cc7f3d4d35e1db4dfa1c8245ff10ba657c0a0a001992b552808766cc49b,True,source-scenes-v1,47SKS,2024-07-31,Sentinel-2,05.11,05.11,S2A_MSIL2A_20240810T041551_N0511_R090_T47SKS_20240810T093151,HARMONIZED,308342fec662ff8c929e29b1eeb8bee4b3402e1b048f8577714b5788aa29f515,sentinel2,6e6329d1dd4062e9032ee9ede781fca774d8d0ee39754ba7dea77b5e210aa4bb,COPERNICUS/S2_SR_HARMONIZED/20240810T041551_20240810T041903_T47SKS,None,1723264159129,2024-08-15,2024-07-16,2024
AOI-02,ffcd445586dcd3b933d48bcc1cbd5c7c04e40be18f8c37915aa1d54e8887a72f,COPERNICUS/S2_SR_HARMONIZED,2024-08-15T04:29:23.857000+00:00,19.483456,,b21c8cc7f3d4d35e1db4dfa1c8245ff10ba657c0a0a001992b552808766cc49b,True,source-scenes-v1,46SGB,2024-07-31,Sentinel-2,05.11,05.11,S2B_MSIL2A_20240815T041549_N0511_R090_T46SGB_20240815T073944,HARMONIZED,308342fec662ff8c929e29b1eeb8bee4b3402e1b048f8577714b5788aa29f515,sentinel2,6e6329d1dd4062e9032ee9ede781fca774d8d0ee39754ba7dea77b5e210aa4bb,COPERNICUS/S2_SR_HARMONIZED/20240815T041549_20240815T041833_T46SGB,None,1723696163857,2024-08-15,2024-07-16,2024
AOI-02,ffcd445586dcd3b933d48bcc1cbd5c7c04e40be18f8c37915aa1d54e8887a72f,COPERNICUS/S2_SR_HARMONIZED,2024-08-15T04:29:21.635000+00:00,39.194453,,b21c8cc7f3d4d35e1db4dfa1c8245ff10ba657c0a0a001992b552808766cc49b,True,source-scenes-v1,47SKS,2024-07-31,Sentinel-2,05.11,05.11,S2B_MSIL2A_20240815T041549_N0511_R090_T47SKS_20240815T073944,HARMONIZED,308342fec662ff8c929e29b1eeb8bee4b3402e1b048f8577714b5788aa29f515,sentinel2,6e6329d1dd4062e9032ee9ede781fca774d8d0ee39754ba7dea77b5e210aa4bb,COPERNICUS/S2_SR_HARMONIZED/20240815T041549_20240815T041833_T47SKS,None,1723696161635,2024-08-15,2024-07-16,2024
AOI-02,ffcd445586dcd3b933d48bcc1cbd5c7c04e40be18f8c37915aa1d54e8887a72f,COPERNICUS/S2_SR_HARMONIZED,2024-08-20T04:29:19.082000+00:00,12.864403,OUTSIDE_NOMINAL_WINDOW,b21c8cc7f3d4d35e1db4dfa1c8245ff10ba657c0a0a001992b552808766cc49b,False,source-scenes-v1,46SGB,2024-07-31,Sentinel-2,05.11,05.11,S2A_MSIL2A_20240820T041551_N0511_R090_T46SGB_20240820T091953,HARMONIZED,308342fec662ff8c929e29b1eeb8bee4b3402e1b048f8577714b5788aa29f515,sentinel2,6e6329d1dd4062e9032ee9ede781fca774d8d0ee39754ba7dea77b5e210aa4bb,COPERNICUS/S2_SR_HARMONIZED/20240820T041551_20240820T042009_T46SGB,None,1724128159082,2024-08-15,2024-07-16,2024
AOI-02,ffcd445586dcd3b933d48bcc1cbd5c7c04e40be18f8c37915aa1d54e8887a72f,COPERNICUS/S2_SR_HARMONIZED,2024-08-20T04:29:16.864000+00:00,13.727254,OUTSIDE_NOMINAL_WINDOW,b21c8cc7f3d4d35e1db4dfa1c8245ff10ba657c0a0a001992b552808766cc49b,False,source-scenes-v1,47SKS,2024-07-31,Sentinel-2,05.11,05.11,S2A_MSIL2A_20240820T041551_N0511_R090_T47SKS_20240820T091953,HARMONIZED,308342fec662ff8c929e29b1eeb8bee4b3402e1b048f8577714b5788aa29f515,sentinel2,6e6329d1dd4062e9032ee9ede781fca774d8d0ee39754ba7dea77b5e210aa4bb,COPERNICUS/S2_SR_HARMONIZED/20240820T041551_20240820T042009_T47SKS,None,1724128156864,2024-08-15,2024-07-16,2024
AOI-02,ffcd445586dcd3b933d48bcc1cbd5c7c04e40be18f8c37915aa1d54e8887a72f,COPERNICUS/S2_SR_HARMONIZED,2024-08-25T04:29:20.714000+00:00,6.186187,OUTSIDE_NOMINAL_WINDOW,b21c8cc7f3d4d35e1db4dfa1c8245ff10ba657c0a0a001992b552808766cc49b,False,source-scenes-v1,46SGB,2024-07-31,Sentinel-2,05.11,05.11,S2B_MSIL2A_20240825T041549_N0511_R090_T46SGB_20240825T073526,HARMONIZED,308342fec662ff8c929e29b1eeb8bee4b3402e1b048f8577714b5788aa29f515,sentinel2,6e6329d1dd4062e9032ee9ede781fca774d8d0ee39754ba7dea77b5e210aa4bb,COPERNICUS/S2_SR_HARMONIZED/20240825T041549_20240825T041812_T46SGB,None,1724560160714,2024-08-15,2024-07-16,2024
AOI-02,ffcd445586dcd3b933d48bcc1cbd5c7c04e40be18f8c37915aa1d54e8887a72f,COPERNICUS/S2_SR_HARMONIZED,2024-08-25T04:29:18.496000+00:00,12.410085,OUTSIDE_NOMINAL_WINDOW,b21c8cc7f3d4d35e1db4dfa1c8245ff10ba657c0a0a001992b552808766cc49b,False,source-scenes-v1,47SKS,2024-07-31,Sentinel-2,05.11,05.11,S2B_MSIL2A_20240825T041549_N0511_R090_T47SKS_20240825T073526,HARMONIZED,308342fec662ff8c929e29b1eeb8bee4b3402e1b048f8577714b5788aa29f515,sentinel2,6e6329d1dd4062e9032ee9ede781fca774d8d0ee39754ba7dea77b5e210aa4bb,COPERNICUS/S2_SR_HARMONIZED/20240825T041549_20240825T041812_T47SKS,None,1724560158496,2024-08-15,2024-07-16,2024
AOI-02,ffcd445586dcd3b933d48bcc1cbd5c7c04e40be18f8c37915aa1d54e8887a72f,COPERNICUS/S2_SR_HARMONIZED,2024-07-11T04:29:23.116000+00:00,43.335894,OUTSIDE_NOMINAL_WINDOW,b21c8cc7f3d4d35e1db4dfa1c8245ff10ba657c0a0a001992b552808766cc49b,False,source-scenes-v1,46SGB,2024-08-10,Sentinel-2,05.10,05.10,S2A_MSIL2A_20240711T041551_N0510_R090_T46SGB_20240711T090553,HARMONIZED,029223b75f4fbe0d5cfd13dc14fb2ea8e037722bf460df472909d5d4b4941412,sentinel2,0bfdbd1337f533fac21a89d257d6be6a64e14764274ada9b9819a367616d8021,COPERNICUS/S2_SR_HARMONIZED/20240711T041551_20240711T042049_T46SGB,None,1720672163116,2024-08-25,2024-07-26,2024
AOI-02,ffcd445586dcd3b933d48bcc1cbd5c7c04e40be18f8c37915aa1d54e8887a72f,COPERNICUS/S2_SR_HARMONIZED,2024-07-11T04:29:20.896000+00:00,61.195672,OUTSIDE_NOMINAL_WINDOW,b21c8cc7f3d4d35e1db4dfa1c8245ff10ba657c0a0a001992b552808766cc49b,False,source-scenes-v1,47SKS,2024-08-10,Sentinel-2,05.10,05.10,S2A_MSIL2A_20240711T041551_N0510_R090_T47SKS_20240711T090553,HARMONIZED,029223b75f4fbe0d5cfd13dc14fb2ea8e037722bf460df472909d5d4b4941412,sentinel2,0bfdbd1337f533fac21a89d257d6be6a64e14764274ada9b9819a367616d8021,COPERNICUS/S2_SR_HARMONIZED/20240711T041551_20240711T042049_T47SKS,None,1720672160896,2024-08-25,2024-07-26,2024
AOI-02,ffcd445586dcd3b933d48bcc1cbd5c7c04e40be18f8c37915aa1d54e8887a72f,COPERNICUS/S2_SR_HARMONIZED,2024-07-16T04:29:23.250000+00:00,46.630734,OUTSIDE_NOMINAL_WINDOW,b21c8cc7f3d4d35e1db4dfa1c8245ff10ba657c0a0a001992b552808766cc49b,False,source-scenes-v1,46SGB,2024-08-10,Sentinel-2,05.10,05.10,S2B_MSIL2A_20240716T041549_N0510_R090_T46SGB_20240716T064222,HARMONIZED,029223b75f4fbe0d5cfd13dc14fb2ea8e037722bf460df472909d5d4b4941412,sentinel2,0bfdbd1337f533fac21a89d257d6be6a64e14764274ada9b9819a367616d8021,COPERNICUS/S2_SR_HARMONIZED/20240716T041549_20240716T042810_T46SGB,None,1721104163250,2024-08-25,2024-07-26,2024
AOI-02,ffcd445586dcd3b933d48bcc1cbd5c7c04e40be18f8c37915aa1d54e8887a72f,COPERNICUS/S2_SR_HARMONIZED,2024-07-16T04:29:21.029000+00:00,59.042555,OUTSIDE_NOMINAL_WINDOW,b21c8cc7f3d4d35e1db4dfa1c8245ff10ba657c0a0a001992b552808766cc49b,False,source-scenes-v1,47SKS,2024-08-10,Sentinel-2,05.10,05.10,S2B_MSIL2A_20240716T041549_N0510_R090_T47SKS_20240716T064222,HARMONIZED,029223b75f4fbe0d5cfd13dc14fb2ea8e037722bf460df472909d5d4b4941412,sentinel2,0bfdbd1337f533fac21a89d257d6be6a64e14764274ada9b9819a367616d8021,COPERNICUS/S2_SR_HARMONIZED/20240716T041549_20240716T042810_T47SKS,None,1721104161029,2024-08-25,2024-07-26,2024
AOI-02,ffcd445586dcd3b933d48bcc1cbd5c7c04e40be18f8c37915aa1d54e8887a72f,COPERNICUS/S2_SR_HARMONIZED,2024-07-21T04:29:21.563000+00:00,73.843968,OUTSIDE_NOMINAL_WINDOW,b21c8cc7f3d4d35e1db4dfa1c8245ff10ba657c0a0a001992b552808766cc49b,False,source-scenes-v1,46SGB,2024-08-10,Sentinel-2,05.10,05.10,S2A_MSIL2A_20240721T041551_N0510_R090_T46SGB_20240721T074558,HARMONIZED,029223b75f4fbe0d5cfd13dc14fb2ea8e037722bf460df472909d5d4b4941412,sentinel2,0bfdbd1337f533fac21a89d257d6be6a64e14764274ada9b9819a367616d8021,COPERNICUS/S2_SR_HARMONIZED/20240721T041551_20240721T042620_T46SGB,None,1721536161563,2024-08-25,2024-07-26,2024
AOI-02,ffcd445586dcd3b933d48bcc1cbd5c7c04e40be18f8c37915aa1d54e8887a72f,COPERNICUS/S2_SR_HARMONIZED,2024-07-31T04:29:22.799000+00:00,7.560389,,b21c8cc7f3d4d35e1db4dfa1c8245ff10ba657c0a0a001992b552808766cc49b,True,source-scenes-v1,46SGB,2024-08-10,Sentinel-2,05.11,05.11,S2A_MSIL2A_20240731T041551_N0511_R090_T46SGB_20240731T100155,HARMONIZED,029223b75f4fbe0d5cfd13dc14fb2ea8e037722bf460df472909d5d4b4941412,sentinel2,0bfdbd1337f533fac21a89d257d6be6a64e14764274ada9b9819a367616d8021,COPERNICUS/S2_SR_HARMONIZED/20240731T041551_20240731T042401_T46SGB,None,1722400162799,2024-08-25,2024-07-26,2024
AOI-02,ffcd445586dcd3b933d48bcc1cbd5c7c04e40be18f8c37915aa1d54e8887a72f,COPERNICUS/S2_SR_HARMONIZED,2024-07-31T04:29:20.577000+00:00,7.476421,,b21c8cc7f3d4d35e1db4dfa1c8245ff10ba657c0a0a001992b552808766cc49b,True,source-scenes-v1,47SKS,2024-08-10,Sentinel-2,05.11,05.11,S2A_MSIL2A_20240731T041551_N0511_R090_T47SKS_20240731T100155,HARMONIZED,029223b75f4fbe0d5cfd13dc14fb2ea8e037722bf460df472909d5d4b4941412,sentinel2,0bfdbd1337f533fac21a89d257d6be6a64e14764274ada9b9819a367616d8021,COPERNICUS/S2_SR_HARMONIZED/20240731T041551_20240731T042401_T47SKS,None,1722400160577,2024-08-25,2024-07-26,2024
AOI-02,ffcd445586dcd3b933d48bcc1cbd5c7c04e40be18f8c37915aa1d54e8887a72f,COPERNICUS/S2_SR_HARMONIZED,2024-08-05T04:29:22.466000+00:00,37.365606,,b21c8cc7f3d4d35e1db4dfa1c8245ff10ba657c0a0a001992b552808766cc49b,True,source-scenes-v1,46SGB,2024-08-10,Sentinel-2,05.11,05.11,S2B_MSIL2A_20240805T041549_N0511_R090_T46SGB_20240805T082500,HARMONIZED,029223b75f4fbe0d5cfd13dc14fb2ea8e037722bf460df472909d5d4b4941412,sentinel2,0bfdbd1337f533fac21a89d257d6be6a64e14764274ada9b9819a367616d8021,COPERNICUS/S2_SR_HARMONIZED/20240805T041549_20240805T042758_T46SGB,None,1722832162466,2024-08-25,2024-07-26,2024
AOI-02,ffcd445586dcd3b933d48bcc1cbd5c7c04e40be18f8c37915aa1d54e8887a72f,COPERNICUS/S2_SR_HARMONIZED,2024-08-05T04:29:20.245000+00:00,22.805807,,b21c8cc7f3d4d35e1db4dfa1c8245ff10ba657c0a0a001992b552808766cc49b,True,source-scenes-v1,47SKS,2024-08-10,Sentinel-2,05.11,05.11,S2B_MSIL2A_20240805T041549_N0511_R090_T47SKS_20240805T082500,HARMONIZED,029223b75f4fbe0d5cfd13dc14fb2ea8e037722bf460df472909d5d4b4941412,sentinel2,0bfdbd1337f533fac21a89d257d6be6a64e14764274ada9b9819a367616d8021,COPERNICUS/S2_SR_HARMONIZED/20240805T041549_20240805T042758_T47SKS,None,1722832160245,2024-08-25,2024-07-26,2024
AOI-02,ffcd445586dcd3b933d48bcc1cbd5c7c04e40be18f8c37915aa1d54e8887a72f,COPERNICUS/S2_SR_HARMONIZED,2024-08-10T04:29:21.349000+00:00,59.316605,,b21c8cc7f3d4d35e1db4dfa1c8245ff10ba657c0a0a001992b552808766cc49b,True,source-scenes-v1,46SGB,2024-08-10,Sentinel-2,05.11,05.11,S2A_MSIL2A_20240810T041551_N0511_R090_T46SGB_20240810T093151,HARMONIZED,029223b75f4fbe0d5cfd13dc14fb2ea8e037722bf460df472909d5d4b4941412,sentinel2,0bfdbd1337f533fac21a89d257d6be6a64e14764274ada9b9819a367616d8021,COPERNICUS/S2_SR_HARMONIZED/20240810T041551_20240810T041903_T46SGB,None,1723264161349,2024-08-25,2024-07-26,2024
AOI-02,ffcd445586dcd3b933d48bcc1cbd5c7c04e40be18f8c37915aa1d54e8887a72f,COPERNICUS/S2_SR_HARMONIZED,2024-08-10T04:29:19.129000+00:00,24.737708,,b21c8cc7f3d4d35e1db4dfa1c8245ff10ba657c0a0a001992b552808766cc49b,True,source-scenes-v1,47SKS,2024-08-10,Sentinel-2,05.11,05.11,S2A_MSIL2A_20240810T041551_N0511_R090_T47SKS_20240810T093151,HARMONIZED,029223b75f4fbe0d5cfd13dc14fb2ea8e037722bf460df472909d5d4b4941412,sentinel2,0bfdbd1337f533fac21a89d257d6be6a64e14764274ada9b9819a367616d8021,COPERNICUS/S2_SR_HARMONIZED/20240810T041551_20240810T041903_T47SKS,None,1723264159129,2024-08-25,2024-07-26,2024
AOI-02,ffcd445586dcd3b933d48bcc1cbd5c7c04e40be18f8c37915aa1d54e8887a72f,COPERNICUS/S2_SR_HARMONIZED,2024-08-15T04:29:23.857000+00:00,19.483456,,b21c8cc7f3d4d35e1db4dfa1c8245ff10ba657c0a0a001992b552808766cc49b,True,source-scenes-v1,46SGB,2024-08-10,Sentinel-2,05.11,05.11,S2B_MSIL2A_20240815T041549_N0511_R090_T46SGB_20240815T073944,HARMONIZED,029223b75f4fbe0d5cfd13dc14fb2ea8e037722bf460df472909d5d4b4941412,sentinel2,0bfdbd1337f533fac21a89d257d6be6a64e14764274ada9b9819a367616d8021,COPERNICUS/S2_SR_HARMONIZED/20240815T041549_20240815T041833_T46SGB,None,1723696163857,2024-08-25,2024-07-26,2024
AOI-02,ffcd445586dcd3b933d48bcc1cbd5c7c04e40be18f8c37915aa1d54e8887a72f,COPERNICUS/S2_SR_HARMONIZED,2024-08-15T04:29:21.635000+00:00,39.194453,,b21c8cc7f3d4d35e1db4dfa1c8245ff10ba657c0a0a001992b552808766cc49b,True,source-scenes-v1,47SKS,2024-08-10,Sentinel-2,05.11,05.11,S2B_MSIL2A_20240815T041549_N0511_R090_T47SKS_20240815T073944,HARMONIZED,029223b75f4fbe0d5cfd13dc14fb2ea8e037722bf460df472909d5d4b4941412,sentinel2,0bfdbd1337f533fac21a89d257d6be6a64e14764274ada9b9819a367616d8021,COPERNICUS/S2_SR_HARMONIZED/20240815T041549_20240815T041833_T47SKS,None,1723696161635,2024-08-25,2024-07-26,2024
AOI-02,ffcd445586dcd3b933d48bcc1cbd5c7c04e40be18f8c37915aa1d54e8887a72f,COPERNICUS/S2_SR_HARMONIZED,2024-08-20T04:29:19.082000+00:00,12.864403,,b21c8cc7f3d4d35e1db4dfa1c8245ff10ba657c0a0a001992b552808766cc49b,True,source-scenes-v1,46SGB,2024-08-10,Sentinel-2,05.11,05.11,S2A_MSIL2A_20240820T041551_N0511_R090_T46SGB_20240820T091953,HARMONIZED,029223b75f4fbe0d5cfd13dc14fb2ea8e037722bf460df472909d5d4b4941412,sentinel2,0bfdbd1337f533fac21a89d257d6be6a64e14764274ada9b9819a367616d8021,COPERNICUS/S2_SR_HARMONIZED/20240820T041551_20240820T042009_T46SGB,None,1724128159082,2024-08-25,2024-07-26,2024
AOI-02,ffcd445586dcd3b933d48bcc1cbd5c7c04e40be18f8c37915aa1d54e8887a72f,COPERNICUS/S2_SR_HARMONIZED,2024-08-20T04:29:16.864000+00:00,13.727254,,b21c8cc7f3d4d35e1db4dfa1c8245ff10ba657c0a0a001992b552808766cc49b,True,source-scenes-v1,47SKS,2024-08-10,Sentinel-2,05.11,05.11,S2A_MSIL2A_20240820T041551_N0511_R090_T47SKS_20240820T091953,HARMONIZED,029223b75f4fbe0d5cfd13dc14fb2ea8e037722bf460df472909d5d4b4941412,sentinel2,0bfdbd1337f533fac21a89d257d6be6a64e14764274ada9b9819a367616d8021,COPERNICUS/S2_SR_HARMONIZED/20240820T041551_20240820T042009_T47SKS,None,1724128156864,2024-08-25,2024-07-26,2024
AOI-02,ffcd445586dcd3b933d48bcc1cbd5c7c04e40be18f8c37915aa1d54e8887a72f,COPERNICUS/S2_SR_HARMONIZED,2024-08-25T04:29:20.714000+00:00,6.186187,,b21c8cc7f3d4d35e1db4dfa1c8245ff10ba657c0a0a001992b552808766cc49b,True,source-scenes-v1,46SGB,2024-08-10,Sentinel-2,05.11,05.11,S2B_MSIL2A_20240825T041549_N0511_R090_T46SGB_20240825T073526,HARMONIZED,029223b75f4fbe0d5cfd13dc14fb2ea8e037722bf460df472909d5d4b4941412,sentinel2,0bfdbd1337f533fac21a89d257d6be6a64e14764274ada9b9819a367616d8021,COPERNICUS/S2_SR_HARMONIZED/20240825T041549_20240825T041812_T46SGB,None,1724560160714,2024-08-25,2024-07-26,2024
AOI-02,ffcd445586dcd3b933d48bcc1cbd5c7c04e40be18f8c37915aa1d54e8887a72f,COPERNICUS/S2_SR_HARMONIZED,2024-08-25T04:29:18.496000+00:00,12.410085,,b21c8cc7f3d4d35e1db4dfa1c8245ff10ba657c0a0a001992b552808766cc49b,True,source-scenes-v1,47SKS,2024-08-10,Sentinel-2,05.11,05.11,S2B_MSIL2A_20240825T041549_N0511_R090_T47SKS_20240825T073526,HARMONIZED,029223b75f4fbe0d5cfd13dc14fb2ea8e037722bf460df472909d5d4b4941412,sentinel2,0bfdbd1337f533fac21a89d257d6be6a64e14764274ada9b9819a367616d8021,COPERNICUS/S2_SR_HARMONIZED/20240825T041549_20240825T041812_T47SKS,None,1724560158496,2024-08-25,2024-07-26,2024
AOI-02,ffcd445586dcd3b933d48bcc1cbd5c7c04e40be18f8c37915aa1d54e8887a72f,COPERNICUS/S2_SR_HARMONIZED,2025-07-06T04:29:42.816000+00:00,50.151736,,b21c8cc7f3d4d35e1db4dfa1c8245ff10ba657c0a0a001992b552808766cc49b,True,source-scenes-v1,46SGB,2025-07-20,Sentinel-2,05.11,05.11,S2C_MSIL2A_20250706T041611_N0511_R090_T46SGB_20250706T075617,HARMONIZED,61d5f645f079d4b5389d8aa2234bc3c23190a970c5e4b06138ec77a9745412ec,sentinel2,514286d13465d17abb8f5ca497564f820074e01d70131cf095a4fb752733a9a1,COPERNICUS/S2_SR_HARMONIZED/20250706T041611_20250706T041914_T46SGB,None,1751776182816,2025-08-04,2025-07-05,2025
AOI-02,ffcd445586dcd3b933d48bcc1cbd5c7c04e40be18f8c37915aa1d54e8887a72f,COPERNICUS/S2_SR_HARMONIZED,2025-07-06T04:29:40.587000+00:00,79.361486,,b21c8cc7f3d4d35e1db4dfa1c8245ff10ba657c0a0a001992b552808766cc49b,True,source-scenes-v1,47SKS,2025-07-20,Sentinel-2,05.11,05.11,S2C_MSIL2A_20250706T041611_N0511_R090_T47SKS_20250706T075617,HARMONIZED,61d5f645f079d4b5389d8aa2234bc3c23190a970c5e4b06138ec77a9745412ec,sentinel2,514286d13465d17abb8f5ca497564f820074e01d70131cf095a4fb752733a9a1,COPERNICUS/S2_SR_HARMONIZED/20250706T041611_20250706T041914_T47SKS,None,1751776180587,2025-08-04,2025-07-05,2025
AOI-02,ffcd445586dcd3b933d48bcc1cbd5c7c04e40be18f8c37915aa1d54e8887a72f,COPERNICUS/S2_SR_HARMONIZED,2025-07-08T04:29:38.874000+00:00,13.383737,,b21c8cc7f3d4d35e1db4dfa1c8245ff10ba657c0a0a001992b552808766cc49b,True,source-scenes-v1,46SGB,2025-07-20,Sentinel-2,05.11,05.11,S2A_MSIL2A_20250708T042221_N0511_R090_T46SGB_20250708T064920,HARMONIZED,61d5f645f079d4b5389d8aa2234bc3c23190a970c5e4b06138ec77a9745412ec,sentinel2,514286d13465d17abb8f5ca497564f820074e01d70131cf095a4fb752733a9a1,COPERNICUS/S2_SR_HARMONIZED/20250708T042221_20250708T042224_T46SGB,None,1751948978874,2025-08-04,2025-07-05,2025
AOI-02,ffcd445586dcd3b933d48bcc1cbd5c7c04e40be18f8c37915aa1d54e8887a72f,COPERNICUS/S2_SR_HARMONIZED,2025-07-08T04:29:36.650000+00:00,6.530184,,b21c8cc7f3d4d35e1db4dfa1c8245ff10ba657c0a0a001992b552808766cc49b,True,source-scenes-v1,47SKS,2025-07-20,Sentinel-2,05.11,05.11,S2A_MSIL2A_20250708T042221_N0511_R090_T47SKS_20250708T064920,HARMONIZED,61d5f645f079d4b5389d8aa2234bc3c23190a970c5e4b06138ec77a9745412ec,sentinel2,514286d13465d17abb8f5ca497564f820074e01d70131cf095a4fb752733a9a1,COPERNICUS/S2_SR_HARMONIZED/20250708T042221_20250708T042224_T47SKS,None,1751948976650,2025-08-04,2025-07-05,2025
AOI-02,ffcd445586dcd3b933d48bcc1cbd5c7c04e40be18f8c37915aa1d54e8887a72f,COPERNICUS/S2_SR_HARMONIZED,2025-07-11T04:29:23.802000+00:00,1.829971,,b21c8cc7f3d4d35e1db4dfa1c8245ff10ba657c0a0a001992b552808766cc49b,True,source-scenes-v1,46SGB,2025-07-20,Sentinel-2,05.11,05.11,S2B_MSIL2A_20250711T041549_N0511_R090_T46SGB_20250711T062513,HARMONIZED,61d5f645f079d4b5389d8aa2234bc3c23190a970c5e4b06138ec77a9745412ec,sentinel2,514286d13465d17abb8f5ca497564f820074e01d70131cf095a4fb752733a9a1,COPERNICUS/S2_SR_HARMONIZED/20250711T041549_20250711T042427_T46SGB,None,1752208163802,2025-08-04,2025-07-05,2025
AOI-02,ffcd445586dcd3b933d48bcc1cbd5c7c04e40be18f8c37915aa1d54e8887a72f,COPERNICUS/S2_SR_HARMONIZED,2025-07-11T04:29:21.580000+00:00,1.493675,,b21c8cc7f3d4d35e1db4dfa1c8245ff10ba657c0a0a001992b552808766cc49b,True,source-scenes-v1,47SKS,2025-07-20,Sentinel-2,05.11,05.11,S2B_MSIL2A_20250711T041549_N0511_R090_T47SKS_20250711T062513,HARMONIZED,61d5f645f079d4b5389d8aa2234bc3c23190a970c5e4b06138ec77a9745412ec,sentinel2,514286d13465d17abb8f5ca497564f820074e01d70131cf095a4fb752733a9a1,COPERNICUS/S2_SR_HARMONIZED/20250711T041549_20250711T042427_T47SKS,None,1752208161580,2025-08-04,2025-07-05,2025
AOI-02,ffcd445586dcd3b933d48bcc1cbd5c7c04e40be18f8c37915aa1d54e8887a72f,COPERNICUS/S2_SR_HARMONIZED,2025-07-16T04:29:42.745000+00:00,24.618533,,b21c8cc7f3d4d35e1db4dfa1c8245ff10ba657c0a0a001992b552808766cc49b,True,source-scenes-v1,46SGB,2025-07-20,Sentinel-2,05.11,05.11,S2C_MSIL2A_20250716T041611_N0511_R090_T46SGB_20250716T071912,HARMONIZED,61d5f645f079d4b5389d8aa2234bc3c23190a970c5e4b06138ec77a9745412ec,sentinel2,514286d13465d17abb8f5ca497564f820074e01d70131cf095a4fb752733a9a1,COPERNICUS/S2_SR_HARMONIZED/20250716T041611_20250716T042429_T46SGB,None,1752640182745,2025-08-04,2025-07-05,2025
AOI-02,ffcd445586dcd3b933d48bcc1cbd5c7c04e40be18f8c37915aa1d54e8887a72f,COPERNICUS/S2_SR_HARMONIZED,2025-07-16T04:29:41.169000+00:00,15.204841,,b21c8cc7f3d4d35e1db4dfa1c8245ff10ba657c0a0a001992b552808766cc49b,True,source-scenes-v1,47SKS,2025-07-20,Sentinel-2,05.11,05.11,S2C_MSIL2A_20250716T041611_N0511_R090_T47SKS_20250716T071912,HARMONIZED,61d5f645f079d4b5389d8aa2234bc3c23190a970c5e4b06138ec77a9745412ec,sentinel2,514286d13465d17abb8f5ca497564f820074e01d70131cf095a4fb752733a9a1,COPERNICUS/S2_SR_HARMONIZED/20250716T041611_20250716T042429_T47SKS,None,1752640181169,2025-08-04,2025-07-05,2025
AOI-02,ffcd445586dcd3b933d48bcc1cbd5c7c04e40be18f8c37915aa1d54e8887a72f,COPERNICUS/S2_SR_HARMONIZED,2025-07-21T04:29:22.898000+00:00,67.29939,,b21c8cc7f3d4d35e1db4dfa1c8245ff10ba657c0a0a001992b552808766cc49b,True,source-scenes-v1,46SGB,2025-07-20,Sentinel-2,05.11,05.11,S2B_MSIL2A_20250721T041549_N0511_R090_T46SGB_20250721T062743,HARMONIZED,61d5f645f079d4b5389d8aa2234bc3c23190a970c5e4b06138ec77a9745412ec,sentinel2,514286d13465d17abb8f5ca497564f820074e01d70131cf095a4fb752733a9a1,COPERNICUS/S2_SR_HARMONIZED/20250721T041549_20250721T042534_T46SGB,None,1753072162898,2025-08-04,2025-07-05,2025
AOI-02,ffcd445586dcd3b933d48bcc1cbd5c7c04e40be18f8c37915aa1d54e8887a72f,COPERNICUS/S2_SR_HARMONIZED,2025-07-21T04:29:20.675000+00:00,47.812438,,b21c8cc7f3d4d35e1db4dfa1c8245ff10ba657c0a0a001992b552808766cc49b,True,source-scenes-v1,47SKS,2025-07-20,Sentinel-2,05.11,05.11,S2B_MSIL2A_20250721T041549_N0511_R090_T47SKS_20250721T062743,HARMONIZED,61d5f645f079d4b5389d8aa2234bc3c23190a970c5e4b06138ec77a9745412ec,sentinel2,514286d13465d17abb8f5ca497564f820074e01d70131cf095a4fb752733a9a1,COPERNICUS/S2_SR_HARMONIZED/20250721T041549_20250721T042534_T47SKS,None,1753072160675,2025-08-04,2025-07-05,2025
AOI-02,ffcd445586dcd3b933d48bcc1cbd5c7c04e40be18f8c37915aa1d54e8887a72f,COPERNICUS/S2_SR_HARMONIZED,2025-07-28T04:29:38.617000+00:00,49.906957,,b21c8cc7f3d4d35e1db4dfa1c8245ff10ba657c0a0a001992b552808766cc49b,True,source-scenes-v1,46SGB,2025-07-20,Sentinel-2,05.11,05.11,S2A_MSIL2A_20250728T042221_N0511_R090_T46SGB_20250728T070613,HARMONIZED,61d5f645f079d4b5389d8aa2234bc3c23190a970c5e4b06138ec77a9745412ec,sentinel2,514286d13465d17abb8f5ca497564f820074e01d70131cf095a4fb752733a9a1,COPERNICUS/S2_SR_HARMONIZED/20250728T042221_20250728T042224_T46SGB,None,1753676978617,2025-08-04,2025-07-05,2025
AOI-02,ffcd445586dcd3b933d48bcc1cbd5c7c04e40be18f8c37915aa1d54e8887a72f,COPERNICUS/S2_SR_HARMONIZED,2025-07-28T04:29:36.392000+00:00,46.59051,,b21c8cc7f3d4d35e1db4dfa1c8245ff10ba657c0a0a001992b552808766cc49b,True,source-scenes-v1,47SKS,2025-07-20,Sentinel-2,05.11,05.11,S2A_MSIL2A_20250728T042221_N0511_R090_T47SKS_20250728T070613,HARMONIZED,61d5f645f079d4b5389d8aa2234bc3c23190a970c5e4b06138ec77a9745412ec,sentinel2,514286d13465d17abb8f5ca497564f820074e01d70131cf095a4fb752733a9a1,COPERNICUS/S2_SR_HARMONIZED/20250728T042221_20250728T042224_T47SKS,None,1753676976392,2025-08-04,2025-07-05,2025
AOI-02,ffcd445586dcd3b933d48bcc1cbd5c7c04e40be18f8c37915aa1d54e8887a72f,COPERNICUS/S2_SR_HARMONIZED,2025-07-31T04:29:20.194000+00:00,70.318747,,b21c8cc7f3d4d35e1db4dfa1c8245ff10ba657c0a0a001992b552808766cc49b,True,source-scenes-v1,46SGB,2025-07-20,Sentinel-2,05.11,05.11,S2B_MSIL2A_20250731T041549_N0511_R090_T46SGB_20250731T062821,HARMONIZED,61d5f645f079d4b5389d8aa2234bc3c23190a970c5e4b06138ec77a9745412ec,sentinel2,514286d13465d17abb8f5ca497564f820074e01d70131cf095a4fb752733a9a1,COPERNICUS/S2_SR_HARMONIZED/20250731T041549_20250731T042220_T46SGB,None,1753936160194,2025-08-04,2025-07-05,2025
AOI-02,ffcd445586dcd3b933d48bcc1cbd5c7c04e40be18f8c37915aa1d54e8887a72f,COPERNICUS/S2_SR_HARMONIZED,2025-08-05T04:29:39.802000+00:00,45.122173,OUTSIDE_NOMINAL_WINDOW,b21c8cc7f3d4d35e1db4dfa1c8245ff10ba657c0a0a001992b552808766cc49b,False,source-scenes-v1,46SGB,2025-07-20,Sentinel-2,05.11,05.11,S2C_MSIL2A_20250805T041611_N0511_R090_T46SGB_20250805T082022,HARMONIZED,61d5f645f079d4b5389d8aa2234bc3c23190a970c5e4b06138ec77a9745412ec,sentinel2,514286d13465d17abb8f5ca497564f820074e01d70131cf095a4fb752733a9a1,COPERNICUS/S2_SR_HARMONIZED/20250805T041611_20250805T041838_T46SGB,None,1754368179802,2025-08-04,2025-07-05,2025
AOI-02,ffcd445586dcd3b933d48bcc1cbd5c7c04e40be18f8c37915aa1d54e8887a72f,COPERNICUS/S2_SR_HARMONIZED,2025-08-05T04:29:37.575000+00:00,36.438906,OUTSIDE_NOMINAL_WINDOW,b21c8cc7f3d4d35e1db4dfa1c8245ff10ba657c0a0a001992b552808766cc49b,False,source-scenes-v1,47SKS,2025-07-20,Sentinel-2,05.11,05.11,S2C_MSIL2A_20250805T041611_N0511_R090_T47SKS_20250805T082022,HARMONIZED,61d5f645f079d4b5389d8aa2234bc3c23190a970c5e4b06138ec77a9745412ec,sentinel2,514286d13465d17abb8f5ca497564f820074e01d70131cf095a4fb752733a9a1,COPERNICUS/S2_SR_HARMONIZED/20250805T041611_20250805T041838_T47SKS,None,1754368177575,2025-08-04,2025-07-05,2025
AOI-02,ffcd445586dcd3b933d48bcc1cbd5c7c04e40be18f8c37915aa1d54e8887a72f,COPERNICUS/S2_SR_HARMONIZED,2025-08-15T04:29:39.530000+00:00,32.157275,OUTSIDE_NOMINAL_WINDOW,b21c8cc7f3d4d35e1db4dfa1c8245ff10ba657c0a0a001992b552808766cc49b,False,source-scenes-v1,46SGB,2025-07-20,Sentinel-2,05.11,05.11,S2C_MSIL2A_20250815T041611_N0511_R090_T46SGB_20250815T072412,HARMONIZED,61d5f645f079d4b5389d8aa2234bc3c23190a970c5e4b06138ec77a9745412ec,sentinel2,514286d13465d17abb8f5ca497564f820074e01d70131cf095a4fb752733a9a1,COPERNICUS/S2_SR_HARMONIZED/20250815T041611_20250815T042508_T46SGB,None,1755232179530,2025-08-04,2025-07-05,2025
AOI-02,ffcd445586dcd3b933d48bcc1cbd5c7c04e40be18f8c37915aa1d54e8887a72f,COPERNICUS/S2_SR_HARMONIZED,2025-08-15T04:29:37.303000+00:00,24.832848,OUTSIDE_NOMINAL_WINDOW,b21c8cc7f3d4d35e1db4dfa1c8245ff10ba657c0a0a001992b552808766cc49b,False,source-scenes-v1,47SKS,2025-07-20,Sentinel-2,05.11,05.11,S2C_MSIL2A_20250815T041611_N0511_R090_T47SKS_20250815T072412,HARMONIZED,61d5f645f079d4b5389d8aa2234bc3c23190a970c5e4b06138ec77a9745412ec,sentinel2,514286d13465d17abb8f5ca497564f820074e01d70131cf095a4fb752733a9a1,COPERNICUS/S2_SR_HARMONIZED/20250815T041611_20250815T042508_T47SKS,None,1755232177303,2025-08-04,2025-07-05,2025
AOI-02,ffcd445586dcd3b933d48bcc1cbd5c7c04e40be18f8c37915aa1d54e8887a72f,COPERNICUS/S2_SR_HARMONIZED,2025-08-17T04:29:33.458000+00:00,3.413934,OUTSIDE_NOMINAL_WINDOW,b21c8cc7f3d4d35e1db4dfa1c8245ff10ba657c0a0a001992b552808766cc49b,False,source-scenes-v1,46SGB,2025-07-20,Sentinel-2,05.11,05.11,S2A_MSIL2A_20250817T042221_N0511_R090_T46SGB_20250817T071016,HARMONIZED,61d5f645f079d4b5389d8aa2234bc3c23190a970c5e4b06138ec77a9745412ec,sentinel2,514286d13465d17abb8f5ca497564f820074e01d70131cf095a4fb752733a9a1,COPERNICUS/S2_SR_HARMONIZED/20250817T042221_20250817T042218_T46SGB,None,1755404973458,2025-08-04,2025-07-05,2025
AOI-02,ffcd445586dcd3b933d48bcc1cbd5c7c04e40be18f8c37915aa1d54e8887a72f,COPERNICUS/S2_SR_HARMONIZED,2025-08-17T04:29:31.239000+00:00,5.504985,OUTSIDE_NOMINAL_WINDOW,b21c8cc7f3d4d35e1db4dfa1c8245ff10ba657c0a0a001992b552808766cc49b,False,source-scenes-v1,47SKS,2025-07-20,Sentinel-2,05.11,05.11,S2A_MSIL2A_20250817T042221_N0511_R090_T47SKS_20250817T071016,HARMONIZED,61d5f645f079d4b5389d8aa2234bc3c23190a970c5e4b06138ec77a9745412ec,sentinel2,514286d13465d17abb8f5ca497564f820074e01d70131cf095a4fb752733a9a1,COPERNICUS/S2_SR_HARMONIZED/20250817T042221_20250817T042218_T47SKS,None,1755404971239,2025-08-04,2025-07-05,2025
AOI-02,ffcd445586dcd3b933d48bcc1cbd5c7c04e40be18f8c37915aa1d54e8887a72f,COPERNICUS/S2_SR_HARMONIZED,2025-08-25T04:29:37.414000+00:00,73.209566,OUTSIDE_NOMINAL_WINDOW,b21c8cc7f3d4d35e1db4dfa1c8245ff10ba657c0a0a001992b552808766cc49b,False,source-scenes-v1,47SKS,2025-07-20,Sentinel-2,05.11,05.11,S2C_MSIL2A_20250825T041611_N0511_R090_T47SKS_20250825T080714,HARMONIZED,61d5f645f079d4b5389d8aa2234bc3c23190a970c5e4b06138ec77a9745412ec,sentinel2,514286d13465d17abb8f5ca497564f820074e01d70131cf095a4fb752733a9a1,COPERNICUS/S2_SR_HARMONIZED/20250825T041611_20250825T041907_T47SKS,None,1756096177414,2025-08-04,2025-07-05,2025
AOI-02,ffcd445586dcd3b933d48bcc1cbd5c7c04e40be18f8c37915aa1d54e8887a72f,COPERNICUS/S2_SR_HARMONIZED,2025-07-06T04:29:42.816000+00:00,50.151736,OUTSIDE_NOMINAL_WINDOW,b21c8cc7f3d4d35e1db4dfa1c8245ff10ba657c0a0a001992b552808766cc49b,False,source-scenes-v1,46SGB,2025-07-31,Sentinel-2,05.11,05.11,S2C_MSIL2A_20250706T041611_N0511_R090_T46SGB_20250706T075617,HARMONIZED,58c9742d7a59d9c7db8920e77ecfa713d9b316590ffcc7969be3313d1e2f0576,sentinel2,d31076bf07701ca8d4175a96cf9d2cdee219641c40f06f6bb43ba961d0d36340,COPERNICUS/S2_SR_HARMONIZED/20250706T041611_20250706T041914_T46SGB,None,1751776182816,2025-08-15,2025-07-16,2025
AOI-02,ffcd445586dcd3b933d48bcc1cbd5c7c04e40be18f8c37915aa1d54e8887a72f,COPERNICUS/S2_SR_HARMONIZED,2025-07-06T04:29:40.587000+00:00,79.361486,OUTSIDE_NOMINAL_WINDOW,b21c8cc7f3d4d35e1db4dfa1c8245ff10ba657c0a0a001992b552808766cc49b,False,source-scenes-v1,47SKS,2025-07-31,Sentinel-2,05.11,05.11,S2C_MSIL2A_20250706T041611_N0511_R090_T47SKS_20250706T075617,HARMONIZED,58c9742d7a59d9c7db8920e77ecfa713d9b316590ffcc7969be3313d1e2f0576,sentinel2,d31076bf07701ca8d4175a96cf9d2cdee219641c40f06f6bb43ba961d0d36340,COPERNICUS/S2_SR_HARMONIZED/20250706T041611_20250706T041914_T47SKS,None,1751776180587,2025-08-15,2025-07-16,2025
AOI-02,ffcd445586dcd3b933d48bcc1cbd5c7c04e40be18f8c37915aa1d54e8887a72f,COPERNICUS/S2_SR_HARMONIZED,2025-07-08T04:29:38.874000+00:00,13.383737,OUTSIDE_NOMINAL_WINDOW,b21c8cc7f3d4d35e1db4dfa1c8245ff10ba657c0a0a001992b552808766cc49b,False,source-scenes-v1,46SGB,2025-07-31,Sentinel-2,05.11,05.11,S2A_MSIL2A_20250708T042221_N0511_R090_T46SGB_20250708T064920,HARMONIZED,58c9742d7a59d9c7db8920e77ecfa713d9b316590ffcc7969be3313d1e2f0576,sentinel2,d31076bf07701ca8d4175a96cf9d2cdee219641c40f06f6bb43ba961d0d36340,COPERNICUS/S2_SR_HARMONIZED/20250708T042221_20250708T042224_T46SGB,None,1751948978874,2025-08-15,2025-07-16,2025
AOI-02,ffcd445586dcd3b933d48bcc1cbd5c7c04e40be18f8c37915aa1d54e8887a72f,COPERNICUS/S2_SR_HARMONIZED,2025-07-08T04:29:36.650000+00:00,6.530184,OUTSIDE_NOMINAL_WINDOW,b21c8cc7f3d4d35e1db4dfa1c8245ff10ba657c0a0a001992b552808766cc49b,False,source-scenes-v1,47SKS,2025-07-31,Sentinel-2,05.11,05.11,S2A_MSIL2A_20250708T042221_N0511_R090_T47SKS_20250708T064920,HARMONIZED,58c9742d7a59d9c7db8920e77ecfa713d9b316590ffcc7969be3313d1e2f0576,sentinel2,d31076bf07701ca8d4175a96cf9d2cdee219641c40f06f6bb43ba961d0d36340,COPERNICUS/S2_SR_HARMONIZED/20250708T042221_20250708T042224_T47SKS,None,1751948976650,2025-08-15,2025-07-16,2025
AOI-02,ffcd445586dcd3b933d48bcc1cbd5c7c04e40be18f8c37915aa1d54e8887a72f,COPERNICUS/S2_SR_HARMONIZED,2025-07-11T04:29:23.802000+00:00,1.829971,OUTSIDE_NOMINAL_WINDOW,b21c8cc7f3d4d35e1db4dfa1c8245ff10ba657c0a0a001992b552808766cc49b,False,source-scenes-v1,46SGB,2025-07-31,Sentinel-2,05.11,05.11,S2B_MSIL2A_20250711T041549_N0511_R090_T46SGB_20250711T062513,HARMONIZED,58c9742d7a59d9c7db8920e77ecfa713d9b316590ffcc7969be3313d1e2f0576,sentinel2,d31076bf07701ca8d4175a96cf9d2cdee219641c40f06f6bb43ba961d0d36340,COPERNICUS/S2_SR_HARMONIZED/20250711T041549_20250711T042427_T46SGB,None,1752208163802,2025-08-15,2025-07-16,2025
AOI-02,ffcd445586dcd3b933d48bcc1cbd5c7c04e40be18f8c37915aa1d54e8887a72f,COPERNICUS/S2_SR_HARMONIZED,2025-07-11T04:29:21.580000+00:00,1.493675,OUTSIDE_NOMINAL_WINDOW,b21c8cc7f3d4d35e1db4dfa1c8245ff10ba657c0a0a001992b552808766cc49b,False,source-scenes-v1,47SKS,2025-07-31,Sentinel-2,05.11,05.11,S2B_MSIL2A_20250711T041549_N0511_R090_T47SKS_20250711T062513,HARMONIZED,58c9742d7a59d9c7db8920e77ecfa713d9b316590ffcc7969be3313d1e2f0576,sentinel2,d31076bf07701ca8d4175a96cf9d2cdee219641c40f06f6bb43ba961d0d36340,COPERNICUS/S2_SR_HARMONIZED/20250711T041549_20250711T042427_T47SKS,None,1752208161580,2025-08-15,2025-07-16,2025
AOI-02,ffcd445586dcd3b933d48bcc1cbd5c7c04e40be18f8c37915aa1d54e8887a72f,COPERNICUS/S2_SR_HARMONIZED,2025-07-16T04:29:42.745000+00:00,24.618533,,b21c8cc7f3d4d35e1db4dfa1c8245ff10ba657c0a0a001992b552808766cc49b,True,source-scenes-v1,46SGB,2025-07-31,Sentinel-2,05.11,05.11,S2C_MSIL2A_20250716T041611_N0511_R090_T46SGB_20250716T071912,HARMONIZED,58c9742d7a59d9c7db8920e77ecfa713d9b316590ffcc7969be3313d1e2f0576,sentinel2,d31076bf07701ca8d4175a96cf9d2cdee219641c40f06f6bb43ba961d0d36340,COPERNICUS/S2_SR_HARMONIZED/20250716T041611_20250716T042429_T46SGB,None,1752640182745,2025-08-15,2025-07-16,2025
AOI-02,ffcd445586dcd3b933d48bcc1cbd5c7c04e40be18f8c37915aa1d54e8887a72f,COPERNICUS/S2_SR_HARMONIZED,2025-07-16T04:29:41.169000+00:00,15.204841,,b21c8cc7f3d4d35e1db4dfa1c8245ff10ba657c0a0a001992b552808766cc49b,True,source-scenes-v1,47SKS,2025-07-31,Sentinel-2,05.11,05.11,S2C_MSIL2A_20250716T041611_N0511_R090_T47SKS_20250716T071912,HARMONIZED,58c9742d7a59d9c7db8920e77ecfa713d9b316590ffcc7969be3313d1e2f0576,sentinel2,d31076bf07701ca8d4175a96cf9d2cdee219641c40f06f6bb43ba961d0d36340,COPERNICUS/S2_SR_HARMONIZED/20250716T041611_20250716T042429_T47SKS,None,1752640181169,2025-08-15,2025-07-16,2025
AOI-02,ffcd445586dcd3b933d48bcc1cbd5c7c04e40be18f8c37915aa1d54e8887a72f,COPERNICUS/S2_SR_HARMONIZED,2025-07-21T04:29:22.898000+00:00,67.29939,,b21c8cc7f3d4d35e1db4dfa1c8245ff10ba657c0a0a001992b552808766cc49b,True,source-scenes-v1,46SGB,2025-07-31,Sentinel-2,05.11,05.11,S2B_MSIL2A_20250721T041549_N0511_R090_T46SGB_20250721T062743,HARMONIZED,58c9742d7a59d9c7db8920e77ecfa713d9b316590ffcc7969be3313d1e2f0576,sentinel2,d31076bf07701ca8d4175a96cf9d2cdee219641c40f06f6bb43ba961d0d36340,COPERNICUS/S2_SR_HARMONIZED/20250721T041549_20250721T042534_T46SGB,None,1753072162898,2025-08-15,2025-07-16,2025
AOI-02,ffcd445586dcd3b933d48bcc1cbd5c7c04e40be18f8c37915aa1d54e8887a72f,COPERNICUS/S2_SR_HARMONIZED,2025-07-21T04:29:20.675000+00:00,47.812438,,b21c8cc7f3d4d35e1db4dfa1c8245ff10ba657c0a0a001992b552808766cc49b,True,source-scenes-v1,47SKS,2025-07-31,Sentinel-2,05.11,05.11,S2B_MSIL2A_20250721T041549_N0511_R090_T47SKS_20250721T062743,HARMONIZED,58c9742d7a59d9c7db8920e77ecfa713d9b316590ffcc7969be3313d1e2f0576,sentinel2,d31076bf07701ca8d4175a96cf9d2cdee219641c40f06f6bb43ba961d0d36340,COPERNICUS/S2_SR_HARMONIZED/20250721T041549_20250721T042534_T47SKS,None,1753072160675,2025-08-15,2025-07-16,2025
AOI-02,ffcd445586dcd3b933d48bcc1cbd5c7c04e40be18f8c37915aa1d54e8887a72f,COPERNICUS/S2_SR_HARMONIZED,2025-07-28T04:29:38.617000+00:00,49.906957,,b21c8cc7f3d4d35e1db4dfa1c8245ff10ba657c0a0a001992b552808766cc49b,True,source-scenes-v1,46SGB,2025-07-31,Sentinel-2,05.11,05.11,S2A_MSIL2A_20250728T042221_N0511_R090_T46SGB_20250728T070613,HARMONIZED,58c9742d7a59d9c7db8920e77ecfa713d9b316590ffcc7969be3313d1e2f0576,sentinel2,d31076bf07701ca8d4175a96cf9d2cdee219641c40f06f6bb43ba961d0d36340,COPERNICUS/S2_SR_HARMONIZED/20250728T042221_20250728T042224_T46SGB,None,1753676978617,2025-08-15,2025-07-16,2025
AOI-02,ffcd445586dcd3b933d48bcc1cbd5c7c04e40be18f8c37915aa1d54e8887a72f,COPERNICUS/S2_SR_HARMONIZED,2025-07-28T04:29:36.392000+00:00,46.59051,,b21c8cc7f3d4d35e1db4dfa1c8245ff10ba657c0a0a001992b552808766cc49b,True,source-scenes-v1,47SKS,2025-07-31,Sentinel-2,05.11,05.11,S2A_MSIL2A_20250728T042221_N0511_R090_T47SKS_20250728T070613,HARMONIZED,58c9742d7a59d9c7db8920e77ecfa713d9b316590ffcc7969be3313d1e2f0576,sentinel2,d31076bf07701ca8d4175a96cf9d2cdee219641c40f06f6bb43ba961d0d36340,COPERNICUS/S2_SR_HARMONIZED/20250728T042221_20250728T042224_T47SKS,None,1753676976392,2025-08-15,2025-07-16,2025
AOI-02,ffcd445586dcd3b933d48bcc1cbd5c7c04e40be18f8c37915aa1d54e8887a72f,COPERNICUS/S2_SR_HARMONIZED,2025-07-31T04:29:20.194000+00:00,70.318747,,b21c8cc7f3d4d35e1db4dfa1c8245ff10ba657c0a0a001992b552808766cc49b,True,source-scenes-v1,46SGB,2025-07-31,Sentinel-2,05.11,05.11,S2B_MSIL2A_20250731T041549_N0511_R090_T46SGB_20250731T062821,HARMONIZED,58c9742d7a59d9c7db8920e77ecfa713d9b316590ffcc7969be3313d1e2f0576,sentinel2,d31076bf07701ca8d4175a96cf9d2cdee219641c40f06f6bb43ba961d0d36340,COPERNICUS/S2_SR_HARMONIZED/20250731T041549_20250731T042220_T46SGB,None,1753936160194,2025-08-15,2025-07-16,2025
AOI-02,ffcd445586dcd3b933d48bcc1cbd5c7c04e40be18f8c37915aa1d54e8887a72f,COPERNICUS/S2_SR_HARMONIZED,2025-08-05T04:29:39.802000+00:00,45.122173,,b21c8cc7f3d4d35e1db4dfa1c8245ff10ba657c0a0a001992b552808766cc49b,True,source-scenes-v1,46SGB,2025-07-31,Sentinel-2,05.11,05.11,S2C_MSIL2A_20250805T041611_N0511_R090_T46SGB_20250805T082022,HARMONIZED,58c9742d7a59d9c7db8920e77ecfa713d9b316590ffcc7969be3313d1e2f0576,sentinel2,d31076bf07701ca8d4175a96cf9d2cdee219641c40f06f6bb43ba961d0d36340,COPERNICUS/S2_SR_HARMONIZED/20250805T041611_20250805T041838_T46SGB,None,1754368179802,2025-08-15,2025-07-16,2025
AOI-02,ffcd445586dcd3b933d48bcc1cbd5c7c04e40be18f8c37915aa1d54e8887a72f,COPERNICUS/S2_SR_HARMONIZED,2025-08-05T04:29:37.575000+00:00,36.438906,,b21c8cc7f3d4d35e1db4dfa1c8245ff10ba657c0a0a001992b552808766cc49b,True,source-scenes-v1,47SKS,2025-07-31,Sentinel-2,05.11,05.11,S2C_MSIL2A_20250805T041611_N0511_R090_T47SKS_20250805T082022,HARMONIZED,58c9742d7a59d9c7db8920e77ecfa713d9b316590ffcc7969be3313d1e2f0576,sentinel2,d31076bf07701ca8d4175a96cf9d2cdee219641c40f06f6bb43ba961d0d36340,COPERNICUS/S2_SR_HARMONIZED/20250805T041611_20250805T041838_T47SKS,None,1754368177575,2025-08-15,2025-07-16,2025
AOI-02,ffcd445586dcd3b933d48bcc1cbd5c7c04e40be18f8c37915aa1d54e8887a72f,COPERNICUS/S2_SR_HARMONIZED,2025-08-15T04:29:39.530000+00:00,32.157275,,b21c8cc7f3d4d35e1db4dfa1c8245ff10ba657c0a0a001992b552808766cc49b,True,source-scenes-v1,46SGB,2025-07-31,Sentinel-2,05.11,05.11,S2C_MSIL2A_20250815T041611_N0511_R090_T46SGB_20250815T072412,HARMONIZED,58c9742d7a59d9c7db8920e77ecfa713d9b316590ffcc7969be3313d1e2f0576,sentinel2,d31076bf07701ca8d4175a96cf9d2cdee219641c40f06f6bb43ba961d0d36340,COPERNICUS/S2_SR_HARMONIZED/20250815T041611_20250815T042508_T46SGB,None,1755232179530,2025-08-15,2025-07-16,2025
AOI-02,ffcd445586dcd3b933d48bcc1cbd5c7c04e40be18f8c37915aa1d54e8887a72f,COPERNICUS/S2_SR_HARMONIZED,2025-08-15T04:29:37.303000+00:00,24.832848,,b21c8cc7f3d4d35e1db4dfa1c8245ff10ba657c0a0a001992b552808766cc49b,True,source-scenes-v1,47SKS,2025-07-31,Sentinel-2,05.11,05.11,S2C_MSIL2A_20250815T041611_N0511_R090_T47SKS_20250815T072412,HARMONIZED,58c9742d7a59d9c7db8920e77ecfa713d9b316590ffcc7969be3313d1e2f0576,sentinel2,d31076bf07701ca8d4175a96cf9d2cdee219641c40f06f6bb43ba961d0d36340,COPERNICUS/S2_SR_HARMONIZED/20250815T041611_20250815T042508_T47SKS,None,1755232177303,2025-08-15,2025-07-16,2025
AOI-02,ffcd445586dcd3b933d48bcc1cbd5c7c04e40be18f8c37915aa1d54e8887a72f,COPERNICUS/S2_SR_HARMONIZED,2025-08-17T04:29:33.458000+00:00,3.413934,OUTSIDE_NOMINAL_WINDOW,b21c8cc7f3d4d35e1db4dfa1c8245ff10ba657c0a0a001992b552808766cc49b,False,source-scenes-v1,46SGB,2025-07-31,Sentinel-2,05.11,05.11,S2A_MSIL2A_20250817T042221_N0511_R090_T46SGB_20250817T071016,HARMONIZED,58c9742d7a59d9c7db8920e77ecfa713d9b316590ffcc7969be3313d1e2f0576,sentinel2,d31076bf07701ca8d4175a96cf9d2cdee219641c40f06f6bb43ba961d0d36340,COPERNICUS/S2_SR_HARMONIZED/20250817T042221_20250817T042218_T46SGB,None,1755404973458,2025-08-15,2025-07-16,2025
AOI-02,ffcd445586dcd3b933d48bcc1cbd5c7c04e40be18f8c37915aa1d54e8887a72f,COPERNICUS/S2_SR_HARMONIZED,2025-08-17T04:29:31.239000+00:00,5.504985,OUTSIDE_NOMINAL_WINDOW,b21c8cc7f3d4d35e1db4dfa1c8245ff10ba657c0a0a001992b552808766cc49b,False,source-scenes-v1,47SKS,2025-07-31,Sentinel-2,05.11,05.11,S2A_MSIL2A_20250817T042221_N0511_R090_T47SKS_20250817T071016,HARMONIZED,58c9742d7a59d9c7db8920e77ecfa713d9b316590ffcc7969be3313d1e2f0576,sentinel2,d31076bf07701ca8d4175a96cf9d2cdee219641c40f06f6bb43ba961d0d36340,COPERNICUS/S2_SR_HARMONIZED/20250817T042221_20250817T042218_T47SKS,None,1755404971239,2025-08-15,2025-07-16,2025
AOI-02,ffcd445586dcd3b933d48bcc1cbd5c7c04e40be18f8c37915aa1d54e8887a72f,COPERNICUS/S2_SR_HARMONIZED,2025-08-25T04:29:37.414000+00:00,73.209566,OUTSIDE_NOMINAL_WINDOW,b21c8cc7f3d4d35e1db4dfa1c8245ff10ba657c0a0a001992b552808766cc49b,False,source-scenes-v1,47SKS,2025-07-31,Sentinel-2,05.11,05.11,S2C_MSIL2A_20250825T041611_N0511_R090_T47SKS_20250825T080714,HARMONIZED,58c9742d7a59d9c7db8920e77ecfa713d9b316590ffcc7969be3313d1e2f0576,sentinel2,d31076bf07701ca8d4175a96cf9d2cdee219641c40f06f6bb43ba961d0d36340,COPERNICUS/S2_SR_HARMONIZED/20250825T041611_20250825T041907_T47SKS,None,1756096177414,2025-08-15,2025-07-16,2025
AOI-02,ffcd445586dcd3b933d48bcc1cbd5c7c04e40be18f8c37915aa1d54e8887a72f,COPERNICUS/S2_SR_HARMONIZED,2025-07-06T04:29:42.816000+00:00,50.151736,OUTSIDE_NOMINAL_WINDOW,b21c8cc7f3d4d35e1db4dfa1c8245ff10ba657c0a0a001992b552808766cc49b,False,source-scenes-v1,46SGB,2025-08-10,Sentinel-2,05.11,05.11,S2C_MSIL2A_20250706T041611_N0511_R090_T46SGB_20250706T075617,HARMONIZED,06d61cfa74e24428c8c085ced9b0cd95204c3cbfdddfbebef319ec0216d43b1e,sentinel2,64f2faec1808957c8ce2b1a40993a86ea910ff0bf38f8e9eb93301dcb666189a,COPERNICUS/S2_SR_HARMONIZED/20250706T041611_20250706T041914_T46SGB,None,1751776182816,2025-08-25,2025-07-26,2025
AOI-02,ffcd445586dcd3b933d48bcc1cbd5c7c04e40be18f8c37915aa1d54e8887a72f,COPERNICUS/S2_SR_HARMONIZED,2025-07-06T04:29:40.587000+00:00,79.361486,OUTSIDE_NOMINAL_WINDOW,b21c8cc7f3d4d35e1db4dfa1c8245ff10ba657c0a0a001992b552808766cc49b,False,source-scenes-v1,47SKS,2025-08-10,Sentinel-2,05.11,05.11,S2C_MSIL2A_20250706T041611_N0511_R090_T47SKS_20250706T075617,HARMONIZED,06d61cfa74e24428c8c085ced9b0cd95204c3cbfdddfbebef319ec0216d43b1e,sentinel2,64f2faec1808957c8ce2b1a40993a86ea910ff0bf38f8e9eb93301dcb666189a,COPERNICUS/S2_SR_HARMONIZED/20250706T041611_20250706T041914_T47SKS,None,1751776180587,2025-08-25,2025-07-26,2025
AOI-02,ffcd445586dcd3b933d48bcc1cbd5c7c04e40be18f8c37915aa1d54e8887a72f,COPERNICUS/S2_SR_HARMONIZED,2025-07-08T04:29:38.874000+00:00,13.383737,OUTSIDE_NOMINAL_WINDOW,b21c8cc7f3d4d35e1db4dfa1c8245ff10ba657c0a0a001992b552808766cc49b,False,source-scenes-v1,46SGB,2025-08-10,Sentinel-2,05.11,05.11,S2A_MSIL2A_20250708T042221_N0511_R090_T46SGB_20250708T064920,HARMONIZED,06d61cfa74e24428c8c085ced9b0cd95204c3cbfdddfbebef319ec0216d43b1e,sentinel2,64f2faec1808957c8ce2b1a40993a86ea910ff0bf38f8e9eb93301dcb666189a,COPERNICUS/S2_SR_HARMONIZED/20250708T042221_20250708T042224_T46SGB,None,1751948978874,2025-08-25,2025-07-26,2025
AOI-02,ffcd445586dcd3b933d48bcc1cbd5c7c04e40be18f8c37915aa1d54e8887a72f,COPERNICUS/S2_SR_HARMONIZED,2025-07-08T04:29:36.650000+00:00,6.530184,OUTSIDE_NOMINAL_WINDOW,b21c8cc7f3d4d35e1db4dfa1c8245ff10ba657c0a0a001992b552808766cc49b,False,source-scenes-v1,47SKS,2025-08-10,Sentinel-2,05.11,05.11,S2A_MSIL2A_20250708T042221_N0511_R090_T47SKS_20250708T064920,HARMONIZED,06d61cfa74e24428c8c085ced9b0cd95204c3cbfdddfbebef319ec0216d43b1e,sentinel2,64f2faec1808957c8ce2b1a40993a86ea910ff0bf38f8e9eb93301dcb666189a,COPERNICUS/S2_SR_HARMONIZED/20250708T042221_20250708T042224_T47SKS,None,1751948976650,2025-08-25,2025-07-26,2025
AOI-02,ffcd445586dcd3b933d48bcc1cbd5c7c04e40be18f8c37915aa1d54e8887a72f,COPERNICUS/S2_SR_HARMONIZED,2025-07-11T04:29:23.802000+00:00,1.829971,OUTSIDE_NOMINAL_WINDOW,b21c8cc7f3d4d35e1db4dfa1c8245ff10ba657c0a0a001992b552808766cc49b,False,source-scenes-v1,46SGB,2025-08-10,Sentinel-2,05.11,05.11,S2B_MSIL2A_20250711T041549_N0511_R090_T46SGB_20250711T062513,HARMONIZED,06d61cfa74e24428c8c085ced9b0cd95204c3cbfdddfbebef319ec0216d43b1e,sentinel2,64f2faec1808957c8ce2b1a40993a86ea910ff0bf38f8e9eb93301dcb666189a,COPERNICUS/S2_SR_HARMONIZED/20250711T041549_20250711T042427_T46SGB,None,1752208163802,2025-08-25,2025-07-26,2025
AOI-02,ffcd445586dcd3b933d48bcc1cbd5c7c04e40be18f8c37915aa1d54e8887a72f,COPERNICUS/S2_SR_HARMONIZED,2025-07-11T04:29:21.580000+00:00,1.493675,OUTSIDE_NOMINAL_WINDOW,b21c8cc7f3d4d35e1db4dfa1c8245ff10ba657c0a0a001992b552808766cc49b,False,source-scenes-v1,47SKS,2025-08-10,Sentinel-2,05.11,05.11,S2B_MSIL2A_20250711T041549_N0511_R090_T47SKS_20250711T062513,HARMONIZED,06d61cfa74e24428c8c085ced9b0cd95204c3cbfdddfbebef319ec0216d43b1e,sentinel2,64f2faec1808957c8ce2b1a40993a86ea910ff0bf38f8e9eb93301dcb666189a,COPERNICUS/S2_SR_HARMONIZED/20250711T041549_20250711T042427_T47SKS,None,1752208161580,2025-08-25,2025-07-26,2025
AOI-02,ffcd445586dcd3b933d48bcc1cbd5c7c04e40be18f8c37915aa1d54e8887a72f,COPERNICUS/S2_SR_HARMONIZED,2025-07-16T04:29:42.745000+00:00,24.618533,OUTSIDE_NOMINAL_WINDOW,b21c8cc7f3d4d35e1db4dfa1c8245ff10ba657c0a0a001992b552808766cc49b,False,source-scenes-v1,46SGB,2025-08-10,Sentinel-2,05.11,05.11,S2C_MSIL2A_20250716T041611_N0511_R090_T46SGB_20250716T071912,HARMONIZED,06d61cfa74e24428c8c085ced9b0cd95204c3cbfdddfbebef319ec0216d43b1e,sentinel2,64f2faec1808957c8ce2b1a40993a86ea910ff0bf38f8e9eb93301dcb666189a,COPERNICUS/S2_SR_HARMONIZED/20250716T041611_20250716T042429_T46SGB,None,1752640182745,2025-08-25,2025-07-26,2025
AOI-02,ffcd445586dcd3b933d48bcc1cbd5c7c04e40be18f8c37915aa1d54e8887a72f,COPERNICUS/S2_SR_HARMONIZED,2025-07-16T04:29:41.169000+00:00,15.204841,OUTSIDE_NOMINAL_WINDOW,b21c8cc7f3d4d35e1db4dfa1c8245ff10ba657c0a0a001992b552808766cc49b,False,source-scenes-v1,47SKS,2025-08-10,Sentinel-2,05.11,05.11,S2C_MSIL2A_20250716T041611_N0511_R090_T47SKS_20250716T071912,HARMONIZED,06d61cfa74e24428c8c085ced9b0cd95204c3cbfdddfbebef319ec0216d43b1e,sentinel2,64f2faec1808957c8ce2b1a40993a86ea910ff0bf38f8e9eb93301dcb666189a,COPERNICUS/S2_SR_HARMONIZED/20250716T041611_20250716T042429_T47SKS,None,1752640181169,2025-08-25,2025-07-26,2025
AOI-02,ffcd445586dcd3b933d48bcc1cbd5c7c04e40be18f8c37915aa1d54e8887a72f,COPERNICUS/S2_SR_HARMONIZED,2025-07-21T04:29:22.898000+00:00,67.29939,OUTSIDE_NOMINAL_WINDOW,b21c8cc7f3d4d35e1db4dfa1c8245ff10ba657c0a0a001992b552808766cc49b,False,source-scenes-v1,46SGB,2025-08-10,Sentinel-2,05.11,05.11,S2B_MSIL2A_20250721T041549_N0511_R090_T46SGB_20250721T062743,HARMONIZED,06d61cfa74e24428c8c085ced9b0cd95204c3cbfdddfbebef319ec0216d43b1e,sentinel2,64f2faec1808957c8ce2b1a40993a86ea910ff0bf38f8e9eb93301dcb666189a,COPERNICUS/S2_SR_HARMONIZED/20250721T041549_20250721T042534_T46SGB,None,1753072162898,2025-08-25,2025-07-26,2025
AOI-02,ffcd445586dcd3b933d48bcc1cbd5c7c04e40be18f8c37915aa1d54e8887a72f,COPERNICUS/S2_SR_HARMONIZED,2025-07-21T04:29:20.675000+00:00,47.812438,OUTSIDE_NOMINAL_WINDOW,b21c8cc7f3d4d35e1db4dfa1c8245ff10ba657c0a0a001992b552808766cc49b,False,source-scenes-v1,47SKS,2025-08-10,Sentinel-2,05.11,05.11,S2B_MSIL2A_20250721T041549_N0511_R090_T47SKS_20250721T062743,HARMONIZED,06d61cfa74e24428c8c085ced9b0cd95204c3cbfdddfbebef319ec0216d43b1e,sentinel2,64f2faec1808957c8ce2b1a40993a86ea910ff0bf38f8e9eb93301dcb666189a,COPERNICUS/S2_SR_HARMONIZED/20250721T041549_20250721T042534_T47SKS,None,1753072160675,2025-08-25,2025-07-26,2025
AOI-02,ffcd445586dcd3b933d48bcc1cbd5c7c04e40be18f8c37915aa1d54e8887a72f,COPERNICUS/S2_SR_HARMONIZED,2025-07-28T04:29:38.617000+00:00,49.906957,,b21c8cc7f3d4d35e1db4dfa1c8245ff10ba657c0a0a001992b552808766cc49b,True,source-scenes-v1,46SGB,2025-08-10,Sentinel-2,05.11,05.11,S2A_MSIL2A_20250728T042221_N0511_R090_T46SGB_20250728T070613,HARMONIZED,06d61cfa74e24428c8c085ced9b0cd95204c3cbfdddfbebef319ec0216d43b1e,sentinel2,64f2faec1808957c8ce2b1a40993a86ea910ff0bf38f8e9eb93301dcb666189a,COPERNICUS/S2_SR_HARMONIZED/20250728T042221_20250728T042224_T46SGB,None,1753676978617,2025-08-25,2025-07-26,2025
AOI-02,ffcd445586dcd3b933d48bcc1cbd5c7c04e40be18f8c37915aa1d54e8887a72f,COPERNICUS/S2_SR_HARMONIZED,2025-07-28T04:29:36.392000+00:00,46.59051,,b21c8cc7f3d4d35e1db4dfa1c8245ff10ba657c0a0a001992b552808766cc49b,True,source-scenes-v1,47SKS,2025-08-10,Sentinel-2,05.11,05.11,S2A_MSIL2A_20250728T042221_N0511_R090_T47SKS_20250728T070613,HARMONIZED,06d61cfa74e24428c8c085ced9b0cd95204c3cbfdddfbebef319ec0216d43b1e,sentinel2,64f2faec1808957c8ce2b1a40993a86ea910ff0bf38f8e9eb93301dcb666189a,COPERNICUS/S2_SR_HARMONIZED/20250728T042221_20250728T042224_T47SKS,None,1753676976392,2025-08-25,2025-07-26,2025
AOI-02,ffcd445586dcd3b933d48bcc1cbd5c7c04e40be18f8c37915aa1d54e8887a72f,COPERNICUS/S2_SR_HARMONIZED,2025-07-31T04:29:20.194000+00:00,70.318747,,b21c8cc7f3d4d35e1db4dfa1c8245ff10ba657c0a0a001992b552808766cc49b,True,source-scenes-v1,46SGB,2025-08-10,Sentinel-2,05.11,05.11,S2B_MSIL2A_20250731T041549_N0511_R090_T46SGB_20250731T062821,HARMONIZED,06d61cfa74e24428c8c085ced9b0cd95204c3cbfdddfbebef319ec0216d43b1e,sentinel2,64f2faec1808957c8ce2b1a40993a86ea910ff0bf38f8e9eb93301dcb666189a,COPERNICUS/S2_SR_HARMONIZED/20250731T041549_20250731T042220_T46SGB,None,1753936160194,2025-08-25,2025-07-26,2025
AOI-02,ffcd445586dcd3b933d48bcc1cbd5c7c04e40be18f8c37915aa1d54e8887a72f,COPERNICUS/S2_SR_HARMONIZED,2025-08-05T04:29:39.802000+00:00,45.122173,,b21c8cc7f3d4d35e1db4dfa1c8245ff10ba657c0a0a001992b552808766cc49b,True,source-scenes-v1,46SGB,2025-08-10,Sentinel-2,05.11,05.11,S2C_MSIL2A_20250805T041611_N0511_R090_T46SGB_20250805T082022,HARMONIZED,06d61cfa74e24428c8c085ced9b0cd95204c3cbfdddfbebef319ec0216d43b1e,sentinel2,64f2faec1808957c8ce2b1a40993a86ea910ff0bf38f8e9eb93301dcb666189a,COPERNICUS/S2_SR_HARMONIZED/20250805T041611_20250805T041838_T46SGB,None,1754368179802,2025-08-25,2025-07-26,2025
AOI-02,ffcd445586dcd3b933d48bcc1cbd5c7c04e40be18f8c37915aa1d54e8887a72f,COPERNICUS/S2_SR_HARMONIZED,2025-08-05T04:29:37.575000+00:00,36.438906,,b21c8cc7f3d4d35e1db4dfa1c8245ff10ba657c0a0a001992b552808766cc49b,True,source-scenes-v1,47SKS,2025-08-10,Sentinel-2,05.11,05.11,S2C_MSIL2A_20250805T041611_N0511_R090_T47SKS_20250805T082022,HARMONIZED,06d61cfa74e24428c8c085ced9b0cd95204c3cbfdddfbebef319ec0216d43b1e,sentinel2,64f2faec1808957c8ce2b1a40993a86ea910ff0bf38f8e9eb93301dcb666189a,COPERNICUS/S2_SR_HARMONIZED/20250805T041611_20250805T041838_T47SKS,None,1754368177575,2025-08-25,2025-07-26,2025
AOI-02,ffcd445586dcd3b933d48bcc1cbd5c7c04e40be18f8c37915aa1d54e8887a72f,COPERNICUS/S2_SR_HARMONIZED,2025-08-15T04:29:39.530000+00:00,32.157275,,b21c8cc7f3d4d35e1db4dfa1c8245ff10ba657c0a0a001992b552808766cc49b,True,source-scenes-v1,46SGB,2025-08-10,Sentinel-2,05.11,05.11,S2C_MSIL2A_20250815T041611_N0511_R090_T46SGB_20250815T072412,HARMONIZED,06d61cfa74e24428c8c085ced9b0cd95204c3cbfdddfbebef319ec0216d43b1e,sentinel2,64f2faec1808957c8ce2b1a40993a86ea910ff0bf38f8e9eb93301dcb666189a,COPERNICUS/S2_SR_HARMONIZED/20250815T041611_20250815T042508_T46SGB,None,1755232179530,2025-08-25,2025-07-26,2025
AOI-02,ffcd445586dcd3b933d48bcc1cbd5c7c04e40be18f8c37915aa1d54e8887a72f,COPERNICUS/S2_SR_HARMONIZED,2025-08-15T04:29:37.303000+00:00,24.832848,,b21c8cc7f3d4d35e1db4dfa1c8245ff10ba657c0a0a001992b552808766cc49b,True,source-scenes-v1,47SKS,2025-08-10,Sentinel-2,05.11,05.11,S2C_MSIL2A_20250815T041611_N0511_R090_T47SKS_20250815T072412,HARMONIZED,06d61cfa74e24428c8c085ced9b0cd95204c3cbfdddfbebef319ec0216d43b1e,sentinel2,64f2faec1808957c8ce2b1a40993a86ea910ff0bf38f8e9eb93301dcb666189a,COPERNICUS/S2_SR_HARMONIZED/20250815T041611_20250815T042508_T47SKS,None,1755232177303,2025-08-25,2025-07-26,2025
AOI-02,ffcd445586dcd3b933d48bcc1cbd5c7c04e40be18f8c37915aa1d54e8887a72f,COPERNICUS/S2_SR_HARMONIZED,2025-08-17T04:29:33.458000+00:00,3.413934,,b21c8cc7f3d4d35e1db4dfa1c8245ff10ba657c0a0a001992b552808766cc49b,True,source-scenes-v1,46SGB,2025-08-10,Sentinel-2,05.11,05.11,S2A_MSIL2A_20250817T042221_N0511_R090_T46SGB_20250817T071016,HARMONIZED,06d61cfa74e24428c8c085ced9b0cd95204c3cbfdddfbebef319ec0216d43b1e,sentinel2,64f2faec1808957c8ce2b1a40993a86ea910ff0bf38f8e9eb93301dcb666189a,COPERNICUS/S2_SR_HARMONIZED/20250817T042221_20250817T042218_T46SGB,None,1755404973458,2025-08-25,2025-07-26,2025
AOI-02,ffcd445586dcd3b933d48bcc1cbd5c7c04e40be18f8c37915aa1d54e8887a72f,COPERNICUS/S2_SR_HARMONIZED,2025-08-17T04:29:31.239000+00:00,5.504985,,b21c8cc7f3d4d35e1db4dfa1c8245ff10ba657c0a0a001992b552808766cc49b,True,source-scenes-v1,47SKS,2025-08-10,Sentinel-2,05.11,05.11,S2A_MSIL2A_20250817T042221_N0511_R090_T47SKS_20250817T071016,HARMONIZED,06d61cfa74e24428c8c085ced9b0cd95204c3cbfdddfbebef319ec0216d43b1e,sentinel2,64f2faec1808957c8ce2b1a40993a86ea910ff0bf38f8e9eb93301dcb666189a,COPERNICUS/S2_SR_HARMONIZED/20250817T042221_20250817T042218_T47SKS,None,1755404971239,2025-08-25,2025-07-26,2025
AOI-02,ffcd445586dcd3b933d48bcc1cbd5c7c04e40be18f8c37915aa1d54e8887a72f,COPERNICUS/S2_SR_HARMONIZED,2025-08-25T04:29:37.414000+00:00,73.209566,,b21c8cc7f3d4d35e1db4dfa1c8245ff10ba657c0a0a001992b552808766cc49b,True,source-scenes-v1,47SKS,2025-08-10,Sentinel-2,05.11,05.11,S2C_MSIL2A_20250825T041611_N0511_R090_T47SKS_20250825T080714,HARMONIZED,06d61cfa74e24428c8c085ced9b0cd95204c3cbfdddfbebef319ec0216d43b1e,sentinel2,64f2faec1808957c8ce2b1a40993a86ea910ff0bf38f8e9eb93301dcb666189a,COPERNICUS/S2_SR_HARMONIZED/20250825T041611_20250825T041907_T47SKS,None,1756096177414,2025-08-25,2025-07-26,2025
AOI-03,57ca12641709501bb5f30118c491acefed62396c209537573d7eed1d5b0cca15,COPERNICUS/S2_SR_HARMONIZED,2021-07-07T04:28:33.510000+00:00,17.040645,,b21c8cc7f3d4d35e1db4dfa1c8245ff10ba657c0a0a001992b552808766cc49b,True,source-scenes-v1,47SLV,2021-07-20,Sentinel-2,03.01,03.01,S2A_MSIL2A_20210707T041551_N0301_R090_T47SLV_20210707T063647,HARMONIZED,2f9ff24f786fe65ee669796b75374ee1450a14ebf606c23c00d3170a8ecbddc7,sentinel2,30d46f8e5b3bd5c7cdf485b425aa562c4db6a9bdbbb5fbb91522accbe5fca1a3,COPERNICUS/S2_SR_HARMONIZED/20210707T041551_20210707T042515_T47SLV,None,1625632113510,2021-08-04,2021-07-05,2021
AOI-03,57ca12641709501bb5f30118c491acefed62396c209537573d7eed1d5b0cca15,COPERNICUS/S2_SR_HARMONIZED,2021-07-12T04:28:32.805000+00:00,19.068972,,b21c8cc7f3d4d35e1db4dfa1c8245ff10ba657c0a0a001992b552808766cc49b,True,source-scenes-v1,47SLV,2021-07-20,Sentinel-2,03.01,03.01,S2B_MSIL2A_20210712T041549_N0301_R090_T47SLV_20210712T071828,HARMONIZED,2f9ff24f786fe65ee669796b75374ee1450a14ebf606c23c00d3170a8ecbddc7,sentinel2,30d46f8e5b3bd5c7cdf485b425aa562c4db6a9bdbbb5fbb91522accbe5fca1a3,COPERNICUS/S2_SR_HARMONIZED/20210712T041549_20210712T041613_T47SLV,None,1626064112805,2021-08-04,2021-07-05,2021
AOI-03,57ca12641709501bb5f30118c491acefed62396c209537573d7eed1d5b0cca15,COPERNICUS/S2_SR_HARMONIZED,2021-07-17T04:28:34.138000+00:00,11.709127,,b21c8cc7f3d4d35e1db4dfa1c8245ff10ba657c0a0a001992b552808766cc49b,True,source-scenes-v1,47SLV,2021-07-20,Sentinel-2,03.01,03.01,S2A_MSIL2A_20210717T041551_N0301_R090_T47SLV_20210717T071426,HARMONIZED,2f9ff24f786fe65ee669796b75374ee1450a14ebf606c23c00d3170a8ecbddc7,sentinel2,30d46f8e5b3bd5c7cdf485b425aa562c4db6a9bdbbb5fbb91522accbe5fca1a3,COPERNICUS/S2_SR_HARMONIZED/20210717T041551_20210717T042026_T47SLV,None,1626496114138,2021-08-04,2021-07-05,2021
AOI-03,57ca12641709501bb5f30118c491acefed62396c209537573d7eed1d5b0cca15,COPERNICUS/S2_SR_HARMONIZED,2021-07-22T04:28:32.912000+00:00,7.219748,,b21c8cc7f3d4d35e1db4dfa1c8245ff10ba657c0a0a001992b552808766cc49b,True,source-scenes-v1,47SLV,2021-07-20,Sentinel-2,03.01,03.01,S2B_MSIL2A_20210722T041549_N0301_R090_T47SLV_20210722T071628,HARMONIZED,2f9ff24f786fe65ee669796b75374ee1450a14ebf606c23c00d3170a8ecbddc7,sentinel2,30d46f8e5b3bd5c7cdf485b425aa562c4db6a9bdbbb5fbb91522accbe5fca1a3,COPERNICUS/S2_SR_HARMONIZED/20210722T041549_20210722T041848_T47SLV,None,1626928112912,2021-08-04,2021-07-05,2021
AOI-03,57ca12641709501bb5f30118c491acefed62396c209537573d7eed1d5b0cca15,COPERNICUS/S2_SR_HARMONIZED,2021-07-27T04:28:34.251000+00:00,41.232068,,b21c8cc7f3d4d35e1db4dfa1c8245ff10ba657c0a0a001992b552808766cc49b,True,source-scenes-v1,47SLV,2021-07-20,Sentinel-2,03.01,03.01,S2A_MSIL2A_20210727T041551_N0301_R090_T47SLV_20210727T070338,HARMONIZED,2f9ff24f786fe65ee669796b75374ee1450a14ebf606c23c00d3170a8ecbddc7,sentinel2,30d46f8e5b3bd5c7cdf485b425aa562c4db6a9bdbbb5fbb91522accbe5fca1a3,COPERNICUS/S2_SR_HARMONIZED/20210727T041551_20210727T042254_T47SLV,None,1627360114251,2021-08-04,2021-07-05,2021
AOI-03,57ca12641709501bb5f30118c491acefed62396c209537573d7eed1d5b0cca15,COPERNICUS/S2_SR_HARMONIZED,2021-08-01T04:28:32.459000+00:00,17.305211,,b21c8cc7f3d4d35e1db4dfa1c8245ff10ba657c0a0a001992b552808766cc49b,True,source-scenes-v1,47SLV,2021-07-20,Sentinel-2,03.01,03.01,S2B_MSIL2A_20210801T041549_N0301_R090_T47SLV_20210801T071639,HARMONIZED,2f9ff24f786fe65ee669796b75374ee1450a14ebf606c23c00d3170a8ecbddc7,sentinel2,30d46f8e5b3bd5c7cdf485b425aa562c4db6a9bdbbb5fbb91522accbe5fca1a3,COPERNICUS/S2_SR_HARMONIZED/20210801T041549_20210801T041843_T47SLV,None,1627792112459,2021-08-04,2021-07-05,2021
AOI-03,57ca12641709501bb5f30118c491acefed62396c209537573d7eed1d5b0cca15,COPERNICUS/S2_SR_HARMONIZED,2021-08-06T04:28:33.744000+00:00,78.683469,OUTSIDE_NOMINAL_WINDOW,b21c8cc7f3d4d35e1db4dfa1c8245ff10ba657c0a0a001992b552808766cc49b,False,source-scenes-v1,47SLV,2021-07-20,Sentinel-2,03.01,03.01,S2A_MSIL2A_20210806T041551_N0301_R090_T47SLV_20210806T063229,HARMONIZED,2f9ff24f786fe65ee669796b75374ee1450a14ebf606c23c00d3170a8ecbddc7,sentinel2,30d46f8e5b3bd5c7cdf485b425aa562c4db6a9bdbbb5fbb91522accbe5fca1a3,COPERNICUS/S2_SR_HARMONIZED/20210806T041551_20210806T042319_T47SLV,None,1628224113744,2021-08-04,2021-07-05,2021
AOI-03,57ca12641709501bb5f30118c491acefed62396c209537573d7eed1d5b0cca15,COPERNICUS/S2_SR_HARMONIZED,2021-08-16T04:28:33.329000+00:00,14.075534,OUTSIDE_NOMINAL_WINDOW,b21c8cc7f3d4d35e1db4dfa1c8245ff10ba657c0a0a001992b552808766cc49b,False,source-scenes-v1,47SLV,2021-07-20,Sentinel-2,03.01,03.01,S2A_MSIL2A_20210816T041551_N0301_R090_T47SLV_20210816T071820,HARMONIZED,2f9ff24f786fe65ee669796b75374ee1450a14ebf606c23c00d3170a8ecbddc7,sentinel2,30d46f8e5b3bd5c7cdf485b425aa562c4db6a9bdbbb5fbb91522accbe5fca1a3,COPERNICUS/S2_SR_HARMONIZED/20210816T041551_20210816T042108_T47SLV,None,1629088113329,2021-08-04,2021-07-05,2021
AOI-03,57ca12641709501bb5f30118c491acefed62396c209537573d7eed1d5b0cca15,COPERNICUS/S2_SR_HARMONIZED,2021-07-07T04:28:33.510000+00:00,17.040645,OUTSIDE_NOMINAL_WINDOW,b21c8cc7f3d4d35e1db4dfa1c8245ff10ba657c0a0a001992b552808766cc49b,False,source-scenes-v1,47SLV,2021-07-31,Sentinel-2,03.01,03.01,S2A_MSIL2A_20210707T041551_N0301_R090_T47SLV_20210707T063647,HARMONIZED,d49588bf75ae42ab81f3bd457432170d3f810873a1bce9bc5dbc15aace3ef0f8,sentinel2,a6f34003b03bf0c9883b61d0ff47b76e9dac5924804ecbc8c36ccf3ca393cbfc,COPERNICUS/S2_SR_HARMONIZED/20210707T041551_20210707T042515_T47SLV,None,1625632113510,2021-08-15,2021-07-16,2021
AOI-03,57ca12641709501bb5f30118c491acefed62396c209537573d7eed1d5b0cca15,COPERNICUS/S2_SR_HARMONIZED,2021-07-12T04:28:32.805000+00:00,19.068972,OUTSIDE_NOMINAL_WINDOW,b21c8cc7f3d4d35e1db4dfa1c8245ff10ba657c0a0a001992b552808766cc49b,False,source-scenes-v1,47SLV,2021-07-31,Sentinel-2,03.01,03.01,S2B_MSIL2A_20210712T041549_N0301_R090_T47SLV_20210712T071828,HARMONIZED,d49588bf75ae42ab81f3bd457432170d3f810873a1bce9bc5dbc15aace3ef0f8,sentinel2,a6f34003b03bf0c9883b61d0ff47b76e9dac5924804ecbc8c36ccf3ca393cbfc,COPERNICUS/S2_SR_HARMONIZED/20210712T041549_20210712T041613_T47SLV,None,1626064112805,2021-08-15,2021-07-16,2021
AOI-03,57ca12641709501bb5f30118c491acefed62396c209537573d7eed1d5b0cca15,COPERNICUS/S2_SR_HARMONIZED,2021-07-17T04:28:34.138000+00:00,11.709127,,b21c8cc7f3d4d35e1db4dfa1c8245ff10ba657c0a0a001992b552808766cc49b,True,source-scenes-v1,47SLV,2021-07-31,Sentinel-2,03.01,03.01,S2A_MSIL2A_20210717T041551_N0301_R090_T47SLV_20210717T071426,HARMONIZED,d49588bf75ae42ab81f3bd457432170d3f810873a1bce9bc5dbc15aace3ef0f8,sentinel2,a6f34003b03bf0c9883b61d0ff47b76e9dac5924804ecbc8c36ccf3ca393cbfc,COPERNICUS/S2_SR_HARMONIZED/20210717T041551_20210717T042026_T47SLV,None,1626496114138,2021-08-15,2021-07-16,2021
AOI-03,57ca12641709501bb5f30118c491acefed62396c209537573d7eed1d5b0cca15,COPERNICUS/S2_SR_HARMONIZED,2021-07-22T04:28:32.912000+00:00,7.219748,,b21c8cc7f3d4d35e1db4dfa1c8245ff10ba657c0a0a001992b552808766cc49b,True,source-scenes-v1,47SLV,2021-07-31,Sentinel-2,03.01,03.01,S2B_MSIL2A_20210722T041549_N0301_R090_T47SLV_20210722T071628,HARMONIZED,d49588bf75ae42ab81f3bd457432170d3f810873a1bce9bc5dbc15aace3ef0f8,sentinel2,a6f34003b03bf0c9883b61d0ff47b76e9dac5924804ecbc8c36ccf3ca393cbfc,COPERNICUS/S2_SR_HARMONIZED/20210722T041549_20210722T041848_T47SLV,None,1626928112912,2021-08-15,2021-07-16,2021
AOI-03,57ca12641709501bb5f30118c491acefed62396c209537573d7eed1d5b0cca15,COPERNICUS/S2_SR_HARMONIZED,2021-07-27T04:28:34.251000+00:00,41.232068,,b21c8cc7f3d4d35e1db4dfa1c8245ff10ba657c0a0a001992b552808766cc49b,True,source-scenes-v1,47SLV,2021-07-31,Sentinel-2,03.01,03.01,S2A_MSIL2A_20210727T041551_N0301_R090_T47SLV_20210727T070338,HARMONIZED,d49588bf75ae42ab81f3bd457432170d3f810873a1bce9bc5dbc15aace3ef0f8,sentinel2,a6f34003b03bf0c9883b61d0ff47b76e9dac5924804ecbc8c36ccf3ca393cbfc,COPERNICUS/S2_SR_HARMONIZED/20210727T041551_20210727T042254_T47SLV,None,1627360114251,2021-08-15,2021-07-16,2021
AOI-03,57ca12641709501bb5f30118c491acefed62396c209537573d7eed1d5b0cca15,COPERNICUS/S2_SR_HARMONIZED,2021-08-01T04:28:32.459000+00:00,17.305211,,b21c8cc7f3d4d35e1db4dfa1c8245ff10ba657c0a0a001992b552808766cc49b,True,source-scenes-v1,47SLV,2021-07-31,Sentinel-2,03.01,03.01,S2B_MSIL2A_20210801T041549_N0301_R090_T47SLV_20210801T071639,HARMONIZED,d49588bf75ae42ab81f3bd457432170d3f810873a1bce9bc5dbc15aace3ef0f8,sentinel2,a6f34003b03bf0c9883b61d0ff47b76e9dac5924804ecbc8c36ccf3ca393cbfc,COPERNICUS/S2_SR_HARMONIZED/20210801T041549_20210801T041843_T47SLV,None,1627792112459,2021-08-15,2021-07-16,2021
AOI-03,57ca12641709501bb5f30118c491acefed62396c209537573d7eed1d5b0cca15,COPERNICUS/S2_SR_HARMONIZED,2021-08-06T04:28:33.744000+00:00,78.683469,,b21c8cc7f3d4d35e1db4dfa1c8245ff10ba657c0a0a001992b552808766cc49b,True,source-scenes-v1,47SLV,2021-07-31,Sentinel-2,03.01,03.01,S2A_MSIL2A_20210806T041551_N0301_R090_T47SLV_20210806T063229,HARMONIZED,d49588bf75ae42ab81f3bd457432170d3f810873a1bce9bc5dbc15aace3ef0f8,sentinel2,a6f34003b03bf0c9883b61d0ff47b76e9dac5924804ecbc8c36ccf3ca393cbfc,COPERNICUS/S2_SR_HARMONIZED/20210806T041551_20210806T042319_T47SLV,None,1628224113744,2021-08-15,2021-07-16,2021
AOI-03,57ca12641709501bb5f30118c491acefed62396c209537573d7eed1d5b0cca15,COPERNICUS/S2_SR_HARMONIZED,2021-08-16T04:28:33.329000+00:00,14.075534,OUTSIDE_NOMINAL_WINDOW,b21c8cc7f3d4d35e1db4dfa1c8245ff10ba657c0a0a001992b552808766cc49b,False,source-scenes-v1,47SLV,2021-07-31,Sentinel-2,03.01,03.01,S2A_MSIL2A_20210816T041551_N0301_R090_T47SLV_20210816T071820,HARMONIZED,d49588bf75ae42ab81f3bd457432170d3f810873a1bce9bc5dbc15aace3ef0f8,sentinel2,a6f34003b03bf0c9883b61d0ff47b76e9dac5924804ecbc8c36ccf3ca393cbfc,COPERNICUS/S2_SR_HARMONIZED/20210816T041551_20210816T042108_T47SLV,None,1629088113329,2021-08-15,2021-07-16,2021
AOI-03,57ca12641709501bb5f30118c491acefed62396c209537573d7eed1d5b0cca15,COPERNICUS/S2_SR_HARMONIZED,2021-07-07T04:28:33.510000+00:00,17.040645,OUTSIDE_NOMINAL_WINDOW,b21c8cc7f3d4d35e1db4dfa1c8245ff10ba657c0a0a001992b552808766cc49b,False,source-scenes-v1,47SLV,2021-08-10,Sentinel-2,03.01,03.01,S2A_MSIL2A_20210707T041551_N0301_R090_T47SLV_20210707T063647,HARMONIZED,1edd7a4a9d1f52b487c15206b71148ae2b4e36d95399573b79544e42330e4ef6,sentinel2,a9794aea4cb4c3802d66be24c9f9b79d7e10d8c14df517bf8d352a604c6908b5,COPERNICUS/S2_SR_HARMONIZED/20210707T041551_20210707T042515_T47SLV,None,1625632113510,2021-08-25,2021-07-26,2021
AOI-03,57ca12641709501bb5f30118c491acefed62396c209537573d7eed1d5b0cca15,COPERNICUS/S2_SR_HARMONIZED,2021-07-12T04:28:32.805000+00:00,19.068972,OUTSIDE_NOMINAL_WINDOW,b21c8cc7f3d4d35e1db4dfa1c8245ff10ba657c0a0a001992b552808766cc49b,False,source-scenes-v1,47SLV,2021-08-10,Sentinel-2,03.01,03.01,S2B_MSIL2A_20210712T041549_N0301_R090_T47SLV_20210712T071828,HARMONIZED,1edd7a4a9d1f52b487c15206b71148ae2b4e36d95399573b79544e42330e4ef6,sentinel2,a9794aea4cb4c3802d66be24c9f9b79d7e10d8c14df517bf8d352a604c6908b5,COPERNICUS/S2_SR_HARMONIZED/20210712T041549_20210712T041613_T47SLV,None,1626064112805,2021-08-25,2021-07-26,2021
AOI-03,57ca12641709501bb5f30118c491acefed62396c209537573d7eed1d5b0cca15,COPERNICUS/S2_SR_HARMONIZED,2021-07-17T04:28:34.138000+00:00,11.709127,OUTSIDE_NOMINAL_WINDOW,b21c8cc7f3d4d35e1db4dfa1c8245ff10ba657c0a0a001992b552808766cc49b,False,source-scenes-v1,47SLV,2021-08-10,Sentinel-2,03.01,03.01,S2A_MSIL2A_20210717T041551_N0301_R090_T47SLV_20210717T071426,HARMONIZED,1edd7a4a9d1f52b487c15206b71148ae2b4e36d95399573b79544e42330e4ef6,sentinel2,a9794aea4cb4c3802d66be24c9f9b79d7e10d8c14df517bf8d352a604c6908b5,COPERNICUS/S2_SR_HARMONIZED/20210717T041551_20210717T042026_T47SLV,None,1626496114138,2021-08-25,2021-07-26,2021
AOI-03,57ca12641709501bb5f30118c491acefed62396c209537573d7eed1d5b0cca15,COPERNICUS/S2_SR_HARMONIZED,2021-07-22T04:28:32.912000+00:00,7.219748,OUTSIDE_NOMINAL_WINDOW,b21c8cc7f3d4d35e1db4dfa1c8245ff10ba657c0a0a001992b552808766cc49b,False,source-scenes-v1,47SLV,2021-08-10,Sentinel-2,03.01,03.01,S2B_MSIL2A_20210722T041549_N0301_R090_T47SLV_20210722T071628,HARMONIZED,1edd7a4a9d1f52b487c15206b71148ae2b4e36d95399573b79544e42330e4ef6,sentinel2,a9794aea4cb4c3802d66be24c9f9b79d7e10d8c14df517bf8d352a604c6908b5,COPERNICUS/S2_SR_HARMONIZED/20210722T041549_20210722T041848_T47SLV,None,1626928112912,2021-08-25,2021-07-26,2021
AOI-03,57ca12641709501bb5f30118c491acefed62396c209537573d7eed1d5b0cca15,COPERNICUS/S2_SR_HARMONIZED,2021-07-27T04:28:34.251000+00:00,41.232068,,b21c8cc7f3d4d35e1db4dfa1c8245ff10ba657c0a0a001992b552808766cc49b,True,source-scenes-v1,47SLV,2021-08-10,Sentinel-2,03.01,03.01,S2A_MSIL2A_20210727T041551_N0301_R090_T47SLV_20210727T070338,HARMONIZED,1edd7a4a9d1f52b487c15206b71148ae2b4e36d95399573b79544e42330e4ef6,sentinel2,a9794aea4cb4c3802d66be24c9f9b79d7e10d8c14df517bf8d352a604c6908b5,COPERNICUS/S2_SR_HARMONIZED/20210727T041551_20210727T042254_T47SLV,None,1627360114251,2021-08-25,2021-07-26,2021
AOI-03,57ca12641709501bb5f30118c491acefed62396c209537573d7eed1d5b0cca15,COPERNICUS/S2_SR_HARMONIZED,2021-08-01T04:28:32.459000+00:00,17.305211,,b21c8cc7f3d4d35e1db4dfa1c8245ff10ba657c0a0a001992b552808766cc49b,True,source-scenes-v1,47SLV,2021-08-10,Sentinel-2,03.01,03.01,S2B_MSIL2A_20210801T041549_N0301_R090_T47SLV_20210801T071639,HARMONIZED,1edd7a4a9d1f52b487c15206b71148ae2b4e36d95399573b79544e42330e4ef6,sentinel2,a9794aea4cb4c3802d66be24c9f9b79d7e10d8c14df517bf8d352a604c6908b5,COPERNICUS/S2_SR_HARMONIZED/20210801T041549_20210801T041843_T47SLV,None,1627792112459,2021-08-25,2021-07-26,2021
AOI-03,57ca12641709501bb5f30118c491acefed62396c209537573d7eed1d5b0cca15,COPERNICUS/S2_SR_HARMONIZED,2021-08-06T04:28:33.744000+00:00,78.683469,,b21c8cc7f3d4d35e1db4dfa1c8245ff10ba657c0a0a001992b552808766cc49b,True,source-scenes-v1,47SLV,2021-08-10,Sentinel-2,03.01,03.01,S2A_MSIL2A_20210806T041551_N0301_R090_T47SLV_20210806T063229,HARMONIZED,1edd7a4a9d1f52b487c15206b71148ae2b4e36d95399573b79544e42330e4ef6,sentinel2,a9794aea4cb4c3802d66be24c9f9b79d7e10d8c14df517bf8d352a604c6908b5,COPERNICUS/S2_SR_HARMONIZED/20210806T041551_20210806T042319_T47SLV,None,1628224113744,2021-08-25,2021-07-26,2021
AOI-03,57ca12641709501bb5f30118c491acefed62396c209537573d7eed1d5b0cca15,COPERNICUS/S2_SR_HARMONIZED,2021-08-16T04:28:33.329000+00:00,14.075534,,b21c8cc7f3d4d35e1db4dfa1c8245ff10ba657c0a0a001992b552808766cc49b,True,source-scenes-v1,47SLV,2021-08-10,Sentinel-2,03.01,03.01,S2A_MSIL2A_20210816T041551_N0301_R090_T47SLV_20210816T071820,HARMONIZED,1edd7a4a9d1f52b487c15206b71148ae2b4e36d95399573b79544e42330e4ef6,sentinel2,a9794aea4cb4c3802d66be24c9f9b79d7e10d8c14df517bf8d352a604c6908b5,COPERNICUS/S2_SR_HARMONIZED/20210816T041551_20210816T042108_T47SLV,None,1629088113329,2021-08-25,2021-07-26,2021
AOI-03,57ca12641709501bb5f30118c491acefed62396c209537573d7eed1d5b0cca15,COPERNICUS/S2_SR_HARMONIZED,2022-07-07T04:28:35.842000+00:00,0.007754,,b21c8cc7f3d4d35e1db4dfa1c8245ff10ba657c0a0a001992b552808766cc49b,True,source-scenes-v1,47SLV,2022-07-20,Sentinel-2,05.10,05.10,S2B_MSIL2A_20220707T041559_N0510_R090_T47SLV_20240625T152852,HARMONIZED,f78671ff78ef3943b8e6d83625cf5f4d32005fc09d6f68cfb4ef5f070a9b1f8d,sentinel2,14f609c0fa28def4107b0b6cb7da4e8f0b58e0cc82719895a5defbe7b1f89b16,COPERNICUS/S2_SR_HARMONIZED/20220707T041559_20220707T042654_T47SLV,None,1657168115842,2022-08-04,2022-07-05,2022
AOI-03,57ca12641709501bb5f30118c491acefed62396c209537573d7eed1d5b0cca15,COPERNICUS/S2_SR_HARMONIZED,2022-07-12T04:28:43.645000+00:00,38.153473,,b21c8cc7f3d4d35e1db4dfa1c8245ff10ba657c0a0a001992b552808766cc49b,True,source-scenes-v1,47SLV,2022-07-20,Sentinel-2,04.00,04.00,S2A_MSIL2A_20220712T041601_N0400_R090_T47SLV_20220712T081901,HARMONIZED,f78671ff78ef3943b8e6d83625cf5f4d32005fc09d6f68cfb4ef5f070a9b1f8d,sentinel2,14f609c0fa28def4107b0b6cb7da4e8f0b58e0cc82719895a5defbe7b1f89b16,COPERNICUS/S2_SR_HARMONIZED/20220712T041601_20220712T042651_T47SLV,None,1657600123645,2022-08-04,2022-07-05,2022
AOI-03,57ca12641709501bb5f30118c491acefed62396c209537573d7eed1d5b0cca15,COPERNICUS/S2_SR_HARMONIZED,2022-07-22T04:28:41.988000+00:00,1.666799,,b21c8cc7f3d4d35e1db4dfa1c8245ff10ba657c0a0a001992b552808766cc49b,True,source-scenes-v1,47SLV,2022-07-20,Sentinel-2,04.00,04.00,S2A_MSIL2A_20220722T041601_N0400_R090_T47SLV_20220722T080159,HARMONIZED,f78671ff78ef3943b8e6d83625cf5f4d32005fc09d6f68cfb4ef5f070a9b1f8d,sentinel2,14f609c0fa28def4107b0b6cb7da4e8f0b58e0cc82719895a5defbe7b1f89b16,COPERNICUS/S2_SR_HARMONIZED/20220722T041601_20220722T042653_T47SLV,None,1658464121988,2022-08-04,2022-07-05,2022
AOI-03,57ca12641709501bb5f30118c491acefed62396c209537573d7eed1d5b0cca15,COPERNICUS/S2_SR_HARMONIZED,2022-07-27T04:28:35.876000+00:00,14.359763,,b21c8cc7f3d4d35e1db4dfa1c8245ff10ba657c0a0a001992b552808766cc49b,True,source-scenes-v1,47SLV,2022-07-20,Sentinel-2,04.00,04.00,S2B_MSIL2A_20220727T041559_N0400_R090_T47SLV_20220727T064251,HARMONIZED,f78671ff78ef3943b8e6d83625cf5f4d32005fc09d6f68cfb4ef5f070a9b1f8d,sentinel2,14f609c0fa28def4107b0b6cb7da4e8f0b58e0cc82719895a5defbe7b1f89b16,COPERNICUS/S2_SR_HARMONIZED/20220727T041559_20220727T042654_T47SLV,None,1658896115876,2022-08-04,2022-07-05,2022
AOI-03,57ca12641709501bb5f30118c491acefed62396c209537573d7eed1d5b0cca15,COPERNICUS/S2_SR_HARMONIZED,2022-08-01T04:28:41.042000+00:00,22.795466,,b21c8cc7f3d4d35e1db4dfa1c8245ff10ba657c0a0a001992b552808766cc49b,True,source-scenes-v1,47SLV,2022-07-20,Sentinel-2,04.00,04.00,S2A_MSIL2A_20220801T041601_N0400_R090_T47SLV_20220801T080353,HARMONIZED,f78671ff78ef3943b8e6d83625cf5f4d32005fc09d6f68cfb4ef5f070a9b1f8d,sentinel2,14f609c0fa28def4107b0b6cb7da4e8f0b58e0cc82719895a5defbe7b1f89b16,COPERNICUS/S2_SR_HARMONIZED/20220801T041601_20220801T042652_T47SLV,None,1659328121042,2022-08-04,2022-07-05,2022
AOI-03,57ca12641709501bb5f30118c491acefed62396c209537573d7eed1d5b0cca15,COPERNICUS/S2_SR_HARMONIZED,2022-08-06T04:28:35.189000+00:00,25.477633,OUTSIDE_NOMINAL_WINDOW,b21c8cc7f3d4d35e1db4dfa1c8245ff10ba657c0a0a001992b552808766cc49b,False,source-scenes-v1,47SLV,2022-07-20,Sentinel-2,04.00,04.00,S2B_MSIL2A_20220806T041559_N0400_R090_T47SLV_20220806T065632,HARMONIZED,f78671ff78ef3943b8e6d83625cf5f4d32005fc09d6f68cfb4ef5f070a9b1f8d,sentinel2,14f609c0fa28def4107b0b6cb7da4e8f0b58e0cc82719895a5defbe7b1f89b16,COPERNICUS/S2_SR_HARMONIZED/20220806T041559_20220806T042657_T47SLV,None,1659760115189,2022-08-04,2022-07-05,2022
AOI-03,57ca12641709501bb5f30118c491acefed62396c209537573d7eed1d5b0cca15,COPERNICUS/S2_SR_HARMONIZED,2022-08-11T04:28:42.867000+00:00,18.555582,OUTSIDE_NOMINAL_WINDOW,b21c8cc7f3d4d35e1db4dfa1c8245ff10ba657c0a0a001992b552808766cc49b,False,source-scenes-v1,47SLV,2022-07-20,Sentinel-2,04.00,04.00,S2A_MSIL2A_20220811T041601_N0400_R090_T47SLV_20220811T090259,HARMONIZED,f78671ff78ef3943b8e6d83625cf5f4d32005fc09d6f68cfb4ef5f070a9b1f8d,sentinel2,14f609c0fa28def4107b0b6cb7da4e8f0b58e0cc82719895a5defbe7b1f89b16,COPERNICUS/S2_SR_HARMONIZED/20220811T041601_20220811T042223_T47SLV,None,1660192122867,2022-08-04,2022-07-05,2022
AOI-03,57ca12641709501bb5f30118c491acefed62396c209537573d7eed1d5b0cca15,COPERNICUS/S2_SR_HARMONIZED,2022-08-16T04:28:33.490000+00:00,33.999699,OUTSIDE_NOMINAL_WINDOW,b21c8cc7f3d4d35e1db4dfa1c8245ff10ba657c0a0a001992b552808766cc49b,False,source-scenes-v1,47SLV,2022-07-20,Sentinel-2,04.00,04.00,S2B_MSIL2A_20220816T041549_N0400_R090_T47SLV_20220816T064545,HARMONIZED,f78671ff78ef3943b8e6d83625cf5f4d32005fc09d6f68cfb4ef5f070a9b1f8d,sentinel2,14f609c0fa28def4107b0b6cb7da4e8f0b58e0cc82719895a5defbe7b1f89b16,COPERNICUS/S2_SR_HARMONIZED/20220816T041549_20220816T042655_T47SLV,None,1660624113490,2022-08-04,2022-07-05,2022
AOI-03,57ca12641709501bb5f30118c491acefed62396c209537573d7eed1d5b0cca15,COPERNICUS/S2_SR_HARMONIZED,2022-08-21T04:28:43.512000+00:00,63.176417,OUTSIDE_NOMINAL_WINDOW,b21c8cc7f3d4d35e1db4dfa1c8245ff10ba657c0a0a001992b552808766cc49b,False,source-scenes-v1,47SLV,2022-07-20,Sentinel-2,04.00,04.00,S2A_MSIL2A_20220821T041601_N0400_R090_T47SLV_20220821T185205,HARMONIZED,f78671ff78ef3943b8e6d83625cf5f4d32005fc09d6f68cfb4ef5f070a9b1f8d,sentinel2,14f609c0fa28def4107b0b6cb7da4e8f0b58e0cc82719895a5defbe7b1f89b16,COPERNICUS/S2_SR_HARMONIZED/20220821T041601_20220821T042651_T47SLV,None,1661056123512,2022-08-04,2022-07-05,2022
AOI-03,57ca12641709501bb5f30118c491acefed62396c209537573d7eed1d5b0cca15,COPERNICUS/S2_SR_HARMONIZED,2022-07-07T04:28:35.842000+00:00,0.007754,OUTSIDE_NOMINAL_WINDOW,b21c8cc7f3d4d35e1db4dfa1c8245ff10ba657c0a0a001992b552808766cc49b,False,source-scenes-v1,47SLV,2022-07-31,Sentinel-2,05.10,05.10,S2B_MSIL2A_20220707T041559_N0510_R090_T47SLV_20240625T152852,HARMONIZED,078a8cfee131abe5ceca1b97b940a5cbe84b0d369d6e803c812fcfd21690efca,sentinel2,7938d7ed1c63ac77f920644753558ddc7d1a19ea1f9cb376da82ed89207daf91,COPERNICUS/S2_SR_HARMONIZED/20220707T041559_20220707T042654_T47SLV,None,1657168115842,2022-08-15,2022-07-16,2022
AOI-03,57ca12641709501bb5f30118c491acefed62396c209537573d7eed1d5b0cca15,COPERNICUS/S2_SR_HARMONIZED,2022-07-12T04:28:43.645000+00:00,38.153473,OUTSIDE_NOMINAL_WINDOW,b21c8cc7f3d4d35e1db4dfa1c8245ff10ba657c0a0a001992b552808766cc49b,False,source-scenes-v1,47SLV,2022-07-31,Sentinel-2,04.00,04.00,S2A_MSIL2A_20220712T041601_N0400_R090_T47SLV_20220712T081901,HARMONIZED,078a8cfee131abe5ceca1b97b940a5cbe84b0d369d6e803c812fcfd21690efca,sentinel2,7938d7ed1c63ac77f920644753558ddc7d1a19ea1f9cb376da82ed89207daf91,COPERNICUS/S2_SR_HARMONIZED/20220712T041601_20220712T042651_T47SLV,None,1657600123645,2022-08-15,2022-07-16,2022
AOI-03,57ca12641709501bb5f30118c491acefed62396c209537573d7eed1d5b0cca15,COPERNICUS/S2_SR_HARMONIZED,2022-07-22T04:28:41.988000+00:00,1.666799,,b21c8cc7f3d4d35e1db4dfa1c8245ff10ba657c0a0a001992b552808766cc49b,True,source-scenes-v1,47SLV,2022-07-31,Sentinel-2,04.00,04.00,S2A_MSIL2A_20220722T041601_N0400_R090_T47SLV_20220722T080159,HARMONIZED,078a8cfee131abe5ceca1b97b940a5cbe84b0d369d6e803c812fcfd21690efca,sentinel2,7938d7ed1c63ac77f920644753558ddc7d1a19ea1f9cb376da82ed89207daf91,COPERNICUS/S2_SR_HARMONIZED/20220722T041601_20220722T042653_T47SLV,None,1658464121988,2022-08-15,2022-07-16,2022
AOI-03,57ca12641709501bb5f30118c491acefed62396c209537573d7eed1d5b0cca15,COPERNICUS/S2_SR_HARMONIZED,2022-07-27T04:28:35.876000+00:00,14.359763,,b21c8cc7f3d4d35e1db4dfa1c8245ff10ba657c0a0a001992b552808766cc49b,True,source-scenes-v1,47SLV,2022-07-31,Sentinel-2,04.00,04.00,S2B_MSIL2A_20220727T041559_N0400_R090_T47SLV_20220727T064251,HARMONIZED,078a8cfee131abe5ceca1b97b940a5cbe84b0d369d6e803c812fcfd21690efca,sentinel2,7938d7ed1c63ac77f920644753558ddc7d1a19ea1f9cb376da82ed89207daf91,COPERNICUS/S2_SR_HARMONIZED/20220727T041559_20220727T042654_T47SLV,None,1658896115876,2022-08-15,2022-07-16,2022
AOI-03,57ca12641709501bb5f30118c491acefed62396c209537573d7eed1d5b0cca15,COPERNICUS/S2_SR_HARMONIZED,2022-08-01T04:28:41.042000+00:00,22.795466,,b21c8cc7f3d4d35e1db4dfa1c8245ff10ba657c0a0a001992b552808766cc49b,True,source-scenes-v1,47SLV,2022-07-31,Sentinel-2,04.00,04.00,S2A_MSIL2A_20220801T041601_N0400_R090_T47SLV_20220801T080353,HARMONIZED,078a8cfee131abe5ceca1b97b940a5cbe84b0d369d6e803c812fcfd21690efca,sentinel2,7938d7ed1c63ac77f920644753558ddc7d1a19ea1f9cb376da82ed89207daf91,COPERNICUS/S2_SR_HARMONIZED/20220801T041601_20220801T042652_T47SLV,None,1659328121042,2022-08-15,2022-07-16,2022
AOI-03,57ca12641709501bb5f30118c491acefed62396c209537573d7eed1d5b0cca15,COPERNICUS/S2_SR_HARMONIZED,2022-08-06T04:28:35.189000+00:00,25.477633,,b21c8cc7f3d4d35e1db4dfa1c8245ff10ba657c0a0a001992b552808766cc49b,True,source-scenes-v1,47SLV,2022-07-31,Sentinel-2,04.00,04.00,S2B_MSIL2A_20220806T041559_N0400_R090_T47SLV_20220806T065632,HARMONIZED,078a8cfee131abe5ceca1b97b940a5cbe84b0d369d6e803c812fcfd21690efca,sentinel2,7938d7ed1c63ac77f920644753558ddc7d1a19ea1f9cb376da82ed89207daf91,COPERNICUS/S2_SR_HARMONIZED/20220806T041559_20220806T042657_T47SLV,None,1659760115189,2022-08-15,2022-07-16,2022
AOI-03,57ca12641709501bb5f30118c491acefed62396c209537573d7eed1d5b0cca15,COPERNICUS/S2_SR_HARMONIZED,2022-08-11T04:28:42.867000+00:00,18.555582,,b21c8cc7f3d4d35e1db4dfa1c8245ff10ba657c0a0a001992b552808766cc49b,True,source-scenes-v1,47SLV,2022-07-31,Sentinel-2,04.00,04.00,S2A_MSIL2A_20220811T041601_N0400_R090_T47SLV_20220811T090259,HARMONIZED,078a8cfee131abe5ceca1b97b940a5cbe84b0d369d6e803c812fcfd21690efca,sentinel2,7938d7ed1c63ac77f920644753558ddc7d1a19ea1f9cb376da82ed89207daf91,COPERNICUS/S2_SR_HARMONIZED/20220811T041601_20220811T042223_T47SLV,None,1660192122867,2022-08-15,2022-07-16,2022
AOI-03,57ca12641709501bb5f30118c491acefed62396c209537573d7eed1d5b0cca15,COPERNICUS/S2_SR_HARMONIZED,2022-08-16T04:28:33.490000+00:00,33.999699,OUTSIDE_NOMINAL_WINDOW,b21c8cc7f3d4d35e1db4dfa1c8245ff10ba657c0a0a001992b552808766cc49b,False,source-scenes-v1,47SLV,2022-07-31,Sentinel-2,04.00,04.00,S2B_MSIL2A_20220816T041549_N0400_R090_T47SLV_20220816T064545,HARMONIZED,078a8cfee131abe5ceca1b97b940a5cbe84b0d369d6e803c812fcfd21690efca,sentinel2,7938d7ed1c63ac77f920644753558ddc7d1a19ea1f9cb376da82ed89207daf91,COPERNICUS/S2_SR_HARMONIZED/20220816T041549_20220816T042655_T47SLV,None,1660624113490,2022-08-15,2022-07-16,2022
AOI-03,57ca12641709501bb5f30118c491acefed62396c209537573d7eed1d5b0cca15,COPERNICUS/S2_SR_HARMONIZED,2022-08-21T04:28:43.512000+00:00,63.176417,OUTSIDE_NOMINAL_WINDOW,b21c8cc7f3d4d35e1db4dfa1c8245ff10ba657c0a0a001992b552808766cc49b,False,source-scenes-v1,47SLV,2022-07-31,Sentinel-2,04.00,04.00,S2A_MSIL2A_20220821T041601_N0400_R090_T47SLV_20220821T185205,HARMONIZED,078a8cfee131abe5ceca1b97b940a5cbe84b0d369d6e803c812fcfd21690efca,sentinel2,7938d7ed1c63ac77f920644753558ddc7d1a19ea1f9cb376da82ed89207daf91,COPERNICUS/S2_SR_HARMONIZED/20220821T041601_20220821T042651_T47SLV,None,1661056123512,2022-08-15,2022-07-16,2022
AOI-03,57ca12641709501bb5f30118c491acefed62396c209537573d7eed1d5b0cca15,COPERNICUS/S2_SR_HARMONIZED,2022-07-07T04:28:35.842000+00:00,0.007754,OUTSIDE_NOMINAL_WINDOW,b21c8cc7f3d4d35e1db4dfa1c8245ff10ba657c0a0a001992b552808766cc49b,False,source-scenes-v1,47SLV,2022-08-10,Sentinel-2,05.10,05.10,S2B_MSIL2A_20220707T041559_N0510_R090_T47SLV_20240625T152852,HARMONIZED,15226a567b58fc43524ac75f2faf0566767381072475afbaf908bab0e9e054e1,sentinel2,0adc363c9e5514e13da4781c76d69aa23f1604a0b86fe475132f97ffe1a098c8,COPERNICUS/S2_SR_HARMONIZED/20220707T041559_20220707T042654_T47SLV,None,1657168115842,2022-08-25,2022-07-26,2022
AOI-03,57ca12641709501bb5f30118c491acefed62396c209537573d7eed1d5b0cca15,COPERNICUS/S2_SR_HARMONIZED,2022-07-12T04:28:43.645000+00:00,38.153473,OUTSIDE_NOMINAL_WINDOW,b21c8cc7f3d4d35e1db4dfa1c8245ff10ba657c0a0a001992b552808766cc49b,False,source-scenes-v1,47SLV,2022-08-10,Sentinel-2,04.00,04.00,S2A_MSIL2A_20220712T041601_N0400_R090_T47SLV_20220712T081901,HARMONIZED,15226a567b58fc43524ac75f2faf0566767381072475afbaf908bab0e9e054e1,sentinel2,0adc363c9e5514e13da4781c76d69aa23f1604a0b86fe475132f97ffe1a098c8,COPERNICUS/S2_SR_HARMONIZED/20220712T041601_20220712T042651_T47SLV,None,1657600123645,2022-08-25,2022-07-26,2022
AOI-03,57ca12641709501bb5f30118c491acefed62396c209537573d7eed1d5b0cca15,COPERNICUS/S2_SR_HARMONIZED,2022-07-22T04:28:41.988000+00:00,1.666799,OUTSIDE_NOMINAL_WINDOW,b21c8cc7f3d4d35e1db4dfa1c8245ff10ba657c0a0a001992b552808766cc49b,False,source-scenes-v1,47SLV,2022-08-10,Sentinel-2,04.00,04.00,S2A_MSIL2A_20220722T041601_N0400_R090_T47SLV_20220722T080159,HARMONIZED,15226a567b58fc43524ac75f2faf0566767381072475afbaf908bab0e9e054e1,sentinel2,0adc363c9e5514e13da4781c76d69aa23f1604a0b86fe475132f97ffe1a098c8,COPERNICUS/S2_SR_HARMONIZED/20220722T041601_20220722T042653_T47SLV,None,1658464121988,2022-08-25,2022-07-26,2022
AOI-03,57ca12641709501bb5f30118c491acefed62396c209537573d7eed1d5b0cca15,COPERNICUS/S2_SR_HARMONIZED,2022-07-27T04:28:35.876000+00:00,14.359763,,b21c8cc7f3d4d35e1db4dfa1c8245ff10ba657c0a0a001992b552808766cc49b,True,source-scenes-v1,47SLV,2022-08-10,Sentinel-2,04.00,04.00,S2B_MSIL2A_20220727T041559_N0400_R090_T47SLV_20220727T064251,HARMONIZED,15226a567b58fc43524ac75f2faf0566767381072475afbaf908bab0e9e054e1,sentinel2,0adc363c9e5514e13da4781c76d69aa23f1604a0b86fe475132f97ffe1a098c8,COPERNICUS/S2_SR_HARMONIZED/20220727T041559_20220727T042654_T47SLV,None,1658896115876,2022-08-25,2022-07-26,2022
AOI-03,57ca12641709501bb5f30118c491acefed62396c209537573d7eed1d5b0cca15,COPERNICUS/S2_SR_HARMONIZED,2022-08-01T04:28:41.042000+00:00,22.795466,,b21c8cc7f3d4d35e1db4dfa1c8245ff10ba657c0a0a001992b552808766cc49b,True,source-scenes-v1,47SLV,2022-08-10,Sentinel-2,04.00,04.00,S2A_MSIL2A_20220801T041601_N0400_R090_T47SLV_20220801T080353,HARMONIZED,15226a567b58fc43524ac75f2faf0566767381072475afbaf908bab0e9e054e1,sentinel2,0adc363c9e5514e13da4781c76d69aa23f1604a0b86fe475132f97ffe1a098c8,COPERNICUS/S2_SR_HARMONIZED/20220801T041601_20220801T042652_T47SLV,None,1659328121042,2022-08-25,2022-07-26,2022
AOI-03,57ca12641709501bb5f30118c491acefed62396c209537573d7eed1d5b0cca15,COPERNICUS/S2_SR_HARMONIZED,2022-08-06T04:28:35.189000+00:00,25.477633,,b21c8cc7f3d4d35e1db4dfa1c8245ff10ba657c0a0a001992b552808766cc49b,True,source-scenes-v1,47SLV,2022-08-10,Sentinel-2,04.00,04.00,S2B_MSIL2A_20220806T041559_N0400_R090_T47SLV_20220806T065632,HARMONIZED,15226a567b58fc43524ac75f2faf0566767381072475afbaf908bab0e9e054e1,sentinel2,0adc363c9e5514e13da4781c76d69aa23f1604a0b86fe475132f97ffe1a098c8,COPERNICUS/S2_SR_HARMONIZED/20220806T041559_20220806T042657_T47SLV,None,1659760115189,2022-08-25,2022-07-26,2022
AOI-03,57ca12641709501bb5f30118c491acefed62396c209537573d7eed1d5b0cca15,COPERNICUS/S2_SR_HARMONIZED,2022-08-11T04:28:42.867000+00:00,18.555582,,b21c8cc7f3d4d35e1db4dfa1c8245ff10ba657c0a0a001992b552808766cc49b,True,source-scenes-v1,47SLV,2022-08-10,Sentinel-2,04.00,04.00,S2A_MSIL2A_20220811T041601_N0400_R090_T47SLV_20220811T090259,HARMONIZED,15226a567b58fc43524ac75f2faf0566767381072475afbaf908bab0e9e054e1,sentinel2,0adc363c9e5514e13da4781c76d69aa23f1604a0b86fe475132f97ffe1a098c8,COPERNICUS/S2_SR_HARMONIZED/20220811T041601_20220811T042223_T47SLV,None,1660192122867,2022-08-25,2022-07-26,2022
AOI-03,57ca12641709501bb5f30118c491acefed62396c209537573d7eed1d5b0cca15,COPERNICUS/S2_SR_HARMONIZED,2022-08-16T04:28:33.490000+00:00,33.999699,,b21c8cc7f3d4d35e1db4dfa1c8245ff10ba657c0a0a001992b552808766cc49b,True,source-scenes-v1,47SLV,2022-08-10,Sentinel-2,04.00,04.00,S2B_MSIL2A_20220816T041549_N0400_R090_T47SLV_20220816T064545,HARMONIZED,15226a567b58fc43524ac75f2faf0566767381072475afbaf908bab0e9e054e1,sentinel2,0adc363c9e5514e13da4781c76d69aa23f1604a0b86fe475132f97ffe1a098c8,COPERNICUS/S2_SR_HARMONIZED/20220816T041549_20220816T042655_T47SLV,None,1660624113490,2022-08-25,2022-07-26,2022
AOI-03,57ca12641709501bb5f30118c491acefed62396c209537573d7eed1d5b0cca15,COPERNICUS/S2_SR_HARMONIZED,2022-08-21T04:28:43.512000+00:00,63.176417,,b21c8cc7f3d4d35e1db4dfa1c8245ff10ba657c0a0a001992b552808766cc49b,True,source-scenes-v1,47SLV,2022-08-10,Sentinel-2,04.00,04.00,S2A_MSIL2A_20220821T041601_N0400_R090_T47SLV_20220821T185205,HARMONIZED,15226a567b58fc43524ac75f2faf0566767381072475afbaf908bab0e9e054e1,sentinel2,0adc363c9e5514e13da4781c76d69aa23f1604a0b86fe475132f97ffe1a098c8,COPERNICUS/S2_SR_HARMONIZED/20220821T041601_20220821T042651_T47SLV,None,1661056123512,2022-08-25,2022-07-26,2022
AOI-03,57ca12641709501bb5f30118c491acefed62396c209537573d7eed1d5b0cca15,COPERNICUS/S2_SR_HARMONIZED,2023-07-07T04:28:36.080000+00:00,21.311213,,b21c8cc7f3d4d35e1db4dfa1c8245ff10ba657c0a0a001992b552808766cc49b,True,source-scenes-v1,47SLV,2023-07-20,Sentinel-2,05.09,05.09,S2A_MSIL2A_20230707T041551_N0509_R090_T47SLV_20230707T074856,HARMONIZED,180a938e67b996dd625311b63ea2a362ab28e45a54d767a0aec6f3add67dd73b,sentinel2,47efe68dd7942d4ad70d0ebdbda05a7a9a443265bf3db1cb8a30761fd4ce31de,COPERNICUS/S2_SR_HARMONIZED/20230707T041551_20230707T042635_T47SLV,None,1688704116080,2023-08-04,2023-07-05,2023
AOI-03,57ca12641709501bb5f30118c491acefed62396c209537573d7eed1d5b0cca15,COPERNICUS/S2_SR_HARMONIZED,2023-07-17T04:28:35.478000+00:00,47.114411,,b21c8cc7f3d4d35e1db4dfa1c8245ff10ba657c0a0a001992b552808766cc49b,True,source-scenes-v1,47SLV,2023-07-20,Sentinel-2,05.09,05.09,S2A_MSIL2A_20230717T041551_N0509_R090_T47SLV_20230717T075501,HARMONIZED,180a938e67b996dd625311b63ea2a362ab28e45a54d767a0aec6f3add67dd73b,sentinel2,47efe68dd7942d4ad70d0ebdbda05a7a9a443265bf3db1cb8a30761fd4ce31de,COPERNICUS/S2_SR_HARMONIZED/20230717T041551_20230717T042634_T47SLV,None,1689568115478,2023-08-04,2023-07-05,2023
AOI-03,57ca12641709501bb5f30118c491acefed62396c209537573d7eed1d5b0cca15,COPERNICUS/S2_SR_HARMONIZED,2023-07-22T04:28:36.834000+00:00,57.845473,,b21c8cc7f3d4d35e1db4dfa1c8245ff10ba657c0a0a001992b552808766cc49b,True,source-scenes-v1,47SLV,2023-07-20,Sentinel-2,05.09,05.09,S2B_MSIL2A_20230722T041559_N0509_R090_T47SLV_20230722T065231,HARMONIZED,180a938e67b996dd625311b63ea2a362ab28e45a54d767a0aec6f3add67dd73b,sentinel2,47efe68dd7942d4ad70d0ebdbda05a7a9a443265bf3db1cb8a30761fd4ce31de,COPERNICUS/S2_SR_HARMONIZED/20230722T041559_20230722T042635_T47SLV,None,1690000116834,2023-08-04,2023-07-05,2023
AOI-03,57ca12641709501bb5f30118c491acefed62396c209537573d7eed1d5b0cca15,COPERNICUS/S2_SR_HARMONIZED,2023-07-27T04:28:35.939000+00:00,31.887406,,b21c8cc7f3d4d35e1db4dfa1c8245ff10ba657c0a0a001992b552808766cc49b,True,source-scenes-v1,47SLV,2023-07-20,Sentinel-2,05.09,05.09,S2A_MSIL2A_20230727T041551_N0509_R090_T47SLV_20230727T085301,HARMONIZED,180a938e67b996dd625311b63ea2a362ab28e45a54d767a0aec6f3add67dd73b,sentinel2,47efe68dd7942d4ad70d0ebdbda05a7a9a443265bf3db1cb8a30761fd4ce31de,COPERNICUS/S2_SR_HARMONIZED/20230727T041551_20230727T042146_T47SLV,None,1690432115939,2023-08-04,2023-07-05,2023
AOI-03,57ca12641709501bb5f30118c491acefed62396c209537573d7eed1d5b0cca15,COPERNICUS/S2_SR_HARMONIZED,2023-08-06T04:28:35.708000+00:00,28.282756,OUTSIDE_NOMINAL_WINDOW,b21c8cc7f3d4d35e1db4dfa1c8245ff10ba657c0a0a001992b552808766cc49b,False,source-scenes-v1,47SLV,2023-07-20,Sentinel-2,05.09,05.09,S2A_MSIL2A_20230806T041551_N0509_R090_T47SLV_20230806T080803,HARMONIZED,180a938e67b996dd625311b63ea2a362ab28e45a54d767a0aec6f3add67dd73b,sentinel2,47efe68dd7942d4ad70d0ebdbda05a7a9a443265bf3db1cb8a30761fd4ce31de,COPERNICUS/S2_SR_HARMONIZED/20230806T041551_20230806T042207_T47SLV,None,1691296115708,2023-08-04,2023-07-05,2023
AOI-03,57ca12641709501bb5f30118c491acefed62396c209537573d7eed1d5b0cca15,COPERNICUS/S2_SR_HARMONIZED,2023-08-11T04:28:36.410000+00:00,77.722681,OUTSIDE_NOMINAL_WINDOW,b21c8cc7f3d4d35e1db4dfa1c8245ff10ba657c0a0a001992b552808766cc49b,False,source-scenes-v1,47SLV,2023-07-20,Sentinel-2,05.09,05.09,S2B_MSIL2A_20230811T041559_N0509_R090_T47SLV_20230811T073109,HARMONIZED,180a938e67b996dd625311b63ea2a362ab28e45a54d767a0aec6f3add67dd73b,sentinel2,47efe68dd7942d4ad70d0ebdbda05a7a9a443265bf3db1cb8a30761fd4ce31de,COPERNICUS/S2_SR_HARMONIZED/20230811T041559_20230811T041658_T47SLV,None,1691728116410,2023-08-04,2023-07-05,2023
AOI-03,57ca12641709501bb5f30118c491acefed62396c209537573d7eed1d5b0cca15,COPERNICUS/S2_SR_HARMONIZED,2023-08-21T04:28:35.697000+00:00,6.6e-05,OUTSIDE_NOMINAL_WINDOW,b21c8cc7f3d4d35e1db4dfa1c8245ff10ba657c0a0a001992b552808766cc49b,False,source-scenes-v1,47SLV,2023-07-20,Sentinel-2,05.09,05.09,S2B_MSIL2A_20230821T041549_N0509_R090_T47SLV_20230821T073200,HARMONIZED,180a938e67b996dd625311b63ea2a362ab28e45a54d767a0aec6f3add67dd73b,sentinel2,47efe68dd7942d4ad70d0ebdbda05a7a9a443265bf3db1cb8a30761fd4ce31de,COPERNICUS/S2_SR_HARMONIZED/20230821T041549_20230821T041657_T47SLV,None,1692592115697,2023-08-04,2023-07-05,2023
AOI-03,57ca12641709501bb5f30118c491acefed62396c209537573d7eed1d5b0cca15,COPERNICUS/S2_SR_HARMONIZED,2023-07-07T04:28:36.080000+00:00,21.311213,OUTSIDE_NOMINAL_WINDOW,b21c8cc7f3d4d35e1db4dfa1c8245ff10ba657c0a0a001992b552808766cc49b,False,source-scenes-v1,47SLV,2023-07-31,Sentinel-2,05.09,05.09,S2A_MSIL2A_20230707T041551_N0509_R090_T47SLV_20230707T074856,HARMONIZED,d97b3d9028089ca3f19fc39c3a02ed4fbb366b8ee3644c44efcd6680f04f98f7,sentinel2,4797a385f19171cdf9de371f37fada538d19ac00bb1256f8569d41e87a80d2ea,COPERNICUS/S2_SR_HARMONIZED/20230707T041551_20230707T042635_T47SLV,None,1688704116080,2023-08-15,2023-07-16,2023
AOI-03,57ca12641709501bb5f30118c491acefed62396c209537573d7eed1d5b0cca15,COPERNICUS/S2_SR_HARMONIZED,2023-07-17T04:28:35.478000+00:00,47.114411,,b21c8cc7f3d4d35e1db4dfa1c8245ff10ba657c0a0a001992b552808766cc49b,True,source-scenes-v1,47SLV,2023-07-31,Sentinel-2,05.09,05.09,S2A_MSIL2A_20230717T041551_N0509_R090_T47SLV_20230717T075501,HARMONIZED,d97b3d9028089ca3f19fc39c3a02ed4fbb366b8ee3644c44efcd6680f04f98f7,sentinel2,4797a385f19171cdf9de371f37fada538d19ac00bb1256f8569d41e87a80d2ea,COPERNICUS/S2_SR_HARMONIZED/20230717T041551_20230717T042634_T47SLV,None,1689568115478,2023-08-15,2023-07-16,2023
AOI-03,57ca12641709501bb5f30118c491acefed62396c209537573d7eed1d5b0cca15,COPERNICUS/S2_SR_HARMONIZED,2023-07-22T04:28:36.834000+00:00,57.845473,,b21c8cc7f3d4d35e1db4dfa1c8245ff10ba657c0a0a001992b552808766cc49b,True,source-scenes-v1,47SLV,2023-07-31,Sentinel-2,05.09,05.09,S2B_MSIL2A_20230722T041559_N0509_R090_T47SLV_20230722T065231,HARMONIZED,d97b3d9028089ca3f19fc39c3a02ed4fbb366b8ee3644c44efcd6680f04f98f7,sentinel2,4797a385f19171cdf9de371f37fada538d19ac00bb1256f8569d41e87a80d2ea,COPERNICUS/S2_SR_HARMONIZED/20230722T041559_20230722T042635_T47SLV,None,1690000116834,2023-08-15,2023-07-16,2023
AOI-03,57ca12641709501bb5f30118c491acefed62396c209537573d7eed1d5b0cca15,COPERNICUS/S2_SR_HARMONIZED,2023-07-27T04:28:35.939000+00:00,31.887406,,b21c8cc7f3d4d35e1db4dfa1c8245ff10ba657c0a0a001992b552808766cc49b,True,source-scenes-v1,47SLV,2023-07-31,Sentinel-2,05.09,05.09,S2A_MSIL2A_20230727T041551_N0509_R090_T47SLV_20230727T085301,HARMONIZED,d97b3d9028089ca3f19fc39c3a02ed4fbb366b8ee3644c44efcd6680f04f98f7,sentinel2,4797a385f19171cdf9de371f37fada538d19ac00bb1256f8569d41e87a80d2ea,COPERNICUS/S2_SR_HARMONIZED/20230727T041551_20230727T042146_T47SLV,None,1690432115939,2023-08-15,2023-07-16,2023
AOI-03,57ca12641709501bb5f30118c491acefed62396c209537573d7eed1d5b0cca15,COPERNICUS/S2_SR_HARMONIZED,2023-08-06T04:28:35.708000+00:00,28.282756,,b21c8cc7f3d4d35e1db4dfa1c8245ff10ba657c0a0a001992b552808766cc49b,True,source-scenes-v1,47SLV,2023-07-31,Sentinel-2,05.09,05.09,S2A_MSIL2A_20230806T041551_N0509_R090_T47SLV_20230806T080803,HARMONIZED,d97b3d9028089ca3f19fc39c3a02ed4fbb366b8ee3644c44efcd6680f04f98f7,sentinel2,4797a385f19171cdf9de371f37fada538d19ac00bb1256f8569d41e87a80d2ea,COPERNICUS/S2_SR_HARMONIZED/20230806T041551_20230806T042207_T47SLV,None,1691296115708,2023-08-15,2023-07-16,2023
AOI-03,57ca12641709501bb5f30118c491acefed62396c209537573d7eed1d5b0cca15,COPERNICUS/S2_SR_HARMONIZED,2023-08-11T04:28:36.410000+00:00,77.722681,,b21c8cc7f3d4d35e1db4dfa1c8245ff10ba657c0a0a001992b552808766cc49b,True,source-scenes-v1,47SLV,2023-07-31,Sentinel-2,05.09,05.09,S2B_MSIL2A_20230811T041559_N0509_R090_T47SLV_20230811T073109,HARMONIZED,d97b3d9028089ca3f19fc39c3a02ed4fbb366b8ee3644c44efcd6680f04f98f7,sentinel2,4797a385f19171cdf9de371f37fada538d19ac00bb1256f8569d41e87a80d2ea,COPERNICUS/S2_SR_HARMONIZED/20230811T041559_20230811T041658_T47SLV,None,1691728116410,2023-08-15,2023-07-16,2023
AOI-03,57ca12641709501bb5f30118c491acefed62396c209537573d7eed1d5b0cca15,COPERNICUS/S2_SR_HARMONIZED,2023-08-21T04:28:35.697000+00:00,6.6e-05,OUTSIDE_NOMINAL_WINDOW,b21c8cc7f3d4d35e1db4dfa1c8245ff10ba657c0a0a001992b552808766cc49b,False,source-scenes-v1,47SLV,2023-07-31,Sentinel-2,05.09,05.09,S2B_MSIL2A_20230821T041549_N0509_R090_T47SLV_20230821T073200,HARMONIZED,d97b3d9028089ca3f19fc39c3a02ed4fbb366b8ee3644c44efcd6680f04f98f7,sentinel2,4797a385f19171cdf9de371f37fada538d19ac00bb1256f8569d41e87a80d2ea,COPERNICUS/S2_SR_HARMONIZED/20230821T041549_20230821T041657_T47SLV,None,1692592115697,2023-08-15,2023-07-16,2023
AOI-03,57ca12641709501bb5f30118c491acefed62396c209537573d7eed1d5b0cca15,COPERNICUS/S2_SR_HARMONIZED,2023-07-07T04:28:36.080000+00:00,21.311213,OUTSIDE_NOMINAL_WINDOW,b21c8cc7f3d4d35e1db4dfa1c8245ff10ba657c0a0a001992b552808766cc49b,False,source-scenes-v1,47SLV,2023-08-10,Sentinel-2,05.09,05.09,S2A_MSIL2A_20230707T041551_N0509_R090_T47SLV_20230707T074856,HARMONIZED,187b3650186549ae77e0662a424f7bd1426f26682d9b9e543f285eb095ee2f18,sentinel2,8023523494ca342b1461aca2f688083863549742d6b37c69f7e27d21d23b7832,COPERNICUS/S2_SR_HARMONIZED/20230707T041551_20230707T042635_T47SLV,None,1688704116080,2023-08-25,2023-07-26,2023
AOI-03,57ca12641709501bb5f30118c491acefed62396c209537573d7eed1d5b0cca15,COPERNICUS/S2_SR_HARMONIZED,2023-07-17T04:28:35.478000+00:00,47.114411,OUTSIDE_NOMINAL_WINDOW,b21c8cc7f3d4d35e1db4dfa1c8245ff10ba657c0a0a001992b552808766cc49b,False,source-scenes-v1,47SLV,2023-08-10,Sentinel-2,05.09,05.09,S2A_MSIL2A_20230717T041551_N0509_R090_T47SLV_20230717T075501,HARMONIZED,187b3650186549ae77e0662a424f7bd1426f26682d9b9e543f285eb095ee2f18,sentinel2,8023523494ca342b1461aca2f688083863549742d6b37c69f7e27d21d23b7832,COPERNICUS/S2_SR_HARMONIZED/20230717T041551_20230717T042634_T47SLV,None,1689568115478,2023-08-25,2023-07-26,2023
AOI-03,57ca12641709501bb5f30118c491acefed62396c209537573d7eed1d5b0cca15,COPERNICUS/S2_SR_HARMONIZED,2023-07-22T04:28:36.834000+00:00,57.845473,OUTSIDE_NOMINAL_WINDOW,b21c8cc7f3d4d35e1db4dfa1c8245ff10ba657c0a0a001992b552808766cc49b,False,source-scenes-v1,47SLV,2023-08-10,Sentinel-2,05.09,05.09,S2B_MSIL2A_20230722T041559_N0509_R090_T47SLV_20230722T065231,HARMONIZED,187b3650186549ae77e0662a424f7bd1426f26682d9b9e543f285eb095ee2f18,sentinel2,8023523494ca342b1461aca2f688083863549742d6b37c69f7e27d21d23b7832,COPERNICUS/S2_SR_HARMONIZED/20230722T041559_20230722T042635_T47SLV,None,1690000116834,2023-08-25,2023-07-26,2023
AOI-03,57ca12641709501bb5f30118c491acefed62396c209537573d7eed1d5b0cca15,COPERNICUS/S2_SR_HARMONIZED,2023-07-27T04:28:35.939000+00:00,31.887406,,b21c8cc7f3d4d35e1db4dfa1c8245ff10ba657c0a0a001992b552808766cc49b,True,source-scenes-v1,47SLV,2023-08-10,Sentinel-2,05.09,05.09,S2A_MSIL2A_20230727T041551_N0509_R090_T47SLV_20230727T085301,HARMONIZED,187b3650186549ae77e0662a424f7bd1426f26682d9b9e543f285eb095ee2f18,sentinel2,8023523494ca342b1461aca2f688083863549742d6b37c69f7e27d21d23b7832,COPERNICUS/S2_SR_HARMONIZED/20230727T041551_20230727T042146_T47SLV,None,1690432115939,2023-08-25,2023-07-26,2023
AOI-03,57ca12641709501bb5f30118c491acefed62396c209537573d7eed1d5b0cca15,COPERNICUS/S2_SR_HARMONIZED,2023-08-06T04:28:35.708000+00:00,28.282756,,b21c8cc7f3d4d35e1db4dfa1c8245ff10ba657c0a0a001992b552808766cc49b,True,source-scenes-v1,47SLV,2023-08-10,Sentinel-2,05.09,05.09,S2A_MSIL2A_20230806T041551_N0509_R090_T47SLV_20230806T080803,HARMONIZED,187b3650186549ae77e0662a424f7bd1426f26682d9b9e543f285eb095ee2f18,sentinel2,8023523494ca342b1461aca2f688083863549742d6b37c69f7e27d21d23b7832,COPERNICUS/S2_SR_HARMONIZED/20230806T041551_20230806T042207_T47SLV,None,1691296115708,2023-08-25,2023-07-26,2023
AOI-03,57ca12641709501bb5f30118c491acefed62396c209537573d7eed1d5b0cca15,COPERNICUS/S2_SR_HARMONIZED,2023-08-11T04:28:36.410000+00:00,77.722681,,b21c8cc7f3d4d35e1db4dfa1c8245ff10ba657c0a0a001992b552808766cc49b,True,source-scenes-v1,47SLV,2023-08-10,Sentinel-2,05.09,05.09,S2B_MSIL2A_20230811T041559_N0509_R090_T47SLV_20230811T073109,HARMONIZED,187b3650186549ae77e0662a424f7bd1426f26682d9b9e543f285eb095ee2f18,sentinel2,8023523494ca342b1461aca2f688083863549742d6b37c69f7e27d21d23b7832,COPERNICUS/S2_SR_HARMONIZED/20230811T041559_20230811T041658_T47SLV,None,1691728116410,2023-08-25,2023-07-26,2023
AOI-03,57ca12641709501bb5f30118c491acefed62396c209537573d7eed1d5b0cca15,COPERNICUS/S2_SR_HARMONIZED,2023-08-21T04:28:35.697000+00:00,6.6e-05,,b21c8cc7f3d4d35e1db4dfa1c8245ff10ba657c0a0a001992b552808766cc49b,True,source-scenes-v1,47SLV,2023-08-10,Sentinel-2,05.09,05.09,S2B_MSIL2A_20230821T041549_N0509_R090_T47SLV_20230821T073200,HARMONIZED,187b3650186549ae77e0662a424f7bd1426f26682d9b9e543f285eb095ee2f18,sentinel2,8023523494ca342b1461aca2f688083863549742d6b37c69f7e27d21d23b7832,COPERNICUS/S2_SR_HARMONIZED/20230821T041549_20230821T041657_T47SLV,None,1692592115697,2023-08-25,2023-07-26,2023
AOI-03,57ca12641709501bb5f30118c491acefed62396c209537573d7eed1d5b0cca15,COPERNICUS/S2_SR_HARMONIZED,2024-07-16T04:28:33.932000+00:00,51.669466,,b21c8cc7f3d4d35e1db4dfa1c8245ff10ba657c0a0a001992b552808766cc49b,True,source-scenes-v1,47SLV,2024-07-20,Sentinel-2,05.10,05.10,S2B_MSIL2A_20240716T041549_N0510_R090_T47SLV_20240716T064222,HARMONIZED,e4d8a9ce46b16f2fcd5e731156561590feb3edd322ca971b4e7a19e1d3c102cf,sentinel2,5d66d769f257df6cbcd37d955294ec5932cb2f59258a38d72cea1577c0c3975c,COPERNICUS/S2_SR_HARMONIZED/20240716T041549_20240716T042810_T47SLV,None,1721104113932,2024-08-04,2024-07-05,2024
AOI-03,57ca12641709501bb5f30118c491acefed62396c209537573d7eed1d5b0cca15,COPERNICUS/S2_SR_HARMONIZED,2024-07-21T04:28:32.248000+00:00,35.41187,,b21c8cc7f3d4d35e1db4dfa1c8245ff10ba657c0a0a001992b552808766cc49b,True,source-scenes-v1,47SLV,2024-07-20,Sentinel-2,05.10,05.10,S2A_MSIL2A_20240721T041551_N0510_R090_T47SLV_20240721T074558,HARMONIZED,e4d8a9ce46b16f2fcd5e731156561590feb3edd322ca971b4e7a19e1d3c102cf,sentinel2,5d66d769f257df6cbcd37d955294ec5932cb2f59258a38d72cea1577c0c3975c,COPERNICUS/S2_SR_HARMONIZED/20240721T041551_20240721T042620_T47SLV,None,1721536112248,2024-08-04,2024-07-05,2024
AOI-03,57ca12641709501bb5f30118c491acefed62396c209537573d7eed1d5b0cca15,COPERNICUS/S2_SR_HARMONIZED,2024-07-31T04:28:33.475000+00:00,0.365145,,b21c8cc7f3d4d35e1db4dfa1c8245ff10ba657c0a0a001992b552808766cc49b,True,source-scenes-v1,47SLV,2024-07-20,Sentinel-2,05.11,05.11,S2A_MSIL2A_20240731T041551_N0511_R090_T47SLV_20240731T100155,HARMONIZED,e4d8a9ce46b16f2fcd5e731156561590feb3edd322ca971b4e7a19e1d3c102cf,sentinel2,5d66d769f257df6cbcd37d955294ec5932cb2f59258a38d72cea1577c0c3975c,COPERNICUS/S2_SR_HARMONIZED/20240731T041551_20240731T042401_T47SLV,None,1722400113475,2024-08-04,2024-07-05,2024
AOI-03,57ca12641709501bb5f30118c491acefed62396c209537573d7eed1d5b0cca15,COPERNICUS/S2_SR_HARMONIZED,2024-08-05T04:28:33.151000+00:00,32.90498,OUTSIDE_NOMINAL_WINDOW,b21c8cc7f3d4d35e1db4dfa1c8245ff10ba657c0a0a001992b552808766cc49b,False,source-scenes-v1,47SLV,2024-07-20,Sentinel-2,05.11,05.11,S2B_MSIL2A_20240805T041549_N0511_R090_T47SLV_20240805T082500,HARMONIZED,e4d8a9ce46b16f2fcd5e731156561590feb3edd322ca971b4e7a19e1d3c102cf,sentinel2,5d66d769f257df6cbcd37d955294ec5932cb2f59258a38d72cea1577c0c3975c,COPERNICUS/S2_SR_HARMONIZED/20240805T041549_20240805T042758_T47SLV,None,1722832113151,2024-08-04,2024-07-05,2024
AOI-03,57ca12641709501bb5f30118c491acefed62396c209537573d7eed1d5b0cca15,COPERNICUS/S2_SR_HARMONIZED,2024-08-10T04:28:32.033000+00:00,0.344806,OUTSIDE_NOMINAL_WINDOW,b21c8cc7f3d4d35e1db4dfa1c8245ff10ba657c0a0a001992b552808766cc49b,False,source-scenes-v1,47SLV,2024-07-20,Sentinel-2,05.11,05.11,S2A_MSIL2A_20240810T041551_N0511_R090_T47SLV_20240810T093151,HARMONIZED,e4d8a9ce46b16f2fcd5e731156561590feb3edd322ca971b4e7a19e1d3c102cf,sentinel2,5d66d769f257df6cbcd37d955294ec5932cb2f59258a38d72cea1577c0c3975c,COPERNICUS/S2_SR_HARMONIZED/20240810T041551_20240810T041903_T47SLV,None,1723264112033,2024-08-04,2024-07-05,2024
AOI-03,57ca12641709501bb5f30118c491acefed62396c209537573d7eed1d5b0cca15,COPERNICUS/S2_SR_HARMONIZED,2024-08-15T04:28:34.525000+00:00,14.40188,OUTSIDE_NOMINAL_WINDOW,b21c8cc7f3d4d35e1db4dfa1c8245ff10ba657c0a0a001992b552808766cc49b,False,source-scenes-v1,47SLV,2024-07-20,Sentinel-2,05.11,05.11,S2B_MSIL2A_20240815T041549_N0511_R090_T47SLV_20240815T073944,HARMONIZED,e4d8a9ce46b16f2fcd5e731156561590feb3edd322ca971b4e7a19e1d3c102cf,sentinel2,5d66d769f257df6cbcd37d955294ec5932cb2f59258a38d72cea1577c0c3975c,COPERNICUS/S2_SR_HARMONIZED/20240815T041549_20240815T041833_T47SLV,None,1723696114525,2024-08-04,2024-07-05,2024
AOI-03,57ca12641709501bb5f30118c491acefed62396c209537573d7eed1d5b0cca15,COPERNICUS/S2_SR_HARMONIZED,2024-08-20T04:28:29.780000+00:00,0.603724,OUTSIDE_NOMINAL_WINDOW,b21c8cc7f3d4d35e1db4dfa1c8245ff10ba657c0a0a001992b552808766cc49b,False,source-scenes-v1,47SLV,2024-07-20,Sentinel-2,05.11,05.11,S2A_MSIL2A_20240820T041551_N0511_R090_T47SLV_20240820T091953,HARMONIZED,e4d8a9ce46b16f2fcd5e731156561590feb3edd322ca971b4e7a19e1d3c102cf,sentinel2,5d66d769f257df6cbcd37d955294ec5932cb2f59258a38d72cea1577c0c3975c,COPERNICUS/S2_SR_HARMONIZED/20240820T041551_20240820T042009_T47SLV,None,1724128109780,2024-08-04,2024-07-05,2024
AOI-03,57ca12641709501bb5f30118c491acefed62396c209537573d7eed1d5b0cca15,COPERNICUS/S2_SR_HARMONIZED,2024-07-16T04:28:33.932000+00:00,51.669466,,b21c8cc7f3d4d35e1db4dfa1c8245ff10ba657c0a0a001992b552808766cc49b,True,source-scenes-v1,47SLV,2024-07-31,Sentinel-2,05.10,05.10,S2B_MSIL2A_20240716T041549_N0510_R090_T47SLV_20240716T064222,HARMONIZED,28ad607f60610e8f0963e28a5ca71960ecd73d9db1f177525e0b8e832a4249ab,sentinel2,9ca576940ae4d5f910d2a8e709a963b23c2271ae206080795ee770b674309b51,COPERNICUS/S2_SR_HARMONIZED/20240716T041549_20240716T042810_T47SLV,None,1721104113932,2024-08-15,2024-07-16,2024
AOI-03,57ca12641709501bb5f30118c491acefed62396c209537573d7eed1d5b0cca15,COPERNICUS/S2_SR_HARMONIZED,2024-07-21T04:28:32.248000+00:00,35.41187,,b21c8cc7f3d4d35e1db4dfa1c8245ff10ba657c0a0a001992b552808766cc49b,True,source-scenes-v1,47SLV,2024-07-31,Sentinel-2,05.10,05.10,S2A_MSIL2A_20240721T041551_N0510_R090_T47SLV_20240721T074558,HARMONIZED,28ad607f60610e8f0963e28a5ca71960ecd73d9db1f177525e0b8e832a4249ab,sentinel2,9ca576940ae4d5f910d2a8e709a963b23c2271ae206080795ee770b674309b51,COPERNICUS/S2_SR_HARMONIZED/20240721T041551_20240721T042620_T47SLV,None,1721536112248,2024-08-15,2024-07-16,2024
AOI-03,57ca12641709501bb5f30118c491acefed62396c209537573d7eed1d5b0cca15,COPERNICUS/S2_SR_HARMONIZED,2024-07-31T04:28:33.475000+00:00,0.365145,,b21c8cc7f3d4d35e1db4dfa1c8245ff10ba657c0a0a001992b552808766cc49b,True,source-scenes-v1,47SLV,2024-07-31,Sentinel-2,05.11,05.11,S2A_MSIL2A_20240731T041551_N0511_R090_T47SLV_20240731T100155,HARMONIZED,28ad607f60610e8f0963e28a5ca71960ecd73d9db1f177525e0b8e832a4249ab,sentinel2,9ca576940ae4d5f910d2a8e709a963b23c2271ae206080795ee770b674309b51,COPERNICUS/S2_SR_HARMONIZED/20240731T041551_20240731T042401_T47SLV,None,1722400113475,2024-08-15,2024-07-16,2024
AOI-03,57ca12641709501bb5f30118c491acefed62396c209537573d7eed1d5b0cca15,COPERNICUS/S2_SR_HARMONIZED,2024-08-05T04:28:33.151000+00:00,32.90498,,b21c8cc7f3d4d35e1db4dfa1c8245ff10ba657c0a0a001992b552808766cc49b,True,source-scenes-v1,47SLV,2024-07-31,Sentinel-2,05.11,05.11,S2B_MSIL2A_20240805T041549_N0511_R090_T47SLV_20240805T082500,HARMONIZED,28ad607f60610e8f0963e28a5ca71960ecd73d9db1f177525e0b8e832a4249ab,sentinel2,9ca576940ae4d5f910d2a8e709a963b23c2271ae206080795ee770b674309b51,COPERNICUS/S2_SR_HARMONIZED/20240805T041549_20240805T042758_T47SLV,None,1722832113151,2024-08-15,2024-07-16,2024
AOI-03,57ca12641709501bb5f30118c491acefed62396c209537573d7eed1d5b0cca15,COPERNICUS/S2_SR_HARMONIZED,2024-08-10T04:28:32.033000+00:00,0.344806,,b21c8cc7f3d4d35e1db4dfa1c8245ff10ba657c0a0a001992b552808766cc49b,True,source-scenes-v1,47SLV,2024-07-31,Sentinel-2,05.11,05.11,S2A_MSIL2A_20240810T041551_N0511_R090_T47SLV_20240810T093151,HARMONIZED,28ad607f60610e8f0963e28a5ca71960ecd73d9db1f177525e0b8e832a4249ab,sentinel2,9ca576940ae4d5f910d2a8e709a963b23c2271ae206080795ee770b674309b51,COPERNICUS/S2_SR_HARMONIZED/20240810T041551_20240810T041903_T47SLV,None,1723264112033,2024-08-15,2024-07-16,2024
AOI-03,57ca12641709501bb5f30118c491acefed62396c209537573d7eed1d5b0cca15,COPERNICUS/S2_SR_HARMONIZED,2024-08-15T04:28:34.525000+00:00,14.40188,,b21c8cc7f3d4d35e1db4dfa1c8245ff10ba657c0a0a001992b552808766cc49b,True,source-scenes-v1,47SLV,2024-07-31,Sentinel-2,05.11,05.11,S2B_MSIL2A_20240815T041549_N0511_R090_T47SLV_20240815T073944,HARMONIZED,28ad607f60610e8f0963e28a5ca71960ecd73d9db1f177525e0b8e832a4249ab,sentinel2,9ca576940ae4d5f910d2a8e709a963b23c2271ae206080795ee770b674309b51,COPERNICUS/S2_SR_HARMONIZED/20240815T041549_20240815T041833_T47SLV,None,1723696114525,2024-08-15,2024-07-16,2024
AOI-03,57ca12641709501bb5f30118c491acefed62396c209537573d7eed1d5b0cca15,COPERNICUS/S2_SR_HARMONIZED,2024-08-20T04:28:29.780000+00:00,0.603724,OUTSIDE_NOMINAL_WINDOW,b21c8cc7f3d4d35e1db4dfa1c8245ff10ba657c0a0a001992b552808766cc49b,False,source-scenes-v1,47SLV,2024-07-31,Sentinel-2,05.11,05.11,S2A_MSIL2A_20240820T041551_N0511_R090_T47SLV_20240820T091953,HARMONIZED,28ad607f60610e8f0963e28a5ca71960ecd73d9db1f177525e0b8e832a4249ab,sentinel2,9ca576940ae4d5f910d2a8e709a963b23c2271ae206080795ee770b674309b51,COPERNICUS/S2_SR_HARMONIZED/20240820T041551_20240820T042009_T47SLV,None,1724128109780,2024-08-15,2024-07-16,2024
AOI-03,57ca12641709501bb5f30118c491acefed62396c209537573d7eed1d5b0cca15,COPERNICUS/S2_SR_HARMONIZED,2024-07-16T04:28:33.932000+00:00,51.669466,OUTSIDE_NOMINAL_WINDOW,b21c8cc7f3d4d35e1db4dfa1c8245ff10ba657c0a0a001992b552808766cc49b,False,source-scenes-v1,47SLV,2024-08-10,Sentinel-2,05.10,05.10,S2B_MSIL2A_20240716T041549_N0510_R090_T47SLV_20240716T064222,HARMONIZED,70859f01c8e8a8b1a5d8fa263402da3fe2ed8c94204dd67ea313015aeea71e84,sentinel2,5db555a47ef59cced3f0c08e062ff5736b0654200a8792d9f3a8238d8721d7d9,COPERNICUS/S2_SR_HARMONIZED/20240716T041549_20240716T042810_T47SLV,None,1721104113932,2024-08-25,2024-07-26,2024
AOI-03,57ca12641709501bb5f30118c491acefed62396c209537573d7eed1d5b0cca15,COPERNICUS/S2_SR_HARMONIZED,2024-07-21T04:28:32.248000+00:00,35.41187,OUTSIDE_NOMINAL_WINDOW,b21c8cc7f3d4d35e1db4dfa1c8245ff10ba657c0a0a001992b552808766cc49b,False,source-scenes-v1,47SLV,2024-08-10,Sentinel-2,05.10,05.10,S2A_MSIL2A_20240721T041551_N0510_R090_T47SLV_20240721T074558,HARMONIZED,70859f01c8e8a8b1a5d8fa263402da3fe2ed8c94204dd67ea313015aeea71e84,sentinel2,5db555a47ef59cced3f0c08e062ff5736b0654200a8792d9f3a8238d8721d7d9,COPERNICUS/S2_SR_HARMONIZED/20240721T041551_20240721T042620_T47SLV,None,1721536112248,2024-08-25,2024-07-26,2024
AOI-03,57ca12641709501bb5f30118c491acefed62396c209537573d7eed1d5b0cca15,COPERNICUS/S2_SR_HARMONIZED,2024-07-31T04:28:33.475000+00:00,0.365145,,b21c8cc7f3d4d35e1db4dfa1c8245ff10ba657c0a0a001992b552808766cc49b,True,source-scenes-v1,47SLV,2024-08-10,Sentinel-2,05.11,05.11,S2A_MSIL2A_20240731T041551_N0511_R090_T47SLV_20240731T100155,HARMONIZED,70859f01c8e8a8b1a5d8fa263402da3fe2ed8c94204dd67ea313015aeea71e84,sentinel2,5db555a47ef59cced3f0c08e062ff5736b0654200a8792d9f3a8238d8721d7d9,COPERNICUS/S2_SR_HARMONIZED/20240731T041551_20240731T042401_T47SLV,None,1722400113475,2024-08-25,2024-07-26,2024
AOI-03,57ca12641709501bb5f30118c491acefed62396c209537573d7eed1d5b0cca15,COPERNICUS/S2_SR_HARMONIZED,2024-08-05T04:28:33.151000+00:00,32.90498,,b21c8cc7f3d4d35e1db4dfa1c8245ff10ba657c0a0a001992b552808766cc49b,True,source-scenes-v1,47SLV,2024-08-10,Sentinel-2,05.11,05.11,S2B_MSIL2A_20240805T041549_N0511_R090_T47SLV_20240805T082500,HARMONIZED,70859f01c8e8a8b1a5d8fa263402da3fe2ed8c94204dd67ea313015aeea71e84,sentinel2,5db555a47ef59cced3f0c08e062ff5736b0654200a8792d9f3a8238d8721d7d9,COPERNICUS/S2_SR_HARMONIZED/20240805T041549_20240805T042758_T47SLV,None,1722832113151,2024-08-25,2024-07-26,2024
AOI-03,57ca12641709501bb5f30118c491acefed62396c209537573d7eed1d5b0cca15,COPERNICUS/S2_SR_HARMONIZED,2024-08-10T04:28:32.033000+00:00,0.344806,,b21c8cc7f3d4d35e1db4dfa1c8245ff10ba657c0a0a001992b552808766cc49b,True,source-scenes-v1,47SLV,2024-08-10,Sentinel-2,05.11,05.11,S2A_MSIL2A_20240810T041551_N0511_R090_T47SLV_20240810T093151,HARMONIZED,70859f01c8e8a8b1a5d8fa263402da3fe2ed8c94204dd67ea313015aeea71e84,sentinel2,5db555a47ef59cced3f0c08e062ff5736b0654200a8792d9f3a8238d8721d7d9,COPERNICUS/S2_SR_HARMONIZED/20240810T041551_20240810T041903_T47SLV,None,1723264112033,2024-08-25,2024-07-26,2024
AOI-03,57ca12641709501bb5f30118c491acefed62396c209537573d7eed1d5b0cca15,COPERNICUS/S2_SR_HARMONIZED,2024-08-15T04:28:34.525000+00:00,14.40188,,b21c8cc7f3d4d35e1db4dfa1c8245ff10ba657c0a0a001992b552808766cc49b,True,source-scenes-v1,47SLV,2024-08-10,Sentinel-2,05.11,05.11,S2B_MSIL2A_20240815T041549_N0511_R090_T47SLV_20240815T073944,HARMONIZED,70859f01c8e8a8b1a5d8fa263402da3fe2ed8c94204dd67ea313015aeea71e84,sentinel2,5db555a47ef59cced3f0c08e062ff5736b0654200a8792d9f3a8238d8721d7d9,COPERNICUS/S2_SR_HARMONIZED/20240815T041549_20240815T041833_T47SLV,None,1723696114525,2024-08-25,2024-07-26,2024
AOI-03,57ca12641709501bb5f30118c491acefed62396c209537573d7eed1d5b0cca15,COPERNICUS/S2_SR_HARMONIZED,2024-08-20T04:28:29.780000+00:00,0.603724,,b21c8cc7f3d4d35e1db4dfa1c8245ff10ba657c0a0a001992b552808766cc49b,True,source-scenes-v1,47SLV,2024-08-10,Sentinel-2,05.11,05.11,S2A_MSIL2A_20240820T041551_N0511_R090_T47SLV_20240820T091953,HARMONIZED,70859f01c8e8a8b1a5d8fa263402da3fe2ed8c94204dd67ea313015aeea71e84,sentinel2,5db555a47ef59cced3f0c08e062ff5736b0654200a8792d9f3a8238d8721d7d9,COPERNICUS/S2_SR_HARMONIZED/20240820T041551_20240820T042009_T47SLV,None,1724128109780,2024-08-25,2024-07-26,2024
AOI-03,57ca12641709501bb5f30118c491acefed62396c209537573d7eed1d5b0cca15,COPERNICUS/S2_SR_HARMONIZED,2025-07-06T04:28:53.463000+00:00,26.537499,,b21c8cc7f3d4d35e1db4dfa1c8245ff10ba657c0a0a001992b552808766cc49b,True,source-scenes-v1,47SLV,2025-07-20,Sentinel-2,05.11,05.11,S2C_MSIL2A_20250706T041611_N0511_R090_T47SLV_20250706T075617,HARMONIZED,e801ce3192213a04ce00caf5889b74b8d33a8e8188b4ac531f356cf2ff1dbc4d,sentinel2,cf34ae1aaeef59b4d370ff54ca9481b6a1a077a072f097308f5f96c298d4ffe8,COPERNICUS/S2_SR_HARMONIZED/20250706T041611_20250706T041914_T47SLV,None,1751776133463,2025-08-04,2025-07-05,2025
AOI-03,57ca12641709501bb5f30118c491acefed62396c209537573d7eed1d5b0cca15,COPERNICUS/S2_SR_HARMONIZED,2025-07-08T04:28:49.542000+00:00,6.790724,,b21c8cc7f3d4d35e1db4dfa1c8245ff10ba657c0a0a001992b552808766cc49b,True,source-scenes-v1,47SLV,2025-07-20,Sentinel-2,05.11,05.11,S2A_MSIL2A_20250708T042221_N0511_R090_T47SLV_20250708T064920,HARMONIZED,e801ce3192213a04ce00caf5889b74b8d33a8e8188b4ac531f356cf2ff1dbc4d,sentinel2,cf34ae1aaeef59b4d370ff54ca9481b6a1a077a072f097308f5f96c298d4ffe8,COPERNICUS/S2_SR_HARMONIZED/20250708T042221_20250708T042224_T47SLV,None,1751948929542,2025-08-04,2025-07-05,2025
AOI-03,57ca12641709501bb5f30118c491acefed62396c209537573d7eed1d5b0cca15,COPERNICUS/S2_SR_HARMONIZED,2025-07-11T04:28:34.484000+00:00,48.44327,,b21c8cc7f3d4d35e1db4dfa1c8245ff10ba657c0a0a001992b552808766cc49b,True,source-scenes-v1,47SLV,2025-07-20,Sentinel-2,05.11,05.11,S2B_MSIL2A_20250711T041549_N0511_R090_T47SLV_20250711T062513,HARMONIZED,e801ce3192213a04ce00caf5889b74b8d33a8e8188b4ac531f356cf2ff1dbc4d,sentinel2,cf34ae1aaeef59b4d370ff54ca9481b6a1a077a072f097308f5f96c298d4ffe8,COPERNICUS/S2_SR_HARMONIZED/20250711T041549_20250711T042427_T47SLV,None,1752208114484,2025-08-04,2025-07-05,2025
AOI-03,57ca12641709501bb5f30118c491acefed62396c209537573d7eed1d5b0cca15,COPERNICUS/S2_SR_HARMONIZED,2025-07-16T04:28:54.156000+00:00,13.550566,,b21c8cc7f3d4d35e1db4dfa1c8245ff10ba657c0a0a001992b552808766cc49b,True,source-scenes-v1,47SLV,2025-07-20,Sentinel-2,05.11,05.11,S2C_MSIL2A_20250716T041611_N0511_R090_T47SLV_20250716T071912,HARMONIZED,e801ce3192213a04ce00caf5889b74b8d33a8e8188b4ac531f356cf2ff1dbc4d,sentinel2,cf34ae1aaeef59b4d370ff54ca9481b6a1a077a072f097308f5f96c298d4ffe8,COPERNICUS/S2_SR_HARMONIZED/20250716T041611_20250716T042429_T47SLV,None,1752640134156,2025-08-04,2025-07-05,2025
AOI-03,57ca12641709501bb5f30118c491acefed62396c209537573d7eed1d5b0cca15,COPERNICUS/S2_SR_HARMONIZED,2025-07-21T04:28:33.583000+00:00,45.330852,,b21c8cc7f3d4d35e1db4dfa1c8245ff10ba657c0a0a001992b552808766cc49b,True,source-scenes-v1,47SLV,2025-07-20,Sentinel-2,05.11,05.11,S2B_MSIL2A_20250721T041549_N0511_R090_T47SLV_20250721T062743,HARMONIZED,e801ce3192213a04ce00caf5889b74b8d33a8e8188b4ac531f356cf2ff1dbc4d,sentinel2,cf34ae1aaeef59b4d370ff54ca9481b6a1a077a072f097308f5f96c298d4ffe8,COPERNICUS/S2_SR_HARMONIZED/20250721T041549_20250721T042534_T47SLV,None,1753072113583,2025-08-04,2025-07-05,2025
AOI-03,57ca12641709501bb5f30118c491acefed62396c209537573d7eed1d5b0cca15,COPERNICUS/S2_SR_HARMONIZED,2025-07-26T04:28:53.287000+00:00,16.126081,,b21c8cc7f3d4d35e1db4dfa1c8245ff10ba657c0a0a001992b552808766cc49b,True,source-scenes-v1,47SLV,2025-07-20,Sentinel-2,05.11,05.11,S2C_MSIL2A_20250726T041611_N0511_R090_T47SLV_20250726T080615,HARMONIZED,e801ce3192213a04ce00caf5889b74b8d33a8e8188b4ac531f356cf2ff1dbc4d,sentinel2,cf34ae1aaeef59b4d370ff54ca9481b6a1a077a072f097308f5f96c298d4ffe8,COPERNICUS/S2_SR_HARMONIZED/20250726T041611_20250726T041910_T47SLV,None,1753504133287,2025-08-04,2025-07-05,2025
AOI-03,57ca12641709501bb5f30118c491acefed62396c209537573d7eed1d5b0cca15,COPERNICUS/S2_SR_HARMONIZED,2025-07-28T04:28:49.286000+00:00,53.628683,,b21c8cc7f3d4d35e1db4dfa1c8245ff10ba657c0a0a001992b552808766cc49b,True,source-scenes-v1,47SLV,2025-07-20,Sentinel-2,05.11,05.11,S2A_MSIL2A_20250728T042221_N0511_R090_T47SLV_20250728T070613,HARMONIZED,e801ce3192213a04ce00caf5889b74b8d33a8e8188b4ac531f356cf2ff1dbc4d,sentinel2,cf34ae1aaeef59b4d370ff54ca9481b6a1a077a072f097308f5f96c298d4ffe8,COPERNICUS/S2_SR_HARMONIZED/20250728T042221_20250728T042224_T47SLV,None,1753676929286,2025-08-04,2025-07-05,2025
AOI-03,57ca12641709501bb5f30118c491acefed62396c209537573d7eed1d5b0cca15,COPERNICUS/S2_SR_HARMONIZED,2025-08-10T04:28:32.826000+00:00,26.895535,OUTSIDE_NOMINAL_WINDOW,b21c8cc7f3d4d35e1db4dfa1c8245ff10ba657c0a0a001992b552808766cc49b,False,source-scenes-v1,47SLV,2025-07-20,Sentinel-2,05.11,05.11,S2B_MSIL2A_20250810T041549_N0511_R090_T47SLV_20250810T063439,HARMONIZED,e801ce3192213a04ce00caf5889b74b8d33a8e8188b4ac531f356cf2ff1dbc4d,sentinel2,cf34ae1aaeef59b4d370ff54ca9481b6a1a077a072f097308f5f96c298d4ffe8,COPERNICUS/S2_SR_HARMONIZED/20250810T041549_20250810T042533_T47SLV,None,1754800112826,2025-08-04,2025-07-05,2025
AOI-03,57ca12641709501bb5f30118c491acefed62396c209537573d7eed1d5b0cca15,COPERNICUS/S2_SR_HARMONIZED,2025-08-15T04:28:50.191000+00:00,33.3359,OUTSIDE_NOMINAL_WINDOW,b21c8cc7f3d4d35e1db4dfa1c8245ff10ba657c0a0a001992b552808766cc49b,False,source-scenes-v1,47SLV,2025-07-20,Sentinel-2,05.11,05.11,S2C_MSIL2A_20250815T041611_N0511_R090_T47SLV_20250815T072412,HARMONIZED,e801ce3192213a04ce00caf5889b74b8d33a8e8188b4ac531f356cf2ff1dbc4d,sentinel2,cf34ae1aaeef59b4d370ff54ca9481b6a1a077a072f097308f5f96c298d4ffe8,COPERNICUS/S2_SR_HARMONIZED/20250815T041611_20250815T042508_T47SLV,None,1755232130191,2025-08-04,2025-07-05,2025
AOI-03,57ca12641709501bb5f30118c491acefed62396c209537573d7eed1d5b0cca15,COPERNICUS/S2_SR_HARMONIZED,2025-07-06T04:28:53.463000+00:00,26.537499,OUTSIDE_NOMINAL_WINDOW,b21c8cc7f3d4d35e1db4dfa1c8245ff10ba657c0a0a001992b552808766cc49b,False,source-scenes-v1,47SLV,2025-07-31,Sentinel-2,05.11,05.11,S2C_MSIL2A_20250706T041611_N0511_R090_T47SLV_20250706T075617,HARMONIZED,95a810b0605a3cb49b7834be4fcef2f61b79a24e596709a1134aaaba8afe6a4b,sentinel2,c44276c35392700bab131e18e24a4cea5af4fd3c0c60427f3639e262e782a68c,COPERNICUS/S2_SR_HARMONIZED/20250706T041611_20250706T041914_T47SLV,None,1751776133463,2025-08-15,2025-07-16,2025
AOI-03,57ca12641709501bb5f30118c491acefed62396c209537573d7eed1d5b0cca15,COPERNICUS/S2_SR_HARMONIZED,2025-07-08T04:28:49.542000+00:00,6.790724,OUTSIDE_NOMINAL_WINDOW,b21c8cc7f3d4d35e1db4dfa1c8245ff10ba657c0a0a001992b552808766cc49b,False,source-scenes-v1,47SLV,2025-07-31,Sentinel-2,05.11,05.11,S2A_MSIL2A_20250708T042221_N0511_R090_T47SLV_20250708T064920,HARMONIZED,95a810b0605a3cb49b7834be4fcef2f61b79a24e596709a1134aaaba8afe6a4b,sentinel2,c44276c35392700bab131e18e24a4cea5af4fd3c0c60427f3639e262e782a68c,COPERNICUS/S2_SR_HARMONIZED/20250708T042221_20250708T042224_T47SLV,None,1751948929542,2025-08-15,2025-07-16,2025
AOI-03,57ca12641709501bb5f30118c491acefed62396c209537573d7eed1d5b0cca15,COPERNICUS/S2_SR_HARMONIZED,2025-07-11T04:28:34.484000+00:00,48.44327,OUTSIDE_NOMINAL_WINDOW,b21c8cc7f3d4d35e1db4dfa1c8245ff10ba657c0a0a001992b552808766cc49b,False,source-scenes-v1,47SLV,2025-07-31,Sentinel-2,05.11,05.11,S2B_MSIL2A_20250711T041549_N0511_R090_T47SLV_20250711T062513,HARMONIZED,95a810b0605a3cb49b7834be4fcef2f61b79a24e596709a1134aaaba8afe6a4b,sentinel2,c44276c35392700bab131e18e24a4cea5af4fd3c0c60427f3639e262e782a68c,COPERNICUS/S2_SR_HARMONIZED/20250711T041549_20250711T042427_T47SLV,None,1752208114484,2025-08-15,2025-07-16,2025
AOI-03,57ca12641709501bb5f30118c491acefed62396c209537573d7eed1d5b0cca15,COPERNICUS/S2_SR_HARMONIZED,2025-07-16T04:28:54.156000+00:00,13.550566,,b21c8cc7f3d4d35e1db4dfa1c8245ff10ba657c0a0a001992b552808766cc49b,True,source-scenes-v1,47SLV,2025-07-31,Sentinel-2,05.11,05.11,S2C_MSIL2A_20250716T041611_N0511_R090_T47SLV_20250716T071912,HARMONIZED,95a810b0605a3cb49b7834be4fcef2f61b79a24e596709a1134aaaba8afe6a4b,sentinel2,c44276c35392700bab131e18e24a4cea5af4fd3c0c60427f3639e262e782a68c,COPERNICUS/S2_SR_HARMONIZED/20250716T041611_20250716T042429_T47SLV,None,1752640134156,2025-08-15,2025-07-16,2025
AOI-03,57ca12641709501bb5f30118c491acefed62396c209537573d7eed1d5b0cca15,COPERNICUS/S2_SR_HARMONIZED,2025-07-21T04:28:33.583000+00:00,45.330852,,b21c8cc7f3d4d35e1db4dfa1c8245ff10ba657c0a0a001992b552808766cc49b,True,source-scenes-v1,47SLV,2025-07-31,Sentinel-2,05.11,05.11,S2B_MSIL2A_20250721T041549_N0511_R090_T47SLV_20250721T062743,HARMONIZED,95a810b0605a3cb49b7834be4fcef2f61b79a24e596709a1134aaaba8afe6a4b,sentinel2,c44276c35392700bab131e18e24a4cea5af4fd3c0c60427f3639e262e782a68c,COPERNICUS/S2_SR_HARMONIZED/20250721T041549_20250721T042534_T47SLV,None,1753072113583,2025-08-15,2025-07-16,2025
AOI-03,57ca12641709501bb5f30118c491acefed62396c209537573d7eed1d5b0cca15,COPERNICUS/S2_SR_HARMONIZED,2025-07-26T04:28:53.287000+00:00,16.126081,,b21c8cc7f3d4d35e1db4dfa1c8245ff10ba657c0a0a001992b552808766cc49b,True,source-scenes-v1,47SLV,2025-07-31,Sentinel-2,05.11,05.11,S2C_MSIL2A_20250726T041611_N0511_R090_T47SLV_20250726T080615,HARMONIZED,95a810b0605a3cb49b7834be4fcef2f61b79a24e596709a1134aaaba8afe6a4b,sentinel2,c44276c35392700bab131e18e24a4cea5af4fd3c0c60427f3639e262e782a68c,COPERNICUS/S2_SR_HARMONIZED/20250726T041611_20250726T041910_T47SLV,None,1753504133287,2025-08-15,2025-07-16,2025
AOI-03,57ca12641709501bb5f30118c491acefed62396c209537573d7eed1d5b0cca15,COPERNICUS/S2_SR_HARMONIZED,2025-07-28T04:28:49.286000+00:00,53.628683,,b21c8cc7f3d4d35e1db4dfa1c8245ff10ba657c0a0a001992b552808766cc49b,True,source-scenes-v1,47SLV,2025-07-31,Sentinel-2,05.11,05.11,S2A_MSIL2A_20250728T042221_N0511_R090_T47SLV_20250728T070613,HARMONIZED,95a810b0605a3cb49b7834be4fcef2f61b79a24e596709a1134aaaba8afe6a4b,sentinel2,c44276c35392700bab131e18e24a4cea5af4fd3c0c60427f3639e262e782a68c,COPERNICUS/S2_SR_HARMONIZED/20250728T042221_20250728T042224_T47SLV,None,1753676929286,2025-08-15,2025-07-16,2025
AOI-03,57ca12641709501bb5f30118c491acefed62396c209537573d7eed1d5b0cca15,COPERNICUS/S2_SR_HARMONIZED,2025-08-10T04:28:32.826000+00:00,26.895535,,b21c8cc7f3d4d35e1db4dfa1c8245ff10ba657c0a0a001992b552808766cc49b,True,source-scenes-v1,47SLV,2025-07-31,Sentinel-2,05.11,05.11,S2B_MSIL2A_20250810T041549_N0511_R090_T47SLV_20250810T063439,HARMONIZED,95a810b0605a3cb49b7834be4fcef2f61b79a24e596709a1134aaaba8afe6a4b,sentinel2,c44276c35392700bab131e18e24a4cea5af4fd3c0c60427f3639e262e782a68c,COPERNICUS/S2_SR_HARMONIZED/20250810T041549_20250810T042533_T47SLV,None,1754800112826,2025-08-15,2025-07-16,2025
AOI-03,57ca12641709501bb5f30118c491acefed62396c209537573d7eed1d5b0cca15,COPERNICUS/S2_SR_HARMONIZED,2025-08-15T04:28:50.191000+00:00,33.3359,,b21c8cc7f3d4d35e1db4dfa1c8245ff10ba657c0a0a001992b552808766cc49b,True,source-scenes-v1,47SLV,2025-07-31,Sentinel-2,05.11,05.11,S2C_MSIL2A_20250815T041611_N0511_R090_T47SLV_20250815T072412,HARMONIZED,95a810b0605a3cb49b7834be4fcef2f61b79a24e596709a1134aaaba8afe6a4b,sentinel2,c44276c35392700bab131e18e24a4cea5af4fd3c0c60427f3639e262e782a68c,COPERNICUS/S2_SR_HARMONIZED/20250815T041611_20250815T042508_T47SLV,None,1755232130191,2025-08-15,2025-07-16,2025
AOI-03,57ca12641709501bb5f30118c491acefed62396c209537573d7eed1d5b0cca15,COPERNICUS/S2_SR_HARMONIZED,2025-07-06T04:28:53.463000+00:00,26.537499,OUTSIDE_NOMINAL_WINDOW,b21c8cc7f3d4d35e1db4dfa1c8245ff10ba657c0a0a001992b552808766cc49b,False,source-scenes-v1,47SLV,2025-08-10,Sentinel-2,05.11,05.11,S2C_MSIL2A_20250706T041611_N0511_R090_T47SLV_20250706T075617,HARMONIZED,80e7063cbce466ba7428d5d47e6b539d770881cb8075a94fd70bed0c885de13b,sentinel2,0d182d7f698d152bbda85bf0eb6d2640d6647876fbd359deb6870293933f4ed1,COPERNICUS/S2_SR_HARMONIZED/20250706T041611_20250706T041914_T47SLV,None,1751776133463,2025-08-25,2025-07-26,2025
AOI-03,57ca12641709501bb5f30118c491acefed62396c209537573d7eed1d5b0cca15,COPERNICUS/S2_SR_HARMONIZED,2025-07-08T04:28:49.542000+00:00,6.790724,OUTSIDE_NOMINAL_WINDOW,b21c8cc7f3d4d35e1db4dfa1c8245ff10ba657c0a0a001992b552808766cc49b,False,source-scenes-v1,47SLV,2025-08-10,Sentinel-2,05.11,05.11,S2A_MSIL2A_20250708T042221_N0511_R090_T47SLV_20250708T064920,HARMONIZED,80e7063cbce466ba7428d5d47e6b539d770881cb8075a94fd70bed0c885de13b,sentinel2,0d182d7f698d152bbda85bf0eb6d2640d6647876fbd359deb6870293933f4ed1,COPERNICUS/S2_SR_HARMONIZED/20250708T042221_20250708T042224_T47SLV,None,1751948929542,2025-08-25,2025-07-26,2025
AOI-03,57ca12641709501bb5f30118c491acefed62396c209537573d7eed1d5b0cca15,COPERNICUS/S2_SR_HARMONIZED,2025-07-11T04:28:34.484000+00:00,48.44327,OUTSIDE_NOMINAL_WINDOW,b21c8cc7f3d4d35e1db4dfa1c8245ff10ba657c0a0a001992b552808766cc49b,False,source-scenes-v1,47SLV,2025-08-10,Sentinel-2,05.11,05.11,S2B_MSIL2A_20250711T041549_N0511_R090_T47SLV_20250711T062513,HARMONIZED,80e7063cbce466ba7428d5d47e6b539d770881cb8075a94fd70bed0c885de13b,sentinel2,0d182d7f698d152bbda85bf0eb6d2640d6647876fbd359deb6870293933f4ed1,COPERNICUS/S2_SR_HARMONIZED/20250711T041549_20250711T042427_T47SLV,None,1752208114484,2025-08-25,2025-07-26,2025
AOI-03,57ca12641709501bb5f30118c491acefed62396c209537573d7eed1d5b0cca15,COPERNICUS/S2_SR_HARMONIZED,2025-07-16T04:28:54.156000+00:00,13.550566,OUTSIDE_NOMINAL_WINDOW,b21c8cc7f3d4d35e1db4dfa1c8245ff10ba657c0a0a001992b552808766cc49b,False,source-scenes-v1,47SLV,2025-08-10,Sentinel-2,05.11,05.11,S2C_MSIL2A_20250716T041611_N0511_R090_T47SLV_20250716T071912,HARMONIZED,80e7063cbce466ba7428d5d47e6b539d770881cb8075a94fd70bed0c885de13b,sentinel2,0d182d7f698d152bbda85bf0eb6d2640d6647876fbd359deb6870293933f4ed1,COPERNICUS/S2_SR_HARMONIZED/20250716T041611_20250716T042429_T47SLV,None,1752640134156,2025-08-25,2025-07-26,2025
AOI-03,57ca12641709501bb5f30118c491acefed62396c209537573d7eed1d5b0cca15,COPERNICUS/S2_SR_HARMONIZED,2025-07-21T04:28:33.583000+00:00,45.330852,OUTSIDE_NOMINAL_WINDOW,b21c8cc7f3d4d35e1db4dfa1c8245ff10ba657c0a0a001992b552808766cc49b,False,source-scenes-v1,47SLV,2025-08-10,Sentinel-2,05.11,05.11,S2B_MSIL2A_20250721T041549_N0511_R090_T47SLV_20250721T062743,HARMONIZED,80e7063cbce466ba7428d5d47e6b539d770881cb8075a94fd70bed0c885de13b,sentinel2,0d182d7f698d152bbda85bf0eb6d2640d6647876fbd359deb6870293933f4ed1,COPERNICUS/S2_SR_HARMONIZED/20250721T041549_20250721T042534_T47SLV,None,1753072113583,2025-08-25,2025-07-26,2025
AOI-03,57ca12641709501bb5f30118c491acefed62396c209537573d7eed1d5b0cca15,COPERNICUS/S2_SR_HARMONIZED,2025-07-26T04:28:53.287000+00:00,16.126081,,b21c8cc7f3d4d35e1db4dfa1c8245ff10ba657c0a0a001992b552808766cc49b,True,source-scenes-v1,47SLV,2025-08-10,Sentinel-2,05.11,05.11,S2C_MSIL2A_20250726T041611_N0511_R090_T47SLV_20250726T080615,HARMONIZED,80e7063cbce466ba7428d5d47e6b539d770881cb8075a94fd70bed0c885de13b,sentinel2,0d182d7f698d152bbda85bf0eb6d2640d6647876fbd359deb6870293933f4ed1,COPERNICUS/S2_SR_HARMONIZED/20250726T041611_20250726T041910_T47SLV,None,1753504133287,2025-08-25,2025-07-26,2025
AOI-03,57ca12641709501bb5f30118c491acefed62396c209537573d7eed1d5b0cca15,COPERNICUS/S2_SR_HARMONIZED,2025-07-28T04:28:49.286000+00:00,53.628683,,b21c8cc7f3d4d35e1db4dfa1c8245ff10ba657c0a0a001992b552808766cc49b,True,source-scenes-v1,47SLV,2025-08-10,Sentinel-2,05.11,05.11,S2A_MSIL2A_20250728T042221_N0511_R090_T47SLV_20250728T070613,HARMONIZED,80e7063cbce466ba7428d5d47e6b539d770881cb8075a94fd70bed0c885de13b,sentinel2,0d182d7f698d152bbda85bf0eb6d2640d6647876fbd359deb6870293933f4ed1,COPERNICUS/S2_SR_HARMONIZED/20250728T042221_20250728T042224_T47SLV,None,1753676929286,2025-08-25,2025-07-26,2025
AOI-03,57ca12641709501bb5f30118c491acefed62396c209537573d7eed1d5b0cca15,COPERNICUS/S2_SR_HARMONIZED,2025-08-10T04:28:32.826000+00:00,26.895535,,b21c8cc7f3d4d35e1db4dfa1c8245ff10ba657c0a0a001992b552808766cc49b,True,source-scenes-v1,47SLV,2025-08-10,Sentinel-2,05.11,05.11,S2B_MSIL2A_20250810T041549_N0511_R090_T47SLV_20250810T063439,HARMONIZED,80e7063cbce466ba7428d5d47e6b539d770881cb8075a94fd70bed0c885de13b,sentinel2,0d182d7f698d152bbda85bf0eb6d2640d6647876fbd359deb6870293933f4ed1,COPERNICUS/S2_SR_HARMONIZED/20250810T041549_20250810T042533_T47SLV,None,1754800112826,2025-08-25,2025-07-26,2025
AOI-03,57ca12641709501bb5f30118c491acefed62396c209537573d7eed1d5b0cca15,COPERNICUS/S2_SR_HARMONIZED,2025-08-15T04:28:50.191000+00:00,33.3359,,b21c8cc7f3d4d35e1db4dfa1c8245ff10ba657c0a0a001992b552808766cc49b,True,source-scenes-v1,47SLV,2025-08-10,Sentinel-2,05.11,05.11,S2C_MSIL2A_20250815T041611_N0511_R090_T47SLV_20250815T072412,HARMONIZED,80e7063cbce466ba7428d5d47e6b539d770881cb8075a94fd70bed0c885de13b,sentinel2,0d182d7f698d152bbda85bf0eb6d2640d6647876fbd359deb6870293933f4ed1,COPERNICUS/S2_SR_HARMONIZED/20250815T041611_20250815T042508_T47SLV,None,1755232130191,2025-08-25,2025-07-26,2025
